short_name,club_name,nationality_name,club_jersey_number,player_positions,preferred_foot,height_cm,age,overall,seleccion,pace,shooting,passing,dribbling,defending,physic,attacking_crossing,attacking_finishing,attacking_heading_accuracy,attacking_short_passing,attacking_volleys,skill_dribbling,skill_curve,skill_fk_accuracy,skill_long_passing,skill_ball_control,movement_acceleration,movement_sprint_speed,movement_agility,movement_reactions,movement_balance,power_shot_power,power_jumping,power_stamina,power_strength,power_long_shots,mentality_aggression,mentality_interceptions,mentality_positioning,mentality_vision,mentality_penalties,mentality_composure,defending_marking_awareness,defending_standing_tackle,defending_sliding_tackle,goalkeeping_diving,goalkeeping_handling,goalkeeping_kicking,goalkeeping_positioning,goalkeeping_reflexes,goalkeeping_speed,league_name
Y. Furukawa,Darmstadt,Japón,44,"RM, LW, RW",Right,174,23,60,,67,54,59,61,40,55,59,52,50,63,53,63,58,56,54,59,65,68,65,58,57,56,47,59,54,56,54,39,52,59,52,57,39,39,37,10,12,14,13,6,11,2. Bundesliga
M. Smit,Darmstadt,Países Bajos,36,ST,Right,180,23,65,,67,68,56,65,32,61,52,72,62,65,64,64,55,53,49,66,65,68,63,63,58,70,68,59,61,59,62,30,70,53,70,71,33,23,27,6,15,13,14,9,15,2. Bundesliga
F. Lakenmacher,Darmstadt,Alemania,19,ST,Right,188,26,59,,61,57,48,59,28,59,49,58,59,51,56,58,53,46,48,63,58,63,49,59,52,56,61,57,61,54,56,28,67,43,60,63,23,23,26,14,8,7,11,13,15,2. Bundesliga
I. El Kadiri,Darmstadt,Países Bajos,11,"LW, LM",Right,170,24,60,,65,59,58,66,29,50,62,58,43,62,55,67,56,57,45,68,68,63,63,57,70,62,53,56,49,60,44,30,57,56,59,58,28,25,28,12,13,14,10,11,15,2. Bundesliga
H. Lee,Darmstadt,Corea del Sur,9,ST,Right,192,25,63,Corea del Sur,66,66,54,62,31,65,53,69,66,59,65,68,54,55,43,55,62,70,60,60,56,69,67,58,70,58,59,29,68,56,65,65,32,23,25,6,9,11,13,12,9,2. Bundesliga
L. Marseiler,Darmstadt,Alemania,8,"LW, LB, LM",Left,176,29,61,,66,63,58,66,30,52,60,64,48,59,57,67,66,56,52,64,69,64,67,64,66,62,49,60,50,62,50,30,70,59,61,62,25,31,24,7,9,12,6,11,7,2. Bundesliga
N. Weißhaupt,Darmstadt,Alemania,7,"LW, RW",Right,181,25,67,,71,61,65,72,38,61,62,60,55,70,64,75,62,65,55,70,69,73,70,68,67,64,55,67,62,58,54,40,68,67,61,68,35,36,29,13,12,11,14,7,7,2. Bundesliga
M. Richter,Darmstadt,Alemania,5,"RW, CAM, CM",Right,176,28,66,,72,64,63,69,35,56,67,64,52,64,63,71,69,60,56,68,73,72,74,61,70,66,52,66,56,63,45,33,67,61,57,62,37,33,26,12,15,14,15,14,9,2. Bundesliga
M. Merx,Darmstadt,Alemania,48,"RW, ST",Right,170,18,55,,63,52,52,56,23,48,53,52,41,52,51,55,61,48,48,54,64,63,67,49,66,48,48,57,45,53,45,27,54,53,56,51,20,20,18,11,14,11,11,6,14,2. Bundesliga
L. Duijvestijn,Darmstadt,Países Bajos,41,"CAM, CM",Right,190,27,63,,64,60,62,67,36,58,60,57,56,65,61,68,66,57,56,69,65,64,61,58,63,65,54,62,58,61,53,37,65,66,62,61,37,31,28,6,13,15,11,10,7,2. Bundesliga
W. Mikelbrencis,Darmstadt,Francia,25,"RM, RB",Right,179,22,68,,73,62,68,70,50,63,69,59,54,73,67,72,70,61,59,70,74,72,63,66,73,66,64,72,59,61,62,49,64,66,65,67,54,48,45,6,12,13,11,13,14,2. Bundesliga
C. Sickinger,Darmstadt,Alemania,23,"CDM, CM",Right,185,29,58,,49,49,54,53,59,63,45,44,53,59,41,51,47,45,58,55,52,47,45,55,54,57,63,61,63,55,66,65,56,54,43,61,53,64,56,10,6,6,14,15,14,2. Bundesliga
L. Kehl,Darmstadt,Alemania,22,"CAM, LW",Left,178,24,60,,60,61,61,65,34,53,51,64,49,64,57,68,63,58,60,63,59,60,64,55,55,61,49,61,50,57,50,34,61,65,53,69,36,30,27,14,6,12,8,6,8,2. Bundesliga
M. Papela,Darmstadt,Alemania,21,"CM, CDM",Right,174,25,62,,62,57,65,57,52,60,60,54,51,64,57,58,62,53,70,55,61,63,57,61,65,57,50,60,63,63,54,54,63,70,53,58,51,51,56,10,11,7,12,11,15,2. Bundesliga
K. Klefisch,Darmstadt,Alemania,17,"CDM, CB",Left,180,26,70,,63,60,65,67,72,71,64,54,65,69,54,66,63,59,65,69,64,63,60,71,65,68,69,70,70,66,75,72,59,60,56,68,73,74,71,8,6,11,14,15,10,2. Bundesliga
H. Akiyama,Darmstadt,Japón,16,"CDM, CM",Right,176,25,69,,64,61,65,66,70,72,62,55,64,72,53,65,59,60,60,66,62,65,67,63,75,72,69,73,71,70,73,72,53,64,56,74,72,69,72,8,6,13,9,10,12,2. Bundesliga
T. Kempe,Darmstadt,Alemania,11,"RM, RW",Right,184,37,62,,60,58,60,61,42,57,64,56,55,58,56,59,61,60,55,62,60,60,63,63,59,60,58,63,57,59,49,43,62,61,53,69,43,38,36,10,9,14,9,6,10,2. Bundesliga
N. Verkooijen,Darmstadt,Bélgica,10,"CAM, CM, RW",Right,184,19,61,,64,60,61,66,36,50,63,59,48,60,57,66,53,63,61,70,63,65,62,60,54,57,53,56,50,62,42,36,65,62,62,59,34,35,32,15,8,14,8,6,10,2. Bundesliga
F. Kleinhansl,Darmstadt,Alemania,3,"LB, LM",Right,180,26,61,,69,46,57,58,56,58,61,41,49,60,42,58,46,45,60,59,71,67,61,52,58,55,61,64,53,48,61,56,54,51,42,60,52,59,62,12,11,14,10,12,12,2. Bundesliga
Y. Lührs,Darmstadt,Alemania,49,CB,Right,190,23,62,,58,43,53,50,64,67,51,40,66,61,34,47,39,42,57,50,57,58,47,65,54,57,63,60,70,39,70,64,36,44,42,59,62,67,56,6,7,15,10,13,8,2. Bundesliga
M. Pfister,Darmstadt,Alemania,49,"LB, RB",Left,193,19,61,,70,46,54,58,58,63,57,44,61,54,38,57,55,48,52,60,68,71,61,51,56,50,64,61,65,49,61,55,50,54,45,58,57,60,61,9,14,7,15,15,7,2. Bundesliga
T. Arnold,Darmstadt,Alemania,46,"LB, RB",Right,182,20,60,,68,46,55,56,60,58,62,42,56,56,41,55,50,49,53,57,67,69,63,56,54,53,63,60,58,47,55,59,49,52,43,51,60,63,53,15,15,14,11,6,9,2. Bundesliga
F. Holland,Darmstadt,Alemania,32,"LB, CB",Right,172,36,64,,61,50,62,63,62,65,69,46,59,63,41,65,51,48,61,58,60,61,66,60,70,57,58,70,62,54,67,61,56,58,43,63,68,57,61,13,7,15,12,6,11,2. Bundesliga
C. Lannert,Darmstadt,Alemania,28,RB,Left,180,28,58,,65,44,52,55,53,57,57,42,52,53,38,53,50,45,51,56,65,65,63,53,51,50,56,62,53,40,61,52,49,48,48,54,55,49,61,9,13,13,12,8,14,2. Bundesliga
M. Bader,Darmstadt,Alemania,26,RB,Left,176,29,59,,61,45,56,53,57,57,63,40,52,58,42,51,53,46,55,54,63,60,59,53,58,52,60,60,56,47,56,60,55,50,43,54,56,57,59,6,13,11,15,14,15,2. Bundesliga
A. Vukotić,Darmstadt,Serbia,20,"CB, RB",Right,201,31,64,,57,47,53,52,68,70,50,41,74,60,43,47,41,42,59,55,59,56,53,60,47,67,71,61,76,44,66,65,36,47,49,67,65,72,68,9,9,11,10,15,15,2. Bundesliga
R. Petretta,Darmstadt,Italia,18,LB,Left,175,29,61,,66,47,55,58,57,61,58,44,51,60,43,56,52,42,57,58,67,66,66,57,63,55,53,63,61,46,62,61,54,48,45,59,56,58,58,12,12,15,7,9,8,2. Bundesliga
F. Nürnberger,Darmstadt,Bulgaria,15,LB,Left,178,27,62,,70,51,58,60,60,59,60,52,55,64,44,59,55,44,58,60,71,70,61,56,66,55,58,64,59,48,53,60,51,51,47,57,61,59,65,7,12,14,6,13,14,2. Bundesliga
M. Drešković,Darmstadt,Montenegro,14,"CB, RB",Right,191,28,58,,53,39,47,47,63,61,43,34,59,52,32,42,39,36,53,50,49,57,51,57,45,52,66,54,66,40,56,60,33,44,41,59,67,64,60,14,11,14,6,10,13,2. Bundesliga
P. Pfeiffer,Darmstadt,Ghana,6,CB,Right,196,27,67,,62,45,54,53,72,71,50,41,73,64,44,46,49,45,53,59,63,61,54,63,53,56,69,65,77,44,66,71,42,47,49,64,72,71,73,11,6,10,13,7,6,2. Bundesliga
G. Dettoni,Darmstadt,Estados Unidos,4,RB,Right,195,21,58,,66,44,54,52,57,61,61,39,58,55,34,53,49,43,56,49,67,65,56,56,52,55,61,63,64,45,53,59,45,50,48,54,58,54,58,15,6,9,10,6,11,2. Bundesliga
A. Brunst-Zöllner,Darmstadt,Alemania,30,GK,Right,195,31,64,,35,21,33,32,22,48,19,12,26,39,21,23,19,20,33,33,32,37,40,65,47,44,46,43,54,18,42,27,18,43,23,43,21,19,16,63,63,54,65,65,38,2. Bundesliga
B. Börner,Darmstadt,Alemania,24,GK,Right,187,20,58,,35,17,28,23,13,39,15,10,16,36,10,10,13,14,31,27,37,33,31,57,39,38,44,31,47,12,29,24,10,34,21,35,10,10,10,59,58,51,55,58,32,2. Bundesliga
M. Schuhen,Darmstadt,Alemania,1,GK,Right,188,33,65,,37,25,34,33,23,47,18,16,27,40,17,24,20,18,35,35,38,37,38,63,47,49,46,37,53,25,43,35,14,47,23,45,19,17,24,65,64,60,64,65,39,2. Bundesliga
C. Daferner,Dynamo Dresden,Alemania,33,"ST, CF",Right,187,28,63,,66,63,53,63,28,68,54,63,65,55,60,65,54,47,43,62,63,69,60,61,59,69,71,66,73,59,59,25,66,57,64,59,24,27,17,12,11,11,14,12,7,2. Bundesliga
S. Kutschke,Dynamo Dresden,Alemania,30,"ST, LW",Right,194,37,63,,59,66,53,59,30,65,54,66,68,57,60,55,54,50,48,63,61,58,57,65,55,70,70,55,71,61,59,29,70,49,65,67,25,27,20,12,6,7,9,7,14,2. Bundesliga
B. Bobzien,Dynamo Dresden,Alemania,20,"LW, RW",Left,176,23,66,,73,65,64,70,35,61,62,63,47,66,65,72,72,62,57,68,75,72,73,64,69,72,55,70,62,58,47,43,74,65,65,68,34,31,26,6,6,13,13,9,15,2. Bundesliga
N. Fröling,Dynamo Dresden,Suecia,16,"LW, CAM",Right,181,26,59,,66,58,59,63,27,51,59,59,46,62,56,63,62,52,53,63,68,65,66,58,59,61,52,56,51,54,43,29,62,58,53,58,26,22,21,12,11,12,10,12,10,2. Bundesliga
K. İnanoğlu,Dynamo Dresden,Turkiye,11,"RW, ST",Right,187,21,59,,69,58,56,60,28,55,60,60,48,59,59,59,59,50,47,62,67,70,60,58,53,55,55,63,53,52,48,25,62,56,62,56,31,22,19,14,15,8,8,10,12,2. Bundesliga
J. Lemmer,Dynamo Dresden,Alemania,10,"RW, LW, CAM",Right,179,26,62,,65,60,62,64,31,55,63,64,51,61,63,67,65,59,56,62,67,64,66,63,58,56,56,58,56,54,47,24,66,68,56,62,30,33,23,10,11,9,12,6,7,2. Bundesliga
V. Vermeij,Dynamo Dresden,Países Bajos,9,ST,Left,195,32,63,,61,66,56,62,30,67,53,73,70,57,65,63,59,55,50,61,61,61,59,67,60,58,65,61,73,59,58,26,63,60,63,68,26,25,23,6,10,8,12,12,7,2. Bundesliga
K. Okpala,Dynamo Dresden,Alemania,7,"ST, LW",Right,186,21,66,,64,70,56,65,32,66,54,75,70,57,66,63,59,59,57,67,59,68,70,65,56,66,71,64,69,62,58,27,73,53,72,68,34,23,26,10,7,15,14,12,13,2. Bundesliga
N. Hauptmann,Dynamo Dresden,Alemania,27,"CAM, CM",Right,176,30,64,,62,61,65,67,40,56,62,60,52,65,59,66,71,67,64,66,68,58,73,69,69,62,54,58,57,64,53,45,63,69,60,64,42,34,34,13,10,12,10,9,13,2. Bundesliga
P. Čović,Dynamo Dresden,Croacia,24,CM,Right,182,19,68,,69,63,68,66,62,65,63,62,66,71,62,62,63,59,66,71,72,66,67,65,64,67,62,67,64,61,66,65,62,73,61,63,59,62,58,8,10,10,14,10,7,2. Bundesliga
T. Raschl,Dynamo Dresden,Alemania,21,"CM, CAM",Right,177,26,62,,55,55,60,62,56,59,52,50,54,67,54,59,57,53,64,66,58,52,61,62,63,60,55,65,56,61,61,58,58,57,53,59,51,60,55,15,14,11,10,10,9,2. Bundesliga
R. Wagner,Dynamo Dresden,Alemania,18,"CDM, CM",Right,181,23,66,,55,56,65,62,67,67,58,48,63,68,55,63,52,55,68,62,57,53,61,66,53,68,65,69,66,60,68,70,60,68,56,64,64,68,67,11,10,12,8,15,12,2. Bundesliga
L. Herrmann,Dynamo Dresden,Alemania,8,"CDM, CM",Right,175,27,59,,54,51,57,57,57,62,51,46,51,60,41,57,50,43,61,57,54,54,50,63,58,61,55,68,58,53,64,61,59,60,49,57,53,60,56,12,7,9,10,6,15,2. Bundesliga
N. Rapp,Dynamo Dresden,Alemania,6,"CB, CDM, CM",Right,185,29,66,,58,49,54,55,67,68,51,47,68,63,43,47,47,47,57,61,56,59,56,69,58,61,65,64,69,48,69,71,45,45,41,62,65,67,63,10,14,14,14,12,13,2. Bundesliga
S. Straudi,Dynamo Dresden,Italia,44,"RB, LB",Right,176,27,58,,60,41,55,51,56,56,61,33,53,56,46,45,55,40,56,52,56,63,61,57,59,50,51,63,54,47,54,53,47,48,43,62,57,58,53,6,13,6,13,8,6,2. Bundesliga
F. Müller,Dynamo Dresden,Alemania,42,CB,Right,183,20,58,,55,39,45,49,63,56,42,32,58,53,30,46,39,35,48,50,51,59,48,56,52,56,59,53,58,44,53,61,30,36,41,57,65,64,59,11,8,10,11,14,11,2. Bundesliga
T. Leon Keller,Dynamo Dresden,Alemania,39,CB,Right,187,27,66,,61,47,56,55,70,69,54,45,67,64,41,51,48,45,59,56,58,63,51,66,59,57,68,63,71,46,70,66,43,47,48,67,73,70,73,13,14,13,10,13,9,2. Bundesliga
T. Neininger,Dynamo Dresden,Alemania,34,"CB, CDM",Right,183,19,61,,61,42,50,47,65,62,42,37,66,59,36,36,43,44,53,53,59,63,52,59,49,58,61,62,62,39,63,59,39,41,39,60,63,71,64,14,15,6,11,13,15,2. Bundesliga
J. Sterner,Dynamo Dresden,Alemania,32,RB,Right,180,24,63,,69,53,57,59,61,61,60,51,59,61,42,59,58,48,56,58,68,69,65,57,63,60,60,68,60,52,56,58,57,51,48,58,66,60,61,8,10,15,10,9,13,2. Bundesliga
L. Boeder,Dynamo Dresden,Alemania,29,CB,Left,189,29,59,,56,39,50,49,60,62,49,34,60,57,35,47,38,39,53,51,55,56,46,59,49,51,58,61,63,41,64,59,30,42,33,56,54,68,60,10,7,10,6,12,10,2. Bundesliga
L. Bünning,Dynamo Dresden,Alemania,23,CB,Right,187,28,58,,51,36,45,50,60,62,37,28,55,54,35,44,35,34,50,57,54,48,44,55,43,50,65,54,66,39,61,61,38,37,40,56,59,64,56,13,10,10,8,13,12,2. Bundesliga
A. Rossipal,Dynamo Dresden,Alemania,19,"LB, RB",Left,184,30,61,,66,47,55,56,60,59,63,45,51,56,43,52,57,47,54,59,65,67,64,57,58,51,58,62,59,48,56,64,52,48,50,55,61,59,60,12,12,12,7,10,9,2. Bundesliga
A. Muhamedbegović,Dynamo Dresden,Austria,17,CB,Right,186,27,57,,51,35,46,46,60,58,43,26,58,55,35,44,36,34,47,47,50,51,46,56,43,51,60,49,62,38,61,61,32,37,39,56,57,62,60,10,10,6,7,7,12,2. Bundesliga
B. Ezeh,Dynamo Dresden,Alemania,14,LB,Left,188,25,60,,65,47,58,54,60,57,65,44,56,61,39,52,52,43,55,54,62,67,54,62,59,54,61,65,57,50,48,60,49,54,44,55,58,64,61,8,11,10,15,13,9,2. Bundesliga
K. Schmidt,Dynamo Dresden,Alemania,4,"CB, LB",Right,187,24,66,,63,46,57,56,68,67,57,40,65,67,41,55,45,43,62,57,63,63,53,65,58,61,76,61,70,46,67,68,39,44,48,61,63,73,69,13,12,10,13,11,8,2. Bundesliga
M. Grafe,Dynamo Dresden,Alemania,45,GK,Left,187,20,60,,37,18,30,30,16,41,15,10,19,39,10,22,10,17,32,33,37,37,33,55,42,43,47,30,49,16,32,20,10,38,21,37,17,13,16,69,60,54,62,61,41,2. Bundesliga
E. Bethke,Dynamo Dresden,Alemania,40,GK,Right,191,23,63,,42,21,29,30,20,48,15,15,20,33,10,22,13,23,38,31,44,41,36,55,41,43,51,38,57,19,36,25,12,34,21,43,18,20,15,60,63,56,60,70,42,2. Bundesliga
D. Mesenhöler,Dynamo Dresden,Alemania,37,GK,Right,187,31,56,,27,16,24,25,16,42,10,10,13,28,10,13,10,10,29,29,28,27,34,53,40,38,45,31,51,10,35,21,10,35,14,38,18,15,10,62,54,53,55,54,31,2. Bundesliga
L. Grill,Dynamo Dresden,Alemania,22,GK,Right,191,27,59,,33,16,26,24,16,41,14,10,22,30,11,13,10,13,28,25,32,34,32,57,37,37,51,31,48,13,33,24,11,39,18,38,13,11,15,58,53,53,63,61,40,2. Bundesliga
T. Schreiber,Dynamo Dresden,Alemania,1,GK,Right,191,24,65,,37,27,36,35,24,48,21,22,32,46,13,25,20,23,34,38,34,39,42,62,46,48,57,43,56,24,33,28,17,41,24,43,22,24,14,68,60,55,60,68,41,2. Bundesliga
R. Tachie,Magdeburg,Alemania,29,RW,Right,180,27,60,,70,59,57,64,31,55,59,58,48,58,57,68,59,56,48,60,69,71,64,62,60,63,50,58,55,56,51,28,67,62,58,60,31,30,26,12,10,14,12,13,11,2. Bundesliga
B. Atik,Magdeburg,Turkiye,23,"LW, CAM",Left,169,31,65,,73,65,60,70,35,55,61,64,46,58,56,68,64,58,55,72,70,75,76,69,70,65,53,72,50,68,47,36,67,64,60,66,37,30,33,9,7,6,6,6,12,2. Bundesliga
M. Żukowski,Magdeburg,Polonia,22,"ST, LW",Right,185,24,66,Polonia,67,67,56,65,36,66,59,70,71,61,68,64,57,55,47,68,66,67,67,68,58,69,63,65,71,60,56,29,71,49,63,61,35,35,25,9,12,9,8,8,14,2. Bundesliga
K. Manthey,Magdeburg,Alemania,20,ST,Left,182,19,59,,63,61,48,57,25,57,47,65,64,50,60,61,46,43,41,54,60,65,58,53,53,61,59,58,60,53,48,18,64,50,55,61,23,20,18,9,13,8,11,6,13,2. Bundesliga
C. Lee,Magdeburg,Corea del Sur,18,LW,Left,177,19,61,,69,60,58,65,30,56,57,61,49,59,56,70,63,54,55,62,69,69,66,54,60,59,55,65,55,58,49,32,62,61,56,57,26,28,27,15,15,10,14,9,10,2. Bundesliga
R. Šimić,Magdeburg,Croacia,9,"ST, LW",Right,190,23,66,,66,68,57,62,32,69,54,70,71,62,71,59,58,57,50,64,67,65,66,61,56,71,68,63,74,59,65,30,72,56,68,65,28,28,26,6,7,10,12,15,10,2. Bundesliga
E. Iyoha,Magdeburg,Alemania,8,"RW, LW, CAM",Right,191,28,62,,67,59,60,65,32,56,60,58,59,59,51,62,61,58,56,69,66,68,66,69,62,63,58,59,60,58,43,28,65,64,62,62,35,24,32,6,14,8,10,7,6,2. Bundesliga
A. Marušić,Magdeburg,Montenegro,12,"ST, LW",Right,185,27,60,,62,60,49,58,29,58,45,62,63,55,55,54,49,51,40,63,60,64,53,68,54,63,57,56,60,55,54,27,62,50,62,57,24,25,24,13,7,6,9,9,11,2. Bundesliga
L. Hyryläinen,Magdeburg,Finlandia,38,"CM, CDM",Left,197,22,67,,62,61,68,65,59,70,65,59,67,74,60,65,66,58,72,68,61,63,64,60,55,59,61,76,70,67,66,64,63,60,56,70,52,60,62,14,7,12,11,13,15,2. Bundesliga
M. Baars,Magdeburg,Alemania,35,CM,Left,178,19,57,,57,52,56,57,50,54,50,49,46,60,46,60,52,49,59,57,55,59,52,53,56,54,49,62,53,59,47,52,49,53,50,55,51,49,45,8,7,11,11,6,13,2. Bundesliga
L. Mergner,Magdeburg,Alemania,33,CM,Left,182,20,59,,58,51,63,60,55,62,55,47,47,69,50,58,52,57,64,64,63,54,59,54,54,60,50,64,66,54,55,56,49,62,50,54,57,59,45,12,14,9,12,6,10,2. Bundesliga
P. Nadjombe,Magdeburg,Togo,28,"RM, RB, RW",Right,180,23,58,,64,53,55,57,37,52,64,55,46,50,52,58,56,58,53,54,60,68,63,57,62,54,49,62,48,49,49,38,56,55,50,54,36,35,32,10,15,12,6,12,6,2. Bundesliga
D. Yoon,Magdeburg,Corea del Sur,27,"RB, CAM",Right,172,19,61,,65,47,58,60,56,60,67,43,44,59,43,61,52,48,58,58,63,67,63,55,66,56,60,67,55,48,62,61,43,51,45,54,53,58,58,7,15,15,12,12,6,2. Bundesliga
T. Müsel,Magdeburg,Alemania,26,"CDM, CM, CAM",Right,185,27,58,,53,47,55,55,61,66,48,42,58,60,38,55,44,50,56,55,54,52,53,61,53,54,60,60,71,51,60,66,52,55,42,59,64,56,61,6,13,6,8,6,13,2. Bundesliga
F. Michel,Magdeburg,Alemania,21,"CM, CDM",Right,186,25,63,,61,60,62,65,55,62,56,57,55,66,53,64,57,55,68,66,60,61,64,67,59,63,58,64,64,64,58,59,62,61,57,64,48,60,49,10,6,14,8,15,15,2. Bundesliga
T. Reitz,Magdeburg,Alemania,14,"CM, CDM",Left,189,22,57,,56,51,59,57,49,57,52,49,52,62,47,60,52,52,61,57,60,53,48,64,54,55,55,54,59,51,54,47,53,61,47,54,50,50,46,11,14,15,9,14,7,2. Bundesliga
F. Chávez,Magdeburg,Perú,11,"CAM, CM",Right,177,19,65,,69,63,64,68,36,56,64,61,47,64,58,70,66,61,61,68,74,65,70,65,65,65,56,65,56,68,46,39,67,68,60,62,35,33,28,14,9,7,13,6,7,2. Bundesliga
M. Kwarteng,Magdeburg,Alemania,10,"CM, LW",Right,175,28,64,,62,61,66,68,56,64,66,62,53,66,52,69,58,57,70,72,67,58,59,64,65,62,57,71,64,60,58,56,60,66,59,66,59,55,54,6,12,7,11,7,9,2. Bundesliga
T. Chahed,Magdeburg,Alemania,24,RW,Right,184,30,58,,68,57,57,63,28,53,56,58,43,60,56,66,53,51,50,64,64,72,58,55,59,56,52,54,57,53,44,29,65,60,51,53,30,24,17,14,6,13,11,10,6,2. Bundesliga
L. Musonda,Magdeburg,Zambia,19,"LB, RM, RB",Right,171,31,62,,67,47,57,59,63,58,60,42,54,58,40,55,52,50,52,60,67,67,65,57,63,59,60,67,52,48,61,68,48,59,47,63,62,67,56,9,13,13,13,8,13,2. Bundesliga
A. Nollenberger,Magdeburg,Alemania,17,"LB, LM, RW",Left,180,29,62,,67,47,56,62,61,60,60,42,59,58,44,62,53,45,54,62,64,69,64,58,61,54,60,68,58,51,55,59,51,54,47,58,63,59,68,6,7,11,12,9,6,2. Bundesliga
D. Heber,Magdeburg,Alemania,15,CB,Right,182,32,58,,51,37,46,47,62,61,47,31,60,50,33,43,36,38,51,45,50,51,50,57,57,54,57,55,64,35,61,60,35,38,38,60,63,63,60,15,7,14,10,14,10,2. Bundesliga
H. Bockhorn,Magdeburg,Uganda,7,"RB, LB",Right,177,31,61,Uganda,63,48,56,56,60,58,62,43,49,59,45,52,48,42,55,56,63,63,67,60,60,57,59,64,55,53,58,65,48,50,41,61,60,59,64,9,13,10,6,11,8,2. Bundesliga
P. Jaeckel,Magdeburg,Alemania,6,"CB, CDM",Left,188,28,62,,56,39,50,49,64,61,49,31,61,54,38,43,44,41,56,53,54,58,50,54,49,59,66,56,62,40,64,64,35,42,37,53,69,61,60,11,12,10,9,13,10,2. Bundesliga
T. Müller,Magdeburg,Alemania,5,CB,Left,188,32,66,,59,46,56,56,71,71,52,39,73,62,38,48,44,43,54,63,56,61,56,64,55,62,66,65,73,47,73,66,41,56,46,63,71,74,68,11,10,14,7,14,12,2. Bundesliga
E. Džogović,Magdeburg,Luxemburgo,4,"RM, RW",Right,180,23,59,Luxemburgo,66,55,58,60,42,53,57,56,45,63,49,60,54,57,52,62,69,63,62,51,60,58,48,62,52,53,47,42,57,56,48,57,41,44,35,10,11,11,14,8,10,2. Bundesliga
A. MacNulty,Magdeburg,Irlanda,3,"CB, LB",Right,187,23,66,,64,47,53,52,69,70,53,39,63,57,47,47,43,46,58,53,61,67,54,61,54,65,74,62,74,47,67,76,42,47,46,64,70,68,60,6,9,15,12,11,9,2. Bundesliga
S. Loric,Magdeburg,Francia,2,RM,Right,183,26,62,,64,56,63,64,45,60,64,56,51,68,57,63,57,55,52,64,62,65,65,64,65,60,60,65,58,55,57,46,56,64,50,60,47,42,38,12,8,12,10,14,8,2. Bundesliga
R. Kampa,Magdeburg,Alemania,40,GK,Right,188,21,58,,29,18,26,25,15,42,14,10,19,31,10,12,10,12,29,29,26,32,38,58,37,46,47,35,49,10,32,22,10,37,20,39,14,10,14,61,55,46,57,58,34,2. Bundesliga
N. Kruth,Magdeburg,Alemania,30,GK,Right,186,23,58,,35,18,26,25,17,40,13,10,20,30,10,12,10,15,30,29,34,35,34,56,33,41,45,32,48,15,29,24,13,35,21,40,16,14,11,60,57,56,62,61,37,2. Bundesliga
D. Reimann,Magdeburg,Alemania,1,GK,Right,186,29,65,,45,22,34,31,24,47,19,15,23,40,17,17,14,22,34,34,44,45,42,58,43,40,51,38,54,19,38,30,18,47,25,56,24,21,21,67,66,57,64,67,39,2. Bundesliga
J. Ponente,Karlsruher SC,Italia,37,RW,Right,168,19,60,,69,56,59,62,30,51,62,53,42,59,59,63,62,55,53,60,68,70,69,59,70,60,44,63,49,59,45,34,61,61,55,53,30,24,27,8,13,10,6,8,7,2. Bundesliga
J. Meyer,Karlsruher SC,Alemania,27,RW,Right,175,17,60,,71,56,58,62,29,52,63,52,50,57,58,60,59,50,57,64,70,72,65,55,65,61,52,67,49,57,41,28,61,59,57,59,29,26,23,7,7,11,7,10,12,2. Bundesliga
L. Ben Farhat,Karlsruher SC,Túnez,19,"ST, LW",Left,175,20,73,,77,74,64,70,39,70,61,77,70,68,76,68,67,67,58,72,75,79,70,68,69,65,72,70,72,74,67,38,72,63,81,75,36,35,34,9,6,13,6,15,7,2. Bundesliga
E. Laghrissi,Karlsruher SC,Alemania,17,ST,Right,188,18,60,,65,65,48,58,28,61,43,70,62,52,63,57,49,48,44,60,63,66,57,64,54,62,65,59,65,58,54,22,60,47,59,55,24,26,24,11,12,12,11,10,7,2. Bundesliga
S. Fukuda,Karlsruher SC,Japón,13,ST,Left,178,22,60,,60,63,49,56,26,56,45,65,59,51,64,53,48,52,46,56,59,61,56,64,58,62,63,57,56,60,55,20,64,51,61,60,25,24,14,9,10,13,10,10,14,2. Bundesliga
M. Broschinski,Karlsruher SC,Alemania,9,"ST, CF",Right,190,26,63,,66,64,55,60,27,63,54,68,69,60,64,55,58,52,51,65,68,64,56,62,56,61,65,60,67,59,58,30,70,51,61,65,23,17,23,12,12,7,15,7,15,2. Bundesliga
R. Pinto Pedrosa,Karlsruher SC,Alemania,36,"RM, RB, RW",Right,180,19,68,,78,65,68,69,50,64,70,65,51,68,62,72,67,61,67,69,79,78,70,65,62,64,60,72,63,69,60,44,65,71,59,63,52,51,48,9,7,7,9,13,10,2. Bundesliga
R. Geller,Karlsruher SC,Alemania,35,CDM,Right,185,22,56,,48,47,49,50,55,60,43,44,47,52,40,52,45,41,52,48,50,47,46,57,52,55,53,62,59,48,61,57,49,51,48,55,55,55,61,6,15,8,6,9,8,2. Bundesliga
D. Zor,Karlsruher SC,Alemania,26,"CDM, CM",Left,173,19,58,,57,46,56,54,61,62,50,41,51,64,35,51,47,50,56,58,53,60,51,54,56,52,51,68,59,50,64,64,50,50,49,54,63,62,52,12,12,11,12,13,14,2. Bundesliga
L. Egloff,Karlsruher SC,Alemania,25,CM,Right,183,24,69,,63,66,72,71,61,64,69,64,58,80,62,72,69,65,66,74,62,64,59,69,64,71,58,69,63,66,62,68,68,69,62,73,58,60,63,13,7,8,9,13,7,2. Bundesliga
T. Civeja,Karlsruher SC,Alemania,23,"CDM, CAM, CM",Right,180,24,61,,55,49,58,58,62,65,48,44,55,67,45,52,47,49,59,65,59,51,51,63,54,54,60,70,65,55,62,65,51,54,54,60,64,61,58,12,13,8,14,9,12,2. Bundesliga
N. Eichinger,Karlsruher SC,Alemania,11,"CAM, LW, RW",Right,183,25,61,,61,62,65,65,33,54,59,60,43,71,58,64,65,59,60,68,65,57,65,59,63,63,47,60,55,68,45,33,66,65,51,61,29,33,33,6,6,14,8,10,8,2. Bundesliga
M. Wanitzek,Karlsruher SC,Alemania,10,"CM, CAM, LM",Right,172,33,70,,64,64,72,71,59,69,71,63,61,75,57,67,72,67,66,74,65,64,74,70,72,65,63,74,67,68,69,64,66,72,62,69,59,55,60,6,15,12,8,12,9,2. Bundesliga
K. Wiethaup,Karlsruher SC,Alemania,7,"CM, CDM",Right,175,21,56,,53,47,55,55,47,52,48,44,46,60,49,56,48,46,57,54,50,56,57,57,57,49,46,56,50,51,56,45,52,56,45,51,49,47,42,11,11,12,12,11,14,2. Bundesliga
S. Väänänen,Karlsruher SC,Finlandia,6,"CM, CDM",Right,177,24,63,Finlandia,60,58,64,64,57,63,63,54,55,67,55,63,62,49,67,67,63,58,63,61,58,67,53,67,62,60,65,58,61,64,60,60,60,55,53,8,11,6,15,9,13,2. Bundesliga
H. Kwon,Karlsruher SC,Corea del Sur,5,CM,Right,192,25,66,,65,58,66,69,57,67,59,52,63,70,52,71,69,58,66,71,66,64,58,69,57,67,63,71,68,62,62,57,64,65,62,67,54,58,57,8,10,13,12,7,6,2. Bundesliga
V. Bergh,Karlsruher SC,Suecia,33,"LB, LM",Left,172,27,59,,61,44,53,54,59,57,58,38,49,55,41,48,50,46,49,57,62,60,63,59,58,56,55,62,53,46,59,60,48,52,44,54,55,64,61,15,8,6,7,15,15,2. Bundesliga
M. Franke,Karlsruher SC,Alemania,28,CB,Right,193,33,63,,52,43,53,55,66,68,49,35,70,60,36,51,46,43,57,58,49,54,49,62,48,57,61,64,71,49,66,66,36,45,41,69,65,67,64,11,11,11,6,8,14,2. Bundesliga
S. Trémoulet,Karlsruher SC,Madagascar,24,"CB, CDM",Right,191,26,60,,57,39,50,48,62,66,43,32,64,62,38,41,40,36,53,53,58,56,42,61,47,60,63,60,69,36,65,57,33,42,37,59,64,62,64,12,7,10,8,9,10,2. Bundesliga
C. Kobald,Karlsruher SC,Austria,22,"CB, RB",Right,186,29,61,,55,43,49,52,62,61,50,39,63,57,36,48,42,39,49,56,57,54,47,62,47,55,64,64,59,44,63,58,36,38,38,55,64,61,63,8,9,6,7,8,9,2. Bundesliga
P. Scholl,Karlsruher SC,Alemania,15,CB,Left,193,20,60,,60,38,47,48,64,62,48,32,65,55,35,41,36,44,48,58,55,64,41,53,46,54,62,58,63,38,63,65,34,37,39,55,60,69,63,15,7,7,12,9,8,2. Bundesliga
M. Beifus,Karlsruher SC,Alemania,4,CB,Right,187,23,66,,62,46,54,52,69,68,51,40,73,61,44,46,44,49,57,53,60,63,53,65,57,57,66,58,73,47,66,63,46,45,44,69,69,72,69,13,9,9,15,12,15,2. Bundesliga
Héliton,Karlsruher SC,Brasil,4,"CB, RB",Right,195,30,68,,63,49,58,54,71,70,53,46,74,66,44,52,46,49,59,54,63,63,48,68,54,61,76,59,76,46,68,72,44,51,49,70,73,69,67,14,7,15,14,6,8,2. Bundesliga
D. Ofli,Karlsruher SC,Turkiye,3,LB,Right,175,19,59,,62,45,55,56,58,58,59,39,49,60,42,54,51,41,57,57,61,63,59,52,65,56,51,64,54,49,60,60,49,43,42,48,59,59,59,7,6,12,10,14,12,2. Bundesliga
S. Jung,Karlsruher SC,Alemania,2,"RB, RM, CAM",Right,179,36,62,,65,48,58,60,58,62,62,42,55,59,44,59,57,52,59,61,64,65,60,63,62,59,60,67,61,50,61,57,50,54,46,63,58,60,59,15,13,13,6,10,9,2. Bundesliga
R. Himmelmann,Karlsruher SC,Alemania,30,GK,Left,187,37,60,,25,18,31,28,19,44,18,10,13,36,12,19,15,10,34,30,28,22,34,57,42,42,49,39,48,14,38,24,10,42,17,39,16,21,16,61,60,53,59,61,41,2. Bundesliga
F. Gebert,Karlsruher SC,Alemania,18,GK,Right,184,20,58,,31,16,27,23,15,40,14,10,20,32,10,10,14,12,29,26,32,31,36,52,41,35,43,29,47,14,33,21,10,36,19,31,13,14,11,56,57,53,56,62,34,2. Bundesliga
H. Christian Bernat,Karlsruher SC,Dinamarca,1,GK,Right,192,25,65,,37,24,34,32,20,51,19,13,27,45,18,21,16,22,35,35,37,37,40,60,44,45,54,48,57,27,38,25,17,39,33,42,17,19,19,63,62,55,66,66,44,2. Bundesliga
J. Butler,Energie Cottbus,Alemania,31,"LW, ST",Left,188,25,59,,67,57,59,60,33,54,66,56,51,58,60,61,61,52,53,60,65,69,58,59,55,59,59,60,54,58,45,35,60,59,54,53,33,29,23,15,10,7,10,9,7,2. Bundesliga
E. Engelhardt,Energie Cottbus,Alemania,18,ST,Right,179,28,66,,65,70,56,63,35,66,59,71,63,57,67,62,57,54,51,62,61,69,67,64,66,70,67,62,70,66,63,31,70,56,70,73,35,31,23,9,7,11,7,8,14,2. Bundesliga
D. Bogdanov,Energie Cottbus,Ucrania,13,ST,Left,188,19,60,,64,63,52,56,30,64,51,64,64,55,62,56,47,48,41,58,62,65,54,54,50,64,67,56,69,58,59,25,65,56,61,63,30,25,18,9,13,15,7,14,8,2. Bundesliga
M. Hannemann,Energie Cottbus,Alemania,11,"RW, LW, CAM",Left,180,28,58,,62,54,56,58,30,50,59,53,43,59,60,58,62,51,48,56,64,60,67,58,60,56,48,50,52,54,43,34,65,51,47,60,27,30,23,15,15,14,15,12,12,2. Bundesliga
L. Copado,Energie Cottbus,Alemania,9,"ST, LW, CAM",Right,183,22,61,,63,62,52,58,27,64,49,64,65,60,64,58,51,50,42,56,59,67,60,66,60,62,66,54,70,56,60,27,65,51,61,61,20,23,24,15,6,8,7,6,12,2. Bundesliga
C. Kinsombi,Energie Cottbus,Alemania,7,"LW, ST",Right,177,27,57,,63,56,55,59,26,52,60,59,38,57,53,60,56,47,51,59,66,61,63,56,61,52,48,62,50,56,47,25,58,52,52,49,27,24,24,14,13,12,11,11,10,2. Bundesliga
E. Kracht,Energie Cottbus,Alemania,41,CDM,Right,175,18,58,,52,47,56,53,61,59,48,43,52,63,42,53,50,48,60,53,55,49,55,51,56,56,56,61,57,48,63,62,49,50,43,53,64,60,59,10,7,13,6,12,9,2. Bundesliga
L. Bittencourt,Energie Cottbus,Alemania,32,"CDM, CAM",Right,171,32,67,,61,58,66,64,64,68,63,55,61,71,52,63,60,55,66,63,62,60,67,69,61,63,63,72,66,60,69,66,57,62,58,68,63,67,62,14,13,12,13,7,9,2. Bundesliga
J. Boziaris,Energie Cottbus,Grecia,19,"CAM, LM, CM",Left,178,23,59,,57,59,63,62,32,49,60,58,42,63,53,61,61,56,59,63,56,58,64,61,62,61,47,59,47,59,44,30,61,69,55,54,32,31,29,15,13,6,13,14,9,2. Bundesliga
J. Guttau,Energie Cottbus,Alemania,17,"CAM, RW, RM",Right,180,26,58,,57,57,60,59,30,50,57,57,47,58,51,61,60,56,60,58,60,54,61,51,60,59,43,57,47,58,48,34,61,66,53,60,26,28,21,11,7,6,15,9,12,2. Bundesliga
F. Schubart,Energie Cottbus,Alemania,14,"CM, CDM",Right,175,19,61,,59,57,59,61,54,60,58,57,51,62,49,57,58,54,59,64,60,59,65,60,66,56,53,64,60,57,59,58,62,56,58,61,54,54,51,10,13,7,11,7,14,2. Bundesliga
T. Ciğerci,Energie Cottbus,Turkiye,10,"CM, RW, CAM",Right,180,31,61,,53,56,64,62,51,60,62,52,53,61,51,61,60,61,65,64,53,53,60,62,61,62,54,64,58,60,59,54,59,70,58,63,44,58,47,15,15,12,7,8,15,2. Bundesliga
L. Michelbrink,Energie Cottbus,Lituania,8,"CDM, CM",Left,181,21,62,,55,53,60,57,64,62,55,48,63,65,44,54,47,48,67,61,54,56,53,60,60,57,64,67,58,61,63,64,52,57,54,61,63,67,62,14,13,13,15,7,14,2. Bundesliga
J. Hofmann,Energie Cottbus,Alemania,6,CM,Right,173,29,57,,57,52,55,61,50,54,48,50,42,59,43,60,54,51,52,64,60,55,56,53,66,55,51,58,51,56,59,54,55,57,49,55,49,50,49,7,14,9,13,15,6,2. Bundesliga
D. Pelivan,Energie Cottbus,Alemania,5,"CDM, CM, CB",Right,185,30,62,,54,54,60,58,64,64,53,48,58,68,45,58,54,49,58,58,57,52,53,66,60,64,62,68,62,57,62,70,51,59,58,62,64,63,66,14,6,14,10,13,12,2. Bundesliga
F. Heidrich,Energie Cottbus,Alemania,15,CM,Right,188,19,59,,57,52,60,58,49,56,57,49,51,61,45,59,61,52,62,59,59,56,56,56,51,57,53,56,58,53,50,52,57,60,47,50,51,47,45,6,12,7,7,15,6,2. Bundesliga
J. Zaydan,Energie Cottbus,Alemania,42,LB,Left,180,19,60,,64,45,57,58,58,59,58,41,57,62,39,55,52,49,56,61,66,63,60,56,61,51,53,62,59,49,58,62,51,53,47,56,61,52,62,13,8,7,8,12,9,2. Bundesliga
A. Lucoqui,Energie Cottbus,Angola,24,LB,Left,180,29,58,,60,43,52,57,56,57,53,39,50,53,39,59,50,44,56,54,61,59,57,55,61,56,60,64,54,40,57,51,40,51,47,53,60,59,55,9,7,14,11,9,7,2. Bundesliga
F. Doumbia,Energie Cottbus,Alemania,23,CB,Right,190,21,57,,53,36,44,47,60,62,40,32,60,56,34,42,30,38,48,51,49,56,43,56,45,51,62,54,64,31,65,68,31,29,43,51,59,55,64,14,14,6,6,14,9,2. Bundesliga
L. Erlein,Energie Cottbus,Alemania,21,"RB, CB",Right,182,19,65,,74,51,64,63,62,63,68,50,53,69,49,65,55,53,56,61,73,74,66,60,63,55,63,67,62,52,62,61,53,60,48,53,62,62,73,14,12,11,7,10,10,2. Bundesliga
L. Guwara,Energie Cottbus,The Gambia,21,"LB, LM",Right,185,30,62,,64,44,58,60,63,66,64,35,64,59,41,60,54,48,58,61,63,65,59,67,60,59,59,68,66,47,63,63,49,53,49,56,67,59,63,8,11,14,8,7,7,2. Bundesliga
A. Borgmann,Energie Cottbus,Alemania,20,"LB, CDM, CM",Left,179,32,65,,68,52,61,63,63,64,63,46,60,63,47,65,62,48,67,59,69,68,67,63,69,60,60,69,61,56,66,62,59,52,47,66,64,64,66,11,6,15,15,15,12,2. Bundesliga
R. Malone,Energie Cottbus,Estados Unidos,16,CB,Right,188,34,62,,54,43,47,51,67,63,40,37,71,57,41,46,44,40,50,53,53,55,51,59,50,58,66,60,63,43,67,66,40,39,48,62,66,68,65,10,9,11,9,12,10,2. Bundesliga
T. Campulka,Energie Cottbus,Alemania,4,"CB, CDM",Right,186,27,56,,49,36,44,43,61,61,43,30,54,49,31,38,35,36,48,45,50,49,43,56,45,51,57,52,68,39,55,63,28,38,39,58,64,62,55,10,15,14,10,12,10,2. Bundesliga
H. Rorig,Energie Cottbus,Alemania,3,RB,Right,182,26,61,,67,49,58,59,60,64,62,46,49,64,45,59,52,47,54,57,68,66,65,62,59,55,60,64,65,50,61,65,51,49,43,62,58,61,59,11,8,11,15,8,6,2. Bundesliga
K. Manu,Energie Cottbus,Alemania,2,CB,Right,195,22,60,,51,42,46,48,63,64,45,37,65,54,30,42,41,32,55,52,49,53,47,63,46,59,61,58,68,44,63,62,35,32,37,58,62,63,63,13,9,8,12,10,11,2. Bundesliga
J. Awuah,Energie Cottbus,Alemania,12,"LB, LM",Left,190,19,60,,68,48,53,55,57,56,57,45,55,55,45,54,48,48,56,57,64,72,57,48,60,52,57,62,53,53,56,60,45,47,51,49,56,56,63,15,9,14,11,6,13,2. Bundesliga
M. Böhnke,Energie Cottbus,Alemania,30,GK,Right,184,23,62,,34,21,29,28,21,43,15,14,25,33,11,15,17,20,32,31,39,30,38,62,41,45,42,32,51,16,38,21,15,40,23,42,20,20,19,65,65,57,61,67,39,2. Bundesliga
K. Kratzsch,Energie Cottbus,Alemania,29,GK,Right,190,24,60,,35,17,28,26,19,40,14,10,24,35,12,12,14,12,29,32,33,36,31,57,41,37,48,36,45,17,32,20,11,36,19,47,20,16,16,61,62,50,59,60,38,2. Bundesliga
M. Lotka,Energie Cottbus,Alemania,1,GK,Left,190,25,60,,35,18,27,24,16,40,13,14,21,34,10,10,18,15,28,27,37,33,34,61,38,38,50,33,46,10,32,26,10,35,23,37,14,10,12,61,57,51,64,62,39,2. Bundesliga
A. Sebald,Energie Cottbus,Alemania,22,GK,Right,188,30,59,,32,18,28,26,16,42,13,12,17,36,10,10,12,18,28,33,31,32,33,56,41,37,44,32,50,17,35,25,10,38,20,39,14,11,14,63,59,55,57,64,38,2. Bundesliga
B. Riesselman,VfL Osnabrück,Alemania,22,"CAM, CF",Right,189,21,57,,57,56,57,58,32,52,53,55,45,62,53,60,63,55,53,58,62,53,57,58,50,56,53,49,58,58,41,37,58,56,54,59,33,26,26,10,9,9,7,10,14,2. Bundesliga
L. Opitz,VfL Osnabrück,Alemania,19,ST,Right,183,21,59,,59,61,45,58,26,60,42,62,62,50,59,54,51,47,39,60,61,58,62,64,51,68,61,49,67,55,56,21,60,44,60,59,21,23,21,13,14,13,10,9,8,2. Bundesliga
R. Meißner,VfL Osnabrück,Alemania,11,ST,Right,181,26,63,,65,65,51,60,28,62,51,67,65,51,64,57,61,51,49,61,66,64,61,64,60,68,63,61,65,60,53,22,67,51,63,68,25,27,20,15,7,10,11,7,15,2. Bundesliga
P. Kammerbauer,VfL Osnabrück,Alemania,31,"RB, RM, LB",Right,174,29,59,,66,45,55,57,57,57,61,41,53,56,42,59,52,43,59,55,68,64,64,55,58,50,60,62,54,47,59,60,51,48,46,51,53,61,58,7,9,10,12,11,10,2. Bundesliga
K. Faber,VfL Osnabrück,Alemania,28,"RB, LB",Right,176,28,60,,65,45,55,57,60,61,60,41,45,56,41,52,51,48,60,62,63,67,59,58,65,56,59,63,62,46,55,59,47,49,41,56,65,61,55,7,12,11,6,11,13,2. Bundesliga
F. Wagner,VfL Osnabrück,Alemania,26,"CDM, CM",Right,182,29,61,,54,51,58,55,62,66,51,45,68,64,50,52,43,49,62,57,60,49,56,62,51,57,59,67,67,57,62,67,51,57,54,61,58,61,64,10,14,9,10,11,7,2. Bundesliga
T. Lesueur,VfL Osnabrück,Francia,23,"LB, CAM",Right,177,26,59,,63,44,57,56,56,57,57,38,54,64,44,56,50,43,59,53,63,63,60,60,59,55,54,65,54,44,55,57,49,48,42,55,55,58,56,13,11,13,11,8,8,2. Bundesliga
A. Beck,VfL Osnabrück,Alemania,21,"CAM, CM",Right,186,29,69,,72,68,69,75,39,65,68,68,57,70,63,76,70,70,67,78,75,70,71,74,68,68,65,69,65,68,59,40,68,71,67,68,35,39,35,14,7,6,12,15,10,2. Bundesliga
L. Flach,VfL Osnabrück,Estados Unidos,18,"CDM, CM",Right,183,25,64,,61,55,62,56,66,65,56,44,64,66,48,51,54,56,67,59,61,61,59,61,61,66,67,69,63,69,64,67,54,60,59,67,67,70,56,7,12,15,11,11,13,2. Bundesliga
L. Raimund,VfL Osnabrück,Alemania,17,"CAM, RM",Right,188,21,60,,58,60,62,60,32,55,58,60,46,65,56,59,63,55,55,63,56,59,63,56,59,59,56,62,53,59,50,34,62,68,61,56,29,30,24,10,14,11,14,10,8,2. Bundesliga
B. Jacobsen,VfL Osnabrück,Dinamarca,15,"CM, CDM",Right,190,33,63,,54,57,66,65,57,68,63,50,57,70,55,65,59,59,64,66,54,54,66,63,56,63,56,68,73,67,58,59,59,65,57,58,54,59,54,9,6,12,7,15,7,2. Bundesliga
I. Badjie,VfL Osnabrück,Alemania,10,"CAM, LM, LB",Right,175,20,61,,66,63,63,67,35,49,57,63,45,64,64,66,64,62,58,69,69,63,68,56,69,60,47,59,47,66,44,36,60,70,58,60,34,34,32,14,8,6,15,9,7,2. Bundesliga
L. Münst,VfL Osnabrück,Alemania,8,"CAM, CM, CDM",Right,183,24,59,,57,58,62,62,33,54,61,58,51,63,56,61,61,54,62,65,56,58,62,60,62,57,54,55,55,60,51,39,56,61,54,58,31,28,25,13,14,8,7,10,8,2. Bundesliga
D. Kyereh,VfL Osnabrück,Ghana,7,"CM, CAM",Right,179,30,58,,59,53,59,57,52,57,54,47,49,59,54,60,54,51,63,54,62,57,58,54,55,55,57,65,53,62,55,55,55,62,54,55,51,53,47,13,12,8,12,8,10,2. Bundesliga
B. Henning,VfL Osnabrück,Alemania,6,CDM,Right,178,31,61,,49,53,58,58,62,63,51,51,59,63,45,54,54,51,60,61,46,52,57,65,59,60,59,69,60,53,64,65,55,56,52,67,60,65,56,12,9,9,8,12,7,2. Bundesliga
R. Tesche,VfL Osnabrück,Alemania,5,"CDM, CB",Right,182,39,61,,41,54,59,60,62,64,53,48,59,65,41,61,54,51,61,60,45,38,53,61,60,60,63,63,64,62,65,67,54,55,57,67,62,60,63,13,9,6,8,6,8,2. Bundesliga
J. Wensing,VfL Osnabrück,Alemania,2,RW,Right,187,22,60,,65,58,58,62,27,56,59,60,49,59,52,60,59,50,55,67,65,65,64,58,56,54,59,60,57,56,47,32,63,59,64,59,23,21,22,9,7,7,13,14,14,2. Bundesliga
J. Gómez,VfL Osnabrück,Estados Unidos,42,"LB, LM",Left,175,23,62,,67,49,57,60,61,63,60,45,49,60,46,61,55,44,56,57,66,68,61,66,65,56,60,69,62,54,57,61,49,54,42,58,64,61,62,11,6,9,7,15,8,2. Bundesliga
E. Bakatukanda,VfL Osnabrück,República Democrática del Congo,38,CB,Right,195,22,64,,60,46,53,50,68,70,47,39,67,62,36,46,41,39,56,51,58,62,49,65,52,64,72,56,78,50,66,63,40,47,43,64,75,67,63,8,6,7,7,12,9,2. Bundesliga
R. Fabinski,VfL Osnabrück,Alemania,27,CB,Right,191,23,61,,58,38,50,48,64,63,44,35,66,58,34,42,42,44,53,52,53,62,47,58,50,51,67,55,69,35,59,65,32,41,42,57,64,64,63,6,12,12,6,14,14,2. Bundesliga
N. Wiemann,VfL Osnabrück,Alemania,25,"CB, RB",Right,190,27,59,,53,37,48,45,64,63,47,33,70,54,36,42,40,37,49,46,56,50,47,52,42,47,66,57,66,39,64,62,31,41,35,59,63,67,56,12,14,14,11,11,8,2. Bundesliga
J. Müller,VfL Osnabrück,Alemania,24,"CB, CDM",Right,186,32,64,,58,46,54,54,67,66,51,41,67,64,38,47,46,42,51,59,59,58,50,68,52,59,69,62,66,47,70,68,40,48,43,68,67,68,66,9,10,14,11,12,12,2. Bundesliga
T. Janotta,VfL Osnabrück,Alemania,20,CB,Right,196,23,60,,56,43,47,49,62,65,44,39,69,53,33,49,36,38,51,49,55,56,43,61,45,61,61,56,70,39,64,60,38,42,39,54,61,63,57,11,13,6,14,8,14,2. Bundesliga
J. Abu Hanna,VfL Osnabrück,Israel,4,CB,Right,184,28,57,,52,40,44,48,61,61,44,36,60,52,33,47,39,33,48,50,54,51,44,54,44,56,58,51,65,39,63,61,33,29,36,53,61,63,60,7,6,6,11,13,13,2. Bundesliga
L. Semić,VfL Osnabrück,Alemania,16,"RB, LB",Left,169,23,57,,62,41,54,56,54,52,55,37,45,58,46,60,53,44,52,51,61,63,58,54,58,50,53,62,47,39,54,54,47,48,41,54,55,57,55,6,15,8,10,13,12,2. Bundesliga
I. Touray,VfL Osnabrück,Alemania,3,CB,Right,183,20,56,,52,35,43,46,57,56,41,29,61,46,27,40,35,33,53,51,51,52,50,52,42,48,57,54,56,35,58,58,30,35,42,56,55,59,55,6,10,8,10,15,14,2. Bundesliga
L. Böggemann,VfL Osnabrück,Alemania,36,GK,Right,195,22,58,,34,17,25,25,14,43,10,10,21,30,10,13,11,12,34,27,37,32,36,57,37,38,44,37,50,15,33,21,12,31,20,34,11,11,14,62,58,51,59,60,34,2. Bundesliga
M. Remberg,VfL Osnabrück,Alemania,35,GK,Right,189,20,60,,34,18,30,29,16,42,16,10,13,39,14,19,16,16,30,32,35,33,35,57,42,40,47,32,48,14,36,23,13,35,20,32,19,11,16,60,60,54,63,59,42,2. Bundesliga
J. Krumrey,VfL Osnabrück,Alemania,32,GK,Right,191,22,63,,35,22,31,29,21,48,17,15,20,36,11,18,17,16,36,33,36,35,32,57,44,46,53,39,57,20,36,22,13,40,27,41,18,22,22,61,63,58,63,62,38,2. Bundesliga
N. Sauter,VfL Osnabrück,Alemania,1,GK,Right,186,23,60,,30,17,26,27,18,41,14,10,22,32,10,18,15,14,27,28,27,33,38,50,41,43,53,30,47,12,37,23,10,35,15,38,14,16,20,59,60,54,61,64,39,2. Bundesliga
M. Reimers,Holstein Kiel,Alemania,22,LW,Left,175,19,60,,64,58,60,63,28,50,62,57,47,63,48,65,60,53,53,62,61,66,67,58,64,59,54,58,48,58,45,27,64,60,58,56,25,26,29,9,6,14,15,15,11,2. Bundesliga
A. Kaprálik,Holstein Kiel,Eslovaquia,20,"RW, ST, CAM",Right,175,24,67,Eslovaquia,74,66,65,70,37,57,67,69,54,66,65,66,65,62,59,73,76,73,72,72,72,66,58,61,55,59,56,37,64,67,62,69,32,36,36,6,13,13,9,11,13,2. Bundesliga
P. Harres,Holstein Kiel,Alemania,19,ST,Right,193,24,70,,71,71,62,70,36,70,60,73,78,65,72,74,63,64,56,68,74,68,63,68,65,69,72,68,74,66,63,38,75,64,69,72,31,29,26,15,14,6,14,14,10,2. Bundesliga
F. Alidou,Holstein Kiel,Alemania,17,"ST, LW",Left,186,25,63,,65,64,49,62,30,63,43,69,65,52,61,61,51,53,48,64,67,64,59,62,60,63,64,61,66,55,58,31,68,51,66,63,25,25,23,8,14,11,6,15,8,2. Bundesliga
G. de Regt,Holstein Kiel,Países Bajos,11,"LW, ST, RW",Left,176,23,68,,77,67,66,70,38,58,76,67,50,66,61,70,70,62,57,70,79,76,74,71,72,63,60,67,53,69,57,37,73,62,68,68,40,34,30,14,13,13,6,6,9,2. Bundesliga
G. Kvilitaia,Holstein Kiel,Georgia,9,ST,Right,193,33,67,,61,72,57,64,33,67,50,78,72,61,68,60,57,61,53,70,59,62,60,69,56,71,75,55,74,64,61,27,65,57,68,70,32,28,21,12,8,6,15,12,12,2. Bundesliga
H. Muqaj,Holstein Kiel,Kosovo,48,CM,Right,190,21,61,,60,53,63,62,56,60,61,52,53,68,49,64,61,55,63,64,61,60,55,60,57,56,56,65,62,56,51,57,55,59,48,55,55,59,51,8,14,13,6,6,12,2. Bundesliga
M. Richter Monserrat,Holstein Kiel,Alemania,44,CAM,Right,167,18,59,,61,59,60,62,32,50,62,59,41,59,58,64,63,58,53,62,64,59,64,53,61,58,46,55,51,61,42,29,64,67,53,56,30,33,27,15,11,13,11,7,7,2. Bundesliga
T. Wiese,Holstein Kiel,Alemania,43,CM,Right,171,18,59,,64,55,60,56,50,52,56,52,44,66,46,56,56,53,60,53,68,60,59,57,63,59,52,61,50,60,47,50,53,58,53,59,49,52,48,11,7,10,8,13,10,2. Bundesliga
T. Tasdelen,Holstein Kiel,Alemania,30,"CM, CDM",Right,179,20,57,,59,51,55,57,50,56,50,49,53,57,44,55,48,48,62,61,61,58,55,54,58,51,45,62,53,54,57,54,55,55,53,51,51,46,52,13,8,11,15,12,8,2. Bundesliga
J. Meffert,Holstein Kiel,Alemania,28,"CDM, CM",Right,186,32,65,,54,56,64,60,67,67,57,49,63,70,50,55,52,53,66,64,55,54,58,66,61,62,69,68,68,65,65,65,58,65,56,67,69,66,68,9,14,9,14,8,7,2. Bundesliga
I. Ugoh,Holstein Kiel,Alemania,27,CM,Left,178,21,63,,56,60,65,63,56,62,68,57,50,68,50,61,61,58,65,65,55,57,61,65,62,65,54,71,60,65,57,58,66,60,59,65,52,61,50,14,10,10,15,9,10,2. Bundesliga
T. Abe,Holstein Kiel,Japón,24,"CDM, CB, CM",Right,175,22,65,,59,58,64,59,68,67,59,55,60,71,54,54,55,58,68,63,58,59,62,62,59,66,61,70,65,61,69,70,57,55,56,65,66,71,69,9,10,9,15,10,6,2. Bundesliga
A. Yobel Kelati,Holstein Kiel,Alemania,16,"CAM, CM",Right,181,24,64,,61,64,65,68,36,56,65,66,53,68,63,68,64,62,59,69,63,59,71,63,65,62,55,61,58,65,47,42,65,64,60,67,27,35,36,13,13,9,8,12,13,2. Bundesliga
K. Davidsen,Holstein Kiel,Dinamarca,15,"CDM, CM, CAM",Right,191,21,65,,58,55,60,60,65,67,56,51,64,62,51,59,56,53,60,60,57,58,62,66,57,63,64,66,69,59,63,65,55,62,56,67,67,64,65,9,7,11,15,11,9,2. Bundesliga
J. Torrissen Therkelsen,Holstein Kiel,Noruega,10,"CAM, LW, LM",Left,184,23,67,,68,67,67,71,42,62,64,69,57,67,62,71,68,65,66,74,66,70,70,63,62,67,60,69,62,67,56,44,62,73,67,67,39,41,39,8,10,7,10,14,12,2. Bundesliga
G. Balzi,Holstein Kiel,Argentina,8,"CAM, RM",Right,175,25,64,,62,67,65,67,37,55,62,64,46,64,59,71,68,63,63,66,63,61,63,67,64,74,49,63,51,68,55,39,66,69,63,62,35,37,30,15,11,13,6,8,13,2. Bundesliga
S. Skrzybski,Holstein Kiel,Alemania,7,"CAM, CM",Right,173,33,63,,57,62,67,66,37,53,64,62,48,69,58,66,68,63,58,66,57,57,61,63,72,61,46,60,52,62,50,39,65,72,63,66,34,35,33,10,13,11,6,12,6,2. Bundesliga
P. Erras,Holstein Kiel,Alemania,4,CB,Right,195,31,63,,55,43,50,53,68,68,44,41,70,56,37,51,45,40,49,54,55,55,48,68,54,52,72,64,69,41,71,66,43,49,41,60,68,68,68,15,6,7,15,15,15,2. Bundesliga
J. Tolkin,Holstein Kiel,Estados Unidos,47,"LB, RB",Left,170,24,69,,74,56,63,67,66,66,71,54,55,62,53,60,67,60,62,71,72,75,73,66,78,65,60,74,63,55,66,61,53,57,58,67,70,68,74,14,13,14,8,14,8,2. Bundesliga
C. Medlin,Holstein Kiel,Alemania,46,LB,Left,186,19,61,,71,49,56,59,59,65,57,48,57,59,42,61,56,51,55,58,71,71,55,61,56,57,53,67,68,47,56,61,47,51,45,50,56,60,62,10,8,13,13,12,12,2. Bundesliga
L. Borges,Holstein Kiel,Alemania,43,LW,Left,183,25,59,,66,59,57,63,27,50,57,63,53,61,57,64,60,50,52,64,68,64,63,61,61,52,43,59,49,58,45,27,54,57,58,56,23,25,23,12,9,11,15,12,15,2. Bundesliga
L. Parduzi,Holstein Kiel,Kosovo,40,LB,Left,171,19,60,,68,46,53,58,56,60,58,42,49,54,43,59,57,45,53,56,66,69,63,50,69,55,60,69,54,45,63,56,50,49,47,52,53,61,55,7,6,13,14,7,14,2. Bundesliga
H. Sekine,Holstein Kiel,Japón,32,RB,Right,187,24,65,,70,49,61,61,61,64,67,42,56,64,50,60,59,56,62,61,67,73,62,59,67,61,66,66,64,51,61,61,54,49,49,67,62,62,59,9,8,15,11,6,8,2. Bundesliga
D. Zec,Holstein Kiel,Eslovenia,26,CB,Right,190,26,69,Eslovenia,64,47,58,61,73,74,51,43,75,66,40,58,48,52,63,65,63,65,55,67,54,61,74,63,79,45,74,72,47,51,50,67,69,78,72,15,15,10,12,9,14,2. Bundesliga
L. Rosenboom,Holstein Kiel,Alemania,23,"RB, RM",Right,190,24,67,,71,57,61,64,62,69,69,54,68,62,49,66,61,55,58,61,74,68,64,62,64,68,67,66,71,54,70,63,59,53,52,62,56,64,67,10,11,9,6,9,13,2. Bundesliga
I. Nekić,Holstein Kiel,Croacia,13,"CB, RB",Right,185,25,68,,62,47,57,59,71,71,54,40,68,63,39,56,48,53,63,61,62,62,56,66,57,64,74,67,73,50,68,73,45,49,48,65,71,71,71,12,10,15,10,8,6,2. Bundesliga
N. Madsen,Holstein Kiel,Dinamarca,5,CB,Right,187,25,64,,60,46,55,54,66,62,49,42,66,61,38,47,50,44,58,58,54,64,52,64,59,63,67,60,62,40,64,72,39,50,43,66,64,65,64,15,14,10,10,6,13,2. Bundesliga
C. Johansson,Holstein Kiel,Suecia,5,CB,Right,185,32,64,,55,46,53,53,66,67,57,42,69,57,39,46,43,42,53,59,52,58,50,62,54,60,73,60,69,45,71,67,40,46,48,63,66,63,65,11,15,8,13,9,7,2. Bundesliga
N. Takahashi,Holstein Kiel,Japón,3,"LB, RB",Left,173,21,61,,66,44,55,59,59,59,58,40,48,58,47,59,51,47,55,58,62,70,61,57,68,53,51,63,55,44,65,61,49,49,45,59,59,60,63,14,7,10,10,10,13,2. Bundesliga
F. Roslyng,Holstein Kiel,Dinamarca,2,"CB, RB",Right,189,20,63,,64,40,49,51,66,70,47,34,68,53,43,49,41,39,58,54,62,65,47,56,52,55,68,61,74,37,74,69,39,43,44,55,60,69,66,14,12,14,10,11,6,2. Bundesliga
S. Schonlau,Holstein Kiel,Alemania,6,"CB, CDM",Right,185,32,64,,53,45,52,55,70,65,53,40,71,56,39,52,45,46,57,58,54,52,53,67,51,58,71,60,67,46,63,67,39,45,49,63,71,69,71,8,14,8,8,9,11,2. Bundesliga
L. Rothenhagen,Holstein Kiel,Alemania,41,GK,Right,187,20,58,,35,16,27,22,16,43,17,10,26,34,10,10,10,12,30,24,30,39,32,55,44,38,48,35,49,11,35,20,10,30,20,30,11,13,20,57,59,53,59,65,40,2. Bundesliga
M. Engelhardt,Holstein Kiel,Alemania,31,GK,Left,191,33,63,,36,19,33,30,19,44,14,10,21,43,13,17,23,19,31,32,37,35,38,60,46,42,51,38,47,21,41,27,16,40,17,51,15,17,16,61,63,56,65,62,46,2. Bundesliga
T. Weiner,Holstein Kiel,Alemania,1,GK,Left,191,27,61,,34,20,30,29,20,44,18,13,23,33,13,19,26,24,33,32,34,34,31,57,44,42,46,35,50,17,40,32,11,38,18,40,16,15,19,64,65,55,61,67,41,2. Bundesliga
J. Urbich,Eintracht Braunschweig,Alemania,27,"ST, LW",Right,182,22,60,,65,62,48,60,27,60,54,66,58,48,57,59,51,50,39,60,67,63,64,59,54,60,62,54,66,57,50,25,64,50,65,62,28,21,19,14,10,13,10,7,11,2. Bundesliga
S. Sané,Eintracht Braunschweig,Alemania,24,"CAM, ST",Right,187,23,62,,67,58,61,65,36,52,54,56,52,66,56,68,64,60,58,64,67,67,61,62,57,59,50,55,53,55,48,35,67,63,68,65,32,37,33,9,8,6,13,13,7,2. Bundesliga
J. Zé,Eintracht Braunschweig,Suiza,19,RW,Right,178,20,66,,76,63,64,68,36,60,65,63,49,67,61,71,69,56,58,66,71,80,72,63,68,60,55,68,61,65,49,37,69,65,63,60,34,34,32,11,7,12,10,11,7,2. Bundesliga
A. Opoku,Eintracht Braunschweig,Alemania,17,"RW, RB, CAM",Right,185,27,63,,67,63,63,63,33,59,63,63,54,67,59,61,63,60,59,65,69,65,66,61,61,67,53,66,60,60,51,36,65,58,61,59,34,27,21,7,11,9,6,14,13,2. Bundesliga
J. Mijatović,Eintracht Braunschweig,Serbia,11,ST,Right,179,21,64,,66,65,55,63,31,65,54,66,67,56,58,63,64,53,48,63,63,68,63,66,59,71,65,63,69,59,56,26,67,59,69,59,30,24,25,11,13,10,14,8,9,2. Bundesliga
M. Entrup,Eintracht Braunschweig,Austria,9,"ST, LW",Left,186,29,63,,62,65,51,64,29,64,47,69,70,57,62,64,53,55,46,65,61,63,61,64,64,62,65,63,65,59,62,26,66,48,67,66,26,25,19,6,7,12,13,6,12,2. Bundesliga
Y. Sturm,Eintracht Braunschweig,Alemania,7,"LW, LM, CAM",Left,182,21,60,,69,56,57,60,30,53,56,55,54,59,52,60,55,58,53,59,66,71,65,60,59,56,58,57,54,56,45,30,63,56,57,58,29,25,24,11,11,14,15,8,13,2. Bundesliga
S. Raebiger,Eintracht Braunschweig,Alemania,37,LB,Left,176,21,56,,57,40,55,52,54,57,60,34,48,60,35,51,46,49,47,50,54,59,58,57,53,49,49,60,57,44,54,54,49,50,41,46,57,53,52,9,8,6,11,14,12,2. Bundesliga
R. Heußer,Eintracht Braunschweig,Alemania,30,"CAM, CDM",Right,169,28,61,,63,61,62,65,34,53,58,61,41,63,54,67,63,63,62,64,62,63,69,61,68,64,45,63,50,59,49,41,64,66,60,58,34,29,28,13,13,9,11,9,8,2. Bundesliga
L. Tempelmann,Eintracht Braunschweig,Alemania,20,"CAM, CM",Right,174,27,63,,65,63,62,65,38,53,57,64,47,63,58,62,65,59,61,69,68,63,62,58,74,62,51,59,50,64,52,42,65,68,58,58,35,35,35,12,11,12,10,10,10,2. Bundesliga
A. Bakhat,Eintracht Braunschweig,Alemania,18,ST,Right,180,26,60,,61,62,52,61,29,58,46,63,63,60,60,59,49,51,45,65,63,59,59,65,58,64,63,59,60,59,50,21,66,52,63,59,31,24,23,12,15,13,11,10,10,2. Bundesliga
M. Marie,Eintracht Braunschweig,Alemania,15,"CDM, CM, CAM",Right,177,22,64,,57,53,60,62,64,66,53,48,55,62,53,61,56,54,63,63,60,55,53,68,62,62,61,68,66,52,63,63,55,62,56,71,68,65,65,13,9,11,15,9,11,2. Bundesliga
S. Di Benedetto,Eintracht Braunschweig,Alemania,10,"CDM, CAM, RW",Left,175,21,64,,55,54,64,60,62,69,54,48,58,75,48,57,52,52,66,64,52,57,57,57,66,64,63,71,69,60,67,65,53,61,56,66,64,60,64,6,8,13,8,13,12,2. Bundesliga
F. Flick,Eintracht Braunschweig,Alemania,6,"CDM, CM",Right,190,26,62,,54,51,58,59,63,68,53,44,64,62,49,59,51,54,55,60,55,53,57,57,57,62,63,74,66,56,68,58,55,60,48,62,61,67,63,9,6,9,6,7,9,2. Bundesliga
L. Laatsch,Eintracht Braunschweig,Alemania,14,"CM, CDM",Right,166,20,62,,61,58,63,63,53,55,55,56,45,66,57,61,59,59,66,64,61,61,64,61,67,60,48,62,53,61,54,54,59,66,57,61,50,55,58,11,10,7,12,9,9,2. Bundesliga
L. Bell,Eintracht Braunschweig,Camerún,2,"LB, RB",Left,180,30,62,,67,45,57,62,62,61,62,41,52,61,40,62,59,46,56,61,70,65,64,60,65,49,56,71,58,48,59,60,56,50,45,55,61,68,60,6,15,11,14,7,11,2. Bundesliga
D. Kovacevic,Eintracht Braunschweig,Austria,43,"RB, CM",Left,178,22,59,,61,45,56,58,57,57,58,40,55,60,44,56,49,48,55,59,61,61,60,56,63,59,56,55,60,44,54,56,45,52,45,54,58,57,62,7,10,7,6,13,11,2. Bundesliga
L. Frenkert,Eintracht Braunschweig,Alemania,29,CB,Left,190,26,61,,57,44,49,50,64,65,43,37,71,54,36,40,42,40,57,59,55,59,46,53,51,60,65,59,68,47,64,66,39,45,43,62,62,62,63,6,6,15,13,10,14,2. Bundesliga
T. Wagner,Eintracht Braunschweig,Alemania,26,LB,Left,179,21,60,,67,48,55,60,59,56,57,47,50,60,43,62,50,42,56,57,69,65,59,59,65,55,57,65,53,47,51,59,43,48,42,61,57,62,62,12,7,15,12,13,11,2. Bundesliga
S. Ba,Eintracht Braunschweig,Alemania,25,"RB, RM",Left,184,22,59,,65,47,55,56,61,58,57,43,52,54,43,53,54,49,58,61,65,65,55,59,53,57,52,61,58,47,57,56,46,56,42,53,64,65,58,6,15,14,15,10,15,2. Bundesliga
I. Koutsidis,Eintracht Braunschweig,Grecia,23,"CB, CDM",Right,193,21,55,,49,33,45,45,56,62,41,27,54,50,31,41,32,38,48,51,44,53,38,51,44,50,64,57,64,30,62,58,28,41,40,52,58,55,54,8,7,8,8,6,14,2. Bundesliga
F. Di Michele,Eintracht Braunschweig,Alemania,22,LB,Left,180,23,61,,64,47,59,58,60,60,58,46,54,66,37,62,54,46,55,53,62,66,65,59,61,53,57,66,57,46,63,54,50,53,41,53,61,63,61,14,12,8,14,15,10,2. Bundesliga
K. Ehlers,Eintracht Braunschweig,Alemania,21,CB,Right,188,25,66,,61,47,55,55,70,69,52,41,69,63,40,51,44,45,62,59,61,61,52,61,59,60,66,71,67,48,71,64,46,43,44,61,73,71,74,14,14,14,9,14,6,2. Bundesliga
M. Aydın,Eintracht Braunschweig,Turkiye,8,"RB, CDM",Right,180,24,64,,69,49,60,63,63,63,62,46,61,64,52,60,55,48,57,66,70,69,65,63,64,60,56,73,61,45,56,62,44,56,47,56,60,68,64,11,9,6,12,11,12,2. Bundesliga
F. Jäkel,Eintracht Braunschweig,Alemania,5,"CB, RB",Right,193,25,58,,56,39,44,49,60,63,44,36,61,47,29,45,36,39,46,53,51,60,41,58,44,53,66,50,70,35,60,62,32,41,36,57,56,64,57,8,15,11,11,13,10,2. Bundesliga
A. Hoti,Eintracht Braunschweig,Kosovo,4,CB,Right,191,23,63,,56,41,52,54,67,66,47,35,69,61,35,50,44,41,53,59,57,55,49,64,51,55,67,60,70,43,62,67,35,43,42,61,65,69,65,12,6,15,7,11,11,2. Bundesliga
N. Katterbach,Eintracht Braunschweig,Alemania,3,"LB, RB",Left,178,25,65,,69,52,58,60,62,59,68,49,60,59,48,62,57,55,55,55,70,68,65,63,60,60,56,64,54,50,66,65,58,52,47,60,57,63,67,7,6,10,10,13,8,2. Bundesliga
H. Afonso,Eintracht Braunschweig,Luxemburgo,12,"CB, CM",Right,189,21,62,,57,42,51,52,63,66,49,37,67,61,37,46,40,36,53,58,55,59,50,61,52,52,68,57,69,44,69,61,39,42,46,60,56,70,62,14,15,13,10,10,9,2. Bundesliga
L. Herdes,Eintracht Braunschweig,Alemania,35,GK,Right,186,19,59,,36,17,29,25,15,41,12,10,23,35,10,11,19,15,38,31,39,33,35,54,36,35,47,31,47,15,36,26,10,35,22,41,10,10,16,59,62,52,58,61,34,2. Bundesliga
B. Uphoff,Eintracht Braunschweig,Alemania,32,GK,Right,190,33,66,,37,26,35,33,24,48,22,20,23,41,17,23,20,14,42,33,38,36,42,64,48,47,51,32,58,22,40,27,20,43,26,46,24,20,28,69,68,63,71,70,45,2. Bundesliga
R. Hoffmann,Eintracht Braunschweig,Alemania,1,GK,Right,192,27,67,,43,23,36,32,24,51,25,16,25,40,12,21,18,24,39,31,42,43,50,65,46,48,52,43,58,20,41,35,12,44,28,46,18,24,20,67,66,59,67,71,49,2. Bundesliga
D. Richter,Arminia Bielefeld,Alemania,43,ST,Right,180,18,61,,66,58,52,61,28,61,49,58,62,57,57,59,54,51,48,64,65,66,58,63,54,56,62,59,64,55,58,27,66,49,61,61,28,19,27,9,14,6,8,10,12,2. Bundesliga
M. Theiß,Arminia Bielefeld,Alemania,33,ST,Right,181,19,60,,64,59,51,56,28,60,47,61,59,56,61,56,58,51,47,57,57,69,55,58,57,59,63,53,65,53,55,30,62,49,58,56,25,23,17,15,6,12,9,11,11,2. Bundesliga
I. Young,Arminia Bielefeld,Estados Unidos,30,"LW, LM",Right,181,28,58,,65,57,56,60,25,48,57,57,46,54,58,61,58,53,51,59,62,68,65,55,65,59,49,59,44,55,43,23,52,60,52,53,23,24,19,9,14,7,12,9,14,2. Bundesliga
M. Momuluh,Arminia Bielefeld,Alemania,14,"RW, RM, ST",Right,181,24,67,,72,65,65,69,38,60,68,65,57,69,60,68,65,68,51,71,75,69,69,69,67,73,65,65,59,60,55,33,70,66,58,64,44,30,30,13,14,13,10,7,15,2. Bundesliga
J. Grodowski,Arminia Bielefeld,Alemania,11,"ST, LW, RW",Right,185,28,65,,67,66,56,64,31,66,57,70,64,58,66,61,56,56,54,68,65,68,60,72,60,63,58,59,73,60,59,29,70,53,68,59,28,27,25,15,9,8,12,10,12,2. Bundesliga
J. Rochelt,Arminia Bielefeld,Alemania,10,"LW, CM, CAM",Left,182,28,62,,69,64,61,63,30,54,64,68,48,63,59,60,58,57,56,65,70,69,68,62,60,61,55,60,55,59,45,32,69,62,54,59,28,26,24,7,6,8,13,11,11,2. Bundesliga
D. Min,Arminia Bielefeld,Países Bajos,9,"ST, LW",Right,188,27,66,,68,64,59,66,32,67,61,65,71,62,70,66,56,56,54,69,70,67,60,66,55,66,69,65,71,57,58,25,68,59,63,65,27,30,27,10,11,12,13,11,14,2. Bundesliga
S. Sarli,Arminia Bielefeld,Alemania,46,"CDM, CM",Left,168,22,61,,57,53,57,58,64,60,51,50,58,61,44,55,51,54,57,62,56,58,56,56,58,61,53,64,57,53,63,61,53,58,48,58,65,67,59,8,11,12,10,10,10,2. Bundesliga
E. Yaşar,Arminia Bielefeld,Turkiye,44,CAM,Right,185,18,58,,61,57,56,61,30,54,54,59,48,59,53,60,58,53,54,65,64,58,60,50,54,53,48,64,55,60,43,29,58,55,53,61,29,29,23,10,14,15,7,6,7,2. Bundesliga
T. Wegener,Arminia Bielefeld,Alemania,42,"CAM, CM",Right,170,17,58,,60,55,60,60,31,49,49,50,42,65,55,64,59,56,59,56,61,60,56,52,66,57,44,62,44,64,48,34,56,65,53,60,27,33,24,10,9,10,9,8,11,2. Bundesliga
M. Wörl,Arminia Bielefeld,Alemania,38,"CM, CAM, LW",Right,178,22,64,,61,58,62,64,57,62,59,56,54,64,54,63,58,56,67,67,64,58,64,61,62,61,58,68,59,59,64,55,64,62,59,66,62,56,55,12,15,6,10,11,6,2. Bundesliga
L. Jensen,Arminia Bielefeld,Alemania,31,"CM, CDM",Left,175,29,60,,54,55,60,62,54,57,55,51,48,62,53,65,57,61,58,59,53,55,66,56,59,59,53,63,56,62,55,53,53,61,49,66,57,55,53,8,8,9,13,14,9,2. Bundesliga
S. Russo,Arminia Bielefeld,Alemania,21,"CM, CDM, CB",Right,183,26,65,,64,57,65,62,55,62,63,49,57,69,51,59,62,54,66,65,63,65,58,64,59,66,64,64,61,64,59,54,63,65,61,66,56,54,57,8,15,15,14,13,6,2. Bundesliga
L. Kunze,Arminia Bielefeld,Alemania,13,"CM, RM",Left,191,28,60,,56,53,61,60,52,61,54,51,54,67,48,58,55,50,65,65,57,56,55,60,50,56,56,62,64,55,54,54,62,59,56,61,50,54,46,7,13,12,11,10,7,2. Bundesliga
S. Schreck,Arminia Bielefeld,Alemania,8,CM,Right,180,27,57,,55,50,56,58,51,54,56,48,48,58,49,62,52,50,54,56,58,52,51,58,56,54,49,58,52,52,54,52,52,54,50,54,50,53,46,10,15,11,15,12,12,2. Bundesliga
M. Mehlem,Arminia Bielefeld,Alemania,6,"CAM, CM",Right,174,29,61,,62,61,63,64,35,54,63,61,37,66,52,64,62,53,62,65,64,61,62,60,65,58,50,61,53,65,49,38,62,61,68,61,32,35,36,10,7,14,7,14,6,2. Bundesliga
J. Lukas,Arminia Bielefeld,Alemania,36,"RB, RM",Right,186,20,56,,61,42,51,52,54,58,56,35,50,50,40,49,43,41,55,54,60,61,59,51,54,52,51,62,58,48,54,58,42,50,43,49,56,51,54,13,8,6,10,12,13,2. Bundesliga
T. Handwerker,Arminia Bielefeld,Alemania,29,"LB, RB",Right,182,28,59,,61,47,54,56,56,60,57,43,53,58,40,57,51,47,55,55,59,63,55,54,58,57,56,70,57,50,56,58,48,47,43,52,55,55,58,6,14,6,8,12,13,2. Bundesliga
B. Boakye,Arminia Bielefeld,Alemania,27,RB,Left,180,21,65,,69,50,61,65,61,61,64,45,60,66,50,64,64,49,62,65,72,66,73,65,59,54,59,69,56,54,62,63,52,52,52,64,59,63,61,15,7,7,8,12,12,2. Bundesliga
L. Schneider,Arminia Bielefeld,Alemania,23,CB,Left,184,26,61,,57,40,50,51,64,63,45,34,63,57,33,46,38,40,58,55,59,56,51,61,53,53,64,55,66,42,63,64,32,42,45,57,63,63,67,8,12,8,10,7,10,2. Bundesliga
M. Großer,Arminia Bielefeld,Alemania,19,"CB, CM",Right,189,25,63,,60,44,50,51,68,68,43,40,75,56,36,48,47,43,58,52,59,61,48,60,50,59,66,56,73,42,70,63,33,44,46,57,67,73,64,6,13,11,11,10,11,2. Bundesliga
A. Sicker,Arminia Bielefeld,Alemania,17,LB,Right,184,29,60,,65,44,55,53,56,60,59,43,54,58,43,55,53,43,54,50,63,66,60,55,54,48,54,58,61,43,60,57,48,50,42,49,54,56,63,7,9,13,7,14,6,2. Bundesliga
H. Koudossou,Arminia Bielefeld,Togo,7,"RB, RM",Right,180,27,62,,68,47,57,58,60,61,60,40,55,59,42,54,53,51,59,60,69,67,60,60,66,60,58,70,57,51,61,61,51,53,49,55,63,57,59,7,6,6,10,10,14,2. Bundesliga
M. Bauer,Arminia Bielefeld,Alemania,5,CB,Right,189,26,68,,65,45,55,59,71,71,51,37,75,62,44,55,53,46,62,60,63,66,58,70,58,61,73,64,76,48,69,68,40,44,49,67,72,72,70,12,10,8,9,13,8,2. Bundesliga
J. Felix,Arminia Bielefeld,Dinamarca,3,"CB, RB",Right,190,28,58,,54,36,47,45,61,61,47,30,68,54,29,41,39,37,46,47,57,51,48,58,47,53,64,55,64,35,62,56,34,39,33,51,61,62,57,10,11,7,7,10,13,2. Bundesliga
F. Hagmann,Arminia Bielefeld,Alemania,2,"RB, LB",Left,178,22,61,,72,47,56,59,56,64,60,41,51,55,45,56,54,49,59,58,73,71,66,61,65,57,60,68,62,47,65,58,53,52,50,60,56,56,61,9,12,9,7,8,15,2. Bundesliga
G. Gohlke,Arminia Bielefeld,Alemania,4,"CB, CDM",Right,192,27,56,,54,37,45,44,59,60,45,34,59,51,34,37,40,32,53,50,52,55,45,55,41,46,63,51,65,38,60,56,32,32,39,52,58,60,62,14,8,9,11,15,13,2. Bundesliga
P. Hildesheim,Arminia Bielefeld,Alemania,47,GK,Left,194,21,61,,37,18,28,27,17,45,17,10,19,34,10,16,18,10,31,29,40,35,36,52,40,40,49,34,53,17,36,23,12,35,17,44,16,14,16,61,56,51,59,67,37,2. Bundesliga
A. Zaloha,Arminia Bielefeld,Ucrania,41,GK,Right,184,19,58,,34,18,26,24,17,39,10,12,19,31,10,10,10,14,30,29,36,32,30,55,37,42,49,33,44,10,32,26,12,36,15,37,14,16,13,58,58,51,61,57,34,2. Bundesliga
L. Oppermann,Arminia Bielefeld,Alemania,18,GK,Right,191,25,59,,37,16,28,24,16,40,15,10,19,34,12,13,23,12,33,27,33,40,28,55,40,36,41,35,45,12,32,22,10,33,15,37,14,12,20,59,56,54,61,55,40,2. Bundesliga
J. Thomas Kersken,Arminia Bielefeld,Alemania,1,GK,Right,192,26,66,,43,25,34,32,25,48,17,19,25,43,16,19,24,21,36,38,42,43,40,56,47,47,53,35,54,20,47,34,17,42,23,49,24,22,19,66,64,57,64,62,46,2. Bundesliga
K. Scheer,Kaiserslautern,Alemania,46,"ST, CF",Right,175,19,58,,63,60,50,58,21,52,47,60,56,50,56,58,52,46,48,59,62,64,59,52,58,60,57,49,54,57,48,25,66,54,62,58,14,17,15,11,15,11,6,7,12,2. Bundesliga
M. Luković,Kaiserslautern,Serbia,45,ST,Right,184,20,68,,72,69,59,65,33,66,59,72,68,61,72,67,58,56,57,63,72,72,68,69,62,69,72,62,69,61,64,33,71,56,71,61,29,29,25,13,8,14,11,15,11,2. Bundesliga
M. Berisha,Kaiserslautern,Alemania,20,ST,Right,186,28,65,,62,64,54,65,32,64,51,65,66,59,66,68,61,56,44,65,61,62,57,63,57,66,72,58,68,56,60,30,66,56,67,63,27,26,31,9,13,8,10,9,8,2. Bundesliga
E. Yardımcı,Kaiserslautern,Turkiye,17,"ST, LW",Right,188,24,66,,71,68,57,67,35,67,52,70,68,63,67,70,61,53,52,67,69,72,65,70,58,69,66,64,72,59,59,31,77,55,67,62,34,31,28,11,10,14,10,11,15,2. Bundesliga
I. Kanaté,Kaiserslautern,Malí,11,LW,Left,172,19,61,,72,60,57,61,32,54,63,59,48,55,59,58,62,61,51,61,70,74,69,54,73,66,50,61,53,57,47,31,65,56,56,56,29,34,22,6,10,10,10,13,8,2. Bundesliga
I. Prtajin,Kaiserslautern,Croacia,9,"ST, LW",Left,189,30,66,,67,68,57,67,35,67,53,72,74,64,67,66,54,55,53,71,65,68,62,64,62,65,64,60,74,61,58,31,71,55,67,61,30,31,28,14,11,9,10,10,6,2. Bundesliga
B. Jungfleisch,Kaiserslautern,Alemania,47,CDM,Left,174,18,58,,54,50,55,52,60,58,48,47,50,59,41,47,51,44,56,58,59,50,52,53,54,55,50,61,58,52,56,57,50,57,56,55,66,60,58,10,6,15,11,6,13,2. Bundesliga
D. Hofmeister,Kaiserslautern,Alemania,44,CM,Left,168,17,61,,63,55,61,58,53,58,55,51,51,66,50,54,57,57,62,59,61,65,66,55,63,56,47,62,57,62,59,56,55,60,56,61,52,53,51,10,9,11,8,6,15,2. Bundesliga
O. Gibs,Kaiserslautern,Alemania,43,CAM,Right,176,19,58,,63,62,58,62,32,50,52,65,43,59,55,66,58,54,60,59,67,59,67,53,58,61,49,57,48,58,46,36,56,60,59,52,31,30,24,11,14,14,6,7,14,2. Bundesliga
E. Müller,Kaiserslautern,Alemania,42,LM,Left,171,20,59,,68,55,60,60,41,56,58,53,44,64,51,61,54,53,59,61,67,68,62,56,60,59,44,61,55,58,55,43,56,61,55,55,37,43,42,6,8,13,10,11,6,2. Bundesliga
D. Schramm,Kaiserslautern,Alemania,41,CDM,Right,186,20,59,,57,50,57,57,63,62,46,45,55,66,42,55,46,49,58,60,58,57,54,56,53,58,60,58,64,55,64,70,51,56,51,56,62,63,59,10,12,15,13,14,13,2. Bundesliga
T. Fidjeu-Tazemeta,Kaiserslautern,Austria,39,"CAM, ST",Left,192,19,58,,63,58,58,59,33,54,53,59,48,59,55,60,57,58,60,59,67,60,54,60,52,55,57,58,55,61,47,30,58,62,54,61,36,28,29,8,8,13,9,13,11,2. Bundesliga
N. Gibs,Kaiserslautern,Alemania,38,LM,Left,180,24,57,,59,51,57,57,38,51,58,49,49,59,46,56,61,54,54,59,60,58,58,54,62,55,52,58,49,54,46,42,53,56,52,51,36,34,39,7,6,11,14,6,13,2. Bundesliga
P. Joly,Kaiserslautern,Francia,26,"RB, CAM",Right,182,26,66,,70,50,63,64,64,61,61,46,60,67,44,61,65,54,68,66,69,71,66,63,67,60,65,66,58,48,61,69,52,57,52,62,59,67,66,6,11,8,13,15,14,2. Bundesliga
M. Haas,Kaiserslautern,Alemania,22,"LB, LW",Left,181,21,64,,68,48,58,62,60,60,59,45,54,58,39,63,57,48,62,60,66,70,66,60,60,53,59,65,59,51,59,60,51,55,44,58,56,62,67,8,14,11,11,9,6,2. Bundesliga
M. Sauer,Kaiserslautern,Eslovaquia,21,"CDM, CAM, CM",Right,180,22,66,Eslovaquia,60,58,61,67,66,69,59,55,61,63,50,70,55,52,71,66,59,61,58,67,59,66,62,65,70,61,72,66,57,57,57,67,66,66,66,13,7,7,6,7,8,2. Bundesliga
N. Skyttä,Kaiserslautern,Finlandia,15,"CAM, RW, CM",Left,165,24,70,,70,67,69,73,42,59,66,65,49,68,66,74,75,67,70,70,71,69,76,68,77,70,57,71,55,66,55,40,71,74,66,72,39,45,38,14,12,14,12,13,10,2. Bundesliga
S. Şahin,Kaiserslautern,Alemania,8,"CDM, CAM, CM",Right,177,26,66,,61,56,65,60,67,67,60,54,61,72,49,56,57,60,63,63,63,60,57,67,70,63,65,68,67,57,65,69,57,64,53,67,67,65,72,14,10,13,12,7,8,2. Bundesliga
M. Ritter,Kaiserslautern,Alemania,7,"CAM, CDM, ST",Right,170,31,66,,68,67,67,70,37,54,63,69,47,68,61,70,72,58,64,69,66,70,70,71,70,66,50,65,50,67,53,45,68,71,62,70,35,33,31,13,12,8,11,13,13,2. Bundesliga
F. Kunze,Kaiserslautern,Alemania,6,"CDM, CB, CM",Right,183,28,63,,54,53,59,58,64,68,52,47,57,64,49,53,49,55,63,62,54,54,55,64,56,64,62,68,69,57,69,67,58,58,53,65,64,64,65,9,9,12,13,14,13,2. Bundesliga
S. Asta,Kaiserslautern,Alemania,2,RB,Right,178,25,61,,66,47,56,56,58,58,59,43,51,61,41,54,52,45,58,55,66,66,63,61,57,58,61,63,55,45,57,58,52,48,47,54,60,59,54,8,10,11,7,7,10,2. Bundesliga
K. Redondo,Kaiserslautern,Alemania,10,"CAM, CM",Right,181,32,64,,62,62,66,68,38,55,60,63,53,71,60,69,65,64,58,66,62,62,72,65,67,60,51,63,54,62,47,43,68,68,63,61,32,37,31,10,13,7,7,14,6,2. Bundesliga
F. Ronstadt,Kaiserslautern,Alemania,12,"LB, CB, RB",Right,179,29,58,,64,43,53,54,55,56,57,40,51,54,44,52,47,45,56,52,68,61,57,57,63,51,57,62,54,42,51,57,45,49,47,57,55,56,54,6,7,7,14,10,9,2. Bundesliga
L. Robinson,Kaiserslautern,Alemania,37,"CB, CDM, CM",Right,186,25,62,,53,46,52,52,67,65,49,45,64,61,33,50,39,38,53,52,52,54,52,57,51,56,68,57,69,47,63,72,34,43,43,61,67,67,62,14,14,10,15,10,14,2. Bundesliga
J. Elvedi,Kaiserslautern,Suiza,33,CB,Right,186,30,64,,63,44,54,55,67,68,47,41,67,64,36,52,41,40,63,59,62,63,54,63,46,54,69,60,71,46,69,65,42,44,41,60,67,67,69,9,6,14,14,12,15,2. Bundesliga
J. Rasmussen,Kaiserslautern,Dinamarca,14,"CB, CDM",Left,193,29,66,,62,49,54,57,70,70,45,47,71,64,44,55,47,46,59,59,62,62,52,66,58,63,73,70,69,41,72,72,45,48,49,66,69,69,67,12,7,12,11,14,12,2. Bundesliga
K. Frees,Kaiserslautern,Alemania,5,"CB, CDM",Right,202,21,61,,55,42,47,47,64,66,42,36,71,51,36,42,40,42,54,52,55,55,39,56,44,57,70,60,68,44,70,65,37,44,42,62,64,61,65,9,7,9,10,6,12,2. Bundesliga
M. Gyamfi,Kaiserslautern,Alemania,4,"CB, CDM",Right,189,26,62,,59,45,50,52,64,66,47,43,64,59,36,50,42,42,52,52,60,59,50,59,48,58,65,56,70,43,70,59,39,40,34,64,66,66,61,11,10,13,9,13,12,2. Bundesliga
A. Murphy,Kaiserslautern,Irlanda,3,"CB, LB",Right,188,22,65,,63,48,51,54,70,68,50,43,72,54,40,53,41,42,56,53,65,62,50,66,59,62,66,64,72,50,66,68,41,46,42,67,69,73,71,15,8,12,13,12,12,2. Bundesliga
J. Zimmer,Kaiserslautern,Alemania,16,RB,Right,171,32,61,,61,44,57,59,61,59,65,37,52,59,47,57,53,47,54,58,66,57,68,54,67,58,53,66,56,42,58,57,52,51,46,54,63,64,62,12,6,15,12,9,11,2. Bundesliga
H. Zuck,Kaiserslautern,Alemania,18,"LB, LM",Left,176,36,63,,60,46,59,60,59,56,63,39,55,60,44,56,53,54,59,62,59,61,63,64,66,58,54,70,46,49,63,61,48,56,51,60,62,55,65,13,10,15,14,9,9,2. Bundesliga
E. Kamga,Kaiserslautern,Alemania,40,GK,Right,188,19,57,,31,18,26,21,16,43,13,10,15,34,12,11,19,11,30,21,30,32,35,55,34,40,46,33,52,19,31,19,10,27,10,33,17,14,10,58,53,53,54,60,37,2. Bundesliga
Y. Onohiol,Kaiserslautern,Alemania,34,GK,Left,182,22,58,,34,18,24,25,13,42,10,10,14,30,10,16,12,14,28,24,33,35,35,54,40,41,45,35,51,15,29,19,10,30,19,40,12,12,10,57,59,52,57,57,38,2. Bundesliga
A. Spahić,Kaiserslautern,Bosnia-Herzegovina,30,GK,Right,199,29,57,,33,19,25,22,14,40,14,11,15,27,10,10,10,17,29,23,28,37,34,52,37,43,46,28,47,16,38,26,10,34,20,35,10,11,14,61,59,50,55,57,37,2. Bundesliga
J. Krahl,Kaiserslautern,Alemania,1,GK,Right,194,26,65,,40,23,32,32,24,50,22,17,30,37,15,20,18,17,39,35,39,40,41,64,44,44,52,41,58,19,39,32,15,35,27,49,20,22,19,66,65,58,69,63,42,2. Bundesliga
F. Klaus,Greuther Fürth,Alemania,30,"ST, RW, CAM",Right,179,34,65,,58,66,56,67,32,65,54,66,69,61,66,63,58,56,49,71,61,55,69,71,67,72,65,61,72,62,53,24,70,56,62,68,31,29,27,15,13,12,6,9,13,2. Bundesliga
B. Zank,Greuther Fürth,Alemania,19,"ST, LW",Right,192,22,60,,60,58,52,60,28,62,51,58,63,55,60,59,52,50,44,63,63,58,57,60,48,60,69,56,67,54,54,27,65,52,53,61,26,24,14,14,12,12,7,7,9,2. Bundesliga
J. Pefok,Greuther Fürth,Estados Unidos,9,"ST, LW",Left,190,30,69,,66,72,58,68,36,69,54,76,71,62,72,67,63,52,52,69,69,64,68,66,62,70,73,68,73,66,58,36,73,58,67,72,32,33,27,12,10,13,6,9,14,2. Bundesliga
M. Avlayici,Greuther Fürth,Alemania,44,CM,Right,174,20,58,,59,52,59,58,50,51,55,49,48,63,49,64,53,52,60,53,62,57,56,58,58,55,50,59,48,58,51,51,54,59,52,57,50,50,49,8,13,11,12,9,12,2. Bundesliga
O. Sillah,Greuther Fürth,Alemania,42,CAM,Left,192,23,60,,64,59,64,62,34,56,59,60,55,66,50,66,66,53,63,59,66,63,61,60,57,57,55,58,59,63,45,36,60,66,54,60,31,28,31,12,13,6,8,10,7,2. Bundesliga
J. Green,Greuther Fürth,Estados Unidos,37,"CDM, CM",Right,172,31,63,,55,52,61,61,65,65,55,48,61,68,47,58,58,51,61,63,53,57,61,59,63,60,62,70,61,54,68,65,55,59,57,64,64,69,63,14,12,12,13,15,10,2. Bundesliga
F. Ademi,Greuther Fürth,Kosovo,37,"CM, CDM, RM",Right,180,20,59,,58,57,60,59,50,58,54,56,49,65,55,55,53,53,61,65,60,57,58,55,53,58,50,59,59,57,55,56,63,62,51,55,46,52,49,10,11,9,10,9,12,2. Bundesliga
D. Arifi,Greuther Fürth,Finlandia,28,"CM, CDM",Right,195,24,61,Finlandia,60,58,64,60,54,60,62,55,58,67,52,60,60,58,66,61,65,55,60,57,56,61,54,63,62,64,52,61,58,60,53,63,52,50,49,13,10,7,13,9,10,2. Bundesliga
M. John,Greuther Fürth,Alemania,24,CDM,Left,184,24,61,,51,52,59,58,62,66,54,47,61,66,47,56,52,45,63,61,50,52,56,59,52,56,64,67,66,59,65,63,55,56,53,60,58,64,63,12,13,9,11,6,15,2. Bundesliga
M. Wallentowitz,Greuther Fürth,Alemania,21,"RB, LB",Left,187,18,64,,68,51,60,58,63,67,67,48,59,66,49,61,55,48,55,54,67,68,61,56,66,59,64,73,68,51,60,64,50,51,53,55,62,66,63,13,11,6,15,8,8,2. Bundesliga
P. Will,Greuther Fürth,Alemania,13,"CDM, CM",Right,185,27,64,,57,52,60,62,63,66,53,42,61,65,51,58,50,52,70,69,54,59,59,61,59,69,65,69,66,57,63,67,50,57,55,64,59,64,65,10,10,8,12,15,7,2. Bundesliga
A. Keller,Greuther Fürth,Suiza,11,"LB, LM",Left,181,22,64,,68,50,60,59,61,64,60,44,60,65,48,59,58,51,57,55,67,68,69,64,67,59,62,69,63,53,63,63,55,56,53,61,57,63,66,15,15,11,15,13,11,2. Bundesliga
O. Pohlmann,Greuther Fürth,Alemania,10,"CAM, LM, LW",Right,184,25,67,,68,66,68,72,40,61,65,66,51,71,62,71,67,68,64,73,66,70,82,69,62,66,56,65,61,70,59,42,66,68,63,70,36,40,36,7,13,9,6,9,12,2. Bundesliga
S. Appelkamp,Greuther Fürth,Alemania,8,"CAM, ST, RM",Right,175,25,66,,67,63,70,71,40,61,67,58,51,74,61,73,62,67,68,72,66,68,67,66,70,66,57,66,59,70,59,43,63,70,63,68,39,37,37,6,6,10,13,8,13,2. Bundesliga
D. Srbeny,Greuther Fürth,Alemania,7,"ST, CAM, CDM",Left,190,32,64,,63,67,54,64,30,63,53,69,69,54,66,65,55,55,48,63,60,66,63,75,54,72,62,62,67,57,56,23,75,57,65,65,25,31,20,15,15,15,11,14,7,2. Bundesliga
S. Bansé,Greuther Fürth,Burkina Faso,6,"CM, CAM",Right,180,25,59,,51,55,55,62,50,61,48,53,49,56,50,61,59,53,63,63,51,51,62,61,60,59,51,61,62,56,59,54,53,53,60,58,43,54,48,15,11,12,7,8,6,2. Bundesliga
O. Megeed,Greuther Fürth,Egipto,16,"CDM, CM",Right,188,21,61,,57,52,56,56,65,65,48,47,62,59,45,53,50,46,59,58,54,60,51,63,55,60,67,64,66,58,62,66,55,62,48,61,66,66,60,6,6,6,10,12,12,2. Bundesliga
H. Blank,Greuther Fürth,Alemania,34,CB,Left,190,22,63,,56,44,53,54,68,64,50,39,72,62,34,51,44,44,58,59,55,56,50,56,55,56,61,59,65,46,67,69,39,42,48,56,65,67,69,9,6,8,12,11,13,2. Bundesliga
K. Keresztes,Greuther Fürth,Hungría,29,"CB, RB",Left,195,26,60,,55,40,50,49,65,62,49,37,64,58,35,43,46,38,50,53,54,56,49,59,43,52,70,53,68,39,57,66,35,39,41,59,62,70,60,6,10,8,14,7,8,2. Bundesliga
G. Itter,Greuther Fürth,Alemania,27,"LB, CB",Left,185,27,64,,67,52,60,60,63,66,63,51,57,65,46,57,53,44,56,63,69,66,63,61,65,58,61,67,69,49,60,68,60,55,50,58,60,63,67,8,11,8,8,12,6,2. Bundesliga
J. Dehm,Greuther Fürth,Alemania,23,RB,Left,181,30,62,,63,48,56,59,62,59,63,46,56,59,41,57,51,47,54,61,61,65,64,57,61,55,69,60,58,45,59,66,45,50,56,58,63,63,59,6,14,13,9,6,15,2. Bundesliga
J. Heuer,Greuther Fürth,Alemania,22,"CB, CDM",Right,189,27,67,,61,48,56,58,70,72,50,42,74,63,39,52,48,55,61,66,59,62,55,62,56,68,65,72,74,46,68,73,44,46,49,64,71,65,69,11,15,13,13,9,13,2. Bundesliga
M. Dal,Greuther Fürth,Alemania,5,CB,Left,188,20,57,,58,38,44,48,59,58,44,33,66,52,31,46,37,40,49,51,52,63,43,51,46,54,57,48,62,33,63,51,34,30,40,54,58,62,61,9,12,13,13,6,7,2. Bundesliga
E. Benkara,Greuther Fürth,Alemania,4,CB,Left,193,19,59,,59,41,47,47,63,60,46,35,62,51,37,43,38,38,53,50,64,55,47,56,45,58,66,54,64,42,55,64,37,39,36,53,67,59,60,8,9,6,11,15,7,2. Bundesliga
L. Reich,Greuther Fürth,Alemania,2,"RB, RM",Right,181,19,63,,74,52,58,60,61,63,64,51,60,60,40,56,54,52,58,64,73,74,63,58,68,59,61,70,61,51,62,58,50,51,45,59,61,63,62,12,14,6,14,8,6,2. Bundesliga
L. Giandomenico,Greuther Fürth,Suiza,3,"LB, LM",Right,171,21,56,,60,42,53,55,54,52,59,38,45,57,37,52,48,38,48,56,59,61,64,55,60,54,56,60,48,41,52,53,42,49,38,52,55,55,60,6,15,11,9,15,9,2. Bundesliga
S. Prüfrock,Greuther Fürth,Alemania,43,GK,Right,180,21,60,,34,16,30,27,18,42,18,10,23,36,11,14,16,16,31,33,36,32,38,49,35,38,41,35,49,10,36,17,10,36,14,42,18,19,13,61,58,57,64,60,38,2. Bundesliga
C. Ortag,Greuther Fürth,Alemania,39,GK,Right,191,31,64,,38,22,34,32,18,48,19,12,26,39,13,22,16,19,34,33,39,38,41,63,44,50,55,41,55,20,38,26,16,46,27,46,15,15,15,68,61,58,67,65,41,2. Bundesliga
F. Hellstern,Greuther Fürth,Alemania,1,GK,Right,188,18,65,,40,23,35,30,26,51,23,15,26,42,18,22,23,20,38,29,39,41,39,60,43,45,54,40,59,20,43,32,15,41,25,40,24,23,25,71,67,64,63,65,47,2. Bundesliga
N. Körber,Greuther Fürth,Alemania,12,GK,Left,186,29,62,,37,21,30,26,21,41,18,11,22,36,10,13,17,19,30,28,36,37,40,60,43,44,51,32,45,26,38,26,12,37,24,43,16,24,18,62,62,52,63,63,42,2. Bundesliga
Mathias Pereira Lage,St. Pauli,Portugal,28,"ST, CAM, LW",Right,180,29,70,,70,71,60,69,35,71,57,75,59,65,71,66,61,62,54,70,70,70,73,72,67,68,72,64,76,64,65,36,73,57,69,71,34,30,31,13,13,13,13,12,11,2. Bundesliga
R. Jones,St. Pauli,Inglaterra,26,ST,Right,183,23,64,,65,63,54,62,30,62,52,63,63,57,66,63,56,57,48,59,63,67,62,70,62,64,70,59,65,57,55,23,72,55,71,68,27,29,24,13,11,10,11,7,15,2. Bundesliga
M. Kaars,St. Pauli,Países Bajos,19,"ST, LW",Right,183,27,70,,72,72,61,70,34,68,60,74,66,64,74,67,64,60,53,75,72,72,69,71,66,73,71,64,71,65,66,33,77,63,68,71,35,24,30,10,12,12,15,9,13,2. Bundesliga
T. Hara,St. Pauli,Japón,18,"ST, LW",Right,189,27,64,,68,70,56,65,32,64,51,75,70,62,60,63,58,55,52,68,67,68,67,66,58,72,70,61,68,64,58,30,63,53,68,63,24,33,17,15,15,8,15,15,8,2. Bundesliga
S. Banks,St. Pauli,Escocia,17,"RW, LW, RM",Right,183,25,60,,67,55,57,62,29,53,62,54,47,57,54,62,59,48,51,62,65,68,62,57,65,58,49,54,54,52,50,28,59,59,53,58,31,23,24,14,8,7,10,9,6,2. Bundesliga
E. Ahlstrand,St. Pauli,Suecia,14,"RW, RM",Right,182,24,59,,62,59,55,63,28,55,60,60,51,61,53,67,56,58,45,61,66,58,57,57,65,60,52,56,58,57,48,29,57,47,55,58,27,20,28,12,15,12,7,11,15,2. Bundesliga
A. Ceesay,St. Pauli,The Gambia,9,ST,Right,187,22,61,,62,66,52,62,26,62,49,67,64,60,61,63,50,54,41,62,67,58,59,62,51,67,61,58,65,63,59,22,68,47,63,62,18,26,22,12,8,8,6,15,12,2. Bundesliga
Y. Niang,St. Pauli,Alemania,7,"RW, RM",Right,185,20,60,,70,59,56,64,31,55,59,59,49,58,55,68,59,55,51,65,69,71,60,57,57,60,52,63,56,61,42,27,53,54,59,51,26,33,28,6,11,11,7,15,15,2. Bundesliga
M. Schmitz,St. Pauli,Alemania,42,"LM, RM",Left,178,19,61,,67,54,60,62,43,59,58,51,49,60,54,62,59,52,60,63,70,65,63,59,58,59,56,65,57,56,59,44,53,65,54,55,41,46,35,9,11,9,9,13,15,2. Bundesliga
C. Metcalfe,St. Pauli,Australia,24,"CAM, RM, ST",Right,178,26,63,Australia,63,61,62,68,36,54,60,59,53,60,57,67,65,62,57,70,66,61,68,57,62,63,51,56,54,64,50,34,59,69,63,69,31,38,31,10,15,15,9,11,8,2. Bundesliga
L. Oppie,St. Pauli,Alemania,23,"LB, LM",Left,184,24,69,,78,58,64,65,68,69,67,57,63,71,52,61,58,51,61,67,75,80,68,66,68,65,68,73,69,56,65,74,57,56,55,64,67,67,66,9,7,13,14,14,8,2. Bundesliga
S. Klein,St. Pauli,Australia,22,"CM, CDM, CAM",Right,170,22,59,,60,54,59,61,51,53,54,53,48,60,49,58,51,55,60,66,60,60,62,56,65,58,48,65,46,54,56,53,55,65,56,58,51,52,46,15,6,8,9,15,6,2. Bundesliga
L. Ritzka,St. Pauli,Alemania,21,"LB, CB, LM",Left,185,28,65,,67,48,59,60,65,66,70,44,62,55,50,59,55,57,65,57,69,66,69,62,67,57,66,68,66,47,65,65,57,54,44,65,66,63,68,15,8,6,13,10,11,2. Bundesliga
M. Rasmussen,St. Pauli,Noruega,20,"CDM, CAM",Right,170,28,67,,59,59,64,63,66,70,57,57,63,70,50,62,55,56,74,62,58,60,65,65,68,63,62,76,67,64,73,71,62,57,53,70,61,69,66,7,11,7,11,6,12,2. Bundesliga
J. Chima Fujita,St. Pauli,Japón,16,"CDM, CAM, CM",Right,175,24,76,,71,65,73,71,78,76,63,61,75,78,63,69,60,67,83,71,69,73,73,73,75,76,72,79,74,66,78,82,67,73,62,74,75,79,81,14,6,9,6,11,15,2. Bundesliga
A. Pyrka,St. Pauli,Polonia,11,"RB, RM, LB",Right,177,24,72,,78,59,66,68,70,67,74,55,63,68,55,65,65,58,72,68,79,77,76,71,76,66,69,72,64,63,69,71,61,54,55,60,70,71,74,7,15,8,10,7,9,2. Bundesliga
B. Hrgota,St. Pauli,Suecia,10,"CAM, ST, CM",Right,182,33,65,,65,64,65,67,40,60,64,64,48,66,59,65,72,60,62,69,69,61,71,68,61,65,51,67,60,63,55,45,69,64,59,70,38,38,33,11,14,11,14,6,7,2. Bundesliga
G. Thórdarson,St. Pauli,Islandia,3,"CM, CDM",Right,177,22,63,,60,61,63,64,54,62,61,62,53,64,49,63,54,58,68,66,61,59,66,61,60,63,50,62,64,58,61,55,61,61,61,65,54,55,50,12,10,13,10,13,6,2. Bundesliga
J. Westphal,St. Pauli,Alemania,41,CB,Right,192,22,57,,54,37,46,46,59,59,43,35,60,52,28,44,36,36,50,47,56,53,41,55,45,53,63,50,63,31,60,55,32,39,36,55,59,62,61,14,15,9,6,7,11,2. Bundesliga
A. Dźwigała,St. Pauli,Polonia,25,CB,Right,185,31,62,,53,40,52,52,66,67,52,30,63,59,39,51,41,41,54,50,54,53,48,62,53,60,64,66,69,44,65,70,31,43,43,62,65,67,66,12,10,12,12,11,11,2. Bundesliga
T. Andō,St. Pauli,Japón,15,"CB, CDM",Right,190,27,68,,61,46,55,57,72,71,51,38,69,60,44,54,50,47,63,59,63,60,54,67,57,65,78,66,74,46,70,69,44,49,50,63,71,75,70,12,7,13,15,14,9,2. Bundesliga
E. Smith,St. Pauli,Suecia,8,"CB, CDM, CM",Right,190,29,71,,68,49,59,59,76,73,57,44,80,64,42,53,52,49,67,62,69,68,59,66,62,60,73,70,74,52,74,78,47,52,46,69,76,75,72,14,11,8,14,7,15,2. Bundesliga
M. Mathisen,St. Pauli,Dinamarca,6,CB,Right,185,30,63,,59,44,50,52,64,68,47,40,62,55,35,48,44,41,59,53,53,63,56,63,53,60,64,62,71,42,67,69,37,42,41,60,64,63,63,12,11,15,7,10,7,2. Bundesliga
D. Nemeth,St. Pauli,Austria,4,CB,Left,191,25,67,,60,49,57,57,69,69,56,44,73,65,41,50,51,49,58,63,59,61,54,68,57,65,71,62,72,47,70,67,42,45,52,62,66,72,69,12,12,7,10,11,12,2. Bundesliga
R. Jansson,St. Pauli,Finlandia,2,RB,Right,177,22,61,,62,47,58,59,61,61,65,44,53,59,42,58,55,48,54,61,60,63,58,59,62,59,54,67,59,44,62,63,48,55,46,57,63,60,64,12,6,14,10,9,13,2. Bundesliga
D. Mitov,St. Pauli,Bulgaria,33,GK,Right,190,29,63,Bulgaria,38,21,30,32,21,44,17,10,19,32,13,20,17,20,34,34,37,38,45,63,44,47,51,35,51,21,38,28,12,41,26,41,20,18,19,63,61,56,66,65,41,2. Bundesliga
S. Spari,St. Pauli,Austria,30,GK,Left,187,24,58,,36,17,26,21,14,39,15,10,19,27,10,10,10,14,34,22,36,36,33,54,41,39,45,23,47,14,36,22,10,37,22,34,12,10,13,52,58,51,60,56,38,2. Bundesliga
B. Alexander Voll,St. Pauli,Alemania,1,GK,Right,195,25,61,,37,19,30,28,20,44,20,11,20,36,13,16,19,10,37,31,40,35,37,55,38,39,44,36,51,18,34,25,11,33,20,38,20,17,18,63,58,55,63,62,44,2. Bundesliga
A. Crimaldi,Bochum,Italia,37,"LW, LM",Left,180,19,59,,68,58,54,61,28,57,58,61,43,54,56,67,61,51,49,58,71,66,58,56,59,58,55,62,57,54,49,28,61,53,56,50,26,25,27,11,11,6,9,10,9,2. Bundesliga
P. Hofmann,Bochum,Alemania,33,"ST, CF",Left,195,33,69,,67,72,61,65,36,74,59,77,79,67,66,65,63,60,51,66,66,67,59,71,61,70,79,70,80,66,64,31,73,59,70,71,34,30,27,7,13,8,11,7,8,2. Bundesliga
M. Ouro-Tagba,Bochum,Togo,29,"ST, LW",Right,190,21,61,,64,62,53,58,28,60,49,63,62,59,63,59,54,56,42,59,64,64,53,62,55,66,66,55,63,53,58,28,64,52,63,62,25,22,23,6,6,10,12,8,8,2. Bundesliga
K. Miyoshi,Bochum,Japón,23,"RW, CAM, RM",Right,167,29,65,,73,66,63,69,32,56,66,66,50,62,61,72,66,60,60,67,77,70,70,63,72,64,51,66,54,68,52,36,70,62,61,62,25,30,32,8,10,13,9,13,7,2. Bundesliga
D. Hanslik,Bochum,Alemania,19,"ST, LW",Right,186,30,68,,70,69,60,68,37,67,61,70,77,64,69,71,67,55,51,68,69,71,61,65,63,72,68,62,73,64,56,36,71,59,68,63,32,31,31,6,11,8,12,10,10,2. Bundesliga
G. Holtmann,Bochum,Filipinas,17,LW,Left,183,31,64,,65,62,63,67,35,58,61,63,55,64,60,69,65,62,53,68,63,66,61,65,64,65,60,59,60,60,49,41,63,70,59,59,31,30,31,15,7,6,15,10,11,2. Bundesliga
J. Steuckers,Bochum,Bélgica,14,"RW, CM",Right,180,24,71,,80,68,66,74,39,63,65,67,65,69,68,74,72,60,59,73,81,79,81,71,72,73,63,71,61,64,58,40,71,67,67,72,36,33,37,7,15,11,9,12,14,2. Bundesliga
B. Taz,Bochum,Alemania,10,"ST, CAM",Right,174,27,63,,65,64,54,63,31,58,49,68,61,60,65,60,61,59,45,66,64,66,59,65,63,66,58,53,62,55,55,29,68,54,60,68,28,25,29,6,7,6,11,11,13,2. Bundesliga
C. Rasmussen,Bochum,Dinamarca,7,"RW, ST",Right,184,23,66,,70,67,65,69,39,59,69,68,54,67,60,72,64,59,58,68,68,71,69,64,65,65,57,65,59,68,52,37,69,65,61,66,39,37,31,8,7,6,8,9,6,2. Bundesliga
A. Wagbe,Bochum,Alemania,40,CDM,Right,191,22,53,,53,45,49,50,55,61,50,39,50,55,33,49,42,41,50,52,51,54,48,49,44,54,56,56,67,51,52,59,45,42,42,55,51,58,56,7,15,8,8,14,8,2. Bundesliga
L. Isbruch,Bochum,Alemania,39,RM,Right,170,18,58,,62,51,58,59,38,51,66,50,39,57,51,62,58,57,59,58,59,64,63,50,59,51,48,62,46,53,52,38,49,51,54,47,36,39,36,12,7,7,8,10,13,2. Bundesliga
T. Meyer,Bochum,Alemania,34,CDM,Right,195,18,59,,49,50,55,51,60,64,47,44,63,58,39,49,53,43,62,51,52,47,54,64,47,58,59,67,63,55,62,63,53,54,52,57,62,58,53,8,8,14,14,8,7,2. Bundesliga
M. Sobottka,Bochum,Alemania,31,CM,Right,183,32,62,,56,59,64,61,55,62,58,58,58,68,53,57,58,54,71,65,58,55,63,61,58,62,58,70,59,59,58,55,58,61,57,62,57,55,50,13,13,9,13,15,8,2. Bundesliga
C. Patino,Bochum,Inglaterra,28,"CDM, CM",Right,182,22,63,,56,55,61,58,62,66,57,48,59,66,50,52,54,50,61,63,58,55,61,65,58,69,56,65,67,60,67,63,54,61,54,63,62,63,64,15,14,7,15,14,15,2. Bundesliga
M. Pannewig,Bochum,Alemania,24,"CDM, CM, CAM",Right,195,21,65,,59,57,62,61,68,69,55,53,64,68,47,59,60,59,66,63,57,60,58,62,59,67,71,71,71,57,63,63,59,58,56,63,66,77,60,13,6,14,7,14,13,2. Bundesliga
E. Çokaj,Bochum,Albania,6,"CDM, CM",Right,176,27,66,,63,57,64,66,65,69,61,52,60,67,50,63,55,50,68,69,69,58,62,65,67,66,64,69,70,61,70,67,59,67,56,69,70,62,62,15,11,15,10,10,14,2. Bundesliga
M. Göttlicher,Bochum,Alemania,18,"CM, CAM",Right,170,18,56,,54,48,53,58,49,52,52,43,44,54,43,55,50,48,58,61,53,55,64,57,58,57,46,60,50,50,46,54,50,50,48,54,47,51,48,12,15,12,11,10,9,2. Bundesliga
M. Wittek,Bochum,Alemania,32,LB,Left,172,31,67,,73,51,63,67,67,66,65,47,59,66,48,66,61,56,58,68,66,78,73,69,69,59,62,74,63,53,63,65,55,60,53,60,67,70,70,9,6,14,7,13,15,2. Bundesliga
L. Sawas,Bochum,Alemania,31,LB,Left,177,19,59,,67,45,55,57,53,57,61,40,53,56,46,54,49,46,54,58,65,68,63,55,62,51,58,58,56,47,56,53,53,50,48,55,51,53,57,13,15,14,9,7,8,2. Bundesliga
B. Drakas,Bochum,Alemania,27,CAM,Left,173,23,58,,59,58,60,61,33,48,61,58,44,60,55,61,59,53,62,63,57,61,59,58,64,59,49,56,43,58,48,34,60,61,54,58,34,31,23,11,15,7,11,10,7,2. Bundesliga
M. Steinwender,Bochum,Austria,15,"CB, RB",Left,190,26,65,,61,44,53,58,70,72,52,39,72,63,34,56,49,38,56,61,65,58,53,62,51,57,68,65,78,47,66,64,37,41,47,66,72,71,68,15,9,8,7,13,13,2. Bundesliga
O. Olsen,Bochum,Dinamarca,13,"RB, LB, CB",Right,188,26,68,,74,52,64,64,64,69,65,45,57,67,53,65,59,55,61,61,77,72,68,67,60,66,71,70,69,53,65,66,59,61,51,61,65,62,71,6,6,13,15,14,8,2. Bundesliga
J. Manuel Mbom,Bochum,Alemania,8,RB,Left,185,26,64,,73,50,58,60,63,62,64,47,59,59,40,56,54,51,60,62,72,73,63,64,61,56,59,60,63,52,63,61,44,53,52,61,67,62,61,8,15,8,12,8,11,2. Bundesliga
K. Mets,Bochum,Estonia,5,CB,Right,191,33,67,Estonia,57,45,54,58,69,69,49,41,71,60,41,57,50,47,57,56,56,57,56,65,57,55,69,63,72,44,71,67,45,47,50,71,68,72,68,15,13,12,13,10,15,2. Bundesliga
Y. Karademir,Bochum,Alemania,4,CB,Right,188,22,63,,56,41,52,49,69,67,45,36,66,63,33,44,43,39,54,51,55,56,48,61,49,60,65,59,68,37,74,69,31,45,39,62,66,74,64,13,7,14,14,13,9,2. Bundesliga
P. Strompf,Bochum,Alemania,3,"CB, RB",Right,194,28,67,,65,48,55,56,72,74,50,42,77,61,37,51,43,54,59,61,63,66,49,64,49,61,67,66,80,51,69,70,40,50,47,64,72,75,65,8,15,6,10,11,7,2. Bundesliga
S. Klaiber,Bochum,Surinam,2,RB,Right,179,32,68,,71,54,63,66,64,68,70,49,62,65,53,65,59,52,65,64,71,71,69,67,71,61,63,72,67,56,67,62,58,57,52,66,58,71,72,12,7,14,12,8,6,2. Bundesliga
M. Tolba,Bochum,Alemania,9,"RB, LB",Right,185,22,55,,60,41,50,54,54,54,56,40,52,49,33,57,48,46,51,51,61,59,54,50,57,52,53,60,54,36,48,52,45,48,36,49,51,57,55,13,14,8,11,15,9,2. Bundesliga
H. Rölleke,Bochum,Alemania,38,GK,Right,204,21,58,,36,17,28,23,17,43,10,10,23,39,10,14,15,10,29,21,35,36,35,57,39,39,43,34,52,13,32,31,10,35,19,39,12,12,10,57,57,51,60,60,34,2. Bundesliga
T. Casali,Bochum,Austria,16,GK,Left,191,30,59,,34,17,28,24,17,40,14,10,18,34,10,11,10,16,34,25,32,36,39,52,43,38,51,31,46,13,31,24,10,37,20,42,16,13,18,58,57,54,56,60,38,2. Bundesliga
T. Horn,Bochum,Alemania,1,GK,Left,190,33,67,,35,24,37,35,24,47,22,15,27,46,23,22,27,19,36,38,36,35,46,68,49,48,58,42,50,21,43,33,23,43,30,45,25,17,24,69,63,61,65,69,43,2. Bundesliga
E. Sahiti,Hannover 96,Kosovo,44,"RW, RM",Right,174,27,66,,73,61,60,64,35,57,60,60,49,64,63,62,66,55,52,67,74,72,64,61,70,61,60,64,55,61,52,37,70,61,64,63,32,34,27,9,8,8,10,10,9,2. Bundesliga
T. Etçibasi,Hannover 96,Alemania,28,ST,Right,182,19,60,,64,62,48,59,25,57,40,63,60,58,62,57,53,47,41,63,60,68,60,52,53,64,63,58,59,56,51,25,60,45,61,56,20,19,20,7,7,9,15,9,8,2. Bundesliga
T. Hobrecht,Hannover 96,Alemania,26,"RW, ST",Right,172,19,58,,70,60,56,59,28,49,59,62,44,57,54,60,61,50,47,55,73,68,65,55,67,60,49,58,47,58,45,24,59,56,52,55,27,26,24,10,12,12,15,9,14,2. Bundesliga
L. Gindorf,Hannover 96,Alemania,25,"ST, LW, CAM",Right,182,25,65,,67,68,57,65,33,66,57,72,62,60,66,62,58,53,50,68,68,66,63,70,63,67,64,62,73,59,53,24,70,60,63,63,33,30,29,12,11,13,15,10,6,2. Bundesliga
B. Pichler,Hannover 96,Austria,11,ST,Right,184,29,62,,67,60,49,60,28,61,51,60,60,52,61,58,50,51,39,62,70,65,60,59,58,65,61,56,65,55,59,26,65,50,61,62,23,27,20,7,10,15,6,6,13,2. Bundesliga
B. Källman,Hannover 96,Finlandia,9,ST,Right,182,28,70,Finlandia,70,73,60,70,34,68,62,77,69,61,75,70,63,60,54,72,66,73,66,68,64,71,68,64,72,67,64,32,78,59,71,73,29,31,25,10,11,15,11,6,12,2. Bundesliga
W. Taïbi,Hannover 96,Francia,8,"CAM, LW, ST",Right,184,24,66,,67,65,70,68,39,58,70,62,56,71,62,67,65,63,60,71,70,64,68,64,61,69,56,64,59,70,51,43,59,77,67,66,35,38,33,8,10,13,15,11,12,2. Bundesliga
M. Bundu,Hannover 96,Sierra Leona,7,"RW, LW",Left,188,29,69,,76,64,66,72,38,62,69,60,56,63,63,72,63,64,63,72,74,77,77,71,68,72,61,67,61,64,56,42,71,70,63,71,37,34,31,7,6,7,10,14,15,2. Bundesliga
J. Reinhold,Hannover 96,Alemania,38,CDM,Right,171,18,60,,55,54,58,56,60,58,50,52,53,65,51,53,54,50,64,59,54,56,53,59,60,57,59,62,57,55,57,63,51,51,54,65,61,61,55,7,8,8,13,15,8,2. Bundesliga
A. Vogel,Hannover 96,Alemania,37,"CAM, CM",Right,173,20,58,,65,56,59,61,32,49,52,57,41,65,47,60,55,53,56,65,66,64,58,55,58,57,41,52,51,53,43,29,61,61,57,57,30,32,31,7,6,11,14,9,9,2. Bundesliga
M. Neubauer,Hannover 96,Alemania,33,"CM, RM, LM",Right,175,30,67,,63,62,69,68,60,65,60,58,51,74,62,67,70,59,68,68,65,62,69,67,70,65,61,68,67,67,57,54,61,71,63,65,61,66,58,7,12,12,10,6,14,2. Bundesliga
H. Matsuda,Hannover 96,Japón,27,"RB, RM",Right,171,23,66,,69,53,62,64,63,64,68,48,50,63,44,64,57,51,63,62,67,70,67,63,72,61,62,69,62,59,64,65,53,56,51,64,64,62,70,15,10,8,7,13,15,2. Bundesliga
S. Thórdarson,Hannover 96,Islandia,23,"CDM, CAM, CB",Left,189,27,65,,60,55,63,59,66,67,56,48,65,71,47,57,55,52,64,60,56,64,60,64,58,68,66,66,66,58,69,61,55,58,58,63,66,69,65,15,12,15,13,10,12,2. Bundesliga
M. Mhango,Hannover 96,Malawi,21,"LW, LM",Right,167,19,58,,69,57,58,62,25,49,59,60,43,61,56,61,58,52,51,63,70,68,68,63,66,55,44,61,46,55,42,25,50,57,54,52,21,26,18,12,15,14,14,15,14,2. Bundesliga
F. Roggow,Hannover 96,Alemania,13,CM,Left,186,24,61,,59,56,61,62,55,61,56,56,48,68,53,62,53,54,59,66,57,60,56,61,55,54,53,62,62,56,58,57,62,61,56,59,57,56,51,10,15,10,13,8,11,2. Bundesliga
M. Hartel,Hannover 96,Alemania,10,"CAM, LW, CM",Right,176,30,71,,74,70,74,74,47,65,72,70,57,77,62,73,74,68,68,76,72,75,75,74,71,72,58,67,63,70,67,47,74,76,66,69,49,44,39,7,14,7,12,12,13,2. Bundesliga
Y. Uenal,Hannover 96,Alemania,24,"RB, LB",Left,174,18,61,,67,43,57,58,60,60,58,36,52,61,42,58,55,46,58,59,70,65,52,57,64,54,55,68,56,45,59,62,45,51,47,53,61,60,62,7,10,8,9,11,8,2. Bundesliga
I. Okon,Hannover 96,Sudáfrica,20,CB,Right,187,22,69,Sudáfrica,63,50,57,58,73,70,59,43,74,61,46,48,49,49,61,67,61,65,52,68,56,67,69,66,71,53,71,71,42,50,51,69,74,75,67,7,7,9,12,14,6,2. Bundesliga
B. Allgeier,Hannover 96,Alemania,17,CB,Right,193,24,63,,61,44,50,53,66,67,44,40,71,59,34,50,45,42,56,54,57,64,52,66,53,56,66,62,71,44,64,67,38,39,45,64,68,63,64,14,10,14,12,11,8,2. Bundesliga
V. Ghiță,Hannover 96,Rumanía,5,"CB, CDM",Right,186,28,67,Rumanía,63,48,55,58,69,70,51,44,68,63,44,55,46,51,55,60,59,66,58,65,54,61,72,67,74,46,62,63,41,46,48,69,71,72,66,15,14,12,12,11,14,2. Bundesliga
J. Hugonet,Hannover 96,Francia,4,"CB, RB",Right,186,26,64,,58,46,51,51,67,66,48,39,69,58,45,47,43,47,63,52,60,57,53,61,53,67,71,57,69,42,71,64,38,38,47,60,66,70,63,6,14,14,10,9,8,2. Bundesliga
B. Tomiak,Hannover 96,Alemania,3,"CB, CDM",Right,193,28,66,,63,47,54,58,71,70,55,42,75,61,43,53,50,48,51,62,65,62,58,66,49,59,74,66,71,47,73,72,42,47,50,67,66,73,70,6,11,8,6,13,12,2. Bundesliga
K. Steinmann,Hannover 96,Alemania,2,RB,Right,186,20,60,,61,43,56,56,58,63,57,37,59,62,45,53,49,47,59,56,60,62,62,55,60,59,62,65,65,41,57,58,51,46,40,55,59,57,57,13,15,13,13,11,8,2. Bundesliga
L. Weinkauf,Hannover 96,Alemania,30,GK,Right,189,30,58,,36,17,27,26,16,39,13,11,18,35,11,17,12,11,30,26,35,36,35,54,38,36,46,31,43,12,36,22,10,34,22,34,14,15,16,60,56,50,58,63,34,2. Bundesliga
P. Loretz,Hannover 96,Suiza,1,GK,Right,193,23,66,,39,23,34,30,23,52,19,16,24,43,11,12,20,18,41,39,33,44,40,65,45,45,50,42,59,22,50,30,24,38,22,41,20,19,25,66,67,59,67,72,47,2. Bundesliga
A. Grimaldi,1. FC Nürnberg,Alemania,39,"ST, CF",Right,188,35,61,,57,61,52,59,28,62,50,62,73,53,65,58,55,51,43,60,59,55,51,68,56,61,60,59,66,59,54,22,63,60,59,61,21,27,20,11,6,15,14,11,12,2. Bundesliga
M. Alì Zoma,1. FC Nürnberg,Italia,23,"LW, ST, LM",Right,174,22,72,Italia,76,69,69,77,41,64,73,69,55,69,71,77,74,63,64,78,74,78,78,72,81,65,62,71,63,71,60,41,78,68,67,64,42,38,37,10,8,13,8,11,6,2. Bundesliga
P. Scobel,1. FC Nürnberg,Alemania,19,ST,Right,191,21,63,,61,62,53,61,30,59,54,64,70,58,60,60,48,53,43,64,62,61,54,64,53,63,70,58,62,56,52,27,62,51,65,67,26,26,24,12,10,9,8,15,9,2. Bundesliga
W. Bøving,1. FC Nürnberg,Dinamarca,11,LW,Right,180,23,70,,76,67,68,72,39,61,65,66,57,71,74,76,69,60,63,70,79,73,63,75,72,64,62,72,59,70,50,39,71,69,68,70,41,35,28,8,9,10,7,6,6,2. Bundesliga
J. Justvan,1. FC Nürnberg,Alemania,10,"RW, CAM, RM",Right,177,28,69,,79,68,67,73,36,61,73,69,53,61,65,74,67,65,63,74,75,83,72,70,61,66,61,65,62,68,55,37,76,73,68,71,37,32,30,12,15,14,7,6,7,2. Bundesliga
S. Haugen,1. FC Nürnberg,Noruega,9,ST,Left,187,29,62,,63,63,52,59,26,60,51,63,66,56,59,62,55,57,45,56,57,68,56,67,56,70,59,59,61,58,58,27,66,49,61,65,22,18,23,7,15,9,6,8,9,2. Bundesliga
R. Ghrieb,1. FC Nürnberg,Francia,7,RW,Right,182,27,64,,71,60,62,66,32,56,63,59,54,63,58,69,62,61,52,62,70,71,62,67,68,66,56,65,55,55,46,30,69,65,62,66,31,26,31,7,11,9,15,7,6,2. Bundesliga
L. Chiumento,1. FC Nürnberg,Alemania,29,ST,Right,190,19,57,,55,59,46,57,24,59,47,63,61,48,52,56,51,50,36,60,53,56,53,52,52,61,62,53,63,51,54,21,61,48,57,61,22,17,24,11,9,6,11,8,8,2. Bundesliga
S. Joachims,1. FC Nürnberg,Alemania,35,CM,Right,177,24,55,,51,49,56,56,48,53,53,49,46,60,47,53,47,47,54,60,53,50,52,58,61,51,48,59,53,49,49,53,52,57,49,55,47,45,50,9,12,9,13,15,10,2. Bundesliga
C. Moustfa,1. FC Nürnberg,Siria,28,"LW, LM",Right,176,21,56,Siria,59,53,54,59,27,46,63,53,47,54,54,61,59,45,48,57,60,59,61,57,53,53,42,56,43,52,42,23,56,53,53,52,28,25,15,6,12,14,12,12,14,2. Bundesliga
F. Becker,1. FC Nürnberg,Alemania,22,"CAM, CM, RM",Right,177,26,66,,66,66,68,71,38,59,61,65,51,69,61,72,66,65,69,74,72,61,67,67,63,66,57,67,58,68,52,36,66,72,66,65,41,34,29,13,15,11,6,8,7,2. Bundesliga
R. Lubach,1. FC Nürnberg,Alemania,18,"CM, LW, CAM",Right,175,21,70,,64,63,71,70,62,62,67,59,62,75,59,73,63,56,74,69,68,60,67,63,67,68,61,68,58,67,63,62,71,72,67,66,61,63,59,12,14,10,8,8,12,2. Bundesliga
M. Soldic,1. FC Nürnberg,Alemania,16,CDM,Left,183,16,59,,57,47,57,52,60,60,51,43,58,65,40,50,48,53,62,54,58,57,51,54,52,56,55,60,61,49,59,62,48,50,52,54,58,62,54,14,6,8,10,10,11,2. Bundesliga
J. Fernández,1. FC Nürnberg,España,8,CDM,Left,186,19,62,,60,50,59,55,64,66,50,45,64,67,46,54,47,49,65,56,58,61,53,57,53,60,62,66,67,52,64,69,54,57,49,66,64,62,61,15,10,10,10,7,15,2. Bundesliga
A. Markhiev,1. FC Nürnberg,Finlandia,6,"CM, CDM",Left,183,24,69,Finlandia,65,66,67,71,61,70,65,63,64,71,62,74,67,61,66,69,63,66,67,70,68,69,63,77,70,71,63,63,65,66,62,71,58,64,55,10,12,11,14,11,13,2. Bundesliga
W. Osawe,1. FC Nürnberg,Alemania,2,"CM, CDM",Left,189,19,59,,59,54,63,60,49,57,57,51,55,71,51,58,57,53,59,65,60,59,56,57,55,55,58,62,57,59,51,48,54,62,54,55,50,47,51,12,15,7,13,7,7,2. Bundesliga
T. Hess,1. FC Nürnberg,Alemania,43,"RB, LB",Right,176,20,60,,62,46,56,57,59,59,59,44,52,59,40,57,47,48,57,54,63,61,63,57,58,51,62,63,56,46,61,63,49,49,53,57,58,59,60,7,9,8,13,6,8,2. Bundesliga
E. Porstner,1. FC Nürnberg,Alemania,41,LB,Right,187,19,63,,71,52,61,60,60,65,69,49,57,66,44,59,54,47,56,61,71,71,60,59,63,61,61,67,66,52,59,61,58,51,51,59,58,62,62,8,11,13,13,15,7,2. Bundesliga
K. Mandic,1. FC Nürnberg,Croacia,36,"LB, RB",Right,175,19,56,,63,41,54,54,52,50,56,34,50,55,40,56,49,40,57,52,60,66,55,54,58,55,52,56,47,43,50,51,43,51,36,54,54,51,55,9,15,6,12,14,12,2. Bundesliga
T. Janisch,1. FC Nürnberg,Alemania,32,RB,Right,177,21,64,,68,49,60,60,60,63,65,43,53,61,46,54,54,53,63,65,67,69,67,65,60,61,61,73,59,51,62,61,55,53,46,64,57,61,67,13,6,12,14,8,13,2. Bundesliga
E. Valentini,1. FC Nürnberg,Italia,22,"RB, LB",Left,182,37,64,,61,51,60,62,63,63,60,50,56,63,51,61,59,50,62,60,63,60,64,65,64,62,57,68,62,45,62,63,54,58,46,65,65,63,66,11,13,6,13,6,12,2. Bundesliga
G. Masouras,1. FC Nürnberg,Grecia,21,RB,Right,181,30,59,Grecia,62,46,56,57,60,57,64,47,47,57,41,57,53,46,50,59,61,62,55,56,55,52,61,59,55,41,59,58,43,52,48,58,60,67,60,11,15,14,14,11,12,2. Bundesliga
F. Otto,1. FC Nürnberg,Alemania,20,CB,Right,192,24,62,,58,40,49,53,68,68,48,34,69,57,33,49,41,36,48,58,51,63,50,58,43,54,68,58,73,42,67,67,34,42,46,57,71,65,65,6,14,14,11,9,6,2. Bundesliga
M. Faye,1. FC Nürnberg,Senegal,15,CB,Right,186,22,70,,65,48,58,59,72,73,58,41,73,65,47,53,47,48,62,64,67,63,51,74,62,67,75,71,74,46,71,78,48,50,51,68,69,72,71,14,10,14,6,6,13,2. Bundesliga
A. Ceresoli,1. FC Nürnberg,Italia,14,"LM, RM",Left,177,23,62,,67,59,60,67,40,60,62,60,47,61,53,67,56,53,56,70,66,67,59,63,66,59,51,71,57,57,55,37,59,61,58,59,43,38,38,7,13,9,12,8,9,2. Bundesliga
S. Mkrtchyan,1. FC Nürnberg,Armenia,5,CB,Right,192,23,60,,60,39,46,51,64,64,39,37,66,53,39,50,41,38,49,52,59,60,45,55,46,54,63,60,69,32,59,61,32,40,40,62,63,67,59,15,7,9,13,13,15,2. Bundesliga
A. Kalogeropoulos,1. FC Nürnberg,Grecia,4,CB,Right,187,22,66,,61,47,55,57,69,71,52,39,66,61,45,50,48,49,59,63,64,58,55,66,55,64,66,63,77,50,69,64,45,47,50,60,76,66,69,10,14,11,12,12,14,2. Bundesliga
N. Ortegel,1. FC Nürnberg,Alemania,46,GK,Right,193,22,61,,36,19,32,28,20,40,22,13,24,37,10,14,15,13,33,35,39,34,35,61,38,41,42,32,46,15,37,28,11,39,15,42,15,19,17,60,59,52,60,67,41,2. Bundesliga
C. Mathenia,1. FC Nürnberg,Alemania,26,GK,Right,189,34,63,,30,20,35,33,19,47,18,12,21,44,12,22,16,20,37,37,32,29,39,61,42,43,49,44,52,16,39,26,17,44,25,39,19,13,21,68,65,56,64,64,39,2. Bundesliga
R. Lisewski,1. FC Nürnberg,Polonia,13,GK,Right,195,20,58,,38,17,27,23,19,40,13,10,19,33,15,13,14,11,29,24,31,43,32,48,42,40,45,31,51,10,25,23,11,35,18,31,17,17,20,55,59,46,57,59,37,2. Bundesliga
J. Reichert,1. FC Nürnberg,Alemania,1,GK,Right,191,25,68,,46,28,37,35,25,52,24,20,25,41,21,23,24,23,37,39,46,46,43,67,47,51,56,41,60,25,44,33,22,50,29,52,24,20,28,71,68,60,67,66,46,2. Bundesliga
T. Benedict,Wolfsburg,Alemania,43,RW,Right,171,19,60,,67,60,57,63,30,52,61,60,49,58,54,64,60,55,55,59,70,65,74,59,63,62,54,59,51,57,45,31,72,53,56,59,25,29,24,10,6,7,8,15,14,2. Bundesliga
B. Katz,Wolfsburg,Finlandia,42,ST,Right,198,18,61,,62,62,52,58,28,61,50,63,68,54,60,60,57,57,45,59,54,68,54,59,52,65,66,54,68,56,53,27,63,51,58,58,22,25,18,10,11,13,9,9,13,2. Bundesliga
A. Besio,Wolfsburg,Suiza,23,"LW, ST, LM",Left,185,22,67,,72,66,67,66,34,58,68,67,49,69,64,66,68,59,61,66,71,72,68,70,65,67,60,63,56,64,55,36,72,68,63,62,30,32,33,15,14,9,13,6,15,2. Bundesliga
R. Glatzel,Wolfsburg,Alemania,19,"ST, CF",Right,193,32,69,,71,70,61,70,35,71,57,74,77,64,66,69,60,54,58,71,70,72,64,76,62,71,69,63,79,61,60,31,67,64,68,77,30,32,28,8,8,10,10,6,15,2. Bundesliga
F. Reese,Wolfsburg,Alemania,11,"LW, RW, CAM",Left,187,28,70,,80,67,66,76,41,68,70,65,63,70,71,82,65,66,60,74,81,80,73,68,63,64,63,73,70,69,58,45,78,62,67,63,39,37,28,10,9,12,13,11,13,2. Bundesliga
K. Shiogai,Wolfsburg,Japón,7,ST,Right,180,21,72,Japón,76,74,63,71,36,71,62,78,67,67,76,70,68,61,56,70,77,76,72,73,74,75,73,68,74,62,67,35,78,63,74,78,35,30,28,14,8,9,13,8,13,2. Bundesliga
E. Rexhbeçaj,Wolfsburg,Kosovo,37,"CM, CDM",Right,182,28,69,,62,65,70,69,59,67,68,63,63,72,61,68,66,63,67,71,69,57,70,66,64,71,67,72,66,68,64,54,65,74,60,69,58,61,62,8,14,13,7,8,8,2. Bundesliga
M. Svanberg,Wolfsburg,Suecia,32,"CDM, CM, LW",Left,178,27,72,,67,64,69,67,74,77,66,60,65,69,62,63,60,63,75,70,72,63,66,73,66,67,68,70,79,69,81,72,66,70,58,71,81,71,70,12,15,14,7,6,8,2. Bundesliga
Y. Gerhardt,Wolfsburg,Alemania,31,"CDM, CM",Left,184,32,70,,59,61,69,65,71,73,62,58,67,74,53,65,63,56,71,64,58,59,61,77,67,69,65,73,73,63,75,71,62,69,55,73,70,71,74,13,10,12,15,6,6,2. Bundesliga
M. Arnold,Wolfsburg,Alemania,27,CDM,Right,183,32,72,,62,63,71,68,72,73,62,57,71,76,55,64,67,61,71,71,59,64,65,70,68,72,70,77,70,69,75,75,62,74,58,73,74,69,71,9,13,9,11,11,14,2. Bundesliga
C. Eriksen,Wolfsburg,Dinamarca,24,"CM, CAM, RW",Right,182,34,74,,67,71,75,75,66,74,73,71,64,79,65,78,69,65,77,75,69,66,66,71,69,71,70,79,73,73,71,65,71,73,65,78,68,68,56,12,10,6,12,7,9,2. Bundesliga
M. Mehmet Damar,Wolfsburg,Alemania,20,"CAM, CM",Right,185,22,69,,72,71,70,71,44,60,67,73,57,75,61,72,69,70,58,71,71,73,68,67,67,68,66,62,61,71,55,45,76,74,66,69,42,41,39,12,7,6,11,7,12,2. Bundesliga
A. Bernhardsson,Wolfsburg,Suecia,17,"RW, RM, CAM",Left,185,28,68,Suecia,75,66,67,70,38,65,68,66,57,71,63,73,70,63,57,69,74,75,71,64,66,63,60,73,67,67,53,40,74,66,68,58,33,37,35,6,14,7,7,11,14,2. Bundesliga
P. Hensel,Wolfsburg,Alemania,14,"LW, LM",Right,171,19,66,,74,67,63,69,35,58,64,65,56,64,64,73,64,56,52,64,77,71,70,63,73,69,56,72,53,67,55,39,70,68,69,64,32,32,25,9,8,13,8,12,12,2. Bundesliga
F. Hornby,Wolfsburg,Escocia,10,"CAM, ST, LW",Right,195,27,70,,67,71,69,71,46,66,68,70,68,70,69,70,70,64,65,76,65,69,67,71,65,73,72,67,70,74,55,49,71,73,69,67,50,35,37,13,12,11,13,13,7,2. Bundesliga
B. Dárdai,Wolfsburg,Hungría,8,CDM,Right,185,20,69,,65,60,66,61,68,71,62,55,61,73,60,55,56,61,69,65,67,63,64,65,59,68,68,71,70,66,74,70,60,60,58,66,69,66,69,15,14,13,14,14,15,2. Bundesliga
Vini Souza,Wolfsburg,Brasil,5,"CDM, CM",Right,187,27,74,,69,66,71,66,74,75,67,62,74,75,56,63,68,58,70,65,68,69,66,77,70,72,69,74,77,73,72,74,61,73,69,77,73,76,71,11,12,8,6,6,10,2. Bundesliga
A. Vranckx,Wolfsburg,Bélgica,3,CM,Right,183,24,72,,75,68,72,74,66,72,69,68,69,70,58,72,71,70,76,78,73,76,66,77,71,73,67,74,74,68,65,66,72,75,63,70,68,63,66,7,11,12,6,9,7,2. Bundesliga
Cleiton Santos,Wolfsburg,Brasil,33,CB,Right,194,23,63,,56,43,49,53,66,73,43,35,72,54,40,49,47,40,55,57,57,56,50,61,48,61,73,63,80,43,66,63,41,44,41,61,61,68,70,12,14,10,7,15,8,2. Bundesliga
S. Kumbedi,Wolfsburg,Francia,26,"RB, RM, CAM",Left,175,21,61,,66,45,57,56,58,61,63,39,49,61,42,54,54,51,52,55,61,71,62,57,67,57,57,64,59,47,62,60,45,49,49,57,55,61,59,13,10,14,15,10,6,2. Bundesliga
A. Zehnter,Wolfsburg,Alemania,25,LB,Left,180,21,70,,77,57,66,68,68,68,74,55,63,71,50,66,60,58,61,71,78,77,71,68,69,62,63,73,66,56,68,70,61,59,62,63,71,65,69,11,9,8,13,8,12,2. Bundesliga
M. Angély,Wolfsburg,Francia,22,CB,Right,188,19,64,,60,44,54,53,67,66,47,38,68,63,40,50,37,42,53,54,62,58,52,60,58,59,66,62,68,44,66,67,42,52,41,60,63,72,64,10,15,13,6,9,10,2. Bundesliga
J. Mæhle,Wolfsburg,Dinamarca,21,"LB, LW, LM",Left,186,29,73,,80,60,70,69,71,73,73,59,73,71,56,68,62,58,70,68,81,79,69,69,70,65,72,81,69,58,71,72,60,68,57,74,69,70,73,13,15,12,6,8,11,2. Bundesliga
J. Adjetey,Wolfsburg,Ghana,18,CB,Right,188,22,71,Ghana,69,54,61,60,73,74,61,49,75,67,49,54,53,51,65,66,68,69,56,68,60,71,74,68,76,49,77,76,52,51,50,68,74,71,67,12,12,13,10,13,12,2. Bundesliga
Rogério,Wolfsburg,Brasil,13,"LB, LM",Right,178,28,64,,70,49,59,63,62,62,66,44,59,59,39,63,55,49,60,61,67,72,66,62,65,60,58,69,58,49,62,62,57,54,50,63,62,62,65,13,8,11,8,9,6,2. Bundesliga
H. Wahl,Wolfsburg,Alemania,6,"CB, CDM",Right,185,32,73,,69,53,66,64,75,78,62,48,75,73,49,62,53,59,67,64,67,70,60,73,68,69,77,67,83,52,78,72,44,63,53,75,77,75,72,8,15,13,11,11,15,2. Bundesliga
K. Fischer,Wolfsburg,Alemania,2,RB,Left,182,25,70,,76,57,62,66,68,71,72,54,58,59,53,68,56,52,65,64,75,77,68,70,66,66,66,76,68,55,73,72,61,57,56,62,68,66,76,9,14,10,15,11,7,2. Bundesliga
J. Zieliński,Wolfsburg,Polonia,30,GK,Right,194,18,62,,37,17,32,27,19,42,23,10,25,38,12,16,17,13,32,29,38,36,36,62,41,38,54,36,47,14,35,28,15,40,21,42,15,16,12,65,61,55,63,63,32,2. Bundesliga
T. Wellenreuther,Wolfsburg,Alemania,29,GK,Left,186,30,71,,43,27,38,38,28,57,27,18,30,44,16,25,23,28,40,44,40,46,45,65,53,52,65,50,65,25,43,34,17,45,32,53,25,27,26,68,68,67,70,77,49,2. Bundesliga
P. Pervan,Wolfsburg,Austria,12,GK,Left,192,38,65,,31,24,34,34,23,48,21,18,22,38,17,23,18,13,41,35,28,33,42,67,47,42,48,38,56,23,39,30,14,43,26,45,22,22,19,67,64,58,62,67,44,2. Bundesliga
J. Ndi,Hertha BSC,Alemania,28,LW,Left,180,19,60,,69,60,58,62,29,52,58,60,49,57,59,64,63,58,53,61,72,66,62,57,62,61,56,60,51,59,46,31,60,63,56,55,29,24,20,9,6,10,11,14,9,2. Bundesliga
N. Hildebrandt,Hertha BSC,Alemania,26,ST,Left,170,18,60,,61,59,49,62,25,58,48,58,54,50,57,63,56,46,42,62,61,61,66,54,60,63,58,59,57,59,57,24,59,52,62,58,23,20,19,11,9,12,7,15,9,2. Bundesliga
J. Thorsteinsson,Hertha BSC,Islandia,23,"LW, RW, RM",Right,177,27,62,,68,57,61,64,31,56,65,52,51,65,58,66,61,56,55,60,67,68,69,65,69,62,54,61,54,58,53,33,62,57,64,63,27,28,25,9,14,9,13,9,6,2. Bundesliga
F. Alfa-Ruprecht,Hertha BSC,Alemania,20,"RW, LW",Right,181,20,67,,72,66,67,69,37,63,73,69,52,67,63,69,66,59,64,70,72,72,68,66,66,62,60,66,64,66,56,40,66,66,65,63,34,32,36,12,10,7,8,8,12,2. Bundesliga
O. Adewumi,Hertha BSC,Austria,19,"ST, RM, LW",Right,182,21,64,,63,66,51,62,27,62,51,69,63,51,64,60,57,50,49,62,64,62,62,68,59,63,69,58,65,62,56,25,69,53,61,67,25,19,22,9,6,8,6,15,15,2. Bundesliga
L. Schuler,Hertha BSC,Alemania,18,"ST, CF",Right,190,27,65,,65,68,54,61,32,68,49,72,68,59,62,61,57,57,47,59,68,63,61,63,59,68,67,64,73,65,59,25,65,56,60,68,28,30,25,15,15,10,6,15,12,2. Bundesliga
S. Grønning,Hertha BSC,Dinamarca,17,ST,Right,188,29,61,,59,66,51,62,28,60,52,69,62,54,60,63,54,47,46,64,57,61,59,62,52,70,62,54,62,56,60,25,68,48,61,59,25,24,20,12,7,9,8,10,11,2. Bundesliga
G. Nilsson,Hertha BSC,Suecia,9,"ST, LW",Right,197,29,68,,70,70,59,66,36,68,59,70,75,62,71,65,57,59,58,68,65,74,58,70,58,70,72,65,73,70,60,38,68,57,67,70,33,28,31,6,15,12,13,8,12,2. Bundesliga
J. Brekalo,Hertha BSC,Croacia,7,"LW, CAM, LM",Right,175,28,69,,77,67,65,72,39,61,68,68,58,67,66,71,65,59,58,75,73,80,73,71,74,67,64,71,59,65,52,34,69,66,63,66,37,40,30,7,11,13,9,10,11,2. Bundesliga
S. Telib,Hertha BSC,Egipto,47,RW,Right,184,20,59,,71,57,56,59,30,52,58,55,55,57,55,59,53,50,55,59,73,70,65,61,57,58,54,56,53,58,45,27,66,57,60,55,28,29,24,13,14,13,8,10,8,2. Bundesliga
P. Klemens,Hertha BSC,Alemania,41,CDM,Right,186,21,65,,61,54,62,58,68,68,58,49,60,70,50,55,54,55,57,58,58,63,57,64,66,59,65,68,68,60,68,70,59,57,58,61,70,69,66,7,6,12,6,7,8,2. Bundesliga
K. Todorovic,Hertha BSC,Turkiye,36,"CDM, CM",Right,179,19,58,,57,49,54,54,58,62,46,45,56,58,41,53,47,45,58,58,55,58,48,56,50,57,52,63,62,52,61,62,57,55,46,50,54,58,59,6,6,8,6,12,10,2. Bundesliga
S. Gouram,Hertha BSC,Estonia,33,"CAM, CM",Right,187,20,58,,60,58,59,62,30,52,56,54,42,59,52,66,58,54,56,62,63,57,56,57,59,61,50,55,54,63,43,30,62,65,57,55,31,28,24,15,9,10,15,11,15,2. Bundesliga
P. Seguin,Hertha BSC,Alemania,30,"CDM, CM",Right,186,31,65,,56,55,59,59,69,70,56,48,61,59,48,53,58,52,64,63,54,58,54,72,57,65,67,69,68,60,78,75,55,60,59,70,67,69,69,6,7,6,15,9,12,2. Bundesliga
B. Lum,Hertha BSC,Alemania,21,"CM, CDM",Right,173,19,60,,60,57,58,56,53,58,52,56,49,59,47,53,56,51,58,58,63,58,59,57,60,62,49,63,57,58,58,56,52,62,52,62,53,53,51,8,15,15,7,13,9,2. Bundesliga
K. Sessa,Hertha BSC,Alemania,8,"CDM, CM",Right,175,26,63,,60,53,60,59,63,64,51,47,55,64,47,60,50,58,67,58,58,62,57,63,61,61,59,65,63,60,66,61,54,61,55,64,67,64,62,11,9,7,9,9,13,2. Bundesliga
D. Demme,Hertha BSC,Alemania,6,CDM,Right,170,34,63,,52,53,61,61,64,65,53,49,57,65,52,60,49,57,67,62,53,51,59,65,59,63,56,64,67,53,63,71,55,61,53,64,63,63,61,9,12,10,11,13,11,2. Bundesliga
J. Gottschalk,Hertha BSC,Alemania,3,RM,Right,180,20,56,,64,52,57,55,39,56,58,52,47,57,52,57,54,54,60,54,63,65,51,55,57,50,50,64,55,55,51,43,54,53,50,49,38,35,35,12,9,11,10,14,9,2. Bundesliga
L. Gechter,Hertha BSC,Alemania,44,"CB, RB",Right,190,22,69,,62,51,60,59,70,72,55,45,75,68,45,54,53,54,62,63,64,61,57,69,57,70,76,65,76,47,69,64,44,53,54,69,74,67,78,13,14,6,9,13,7,2. Bundesliga
D. Zeefuik,Hertha BSC,Países Bajos,42,"RB, LB",Right,185,28,63,,71,54,58,61,64,68,64,56,62,58,48,61,55,51,57,61,69,73,59,65,62,59,63,69,69,47,65,61,49,56,48,62,60,69,64,8,7,11,15,15,10,2. Bundesliga
T. Leistner,Hertha BSC,Alemania,37,CB,Right,190,36,64,,52,44,52,52,68,65,52,40,71,57,38,49,49,49,52,50,49,55,53,69,54,53,63,61,67,45,65,69,44,47,46,64,64,68,74,10,13,13,10,6,9,2. Bundesliga
M. Dárdai,Hertha BSC,Hungría,31,"CB, RB",Right,188,24,68,,61,48,56,57,70,72,51,44,72,63,41,54,48,48,58,61,62,61,51,67,54,63,69,60,77,48,76,65,42,50,46,59,68,76,67,8,11,11,7,7,11,2. Bundesliga
N. Kolbe,Hertha BSC,Alemania,27,"CB, LB",Right,196,29,62,,59,40,46,50,65,68,40,32,70,52,35,45,42,48,54,53,59,59,45,57,55,54,67,64,72,41,64,62,41,38,46,59,65,66,63,6,6,6,6,8,15,2. Bundesliga
M. Valentin Pedersen,Hertha BSC,Dinamarca,22,LB,Left,173,30,66,,71,48,63,63,64,63,63,43,54,68,51,62,59,51,61,58,69,72,74,67,67,62,60,65,63,45,60,66,49,60,50,67,65,65,61,11,9,12,6,9,9,2. Bundesliga
J. Eitschberger,Hertha BSC,Alemania,2,RB,Right,180,22,65,,65,48,58,59,65,66,59,43,57,61,48,56,57,51,59,60,69,61,66,64,59,60,61,69,69,49,58,64,48,51,49,63,66,65,68,10,12,14,15,15,8,2. Bundesliga
T. Goller,Hertha BSC,Alemania,43,GK,Right,193,21,61,,38,18,27,26,20,44,13,10,21,33,14,15,15,13,33,26,38,38,38,54,44,39,52,37,50,17,35,31,10,33,25,45,19,16,13,61,60,58,61,63,41,2. Bundesliga
M. Gersbeck,Hertha BSC,Alemania,35,GK,Left,187,31,62,,39,19,32,28,19,46,17,10,23,35,16,14,20,17,39,35,40,39,36,59,43,39,53,39,54,19,35,24,10,42,30,38,16,21,12,60,62,56,61,64,41,2. Bundesliga
K. Heide,Hertha BSC,Alemania,13,GK,Right,189,20,54,,32,15,23,22,14,36,10,10,10,29,10,10,10,11,25,27,35,30,31,46,37,31,41,29,40,10,33,24,10,30,17,29,11,11,11,51,56,47,52,55,25,2. Bundesliga
T. Weigel,FC Heidenheim,Alemania,37,"ST, LW",Right,177,19,57,,62,56,47,56,24,51,43,56,59,50,58,58,49,48,39,56,61,62,54,57,51,57,54,48,53,53,51,19,60,49,53,53,20,22,18,11,10,13,10,15,14,2. Bundesliga
M. Kaufmann,FC Heidenheim,Dinamarca,29,ST,Right,190,25,68,,70,72,57,63,34,70,55,79,71,59,68,61,59,55,51,65,71,69,59,67,60,66,75,68,74,65,63,36,71,58,70,70,27,29,30,13,7,8,10,9,15,2. Bundesliga
M. Costly,FC Heidenheim,Alemania,24,"RW, RM, ST",Left,183,30,64,,67,59,60,66,33,58,60,60,53,59,58,73,64,60,60,60,66,67,62,63,66,57,57,61,60,62,49,34,60,60,54,69,32,28,33,6,10,15,11,10,11,2. Bundesliga
A. Vogt,FC Heidenheim,Suiza,18,ST,Right,191,21,72,,75,76,60,70,38,75,59,80,77,61,73,68,64,60,56,74,81,70,68,69,58,80,77,67,81,68,68,37,73,59,71,71,36,31,30,15,15,6,12,10,9,2. Bundesliga
M. Breunig,FC Heidenheim,Alemania,14,"ST, LW",Right,195,26,62,,62,64,54,62,29,64,52,69,71,59,56,60,50,50,48,68,63,62,52,63,57,65,70,57,69,56,61,27,66,55,63,66,25,23,25,13,7,6,12,7,13,2. Bundesliga
B. Zivzivadze,FC Heidenheim,Georgia,11,"ST, CF",Right,189,32,70,Georgia,67,71,59,69,38,74,56,74,74,63,67,71,56,58,57,69,66,67,65,75,63,73,69,70,81,61,63,39,73,57,71,66,34,30,36,11,6,10,10,11,9,2. Bundesliga
M. Zrilic,FC Heidenheim,Alemania,41,CM,Right,184,18,59,,56,54,59,61,52,59,56,48,52,61,51,61,57,54,58,64,56,56,57,61,54,60,48,63,63,60,49,54,56,63,53,52,51,52,47,6,11,15,14,7,8,2. Bundesliga
Y. Wagner,FC Heidenheim,Alemania,38,LM,Left,182,19,60,,66,57,60,62,38,58,64,56,47,61,54,63,55,54,53,63,67,66,64,57,60,57,51,63,57,58,56,40,62,60,51,52,32,39,38,15,8,10,8,11,14,2. Bundesliga
S. Conteh,FC Heidenheim,Sierra Leona,31,"CAM, CF",Left,178,30,65,,62,64,68,68,40,55,64,64,56,66,56,70,66,60,66,66,63,61,66,62,70,64,51,62,53,65,53,43,64,77,63,65,41,33,33,6,6,7,15,7,9,2. Bundesliga
L. Kerber,FC Heidenheim,Alemania,20,"CM, CAM",Left,180,24,67,,64,62,66,71,59,67,60,60,55,70,58,72,63,59,67,74,67,61,68,67,67,67,63,72,65,61,67,63,67,69,58,65,61,56,60,13,10,14,13,15,8,2. Bundesliga
M. Honsak,FC Heidenheim,Austria,17,"LW, LM, ST",Left,188,29,64,,71,65,62,67,34,61,63,67,57,63,60,69,65,60,58,67,73,70,64,64,61,65,55,62,64,61,53,35,67,60,62,66,34,29,23,11,8,12,9,11,6,2. Bundesliga
J. Niehues,FC Heidenheim,Alemania,16,"CDM, CM",Right,195,25,65,,61,55,62,60,69,70,55,50,70,64,50,58,62,54,67,61,57,64,55,67,60,58,73,70,69,64,70,70,55,63,58,63,67,72,62,7,14,8,7,6,8,2. Bundesliga
C. Conteh,FC Heidenheim,Alemania,10,"CAM, ST",Right,182,27,67,,63,67,67,70,42,61,63,68,58,71,68,70,67,66,61,71,65,61,68,68,70,66,61,67,60,66,58,42,67,71,65,71,38,41,40,11,13,12,14,7,14,2. Bundesliga
P. Hennrich,FC Heidenheim,Alemania,8,"CAM, RW, LW",Right,181,21,63,,65,58,63,70,35,53,58,57,55,67,63,73,64,61,62,72,66,64,67,56,59,59,55,58,54,58,46,34,58,61,64,59,31,33,33,6,6,14,11,9,14,2. Bundesliga
J. Schöppner,FC Heidenheim,Alemania,3,"CM, CDM, CAM",Right,181,27,69,,63,63,70,69,59,70,67,59,62,73,56,68,63,63,71,69,62,64,71,69,64,69,56,70,72,67,66,58,63,72,63,69,58,61,57,9,13,15,6,9,7,2. Bundesliga
A. Kölle,FC Heidenheim,Alemania,28,"CB, CDM",Right,195,20,63,,59,42,51,51,69,71,42,39,74,60,33,51,42,50,56,51,57,61,47,63,48,59,67,65,77,38,66,69,37,45,39,55,67,68,71,10,14,12,11,10,9,2. Bundesliga
M. Heule,FC Heidenheim,Suiza,27,LB,Left,171,25,68,,74,54,67,63,66,69,68,49,58,71,49,60,59,56,69,62,73,74,71,65,70,62,58,79,66,55,65,63,60,60,57,63,66,69,68,14,13,14,10,10,9,2. Bundesliga
L. Paçarada,FC Heidenheim,Kosovo,23,LB,Right,184,31,67,,70,53,63,64,64,67,61,49,59,63,46,61,58,58,67,65,71,69,66,70,64,65,65,74,62,55,69,65,47,63,48,66,68,62,63,14,10,10,11,6,12,2. Bundesliga
O. Mhamdi,FC Heidenheim,Marruecos,22,"RB, RM",Left,187,23,63,,68,47,60,62,62,64,65,41,58,64,48,62,58,48,54,63,67,69,65,58,64,56,62,66,64,50,60,59,54,58,48,58,61,66,67,10,7,9,13,8,10,2. Bundesliga
J. Föhrenbach,FC Heidenheim,Alemania,19,"LB, CB, LM",Right,185,30,68,,72,52,63,66,67,68,72,47,61,63,51,62,58,59,63,70,74,70,67,64,70,62,70,72,66,55,66,62,54,57,49,68,66,70,78,9,12,14,13,6,9,2. Bundesliga
P. Mainka,FC Heidenheim,Alemania,6,"CB, RB",Right,194,31,70,,61,49,60,59,74,76,56,44,73,67,42,53,49,55,58,63,63,59,58,68,58,58,74,68,79,52,78,75,44,55,50,73,75,74,74,11,7,15,14,6,8,2. Bundesliga
T. Siersleben,FC Heidenheim,Alemania,4,"CB, CDM",Right,187,26,67,,62,47,56,57,72,70,47,43,68,69,46,59,46,44,60,52,56,66,54,65,57,62,70,64,71,45,73,75,42,46,46,66,73,73,66,10,15,9,15,9,11,2. Bundesliga
M. Busch,FC Heidenheim,Alemania,2,"RB, CB",Right,182,31,67,,69,52,61,65,64,64,62,49,66,62,47,64,63,55,66,64,70,68,72,66,68,58,63,65,64,52,63,66,56,55,51,70,63,63,68,15,11,7,10,13,8,2. Bundesliga
P. Tschernuth,FC Heidenheim,Austria,34,GK,Right,186,24,59,,31,17,26,27,14,42,12,10,19,28,16,14,19,12,32,32,30,32,33,56,37,38,48,31,50,10,34,17,10,36,26,46,14,12,11,62,58,55,63,62,37,2. Bundesliga
T. Dähne,FC Heidenheim,Alemania,33,GK,Right,193,32,66,,39,23,34,31,27,49,14,16,26,44,14,21,23,21,35,33,40,39,36,61,45,46,56,43,53,20,44,35,15,43,22,44,18,31,27,67,68,56,65,68,42,2. Bundesliga
F. Feller,FC Heidenheim,Alemania,1,GK,Left,183,22,62,,36,21,30,28,19,44,16,15,21,34,13,16,14,15,36,30,36,36,40,54,43,42,50,38,49,17,37,28,10,38,19,40,16,13,22,63,66,53,66,63,40,2. Bundesliga
