short_name,club_name,nationality_name,club_jersey_number,player_positions,preferred_foot,height_cm,age,overall,seleccion,pace,shooting,passing,dribbling,defending,physic,attacking_crossing,attacking_finishing,attacking_heading_accuracy,attacking_short_passing,attacking_volleys,skill_dribbling,skill_curve,skill_fk_accuracy,skill_long_passing,skill_ball_control,movement_acceleration,movement_sprint_speed,movement_agility,movement_reactions,movement_balance,power_shot_power,power_jumping,power_stamina,power_strength,power_long_shots,mentality_aggression,mentality_interceptions,mentality_positioning,mentality_vision,mentality_penalties,mentality_composure,defending_marking_awareness,defending_standing_tackle,defending_sliding_tackle,goalkeeping_diving,goalkeeping_handling,goalkeeping_kicking,goalkeeping_positioning,goalkeeping_reflexes,goalkeeping_speed,league_name
J. Urbig,Bayern Múnich,Alemania,40,GK,Both,189,23,73,Alemania,51,34,42,41,28,57,26,28,27,48,27,34,25,32,45,39,49,53,48,74,50,55,65,47,64,30,49,38,24,50,34,51,28,24,26,72,71,72,75,76,52,Bundesliga
M. Neuer,Bayern Múnich,Alemania,1,GK,Right,193,40,74,,39,30,44,39,31,56,28,21,34,52,21,25,32,27,43,43,37,40,45,72,58,51,63,46,62,30,54,36,21,53,40,60,31,30,25,74,73,68,74,77,48,Bundesliga
S. Ulreich,Bayern Múnich,Alemania,26,GK,Right,192,38,67,,38,24,36,31,25,52,24,14,29,38,17,19,25,23,45,30,37,39,44,64,48,50,57,45,60,25,39,32,14,44,30,52,21,22,24,72,67,59,65,67,43,Bundesliga
D. Upamecano,Bayern Múnich,Francia,2,CB,Right,186,27,84,Francia,77,63,70,77,90,86,69,57,86,75,59,72,62,63,78,80,75,79,79,78,75,81,89,79,88,62,89,89,60,61,62,85,89,92,88,8,10,15,7,6,9,Bundesliga
J. Tah,Bayern Múnich,Alemania,4,"CB, CDM",Right,195,30,81,Alemania,78,59,68,68,86,86,59,52,86,77,56,63,61,59,71,71,77,79,66,81,69,77,89,79,88,58,87,85,55,61,65,84,84,89,84,15,11,12,7,10,10,Bundesliga
M. Kim,Bayern Múnich,Corea del Sur,3,CB,Right,190,29,79,Corea del Sur,76,59,65,67,83,81,58,56,85,74,51,67,56,64,69,64,76,76,66,77,69,71,80,78,83,58,78,80,47,56,59,76,83,86,78,13,13,12,7,15,14,Bundesliga
H. Ito,Bayern Múnich,Japón,21,"CB, CDM",Left,188,27,79,Japón,74,56,67,70,81,83,68,49,83,74,48,67,58,57,70,71,72,75,68,78,66,74,82,75,87,61,81,80,50,55,50,77,81,82,75,7,12,11,11,15,15,Bundesliga
N. Brown,Bayern Múnich,Alemania,11,LB,Left,176,23,81,Alemania,84,65,78,80,81,81,81,61,74,80,59,81,70,70,80,78,82,85,85,84,81,75,80,85,81,68,77,81,68,75,61,78,81,81,84,7,12,12,10,7,8,Bundesliga
A. Davies,Bayern Múnich,Canadá,19,"LB, RB",Left,183,25,83,,87,71,77,81,78,83,83,67,74,81,63,78,79,60,79,86,87,87,80,86,73,81,81,87,82,71,80,74,70,66,67,82,82,75,85,9,10,11,13,10,15,Bundesliga
J. Stanisic,Bayern Múnich,Croacia,44,"RB, RM",Both,187,26,82,Croacia,87,70,78,79,80,81,79,70,77,83,64,80,75,69,79,80,87,87,74,83,80,76,81,87,79,65,80,80,70,70,72,77,81,79,83,15,8,13,11,15,12,Bundesliga
K. Laimer,Bayern Múnich,Austria,27,RB,Right,180,29,81,Austria,88,68,77,77,81,81,84,67,77,76,61,75,73,67,81,78,82,92,80,86,72,75,77,87,78,68,80,84,66,70,64,81,75,85,85,15,14,13,8,14,7,Bundesliga
S. Boey,Bayern Múnich,Francia,23,"RB, LB",Right,178,26,73,,78,60,70,71,71,70,75,57,67,71,55,74,64,57,71,67,80,76,71,77,76,61,70,73,69,64,67,72,64,65,61,69,67,76,73,13,10,8,12,9,12,Bundesliga
A. Pavlovic,Bayern Múnich,Alemania,45,"CDM, CM",Both,188,22,83,Alemania,77,73,81,78,83,89,81,68,77,82,70,73,75,79,85,84,79,76,74,84,80,78,87,90,91,79,85,86,77,80,71,82,82,85,83,11,10,9,14,11,10,Bundesliga
J. Kimmich,Bayern Múnich,Alemania,6,"CDM, CB",Right,177,31,80,Alemania,67,70,76,76,82,83,63,64,76,83,62,75,74,73,83,77,66,68,72,77,78,78,80,87,81,75,83,86,71,72,72,84,77,87,79,6,6,6,12,15,10,Bundesliga
T. Bischof,Bayern Múnich,Alemania,8,CM,Left,176,21,79,Alemania,76,76,80,82,72,77,75,75,68,84,66,83,77,71,81,83,75,77,80,75,79,81,73,81,76,77,76,77,73,78,76,75,69,75,71,10,13,11,10,7,8,Bundesliga
B. Sapoko Ndiaye,Bayern Múnich,Senegal,39,"CM, CDM",Right,180,18,65,Senegal,66,59,65,65,58,64,62,56,60,65,51,69,61,60,70,62,69,63,61,60,68,63,54,69,64,63,59,54,62,68,58,59,58,61,54,13,15,7,10,10,8,Bundesliga
J. Musiala,Bayern Múnich,Alemania,10,CAM,Right,184,23,83,Alemania,86,83,82,85,55,77,79,84,71,85,82,88,88,77,82,83,87,86,83,84,85,81,73,80,79,82,68,58,82,80,84,81,55,49,54,14,6,12,15,15,14,Bundesliga
L. Karl,Bayern Múnich,Alemania,42,CAM,Left,168,18,76,Alemania,78,77,79,80,46,63,74,78,59,80,71,80,78,74,84,79,81,75,83,75,82,76,63,72,59,77,64,46,74,80,73,77,46,45,41,12,13,15,6,13,9,Bundesliga
I. Saibari,Bayern Múnich,Marruecos,34,"CAM, CM",Right,185,25,83,Marruecos,83,81,85,89,57,76,80,78,66,86,77,91,85,82,86,91,80,85,84,80,83,84,79,79,77,85,69,60,86,88,82,87,54,58,51,7,8,7,10,13,7,Bundesliga
L. Díaz,Bayern Múnich,Colombia,14,LW,Left,179,29,84,,89,82,82,88,53,79,86,80,72,80,78,89,81,77,81,89,93,85,91,80,87,83,75,84,80,84,70,52,86,82,83,83,52,51,45,14,9,15,11,9,9,Bundesliga
M. Olise,Bayern Múnich,Francia,17,"RW, ST",Left,180,24,90,Francia,95,89,87,94,60,86,89,89,81,90,86,94,91,78,82,95,95,95,94,91,95,88,80,88,87,89,80,61,95,87,86,90,59,54,54,7,11,11,12,10,11,Bundesliga
S. Gnabry,Bayern Múnich,Alemania,7,"CAM, CM",Right,176,31,78,Alemania,81,77,79,77,52,70,78,76,64,82,76,77,81,82,70,76,78,83,78,81,76,77,64,73,70,81,68,55,81,81,75,83,54,47,45,10,14,14,15,10,7,Bundesliga
H. Kane,Bayern Múnich,Inglaterra,9,ST,Right,188,33,89,Inglaterra,90,90,78,88,57,90,79,91,92,80,88,88,76,80,68,90,89,91,82,92,79,95,93,85,95,83,85,48,93,82,95,83,58,52,49,8,6,13,14,9,14,Bundesliga
G. Kobel,Borussia Dortmund,Suiza,1,GK,Right,196,28,79,Suiza,53,37,46,42,35,62,30,31,40,58,32,28,29,27,47,47,53,53,52,75,62,58,65,56,69,32,53,41,23,51,42,54,31,35,30,79,75,76,76,81,58,Bundesliga
A. Meyer,Borussia Dortmund,Alemania,33,GK,Right,195,35,67,,36,25,36,34,24,53,21,17,30,41,20,19,25,20,40,41,35,36,45,68,44,49,53,44,61,24,42,31,15,47,23,46,25,19,19,69,72,60,71,65,48,Bundesliga
P. Drewes,Borussia Dortmund,Alemania,30,GK,Right,194,33,64,,34,23,34,31,22,49,23,16,27,38,17,17,22,23,34,38,36,32,39,58,35,44,57,39,55,19,43,26,20,42,26,47,19,21,16,71,60,57,65,69,42,Bundesliga
S. Ostrzinski,Borussia Dortmund,Alemania,31,GK,Right,198,22,56,,32,16,23,21,14,38,10,10,16,27,10,10,10,10,26,21,33,32,40,50,35,38,47,32,44,13,28,17,10,33,16,37,11,13,13,61,54,51,58,59,31,Bundesliga
N. Schlotterbeck,Borussia Dortmund,Alemania,4,CB,Left,191,26,81,Alemania,77,63,68,72,82,84,66,62,86,74,49,70,57,61,74,74,73,80,65,77,71,77,87,78,89,59,79,80,52,59,55,78,82,82,85,13,10,14,9,7,10,Bundesliga
J. Gadou,Borussia Dortmund,Francia,22,CB,Right,195,19,74,,71,52,66,62,76,79,64,48,76,74,47,60,55,51,68,64,72,71,61,68,63,65,78,72,83,50,77,78,48,60,50,68,76,75,76,15,13,13,11,8,12,Bundesliga
W. Anton,Borussia Dortmund,Alemania,3,"CB, RB",Right,189,30,77,Alemania,70,57,65,65,80,81,58,54,81,71,54,61,52,59,67,69,71,70,60,68,69,69,81,79,81,56,83,75,54,63,54,79,86,79,75,13,9,8,9,13,9,Bundesliga
L. Reggiani,Borussia Dortmund,Italia,49,"CB, CDM",Right,194,18,67,,64,45,55,54,70,73,49,37,72,63,39,51,51,47,63,55,65,64,54,61,55,62,66,70,79,47,65,71,42,46,44,63,69,71,65,11,15,6,13,8,13,Bundesliga
R. Bensebaini,Borussia Dortmund,Argelia,5,CB,Left,187,31,78,Argelia,70,59,66,69,81,82,68,55,77,71,54,65,53,56,70,74,70,70,63,77,66,70,81,78,84,58,82,76,53,56,62,78,83,85,77,10,7,13,8,10,15,Bundesliga
F. Mane,Borussia Dortmund,Italia,39,"CB, RB",Right,188,21,66,,61,44,55,53,72,70,57,35,72,59,39,46,46,47,60,58,60,61,48,69,53,61,71,62,71,46,77,77,40,46,50,64,70,73,64,11,6,14,13,13,13,Bundesliga
E. Can,Borussia Dortmund,Alemania,23,CB,Right,186,32,73,,71,50,63,64,78,77,66,43,77,65,47,61,54,58,68,65,64,76,63,70,64,65,75,76,79,51,75,78,46,57,55,70,77,79,74,6,11,7,6,8,13,Bundesliga
D. Svensson,Borussia Dortmund,Suecia,24,LB,Left,183,24,76,Suecia,81,64,70,71,73,77,74,65,67,71,59,65,65,57,72,76,83,79,74,70,75,69,79,80,75,60,76,74,67,65,61,76,76,72,74,14,9,15,10,12,7,Bundesliga
Kauã Prates,Borussia Dortmund,Brasil,36,"LB, RB",Left,184,18,67,,73,52,61,63,66,65,69,46,60,63,49,64,58,47,60,61,72,73,70,64,66,64,60,65,66,56,63,68,51,54,50,54,65,66,66,6,9,11,7,10,12,Bundesliga
J. Ryerson,Borussia Dortmund,Noruega,26,RB,Right,183,28,76,Noruega,81,63,71,75,76,76,76,60,70,74,55,76,70,62,74,76,79,82,74,73,76,72,77,81,74,64,74,75,63,61,62,71,80,75,73,12,6,15,13,11,9,Bundesliga
M. Kaba,Borussia Dortmund,Alemania,48,CDM,Right,196,17,50,,46,44,45,43,51,55,43,41,53,47,29,39,34,43,43,49,42,49,43,43,35,52,53,52,57,50,55,51,41,48,38,42,48,53,52,11,13,8,10,6,10,Bundesliga
F. Nmecha,Borussia Dortmund,Alemania,8,"CM, CDM",Right,190,25,84,Alemania,78,80,85,82,77,84,83,75,78,84,72,79,81,80,90,85,76,80,79,83,85,87,79,90,84,84,76,81,82,85,80,84,75,74,79,11,11,7,8,6,6,Bundesliga
J. Bellingham,Borussia Dortmund,Inglaterra,7,CM,Right,191,21,80,,77,76,82,82,74,83,76,73,83,85,67,85,82,72,82,82,75,78,77,79,68,83,82,83,85,79,76,74,77,84,71,80,77,67,73,12,8,6,15,9,9,Bundesliga
J. Veerman,Borussia Dortmund,Países Bajos,25,"CM, CAM",Right,185,27,78,Países Bajos,69,73,80,80,70,77,75,69,73,83,68,78,76,74,77,83,71,68,73,85,77,76,70,77,76,82,79,69,75,82,68,78,72,68,70,13,15,7,14,9,6,Bundesliga
C. Chukwuemeka,Borussia Dortmund,Austria,17,"CM, CDM",Right,187,22,74,Austria,71,71,74,77,65,72,69,72,72,77,61,78,66,62,71,78,74,69,72,76,77,72,74,75,72,71,69,64,68,80,62,77,62,67,62,9,10,15,12,15,15,Bundesliga
M. Sabitzer,Borussia Dortmund,Austria,20,"CM, CAM",Right,178,32,75,,67,69,75,72,68,72,71,65,68,75,64,68,70,68,77,74,68,67,75,71,71,72,66,80,72,77,62,71,73,80,65,76,63,75,61,6,11,14,15,11,15,Bundesliga
E. dos Santos,Borussia Dortmund,Luxemburgo,44,CM,Right,186,17,59,Luxemburgo,58,52,58,58,52,59,55,47,48,60,48,56,54,54,55,64,61,55,54,55,54,61,55,62,59,55,55,55,57,62,54,55,52,51,51,6,12,11,14,6,9,Bundesliga
E. Nwaneri,Borussia Dortmund,Inglaterra,18,CAM,Left,176,19,73,,82,72,74,76,45,64,67,69,60,75,74,76,75,69,71,77,78,85,80,69,71,74,63,72,62,77,61,47,73,80,71,74,47,38,38,13,8,6,12,10,15,Bundesliga
K. Karetsas,Borussia Dortmund,Grecia,19,CAM,Left,173,18,74,Grecia,80,74,74,78,45,66,72,74,60,75,65,77,77,73,73,81,77,82,79,70,75,77,62,73,64,76,62,44,76,77,68,75,42,44,40,6,11,15,11,8,12,Bundesliga
G. Konstantelias,Borussia Dortmund,Grecia,45,"CAM, CM",Both,178,23,77,,75,78,80,79,50,68,71,78,63,85,73,78,80,78,75,80,78,72,81,74,85,78,65,76,64,81,67,52,81,83,74,78,49,47,43,14,15,10,13,12,13,Bundesliga
J. Lerma,Borussia Dortmund,Ecuador,28,"CAM, CF",Right,176,18,66,,66,64,68,73,38,60,58,62,52,74,62,73,67,60,63,76,67,66,71,63,72,65,57,68,58,69,55,46,65,76,68,66,38,30,33,13,10,7,6,7,9,Bundesliga
M. Albert,Borussia Dortmund,Estados Unidos,41,"LW, ST",Left,179,17,65,Estados Unidos,73,67,65,68,36,59,67,67,55,64,58,69,69,61,62,69,75,71,72,60,65,68,56,66,61,66,45,34,68,67,68,65,39,28,37,14,7,10,14,7,9,Bundesliga
S. Inácio,Borussia Dortmund,Italia,40,CAM,Right,176,18,72,Italia,77,69,74,76,47,62,70,69,59,81,66,75,79,72,68,76,78,76,81,70,78,66,58,72,61,73,55,53,71,71,74,69,46,42,38,12,12,9,10,13,10,Bundesliga
M. Beier,Borussia Dortmund,Alemania,14,"ST, CF",Right,185,23,80,,84,82,71,78,45,83,69,86,83,78,77,79,71,67,65,80,86,82,71,82,71,80,86,80,88,77,72,39,86,68,81,79,39,45,39,11,13,14,10,7,7,Bundesliga
S. Guirassy,Borussia Dortmund,Guinea,9,"ST, LW",Right,187,30,83,Guinea,84,85,74,82,47,83,69,88,83,77,83,81,71,71,65,84,83,85,78,87,73,85,85,81,86,80,77,39,88,83,80,79,46,44,37,6,10,12,15,10,15,Bundesliga
Fábio Silva,Borussia Dortmund,Portugal,21,ST,Right,185,24,78,Portugal,80,77,67,78,46,80,67,76,84,70,70,79,72,69,60,77,83,77,74,79,71,79,80,74,83,77,79,46,83,67,76,81,43,38,37,6,13,7,9,8,13,Bundesliga
M. Flekken,Bayer 04 Leverkusen,Países Bajos,1,GK,Both,195,33,77,Países Bajos,51,35,45,43,34,60,32,26,35,50,33,33,36,37,46,43,49,52,53,74,53,61,61,54,65,29,55,39,33,53,40,59,33,31,32,75,75,70,78,81,57,Bundesliga
J. Blaswich,Bayer 04 Leverkusen,Alemania,28,GK,Right,193,35,67,,36,22,36,35,22,49,23,11,26,40,15,22,21,22,41,38,38,35,43,67,50,48,52,40,58,21,38,35,19,46,23,53,22,12,27,70,66,61,63,71,52,Bundesliga
N. Lomb,Bayer 04 Leverkusen,Alemania,36,GK,Right,186,33,64,,35,21,32,31,20,49,20,10,27,38,14,18,16,18,37,35,33,36,44,65,41,46,51,41,56,22,41,23,14,37,34,42,21,13,23,62,57,55,60,67,42,Bundesliga
J. Quansah,Bayer 04 Leverkusen,Inglaterra,4,CB,Right,190,23,82,Inglaterra,75,61,68,72,84,87,68,57,86,75,53,66,61,62,74,77,76,75,68,81,72,74,94,84,89,60,85,81,57,57,67,80,81,88,89,9,9,13,6,13,10,Bundesliga
E. Tapsoba,Bayer 04 Leverkusen,Burkina Faso,12,"CB, RB",Right,194,27,79,Burkina Faso,74,57,66,67,82,84,66,50,86,71,53,61,57,55,72,71,73,74,62,85,67,70,83,79,88,60,83,84,56,58,60,75,81,82,80,15,6,6,12,9,9,Bundesliga
F. Medina,Bayer 04 Leverkusen,Argentina,2,"CB, CDM",Left,184,27,78,Argentina,70,56,67,69,80,81,62,49,78,76,55,65,58,54,70,73,69,71,69,72,73,72,82,74,83,58,84,73,48,59,57,71,87,79,76,8,6,6,10,10,15,Bundesliga
L. Badé,Bayer 04 Leverkusen,Francia,5,CB,Right,191,26,77,,74,59,63,67,81,79,58,55,83,72,52,64,59,54,70,69,68,79,67,71,62,71,78,71,82,58,80,84,54,52,59,75,79,81,82,6,15,6,7,8,15,Bundesliga
T. Oermann,Bayer 04 Leverkusen,Alemania,15,CB,Right,189,23,69,,63,47,56,58,74,70,54,43,77,61,47,51,51,51,59,63,65,62,56,72,57,60,73,67,70,44,74,70,43,50,52,68,78,72,72,13,12,15,10,8,10,Bundesliga
M. Gutiérrez,Bayer 04 Leverkusen,España,3,"LB, RB",Left,180,25,79,,81,65,76,76,76,78,81,64,74,78,64,73,72,68,75,78,82,81,81,72,82,67,77,84,75,63,78,73,69,71,65,74,73,80,76,7,8,6,14,9,14,Bundesliga
G. Doué,Bayer 04 Leverkusen,Costa de Marfil,20,RB,Right,187,23,78,,85,62,75,73,77,77,81,57,69,74,62,71,75,67,75,72,81,89,79,75,75,73,79,81,77,61,72,75,63,71,61,75,80,77,82,15,12,6,12,12,10,Bundesliga
L. Vázquez,Bayer 04 Leverkusen,España,17,"RB, RM",Right,173,35,72,,73,55,67,70,68,67,71,49,65,67,53,71,71,57,64,65,71,74,74,73,77,63,67,74,63,57,70,68,64,67,56,72,65,72,72,10,12,10,8,14,11,Bundesliga
E. Fernández,Bayer 04 Leverkusen,Argentina,6,"CDM, CM",Left,178,24,76,Argentina,71,66,74,71,76,82,70,59,70,78,64,69,70,68,79,73,70,71,68,80,71,74,70,84,82,75,82,78,73,71,66,76,77,76,73,14,7,9,14,7,7,Bundesliga
K. Eichhorn,Bayer 04 Leverkusen,Alemania,18,CDM,Right,186,17,70,,65,60,69,63,68,76,63,55,66,76,58,61,58,62,70,67,63,66,60,63,63,69,62,74,79,61,77,71,58,68,63,66,69,66,68,7,11,13,11,9,6,Bundesliga
R. Andrich,Bayer 04 Leverkusen,Alemania,8,CDM,Right,187,32,75,,65,65,73,68,76,82,65,59,75,77,60,66,69,64,71,70,66,65,66,76,62,75,71,84,83,71,78,73,63,79,69,80,78,79,73,13,8,15,13,6,11,Bundesliga
A. García,Bayer 04 Leverkusen,España,24,"CM, CDM",Right,173,29,78,,77,71,79,76,71,75,76,67,65,80,66,74,77,75,81,76,74,79,77,78,78,79,68,84,74,75,70,71,71,79,61,76,72,72,70,12,9,8,12,7,11,Bundesliga
I. Maza,Bayer 04 Leverkusen,Argelia,30,CAM,Right,180,20,77,Argelia,78,78,77,81,51,67,74,79,65,78,72,80,76,79,74,84,77,79,84,74,83,76,61,78,62,81,65,46,74,80,70,76,55,49,44,13,6,11,12,6,6,Bundesliga
M. Tillman,Bayer 04 Leverkusen,Estados Unidos,10,"CAM, CM",Right,187,24,80,Estados Unidos,81,80,80,81,52,77,72,81,77,84,81,81,84,74,79,82,79,82,82,75,76,77,69,80,81,80,67,54,86,82,81,82,53,44,48,8,15,12,6,9,12,Bundesliga
J. Hofmann,Bayer 04 Leverkusen,Alemania,7,"CAM, CM",Right,176,34,70,,69,70,70,74,42,59,68,73,48,68,66,71,71,70,67,75,68,69,76,68,79,68,54,68,57,66,56,44,69,75,65,80,41,38,43,10,13,12,14,13,11,Bundesliga
Afonso Moreira,Bayer 04 Leverkusen,Portugal,9,"LW, ST",Left,176,21,77,,81,74,76,81,45,69,84,75,64,75,67,81,70,69,74,80,82,81,87,76,79,78,70,77,66,67,67,48,79,73,72,76,43,42,38,15,9,6,11,10,12,Bundesliga
E. Ben Seghir,Bayer 04 Leverkusen,Marruecos,29,"LW, LM",Left,178,21,73,,80,69,71,74,42,66,77,68,59,70,65,74,76,66,67,73,76,84,80,74,74,69,66,75,65,73,59,40,76,72,68,65,40,42,39,10,12,11,12,8,8,Bundesliga
M. Terrier,Bayer 04 Leverkusen,Francia,11,"LW, ST",Left,184,29,77,,83,78,76,79,46,74,79,78,69,78,74,79,74,68,74,81,83,83,80,74,74,81,67,80,78,75,59,50,79,71,74,77,43,41,39,6,6,9,13,12,12,Bundesliga
M. Diaby,Bayer 04 Leverkusen,Francia,19,"RW, ST",Left,170,27,80,,87,80,78,83,49,68,81,80,67,78,77,83,72,77,76,84,91,83,80,79,88,81,69,81,65,78,61,53,84,79,77,77,47,43,46,6,13,9,13,14,15,Bundesliga
N. Tella,Bayer 04 Leverkusen,Nigeria,23,RW,Right,173,27,75,,80,73,72,77,44,68,71,76,60,75,67,79,74,67,67,72,82,79,84,74,82,73,66,73,66,66,65,41,76,71,71,76,41,43,41,13,8,15,8,10,8,Bundesliga
M. Culbreath,Bayer 04 Leverkusen,Alemania,42,RW,Right,172,19,72,,82,71,70,76,41,62,72,76,51,71,64,79,71,66,69,72,91,75,85,76,72,67,57,74,57,66,63,43,73,67,71,62,41,38,37,12,8,8,7,9,10,Bundesliga
C. Kofane,Bayer 04 Leverkusen,Camerún,35,ST,Right,189,20,77,Camerún,81,76,69,72,44,78,71,80,80,73,80,69,67,65,55,76,79,83,72,75,68,72,79,75,82,70,69,39,78,71,77,76,42,41,37,6,8,15,8,14,12,Bundesliga
P. Schick,Bayer 04 Leverkusen,República Checa,14,"ST, LW",Left,191,30,78,,77,77,71,76,44,80,63,77,80,76,71,75,73,68,66,75,73,81,78,81,67,82,81,74,86,73,73,43,85,73,71,82,37,41,41,14,9,12,12,13,12,Bundesliga
V. Boniface,Bayer 04 Leverkusen,Nigeria,22,"ST, LW",Right,190,25,70,,73,73,62,71,35,70,58,75,77,65,74,70,66,62,56,73,75,72,70,75,69,71,72,67,73,69,64,27,75,63,68,72,35,30,28,11,13,14,7,10,10,Bundesliga
N. Bomba,Bayer 04 Leverkusen,Malí,13,ST,Right,187,18,59,,61,62,52,57,26,59,51,62,62,55,62,60,54,48,47,55,59,62,53,51,57,64,61,58,63,58,51,20,66,53,60,59,25,22,20,11,9,7,15,15,7,Bundesliga
M. Vandevoordt,RB Leipzig,Bélgica,26,GK,Right,192,24,76,Bélgica,52,33,43,46,33,60,27,24,38,53,26,34,36,27,43,50,47,57,51,74,58,55,64,54,68,32,49,43,28,49,38,65,29,29,33,79,76,72,79,83,59,Bundesliga
Ø. Nyland,RB Leipzig,Noruega,1,GK,Right,192,36,67,Noruega,38,26,35,33,23,52,22,19,28,40,17,19,24,23,33,39,35,40,38,66,43,49,57,40,61,21,44,30,13,45,30,48,20,21,23,64,68,58,66,73,45,Bundesliga
L. Zingerle,RB Leipzig,Alemania,25,GK,Right,182,32,64,,34,24,34,33,24,45,19,18,27,39,17,20,18,21,39,37,35,33,40,63,46,45,52,32,55,18,36,32,20,42,29,49,19,22,22,65,65,58,66,65,39,Bundesliga
C. Lukeba,RB Leipzig,Francia,23,CB,Left,184,23,81,,74,62,68,69,84,83,62,59,88,77,54,65,59,57,68,70,74,74,71,80,75,77,82,76,86,57,84,85,55,62,59,81,83,82,82,9,12,9,10,12,15,Bundesliga
M. Estève,RB Leipzig,Francia,3,CB,Left,193,24,78,,73,56,63,66,82,82,61,49,83,68,52,62,64,59,67,68,71,74,65,72,61,72,88,79,81,56,85,84,52,56,60,75,78,82,84,15,12,9,8,7,15,Bundesliga
A. Koné,RB Leipzig,Francia,2,"CB, RB",Right,192,21,72,,69,54,58,58,73,73,58,49,79,63,46,52,54,49,58,61,68,70,61,65,58,70,76,70,76,53,70,75,47,51,54,75,68,76,68,10,9,9,6,14,15,Bundesliga
W. Orbán,RB Leipzig,Hungría,4,"CB, RB",Right,186,33,79,Hungría,72,59,69,68,81,83,66,55,80,77,55,65,52,58,74,67,71,72,68,78,72,72,86,75,88,59,82,79,53,63,60,79,82,83,80,12,13,14,13,9,10,Bundesliga
L. Klostermann,RB Leipzig,Alemania,16,"CB, CDM",Right,189,30,71,,67,51,58,62,74,72,54,46,77,63,50,58,47,53,62,65,65,68,58,70,57,67,75,65,73,49,80,72,40,54,51,70,76,73,75,8,15,10,13,6,13,Bundesliga
D. Raum,RB Leipzig,Alemania,22,"LB, LM",Left,181,28,78,Alemania,79,65,72,76,75,79,80,63,71,73,64,73,70,64,71,79,81,77,80,75,79,71,74,77,83,64,74,72,68,68,61,74,76,75,78,12,13,13,10,12,15,Bundesliga
M. Finkgräfe,RB Leipzig,Alemania,35,"LB, LM",Left,183,22,68,,73,52,64,66,66,66,71,48,63,64,50,65,62,52,63,68,75,72,65,64,67,62,68,68,65,53,67,67,54,60,49,67,64,66,73,13,6,11,8,11,11,Bundesliga
R. Baku,RB Leipzig,Alemania,17,"RB, LB",Right,176,28,74,Alemania,83,60,67,70,75,74,73,58,65,68,53,68,62,58,66,70,82,83,78,71,76,69,67,78,71,55,77,80,60,63,60,66,77,75,73,6,6,11,8,8,8,Bundesliga
B. Henrichs,RB Leipzig,Alemania,39,"RB, RM",Right,185,29,73,,78,59,66,72,74,71,70,55,67,70,52,76,62,62,65,68,77,78,71,75,70,66,68,71,72,64,69,77,61,60,60,66,76,73,71,11,13,8,10,15,8,Bundesliga
N. Seiwald,RB Leipzig,Austria,13,CDM,Right,179,25,81,Austria,74,71,79,76,82,83,74,66,77,83,68,76,73,70,84,76,71,76,73,82,76,78,81,86,83,74,80,87,75,77,73,80,82,82,81,14,15,8,8,13,9,Bundesliga
B. Kaltefleiter,RB Leipzig,Alemania,37,CDM,Right,189,18,63,,65,53,59,57,63,68,50,47,65,65,47,54,52,55,63,60,65,65,54,62,61,59,62,73,67,63,67,61,55,57,51,62,64,66,57,11,13,13,7,7,13,Bundesliga
N. El Aynaoui,RB Leipzig,Marruecos,21,CM,Right,185,25,78,Marruecos,75,76,79,79,70,79,71,75,69,82,66,79,80,74,82,80,74,76,75,83,77,85,71,82,80,75,73,73,74,82,70,84,69,70,71,12,12,9,14,6,8,Bundesliga
E. Banzuzi,RB Leipzig,RD del Congo,6,"CM, CAM",Right,191,21,75,,73,71,73,77,70,75,67,72,65,77,70,77,72,72,78,81,74,72,74,72,67,66,72,73,77,74,71,67,65,71,69,74,72,73,65,13,10,13,10,7,14,Bundesliga
A. Ouédraogo,RB Leipzig,Alemania,8,"CM, CAM",Right,191,20,74,,72,68,76,76,66,74,68,65,68,81,61,77,74,73,77,77,72,72,72,76,70,73,68,75,77,73,66,69,68,76,67,66,65,66,63,12,6,10,8,13,13,Bundesliga
R. Reitz,RB Leipzig,Alemania,20,"CM, CAM",Right,176,24,77,,74,72,76,78,71,74,69,69,68,80,74,74,75,70,78,81,77,72,78,75,83,77,75,79,73,70,72,74,77,77,71,81,69,74,69,14,11,7,15,14,10,Bundesliga
C. Baumgartner,RB Leipzig,Austria,14,CAM,Right,180,27,78,,81,79,78,81,51,70,79,80,61,78,77,80,81,75,77,81,80,82,85,80,77,77,65,76,68,78,67,52,76,80,78,81,51,48,51,6,10,7,9,15,13,Bundesliga
B. Gruda,RB Leipzig,Alemania,10,CAM,Left,178,22,77,,76,74,80,82,48,67,76,74,65,82,70,84,80,77,73,84,77,75,80,73,80,74,68,77,65,76,60,50,80,85,74,77,41,49,41,14,12,8,7,11,14,Bundesliga
A. Maksimovic,RB Leipzig,Serbia,30,"CAM, CF",Left,182,19,67,,73,65,68,71,38,61,70,65,54,69,58,72,68,68,63,73,72,73,71,65,63,63,57,68,60,70,56,36,66,70,68,63,36,34,44,13,6,9,14,8,12,Bundesliga
V. Gebel,RB Leipzig,Alemania,47,"CAM, CM",Right,175,18,57,,61,57,58,57,30,52,53,58,39,61,48,54,58,56,58,62,57,65,56,53,62,55,43,60,49,58,50,32,61,60,52,55,27,31,27,12,10,13,12,15,15,Bundesliga
A. Nusa,RB Leipzig,Noruega,7,"LW, LM",Left,183,21,79,Noruega,87,79,79,81,50,78,80,82,71,80,73,80,79,75,71,85,88,87,77,77,74,79,68,82,83,72,62,51,79,81,80,76,53,40,43,9,12,6,11,10,9,Bundesliga
T. Gomis,RB Leipzig,Francia,27,"LW, LM",Left,183,20,70,,74,70,65,72,41,63,69,68,62,63,67,74,75,65,62,72,77,71,71,64,66,74,66,65,65,71,57,37,79,65,60,62,42,37,36,15,13,7,8,10,13,Bundesliga
J. Bakayoko,RB Leipzig,Bélgica,11,"RW, ST",Left,179,23,75,,79,77,73,77,44,68,75,80,65,75,70,82,77,65,66,71,76,82,78,78,73,78,70,77,66,73,61,47,81,72,70,72,39,43,40,7,9,11,9,6,6,Bundesliga
Rômulo,RB Leipzig,Brasil,40,ST,Right,193,24,77,,79,81,64,78,46,80,61,84,87,65,75,80,64,67,61,79,79,79,69,80,67,80,80,71,87,76,73,44,81,66,81,79,41,40,38,15,9,15,11,12,10,Bundesliga
C. Nkunku,RB Leipzig,Francia,28,ST,Right,177,28,79,,81,81,68,76,44,76,67,85,84,73,77,77,75,74,59,73,77,84,78,84,81,80,74,74,77,76,74,46,81,66,76,81,41,36,35,12,6,12,6,8,13,Bundesliga
M. Guiu,RB Leipzig,España,9,ST,Right,187,20,70,,69,71,60,69,38,69,61,73,73,63,66,73,61,55,54,67,67,70,62,69,67,72,74,65,74,65,61,32,71,59,73,65,39,32,31,10,9,12,15,11,7,Bundesliga
S. Konaté,RB Leipzig,Francia,45,"ST, LW",Right,190,17,65,,67,68,56,64,32,63,52,69,65,60,68,67,61,53,49,64,68,67,62,67,51,71,73,63,63,63,61,27,69,59,63,62,30,29,19,13,10,6,11,8,11,Bundesliga
D. Seimen,VfB Stuttgart,Alemania,41,GK,Left,192,20,69,,41,24,38,36,28,50,23,15,29,42,25,22,25,23,41,41,43,39,44,62,51,48,59,40,56,21,46,35,17,50,32,47,30,23,22,71,69,65,68,71,47,Bundesliga
F. Bredlow,VfB Stuttgart,Alemania,1,GK,Both,190,31,68,,40,28,37,37,26,53,23,21,26,43,21,27,20,21,40,41,37,42,40,68,49,50,59,46,57,24,49,30,21,46,31,48,24,23,28,72,62,63,68,72,45,Bundesliga
M. Funk,VfB Stuttgart,Alemania,33,GK,Right,187,30,63,,37,22,29,32,19,46,12,16,23,36,13,19,17,16,34,36,34,40,38,59,46,43,43,40,53,20,37,29,14,37,20,46,18,13,12,66,58,61,61,63,41,Bundesliga
S. Drljaca,VfB Stuttgart,Alemania,46,GK,Right,192,27,59,,34,18,28,27,17,39,11,14,13,33,10,16,16,19,27,27,37,32,40,62,41,37,47,33,45,12,31,27,10,40,24,42,14,16,16,58,57,53,60,59,38,Bundesliga
F. Jeltsch,VfB Stuttgart,Alemania,29,"CB, CDM",Right,188,20,75,Alemania,71,54,65,65,79,80,61,51,76,72,44,64,56,58,70,65,68,74,65,69,60,71,78,74,84,51,76,74,51,58,48,72,84,81,72,7,11,12,14,15,15,Bundesliga
R. Hendriks,VfB Stuttgart,Países Bajos,3,CB,Left,189,25,77,,75,57,67,67,82,80,62,51,84,78,47,60,55,59,66,71,72,78,68,75,64,71,80,75,81,60,84,79,53,57,56,81,81,84,84,9,11,15,10,13,15,Bundesliga
J. Chabot,VfB Stuttgart,Alemania,24,"CB, CDM",Left,195,28,75,,69,56,65,65,79,80,58,50,86,74,50,61,58,53,65,69,73,65,61,76,63,69,77,79,83,57,76,75,57,61,55,75,80,79,79,11,6,13,13,15,7,Bundesliga
L. Jaquez,VfB Stuttgart,Suiza,14,CB,Right,187,23,72,,65,54,60,62,75,74,59,49,74,67,46,53,50,53,61,70,64,66,62,71,61,66,74,74,74,56,73,69,44,52,51,69,73,82,72,11,12,6,7,12,11,Bundesliga
A. Al-Dakhil,VfB Stuttgart,Bélgica,2,"CB, RB",Right,187,24,67,,58,48,58,59,69,66,55,45,71,67,41,54,51,44,58,65,55,60,55,69,61,62,67,61,65,44,73,71,45,49,49,57,71,67,64,11,11,6,11,6,13,Bundesliga
D. Zagadou,VfB Stuttgart,Francia,23,CB,Left,196,27,69,,62,49,59,57,74,73,59,45,76,65,43,51,47,45,66,64,63,62,50,66,55,67,73,68,79,43,66,70,45,49,45,67,74,79,67,7,7,14,6,13,6,Bundesliga
M. Mittelstädt,VfB Stuttgart,Alemania,7,LB,Left,180,29,78,Alemania,82,64,76,73,77,77,80,59,73,82,64,71,66,62,77,72,85,80,79,78,77,71,82,83,75,66,74,78,63,65,66,77,76,78,76,12,6,10,7,6,10,Bundesliga
J. Vagnoman,VfB Stuttgart,Alemania,4,"RB, RM",Right,190,25,76,Alemania,79,61,69,74,76,75,73,58,73,71,59,73,66,64,72,76,75,83,71,75,78,70,77,77,76,58,71,73,65,63,59,67,80,76,78,10,8,6,10,10,8,Bundesliga
L. Assignon,VfB Stuttgart,Francia,22,RB,Right,181,26,74,,79,57,69,73,74,74,78,54,70,70,54,74,61,64,70,70,77,80,79,71,75,64,70,77,73,59,72,73,59,59,58,69,72,76,77,12,12,15,13,13,9,Bundesliga
L. Stergiou,VfB Stuttgart,Suiza,20,"RB, RM",Right,181,24,67,,70,52,64,65,66,64,65,49,54,68,50,67,61,54,64,62,72,68,70,60,62,62,67,68,62,51,63,60,54,61,51,61,73,67,63,9,12,11,11,15,11,Bundesliga
A. Stiller,VfB Stuttgart,Alemania,6,"CDM, CM",Left,183,25,83,,77,75,79,78,88,84,74,74,86,81,68,79,72,74,79,76,78,76,79,83,80,81,81,88,82,75,85,89,74,83,74,85,89,87,84,13,10,10,12,8,13,Bundesliga
A. Karazor,VfB Stuttgart,Turquía,16,"CDM, CB",Right,191,29,73,,69,65,70,69,76,80,66,61,77,75,56,68,65,62,69,70,66,71,63,75,65,73,75,81,79,68,80,70,63,69,69,71,81,77,70,9,12,12,8,8,15,Bundesliga
N. Nartey,VfB Stuttgart,Dinamarca,28,"CM, CAM",Left,186,26,73,,70,69,72,71,65,74,64,67,67,77,66,72,67,64,75,68,68,72,70,77,73,72,76,76,74,72,72,66,67,72,64,74,63,65,64,14,12,12,15,11,10,Bundesliga
Y. Spalt,VfB Stuttgart,Austria,47,"CM, CDM",Left,184,19,66,,65,62,65,64,59,65,64,59,60,66,60,62,68,57,66,66,66,64,68,56,66,68,61,65,67,66,60,61,62,67,59,66,57,59,58,14,12,6,7,9,8,Bundesliga
G. Prömel,VfB Stuttgart,Alemania,21,"CM, CAM",Right,184,31,73,,70,70,72,72,67,73,63,68,62,75,65,70,67,65,76,77,73,67,69,70,64,74,71,81,73,71,64,68,70,78,67,77,70,67,60,9,12,8,11,6,13,Bundesliga
E. Yigit,VfB Stuttgart,Alemania,39,CM,Right,172,17,56,,54,50,59,57,50,54,57,50,42,62,41,56,53,55,54,60,60,50,52,52,57,53,45,61,52,49,51,53,52,62,54,54,49,51,50,14,9,7,11,7,14,Bundesliga
B. El Khannouss,VfB Stuttgart,Marruecos,11,"CAM, CF",Right,180,22,77,Marruecos,79,77,78,85,50,70,70,77,69,82,71,86,80,74,75,89,81,78,79,78,77,81,66,76,70,74,66,52,80,84,76,76,46,47,48,6,15,15,11,9,7,Bundesliga
J. Malanga,VfB Stuttgart,Alemania,43,"CAM, CF",Right,179,20,65,,68,67,65,68,37,58,59,69,49,66,67,71,66,66,66,66,66,69,69,63,67,69,52,66,55,64,59,41,62,68,66,63,39,31,32,10,11,10,8,14,9,Bundesliga
L. Sauer,VfB Stuttgart,Eslovaquia,44,"LW, LM",Left,184,20,74,,80,72,72,76,41,68,71,71,67,76,69,79,68,70,60,76,83,77,74,72,69,74,71,76,67,72,60,42,73,77,73,70,41,34,35,7,15,15,9,6,13,Bundesliga
C. Führich,VfB Stuttgart,Alemania,10,"LW, ST",Left,181,28,75,Alemania,78,72,74,77,42,65,74,69,66,75,71,80,79,73,71,74,79,78,78,68,78,78,71,73,63,71,58,43,82,75,70,73,41,36,37,6,7,8,10,10,12,Bundesliga
J. Diehl,VfB Stuttgart,Alemania,31,"LW, LM",Left,174,21,62,,71,60,60,66,30,56,64,63,49,60,53,69,62,55,60,66,70,71,64,59,65,62,52,63,56,51,46,29,63,57,55,55,32,24,26,6,12,15,9,6,6,Bundesliga
J. Leweling,VfB Stuttgart,Alemania,18,"RW, RM",Both,185,25,81,,87,81,79,82,51,77,84,80,73,79,78,85,85,73,80,80,91,83,87,78,80,88,76,84,77,79,68,50,86,73,77,77,48,48,50,6,14,11,11,8,10,Bundesliga
Tiago Tomás,VfB Stuttgart,Portugal,8,"RW, ST",Right,180,24,76,,82,76,74,76,47,69,73,78,69,76,74,76,77,69,70,77,79,84,81,71,72,73,69,79,65,76,65,46,80,77,70,71,41,47,42,8,15,10,6,9,6,Bundesliga
D. Pejcinovic,VfB Stuttgart,Alemania,17,"ST, LW",Left,188,21,74,,75,74,64,71,42,76,62,75,79,67,69,72,74,60,59,69,75,75,66,73,66,77,77,75,80,70,65,44,78,63,79,81,36,36,33,14,7,10,14,14,9,Bundesliga
E. Demirovic,VfB Stuttgart,Bosnia y Herzegovina,9,"ST, CF",Right,185,28,80,Bosnia-Herzegovina,81,79,70,78,46,80,68,79,84,75,79,75,68,70,61,80,82,81,81,79,78,82,79,76,83,76,77,44,82,68,76,79,44,41,38,14,6,7,8,13,13,Bundesliga
D. Undav,VfB Stuttgart,Alemania,26,"ST, LW",Both,179,30,78,,77,84,71,77,44,75,69,89,80,76,81,77,77,71,65,75,74,79,76,79,80,81,77,71,80,75,65,42,82,69,82,79,39,38,40,11,7,9,10,8,12,Bundesliga
O. Baumann,TSG 1899 Hoffenheim,Alemania,1,GK,Right,187,36,74,,44,35,44,39,30,58,27,30,30,51,25,32,31,24,45,37,38,48,44,70,57,55,64,44,66,32,53,40,23,54,32,58,29,24,34,75,73,70,71,76,51,Bundesliga
L. Philipp,TSG 1899 Hoffenheim,Alemania,37,GK,Right,192,25,62,,35,20,31,26,21,46,17,14,22,35,16,11,18,16,38,30,33,36,36,58,44,37,55,38,53,18,38,28,10,38,20,42,21,17,14,65,58,56,65,62,39,Bundesliga
L. Petersson,TSG 1899 Hoffenheim,Islandia,36,GK,Right,195,22,62,,39,18,31,31,20,41,12,10,23,40,11,20,14,17,37,34,36,42,36,60,43,42,48,31,49,13,33,30,15,37,22,41,17,17,16,62,59,56,58,65,41,Bundesliga
A. Hajdari,TSG 1899 Hoffenheim,Kosovo,21,"CB, CDM",Left,189,23,79,Kosovo,70,58,67,66,82,84,65,51,83,73,54,58,61,58,69,70,71,69,69,82,65,80,81,79,89,54,80,81,60,61,61,78,81,83,81,12,8,7,14,14,8,Bundesliga
O. Kabak,TSG 1899 Hoffenheim,Turquía,5,"CB, CDM",Right,187,26,74,Turquía,72,54,62,64,76,77,62,52,75,70,48,60,51,55,67,65,71,72,64,74,63,68,77,72,80,50,77,79,50,49,51,75,74,77,78,13,11,15,7,9,14,Bundesliga
R. Hranac,TSG 1899 Hoffenheim,República Checa,2,"CB, RB",Right,189,26,74,Chequia,67,54,61,61,78,78,59,48,79,64,46,54,50,56,71,67,69,66,60,63,59,72,81,72,82,55,76,77,45,56,55,68,79,79,73,6,8,14,8,11,12,Bundesliga
K. Machida,TSG 1899 Hoffenheim,Japón,28,CB,Left,190,29,73,,66,52,62,64,79,79,59,49,78,71,44,63,53,54,65,63,63,69,64,76,61,67,81,75,80,47,80,77,45,52,51,69,80,81,71,10,12,14,12,12,15,Bundesliga
S. Dulic,TSG 1899 Hoffenheim,Alemania,4,CB,Both,187,21,62,,59,43,51,49,66,67,44,39,61,62,39,47,39,38,58,49,61,57,47,57,52,56,66,61,71,40,64,61,31,39,46,62,70,67,64,9,12,12,7,12,12,Bundesliga
M. Rots,TSG 1899 Hoffenheim,Países Bajos,39,"LB, RB",Left,190,20,72,,81,56,69,66,72,72,73,51,71,71,50,61,62,67,66,70,79,82,71,69,74,67,70,77,70,58,70,70,57,64,51,62,74,71,71,14,8,14,10,11,7,Bundesliga
Bernardo,TSG 1899 Hoffenheim,Brasil,13,"LB, RB",Left,186,31,72,,74,58,66,69,73,73,73,53,69,66,56,69,59,60,67,67,68,79,73,76,66,69,72,75,74,59,70,77,58,62,53,71,74,71,75,14,10,10,12,8,6,Bundesliga
V. Gendrey,TSG 1899 Hoffenheim,Francia,15,"RB, RM",Right,179,26,72,,78,57,67,70,67,72,71,53,62,69,51,70,67,60,68,67,74,81,74,71,74,69,67,76,71,53,69,70,57,60,59,68,66,66,73,11,11,7,6,14,15,Bundesliga
V. Coufal,TSG 1899 Hoffenheim,República Checa,34,"RB, RM",Right,175,34,73,Chequia,74,57,70,68,70,71,72,52,61,75,56,68,66,60,71,64,75,73,73,77,76,66,68,75,68,60,76,72,59,63,57,71,69,70,78,10,11,10,14,8,9,Bundesliga
N. Abraha,TSG 1899 Hoffenheim,Alemania,29,"RB, LB",Right,183,18,56,,62,42,50,53,55,59,52,38,51,55,37,51,50,43,53,55,61,63,56,58,56,52,52,62,57,42,60,56,41,40,45,43,55,55,58,9,11,7,12,7,6,Bundesliga
L. Avdullahu,TSG 1899 Hoffenheim,Kosovo,7,CDM,Right,185,22,76,Kosovo,72,67,73,75,77,82,68,62,73,81,60,75,62,60,74,75,69,75,69,75,75,78,76,87,82,69,79,75,72,71,68,78,80,75,79,9,10,12,6,12,12,Bundesliga
W. Burger,TSG 1899 Hoffenheim,Países Bajos,18,"CDM, CM",Left,191,25,77,,68,69,72,72,79,82,67,66,76,72,63,68,67,68,77,77,70,67,69,72,69,74,81,80,83,71,80,81,72,73,70,75,77,80,80,8,6,10,6,11,15,Bundesliga
C. Lenz,TSG 1899 Hoffenheim,Alemania,32,CDM,Right,190,20,73,,69,62,71,69,76,79,64,58,80,78,54,64,65,67,70,74,66,72,66,75,66,71,75,74,80,62,82,73,62,67,62,71,79,76,74,9,8,14,13,14,6,Bundesliga
L. Engelns,TSG 1899 Hoffenheim,Alemania,16,CDM,Right,190,19,64,,61,54,61,58,67,68,49,50,60,68,49,57,57,56,62,60,60,61,55,63,61,64,68,68,68,56,69,67,51,61,57,54,71,66,65,13,12,13,8,7,7,Bundesliga
N. De Cat,TSG 1899 Hoffenheim,Bélgica,17,"CM, CDM",Right,192,18,72,,71,67,73,74,67,74,71,62,70,75,57,74,70,63,77,78,68,74,71,69,68,76,72,72,76,73,72,67,70,73,59,73,65,68,67,8,15,8,13,14,13,Bundesliga
A. Prass,TSG 1899 Hoffenheim,Austria,22,"LM, LW",Left,180,25,74,Austria,81,68,74,78,53,72,80,68,59,76,67,83,71,68,68,76,80,82,77,72,69,75,64,77,74,63,65,56,75,69,63,73,56,45,52,11,14,7,9,7,13,Bundesliga
B. Conté,TSG 1899 Hoffenheim,Alemania,20,CAM,Left,182,23,72,Alemania,72,70,74,78,45,65,71,70,54,72,68,78,75,72,76,81,71,72,73,75,68,71,60,72,63,70,62,45,73,78,75,75,47,43,39,14,6,14,9,10,12,Bundesliga
A. Daghim,TSG 1899 Hoffenheim,Dinamarca,14,"RW, RM",Left,189,21,72,Dinamarca,79,70,70,76,41,69,75,71,69,70,69,78,66,62,65,75,81,77,79,77,68,69,65,71,72,69,60,46,74,74,72,68,39,34,34,7,15,8,9,13,8,Bundesliga
P. Wimmer,TSG 1899 Hoffenheim,Austria,8,RW,Right,182,25,74,Austria,81,68,73,77,43,69,78,67,56,76,69,79,72,66,69,74,82,81,81,82,75,68,70,74,73,70,53,46,73,69,66,69,41,42,36,12,9,13,7,11,7,Bundesliga
A. Kramaric,TSG 1899 Hoffenheim,Croacia,27,"CAM, CF",Right,177,35,73,Croacia,68,74,75,75,47,65,70,79,55,76,64,72,75,72,74,78,69,68,79,75,73,76,58,72,66,65,56,47,76,82,74,76,46,44,47,7,9,15,10,11,13,Bundesliga
F. Asllani,TSG 1899 Hoffenheim,Kosovo,11,ST,Both,191,24,81,Kosovo,80,82,71,78,48,81,70,82,83,73,86,73,74,67,68,83,84,76,73,84,76,83,79,81,83,80,78,46,85,69,79,79,46,43,40,7,10,11,11,7,6,Bundesliga
T. Lemperle,TSG 1899 Hoffenheim,Alemania,19,"ST, LW",Right,187,24,76,,79,75,65,74,41,80,57,75,83,70,79,71,64,70,58,77,72,84,73,77,70,78,80,76,87,69,67,35,81,67,78,77,38,38,31,12,9,12,14,11,7,Bundesliga
A. Hlozek,TSG 1899 Hoffenheim,República Checa,10,"ST, LW",Right,188,24,75,Chequia,75,75,67,72,41,76,68,76,81,73,73,69,65,61,55,72,71,78,78,77,63,75,80,72,81,73,66,34,78,66,79,82,37,37,37,15,12,8,12,12,15,Bundesliga
M. Moerstedt,TSG 1899 Hoffenheim,Alemania,9,ST,Right,194,20,69,,75,71,59,67,37,73,59,70,69,62,69,64,62,60,54,71,71,79,67,61,63,74,76,61,83,69,64,36,75,58,73,65,32,35,26,10,14,10,6,8,9,Bundesliga
N. Atubolu,Eintracht Fráncfort​​,Alemania,1,GK,Right,190,24,77,Alemania,54,34,44,41,34,61,31,26,33,48,34,30,31,31,48,39,53,54,53,80,63,58,69,54,67,31,52,44,30,55,36,60,34,28,33,81,72,70,79,77,53,Bundesliga
Kauã Santos,Eintracht Fráncfort​​,Brasil,40,GK,Right,196,23,67,,42,23,36,32,22,53,21,18,26,48,15,18,20,21,29,36,40,43,45,65,50,45,51,46,61,17,40,31,12,43,28,45,18,19,23,68,67,58,68,74,45,Bundesliga
A. Siljevic,Eintracht Fráncfort​​,Bosnia y Herzegovina,39,GK,Right,192,19,54,,33,16,24,22,13,34,13,10,12,32,10,16,10,11,26,19,35,31,29,52,35,37,38,30,38,10,27,17,10,26,14,28,14,10,10,56,52,48,57,55,33,Bundesliga
J. Grahl,Eintracht Fráncfort​​,Alemania,33,GK,Right,192,38,62,,28,22,32,27,21,44,18,14,22,41,14,13,19,18,32,31,30,26,33,61,39,46,45,36,49,20,41,33,11,39,23,45,17,19,15,63,58,57,64,64,41,Bundesliga
N. Collins,Eintracht Fráncfort​​,Alemania,34,CB,Right,188,22,74,,69,51,60,62,76,76,53,46,81,66,47,56,50,54,68,63,68,69,67,70,67,65,80,72,78,50,74,74,52,56,54,70,76,75,76,14,6,15,10,11,11,Bundesliga
L. Brassier,Eintracht Fráncfort​​,Francia,3,"CB, CDM",Left,186,26,75,,70,55,62,66,78,78,56,49,78,73,50,64,52,52,67,68,68,71,62,68,64,71,75,73,82,54,76,78,51,52,58,72,78,78,77,10,13,7,14,6,10,Bundesliga
R. Koch,Eintracht Fráncfort​​,Alemania,4,"CB, RB",Right,192,30,76,,74,55,66,64,79,80,64,51,81,75,47,64,56,56,64,63,70,78,62,71,65,72,79,71,84,49,80,77,53,57,49,72,79,81,76,10,12,14,7,6,11,Bundesliga
Otávio,Eintracht Fráncfort​​,Brasil,5,"CB, RB",Left,193,20,64,,60,42,53,57,69,68,49,37,72,60,36,53,40,39,54,61,61,59,52,59,56,59,67,61,71,41,68,72,36,49,38,62,67,71,64,14,6,7,6,7,6,Bundesliga
J. Maluze,Eintracht Fráncfort​​,Alemania,37,"CB, CDM",Right,193,21,65,,60,47,53,54,69,69,55,43,72,60,44,49,46,39,58,60,58,61,46,61,52,60,70,61,74,44,68,69,44,40,45,62,68,71,66,13,8,11,14,13,14,Bundesliga
K. Kosugi,Eintracht Fráncfort​​,Japón,26,LB,Left,172,20,68,,73,56,64,72,65,65,69,51,55,65,50,73,59,53,64,71,75,72,76,65,77,61,64,68,64,63,66,66,56,61,56,60,68,63,66,7,8,8,15,6,15,Bundesliga
E. Baum,Eintracht Fráncfort​​,Alemania,2,"RB, RM",Right,180,20,69,,75,56,65,68,68,67,73,50,68,69,51,66,63,56,64,69,77,74,71,68,69,66,66,75,63,60,67,66,59,55,56,61,69,69,71,13,10,6,6,7,11,Bundesliga
T. Chandler,Eintracht Fráncfort​​,Estados Unidos,22,RB,Right,187,36,65,,62,51,64,64,63,66,69,47,57,70,48,64,60,50,58,65,63,61,65,65,62,58,67,72,64,52,65,64,56,57,53,55,57,68,66,9,15,6,10,10,15,Bundesliga
R. Onyedika,Eintracht Fráncfort​​,Nigeria,25,"CDM, CM",Right,184,25,77,Nigeria,68,65,75,74,81,79,72,57,71,79,67,73,72,69,73,76,69,68,66,77,68,73,79,79,79,72,79,84,70,75,67,82,77,87,76,13,10,11,7,9,11,Bundesliga
N. Aséko,Eintracht Fráncfort​​,Alemania,15,CDM,Right,178,20,72,,69,63,69,69,72,73,61,59,67,74,55,69,60,60,77,69,65,72,67,68,70,73,68,75,72,63,76,71,62,67,64,74,70,75,72,6,14,9,9,10,10,Bundesliga
O. Højlund,Eintracht Fráncfort​​,Dinamarca,6,CM,Right,184,21,72,,69,69,72,76,67,70,65,67,63,75,64,75,68,64,75,80,71,68,70,74,74,73,69,77,66,70,69,73,72,72,66,74,64,68,67,12,6,14,10,7,12,Bundesliga
C. Uzun,Eintracht Fráncfort​​,Turquía,42,CAM,Right,186,20,77,Turquía,81,77,77,79,49,73,69,77,63,81,76,79,77,78,76,83,84,78,76,75,74,80,70,79,74,75,65,52,76,77,70,73,46,46,49,11,11,10,14,8,8,Bundesliga
F. Chaïbi,Eintracht Fráncfort​​,Argelia,8,CAM,Right,183,23,73,Argelia,80,71,74,76,48,69,75,70,65,73,63,76,79,71,72,78,78,81,77,73,65,71,65,69,73,74,62,50,72,75,68,74,47,43,40,7,12,12,15,7,12,Bundesliga
L. Arrhov,Eintracht Fráncfort​​,Suecia,31,CAM,Right,178,18,64,,63,62,67,68,36,57,73,64,44,65,61,72,67,62,65,66,62,63,73,58,62,60,50,65,56,62,49,36,65,69,58,66,40,29,32,13,7,14,13,13,9,Bundesliga
M. Götze,Eintracht Fráncfort​​,Alemania,27,CAM,Right,176,34,74,,69,77,76,78,47,66,74,78,59,78,73,76,77,72,69,80,68,70,80,76,79,80,64,71,63,75,66,47,73,82,79,77,47,46,40,8,8,10,7,8,14,Bundesliga
R. Doan,Eintracht Fráncfort​​,Japón,20,"RW, ST",Left,172,28,77,Japón,82,74,77,81,47,69,79,75,59,81,75,80,69,73,71,85,85,80,77,76,89,71,65,77,65,76,69,49,79,75,70,72,47,43,47,14,6,11,6,10,11,Bundesliga
A. Knauff,Eintracht Fráncfort​​,Alemania,7,RW,Right,180,24,76,,84,76,71,80,45,68,73,80,60,72,73,85,76,65,68,76,84,84,78,76,79,74,71,70,69,71,61,51,76,68,74,74,42,42,39,8,9,11,8,15,9,Bundesliga
A. Amaimouni-Echghouyab,Eintracht Fráncfort​​,Marruecos,29,"RW, RM",Left,179,21,71,,74,68,68,76,38,64,63,68,61,72,65,78,67,64,64,78,77,72,74,69,73,68,61,69,66,69,56,37,72,69,68,69,40,33,29,12,12,11,6,15,11,Bundesliga
J. Burkardt,Eintracht Fráncfort​​,Alemania,9,ST,Right,181,26,78,Alemania,79,80,71,75,46,78,72,82,76,74,76,75,72,71,63,75,76,82,76,77,74,78,82,72,84,79,72,46,80,69,71,80,46,38,41,14,15,12,11,7,8,Bundesliga
Y. Ebnoutalib,Eintracht Fráncfort​​,Alemania,11,"ST, LW",Right,191,23,75,Alemania,80,75,64,72,40,76,65,75,75,65,76,71,64,64,60,73,82,79,69,84,63,75,79,71,80,70,73,38,82,64,78,72,38,33,36,9,14,9,15,9,8,Bundesliga
M. Pimpong,Eintracht Fráncfort​​,Dinamarca,35,ST,Right,191,18,64,,66,63,53,59,34,64,52,65,74,57,71,59,54,54,49,61,65,67,59,56,57,64,73,56,69,53,61,30,68,51,67,58,29,31,26,15,10,12,7,14,12,Bundesliga
J. Ngankam,Eintracht Fráncfort​​,Alemania,19,ST,Right,184,26,63,,69,66,52,63,31,62,50,68,63,58,64,61,56,51,48,65,69,69,63,62,57,67,67,57,67,64,54,25,67,48,59,71,28,29,24,14,11,8,9,8,9,Bundesliga
M. Backhaus,SC Friburgo,Alemania,1,GK,Right,194,22,74,,46,33,41,40,33,59,29,26,34,48,24,28,29,31,39,44,47,45,47,71,55,56,65,47,69,27,49,41,26,48,37,51,30,31,33,75,74,65,71,73,50,Bundesliga
F. Müller,SC Friburgo,Alemania,21,GK,Left,190,28,66,,42,23,34,32,24,50,18,14,25,40,18,20,23,19,37,35,44,41,42,66,42,43,54,44,56,25,41,34,16,43,24,46,19,25,18,61,65,64,70,69,45,Bundesliga
J. Huth,SC Friburgo,Alemania,24,GK,Right,185,32,66,,39,24,35,32,23,49,22,12,20,40,21,20,23,22,42,35,37,40,44,63,46,52,53,41,58,22,37,32,16,39,29,44,20,23,21,65,62,61,67,65,45,Bundesliga
B. Ogbus,SC Friburgo,Suiza,43,CB,Right,188,20,72,,64,52,62,61,75,74,58,46,81,73,48,56,48,53,66,64,66,63,62,66,61,72,74,67,78,52,72,70,43,51,49,71,77,75,74,15,8,12,7,11,8,Bundesliga
P. Lienhart,SC Friburgo,Austria,3,"CB, RB",Right,189,30,77,Austria,76,56,64,64,78,85,61,50,81,70,52,61,57,59,68,66,77,75,62,71,67,75,79,79,90,54,80,76,52,57,56,74,77,78,82,12,10,13,9,6,8,Bundesliga
M. Rosenfelder,SC Friburgo,Alemania,37,CB,Right,186,23,72,Alemania,70,52,62,62,75,73,58,46,71,70,43,58,52,49,69,64,72,68,60,66,64,73,72,75,71,51,76,69,41,53,51,74,75,80,72,15,7,11,6,11,10,Bundesliga
M. Ginter,SC Friburgo,Alemania,28,"CB, RB",Right,189,32,75,,67,54,62,66,79,77,61,45,78,67,54,65,52,56,68,63,65,69,63,79,67,73,79,73,81,57,73,83,49,56,59,78,77,80,75,10,15,7,7,6,7,Bundesliga
A. Jung,SC Friburgo,Alemania,5,"CB, RB",Left,186,34,67,,59,49,58,54,72,71,55,43,71,64,44,46,51,52,59,61,55,63,52,66,58,63,69,70,73,52,66,71,42,51,51,67,71,75,70,13,7,9,7,14,10,Bundesliga
J. Makengo,SC Friburgo,RD del Congo,33,"LB, LM",Left,191,25,74,República Democrática del Congo,80,60,70,71,72,80,74,56,68,72,53,71,68,58,72,69,82,78,76,74,68,72,72,78,84,61,72,68,63,64,58,71,71,76,70,7,12,15,6,12,10,Bundesliga
B. Yılmaz,SC Friburgo,Turquía,27,LB,Left,178,21,70,,72,59,67,71,70,68,69,56,65,71,52,69,62,54,66,73,68,76,69,72,72,64,67,79,64,63,63,67,56,64,57,67,72,70,73,15,9,11,15,15,7,Bundesliga
C. Günter,SC Friburgo,Alemania,30,"LB, LM",Left,184,33,74,,76,62,70,69,72,74,76,58,70,76,55,66,66,58,70,69,75,77,74,79,76,72,72,82,72,61,72,71,65,60,58,73,67,75,78,14,9,14,12,12,13,Bundesliga
P. Treu,SC Friburgo,Alemania,29,RB,Right,173,25,76,Alemania,82,64,74,73,74,75,75,60,66,84,54,72,70,61,69,72,84,80,79,74,80,72,67,84,70,69,80,76,68,66,64,66,73,76,77,6,6,12,9,8,8,Bundesliga
L. Kübler,SC Friburgo,Alemania,17,RB,Right,182,34,74,,75,60,68,73,72,73,79,55,69,66,53,69,64,60,65,75,74,75,77,73,75,68,72,77,69,64,77,71,62,67,61,72,75,74,66,8,12,11,11,15,6,Bundesliga
Y. Engelhardt,SC Friburgo,Alemania,16,"CDM, CB",Right,184,25,73,Alemania,68,64,73,72,74,74,65,57,73,81,62,70,63,59,77,74,67,68,71,74,69,72,73,71,73,70,81,80,64,68,66,71,73,74,71,6,11,12,9,14,8,Bundesliga
P. Osterhage,SC Friburgo,Alemania,6,CDM,Left,186,26,74,,65,64,72,69,74,80,67,61,68,77,54,69,63,60,74,71,67,64,62,71,68,70,74,82,80,67,79,72,65,72,65,75,76,77,70,12,7,13,8,12,11,Bundesliga
R. Yamamoto,SC Friburgo,Japón,20,CDM,Left,179,24,72,,69,60,69,69,73,72,58,53,66,78,54,66,66,61,69,72,65,72,66,71,68,69,69,72,71,66,74,79,62,69,62,73,70,76,70,15,12,8,8,6,8,Bundesliga
M. Eggestein,SC Friburgo,Alemania,8,CM,Right,181,29,75,,68,71,75,75,66,72,68,68,69,77,65,73,74,73,77,75,67,68,81,76,78,77,69,79,70,74,71,68,76,80,71,71,66,65,57,11,10,6,7,7,11,Bundesliga
R. Tarnutzer,SC Friburgo,Suiza,39,"CM, CDM",Right,184,19,56,,58,54,58,55,49,54,58,51,47,59,46,56,47,52,59,56,56,59,53,53,50,62,51,64,52,54,49,45,49,60,55,53,52,51,42,14,15,10,15,9,10,Bundesliga
D. Scherhant,SC Friburgo,Alemania,7,LW,Left,185,23,76,Alemania,86,77,72,78,48,71,71,77,73,74,73,76,76,69,62,80,87,85,84,74,77,77,63,78,71,79,65,51,75,76,71,73,45,44,41,6,14,8,6,10,11,Bundesliga
V. Grifo,SC Friburgo,Italia,32,LW,Left,180,33,75,,77,73,74,79,46,70,68,75,65,76,75,79,81,66,71,80,78,77,79,77,73,74,71,78,70,66,62,46,75,78,66,79,48,41,40,7,11,8,14,10,6,Bundesliga
F. Muslija,SC Friburgo,Kosovo,23,LW,Left,172,28,67,,74,67,67,67,38,63,67,67,57,68,60,69,70,61,60,64,74,74,67,67,70,71,60,67,64,66,57,39,71,71,63,67,36,34,31,12,6,10,11,11,11,Bundesliga
N. Beste,SC Friburgo,Alemania,19,"RW, ST",Left,175,27,78,,86,76,74,81,49,70,76,72,69,75,70,83,76,72,71,79,90,83,80,75,81,83,70,82,69,78,56,47,85,75,70,79,50,46,43,11,6,7,13,9,8,Bundesliga
C. Irié,SC Friburgo,Burkina Faso,22,RW,Left,185,21,72,,78,69,68,73,42,66,71,72,60,72,64,78,73,63,61,70,79,77,70,71,73,68,61,75,65,67,59,39,67,65,68,67,41,41,34,15,8,6,10,11,11,Bundesliga
Y. Suzuki,SC Friburgo,Japón,14,CAM,Right,175,24,78,Japón,81,76,78,80,49,69,80,75,60,76,71,82,81,74,74,79,83,80,75,76,82,77,65,79,67,78,64,52,77,83,77,79,51,46,37,13,11,12,10,13,11,Bundesliga
I. Matanovic,SC Friburgo,Croacia,31,"ST, LW",Right,194,23,77,Croacia,82,79,67,79,43,79,64,80,82,70,79,78,66,67,63,83,78,85,72,77,68,81,80,74,84,74,72,41,84,67,82,82,41,34,39,15,13,13,8,8,12,Bundesliga
K. Goto,SC Friburgo,Japón,42,"ST, CF",Right,191,21,73,Japón,76,71,62,69,39,74,61,70,82,64,74,68,67,65,54,70,75,76,67,75,68,77,79,72,80,64,62,31,79,64,75,71,40,31,32,7,7,13,7,8,14,Bundesliga
L. Höler,SC Friburgo,Alemania,9,ST,Right,184,32,74,,71,77,66,74,41,74,66,79,76,73,75,72,68,62,56,75,69,73,76,78,71,78,76,73,76,72,68,42,76,60,78,77,35,39,28,7,15,8,11,15,10,Bundesliga
F. Dahmen,FC Augsburgo,Alemania,1,GK,Right,186,28,75,Alemania,54,30,45,41,35,58,32,22,31,48,26,30,33,34,47,45,60,50,40,75,56,55,69,50,65,28,46,46,27,55,27,53,34,29,42,74,78,69,76,77,52,Bundesliga
N. Labrovic,FC Augsburgo,Croacia,22,GK,Right,196,26,68,,41,26,37,35,25,48,24,23,28,43,21,24,23,28,45,38,42,40,43,64,50,45,57,43,53,18,39,36,18,41,27,48,20,23,21,74,67,62,73,71,46,Bundesliga
T. Wisbereit,FC Augsburgo,Alemania,48,GK,Right,195,18,53,,28,14,23,19,14,38,10,10,14,33,10,10,10,10,25,21,27,28,25,45,33,28,38,29,46,10,30,21,10,25,13,34,10,13,10,52,50,47,50,53,32,Bundesliga
C. Matsima,FC Augsburgo,Francia,5,"CB, RB",Right,193,24,76,,70,58,64,67,80,80,59,54,82,71,54,63,53,55,72,70,75,66,62,78,67,73,76,66,84,54,86,80,49,54,60,70,80,80,81,11,7,12,15,15,12,Bundesliga
N. Banks,FC Augsburgo,Alemania,40,CB,Right,193,19,74,,75,54,61,62,78,80,61,51,79,66,48,58,49,54,65,64,73,77,61,66,63,68,80,70,88,49,74,79,47,54,50,69,77,79,78,11,9,10,11,12,12,Bundesliga
J. Bah,FC Augsburgo,Sierra Leona,35,"CB, CDM",Right,195,20,70,,64,50,58,60,73,76,53,44,75,68,40,54,49,47,62,67,61,66,58,66,56,66,82,62,83,53,75,72,48,49,49,66,71,77,70,11,12,6,9,13,13,Bundesliga
C. Brackelmann,FC Augsburgo,Alemania,2,CB,Left,196,27,72,,69,51,60,62,75,74,61,46,78,63,46,56,53,49,65,67,73,65,59,72,59,66,76,69,77,50,72,78,46,55,57,70,77,70,72,9,9,14,7,14,11,Bundesliga
J. Gouweleeuw,FC Augsburgo,Países Bajos,6,CB,Right,188,35,71,,59,48,57,63,75,75,56,43,76,61,45,56,48,56,64,66,57,60,64,75,62,67,76,72,78,41,73,79,44,49,46,78,76,73,68,9,12,13,7,10,11,Bundesliga
H. Behrens,FC Augsburgo,Alemania,16,"LB, RB",Both,175,21,70,Alemania,77,58,66,66,69,69,71,56,56,69,56,62,61,57,67,67,76,77,71,67,76,61,58,75,66,59,70,72,59,57,53,63,69,69,72,11,14,14,7,12,13,Bundesliga
Y. Seol,FC Augsburgo,Corea del Sur,7,RB,Right,183,27,69,Corea del Sur,75,55,66,65,67,72,69,53,65,69,47,66,63,53,69,61,77,73,67,70,70,60,67,74,72,55,72,66,59,57,55,68,64,70,68,13,12,10,10,13,13,Bundesliga
M. Wolf,FC Augsburgo,Alemania,27,RB,Right,188,31,71,,70,57,67,68,70,72,70,50,69,70,51,66,66,58,64,71,68,71,70,70,67,63,68,72,74,65,69,72,59,64,61,66,66,74,72,9,9,13,13,12,11,Bundesliga
R. Fellhauer,FC Augsburgo,Alemania,19,CDM,Right,182,28,69,,62,57,67,66,70,73,55,55,69,74,54,63,58,60,68,71,59,64,60,70,66,62,77,67,77,57,69,70,56,69,65,73,67,74,72,10,14,12,9,10,7,Bundesliga
Y. Keitel,FC Augsburgo,Alemania,14,CDM,Both,186,26,67,,66,55,66,64,70,72,61,50,66,74,51,59,51,59,66,70,65,67,60,67,67,61,69,70,74,60,71,68,58,62,59,66,73,72,68,10,8,15,11,10,12,Bundesliga
T. Breithaupt,FC Augsburgo,Alemania,18,CDM,Right,192,24,65,,59,54,62,62,68,69,57,48,72,70,50,60,54,56,66,65,62,57,57,65,56,63,68,67,69,56,70,66,56,54,56,68,68,67,66,13,9,13,8,13,15,Bundesliga
T. Schnitzer,FC Augsburgo,Alemania,37,"CDM, CM",Left,185,18,56,,49,45,53,51,58,62,44,40,53,59,38,50,40,51,57,53,52,47,46,55,50,57,55,61,63,47,63,62,47,50,48,51,59,57,57,7,9,12,6,6,8,Bundesliga
H. Massengo,FC Augsburgo,Francia,4,CM,Right,178,25,75,,76,67,76,74,68,73,66,62,64,81,67,72,68,73,79,78,77,75,71,69,78,74,67,82,72,72,68,71,71,78,67,73,65,73,62,8,10,7,6,13,12,Bundesliga
S. Suso,FC Augsburgo,Alemania,8,"CM, CDM",Left,190,21,67,,62,62,68,69,60,68,63,60,65,72,57,72,66,64,72,69,64,61,64,62,62,68,62,76,67,64,63,60,61,67,62,66,63,58,54,9,10,12,14,14,11,Bundesliga
A. Kade,FC Augsburgo,Alemania,30,"CAM, CM",Right,185,22,75,,76,76,76,78,46,67,70,78,61,80,72,80,74,71,74,78,81,72,72,75,75,75,66,71,68,77,59,43,75,77,65,80,47,43,42,11,7,12,9,13,14,Bundesliga
F. Rieder,FC Augsburgo,Suiza,32,"CAM, CM",Left,181,24,77,Suiza,81,75,80,80,48,70,80,77,66,80,70,80,87,77,78,81,80,81,84,79,80,73,66,77,68,76,67,54,74,78,71,75,44,46,39,9,9,11,14,12,9,Bundesliga
M. Kömür,FC Augsburgo,Alemania,10,"CAM, CF",Both,184,21,73,,79,70,73,75,45,68,74,68,62,73,73,78,81,74,76,72,75,83,77,71,75,71,65,76,66,72,62,44,70,68,71,68,43,42,43,9,9,7,7,11,14,Bundesliga
A. Claude-Maurice,FC Augsburgo,Francia,20,CAM,Right,176,28,75,,74,74,77,76,47,65,72,74,59,81,73,77,76,73,74,76,77,72,78,71,78,70,67,71,65,75,59,51,77,80,74,77,44,43,44,15,11,9,8,14,6,Bundesliga
A. Ibrahimovic,FC Augsburgo,Alemania,21,LW,Left,178,20,68,,75,65,62,68,36,59,66,65,52,59,65,71,67,60,60,64,76,75,77,68,72,68,62,68,57,62,51,36,69,63,67,60,33,34,40,12,12,14,7,14,13,Bundesliga
F. Sakar,FC Augsburgo,Alemania,23,"LW, LM",Left,178,18,54,,63,50,53,56,23,46,51,48,46,58,52,58,59,50,48,54,63,63,60,47,56,56,45,56,44,49,40,19,52,50,52,46,25,18,14,10,14,11,10,10,8,Bundesliga
Rodrigo Ribeiro,FC Augsburgo,Portugal,9,"ST, LW",Right,186,21,67,,67,69,57,66,34,65,56,74,66,58,65,70,56,56,57,64,64,69,64,63,59,66,63,65,69,64,57,25,73,59,64,66,35,31,23,7,13,13,11,11,8,Bundesliga
U. Ogundu,FC Augsburgo,Nigeria,39,ST,Right,180,20,66,,72,68,55,63,32,68,56,71,67,57,66,63,61,58,46,62,72,72,62,64,69,67,61,62,73,65,64,28,63,54,62,61,30,26,30,10,8,9,10,6,6,Bundesliga
M. Gregoritsch,FC Augsburgo,Austria,11,ST,Left,193,32,70,Austria,72,70,62,68,38,72,58,73,77,67,73,70,64,58,57,65,71,72,64,77,61,71,76,65,79,63,61,34,69,62,71,82,34,32,35,7,10,7,14,6,13,Bundesliga
S. Mounié,FC Augsburgo,Benín,15,"ST, LW",Right,189,32,70,,67,70,60,71,38,67,55,74,74,64,69,69,60,59,50,75,65,68,70,72,61,69,76,59,74,63,57,35,76,64,71,71,34,34,34,7,10,15,8,6,10,Bundesliga
R. Zentner,1.FSV Mainz 05,Alemania,27,GK,Right,194,31,70,,40,30,38,38,28,55,26,23,29,43,18,27,24,26,44,40,43,38,46,67,45,55,57,45,62,25,51,37,23,43,33,52,25,26,23,68,70,63,73,77,49,Bundesliga
A. Schwolow,1.FSV Mainz 05,Alemania,1,GK,Right,190,34,65,,38,25,35,33,23,48,23,16,28,44,16,22,23,19,37,36,36,39,43,64,45,50,51,40,56,24,35,28,13,38,29,45,21,21,24,64,66,63,64,67,45,Bundesliga
M. Kinzig,1.FSV Mainz 05,Alemania,40,GK,Right,190,22,56,,29,15,26,22,15,37,16,10,21,31,10,10,15,12,27,25,26,31,26,52,36,33,44,30,43,10,29,20,10,32,10,37,12,14,10,58,56,49,57,60,29,Bundesliga
K. Potulski,1.FSV Mainz 05,Polonia,48,CB,Right,195,18,72,Polonia,71,52,60,61,77,76,59,46,79,64,44,56,56,46,65,67,70,72,57,68,60,69,76,67,81,50,77,76,47,53,52,68,76,77,84,14,8,14,11,8,12,Bundesliga
S. Posch,1.FSV Mainz 05,Austria,4,CB,Right,188,29,74,Austria,68,54,60,62,78,78,59,46,80,70,50,56,55,53,64,68,67,68,60,71,62,69,82,73,81,60,75,77,52,46,56,71,78,80,74,6,9,14,14,11,7,Bundesliga
F. Gruber,1.FSV Mainz 05,Perú,3,"CB, RB",Right,188,24,71,,66,49,59,59,74,73,57,45,75,65,41,57,48,53,66,60,65,67,53,69,62,63,72,71,74,46,74,71,44,50,47,59,73,77,77,11,11,9,12,11,13,Bundesliga
D. Kohr,1.FSV Mainz 05,Alemania,31,CB,Right,183,32,73,,65,53,63,60,74,75,64,49,74,69,49,55,55,61,63,61,68,63,62,68,62,66,77,72,74,51,80,78,49,55,50,74,74,71,72,7,12,14,15,14,14,Bundesliga
D. da Costa,1.FSV Mainz 05,Alemania,21,"CB, CDM",Right,187,33,72,,63,53,63,60,75,73,62,50,77,70,42,56,54,53,69,64,60,65,56,65,63,65,74,70,72,53,77,71,48,53,48,69,80,75,70,10,10,7,10,14,11,Bundesliga
S. Bell,1.FSV Mainz 05,Alemania,16,CB,Right,192,35,69,,61,51,58,57,72,72,56,45,71,63,49,51,45,52,61,60,57,64,56,67,57,64,76,69,74,50,72,71,47,53,56,72,72,74,70,13,14,15,15,6,8,Bundesliga
P. Mwene,1.FSV Mainz 05,Austria,2,LB,Left,170,32,72,Austria,74,57,67,70,70,68,68,52,60,66,53,68,63,59,70,71,70,77,74,71,76,67,68,74,62,58,74,74,64,70,56,70,66,72,73,8,12,10,14,8,13,Bundesliga
R. Nakuzola,1.FSV Mainz 05,Alemania,47,LB,Left,191,19,57,,59,42,57,53,54,59,56,39,56,62,38,54,49,45,58,53,60,59,53,52,51,50,58,61,59,41,59,51,42,52,42,47,54,54,56,10,6,7,10,15,14,Bundesliga
A. Caci,1.FSV Mainz 05,Francia,19,RB,Both,184,29,73,,78,60,68,72,70,69,71,52,65,70,56,73,67,54,65,71,75,80,69,70,73,72,67,73,67,66,71,74,60,67,58,74,72,68,67,10,6,14,14,6,8,Bundesliga
S. Widmer,1.FSV Mainz 05,Suiza,30,"RB, LB",Right,183,33,70,,72,55,64,68,67,72,70,50,67,68,54,67,61,53,60,69,70,74,71,69,68,62,73,77,72,59,65,68,61,59,52,68,65,67,71,11,7,8,15,10,9,Bundesliga
K. Sano,1.FSV Mainz 05,Japón,6,"CDM, CM",Both,176,25,79,Japón,75,69,73,76,80,80,71,66,74,72,68,76,78,74,80,76,74,75,80,73,70,77,76,87,76,68,82,79,69,72,65,82,81,82,83,11,10,9,15,11,14,Bundesliga
E. Martel,1.FSV Mainz 05,Alemania,5,"CDM, CM",Right,188,24,74,,69,64,70,70,74,79,62,59,71,75,54,67,63,68,75,75,69,69,65,65,67,74,74,81,78,70,78,81,62,67,66,70,71,74,75,8,15,14,8,6,13,Bundesliga
L. Maloney,1.FSV Mainz 05,Estados Unidos,15,"CDM, CB",Right,188,26,69,,62,60,67,63,72,74,61,57,70,71,56,59,55,62,70,65,58,65,65,67,62,68,69,76,73,61,73,76,63,70,60,69,70,70,75,8,7,6,6,11,15,Bundesliga
S. Kawasaki,1.FSV Mainz 05,Japón,24,CDM,Both,172,25,66,,58,55,64,63,66,67,57,49,56,71,51,62,55,55,68,64,55,61,61,61,60,62,60,68,66,60,69,66,58,59,58,65,67,67,69,6,8,7,10,7,8,Bundesliga
P. Nebel,1.FSV Mainz 05,Alemania,8,"CAM, CM",Both,169,23,76,,76,78,77,83,49,65,74,78,62,77,72,84,77,71,77,84,76,76,81,79,83,75,61,75,63,83,58,50,73,81,74,73,49,47,41,13,6,7,6,7,6,Bundesliga
N. Amiri,1.FSV Mainz 05,Alemania,10,"CAM, CM",Right,180,29,79,Alemania,78,83,81,82,52,71,75,78,69,84,73,87,79,80,80,77,79,77,77,78,80,88,68,74,71,93,70,51,78,81,76,85,51,52,45,12,7,8,7,7,6,Bundesliga
J. Lee,1.FSV Mainz 05,Corea del Sur,7,CAM,Left,180,34,70,Corea del Sur,65,67,72,74,45,61,67,67,60,75,66,76,73,70,65,72,69,61,73,73,68,64,59,69,58,69,57,49,71,79,66,73,45,39,38,10,7,6,10,12,14,Bundesliga
O. Ruoppi,1.FSV Mainz 05,Finlandia,20,CAM,Right,180,20,65,,71,66,66,70,40,59,62,66,51,69,66,69,70,56,60,74,74,69,73,58,64,64,57,64,61,68,46,38,62,69,62,55,41,38,34,10,14,12,12,7,15,Bundesliga
S. Becker,1.FSV Mainz 05,Surinam,23,LW,Left,180,31,71,,76,70,69,75,41,63,70,73,55,70,66,73,73,64,65,78,73,79,79,67,77,65,64,69,63,68,55,45,78,68,63,72,37,40,32,11,7,8,12,12,7,Bundesliga
Silas,1.FSV Mainz 05,RD del Congo,26,"RW, RM",Right,189,28,68,,79,63,67,73,38,63,65,66,61,70,63,76,68,62,63,72,77,80,70,70,68,61,63,71,63,58,52,33,74,69,58,62,39,35,32,7,14,12,13,9,12,Bundesliga
B. Hollerbach,1.FSV Mainz 05,Alemania,17,ST,Both,181,25,70,,71,71,58,72,37,67,53,72,72,63,63,68,56,59,54,79,72,71,64,76,63,73,74,67,69,69,62,28,78,57,69,70,32,36,36,9,6,10,15,8,11,Bundesliga
P. Tietz,1.FSV Mainz 05,Alemania,9,ST,Right,190,29,73,,78,76,61,72,40,73,53,82,75,62,74,71,66,61,60,71,79,78,73,76,65,75,77,67,77,68,68,33,74,66,70,80,36,40,34,12,11,10,12,15,8,Bundesliga
R. Königsdörffer,1.FSV Mainz 05,Ghana,11,ST,Right,182,25,70,,73,70,62,67,38,69,59,74,68,67,68,67,64,57,52,66,71,75,69,70,65,68,68,65,73,64,65,32,74,65,67,75,37,36,28,15,14,11,6,7,15,Bundesliga
A. Haidara,1.FSV Mainz 05,Costa de Marfil,39,"ST, LW",Right,190,18,55,,61,55,47,50,24,53,44,56,57,55,54,48,43,45,41,53,63,60,51,49,49,58,60,48,59,51,44,21,57,41,55,52,24,15,19,7,13,11,12,9,6,Bundesliga
M. Schwäbe,FC Colonia,Alemania,1,GK,Right,190,31,71,,42,28,37,37,28,54,21,20,32,41,24,19,27,26,45,48,38,45,41,72,48,49,57,42,63,29,45,34,19,45,29,56,27,25,24,71,70,63,69,71,50,Bundesliga
R. Zieler,FC Colonia,Alemania,20,GK,Right,188,37,67,,33,25,37,36,23,50,22,17,30,43,14,27,20,19,37,39,31,34,40,63,40,50,53,44,53,24,48,28,16,49,21,51,18,23,22,70,65,60,64,69,45,Bundesliga
M. James,FC Colonia,Francia,21,GK,Right,186,18,54,,33,15,21,23,15,35,10,10,14,25,10,13,10,10,25,27,35,32,27,49,32,34,47,27,40,10,29,22,10,27,16,31,15,11,10,50,52,48,55,55,26,Bundesliga
M. Köbbing,FC Colonia,Alemania,44,GK,Both,196,29,57,,33,17,26,24,16,42,15,10,19,29,10,14,12,12,29,27,33,33,32,46,38,37,44,30,51,15,32,28,10,34,17,32,12,13,10,60,58,49,58,59,33,Bundesliga
J. Simpson-Pusey,FC Colonia,Inglaterra,22,CB,Right,187,20,68,,66,52,54,58,70,71,49,49,72,62,45,54,47,49,63,60,65,66,60,57,60,64,73,66,71,50,75,67,42,42,46,65,70,71,69,7,8,12,8,11,12,Bundesliga
R. van den Berg,FC Colonia,Países Bajos,33,"CB, RB",Right,191,22,68,,62,47,57,58,71,70,50,42,73,67,45,54,44,43,64,62,59,64,54,60,62,64,72,64,72,43,71,74,43,49,50,67,70,71,67,6,15,15,13,12,6,Bundesliga
L. Lochoshvili,FC Colonia,Georgia,24,CB,Left,192,28,70,Georgia,68,52,59,60,73,74,52,48,74,65,49,58,51,44,69,61,66,69,56,70,59,64,79,72,76,53,70,69,48,52,49,70,71,77,72,7,11,11,8,12,14,Bundesliga
J. Schmied,FC Colonia,Suiza,2,CB,Right,188,28,68,,62,49,54,56,74,69,45,45,75,64,48,47,46,47,56,64,59,65,54,72,56,63,69,66,71,47,67,74,46,48,47,62,77,73,66,15,14,12,10,15,14,Bundesliga
T. Hübers,FC Colonia,Alemania,4,CB,Right,190,30,70,,68,52,58,59,74,74,57,45,76,63,48,58,48,51,61,59,66,70,57,72,57,71,76,64,78,51,77,74,44,54,51,65,75,76,67,11,6,8,14,11,15,Bundesliga
G. Mensah,FC Colonia,Ghana,14,"LB, LM",Left,178,28,69,Ghana,72,54,62,64,66,67,68,49,56,66,48,61,62,51,59,66,69,75,69,67,69,60,66,75,63,58,69,70,52,55,57,64,65,66,67,15,12,10,8,15,8,Bundesliga
B. Sosa,FC Colonia,Croacia,3,"LB, RB",Left,187,28,68,,75,54,63,63,66,71,64,50,61,70,51,60,60,50,62,65,72,77,68,70,66,64,65,76,72,56,64,61,54,56,52,60,67,69,66,9,9,15,9,14,15,Bundesliga
S. Sebulonsen,FC Colonia,Noruega,28,RB,Right,187,26,70,,76,53,67,67,71,71,70,46,70,71,52,68,64,50,69,63,73,78,75,68,71,67,71,72,73,52,66,75,55,60,55,63,69,70,70,6,10,7,10,9,8,Bundesliga
A. Castro-Montes,FC Colonia,Bélgica,17,RB,Right,175,29,70,,76,58,65,66,68,72,70,55,59,66,55,62,61,51,63,68,77,76,73,68,69,67,63,76,71,57,72,76,56,63,53,70,67,69,65,10,6,9,8,8,15,Bundesliga
T. Krauß,FC Colonia,Alemania,5,"CDM, CM",Right,182,25,70,,66,60,68,68,74,72,63,55,68,74,52,69,63,64,68,67,64,67,64,72,66,69,68,70,72,64,76,75,59,66,59,69,74,77,72,9,8,10,14,13,11,Bundesliga
E. Skhiri,FC Colonia,Túnez,6,CDM,Right,185,31,72,,62,63,68,68,73,73,60,62,68,74,57,67,63,61,68,69,65,59,65,71,69,66,72,77,72,66,73,70,65,69,60,74,75,76,70,8,11,12,6,11,15,Bundesliga
P. Okon-Engstler,FC Colonia,Australia,23,CDM,Left,185,21,65,Australia,62,54,62,63,66,65,53,47,63,67,51,57,57,53,63,70,63,61,61,62,62,63,63,70,63,62,64,70,51,64,59,68,67,65,66,12,14,8,11,11,9,Bundesliga
Í. Jóhannesson,FC Colonia,Islandia,8,"CM, CDM",Left,184,23,73,Islandia,71,69,74,72,69,72,70,65,71,74,65,72,73,67,82,74,71,71,68,74,71,76,62,83,70,71,68,71,72,74,63,68,67,69,67,7,15,14,7,7,6,Bundesliga
Gil Neves,FC Colonia,Portugal,31,CM,Right,189,18,55,,52,49,55,54,44,54,54,45,43,60,46,55,48,55,53,55,54,50,48,54,48,55,48,58,53,51,53,43,48,50,50,58,45,44,47,15,10,10,10,14,7,Bundesliga
S. El Mala,FC Colonia,Alemania,10,"LW, LM",Both,187,20,76,Alemania,85,74,73,76,44,68,76,77,67,71,73,77,76,70,66,76,88,83,76,73,74,70,68,73,69,72,59,41,77,80,76,72,42,41,39,7,15,8,11,8,6,Bundesliga
R. Heskey,FC Colonia,Inglaterra,11,LW,Left,184,18,62,,76,63,60,67,32,56,59,64,49,60,61,69,66,51,54,68,76,76,67,61,60,64,55,59,56,63,51,28,57,67,57,56,32,29,29,11,7,12,6,10,8,Bundesliga
M. Bülter,FC Colonia,Alemania,30,"LW, ST",Left,188,33,72,,75,68,69,77,42,68,70,66,60,71,62,79,67,65,62,79,75,75,74,67,72,68,65,69,72,73,58,47,71,71,69,70,40,35,36,10,11,13,9,10,7,Bundesliga
M. Moore,FC Colonia,Inglaterra,47,"RW, RM",Right,180,19,71,,81,70,69,73,41,63,72,71,62,73,76,73,73,69,57,75,78,83,75,68,67,68,65,72,62,68,55,39,73,69,63,70,40,41,30,14,10,7,8,7,12,Bundesliga
J. Thielmann,FC Colonia,Alemania,29,"RW, RM",Right,178,24,70,,77,66,69,78,40,63,72,65,57,74,64,85,67,65,60,76,74,79,68,66,71,69,60,71,61,65,60,40,71,66,60,67,42,33,36,12,15,8,11,14,10,Bundesliga
L. Maina,FC Colonia,Alemania,37,RW,Right,180,27,70,,77,69,68,69,38,64,72,68,60,68,63,70,65,66,61,67,80,74,71,74,71,74,62,72,63,68,56,39,72,70,64,65,34,36,36,13,13,12,14,12,9,Bundesliga
R. Ache,FC Colonia,Alemania,9,ST,Right,183,28,72,,76,75,64,72,36,72,64,77,75,70,67,67,63,63,55,77,80,72,69,78,69,74,78,72,74,74,65,34,76,61,72,78,33,28,30,13,13,12,12,10,6,Bundesliga
T. Dallinga,FC Colonia,Países Bajos,27,"ST, LW",Right,190,26,76,,73,78,66,77,42,75,71,79,83,66,81,75,67,70,57,81,67,78,72,74,72,78,79,72,79,72,69,36,82,65,81,75,40,37,37,7,9,9,13,13,14,Bundesliga
L. Waldschmidt,FC Colonia,Alemania,7,"ST, CF",Left,181,30,67,,70,70,60,66,32,67,57,71,68,65,69,64,57,60,54,65,68,72,70,67,69,69,72,67,69,68,62,26,71,62,65,69,28,31,24,8,13,7,10,10,9,Bundesliga
I. Rondic,FC Colonia,Bosnia y Herzegovina,15,ST,Left,190,27,64,,70,61,52,63,31,67,53,59,66,57,59,62,56,50,45,65,69,70,65,68,54,66,70,60,72,57,61,30,67,49,73,62,23,31,22,10,7,10,13,11,15,Bundesliga
M. El Mala,FC Colonia,Alemania,19,ST,Right,194,21,57,,59,57,46,56,22,61,47,59,65,48,59,53,45,51,39,61,57,60,52,60,49,59,65,56,68,51,50,18,63,45,53,57,20,14,13,10,15,12,11,11,15,Bundesliga
S. Tangvik,Hamburgo SV,Noruega,12,GK,Right,193,23,68,Noruega,45,26,37,35,25,50,23,15,26,45,21,19,18,17,36,42,48,43,47,61,50,48,57,41,55,30,45,37,19,47,26,49,26,17,22,70,67,60,64,69,44,Bundesliga
Daniel Heuer Fernandes,Hamburgo SV,Portugal,1,GK,Right,188,33,72,,40,27,42,38,29,56,30,17,31,50,24,23,25,26,42,42,44,37,47,69,56,51,61,43,64,26,50,44,20,49,30,53,28,22,25,72,66,69,75,72,48,Bundesliga
F. Dickes,Hamburgo SV,Alemania,41,GK,Left,193,18,54,,30,15,20,22,12,37,10,10,15,21,10,10,10,10,25,26,31,29,27,47,34,35,42,31,41,10,32,19,10,30,12,34,10,10,10,57,54,51,53,60,24,Bundesliga
E. Lahti,Hamburgo SV,Finlandia,40,GK,Right,185,17,61,,36,20,30,28,18,43,18,13,23,36,10,15,17,20,32,34,34,38,39,51,37,40,49,33,50,18,35,23,10,35,22,38,15,19,14,59,60,56,60,63,37,Bundesliga
N. Capaldo,Hamburgo SV,Argentina,24,"CB, CDM",Right,177,28,71,,63,53,58,61,75,71,52,51,73,67,48,59,53,52,62,60,59,67,60,70,64,65,70,68,73,48,69,77,49,50,49,71,75,75,72,14,8,6,10,15,10,Bundesliga
S. Bornauw,Hamburgo SV,Bélgica,33,CB,Right,191,27,72,,69,55,62,57,77,78,59,49,77,71,46,52,49,48,63,59,67,70,56,70,62,72,74,69,84,57,73,73,46,55,46,69,81,77,69,6,13,9,7,7,13,Bundesliga
W. Omari,Hamburgo SV,Comoras,17,CB,Right,188,26,70,,64,48,57,57,72,75,52,41,71,62,48,55,45,52,65,56,61,67,60,69,59,65,73,70,77,47,75,70,46,52,53,67,72,74,68,11,9,7,14,10,14,Bundesliga
J. Torunarigha,Hamburgo SV,Nigeria,23,"CB, RB",Left,191,29,71,,66,51,59,58,74,73,53,43,76,69,44,51,48,55,67,63,60,71,60,69,55,65,75,72,73,55,72,72,46,46,54,71,71,77,73,15,9,11,13,8,6,Bundesliga
S. Nandja,Hamburgo SV,Alemania,43,"CB, CDM",Right,195,19,62,,60,40,50,53,66,69,46,33,59,56,30,49,46,38,55,57,59,60,54,57,55,60,69,62,74,42,63,67,31,43,41,58,67,67,61,9,11,11,8,11,12,Bundesliga
M. Vuskovic,Hamburgo SV,Croacia,44,CB,Right,189,24,66,,58,47,55,56,69,71,49,41,71,66,42,53,40,43,56,56,53,62,54,68,52,64,74,68,70,44,75,70,41,46,48,69,67,73,62,11,7,11,9,13,6,Bundesliga
D. Møller Wolfe,Hamburgo SV,Noruega,3,LB,Left,185,24,76,Noruega,80,62,73,74,73,74,77,58,67,81,56,76,66,63,72,70,84,77,76,72,73,72,72,78,74,63,72,76,64,62,59,78,71,73,78,9,6,8,10,15,10,Bundesliga
L. Lemke,Hamburgo SV,Alemania,37,"LB, LM",Left,182,16,65,,73,50,59,60,65,64,62,44,60,62,46,58,54,52,53,62,71,74,64,59,65,61,64,65,63,50,63,67,50,59,56,60,63,68,67,7,13,9,14,9,9,Bundesliga
M. Muheim,Hamburgo SV,Suiza,28,"LB, RB",Left,182,28,69,,72,53,64,67,67,68,66,49,62,68,51,65,64,57,66,68,69,75,71,68,67,61,67,71,67,53,69,64,60,57,58,70,68,70,70,15,9,9,9,12,6,Bundesliga
Z. El Ouahdi,Hamburgo SV,Marruecos,7,RB,Right,171,24,76,Marruecos,79,61,72,72,77,73,79,57,68,71,55,67,72,61,76,73,83,76,80,77,80,71,68,85,70,62,69,77,61,64,60,71,75,83,78,13,7,7,14,8,6,Bundesliga
N. Remberg,Hamburgo SV,Alemania,21,"CDM, CM",Right,188,26,75,,67,65,72,73,76,79,68,61,76,74,62,74,66,67,72,73,69,65,63,74,73,70,74,77,80,68,80,74,65,73,65,78,77,76,74,8,13,12,12,10,11,Bundesliga
K. Amoako,Hamburgo SV,Alemania,22,CDM,Right,186,21,66,,59,55,63,63,69,70,54,50,63,68,51,62,52,59,66,66,58,60,55,66,58,61,67,71,69,58,71,72,60,63,54,70,72,66,66,6,6,6,12,11,14,Bundesliga
A. Sambi Lokonga,Hamburgo SV,Bélgica,6,"CM, CAM",Right,183,26,75,,69,69,75,75,67,72,75,64,64,78,70,76,74,61,72,76,72,67,69,78,72,73,61,73,74,76,71,68,69,78,63,71,74,62,64,10,12,8,14,6,6,Bundesliga
B. Nadir,Hamburgo SV,Marruecos,4,"CM, CAM",Left,186,22,71,,66,64,70,71,65,72,67,61,62,74,60,72,70,63,70,73,70,63,66,70,72,66,68,77,74,66,63,70,68,67,71,68,65,63,61,14,11,9,10,7,6,Bundesliga
B. Jatta,Hamburgo SV,Gambia,18,"RM, LM",Right,184,28,65,,67,61,64,64,47,60,68,63,59,65,56,63,67,63,65,64,69,66,66,64,62,61,58,66,60,61,54,50,59,58,57,67,42,46,44,15,10,9,6,11,6,Bundesliga
Fábio Vieira,Hamburgo SV,Portugal,20,"CAM, CF",Left,170,26,74,,77,73,72,78,48,61,68,72,60,72,71,75,74,70,73,81,79,76,83,73,78,72,65,68,59,78,57,52,78,77,70,74,47,44,45,14,10,8,9,14,12,Bundesliga
M. Adeline,Hamburgo SV,Francia,5,"CAM, CM",Right,181,22,72,,73,69,72,76,46,67,73,69,58,72,71,77,75,71,64,77,75,72,73,70,72,68,60,71,67,67,62,51,73,74,71,75,48,40,40,14,13,15,15,11,7,Bundesliga
A. Grønbaek,Hamburgo SV,Dinamarca,11,"CAM, CM",Right,181,25,74,,74,72,74,78,48,65,70,70,61,74,73,79,77,67,74,80,73,74,79,70,73,71,62,72,64,80,60,51,74,79,68,75,45,45,42,11,13,12,14,7,9,Bundesliga
I. Pherai,Hamburgo SV,Surinam,10,"CAM, CM",Right,175,25,65,Surinam,65,67,66,69,37,58,64,69,51,67,57,67,63,62,64,73,66,65,66,68,66,65,56,61,58,64,55,39,72,71,65,65,33,37,30,11,14,11,13,9,12,Bundesliga
A. Røssing-Lelesiit,Hamburgo SV,Noruega,38,"LW, LM",Left,184,19,66,,73,67,66,70,37,60,69,70,60,66,62,73,67,57,65,70,70,76,71,62,66,68,64,70,58,62,51,37,66,66,63,63,40,31,25,6,14,15,6,8,7,Bundesliga
T. Moffi,Hamburgo SV,Nigeria,9,ST,Left,188,27,70,,72,71,60,69,35,70,59,70,73,62,70,71,65,57,54,69,74,70,66,65,64,73,79,68,75,69,59,32,77,59,72,70,30,31,31,7,8,14,13,9,12,Bundesliga
O. Stange,Hamburgo SV,Alemania,19,"ST, LW",Right,187,19,68,,72,68,59,68,36,67,59,70,70,62,69,71,62,55,54,67,67,76,61,61,66,72,72,64,71,60,61,33,73,59,64,64,31,34,34,9,10,12,15,14,8,Bundesliga
P. Daka,Hamburgo SV,Zambia,27,"ST, CF",Right,183,27,70,,71,69,61,67,36,72,56,72,73,67,67,66,69,58,54,66,72,70,69,70,62,65,71,63,80,66,64,30,75,60,71,75,33,32,28,12,15,15,8,15,11,Bundesliga
Y. Poulsen,Hamburgo SV,Dinamarca,15,ST,Right,192,32,69,,68,70,60,70,38,70,62,74,71,62,70,70,59,57,51,72,66,69,65,72,59,68,73,68,73,62,63,32,79,64,70,76,34,37,28,15,6,9,12,6,15,Bundesliga
M. Nicolas,Borussia Mönchengladbach,Alemania,1,GK,Right,193,28,75,,52,35,43,40,33,58,29,29,34,47,28,27,30,26,51,47,55,49,45,68,52,56,61,52,63,31,53,40,23,50,42,53,32,29,33,74,74,66,75,75,50,Bundesliga
J. Olschowsky,Borussia Mönchengladbach,Alemania,23,GK,Right,184,24,62,,36,21,32,30,19,44,22,15,25,40,17,21,13,14,33,32,32,39,32,57,41,40,49,38,48,18,40,24,10,35,18,48,18,15,15,63,62,56,62,66,37,Bundesliga
D. Batz,Borussia Mönchengladbach,Alemania,33,GK,Both,191,35,66,,34,25,34,33,21,51,17,18,28,40,22,22,23,25,37,36,29,38,40,61,41,47,52,44,58,20,43,28,14,45,26,42,21,15,18,63,67,58,64,65,45,Bundesliga
T. Sippel,Borussia Mönchengladbach,Alemania,21,GK,Right,183,38,64,,30,22,32,30,22,46,17,16,22,37,13,19,21,21,36,34,36,26,38,59,42,46,55,36,51,15,42,31,13,41,22,43,19,18,23,66,61,59,69,64,45,Bundesliga
K. Diks,Borussia Mönchengladbach,Indonesia,4,"CB, CDM",Right,186,30,73,Indonesia,67,54,59,61,73,70,59,49,73,63,49,56,58,53,63,62,65,68,62,70,62,72,71,68,68,52,76,76,49,50,53,77,69,72,79,10,14,7,14,8,7,Bundesliga
K. Itakura,Borussia Mönchengladbach,Japón,6,"CB, RB",Right,188,29,72,Japón,68,53,60,60,73,73,54,49,68,69,43,55,54,51,61,65,69,67,61,63,61,68,75,63,76,55,77,75,42,55,49,66,75,73,71,15,13,7,6,13,14,Bundesliga
F. Chiarodia,Borussia Mönchengladbach,Italia,2,CB,Left,186,21,68,,63,47,58,57,72,69,56,45,78,64,43,51,47,43,62,59,61,64,63,65,62,56,75,62,72,45,69,68,38,55,45,73,72,74,67,13,14,15,7,8,12,Bundesliga
J. Leszczyński,Borussia Mönchengladbach,Polonia,5,CB,Both,191,19,64,,57,47,53,53,67,69,52,44,65,60,39,50,44,50,57,59,56,58,46,52,45,61,68,64,73,46,67,68,34,42,47,54,67,67,66,12,8,6,13,14,6,Bundesliga
L. Ullrich,Borussia Mönchengladbach,Alemania,26,LB,Left,180,22,70,,75,55,66,69,67,72,72,52,67,69,43,65,59,52,68,73,73,76,71,72,69,66,66,76,70,55,73,69,61,59,53,62,67,64,70,8,7,12,11,9,8,Bundesliga
D. Herold,Borussia Mönchengladbach,Alemania,20,"LB, RB",Left,185,23,69,,77,53,68,68,66,68,72,50,60,73,52,69,63,56,63,67,72,81,66,70,71,58,69,74,66,53,66,66,57,64,51,64,65,69,66,13,7,15,8,11,9,Bundesliga
Y. Konoplya,Borussia Mönchengladbach,Ucrania,22,"RB, RM",Right,180,27,72,,75,58,67,70,70,72,71,52,61,66,58,68,67,61,69,72,76,75,70,70,67,71,65,74,73,56,68,67,59,63,61,71,69,76,71,13,7,11,13,6,15,Bundesliga
J. Scally,Borussia Mönchengladbach,Estados Unidos,29,"RB, RM",Right,184,23,71,,73,57,69,67,70,72,70,54,69,72,61,64,64,61,69,68,78,69,69,67,70,65,67,75,71,56,71,70,62,64,52,70,67,72,74,15,9,15,10,8,10,Bundesliga
D. Hashioka,Borussia Mönchengladbach,Japón,14,"RB, LB",Right,184,27,67,,73,53,60,61,65,67,62,49,62,63,53,59,58,54,64,61,70,75,63,64,68,63,58,74,64,52,66,61,55,54,53,63,67,65,66,8,6,10,14,7,15,Bundesliga
P. Sander,Borussia Mönchengladbach,Alemania,16,CDM,Both,186,28,68,,64,57,66,66,69,68,65,52,70,71,54,67,55,62,67,66,67,62,59,70,63,65,66,71,66,63,71,75,54,62,56,68,67,66,70,14,13,11,9,12,13,Bundesliga
Z. Uno,Borussia Mönchengladbach,Japón,47,"CDM, CB",Right,176,22,62,,54,53,58,59,62,66,52,52,55,64,47,57,50,51,58,60,55,54,57,64,59,59,61,69,66,50,62,65,55,57,58,65,63,61,61,13,7,11,13,13,9,Bundesliga
J. Castrop,Borussia Mönchengladbach,Corea del Sur,17,"CM, CAM",Right,178,23,74,,73,69,72,75,67,72,66,68,66,76,54,74,71,64,74,75,78,69,80,71,75,73,65,82,70,71,67,64,77,70,69,75,67,69,65,6,13,12,15,15,8,Bundesliga
E. Leopold,Borussia Mönchengladbach,Alemania,8,"CM, CAM",Right,174,26,70,,66,67,70,68,63,67,64,63,56,75,62,65,66,70,70,69,66,66,75,69,66,74,66,76,64,68,63,66,67,66,70,68,63,65,60,7,15,9,11,9,7,Bundesliga
M. Nguefack,Borussia Mönchengladbach,Alemania,34,"CM, CDM",Both,175,18,62,,61,57,61,63,57,60,57,54,45,62,52,63,63,58,63,65,60,62,63,56,62,60,50,63,61,61,56,53,58,64,63,60,63,59,50,15,11,11,12,15,15,Bundesliga
F. Neuhaus,Borussia Mönchengladbach,Alemania,10,CM,Right,185,29,69,,68,63,69,70,61,69,68,60,63,71,58,71,65,66,73,72,64,71,65,72,63,68,64,71,71,68,65,59,64,66,59,69,66,58,56,13,14,13,6,9,7,Bundesliga
W. Mohya,Borussia Mönchengladbach,Alemania,36,CAM,Both,179,17,69,,74,70,70,73,43,64,71,74,55,71,65,76,69,65,67,71,72,75,71,70,72,68,59,68,64,65,59,45,68,72,64,68,37,42,44,15,12,13,13,6,8,Bundesliga
K. Stöger,Borussia Mönchengladbach,Austria,7,"CAM, CF",Left,175,33,69,,64,69,72,71,41,61,68,66,55,73,71,70,73,66,68,71,66,63,74,71,74,68,55,67,61,74,53,40,72,78,72,76,38,40,38,9,9,9,15,10,6,Bundesliga
F. Fleck,Borussia Mönchengladbach,Alemania,27,CAM,Left,172,19,57,,60,58,55,61,29,47,56,60,37,54,52,63,59,55,54,61,60,60,59,51,62,54,40,53,45,61,45,33,59,56,52,54,30,26,23,10,13,13,13,11,14,Bundesliga
H. Bolin,Borussia Mönchengladbach,Suecia,38,"LW, LM",Left,179,23,72,,80,70,70,77,40,61,74,72,57,69,70,78,67,66,66,77,78,82,75,77,73,69,63,68,59,65,57,39,72,70,66,70,42,35,36,6,14,12,12,11,10,Bundesliga
R. Hack,Borussia Mönchengladbach,Alemania,25,"LW, LM",Left,178,28,71,,78,69,70,74,38,63,69,70,55,73,65,77,75,64,64,75,77,79,71,69,68,68,65,76,60,69,56,41,66,69,69,66,34,35,37,11,12,6,14,12,15,Bundesliga
N. Kühn,Borussia Mönchengladbach,Alemania,19,RW,Left,174,26,75,,80,74,71,77,46,66,68,73,63,73,73,74,77,73,68,80,74,84,81,73,78,81,67,69,64,72,66,50,76,71,72,73,43,43,39,7,6,12,7,14,7,Bundesliga
F. Honorat,Borussia Mönchengladbach,Francia,9,"RW, ST",Right,180,30,75,,83,73,72,76,45,68,78,72,66,69,71,76,75,72,66,76,84,82,79,80,79,74,64,75,66,74,64,43,79,73,75,72,45,39,43,14,14,11,13,6,9,Bundesliga
T. Kleindienst,Borussia Mönchengladbach,Alemania,11,ST,Both,194,31,75,,72,79,63,74,42,76,61,82,79,67,71,73,69,66,54,75,75,69,67,83,68,78,75,71,82,77,67,38,75,62,74,83,39,38,36,7,13,6,7,12,15,Bundesliga
I. Lidberg,Borussia Mönchengladbach,Suecia,3,ST,Right,187,28,72,,75,75,63,76,41,74,61,77,75,66,70,79,67,55,56,78,78,73,68,70,70,78,75,67,80,66,68,33,77,64,75,73,37,40,34,12,12,11,7,12,8,Bundesliga
S. Machino,Borussia Mönchengladbach,Japón,18,ST,Right,185,27,69,,70,70,60,67,34,66,58,70,67,65,74,68,63,61,61,65,71,70,62,76,65,74,72,58,71,68,61,33,72,53,66,73,31,30,28,12,6,7,9,8,11,Bundesliga
I. Manco Danfa,Borussia Mönchengladbach,Guinea-Bissau,39,ST,Right,170,19,56,,61,59,45,57,24,52,43,62,50,48,59,57,49,42,38,57,65,58,59,55,56,62,53,57,51,52,47,22,57,48,58,53,21,22,19,9,10,13,13,9,13,Bundesliga
K. Hein,SV Werder Bremen,Estonia,1,GK,Right,193,24,70,,47,25,39,34,28,53,27,17,37,46,23,20,28,27,42,38,44,50,40,66,50,47,56,47,60,22,41,33,21,40,31,48,26,25,27,73,65,59,68,76,44,Bundesliga
A. Schlager,SV Werder Bremen,Austria,30,GK,Right,185,30,68,Austria,49,29,36,36,28,49,19,24,34,41,19,29,20,19,40,33,46,51,47,63,50,48,57,40,56,25,42,37,23,49,31,46,24,24,30,69,63,66,69,72,47,Bundesliga
M. Kolke,SV Werder Bremen,Alemania,25,GK,Right,187,36,65,,35,22,33,34,21,48,18,13,23,38,13,22,15,20,39,37,34,35,42,56,47,47,54,36,56,20,40,27,15,43,32,48,22,16,18,63,64,63,66,69,45,Bundesliga
S. Smarkalev,SV Werder Bremen,Bulgaria,37,GK,Right,188,19,53,,29,15,21,20,12,35,10,10,13,25,10,10,15,10,25,22,30,29,26,45,30,32,41,30,42,11,23,17,10,24,17,32,10,10,11,51,51,45,53,55,31,Bundesliga
M. Friedl,SV Werder Bremen,Austria,32,CB,Left,187,28,74,Austria,71,55,61,64,75,75,60,47,80,66,46,58,51,51,68,66,69,72,69,74,67,73,77,70,79,57,73,77,48,51,55,72,75,73,75,7,8,11,14,6,7,Bundesliga
O. Wójcik,SV Werder Bremen,Polonia,3,"CB, RB",Right,191,23,71,,68,53,60,64,74,76,57,48,75,66,46,61,49,50,66,68,67,68,56,76,61,68,73,71,82,54,70,77,41,51,48,66,71,74,73,10,10,15,6,8,6,Bundesliga
A. Pieper,SV Werder Bremen,Alemania,5,CB,Right,192,28,70,,63,51,57,61,75,73,52,46,75,64,47,56,53,53,59,65,67,60,59,72,54,65,77,70,74,49,73,77,47,51,52,70,76,74,73,15,9,8,13,12,7,Bundesliga
M. Schmetgens,SV Werder Bremen,Alemania,33,CB,Right,190,19,65,,65,46,52,55,69,68,49,41,62,57,45,53,42,47,61,59,63,66,47,59,51,56,69,65,69,48,67,66,42,42,42,63,70,72,66,14,11,9,6,15,11,Bundesliga
N. Stark,SV Werder Bremen,Alemania,4,"CB, RB",Right,190,31,68,,59,50,56,54,70,69,56,45,71,60,43,51,45,48,63,54,53,63,51,70,58,63,73,60,72,52,74,74,40,47,51,68,66,71,69,13,13,9,11,10,7,Bundesliga
O. Deman,SV Werder Bremen,Bélgica,2,LB,Left,181,26,71,,74,57,69,71,66,70,73,53,63,73,55,71,69,58,64,70,76,73,74,75,67,68,72,77,67,55,69,68,61,64,52,65,64,65,75,12,13,6,12,13,13,Bundesliga
M. Ndiaye,SV Werder Bremen,Senegal,16,"LB, LM",Left,181,24,70,,76,57,68,68,68,71,73,55,63,72,52,70,65,59,67,66,74,77,73,68,66,64,65,76,69,58,72,70,54,58,53,67,65,69,70,12,13,9,10,9,12,Bundesliga
F. Agu,SV Werder Bremen,Nigeria,27,"LB, LM",Left,180,27,69,,75,57,64,64,70,69,68,54,64,69,49,61,56,59,62,62,76,74,71,73,72,64,69,71,70,62,65,68,52,56,54,64,69,73,71,13,12,8,10,15,8,Bundesliga
Arthur,SV Werder Bremen,Brasil,13,RB,Right,174,23,73,,80,59,68,67,69,70,72,56,62,71,54,62,57,60,70,68,80,80,75,71,77,65,66,75,67,58,73,70,59,61,63,69,67,70,76,8,8,13,15,10,15,Bundesliga
M. Weiser,SV Werder Bremen,Alemania,8,RB,Right,177,32,74,,75,62,70,74,70,75,80,56,64,68,60,72,61,58,76,75,76,74,80,70,71,71,69,83,72,64,74,73,63,64,65,73,67,73,72,11,13,11,7,13,13,Bundesliga
S. Lynen,SV Werder Bremen,Bélgica,14,CDM,Right,185,27,73,,68,61,71,68,75,78,61,56,71,78,57,64,63,60,73,74,71,66,63,70,66,72,77,80,80,61,72,81,65,70,58,72,72,76,76,6,10,10,7,10,6,Bundesliga
Y. Regeer,SV Werder Bremen,Países Bajos,44,CDM,Right,177,23,70,,63,64,67,68,72,72,59,58,66,74,55,68,58,63,69,67,63,63,66,69,66,72,67,72,72,73,75,71,64,63,62,75,77,69,74,10,10,13,8,13,13,Bundesliga
D. Stalmach,SV Werder Bremen,Polonia,23,CDM,Right,182,20,64,,60,57,59,60,66,67,56,53,62,61,42,60,51,53,65,62,61,60,54,60,60,64,56,70,68,61,62,65,58,56,54,61,69,65,65,10,13,11,6,13,11,Bundesliga
S. Alvero,SV Werder Bremen,Francia,28,CDM,Right,202,24,63,,55,52,60,56,63,69,53,48,69,67,48,56,49,55,64,58,53,56,52,62,49,59,68,69,72,54,63,62,56,56,49,57,60,65,64,9,7,8,13,12,14,Bundesliga
J. Stage,SV Werder Bremen,Dinamarca,6,"CM, CDM",Right,187,29,76,,73,71,76,74,67,76,72,68,68,79,65,76,72,74,82,71,72,74,73,75,74,74,70,78,75,73,75,69,82,72,69,73,68,65,67,8,11,14,9,8,8,Bundesliga
L. Reis,SV Werder Bremen,Países Bajos,15,CM,Right,178,26,69,,70,62,70,66,61,66,67,59,64,73,57,63,65,63,68,66,68,72,72,71,67,65,66,71,64,65,66,61,67,70,60,69,58,64,59,12,6,6,13,6,13,Bundesliga
Chuki,SV Werder Bremen,España,20,CAM,Left,176,22,74,,76,69,79,74,46,65,76,67,61,82,69,75,77,70,78,73,78,75,80,71,75,70,60,72,64,71,62,52,73,78,68,72,42,41,42,8,7,14,9,7,14,Bundesliga
D. Soylu,SV Werder Bremen,Turquía,34,"CAM, CF",Left,184,19,56,,60,54,56,60,30,49,52,51,49,61,55,59,60,55,46,63,61,60,62,55,58,60,45,49,51,58,45,30,51,58,50,57,28,28,24,7,11,13,10,15,11,Bundesliga
M. Grüll,SV Werder Bremen,Austria,17,LW,Both,181,28,71,Austria,76,69,68,70,41,63,77,72,60,66,62,71,70,67,66,67,74,77,76,68,72,68,60,70,64,66,53,40,74,64,68,69,43,34,37,9,10,7,15,12,11,Bundesliga
E. Dinkçi,SV Werder Bremen,Turquía,18,"RW, ST",Right,188,24,73,,81,70,72,77,43,69,77,67,67,73,70,79,68,64,68,76,79,82,79,67,76,76,68,74,70,70,60,44,73,71,67,73,41,38,35,12,7,7,15,7,7,Bundesliga
J. Njinmah,SV Werder Bremen,Alemania,11,RW,Right,185,25,70,,76,69,70,71,41,65,72,70,60,73,72,71,67,70,66,71,75,76,73,75,65,71,62,71,66,62,54,35,70,68,69,74,45,36,34,14,6,6,7,10,9,Bundesliga
P. Erevbenagie,SV Werder Bremen,Alemania,38,"RW, RM",Right,181,19,62,,73,61,58,65,33,54,56,63,56,61,62,65,64,54,55,65,71,74,75,58,67,56,53,61,54,59,45,31,68,59,58,57,28,31,31,15,11,8,12,14,15,Bundesliga
N. Füllkrug,SV Werder Bremen,Alemania,10,"ST, LW",Right,189,33,75,,72,78,66,71,42,74,64,81,78,66,72,67,62,64,63,73,67,77,76,76,69,82,77,73,75,71,73,44,75,70,80,81,36,35,41,13,11,8,11,10,14,Bundesliga
K. Topp,SV Werder Bremen,Alemania,9,ST,Right,192,22,66,,68,68,53,62,34,68,48,72,76,55,69,56,59,55,46,67,66,69,59,71,64,68,70,63,73,61,60,29,69,57,65,63,28,31,29,9,6,8,14,9,9,Bundesliga
K. Quetant,SV Werder Bremen,Haití,19,"ST, LW",Right,189,20,65,Haití,71,66,55,65,31,68,52,68,65,58,67,66,60,54,52,67,70,71,60,63,61,67,71,64,74,61,57,22,64,55,65,62,33,26,24,15,12,7,6,13,13,Bundesliga
S. Musah,SV Werder Bremen,Alemania,29,ST,Right,198,20,62,,64,63,52,59,30,66,46,65,69,58,58,59,52,51,47,63,66,63,54,62,46,62,66,60,72,58,56,25,67,54,62,60,27,25,22,6,6,14,9,10,15,Bundesliga
C. Itten,SV Werder Bremen,Suiza,26,ST,Right,190,29,66,Suiza,67,69,59,63,33,69,54,72,67,66,70,63,62,54,47,62,68,67,64,65,63,70,71,60,76,62,63,34,70,60,64,68,29,28,25,13,13,15,15,9,6,Bundesliga
F. Rönnow,1.FC Unión Berlín,Dinamarca,1,GK,Right,188,34,74,,43,31,45,40,32,60,26,25,37,53,18,27,34,30,47,44,43,43,49,68,54,52,64,48,69,30,54,41,24,54,33,59,29,26,32,73,75,69,70,79,52,Bundesliga
M. Raab,1.FC Unión Berlín,Alemania,31,GK,Right,186,27,64,,40,20,33,28,18,45,18,10,18,43,19,15,13,23,34,33,34,45,38,53,49,49,55,36,50,15,42,28,13,36,24,41,12,16,20,67,62,57,63,66,41,Bundesliga
C. Klaus,1.FC Unión Berlín,Alemania,25,GK,Right,189,32,67,,42,22,35,34,28,51,21,10,30,42,17,22,22,17,40,38,44,40,39,67,51,49,57,41,61,23,39,37,21,39,28,45,23,27,25,65,64,60,65,68,45,Bundesliga
L. Querfeld,1.FC Unión Berlín,Austria,14,"CB, CDM",Right,190,22,77,,71,58,69,65,79,80,66,51,83,80,52,61,59,60,67,69,69,72,63,75,64,72,80,75,84,61,78,81,50,59,57,73,76,80,75,12,8,15,7,7,11,Bundesliga
Z. Van Den Bosch,1.FC Unión Berlín,Bélgica,4,"CB, RB",Right,191,23,72,,68,50,60,62,75,78,56,43,68,68,49,57,50,51,66,67,71,66,56,68,63,67,80,70,83,50,76,75,45,48,51,68,71,80,75,9,9,13,9,9,12,Bundesliga
F. Uduokhai,1.FC Unión Berlín,Alemania,2,"CB, RB",Left,193,29,69,,70,52,60,59,74,75,52,47,76,68,45,59,61,47,64,59,68,71,53,63,58,63,70,70,79,53,73,73,48,54,53,65,71,75,79,8,11,15,10,10,14,Bundesliga
S. Nsoki,1.FC Unión Berlín,Francia,34,CB,Left,184,27,67,,60,48,55,57,69,70,53,45,73,61,43,51,43,44,56,61,61,60,56,64,56,61,76,62,72,45,75,69,42,50,46,66,68,69,65,9,12,13,14,14,10,Bundesliga
M. Friedrich,1.FC Unión Berlín,Alemania,5,"CB, CDM",Right,193,30,69,,64,48,58,58,74,75,59,44,77,61,45,58,43,53,64,61,60,67,52,64,49,59,77,62,83,46,72,73,42,53,50,62,73,77,72,7,14,14,7,8,7,Bundesliga
T. Rothe,1.FC Unión Berlín,Alemania,15,"LB, RB",Left,193,21,71,,75,56,66,67,70,73,68,50,66,69,60,66,63,56,67,69,73,77,68,66,68,62,70,74,73,61,71,69,59,62,56,67,70,71,69,11,10,11,11,12,11,Bundesliga
D. Köhn,1.FC Unión Berlín,Ghana,17,LB,Left,180,27,69,,70,54,64,68,66,67,69,49,61,66,49,71,61,56,63,64,69,70,67,71,72,63,67,71,63,54,72,63,56,61,56,67,65,69,74,10,13,7,9,10,14,Bundesliga
A. Markgraf,1.FC Unión Berlín,Alemania,3,"LB, RB",Left,172,20,54,,63,39,50,51,52,48,53,36,50,56,38,49,43,38,46,52,62,63,61,46,61,46,47,53,46,38,48,57,38,42,37,44,49,50,56,8,9,6,15,12,8,Bundesliga
J. Juranovic,1.FC Unión Berlín,Croacia,18,RB,Right,173,31,71,,71,54,67,69,70,69,72,47,62,68,57,70,59,60,66,66,72,70,76,68,74,64,67,71,71,57,61,67,59,63,55,66,72,71,71,10,11,14,14,6,7,Bundesliga
C. Trimmel,1.FC Unión Berlín,Austria,28,RB,Right,189,39,71,,66,57,68,67,70,73,71,56,67,73,50,65,61,61,62,69,67,65,71,73,62,60,70,77,74,61,66,71,59,65,51,65,70,70,72,8,15,11,7,11,13,Bundesliga
A. Kemlein,1.FC Unión Berlín,Alemania,6,CDM,Right,188,22,73,,71,63,70,66,72,77,61,57,70,78,53,65,68,61,72,67,72,70,65,70,64,71,69,75,80,71,73,73,68,67,63,71,73,71,76,8,9,6,13,8,9,Bundesliga
R. Khedira,1.FC Unión Berlín,Túnez,8,"CDM, CM",Right,188,32,70,,59,62,67,64,73,71,56,57,73,73,54,63,60,61,70,62,58,60,61,72,67,69,59,67,73,66,74,78,67,67,66,72,72,73,67,13,7,10,12,15,9,Bundesliga
A. Schäfer,1.FC Unión Berlín,Hungría,13,CM,Right,178,27,68,Hungría,63,64,67,69,62,69,62,62,65,73,59,73,66,63,65,68,61,65,60,70,68,69,60,73,71,67,63,61,63,66,64,66,63,62,57,10,7,11,8,7,10,Bundesliga
M. Aebischer,1.FC Unión Berlín,Suiza,20,CM,Right,183,29,71,Suiza,67,67,71,69,65,68,63,65,66,75,61,68,73,67,72,70,71,64,72,72,69,71,65,69,68,69,69,62,66,72,66,69,66,68,61,7,6,15,15,9,9,Bundesliga
J. Haberer,1.FC Unión Berlín,Alemania,19,CM,Right,187,32,70,,68,67,69,68,65,68,68,66,68,71,65,72,69,58,63,64,66,70,67,75,63,67,72,74,64,70,68,66,66,73,59,69,67,62,61,14,10,6,11,13,10,Bundesliga
K. Imeri,1.FC Unión Berlín,Suiza,30,"LM, LW",Left,178,26,68,,73,65,67,70,47,62,71,67,57,64,59,70,68,58,66,73,75,71,66,64,70,67,62,69,60,58,58,46,67,69,66,66,47,45,42,14,6,6,8,8,9,Bundesliga
R. Skov,1.FC Unión Berlín,Dinamarca,24,"LM, LW",Left,185,30,69,,73,64,67,72,49,68,69,61,61,67,64,72,73,62,65,74,76,70,72,66,65,67,66,72,68,67,65,51,63,67,64,63,44,47,50,6,15,8,14,8,9,Bundesliga
W. Jeong,1.FC Unión Berlín,Corea del Sur,11,CAM,Right,179,27,69,,70,70,70,74,42,60,73,74,58,73,68,77,71,66,63,74,70,70,73,67,70,67,56,66,58,70,58,43,65,70,63,73,43,39,35,9,8,14,15,6,15,Bundesliga
L. Burcu,1.FC Unión Berlín,Turquía,9,LW,Left,180,22,69,,75,67,66,73,38,62,69,69,60,68,55,73,63,63,56,71,76,74,81,71,73,67,65,68,61,67,55,37,64,67,64,67,32,39,35,7,12,11,7,6,11,Bundesliga
L. Güther,1.FC Unión Berlín,Alemania,49,"LW, ST",Left,175,16,56,,63,56,54,60,25,48,53,61,46,58,51,60,57,47,48,63,64,62,62,48,60,51,47,61,45,50,42,23,55,53,54,49,24,22,19,13,14,14,6,12,6,Bundesliga
J. Friedrich,1.FC Unión Berlín,Alemania,38,LW,Left,176,19,52,,62,50,50,58,21,46,55,51,39,49,50,59,56,46,44,59,62,62,58,47,56,51,35,61,43,46,37,19,54,51,53,48,18,20,15,15,13,11,10,8,15,Bundesliga
E. Latte Lath,1.FC Unión Berlín,Costa de Marfil,29,ST,Right,176,27,72,,75,70,63,73,36,72,61,72,71,66,69,73,63,64,57,73,74,75,74,72,71,70,67,73,74,67,67,32,78,62,65,70,30,34,33,8,9,14,6,12,11,Bundesliga
A. Ilic,1.FC Unión Berlín,Serbia,23,ST,Right,189,26,73,,73,74,64,72,40,74,63,78,75,67,72,69,66,60,56,75,71,75,70,77,63,72,77,64,82,66,64,39,80,65,75,76,37,35,35,12,15,9,12,15,14,Bundesliga
O. Burke,1.FC Unión Berlín,Escocia,7,ST,Right,188,29,71,,72,73,62,69,38,71,57,76,75,67,74,68,66,61,54,70,69,74,71,73,62,71,72,65,75,67,67,32,81,61,75,68,36,35,32,10,12,15,12,8,8,Bundesliga
M. Ljubicic,1.FC Unión Berlín,Croacia,27,ST,Right,183,24,70,,69,72,60,70,36,68,62,73,73,62,67,67,66,65,49,74,69,69,65,72,66,70,69,64,72,69,61,33,75,59,75,76,35,30,30,8,15,10,6,11,10,Bundesliga
T. Skarke,1.FC Unión Berlín,Alemania,21,"ST, CF",Right,181,30,71,,74,76,65,71,38,71,63,81,72,70,66,69,65,63,55,72,70,77,73,72,70,80,75,64,77,65,65,40,74,64,72,78,37,27,32,10,12,8,12,14,14,Bundesliga
M. Gray,1.FC Unión Berlín,Jamaica,32,"ST, CF",Right,197,19,64,,62,68,56,61,30,68,50,72,72,60,68,60,57,54,50,66,63,61,54,63,52,67,64,59,76,64,59,22,68,58,58,63,28,24,27,8,13,12,14,13,10,Bundesliga
L. Karius,FC Schalke 04,Alemania,1,GK,Right,191,33,72,,43,31,38,41,28,52,28,24,30,45,25,28,24,29,38,48,42,43,49,67,50,55,62,41,58,28,48,36,23,43,31,49,27,24,29,70,72,70,74,77,51,Bundesliga
K. Müller,FC Schalke 04,Alemania,22,GK,Right,190,35,64,,37,19,33,31,23,50,23,12,26,37,16,15,20,15,39,35,38,36,45,64,43,41,57,45,56,15,40,29,12,40,25,49,19,23,22,64,60,59,62,63,42,Bundesliga
J. Siebeking,FC Schalke 04,Alemania,36,GK,Left,195,20,53,,26,15,23,21,13,38,10,10,15,28,10,10,10,10,29,24,27,26,30,50,31,35,47,30,46,10,28,20,10,30,18,23,12,10,10,55,52,49,57,57,31,Bundesliga
M. Ayhan,FC Schalke 04,Turquía,43,"CB, RB",Right,190,20,69,,67,51,56,58,71,72,54,44,72,61,41,57,49,49,61,60,65,68,57,62,58,64,69,68,75,57,71,73,41,51,52,58,72,70,69,14,8,15,8,8,11,Bundesliga
M. Wöber,FC Schalke 04,Austria,39,CB,Left,188,28,68,Austria,61,47,55,58,69,71,54,41,71,59,41,51,48,47,61,62,61,61,60,61,56,62,68,67,73,46,70,67,44,47,50,72,69,69,73,13,11,10,7,12,8,Bundesliga
H. Kuruçay,FC Schalke 04,Turquía,4,CB,Right,188,29,69,,64,49,57,58,70,72,54,48,69,64,42,52,52,44,61,60,60,68,58,70,65,61,75,65,76,43,71,70,42,51,49,64,73,69,69,10,6,11,12,13,12,Bundesliga
N. Katic,FC Schalke 04,Bosnia y Herzegovina,25,CB,Right,194,29,68,Bosnia-Herzegovina,58,44,55,53,71,68,55,37,68,60,42,52,52,47,58,53,59,57,52,61,53,61,72,66,68,46,70,75,41,48,45,64,66,74,72,10,9,10,7,11,7,Bundesliga
T. Becker,FC Schalke 04,Alemania,5,"CB, RB",Right,190,29,68,,63,48,53,54,69,73,51,45,72,60,42,51,47,47,55,56,61,65,51,61,56,61,71,64,77,46,76,72,36,46,46,67,65,69,73,14,13,15,15,7,7,Bundesliga
R. Gosens,FC Schalke 04,Alemania,8,"LB, LM",Left,183,32,75,,75,60,70,73,75,72,77,56,67,70,56,72,66,64,72,74,74,76,76,70,77,70,71,81,70,61,66,76,61,65,56,72,75,77,74,12,7,6,14,7,10,Bundesliga
V. Becker,FC Schalke 04,Alemania,33,"LB, RB",Left,179,21,65,,70,49,62,64,65,64,68,44,60,65,48,61,56,49,62,67,66,74,63,64,66,58,66,70,61,51,61,67,58,57,50,63,63,65,69,14,10,15,15,10,15,Bundesliga
A. Gantenbein,FC Schalke 04,Suiza,17,RB,Right,183,25,63,,69,50,60,61,58,63,68,46,53,61,40,58,60,46,60,65,66,72,55,59,67,59,62,66,65,49,56,56,57,56,48,63,58,60,63,15,12,10,7,13,12,Bundesliga
S. Tanaka,FC Schalke 04,Japón,13,"CDM, CB",Left,175,24,72,Japón,65,63,66,70,75,72,59,62,72,69,57,67,62,57,71,73,63,66,70,77,71,68,68,77,69,62,73,75,62,66,58,73,74,78,76,12,6,8,10,12,10,Bundesliga
D. Ljubicic,FC Schalke 04,Austria,21,"CDM, CM",Right,187,28,69,,61,58,64,61,69,73,59,51,68,70,53,57,54,57,66,64,63,60,63,70,55,68,71,75,70,65,78,73,58,62,57,66,67,70,67,11,13,9,11,13,9,Bundesliga
R. Schallenberg,FC Schalke 04,Alemania,6,CDM,Right,185,28,69,,60,60,66,68,71,71,62,56,65,72,51,68,62,55,74,72,62,59,56,66,63,63,71,76,70,67,67,71,63,58,59,70,72,72,70,7,8,14,9,14,13,Bundesliga
L. Vozar,FC Schalke 04,Alemania,38,CDM,Left,173,19,60,,55,51,57,55,62,60,54,47,55,59,44,52,48,54,62,58,56,55,55,53,59,55,62,60,60,59,58,59,46,54,50,59,65,61,66,12,15,7,13,13,11,Bundesliga
S. El-Faouzi,FC Schalke 04,Marruecos,23,CM,Right,178,24,74,Marruecos,71,71,73,73,64,72,68,68,61,72,63,76,69,72,77,69,69,72,71,83,72,73,64,80,70,76,70,69,75,78,72,80,62,65,60,7,9,14,14,9,6,Bundesliga
J. Bachmann,FC Schalke 04,Alemania,14,CM,Right,196,30,64,,61,58,65,62,61,63,63,54,65,67,51,64,62,61,61,63,64,59,58,57,54,62,63,67,62,61,60,60,59,68,62,66,57,64,60,6,11,7,11,10,11,Bundesliga
J. Dina Ebimbe,FC Schalke 04,Camerún,29,"RM, LM",Right,184,25,69,,74,64,67,70,50,66,71,64,62,66,61,68,69,58,68,71,76,72,72,68,73,64,53,74,66,66,58,45,69,67,63,66,49,50,47,12,15,6,9,8,9,Bundesliga
F. Porath,FC Schalke 04,Alemania,27,"RM, RW",Right,180,29,65,,71,61,66,66,45,62,67,60,55,68,60,66,70,53,66,64,67,74,72,63,64,63,51,68,61,63,58,48,58,62,60,63,43,42,42,9,7,7,11,13,12,Bundesliga
A. Aouchiche,FC Schalke 04,Argelia,24,CAM,Right,181,24,73,Argelia,75,73,74,76,44,68,68,75,58,78,66,77,79,68,70,75,74,75,77,68,72,71,61,72,70,74,62,43,70,77,72,76,42,43,41,9,14,9,13,15,6,Bundesliga
K. Karaman,FC Schalke 04,Turquía,19,"CAM, CF",Right,189,32,72,,66,70,75,75,43,68,67,66,61,80,66,77,76,71,67,75,62,69,71,71,65,71,63,74,69,81,61,46,73,81,66,74,40,38,42,15,7,8,15,11,14,Bundesliga
M. Sylla,FC Schalke 04,Malí,9,ST,Right,180,26,71,,73,74,62,70,36,71,54,75,76,69,73,69,67,60,56,68,72,74,76,71,65,80,68,67,75,65,66,34,74,64,70,74,29,33,32,6,14,15,12,9,11,Bundesliga
H. Hwang,FC Schalke 04,Corea del Sur,7,"ST, CF",Right,177,30,70,Corea del Sur,72,73,60,69,36,70,54,76,67,65,71,66,63,61,54,72,73,71,71,74,65,71,75,71,73,67,61,38,79,62,70,65,29,35,28,15,7,9,11,12,7,Bundesliga
J. Adamu,FC Schalke 04,Austria,20,"ST, CF",Right,183,25,68,Austria,73,69,55,69,34,65,54,74,68,58,70,70,60,56,46,69,69,76,67,68,63,63,70,62,68,64,61,29,74,58,67,67,27,37,26,9,15,8,6,11,8,Bundesliga
E. Dzeko,FC Schalke 04,Bosnia y Herzegovina,10,ST,Right,192,40,70,,62,69,62,69,38,75,58,69,81,65,70,69,58,64,55,71,60,63,65,73,57,72,73,66,83,64,66,32,69,67,74,71,35,33,29,11,12,10,11,7,7,Bundesliga
B. Lasme,FC Schalke 04,Francia,11,"ST, CF",Right,194,27,63,,63,62,50,59,30,67,49,62,73,52,62,58,55,52,45,60,65,61,57,65,58,63,72,59,74,60,56,23,66,52,59,66,25,29,18,11,11,14,13,8,10,Bundesliga
E. Højlund,FC Schalke 04,Dinamarca,15,"ST, CF",Right,192,21,61,,63,62,52,58,28,64,51,66,67,56,57,58,53,53,43,60,59,67,52,65,54,64,64,60,70,51,56,28,65,53,60,63,24,22,21,6,10,11,14,13,8,Bundesliga
N. Kristof,SV 07 Elversberg,Austria,20,GK,Both,187,26,68,,39,24,39,32,27,53,26,15,25,45,19,17,20,23,41,35,39,39,47,68,49,45,56,46,61,23,43,33,18,48,27,53,25,25,29,70,67,64,74,68,48,Bundesliga
T. Boss,SV 07 Elversberg,Alemania,28,GK,Both,186,33,63,,34,19,32,29,20,46,17,12,23,36,14,17,16,25,30,32,31,36,37,68,41,39,57,39,52,19,38,29,12,46,21,46,16,18,16,61,63,56,63,65,47,Bundesliga
F. Lehmann,SV 07 Elversberg,Alemania,1,GK,Right,193,37,61,,32,20,30,27,19,45,21,15,18,33,12,18,18,20,31,29,33,32,29,59,40,40,48,41,51,14,34,25,15,38,24,39,18,17,17,60,59,58,60,65,34,Bundesliga
E. Etringer,SV 07 Elversberg,Alemania,12,GK,Left,191,18,64,,42,26,32,30,21,46,15,19,21,39,10,14,18,16,35,37,40,44,41,58,42,49,45,39,54,25,36,27,12,41,21,41,20,21,13,70,65,57,60,69,40,Bundesliga
L. Pinckert,SV 07 Elversberg,Alemania,19,CB,Right,185,26,68,,66,47,55,57,69,71,49,41,69,62,39,53,51,48,63,61,64,67,52,66,58,64,75,68,74,44,68,73,45,47,47,67,70,65,74,7,13,13,14,8,12,Bundesliga
L. Sirch,SV 07 Elversberg,Alemania,26,"CB, RB",Right,186,27,69,,67,50,59,58,73,72,57,47,72,64,42,57,49,56,63,56,66,67,54,70,61,65,68,69,75,45,70,69,48,51,49,68,76,74,71,6,10,13,11,15,7,Bundesliga
M. Rohr,SV 07 Elversberg,Alemania,31,"CB, RB",Both,193,31,68,,62,50,56,58,73,70,52,47,72,60,41,54,50,47,64,60,62,62,62,67,59,60,78,66,72,53,70,67,43,53,48,64,73,77,73,14,8,8,9,6,8,Bundesliga
F. Le Joncour,SV 07 Elversberg,Francia,3,CB,Left,193,31,65,,60,46,56,57,67,71,48,40,74,63,48,55,40,41,63,57,57,62,57,67,53,63,70,61,74,44,74,70,39,52,36,64,67,64,63,9,10,7,8,12,8,Bundesliga
L. Seifert,SV 07 Elversberg,Alemania,4,CB,Right,187,22,55,,53,38,44,43,57,58,39,34,60,49,31,38,37,39,49,48,50,55,41,52,47,50,60,51,61,37,61,60,27,37,42,46,57,55,56,13,7,12,11,13,13,Bundesliga
L. Günther,SV 07 Elversberg,Alemania,21,"LB, LM",Left,181,23,69,,75,53,61,65,70,68,68,49,67,60,52,65,67,55,65,64,74,76,68,64,67,59,65,73,66,55,70,69,61,53,55,63,72,67,74,7,14,6,7,10,12,Bundesliga
N. Mickelson,SV 07 Elversberg,Tailandia,2,"LB, LM",Left,179,27,64,Tailandia,65,51,62,59,64,63,67,48,61,63,45,59,61,55,66,58,69,62,63,62,65,59,61,65,61,51,65,63,57,53,53,57,62,67,63,10,14,11,12,12,10,Bundesliga
J. Gyamerah,SV 07 Elversberg,Ghana,30,"RB, LB",Right,184,31,69,,70,54,65,64,70,70,66,51,64,70,50,62,57,56,63,65,73,67,68,66,63,62,73,70,68,54,74,70,55,60,57,66,76,67,69,11,8,12,15,6,13,Bundesliga
F. Keidel,SV 07 Elversberg,Alemania,43,CDM,Right,178,23,70,Alemania,63,61,66,66,70,72,62,55,64,73,47,65,52,62,69,68,63,63,63,68,63,71,65,73,70,66,75,73,63,62,61,66,72,69,65,14,10,6,13,11,10,Bundesliga
L. Poreba,SV 07 Elversberg,Polonia,8,"CDM, CM",Right,179,26,69,,62,59,67,62,70,70,62,53,67,71,56,58,55,64,70,66,62,62,61,69,60,70,67,71,68,64,73,74,57,66,54,69,69,73,64,12,7,7,14,11,8,Bundesliga
A. Condé,SV 07 Elversberg,Alemania,6,"CDM, CB",Right,173,29,66,,60,58,63,63,67,70,54,54,61,66,52,58,57,56,70,66,57,63,62,65,64,68,66,71,71,59,65,70,58,67,56,72,67,68,64,13,10,6,12,7,6,Bundesliga
F. Schmahl,SV 07 Elversberg,Alemania,17,"CM, CAM",Right,183,23,62,,58,57,64,64,53,60,58,54,47,69,54,62,57,62,64,67,56,59,63,60,62,61,54,59,64,63,55,57,57,63,56,62,55,51,50,14,14,14,6,8,15,Bundesliga
F. Onyeka,SV 07 Elversberg,Alemania,40,"CAM, CF",Left,186,19,70,,73,65,71,72,45,65,69,64,61,69,64,72,73,68,69,75,74,73,70,70,65,66,64,71,62,66,63,44,72,79,65,66,43,42,43,14,7,14,6,6,14,Bundesliga
N. Darvich,SV 07 Elversberg,Alemania,10,CAM,Left,184,20,66,,66,67,71,69,38,58,62,68,61,74,59,71,66,61,72,70,66,66,68,62,65,65,56,59,60,68,53,40,69,76,60,56,36,31,34,7,14,11,11,7,13,Bundesliga
M. Krattenmacher,SV 07 Elversberg,Alemania,7,LW,Both,180,21,67,,74,64,67,68,36,65,73,63,52,68,71,68,65,59,57,69,75,74,68,64,70,66,58,72,64,61,59,37,73,68,64,73,35,33,29,11,13,10,14,6,8,Bundesliga
T. Zimmerschied,SV 07 Elversberg,Alemania,29,"LW, ST",Left,180,28,66,,70,64,65,70,37,60,69,60,51,65,66,73,63,56,61,68,71,69,73,63,68,71,59,63,61,63,54,38,70,65,60,69,34,36,29,6,11,11,13,14,15,Bundesliga
C. Campbell,SV 07 Elversberg,Estados Unidos,39,RW,Left,180,20,68,Estados Unidos,80,68,66,69,39,62,69,68,56,69,68,73,65,58,58,66,80,80,74,63,64,67,60,65,62,67,57,40,70,66,64,60,40,32,34,14,10,11,12,11,12,Bundesliga
L. Petkov,SV 07 Elversberg,Bulgaria,25,"RW, RM",Right,183,25,71,Bulgaria,81,69,69,73,40,65,68,69,61,71,70,75,72,71,61,72,79,83,66,72,72,66,70,70,65,70,57,37,70,72,66,72,41,37,35,7,15,15,12,7,9,Bundesliga
R. Adam,SV 07 Elversberg,Alemania,15,"RW, ST",Left,188,21,58,,64,56,55,62,28,51,59,56,47,53,49,61,63,51,51,63,67,62,67,60,62,57,55,56,48,56,49,26,62,56,55,60,30,23,23,11,9,15,10,10,9,Bundesliga
D. Mokwa,SV 07 Elversberg,Francia,42,"ST, LW",Right,180,22,70,,70,69,58,70,37,68,56,72,69,61,70,70,63,63,55,72,69,71,63,70,66,71,68,63,71,61,65,36,71,56,69,72,35,32,28,8,6,14,15,7,9,Bundesliga
N. Futkeu,SV 07 Elversberg,Alemania,9,"ST, CF",Right,183,23,72,,75,75,59,71,39,71,55,78,73,62,74,69,63,62,55,73,75,75,71,71,66,80,77,66,75,65,65,37,74,58,75,77,39,32,31,14,8,14,11,14,8,Bundesliga
L. Pfeiffer,SV 07 Elversberg,Alemania,16,"ST, CF",Right,196,30,64,,66,65,54,60,32,66,44,67,72,61,66,59,56,52,48,62,68,64,56,65,56,63,68,61,73,62,55,29,66,57,61,61,28,29,21,13,7,7,12,13,9,Bundesliga
L. Schnellbacher,SV 07 Elversberg,Alemania,24,ST,Right,180,32,64,,63,66,55,63,31,59,57,68,57,54,64,59,57,52,47,66,60,66,65,70,65,63,65,57,60,63,56,25,71,62,68,68,31,27,26,7,12,10,10,8,15,Bundesliga
N. Noll,SC Paderborn 07,Alemania,15,GK,Both,191,23,67,,41,25,35,38,23,50,19,16,27,41,14,26,19,19,42,44,41,41,41,70,46,52,53,46,52,22,48,29,15,41,31,49,25,16,20,65,64,64,65,64,47,Bundesliga
M. Schubert,SC Paderborn 07,Alemania,1,GK,Right,189,28,61,,34,17,27,28,16,48,13,10,18,34,11,16,18,19,28,32,31,36,38,55,44,40,51,38,56,13,38,23,10,30,24,39,13,12,17,63,58,59,62,64,36,Bundesliga
F. Pruhs,SC Paderborn 07,Alemania,31,GK,Right,190,20,53,,32,15,24,22,12,37,13,10,17,33,10,10,10,10,26,28,30,34,28,42,33,33,41,29,45,10,27,19,10,25,14,32,10,10,10,57,54,48,51,54,29,Bundesliga
M. Hansen,SC Paderborn 07,Alemania,22,"CB, RB",Right,183,22,66,,65,48,53,59,70,66,48,39,66,59,45,54,48,48,59,63,64,66,56,70,59,68,64,63,69,48,62,69,46,45,44,62,71,71,69,9,13,9,8,6,6,Bundesliga
T. Scheller,SC Paderborn 07,Alemania,25,"CB, CDM",Both,192,24,68,,62,48,59,58,72,73,56,40,76,67,44,56,50,51,62,58,61,63,55,65,52,60,76,68,74,56,76,75,46,50,48,71,71,72,70,7,11,6,14,13,6,Bundesliga
F. Götze,SC Paderborn 07,Alemania,20,CB,Right,185,28,67,,68,52,53,54,70,68,48,52,64,60,41,49,49,45,62,58,66,70,54,64,55,62,71,60,72,47,69,75,40,41,52,63,74,67,67,8,13,14,8,15,13,Bundesliga
J. ter Horst,SC Paderborn 07,Alemania,21,"CB, CDM",Right,184,24,66,,63,46,53,54,67,68,44,40,63,65,45,44,46,45,58,60,56,68,53,68,56,59,67,66,68,46,71,67,44,42,46,68,66,68,70,9,12,14,13,10,10,Bundesliga
M. Hoffmeier,SC Paderborn 07,Alemania,33,"CB, CDM",Right,182,27,63,,61,46,50,52,68,63,42,41,67,55,39,48,43,40,59,53,60,61,52,60,61,60,62,52,67,45,65,67,38,46,44,64,69,66,71,13,15,15,10,10,11,Bundesliga
J. Sticker,SC Paderborn 07,Alemania,3,CB,Right,185,22,61,,55,42,47,51,66,63,46,38,62,53,35,46,41,39,49,53,54,56,52,60,56,54,58,60,66,41,62,68,34,38,39,62,65,66,66,6,12,6,12,9,12,Bundesliga
N. Awortwie-Grant,SC Paderborn 07,Alemania,4,"CB, RB",Right,193,26,61,,54,40,46,52,63,64,41,34,65,54,34,48,39,37,52,60,52,55,40,57,51,51,64,61,65,43,63,63,37,39,44,54,63,62,64,13,14,9,9,12,15,Bundesliga
T. Zobel,SC Paderborn 07,Alemania,10,CB,Left,195,23,60,,54,39,50,49,62,66,51,34,59,58,30,47,43,44,52,51,53,54,46,56,39,57,63,59,71,36,62,64,37,36,39,60,57,65,63,12,8,11,9,6,9,Bundesliga
S. Castañeda,SC Paderborn 07,Estados Unidos,5,CDM,Right,191,21,71,,67,63,69,67,74,75,65,57,70,75,54,65,59,60,70,71,69,66,61,74,63,71,75,76,77,69,71,80,65,67,60,73,70,76,72,12,14,6,8,14,12,Bundesliga
T. Baack,SC Paderborn 07,Alemania,6,"CDM, CM",Right,186,27,62,,57,50,60,53,65,66,55,43,62,66,43,51,49,50,60,53,55,58,52,60,52,61,63,67,66,55,67,68,54,61,47,63,62,65,67,15,14,11,10,9,9,Bundesliga
L. Ulrich,SC Paderborn 07,Alemania,28,"CM, CDM",Right,180,21,67,,68,63,67,68,59,68,61,61,58,70,53,64,69,64,69,72,70,67,67,77,68,67,58,73,65,66,70,56,70,67,56,71,63,58,57,6,11,8,9,6,7,Bundesliga
S. Klaas,SC Paderborn 07,Alemania,26,CM,Both,180,28,64,,60,59,64,64,52,62,66,57,54,63,55,61,63,55,66,67,63,57,67,59,65,66,55,73,57,58,63,53,62,64,58,62,53,51,50,11,11,6,13,8,8,Bundesliga
L. Duric,SC Paderborn 07,Bosnia y Herzegovina,8,"CM, CAM",Right,181,23,63,Bosnia-Herzegovina,60,58,66,60,59,61,60,55,62,72,56,55,61,51,65,63,58,61,61,62,60,59,62,67,61,63,55,60,60,66,59,65,56,64,51,10,10,12,14,8,9,Bundesliga
T. Gayret,SC Paderborn 07,Alemania,44,"CM, CAM",Left,176,28,59,,58,54,61,62,52,58,59,50,52,62,52,65,57,57,63,61,58,58,57,56,53,58,49,60,59,57,55,53,63,64,52,60,53,52,46,13,14,12,11,6,7,Bundesliga
L. Curda,SC Paderborn 07,Alemania,17,"RM, RW",Right,185,24,72,,76,67,72,72,52,68,76,67,63,73,72,76,74,65,70,68,74,78,73,73,71,73,60,79,67,60,61,50,68,68,70,72,51,53,46,9,7,7,6,10,12,Bundesliga
R. Müller,SC Paderborn 07,Alemania,2,"RM, LM",Right,179,21,62,,65,57,62,65,45,58,67,59,49,63,47,69,62,59,59,62,67,64,68,59,62,56,53,68,55,59,54,45,57,60,54,60,43,46,40,15,9,9,14,8,15,Bundesliga
C. Lippmann,SC Paderborn 07,Alemania,29,"RM, RW",Right,183,20,62,,67,58,60,63,45,58,68,60,55,56,51,66,63,52,58,63,66,68,61,53,64,58,57,62,57,59,54,47,58,61,50,57,39,49,40,6,6,11,13,9,12,Bundesliga
R. Obermair,SC Paderborn 07,Filipinas,23,LM,Left,182,30,68,,74,64,70,70,50,64,73,63,56,74,60,71,68,60,65,71,74,74,68,67,67,66,60,70,64,65,56,51,66,68,63,71,53,49,41,15,7,8,14,8,11,Bundesliga
N. Mohr,SC Paderborn 07,Alemania,24,LM,Left,179,22,59,,63,51,58,61,38,54,62,49,48,60,50,57,58,56,52,66,64,63,63,58,63,51,52,61,53,55,48,37,59,53,51,56,39,35,41,14,13,7,7,8,6,Bundesliga
D. Zeitler,SC Paderborn 07,Alemania,38,"LW, LM",Both,181,19,62,,70,62,58,65,31,60,57,64,54,59,59,67,60,53,54,65,76,66,67,58,62,64,54,66,63,60,47,33,59,63,57,51,32,23,25,6,9,14,10,8,12,Bundesliga
G. Vidovic,SC Paderborn 07,Croacia,40,"LW, ST",Left,180,22,69,,72,68,66,72,39,62,71,71,57,66,59,71,68,63,63,73,73,71,77,69,75,68,58,72,61,66,52,37,72,66,62,71,36,38,33,11,14,8,13,14,11,Bundesliga
O. Batista Meier,SC Paderborn 07,Alemania,7,LW,Left,180,25,66,,74,65,63,73,37,59,66,64,55,62,64,78,64,58,57,68,73,75,72,67,72,66,57,70,55,67,54,38,67,65,64,70,37,32,35,9,10,10,12,13,9,Bundesliga
A. Millgramm,SC Paderborn 07,Alemania,19,LW,Both,170,21,54,,61,51,50,56,24,44,52,48,42,49,53,59,56,53,50,53,57,65,61,53,55,52,43,54,41,53,41,20,57,49,49,53,25,19,21,13,8,13,15,13,11,Bundesliga
R. Philippe,SC Paderborn 07,Francia,9,"RW, RM",Left,182,25,70,,80,67,68,73,41,62,69,66,61,70,69,79,69,67,59,69,78,81,72,66,75,70,66,70,61,65,54,35,74,70,66,65,41,38,39,7,9,10,9,10,11,Bundesliga
S. Michel,SC Paderborn 07,Alemania,11,"RW, ST",Left,177,36,65,,65,64,65,67,36,59,72,68,55,64,59,66,63,63,60,68,65,65,66,68,67,59,54,66,59,60,50,40,65,66,59,65,31,34,28,6,14,11,6,9,8,Bundesliga
M. Pieringer,SC Paderborn 07,Alemania,18,ST,Right,191,27,70,,72,71,60,70,35,70,60,74,78,62,71,74,63,57,60,67,74,70,67,73,61,69,75,62,76,67,63,34,72,58,68,73,37,24,24,8,15,11,7,11,15,Bundesliga
S. Marino,SC Paderborn 07,Alemania,30,ST,Right,186,22,65,,65,65,56,64,30,64,53,65,66,59,65,65,58,56,51,66,65,65,62,60,57,67,70,55,70,60,59,34,71,57,62,61,25,22,27,6,7,12,9,6,8,Bundesliga
S. Tigges,SC Paderborn 07,Alemania,27,"ST, LW",Left,194,28,64,,66,65,52,62,31,65,50,65,66,57,64,59,59,52,45,68,66,66,55,71,59,69,67,59,70,62,59,32,72,51,64,62,29,23,22,13,15,6,8,12,15,Bundesliga
L. Eickel,SC Paderborn 07,Alemania,9,ST,Right,187,18,51,,54,49,43,52,18,52,43,49,50,46,55,52,41,40,38,54,55,54,46,56,46,53,55,45,57,43,48,13,58,41,51,51,15,16,11,15,12,12,15,11,9,Bundesliga
