short_name,club_name,nationality_name,club_jersey_number,player_positions,preferred_foot,height_cm,age,overall,seleccion,pace,shooting,passing,dribbling,defending,physic,attacking_crossing,attacking_finishing,attacking_heading_accuracy,attacking_short_passing,attacking_volleys,skill_dribbling,skill_curve,skill_fk_accuracy,skill_long_passing,skill_ball_control,movement_acceleration,movement_sprint_speed,movement_agility,movement_reactions,movement_balance,power_shot_power,power_jumping,power_stamina,power_strength,power_long_shots,mentality_aggression,mentality_interceptions,mentality_positioning,mentality_vision,mentality_penalties,mentality_composure,defending_marking_awareness,defending_standing_tackle,defending_sliding_tackle,goalkeeping_diving,goalkeeping_handling,goalkeeping_kicking,goalkeeping_positioning,goalkeeping_reflexes,goalkeeping_speed,league_name
S. Beltrán,CA River Plate,Argentina,41,GK,Left,191,22,77,Argentina,50,35,45,47,36,60,30,29,33,55,28,35,33,33,49,52,49,51,51,70,63,52,62,52,66,35,55,46,28,46,34,58,34,32,36,74,73,65,74,76,55,Primera División Argentina
E. Centurión,CA River Plate,Argentina,33,GK,Right,184,29,69,,47,27,38,36,27,52,25,22,31,41,22,27,22,23,45,37,46,48,39,69,46,51,57,46,57,17,44,39,16,49,32,46,23,23,20,69,69,63,66,70,44,Primera División Argentina
L. Rivero,CA River Plate,Argentina,13,CB,Left,185,22,73,,67,54,60,62,77,73,62,50,72,66,50,58,49,53,63,66,60,73,61,69,64,70,80,74,73,52,72,78,53,51,47,67,80,76,72,13,7,8,6,7,7,Primera División Argentina
L. Martínez Quarta,CA River Plate,Argentina,28,"CB, CDM",Right,183,30,74,,68,54,62,61,76,76,58,51,74,71,50,59,53,54,68,60,67,69,63,69,63,67,73,70,78,49,77,76,46,48,57,71,78,76,77,14,14,12,12,10,14,Primera División Argentina
T. Ramírez,CA River Plate,Argentina,2,CB,Right,185,19,68,,68,48,56,59,72,72,51,44,73,63,42,55,49,47,57,62,66,69,59,62,60,60,69,65,76,49,70,67,46,50,43,72,68,78,71,8,15,8,7,10,12,Primera División Argentina
J. Carlos Portillo,CA River Plate,Argentina,5,"CB, CDM",Right,182,26,72,,66,53,62,60,73,73,59,47,73,70,50,52,54,49,68,66,62,70,63,72,66,68,73,68,75,53,73,74,51,53,56,68,71,76,72,15,6,9,14,11,8,Primera División Argentina
N. Otamendi,CA River Plate,Argentina,30,CB,Right,182,38,74,,58,53,64,64,83,73,60,50,76,69,48,59,56,54,72,67,56,60,63,75,62,66,77,69,74,51,76,81,46,57,51,72,83,87,81,7,6,11,8,7,13,Primera División Argentina
F. González,CA River Plate,Argentina,31,"CB, CDM",Left,180,20,59,,57,42,48,48,63,61,45,38,55,56,36,43,37,38,57,52,54,60,47,51,51,55,54,53,67,44,60,66,32,36,41,49,63,64,63,15,11,15,11,11,8,Primera División Argentina
F. Ortega,CA River Plate,Argentina,3,LB,Left,177,27,74,,79,58,69,70,70,71,79,53,63,69,55,67,70,59,64,72,75,83,72,76,78,65,67,81,68,61,69,68,62,64,60,68,67,75,74,9,12,7,11,14,9,Primera División Argentina
M. Acuña,CA River Plate,Argentina,21,LB,Left,172,34,72,,73,59,70,68,70,71,77,56,63,71,55,68,65,60,69,66,73,73,75,71,76,67,65,70,70,58,76,69,56,65,58,64,70,71,73,6,12,15,9,13,13,Primera División Argentina
G. Montiel,CA River Plate,Argentina,29,RB,Right,175,29,74,Argentina,76,58,69,73,72,69,75,53,68,72,60,71,61,65,68,75,74,78,77,72,75,67,68,78,63,60,75,73,63,63,59,66,74,68,77,7,13,11,10,11,10,Primera División Argentina
G. González,CA River Plate,Uruguay,20,RB,Right,173,32,74,,75,59,70,70,70,70,75,54,66,70,50,70,64,62,72,65,77,74,80,72,81,72,69,75,69,57,65,73,63,66,60,69,67,69,81,11,12,6,10,8,9,Primera División Argentina
A. Moreno,CA River Plate,Argentina,6,"CDM, CB",Right,177,27,74,,65,62,72,72,77,72,63,57,68,79,62,69,64,65,78,75,64,66,72,75,70,70,68,83,68,66,71,81,65,70,64,71,80,75,78,11,9,8,11,14,6,Primera División Argentina
F. Vera,CA River Plate,Argentina,15,CDM,Right,180,26,74,,71,63,73,71,74,75,67,59,70,79,62,72,61,66,73,70,72,70,70,73,70,72,69,77,75,66,76,77,64,75,60,66,73,75,75,10,13,11,11,11,15,Primera División Argentina
L. Silva,CA River Plate,Argentina,44,"CDM, CB",Right,179,19,58,,52,47,54,51,58,60,41,42,54,61,40,48,45,46,61,52,54,51,53,55,56,58,57,66,56,48,61,62,46,54,44,57,59,56,57,10,14,14,15,12,12,Primera División Argentina
T. Andrada,CA River Plate,Argentina,50,CM,Right,179,19,72,,67,67,71,73,64,70,65,63,67,69,64,73,73,67,80,76,65,68,71,71,68,77,64,75,69,66,69,61,69,73,72,70,67,64,60,10,11,6,15,15,9,Primera División Argentina
M. Arambarri,CA River Plate,Uruguay,8,"CM, CAM",Right,175,31,78,,76,73,80,78,70,75,73,72,65,82,69,75,74,73,85,80,79,73,75,85,71,78,66,76,79,70,68,72,73,83,73,88,72,71,67,14,8,9,14,11,13,Primera División Argentina
L. Pereyra,CA River Plate,Argentina,25,CM,Right,176,18,61,,63,57,60,63,52,57,53,56,49,61,50,67,56,61,61,61,64,63,61,55,63,60,49,56,57,57,59,52,60,63,54,61,53,53,49,6,11,14,9,8,13,Primera División Argentina
T. Almada,CA River Plate,Argentina,23,CAM,Right,171,25,80,,83,81,80,84,52,69,76,84,62,82,73,83,76,81,76,87,83,83,81,74,79,83,67,75,67,76,66,54,78,83,77,83,53,49,48,12,6,8,6,10,11,Primera División Argentina
T. Galván,CA River Plate,Argentina,26,CAM,Right,172,26,73,,75,74,74,74,48,68,70,75,56,75,68,74,81,73,69,72,79,72,75,75,77,70,63,74,68,77,64,49,82,79,74,72,46,49,39,8,13,14,8,15,13,Primera División Argentina
J. Cruz Meza,CA River Plate,Argentina,24,"CAM, CM",Right,183,18,64,,69,64,65,65,37,59,64,66,50,66,58,64,67,60,61,69,67,70,63,59,58,62,57,62,59,66,54,36,62,66,61,63,36,38,30,13,11,8,13,13,9,Primera División Argentina
Á. Correa,CA River Plate,Argentina,10,"CAM, CM",Right,171,31,81,,79,80,81,87,52,73,75,78,60,84,77,93,83,81,74,82,82,76,90,83,83,84,64,81,71,83,69,55,81,85,78,83,51,49,51,6,9,14,11,7,13,Primera División Argentina
L. Beltrán,CA River Plate,Argentina,18,ST,Right,176,25,76,,79,76,64,75,40,74,66,77,75,64,77,74,62,59,59,77,81,78,74,77,76,77,77,76,76,74,66,37,78,65,74,75,37,34,36,12,14,7,11,7,11,Primera División Argentina
S. Driussi,CA River Plate,Argentina,9,ST,Both,179,30,76,,77,78,66,74,42,76,67,80,73,69,76,72,69,63,57,74,78,76,77,79,75,77,78,71,78,76,76,42,77,67,78,79,42,33,42,6,9,13,9,13,11,Primera División Argentina
R. Santos Borré,CA River Plate,Colombia,19,"ST, LW",Right,174,31,75,,74,77,67,76,41,73,66,79,70,68,74,78,72,68,63,73,76,72,75,78,74,78,71,75,75,74,67,38,77,67,71,75,38,41,28,15,7,12,9,15,12,Primera División Argentina
A. Ruberto,CA River Plate,Argentina,32,"ST, LW",Right,183,20,66,,71,67,57,65,33,70,54,70,70,59,64,67,57,61,48,65,72,71,68,61,56,65,61,65,76,64,65,26,67,62,59,64,30,30,26,9,6,10,8,7,6,Primera División Argentina
Á. Montero,CA Boca Juniors,Colombia,1,GK,Right,201,31,75,Colombia,53,31,44,43,31,56,29,21,36,54,26,32,28,28,44,44,58,49,50,70,58,57,61,46,64,30,46,39,24,48,37,62,28,27,30,74,75,66,76,80,55,Primera División Argentina
L. Brey,CA Boca Juniors,Argentina,12,GK,Right,191,24,69,,45,28,36,34,26,54,26,23,28,40,19,19,29,23,37,42,46,44,43,65,41,46,52,45,63,25,45,35,20,44,30,49,21,26,22,74,71,62,68,73,47,Primera División Argentina
A. Marchesín,CA Boca Juniors,Argentina,14,GK,Right,188,38,70,,36,30,41,37,27,53,28,23,33,47,16,24,26,23,43,40,37,35,45,70,53,52,62,47,60,28,41,37,22,51,32,51,28,20,21,69,70,63,70,67,50,Primera División Argentina
J. García,CA Boca Juniors,Argentina,30,GK,Right,180,39,55,,19,16,21,24,13,36,11,10,18,23,10,14,10,10,24,26,19,19,25,56,38,36,44,30,42,10,25,23,10,29,16,41,10,10,10,57,45,52,59,54,30,Primera División Argentina
L. Di Lollo,CA Boca Juniors,Argentina,2,"CB, CDM",Right,187,22,76,,70,56,65,65,79,80,64,50,83,70,53,62,57,59,70,69,68,71,60,74,63,69,76,74,82,58,84,84,52,59,56,72,80,74,75,6,6,6,6,15,13,Primera División Argentina
A. Costa,CA Boca Juniors,Argentina,32,CB,Left,179,27,77,,73,59,65,65,79,77,63,54,76,70,57,61,55,56,72,66,71,75,66,73,67,76,78,76,77,57,78,84,51,60,56,74,80,77,76,14,10,8,8,7,10,Primera División Argentina
F. Herrera,CA Boca Juniors,Argentina,42,CB,Right,180,20,71,,65,56,60,60,74,74,61,53,72,67,49,53,53,54,66,63,66,65,65,67,64,69,73,70,76,54,74,71,50,48,58,64,77,73,76,14,13,7,11,6,8,Primera División Argentina
M. Pellegrino,CA Boca Juniors,Argentina,26,CB,Left,184,24,74,,69,53,61,63,78,75,63,45,82,61,49,56,54,57,69,67,66,71,67,75,69,70,82,76,73,57,76,81,46,55,58,72,76,78,79,14,13,12,13,9,7,Primera División Argentina
M. Satas,CA Boca Juniors,Argentina,46,CB,Left,184,18,63,,61,43,48,51,65,65,45,34,68,55,32,46,45,43,51,55,58,63,51,53,55,68,59,59,67,45,70,60,32,40,44,58,64,69,63,7,15,11,15,15,9,Primera División Argentina
N. Figal,CA Boca Juniors,Argentina,4,CB,Right,180,32,67,,56,50,56,54,67,66,58,46,68,57,41,45,50,43,62,60,58,55,57,66,58,63,70,58,70,49,64,69,44,53,54,66,68,64,70,11,9,14,8,6,9,Primera División Argentina
L. Blanco,CA Boca Juniors,Argentina,3,LB,Left,176,27,73,,76,59,70,69,69,72,77,53,63,74,59,70,62,63,69,68,77,75,72,65,77,66,75,74,71,65,71,71,67,62,56,63,67,71,71,10,12,13,11,12,15,Primera División Argentina
M. Braida,CA Boca Juniors,Argentina,27,LB,Left,175,29,71,,74,58,66,71,70,69,67,58,60,67,52,70,62,58,69,71,73,74,74,68,74,62,66,76,67,58,64,71,63,63,52,67,69,74,68,9,11,7,10,12,15,Primera División Argentina
L. Lozano,CA Boca Juniors,Uruguay,17,RB,Right,170,27,74,,77,61,70,74,71,70,74,59,60,72,55,80,61,63,73,67,78,76,77,72,75,69,69,81,65,60,68,72,60,64,58,67,74,69,74,15,11,14,8,7,10,Primera División Argentina
D. Gorosito,CA Boca Juniors,Argentina,24,"RB, LB",Right,173,20,68,,76,54,63,64,64,66,68,49,55,66,49,66,60,56,61,61,75,77,70,66,72,68,63,72,63,52,69,66,54,56,53,56,62,68,67,6,7,9,14,7,10,Primera División Argentina
M. Delgado,CA Boca Juniors,Argentina,18,CDM,Right,166,21,74,,67,65,71,71,74,73,68,63,64,73,56,64,69,63,74,74,68,66,74,81,77,72,64,73,72,65,76,75,63,70,64,75,73,76,76,11,13,7,11,12,15,Primera División Argentina
S. Ascacíbar,CA Boca Juniors,Argentina,25,"CDM, CM",Right,169,29,75,,68,66,73,72,73,76,65,62,60,81,58,72,60,64,70,70,72,65,73,75,71,70,70,84,71,70,78,75,69,73,65,79,72,77,70,7,10,13,8,11,9,Primera División Argentina
L. Paredes,CA Boca Juniors,Argentina,5,CDM,Right,182,32,80,,71,69,76,75,82,85,68,64,74,81,60,73,68,70,80,76,68,74,76,83,79,78,79,88,85,75,81,83,71,77,69,79,87,81,80,11,7,14,7,8,8,Primera División Argentina
T. Belmonte,CA Boca Juniors,Argentina,8,"CDM, CM",Right,181,28,71,,66,62,68,66,69,70,62,56,70,73,56,64,60,58,73,66,68,65,65,69,67,72,68,69,71,67,70,68,61,65,63,70,69,69,69,15,6,7,9,15,15,Primera División Argentina
C. Rey Domenech,CA Boca Juniors,Argentina,23,CDM,Right,178,20,66,,64,60,64,60,67,67,59,58,60,68,48,55,58,53,67,61,62,65,65,62,66,65,60,74,64,61,68,69,56,63,60,65,66,70,63,6,11,15,14,6,8,Primera División Argentina
R. Battaglia,CA Boca Juniors,Argentina,6,CDM,Right,187,35,70,,60,60,69,67,69,77,60,53,67,74,55,64,57,62,73,70,63,57,67,72,62,73,67,79,78,64,76,73,60,71,62,72,65,71,65,8,10,9,6,14,14,Primera División Argentina
W. Alarcón,CA Boca Juniors,Chile,15,CM,Right,182,25,73,,72,67,73,74,65,70,72,62,65,74,60,71,67,69,73,77,73,72,76,70,70,70,67,76,68,75,68,65,75,76,69,76,65,66,66,8,10,12,7,8,15,Primera División Argentina
J. Ramírez,CA Boca Juniors,Argentina,21,"CM, CAM",Left,174,33,66,,61,61,64,66,58,63,56,60,52,68,52,64,59,57,65,69,63,59,64,63,64,60,58,70,61,66,60,63,69,67,60,65,61,54,59,6,15,15,13,12,6,Primera División Argentina
T. Aranda,CA Boca Juniors,Argentina,10,"CAM, CF",Right,172,19,73,,75,73,73,74,47,63,71,75,57,73,65,78,81,66,73,71,76,75,77,69,75,72,60,66,63,73,62,50,71,77,73,68,47,42,42,13,9,15,7,10,13,Primera División Argentina
C. Palacios,CA Boca Juniors,Chile,7,CAM,Right,180,26,73,,74,72,74,73,45,66,70,72,59,78,69,71,80,75,66,75,78,71,73,78,70,71,64,69,68,74,58,44,76,77,75,72,44,44,43,9,10,14,7,12,11,Primera División Argentina
S. Villa,CA Boca Juniors,Colombia,22,LW,Left,179,30,77,,84,75,75,81,45,71,78,77,58,76,76,83,76,72,69,79,85,84,91,73,74,72,65,79,69,72,68,43,74,73,73,79,46,42,40,6,12,7,15,7,8,Primera División Argentina
A. Velasco,CA Boca Juniors,Argentina,20,LW,Left,167,24,72,,83,70,71,76,40,61,69,69,55,71,67,77,72,63,67,75,80,85,78,72,78,71,60,64,63,74,54,38,73,77,69,72,37,41,32,12,8,8,15,13,14,Primera División Argentina
L. Flores,CA Boca Juniors,Argentina,19,RW,Right,177,19,71,Argentina,81,70,70,76,42,61,71,69,58,75,66,78,73,67,61,78,78,84,78,60,73,74,61,69,59,69,58,45,72,68,68,68,41,37,35,9,11,12,15,9,10,Primera División Argentina
Á. Romero,CA Boca Juniors,Paraguay,11,"RW, ST",Right,176,34,69,,75,65,69,71,35,62,73,66,55,67,67,71,74,62,60,70,72,78,75,70,69,62,64,68,60,65,59,36,75,74,64,70,30,33,37,13,9,11,9,9,6,Primera División Argentina
M. Merentiel,CA Boca Juniors,Uruguay,16,"ST, LW",Right,176,30,77,,79,76,66,77,45,75,68,80,72,71,79,76,62,66,57,79,79,79,75,79,69,75,81,68,78,65,77,42,82,63,76,79,46,39,39,14,6,13,7,15,15,Primera División Argentina
A. Bareiro,CA Boca Juniors,Paraguay,28,ST,Right,180,30,76,,79,79,67,77,42,77,65,83,78,72,79,77,70,70,60,78,78,79,76,82,70,79,79,72,79,69,76,37,85,64,75,80,43,36,35,10,9,12,13,9,15,Primera División Argentina
M. Giménez,CA Boca Juniors,Argentina,9,ST,Right,184,30,72,,74,75,61,75,40,73,58,79,72,64,75,76,61,60,53,77,75,73,70,73,68,72,69,72,75,71,69,42,73,65,72,71,35,36,34,10,13,9,8,15,8,Primera División Argentina
E. Valencia,CA Boca Juniors,Ecuador,13,"ST, LW",Right,177,36,73,,69,73,65,76,38,73,63,75,69,70,72,74,60,59,59,77,67,71,79,76,70,73,72,74,77,69,64,37,77,64,74,75,35,34,33,6,14,11,14,15,9,Primera División Argentina
C. Ledesma,CA Rosario Central,Argentina,23,GK,Right,183,33,75,,45,34,42,41,32,59,29,28,37,44,20,29,28,31,49,45,49,41,46,76,51,54,66,52,66,32,48,45,23,55,41,61,25,30,27,76,71,69,74,76,52,Primera División Argentina
A. Werner,CA Rosario Central,Argentina,1,GK,Right,191,30,65,,41,22,35,28,21,50,20,17,26,43,17,14,20,20,38,34,41,41,39,59,42,41,57,41,58,19,41,28,13,41,24,40,18,18,19,63,67,58,63,62,41,Primera División Argentina
D. Fernández,CA Rosario Central,Argentina,38,GK,Right,188,22,62,,32,19,30,33,19,45,17,13,22,35,16,22,16,17,31,37,39,27,37,59,41,38,54,37,52,16,36,29,12,40,24,44,17,14,19,64,63,57,65,65,40,Primera División Argentina
I. Ovando,CA Rosario Central,Argentina,46,CB,Right,182,19,72,,69,48,60,64,76,76,55,40,78,71,47,62,49,55,65,65,67,70,62,67,65,63,77,69,77,51,80,73,44,46,50,69,77,74,79,7,13,11,9,12,11,Primera División Argentina
G. Ávila,CA Rosario Central,Argentina,13,CB,Left,182,25,73,,68,55,62,63,75,72,55,50,73,69,53,57,54,53,70,67,66,70,64,73,66,68,74,67,72,55,77,77,48,53,49,68,77,72,73,13,6,12,6,10,11,Primera División Argentina
J. Giménez,CA Rosario Central,Argentina,24,"CB, CDM",Right,187,20,67,,61,47,55,58,70,70,53,42,72,59,43,52,52,46,61,65,61,61,57,63,56,63,72,61,76,45,66,72,35,47,45,63,69,68,72,13,11,7,11,12,9,Primera División Argentina
F. Mallo,CA Rosario Central,Uruguay,15,CB,Right,186,31,72,,72,50,60,62,76,77,58,46,74,67,44,57,53,52,62,66,68,76,54,75,62,65,77,71,79,50,79,73,44,54,46,71,74,82,69,6,9,14,8,7,10,Primera División Argentina
S. Zaracho,CA Rosario Central,Paraguay,2,"CB, CDM",Left,187,27,66,,60,48,54,54,69,70,55,42,70,61,41,50,43,50,58,55,54,65,51,63,60,62,69,64,74,50,68,61,39,44,44,67,73,68,75,9,14,14,13,10,15,Primera División Argentina
J. Cruz Komar,CA Rosario Central,Argentina,6,CB,Right,190,30,66,,62,46,56,56,65,70,54,40,71,65,42,46,42,47,58,65,59,65,56,61,52,60,77,67,72,50,69,64,38,45,45,65,64,65,61,7,11,13,8,9,7,Primera División Argentina
L. Raffin,CA Rosario Central,Argentina,47,CB,Right,186,20,56,,54,36,45,43,58,60,44,29,53,49,33,42,36,39,51,43,57,52,43,49,50,53,64,53,64,36,60,57,28,37,35,43,55,65,55,7,8,11,14,13,15,Primera División Argentina
A. Sández,CA Rosario Central,Paraguay,3,LB,Left,184,25,71,,72,55,67,70,69,66,72,49,65,66,51,71,62,55,73,68,73,71,73,71,73,64,68,72,65,58,63,69,61,62,53,69,70,68,72,13,14,11,14,9,9,Primera División Argentina
A. Soto,CA Rosario Central,Argentina,33,LB,Left,176,32,73,,76,62,69,72,71,73,68,60,67,73,51,72,66,64,70,69,75,77,79,74,75,65,70,81,70,65,70,74,65,66,62,73,70,73,64,9,7,12,12,15,6,Primera División Argentina
E. Coronel,CA Rosario Central,Argentina,32,"RB, LB",Right,174,29,73,,74,58,70,70,69,68,75,53,59,75,56,72,66,57,67,66,73,74,72,69,76,67,71,83,62,59,66,71,62,62,57,66,70,69,73,9,9,12,15,12,12,Primera División Argentina
U. Ciccioli,CA Rosario Central,Argentina,4,RB,Right,173,23,61,,67,46,58,58,57,59,61,42,53,64,40,53,62,48,57,61,67,67,62,58,67,56,50,66,55,47,64,50,50,47,49,55,59,59,63,11,13,11,15,11,8,Primera División Argentina
E. Verón,CA Rosario Central,Argentina,42,RB,Right,181,19,55,,62,42,49,50,53,54,53,42,49,49,35,51,47,42,55,47,61,62,56,59,53,51,50,55,51,36,59,54,42,42,39,45,52,53,58,7,8,7,13,12,9,Primera División Argentina
F. Ibarra,CA Rosario Central,Argentina,5,"CDM, CM",Right,175,25,76,,65,66,75,70,79,78,66,63,74,84,62,67,66,67,75,73,69,61,67,75,72,70,70,84,75,69,80,82,65,74,62,80,79,81,72,12,14,8,13,9,11,Primera División Argentina
V. Pizarro,CA Rosario Central,Chile,20,"CDM, CM",Left,172,23,73,Chile,71,68,73,69,75,77,65,68,64,80,56,62,66,63,77,74,72,71,71,72,74,71,63,76,78,70,78,82,68,71,58,74,75,76,70,15,12,12,12,11,11,Primera División Argentina
F. Navarro,CA Rosario Central,Argentina,31,"CDM, CM",Right,171,26,69,,62,60,64,68,71,70,61,59,64,66,49,65,57,55,70,71,58,65,66,74,71,66,63,73,70,60,69,70,62,65,57,66,73,73,72,8,12,9,12,8,6,Primera División Argentina
A. Rodríguez,CA Rosario Central,Uruguay,88,CM,Right,174,26,71,,65,68,72,72,64,69,72,65,55,77,58,73,63,64,69,71,63,67,73,68,75,69,60,79,65,75,70,69,62,72,69,70,63,64,61,15,12,12,6,9,8,Primera División Argentina
P. Fernández,CA Rosario Central,Argentina,28,"CM, CAM",Right,176,34,69,,61,63,69,70,61,66,65,61,60,69,65,72,69,63,71,70,59,62,67,68,69,64,55,74,62,68,68,65,65,71,61,69,58,62,61,15,12,8,9,11,8,Primera División Argentina
S. Segovia,CA Rosario Central,Argentina,19,CAM,Right,170,19,58,,62,57,56,63,32,47,53,55,39,59,53,65,57,57,56,64,61,62,64,49,58,56,43,50,47,60,45,37,64,53,55,55,24,35,27,8,9,11,15,11,8,Primera División Argentina
J. Campaz,CA Rosario Central,Colombia,8,LW,Left,166,26,75,Colombia,81,72,75,75,43,62,81,72,58,74,73,75,76,72,68,73,85,78,81,75,83,68,60,73,57,72,63,46,79,77,70,74,42,37,39,6,11,15,12,9,10,Primera División Argentina
G. Cantizano,CA Rosario Central,Argentina,26,LW,Left,168,19,65,,76,64,65,69,34,59,65,66,54,67,62,73,62,56,62,65,74,78,74,63,69,59,54,71,56,63,51,35,62,66,67,61,33,29,31,15,11,14,12,11,13,Primera División Argentina
F. Cervi,CA Rosario Central,Argentina,10,LW,Left,166,32,68,,74,67,65,74,38,59,69,68,53,66,69,75,64,63,62,73,72,75,75,65,80,64,60,67,55,64,58,42,74,64,68,71,37,35,28,12,14,12,9,9,13,Primera División Argentina
J. Fernández,CA Rosario Central,Argentina,18,RW,Left,183,22,72,,82,70,69,75,41,68,70,69,62,69,64,76,68,63,69,75,83,81,73,69,72,72,55,76,69,71,61,44,74,69,62,73,37,39,34,10,7,6,13,11,8,Primera División Argentina
Á. Di María,CA Rosario Central,Argentina,11,"RW, RM",Left,178,38,73,,72,71,72,76,43,67,75,74,59,71,68,76,75,68,66,76,73,71,79,76,76,67,64,77,66,70,59,42,74,77,70,75,43,40,35,11,9,11,7,6,9,Primera División Argentina
G. Duarte,CA Rosario Central,Argentina,27,"RW, ST",Right,175,23,67,,69,65,64,69,36,60,70,66,53,63,61,71,68,59,56,66,64,73,72,66,69,68,58,63,58,61,61,36,65,66,56,70,36,33,31,10,13,8,9,13,11,Primera División Argentina
T. Badaloni,CA Rosario Central,Argentina,16,ST,Left,187,26,75,,77,76,68,72,44,79,67,77,77,72,78,71,69,64,65,75,76,77,70,74,69,76,75,73,84,73,73,34,76,65,74,74,40,47,34,7,7,15,15,6,10,Primera División Argentina
E. Copetti,CA Rosario Central,Argentina,22,"ST, CF",Right,180,30,71,,73,72,63,68,36,70,56,72,69,68,71,67,65,63,58,70,75,71,66,68,61,72,74,62,75,70,66,37,83,65,74,72,33,30,32,8,6,8,10,8,11,Primera División Argentina
M. Ruben,CA Rosario Central,Argentina,9,"ST, CF",Right,179,39,58,,52,60,46,57,24,54,44,62,63,50,58,55,45,46,40,58,51,52,59,65,52,57,53,47,60,60,47,16,62,47,56,58,23,21,16,10,8,14,10,10,12,Primera División Argentina
F. Cambeses,Racing Club,Argentina,25,GK,Right,186,29,76,,50,32,45,43,33,58,27,24,38,54,29,30,33,35,48,47,49,50,50,79,51,53,64,48,65,30,52,42,30,51,33,54,30,29,28,77,75,68,78,76,56,Primera División Argentina
M. Tagliamonte,Racing Club,Argentina,30,GK,Left,193,28,67,,41,27,34,38,28,51,25,23,29,41,18,28,22,18,35,40,44,39,42,65,46,48,54,45,57,20,42,31,19,36,29,53,30,26,26,68,69,59,69,66,48,Primera División Argentina
M. Di Césare,Racing Club,Argentina,3,"CB, CDM",Right,186,24,73,,70,53,59,63,78,73,52,46,75,65,47,60,52,53,67,64,75,66,61,74,67,73,74,70,74,53,76,76,49,52,54,68,81,78,71,14,13,14,8,13,6,Primera División Argentina
N. Colombo,Racing Club,Argentina,23,CB,Right,182,27,72,,73,55,60,61,74,74,59,53,72,67,45,55,56,48,59,63,71,74,65,70,63,66,74,69,74,54,82,71,43,54,53,68,75,76,78,9,10,14,13,6,15,Primera División Argentina
M. Pérez,Racing Club,Argentina,2,CB,Right,181,27,70,,67,54,58,60,72,70,55,56,77,66,46,56,45,48,64,63,66,67,54,65,67,58,75,65,71,54,72,67,41,49,49,69,73,72,69,12,15,15,10,15,11,Primera División Argentina
M. Martínez,Racing Club,Argentina,38,CB,Right,185,18,62,,61,40,50,50,64,63,47,37,67,54,33,45,43,41,55,53,58,64,50,58,54,53,68,60,65,35,62,62,33,47,44,58,64,66,61,8,10,14,6,14,14,Primera División Argentina
M. Rojo,Racing Club,Argentina,6,CB,Left,186,36,65,,49,43,54,54,69,64,50,35,66,62,43,49,47,44,50,59,48,49,47,63,56,64,71,59,65,39,66,68,43,50,43,64,69,71,68,15,9,11,6,6,11,Primera División Argentina
G. Escudero,Racing Club,Argentina,43,"CB, RB",Left,187,19,50,,47,31,36,37,54,51,34,25,52,45,26,29,27,30,37,44,45,49,39,41,38,50,50,48,53,28,52,51,24,27,25,44,52,60,54,11,9,14,8,15,6,Primera División Argentina
A. Espino,Racing Club,Uruguay,18,LB,Left,172,34,72,,70,58,69,69,70,67,69,55,61,72,47,65,64,61,67,71,69,70,71,70,76,64,63,75,61,61,71,73,51,69,59,72,72,71,65,9,6,10,6,7,9,Primera División Argentina
E. Cannavo,Racing Club,Argentina,4,RB,Right,180,24,71,,77,57,66,67,68,71,71,53,61,69,53,65,69,58,66,69,76,78,65,71,72,65,68,72,70,60,72,68,56,56,61,63,70,67,72,7,15,6,12,15,10,Primera División Argentina
J. Barinaga,Racing Club,Argentina,14,"RB, LB",Right,176,25,72,,74,56,68,71,68,71,75,54,63,72,52,72,69,61,64,69,76,72,72,71,76,62,68,73,71,56,70,72,61,60,55,69,65,69,71,11,7,14,13,15,8,Primera División Argentina
L. Pérez,Racing Club,Argentina,33,CDM,Right,186,22,72,,65,62,69,66,72,74,64,58,72,75,54,62,61,65,67,69,63,66,60,74,65,66,68,77,73,71,74,69,56,68,61,74,74,71,71,9,14,15,13,15,14,Primera División Argentina
U. Ortegoza,Racing Club,Chile,16,CDM,Right,180,29,72,,67,62,67,72,73,76,62,61,70,71,53,69,60,61,72,75,67,67,67,75,69,68,71,82,73,62,75,74,62,64,63,77,72,74,72,10,11,6,6,6,10,Primera División Argentina
M. Kranevitter,Racing Club,Argentina,5,"CDM, CB",Right,179,33,71,,62,59,69,67,70,71,62,53,65,74,49,64,59,60,72,70,63,62,64,73,67,73,68,72,71,63,72,69,59,69,60,72,73,70,72,14,13,14,11,13,7,Primera División Argentina
A. Forneris,Racing Club,Argentina,8,"CDM, CB",Right,184,21,61,,56,54,59,59,63,66,51,53,61,63,40,57,51,53,65,60,55,56,55,62,60,58,59,67,67,58,64,62,56,57,52,65,62,66,58,14,6,13,6,14,6,Primera División Argentina
G. Lodico,Racing Club,Argentina,20,"CM, CDM",Right,173,28,72,,68,69,72,72,67,68,69,64,66,73,61,74,69,67,72,71,67,68,70,70,71,79,61,73,67,75,65,69,69,75,67,73,66,69,64,13,11,15,9,8,15,Primera División Argentina
I. Rodríguez,Racing Club,Argentina,19,LM,Left,176,24,68,,74,65,67,71,52,64,72,68,52,68,55,71,69,65,60,74,75,74,70,60,72,66,61,76,60,64,58,53,64,65,57,64,53,49,51,15,11,14,10,6,13,Primera División Argentina
V. Carboni,Racing Club,Argentina,21,"CAM, CM",Left,185,21,72,,74,71,71,76,43,66,69,72,59,75,67,77,70,72,66,78,73,74,75,71,68,71,66,71,67,69,59,45,73,72,73,77,41,40,39,12,14,12,12,11,7,Primera División Argentina
M. Miljevic,Racing Club,Estados Unidos,10,"CAM, CF",Right,176,25,74,,78,71,76,79,47,68,74,70,59,79,72,82,75,71,70,76,75,81,83,77,75,71,62,75,66,73,68,50,76,78,74,73,46,44,42,11,13,7,7,13,11,Primera División Argentina
M. Zaracho,Racing Club,Argentina,11,"CAM, CF",Right,171,28,74,,75,74,75,79,48,63,73,71,69,77,69,79,75,77,66,80,79,72,81,69,77,77,66,74,58,79,61,53,72,82,76,78,44,45,43,12,6,10,9,6,6,Primera División Argentina
A. Fernández,Racing Club,Argentina,24,"CAM, CF",Right,183,25,66,,67,66,66,73,36,60,64,66,50,64,61,73,70,65,62,74,65,68,74,69,67,69,53,66,57,62,60,39,62,72,70,66,35,35,27,8,7,10,15,7,7,Primera División Argentina
A. Tello,Racing Club,Argentina,46,"CAM, CF",Right,184,18,58,,61,58,58,57,33,51,53,59,49,60,60,54,62,54,56,61,64,59,54,53,59,56,49,57,49,57,47,33,65,61,57,59,29,31,31,6,10,9,13,7,15,Primera División Argentina
T. Conechny,Racing Club,Argentina,17,LW,Left,176,28,71,,80,67,70,76,40,63,72,65,56,71,67,79,70,64,65,75,80,80,75,73,74,70,62,74,59,68,58,40,74,74,67,66,44,34,33,10,15,9,13,13,7,Primera División Argentina
D. Vergara,Racing Club,Colombia,7,"LW, LM",Left,177,30,73,,80,66,71,77,43,70,75,65,62,71,68,82,74,69,63,75,79,80,72,76,75,66,64,80,68,66,63,43,72,71,73,67,42,39,36,6,13,11,9,12,7,Primera División Argentina
L. Córdoba,Racing Club,Argentina,27,RW,Right,172,21,59,,68,57,56,64,28,53,57,56,41,56,55,63,59,57,52,65,68,68,66,57,67,57,45,59,52,57,49,27,57,56,59,56,29,25,21,15,12,7,12,6,11,Primera División Argentina
A. Martínez,Racing Club,Argentina,9,"ST, CF",Left,176,34,75,,72,73,65,75,42,73,64,73,74,68,77,77,68,65,59,73,70,73,73,73,70,75,74,68,78,67,67,35,81,66,75,81,37,41,39,6,10,15,8,12,8,Primera División Argentina
L. Díaz,Racing Club,Argentina,32,"ST, LW",Right,181,28,68,,71,72,59,70,34,68,57,72,68,65,74,68,61,62,51,74,69,72,69,73,65,80,64,65,73,65,61,27,76,55,62,69,30,32,27,12,10,11,12,12,12,Primera División Argentina
E. Torres,Racing Club,Argentina,22,"ST, CF",Right,186,25,67,,68,68,57,66,35,65,56,70,66,60,67,71,60,53,49,61,66,69,68,68,61,70,72,62,69,61,58,33,77,61,64,66,34,31,24,7,7,12,13,14,7,Primera División Argentina
F. Muslera,Club Estudiantes de La Plata,Uruguay,16,GK,Right,190,40,71,,34,30,39,40,26,58,25,22,27,45,22,29,24,30,45,44,32,36,42,65,52,52,55,46,69,27,46,33,19,43,37,57,27,21,23,75,62,62,71,70,46,Primera División Argentina
F. Iacovich,Club Estudiantes de La Plata,Argentina,1,GK,Left,198,24,65,,41,22,36,33,23,48,23,16,24,45,12,21,13,23,39,37,38,43,42,61,49,46,51,45,51,17,41,37,17,42,24,48,20,18,18,67,66,60,67,62,43,Primera División Argentina
R. Borzone,Club Estudiantes de La Plata,Argentina,12,GK,Right,191,21,61,,34,20,32,27,19,43,19,10,21,38,14,16,17,18,36,29,31,37,37,54,40,43,44,38,49,20,32,26,15,38,23,37,20,15,10,60,59,57,53,63,32,Primera División Argentina
T. Palacios,Club Estudiantes de La Plata,Argentina,24,"CB, CDM",Left,196,23,74,Argentina,68,53,61,62,82,79,58,49,86,68,44,62,47,54,63,61,67,68,60,67,56,68,78,66,84,48,83,81,48,54,53,72,83,82,76,12,9,11,8,14,10,Primera División Argentina
S. Núñez,Club Estudiantes de La Plata,Argentina,4,"CB, CDM",Right,186,26,70,,71,53,58,59,72,69,58,47,69,60,47,56,54,47,61,59,72,71,62,62,60,69,83,59,69,52,76,73,46,55,51,67,72,72,73,8,12,8,6,14,12,Primera División Argentina
L. González Pírez,Club Estudiantes de La Plata,Argentina,14,"CB, RB",Right,185,34,69,,60,50,57,56,71,74,48,44,70,65,41,50,47,53,63,61,62,59,51,68,57,67,72,71,76,51,75,73,41,51,45,66,68,73,71,6,11,8,14,9,6,Primera División Argentina
V. Pierani,Club Estudiantes de La Plata,Argentina,35,CB,Right,188,20,58,,58,38,48,48,64,59,43,33,60,56,30,49,37,41,48,49,57,59,42,55,42,56,62,60,59,36,58,60,27,41,40,45,62,68,68,10,7,12,13,10,15,Primera División Argentina
R. Funes Mori,Club Estudiantes de La Plata,Argentina,26,"CB, CDM",Left,187,35,58,,51,38,45,49,64,60,43,33,64,53,33,44,42,41,46,52,49,52,49,58,49,52,64,57,60,39,62,62,34,35,40,62,66,67,57,8,13,14,15,11,11,Primera División Argentina
S. Arzamendia,Club Estudiantes de La Plata,Paraguay,15,LB,Left,172,28,71,,80,57,64,69,69,68,70,54,68,65,51,70,62,56,68,68,77,83,71,70,73,62,69,73,66,60,65,71,62,58,56,61,70,65,71,14,12,14,12,8,11,Primera División Argentina
G. Benedetti,Club Estudiantes de La Plata,Argentina,13,"LB, RB",Left,175,25,73,,78,59,67,71,68,67,71,57,65,71,52,71,62,57,65,68,78,78,78,72,76,67,69,75,62,57,71,67,65,61,57,65,71,66,72,11,6,11,13,9,12,Primera División Argentina
J. Pereyra,Club Estudiantes de La Plata,Argentina,36,"LB, RB",Left,180,21,51,,55,39,45,50,48,51,52,39,42,49,33,51,40,32,48,47,54,55,59,47,55,47,50,56,50,34,46,46,43,35,31,45,45,53,49,10,8,9,8,6,14,Primera División Argentina
E. Mancuso,Club Estudiantes de La Plata,Argentina,40,RB,Right,171,27,72,,75,56,66,71,68,69,73,52,62,69,51,73,55,56,61,68,76,75,74,67,75,65,64,75,64,55,74,69,63,65,61,70,68,68,74,6,6,9,15,8,9,Primera División Argentina
E. Meza,Club Estudiantes de La Plata,Argentina,20,"RB, RM",Right,175,27,72,,75,56,67,68,65,68,74,50,62,71,58,69,62,55,69,65,75,75,71,72,78,66,62,77,67,58,62,64,62,56,53,71,65,65,73,15,6,8,8,8,11,Primera División Argentina
J. Elías,Club Estudiantes de La Plata,Siria,39,CDM,Right,175,30,72,,66,64,69,67,72,73,59,58,68,76,61,66,65,61,69,67,64,67,67,72,65,77,68,69,74,66,78,69,67,71,59,67,71,76,74,10,10,6,10,10,8,Primera División Argentina
G. Neves,Club Estudiantes de La Plata,Uruguay,8,CDM,Right,171,29,68,,63,58,67,66,70,71,62,55,62,77,51,63,60,59,65,69,62,63,67,67,69,62,66,73,68,62,76,72,59,61,59,69,71,72,65,13,13,12,11,12,11,Primera División Argentina
E. Piovi,Club Estudiantes de La Plata,Argentina,21,"CDM, CB",Right,170,34,72,,60,60,67,69,73,72,59,58,68,72,55,64,60,59,66,73,58,62,73,68,70,66,62,74,70,61,79,74,64,72,60,74,76,74,66,13,8,13,13,7,15,Primera División Argentina
A. Castro,Club Estudiantes de La Plata,Argentina,22,"CM, CAM",Left,183,31,71,,66,68,71,71,65,70,67,65,60,74,60,69,69,59,71,73,67,65,71,75,65,70,64,72,71,74,68,67,70,72,65,73,68,65,59,8,8,7,11,7,15,Primera División Argentina
B. Kociubinski,Club Estudiantes de La Plata,Argentina,52,"CM, CAM",Right,181,25,64,,59,59,66,61,58,63,63,56,60,69,52,57,62,59,70,65,62,56,59,63,61,62,55,65,64,64,58,63,60,63,54,62,56,57,55,7,6,11,13,10,6,Primera División Argentina
B. Rodríguez,Club Estudiantes de La Plata,Argentina,31,"CAM, CF",Right,173,23,72,,70,70,74,70,43,65,64,69,52,80,64,68,71,69,72,68,75,66,79,74,73,71,61,70,65,73,62,41,74,76,71,72,43,44,37,11,15,13,8,13,15,Primera División Argentina
M. Monsalve,Club Estudiantes de La Plata,Colombia,34,"CAM, CM",Right,178,22,70,,70,69,70,70,43,60,70,67,55,69,71,65,72,69,66,72,69,71,76,74,74,69,55,68,58,69,57,44,75,75,70,70,43,41,38,7,8,13,14,14,7,Primera División Argentina
J. Sosa,Club Estudiantes de La Plata,Argentina,7,CAM,Right,181,41,62,,50,62,62,63,35,53,60,62,53,59,56,61,59,64,66,64,50,50,62,67,65,63,54,55,54,63,50,37,60,69,62,64,33,32,31,9,11,15,13,6,8,Primera División Argentina
J. Tobio Burgos,Club Estudiantes de La Plata,Argentina,17,"LW, LM",Left,177,21,67,,76,66,64,69,37,60,65,67,56,63,63,73,68,64,61,63,79,73,72,65,72,67,56,70,60,62,50,38,72,65,61,70,36,35,25,12,10,13,15,11,8,Primera División Argentina
E. Cetré,Club Estudiantes de La Plata,Colombia,18,"LW, LM",Left,174,28,72,,81,70,69,73,41,65,75,66,57,69,68,76,72,63,67,71,80,82,73,70,76,75,63,73,64,70,59,45,76,67,72,70,42,32,37,9,7,13,13,11,9,Primera División Argentina
B. Aguirre,Club Estudiantes de La Plata,Argentina,28,LW,Left,175,23,70,,76,65,68,70,39,60,70,63,58,70,68,73,61,59,60,67,78,75,71,72,71,66,62,72,56,69,56,41,67,70,64,66,39,32,33,12,12,9,13,12,15,Primera División Argentina
T. Palacios,Club Estudiantes de La Plata,Uruguay,10,"RW, RM",Left,167,25,70,,76,70,69,70,39,60,72,69,50,71,63,71,66,61,63,69,78,74,76,68,73,73,54,72,55,71,58,41,74,69,65,63,39,36,36,11,15,12,6,7,15,Primera División Argentina
F. Pérez,Club Estudiantes de La Plata,Argentina,29,"RW, ST",Right,180,20,68,,76,69,64,73,40,60,66,70,59,67,66,77,68,59,58,71,76,76,75,61,73,71,62,69,58,66,51,40,68,60,64,64,42,35,33,13,10,14,7,8,12,Primera División Argentina
J. Correa,Club Estudiantes de La Plata,Argentina,32,"CAM, CF",Right,188,32,76,,69,77,79,77,48,71,77,77,66,82,69,81,79,75,72,74,69,69,74,80,74,78,73,74,71,79,65,50,73,81,71,78,46,46,42,7,11,15,15,6,12,Primera División Argentina
A. Gaich,Club Estudiantes de La Plata,Argentina,19,"ST, CF",Right,190,27,68,,72,66,56,66,33,70,51,64,72,58,65,64,59,54,52,67,70,74,68,67,60,68,76,61,78,65,59,26,72,59,68,73,27,33,27,8,8,13,11,15,12,Primera División Argentina
G. Carrillo,Club Estudiantes de La Plata,Argentina,9,ST,Right,187,35,66,,59,67,55,64,35,67,48,69,68,65,66,64,61,54,41,62,60,58,65,69,61,69,68,63,72,61,59,29,71,54,63,70,32,32,28,13,13,7,9,15,13,Primera División Argentina
L. Alario,Club Estudiantes de La Plata,Argentina,27,ST,Right,185,33,66,,58,67,56,64,32,68,56,66,66,59,67,67,61,59,47,62,60,57,61,71,57,67,67,63,74,67,59,29,70,55,66,68,32,25,24,12,6,10,8,11,11,Primera División Argentina
N. Bolcato,CS Independiente Rivadavia,Argentina,30,GK,Right,185,22,71,,48,31,40,37,28,56,32,24,27,44,24,26,30,26,41,39,47,49,50,67,45,58,58,46,64,26,50,41,21,45,32,51,30,21,22,72,68,63,70,73,50,Primera División Argentina
R. Macagno,CS Independiente Rivadavia,Argentina,12,GK,Right,185,29,67,,42,23,33,34,24,52,29,14,29,34,21,19,16,18,37,41,42,42,41,69,49,45,58,41,59,21,47,31,19,41,32,42,23,19,28,66,66,58,64,66,46,Primera División Argentina
E. Gómez Riga,CS Independiente Rivadavia,Argentina,21,GK,Right,186,25,60,,37,18,30,25,16,42,16,10,18,40,11,12,17,18,33,29,40,35,33,59,39,42,46,31,51,17,32,20,10,31,20,38,10,18,15,64,60,54,62,60,37,Primera División Argentina
S. Studer,CS Independiente Rivadavia,Argentina,42,CB,Right,192,23,73,,69,53,58,66,75,77,59,50,79,62,47,65,49,52,66,67,71,68,58,76,64,64,77,72,80,52,78,79,48,50,51,74,73,71,78,7,7,6,15,13,9,Primera División Argentina
A. Osella,CS Independiente Rivadavia,Argentina,13,"CB, RB",Right,190,26,69,,64,51,57,57,75,76,55,45,74,65,42,53,48,46,64,59,65,64,57,62,57,66,78,67,83,52,67,77,45,46,50,70,75,74,74,10,7,15,12,11,13,Primera División Argentina
L. Costa,CS Independiente Rivadavia,Uruguay,2,"CB, RB",Right,185,28,68,,66,50,55,57,73,68,53,46,73,63,48,55,53,47,59,55,64,67,61,71,60,65,69,64,69,48,72,76,45,42,48,63,72,72,75,12,8,15,8,14,14,Primera División Argentina
I. Villalba,CS Independiente Rivadavia,Paraguay,40,CB,Right,182,31,69,,61,52,57,56,70,70,52,48,70,66,44,50,51,51,57,58,61,61,59,68,68,68,72,72,67,48,72,71,40,51,54,64,71,69,68,15,9,11,11,7,6,Primera División Argentina
S. Cena,CS Independiente Rivadavia,Argentina,6,"CB, RB",Right,186,21,60,,54,41,50,48,63,64,46,39,66,59,38,46,38,43,48,48,53,55,51,56,46,51,63,64,65,36,62,67,33,42,45,56,61,60,68,7,11,12,9,11,13,Primera División Argentina
J. Elordi,CS Independiente Rivadavia,Argentina,3,LB,Left,176,32,68,,73,54,66,66,64,63,68,50,55,70,51,68,63,57,63,65,71,75,65,69,64,64,68,75,58,52,60,66,58,60,49,67,65,61,75,13,13,11,9,15,6,Primera División Argentina
L. Gómez,CS Independiente Rivadavia,Argentina,14,RB,Right,164,30,70,,76,59,66,66,68,66,68,57,57,73,54,67,60,53,65,61,75,77,74,71,75,67,62,75,64,60,62,71,60,59,49,64,69,70,67,11,12,7,7,15,11,Primera División Argentina
A. Vigo,CS Independiente Rivadavia,Argentina,28,RB,Right,175,27,65,,71,53,60,61,64,60,67,51,60,61,46,56,59,46,55,62,73,70,70,62,68,63,60,66,57,51,62,63,54,58,49,65,66,64,66,14,13,7,12,9,7,Primera División Argentina
E. Bonifacio,CS Independiente Rivadavia,Argentina,36,"RB, LB",Right,168,32,62,,65,49,58,59,58,59,58,46,55,61,42,56,55,50,58,57,64,66,66,67,66,54,58,69,52,55,65,60,49,54,43,66,58,59,56,11,15,15,13,13,6,Primera División Argentina
L. Bucca,CS Independiente Rivadavia,Argentina,8,CDM,Left,190,27,67,,60,57,64,64,71,71,55,50,71,68,54,65,58,55,69,64,62,58,59,63,62,63,68,73,73,68,66,70,61,65,60,67,73,71,67,11,10,12,11,13,15,Primera División Argentina
S. Moreyra,CS Independiente Rivadavia,Argentina,34,"CDM, CM",Right,179,25,64,,55,56,62,62,67,68,50,52,62,71,49,57,57,59,61,68,55,55,60,64,56,63,62,67,69,57,69,65,60,62,54,68,67,71,62,15,10,12,13,9,6,Primera División Argentina
K. Vázquez,CS Independiente Rivadavia,Argentina,32,CDM,Right,175,25,62,,56,52,59,59,64,64,53,44,60,65,47,60,52,52,67,59,60,52,56,59,63,64,54,69,63,56,61,66,54,53,53,61,63,67,58,8,6,9,11,15,14,Primera División Argentina
J. Florentín,CS Independiente Rivadavia,Paraguay,25,CM,Left,184,30,70,,69,62,72,72,64,68,65,57,68,74,65,71,67,66,75,74,73,65,71,70,70,68,65,77,65,68,63,61,64,74,63,68,67,61,65,8,14,14,14,12,13,Primera División Argentina
T. Bottari,CS Independiente Rivadavia,Argentina,5,"CM, CAM",Right,173,25,71,,71,68,71,70,64,69,68,67,59,73,60,66,66,69,70,72,67,75,72,69,75,69,62,75,67,72,70,64,69,74,66,72,61,67,65,11,12,7,14,7,11,Primera División Argentina
M. Fernández,CS Independiente Rivadavia,Argentina,10,CAM,Right,173,25,73,,73,74,73,78,45,65,71,71,54,74,71,79,75,72,67,79,78,69,73,73,78,78,62,77,62,77,60,48,72,79,71,69,46,43,35,13,8,15,6,8,7,Primera División Argentina
G. Ríos,CS Independiente Rivadavia,Argentina,11,"CAM, CM",Right,172,27,70,,69,67,69,71,43,58,66,64,58,72,67,69,70,66,66,72,71,67,72,71,74,73,56,62,55,68,59,45,71,71,68,77,44,38,40,15,15,15,7,11,6,Primera División Argentina
L. Sequeira,CS Independiente Rivadavia,Argentina,77,CAM,Right,172,23,65,,65,62,67,68,36,52,64,62,48,67,56,66,71,66,63,69,66,64,70,68,65,60,48,59,47,65,56,39,63,70,66,66,32,37,32,6,6,12,8,12,14,Primera División Argentina
D. Crego,CS Independiente Rivadavia,Argentina,27,LW,Left,173,29,61,,65,60,59,65,30,53,63,59,47,63,62,66,61,54,49,61,64,66,71,65,67,58,52,59,52,60,47,33,61,58,64,62,31,26,18,8,10,7,11,6,15,Primera División Argentina
R. Atencio,CS Independiente Rivadavia,Argentina,19,RW,Left,175,24,69,,77,65,68,73,39,57,69,68,56,73,66,72,67,60,65,75,79,76,75,69,73,61,55,64,55,61,54,40,71,61,65,65,40,34,32,13,14,8,15,12,8,Primera División Argentina
L. Díaz,CS Independiente Rivadavia,Colombia,23,RW,Right,177,22,63,,69,60,62,68,32,56,62,60,49,64,55,70,64,58,53,68,68,70,69,61,64,64,51,64,55,58,52,35,64,65,55,59,28,29,30,13,9,9,11,13,12,Primera División Argentina
A. Riep,CS Independiente Rivadavia,Argentina,20,"RW, RM",Right,174,23,63,,67,62,60,67,33,56,65,64,51,63,59,66,61,56,54,67,68,67,70,69,69,60,53,60,56,59,50,36,66,55,56,64,25,33,29,15,13,7,8,10,14,Primera División Argentina
M. Salas,CS Independiente Rivadavia,Argentina,17,ST,Left,174,28,74,,72,74,63,73,41,70,63,73,72,68,78,71,66,63,57,77,72,72,72,71,70,77,73,66,74,72,66,38,80,59,74,73,42,34,30,9,13,6,9,9,11,Primera División Argentina
Á. Arce,CS Independiente Rivadavia,Paraguay,9,ST,Right,188,31,75,Paraguay,76,79,66,75,42,76,64,85,80,69,81,72,66,62,62,79,78,74,71,82,64,79,76,69,83,67,69,40,77,65,79,81,36,39,40,13,14,10,7,7,9,Primera División Argentina
F. Sartori,CS Independiente Rivadavia,Argentina,43,ST,Right,178,24,73,,76,74,63,74,42,70,58,77,67,68,68,71,66,67,55,78,77,76,71,71,72,77,76,71,73,66,61,37,77,65,66,74,43,40,27,11,14,8,14,14,15,Primera División Argentina
V. Ramis,CS Independiente Rivadavia,Argentina,7,ST,Right,181,32,64,,62,65,54,64,33,62,55,67,69,55,62,67,60,53,48,61,63,61,60,64,62,70,65,59,66,59,57,23,59,55,61,66,30,33,26,14,6,12,11,13,15,Primera División Argentina
J. Devecchi,CA San Lorenzo de Almagro,Argentina,25,GK,Right,189,31,68,,44,25,36,36,27,52,19,18,27,41,19,27,21,22,41,36,43,44,44,68,46,43,56,46,57,24,47,37,21,48,26,54,26,21,26,66,70,60,66,63,47,Primera División Argentina
F. Altamirano,CA San Lorenzo de Almagro,Argentina,20,GK,Right,189,30,65,,41,22,32,31,25,49,15,15,29,38,11,19,20,20,39,34,40,42,37,66,42,47,58,42,54,17,43,34,14,37,21,45,16,25,26,65,64,61,62,63,43,Primera División Argentina
M. Clemente,CA San Lorenzo de Almagro,Argentina,1,GK,Right,184,24,63,,36,22,32,30,19,46,17,18,24,38,11,23,15,23,36,30,37,36,34,59,41,42,54,40,51,13,39,28,18,39,19,41,17,14,14,62,61,54,65,66,44,Primera División Argentina
G. Hernández,CA San Lorenzo de Almagro,Argentina,23,"CB, CDM",Right,185,28,75,,68,59,62,65,77,74,62,58,73,64,55,59,56,58,70,69,71,66,63,71,70,75,70,70,75,53,78,79,43,54,56,74,76,78,80,8,11,12,15,11,15,Primera División Argentina
D. Herrera,CA San Lorenzo de Almagro,Argentina,36,"CB, RB",Right,181,22,67,,62,49,55,58,73,67,52,43,70,61,43,50,50,47,57,61,60,64,67,73,59,63,71,64,67,49,71,73,41,48,51,65,74,72,74,9,8,11,13,12,7,Primera División Argentina
D. Arboleda,CA San Lorenzo de Almagro,Colombia,2,"CB, CDM",Right,190,31,72,,64,51,60,60,72,75,57,44,72,67,44,53,54,51,62,64,63,65,62,69,61,67,74,72,78,53,71,71,47,52,49,67,72,74,71,13,14,13,15,6,6,Primera División Argentina
E. Amor,CA San Lorenzo de Almagro,Siria,19,"CB, RB",Right,190,31,67,,61,46,54,56,70,72,51,41,73,59,38,51,43,47,53,61,57,65,50,64,55,58,74,65,77,49,67,72,43,52,47,67,67,73,68,12,15,14,9,11,7,Primera División Argentina
F. Lorenzon,CA San Lorenzo de Almagro,Argentina,42,"CB, CDM",Right,188,25,61,,57,42,52,47,65,63,50,39,66,59,29,43,39,42,54,48,60,55,46,57,47,54,66,61,64,43,61,64,37,45,34,58,68,62,65,13,9,15,7,8,13,Primera División Argentina
G. Corujo,CA San Lorenzo de Almagro,Uruguay,16,"CB, RB",Right,189,30,64,,58,44,50,52,66,65,48,40,69,54,36,44,47,41,58,57,60,57,55,63,49,59,66,61,67,43,67,64,37,43,44,65,68,66,66,14,11,12,10,7,14,Primera División Argentina
A. Córdoba,CA San Lorenzo de Almagro,Argentina,35,CB,Right,187,22,58,,52,36,46,44,62,58,47,31,65,52,33,37,37,38,49,49,52,52,46,51,44,49,66,51,60,36,59,66,36,37,40,51,60,62,58,9,15,12,15,7,7,Primera División Argentina
T. Rodríguez Pagano,CA San Lorenzo de Almagro,Argentina,3,"LB, LM",Left,178,20,64,,70,49,59,58,63,65,67,46,56,57,46,54,53,48,64,59,69,70,66,59,70,57,61,68,64,48,66,62,52,54,47,56,62,66,64,14,8,11,6,11,13,Primera División Argentina
M. De Ritis,CA San Lorenzo de Almagro,Uruguay,6,"LB, RB",Left,183,23,65,,69,50,62,63,63,67,70,44,64,59,47,62,55,59,61,65,71,68,67,62,62,60,64,69,68,51,63,60,51,60,52,60,64,62,64,13,7,9,13,14,10,Primera División Argentina
E. Herrera,CA San Lorenzo de Almagro,Argentina,32,"RB, RM",Right,180,23,71,,74,58,66,68,68,67,74,57,66,71,51,66,60,49,61,68,73,74,73,73,75,61,69,75,64,59,66,68,63,61,57,66,65,70,70,9,15,12,12,14,6,Primera División Argentina
N. Arias,CA San Lorenzo de Almagro,Argentina,30,"RB, RM",Right,177,21,60,,65,49,55,58,58,60,59,45,48,59,41,54,51,45,53,61,61,68,55,58,66,60,56,64,60,50,56,56,49,49,43,63,57,62,62,10,10,12,10,9,11,Primera División Argentina
I. Perruzzi,CA San Lorenzo de Almagro,Argentina,5,"CDM, CB",Right,178,21,67,,59,55,61,66,70,67,53,49,65,64,55,68,57,60,65,63,57,60,62,65,69,60,64,69,64,62,71,73,61,60,60,69,68,74,63,13,7,14,14,10,11,Primera División Argentina
N. Tripichio,CA San Lorenzo de Almagro,Argentina,24,"CDM, CB",Right,176,30,73,,66,62,71,70,72,75,62,58,64,75,54,70,63,68,76,72,66,66,66,65,64,67,69,77,75,67,75,77,68,73,68,65,73,70,74,6,9,8,6,12,11,Primera División Argentina
M. Río,CA San Lorenzo de Almagro,Argentina,27,"CM, CAM",Right,175,25,68,,67,64,66,70,61,64,64,62,55,66,62,65,68,59,69,75,66,68,70,64,69,65,58,73,61,70,60,66,65,66,63,73,59,63,60,11,12,13,7,11,12,Primera División Argentina
G. Abrego,CA San Lorenzo de Almagro,Argentina,26,"CM, CAM",Right,184,26,69,,65,64,70,70,64,70,63,65,60,74,61,71,68,71,71,70,66,65,69,67,69,68,68,76,68,63,70,61,62,72,58,74,63,67,63,8,14,12,6,14,11,Primera División Argentina
M. Insaurralde,CA San Lorenzo de Almagro,Argentina,8,"CM, CAM",Right,176,27,66,,65,65,65,66,57,64,58,61,55,66,61,65,64,63,67,66,64,66,61,70,69,67,58,71,61,69,65,56,70,71,70,68,57,58,61,7,11,11,15,6,10,Primera División Argentina
M. Cardillo,CA San Lorenzo de Almagro,Argentina,15,CM,Right,180,23,63,,60,57,62,62,55,62,63,53,55,64,48,62,60,58,62,63,60,60,60,60,65,64,53,62,62,62,64,52,60,61,58,61,58,57,50,8,7,6,12,10,9,Primera División Argentina
J. Rattalino,CA San Lorenzo de Almagro,Argentina,13,CM,Right,168,22,60,,60,56,60,60,51,56,58,55,47,60,51,60,56,58,64,60,59,60,60,62,67,60,50,64,51,54,60,52,61,61,58,59,48,56,50,13,6,11,7,9,15,Primera División Argentina
G. Alassia,CA San Lorenzo de Almagro,Argentina,62,CM,Left,182,22,51,,50,46,52,51,43,48,51,45,40,54,36,52,46,47,51,53,54,47,45,53,48,49,48,51,48,49,45,47,47,54,44,49,42,42,43,9,12,6,11,15,14,Primera División Argentina
F. Gulli,CA San Lorenzo de Almagro,Argentina,10,"CAM, CF",Right,178,21,67,,66,65,68,69,40,59,66,62,53,70,62,69,68,65,65,69,64,68,68,63,73,70,58,65,58,68,56,44,71,68,66,65,38,36,37,15,10,6,12,12,11,Primera División Argentina
F. Farías,CA San Lorenzo de Almagro,Argentina,38,CAM,Right,175,24,70,,72,68,71,73,46,61,71,68,54,73,65,75,70,68,66,72,74,70,71,67,71,69,56,69,61,69,52,46,68,74,68,75,45,44,43,7,14,12,14,9,8,Primera División Argentina
N. Barrios,CA San Lorenzo de Almagro,Argentina,28,"LW, ST",Left,156,28,67,,77,66,63,70,32,57,70,67,42,65,66,69,66,60,54,69,74,79,80,67,79,63,55,69,50,68,59,34,65,60,60,65,34,28,24,6,13,6,9,11,8,Primera División Argentina
M. Reali,CA San Lorenzo de Almagro,Argentina,11,"RW, ST",Both,165,28,70,,76,70,69,74,36,60,73,72,49,72,71,80,70,67,60,69,78,75,74,68,77,69,56,73,57,67,53,40,71,69,70,66,33,31,37,15,11,9,12,7,7,Primera División Argentina
A. Ladstatter,CA San Lorenzo de Almagro,Argentina,14,"RW, RM",Left,174,21,61,,64,60,58,64,32,54,63,60,49,57,58,66,62,56,52,63,64,64,66,61,66,59,49,62,55,61,45,32,62,59,58,61,31,28,27,13,13,8,7,8,10,Primera División Argentina
J. Pablo Álvarez,CA San Lorenzo de Almagro,Argentina,22,RW,Right,178,30,67,,73,63,65,72,34,58,69,63,50,66,67,76,65,65,56,68,75,72,73,74,67,63,59,63,56,63,57,35,67,65,56,63,34,28,31,11,9,13,7,8,9,Primera División Argentina
E. Cerutti,CA San Lorenzo de Almagro,Argentina,7,"RW, ST",Right,169,34,66,,68,67,66,67,35,57,69,69,50,70,63,69,69,55,52,66,66,69,70,65,66,67,54,71,53,63,50,38,73,67,59,64,35,28,32,13,12,14,8,8,8,Primera División Argentina
A. Cuello,CA San Lorenzo de Almagro,Argentina,9,ST,Right,186,26,74,,72,76,67,71,41,75,65,79,78,72,73,67,69,70,57,74,73,72,70,74,73,73,85,68,80,72,69,43,76,68,73,77,37,35,32,15,8,10,9,12,14,Primera División Argentina
R. Auzmendi,CA San Lorenzo de Almagro,Argentina,29,ST,Right,191,25,73,,76,73,62,73,40,75,64,76,74,67,74,75,64,60,58,73,74,78,67,76,58,70,79,65,82,66,70,39,82,56,70,77,36,38,30,6,11,7,11,15,9,Primera División Argentina
G. del Prete,CA San Lorenzo de Almagro,Argentina,21,"ST, CF",Left,175,30,68,,71,71,59,68,34,62,59,74,62,63,65,67,57,61,49,67,71,71,69,69,70,74,66,63,63,63,59,30,75,58,67,76,33,31,26,9,8,6,6,14,11,Primera División Argentina
D. Herazo,CA San Lorenzo de Almagro,Colombia,18,ST,Right,180,30,65,,68,65,57,66,29,65,46,64,65,65,63,66,62,58,51,64,71,65,66,69,67,70,70,66,65,62,61,22,66,56,67,67,30,25,20,7,6,6,7,10,10,Primera División Argentina
B. Salinardi,CA San Lorenzo de Almagro,Argentina,4,ST,Right,180,19,60,,65,60,50,59,29,59,48,62,59,54,61,57,51,51,43,61,66,65,60,57,55,60,62,58,62,57,53,25,59,51,63,58,25,27,21,14,10,7,10,13,9,Primera División Argentina
F. Sanguinetti,CA Vélez Sarsfield,Argentina,23,GK,Right,185,25,70,,48,28,40,35,26,55,26,21,33,50,22,21,23,27,42,39,47,49,43,67,48,47,57,50,63,28,43,32,19,40,28,53,21,26,27,70,73,66,73,74,43,Primera División Argentina
T. Marchiori,CA Vélez Sarsfield,Argentina,1,GK,Right,186,31,73,,46,30,41,39,29,56,28,23,31,48,16,25,30,24,42,45,48,44,45,73,52,51,58,49,63,32,46,36,20,49,31,58,26,30,21,77,74,69,74,78,52,Primera División Argentina
Á. Busso,CA Vélez Sarsfield,Argentina,34,GK,Left,188,19,55,,32,15,24,22,14,36,12,10,16,30,10,11,12,10,29,24,33,32,30,47,37,35,41,33,39,10,30,21,10,28,16,31,12,10,11,53,54,50,53,57,32,Primera División Argentina
T. Silvero,CA Vélez Sarsfield,Argentina,32,CB,Right,188,20,71,,71,52,60,59,74,74,55,46,76,69,51,55,55,50,65,64,72,70,54,65,61,66,73,73,76,55,71,76,42,50,47,64,73,74,74,7,6,9,15,10,12,Primera División Argentina
E. Mammana,CA Vélez Sarsfield,Argentina,2,CB,Right,184,30,72,,66,55,63,61,74,72,56,51,70,71,48,54,57,51,73,67,68,65,58,73,64,68,75,67,74,54,74,75,47,55,54,64,74,73,74,12,12,9,11,14,12,Primera División Argentina
L. Magallán,CA Vélez Sarsfield,Argentina,16,CB,Right,185,33,75,,67,57,62,67,78,83,59,54,81,72,54,62,53,54,61,69,63,70,70,73,62,71,78,73,88,52,82,81,55,55,52,82,74,81,74,11,13,6,7,9,14,Primera División Argentina
L. Cristaldo,CA Vélez Sarsfield,Paraguay,19,CB,Left,186,17,58,,55,37,48,46,60,60,44,32,64,56,26,44,40,37,51,46,53,57,46,59,51,52,60,55,61,39,65,59,29,40,34,48,62,55,63,14,15,14,12,15,13,Primera División Argentina
S. Escobar,CA Vélez Sarsfield,Argentina,18,"LB, LM",Left,185,17,67,,77,50,63,65,65,68,64,47,65,65,53,63,54,55,66,66,79,76,69,63,65,56,68,74,67,50,64,71,54,59,49,61,61,65,67,14,6,10,11,9,12,Primera División Argentina
E. Gómez,CA Vélez Sarsfield,Argentina,3,LB,Left,174,32,72,,76,58,66,72,68,70,70,54,61,64,55,70,66,58,69,72,75,77,79,74,74,68,65,77,68,58,67,72,56,64,58,71,65,70,74,12,6,7,8,10,9,Primera División Argentina
J. Vaquero,CA Vélez Sarsfield,Argentina,6,"LB, LM",Left,173,23,54,,58,39,50,53,53,51,58,35,49,53,37,53,51,42,48,51,55,61,60,48,60,48,50,57,50,40,48,51,39,40,39,46,52,56,53,7,14,15,15,6,15,Primera División Argentina
J. García,CA Vélez Sarsfield,Argentina,4,RB,Right,182,25,73,,78,58,69,68,74,74,76,55,67,72,55,69,68,60,61,66,76,80,71,71,70,65,69,77,72,59,74,76,69,64,50,65,74,74,75,11,14,9,11,9,6,Primera División Argentina
J. Gordon,CA Vélez Sarsfield,Argentina,21,RB,Right,182,22,66,,68,50,63,62,65,66,66,46,63,66,44,67,56,54,60,55,69,68,63,57,62,55,68,73,65,52,61,72,58,60,50,65,63,64,64,13,12,15,6,12,9,Primera División Argentina
C. Baeza,CA Vélez Sarsfield,Chile,5,CDM,Right,171,32,72,,61,59,68,70,72,76,56,54,64,72,60,70,60,64,73,68,64,59,71,71,72,61,69,75,78,67,74,74,67,71,58,72,69,75,74,14,7,6,15,15,9,Primera División Argentina
L. Robertone,CA Vélez Sarsfield,Argentina,8,"CM, CDM",Right,169,29,71,,68,65,72,73,62,68,74,64,55,73,62,74,64,61,75,71,70,66,74,73,75,70,59,77,64,66,69,65,67,69,60,75,62,66,56,10,13,9,14,7,10,Primera División Argentina
R. Aliendro,CA Vélez Sarsfield,Argentina,29,CM,Right,173,35,67,,56,63,69,67,61,63,72,60,58,73,53,70,69,65,66,63,60,52,64,70,68,72,57,71,59,63,64,60,63,64,58,72,62,66,52,14,9,13,9,7,6,Primera División Argentina
D. Valdés,CA Vélez Sarsfield,Chile,10,"CAM, CF",Right,179,32,76,,76,79,77,79,48,70,70,80,63,80,76,76,78,73,74,83,78,75,78,78,81,79,64,73,72,78,64,51,80,81,71,77,51,41,44,14,14,6,11,6,12,Primera División Argentina
M. Lanzini,CA Vélez Sarsfield,Argentina,22,CAM,Right,170,33,69,,66,66,72,75,40,57,71,63,49,76,65,77,65,66,66,73,69,63,77,68,72,69,60,65,51,69,63,45,72,75,64,72,40,35,38,14,12,15,11,15,6,Primera División Argentina
L. Feler,CA Vélez Sarsfield,Argentina,48,"CAM, CM",Right,173,18,59,,64,60,60,61,33,53,56,60,48,61,51,61,65,55,58,64,65,63,60,51,60,60,45,60,51,59,49,36,62,62,61,53,29,31,26,15,6,13,7,13,14,Primera División Argentina
M. Arias,CA Vélez Sarsfield,Argentina,35,"CAM, CM",Left,168,19,52,,56,52,54,58,24,42,48,53,39,57,51,59,55,48,48,60,58,55,60,47,58,51,38,54,38,52,37,28,50,61,46,49,22,21,19,10,7,10,13,7,12,Primera División Argentina
J. Cruz Policella,CA Vélez Sarsfield,Argentina,37,"LW, LM",Left,175,17,61,,69,60,60,63,32,56,61,60,47,62,60,58,62,59,56,71,67,71,62,60,64,62,52,61,56,58,49,35,66,58,53,50,31,28,31,7,9,9,8,15,12,Primera División Argentina
M. Pellegrini,CA Vélez Sarsfield,Argentina,11,RW,Right,176,26,71,,77,70,69,72,41,67,75,73,55,65,64,75,74,66,67,69,79,75,79,72,70,68,64,79,63,68,61,39,72,69,64,66,40,40,35,11,15,10,6,11,14,Primera División Argentina
Á. Verón,CA Vélez Sarsfield,Argentina,17,RW,Left,175,17,60,,72,60,56,64,29,54,59,62,50,54,55,68,60,58,50,62,68,75,66,58,62,60,43,62,51,57,54,31,64,59,55,56,27,25,26,13,14,10,9,12,14,Primera División Argentina
R. Martínez,CA Vélez Sarsfield,Paraguay,77,ST,Right,178,30,75,,76,76,64,75,40,75,65,78,74,69,74,76,69,59,56,76,73,78,73,73,71,75,76,75,76,71,73,39,83,62,78,75,37,35,33,10,6,14,11,12,12,Primera División Argentina
T. Aguirre,CA Vélez Sarsfield,Argentina,39,ST,Right,185,17,59,,61,64,49,59,26,59,49,65,54,51,65,60,53,49,41,61,62,60,52,57,50,61,58,53,63,64,58,23,67,49,57,60,21,25,17,15,14,7,8,7,15,Primera División Argentina
D. Godoy,CA Vélez Sarsfield,Argentina,15,"ST, LW",Right,175,20,62,,66,64,51,64,30,60,47,66,63,57,62,63,51,50,44,65,61,70,66,63,61,67,60,58,64,58,54,31,68,49,59,60,25,27,24,11,6,7,11,11,6,Primera División Argentina
F. Zenobio,CA Tigre,Argentina,12,GK,Right,183,26,71,,44,29,38,40,31,53,22,19,35,43,23,26,25,23,43,45,45,44,46,70,53,56,57,47,60,24,43,36,23,46,33,52,30,28,28,69,68,64,74,71,47,Primera División Argentina
L. Morales,CA Tigre,Argentina,26,GK,Right,187,26,65,,39,20,35,33,24,48,18,13,31,44,15,18,22,23,38,39,35,42,41,63,44,37,55,40,54,20,41,25,15,42,27,45,26,21,21,60,66,62,65,71,41,Primera División Argentina
A. Barrionuevo,CA Tigre,Argentina,20,"CB, RB",Right,188,29,72,,69,51,59,60,73,73,58,42,75,65,48,56,51,48,69,63,69,69,58,67,58,68,74,70,74,54,73,70,53,47,54,72,73,72,76,10,13,7,8,11,14,Primera División Argentina
G. Requena,CA Tigre,Argentina,23,CB,Right,185,23,69,,66,50,57,61,74,73,51,43,76,64,40,57,47,52,60,63,64,67,61,65,57,65,73,69,75,52,72,74,49,50,48,71,69,78,74,15,12,13,12,12,14,Primera División Argentina
J. Laso,CA Tigre,Argentina,2,"CB, CDM",Right,185,36,68,,60,49,56,55,74,70,55,43,74,62,48,49,49,46,58,58,60,60,55,72,59,62,73,65,73,52,69,70,42,51,44,67,76,75,74,6,10,13,12,11,14,Primera División Argentina
R. Arias,CA Tigre,Uruguay,42,CB,Right,181,34,66,,56,47,53,56,68,68,55,40,72,58,36,50,49,47,57,60,52,59,54,65,52,65,62,61,71,46,69,69,47,43,44,67,67,69,66,13,12,13,10,9,8,Primera División Argentina
T. Fernández,CA Tigre,Argentina,38,CB,Right,181,22,51,,49,32,36,41,54,52,36,25,46,41,24,34,36,28,38,47,54,45,38,50,43,49,54,45,55,33,55,55,31,30,24,50,53,55,55,7,7,15,8,7,12,Primera División Argentina
F. Álvarez,CA Tigre,Argentina,24,LB,Left,183,32,70,,74,54,65,66,68,69,69,49,66,66,50,62,57,56,67,67,73,74,73,65,70,64,69,72,69,55,64,68,61,62,50,69,67,69,67,9,7,15,15,13,11,Primera División Argentina
J. Villalba,CA Tigre,Argentina,32,"LB, RB",Left,173,20,60,,64,47,56,57,57,55,61,43,48,61,40,55,54,46,53,60,66,62,61,53,62,56,46,57,52,49,63,57,47,49,48,51,62,55,61,8,10,9,7,15,13,Primera División Argentina
Á. Marchese,CA Tigre,Argentina,15,"LB, LM",Left,173,22,53,,58,38,50,50,49,52,53,35,43,56,29,50,48,34,48,49,55,60,52,55,59,47,51,56,51,36,50,51,39,44,39,47,50,48,52,13,8,14,14,10,8,Primera División Argentina
V. Moreno,CA Tigre,Argentina,4,"RB, LB",Right,173,23,68,,72,52,63,65,64,66,67,50,65,67,50,63,56,47,62,64,69,74,73,64,69,60,58,72,65,46,64,69,54,59,53,69,65,61,62,14,15,10,8,13,12,Primera División Argentina
M. Garay,CA Tigre,Argentina,8,RB,Right,167,27,66,,71,49,59,66,60,63,64,40,51,57,46,66,59,49,61,65,75,67,71,63,67,59,64,66,61,60,64,60,55,57,51,61,57,62,68,9,13,11,8,13,13,Primera División Argentina
G. Soto,CA Tigre,Chile,17,"RB, LB",Right,175,32,65,,64,49,63,63,61,62,59,46,58,71,46,64,59,51,58,62,63,64,67,64,67,58,59,69,60,50,61,59,44,60,46,57,62,62,63,6,15,14,13,6,6,Primera División Argentina
L. Minniti,CA Tigre,Argentina,40,RB,Right,185,21,61,,62,45,60,59,56,58,58,42,56,63,38,55,57,51,59,63,60,63,63,54,58,51,63,61,59,46,53,58,48,58,46,58,54,56,61,15,10,8,9,6,7,Primera División Argentina
B. Leyes,CA Tigre,Argentina,5,"CDM, CM",Left,173,24,72,,64,60,71,70,74,73,66,55,67,75,57,67,64,59,74,72,63,65,72,74,65,66,68,77,70,65,79,76,66,70,60,70,77,71,73,13,12,14,14,13,11,Primera División Argentina
J. Saralegui,CA Tigre,Argentina,10,CM,Left,181,23,73,,72,68,72,73,64,70,66,66,68,73,71,71,66,65,76,74,75,70,77,73,73,70,69,79,65,70,70,65,71,75,68,79,62,66,60,6,6,9,14,9,14,Primera División Argentina
S. González,CA Tigre,Argentina,27,CM,Right,182,23,70,,65,66,70,69,64,71,64,70,68,73,61,66,64,65,69,71,63,67,70,74,63,64,63,74,71,65,67,63,66,72,54,70,63,65,57,7,10,9,11,13,8,Primera División Argentina
N. Dubersarsky,CA Tigre,Argentina,16,"CM, CDM",Right,188,21,68,,66,63,64,67,63,70,59,63,63,62,65,62,67,63,69,73,68,65,63,69,68,63,61,76,71,63,62,65,69,67,59,66,59,68,54,12,14,13,14,7,14,Primera División Argentina
S. Rivero,CA Tigre,Argentina,7,"CM, CAM",Left,172,23,63,,62,58,63,66,55,64,57,56,52,67,53,67,58,52,58,65,67,57,61,66,70,64,56,67,62,57,66,52,57,68,54,61,59,55,48,11,7,12,15,15,14,Primera División Argentina
S. Medina,CA Tigre,Argentina,21,LM,Left,177,26,63,,67,60,62,64,45,57,63,58,47,63,55,65,62,55,61,62,64,69,66,67,68,67,58,67,52,57,57,48,61,60,59,65,45,43,39,7,9,11,6,8,11,Primera División Argentina
T. Serrago,CA Tigre,Argentina,11,"CAM, CM",Right,175,22,68,,70,70,71,71,39,54,64,71,56,77,59,70,71,70,66,73,71,70,70,65,73,70,56,60,49,69,56,44,69,71,67,71,34,37,35,10,14,14,14,11,8,Primera División Argentina
G. Martínez,CA Tigre,Argentina,28,CAM,Left,172,33,69,,66,71,69,72,43,60,63,71,51,74,70,72,74,69,63,71,71,62,73,77,67,72,57,66,56,71,61,48,66,70,65,71,36,45,38,15,9,9,12,13,13,Primera División Argentina
S. López,CA Tigre,Argentina,22,LW,Left,170,20,70,,78,68,71,75,41,60,73,71,53,72,70,76,74,65,65,77,81,76,75,68,80,68,57,69,58,62,52,41,70,71,65,62,39,39,37,7,9,6,6,11,10,Primera División Argentina
I. Subiabre,CA Tigre,Argentina,25,RW,Left,174,19,68,,78,67,65,69,35,62,63,69,51,66,61,69,67,65,58,67,75,81,76,66,76,68,54,69,62,63,54,35,71,69,63,67,34,34,29,9,15,13,12,15,14,Primera División Argentina
M. Fernández,CA Tigre,Argentina,18,RW,Right,183,21,52,,57,52,49,52,23,46,50,53,39,51,48,54,58,51,43,50,58,56,56,52,54,51,42,50,49,51,32,21,56,47,47,48,21,22,16,9,10,11,10,9,15,Primera División Argentina
I. Russo,CA Tigre,Argentina,29,ST,Right,175,25,73,,75,77,64,72,40,71,64,79,74,67,77,73,67,63,57,71,74,75,74,70,74,75,68,68,73,74,69,32,80,61,70,74,37,38,33,9,12,8,10,15,15,Primera División Argentina
M. Méndez,CA Tigre,Uruguay,33,ST,Right,176,27,73,,75,74,64,72,42,71,64,77,76,68,72,73,66,62,52,70,72,78,72,70,72,72,75,67,74,68,69,34,78,64,79,79,40,41,35,6,15,7,11,10,12,Primera División Argentina
J. Dómina,CA Tigre,Argentina,9,"ST, LW",Right,174,20,64,,72,67,53,63,29,60,53,70,62,53,61,61,54,47,50,65,70,73,68,62,65,66,64,59,61,61,57,28,72,55,71,60,24,26,26,7,7,10,7,6,12,Primera División Argentina
A. Oviedo,CA Tigre,Paraguay,19,"ST, CF",Right,181,30,66,,66,67,56,65,34,61,53,71,64,59,68,66,55,55,53,63,67,66,63,69,65,68,71,61,61,59,58,36,66,57,67,63,29,30,23,10,6,12,7,6,10,Primera División Argentina
E. Unsain,CA Talleres,Argentina,32,GK,Right,188,31,71,,45,27,38,39,29,55,24,19,36,43,19,28,26,23,39,43,47,44,46,67,52,47,57,50,60,26,46,36,21,50,31,52,24,28,25,72,68,61,68,71,49,Primera División Argentina
S. Barbi,CA Talleres,Argentina,1,GK,Right,191,21,60,,37,17,28,28,16,42,18,10,18,35,10,16,13,14,31,31,33,40,37,53,41,41,55,33,47,13,39,25,10,29,20,41,11,15,15,61,61,54,65,60,36,Primera División Argentina
S. Fernández,CA Talleres,Argentina,44,CB,Right,181,21,71,,69,48,58,57,71,73,53,41,71,61,45,55,51,55,65,54,67,70,63,69,60,65,69,71,74,48,75,68,42,54,47,75,75,71,69,15,13,13,9,11,7,Primera División Argentina
R. Riquelme,CA Talleres,Argentina,6,"CB, CDM",Right,186,24,71,,63,52,58,62,72,71,56,47,75,67,46,57,55,55,61,65,62,64,59,69,65,66,72,68,72,53,74,70,45,42,51,70,74,71,74,12,14,10,7,12,9,Primera División Argentina
V. Fascendini,CA Talleres,Argentina,13,CB,Left,184,23,68,,65,47,55,58,72,71,56,44,76,58,44,51,51,46,60,64,64,65,58,64,63,57,70,70,73,47,66,72,42,47,51,71,71,73,73,9,12,7,9,12,13,Primera División Argentina
M. Catalán,CA Talleres,Chile,4,CB,Right,182,34,71,,63,52,58,62,74,72,60,45,74,62,53,60,53,55,61,63,62,63,58,69,62,70,69,69,74,53,74,74,49,47,51,72,75,74,71,6,11,13,8,8,15,Primera División Argentina
T. Baroni,CA Talleres,Argentina,25,CB,Right,187,20,63,,59,39,49,52,65,66,45,30,63,55,37,50,42,43,55,53,55,62,53,57,53,56,70,57,70,45,66,65,35,43,41,59,67,63,65,10,12,9,14,6,9,Primera División Argentina
G. Nuccio,CA Talleres,Argentina,35,CB,Right,175,19,60,,53,36,46,49,61,62,38,30,59,54,28,47,45,38,48,49,51,55,45,60,55,52,62,57,64,38,65,60,30,39,35,54,60,64,60,10,8,7,12,15,9,Primera División Argentina
A. Maidana,CA Talleres,Paraguay,3,LB,Left,178,21,70,Paraguay,73,55,63,67,67,66,70,51,57,62,52,67,55,52,66,65,72,73,72,65,74,62,71,74,61,58,68,69,60,62,50,65,72,64,71,8,10,13,6,15,8,Primera División Argentina
G. Báez,CA Talleres,Argentina,23,LB,Left,178,31,69,,71,54,67,65,66,69,73,48,54,69,52,62,62,55,68,65,70,72,71,71,72,67,68,73,67,57,67,71,54,63,52,68,67,64,74,13,7,15,6,8,8,Primera División Argentina
A. Schott,CA Talleres,Argentina,20,RB,Right,173,26,70,,76,58,66,66,66,66,72,55,61,68,50,63,64,57,63,69,71,80,70,64,72,63,60,73,63,60,67,66,61,62,57,67,69,64,72,10,15,14,6,7,11,Primera División Argentina
T. Chamorro,CA Talleres,Argentina,2,RB,Right,172,20,61,,73,47,55,59,60,60,62,44,56,56,43,59,53,45,55,59,72,73,59,50,62,53,55,68,56,50,59,60,47,50,45,56,62,58,61,11,15,12,11,8,7,Primera División Argentina
T. Olmos,CA Talleres,Argentina,16,"RB, RM",Right,170,21,58,,65,42,53,58,53,56,57,38,42,55,42,56,54,44,53,59,68,62,64,57,62,45,52,64,53,45,53,53,52,46,39,52,55,52,58,10,15,14,9,14,12,Primera División Argentina
M. Galarza,CA Talleres,Argentina,5,CDM,Right,186,24,74,,70,64,73,67,74,76,67,59,70,79,57,63,66,69,71,73,69,71,62,73,67,71,75,73,78,69,74,73,67,72,62,70,77,73,73,11,13,10,12,7,15,Primera División Argentina
J. Sforza,CA Talleres,Argentina,15,"CDM, CB",Left,179,24,68,,61,60,64,64,68,71,59,60,61,69,51,61,60,64,68,67,62,61,63,68,67,62,66,73,71,62,69,71,62,60,52,66,71,66,63,15,11,10,9,15,8,Primera División Argentina
F. Fattori,CA Talleres,Argentina,8,CDM,Right,178,34,72,,61,60,70,70,72,71,67,56,68,75,55,65,65,67,67,74,63,59,66,76,66,66,73,72,68,62,78,70,67,69,64,78,70,76,75,8,15,13,13,8,11,Primera División Argentina
B. Trey,CA Talleres,Argentina,31,CDM,Right,173,20,50,,43,41,44,46,52,51,39,37,46,47,37,45,37,44,47,48,44,43,48,44,47,49,48,57,48,44,51,58,42,43,41,46,50,54,48,7,6,14,8,12,12,Primera División Argentina
M. Cáceres,CA Talleres,Argentina,26,CM,Right,170,24,67,,64,62,67,67,58,62,61,59,51,72,53,66,64,59,71,67,68,61,70,66,68,68,55,68,60,65,63,61,65,66,63,65,61,55,54,14,11,8,7,12,15,Primera División Argentina
M. Gómez,CA Talleres,Argentina,21,CM,Right,170,20,54,,52,50,56,55,49,51,49,48,39,59,44,54,50,47,56,57,50,53,51,52,56,53,41,57,51,53,47,54,55,59,49,52,52,49,39,15,15,13,6,7,9,Primera División Argentina
F. Cristaldo,CA Talleres,Argentina,18,CAM,Right,175,30,74,,74,75,75,75,47,63,74,77,56,76,68,78,71,70,71,73,77,71,74,76,74,75,59,70,61,73,58,47,75,78,80,76,45,47,41,10,10,6,9,13,12,Primera División Argentina
G. Baroni,CA Talleres,Argentina,30,CAM,Left,186,17,65,,68,65,67,69,40,59,63,64,59,66,63,71,61,66,65,69,64,71,69,68,62,66,60,63,59,67,52,40,66,74,65,65,39,35,38,14,8,14,15,7,7,Primera División Argentina
L. Ortiz,CA Talleres,Argentina,39,CAM,Right,173,18,54,,57,53,54,58,28,50,52,52,36,56,48,60,46,51,52,59,59,55,57,53,55,52,46,57,49,55,44,28,57,55,54,53,25,29,25,14,10,6,7,12,15,Primera División Argentina
J. Gallard,CA Talleres,Argentina,46,CAM,Both,174,22,52,,53,51,52,56,27,44,48,52,40,57,44,57,51,57,49,56,55,52,55,52,49,53,43,52,40,51,45,32,50,51,46,54,26,21,21,13,11,10,13,7,6,Primera División Argentina
Rick,CA Talleres,Brasil,37,LW,Left,170,27,72,,78,71,69,78,43,65,69,73,57,68,73,79,70,71,63,77,76,80,78,75,78,75,64,72,64,63,61,45,69,76,69,71,41,39,39,12,9,13,14,6,8,Primera División Argentina
V. Depietri,CA Talleres,Argentina,11,LW,Left,178,25,66,,72,64,62,68,32,56,69,67,51,62,61,69,67,58,53,68,73,72,73,66,70,60,53,66,54,62,48,36,71,62,61,60,32,24,26,13,9,14,8,9,8,Primera División Argentina
D. Valoyes,CA Talleres,Colombia,7,"RW, RM",Right,187,30,72,,81,70,71,75,42,69,74,68,65,71,68,78,77,68,66,72,83,79,74,69,73,74,67,75,68,70,66,42,77,69,65,74,43,36,31,9,8,12,8,9,15,Primera División Argentina
I. Alastra,CA Talleres,Argentina,24,RW,Right,175,18,51,,58,48,51,53,22,43,52,46,38,53,49,51,55,45,51,57,60,57,52,42,57,49,43,45,42,49,43,22,52,47,48,45,24,18,14,8,6,13,15,13,13,Primera División Argentina
E. Chiavassa,CA Talleres,Argentina,36,"RW, ST",Left,169,20,50,,59,43,46,53,19,42,48,42,37,48,43,52,48,48,39,54,60,59,61,49,58,44,43,49,38,41,41,19,52,45,51,43,17,16,19,11,10,6,9,13,14,Primera División Argentina
A. Álvarez,CA Talleres,Uruguay,9,"ST, LW",Right,177,25,71,,75,72,61,69,37,68,62,74,73,63,72,69,58,64,53,67,75,75,71,75,71,73,73,67,72,65,60,40,76,64,69,73,33,28,31,6,13,14,13,7,14,Primera División Argentina
V. Dávila,CA Talleres,Argentina,49,ST,Right,185,19,65,,68,63,55,63,31,64,47,65,65,63,62,60,55,59,45,67,62,72,68,61,57,66,68,62,65,55,61,31,69,54,61,63,25,27,29,13,13,9,6,12,12,Primera División Argentina
N. Losada,CA Lanús,Argentina,26,GK,Right,188,33,78,,53,37,46,46,36,62,27,32,37,51,24,29,34,36,50,54,53,53,53,78,55,57,69,52,70,30,55,44,26,57,45,63,33,36,31,81,70,71,78,78,55,Primera División Argentina
F. Petroli,CA Lanús,Argentina,1,GK,Left,188,28,69,,43,28,37,35,23,54,18,24,32,45,23,21,19,23,44,38,45,42,45,71,54,49,54,47,61,21,44,29,15,47,27,52,20,21,21,68,68,64,73,74,47,Primera División Argentina
J. Canale,CA Lanús,Paraguay,13,CB,Left,187,30,74,Paraguay,72,54,60,63,76,80,61,46,81,66,50,60,57,60,63,63,69,74,61,76,69,72,79,74,83,55,80,75,49,47,55,68,76,76,72,14,12,11,9,8,14,Primera División Argentina
R. Dejesús,CA Lanús,Paraguay,35,CB,Right,192,25,70,,64,49,58,59,72,72,58,43,74,67,42,51,51,51,57,66,60,67,60,64,59,63,75,63,74,49,77,70,45,44,50,67,70,76,70,9,13,8,6,7,7,Primera División Argentina
G. Pérez,CA Lanús,Uruguay,4,CB,Right,184,25,69,,66,50,57,59,74,71,47,44,76,63,48,54,45,54,65,65,60,70,56,64,60,64,68,71,72,53,67,74,45,53,41,66,77,71,74,8,10,6,9,13,13,Primera División Argentina
C. Izquierdoz,CA Lanús,Argentina,24,"CB, RB",Left,185,37,69,,52,52,58,58,73,69,57,47,76,63,44,55,52,47,63,59,48,55,56,68,57,69,64,61,74,48,67,75,45,50,50,64,71,73,68,11,13,10,10,15,14,Primera División Argentina
L. Romero,CA Lanús,Argentina,2,CB,Left,186,20,56,,53,39,44,46,60,58,43,32,59,50,35,42,33,35,45,49,52,54,44,52,48,56,64,53,62,39,54,59,32,38,38,58,60,62,62,6,12,13,14,15,15,Primera División Argentina
S. Marcich,CA Lanús,Argentina,6,LB,Left,175,28,72,,74,59,68,68,70,73,75,59,68,70,48,66,63,58,68,67,77,71,75,67,74,66,65,85,67,57,74,68,63,61,53,64,72,72,69,12,14,13,13,13,7,Primera División Argentina
T. Guidara,CA Lanús,Argentina,33,"RB, RM",Right,173,30,72,,73,58,67,69,69,72,76,54,61,67,50,68,67,63,64,67,76,71,77,71,78,68,71,79,66,57,76,69,59,63,58,65,70,69,71,14,6,15,15,6,15,Primera División Argentina
N. Morgantini,CA Lanús,Argentina,3,RB,Right,178,32,65,,68,50,59,60,63,63,62,49,58,61,44,59,51,52,58,58,66,69,69,65,64,59,62,70,62,47,59,66,49,57,49,59,61,63,67,8,6,15,7,15,13,Primera División Argentina
A. Medina,CA Lanús,Argentina,17,"CDM, CM",Right,175,19,69,,64,59,67,68,71,71,62,57,61,75,58,68,56,61,72,68,67,61,64,68,69,66,64,74,69,55,75,73,62,60,53,68,70,75,70,7,7,8,12,8,11,Primera División Argentina
A. Cardozo,CA Lanús,Argentina,30,"CDM, CB",Right,183,29,73,,67,64,70,70,73,75,60,62,69,76,49,65,60,58,74,74,68,67,71,79,68,68,69,76,74,66,76,73,66,72,62,76,70,76,74,12,13,6,8,13,13,Primera División Argentina
F. Peña Biafore,CA Lanús,Argentina,5,"CDM, CB",Right,180,25,72,,66,63,67,67,72,76,57,58,65,74,56,69,61,66,70,64,60,71,67,76,68,75,71,79,75,65,77,72,63,66,61,68,74,73,72,6,7,14,11,14,9,Primera División Argentina
R. Loaiza,CA Lanús,Colombia,15,"CDM, CM",Right,180,32,68,,62,60,63,66,69,70,55,53,65,67,55,68,58,60,66,65,61,63,60,71,67,67,64,74,69,69,67,72,66,66,61,67,65,74,68,13,7,12,6,7,6,Primera División Argentina
F. Sánchez,CA Lanús,Argentina,27,CM,Right,181,21,55,,51,49,57,53,44,52,54,45,46,60,49,49,50,41,62,56,50,52,57,58,54,53,46,59,49,53,53,42,52,57,53,53,44,45,43,7,13,8,13,6,8,Primera División Argentina
T. Laplace,CA Lanús,Argentina,39,"CM, CAM",Right,178,20,48,,44,42,51,48,42,48,45,39,42,59,35,48,45,42,51,48,43,44,49,50,44,46,35,52,48,44,46,40,52,45,43,47,42,46,39,11,14,13,6,14,10,Primera División Argentina
R. Carrera,CA Lanús,Argentina,23,RM,Right,182,32,71,,75,66,69,73,53,67,72,68,57,69,63,78,69,64,69,66,74,75,74,71,76,62,63,70,68,66,64,55,68,67,72,71,53,51,50,10,11,8,11,10,6,Primera División Argentina
M. Sepúlveda,CA Lanús,Chile,16,LM,Left,186,27,70,Chile,76,66,69,71,52,64,69,65,62,71,62,72,66,65,70,71,78,74,71,72,70,69,66,75,62,66,55,56,69,67,66,68,45,52,50,7,6,9,8,6,7,Primera División Argentina
M. Moreno,CA Lanús,Argentina,10,"CAM, CM",Right,168,31,76,,73,76,78,84,49,64,75,78,55,81,70,85,74,70,71,83,74,73,83,78,86,73,65,72,61,74,61,51,76,83,74,82,48,49,43,11,7,12,7,12,10,Primera División Argentina
F. Watson,CA Lanús,Argentina,8,CAM,Right,177,24,66,,65,65,66,68,37,57,64,66,54,69,60,70,63,65,60,67,66,65,67,68,69,64,57,64,54,62,54,40,68,68,69,69,33,35,31,6,12,12,7,7,10,Primera División Argentina
L. Besozzi,CA Lanús,Argentina,77,LW,Left,176,23,65,,75,65,62,72,34,55,63,65,55,64,65,74,63,58,62,73,74,75,69,66,68,66,62,63,52,66,53,36,63,60,52,60,31,30,29,14,13,6,15,12,9,Primera División Argentina
E. Salvio,CA Lanús,Argentina,11,RW,Right,173,36,71,,72,67,69,78,39,58,71,66,55,69,69,81,72,65,63,75,76,68,78,78,75,68,54,67,55,67,56,39,76,73,67,73,37,36,40,11,15,8,11,10,12,Primera División Argentina
B. Acosta,CA Lanús,Argentina,38,"RW, RM",Right,163,20,53,,61,51,51,59,20,44,56,51,29,53,50,62,50,42,44,54,64,59,66,54,65,50,38,56,39,54,42,24,50,49,48,51,19,17,17,12,10,11,14,12,15,Primera División Argentina
Y. Valois,CA Lanús,Colombia,19,ST,Right,187,22,70,,73,71,58,67,38,73,59,72,73,58,68,63,66,58,56,70,74,72,65,72,67,76,68,67,82,64,60,37,73,57,72,74,33,32,34,15,14,12,15,11,11,Primera División Argentina
A. Wlk,CA Lanús,Paraguay,20,ST,Right,186,23,69,,72,71,60,68,35,66,59,76,69,61,66,67,62,58,58,69,71,72,69,74,59,68,76,63,68,64,63,24,77,62,67,70,35,34,25,13,12,15,8,15,9,Primera División Argentina
B. Cortés,AA Argentinos Juniors,Chile,25,GK,Right,186,31,74,Chile,47,30,42,41,32,58,32,26,38,46,23,32,26,26,44,44,46,47,44,70,53,48,58,49,67,23,47,40,30,49,35,54,28,31,30,80,74,64,71,76,53,Primera División Argentina
G. Siri,AA Argentinos Juniors,Argentina,12,GK,Right,183,23,62,,37,20,33,27,20,48,21,13,21,36,14,15,19,20,38,30,36,37,32,59,46,45,55,39,57,11,36,23,19,41,18,41,20,16,21,66,61,59,63,60,42,Primera División Argentina
A. Mangiaut,AA Argentinos Juniors,Argentina,1,GK,Right,185,22,63,,35,19,30,29,16,48,15,11,20,38,11,16,17,13,36,35,36,35,34,58,39,46,49,41,55,14,41,26,10,35,25,45,11,14,18,66,65,54,63,65,42,Primera División Argentina
F. Álvarez,AA Argentinos Juniors,Argentina,16,"CB, CDM",Right,180,26,73,,69,53,59,64,79,73,64,48,80,63,46,62,49,52,65,62,67,70,66,71,68,73,80,69,74,48,72,82,50,49,55,73,77,80,77,9,14,15,15,9,11,Primera División Argentina
M. Mendoza,AA Argentinos Juniors,Argentina,23,CB,Right,181,21,69,,66,51,57,59,73,73,56,49,73,66,42,52,43,47,56,66,64,68,59,67,57,62,70,72,73,49,75,75,46,49,51,67,73,73,70,14,8,6,8,13,11,Primera División Argentina
F. Vázquez,AA Argentinos Juniors,Argentina,6,CB,Left,183,21,65,,60,47,54,56,69,66,46,44,68,64,41,53,46,46,57,58,60,60,50,66,62,60,70,68,66,44,65,69,35,44,52,64,72,70,62,15,10,15,9,6,15,Primera División Argentina
F. Paredes,AA Argentinos Juniors,Argentina,17,CB,Right,176,27,65,,59,44,52,55,69,67,46,38,69,60,40,50,47,40,59,58,57,61,55,62,56,63,62,61,69,39,71,72,40,45,46,64,69,67,68,14,10,7,15,9,9,Primera División Argentina
É. Godoy,AA Argentinos Juniors,Argentina,4,"CB, RB",Right,185,33,69,,60,48,58,58,71,74,57,43,74,66,47,53,51,50,57,57,61,59,64,73,64,66,74,72,77,44,71,73,44,52,50,68,72,71,65,12,9,9,8,15,10,Primera División Argentina
S. Gianini,AA Argentinos Juniors,Argentina,13,CB,Left,185,18,51,,46,33,39,37,53,53,32,29,50,48,27,31,24,35,45,41,46,46,39,47,41,47,51,46,57,29,51,51,29,32,31,44,54,55,51,15,8,9,15,8,7,Primera División Argentina
C. Bravo,AA Argentinos Juniors,Argentina,26,LB,Left,179,29,63,,66,48,60,61,61,60,64,44,55,65,44,57,58,45,61,64,64,68,63,57,65,60,61,69,56,45,58,66,50,53,44,59,58,64,58,9,15,14,15,7,11,Primera División Argentina
S. Prieto,AA Argentinos Juniors,Argentina,20,LB,Left,175,33,68,,70,53,63,66,64,65,70,48,64,64,49,65,56,52,56,65,71,69,71,71,70,64,65,71,60,55,69,62,58,65,52,63,62,66,69,12,7,11,6,10,8,Primera División Argentina
A. Núñez,AA Argentinos Juniors,Paraguay,30,RB,Right,176,22,65,,69,50,60,65,65,65,63,47,56,63,46,64,62,53,58,65,72,67,66,67,68,54,63,69,64,52,61,64,53,52,46,64,64,68,66,15,8,11,12,10,11,Primera División Argentina
K. Coronel,AA Argentinos Juniors,Argentina,22,"RB, RM",Right,168,22,63,,71,51,60,61,62,58,64,50,50,68,47,58,57,46,57,63,72,71,67,60,64,56,54,65,52,50,63,64,50,51,49,52,61,64,67,13,15,11,6,10,8,Primera División Argentina
L. Sánchez,AA Argentinos Juniors,Argentina,3,"RB, RM",Right,169,32,60,,67,46,55,57,62,55,56,40,50,61,41,58,52,45,55,52,65,69,65,56,66,57,55,61,50,48,60,63,48,45,48,59,59,68,63,10,14,12,12,11,7,Primera División Argentina
S. Silveira,AA Argentinos Juniors,Argentina,41,RB,Right,168,18,60,,66,46,55,58,58,59,60,42,48,56,42,58,51,47,54,53,64,68,75,61,68,54,51,68,56,46,58,58,51,53,48,52,57,60,61,8,8,13,13,7,8,Primera División Argentina
K. Gutiérrez,AA Argentinos Juniors,Argentina,15,CDM,Right,175,29,72,,66,62,69,69,72,73,57,57,61,75,55,65,63,61,70,73,67,65,67,77,69,70,72,75,71,67,75,69,65,73,65,69,72,77,73,12,9,10,13,8,7,Primera División Argentina
G. Infantino,AA Argentinos Juniors,Argentina,32,"CM, CAM",Left,178,23,64,,62,60,65,66,56,63,61,57,55,69,56,68,62,57,67,67,59,64,59,66,63,67,57,72,59,61,64,62,60,65,57,67,52,57,55,11,14,10,9,11,12,Primera División Argentina
F. Mancuello,AA Argentinos Juniors,Argentina,18,"CM, CAM",Left,177,37,62,,50,57,62,65,52,58,58,55,53,62,52,69,63,57,66,63,50,50,64,60,64,64,53,62,56,55,59,55,58,63,60,62,53,52,46,8,13,6,7,8,15,Primera División Argentina
J. Gho,AA Argentinos Juniors,Argentina,28,RM,Right,176,23,71,,73,66,71,71,51,67,71,64,57,75,62,71,69,67,64,70,72,73,72,70,75,67,64,73,66,73,61,57,63,70,65,69,49,46,52,15,9,12,14,7,7,Primera División Argentina
H. López Muñoz,AA Argentinos Juniors,Argentina,23,CAM,Left,169,26,74,,76,72,76,80,45,64,77,74,51,79,70,79,73,68,76,80,74,77,81,79,85,72,61,69,63,69,63,53,80,73,70,74,44,39,42,9,8,14,8,10,7,Primera División Argentina
N. Oroz,AA Argentinos Juniors,Argentina,11,"CAM, CM",Left,171,32,73,,73,74,76,79,48,63,71,74,60,80,70,82,75,73,71,75,76,70,77,80,84,76,65,66,62,77,61,49,73,79,69,78,47,46,42,7,7,6,6,15,14,Primera División Argentina
G. Florentín,AA Argentinos Juniors,Argentina,21,"CAM, CM",Right,173,27,64,,60,65,64,70,37,57,59,64,48,66,64,73,62,58,62,67,62,59,68,65,72,63,53,67,56,67,49,38,68,68,64,64,35,37,31,14,9,15,9,7,9,Primera División Argentina
F. Carrizo,AA Argentinos Juniors,Argentina,5,"CAM, CF",Right,171,19,49,,55,48,51,51,24,39,50,46,35,51,49,51,53,50,49,50,57,54,55,45,52,52,41,45,40,49,30,23,52,53,44,47,27,20,17,8,12,11,9,14,9,Primera División Argentina
G. Bouhier,AA Argentinos Juniors,Argentina,36,CAM,Left,178,17,61,,64,60,64,64,36,53,58,61,49,67,60,64,63,59,62,64,62,65,67,58,65,62,49,57,52,58,53,34,58,69,58,58,37,33,28,8,6,10,12,6,8,Primera División Argentina
E. Viveros,AA Argentinos Juniors,Argentina,29,"LW, LM",Left,178,24,64,,72,61,62,67,33,57,65,63,48,65,56,68,62,55,54,66,72,72,72,57,65,59,55,63,56,60,51,33,60,64,59,62,32,30,28,10,15,12,9,11,11,Primera División Argentina
T. Molina,AA Argentinos Juniors,Argentina,27,ST,Right,183,31,77,,76,80,64,78,46,74,59,83,79,63,78,79,64,72,62,79,79,73,70,78,73,82,78,72,75,74,72,44,84,68,76,76,46,40,33,7,9,7,15,13,10,Primera División Argentina
F. Jainikoski,AA Argentinos Juniors,Argentina,48,ST,Left,178,18,67,,72,67,58,65,34,64,59,68,70,61,66,68,59,61,52,64,70,73,61,62,70,68,70,60,67,61,62,35,76,57,72,60,27,31,29,13,11,6,14,6,12,Primera División Argentina
G. Verón,AA Argentinos Juniors,Argentina,9,ST,Right,184,25,70,,70,73,60,71,39,69,56,73,72,67,65,69,62,59,55,73,69,70,71,71,66,76,76,68,71,73,63,35,70,55,71,73,37,35,28,9,7,6,7,15,12,Primera División Argentina
M. Giménez,AA Argentinos Juniors,Argentina,19,ST,Left,185,27,70,,70,72,58,70,34,68,56,76,72,63,64,64,62,60,52,76,69,70,71,74,64,77,70,63,71,61,66,33,76,55,72,72,32,27,30,13,11,12,9,15,7,Primera División Argentina
D. Porcel,AA Argentinos Juniors,Argentina,47,"ST, LW",Right,177,21,66,,67,68,56,67,32,63,55,73,60,58,66,65,59,59,51,67,66,68,72,66,66,63,59,63,64,62,63,34,71,55,67,67,31,24,26,15,12,7,12,11,13,Primera División Argentina
A. Alcaraz,AA Argentinos Juniors,Argentina,35,"ST, CF",Right,177,17,55,,57,57,47,52,20,51,44,60,58,51,57,49,52,50,40,53,51,62,56,52,57,56,57,48,54,51,44,17,63,48,49,55,19,13,12,15,15,13,15,7,15,Primera División Argentina
R. Kida,AA Argentinos Juniors,Japón,34,ST,Right,176,21,57,,56,59,48,56,22,53,47,63,52,53,56,54,46,40,39,58,56,56,54,51,59,56,58,48,55,54,51,18,64,47,54,58,20,18,14,6,11,7,14,9,8,Primera División Argentina
J. Reinatti,CA Newell's Old Boys,Argentina,30,GK,Right,188,23,69,,43,27,37,34,28,52,18,18,28,45,17,22,24,16,45,37,42,44,43,68,52,52,59,44,58,26,46,38,21,46,30,49,25,27,19,71,69,63,71,72,53,Primera División Argentina
G. Arias,CA Newell's Old Boys,Chile,21,GK,Right,189,39,67,,34,24,36,35,26,51,26,17,30,41,21,27,27,14,34,35,38,30,42,71,45,42,52,44,60,25,39,25,10,46,27,47,23,28,25,67,71,61,66,69,45,Primera División Argentina
L. Giannetti,CA Newell's Old Boys,Argentina,17,CB,Right,185,32,74,,65,56,64,64,80,79,63,47,77,69,52,60,57,56,67,67,61,68,61,74,60,71,75,74,81,60,83,81,54,56,58,80,80,82,77,14,15,12,13,13,8,Primera División Argentina
O. Salomón,CA Newell's Old Boys,Argentina,22,CB,Right,181,27,69,,64,50,56,59,72,68,56,43,73,62,45,55,49,50,63,61,64,64,58,69,62,65,70,68,67,53,69,67,44,46,45,68,72,76,72,13,10,14,6,11,9,Primera División Argentina
S. Salcedo,CA Newell's Old Boys,Paraguay,15,"CB, RB",Right,183,29,72,,66,51,62,62,73,73,55,45,75,73,41,56,48,53,67,67,67,65,62,70,62,67,73,73,74,52,71,77,45,51,59,71,72,72,69,6,13,15,9,14,10,Primera División Argentina
I. Glavinovich,CA Newell's Old Boys,Argentina,2,CB,Right,183,24,68,,63,48,57,58,70,70,50,46,71,68,43,53,46,51,61,62,61,65,57,62,62,63,71,62,75,41,68,75,41,46,47,63,69,66,73,13,6,13,10,14,9,Primera División Argentina
L. Carrizo,CA Newell's Old Boys,Argentina,16,CB,Left,180,29,67,,60,47,57,57,70,69,58,38,70,63,47,51,46,46,63,61,57,63,58,69,62,66,69,64,68,49,76,70,40,47,48,60,71,70,67,9,6,8,6,14,8,Primera División Argentina
B. Cabrera,CA Newell's Old Boys,Argentina,25,"CB, CDM",Right,184,29,68,,59,46,57,58,69,73,56,39,73,61,43,54,46,50,63,58,60,58,60,70,60,61,73,65,77,45,71,68,43,49,49,66,70,69,68,7,13,7,7,12,13,Primera División Argentina
N. Goitea,CA Newell's Old Boys,Argentina,23,"CB, RB",Right,185,29,64,,60,45,54,54,69,67,53,37,67,61,39,47,44,46,53,58,56,64,51,65,57,63,68,62,70,46,65,72,39,47,43,64,65,72,66,13,9,12,8,10,11,Primera División Argentina
J. Russo,CA Newell's Old Boys,Argentina,28,LB,Left,173,21,64,,69,48,60,60,62,63,61,43,59,65,51,58,57,49,55,60,70,68,67,59,66,59,64,68,58,46,70,64,52,60,47,59,59,63,63,10,8,10,14,11,11,Primera División Argentina
M. Luciano,CA Newell's Old Boys,Argentina,3,"LB, RB",Left,177,23,59,,61,45,54,57,56,59,58,41,48,57,38,56,49,46,55,57,62,61,63,65,59,52,56,64,56,46,61,58,50,47,47,52,52,62,59,11,8,9,13,10,8,Primera División Argentina
M. Ortega,CA Newell's Old Boys,Argentina,6,RB,Right,181,27,72,,78,55,67,68,72,72,78,49,63,67,58,63,63,63,66,71,77,78,72,65,77,65,69,75,71,56,73,77,64,60,52,65,72,75,67,11,9,7,12,10,10,Primera División Argentina
A. Montero,CA Newell's Old Boys,Argentina,4,"RB, LB",Right,178,28,67,,71,52,61,61,66,67,67,47,62,59,51,53,60,54,64,65,67,74,75,64,65,61,67,72,66,52,64,63,57,57,54,58,63,70,73,11,9,10,14,15,14,Primera División Argentina
F. Escobar,CA Newell's Old Boys,Argentina,24,RB,Right,180,31,69,,71,56,66,67,67,66,67,51,62,69,53,65,58,60,64,66,68,73,71,70,70,65,68,70,64,59,66,66,54,64,48,71,64,70,70,13,7,14,10,12,13,Primera División Argentina
L. Regiardo,CA Newell's Old Boys,Argentina,5,"CDM, CM",Right,179,19,67,,59,58,66,61,71,70,57,54,64,73,55,60,61,58,69,63,58,60,58,66,63,66,60,74,69,58,71,71,58,64,55,63,73,72,65,12,7,14,9,8,7,Primera División Argentina
V. Acuña,CA Newell's Old Boys,Argentina,10,CDM,Left,177,20,67,,61,57,62,64,66,71,53,54,61,64,51,60,54,57,70,72,59,62,56,62,67,63,61,72,71,61,71,70,55,63,60,63,61,68,73,7,7,14,13,9,12,Primera División Argentina
R. Herrera,CA Newell's Old Boys,Argentina,26,"CDM, CM",Right,179,26,68,,63,58,66,65,70,71,56,54,65,75,52,63,59,58,70,67,66,60,62,66,64,64,61,73,70,62,73,69,60,59,57,68,70,70,74,9,12,7,12,10,8,Primera División Argentina
M. Esponda,CA Newell's Old Boys,Argentina,29,"CDM, CM",Right,179,23,61,,52,51,57,58,64,60,54,47,57,61,50,57,49,49,61,61,51,53,52,59,53,62,54,63,60,52,59,62,47,54,49,56,67,64,63,8,7,11,13,7,10,Primera División Argentina
D. Sotelo,CA Newell's Old Boys,Argentina,8,CM,Right,182,23,58,,57,53,59,58,52,52,60,52,49,64,46,56,54,51,57,63,57,57,48,67,56,53,55,60,46,56,56,53,57,53,53,59,50,54,49,8,9,12,12,7,12,Primera División Argentina
L. Gómez,CA Newell's Old Boys,Argentina,27,"CM, CAM",Right,178,22,59,,56,54,60,59,51,58,59,52,51,61,49,58,60,52,66,62,55,56,56,61,58,59,46,65,56,56,57,53,52,58,55,58,49,52,51,14,10,10,6,7,14,Primera División Argentina
F. Guch,CA Newell's Old Boys,Argentina,20,"CAM, CM",Left,177,19,65,,64,63,68,69,38,57,67,60,54,71,64,64,71,63,61,75,70,59,73,60,69,66,54,63,54,67,57,40,62,72,63,61,36,33,37,10,12,11,7,6,15,Primera División Argentina
J. Gómez Mattar,CA Newell's Old Boys,Argentina,19,"CAM, CF",Right,180,18,64,,69,63,65,68,38,54,67,62,51,66,58,68,60,65,60,72,67,70,65,64,69,59,54,60,52,70,52,40,65,68,66,54,38,35,33,13,12,14,15,12,15,Primera División Argentina
A. Soñora,CA Newell's Old Boys,Estados Unidos,15,"CAM, CF",Left,173,28,62,,68,63,68,69,35,53,66,64,47,70,65,71,65,55,64,67,70,66,71,60,69,62,50,58,52,61,48,40,61,71,62,65,36,28,29,11,12,14,8,9,6,Primera División Argentina
F. Tirado,CA Newell's Old Boys,Argentina,7,"CAM, CF",Right,175,22,56,,56,53,57,58,29,46,53,52,38,59,55,60,61,51,54,55,55,57,63,60,55,56,43,52,44,52,43,33,58,61,52,58,30,25,25,8,13,9,15,14,13,Primera División Argentina
W. Núñez,CA Newell's Old Boys,Argentina,33,"LW, LM",Left,178,23,66,,74,64,63,69,35,58,67,64,50,63,55,71,70,63,53,67,75,74,70,67,66,68,54,69,56,64,48,38,66,65,60,65,35,29,34,8,10,9,13,9,8,Primera División Argentina
T. Rios,CA Newell's Old Boys,Argentina,39,"LW, ST",Left,182,20,61,,69,56,58,62,31,54,59,57,51,59,59,62,60,49,55,62,69,69,64,63,60,51,50,64,53,58,45,29,62,58,59,59,31,27,24,10,12,9,7,6,6,Primera División Argentina
S. Solari,CA Newell's Old Boys,Argentina,32,"RW, ST",Right,178,28,74,,80,74,70,78,42,68,70,75,66,74,66,78,74,71,64,77,84,76,80,79,79,77,66,72,72,73,54,44,73,67,68,73,40,38,35,12,14,8,7,9,9,Primera División Argentina
W. Mazzantti,CA Newell's Old Boys,Argentina,18,"RW, ST",Right,175,30,74,,82,72,69,76,43,66,71,74,60,67,71,75,74,71,68,78,83,81,78,77,77,75,66,75,62,64,64,43,77,71,70,68,42,40,38,14,13,10,6,6,14,Primera División Argentina
M. García,CA Newell's Old Boys,Argentina,18,"RW, RM",Left,172,30,69,,77,66,66,72,38,62,66,69,55,69,64,70,67,62,58,71,80,75,81,67,75,62,61,73,61,65,52,40,69,65,64,71,31,42,29,15,7,11,9,13,7,Primera División Argentina
M. Cóccaro,CA Newell's Old Boys,Uruguay,9,"ST, CF",Right,179,28,70,,70,70,62,70,36,69,56,72,69,68,70,71,68,61,52,69,66,74,70,72,67,71,70,60,75,67,64,30,70,64,69,69,33,33,31,7,8,9,10,11,14,Primera División Argentina
I. Ramírez,CA Newell's Old Boys,Uruguay,99,"ST, LW",Right,180,29,71,,75,71,60,68,36,69,55,69,72,65,72,69,61,66,55,67,76,74,70,73,69,76,66,68,70,68,68,34,75,60,71,67,29,35,32,15,8,12,8,8,7,Primera División Argentina
F. Scarpeccio,CA Newell's Old Boys,Argentina,36,"ST, LW",Right,189,20,55,,59,56,45,54,20,58,41,57,57,50,62,58,48,42,42,49,61,57,50,53,53,56,62,53,62,53,51,18,53,42,59,58,17,13,13,8,15,14,9,15,11,Primera División Argentina
J. Pablo Cozzani,CA Platense,Argentina,30,GK,Right,184,27,71,,47,31,41,38,30,55,27,26,32,47,30,27,25,28,43,42,46,47,42,64,50,50,59,46,65,26,40,41,20,50,28,55,29,24,27,74,72,63,72,73,51,Primera División Argentina
N. Sumavil,CA Platense,Argentina,22,GK,Right,185,26,64,,39,22,35,30,22,50,22,14,21,43,15,19,27,18,30,32,35,43,38,64,46,47,44,35,63,18,36,30,11,42,22,45,17,25,18,67,65,56,66,65,44,Primera División Argentina
B. Bustos,CA Platense,Argentina,1,GK,Right,185,30,65,,39,23,33,34,23,48,18,17,24,38,14,24,24,19,39,36,37,40,43,63,39,46,48,39,57,18,36,30,17,41,24,49,23,20,19,65,65,59,66,65,46,Primera División Argentina
I. Vázquez,CA Platense,Argentina,13,"CB, RB",Right,184,29,73,,66,54,60,62,76,76,54,52,71,66,47,55,55,58,67,68,65,67,59,70,68,63,77,66,80,52,76,77,47,52,56,65,76,78,76,8,7,15,7,14,9,Primera División Argentina
E. Raggio,CA Platense,Argentina,6,"CB, CDM",Right,180,25,71,,70,50,58,61,74,73,58,44,79,64,48,57,47,48,59,61,69,71,68,69,68,65,75,70,72,49,79,75,44,52,54,68,74,74,71,13,7,12,7,6,6,Primera División Argentina
S. Quirós,CA Platense,Argentina,32,CB,Left,179,23,64,,58,45,52,54,64,68,46,37,62,62,42,50,42,46,56,58,59,58,51,63,56,61,68,57,71,48,74,62,42,44,40,61,66,62,70,6,13,6,7,13,8,Primera División Argentina
M. Mendía,CA Platense,Argentina,34,CB,Right,191,22,61,,55,42,48,53,65,66,42,38,71,58,34,52,41,44,49,55,54,55,47,57,49,55,66,60,68,40,66,64,36,40,40,57,64,67,58,8,15,7,11,6,7,Primera División Argentina
G. Goñi,CA Platense,Argentina,42,"CB, RB",Right,184,28,64,,60,43,53,52,68,68,49,36,70,60,28,46,45,43,60,56,58,61,53,64,51,60,67,69,69,48,65,72,40,43,43,61,66,65,68,11,9,12,9,15,8,Primera División Argentina
V. Cuesta,CA Platense,Argentina,31,CB,Left,187,37,64,,56,39,51,55,68,67,46,32,71,54,35,49,47,46,61,60,57,55,54,62,51,58,66,62,71,39,63,71,38,47,38,70,67,67,69,7,7,6,8,11,10,Primera División Argentina
T. Silva,CA Platense,Argentina,3,LB,Left,175,23,72,,76,59,66,68,73,68,71,58,62,68,59,64,67,56,67,69,78,74,75,64,76,64,63,76,67,57,64,73,62,60,57,68,70,78,74,12,12,10,13,6,14,Primera División Argentina
C. Ingenthron,CA Platense,Argentina,38,LB,Left,175,18,54,,64,38,49,48,52,53,52,32,50,51,37,46,49,36,51,49,58,68,56,48,52,49,50,61,50,40,51,52,40,46,39,44,54,51,53,15,6,10,11,14,12,Primera División Argentina
J. Ignacio Saborido,CA Platense,Argentina,25,RB,Right,180,28,68,,69,54,65,66,64,66,63,51,62,70,51,66,59,58,69,64,68,70,69,63,69,62,67,74,61,55,67,61,54,60,53,66,63,67,67,14,8,13,13,15,15,Primera División Argentina
A. Lagos,CA Platense,Argentina,4,"RB, RM",Right,184,24,63,,69,48,58,60,62,64,64,44,57,61,42,62,54,52,56,58,72,67,60,63,67,55,66,71,60,51,64,64,57,53,50,58,59,63,64,6,7,10,6,15,14,Primera División Argentina
F. López,CA Platense,Argentina,8,RB,Right,179,23,64,,72,52,60,59,63,62,66,51,62,63,47,58,57,44,60,57,69,75,68,63,69,61,63,65,59,48,63,65,53,54,55,52,61,62,69,13,10,7,7,10,15,Primera División Argentina
M. Amarfil,CA Platense,Argentina,15,CDM,Right,174,24,71,,69,59,67,64,73,72,61,49,67,70,56,64,59,61,71,61,67,71,68,66,71,66,69,75,69,75,75,75,64,68,60,73,69,79,67,6,6,7,15,11,14,Primera División Argentina
I. Gómez,CA Platense,Argentina,5,"CDM, CM",Right,167,29,71,,63,60,66,69,73,71,59,57,59,73,53,67,61,62,68,71,61,65,65,71,65,70,70,75,68,57,73,74,66,60,61,73,77,72,73,14,13,14,15,8,13,Primera División Argentina
F. Bussio,CA Platense,Argentina,17,"CDM, CB",Right,178,22,61,,54,48,58,56,61,61,53,45,57,65,45,52,49,48,55,61,51,57,51,63,59,52,62,62,60,51,61,64,56,57,42,61,57,66,60,6,8,10,9,6,12,Primera División Argentina
P. Ferreira,CA Platense,Argentina,26,CM,Right,178,21,66,,66,63,65,68,58,63,62,63,56,64,54,69,65,56,73,70,68,65,66,70,62,61,61,72,60,67,59,63,63,66,57,64,59,57,55,12,9,8,13,15,14,Primera División Argentina
M. Barrios,CA Platense,Uruguay,24,CM,Right,175,27,67,,64,61,68,67,59,62,69,54,55,70,55,64,66,57,66,71,65,64,63,72,71,71,57,70,60,66,60,65,63,70,59,64,59,56,58,12,6,15,12,12,12,Primera División Argentina
S. Dalmasso,CA Platense,Argentina,27,CM,Right,183,22,57,,54,54,60,60,50,57,55,53,48,67,49,62,56,52,60,61,53,54,51,57,54,56,50,62,57,55,51,53,53,55,50,60,54,44,53,14,6,7,10,9,14,Primera División Argentina
F. Zapiola,CA Platense,Argentina,10,"CAM, CM",Left,176,25,69,,67,66,68,71,43,63,63,66,55,74,68,69,70,68,59,74,67,67,71,72,71,68,55,69,61,63,62,47,68,70,69,66,45,36,40,10,8,12,13,7,6,Primera División Argentina
L. Heredia,CA Platense,Argentina,23,CAM,Right,187,30,71,,71,73,72,75,46,64,71,73,55,73,63,71,71,67,69,79,72,70,76,72,72,74,66,69,64,76,59,43,74,75,71,76,48,44,38,9,14,11,12,10,12,Primera División Argentina
G. Togni,CA Platense,Argentina,16,LW,Left,181,29,71,,79,69,67,73,41,67,69,72,56,69,63,76,66,68,60,69,75,82,81,72,65,68,66,73,66,60,60,39,78,67,71,72,43,37,32,10,10,6,15,9,9,Primera División Argentina
B. Merlini,CA Platense,Argentina,18,"LW, ST",Left,179,31,68,,74,64,66,71,36,60,67,64,55,67,64,74,66,59,62,67,73,75,73,68,72,62,60,68,60,64,52,37,68,68,59,73,37,30,30,10,6,13,13,15,11,Primera División Argentina
F. Minerva,CA Platense,Argentina,29,"LW, ST",Left,177,20,60,,71,58,57,62,31,52,57,59,49,59,60,62,54,59,54,64,72,70,65,56,59,56,51,61,52,55,42,34,59,57,56,51,28,28,23,9,14,6,11,12,10,Primera División Argentina
G. Mainero,CA Platense,Argentina,7,"RW, ST",Right,179,31,71,,75,68,71,71,40,64,72,69,58,71,66,69,69,60,64,72,74,75,73,72,69,69,63,73,62,66,56,41,76,77,67,71,41,34,36,14,8,6,9,12,13,Primera División Argentina
N. Retamar,CA Platense,Argentina,43,"RW, RM",Right,175,27,68,,75,66,68,70,36,62,70,66,49,68,64,70,68,61,63,70,75,75,74,67,74,67,57,67,64,62,54,39,72,69,64,69,35,33,34,12,7,7,14,13,11,Primera División Argentina
J. Carlos Gauto,CA Platense,Argentina,33,RW,Right,172,22,67,,75,65,65,72,37,61,70,67,57,66,66,73,67,58,57,73,77,74,74,65,68,64,52,68,60,60,58,36,68,66,62,67,39,29,33,12,12,13,15,8,13,Primera División Argentina
M. Tucker,CA Platense,Argentina,28,RW,Right,178,21,55,,60,51,52,60,24,47,49,51,39,56,52,58,51,49,49,61,59,61,63,53,65,58,46,57,45,45,41,17,56,52,45,58,29,20,21,9,9,13,13,11,11,Primera División Argentina
T. Nasif,CA Platense,Argentina,9,ST,Right,185,22,66,,64,68,55,65,34,67,56,71,68,57,62,66,59,54,47,65,66,63,65,64,62,70,67,62,71,61,62,37,68,58,69,69,31,26,25,7,12,8,6,14,13,Primera División Argentina
N. López,CA Platense,Uruguay,11,ST,Left,178,33,71,,67,74,59,73,38,70,50,77,72,66,70,74,57,56,51,71,65,69,75,68,69,75,72,71,73,67,60,36,73,63,73,76,30,38,31,15,13,10,8,8,10,Primera División Argentina
G. Lencina,CA Platense,Argentina,99,ST,Right,178,28,66,,63,70,56,65,31,63,56,73,62,61,70,69,59,56,47,62,62,63,66,67,59,70,65,63,65,62,59,29,75,53,65,61,29,27,22,14,13,10,9,12,9,Primera División Argentina
A. Lotti,CA Platense,Argentina,21,"ST, CF",Right,180,30,67,,72,69,59,66,35,64,62,71,69,61,71,66,57,62,51,64,70,74,71,69,56,69,73,59,67,63,61,32,72,60,67,67,29,33,28,15,9,15,12,8,14,Primera División Argentina
H. Bobadilla,CA Platense,Paraguay,19,"ST, CF",Left,177,25,66,,68,68,58,63,32,62,57,73,67,64,69,59,63,54,52,65,67,68,67,63,63,68,60,63,62,59,59,31,67,53,67,66,29,26,24,12,7,7,8,15,10,Primera División Argentina
L. Giménez,CA Platense,Argentina,20,ST,Right,187,26,63,,64,65,54,62,30,65,49,69,62,60,59,63,61,49,51,66,64,64,53,61,58,65,65,61,72,60,53,29,62,52,62,57,27,26,20,13,14,12,15,11,14,Primera División Argentina
B. Sepúlveda,CA Platense,Argentina,2,ST,Right,188,34,65,,64,66,55,66,33,67,56,68,67,54,71,71,56,56,52,63,67,62,60,68,56,70,70,58,76,55,54,32,71,58,63,64,29,29,23,14,9,8,11,12,9,Primera División Argentina
S. Mele,CA Independiente,Uruguay,77,GK,Right,185,29,71,Uruguay,43,29,41,38,30,51,23,20,37,47,15,25,26,23,48,42,46,40,45,65,53,52,54,47,55,29,44,43,25,51,30,50,26,26,18,71,70,64,68,76,51,Primera División Argentina
R. Rey,CA Independiente,Argentina,33,GK,Right,190,35,72,,39,29,41,40,30,54,26,22,32,47,24,31,24,29,43,41,43,35,49,72,54,48,59,44,63,27,44,41,19,49,34,50,24,29,23,78,72,65,70,73,52,Primera División Argentina
J. Blázquez,CA Independiente,Argentina,1,GK,Right,193,25,63,,38,18,32,30,22,44,20,10,26,37,16,15,18,17,39,36,37,39,40,57,46,42,48,38,51,15,35,32,11,38,19,47,22,15,14,64,64,59,68,62,45,Primera División Argentina
J. Miguel Arrayago,CA Independiente,Argentina,35,CB,Left,184,17,63,,58,42,50,50,65,65,47,36,66,59,38,45,44,45,49,53,60,56,53,53,49,60,64,60,67,42,65,67,36,42,38,60,62,66,63,6,10,12,6,9,11,Primera División Argentina
S. Valdez,CA Independiente,Argentina,36,CB,Right,191,30,73,,70,54,60,60,77,78,59,46,75,64,49,54,52,53,63,65,67,72,59,70,60,75,80,73,80,56,81,80,50,55,53,70,73,78,78,6,9,12,8,12,12,Primera División Argentina
F. Calderón,CA Independiente,Argentina,2,CB,Right,185,28,69,,69,51,58,55,72,71,56,47,71,67,42,51,54,49,57,56,67,71,54,67,61,65,75,64,75,47,68,77,49,48,49,68,70,71,72,13,13,15,13,15,13,Primera División Argentina
J. Fedorco,CA Independiente,Argentina,13,"CB, CDM",Right,185,25,66,,58,43,52,56,70,68,51,35,67,58,43,54,42,44,51,58,59,58,52,62,56,60,65,65,70,45,70,72,45,50,46,62,70,68,70,13,15,7,15,15,6,Primera División Argentina
F. Zabala,CA Independiente,Argentina,22,"LB, RB",Left,172,27,70,,78,57,64,67,64,64,71,53,51,65,48,66,61,55,64,67,77,78,69,66,77,71,65,73,59,55,66,63,59,58,55,68,64,70,65,9,11,9,6,12,11,Primera División Argentina
N. Banegas,CA Independiente,Argentina,5,"LB, RB",Left,177,30,69,,69,52,63,68,64,70,65,49,63,66,51,68,57,54,62,67,67,71,71,72,72,57,61,77,67,54,72,63,56,59,54,68,64,64,66,15,8,10,14,12,12,Primera División Argentina
J. De Irastorza,CA Independiente,Argentina,3,LB,Left,174,21,57,,62,40,54,57,55,56,56,36,46,58,39,55,50,45,53,58,61,62,59,52,63,47,54,57,55,43,56,51,46,50,37,54,54,62,55,14,8,12,14,8,7,Primera División Argentina
S. Arias,CA Independiente,Colombia,4,RB,Right,177,34,74,,71,58,70,73,71,73,74,54,69,75,52,74,63,58,67,70,72,71,78,74,77,69,68,77,72,58,72,71,58,63,59,72,76,67,72,13,10,8,13,10,13,Primera División Argentina
L. Godoy,CA Independiente,Argentina,29,RB,Right,173,31,70,,77,57,67,66,70,66,71,53,54,72,53,64,67,54,65,64,76,78,74,72,71,68,62,72,64,57,66,72,57,59,49,68,73,72,71,8,14,8,15,11,12,Primera División Argentina
D. Martínez,CA Independiente,Argentina,32,"CDM, CM",Right,170,22,66,,59,59,62,62,68,69,53,54,60,67,57,58,54,58,71,63,61,58,66,67,70,69,60,69,68,61,72,73,54,60,57,68,68,67,65,13,15,8,10,12,10,Primera División Argentina
I. Marcone,CA Independiente,Argentina,23,"CDM, CB",Right,183,36,70,,54,61,67,65,69,73,61,59,66,73,56,60,56,61,68,69,56,53,63,70,68,61,65,73,72,66,79,71,68,67,56,67,72,65,70,13,13,9,10,10,11,Primera División Argentina
J. Medina,CA Independiente,Argentina,37,CM,Right,174,19,51,,53,47,53,53,44,46,49,43,43,58,37,48,50,46,49,58,56,51,57,47,51,54,41,53,43,50,44,47,46,54,46,51,44,46,34,13,9,11,11,10,13,Primera División Argentina
L. Millán,CA Independiente,Chile,14,"CAM, CM",Right,171,21,67,,68,70,69,70,41,59,64,74,53,71,63,70,70,67,69,71,67,69,67,70,71,60,58,73,52,71,59,44,69,69,71,68,42,36,32,6,11,11,10,10,15,Primera División Argentina
M. Pérez Curci,CA Independiente,Argentina,16,"CAM, CM",Right,179,20,67,,71,68,69,70,39,57,63,67,54,72,61,70,68,69,67,72,69,73,72,64,67,66,52,63,56,74,54,41,66,73,61,61,42,33,29,8,14,7,8,13,13,Primera División Argentina
L. Cabral,CA Independiente,Chile,10,CAM,Right,172,31,69,,67,69,69,72,43,59,65,66,49,71,65,72,72,69,63,73,68,66,67,72,75,71,52,72,55,73,56,45,70,74,70,68,42,42,38,9,15,6,7,9,15,Primera División Argentina
J. Palais,CA Independiente,Argentina,24,"CAM, CM",Right,181,20,59,,60,57,58,62,34,52,57,56,52,57,56,63,59,56,54,61,61,60,66,54,56,59,48,58,52,59,47,37,58,63,57,57,30,34,27,8,14,8,9,9,8,Primera División Argentina
M. Abaldo,CA Independiente,Uruguay,19,"LW, LM",Left,172,22,74,,80,74,71,80,42,64,73,74,58,73,66,79,81,65,63,82,84,76,80,80,79,75,64,72,64,73,56,38,76,72,71,76,40,42,41,6,13,14,11,12,8,Primera División Argentina
R. Márquez,CA Independiente,Argentina,11,"LW, ST",Left,177,24,58,,65,56,56,63,27,48,56,59,41,54,54,69,59,55,54,56,66,64,66,65,62,56,47,62,43,53,44,28,57,61,49,53,26,23,24,15,11,10,12,11,9,Primera División Argentina
S. Montiel,CA Independiente,Argentina,7,"RW, RM",Left,166,25,74,,83,72,72,79,43,64,75,70,56,71,71,79,78,69,66,82,83,83,76,73,84,75,64,73,63,72,56,47,76,74,71,72,40,40,44,8,8,8,8,11,7,Primera División Argentina
M. Meza,CA Independiente,Argentina,8,RW,Right,181,33,72,,70,70,72,72,40,66,77,70,59,75,70,69,69,62,65,74,75,66,72,70,79,72,66,75,65,66,57,39,71,69,72,73,42,35,35,6,8,8,8,8,10,Primera División Argentina
I. Machuca,CA Independiente,Malasia,15,"RW, RM",Right,170,26,64,,71,64,62,69,32,56,61,68,45,65,58,68,61,54,59,70,65,76,72,62,71,64,52,61,55,60,51,31,61,62,55,61,35,28,24,11,9,9,6,13,14,Primera División Argentina
I. Morales,CA Independiente,Chile,9,"ST, CF",Right,180,27,71,,68,72,60,69,38,67,63,75,72,57,70,71,63,62,60,68,69,68,67,71,65,71,78,61,69,66,67,37,72,61,70,73,33,33,35,7,6,10,8,10,9,Primera División Argentina
C. Ávila,CA Independiente,Argentina,6,ST,Right,172,32,73,,75,74,65,71,40,68,62,77,75,70,72,68,68,63,53,72,77,74,76,72,82,76,70,66,71,65,62,38,79,68,74,73,39,34,32,11,14,15,9,7,10,Primera División Argentina
F. Tempone,CA Independiente,Argentina,34,ST,Right,184,20,56,,63,56,48,57,25,57,46,57,58,53,55,55,51,48,42,62,60,66,50,55,53,56,55,51,61,53,53,20,60,46,54,58,26,21,11,9,9,10,14,6,14,Primera División Argentina
M. Borgogno,CSD Defensa y Justicia,Argentina,1,GK,Right,188,28,73,,46,31,40,43,31,53,28,24,35,45,21,30,30,25,50,49,49,44,51,72,49,55,59,46,59,26,43,41,25,43,36,49,24,34,22,73,71,68,76,76,52,Primera División Argentina
L. Amadé,CSD Defensa y Justicia,Argentina,36,GK,Right,193,26,62,,38,20,31,30,17,43,24,11,23,37,14,15,14,17,40,38,43,34,35,57,40,46,47,36,46,18,42,25,10,30,16,43,10,16,17,67,58,55,62,64,37,Primera División Argentina
D. Fernández,CSD Defensa y Justicia,Argentina,29,CB,Right,179,25,68,,61,48,56,59,71,72,52,40,63,62,46,56,48,47,62,61,62,61,63,62,62,64,73,70,72,50,74,72,48,49,45,63,74,70,67,6,8,15,14,12,14,Primera División Argentina
D. Martínez,CSD Defensa y Justicia,Paraguay,21,"CB, CDM",Left,185,28,68,,63,51,56,56,72,67,49,48,73,64,45,53,42,45,61,58,62,63,57,67,50,65,67,65,66,46,70,68,41,49,50,63,75,73,69,13,8,7,8,13,12,Primera División Argentina
E. Burdín,CSD Defensa y Justicia,Uruguay,6,CB,Left,192,21,64,,61,48,53,54,66,67,52,43,66,59,38,51,43,42,57,59,61,61,50,62,47,66,70,65,69,47,64,69,38,47,42,59,64,68,65,14,10,13,14,8,11,Primera División Argentina
S. Lucero,CSD Defensa y Justicia,Argentina,2,"CB, RB",Left,184,21,58,,51,40,45,48,63,65,38,38,63,51,40,44,37,40,55,51,48,53,48,51,51,51,59,64,68,36,62,63,33,37,41,57,62,65,62,8,8,6,15,13,12,Primera División Argentina
N. Roselli,CSD Defensa y Justicia,Argentina,32,"CB, CDM",Right,184,20,57,,52,38,44,47,60,58,39,30,66,50,32,48,37,38,48,47,51,53,41,52,46,58,57,58,55,39,65,57,28,41,42,56,60,59,60,11,12,7,13,10,11,Primera División Argentina
F. Román,CSD Defensa y Justicia,Paraguay,3,LB,Left,186,27,65,,70,53,63,62,60,65,64,51,59,68,43,59,56,54,57,64,68,72,64,62,62,59,65,66,65,55,65,58,50,61,46,65,58,62,65,8,14,11,6,7,10,Primera División Argentina
M. Rodríguez,CSD Defensa y Justicia,Argentina,40,LB,Left,183,21,56,,62,44,52,51,52,60,50,39,54,54,39,50,44,43,54,49,64,60,53,57,56,52,51,60,62,45,59,55,45,52,47,49,47,53,54,11,9,8,13,10,9,Primera División Argentina
D. Domínguez,CSD Defensa y Justicia,Argentina,30,"LB, LM",Left,179,20,49,,55,33,42,43,47,47,45,30,37,45,28,41,42,35,45,41,52,57,50,47,55,39,45,50,47,35,46,50,40,31,35,38,46,49,50,11,8,8,14,12,12,Primera División Argentina
A. Portillo,CSD Defensa y Justicia,Argentina,16,"RB, LB",Right,182,26,69,,73,54,65,68,68,68,64,46,61,66,53,66,62,56,65,69,72,73,71,69,69,70,68,71,66,56,71,68,55,65,52,69,70,68,71,7,12,6,11,14,14,Primera División Argentina
L. Souto,CSD Defensa y Justicia,Argentina,33,"RB, RM",Both,180,27,65,,65,49,63,61,64,62,67,43,60,66,45,64,55,50,59,57,64,66,62,63,64,61,58,69,58,50,62,66,54,60,55,57,63,64,67,6,6,12,11,9,13,Primera División Argentina
V. Loza,CSD Defensa y Justicia,Argentina,28,RB,Right,173,19,57,,66,46,54,55,52,55,57,46,45,59,41,55,46,50,52,55,65,66,55,55,64,48,52,54,57,45,52,54,53,49,33,50,51,53,56,7,13,10,11,14,10,Primera División Argentina
J. López,CSD Defensa y Justicia,Argentina,5,"CDM, CM",Right,186,26,66,,59,55,63,62,69,72,54,49,69,68,52,60,60,55,66,64,61,58,58,63,63,65,70,67,75,58,71,72,54,62,55,69,65,70,70,10,14,7,10,14,7,Primera División Argentina
S. Sosa,CSD Defensa y Justicia,Argentina,15,"CM, CDM",Right,175,21,71,,65,66,72,70,64,70,72,66,62,76,60,68,69,65,70,71,67,64,69,70,69,65,68,75,68,67,70,72,64,69,67,76,66,60,61,8,7,10,7,6,6,Primera División Argentina
C. Pérez,CSD Defensa y Justicia,Chile,8,CM,Right,176,23,72,Chile,70,68,71,71,64,72,68,65,65,75,63,68,63,67,72,74,72,69,68,67,74,75,70,72,73,70,69,68,73,71,61,74,62,64,65,14,7,11,7,14,11,Primera División Argentina
É. Banega,CSD Defensa y Justicia,Argentina,14,CM,Right,174,38,70,,55,67,68,69,64,65,63,63,58,71,62,69,69,62,70,70,57,53,71,69,66,74,63,71,61,69,67,66,70,70,68,69,65,65,59,7,15,8,10,11,8,Primera División Argentina
A. Molinas,CSD Defensa y Justicia,Argentina,10,CAM,Right,175,26,72,,67,71,73,79,47,64,67,70,58,77,67,78,78,69,71,82,68,66,79,68,71,75,57,69,63,70,60,45,76,73,71,77,49,45,38,9,15,13,7,8,7,Primera División Argentina
D. Barbona,CSD Defensa y Justicia,Argentina,19,"CAM, CM",Right,176,31,68,,67,68,70,71,41,59,62,69,50,74,66,72,72,66,69,71,68,66,66,70,71,67,57,60,59,71,56,41,68,74,63,74,42,39,37,15,14,15,12,11,9,Primera División Argentina
M. Aguiar,CSD Defensa y Justicia,Argentina,23,"CAM, CF",Right,168,19,57,,58,56,58,59,30,46,52,54,44,62,51,60,59,51,50,57,60,57,66,52,58,58,42,53,42,60,49,33,57,63,57,55,28,27,28,9,8,8,8,15,11,Primera División Argentina
N. Palavecino,CSD Defensa y Justicia,Argentina,20,"CAM, CM",Right,186,23,59,,58,58,62,60,32,51,56,60,50,67,60,63,64,56,58,58,60,57,57,61,57,55,47,54,53,58,43,33,61,61,57,55,29,31,25,15,11,9,15,9,12,Primera División Argentina
J. Lucco,CSD Defensa y Justicia,Argentina,26,CAM,Right,172,20,57,,61,56,62,58,32,46,58,53,46,65,55,57,60,51,63,58,63,60,59,57,61,57,40,50,45,64,47,29,58,61,55,58,32,31,25,7,7,10,9,11,14,Primera División Argentina
M. Porcel,CSD Defensa y Justicia,Argentina,22,CAM,Left,178,20,54,,54,50,56,58,28,47,48,46,42,58,53,57,58,53,56,63,53,54,56,51,55,54,42,54,47,50,41,24,53,62,55,50,26,28,25,15,9,8,8,14,8,Primera División Argentina
J. Gutiérrez,CSD Defensa y Justicia,Uruguay,24,LW,Left,178,24,71,,81,71,68,73,39,64,72,71,60,68,70,74,70,70,61,72,81,81,75,71,73,70,63,72,64,70,52,44,75,69,67,67,34,35,32,7,14,10,7,10,6,Primera División Argentina
D. Blanco,CSD Defensa y Justicia,Argentina,27,"RW, ST",Right,170,31,71,,76,67,69,77,41,59,76,67,54,67,66,80,64,62,61,75,78,74,78,73,81,64,57,71,55,69,54,39,72,73,65,71,44,38,33,10,14,10,10,13,12,Primera División Argentina
F. Altamira,CSD Defensa y Justicia,Argentina,25,"RW, ST",Right,183,25,64,,68,65,63,67,34,58,67,64,54,62,60,70,64,58,60,67,69,68,62,62,63,72,54,61,60,64,50,32,68,64,61,63,33,33,28,12,8,9,10,15,6,Primera División Argentina
A. Hausch,CSD Defensa y Justicia,Argentina,17,"RW, RM",Right,175,23,64,,70,63,63,68,33,56,65,63,51,70,58,72,67,55,56,66,73,67,69,63,66,66,50,62,55,62,50,37,65,57,57,59,30,31,20,13,12,12,7,9,8,Primera División Argentina
T. Perrotta,CSD Defensa y Justicia,Argentina,11,"ST, LW",Left,180,19,70,,73,71,61,69,40,71,58,74,70,64,72,64,62,61,57,72,71,74,70,68,71,72,66,63,78,61,64,31,73,61,72,76,39,38,33,7,10,14,10,9,13,Primera División Argentina
T. Pérez,CSD Defensa y Justicia,Argentina,7,ST,Right,181,20,59,,59,62,49,55,25,58,49,68,60,53,61,54,51,50,40,54,60,58,61,61,57,62,61,53,62,51,52,22,61,47,62,58,22,23,15,11,12,11,7,9,13,Primera División Argentina
L. Fernández,CSD Defensa y Justicia,Argentina,9,ST,Right,179,35,68,,66,68,57,67,36,69,62,68,68,58,71,69,58,50,48,64,65,66,67,67,67,67,67,67,74,65,60,33,76,59,72,70,35,31,30,9,9,12,11,9,8,Primera División Argentina
N. Insfrán,Club de Gimnasia y Esgrima La Plata,Argentina,23,GK,Right,179,31,76,,47,34,46,41,34,60,30,28,36,54,28,25,32,34,45,46,50,45,52,77,54,56,60,49,68,25,53,37,28,54,38,57,31,34,35,76,78,71,76,78,58,Primera División Argentina
H. Castillo,Club de Gimnasia y Esgrima La Plata,Colombia,15,GK,Right,188,33,71,,44,27,42,36,28,53,33,20,33,52,18,24,27,21,40,39,42,45,40,67,47,47,59,48,58,23,44,33,22,44,31,53,29,24,27,71,68,63,68,72,54,Primera División Argentina
J. Kadijevic,Club de Gimnasia y Esgrima La Plata,Argentina,27,GK,Right,186,22,53,,29,15,20,22,12,33,10,10,10,25,10,12,10,14,26,23,27,30,30,49,30,33,39,25,40,10,24,18,10,23,15,36,10,11,10,49,53,48,54,59,31,Primera División Argentina
R. Giampaoli,Club de Gimnasia y Esgrima La Plata,Argentina,4,"CB, RB",Right,187,26,68,,65,47,56,58,71,69,51,40,71,64,44,54,46,53,60,62,63,67,54,62,58,63,72,62,73,48,66,67,36,46,49,62,70,76,70,6,12,11,15,13,9,Primera División Argentina
E. Martínez,Club de Gimnasia y Esgrima La Plata,Uruguay,21,"CB, CDM",Left,184,28,66,,62,46,54,57,67,67,50,42,65,63,33,52,47,44,60,61,60,64,56,65,53,59,71,60,69,46,69,68,44,41,42,61,66,68,65,12,11,9,12,9,13,Primera División Argentina
J. Cortazzo,Club de Gimnasia y Esgrima La Plata,Argentina,35,"CB, RB",Both,191,20,59,,53,40,46,47,62,63,46,35,65,54,35,44,37,37,53,50,48,57,47,54,38,57,59,54,66,40,68,64,32,31,37,55,60,63,61,6,9,6,11,11,7,Primera División Argentina
G. Errecalde,Club de Gimnasia y Esgrima La Plata,Argentina,14,"CB, CDM",Right,186,26,60,,57,38,50,46,63,62,47,33,64,56,28,41,43,43,54,48,55,59,45,55,47,49,66,60,63,39,62,59,40,42,40,62,63,66,61,8,9,8,8,9,12,Primera División Argentina
G. Conti,Club de Gimnasia y Esgrima La Plata,Argentina,13,CB,Right,193,32,63,,58,44,51,51,67,68,45,39,69,56,38,46,42,49,55,58,54,62,43,54,49,59,63,59,75,43,62,65,41,48,42,64,66,67,70,12,12,13,8,13,14,Primera División Argentina
P. Silva Torrejón,Club de Gimnasia y Esgrima La Plata,Argentina,24,LB,Left,180,29,69,,76,56,64,63,66,69,62,54,64,66,48,59,65,57,69,63,72,80,67,68,74,66,65,78,66,54,68,67,61,61,51,66,64,68,63,11,12,7,9,11,11,Primera División Argentina
M. Melluso,Club de Gimnasia y Esgrima La Plata,Argentina,22,LB,Left,170,28,59,,63,44,56,60,56,56,57,41,44,59,45,59,53,43,54,60,61,65,65,55,66,49,56,63,52,43,55,56,49,53,46,54,50,64,62,12,9,7,15,8,6,Primera División Argentina
A. Steimbach,Club de Gimnasia y Esgrima La Plata,Argentina,25,"RB, LB",Right,184,24,71,,75,59,68,70,72,70,76,59,63,67,55,68,69,57,68,72,74,76,69,73,72,65,68,67,70,57,73,72,55,65,54,69,73,72,74,13,8,6,7,9,10,Primera División Argentina
B. Barros Schelotto,Club de Gimnasia y Esgrima La Plata,Argentina,31,"RB, RM",Right,181,26,64,,64,47,59,61,61,62,65,42,57,61,43,61,57,48,61,61,62,66,60,62,64,56,64,66,57,47,67,66,56,51,46,60,54,65,64,8,8,7,13,6,12,Primera División Argentina
F. Corbalán,Club de Gimnasia y Esgrima La Plata,Argentina,28,RB,Right,170,23,57,,62,44,54,54,53,55,56,44,47,59,36,53,49,48,52,53,56,66,58,53,59,50,57,68,52,42,48,52,45,49,38,48,59,50,56,12,10,13,6,12,8,Primera División Argentina
N. Barros Schelotto,Club de Gimnasia y Esgrima La Plata,Argentina,10,"CDM, CM",Left,174,20,72,,67,63,68,72,72,73,60,58,67,77,61,72,62,61,70,76,67,67,64,66,71,73,68,78,70,67,76,73,59,62,64,72,68,75,75,13,14,13,12,8,7,Primera División Argentina
I. Miramón,Club de Gimnasia y Esgrima La Plata,Argentina,5,"CDM, CB",Right,173,23,68,,61,59,64,64,70,67,58,56,63,69,50,62,56,52,69,63,62,60,64,69,66,66,64,73,64,60,66,71,59,63,61,73,71,69,70,14,12,9,9,8,11,Primera División Argentina
M. Seoane,Club de Gimnasia y Esgrima La Plata,Argentina,18,"CDM, CM",Right,178,22,66,,60,54,62,61,70,71,55,50,63,68,49,61,55,55,66,61,60,60,57,68,61,62,62,67,75,56,70,70,57,61,56,61,69,74,68,10,14,7,12,10,10,Primera División Argentina
F. Di Biasi,Club de Gimnasia y Esgrima La Plata,Argentina,39,CDM,Right,175,21,59,,53,49,55,55,62,61,52,44,53,59,37,53,48,52,57,57,46,59,54,58,56,60,57,60,61,51,64,64,55,54,48,57,62,64,63,14,9,8,9,12,9,Primera División Argentina
A. Max,Club de Gimnasia y Esgrima La Plata,Argentina,16,"CM, CAM",Right,168,34,64,,54,58,63,66,59,59,56,56,51,66,54,67,61,55,69,63,53,54,66,69,67,60,57,66,55,59,60,64,63,64,64,69,60,56,59,8,13,6,12,9,11,Primera División Argentina
N. Fernández,Club de Gimnasia y Esgrima La Plata,Argentina,8,CAM,Left,182,36,67,,61,68,70,71,41,58,66,66,55,73,65,69,68,65,67,72,66,57,72,73,66,70,61,63,59,74,50,42,67,71,59,73,38,41,34,7,8,10,13,7,15,Primera División Argentina
J. Pérez,Club de Gimnasia y Esgrima La Plata,Colombia,20,"CAM, CM",Left,169,22,60,,59,62,60,63,33,48,61,65,44,57,52,63,64,58,58,64,61,58,64,59,66,55,45,58,43,61,49,35,64,67,65,63,29,33,30,15,15,14,7,6,6,Primera División Argentina
L. Mamut,Club de Gimnasia y Esgrima La Plata,Argentina,34,"CAM, CM",Right,178,22,54,,53,55,57,55,26,47,60,57,41,56,51,56,57,54,57,54,59,48,59,53,55,56,42,54,47,53,40,26,54,58,54,54,27,21,20,11,7,14,13,9,10,Primera División Argentina
S. Villarreal,Club de Gimnasia y Esgrima La Plata,Argentina,42,CAM,Right,168,20,51,,55,51,53,55,23,39,51,50,28,51,49,57,52,48,53,54,59,52,57,49,58,52,40,45,39,52,33,30,49,59,53,49,22,19,21,6,9,14,14,9,6,Primera División Argentina
J. Merlo,Club de Gimnasia y Esgrima La Plata,Argentina,11,"LW, LM",Left,170,20,61,,70,62,59,64,30,52,62,64,43,62,56,67,64,55,55,63,72,68,66,58,66,61,50,62,50,60,45,26,65,54,60,53,29,28,29,11,8,14,9,15,15,Primera División Argentina
L. Janson,Club de Gimnasia y Esgrima La Plata,Argentina,17,LW,Left,171,32,67,,72,65,67,70,37,59,67,66,54,72,57,71,63,58,56,66,70,73,72,70,79,65,57,65,60,64,51,34,70,68,65,69,37,35,31,6,14,14,13,12,10,Primera División Argentina
M. Panaro,Club de Gimnasia y Esgrima La Plata,Argentina,7,"RW, RM",Right,181,23,69,,75,68,64,70,38,63,70,70,58,61,69,72,71,63,58,68,76,75,76,75,66,62,58,72,61,68,56,37,73,68,61,63,36,35,36,7,13,11,12,14,7,Primera División Argentina
M. Zalazar,Club de Gimnasia y Esgrima La Plata,Argentina,43,"RW, ST",Right,175,25,63,,69,59,60,66,35,54,60,57,54,61,62,65,59,61,54,67,71,67,66,63,64,61,50,59,51,58,54,35,65,65,61,62,38,27,29,7,15,6,10,12,12,Primera División Argentina
F. Torres,Club de Gimnasia y Esgrima La Plata,Argentina,26,RW,Right,170,27,63,,71,61,60,66,36,55,65,64,46,60,58,71,65,58,55,60,70,71,71,65,70,57,54,61,53,58,51,38,63,57,64,58,33,35,31,14,12,6,12,12,13,Primera División Argentina
M. Torres,Club de Gimnasia y Esgrima La Plata,Argentina,32,"ST, LW",Right,180,28,73,,76,76,64,73,41,76,65,81,74,64,72,72,66,64,55,71,74,77,77,77,70,76,66,69,82,67,70,43,72,67,75,77,37,34,35,8,14,6,14,9,8,Primera División Argentina
A. Auzmendi,Club de Gimnasia y Esgrima La Plata,Argentina,29,ST,Right,181,29,70,,70,71,61,70,38,69,60,75,70,64,69,71,63,64,60,66,72,69,72,73,69,74,64,63,74,61,63,33,71,56,68,74,33,35,37,15,13,14,13,12,9,Primera División Argentina
A. Colazo,Club de Gimnasia y Esgrima La Plata,Argentina,19,ST,Right,186,25,63,,70,65,53,61,30,60,48,64,62,58,62,61,58,53,49,61,69,71,61,64,64,71,67,55,63,61,58,29,72,52,61,58,26,27,24,7,10,14,14,11,11,Primera División Argentina
T. Cardozo,CA Belgrano,Uruguay,25,GK,Right,182,30,74,Uruguay,50,33,43,39,34,54,30,29,32,51,24,30,27,28,49,39,49,50,46,65,57,58,58,46,61,22,45,43,22,47,32,51,31,32,32,80,72,66,71,78,50,Primera División Argentina
M. Vicentini,CA Belgrano,Argentina,23,GK,Right,187,36,61,,29,22,29,29,20,46,16,15,21,33,13,17,15,14,37,31,28,30,41,60,45,46,52,36,55,17,36,26,12,37,29,41,19,15,20,63,61,55,62,64,40,Primera División Argentina
M. Daniele,CA Belgrano,Argentina,28,GK,Right,195,22,60,,35,19,32,26,16,47,18,15,15,37,10,14,19,17,36,31,32,37,29,59,40,39,48,38,57,16,34,26,10,40,14,38,11,13,16,64,59,55,62,61,38,Primera División Argentina
A. Maldonado,CA Belgrano,Argentina,2,CB,Right,187,29,68,,64,47,59,60,68,70,55,40,68,66,38,56,50,53,61,64,61,67,56,67,60,65,68,63,74,48,69,71,42,51,47,60,67,69,66,11,11,6,7,15,7,Primera División Argentina
L. Morales,CA Belgrano,Argentina,14,CB,Right,180,35,69,,54,48,60,60,71,70,54,43,69,70,45,52,53,51,59,66,56,53,60,74,58,62,70,64,74,47,67,72,48,52,48,71,73,69,71,11,13,11,7,13,15,Primera División Argentina
F. Ricca,CA Belgrano,Uruguay,16,"CB, CDM",Left,179,31,69,,60,49,57,60,75,68,56,42,64,60,45,59,53,49,62,60,59,61,56,68,60,67,72,62,69,47,73,72,48,54,50,74,79,76,77,7,8,15,12,12,14,Primera División Argentina
L. López,CA Belgrano,Argentina,17,CB,Right,187,37,69,,59,50,59,57,72,73,58,44,76,71,40,52,46,45,60,59,58,60,58,71,61,65,72,73,75,50,68,73,44,43,50,71,74,70,71,6,7,13,7,10,6,Primera División Argentina
Á. Ocampo,CA Belgrano,Argentina,13,CB,Left,184,22,55,,49,34,45,45,55,58,38,31,52,55,31,39,38,37,45,50,46,51,45,51,49,47,59,56,60,28,56,52,29,38,31,50,54,58,59,14,6,14,10,10,8,Primera División Argentina
A. Spörle,CA Belgrano,Argentina,3,"LB, RB",Left,182,31,64,,66,51,60,60,63,60,61,53,57,64,41,59,57,49,55,57,64,68,64,63,66,58,61,69,56,44,56,63,48,58,49,66,63,64,64,12,11,15,9,14,7,Primera División Argentina
A. Benítez,CA Belgrano,Paraguay,26,"RB, LB",Right,168,24,71,,75,55,63,67,68,66,65,51,62,64,56,66,60,57,69,64,75,75,76,66,77,62,66,76,60,54,71,66,57,58,59,66,66,74,71,15,14,13,13,6,12,Primera División Argentina
A. Falcón,CA Belgrano,Argentina,45,"RB, LB",Right,179,21,55,,57,42,52,54,50,51,53,38,52,58,40,55,44,46,45,53,59,55,54,60,57,51,55,54,50,42,50,55,46,48,43,53,47,49,55,14,12,9,15,6,10,Primera División Argentina
S. Longo,CA Belgrano,Argentina,5,"CDM, CB",Right,177,28,71,,67,64,71,71,72,72,61,62,67,79,55,69,63,60,75,73,65,68,72,73,64,72,65,71,70,64,78,75,56,67,59,71,70,75,71,7,11,14,6,11,7,Primera División Argentina
A. Sánchez,CA Belgrano,Argentina,21,"CM, CAM",Right,177,27,71,,70,68,69,70,65,70,65,68,60,69,57,72,67,63,73,70,69,70,65,70,71,69,64,77,68,73,66,68,60,70,61,70,63,66,63,13,14,12,10,10,13,Primera División Argentina
J. Velázquez,CA Belgrano,Argentina,53,"LM, RM",Left,177,21,68,,73,61,65,72,49,63,70,59,48,65,61,74,69,60,61,72,76,70,73,64,64,63,57,72,61,61,59,47,64,63,62,60,50,49,50,12,12,11,15,11,7,Primera División Argentina
L. Zelarayán,CA Belgrano,Armenia,10,CAM,Right,173,34,76,,72,77,75,80,50,67,71,80,61,76,68,81,80,73,72,80,73,72,85,78,79,77,65,76,64,73,63,56,73,79,73,74,46,48,42,8,11,7,7,12,14,Primera División Argentina
F. González Metilli,CA Belgrano,Argentina,11,"CAM, CM",Left,175,29,71,,70,71,69,76,44,65,62,70,60,72,70,77,71,66,70,76,69,70,79,74,75,74,62,71,66,70,55,46,73,70,66,73,45,39,37,10,8,14,11,9,9,Primera División Argentina
R. Hernandes,CA Belgrano,Argentina,51,"CAM, CF",Right,172,21,67,,66,65,70,73,41,60,65,65,53,73,68,71,73,69,67,75,69,64,78,68,71,62,54,68,58,66,55,46,63,70,67,69,39,38,35,8,14,7,8,11,13,Primera División Argentina
F. Vázquez,CA Belgrano,Argentina,20,CAM,Left,187,37,69,,58,71,72,74,42,63,70,72,57,75,67,77,73,62,65,74,60,57,72,65,66,68,60,65,64,72,59,45,70,75,71,76,40,38,39,15,12,12,9,12,13,Primera División Argentina
R. Tulián,CA Belgrano,Argentina,15,"CAM, CF",Right,177,18,51,,52,48,50,56,23,45,49,49,37,51,47,55,51,50,42,59,53,52,54,49,48,47,43,52,44,46,37,23,53,57,47,53,23,18,23,6,15,6,10,7,14,Primera División Argentina
G. Zelarayán,CA Belgrano,Argentina,30,CAM,Left,179,22,54,,55,52,55,57,30,47,52,52,42,55,50,59,56,51,54,56,56,54,58,55,54,56,42,53,44,48,46,29,52,58,57,55,29,29,23,9,6,13,15,9,14,Primera División Argentina
E. Rigoni,CA Belgrano,Argentina,24,"RW, RM",Both,182,33,74,,78,71,74,77,43,67,77,72,65,79,74,78,74,69,64,75,78,78,78,77,76,72,67,80,65,68,57,44,80,71,67,74,40,39,40,6,13,7,12,13,7,Primera División Argentina
A. Melano,CA Belgrano,Argentina,29,RW,Right,174,22,62,,68,59,61,65,29,53,66,58,45,61,57,63,66,54,51,66,69,68,72,62,69,60,52,64,49,59,51,29,67,63,59,58,25,28,26,10,8,6,7,12,8,Primera División Argentina
N. Fernández,CA Belgrano,Argentina,22,ST,Right,166,30,74,,74,76,63,73,39,70,59,80,69,69,73,69,65,58,55,76,76,72,82,77,75,77,73,69,71,68,66,34,79,61,77,68,37,38,32,15,13,10,7,9,9,Primera División Argentina
L. Passerini,CA Belgrano,Argentina,9,ST,Right,189,32,76,,72,80,67,78,45,78,67,84,83,71,75,73,76,66,59,86,74,70,75,79,69,78,74,68,85,75,74,47,86,66,71,82,39,41,36,14,10,15,11,9,7,Primera División Argentina
L. Gutiérrez,CA Belgrano,Argentina,37,ST,Right,185,20,59,,61,59,50,56,25,58,44,60,62,53,62,55,49,48,44,58,60,62,55,54,50,62,61,53,64,50,51,22,62,57,62,54,20,22,19,7,13,14,14,9,7,Primera División Argentina
S. Meza,CA Huracán,Argentina,32,GK,Right,180,26,66,,41,23,37,32,25,49,25,15,24,46,14,19,22,17,38,39,44,38,38,59,45,46,50,43,55,18,43,32,22,40,28,45,24,23,19,69,65,59,66,71,47,Primera División Argentina
H. Galíndez,CA Huracán,Ecuador,1,GK,Right,189,39,69,Ecuador,30,24,37,36,26,51,26,15,26,39,14,27,23,27,47,35,28,32,44,75,50,48,53,45,57,25,43,32,18,43,31,54,22,26,26,68,71,61,72,73,42,Primera División Argentina
N. Durán,CA Huracán,Argentina,27,GK,Right,189,22,64,,40,22,30,30,22,47,18,15,23,33,13,23,19,18,33,27,39,40,42,64,41,50,51,39,55,15,37,32,12,41,23,41,17,19,20,64,62,57,64,66,38,Primera División Argentina
M. Palazzo,CA Huracán,Argentina,35,CB,Left,186,21,68,,66,47,55,58,72,72,51,40,71,61,40,57,48,47,62,58,67,65,59,64,58,65,73,71,74,47,66,72,42,48,48,66,73,72,73,11,13,12,8,14,14,Primera División Argentina
H. Nervo,CA Huracán,Argentina,21,CB,Right,183,35,68,,52,49,57,59,70,70,52,46,66,60,44,54,48,49,61,60,50,54,63,68,58,61,68,62,74,44,69,71,47,59,49,71,66,75,65,8,8,12,15,14,10,Primera División Argentina
F. Pereyra,CA Huracán,Argentina,6,"CB, RB",Right,185,36,67,,56,44,55,57,72,68,51,38,72,63,46,52,48,46,55,59,55,57,58,67,64,60,72,60,70,42,71,70,42,49,49,64,73,72,71,8,15,10,12,14,14,Primera División Argentina
D. Zabala,CA Huracán,Argentina,22,"CB, CDM",Right,181,23,57,,52,37,44,47,59,60,41,32,58,52,32,44,35,34,46,50,50,54,44,54,51,52,58,55,63,34,57,57,30,36,40,48,59,61,62,10,13,6,15,11,14,Primera División Argentina
C. Ibáñez,CA Huracán,Argentina,25,"LB, RB",Left,170,27,70,,73,55,66,66,69,68,71,49,61,69,54,61,62,56,65,68,70,76,75,66,77,62,65,67,67,60,70,73,56,61,53,66,71,65,75,7,7,9,9,6,11,Primera División Argentina
L. Lescano,CA Huracán,Argentina,19,"LB, RB",Left,172,23,61,,67,46,55,58,58,57,62,42,52,55,40,56,56,46,55,55,66,68,70,61,67,49,55,63,54,51,58,56,52,51,48,59,58,60,61,9,15,10,11,8,12,Primera División Argentina
L. Blondel,CA Huracán,Suiza,2,RB,Right,178,30,71,,76,58,66,67,69,71,68,54,64,69,52,65,67,57,68,67,73,79,70,74,73,69,68,75,69,56,70,70,56,59,60,69,70,70,67,7,10,7,13,6,8,Primera División Argentina
F. Vera,CA Huracán,Argentina,4,RB,Right,178,28,66,,72,52,63,63,66,63,69,49,59,64,49,65,62,56,60,58,74,70,71,66,67,62,58,70,60,49,64,66,53,61,53,63,64,70,69,13,10,9,10,7,7,Primera División Argentina
I. Campo,CA Huracán,Argentina,34,"RB, RM",Right,180,21,62,,63,51,56,57,57,60,61,53,52,60,43,52,56,45,56,58,64,62,63,55,65,52,55,63,61,49,57,57,49,49,49,63,54,60,58,10,6,8,8,10,14,Primera División Argentina
R. Fernández Cedrés,CA Huracán,Uruguay,5,CDM,Right,174,30,70,,64,61,66,65,71,70,62,55,63,69,52,65,59,65,68,64,62,66,68,69,65,70,70,73,68,66,71,71,64,67,63,69,72,74,68,11,6,12,9,10,8,Primera División Argentina
E. Ojeda,CA Huracán,Argentina,20,"CDM, CM",Right,180,28,64,,61,54,61,60,64,64,56,50,61,67,49,57,51,54,62,64,59,62,60,62,61,64,59,67,62,54,67,63,54,61,54,62,61,69,62,13,9,9,9,7,10,Primera División Argentina
L. Mora,CA Huracán,Argentina,41,CDM,Right,180,21,51,,43,38,48,49,52,49,41,30,48,56,31,48,44,41,47,53,42,43,42,53,42,50,50,55,47,40,46,54,44,45,47,52,51,52,52,7,15,7,9,13,14,Primera División Argentina
L. Gil,CA Huracán,Chile,8,"CM, CDM",Left,176,35,69,,62,63,70,68,60,65,66,61,55,72,54,67,64,60,70,67,64,61,68,76,72,68,62,70,62,65,66,65,68,72,60,73,61,59,59,8,14,11,7,8,14,Primera División Argentina
F. Kalinger,CA Huracán,Argentina,52,"RM, RW",Left,176,21,67,,69,58,64,70,48,61,65,57,49,64,51,74,65,62,63,67,71,68,76,64,67,59,58,69,58,59,60,48,60,63,62,64,48,48,45,9,6,12,9,13,8,Primera División Argentina
S. Luján,CA Huracán,Argentina,3,RM,Right,173,24,58,,66,52,58,56,39,52,61,52,39,60,53,54,62,46,49,56,65,66,65,57,57,52,44,60,49,54,52,41,53,61,49,55,39,38,35,14,12,9,11,6,12,Primera División Argentina
F. Waller,CA Huracán,Uruguay,15,LM,Left,174,29,69,,76,64,68,74,48,66,66,63,50,69,60,75,67,62,67,73,75,77,76,69,76,70,62,74,65,64,59,49,66,72,55,69,47,47,46,8,9,13,9,14,8,Primera División Argentina
T. Peralta,CA Huracán,Argentina,11,"CAM, CM",Left,172,18,61,,68,60,61,64,34,48,59,59,39,61,55,68,65,62,58,63,70,66,59,57,58,65,49,58,45,62,45,35,59,65,57,63,36,32,29,14,11,7,12,14,9,Primera División Argentina
Ó. Romero,CA Huracán,Paraguay,10,CAM,Left,176,34,70,,62,71,72,76,41,63,70,73,56,75,70,74,77,66,68,79,63,61,76,71,73,65,56,69,63,70,59,48,73,74,72,70,33,41,38,14,7,12,11,13,9,Primera División Argentina
Ó. Cortés,CA Huracán,Colombia,7,"LW, LM",Left,178,22,70,,77,69,68,72,40,62,69,74,62,68,61,76,63,62,64,67,76,78,76,65,72,71,61,69,60,60,56,46,69,75,59,71,37,36,32,15,8,9,14,13,12,Primera División Argentina
J. Bisanz,CA Huracán,Argentina,17,"RW, ST",Right,180,25,68,,74,66,64,73,38,58,63,65,55,67,68,74,67,62,58,75,71,77,70,72,69,67,61,62,59,67,48,34,70,66,67,67,38,37,35,14,6,8,12,15,8,Primera División Argentina
T. Uribe,CA Huracán,Argentina,49,"RW, ST",Right,168,19,54,,60,54,50,56,23,47,58,56,38,48,51,52,52,50,47,57,59,61,69,51,60,55,44,58,43,52,42,23,54,49,49,52,21,20,20,9,14,10,7,10,11,Primera División Argentina
J. Caicedo,CA Huracán,Ecuador,9,ST,Right,186,28,71,Ecuador,70,72,61,70,38,70,51,74,72,69,73,68,69,68,51,74,68,72,67,72,70,70,76,70,72,68,64,35,77,60,67,68,37,33,28,6,10,10,12,13,14,Primera División Argentina
B. Barticciotto,CA Huracán,Chile,33,ST,Right,178,25,70,,74,73,59,66,35,69,53,78,68,64,64,61,64,59,52,67,76,73,73,71,67,75,75,59,75,64,67,36,76,58,70,71,32,28,32,8,13,8,6,8,10,Primera División Argentina
I. Pussetto,CA Huracán,Argentina,23,"ST, LW",Right,180,30,71,,72,73,61,74,37,70,64,78,69,60,69,75,66,64,61,76,72,72,72,70,64,71,70,69,72,66,66,39,76,60,73,71,34,31,29,8,15,8,15,12,14,Primera División Argentina
L. Petruchi,CA Gimnasia y Esgrima (Mendoza),Argentina,31,GK,Right,184,28,60,,35,19,29,26,18,43,16,10,22,35,10,16,12,17,34,26,37,34,35,58,49,46,44,36,51,17,33,25,10,34,20,37,20,14,11,61,58,59,61,62,39,Primera División Argentina
C. Rigamonti,CA Gimnasia y Esgrima (Mendoza),Argentina,23,GK,Right,186,39,63,,27,20,32,31,21,45,17,14,20,38,17,19,11,16,34,32,28,26,47,66,42,40,55,38,52,17,36,27,13,43,22,45,19,20,16,67,65,55,62,64,40,Primera División Argentina
I. González,CA Gimnasia y Esgrima (Mendoza),Argentina,6,CB,Left,184,28,66,,63,49,54,55,72,66,51,43,69,59,43,53,50,45,57,56,61,64,54,59,57,66,65,66,65,50,67,74,40,47,44,64,69,76,68,14,6,9,8,14,6,Primera División Argentina
G. Guiffrey,CA Gimnasia y Esgrima (Mendoza),Argentina,16,CB,Left,179,28,64,,62,44,54,55,67,65,49,40,62,65,44,55,41,42,57,55,60,63,54,61,57,56,72,64,63,45,70,67,42,43,39,57,69,67,69,10,8,10,6,7,15,Primera División Argentina
D. Mondino,CA Gimnasia y Esgrima (Mendoza),Argentina,2,"CB, RB",Right,183,31,64,,55,41,50,53,69,66,47,32,67,54,36,48,45,44,57,53,56,55,54,65,58,58,67,60,68,43,67,74,39,46,45,66,70,67,60,13,13,10,7,15,12,Primera División Argentina
E. Muñoz,CA Gimnasia y Esgrima (Mendoza),Argentina,4,"CB, RB",Right,185,35,63,,55,43,53,51,61,67,53,36,66,58,36,48,48,38,59,53,50,59,52,61,51,58,65,62,68,45,69,62,38,45,42,58,61,59,61,15,15,14,12,13,15,Primera División Argentina
L. Carrera,CA Gimnasia y Esgrima (Mendoza),Argentina,42,"CB, CDM",Right,188,23,57,,51,36,47,47,62,59,42,35,66,56,32,42,37,31,52,51,51,51,49,54,39,46,57,53,62,34,58,59,29,38,32,55,64,62,57,11,13,13,14,6,13,Primera División Argentina
G. Patritti,CA Gimnasia y Esgrima (Mendoza),Argentina,41,"CB, RB",Right,185,23,52,,49,34,39,40,54,51,34,31,55,41,29,35,33,31,38,43,47,50,36,49,44,48,57,48,51,31,52,55,21,43,29,52,54,54,56,9,8,14,14,11,9,Primera División Argentina
M. Recalde,CA Gimnasia y Esgrima (Mendoza),Argentina,3,"LB, RB",Left,178,29,67,,73,50,65,65,67,64,70,46,63,68,51,63,61,52,61,67,72,74,73,63,62,59,68,69,60,51,68,63,50,61,51,63,67,69,69,7,11,15,7,15,9,Primera División Argentina
F. Saavedra,CA Gimnasia y Esgrima (Mendoza),Argentina,24,LB,Left,178,23,65,,71,48,61,62,63,64,66,40,60,61,52,62,61,50,61,62,72,70,62,67,62,59,66,68,62,52,62,64,51,57,51,66,63,64,65,12,15,8,15,11,14,Primera División Argentina
L. Paredes,CA Gimnasia y Esgrima (Mendoza),Argentina,32,"RB, RM",Right,188,24,65,,71,49,61,59,64,66,63,48,58,63,47,56,58,53,68,61,68,73,58,68,62,53,60,67,66,46,64,63,50,53,51,58,65,63,67,12,15,15,9,11,9,Primera División Argentina
J. Franco,CA Gimnasia y Esgrima (Mendoza),Paraguay,22,"RB, RM",Right,176,34,63,,64,48,60,61,60,61,66,46,52,59,36,58,55,54,60,60,65,64,72,65,66,52,59,67,58,53,63,64,52,58,48,61,60,58,64,10,7,7,12,15,12,Primera División Argentina
I. Cortéz,CA Gimnasia y Esgrima (Mendoza),Argentina,36,RB,Right,183,26,61,,68,46,57,58,61,62,63,40,59,57,40,60,55,49,62,55,67,69,64,60,61,59,60,65,62,47,57,57,44,51,42,56,63,61,62,13,14,14,6,14,8,Primera División Argentina
F. Antonini,CA Gimnasia y Esgrima (Mendoza),Argentina,21,CDM,Right,174,29,65,,58,56,63,63,65,68,55,51,54,67,45,59,56,49,63,66,54,62,61,64,69,66,59,67,70,58,69,71,55,67,60,65,64,65,68,9,10,7,12,10,6,Primera División Argentina
T. O'Connor,CA Gimnasia y Esgrima (Mendoza),Argentina,28,"CM, CDM",Right,175,22,65,,62,60,65,66,57,62,60,54,50,69,51,62,59,56,69,69,62,62,66,65,69,64,60,67,58,69,64,61,62,65,62,66,55,58,57,11,9,12,15,8,9,Primera División Argentina
J. Ceballos,CA Gimnasia y Esgrima (Mendoza),Argentina,19,"CM, CDM",Left,174,22,63,,62,55,64,65,55,57,60,50,49,67,53,63,60,65,63,70,63,62,60,62,61,62,56,69,51,59,57,62,56,62,61,66,53,54,54,10,14,12,11,10,13,Primera División Argentina
N. Barboza,CA Gimnasia y Esgrima (Mendoza),Argentina,5,CM,Right,176,27,62,,59,58,62,64,55,59,56,56,51,66,51,62,63,59,65,66,60,58,69,63,62,62,54,65,58,59,55,58,57,58,55,60,54,55,53,12,8,6,13,14,13,Primera División Argentina
T. Ortiz,CA Gimnasia y Esgrima (Mendoza),Argentina,20,CM,Right,183,26,58,,55,54,56,59,50,56,52,51,44,52,46,58,55,48,61,63,52,58,56,55,56,56,49,57,58,63,52,58,57,65,52,61,49,48,50,12,6,6,12,12,10,Primera División Argentina
E. Fernández,CA Gimnasia y Esgrima (Mendoza),Argentina,30,"CAM, CF",Right,172,24,68,,72,69,70,72,39,60,67,68,50,77,63,73,72,64,62,70,73,71,75,64,71,72,60,68,59,72,51,39,68,69,65,77,37,37,40,15,11,10,10,12,11,Primera División Argentina
M. Vargas,CA Gimnasia y Esgrima (Mendoza),Argentina,8,"LW, LM",Left,168,29,75,,84,70,76,76,42,67,80,67,55,80,67,73,74,70,67,77,83,85,84,75,81,75,65,76,66,72,61,40,78,72,68,69,42,39,41,8,14,7,10,13,12,Primera División Argentina
F. Lencioni,CA Gimnasia y Esgrima (Mendoza),Argentina,26,LW,Left,180,25,74,,84,71,71,79,41,62,76,72,66,69,70,84,73,70,64,74,85,83,82,77,77,69,62,72,58,68,57,41,78,73,69,78,38,35,42,7,13,10,14,6,6,Primera División Argentina
B. Armoa,CA Gimnasia y Esgrima (Mendoza),Paraguay,27,LW,Left,179,26,62,,68,63,59,62,32,56,66,67,50,62,54,64,60,55,50,61,68,68,60,62,59,61,55,66,55,60,48,29,61,55,55,63,35,26,28,10,10,7,9,9,15,Primera División Argentina
B. Andrada,CA Gimnasia y Esgrima (Mendoza),Argentina,33,"LW, ST",Left,167,29,59,,67,58,59,62,26,54,58,61,39,62,55,56,61,52,54,69,66,67,68,58,66,57,49,59,54,54,51,29,62,60,55,50,24,22,26,7,12,9,6,15,9,Primera División Argentina
U. Sánchez,CA Gimnasia y Esgrima (Mendoza),Argentina,15,RW,Right,169,28,70,,81,69,69,72,36,60,67,71,49,71,65,73,65,63,61,70,80,81,78,67,75,66,59,69,58,68,53,41,71,76,67,67,34,32,35,14,12,11,13,9,7,Primera División Argentina
L. Cingolani,CA Gimnasia y Esgrima (Mendoza),Argentina,7,"RW, ST",Right,172,25,63,,70,61,61,64,32,53,64,60,46,62,63,64,61,53,57,62,73,67,66,64,67,62,54,63,50,61,49,31,67,63,55,62,31,34,21,10,12,11,11,10,9,Primera División Argentina
I. Sabatini,CA Gimnasia y Esgrima (Mendoza),Argentina,17,"RW, ST",Right,178,27,62,,67,60,59,63,33,54,60,59,47,61,56,62,66,58,52,65,64,69,67,60,59,66,52,58,56,59,47,35,63,56,57,56,33,30,28,6,11,6,14,13,15,Primera División Argentina
N. Romano,CA Gimnasia y Esgrima (Mendoza),Argentina,10,"CAM, CF",Right,170,26,60,,62,60,62,64,33,52,55,61,47,64,55,65,63,56,63,64,61,62,64,64,60,57,47,59,51,61,48,31,63,64,63,60,30,33,29,6,12,10,7,9,13,Primera División Argentina
A. Módica,CA Gimnasia y Esgrima (Mendoza),Italia,29,"ST, LW",Right,187,23,73,,78,76,65,72,39,73,62,77,72,71,76,72,68,61,58,72,73,82,74,78,66,78,76,69,77,68,65,37,81,61,79,75,37,34,34,6,14,14,8,12,10,Primera División Argentina
S. Rodríguez,CA Gimnasia y Esgrima (Mendoza),Argentina,11,"ST, LW",Left,171,29,67,,69,68,59,69,34,64,52,72,70,61,67,67,54,50,55,70,67,70,70,66,69,66,67,70,64,60,58,31,69,67,65,71,34,28,22,14,8,9,6,8,15,Primera División Argentina
V. Simoni,CA Gimnasia y Esgrima (Mendoza),Argentina,35,ST,Right,184,22,60,,61,64,50,61,28,60,49,69,61,54,61,58,53,50,43,65,64,58,62,61,55,67,62,57,65,51,52,21,62,51,58,66,29,23,19,8,7,11,10,11,15,Primera División Argentina
M. Miño,CA Barracas Central,Argentina,30,GK,Right,186,29,68,,46,25,34,35,26,49,23,16,29,39,19,23,22,26,44,39,51,41,42,64,49,49,58,45,51,24,46,40,18,36,26,45,23,18,26,68,69,64,70,64,44,Primera División Argentina
J. Espínola,CA Barracas Central,Paraguay,1,GK,Right,185,31,69,,43,25,39,37,26,51,27,18,28,47,17,26,22,21,38,38,40,45,47,64,48,42,53,44,58,27,42,36,22,45,30,53,20,24,25,69,65,65,66,74,49,Primera División Argentina
J. Pablo Insúa,CA Barracas Central,Argentina,38,GK,Right,188,21,62,,37,18,28,32,21,43,17,10,26,32,13,23,19,12,33,35,38,36,36,57,39,39,45,34,51,19,34,26,10,34,17,44,17,19,20,65,65,50,64,62,41,Primera División Argentina
K. Jappert,CA Barracas Central,Argentina,14,"CB, RB",Right,189,22,71,,65,55,57,58,74,76,51,50,69,65,49,55,48,54,62,58,64,66,63,66,59,69,75,67,82,56,70,72,47,50,52,70,76,75,70,8,6,13,8,13,9,Primera División Argentina
N. Demartini,CA Barracas Central,Argentina,31,"CB, RB",Left,179,26,67,,64,49,55,53,69,68,49,45,62,59,44,46,42,43,61,58,58,69,54,66,56,64,68,61,70,45,70,67,40,54,48,63,70,72,65,7,10,6,7,13,14,Primera División Argentina
N. Capraro,CA Barracas Central,Argentina,2,"CB, CDM",Right,184,28,66,,62,47,55,57,69,64,49,43,70,65,40,56,46,47,53,58,63,61,58,61,51,63,70,62,65,41,65,70,43,51,46,64,65,73,65,15,9,14,8,11,9,Primera División Argentina
Y. Rak,CA Barracas Central,Uruguay,15,CB,Right,188,33,67,,58,46,60,55,70,68,53,38,73,72,43,49,43,47,62,60,59,57,52,69,57,64,67,61,71,46,70,66,43,52,51,62,70,74,67,6,12,12,13,11,13,Primera División Argentina
F. Tobio,CA Barracas Central,Argentina,32,CB,Right,186,36,63,,48,45,54,54,66,64,53,39,72,60,41,52,46,45,58,54,50,47,52,66,55,57,66,60,65,48,68,64,40,45,41,66,62,67,69,13,12,13,12,14,9,Primera División Argentina
G. Campi,CA Barracas Central,Argentina,37,CB,Left,193,35,65,,57,47,53,51,67,70,46,43,69,60,43,46,46,44,61,54,53,60,51,63,50,60,68,58,76,48,70,66,37,45,47,65,67,67,67,11,13,6,9,10,8,Primera División Argentina
R. Insúa,CA Barracas Central,Argentina,6,"LB, LM",Left,181,28,69,,74,54,64,66,67,66,70,50,63,63,54,64,63,52,66,66,73,74,71,67,72,59,69,75,61,58,64,68,56,60,50,62,69,65,70,8,10,7,9,8,10,Primera División Argentina
E. Pereyra,CA Barracas Central,Argentina,17,LB,Left,175,27,65,,69,49,62,62,59,66,63,45,52,65,45,61,54,56,60,59,65,73,66,62,70,56,62,70,66,51,64,63,53,59,54,65,55,62,65,15,7,15,14,12,13,Primera División Argentina
D. Martínez,CA Barracas Central,Argentina,4,"RB, RM",Right,177,36,63,,60,47,60,54,61,61,63,42,54,64,45,54,55,53,56,47,60,60,64,61,67,53,54,65,58,53,64,59,45,57,53,66,63,62,61,9,15,11,15,12,13,Primera División Argentina
R. Barrios,CA Barracas Central,Argentina,13,"RB, LB",Right,178,33,65,,66,48,60,65,62,67,62,44,55,66,43,65,54,47,56,64,68,64,65,65,67,57,60,72,64,51,68,62,52,53,47,63,59,65,65,11,6,14,11,8,15,Primera División Argentina
E. Rolón,CA Barracas Central,Argentina,35,"CDM, CB",Right,178,31,66,,58,56,63,64,66,69,58,52,67,71,49,62,56,53,65,68,59,58,59,68,61,60,65,71,70,61,65,71,63,56,60,68,65,64,66,9,7,8,10,6,12,Primera División Argentina
Y. Gordillo,CA Barracas Central,Colombia,25,"CDM, CM",Right,176,34,64,,53,53,59,62,63,61,55,47,56,59,45,62,53,56,69,60,54,53,61,69,61,65,60,68,57,54,62,65,61,59,60,69,60,66,63,9,10,14,12,14,15,Primera División Argentina
D. Miloc,CA Barracas Central,Argentina,5,CDM,Right,177,35,63,,53,53,56,58,63,66,51,52,58,60,44,53,48,55,61,62,55,51,60,62,56,59,59,68,66,55,64,64,50,53,50,62,65,64,56,15,11,14,7,14,9,Primera División Argentina
C. Arce,CA Barracas Central,Argentina,19,"CDM, CM",Right,169,36,62,,49,55,59,60,60,63,57,54,53,60,45,63,50,56,61,57,47,51,54,61,61,61,55,64,63,56,65,60,52,63,49,66,60,64,60,6,11,9,10,9,15,Primera División Argentina
I. Guaraz,CA Barracas Central,Argentina,16,"CM, CDM",Right,176,21,63,,62,57,62,62,55,61,60,55,55,62,55,63,61,56,67,62,62,62,57,63,69,58,53,64,60,59,62,56,57,60,57,61,54,57,54,12,10,10,8,14,14,Primera División Argentina
M. Puig,CA Barracas Central,Argentina,79,"CM, CAM",Right,179,26,55,,50,48,53,54,47,54,50,43,53,55,41,55,50,51,57,54,52,49,53,55,56,54,41,55,57,53,50,50,53,53,51,50,42,48,47,6,15,13,7,14,8,Primera División Argentina
T. Porra,CA Barracas Central,Argentina,8,CAM,Left,173,22,71,,70,70,70,74,43,62,66,71,52,71,66,73,74,61,66,76,72,68,77,74,74,71,60,70,60,70,56,42,70,77,70,69,47,38,36,8,10,7,11,14,8,Primera División Argentina
G. Maroni,CA Barracas Central,Argentina,33,"CAM, CM",Right,170,27,70,,70,69,70,73,42,60,65,65,49,70,65,72,73,71,70,72,70,70,80,68,79,73,59,66,59,74,56,49,73,76,68,75,41,39,37,9,8,9,15,8,14,Primera División Argentina
I. Tapia,CA Barracas Central,Argentina,10,"CAM, CF",Right,176,27,68,,69,71,69,73,39,61,66,68,54,71,67,77,74,73,63,71,67,71,70,64,71,76,62,65,60,72,56,41,68,71,72,69,37,35,37,13,6,10,9,8,8,Primera División Argentina
R. Bogarín,CA Barracas Central,Paraguay,28,CAM,Right,182,29,65,,70,63,68,67,39,58,67,61,55,67,61,70,72,59,71,66,72,68,64,63,62,71,54,66,56,62,55,38,62,70,62,63,37,38,34,15,14,15,7,15,11,Primera División Argentina
M. Duarte,CA Barracas Central,Argentina,18,CAM,Right,171,25,60,,60,58,59,62,32,51,62,56,43,57,52,60,59,57,59,65,59,60,66,60,62,59,45,59,49,61,46,30,61,60,58,59,36,30,23,9,9,8,8,6,11,Primera División Argentina
T. Lavezzi,CA Barracas Central,Argentina,36,CAM,Left,167,21,62,,60,63,60,68,35,48,54,62,45,61,62,67,64,61,61,69,66,56,69,64,65,62,47,56,45,66,44,35,60,64,63,66,33,35,27,9,10,6,12,8,8,Primera División Argentina
N. Briasco,CA Barracas Central,Armenia,11,"RW, ST",Both,186,30,64,,71,61,63,65,34,60,68,66,52,65,55,66,71,57,54,62,71,71,73,65,64,58,58,62,63,55,49,35,63,60,63,58,31,33,31,8,15,10,9,10,8,Primera División Argentina
E. Taborda,CA Barracas Central,Argentina,24,"RW, ST",Right,167,21,59,,64,57,60,65,28,50,63,59,42,65,52,68,61,54,48,62,63,65,66,65,63,57,42,61,46,55,47,28,62,58,51,54,25,28,24,15,9,10,10,11,12,Primera División Argentina
F. Bruera,CA Barracas Central,Argentina,77,ST,Right,194,28,68,,70,72,57,68,36,69,52,76,71,60,66,68,65,62,52,70,69,71,61,67,59,72,71,65,73,65,64,32,76,57,65,71,35,30,30,12,10,14,15,15,12,Primera División Argentina
G. Morales,CA Barracas Central,Argentina,9,ST,Left,178,23,68,,70,68,59,64,34,65,56,71,70,63,68,64,60,63,50,62,68,72,72,64,66,70,69,63,67,61,63,37,66,60,68,64,30,27,26,15,12,9,11,11,6,Primera División Argentina
J. Candia,CA Barracas Central,Uruguay,20,"ST, LW",Right,177,31,69,,72,69,59,68,37,65,56,70,71,65,71,70,60,61,49,66,73,72,66,71,66,71,70,61,67,65,66,36,67,60,71,71,36,30,30,10,8,7,7,7,6,Primera División Argentina
N. Orsini,CA Barracas Central,Argentina,34,ST,Right,187,32,64,,63,64,54,64,30,64,49,67,62,59,63,63,61,57,46,65,61,64,61,64,55,61,62,61,69,62,54,30,68,56,58,74,27,25,24,9,9,9,11,8,9,Primera División Argentina
J. Barbieri,CA Barracas Central,Argentina,7,"ST, LW",Right,176,30,63,,64,66,53,63,26,61,46,68,57,59,61,59,61,55,47,67,66,62,66,66,62,65,60,60,63,60,58,21,76,50,66,68,22,23,21,9,14,12,12,12,11,Primera División Argentina
W. Rivera,CA Barracas Central,Puerto Rico,23,ST,Left,168,22,60,,64,61,50,59,26,54,48,60,52,53,59,62,56,56,47,55,62,65,60,60,62,63,58,54,55,60,51,22,63,48,58,62,23,25,22,12,13,8,15,10,13,Primera División Argentina
L. Gamba,CA Barracas Central,Argentina,21,"ST, LW",Right,165,39,61,,52,64,52,60,26,59,46,67,57,55,62,58,49,52,49,60,54,51,63,64,57,64,58,58,63,60,51,26,68,57,61,61,26,19,21,8,12,10,14,6,8,Primera División Argentina
M. Ledesma,Instituto ACC,Argentina,29,GK,Right,190,30,70,,46,27,41,33,29,54,26,21,22,49,15,17,27,25,36,37,45,46,51,66,52,49,56,43,63,26,46,43,16,52,29,51,23,31,22,73,67,68,71,69,51,Primera División Argentina
E. Sittaro,Instituto ACC,Argentina,35,GK,Right,185,26,52,,26,14,21,20,11,36,10,10,13,28,10,10,10,10,24,23,25,26,27,50,29,30,39,31,40,12,29,14,10,25,10,28,10,10,10,52,48,45,54,54,28,Primera División Argentina
F. Alarcón,Instituto ACC,Argentina,6,"CB, CDM",Right,183,32,73,,63,55,64,63,75,75,69,48,71,73,49,59,52,50,63,65,61,64,60,69,63,71,81,73,74,59,79,73,42,52,56,76,80,74,74,10,11,11,10,14,6,Primera División Argentina
L. Mosevich,Instituto ACC,Argentina,26,"CB, CDM",Right,185,29,66,,59,46,56,51,70,68,55,40,68,63,38,43,46,47,58,57,55,63,53,61,56,61,67,65,71,45,65,70,43,46,46,61,69,72,68,15,8,10,12,6,13,Primera División Argentina
J. Galván,Instituto ACC,Argentina,30,"CB, CDM",Right,180,34,69,,59,48,57,59,72,70,62,45,75,62,44,58,46,49,60,57,59,59,58,67,67,62,67,63,70,45,77,72,41,45,52,70,71,73,67,7,9,8,6,15,9,Primera División Argentina
A. Massaccesi,Instituto ACC,Argentina,22,CB,Right,190,24,60,,53,38,51,50,62,62,49,32,64,59,42,48,43,39,54,52,49,57,49,53,50,52,66,51,65,38,65,64,33,43,43,58,65,59,61,8,9,8,7,14,12,Primera División Argentina
A. Bravo,Instituto ACC,Argentina,32,"CB, CDM",Left,185,25,58,,57,36,48,46,59,63,46,32,59,56,40,42,40,35,54,47,56,57,47,52,49,47,63,60,65,34,60,58,37,36,37,62,59,59,58,12,8,6,9,7,14,Primera División Argentina
D. Sosa,Instituto ACC,Argentina,3,LB,Left,177,29,68,,71,54,63,65,66,65,71,51,65,62,51,64,58,55,62,62,71,71,74,65,76,59,66,66,65,55,65,63,55,60,52,67,65,69,72,15,14,8,11,14,13,Primera División Argentina
A. Meli,Instituto ACC,Argentina,23,"LB, LM",Left,175,26,64,,67,53,61,60,62,66,63,53,54,62,45,58,62,54,62,61,68,67,65,63,65,61,64,71,63,52,67,56,50,57,45,57,61,68,66,13,14,14,7,10,12,Primera División Argentina
G. Cerato,Instituto ACC,Argentina,44,"RB, RM",Right,170,28,68,,70,55,64,67,67,61,74,52,54,65,52,65,62,57,60,65,70,70,78,66,78,63,63,70,55,55,64,70,53,60,60,64,67,70,67,11,8,8,11,8,8,Primera División Argentina
H. de la Fuente,Instituto ACC,Argentina,2,RB,Right,178,29,64,,70,48,60,60,62,63,69,46,58,60,49,57,54,50,56,61,70,70,62,58,72,55,57,70,62,48,59,60,52,59,43,55,63,62,66,15,12,12,6,14,11,Primera División Argentina
G. Abregú,Instituto ACC,Argentina,55,"CDM, CM",Right,185,29,65,,58,53,62,60,68,67,60,46,64,67,50,54,57,55,62,66,56,60,64,62,60,63,66,66,66,58,71,70,58,60,54,64,73,62,68,7,12,12,14,7,10,Primera División Argentina
J. Ignacio Méndez,Instituto ACC,Argentina,13,CDM,Right,178,29,66,,60,53,63,61,68,70,55,43,60,68,45,58,59,55,63,64,58,62,58,66,62,65,63,71,68,59,74,74,65,63,58,70,66,69,64,15,6,8,13,11,15,Primera División Argentina
J. Medina,Instituto ACC,Argentina,61,CDM,Right,175,21,61,,55,51,58,54,61,64,51,46,50,65,41,54,53,49,59,54,59,52,53,56,55,57,58,67,61,57,67,64,53,55,50,61,58,65,64,15,9,15,9,12,13,Primera División Argentina
W. Viera,Instituto ACC,Paraguay,14,CM,Left,182,24,68,,67,62,68,68,61,65,66,59,59,68,57,67,67,60,74,73,69,66,65,69,61,67,65,70,63,64,63,66,66,69,58,63,56,65,58,12,10,6,15,8,7,Primera División Argentina
F. Moyano,Instituto ACC,Argentina,5,CM,Right,171,29,67,,66,58,68,68,59,65,64,53,49,68,58,64,64,69,72,71,65,67,67,68,69,63,60,70,61,63,68,59,65,68,59,73,61,61,56,7,10,15,7,8,14,Primera División Argentina
A. Luna,Instituto ACC,Argentina,10,CAM,Right,174,22,72,,70,70,74,74,46,60,66,69,59,78,71,74,71,69,70,74,71,70,77,63,69,67,63,71,54,75,59,51,74,78,72,75,46,41,40,9,14,7,11,15,9,Primera División Argentina
M. Gallardo,Instituto ACC,Argentina,15,CAM,Left,175,22,67,,69,66,69,73,40,61,66,64,49,73,63,74,73,64,61,73,73,65,72,68,72,70,51,67,59,68,62,43,72,73,63,66,39,39,32,12,12,8,13,15,7,Primera División Argentina
J. Lázaro,Instituto ACC,Argentina,21,"CAM, CM",Right,175,22,59,,60,59,60,63,30,53,61,57,42,61,55,61,61,56,55,65,61,60,61,61,64,64,49,62,51,60,48,37,64,60,52,62,31,22,25,15,12,14,7,9,9,Primera División Argentina
J. Acevedo,Instituto ACC,Argentina,8,"LW, LM",Left,172,29,68,,74,66,66,73,38,62,73,65,55,63,62,71,72,68,59,74,76,73,80,66,71,67,62,77,57,65,55,36,73,65,67,68,41,33,33,13,6,15,12,9,10,Primera División Argentina
L. Rafaelli,Instituto ACC,Argentina,72,"LW, LM",Left,162,18,60,,64,60,58,63,27,48,57,64,41,62,64,60,58,58,57,66,66,63,65,56,72,56,41,60,43,54,46,30,60,54,56,59,26,23,23,11,9,7,12,10,8,Primera División Argentina
L. Albarracín,Instituto ACC,Argentina,25,LW,Left,170,19,48,,53,47,45,48,16,38,48,47,33,45,43,49,47,41,40,46,54,53,57,42,53,44,39,48,34,50,35,15,50,45,42,42,11,16,11,12,15,12,7,8,15,Primera División Argentina
J. Córdoba,Instituto ACC,Colombia,20,"RW, ST",Right,184,26,70,,76,68,68,73,41,67,70,68,57,67,68,77,72,61,63,71,76,76,73,68,69,71,63,73,67,66,60,41,70,73,72,70,36,42,36,7,14,14,10,15,9,Primera División Argentina
L. Sanseviero,Instituto ACC,Uruguay,19,RW,Right,180,26,65,,72,63,61,68,35,57,59,65,56,60,63,68,70,53,58,67,72,72,70,65,70,61,61,65,58,61,45,35,65,66,59,65,33,32,27,7,13,11,11,13,12,Primera División Argentina
M. Tissera,Instituto ACC,Argentina,17,ST,Right,173,30,70,,72,71,58,67,36,67,55,72,67,60,69,65,58,60,53,70,71,73,62,73,70,72,71,66,68,64,67,35,76,60,74,69,31,32,29,9,14,11,7,15,10,Primera División Argentina
N. Guerra,Instituto ACC,Chile,7,"ST, LW",Right,174,27,65,,66,67,54,67,28,58,52,70,61,55,63,69,53,59,50,64,68,65,65,73,64,66,63,56,60,61,56,26,77,57,68,64,25,25,21,12,9,15,12,15,12,Primera División Argentina
F. Suárez,Instituto ACC,Argentina,9,"ST, LW",Right,183,32,69,,63,70,60,68,35,70,56,71,73,63,68,68,56,56,56,66,59,67,68,70,68,70,74,68,71,65,69,34,75,63,68,76,35,29,21,9,12,15,11,12,13,Primera División Argentina
M. Fonseca,Instituto ACC,Uruguay,11,"ST, CF",Right,181,25,65,,66,68,57,64,31,65,50,72,65,63,61,63,60,58,55,65,66,66,64,65,61,71,63,58,72,61,57,27,63,56,62,68,28,26,28,7,6,10,14,6,15,Primera División Argentina
M. Mansilla,CA Unión (Santa Fe),Argentina,21,GK,Right,192,30,75,,52,34,41,38,33,55,26,27,34,48,24,24,29,23,44,41,51,53,53,68,52,52,60,51,58,36,50,40,28,49,31,50,26,35,33,76,76,68,76,77,52,Primera División Argentina
F. Gomes Gerth,CA Unión (Santa Fe),Argentina,28,GK,Right,195,22,59,,33,18,25,22,17,42,10,10,16,31,10,10,14,15,31,26,30,36,29,52,39,42,50,31,47,14,39,26,10,31,18,35,15,14,18,56,56,55,57,60,39,Primera División Argentina
L. Meuli,CA Unión (Santa Fe),Argentina,40,GK,Left,185,25,61,,35,19,29,28,20,44,17,10,26,36,10,16,17,17,34,35,39,32,30,55,36,42,55,39,50,20,33,24,13,32,16,40,20,18,16,65,59,55,63,61,40,Primera División Argentina
J. Pablo Ludueña,CA Unión (Santa Fe),Argentina,26,CB,Right,185,23,72,,66,50,63,63,75,74,59,44,75,71,44,57,51,48,69,67,67,65,59,75,65,70,71,71,76,47,75,73,46,54,51,75,77,73,80,13,13,15,10,8,13,Primera División Argentina
M. Rocha,CA Unión (Santa Fe),Uruguay,4,CB,Right,183,25,65,,63,49,50,56,68,65,44,46,67,57,40,53,49,44,60,58,63,63,59,62,54,68,64,56,68,44,71,62,39,40,46,62,68,73,65,9,6,9,10,9,8,Primera División Argentina
T. Fagioli,CA Unión (Santa Fe),Argentina,44,CB,Right,185,21,54,,51,35,42,42,57,54,39,32,57,47,25,39,36,35,47,41,51,51,49,53,47,47,60,50,55,33,56,58,27,38,34,53,53,63,51,9,13,15,9,8,13,Primera División Argentina
L. Ayala,CA Unión (Santa Fe),Argentina,18,LB,Left,175,19,63,,71,48,62,60,62,60,66,43,57,65,49,53,54,45,59,65,73,70,67,57,64,63,60,69,56,45,60,55,55,60,47,58,67,64,62,7,12,14,11,9,8,Primera División Argentina
B. Pittón,CA Unión (Santa Fe),Argentina,12,LB,Left,179,33,69,,66,54,67,69,68,69,71,52,67,73,49,70,57,50,61,66,66,66,75,67,69,61,62,74,68,54,69,70,49,65,51,64,67,71,62,11,15,13,11,7,9,Primera División Argentina
L. Vargas,CA Unión (Santa Fe),Argentina,35,RB,Right,173,21,69,,69,54,64,66,66,65,76,48,54,66,52,66,61,54,62,65,67,71,64,67,74,66,64,72,64,55,61,60,55,55,59,68,69,70,69,15,11,11,7,6,15,Primera División Argentina
J. Pintado,CA Unión (Santa Fe),Uruguay,15,RB,Right,172,29,70,,72,56,65,67,67,65,73,52,53,67,56,64,57,55,66,67,70,73,71,69,73,65,65,76,60,57,64,67,57,58,54,71,67,70,74,14,9,12,6,7,11,Primera División Argentina
T. Rubio,CA Unión (Santa Fe),Argentina,2,"RB, LB",Right,177,22,60,,61,43,55,55,59,58,66,39,52,53,44,52,48,44,55,54,61,61,62,59,65,55,57,65,55,40,57,58,43,52,48,53,59,61,61,15,13,11,7,9,8,Primera División Argentina
J. Mosqueira,CA Unión (Santa Fe),Argentina,17,"CDM, CB",Right,184,21,66,,58,55,62,59,68,64,57,52,71,67,48,51,52,58,65,66,61,56,55,66,61,64,66,64,61,55,69,75,56,62,52,67,61,70,65,7,9,11,8,15,11,Primera División Argentina
E. Giaccone,CA Unión (Santa Fe),Argentina,43,"CM, CAM",Right,189,21,59,,57,55,58,60,51,57,53,54,53,59,50,62,52,56,64,57,59,56,58,64,58,55,54,60,57,60,52,46,56,61,53,58,55,50,51,14,8,6,7,15,15,Primera División Argentina
L. Menossi,CA Unión (Santa Fe),Argentina,5,CM,Right,169,34,64,,55,58,65,64,54,60,59,54,44,66,57,64,60,57,67,64,56,55,63,61,63,60,56,68,55,62,62,55,63,70,60,65,52,56,57,10,6,14,9,9,7,Primera División Argentina
B. Cuello,CA Unión (Santa Fe),Argentina,22,"RM, RW",Right,170,29,69,,71,68,68,73,51,63,72,69,53,69,63,73,66,63,68,74,73,69,72,73,75,66,55,70,59,68,66,49,67,65,65,62,49,54,53,15,8,13,10,7,12,Primera División Argentina
A. Solari,CA Unión (Santa Fe),Argentina,23,"RM, RW",Right,178,34,63,,60,58,63,63,42,59,67,55,47,64,56,63,62,52,59,62,59,61,59,72,61,62,56,61,60,63,54,40,62,62,57,64,44,41,37,15,14,8,11,9,14,Primera División Argentina
J. Palacios,CA Unión (Santa Fe),Argentina,20,CAM,Right,169,27,73,,73,72,73,78,46,64,66,71,54,76,67,79,72,68,68,79,74,72,77,77,83,73,56,75,62,75,59,50,70,80,75,70,46,44,32,6,11,14,15,13,14,Primera División Argentina
M. Luna Diale,CA Unión (Santa Fe),Argentina,11,"CAM, CM",Right,173,27,66,,68,62,67,71,39,59,63,62,50,71,58,75,66,64,60,68,67,68,73,62,75,61,56,66,58,65,55,38,66,71,62,63,40,35,35,8,12,10,15,11,11,Primera División Argentina
I. Malcorra,CA Unión (Santa Fe),Argentina,10,CAM,Left,170,39,69,,60,69,77,72,40,60,70,69,50,81,56,73,75,66,74,71,59,60,76,66,75,73,57,68,56,69,62,39,68,82,61,69,36,40,44,6,9,14,10,12,12,Primera División Argentina
S. Grella,CA Unión (Santa Fe),Argentina,46,"CAM, CF",Right,170,21,50,,49,49,49,55,21,36,39,49,32,52,43,58,51,51,43,54,51,48,58,45,53,45,38,47,30,51,35,21,54,57,50,51,20,20,16,15,15,13,10,9,9,Primera División Argentina
F. Fragapane,CA Unión (Santa Fe),Argentina,7,"LW, ST",Left,167,33,68,,72,64,66,72,38,58,69,62,51,68,65,76,72,63,54,66,77,68,75,73,78,67,54,67,55,67,56,36,65,69,64,67,31,42,38,14,9,12,13,7,11,Primera División Argentina
M. Aguirre,CA Unión (Santa Fe),Argentina,31,"RW, ST",Right,172,18,57,,68,57,52,58,25,46,56,60,41,54,57,55,52,49,49,60,71,65,63,56,60,57,45,60,43,53,37,25,57,49,51,54,26,21,19,9,10,6,11,13,12,Primera División Argentina
M. Estigarribia,CA Unión (Santa Fe),Argentina,19,"ST, LW",Right,184,31,71,,70,73,60,67,37,70,61,74,71,64,64,61,59,57,50,68,67,73,77,74,67,71,71,66,74,76,64,35,72,58,71,80,30,34,33,6,12,6,10,8,14,Primera División Argentina
E. Ramírez,CA Unión (Santa Fe),Argentina,43,ST,Right,170,30,69,,72,72,58,68,36,68,55,74,68,60,73,63,66,60,50,70,70,74,73,75,69,74,64,69,70,69,62,31,72,62,65,66,36,32,27,9,13,13,8,9,15,Primera División Argentina
C. Tarragona,CA Unión (Santa Fe),Argentina,25,ST,Right,176,35,67,,64,66,57,67,35,65,52,69,69,61,66,66,54,61,53,67,60,68,66,74,69,63,68,61,68,62,62,32,69,59,71,69,29,33,27,12,13,10,8,14,11,Primera División Argentina
V. Cerrudo,CA Unión (Santa Fe),Argentina,38,"ST, CF",Right,186,20,49,,54,51,39,47,15,49,36,51,54,43,55,47,38,41,36,47,53,54,48,48,46,56,52,43,55,44,43,13,48,38,51,49,10,11,10,8,12,6,8,7,7,Primera División Argentina
L. Ingolotti,Club Atlético Tucumán,Argentina,1,GK,Right,185,26,72,,49,31,41,39,32,55,27,25,31,49,20,27,24,23,39,41,46,51,50,64,54,51,59,46,62,31,47,46,21,50,34,56,25,32,27,75,65,69,68,77,48,Primera División Argentina
T. Durso,Club Atlético Tucumán,Argentina,25,GK,Right,185,27,65,,42,21,35,31,25,50,20,13,26,44,13,20,15,23,38,32,44,40,40,55,47,43,55,38,58,16,43,29,14,41,38,48,27,23,17,67,64,63,64,71,42,Primera División Argentina
P. Albornoz,Club Atlético Tucumán,Argentina,12,GK,Right,193,26,63,,36,20,31,29,22,46,17,11,26,37,14,20,15,20,38,28,36,36,40,61,46,43,47,40,52,18,39,30,15,34,24,46,20,21,12,62,66,56,63,63,41,Primera División Argentina
C. Ferreira,Club Atlético Tucumán,Paraguay,26,"CB, CDM",Right,185,23,70,Paraguay,68,47,61,60,74,74,60,38,73,67,48,54,54,50,62,64,67,69,57,71,60,66,73,72,77,49,69,72,46,53,46,69,76,75,71,15,8,7,8,7,11,Primera División Argentina
L. Vallejo,Club Atlético Tucumán,Argentina,36,"CB, CDM",Left,181,22,66,,64,49,54,56,70,65,49,43,69,61,40,54,46,45,64,56,58,68,56,64,56,64,62,65,65,50,65,70,46,44,45,64,71,69,72,7,13,7,8,11,9,Primera División Argentina
G. Ferrari,Club Atlético Tucumán,Argentina,6,CB,Right,181,29,64,,61,42,54,53,66,65,48,36,65,66,44,47,44,46,57,57,61,61,49,64,58,52,65,61,66,45,67,60,34,43,41,61,66,69,69,11,10,9,7,8,10,Primera División Argentina
G. Suso,Club Atlético Tucumán,Argentina,20,CB,Left,190,35,68,,61,48,55,58,71,69,50,44,75,61,44,54,51,49,58,61,62,60,56,71,56,62,66,62,71,49,73,68,42,48,44,71,70,73,72,9,9,13,8,11,12,Primera División Argentina
J. Gabriel Rodríguez,Club Atlético Tucumán,Argentina,17,"CB, CDM",Right,188,32,67,,64,48,55,56,74,71,54,43,70,59,43,55,45,44,62,55,62,65,52,69,55,64,72,63,75,47,69,72,42,50,42,65,76,74,74,9,7,13,10,11,6,Primera División Argentina
I. Galván,Club Atlético Tucumán,Argentina,21,"LB, RB",Left,181,24,65,,72,51,60,62,64,66,64,49,57,61,44,61,56,53,60,63,71,73,63,64,64,56,54,70,68,52,60,64,45,56,50,63,63,68,66,13,13,14,11,10,13,Primera División Argentina
J. Infante,Club Atlético Tucumán,Argentina,32,"LB, LM",Left,177,30,67,,74,57,63,65,65,67,67,56,57,65,53,62,57,55,64,67,72,75,64,69,72,64,66,73,64,54,65,68,55,59,54,61,69,62,66,14,8,8,6,10,8,Primera División Argentina
R. Paunero,Club Atlético Tucumán,Argentina,2,LB,Left,176,21,51,,58,37,45,49,52,50,47,33,45,47,32,49,45,34,49,46,58,58,53,51,55,45,46,53,51,36,47,49,45,38,33,51,55,52,54,7,6,8,12,12,6,Primera División Argentina
M. Villa,Club Atlético Tucumán,Uruguay,3,"RB, LB",Right,184,29,66,,69,52,61,64,61,65,63,49,57,62,49,62,58,57,62,65,65,72,66,66,65,58,65,70,64,56,61,59,48,56,49,64,62,62,64,7,14,8,9,11,9,Primera División Argentina
L. Di Plácido,Club Atlético Tucumán,Argentina,24,"RB, RM",Right,176,32,67,,66,55,63,63,65,63,65,53,64,63,50,60,58,48,68,64,64,67,67,63,71,64,63,64,61,52,65,62,55,61,53,65,65,66,65,12,15,11,6,11,14,Primera División Argentina
M. Brandán,Club Atlético Tucumán,Argentina,16,"RB, RM",Right,182,26,59,,62,43,56,57,58,59,64,41,50,57,39,56,55,50,55,58,59,64,59,61,56,51,57,63,59,43,55,56,43,51,40,51,63,57,55,13,13,8,10,14,9,Primera División Argentina
L. Vega,Club Atlético Tucumán,Argentina,19,CDM,Right,176,22,66,,58,57,63,61,66,70,56,51,57,67,50,59,56,61,68,62,59,57,60,69,66,67,61,74,68,66,71,69,56,63,49,66,65,68,67,11,8,10,12,13,15,Primera División Argentina
K. Ortiz,Club Atlético Tucumán,Argentina,45,CDM,Right,170,26,69,,64,59,65,63,70,68,53,54,63,70,49,64,62,60,69,60,63,64,64,68,67,67,62,74,65,63,70,66,65,66,67,66,72,74,68,9,8,14,10,13,12,Primera División Argentina
J. Fernández,Club Atlético Tucumán,Argentina,5,"CDM, CM",Right,173,31,67,,57,56,63,63,66,66,57,52,59,65,50,61,58,63,63,65,62,53,64,69,65,61,63,72,61,58,71,63,58,67,64,60,69,67,70,9,11,11,6,10,7,Primera División Argentina
E. Ham,Club Atlético Tucumán,Siria,8,"CM, CDM",Right,173,32,69,,63,62,67,73,62,66,70,58,57,64,60,71,66,64,67,75,61,65,73,68,74,67,55,75,62,67,66,60,64,71,63,70,64,63,59,7,7,9,10,7,15,Primera División Argentina
E. Godoy,Club Atlético Tucumán,Argentina,37,"CM, CDM",Left,172,22,63,,64,59,64,64,55,58,63,55,53,63,56,63,59,55,68,65,65,63,63,67,64,63,58,66,55,65,53,56,59,67,59,62,56,55,56,11,6,10,7,9,14,Primera División Argentina
R. Tesuri,Club Atlético Tucumán,Argentina,11,RM,Right,170,30,69,,79,67,69,74,49,61,71,66,54,67,63,72,67,61,68,78,74,83,78,68,73,68,58,68,58,67,60,54,64,73,70,63,47,49,44,10,11,9,14,12,6,Primera División Argentina
G. Compagnucci,Club Atlético Tucumán,Argentina,28,"RM, LM",Right,179,35,67,,67,64,68,68,48,65,72,65,52,63,58,67,70,66,65,70,64,70,68,62,66,63,60,68,64,63,64,50,64,74,59,62,49,44,46,14,14,9,10,7,15,Primera División Argentina
L. Godoy,Club Atlético Tucumán,Argentina,31,"CAM, CM",Right,169,23,67,,69,64,69,74,39,55,71,64,45,70,64,75,69,61,61,75,68,69,73,70,74,68,57,67,49,61,55,37,69,72,65,67,42,38,35,13,9,9,12,10,6,Primera División Argentina
M. Benítez,Club Atlético Tucumán,Argentina,7,CAM,Right,175,32,68,,67,67,68,71,44,57,66,65,52,66,64,73,72,67,64,69,66,67,73,68,69,70,48,64,57,69,50,43,69,76,73,71,47,42,38,8,7,13,11,10,9,Primera División Argentina
F. Nicola,Club Atlético Tucumán,Uruguay,10,"LW, ST",Left,178,24,69,,77,65,65,71,38,60,69,65,55,68,68,73,69,60,56,70,80,75,72,67,68,69,60,63,61,61,54,38,68,63,62,66,38,35,34,6,7,8,9,10,15,Primera División Argentina
N. Laméndola,Club Atlético Tucumán,Argentina,23,RW,Right,178,27,70,,76,68,69,74,40,61,68,69,56,73,67,73,70,63,68,76,73,78,78,73,70,63,64,68,59,69,58,40,73,67,70,70,39,37,33,15,14,15,6,13,6,Primera División Argentina
F. Pimienta,Club Atlético Tucumán,Argentina,22,"RW, RM",Right,163,23,54,,59,53,51,58,22,44,52,53,35,51,44,63,47,48,45,52,59,59,57,54,63,53,47,57,40,53,38,22,60,54,45,53,22,20,15,15,7,14,13,8,13,Primera División Argentina
L. Díaz,Club Atlético Tucumán,Argentina,9,ST,Right,184,34,69,,64,68,61,68,35,65,56,68,72,67,69,67,64,63,52,72,65,63,63,73,54,68,68,63,69,67,57,39,72,61,67,71,29,29,30,9,7,12,8,14,12,Primera División Argentina
R. Ruiz Rodríguez,Club Atlético Tucumán,Argentina,18,"ST, CF",Right,185,26,65,,66,66,53,63,31,65,51,67,72,57,64,64,56,54,48,63,65,66,60,64,59,70,67,60,71,62,54,32,66,53,64,68,28,22,23,12,10,12,11,9,13,Primera División Argentina
G. Abeldaño,Club Atlético Tucumán,Argentina,35,ST,Right,178,21,57,,57,61,46,56,24,59,44,66,60,49,58,54,43,48,41,58,58,57,59,60,51,59,53,57,64,52,49,21,60,46,61,57,21,18,25,15,6,7,9,11,13,Primera División Argentina
A. Canelo,Club Atlético Tucumán,Argentina,14,ST,Right,178,34,64,,56,69,56,63,32,65,53,74,67,62,65,58,59,57,47,68,57,55,62,68,57,72,59,64,68,60,60,26,68,56,62,67,30,26,28,13,14,13,15,7,6,Primera División Argentina
M. Brondo,Club Atlético Tucumán,Argentina,30,ST,Right,178,24,55,,53,59,46,57,20,52,43,63,54,51,53,59,48,47,39,57,50,56,55,57,51,56,54,49,55,52,47,18,61,45,59,51,16,18,13,11,15,15,9,14,12,Primera División Argentina
T. Ayala,CA Sarmiento (Junín),Argentina,12,GK,Right,188,25,67,,41,26,36,34,23,51,24,14,26,42,12,25,25,22,36,37,40,42,34,65,50,53,51,41,59,31,43,29,17,44,24,48,20,22,21,66,70,60,68,68,44,Primera División Argentina
I. Arboleda,CA Sarmiento (Junín),Colombia,1,GK,Right,185,30,66,,42,24,35,36,22,51,21,16,25,42,14,26,24,26,28,40,41,43,42,62,42,47,55,37,60,22,45,31,19,49,23,46,16,22,21,67,62,62,71,70,41,Primera División Argentina
R. Orihuela,CA Sarmiento (Junín),Uruguay,44,CB,Right,184,25,68,,64,51,58,59,69,73,53,47,63,66,40,53,50,51,63,64,62,65,57,62,57,67,75,71,73,50,77,70,38,48,49,67,68,73,68,8,7,6,6,10,6,Primera División Argentina
L. Suárez,CA Sarmiento (Junín),Argentina,3,CB,Left,184,31,69,,62,48,58,57,77,72,57,38,77,63,39,47,47,53,65,64,63,62,57,75,61,68,75,68,74,51,73,74,46,49,56,66,76,80,73,10,6,7,11,8,9,Primera División Argentina
U. Giménez,CA Sarmiento (Junín),Argentina,20,CB,Right,185,20,56,,54,35,43,45,59,56,37,32,57,48,27,41,41,28,50,48,53,55,43,52,44,48,57,48,60,30,58,58,29,38,36,47,59,62,55,8,11,14,7,9,13,Primera División Argentina
G. Arturia,CA Sarmiento (Junín),Argentina,6,CB,Right,183,26,60,,56,40,49,49,66,61,47,37,65,54,33,44,41,40,56,51,55,56,49,56,54,54,60,57,62,39,63,62,33,39,38,62,68,67,62,14,6,8,12,11,7,Primera División Argentina
A. Seyral,CA Sarmiento (Junín),Argentina,34,"CB, CDM",Right,188,21,56,,52,38,45,46,60,58,42,34,59,55,36,45,28,38,47,46,51,52,45,50,51,47,58,50,62,39,60,59,32,34,35,51,59,62,56,9,14,15,14,9,11,Primera División Argentina
J. Manuel Insaurralde,CA Sarmiento (Junín),Argentina,2,"CB, RB",Left,187,42,64,,47,45,55,53,68,68,50,44,68,64,43,50,43,49,57,53,49,46,54,62,58,60,66,66,70,37,68,65,38,46,44,66,69,70,67,9,15,13,14,8,9,Primera División Argentina
J. Godoy,CA Sarmiento (Junín),Argentina,39,LB,Left,185,21,63,,70,49,59,58,62,64,61,46,61,61,43,58,54,49,61,55,69,70,63,59,65,58,64,69,62,45,61,57,52,56,51,59,64,63,64,6,15,9,13,15,6,Primera División Argentina
G. Díaz,CA Sarmiento (Junín),Argentina,33,LB,Left,175,26,63,,67,50,60,60,59,59,61,47,54,62,44,58,61,51,56,60,67,67,66,57,64,57,56,61,56,50,64,60,50,58,48,62,61,59,58,11,13,15,10,7,14,Primera División Argentina
N. Pasquini,CA Sarmiento (Junín),Argentina,77,LB,Left,177,35,66,,66,49,61,62,64,62,67,43,59,62,45,63,60,54,58,59,65,67,66,69,65,62,68,67,56,48,68,62,54,59,56,65,63,69,63,12,14,12,15,15,9,Primera División Argentina
T. Santamaría,CA Sarmiento (Junín),Argentina,29,"RB, LB",Right,175,23,68,,75,54,63,65,66,67,70,50,58,62,46,65,59,54,67,64,71,78,67,75,64,63,68,75,63,54,66,64,54,59,56,65,67,66,71,8,7,8,14,12,15,Primera División Argentina
J. Manuel Cabrera,CA Sarmiento (Junín),Argentina,4,"RB, LB",Right,180,26,62,,68,46,59,61,62,61,67,44,55,64,41,60,53,45,59,62,73,64,62,55,65,55,57,67,59,43,61,56,47,48,51,58,62,66,64,6,10,7,7,15,15,Primera División Argentina
J. Vallejos,CA Sarmiento (Junín),Argentina,17,RB,Right,175,23,56,,62,40,50,52,54,53,56,34,46,49,40,50,47,46,53,51,59,64,57,53,60,46,49,58,49,44,57,55,41,45,45,52,51,56,59,12,7,8,11,14,14,Primera División Argentina
M. García,CA Sarmiento (Junín),Argentina,5,CDM,Right,180,27,64,,58,54,62,60,65,66,53,51,64,68,45,58,56,53,66,64,60,57,57,64,57,60,62,68,66,58,65,66,56,59,54,59,62,67,67,6,14,12,7,7,11,Primera División Argentina
A. Nadruz,CA Sarmiento (Junín),Uruguay,17,"CDM, CB",Right,183,30,68,,61,57,66,64,67,69,62,52,65,71,48,58,63,57,67,72,65,57,59,69,66,66,65,69,71,60,67,69,61,64,57,69,69,66,65,15,14,14,11,6,13,Primera División Argentina
C. Villalba,CA Sarmiento (Junín),Argentina,25,CDM,Right,175,28,64,,60,56,62,60,65,62,50,53,59,68,47,61,59,51,67,59,61,59,58,60,62,61,60,67,59,62,62,66,56,62,55,63,62,70,66,7,9,10,11,12,9,Primera División Argentina
E. Giménez,CA Sarmiento (Junín),Argentina,23,"CDM, CM",Right,175,22,62,,59,51,60,58,62,62,53,42,61,69,50,55,53,55,62,60,59,59,60,59,63,68,57,72,57,56,61,67,56,54,47,63,57,64,62,13,6,8,14,9,12,Primera División Argentina
M. Martínez,CA Sarmiento (Junín),Argentina,14,CDM,Right,186,33,68,,57,58,66,65,70,74,58,56,64,73,51,65,55,56,64,67,55,58,59,69,58,64,65,70,79,58,70,72,59,68,52,67,67,73,69,6,10,7,9,7,8,Primera División Argentina
C. Zabala,CA Sarmiento (Junín),Argentina,15,"CM, CAM",Right,187,28,68,,64,62,72,73,61,67,74,59,63,70,60,77,68,68,74,72,63,65,67,68,65,63,63,68,69,67,61,64,61,73,64,68,62,57,58,12,13,12,12,15,6,Primera División Argentina
S. Salle,CA Sarmiento (Junín),Argentina,8,RM,Right,185,22,67,,74,63,67,69,46,64,68,62,55,70,58,70,67,61,63,69,71,76,69,65,62,72,63,73,61,61,58,46,59,66,62,66,42,49,39,15,8,10,14,10,12,Primera División Argentina
J. Mavilla,CA Sarmiento (Junín),Argentina,21,"CAM, CF",Left,180,26,69,,69,69,70,74,41,59,71,70,51,70,71,77,70,64,65,71,70,68,76,71,66,67,57,58,61,71,58,47,67,72,69,73,39,38,34,13,12,6,8,9,7,Primera División Argentina
O. Giménez,CA Sarmiento (Junín),Paraguay,18,"CAM, CM",Right,175,19,60,,66,57,65,62,30,52,60,55,48,67,54,65,65,58,62,60,61,70,63,57,62,60,49,54,53,58,49,29,61,71,58,52,30,26,22,15,11,10,14,6,15,Primera División Argentina
G. González,CA Sarmiento (Junín),Argentina,22,LW,Left,183,25,66,,73,64,64,69,36,59,63,63,60,67,63,71,67,64,53,68,70,75,68,67,63,66,57,65,57,63,56,41,71,66,59,61,31,32,27,8,7,14,9,8,14,Primera División Argentina
Y. Arismendi,CA Sarmiento (Junín),Argentina,26,"LW, ST",Left,175,28,62,,68,61,60,65,31,55,60,61,48,62,51,65,60,54,55,65,65,70,70,63,69,65,53,62,53,56,51,33,68,62,60,57,34,23,24,12,7,14,12,7,10,Primera División Argentina
J. Rentería,CA Sarmiento (Junín),Colombia,10,"RW, ST",Left,180,20,62,,71,57,60,64,30,54,65,57,51,61,59,65,60,55,50,63,71,71,67,61,65,58,57,65,50,57,49,35,63,61,54,55,32,23,19,12,10,15,13,14,11,Primera División Argentina
J. Contrera,CA Sarmiento (Junín),Argentina,19,RW,Right,167,23,64,,74,64,63,64,32,53,68,65,50,65,60,63,61,56,58,61,72,75,75,71,72,66,56,59,50,58,50,33,70,61,59,65,28,32,27,10,11,12,11,8,13,Primera División Argentina
J. Marabel,CA Sarmiento (Junín),Paraguay,27,"ST, CF",Right,186,28,72,,75,78,62,70,39,72,61,82,75,65,69,74,65,61,56,66,71,79,70,69,67,81,72,64,77,71,68,31,70,64,72,71,40,33,33,10,6,7,6,14,12,Primera División Argentina
J. Herrera,CA Sarmiento (Junín),Argentina,24,ST,Left,175,35,67,,62,68,58,64,32,65,53,68,70,64,67,62,60,57,47,66,58,65,65,67,60,75,66,62,68,64,59,25,67,58,68,69,27,34,20,15,12,8,6,14,11,Primera División Argentina
P. Magnin,CA Sarmiento (Junín),Argentina,7,"ST, LW",Right,176,36,64,,62,64,58,64,29,63,54,66,55,61,68,59,60,61,53,68,61,63,62,66,63,62,65,66,63,62,61,29,67,59,62,69,27,24,26,13,12,14,6,9,9,Primera División Argentina
D. Churín,CA Sarmiento (Junín),Argentina,9,ST,Both,187,36,62,,57,62,54,63,32,60,48,62,69,56,64,63,62,54,49,63,55,59,61,72,54,65,62,57,64,57,55,28,68,58,59,65,29,27,24,7,8,12,8,15,15,Primera División Argentina
B. Márquez,CA Sarmiento (Junín),Argentina,40,"ST, LW",Right,184,21,52,,55,52,42,53,19,49,34,56,56,47,53,51,49,42,34,57,52,57,48,52,43,52,54,43,54,43,45,19,56,48,49,56,15,13,10,10,9,7,15,10,14,Primera División Argentina
G. Santilli,CA Banfield,Argentina,25,GK,Right,191,24,64,,38,20,35,32,24,48,21,11,21,42,17,22,14,19,39,34,35,40,41,61,46,46,56,39,55,13,38,33,10,41,28,46,23,19,22,61,65,59,65,69,41,Primera División Argentina
D. Rodríguez,CA Banfield,Argentina,50,GK,Left,184,37,66,,37,22,35,34,23,52,25,16,25,39,13,22,21,17,38,36,41,34,41,65,48,39,54,44,59,21,46,31,17,42,28,48,24,17,20,68,68,58,66,68,45,Primera División Argentina
J. Molina,CA Banfield,Argentina,31,GK,Right,180,22,61,,35,21,28,28,20,47,21,14,21,31,14,16,20,16,28,33,34,36,34,52,45,40,44,40,56,21,36,27,12,34,17,43,18,19,12,63,57,57,60,61,42,Primera División Argentina
N. Meriano,CA Banfield,Argentina,6,"CB, CDM",Left,190,25,66,,63,45,54,56,71,68,56,38,73,60,38,49,44,49,52,60,62,64,57,65,56,61,70,61,71,48,71,69,42,46,48,64,76,70,65,14,8,11,14,8,7,Primera División Argentina
R. Malanca,CA Banfield,Argentina,37,CB,Right,185,23,65,,62,46,53,54,66,66,51,42,65,59,39,52,46,45,59,55,63,61,55,63,59,59,65,59,69,45,69,71,35,44,48,57,64,65,67,10,15,8,14,8,11,Primera División Argentina
B. Oviedo,CA Banfield,Argentina,13,CB,Right,183,21,58,,52,38,46,47,61,60,44,34,62,54,33,43,36,34,50,51,57,48,46,54,42,50,59,54,62,34,61,64,32,37,48,60,59,63,58,10,13,15,12,8,8,Primera División Argentina
S. Daniele,CA Banfield,Argentina,34,"CB, RB",Right,183,20,57,,55,37,45,46,62,62,48,28,61,45,28,46,36,43,50,45,52,58,46,51,43,60,64,50,68,38,60,63,32,39,38,53,63,64,56,15,8,10,8,8,11,Primera División Argentina
N. Paz,CA Banfield,Argentina,14,"CB, RB",Left,192,33,66,,58,45,55,54,71,73,51,39,76,60,37,52,44,45,63,55,51,64,48,70,51,56,68,61,79,51,74,72,45,49,45,67,71,70,69,8,11,14,15,11,11,Primera División Argentina
I. Abraham,CA Banfield,Siria,27,"LB, RB",Left,174,28,71,,76,56,68,67,68,66,73,54,60,68,54,67,63,62,67,62,74,78,73,72,77,62,70,74,62,56,65,67,61,64,52,69,67,70,72,7,8,10,11,13,13,Primera División Argentina
L. Cano,CA Banfield,Argentina,19,LB,Left,170,24,64,,64,48,58,58,62,58,59,44,54,63,50,54,56,47,56,58,63,65,64,63,69,58,55,71,50,46,63,63,51,54,49,60,62,62,65,7,14,15,9,15,13,Primera División Argentina
J. Luis Alfaro,CA Banfield,Argentina,4,"RB, RM",Right,177,26,64,,63,50,59,61,63,63,68,46,57,59,47,61,55,49,55,59,62,63,66,60,64,58,57,67,62,51,62,64,50,58,48,58,62,65,66,15,8,9,13,10,9,Primera División Argentina
J. Iribarren,CA Banfield,Argentina,29,"RB, RM",Right,174,23,55,,65,40,53,50,54,50,54,39,42,56,36,47,45,41,50,49,61,69,56,57,61,47,44,61,46,37,50,56,45,52,42,45,51,58,57,6,13,13,14,6,8,Primera División Argentina
L. Ríos,CA Banfield,Argentina,8,CDM,Right,182,25,65,,58,56,63,64,66,66,59,54,62,70,54,64,54,54,65,65,57,58,62,61,58,60,62,66,64,58,71,65,62,60,56,65,67,70,59,14,11,7,9,8,8,Primera División Argentina
I. Pais,CA Banfield,Argentina,35,CM,Right,175,26,68,,67,62,70,71,62,64,67,58,67,74,54,66,65,61,67,80,66,68,67,69,73,68,59,71,61,66,62,65,67,70,56,65,64,58,58,14,9,13,7,13,10,Primera División Argentina
S. Esquivel,CA Banfield,Argentina,15,CM,Right,175,22,60,,58,54,59,62,52,57,59,49,43,61,52,62,52,50,61,63,57,58,59,62,60,61,53,58,57,58,59,56,58,59,60,57,52,53,55,7,13,10,15,9,10,Primera División Argentina
L. Villegas,CA Banfield,Argentina,21,CM,Right,178,22,62,,58,57,62,65,52,61,62,57,60,59,54,66,60,53,71,66,58,58,61,67,60,60,60,65,60,56,57,53,54,63,57,59,51,51,52,14,10,7,11,14,6,Primera División Argentina
L. Palavecino,CA Banfield,Argentina,23,"CM, CDM",Right,174,22,50,,46,45,53,49,43,46,47,45,39,58,46,46,47,50,53,50,47,45,49,48,50,45,43,55,43,46,42,49,44,52,42,57,37,45,44,10,14,11,12,12,6,Primera División Argentina
S. López García,CA Banfield,Argentina,24,"RM, RW",Right,180,28,68,,74,63,65,68,48,63,69,62,56,65,62,69,66,64,65,68,73,74,67,67,66,67,63,68,61,62,60,49,69,63,63,68,47,46,45,7,12,14,14,14,15,Primera División Argentina
T. Adoryán,CA Banfield,Armenia,20,"RM, RW",Right,177,25,66,,70,62,67,66,48,60,72,60,58,68,62,66,66,58,64,67,71,69,70,69,61,65,60,65,57,61,62,46,61,67,64,60,46,49,43,8,11,6,15,11,7,Primera División Argentina
N. Moreno,CA Banfield,Colombia,33,CAM,Right,175,29,65,,60,62,66,69,40,56,62,61,57,65,60,70,70,65,60,70,60,60,70,62,66,60,54,65,54,67,50,36,67,76,60,67,38,43,30,6,9,13,13,13,6,Primera División Argentina
L. Gómez,CA Banfield,Argentina,10,"CAM, CF",Left,170,23,62,,58,60,66,68,36,54,66,60,47,67,57,69,62,59,63,68,66,51,72,64,66,62,49,58,55,59,50,35,62,67,56,62,36,33,31,11,11,14,6,10,15,Primera División Argentina
F. Álvarez,CA Banfield,Argentina,11,"CAM, CF",Right,184,33,62,,58,60,63,65,35,56,60,57,51,63,54,66,62,62,59,65,59,58,58,66,65,66,53,57,56,57,55,39,67,68,64,65,32,33,29,7,6,6,12,13,11,Primera División Argentina
M. Arteaga,CA Banfield,Colombia,70,"CAM, CM",Right,167,27,63,,60,62,65,70,36,51,60,61,51,65,59,70,64,64,61,70,66,56,75,63,67,59,51,58,48,66,52,38,69,72,62,62,34,34,33,6,7,6,7,11,14,Primera División Argentina
L. Piñero,CA Banfield,Argentina,7,"LW, LM",Left,169,19,62,,68,62,60,67,29,54,61,65,43,65,59,66,64,58,55,68,68,68,70,62,66,60,50,68,49,60,48,30,63,56,52,59,24,30,25,11,12,13,13,10,10,Primera División Argentina
D. Zalazar,CA Banfield,Argentina,40,LW,Left,177,24,62,,70,61,56,65,30,53,58,58,53,56,62,63,60,52,60,68,68,71,69,65,65,67,49,62,52,61,46,31,63,53,56,58,29,24,28,6,8,14,15,14,13,Primera División Argentina
F. Medina,CA Banfield,Argentina,18,"RW, RM",Right,165,22,57,,66,57,57,57,26,47,57,58,42,58,54,55,56,53,50,58,68,65,62,58,60,60,46,58,45,53,40,25,59,60,57,55,24,24,26,13,14,11,7,13,15,Primera División Argentina
T. Rodríguez,CA Banfield,Chile,77,RW,Right,184,30,60,,70,60,58,63,30,55,67,63,53,57,55,63,60,55,50,64,65,74,63,60,56,58,54,58,56,58,50,34,66,57,57,57,24,27,28,15,9,15,11,10,11,Primera División Argentina
A. Balboa,CA Banfield,Uruguay,9,"ST, CF",Right,185,32,68,,72,70,59,70,32,68,55,74,72,63,71,71,60,59,52,71,70,74,65,69,58,66,71,64,73,65,58,33,76,59,65,71,30,23,27,11,8,12,13,12,15,Primera División Argentina
A. Machado,CA Banfield,Uruguay,22,ST,Left,181,24,63,,65,65,52,62,32,62,57,67,66,53,61,62,54,54,46,61,65,65,64,60,61,69,70,65,63,56,54,27,67,51,60,61,30,29,20,11,13,15,13,8,14,Primera División Argentina
F. Anselmo,CA Banfield,Argentina,30,"ST, LW",Right,186,32,62,,61,63,51,62,27,64,49,65,65,53,63,60,57,55,41,64,63,60,62,63,53,61,60,65,67,58,58,25,72,54,62,68,23,23,19,14,6,8,6,6,14,Primera División Argentina
M. Hernández,CA Banfield,Argentina,28,"ST, LW",Right,178,21,55,,59,57,46,52,21,51,42,59,56,47,57,51,50,43,41,55,58,59,48,52,53,58,60,44,54,50,49,18,57,51,56,55,15,20,16,7,13,8,12,7,13,Primera División Argentina
I. Arce,Club Deportivo Riestra,Argentina,1,GK,Right,185,34,71,,41,31,39,38,30,55,25,27,30,47,22,25,27,24,41,41,39,43,46,73,53,50,54,49,62,25,43,36,25,42,31,56,29,27,27,73,69,66,76,75,54,Primera División Argentina
M. Arzamendia,Club Deportivo Riestra,Paraguay,23,GK,Right,193,28,61,,38,21,28,28,17,43,13,13,23,34,12,15,20,13,28,34,40,36,36,60,34,43,52,34,51,19,34,21,12,36,25,37,11,18,19,65,60,55,62,60,43,Primera División Argentina
I. López,Club Deportivo Riestra,Argentina,12,GK,Right,187,30,66,,41,24,35,34,24,48,18,18,26,43,17,24,20,27,35,37,37,44,39,61,47,46,57,39,53,19,43,30,17,42,29,50,26,19,23,68,64,63,63,69,45,Primera División Argentina
F. Miño,Club Deportivo Riestra,Argentina,24,CB,Right,185,26,66,,65,46,54,55,69,68,53,39,74,59,39,51,44,46,62,58,61,68,55,64,56,60,67,58,72,49,70,67,42,45,47,65,69,70,67,7,9,15,10,11,7,Primera División Argentina
C. Paz,Club Deportivo Riestra,Argentina,22,"CB, CDM",Right,186,31,68,,60,48,56,58,73,70,50,43,69,65,41,54,48,44,57,61,60,60,58,62,54,61,71,60,75,49,70,65,41,50,46,73,77,76,75,14,13,7,7,9,15,Primera División Argentina
J. Randazzo,Club Deportivo Riestra,Argentina,19,"CB, RB",Right,184,31,65,,58,44,53,55,65,64,52,40,64,56,38,51,50,47,62,57,54,61,53,65,57,58,64,63,63,42,69,64,40,46,51,65,65,65,66,6,14,10,13,10,8,Primera División Argentina
I. Gariglio,Club Deportivo Riestra,Argentina,6,"CB, CDM",Right,189,28,62,,56,44,50,51,68,62,52,37,67,58,36,46,41,43,48,53,55,57,53,60,55,57,65,60,63,49,62,69,38,40,41,56,66,70,69,6,15,15,13,8,13,Primera División Argentina
C. Quintana,Club Deportivo Riestra,Argentina,2,CB,Both,190,38,64,,49,44,55,56,67,70,51,38,69,62,35,54,45,44,59,59,46,51,51,65,51,59,69,61,75,47,71,63,37,48,44,63,63,73,64,13,14,7,6,15,6,Primera División Argentina
E. Tovo,Club Deportivo Riestra,Argentina,3,"CB, RB",Right,190,34,60,,50,40,48,52,66,65,42,32,69,59,38,52,37,40,56,50,52,49,51,63,50,56,60,63,69,41,61,62,39,36,39,57,73,63,60,10,6,7,9,11,10,Primera División Argentina
Y. Murillo,Club Deportivo Riestra,Colombia,4,"CB, RB",Right,193,36,60,,47,38,48,47,62,64,42,29,66,55,39,45,39,41,46,47,43,50,44,58,48,59,67,56,68,36,61,60,34,46,38,58,58,67,60,15,10,13,7,13,15,Primera División Argentina
P. Ramírez,Club Deportivo Riestra,Argentina,5,"LB, LM",Left,175,26,64,,67,50,61,63,62,62,65,47,50,66,47,60,55,51,59,64,63,70,70,63,67,56,62,65,63,50,58,64,51,55,47,57,65,60,66,13,6,12,8,6,13,Primera División Argentina
R. Gallo,Club Deportivo Riestra,Argentina,13,"LB, RB",Left,178,25,63,,66,45,61,59,62,62,62,38,58,67,44,60,53,49,56,57,68,65,58,62,69,51,61,70,59,51,62,58,51,57,52,56,64,64,59,12,14,9,7,8,8,Primera División Argentina
M. Bracamonte,Club Deportivo Riestra,Argentina,36,RB,Right,177,27,66,,70,50,60,63,66,66,65,44,60,61,51,63,59,47,60,61,73,68,65,64,66,63,61,75,62,50,65,62,48,57,54,62,68,67,68,7,9,12,10,15,13,Primera División Argentina
N. Sansotre,Club Deportivo Riestra,Argentina,15,RB,Right,182,33,67,,68,53,62,65,60,64,63,50,63,68,46,64,62,49,61,64,69,67,66,70,67,59,62,68,62,55,62,62,54,54,48,65,54,62,70,9,8,6,12,9,9,Primera División Argentina
N. Watson,Club Deportivo Riestra,Argentina,16,CDM,Right,175,28,66,,61,57,63,63,66,68,56,52,59,67,49,62,59,57,64,62,59,62,62,68,66,65,69,65,68,63,70,66,56,65,58,70,66,70,64,14,14,6,11,14,14,Primera División Argentina
Y. Goitía,Club Deportivo Riestra,Argentina,27,CDM,Right,175,32,65,,57,55,60,59,64,66,54,51,58,65,49,54,51,54,61,60,60,54,63,67,62,64,65,67,65,55,67,63,55,60,63,69,66,65,65,8,11,6,10,10,13,Primera División Argentina
P. Monje,Club Deportivo Riestra,Argentina,14,CM,Right,172,29,65,,66,57,65,65,57,60,63,55,46,65,55,67,60,61,71,65,68,65,61,65,68,58,56,66,58,62,60,60,56,65,53,63,55,62,56,15,9,12,14,12,14,Primera División Argentina
M. Céliz,Club Deportivo Riestra,Argentina,8,CM,Right,183,34,67,,57,61,66,68,56,66,62,56,61,66,61,66,64,59,72,73,56,58,64,67,61,64,57,70,68,68,57,57,72,69,62,66,55,57,53,9,6,6,11,9,12,Primera División Argentina
B. Sánchez,Club Deportivo Riestra,Argentina,10,CAM,Right,170,33,65,,62,66,66,69,39,56,62,68,50,68,65,68,64,59,57,70,59,65,68,69,68,63,56,63,55,67,51,39,61,73,59,67,36,40,36,8,15,10,7,15,15,Primera División Argentina
M. Smarra,Club Deportivo Riestra,Argentina,31,"CAM, CF",Left,166,27,57,,56,56,58,62,31,47,55,56,44,62,49,59,58,51,53,65,58,54,64,55,66,59,43,54,45,58,45,35,53,60,52,57,26,32,26,8,11,15,7,9,9,Primera División Argentina
T. Lauro,Club Deportivo Riestra,Argentina,20,"CAM, CM",Right,178,21,49,,50,50,50,52,21,40,47,49,32,49,41,52,55,50,48,53,53,48,46,48,59,51,36,50,37,53,35,24,50,53,44,51,19,19,14,7,15,10,13,14,13,Primera División Argentina
G. Bravo,Club Deportivo Riestra,Argentina,18,CAM,Right,172,36,68,,62,68,71,74,40,58,72,63,49,70,66,77,70,66,67,73,60,63,75,71,66,73,50,66,54,75,59,36,71,76,66,74,41,39,37,9,15,10,6,15,14,Primera División Argentina
Á. Almada,Club Deportivo Riestra,Argentina,17,"LW, ST",Left,182,26,61,,69,60,60,64,32,54,63,62,51,62,62,68,58,58,56,63,67,70,63,60,62,56,57,63,52,59,48,34,64,60,58,56,28,30,28,6,9,10,6,9,14,Primera División Argentina
Á. Stringa,Club Deportivo Riestra,Argentina,35,"LW, LM",Left,180,30,59,,65,55,58,60,28,55,61,54,52,59,57,64,58,51,52,56,68,62,58,63,60,58,52,61,56,53,45,24,60,59,55,63,26,28,22,8,9,7,7,10,10,Primera División Argentina
G. Obredor,Club Deportivo Riestra,Argentina,40,RW,Right,193,29,62,,69,60,59,65,33,58,64,59,56,62,56,69,56,54,52,65,67,71,63,58,59,62,58,63,61,60,43,30,65,57,58,59,33,30,24,14,10,13,11,15,7,Primera División Argentina
A. Díaz,Club Deportivo Riestra,Argentina,11,"ST, CF",Left,172,26,68,,71,70,60,66,36,65,60,70,68,64,70,66,57,56,51,64,68,73,69,67,70,71,67,63,67,68,60,35,72,59,66,70,33,31,31,11,8,12,13,13,12,Primera División Argentina
A. Alonso,Club Deportivo Riestra,Uruguay,7,"ST, LW",Left,190,28,69,,71,73,59,70,37,74,57,76,67,65,66,73,56,57,50,70,75,68,62,69,62,74,74,69,81,66,61,34,77,57,69,73,33,36,28,9,10,6,7,13,9,Primera División Argentina
T. González,Club Deportivo Riestra,Argentina,21,ST,Right,168,23,64,,68,67,55,64,31,62,48,70,54,58,61,63,58,55,55,62,70,66,68,64,67,68,64,58,65,64,59,26,71,56,58,67,33,28,25,6,15,13,8,9,8,Primera División Argentina
N. Benegas,Club Deportivo Riestra,Argentina,9,ST,Right,186,30,65,,63,66,55,62,33,64,56,71,69,56,66,62,55,52,50,64,60,66,58,65,56,60,71,58,69,62,59,30,68,58,69,68,32,25,27,13,11,12,7,11,6,Primera División Argentina
A. Graneros,Club Deportivo Riestra,Argentina,29,ST,Right,180,30,67,,71,70,56,68,33,65,52,74,68,60,68,64,55,59,51,73,66,75,64,71,61,73,69,63,69,59,57,29,75,56,65,67,32,29,23,6,11,10,14,15,12,Primera División Argentina
G. Flores,Club Deportivo Riestra,Argentina,32,ST,Right,175,24,61,,64,63,50,61,23,60,48,66,60,51,63,56,51,51,48,65,64,64,65,55,63,63,63,57,62,57,59,20,68,53,58,68,17,21,16,11,6,7,10,7,12,Primera División Argentina
A. Aguerre,CA Central Córdoba (SdE),Argentina,1,GK,Right,180,36,66,,39,28,38,34,24,50,22,24,27,43,16,21,23,22,41,39,38,39,43,73,47,49,53,41,57,19,41,31,18,50,29,42,18,25,23,66,66,56,67,70,42,Primera División Argentina
J. Vallejos,CA Central Córdoba (SdE),Argentina,25,GK,Right,188,23,56,,32,17,25,19,14,39,10,10,14,30,10,10,11,10,31,18,31,32,30,51,37,36,40,31,45,15,33,23,10,33,21,34,10,12,12,56,56,52,53,57,38,Primera División Argentina
A. Maciel,CA Central Córdoba (SdE),Argentina,2,"CB, RB",Right,183,29,68,,63,48,56,58,71,68,55,44,74,60,43,53,50,49,61,62,60,65,52,68,57,57,71,64,70,49,68,71,43,49,48,65,70,72,68,14,11,10,14,13,9,Primera División Argentina
F. Mansilla,CA Central Córdoba (SdE),Argentina,6,CB,Left,190,27,67,,60,48,56,56,69,67,50,43,70,64,43,53,45,38,64,58,63,57,54,65,58,62,62,61,71,47,67,68,43,49,50,69,69,70,70,14,9,9,15,12,15,Primera División Argentina
F. Aguilar,CA Central Córdoba (SdE),Colombia,21,"CB, CDM",Right,191,33,66,,56,47,53,54,69,66,47,42,69,59,45,48,48,47,58,56,53,59,56,70,54,62,66,64,67,46,68,70,42,46,47,70,70,70,63,9,11,14,6,7,7,Primera División Argentina
Y. Casermeiro,CA Central Córdoba (SdE),Argentina,17,"CB, CDM",Right,190,24,59,,54,38,50,47,64,60,48,32,63,63,35,42,38,40,46,51,54,54,47,57,42,51,64,46,66,39,59,63,32,40,40,55,59,67,68,6,15,13,10,10,8,Primera División Argentina
J. Pablo Pignani,CA Central Córdoba (SdE),Argentina,42,CB,Right,190,25,59,,57,40,48,48,61,61,49,33,63,57,30,44,40,36,48,51,55,58,51,52,47,60,68,52,68,38,55,58,37,38,40,59,62,60,61,11,9,10,7,12,9,Primera División Argentina
L. Bernabéu,CA Central Córdoba (SdE),Argentina,26,"CB, RB",Left,190,22,63,,60,43,49,54,66,66,44,34,71,53,38,53,42,44,54,54,58,61,49,62,53,62,66,64,69,46,63,66,40,44,44,61,65,66,61,13,11,12,11,10,8,Primera División Argentina
N. Garrido,CA Central Córdoba (SdE),Argentina,32,CB,Left,185,21,62,,52,43,48,51,64,63,44,36,59,52,41,47,39,42,57,53,54,50,53,63,54,60,61,59,65,46,64,67,36,43,42,57,63,65,62,11,6,8,13,11,6,Primera División Argentina
D. Cáceres,CA Central Córdoba (SdE),Paraguay,23,"LB, RB",Left,174,28,60,,66,46,57,60,58,58,63,42,50,59,42,60,48,49,61,58,67,65,65,58,66,57,51,66,55,47,58,65,48,48,44,55,56,55,62,10,12,11,13,15,12,Primera División Argentina
L. Marchi,CA Central Córdoba (SdE),Argentina,3,"LB, LM",Left,180,30,56,,60,42,51,54,53,57,59,38,49,51,38,50,48,37,50,57,61,60,58,49,57,53,54,57,57,39,59,49,43,46,41,49,54,53,58,6,9,10,15,15,14,Primera División Argentina
S. Moyano,CA Central Córdoba (SdE),Argentina,33,RB,Right,175,29,68,,76,52,61,66,68,66,64,50,61,64,48,65,58,51,66,66,72,79,73,63,73,58,62,73,62,51,70,66,59,51,56,66,68,71,67,15,8,13,9,9,8,Primera División Argentina
F. Martínez,CA Central Córdoba (SdE),Argentina,20,RB,Right,173,26,64,,70,49,60,61,63,64,62,45,59,64,47,58,56,50,60,61,70,70,70,64,73,60,53,71,63,46,62,64,51,55,53,61,62,65,60,11,7,10,15,11,7,Primera División Argentina
J. Gómez,CA Central Córdoba (SdE),Argentina,13,"RB, RM",Right,173,26,61,,64,48,58,62,57,57,59,41,48,61,50,60,52,43,56,64,65,64,63,55,71,57,56,63,54,54,58,53,50,57,44,56,58,61,58,14,10,7,14,6,11,Primera División Argentina
M. Vera,CA Central Córdoba (SdE),Argentina,22,CDM,Right,170,30,69,,63,60,66,65,69,69,61,53,63,72,52,63,58,61,65,67,63,63,65,67,65,69,65,71,67,65,72,73,65,64,60,70,71,68,68,7,12,14,6,8,10,Primera División Argentina
T. Cravero,CA Central Córdoba (SdE),Argentina,5,"CDM, CB",Right,176,24,64,,57,55,62,61,64,64,59,51,61,64,50,58,54,54,62,63,61,54,60,66,67,61,61,68,62,61,64,63,55,63,57,61,63,68,61,13,11,6,6,10,15,Primera División Argentina
L. González,CA Central Córdoba (SdE),Argentina,18,"CM, CAM",Right,169,26,70,,69,65,72,73,63,64,74,60,49,73,61,76,68,63,73,71,66,72,69,72,79,78,59,75,58,66,65,67,64,70,63,70,58,70,62,11,13,13,14,10,12,Primera División Argentina
F. Juárez,CA Central Córdoba (SdE),Argentina,8,CM,Right,177,28,65,,61,60,67,62,61,63,63,57,63,72,60,63,59,61,66,61,65,58,58,64,66,65,53,70,59,64,67,60,61,66,60,68,65,59,58,13,11,6,14,10,8,Primera División Argentina
J. Cardozo,CA Central Córdoba (SdE),Paraguay,55,"CM, CAM",Right,175,22,59,,57,55,61,59,53,56,59,53,50,64,49,60,57,55,63,58,58,57,64,53,60,59,50,66,51,56,58,56,52,60,54,57,54,51,50,14,8,10,10,13,9,Primera División Argentina
M. Iacobellis,CA Central Córdoba (SdE),Argentina,10,CAM,Left,172,26,66,,68,67,68,71,37,54,60,67,53,76,61,70,64,67,67,73,65,70,69,66,72,68,49,58,53,70,53,39,61,65,69,70,32,35,35,8,7,9,13,8,8,Primera División Argentina
H. Tijanovich,CA Central Córdoba (SdE),Argentina,11,LW,Left,176,30,62,,65,60,60,63,31,56,58,61,48,61,54,62,60,59,54,64,70,61,62,63,63,64,53,63,56,56,48,34,63,63,60,59,27,28,26,12,9,12,10,15,8,Primera División Argentina
J. Flores,CA Central Córdoba (SdE),Argentina,29,"LW, LM",Left,168,21,52,,58,51,49,55,24,42,53,50,41,49,47,55,52,46,45,53,58,58,67,52,55,52,38,54,39,51,37,23,57,50,52,47,20,24,20,7,13,10,8,6,6,Primera División Argentina
D. Barrera,CA Central Córdoba (SdE),Argentina,7,"RW, ST",Right,171,22,67,,71,64,63,67,35,55,64,66,55,64,59,69,65,61,61,63,70,72,67,66,70,67,49,75,50,59,46,42,66,64,66,68,29,31,30,15,8,10,14,7,10,Primera División Argentina
L. Sequeira,CA Central Córdoba (SdE),Argentina,28,RW,Right,178,31,68,,70,64,67,72,39,59,65,62,57,72,70,72,67,60,57,73,69,70,70,70,73,69,55,68,57,63,53,45,69,71,65,66,37,33,35,6,14,8,8,6,6,Primera División Argentina
E. Naya,CA Central Córdoba (SdE),Argentina,19,"ST, LW",Right,191,25,64,,69,66,54,59,29,63,50,70,74,59,59,56,58,49,50,60,68,70,63,65,49,64,70,59,66,62,59,25,66,54,59,64,22,25,26,15,9,8,13,8,10,Primera División Argentina
M. Santos,CA Central Córdoba (SdE),Uruguay,27,ST,Right,175,33,70,,70,72,61,73,38,66,60,72,67,67,70,72,63,55,53,74,68,72,69,67,74,72,70,67,67,71,63,36,74,58,69,79,35,36,30,12,8,15,7,6,6,Primera División Argentina
L. Varaldo,CA Central Córdoba (SdE),Argentina,9,ST,Right,176,24,61,,63,65,49,61,27,58,51,70,56,49,61,61,58,47,43,61,62,63,64,63,60,64,60,53,61,57,55,23,65,50,64,61,23,26,18,6,12,9,7,15,12,Primera División Argentina
A. Daian Laprida,CA Central Córdoba (SdE),Argentina,37,ST,Left,177,22,56,,57,57,45,57,19,53,41,58,57,51,57,57,47,46,41,58,55,59,54,55,58,62,54,53,57,53,43,18,57,43,52,55,13,14,16,10,13,13,15,6,13,Primera División Argentina
M. Cuitiño,CA Central Córdoba (SdE),Argentina,47,"ST, LW",Left,183,21,54,,55,55,44,53,22,56,40,58,52,49,57,52,48,43,37,54,56,55,56,54,50,51,55,52,61,52,48,19,55,42,52,54,22,15,15,6,12,13,7,9,14,Primera División Argentina
L. Acosta,CA Aldosivi,Argentina,42,GK,Right,187,31,68,,44,24,34,35,26,49,21,18,31,42,19,24,28,19,37,38,45,44,42,60,49,43,60,46,52,23,43,30,17,38,28,53,28,21,27,72,67,65,70,75,39,Primera División Argentina
I. Chicco,CA Aldosivi,Argentina,23,GK,Left,184,30,64,,38,23,32,30,22,48,22,15,21,41,14,20,22,16,32,30,39,38,40,63,45,47,58,41,54,19,41,28,14,35,28,50,18,23,22,69,63,61,67,67,41,Primera División Argentina
S. Moyano,CA Aldosivi,Argentina,1,GK,Right,188,36,64,,31,20,32,32,17,46,23,12,21,32,15,19,17,16,36,37,30,32,39,58,43,46,53,45,48,15,38,27,15,44,22,44,16,11,16,68,61,56,60,61,39,Primera División Argentina
N. Zalazar,CA Aldosivi,Argentina,33,"CB, RB",Right,185,29,69,,70,49,57,56,74,72,53,46,74,65,39,53,51,50,59,56,68,71,56,65,58,62,69,67,75,44,69,75,43,51,53,69,75,72,77,14,8,10,13,9,6,Primera División Argentina
J. Pombo,CA Aldosivi,Argentina,32,"CB, CDM",Right,191,25,65,,59,44,54,52,70,70,53,40,67,55,38,47,43,50,64,56,56,62,49,61,54,62,67,61,75,40,71,68,40,47,44,69,66,76,68,10,11,7,11,13,11,Primera División Argentina
S. Moya,CA Aldosivi,Argentina,28,"CB, RB",Right,187,23,62,,59,40,49,54,65,64,45,33,65,56,36,55,38,44,51,54,59,59,49,58,47,58,64,64,64,39,66,64,35,44,47,64,64,68,62,9,13,13,14,11,7,Primera División Argentina
N. Breitenbruch,CA Aldosivi,Argentina,25,"CB, RB",Right,183,31,65,,60,41,54,53,67,67,47,32,73,59,37,47,48,47,64,56,55,65,51,68,56,57,74,68,64,45,70,69,38,47,46,68,65,65,66,7,10,11,12,9,13,Primera División Argentina
L. Sigali,CA Aldosivi,Argentina,2,CB,Right,182,39,63,,50,44,51,51,66,66,47,42,69,59,40,47,40,45,56,52,51,49,53,63,53,55,61,59,69,42,66,64,38,41,46,62,67,65,63,6,15,7,6,10,10,Primera División Argentina
F. Laurelli,CA Aldosivi,Argentina,17,"CB, CDM",Left,187,22,51,,48,31,36,39,56,53,31,24,58,44,29,31,26,29,42,47,45,50,38,45,39,49,55,45,58,29,52,57,24,26,32,48,57,52,56,7,10,15,12,13,10,Primera División Argentina
B. Cufré,CA Aldosivi,Argentina,13,"LB, LM",Left,179,29,68,,70,52,61,69,67,66,68,47,61,62,48,67,57,56,62,70,70,70,71,70,67,61,68,71,64,53,66,66,63,53,53,67,66,70,65,13,8,12,10,10,13,Primera División Argentina
L. Rodríguez,CA Aldosivi,Argentina,6,"LB, LM",Left,168,33,64,,65,51,60,61,61,60,67,48,49,58,49,59,58,49,63,57,62,67,71,65,73,58,59,70,56,53,60,60,48,56,47,61,61,62,71,10,14,6,11,6,8,Primera División Argentina
R. González,CA Aldosivi,Argentina,4,"RB, LB",Right,175,26,65,,69,51,59,62,64,60,66,45,60,60,59,62,58,55,63,60,69,69,67,66,63,63,56,68,55,48,62,62,54,50,55,62,67,63,65,15,7,10,15,7,13,Primera División Argentina
E. López,CA Aldosivi,Argentina,14,"RB, LB",Right,178,26,62,,69,47,54,62,62,58,57,43,53,57,47,63,54,47,54,62,67,71,63,55,62,54,65,63,54,45,58,65,51,49,50,56,60,65,58,9,10,13,6,8,14,Primera División Argentina
N. Linares,CA Aldosivi,Argentina,5,"CDM, CB",Right,175,30,67,,62,58,63,65,70,65,53,54,64,68,54,66,58,53,66,65,60,63,62,66,69,66,60,71,61,58,68,71,57,65,60,63,70,72,67,7,9,9,15,15,13,Primera División Argentina
R. Bochi,CA Aldosivi,Argentina,12,"CDM, CB",Right,175,39,60,,41,51,58,57,62,60,54,46,53,61,42,55,50,50,59,58,42,41,53,65,58,61,60,70,53,56,63,69,49,59,51,63,61,66,52,6,7,8,12,6,13,Primera División Argentina
F. Perruzzi,CA Aldosivi,Argentina,15,"CM, CAM",Right,177,25,61,,60,57,61,63,53,58,54,55,53,65,50,62,57,57,62,68,60,60,61,57,55,61,56,63,57,59,57,55,57,61,64,63,50,54,52,15,11,10,11,9,9,Primera División Argentina
F. Gino,CA Aldosivi,Uruguay,3,"CM, CAM",Right,176,33,65,,63,60,66,67,56,61,62,56,55,71,55,66,63,56,68,67,62,63,68,69,64,61,54,64,61,67,61,54,63,61,59,65,57,55,56,13,14,6,14,14,11,Primera División Argentina
M. García,CA Aldosivi,Argentina,8,"CM, CAM",Right,182,21,57,,53,52,57,58,50,55,52,46,49,60,44,59,55,53,60,58,49,56,53,54,56,55,55,62,52,64,56,45,54,55,52,62,47,56,47,6,8,11,7,15,7,Primera División Argentina
L. Castro,CA Aldosivi,Argentina,19,"CAM, CM",Right,182,37,66,,57,65,70,72,42,56,67,61,56,73,67,64,69,66,69,80,56,57,75,69,70,70,51,63,56,67,49,43,68,72,61,70,47,35,30,7,12,11,10,9,14,Primera División Argentina
L. Chávez,CA Aldosivi,Argentina,20,"CAM, CM",Right,175,25,57,,59,58,58,63,31,50,54,60,42,57,58,65,57,54,58,61,58,59,60,61,66,53,43,53,52,57,42,32,57,63,57,61,33,27,24,6,10,13,8,10,12,Primera División Argentina
N. Gaitán,CA Aldosivi,Argentina,10,CAM,Left,174,38,63,,55,65,64,69,36,51,56,66,44,68,60,70,67,62,61,70,57,54,70,68,67,63,53,60,49,69,46,40,59,69,62,63,40,29,32,12,13,15,14,11,15,Primera División Argentina
M. Godoy,CA Aldosivi,Argentina,21,LW,Left,176,24,64,,72,65,62,66,34,60,60,68,49,66,66,69,62,57,57,64,69,74,68,61,64,63,56,63,60,63,55,35,62,60,64,58,30,32,30,9,13,13,7,12,12,Primera División Argentina
A. Sosa,CA Aldosivi,Argentina,22,"LW, ST",Left,180,23,63,,67,62,61,67,31,54,67,63,53,62,57,70,65,61,51,64,68,66,68,68,68,65,54,59,54,56,48,32,67,61,63,60,27,29,27,7,10,8,14,15,6,Primera División Argentina
A. Palavecino,CA Aldosivi,Argentina,11,LW,Left,185,23,61,,70,59,61,65,27,52,63,59,48,59,55,68,65,51,58,66,73,67,56,62,59,63,55,59,51,56,46,31,67,64,53,63,27,19,20,15,9,8,12,13,10,Primera División Argentina
T. Fernández,CA Aldosivi,Argentina,27,RW,Right,176,28,65,,73,63,64,70,36,56,70,61,49,64,61,73,65,62,56,68,76,71,70,68,63,65,50,69,53,64,51,34,64,65,61,61,39,31,32,10,8,12,14,7,13,Primera División Argentina
N. Guzmán,CA Aldosivi,Argentina,7,"RW, RM",Right,171,27,61,,65,60,59,63,32,50,65,62,46,59,56,65,57,51,53,61,66,65,64,64,66,61,52,59,49,55,43,31,68,59,57,60,34,28,27,7,10,6,9,10,8,Primera División Argentina
A. Vombergar,CA Aldosivi,Eslovenia,29,ST,Right,188,31,71,,67,69,61,72,39,72,54,70,74,65,70,75,68,62,56,68,66,68,68,74,70,69,75,70,75,64,66,37,76,65,71,75,36,34,30,7,10,7,15,7,14,Primera División Argentina
N. Cordero,CA Aldosivi,Argentina,9,ST,Right,185,27,64,,64,65,53,62,31,65,49,66,67,58,67,60,57,54,50,68,58,68,53,62,61,64,63,63,70,64,55,31,63,51,64,56,28,25,24,12,13,11,9,14,12,Primera División Argentina
B. Dadín,CA Aldosivi,Argentina,16,ST,Both,179,20,58,,63,60,49,56,24,55,46,66,53,55,59,58,48,52,43,54,60,66,55,51,59,53,61,51,58,57,52,21,63,45,54,57,24,17,18,8,12,10,14,6,7,Primera División Argentina
A. Chávez,CA Aldosivi,Argentina,18,ST,Left,184,35,61,,53,64,52,62,27,61,51,68,61,54,62,63,56,49,46,62,54,53,57,65,57,66,67,55,64,52,59,23,64,55,64,67,24,21,24,9,10,11,14,11,14,Primera División Argentina
L. Bruera,AA Estudiantes (Río Cuarto),Argentina,1,GK,Right,188,28,67,,43,27,34,32,24,48,19,22,23,42,18,21,18,19,36,31,46,41,44,69,52,47,55,43,53,24,42,28,14,43,24,46,22,22,25,70,65,62,73,69,48,Primera División Argentina
A. Lastra,AA Estudiantes (Río Cuarto),Argentina,43,GK,Right,193,25,60,,34,19,30,28,17,43,20,14,22,36,11,18,11,13,29,30,32,35,33,54,43,36,56,33,50,17,36,25,13,40,20,40,14,14,13,67,59,52,61,60,41,Primera División Argentina
F. Gualtieri,AA Estudiantes (Río Cuarto),Argentina,12,GK,Left,184,23,62,,35,21,32,29,18,47,15,13,24,41,16,17,17,14,37,31,39,31,38,55,43,40,47,38,54,23,42,24,11,37,27,44,15,18,14,65,57,58,59,65,37,Primera División Argentina
A. Quiroga,AA Estudiantes (Río Cuarto),Argentina,29,"CB, RB",Left,179,24,63,,55,43,50,53,65,67,45,37,63,57,41,49,41,40,54,56,54,55,52,57,62,55,65,60,68,43,73,69,40,44,46,59,63,67,63,9,6,15,11,9,13,Primera División Argentina
J. Antonini,AA Estudiantes (Río Cuarto),Argentina,6,"CB, CDM",Right,187,27,62,,56,44,49,51,63,66,49,40,68,55,38,48,41,35,54,54,58,54,45,62,45,58,72,62,67,41,65,65,38,40,44,57,63,61,63,10,10,15,6,8,9,Primera División Argentina
M. Valenti,AA Estudiantes (Río Cuarto),Argentina,31,CB,Left,184,24,62,,58,42,49,52,66,64,47,38,64,58,28,48,46,43,52,54,56,59,54,61,56,59,68,61,66,40,62,69,35,36,42,54,66,65,65,6,13,14,15,14,14,Primera División Argentina
G. Maffini,AA Estudiantes (Río Cuarto),Argentina,2,"CB, CDM",Right,191,33,63,,53,45,51,55,65,68,46,38,67,56,41,52,42,44,58,57,52,54,50,68,48,60,64,60,71,46,69,66,41,44,44,68,64,66,63,8,13,13,7,10,12,Primera División Argentina
S. Ojeda,AA Estudiantes (Río Cuarto),Argentina,30,"CB, RB",Right,183,34,62,,54,43,51,53,64,63,51,36,63,59,43,51,39,42,54,53,50,57,50,60,52,57,68,60,63,45,67,63,39,41,39,65,62,67,65,10,10,14,7,7,7,Primera División Argentina
L. Baños,AA Estudiantes (Río Cuarto),Argentina,3,CB,Right,192,21,60,,56,44,47,47,63,61,41,40,63,57,39,41,40,37,52,52,56,56,45,53,50,56,62,56,65,44,59,64,34,38,38,61,62,65,61,15,8,7,12,8,15,Primera División Argentina
F. Cobos,AA Estudiantes (Río Cuarto),Argentina,28,"LB, RB",Left,178,33,65,,63,50,61,63,63,63,62,47,56,64,45,60,59,50,63,65,62,64,63,64,66,61,62,70,60,44,63,66,55,58,48,65,60,66,66,13,13,13,6,7,9,Primera División Argentina
F. Rodríguez,AA Estudiantes (Río Cuarto),Argentina,23,LB,Left,182,26,57,,63,45,50,55,55,54,55,40,49,52,44,57,51,48,48,52,59,67,60,56,54,55,53,61,49,47,58,56,48,43,42,49,53,57,59,10,15,13,10,6,13,Primera División Argentina
G. González,AA Estudiantes (Río Cuarto),Argentina,14,"RB, LB",Right,181,23,63,,68,50,59,59,63,65,68,44,57,62,50,56,56,50,58,62,67,69,64,56,67,61,62,70,64,51,61,57,58,48,51,55,68,65,64,13,13,7,8,9,11,Primera División Argentina
V. Fenoglio,AA Estudiantes (Río Cuarto),Argentina,4,"RB, RM",Right,170,23,59,,62,45,56,58,58,56,65,41,48,58,41,54,48,36,55,60,59,65,62,60,65,55,53,60,54,48,55,58,39,49,42,56,56,61,62,6,6,9,13,7,10,Primera División Argentina
R. Lozano,AA Estudiantes (Río Cuarto),Argentina,45,RB,Right,179,29,62,,67,49,58,62,61,60,57,44,57,64,44,61,52,46,59,65,66,67,65,57,60,54,57,68,58,54,56,63,53,53,50,59,60,63,60,14,15,7,6,11,12,Primera División Argentina
M. Ruiz Díaz,AA Estudiantes (Río Cuarto),Argentina,21,"RB, RM",Right,179,30,65,,72,48,58,62,64,65,64,46,59,58,44,58,58,45,61,65,69,74,67,65,67,55,67,70,61,44,69,67,52,55,44,61,63,65,68,11,13,7,12,7,9,Primera División Argentina
S. Rosané,AA Estudiantes (Río Cuarto),Argentina,8,CDM,Right,179,26,65,,60,56,63,63,62,70,58,47,52,69,49,63,59,59,65,62,63,58,64,66,65,70,64,69,72,66,66,63,57,59,55,66,61,67,60,11,10,15,12,11,7,Primera División Argentina
A. Cabrera,AA Estudiantes (Río Cuarto),Argentina,5,"CDM, CM",Right,182,34,68,,58,60,67,62,67,71,61,56,65,75,51,57,60,49,66,66,57,59,57,72,66,66,68,74,70,65,70,76,66,67,61,70,61,66,69,12,10,6,12,9,10,Primera División Argentina
F. Romero,AA Estudiantes (Río Cuarto),Argentina,13,CM,Right,178,27,65,,59,59,64,65,57,65,59,55,57,69,55,66,64,57,66,64,60,59,63,64,66,64,59,73,63,65,63,59,63,61,58,68,55,58,59,9,12,15,10,15,6,Primera División Argentina
N. Talpone,AA Estudiantes (Río Cuarto),Argentina,19,"RM, RW",Right,165,30,66,,69,61,64,68,49,60,65,60,50,66,54,67,67,63,60,67,67,71,71,64,71,61,55,73,54,62,59,49,70,62,60,68,51,50,38,12,10,9,11,6,8,Primera División Argentina
G. Alanís,AA Estudiantes (Río Cuarto),Argentina,17,LM,Left,186,32,66,,67,61,67,70,46,63,68,60,59,70,60,70,69,59,58,72,63,71,70,68,58,63,60,67,64,61,57,47,63,69,61,68,44,43,46,15,11,11,7,8,12,Primera División Argentina
T. González,AA Estudiantes (Río Cuarto),Argentina,10,"CAM, CM",Both,181,27,64,,62,64,67,67,41,56,58,66,53,73,61,70,66,66,62,67,63,62,67,61,64,62,50,62,55,62,51,48,72,71,65,61,40,35,35,6,13,6,12,7,12,Primera División Argentina
F. Lo Celso,AA Estudiantes (Río Cuarto),Argentina,40,CAM,Left,175,26,57,,57,56,58,60,31,51,58,55,47,59,53,59,59,57,52,63,55,58,58,61,60,56,46,60,49,60,47,30,53,59,57,60,33,27,26,13,10,10,12,9,12,Primera División Argentina
M. Valiente,AA Estudiantes (Río Cuarto),Argentina,22,"LW, ST",Left,179,26,60,,67,59,58,64,29,47,58,60,47,60,57,64,62,55,49,64,69,65,69,61,65,58,49,56,43,56,45,28,67,59,57,62,27,28,22,13,6,12,9,10,13,Primera División Argentina
I. Hesar,AA Estudiantes (Río Cuarto),Siria,77,"LW, LM",Left,183,32,64,,67,62,61,67,32,55,68,61,54,63,60,70,62,60,51,65,63,71,61,64,70,67,60,63,54,59,48,32,71,60,63,64,31,27,28,6,9,11,15,11,14,Primera División Argentina
J. Chala,AA Estudiantes (Río Cuarto),Colombia,99,"RW, ST",Right,178,22,60,,68,57,58,65,31,50,55,58,47,62,50,66,63,47,55,64,67,69,68,58,63,61,50,60,47,51,43,33,63,59,58,61,30,28,24,12,12,12,15,8,11,Primera División Argentina
J. Garro,AA Estudiantes (Río Cuarto),Argentina,27,"RW, RM",Left,179,33,66,,71,64,61,69,37,60,67,61,57,59,60,65,70,62,50,73,70,71,70,67,65,65,60,66,61,72,50,37,67,63,59,70,35,33,32,11,14,9,13,15,11,Primera División Argentina
M. Bajamich,AA Estudiantes (Río Cuarto),Argentina,32,"ST, CF",Right,178,27,66,,66,69,56,65,34,68,54,72,70,58,69,63,56,64,51,66,66,66,68,68,67,67,65,70,69,66,63,31,73,58,66,67,33,28,28,13,13,6,12,15,8,Primera División Argentina
M. Garnerone,AA Estudiantes (Río Cuarto),Argentina,11,"ST, CF",Right,177,28,65,,65,67,56,66,32,61,57,68,68,58,66,65,64,53,51,70,68,62,63,66,60,73,68,63,61,59,56,27,70,55,67,66,30,27,25,6,15,15,9,9,10,Primera División Argentina
L. González,AA Estudiantes (Río Cuarto),Argentina,7,ST,Right,185,29,62,,69,67,52,58,32,62,50,68,64,50,65,56,54,50,52,60,66,71,56,60,55,73,64,62,64,60,59,30,64,55,63,60,33,26,22,11,9,6,6,8,6,Primera División Argentina
Y. Moreno,AA Estudiantes (Río Cuarto),Colombia,16,ST,Right,188,29,63,,61,61,51,62,30,63,47,59,65,55,63,58,53,54,48,67,64,59,65,65,57,64,69,63,64,61,57,30,62,51,62,61,24,26,25,12,6,12,15,7,10,Primera División Argentina
J. Ferreira,AA Estudiantes (Río Cuarto),Paraguay,9,ST,Right,185,34,61,,57,62,53,59,27,64,47,62,64,55,61,57,54,54,48,60,57,57,59,66,54,65,63,59,71,57,51,31,67,57,64,69,21,20,24,9,8,6,9,9,9,Primera División Argentina
M. Molina,AA Estudiantes (Río Cuarto),Argentina,15,ST,Right,183,27,54,,54,56,43,55,20,50,41,59,56,50,58,52,52,45,30,61,51,57,50,52,51,51,60,46,51,53,48,19,58,39,52,56,15,17,14,8,9,13,9,15,13,Primera División Argentina
R. Ábila,AA Estudiantes (Río Cuarto),Argentina,50,"ST, CF",Right,177,36,60,,56,61,52,57,26,58,47,64,58,55,59,54,54,56,45,57,54,58,58,63,60,62,57,59,60,54,54,22,65,58,58,61,23,21,22,12,10,7,15,12,9,Primera División Argentina
