short_name,club_name,nationality_name,club_jersey_number,player_positions,preferred_foot,height_cm,age,overall,seleccion,pace,shooting,passing,dribbling,defending,physic,attacking_crossing,attacking_finishing,attacking_heading_accuracy,attacking_short_passing,attacking_volleys,skill_dribbling,skill_curve,skill_fk_accuracy,skill_long_passing,skill_ball_control,movement_acceleration,movement_sprint_speed,movement_agility,movement_reactions,movement_balance,power_shot_power,power_jumping,power_stamina,power_strength,power_long_shots,mentality_aggression,mentality_interceptions,mentality_positioning,mentality_vision,mentality_penalties,mentality_composure,defending_marking_awareness,defending_standing_tackle,defending_sliding_tackle,goalkeeping_diving,goalkeeping_handling,goalkeeping_kicking,goalkeeping_positioning,goalkeeping_reflexes,goalkeeping_speed,league_name
F. Manduca,Argentino de Rosario,Argentina,33,GK,Right,188,26,49,,23,13,18,17,10,32,10,10,10,25,10,10,10,10,16,16,23,23,24,44,33,23,35,25,38,10,25,12,10,21,10,30,10,10,10,47,52,45,51,52,26,Primera C
F. Olivera,Argentino de Rosario,Argentina,1,GK,Right,186,26,54,,29,16,25,21,12,40,10,10,11,32,10,10,10,13,26,25,31,28,27,47,36,37,39,28,49,11,34,20,10,32,11,34,10,10,10,57,54,52,58,55,34,Primera C
F. Puppo,Argentino de Rosario,Argentina,12,GK,Left,179,25,51,,25,14,23,22,12,38,10,10,15,26,10,10,10,10,30,25,23,27,32,45,35,29,41,28,45,10,30,18,10,32,10,31,10,10,10,56,50,47,54,53,24,Primera C
T. Ávalos,Argentino de Rosario,Argentina,32,LB,Left,177,23,52,,54,36,45,49,49,50,51,30,40,46,37,47,47,35,47,50,56,53,54,45,56,48,48,57,46,38,51,56,38,38,32,48,48,47,50,9,11,9,14,10,7,Primera C
M. Baez,Argentino de Rosario,Argentina,26,RB,Left,176,32,51,,50,37,46,48,48,50,49,35,42,49,34,48,40,40,50,45,49,51,49,51,55,43,46,55,47,34,50,51,39,40,36,49,49,46,53,7,12,10,14,6,7,Primera C
J. Ignacio Braña,Argentino de Rosario,Argentina,24,"CB, RB",Left,181,21,47,,47,27,35,39,52,47,35,20,56,43,24,37,24,23,35,41,44,49,37,39,39,45,53,43,50,30,45,48,21,28,20,43,53,52,54,15,11,15,8,10,10,Primera C
B. Cabrera,Argentino de Rosario,Argentina,4,"RB, RM",Right,178,23,57,,62,43,53,52,55,53,54,40,50,60,41,51,52,44,53,51,58,65,56,55,58,51,60,59,49,45,56,53,39,44,45,54,58,54,54,8,7,9,7,13,13,Primera C
L. Cáceres,Argentino de Rosario,Argentina,19,"RB, RM",Right,165,26,50,,52,36,45,49,51,46,48,33,41,48,29,49,39,37,44,49,52,52,56,42,48,46,47,49,44,35,49,55,31,43,35,49,49,55,45,14,13,6,15,15,10,Primera C
J. Cejas,Argentino de Rosario,Argentina,2,CB,Right,184,22,50,,44,32,39,38,54,51,36,30,52,52,28,35,29,27,35,38,42,45,38,54,37,42,51,47,51,30,54,48,29,28,32,46,55,59,54,7,6,14,13,15,8,Primera C
T. Celes,Argentino de Rosario,Argentina,13,"CB, RB",Right,192,20,46,,44,26,36,37,51,49,35,22,52,46,15,34,29,29,33,38,40,47,36,41,38,43,48,44,53,25,45,46,22,25,21,42,50,55,53,9,12,12,14,8,7,Primera C
B. Fontana,Argentino de Rosario,Argentina,49,"CB, RB",Right,185,19,42,,38,25,29,32,45,39,26,19,38,37,22,32,28,20,28,33,36,40,25,33,33,39,45,35,40,27,38,47,17,20,19,33,45,47,40,15,14,9,12,12,15,Primera C
J. Palacin Ramírez,Argentino de Rosario,Argentina,43,RB,Left,176,21,44,,49,28,39,40,39,41,41,23,33,43,26,37,36,31,37,40,48,49,47,45,42,36,43,47,39,31,38,36,34,34,27,42,41,40,43,7,13,9,11,12,13,Primera C
D. Ramírez,Argentino de Rosario,Argentina,3,"LB, RB",Left,172,24,50,,54,35,44,46,49,47,49,32,48,47,34,44,42,35,44,45,51,57,55,43,52,42,45,51,45,34,49,45,39,38,34,41,47,53,50,11,9,15,15,14,14,Primera C
I. Valles,Argentino de Rosario,Argentina,28,CB,Right,183,22,45,,41,25,34,35,47,47,33,23,47,38,18,34,23,26,37,33,44,39,34,42,31,37,46,43,48,22,48,45,18,32,23,47,51,45,47,13,6,13,10,8,12,Primera C
C. Aiello,Argentino de Rosario,Argentina,31,LM,Left,177,20,43,,50,36,40,44,23,39,38,35,26,40,30,42,44,33,38,47,53,47,43,39,43,40,31,41,40,36,36,27,44,42,36,41,23,19,20,12,7,9,10,12,13,Primera C
D. Albornoz,Argentino de Rosario,Argentina,21,"CAM, CM",Right,172,26,49,,49,49,52,50,22,40,49,48,30,54,46,48,50,56,45,52,51,47,50,54,49,53,34,46,39,49,36,21,49,56,53,52,23,20,19,11,7,11,7,12,14,Primera C
J. Andrada,Argentino de Rosario,Argentina,5,"CDM, CB",Right,171,21,52,,44,41,50,47,54,54,44,38,45,56,35,42,43,40,54,53,45,44,40,54,48,44,51,57,51,46,56,53,46,47,36,58,55,56,52,9,11,7,15,8,11,Primera C
M. Báez,Argentino de Rosario,Argentina,25,LM,Left,170,27,48,,52,42,46,52,28,47,46,42,34,47,39,51,45,39,41,55,54,51,50,50,47,48,37,54,46,38,41,31,40,49,46,49,23,29,31,8,8,6,12,12,13,Primera C
T. Bartalini,Argentino de Rosario,Argentina,16,"CM, CDM",Left,175,23,56,,49,50,59,59,46,54,57,47,43,65,48,59,49,45,57,62,51,48,56,57,53,52,51,55,55,53,49,48,52,56,48,54,49,44,47,11,9,10,7,7,12,Primera C
I. Canteros,Argentino de Rosario,Argentina,22,CDM,Right,173,22,49,,44,40,48,46,52,53,44,36,46,52,26,42,42,40,47,50,41,46,47,43,43,44,52,59,51,46,52,54,44,47,39,51,52,52,49,12,11,8,15,10,12,Primera C
J. Bautista Cantiani,Argentino de Rosario,Argentina,15,CM,Right,166,27,52,,51,45,54,51,45,52,51,41,38,59,43,51,49,46,53,49,55,48,50,50,52,44,46,52,53,52,49,51,50,52,47,58,45,44,39,6,13,12,11,11,8,Primera C
F. Cefarelli,Argentino de Rosario,Argentina,48,RM,Right,160,18,43,,55,38,42,43,21,38,47,36,25,44,34,44,43,38,36,43,56,55,46,38,43,39,30,48,36,43,32,20,37,41,35,33,19,24,19,10,11,15,8,6,10,Primera C
J. Cruz Cisneros,Argentino de Rosario,Argentina,8,"CM, CAM",Right,178,23,57,,52,50,57,58,48,52,54,48,44,59,48,56,57,51,58,63,55,50,51,55,57,50,48,52,50,54,56,53,56,57,55,59,47,47,45,13,11,10,11,7,12,Primera C
M. Correa Medina,Argentino de Rosario,Argentina,11,LM,Right,170,22,51,,52,45,53,51,32,45,54,41,37,50,43,48,54,46,57,52,53,52,59,53,53,48,37,50,45,51,42,36,51,57,46,48,31,30,28,6,15,11,12,11,9,Primera C
J. Duarte,Argentino de Rosario,Argentina,40,RM,Right,169,21,45,,53,39,45,44,25,40,50,36,29,44,39,44,42,37,42,43,52,53,49,44,46,43,33,49,39,39,32,25,42,45,39,42,25,24,26,7,15,13,11,9,12,Primera C
M. Espíndola,Argentino de Rosario,Argentina,20,"RM, LM",Right,169,20,46,,50,38,45,43,29,41,49,35,39,44,40,43,45,39,43,42,48,51,49,39,45,43,34,52,38,36,37,30,43,44,43,39,26,31,18,8,13,8,6,14,8,Primera C
J. Galimberti,Argentino de Rosario,Argentina,17,"RM, RW",Right,165,23,50,,54,44,50,50,30,43,56,44,35,46,39,48,48,44,51,52,53,54,56,43,55,48,37,52,40,43,41,30,44,50,41,45,31,30,27,6,15,11,15,7,6,Primera C
M. Ginex,Argentino de Rosario,Argentina,44,"CM, CAM",Left,170,19,44,,45,41,44,48,35,42,37,36,36,47,32,48,39,43,46,50,46,45,47,39,48,52,32,50,39,44,40,37,37,46,37,43,33,37,34,13,7,7,6,12,9,Primera C
B. Gómez,Argentino de Rosario,Argentina,27,RM,Right,179,20,47,,52,44,48,47,29,41,51,43,29,52,44,53,44,38,40,41,49,54,50,42,54,42,41,43,40,48,39,30,44,46,39,41,31,27,30,12,14,13,11,11,12,Primera C
M. González,Argentino de Rosario,Argentina,10,"CDM, CM",Right,178,21,47,,43,38,44,43,48,51,39,33,36,48,31,40,35,39,48,47,42,44,36,49,43,43,46,56,48,45,52,54,37,43,37,48,49,50,44,10,15,13,6,14,9,Primera C
S. Guanter,Argentino de Rosario,Argentina,41,"CM, CDM",Left,173,26,45,,38,40,46,47,38,42,42,34,33,46,39,45,41,47,48,51,39,37,48,43,45,49,38,48,39,46,41,42,41,48,37,42,40,36,36,6,9,9,13,11,12,Primera C
T. Guiñazú,Argentino de Rosario,Argentina,18,CM,Right,179,21,50,,44,46,48,51,42,45,43,43,38,49,45,51,47,42,49,52,45,44,46,48,54,49,43,50,45,55,40,47,43,52,39,48,42,39,42,6,6,11,7,15,14,Primera C
M. Hernández Castillo,Argentino de Rosario,Argentina,38,"RM, LM",Left,169,20,46,,53,42,44,48,28,42,46,42,34,47,39,53,42,41,42,45,55,52,50,41,45,41,33,49,41,42,37,27,39,41,43,40,26,29,22,12,6,15,9,8,15,Primera C
L. Pino,Argentino de Rosario,Argentina,39,CM,Right,180,23,46,,42,40,46,48,42,45,36,33,38,52,34,49,41,44,51,49,39,45,47,48,39,51,42,54,44,45,39,37,45,42,41,43,43,47,34,7,9,7,7,13,14,Primera C
O. Rubarth,Argentino de Rosario,Argentina,6,CDM,Right,175,23,49,,41,40,45,46,48,47,36,39,43,48,31,43,38,40,53,48,37,45,40,47,49,48,53,50,41,39,56,51,42,45,37,55,44,52,50,9,10,11,11,13,15,Primera C
A. Sánchez Graziadei,Argentino de Rosario,Argentina,45,CM,Right,177,22,44,,43,40,45,41,37,42,41,38,29,48,32,39,42,34,48,43,45,42,44,44,41,44,38,41,43,43,41,34,39,47,35,39,36,43,33,12,8,6,8,8,6,Primera C
J. Saucedo,Argentino de Rosario,Argentina,42,"CM, CAM",Right,171,19,45,,44,40,42,46,37,44,38,34,37,44,36,43,41,35,47,49,43,45,46,45,48,45,38,50,42,50,42,39,40,43,36,41,38,37,34,10,6,10,6,9,9,Primera C
L. Torrez,Argentino de Rosario,Argentina,30,LM,Left,166,18,45,,49,39,42,44,27,40,46,35,30,44,37,44,50,31,38,44,44,53,45,48,49,42,36,44,40,45,38,28,35,39,44,38,28,26,24,14,6,8,11,6,11,Primera C
F. Velasco Zavalla,Argentino de Rosario,Argentina,14,CM,Left,171,18,44,,42,40,47,43,38,41,44,39,34,51,35,37,35,38,44,50,44,41,46,37,46,43,37,48,37,41,42,41,38,52,42,44,39,36,44,6,9,10,12,10,12,Primera C
F. Yess,Argentino de Rosario,Argentina,34,RM,Right,177,24,48,,58,43,48,49,25,44,47,42,35,52,44,52,47,37,47,47,56,59,52,42,46,47,40,56,39,41,40,26,49,48,40,44,26,21,23,11,9,9,10,11,6,Primera C
L. Fernández,Argentino de Rosario,Argentina,7,RW,Right,178,22,48,,55,46,46,49,20,41,50,48,35,47,46,47,42,45,41,50,62,49,53,51,53,43,41,51,38,46,36,24,45,47,40,49,12,21,18,10,13,14,8,13,9,Primera C
F. Franceschini,Argentino de Rosario,Argentina,46,RW,Right,169,20,44,,52,42,43,47,15,35,45,41,29,46,40,44,42,36,33,52,55,49,52,39,47,44,33,44,33,43,29,16,41,45,43,41,15,10,10,15,15,12,10,14,11,Primera C
R. González,Argentino de Rosario,Argentina,23,"LW, ST",Right,175,35,46,,49,44,44,49,14,36,47,46,31,43,39,47,43,42,40,51,43,54,54,46,49,46,37,48,32,39,32,10,44,47,40,41,15,13,10,15,6,9,15,9,12,Primera C
R. González,Argentino de Rosario,Argentina,35,LW,Right,173,25,48,,52,47,46,49,17,40,46,51,38,50,46,47,46,39,39,52,51,53,50,48,54,43,43,48,41,43,29,18,48,45,45,43,16,13,10,13,13,9,7,13,10,Primera C
N. Heiz,Argentino de Rosario,Argentina,36,ST,Right,192,27,48,,50,51,39,46,17,51,40,55,47,44,46,44,45,35,32,50,49,50,44,45,48,49,48,43,57,47,47,14,51,34,47,47,15,11,13,8,13,7,13,10,7,Primera C
L. Molina,Argentino de Rosario,Argentina,37,"ST, RW",Right,178,23,47,,51,46,40,44,16,47,40,45,50,46,51,40,41,36,29,48,50,52,41,45,43,48,46,45,49,43,43,10,48,40,45,49,13,11,13,6,12,10,6,6,10,Primera C
F. Peralta Bravo,Argentino de Rosario,Argentina,47,"RW, ST",Right,169,21,44,,52,41,42,47,14,37,44,40,34,43,41,48,43,38,36,45,56,49,52,47,43,46,40,43,36,39,29,17,43,44,29,41,11,10,14,9,6,12,8,11,7,Primera C
W. Quinto Orejuela,Argentino de Rosario,Argentina,9,ST,Right,175,22,51,,53,50,43,51,19,52,37,51,51,49,49,49,43,43,35,55,54,52,46,49,46,50,53,44,58,48,47,14,53,45,49,53,16,18,10,13,9,8,10,10,6,Primera C
M. Scassa,Argentino de Rosario,Argentina,50,ST,Left,186,18,42,,45,43,34,43,13,40,31,47,42,38,43,40,38,34,25,48,46,45,43,38,39,44,43,33,45,33,34,10,51,35,44,44,10,10,10,15,8,10,11,11,10,Primera C
K. Schmidt,Argentino de Rosario,Argentina,29,"ST, RW",Right,172,22,45,,49,49,34,45,14,43,35,51,47,35,50,44,39,36,25,46,45,52,44,52,39,50,44,41,46,41,40,14,54,36,50,47,10,10,10,13,9,15,13,15,9,Primera C
V. Destéfano,Atlas,Argentina,35,GK,Left,184,20,47,,29,14,19,17,10,30,10,10,10,22,10,10,10,10,22,18,30,28,24,43,22,28,38,16,41,10,20,10,10,26,10,25,10,10,10,49,45,45,43,53,26,Primera C
L. Fontán,Atlas,Argentina,36,GK,Left,184,24,47,,22,13,18,15,10,31,10,10,10,19,10,10,10,10,18,12,24,20,20,40,27,27,31,22,42,10,17,10,10,26,10,25,10,10,10,46,48,44,49,46,24,Primera C
R. Grieger,Atlas,Argentina,1,GK,Right,186,35,58,,26,16,28,24,16,40,12,10,16,34,12,13,11,17,37,26,26,26,32,49,45,39,40,29,47,10,35,22,10,32,14,41,13,16,16,63,57,55,56,65,37,Primera C
T. Rivero,Atlas,Argentina,32,GK,Right,192,22,48,,25,14,20,16,10,33,10,10,10,26,10,10,10,10,15,13,23,27,23,43,24,29,35,27,40,10,23,10,10,26,11,30,10,10,10,53,49,47,48,47,28,Primera C
G. Alcaraz,Atlas,Argentina,14,"RB, RM",Right,175,29,51,,55,36,46,48,49,47,50,32,44,49,32,45,46,29,45,49,54,55,51,51,53,38,48,55,43,43,48,52,32,40,37,51,45,51,53,15,9,13,15,11,8,Primera C
B. Brandán,Atlas,Argentina,13,CB,Right,184,27,57,,55,39,43,45,58,58,43,36,61,51,32,41,34,37,46,46,54,55,44,55,46,52,58,55,59,37,59,59,34,30,34,53,56,59,55,7,14,9,15,14,14,Primera C
K. Ceballos,Atlas,Argentina,41,LB,Left,171,21,46,,52,31,39,43,45,42,45,27,36,40,30,40,37,31,39,45,50,53,46,41,49,39,45,47,37,30,46,47,34,34,29,36,44,44,52,12,11,14,9,12,9,Primera C
L. Díaz,Atlas,Argentina,33,"LB, LM",Right,170,21,48,,54,35,45,44,46,47,51,33,41,47,31,45,43,33,43,39,57,52,50,49,50,40,49,53,44,35,46,42,37,41,36,44,49,44,51,11,6,6,14,6,6,Primera C
L. Flores,Atlas,Argentina,28,LB,Left,176,26,49,,54,37,45,45,48,48,56,35,45,45,31,48,44,31,47,39,53,54,52,46,51,40,47,50,46,36,49,45,45,38,36,41,48,48,52,6,8,11,6,6,6,Primera C
T. Molina,Atlas,Argentina,27,"LB, LM",Right,176,23,51,,58,38,45,50,52,49,54,36,46,46,40,48,43,37,43,50,56,60,57,54,54,41,42,53,47,41,51,53,42,40,36,49,51,54,53,13,9,14,10,15,15,Primera C
A. Ordano,Atlas,Argentina,3,LB,Left,179,32,59,,60,45,55,58,55,59,55,41,56,61,46,54,50,43,54,62,59,60,61,58,61,55,50,66,57,43,56,55,48,51,46,50,52,56,62,14,11,12,6,14,8,Primera C
J. Palavecino,Atlas,Argentina,37,"RB, LB",Left,174,20,47,,56,36,43,44,46,44,48,33,38,44,28,47,41,30,43,40,55,56,47,41,51,44,40,54,40,39,44,47,34,40,30,45,47,47,47,12,8,12,10,11,6,Primera C
N. Pardo,Atlas,Argentina,2,CB,Right,186,33,59,,53,38,50,49,62,63,44,36,68,61,33,48,35,38,50,50,54,53,43,59,47,52,60,59,63,32,67,61,33,43,39,56,65,59,59,9,7,14,11,9,8,Primera C
T. Peralta,Atlas,Argentina,38,RB,Right,180,22,47,,55,32,42,45,45,48,44,30,39,44,28,44,44,28,41,45,56,54,48,45,52,41,44,60,42,31,47,43,36,38,27,39,47,48,44,8,12,8,11,11,10,Primera C
A. Polito,Atlas,Argentina,4,RB,Right,171,24,54,,63,39,50,53,50,51,53,36,49,54,35,57,47,41,52,46,64,62,58,55,59,44,50,57,49,40,51,52,43,42,37,51,49,51,50,11,6,12,12,8,12,Primera C
L. Uñate,Atlas,Argentina,6,"CB, RB",Right,184,31,56,,48,35,42,47,56,60,41,30,58,48,28,44,34,41,43,51,50,47,42,57,40,48,55,57,62,36,60,60,27,36,38,50,49,59,62,14,9,7,14,13,15,Primera C
R. Alarcón,Atlas,Argentina,29,"LM, LW",Left,180,24,49,,50,45,44,50,27,42,52,48,30,43,41,53,50,43,39,49,53,47,50,46,52,42,39,48,43,44,33,30,43,42,46,44,25,27,25,15,14,10,13,10,6,Primera C
J. Cruz Arana,Atlas,Argentina,22,CM,Right,183,24,50,,45,42,51,52,41,46,49,39,39,55,37,56,45,47,55,50,48,43,48,45,52,48,39,55,44,42,42,45,44,46,43,52,36,43,44,8,10,6,8,11,14,Primera C
G. Barrionuevo,Atlas,Argentina,21,"CAM, ST",Left,170,28,52,,51,49,53,57,25,44,54,49,37,52,46,59,52,51,53,57,55,48,57,50,55,48,37,51,44,52,35,27,51,54,46,49,25,19,24,10,11,6,10,6,13,Primera C
F. Bello,Atlas,Argentina,30,LM,Right,182,26,49,,57,45,44,52,29,43,44,40,40,44,44,54,45,46,41,52,57,57,54,43,54,51,36,52,39,51,45,27,43,48,40,43,26,32,25,13,15,11,10,9,7,Primera C
J. Blanco,Atlas,Argentina,8,CM,Right,172,20,52,,53,46,54,51,46,49,47,43,46,57,40,52,54,42,58,49,52,53,54,53,59,51,46,55,50,48,39,47,50,55,49,50,44,48,44,6,9,14,10,10,7,Primera C
B. Bolli,Atlas,Argentina,24,"CDM, CB",Right,176,29,50,,43,41,49,47,52,51,45,38,49,57,25,43,39,42,47,49,43,43,50,52,50,47,47,53,52,46,49,51,46,47,44,52,50,54,53,6,15,11,8,15,8,Primera C
B. Casaux,Atlas,Argentina,25,"LM, RM",Left,168,29,50,,53,43,52,50,32,44,58,38,35,53,42,48,52,37,49,50,50,56,53,51,54,52,41,53,40,46,41,29,39,50,43,48,34,31,31,14,7,6,6,14,15,Primera C
L. Celín,Atlas,Argentina,20,"CAM, CM",Right,179,34,58,,51,56,58,63,31,48,54,56,40,58,57,66,58,59,59,61,51,51,65,56,58,53,48,54,47,62,43,31,56,60,53,59,31,27,30,12,9,6,8,12,8,Primera C
L. Franchelli,Atlas,Argentina,31,CDM,Right,169,23,49,,41,41,48,46,50,51,38,37,41,56,33,43,36,43,50,48,38,43,44,51,42,46,40,51,50,45,56,50,44,48,41,49,54,50,51,14,11,6,6,12,11,Primera C
F. González,Atlas,Argentina,11,"LM, LW",Left,166,25,56,,57,52,56,59,39,51,59,50,44,55,50,60,56,56,57,61,60,54,56,49,61,54,53,55,50,55,47,41,51,53,53,57,37,40,32,10,6,14,10,14,12,Primera C
J. Pablo González,Atlas,Argentina,34,CAM,Left,180,21,48,,46,48,49,50,20,38,44,49,33,53,41,46,46,45,49,54,49,44,55,49,51,50,35,44,38,48,33,23,47,49,47,50,15,20,19,10,11,14,10,9,11,Primera C
A. Meza,Atlas,Argentina,10,CAM,Right,186,27,59,,59,61,60,64,32,50,57,57,41,57,60,62,65,59,61,67,62,56,64,57,69,65,48,60,47,65,44,33,63,66,58,67,33,31,23,14,12,11,10,14,6,Primera C
A. Orué,Atlas,Argentina,42,"CM, CDM",Right,181,20,46,,45,40,47,46,38,42,45,40,36,49,30,44,39,41,48,50,42,48,46,41,46,38,39,47,40,45,44,41,47,49,40,46,36,40,36,13,14,9,15,11,9,Primera C
N. Pérez,Atlas,Argentina,7,RM,Right,172,32,55,,56,52,56,56,33,51,61,52,46,57,51,52,58,47,52,56,54,57,64,59,67,52,41,56,50,51,48,33,53,56,48,54,33,31,30,6,12,8,15,7,15,Primera C
N. Piethe,Atlas,Argentina,15,RM,Right,169,27,51,,57,46,51,53,30,42,51,45,36,54,37,56,51,48,52,52,58,56,52,51,53,49,42,55,34,48,44,34,46,47,39,46,27,30,30,14,6,13,14,9,14,Primera C
M. Ramírez,Atlas,Argentina,39,CM,Right,176,19,47,,48,43,49,48,38,46,47,40,35,49,37,48,45,43,53,52,49,48,45,41,47,47,36,55,44,45,43,43,45,49,46,40,34,39,36,10,15,14,8,14,8,Primera C
A. Romero,Atlas,Argentina,16,CM,Left,169,22,47,,47,42,46,48,40,47,45,41,38,47,35,52,44,38,48,45,49,45,46,44,45,44,41,52,46,46,45,44,42,48,43,45,40,42,33,7,6,6,14,8,8,Primera C
P. Scally Lois,Atlas,Argentina,12,RM,Right,172,22,49,,55,46,48,53,32,39,46,44,42,53,40,56,47,38,46,51,58,53,53,45,55,49,39,46,34,47,41,33,47,46,47,46,30,29,30,9,8,10,13,14,10,Primera C
E. Ventecol,Atlas,Argentina,26,"CM, CAM",Right,176,31,50,,49,46,50,52,41,49,42,46,41,57,38,50,46,46,48,54,47,50,52,54,49,49,42,53,48,48,49,46,42,48,43,49,39,41,38,6,11,12,15,12,11,Primera C
N. Vidal,Atlas,Argentina,17,RM,Right,170,30,52,,55,49,52,52,30,46,55,51,38,53,46,53,54,45,49,53,52,58,53,44,55,47,40,57,41,49,44,29,48,53,41,48,27,30,28,6,10,15,11,11,7,Primera C
D. Vocos,Atlas,Argentina,5,CDM,Left,181,33,52,,39,46,49,51,52,53,41,46,45,53,33,51,45,44,53,54,38,40,47,46,50,52,54,55,52,45,53,52,38,50,42,49,51,55,51,8,10,8,12,6,8,Primera C
A. Dávalos,Atlas,Argentina,18,RW,Right,171,22,50,,62,47,48,52,19,43,55,48,36,49,46,52,50,40,40,51,65,59,56,56,57,41,41,52,41,48,36,19,50,48,46,43,19,17,11,9,13,7,15,11,12,Primera C
B. Fassone,Atlas,Argentina,40,LW,Left,175,32,47,,51,45,46,53,16,41,46,41,33,49,41,53,43,45,37,52,50,52,54,49,57,50,39,46,41,48,37,18,49,49,49,49,13,13,11,6,13,7,13,7,12,Primera C
S. Martínez,Atlas,Argentina,9,"ST, CAM",Right,183,26,53,,53,53,43,52,19,51,43,55,54,45,50,53,45,42,39,53,54,52,42,54,47,52,58,51,54,50,43,12,56,43,51,51,12,18,19,7,9,14,14,13,11,Primera C
R. Retamar,Atlas,Argentina,23,"LW, ST",Left,175,22,45,,53,43,42,47,13,35,49,46,30,41,40,47,45,33,32,45,55,52,53,44,54,42,38,43,31,38,33,14,47,47,41,45,11,10,12,7,8,14,7,11,8,Primera C
F. Rodríguez,Atlas,Argentina,19,"ST, RW",Right,181,23,53,,54,54,44,49,17,53,41,56,49,50,56,49,47,47,34,47,53,54,53,58,46,57,53,47,59,46,47,16,59,44,51,49,14,12,11,13,7,14,9,12,10,Primera C
F. Collazo,Berazategui,Argentina,1,GK,Right,182,27,55,,32,15,25,23,16,36,12,10,17,32,10,15,14,12,26,21,35,29,33,51,34,34,42,24,43,11,33,23,10,29,12,35,12,14,14,55,54,50,57,60,32,Primera C
S. Escudero,Berazategui,Argentina,36,GK,Right,185,22,46,,19,13,20,15,11,29,10,10,10,25,10,10,10,10,20,13,20,18,16,41,26,26,35,25,34,10,21,15,10,26,10,24,10,10,10,49,43,43,47,52,28,Primera C
A. Hernández,Berazategui,Argentina,25,GK,Left,183,23,50,,26,13,22,19,11,34,10,10,10,32,10,10,10,10,20,21,28,25,28,46,28,25,36,23,41,10,29,15,10,26,10,32,10,10,10,51,48,42,58,56,28,Primera C
F. Tursi,Berazategui,Argentina,12,GK,Right,186,34,52,,21,15,22,21,11,37,10,10,10,25,10,10,10,10,26,23,17,24,27,50,30,31,34,31,45,12,25,17,10,34,11,36,10,10,10,47,50,46,52,52,32,Primera C
A. Alfonzo,Berazategui,Argentina,24,CB,Right,188,26,54,,46,34,41,40,58,57,41,29,62,44,26,38,35,36,47,39,44,47,38,54,41,52,56,52,61,30,55,62,27,32,37,48,55,59,53,13,6,7,9,15,10,Primera C
J. Asselborn,Berazategui,Argentina,30,"CB, CDM",Right,182,21,48,,43,30,37,38,51,50,33,25,45,46,24,34,31,25,38,39,46,41,39,47,39,40,46,38,55,32,54,49,25,29,33,47,56,50,50,6,10,9,14,13,11,Primera C
D. Bentancor,Berazategui,Argentina,33,"CB, CDM",Right,187,22,47,,45,28,37,38,50,52,34,23,53,49,25,30,28,27,37,45,42,48,36,48,30,42,50,51,53,27,51,53,21,24,27,47,44,55,46,6,14,14,15,10,11,Primera C
F. Caballero,Berazategui,Argentina,32,CB,Right,180,22,48,,44,27,39,36,51,49,34,18,52,49,22,32,28,32,40,36,42,45,33,51,41,46,51,47,49,28,51,51,25,29,30,46,50,52,47,9,12,11,15,12,6,Primera C
G. Centurión,Berazategui,Argentina,6,"CB, RB",Right,177,29,58,,53,37,45,48,62,60,48,33,61,49,31,44,35,38,48,51,53,53,49,61,46,47,58,51,64,40,62,62,33,37,40,56,61,64,61,15,6,11,11,12,10,Primera C
L. De Respinis,Berazategui,Argentina,22,"CB, RB",Right,182,25,49,,48,28,37,38,50,54,35,22,54,44,27,35,31,27,41,39,43,52,35,46,42,39,55,48,57,30,53,54,20,28,31,45,46,50,50,15,13,12,9,11,7,Primera C
B. Robles,Berazategui,Argentina,13,CB,Left,189,28,55,,54,35,42,44,60,56,38,29,58,50,34,39,36,34,46,45,46,60,46,56,45,52,52,48,60,32,58,56,31,32,31,57,60,62,60,14,9,9,8,10,6,Primera C
J. Pablo Serrizuela,Berazategui,Argentina,4,RB,Left,180,25,59,,63,45,59,55,55,56,66,43,49,64,42,51,52,44,57,58,64,62,61,55,54,55,52,67,50,42,58,58,43,52,44,60,52,57,59,13,7,10,8,15,9,Primera C
I. Troilo,Berazategui,Argentina,15,"LB, RB",Left,177,25,57,,63,41,51,52,55,56,54,34,50,50,32,52,51,45,50,50,66,60,58,53,57,50,55,61,52,46,61,56,48,51,43,53,53,57,60,9,7,10,6,13,11,Primera C
A. Vera,Berazategui,Argentina,2,"CB, CDM",Right,185,25,57,,52,35,46,48,60,58,48,28,59,52,35,42,36,37,50,53,51,53,48,53,51,50,64,54,59,37,61,65,29,33,37,58,57,60,62,15,7,12,15,9,8,Primera C
S. Villalba,Berazategui,Argentina,3,"LB, RB",Left,180,30,58,,65,46,51,56,54,54,61,42,44,52,41,54,50,43,47,59,65,65,53,56,63,59,55,60,51,45,53,55,46,44,45,48,58,54,53,14,14,11,13,11,12,Primera C
T. Benítez,Berazategui,Argentina,14,CM,Left,175,22,50,,47,43,49,51,42,47,47,40,40,55,40,53,45,42,46,49,46,47,47,54,48,48,42,55,45,47,41,44,46,45,43,56,45,40,35,14,14,6,6,13,15,Primera C
L. Bergliavaz,Berazategui,Argentina,37,CM,Right,172,21,46,,41,38,47,48,40,45,38,35,35,49,36,51,44,36,50,46,42,40,51,40,47,44,41,47,47,40,40,42,36,52,38,47,38,44,39,14,15,6,7,15,12,Primera C
P. Bormida,Berazategui,Argentina,17,RM,Right,171,21,47,,53,40,46,51,29,41,51,37,36,48,40,54,50,34,40,47,53,53,58,45,54,46,40,50,39,42,37,29,41,42,43,46,26,30,24,11,7,13,6,14,10,Primera C
M. Corrales,Berazategui,Argentina,38,RM,Right,176,22,46,,49,41,45,49,27,43,52,41,29,42,35,49,45,40,46,49,49,49,52,49,51,44,33,46,40,37,47,31,42,46,41,43,24,30,19,14,14,10,8,14,7,Primera C
L. Cuella,Berazategui,Argentina,5,CDM,Right,178,22,53,,48,42,50,50,56,56,47,37,49,54,38,42,43,43,58,59,51,46,48,52,51,55,53,58,57,40,53,64,46,44,45,51,54,54,55,13,9,12,11,15,6,Primera C
B. Duarte,Berazategui,Argentina,23,LM,Right,182,31,58,,64,51,57,61,39,51,61,48,38,57,51,59,55,59,56,62,62,65,67,57,58,56,47,56,50,53,50,43,54,54,49,58,38,39,35,14,10,10,12,11,14,Primera C
T. Ferreyra,Berazategui,Argentina,20,CM,Right,181,19,47,,42,41,49,47,40,44,45,37,35,53,36,49,41,39,50,48,40,43,45,43,41,45,36,49,43,45,41,42,44,51,44,44,38,43,37,9,6,7,11,10,15,Primera C
P. Martínez,Berazategui,Argentina,34,"CDM, CM",Left,178,22,47,,41,35,47,42,49,50,40,27,36,52,30,39,42,37,48,46,41,41,35,49,43,44,43,52,50,44,50,47,41,46,33,52,49,54,49,12,6,15,9,7,8,Primera C
L. Miranda,Berazategui,Argentina,7,LM,Left,180,32,51,,55,49,52,53,32,44,61,49,33,47,46,52,51,43,47,53,52,57,64,50,51,52,41,55,42,49,38,29,49,57,47,51,37,30,33,9,14,7,15,10,8,Primera C
N. Pombo,Berazategui,Argentina,8,CM,Right,180,36,57,,50,52,60,58,52,56,59,49,48,60,51,55,58,53,57,59,51,50,58,62,61,57,57,60,55,54,54,51,53,66,50,64,56,50,47,13,12,10,11,13,12,Primera C
F. Quiroga,Berazategui,Argentina,16,"CDM, CB",Left,172,22,50,,44,40,44,45,52,53,39,35,48,45,32,47,41,40,47,42,45,43,42,51,49,51,50,55,52,40,53,55,43,45,39,51,51,54,50,10,6,14,13,12,14,Primera C
S. Sánchez,Berazategui,Argentina,18,CM,Right,173,24,54,,51,48,56,54,46,53,54,42,38,56,44,53,53,48,61,55,54,48,55,54,49,58,47,56,54,52,49,48,52,58,46,56,47,46,46,14,9,11,9,10,6,Primera C
G. Santillán,Berazategui,Argentina,10,"CAM, CM",Right,172,27,57,,56,57,60,62,31,45,58,57,48,63,57,62,62,57,50,63,60,53,59,57,59,55,44,52,42,59,44,33,53,64,53,62,32,27,21,7,15,13,8,9,14,Primera C
L. Zunini,Berazategui,Argentina,21,"LM, LW",Left,172,21,50,,59,45,48,52,29,39,53,43,33,46,42,52,48,44,47,52,60,58,52,46,57,47,33,50,35,49,39,34,48,50,45,49,27,26,27,13,7,14,11,7,14,Primera C
E. Caballero,Berazategui,Argentina,29,ST,Right,180,25,52,,52,51,41,52,17,52,37,50,49,47,56,52,44,41,31,52,54,51,52,55,47,51,57,44,60,47,41,16,62,40,56,52,14,13,10,12,9,9,11,10,14,Primera C
G. Fernández,Berazategui,Argentina,11,"LW, LM",Left,170,36,56,,62,57,55,56,23,50,55,60,45,58,49,60,57,44,48,53,62,62,53,56,58,59,42,57,51,53,41,19,59,57,52,55,26,17,19,12,15,10,12,11,10,Primera C
C. Díaz,Berazategui,Argentina,26,LW,Left,175,22,49,,59,49,48,51,21,41,52,50,36,45,42,50,49,45,45,54,63,55,50,47,55,49,33,49,40,48,36,23,55,52,45,47,17,21,15,7,13,13,9,14,15,Primera C
A. Godoy,Berazategui,Argentina,27,ST,Right,179,23,49,,54,48,38,50,19,47,30,50,51,42,47,50,43,40,35,51,54,54,43,52,48,48,51,38,53,44,43,15,47,39,50,55,15,18,10,15,14,12,11,9,9,Primera C
B. Hernández,Berazategui,Argentina,19,ST,Right,178,27,58,,57,59,49,60,25,58,53,62,63,51,55,62,51,43,43,62,58,57,55,57,53,57,51,58,62,52,49,23,67,48,61,59,23,18,14,10,9,10,7,12,13,Primera C
I. Lobo,Berazategui,Argentina,28,LW,Left,164,30,51,,58,51,48,54,24,40,56,55,32,48,43,55,51,46,37,51,55,60,59,54,54,51,41,44,40,43,35,27,58,48,46,50,23,22,23,12,6,13,12,15,9,Primera C
B. Miño,Berazategui,Argentina,9,"ST, RW",Left,179,22,53,,55,53,41,53,20,53,38,56,56,45,50,53,46,45,40,54,54,56,51,50,49,54,56,49,57,47,46,20,58,34,52,53,15,17,11,10,14,7,11,14,8,Primera C
J. Molina,Berazategui,Argentina,31,ST,Right,172,34,51,,46,55,41,50,18,48,36,60,52,41,55,48,46,41,38,49,46,46,52,54,52,53,52,43,52,48,41,17,53,47,50,53,10,17,14,13,11,10,15,9,9,Primera C
A. Sanabria,Berazategui,Argentina,35,"ST, RW",Right,182,22,47,,50,50,37,49,15,48,36,54,50,40,48,51,38,41,30,47,44,54,49,45,46,52,49,43,54,42,38,13,49,35,41,48,12,10,10,7,9,9,6,9,6,Primera C
E. Francesconi,Cañuelas F.C,Argentina,1,GK,Right,190,28,62,,40,20,30,27,19,44,19,12,19,34,13,10,20,12,34,33,36,43,41,64,47,44,54,36,50,19,35,29,16,37,21,37,19,15,15,66,66,61,60,60,37,Primera C
A. Marín,Cañuelas F.C,Argentina,25,GK,Left,177,23,51,,24,14,20,19,12,32,10,10,10,24,10,10,10,10,22,20,25,24,26,40,32,30,36,25,39,10,23,21,10,26,13,31,10,10,10,55,46,46,52,52,28,Primera C
U. Rivero,Cañuelas F.C,Argentina,30,GK,Left,184,20,48,,27,13,20,17,10,30,10,10,10,25,10,10,10,10,23,18,28,26,24,42,26,27,35,23,35,10,26,12,10,23,10,23,10,10,10,51,48,40,48,47,26,Primera C
S. Cari,Cañuelas F.C,Argentina,26,"RB, RM",Right,180,18,48,,54,36,45,42,46,44,48,30,42,52,29,41,38,31,40,43,52,55,47,38,45,46,47,50,41,40,44,50,37,39,37,38,45,46,45,7,7,11,14,15,7,Primera C
A. Coali,Cañuelas F.C,Argentina,13,CB,Right,184,23,55,,49,33,42,42,59,55,39,23,62,49,32,37,39,29,46,46,46,51,42,52,43,50,59,50,58,39,54,62,30,35,35,52,54,60,61,14,6,7,15,10,6,Primera C
M. Coyette,Cañuelas F.C,Argentina,2,CB,Right,184,23,58,,51,39,47,51,63,62,42,34,62,53,36,48,38,40,53,55,52,50,50,56,47,49,58,59,62,40,68,61,39,42,36,57,68,62,60,11,14,11,11,7,6,Primera C
R. De Mario,Cañuelas F.C,Argentina,6,"CB, CDM",Right,183,24,55,,50,34,42,46,58,59,40,26,59,45,34,46,39,32,50,45,45,54,42,53,46,55,58,47,65,34,61,55,32,37,32,55,59,58,57,8,10,15,11,11,9,Primera C
H. Ortiz,Cañuelas F.C,Argentina,4,"RB, RM",Right,172,35,57,,56,41,53,54,57,56,54,35,47,60,35,51,52,39,45,55,53,58,55,58,66,53,55,62,53,44,56,57,45,51,42,57,56,59,62,7,15,14,6,14,15,Primera C
A. Rojas,Cañuelas F.C,Argentina,29,"RB, LB",Left,170,18,47,,51,33,44,44,47,46,52,29,41,45,34,43,38,32,42,43,50,52,44,47,47,43,34,50,44,31,50,41,35,38,27,44,48,51,54,9,8,10,12,15,10,Primera C
S. Sapio,Cañuelas F.C,Argentina,27,LB,Right,168,20,51,,52,37,49,48,47,49,56,33,48,53,30,52,46,33,46,43,50,54,51,48,50,50,50,52,47,36,50,45,38,44,37,45,46,48,52,8,14,13,7,10,11,Primera C
D. Aguirre,Cañuelas F.C,Argentina,8,"CM, CAM",Left,177,29,64,,63,56,64,65,56,61,59,52,58,67,61,63,62,57,69,67,67,59,69,57,65,62,56,72,58,58,55,59,59,62,58,62,51,59,55,9,8,11,8,11,8,Primera C
J. Pablo Campos,Cañuelas F.C,Argentina,5,CAM,Left,169,22,49,,49,49,52,51,26,40,47,52,32,55,46,51,52,45,50,51,52,46,50,52,54,49,34,49,38,45,36,29,48,55,50,53,25,24,23,11,10,15,8,13,14,Primera C
F. Cipresso,Cañuelas F.C,Argentina,20,CAM,Right,177,27,54,,56,53,56,58,30,47,53,51,39,59,50,59,55,56,53,56,55,57,60,56,58,55,40,53,47,57,41,25,57,57,53,55,28,32,30,8,15,11,8,10,9,Primera C
L. Fernández,Cañuelas F.C,Argentina,12,CM,Right,173,37,48,,38,45,50,48,39,47,46,42,36,52,43,44,45,41,47,51,40,37,51,51,44,51,43,46,47,46,48,43,48,58,40,51,39,38,34,14,10,12,15,10,14,Primera C
T. González Roca,Cañuelas F.C,Argentina,3,CM,Right,167,22,57,,55,54,56,60,50,56,54,55,46,58,45,58,51,49,61,64,53,57,54,59,60,54,51,57,54,52,59,56,60,53,47,52,50,48,50,7,15,11,8,11,10,Primera C
E. Ibáñez,Cañuelas F.C,Argentina,11,"LM, RM",Right,174,21,58,,64,54,59,62,37,50,60,56,39,64,50,64,59,49,56,62,65,63,65,55,61,54,46,59,50,54,42,41,54,54,46,56,36,36,37,9,12,15,7,12,12,Primera C
F. Johnston Follis,Cañuelas F.C,Argentina,22,CM,Right,172,17,49,,49,45,49,48,39,49,46,43,43,52,38,48,49,38,50,48,52,46,54,47,49,52,46,49,49,47,49,39,45,47,41,45,37,42,36,6,7,12,13,9,9,Primera C
G. Laurito,Cañuelas F.C,Argentina,15,CM,Right,175,21,49,,44,43,51,49,40,46,47,38,38,49,40,48,52,46,53,50,46,43,50,49,51,51,49,61,40,47,39,41,50,56,39,47,42,38,39,9,7,6,15,6,7,Primera C
A. Quagliano,Cañuelas F.C,Argentina,16,"CM, CAM",Right,181,21,58,,59,54,60,60,49,55,53,51,44,67,49,57,55,53,58,63,61,57,62,58,60,60,51,64,51,59,53,51,50,59,52,55,49,49,51,13,9,14,10,7,7,Primera C
D. Sandoval,Cañuelas F.C,Argentina,14,"CM, CDM",Left,176,21,50,,49,44,50,49,43,47,47,40,39,49,39,47,48,45,52,50,53,45,50,48,51,47,37,49,48,48,44,43,47,53,46,51,46,44,36,6,11,15,15,10,11,Primera C
S. Sapio,Cañuelas F.C,Argentina,24,"LM, LW",Left,179,20,48,,56,41,47,52,27,45,52,40,33,50,38,52,47,46,38,54,58,54,54,44,47,44,37,52,45,38,40,31,45,42,43,41,28,22,26,8,7,11,6,8,12,Primera C
L. Scelzi,Cañuelas F.C,Argentina,21,"CAM, CM",Right,175,20,51,,51,55,52,54,23,43,50,55,34,55,48,57,57,47,44,54,58,46,53,46,53,56,40,48,42,57,40,24,48,53,52,51,24,20,17,14,12,6,14,6,10,Primera C
A. Scelzi,Cañuelas F.C,Argentina,18,"CM, CAM",Right,171,22,56,,53,51,58,61,46,55,55,49,47,61,49,61,54,51,59,65,51,54,55,54,57,56,51,57,54,52,55,44,54,56,50,56,46,46,50,6,9,12,15,15,12,Primera C
K. Silcan,Cañuelas F.C,Argentina,10,CAM,Right,173,22,54,,54,57,53,55,28,44,47,56,36,57,53,54,54,55,48,55,53,54,61,49,61,59,38,54,40,61,44,30,55,55,49,60,29,23,24,7,9,10,9,6,13,Primera C
M. Tarrío,Cañuelas F.C,Argentina,17,"RM, RW",Left,173,25,53,,60,48,52,55,36,47,48,47,42,55,42,56,53,44,53,53,59,60,58,56,53,51,49,58,42,48,44,39,48,53,48,51,37,31,33,12,12,12,6,8,15,Primera C
T. Ybarra,Cañuelas F.C,Argentina,7,"RM, LM",Right,172,26,63,,71,57,61,65,47,57,67,58,51,61,54,65,63,53,59,65,69,72,70,57,67,56,58,65,55,57,51,48,58,59,58,60,46,48,44,14,12,8,15,9,7,Primera C
R. Acuña,Cañuelas F.C,Argentina,19,RW,Right,172,20,51,,55,51,47,56,22,43,50,52,43,46,50,55,50,47,41,57,58,52,60,49,56,53,38,52,43,47,35,22,56,50,48,46,20,18,14,13,15,13,14,7,9,Primera C
J. Arias,Cañuelas F.C,Argentina,9,"ST, CAM",Left,176,28,61,,60,64,52,60,30,58,52,69,70,53,63,55,49,52,44,66,57,63,62,62,56,65,63,57,58,51,58,24,65,56,64,62,25,28,22,7,13,8,8,13,13,Primera C
E. Brignani,Cañuelas F.C,Argentina,31,ST,Right,176,20,47,,52,48,38,44,14,48,33,54,47,40,51,41,38,37,36,45,50,53,49,50,40,47,48,44,53,34,42,11,55,40,43,44,10,11,10,13,15,7,10,15,10,Primera C
F. Gueler Laje,Cañuelas F.C,Argentina,23,LW,Left,172,22,50,,59,52,48,53,17,42,48,56,32,51,47,56,49,43,40,48,62,56,56,56,61,48,41,50,41,49,36,21,44,51,47,51,14,14,16,13,6,14,15,9,8,Primera C
V. Lazarte,Cañuelas F.C,Argentina,28,"LW, LM",Left,176,21,49,,55,45,44,52,19,38,50,44,36,42,48,52,49,45,41,49,52,57,59,50,53,46,40,50,35,46,31,26,48,42,45,52,14,17,11,14,13,12,10,9,15,Primera C
F. Riscino,Cañuelas F.C,Argentina,32,LW,Left,160,20,47,,54,47,46,50,17,40,43,48,37,49,43,52,46,41,39,48,57,52,53,45,55,49,35,49,38,45,37,14,52,49,42,40,18,13,13,9,6,6,7,13,14,Primera C
L. Contreras,Central Ballester,Argentina,33,GK,Right,180,28,49,,23,14,20,19,12,31,10,10,10,26,10,10,10,10,19,19,26,21,24,45,36,31,43,22,38,10,22,21,10,24,10,33,10,10,10,51,49,44,44,49,23,Primera C
R. Francois,Central Ballester,Argentina,49,GK,Right,184,21,46,,20,13,16,16,10,28,10,10,10,19,10,10,10,10,17,17,15,25,18,44,27,27,29,20,34,10,21,10,10,19,10,21,10,10,10,45,45,41,45,50,23,Primera C
S. Garro,Central Ballester,Argentina,36,GK,Right,187,21,48,,21,13,19,18,11,29,10,10,10,23,10,10,10,10,20,19,24,19,21,44,26,23,37,21,37,10,19,17,10,27,10,28,10,10,10,49,49,42,52,45,30,Primera C
F. Gerez,Central Ballester,Argentina,41,GK,Right,183,21,47,,24,13,18,18,10,29,10,10,10,24,10,10,10,10,23,20,25,24,19,48,29,27,33,22,34,10,22,10,10,16,10,29,10,10,10,49,44,40,48,50,26,Primera C
S. Gutiérrez,Central Ballester,Argentina,12,GK,Right,188,19,47,,20,13,18,18,11,28,10,10,10,20,10,10,10,10,21,20,24,17,24,40,33,27,39,19,35,10,20,17,10,23,10,24,10,10,10,51,44,42,49,46,27,Primera C
N. Suaya,Central Ballester,Argentina,37,GK,Right,188,21,48,,22,13,16,18,11,34,10,10,10,20,10,10,10,10,19,22,20,24,15,44,29,24,31,26,43,10,20,17,10,16,10,25,10,10,10,48,48,41,48,51,27,Primera C
F. Vega,Central Ballester,Argentina,30,GK,Left,185,26,51,,32,15,22,21,10,38,10,10,10,30,10,10,10,10,22,26,29,34,27,48,30,35,45,28,46,10,31,12,10,24,15,33,10,10,10,51,49,43,49,55,29,Primera C
N. Viñas,Central Ballester,Argentina,1,GK,Left,188,21,55,,30,16,26,22,14,36,10,10,15,33,10,10,12,10,31,24,35,26,31,49,41,36,47,33,41,11,27,21,10,34,22,35,10,13,15,53,57,49,52,58,32,Primera C
A. Arredondo,Central Ballester,Argentina,42,LB,Left,174,22,47,,51,31,44,44,46,45,48,27,35,50,28,40,33,28,43,46,51,51,54,44,50,42,41,56,40,28,44,42,32,38,33,44,47,50,49,9,9,8,11,15,8,Primera C
J. Bernal,Central Ballester,Argentina,6,CB,Right,182,23,56,,52,36,45,47,57,58,45,29,63,48,29,42,35,39,49,54,52,52,41,54,43,52,60,52,63,36,54,61,31,39,37,52,58,54,51,14,15,14,15,13,8,Primera C
A. Camejo,Central Ballester,Argentina,43,CB,Right,181,21,47,,43,27,35,35,50,48,30,23,56,43,18,34,30,27,37,34,43,43,32,43,39,44,48,44,50,24,50,53,23,27,29,46,47,51,45,6,6,14,13,11,13,Primera C
L. Campenni,Central Ballester,Argentina,4,"CB, CDM",Right,190,31,53,,50,33,41,43,55,59,35,29,59,49,28,40,29,35,44,44,52,48,43,48,48,48,56,51,63,30,58,60,26,37,31,53,51,55,57,6,9,10,6,12,10,Primera C
A. Corbalán,Central Ballester,Argentina,50,"LB, LM",Left,175,27,46,,49,34,42,44,44,47,46,32,39,48,31,44,31,31,41,43,51,48,48,45,49,39,44,52,47,37,42,43,31,36,31,42,47,45,42,14,15,12,11,14,12,Primera C
E. D'Angelis,Central Ballester,Argentina,38,"LB, LM",Right,183,25,48,,49,35,46,50,46,47,52,34,37,50,32,53,38,41,43,45,50,49,56,48,53,43,44,56,44,29,46,48,36,41,30,48,46,48,46,12,8,7,9,6,7,Primera C
L. Der Meguerditchian,Central Ballester,Argentina,2,CB,Right,183,28,58,,51,36,49,45,62,58,44,30,62,59,40,43,38,42,49,45,52,50,46,50,45,52,60,53,59,36,59,56,31,39,32,55,63,64,61,10,6,6,9,11,14,Primera C
A. Díaz,Central Ballester,Argentina,3,LB,Left,181,23,56,,56,41,50,55,58,55,56,38,49,51,39,54,51,42,49,55,56,56,57,58,57,50,58,61,53,37,52,57,46,45,38,49,60,58,59,7,11,12,14,14,10,Primera C
T. Echeverría,Central Ballester,Argentina,34,"CB, RB",Left,179,24,49,,42,29,39,40,50,51,37,22,49,51,24,40,26,30,35,38,44,40,35,44,43,43,53,41,55,33,55,51,25,29,27,47,51,49,52,14,12,13,9,9,13,Primera C
A. Galván,Central Ballester,Argentina,27,"LB, LM",Left,173,24,49,,52,35,46,48,47,47,48,33,37,49,29,49,41,31,44,48,54,51,49,45,51,44,50,50,45,32,49,45,38,44,28,48,48,48,52,8,10,12,13,10,10,Primera C
F. Gómez,Central Ballester,Argentina,26,"CB, CDM",Left,179,32,51,,39,33,42,39,54,52,41,30,54,48,27,32,34,30,41,43,42,37,37,51,43,43,52,47,54,33,54,56,28,39,27,52,52,55,54,11,13,13,13,6,11,Primera C
A. González,Central Ballester,Argentina,39,"LB, LM",Right,175,23,48,,50,33,44,42,47,45,49,30,39,46,30,40,41,34,41,43,53,48,50,39,49,38,40,54,43,35,42,48,36,41,30,40,47,48,47,12,7,11,7,11,13,Primera C
F. Martínez,Central Ballester,Argentina,32,CB,Right,193,28,51,,46,30,39,37,52,53,36,22,56,44,23,29,33,36,44,42,44,48,42,50,40,50,53,52,56,31,48,51,26,32,29,48,51,53,52,10,11,7,12,6,9,Primera C
B. Mendoza,Central Ballester,Argentina,40,RB,Right,174,21,48,,53,35,42,45,46,46,46,31,37,46,37,44,42,34,37,43,49,56,51,40,52,41,41,51,44,37,44,46,38,35,31,47,46,48,49,11,13,11,9,12,12,Primera C
J. Monzón,Central Ballester,Argentina,44,CB,Right,188,21,47,,46,26,35,36,50,51,36,19,42,38,23,30,29,30,40,40,43,49,35,46,36,40,47,48,55,30,46,54,25,26,26,48,53,49,49,12,12,10,6,6,15,Primera C
L. Salomón,Central Ballester,Argentina,53,LB,Left,172,21,45,,49,28,38,43,41,44,44,23,31,40,27,42,36,32,36,44,51,47,48,42,45,38,38,48,43,26,45,41,34,30,27,39,42,40,47,12,6,7,7,15,10,Primera C
T. Sarmiento,Central Ballester,Argentina,15,LB,Left,175,26,52,,57,38,48,49,48,52,51,36,43,51,36,47,44,39,47,50,52,61,50,53,52,40,45,57,51,43,50,51,40,43,38,52,51,44,55,6,8,10,7,9,6,Primera C
P. Balbuena,Central Ballester,Argentina,45,"CDM, CB",Right,167,25,47,,42,38,45,40,48,49,36,34,43,53,34,36,49,37,48,43,40,44,39,45,42,46,44,49,49,40,50,46,35,40,37,47,51,47,49,12,7,6,11,13,11,Primera C
E. Castillo,Central Ballester,Argentina,18,"CM, CDM",Right,179,23,55,,51,50,54,56,46,53,50,48,45,54,44,56,50,48,59,57,54,49,61,54,51,54,54,61,50,50,52,46,49,58,49,55,46,46,48,11,7,13,8,10,12,Primera C
J. Domke,Central Ballester,Argentina,7,"RM, RW",Right,165,24,55,,60,53,54,56,33,48,53,51,44,54,49,54,52,46,53,57,64,57,59,56,55,55,48,58,45,58,44,35,54,58,49,53,27,35,32,13,14,9,6,15,15,Primera C
L. Fernández,Central Ballester,Argentina,16,CDM,Left,174,21,49,,41,39,43,44,49,51,38,35,40,46,31,43,38,38,49,45,44,39,42,49,46,50,48,48,53,42,49,50,41,41,32,49,51,48,50,9,14,12,14,14,10,Primera C
R. Franco,Central Ballester,Argentina,51,CAM,Right,161,25,46,,51,47,48,51,15,38,42,50,26,55,37,53,50,45,40,51,50,51,50,39,46,43,30,44,38,46,34,20,47,46,48,50,14,10,15,6,13,12,14,6,12,Primera C
G. González,Central Ballester,Argentina,5,CDM,Right,175,21,50,,46,41,46,45,52,53,36,37,46,51,34,42,36,39,51,47,50,43,47,49,42,49,44,47,57,46,55,57,42,46,34,52,51,54,46,13,14,12,15,14,7,Primera C
K. Gribas,Central Ballester,Argentina,22,CDM,Right,188,21,48,,46,36,45,44,46,48,36,27,48,52,33,42,34,40,51,47,47,46,41,42,39,47,45,48,48,46,49,45,35,43,40,45,45,47,48,10,13,15,11,6,10,Primera C
H. Gutiérrez,Central Ballester,Argentina,17,RM,Right,166,23,52,,56,47,51,52,34,50,57,46,42,49,50,50,52,44,51,53,58,54,57,51,53,52,46,56,48,42,49,35,46,48,49,43,32,35,29,13,11,6,12,14,7,Primera C
J. Herrera,Central Ballester,Argentina,11,LM,Left,178,24,59,,63,53,59,61,39,56,61,48,44,63,48,59,58,51,56,64,64,63,65,58,58,59,55,64,52,58,57,37,53,54,54,58,34,45,37,13,9,6,13,9,11,Primera C
G. López León,Central Ballester,Argentina,25,"CDM, CB",Right,178,28,50,,43,40,49,47,50,56,42,34,45,57,35,42,38,40,53,54,47,39,46,52,47,48,51,56,57,45,56,52,40,43,45,43,49,53,49,7,9,11,7,10,10,Primera C
J. Maciel,Central Ballester,Argentina,52,"CM, CDM",Left,179,21,46,,42,39,45,48,39,39,43,34,37,47,36,49,39,38,47,47,40,44,47,45,42,48,35,40,40,44,37,34,40,46,39,49,41,41,39,7,6,7,10,13,12,Primera C
A. Oviedo,Central Ballester,Argentina,56,"CM, CAM",Right,180,19,43,,44,40,43,42,36,41,40,38,37,43,30,43,44,38,44,41,45,43,42,42,44,44,35,46,41,44,37,37,40,46,39,41,35,35,34,12,14,14,14,12,13,Primera C
F. Palavecino,Central Ballester,Argentina,8,CM,Left,175,24,58,,54,53,58,62,47,53,53,50,45,61,48,61,58,49,58,66,55,54,58,57,56,60,47,57,51,55,53,50,61,60,50,58,52,41,48,13,11,11,12,8,15,Primera C
T. Patiño,Central Ballester,Argentina,54,CM,Right,170,19,45,,44,44,45,43,36,41,39,46,28,46,32,45,39,41,49,41,46,43,45,39,39,51,38,51,36,41,41,41,40,47,35,43,37,35,33,6,14,8,7,8,11,Primera C
M. Pimentel,Central Ballester,Argentina,20,LM,Left,168,20,47,,55,42,44,49,29,37,46,43,37,40,39,51,47,41,44,48,59,52,48,46,51,46,37,46,34,38,35,27,44,49,33,37,29,29,22,12,6,6,15,10,9,Primera C
K. Ramayo,Central Ballester,Argentina,46,"LM, RM",Left,174,21,47,,52,44,44,48,27,44,45,43,39,45,37,53,49,41,41,43,52,52,52,43,50,46,40,53,42,45,39,28,42,45,42,48,24,26,24,8,12,13,8,6,11,Primera C
A. Rodríguez,Central Ballester,Argentina,13,RM,Left,168,22,47,,53,41,48,49,26,40,47,41,33,53,38,47,51,44,44,51,51,54,53,42,53,42,37,49,36,40,39,31,44,45,38,42,28,20,24,6,7,14,12,8,10,Primera C
O. Romero,Central Ballester,Argentina,10,"CDM, CM",Right,187,20,49,,43,40,47,45,49,53,39,36,47,55,29,40,40,37,52,52,43,43,44,43,46,45,47,52,54,47,52,47,42,41,38,44,52,49,43,6,6,15,7,10,15,Primera C
D. Alejo,Central Ballester,Argentina,24,ST,Right,178,21,45,,50,49,35,46,16,41,35,54,52,37,46,45,38,39,27,48,50,50,49,47,36,46,52,35,42,43,41,10,55,38,41,47,16,10,10,10,12,11,15,13,8,Primera C
N. Álvarez,Central Ballester,Argentina,19,"ST, CAM",Right,186,26,55,,56,55,48,54,20,54,45,57,54,56,58,53,46,41,37,56,54,57,48,59,53,56,51,49,59,50,48,16,57,46,55,59,18,18,11,14,8,12,13,9,11,Primera C
N. Caceres,Central Ballester,Argentina,55,"ST, RW",Right,175,22,44,,46,45,34,41,14,44,32,49,47,38,42,38,38,34,30,44,46,46,39,49,42,46,44,43,46,35,40,13,51,31,45,40,10,10,10,13,7,6,12,13,11,Primera C
D. Lanzillotta,Central Ballester,Argentina,35,"LW, LM",Left,181,29,49,,57,49,47,54,20,43,51,50,39,44,47,57,50,41,45,52,61,53,57,48,51,45,38,53,40,49,38,19,51,49,47,48,20,15,14,9,7,11,7,13,10,Primera C
M. Maciel,Central Ballester,Argentina,21,RW,Right,172,41,47,,50,44,44,49,16,38,43,46,32,46,42,50,48,36,36,49,52,49,53,47,46,44,34,52,31,39,37,18,49,47,36,43,13,15,10,9,9,12,7,13,8,Primera C
L. Navarra,Central Ballester,Argentina,28,LW,Right,170,22,51,,59,48,49,53,19,44,47,48,36,48,50,53,53,46,48,52,60,58,52,53,54,53,36,54,44,40,35,18,54,52,51,57,17,20,10,9,11,11,11,15,15,Primera C
S. Peredo,Central Ballester,Argentina,47,LW,Left,172,20,47,,58,49,45,50,15,37,48,52,37,47,45,53,48,43,34,46,59,58,53,43,53,48,34,43,38,45,29,16,47,46,40,42,13,11,10,9,9,14,13,6,11,Primera C
C. Perrona,Central Ballester,Argentina,31,"ST, CAM",Right,186,34,51,,49,55,42,53,19,46,37,56,48,48,52,56,44,40,37,50,48,49,48,57,47,53,54,45,46,54,46,14,61,42,49,53,19,15,15,15,11,13,13,11,10,Primera C
B. Romero,Central Ballester,Argentina,23,LW,Right,175,23,56,,63,53,52,58,27,48,50,52,39,54,52,60,52,58,48,56,59,67,61,59,61,58,48,57,48,48,38,29,58,52,56,55,24,26,24,11,12,12,9,9,13,Primera C
M. Scalia,Central Ballester,Argentina,48,"ST, CAM",Right,178,22,47,,50,49,39,44,14,47,38,52,49,45,46,43,43,40,31,45,44,54,45,51,41,50,46,47,49,41,41,10,54,32,48,43,10,10,10,14,7,13,13,6,13,Primera C
M. Veraldi,Central Ballester,Argentina,29,"ST, RW",Right,181,22,49,,50,52,39,49,16,48,37,54,54,41,49,49,39,39,35,48,46,54,50,47,43,52,50,40,54,47,45,13,54,41,48,54,13,10,10,12,12,15,10,10,14,Primera C
B. Vittadello,Central Ballester,Argentina,14,LW,Left,178,22,47,,55,47,44,50,16,38,50,47,27,40,37,51,49,40,40,48,56,54,50,48,53,49,40,47,35,44,34,17,51,46,52,48,18,10,11,9,15,8,6,9,14,Primera C
L. Yubel,Central Ballester,Argentina,9,"ST, RW",Right,185,23,57,,53,58,47,54,24,58,43,59,58,56,59,53,48,44,34,52,56,51,60,61,51,58,62,57,60,53,54,22,62,45,57,57,17,22,19,6,13,13,14,15,9,Primera C
S. Francone,Central Córdoba (Rosario),Argentina,24,GK,Right,178,22,47,,23,13,18,16,11,31,10,10,10,24,10,10,10,10,15,14,26,21,20,41,28,27,34,23,37,10,25,14,10,22,10,32,10,10,10,46,44,39,44,46,27,Primera C
M. Giroldi,Central Córdoba (Rosario),Argentina,1,GK,Right,185,33,60,,33,16,30,28,18,43,14,10,21,42,12,14,14,14,33,30,32,34,43,62,39,35,46,38,49,10,33,28,10,31,22,42,18,11,16,58,54,51,57,61,35,Primera C
F. Moresco,Central Córdoba (Rosario),Argentina,25,GK,Right,185,22,49,,27,13,22,20,10,31,10,10,10,30,10,10,10,10,26,22,28,26,24,50,31,25,36,24,37,10,25,11,10,22,10,27,10,10,10,49,47,44,55,49,25,Primera C
V. Rossi,Central Córdoba (Rosario),Argentina,30,GK,Right,179,21,49,,24,14,19,17,11,36,10,10,13,22,10,10,10,10,28,18,26,22,27,42,22,29,36,28,46,10,21,13,10,21,10,25,10,10,10,47,44,48,44,56,25,Primera C
A. Chaui,Central Córdoba (Rosario),Argentina,28,CB,Right,187,21,47,,43,28,33,34,50,51,33,20,49,41,25,29,22,26,34,38,40,45,31,40,39,44,49,46,52,30,54,53,22,24,28,42,52,49,44,14,14,11,12,9,10,Primera C
T. D´Amico,Central Córdoba (Rosario),Argentina,14,"RB, LB",Right,172,21,47,,51,29,42,43,48,46,47,23,40,47,28,41,39,32,41,42,49,52,46,48,51,38,44,50,44,30,46,49,38,30,33,43,44,54,45,14,11,8,12,14,7,Primera C
F. Duré,Central Córdoba (Rosario),Argentina,3,LB,Left,173,25,59,,61,46,55,54,57,57,63,44,54,56,37,50,55,43,57,56,58,64,62,56,61,49,56,67,53,47,57,59,46,49,47,49,56,58,60,11,9,6,15,7,12,Primera C
P. Killer,Central Córdoba (Rosario),Argentina,2,CB,Right,192,40,55,,46,37,45,42,58,59,44,38,61,49,31,36,32,36,45,45,46,46,48,55,45,49,59,61,57,29,61,60,30,44,33,50,55,61,55,11,13,7,11,14,14,Primera C
L. Pasinato,Central Córdoba (Rosario),Argentina,6,CB,Right,179,27,56,,50,35,44,46,56,56,47,28,54,48,33,44,28,40,46,48,51,50,39,54,46,52,58,50,59,33,58,60,36,40,36,52,58,51,56,15,13,6,7,6,11,Primera C
M. Parherr,Central Córdoba (Rosario),Argentina,26,RB,Left,171,20,49,,58,33,44,47,46,48,45,29,37,49,27,50,44,35,45,45,58,58,48,47,50,47,44,49,47,31,50,40,32,34,35,40,49,48,49,11,10,15,15,9,9,Primera C
S. Pizzio,Central Córdoba (Rosario),Argentina,7,LB,Right,172,21,48,,53,33,44,45,47,48,45,28,36,48,27,42,43,37,47,48,49,56,49,45,48,43,50,59,43,32,46,43,41,37,34,43,49,48,53,6,8,10,6,9,15,Primera C
V. Rovetto,Central Córdoba (Rosario),Argentina,27,"LB, RB",Left,179,23,54,,56,37,49,51,51,52,58,33,41,51,33,51,43,41,44,49,61,51,59,51,57,48,51,53,49,34,56,52,47,45,35,47,52,53,54,13,6,15,11,8,14,Primera C
M. Yaszczuk,Central Córdoba (Rosario),Argentina,15,LB,Right,172,23,60,,64,50,57,55,59,58,63,48,52,62,43,51,46,50,54,56,67,61,60,59,62,58,52,62,54,48,62,58,52,48,42,56,59,62,63,15,11,15,13,10,13,Primera C
N. Ávalos,Central Córdoba (Rosario),Argentina,17,CM,Right,176,24,51,,48,43,52,52,42,49,49,38,41,53,39,49,52,45,59,56,49,48,50,56,51,51,44,55,48,45,46,46,49,49,47,49,40,44,37,14,14,13,12,11,9,Primera C
J. Blanco,Central Córdoba (Rosario),Argentina,32,CM,Right,176,21,45,,42,43,44,45,37,45,38,41,40,49,37,43,39,36,43,48,42,42,41,46,41,44,36,45,47,47,43,40,45,44,44,45,36,37,35,15,11,12,8,6,15,Primera C
M. Brusutti,Central Córdoba (Rosario),Argentina,23,"LM, LW",Right,179,23,49,,52,45,48,52,30,42,52,46,40,50,38,53,47,43,45,52,51,53,51,49,51,45,36,50,40,44,41,36,46,44,44,46,30,26,24,7,13,14,14,8,6,Primera C
M. Córdoba,Central Córdoba (Rosario),Argentina,22,CDM,Right,179,23,56,,50,45,54,52,57,60,51,42,52,62,42,48,42,53,53,55,52,49,52,56,55,55,52,62,60,43,61,55,48,49,49,60,53,64,55,14,10,8,9,8,14,Primera C
N. Domínguez,Central Córdoba (Rosario),Argentina,18,"CM, CAM",Left,167,36,54,,47,49,52,53,46,50,51,48,40,54,43,53,56,52,52,53,47,47,57,55,52,50,48,60,47,51,45,50,52,51,50,53,42,47,48,9,8,9,6,11,9,Primera C
F. Fagúndez,Central Córdoba (Rosario),Argentina,19,"CDM, CB",Right,175,21,48,,39,47,42,46,52,47,34,48,45,46,30,44,37,38,41,50,41,38,41,47,42,55,44,49,45,45,50,50,41,47,43,44,51,57,51,11,15,10,10,6,15,Primera C
F. Fernández,Central Córdoba (Rosario),Argentina,11,CDM,Right,183,21,51,,48,44,47,46,55,51,37,43,47,53,35,43,41,42,49,48,49,48,46,53,45,46,46,49,52,46,54,54,45,46,42,55,54,61,51,14,14,10,9,15,10,Primera C
F. Galli,Central Córdoba (Rosario),Argentina,16,"CDM, CM",Right,179,24,58,,52,48,53,55,61,63,40,44,56,60,45,55,51,49,55,56,51,52,50,59,56,55,55,65,64,49,62,61,47,54,48,57,60,66,55,10,15,7,13,6,13,Primera C
B. Gallucci,Central Córdoba (Rosario),Argentina,20,"CAM, CM",Right,168,23,57,,55,58,58,58,30,47,54,61,40,61,50,59,62,52,55,58,56,55,59,58,59,57,44,54,45,57,46,32,56,57,56,56,30,28,21,11,10,13,12,6,12,Primera C
J. Messi,Central Córdoba (Rosario),Argentina,5,"CDM, CB",Right,175,24,60,,55,51,59,56,60,59,55,49,55,66,42,53,50,49,57,59,54,55,52,60,59,57,62,61,57,53,63,61,48,55,51,63,56,63,61,14,8,13,11,15,15,Primera C
A. Moyano,Central Córdoba (Rosario),Argentina,31,CAM,Right,172,20,46,,47,46,45,50,20,35,39,44,34,44,43,51,43,45,48,50,49,45,54,41,49,49,34,45,33,49,30,21,50,52,45,41,22,15,15,6,11,6,6,10,14,Primera C
M. Porta,Central Córdoba (Rosario),Argentina,13,"CDM, CB",Right,176,19,46,,43,38,45,42,48,47,39,37,44,49,28,41,40,39,47,42,44,42,45,48,36,45,39,47,50,38,42,55,41,44,34,47,44,49,43,14,8,15,9,15,14,Primera C
A. Quijano,Central Córdoba (Rosario),Argentina,10,"CAM, ST",Right,169,21,57,,56,55,55,59,32,47,51,53,45,57,51,61,60,60,48,58,57,56,53,60,68,57,43,56,43,58,45,30,53,58,51,57,29,34,23,13,6,14,14,14,8,Primera C
E. Rodríguez,Central Córdoba (Rosario),Argentina,4,CDM,Right,180,21,54,,47,45,52,50,56,56,41,39,51,60,43,49,41,42,56,51,46,48,47,58,50,55,50,62,55,48,55,58,47,51,40,47,58,57,53,13,11,7,10,11,13,Primera C
C. Sánchez,Central Córdoba (Rosario),Argentina,8,"CM, CDM",Left,174,35,56,,49,50,55,55,49,53,55,46,43,57,44,53,57,49,56,55,48,49,60,59,58,54,50,56,54,55,46,54,53,50,52,57,49,49,49,13,6,9,7,9,9,Primera C
M. Spelzini,Central Córdoba (Rosario),Argentina,29,"CDM, CB",Right,187,20,47,,47,39,43,44,49,51,35,36,42,45,33,42,33,35,50,46,46,47,46,44,42,47,47,53,51,40,49,51,37,49,36,40,49,50,50,9,13,9,6,6,9,Primera C
S. Spelzini,Central Córdoba (Rosario),Argentina,12,CM,Right,173,24,51,,47,45,52,53,43,46,49,41,36,56,37,50,45,38,56,57,51,44,55,51,52,47,46,53,43,52,46,40,46,50,45,50,44,48,38,14,8,13,11,9,13,Primera C
S. Arduino,Central Córdoba (Rosario),Argentina,21,RW,Right,176,21,48,,57,44,47,53,16,40,51,42,35,47,43,54,44,41,46,53,54,60,52,45,52,50,35,50,37,42,37,16,50,48,44,51,17,11,10,14,11,11,6,13,7,Primera C
D. Barrionuevo,Central Córdoba (Rosario),Argentina,9,"ST, RW",Right,184,26,54,,54,55,45,53,20,54,41,59,53,48,56,54,45,42,43,53,52,55,47,53,51,57,56,48,57,47,53,16,56,44,49,56,20,15,11,7,14,9,14,10,10,Primera C
M. Acuña,Centro Español,Argentina,30,GK,Right,184,23,49,,23,14,20,20,11,32,10,10,12,24,10,10,10,10,19,25,23,23,24,48,25,30,34,24,37,10,29,14,10,27,10,30,10,10,10,56,45,41,49,55,29,Primera C
A. Forgaral,Centro Español,Argentina,1,GK,Right,187,26,58,,36,17,28,25,18,42,20,10,19,33,12,11,10,14,31,29,35,36,37,55,39,41,43,33,51,13,32,23,13,33,14,40,18,15,15,57,59,51,58,60,37,Primera C
S. Soto,Centro Español,Argentina,25,GK,Right,187,28,50,,24,14,21,20,11,33,10,10,14,24,10,10,10,10,27,22,23,25,32,48,30,30,35,21,39,10,31,14,10,27,10,27,10,10,10,52,47,42,45,51,29,Primera C
I. Cetrángolo,Centro Español,Argentina,13,"CB, RB",Right,189,22,49,,44,31,39,40,52,51,32,27,53,51,23,32,35,28,42,47,43,44,35,43,44,44,47,42,55,31,55,56,23,25,34,51,53,49,54,12,9,15,8,11,9,Primera C
U. Heras,Centro Español,Argentina,24,"CB, RB",Left,188,21,47,,39,26,36,38,49,52,35,21,52,44,18,32,26,30,34,41,42,37,38,46,33,43,59,49,53,23,50,46,19,27,24,53,52,49,44,7,6,8,9,11,15,Primera C
M. Jerez,Centro Español,Argentina,4,RB,Right,173,29,60,,68,45,57,57,58,59,61,38,53,60,43,55,49,46,55,58,64,71,57,58,61,56,58,66,58,48,54,58,49,54,48,56,61,57,59,14,14,11,13,14,8,Primera C
E. Medaglia,Centro Español,Argentina,2,CB,Left,182,32,60,,52,42,49,51,62,61,45,39,62,58,35,49,42,38,54,54,49,55,45,60,51,52,66,59,60,39,66,61,39,40,46,58,60,64,66,11,13,13,13,13,11,Primera C
E. Pare,Centro Español,Argentina,14,RB,Right,171,29,54,,58,40,50,52,52,51,50,38,43,56,37,50,46,35,49,52,57,58,56,47,57,49,50,59,48,38,51,52,42,47,40,54,53,52,53,6,9,14,12,8,15,Primera C
M. Saucedo,Centro Español,Argentina,6,"CB, RB",Right,180,25,52,,42,32,41,40,56,53,39,25,58,51,23,36,37,33,39,43,39,44,33,45,45,46,54,46,58,37,49,57,28,31,32,53,54,58,52,12,6,6,15,7,9,Primera C
A. Arrighi,Centro Español,Argentina,11,"LM, LW",Left,170,22,55,,62,47,55,56,36,50,58,43,46,55,49,54,50,51,56,56,60,63,57,64,54,45,42,59,47,56,50,35,51,55,48,57,38,32,36,10,11,8,9,14,13,Primera C
S. Balmaceda,Centro Español,Argentina,3,CM,Left,175,29,55,,57,51,56,54,47,57,52,48,45,60,43,53,53,50,57,53,57,57,58,55,57,56,48,64,55,54,54,50,48,56,50,55,47,48,44,10,14,11,15,11,14,Primera C
S. Capurro,Centro Español,Argentina,5,RM,Left,177,22,49,,55,44,51,52,29,43,57,44,36,52,40,52,50,42,48,53,55,55,58,50,52,49,39,47,41,43,42,30,43,49,43,37,31,27,24,9,8,14,6,7,6,Primera C
E. Castañeda,Centro Español,Argentina,16,CM,Right,170,30,58,,56,54,57,58,51,55,54,50,47,59,48,55,56,54,56,60,57,56,59,58,61,57,52,62,51,59,55,48,55,58,53,59,53,53,47,15,10,15,6,14,12,Primera C
Y. Corvalan,Centro Español,Argentina,20,CM,Right,176,26,49,,46,45,48,50,40,46,47,45,37,50,39,48,46,41,48,52,52,41,56,50,51,50,38,51,44,44,46,40,44,47,45,46,36,45,38,8,8,8,15,6,11,Primera C
A. Galarza,Centro Español,Argentina,18,"CM, CDM",Left,171,24,56,,54,53,55,54,47,54,49,51,39,55,42,54,51,50,58,51,55,53,56,54,56,61,50,55,56,56,50,49,51,63,47,60,47,51,41,12,6,14,6,13,8,Primera C
N. Giovagnoli,Centro Español,Argentina,10,CAM,Right,175,28,55,,54,53,56,60,26,46,53,54,40,54,52,59,62,51,57,64,51,56,58,46,58,51,40,51,44,53,48,28,56,60,53,65,26,22,21,10,15,15,6,8,10,Primera C
B. Hernández,Centro Español,Argentina,8,"CM, CAM",Right,179,24,59,,57,54,61,61,50,58,56,52,48,64,49,64,60,53,64,59,60,54,58,64,58,58,48,66,55,58,56,51,57,60,50,58,46,53,52,10,8,15,14,11,10,Primera C
L. Llarin,Centro Español,Argentina,22,"CDM, CM",Right,173,21,47,,43,38,44,42,48,49,40,32,41,49,28,39,35,39,47,43,44,42,43,48,41,47,43,52,46,46,54,49,38,40,40,48,47,53,45,7,10,12,11,6,6,Primera C
L. Méndez,Centro Español,Argentina,12,"CM, CAM",Right,172,22,48,,46,42,48,48,41,47,44,37,32,47,36,48,47,40,51,49,45,46,53,46,46,46,40,47,49,48,44,41,46,52,40,44,41,46,35,15,14,12,8,14,7,Primera C
W. Navarro,Centro Español,Argentina,15,"CM, CDM",Right,168,29,51,,46,45,52,52,44,51,48,43,41,54,44,53,42,45,55,53,46,46,50,54,53,48,43,57,51,49,46,45,47,56,41,47,45,45,41,12,14,15,10,14,13,Primera C
M. Raimondi,Centro Español,Argentina,21,CM,Right,172,21,49,,46,46,50,50,42,43,44,44,36,53,45,49,47,44,50,52,47,46,51,45,52,49,40,52,38,48,45,40,46,52,47,52,45,43,40,7,12,10,13,8,9,Primera C
F. Rizzo,Centro Español,Argentina,17,"RM, LM",Right,180,23,53,,58,47,51,55,32,47,54,48,42,51,43,56,55,43,49,56,59,58,57,47,57,50,44,55,45,40,43,31,47,49,50,49,30,32,29,9,8,9,11,11,6,Primera C
E. Robledo,Centro Español,Argentina,26,"CM, CAM",Left,183,20,47,,44,44,48,48,40,42,43,41,40,51,38,47,42,35,48,52,46,43,44,46,44,49,33,48,41,50,41,46,41,50,40,48,37,41,38,11,15,10,13,9,15,Primera C
J. Cruz Severini,Centro Español,Argentina,7,"RM, LM",Right,171,23,58,,63,52,56,60,40,52,60,48,45,56,54,60,58,54,54,61,64,63,58,57,62,59,48,62,49,56,50,43,52,55,48,49,37,39,41,10,15,12,15,15,9,Primera C
P. Alfonso,Centro Español,Argentina,29,ST,Left,186,23,50,,50,54,44,48,18,50,41,57,52,53,49,43,42,42,34,53,47,53,49,50,46,54,45,46,54,51,45,17,56,40,51,55,15,14,12,11,10,9,14,10,8,Primera C
L. Bestani,Centro Español,Argentina,19,"ST, CAM",Left,185,21,50,,54,51,36,46,16,45,33,54,51,40,46,43,39,41,28,50,51,56,45,49,44,51,54,45,44,47,45,12,51,37,50,48,13,13,11,10,15,13,11,13,7,Primera C
N. La Sala,Centro Español,Argentina,23,LW,Right,165,28,56,,64,55,53,61,25,47,59,57,41,55,50,63,51,44,45,61,64,64,59,51,60,57,48,59,41,51,49,24,58,54,52,56,26,21,23,14,11,13,10,8,8,Primera C
A. Quezada Encalada,Centro Español,Argentina,31,"ST, CAM",Right,187,22,49,,52,51,39,51,18,47,35,53,47,44,55,54,40,35,30,53,50,53,39,50,45,49,52,49,48,49,40,15,55,42,47,48,15,15,10,6,14,12,10,6,12,Primera C
T. Rozic,Centro Español,Argentina,9,"ST, RW",Left,181,27,57,,57,61,46,54,24,56,40,63,61,53,58,52,55,52,41,53,56,57,61,57,52,60,55,59,57,60,52,18,57,42,52,57,23,19,16,8,11,15,9,7,10,Primera C
S. Alejandro,Claypole,Argentina,30,GK,Right,190,26,49,,25,15,17,19,10,33,10,10,10,21,10,10,10,10,18,19,23,27,29,42,31,35,30,29,37,10,28,10,10,19,10,31,10,10,10,46,46,50,45,55,25,Primera C
J. Cabrera,Claypole,Argentina,1,GK,Right,183,25,57,,32,16,23,24,16,39,10,10,14,29,10,16,16,13,25,24,29,35,31,50,37,34,47,34,47,17,23,26,10,27,16,34,16,12,10,53,58,51,59,58,38,Primera C
F. De Nicola,Claypole,Argentina,31,GK,Right,190,23,48,,22,12,17,18,11,33,10,10,10,23,10,10,10,10,18,20,22,22,19,45,26,20,35,21,46,10,16,17,10,17,12,29,10,10,10,50,45,44,48,49,27,Primera C
R. Campanelli,Claypole,Argentina,14,RB,Right,182,27,55,,63,40,52,50,53,52,61,37,48,56,41,50,41,40,50,46,64,63,59,53,58,47,47,57,47,41,57,54,43,45,38,47,56,51,56,11,11,15,12,8,7,Primera C
M. Gaitán,Claypole,Argentina,2,CB,Right,180,27,56,,49,34,42,44,61,59,35,25,64,50,33,39,37,34,49,49,42,55,41,51,44,50,57,54,61,41,60,56,33,31,33,56,65,62,57,9,10,6,11,6,8,Primera C
E. Gatta,Claypole,Argentina,26,"CB, RB",Left,183,25,46,,44,24,32,34,49,48,35,15,50,40,26,30,22,23,35,35,43,44,37,44,38,45,52,41,51,24,48,49,22,17,30,45,47,51,50,12,13,14,10,10,10,Primera C
M. Godoy,Claypole,Argentina,13,"CB, RB",Right,184,28,51,,45,31,38,41,55,50,35,23,57,42,28,34,35,32,40,45,46,44,42,50,41,47,56,50,48,33,54,57,27,33,31,52,51,59,52,12,8,9,15,12,15,Primera C
R. Gómez,Claypole,Argentina,36,CB,Right,185,21,47,,41,26,35,38,48,49,27,21,44,46,24,37,28,26,35,39,41,41,30,47,37,40,52,43,51,27,51,49,24,26,25,46,50,46,53,6,7,10,6,12,7,Primera C
N. Larrosa,Claypole,Argentina,24,CB,Right,187,27,51,,50,30,38,39,54,54,33,23,51,47,29,37,31,27,42,38,43,55,36,52,41,48,55,46,57,27,54,55,28,31,32,51,47,59,57,13,12,6,6,15,7,Primera C
T. Ramos,Claypole,Argentina,4,RB,Right,174,17,50,,55,34,45,47,48,47,49,31,42,45,35,45,40,38,53,48,53,57,50,42,54,39,50,51,46,36,43,47,38,40,31,43,46,52,47,12,10,10,10,15,9,Primera C
S. Acosta,Claypole,Argentina,5,CDM,Right,183,33,56,,43,50,54,53,56,59,51,49,52,57,42,50,48,51,51,55,41,45,50,57,51,56,51,56,64,52,54,58,47,56,42,61,56,55,58,12,9,9,12,7,10,Primera C
S. Alfonzo,Claypole,Argentina,11,"LM, RM",Left,165,29,61,,67,60,62,60,40,58,67,61,48,64,53,57,61,50,59,62,63,71,65,60,62,60,50,64,56,61,56,44,60,61,51,48,37,40,36,6,14,11,15,8,10,Primera C
J. Ignacio Barretta,Claypole,Argentina,32,CM,Right,171,20,48,,49,40,48,53,38,47,39,38,32,53,39,49,40,40,54,60,45,52,50,45,51,46,40,55,45,41,44,41,40,49,36,46,37,41,33,15,9,11,9,8,8,Primera C
J. Benítez,Claypole,Argentina,22,CDM,Left,180,32,54,,41,45,51,48,56,60,46,44,55,58,33,44,46,40,51,51,43,40,47,57,50,50,53,63,59,47,58,55,45,50,46,53,59,57,48,13,14,7,9,10,10,Primera C
R. Ortíz,Claypole,Argentina,10,CAM,Right,184,25,53,,54,51,54,58,25,42,49,49,43,58,45,59,53,51,47,58,56,52,59,53,57,57,47,47,41,49,39,28,52,56,55,51,24,16,28,15,8,11,15,11,14,Primera C
A. Caraballo,Claypole,Argentina,18,"CM, CDM",Right,183,22,52,,49,46,50,54,46,49,48,42,45,52,42,54,49,40,51,57,51,48,51,49,51,52,47,54,48,49,46,52,44,53,47,55,45,45,43,13,14,9,12,10,12,Primera C
C. Charles,Claypole,Argentina,21,CAM,Right,178,25,48,,44,50,52,52,22,41,46,50,36,56,52,54,50,48,46,51,41,47,49,48,52,51,34,44,41,49,40,27,53,56,44,55,17,20,14,8,9,12,10,10,10,Primera C
A. Copa,Claypole,Argentina,28,CM,Right,169,19,44,,45,36,45,41,36,43,40,31,32,47,30,40,45,38,45,40,45,45,45,38,44,42,30,50,41,40,43,37,41,47,40,39,36,40,28,10,6,7,6,15,13,Primera C
M. Correa,Claypole,Argentina,25,"CAM, CM",Left,177,18,45,,45,45,46,49,16,36,42,43,30,46,40,51,42,43,45,51,47,44,46,37,52,44,34,42,34,49,33,18,50,50,43,43,18,10,15,7,15,10,6,11,10,Primera C
F. Cruz,Claypole,Argentina,16,CM,Right,173,24,58,,57,49,59,59,49,54,56,43,45,58,52,60,58,54,68,58,56,57,59,60,64,56,50,63,52,54,51,49,54,58,45,59,45,55,47,7,12,12,13,10,9,Primera C
J. Genez,Claypole,Argentina,6,"CDM, CM",Right,180,23,54,,51,44,52,48,60,59,52,40,50,58,38,46,38,44,48,50,47,54,47,55,46,54,58,61,60,44,55,61,49,48,44,49,59,63,57,9,15,6,8,11,13,Primera C
B. Guayquinao,Claypole,Argentina,9,"CDM, CM",Left,172,22,48,,43,40,47,44,50,49,41,39,45,52,31,39,41,38,49,49,40,46,45,49,44,41,49,51,48,43,51,54,37,47,37,47,54,49,43,8,6,15,10,15,9,Primera C
B. Gutiérrez,Claypole,Argentina,15,LM,Left,181,19,46,,54,39,46,50,26,36,53,37,35,44,39,49,43,40,48,53,53,55,53,41,48,41,35,45,33,39,35,27,39,41,44,36,25,27,19,15,9,8,10,13,10,Primera C
V. Hiriart,Claypole,Argentina,20,"CAM, ST",Left,177,22,49,,49,48,48,56,18,40,45,45,30,50,46,58,52,50,47,57,48,50,56,52,53,50,35,43,42,51,30,23,52,48,50,50,13,15,17,9,8,15,14,7,9,Primera C
A. Klipauka,Claypole,Argentina,3,CM,Right,170,21,51,,49,47,53,53,46,48,47,42,39,58,46,55,45,46,52,53,51,47,50,46,55,50,50,53,46,53,45,46,53,53,47,50,44,49,48,12,9,14,6,10,10,Primera C
N. Machuca,Claypole,Argentina,27,CDM,Right,180,21,45,,38,37,43,42,45,49,33,34,37,49,34,39,34,40,50,44,39,38,42,43,47,41,44,52,50,41,46,53,35,40,31,45,46,43,43,11,13,14,10,6,14,Primera C
A. Maciel,Claypole,Argentina,33,"RM, LM",Right,175,25,48,,51,43,48,50,27,43,51,43,30,49,42,52,51,38,48,50,52,51,45,49,51,45,36,50,42,40,37,32,48,46,45,46,24,27,26,15,12,10,9,7,11,Primera C
G. Menecis,Claypole,Argentina,37,"RM, RW",Right,179,21,47,,51,41,48,51,26,40,54,39,28,49,45,52,48,42,45,53,52,51,52,40,49,45,37,45,39,39,39,25,41,45,45,42,26,28,21,7,14,14,14,13,13,Primera C
J. Ignacio Pacchini,Claypole,Argentina,12,LM,Right,169,26,50,,54,45,49,52,29,42,49,44,35,50,42,51,48,42,44,51,53,54,57,52,53,46,36,51,40,45,38,29,50,53,44,48,27,31,26,7,9,10,6,14,10,Primera C
A. Paiva,Claypole,Argentina,8,CM,Right,165,25,56,,53,52,60,60,49,50,60,49,51,61,46,60,55,49,66,63,57,50,56,55,55,57,50,54,46,55,55,48,51,56,50,62,47,52,50,12,15,11,8,14,12,Primera C
I. Rados,Claypole,Argentina,19,RM,Right,168,25,46,,52,42,44,44,25,40,44,41,33,47,34,41,46,45,38,45,51,53,51,47,53,50,34,51,36,41,37,33,42,45,39,42,25,18,24,14,13,6,10,14,8,Primera C
L. Vallejos,Claypole,Argentina,38,CDM,Left,182,19,45,,42,39,42,43,47,45,37,36,41,50,27,42,39,34,43,45,41,42,39,44,45,48,46,49,43,40,43,45,36,36,33,38,47,51,47,10,8,9,11,6,15,Primera C
A. Aguirre,Claypole,Argentina,39,"ST, CAM",Left,190,19,41,,44,40,31,39,13,40,31,42,41,36,44,38,35,26,28,41,47,41,40,37,34,37,42,37,45,34,31,10,46,26,39,38,10,10,10,11,7,14,9,11,11,Primera C
P. Almada,Claypole,Argentina,34,LW,Right,176,26,48,,53,45,47,51,17,40,51,42,30,47,45,49,53,42,42,53,55,51,50,50,54,50,39,45,41,45,32,18,47,47,44,44,16,15,10,13,11,13,15,13,15,Primera C
L. Cossio,Claypole,Argentina,29,"LW, LM",Left,168,25,49,,54,47,46,54,17,41,50,47,32,47,49,55,52,46,39,54,56,53,56,50,53,44,37,54,39,48,32,15,51,46,43,49,17,15,13,14,14,13,7,13,8,Primera C
M. Landaburu,Claypole,Argentina,23,LW,Right,176,26,52,,59,47,50,55,19,43,52,43,41,53,47,54,56,50,43,55,56,61,58,54,57,49,48,47,42,55,37,21,52,48,47,52,20,13,12,10,12,14,15,11,14,Primera C
L. Llodrá,Claypole,Argentina,7,"RW, RM",Right,167,32,54,,58,55,54,57,24,46,51,57,42,55,45,54,60,53,48,60,56,60,61,56,54,58,44,54,46,51,37,24,54,59,51,53,23,20,19,8,8,12,15,13,7,Primera C
T. Luján,Claypole,Argentina,17,RW,Right,180,26,52,,59,51,50,54,21,42,48,49,39,58,49,57,46,48,42,51,61,57,57,58,55,53,38,49,41,53,37,24,54,47,44,50,21,16,10,6,6,7,6,8,6,Primera C
G. Maidana,Claypole,Argentina,35,ST,Right,179,25,48,,49,49,39,46,15,46,35,53,48,45,48,43,44,33,34,49,50,49,52,46,45,49,50,41,47,41,47,10,51,38,51,48,11,13,10,10,13,15,14,8,9,Primera C
S. Calvo,Defensores de Cambaceres,Argentina,1,GK,Right,188,22,54,,31,16,22,24,13,38,10,10,15,25,10,14,11,10,32,25,30,32,27,57,35,37,40,28,46,10,28,23,10,27,18,37,10,10,10,59,54,47,55,52,32,Primera C
L. Celotti,Defensores de Cambaceres,Argentina,34,GK,Right,192,24,49,,22,14,18,18,11,31,10,10,10,20,10,10,10,11,20,17,23,21,28,48,24,30,33,22,39,10,24,16,10,23,15,29,10,10,10,54,50,43,43,48,29,Primera C
E. Duba,Defensores de Cambaceres,Argentina,25,GK,Right,190,25,49,,23,14,20,19,12,30,10,10,10,30,10,10,10,10,15,21,21,25,25,48,32,29,32,23,37,10,23,18,10,22,10,31,10,10,10,51,46,40,47,53,29,Primera C
E. Avalos,Defensores de Cambaceres,Argentina,21,LB,Left,173,26,50,,54,36,46,44,48,47,53,33,41,48,30,43,42,33,45,42,57,52,50,51,54,43,49,50,42,37,54,47,39,38,35,47,51,49,48,6,12,15,10,9,14,Primera C
S. Díaz,Defensores de Cambaceres,Argentina,6,CB,Right,196,26,57,,49,41,45,45,58,59,41,40,61,50,32,41,41,34,52,44,52,47,51,60,44,51,61,53,62,39,59,59,32,38,44,52,57,56,59,12,6,15,9,6,15,Primera C
F. Fajardo,Defensores de Cambaceres,Argentina,4,RB,Left,176,27,57,,63,44,49,53,56,59,56,39,53,48,47,52,51,39,55,53,59,67,55,56,61,51,52,65,59,46,54,56,39,41,45,49,54,57,64,15,12,11,8,6,12,Primera C
P. Fernández,Defensores de Cambaceres,Argentina,14,"CB, RB",Right,193,22,50,,48,29,36,39,53,54,35,23,57,42,22,35,34,32,41,43,44,52,34,47,38,45,57,57,56,26,46,47,29,24,33,50,53,57,51,7,15,9,10,11,13,Primera C
J. Cruz Frojan,Defensores de Cambaceres,Argentina,18,CB,Right,188,22,48,,43,31,35,39,49,52,36,23,49,41,22,32,25,24,38,46,42,44,35,40,43,47,52,43,56,37,52,50,21,28,34,49,48,49,49,12,10,7,10,10,12,Primera C
T. García,Defensores de Cambaceres,Argentina,13,CB,Left,183,20,52,,48,34,40,40,57,54,39,29,55,44,27,34,39,29,47,47,50,46,38,44,41,45,56,47,57,36,56,62,28,31,36,46,55,55,62,10,13,8,11,15,8,Primera C
D. Godoy,Defensores de Cambaceres,Argentina,35,"CB, CDM",Right,185,23,49,,43,28,37,40,53,57,32,21,55,47,25,35,30,29,41,44,36,49,37,48,43,40,53,53,63,31,50,53,23,24,35,54,53,53,50,15,13,13,14,12,10,Primera C
B. González,Defensores de Cambaceres,Argentina,45,CB,Right,186,17,43,,42,24,30,31,44,44,28,21,46,38,17,23,20,26,32,39,38,45,33,38,30,33,39,39,48,23,43,42,18,20,26,38,41,47,42,11,9,9,7,11,10,Primera C
S. Luayza,Defensores de Cambaceres,Argentina,3,LB,Left,171,24,54,,56,37,50,51,54,51,52,33,47,52,34,55,44,45,50,48,55,56,48,52,52,44,50,56,50,38,49,53,41,45,37,50,54,56,58,11,13,9,9,7,13,Primera C
F. Maraia,Defensores de Cambaceres,Argentina,27,"LB, RB",Left,174,34,48,,46,33,44,45,47,44,45,28,38,50,27,46,38,36,37,42,43,49,49,49,49,43,46,52,41,36,43,50,38,39,36,48,48,46,47,8,11,15,10,11,7,Primera C
F. Odello,Defensores de Cambaceres,Argentina,24,CB,Right,186,23,52,,51,36,37,42,57,54,37,33,55,40,32,38,34,33,40,47,50,51,39,48,41,48,54,52,56,37,52,61,26,31,32,47,58,56,51,9,9,11,12,14,13,Primera C
J. Ignacio Trentín,Defensores de Cambaceres,Argentina,2,CB,Right,193,27,57,,51,37,45,46,61,60,39,31,60,51,31,43,38,38,51,47,50,52,43,57,46,53,60,53,64,37,59,60,33,40,42,52,61,62,59,7,11,11,7,10,10,Primera C
R. Abelando,Defensores de Cambaceres,Argentina,36,LM,Right,177,24,48,,52,43,46,50,30,46,49,41,34,47,39,50,48,42,43,51,51,52,48,54,53,46,44,53,44,44,42,33,46,45,38,46,30,28,29,12,12,14,13,11,13,Primera C
M. Alderetes,Defensores de Cambaceres,Argentina,17,RM,Right,172,22,55,,58,50,54,53,38,50,56,50,43,52,48,53,57,52,51,51,57,59,58,56,54,49,45,63,44,48,50,43,56,56,49,53,33,39,30,7,6,15,8,15,7,Primera C
M. Arbizu,Defensores de Cambaceres,Argentina,43,RM,Left,174,21,44,,54,39,45,44,23,43,44,41,30,47,35,44,44,38,45,45,53,55,47,38,45,42,38,47,44,35,38,23,41,43,34,44,22,24,19,10,11,13,12,7,11,Primera C
S. Argüello,Defensores de Cambaceres,Argentina,41,CDM,Left,164,21,47,,39,37,44,42,48,51,36,35,38,47,30,40,43,41,44,43,41,38,45,48,41,42,40,51,52,36,49,50,42,46,37,44,52,48,44,14,10,6,6,6,7,Primera C
P. Contana,Defensores de Cambaceres,Argentina,20,"CM, CDM",Right,176,20,48,,47,45,46,51,42,44,43,43,37,48,42,52,40,40,51,53,51,44,47,48,48,51,47,52,40,44,44,42,44,47,41,51,45,43,39,8,14,9,15,14,10,Primera C
E. Coronel,Defensores de Cambaceres,Argentina,5,CDM,Right,177,31,56,,51,48,54,53,59,59,46,43,52,63,37,54,43,46,58,55,51,51,48,53,48,58,58,53,63,50,56,57,50,49,47,52,61,60,58,7,13,7,9,8,14,Primera C
M. Domínguez,Defensores de Cambaceres,Argentina,10,RM,Right,177,23,54,,59,50,52,56,35,50,50,51,43,54,43,61,55,49,47,49,58,59,65,55,58,55,42,58,49,47,46,35,52,54,44,43,34,34,31,6,12,13,12,9,14,Primera C
A. Duarte,Defensores de Cambaceres,Argentina,19,"CM, CDM",Left,171,21,48,,45,44,49,51,40,45,43,43,33,53,36,55,43,41,51,48,46,44,51,51,46,44,40,52,41,48,47,47,44,51,44,46,40,39,37,13,6,7,15,9,7,Primera C
R. Fernández,Defensores de Cambaceres,Argentina,37,CM,Left,174,24,48,,47,46,47,50,41,46,42,45,34,47,37,48,44,42,51,53,46,47,48,49,53,51,34,48,46,46,48,45,43,51,38,50,40,42,40,7,14,9,15,7,11,Primera C
F. Giménez,Defensores de Cambaceres,Argentina,26,"CAM, CM",Right,169,34,50,,47,49,52,50,23,44,50,47,36,53,52,51,52,52,48,49,50,45,51,48,59,51,37,51,44,49,37,25,56,56,48,49,24,19,16,6,11,13,13,7,14,Primera C
I. Lachalde,Defensores de Cambaceres,Argentina,30,"CDM, CB",Right,178,32,50,,41,40,46,49,52,51,41,36,47,51,32,44,38,40,44,57,40,41,43,49,43,49,48,53,50,40,51,56,41,49,39,56,52,52,50,8,12,6,12,13,10,Primera C
N. Le Bellot,Defensores de Cambaceres,Argentina,38,"CDM, CB",Right,171,23,48,,40,38,44,45,48,49,38,36,42,49,30,41,35,37,48,51,41,39,41,45,47,42,47,56,46,37,50,51,44,44,37,46,43,53,48,8,8,12,11,10,9,Primera C
T. Ledesma,Defensores de Cambaceres,Argentina,15,"LM, LW",Left,177,23,51,,59,48,50,53,32,46,56,46,38,50,44,54,51,44,49,52,58,60,55,48,52,51,35,54,43,51,44,34,46,45,45,47,35,28,30,7,6,15,8,7,6,Primera C
A. Meschini,Defensores de Cambaceres,Argentina,16,CM,Right,176,30,58,,53,53,58,57,49,54,54,49,42,59,48,54,51,53,59,60,55,51,58,60,57,57,47,63,50,57,54,50,55,64,52,54,52,49,47,7,11,10,7,11,12,Primera C
S. Musciati,Defensores de Cambaceres,Argentina,39,CM,Left,162,21,48,,45,44,47,48,43,44,42,42,44,50,38,51,43,44,49,45,49,42,47,55,46,44,42,49,40,50,50,45,48,48,41,51,37,47,42,7,6,11,13,7,7,Primera C
C. Raga Córdoba,Defensores de Cambaceres,Argentina,23,"LM, RM",Left,170,22,52,,60,46,49,55,34,48,52,47,40,48,46,55,45,49,49,56,53,65,54,50,50,50,42,60,44,41,47,29,49,47,43,51,32,35,38,11,10,11,6,8,11,Primera C
M. Romero,Defensores de Cambaceres,Argentina,12,CDM,Right,180,23,51,,44,41,48,46,50,52,42,39,47,56,39,45,41,39,51,48,46,42,44,49,41,45,52,52,52,43,53,55,38,42,44,56,43,54,52,6,14,14,9,6,14,Primera C
D. Sanchez Palencia,Defensores de Cambaceres,Argentina,8,"CM, CAM",Right,174,21,56,,57,52,59,56,48,54,50,49,47,68,44,51,55,50,54,60,58,56,56,55,61,58,48,56,55,55,51,50,53,57,52,54,50,48,44,11,12,12,6,15,13,Primera C
J. Sosa,Defensores de Cambaceres,Argentina,40,"CDM, CM",Right,179,21,48,,43,37,45,45,51,52,36,31,44,50,29,39,34,35,54,50,40,45,43,52,47,49,49,50,52,40,55,50,39,46,37,46,54,52,45,7,7,8,14,12,13,Primera C
R. Zárate,Defensores de Cambaceres,Argentina,22,CDM,Right,164,22,51,,49,42,47,46,54,52,46,41,50,49,42,43,39,38,51,48,44,53,47,57,44,50,48,58,46,39,62,56,41,47,42,51,54,54,54,6,10,13,10,13,15,Primera C
F. Aronna,Defensores de Cambaceres,Argentina,7,RW,Right,179,21,55,,62,52,52,56,22,47,55,54,44,51,51,54,52,51,50,56,61,63,63,51,64,51,43,53,47,49,41,22,54,51,46,47,24,17,14,11,11,6,8,11,14,Primera C
T. Baglieri,Defensores de Cambaceres,Argentina,31,ST,Right,184,27,50,,53,50,43,50,17,47,39,52,47,47,50,53,48,43,39,45,56,51,49,54,49,53,46,52,48,43,39,14,55,44,52,50,16,13,10,9,6,11,10,10,10,Primera C
M. Coletto,Defensores de Cambaceres,Argentina,32,RW,Left,172,28,50,,57,52,48,52,21,42,50,54,39,50,51,53,47,49,42,51,55,58,57,51,51,49,44,54,41,51,31,24,59,47,42,42,19,16,15,13,10,13,10,15,8,Primera C
R. Fernández Gerzel,Defensores de Cambaceres,Argentina,9,ST,Right,181,26,57,,59,58,46,54,23,54,42,60,53,48,57,52,48,42,43,54,56,62,56,56,57,60,55,53,57,52,46,21,60,47,57,59,18,20,24,11,11,10,11,13,9,Primera C
V. Gómez,Defensores de Cambaceres,Argentina,28,"LW, LM",Right,170,40,49,,54,48,46,52,19,41,49,46,32,48,45,55,47,45,38,50,50,57,54,48,52,49,39,44,42,49,36,21,55,47,44,48,16,16,16,8,7,11,11,8,10,Primera C
D. Martínez,Defensores de Cambaceres,Argentina,33,ST,Left,186,36,50,,48,52,41,51,16,50,36,57,49,45,51,53,40,39,31,50,50,47,43,52,45,50,53,53,50,45,43,14,55,46,48,54,14,11,11,13,8,6,8,13,9,Primera C
B. Odo Medina,Defensores de Cambaceres,Argentina,44,"ST, CAM",Right,187,17,44,,50,44,34,43,14,44,34,46,45,38,42,45,40,33,24,43,48,51,40,39,36,45,41,43,49,39,34,10,47,35,44,42,10,10,10,14,6,15,14,11,9,Primera C
M. Rebagliati,Defensores de Cambaceres,Argentina,46,"RW, RM",Right,171,21,43,,49,43,43,45,12,32,46,44,35,45,38,43,40,35,38,46,50,48,47,44,46,51,35,42,29,36,28,10,41,43,38,42,10,10,10,13,11,14,7,6,14,Primera C
B. Schmidt,Defensores de Cambaceres,Argentina,11,"LW, ST",Left,172,30,53,,62,49,54,54,23,42,56,45,39,57,49,55,53,47,45,51,65,60,62,55,66,54,41,48,42,50,33,25,56,53,49,46,21,22,11,10,12,13,6,15,6,Primera C
J. Segundo Vera,Defensores de Cambaceres,Argentina,42,ST,Right,183,20,47,,52,48,38,46,14,45,40,49,48,41,52,43,40,40,27,50,53,51,44,47,51,47,53,43,47,44,42,10,52,36,48,46,10,11,10,7,15,15,14,6,7,Primera C
V. Toniolo,Defensores de Cambaceres,Argentina,29,ST,Right,188,22,48,,49,50,38,48,15,47,35,53,47,43,51,48,36,36,26,49,53,45,42,46,49,50,44,43,51,45,41,14,46,41,50,46,12,10,10,6,9,11,11,11,11,Primera C
M. Caputo,Deportivo Español,Argentina,1,GK,Right,188,33,59,,31,18,29,24,16,45,14,10,16,34,10,10,14,14,32,29,30,31,33,58,38,41,48,37,53,16,34,21,10,39,17,37,16,13,12,58,58,50,61,62,40,Primera C
F. Lopresti,Deportivo Español,Argentina,30,GK,Right,190,25,51,,27,15,19,18,14,33,10,10,11,22,10,10,10,12,20,17,28,27,31,47,34,33,38,26,38,10,28,21,10,27,15,27,10,17,10,52,48,52,51,54,31,Primera C
A. Peralta,Deportivo Español,Argentina,37,GK,Right,178,20,46,,25,12,17,17,11,29,10,10,10,20,10,10,10,10,15,20,23,26,20,38,28,22,32,22,34,10,23,14,10,26,10,23,10,10,10,48,42,36,43,48,23,Primera C
J. Torre,Deportivo Español,Argentina,38,GK,Right,189,20,46,,23,14,15,15,10,26,10,10,10,17,10,10,10,10,14,12,24,23,25,41,24,28,33,18,30,10,22,10,10,19,10,21,10,10,10,52,46,45,44,44,25,Primera C
N. Villalba,Deportivo Español,Argentina,25,GK,Left,183,26,54,,26,15,22,19,13,40,13,10,18,29,10,10,10,10,21,19,25,27,25,51,33,34,41,32,45,12,35,17,10,27,13,34,11,10,11,54,55,52,48,59,35,Primera C
E. Barraza,Deportivo Español,Argentina,3,"LB, LM",Left,172,28,60,,67,45,55,57,59,59,63,39,55,55,40,56,50,45,55,58,65,69,60,55,59,53,53,59,59,52,60,61,46,51,46,54,55,63,56,15,10,6,11,10,12,Primera C
L. Barros,Deportivo Español,Argentina,4,CB,Left,185,26,58,,52,39,47,47,62,61,43,33,60,55,37,42,42,40,47,50,48,56,46,56,48,53,61,57,64,40,60,63,32,39,42,55,61,64,59,10,7,7,14,8,9,Primera C
R. Cabrera,Deportivo Español,Argentina,2,CB,Right,185,31,61,,59,43,48,52,64,63,49,35,69,54,44,48,39,44,50,57,53,64,46,65,51,59,62,61,65,45,63,57,35,40,41,54,65,68,63,8,15,14,11,13,14,Primera C
S. Caldas,Deportivo Español,Argentina,39,"LB, LM",Left,173,21,46,,49,31,40,46,47,41,46,26,37,40,28,47,38,35,44,45,48,49,49,42,50,41,49,42,40,30,42,43,34,33,38,45,50,49,48,15,14,11,12,14,6,Primera C
T. González,Deportivo Español,Argentina,26,"CB, RB",Right,187,22,50,,47,29,36,40,51,54,35,25,51,40,26,37,27,31,38,41,45,48,43,45,40,45,55,48,59,26,48,48,22,31,32,48,49,54,55,8,15,6,14,7,11,Primera C
E. Martínez,Deportivo Español,Argentina,6,"CB, RB",Right,177,27,60,,58,41,47,49,60,65,42,36,64,53,35,44,40,42,53,55,56,60,44,53,52,53,63,60,67,42,66,59,36,41,40,58,60,61,60,8,15,11,10,6,6,Primera C
L. Morales,Deportivo Español,Argentina,40,"RB, LB",Right,179,20,46,,54,35,42,43,44,47,49,36,39,44,26,49,39,34,41,36,53,55,46,43,44,43,43,52,44,28,50,43,32,36,34,41,47,42,47,7,12,7,12,15,13,Primera C
R. Morales,Deportivo Español,Argentina,27,"LB, LM",Left,169,25,55,,58,40,48,53,51,51,51,35,50,50,31,52,47,46,44,51,61,56,62,55,54,51,53,59,45,40,56,56,45,43,40,46,53,45,52,8,10,6,9,15,11,Primera C
G. Nieto,Deportivo Español,Argentina,24,CB,Left,183,26,52,,49,34,39,41,57,54,35,28,50,46,22,43,30,30,43,39,52,46,38,41,35,48,53,52,56,38,52,58,29,34,31,51,62,55,53,13,10,15,14,11,10,Primera C
S. Yossini,Deportivo Español,Argentina,15,"LB, RB",Left,173,33,59,,60,45,54,59,58,56,54,43,52,59,44,59,49,39,54,58,64,57,60,58,61,54,48,61,53,42,60,60,44,49,42,57,58,59,59,12,9,6,7,10,8,Primera C
M. Asto Fonseca,Deportivo Español,Argentina,31,"CDM, CB",Right,174,23,50,,50,41,48,45,51,51,46,39,41,50,28,43,40,41,51,45,49,51,46,49,47,45,46,56,48,45,53,55,43,46,38,47,52,50,51,13,6,9,14,14,8,Primera C
C. Barrios,Deportivo Español,Argentina,23,LM,Right,175,28,52,,60,48,52,55,32,46,56,46,42,54,44,57,54,41,52,57,63,58,50,48,48,50,45,51,45,49,40,36,53,47,46,52,28,33,27,7,10,11,15,11,13,Primera C
M. Barrios,Deportivo Español,Argentina,13,RM,Right,185,24,52,,55,47,51,53,32,44,59,43,44,53,44,51,54,41,45,54,54,55,56,51,56,54,43,51,40,48,43,32,51,45,44,51,32,30,30,13,7,6,11,6,13,Primera C
C. Canan,Deportivo Español,Argentina,11,"LM, LW",Left,173,30,59,,63,54,59,62,38,55,61,54,44,61,54,63,61,55,54,62,62,64,64,60,60,55,54,64,53,54,48,38,57,60,57,57,36,40,31,14,9,8,6,14,10,Primera C
M. David,Deportivo Español,Argentina,10,"CAM, CM",Right,177,26,53,,51,52,56,54,24,48,55,53,37,59,50,56,57,47,52,51,55,48,56,52,62,50,42,52,51,54,36,26,52,56,47,54,23,21,20,11,13,13,10,12,14,Primera C
T. Di Gregorio,Deportivo Español,Argentina,36,CDM,Right,168,22,47,,41,37,43,46,50,50,29,33,45,51,37,43,38,37,46,50,38,44,41,50,46,45,42,52,48,37,54,46,36,42,36,45,48,57,47,13,9,7,15,9,7,Primera C
S. Felizzola,Deportivo Español,Argentina,18,"LM, RM",Left,172,21,48,,54,40,47,49,31,42,49,38,37,46,38,48,48,42,45,50,55,53,54,44,53,44,34,48,41,42,40,31,40,51,40,45,30,31,29,9,9,14,9,9,12,Primera C
J. Giménez,Deportivo Español,Argentina,33,"RM, RW",Right,175,22,48,,50,43,49,50,29,45,55,42,36,48,40,50,49,45,42,51,47,52,53,46,50,45,40,48,47,45,39,34,43,51,45,48,26,27,24,6,9,6,6,10,8,Primera C
F. Leguizamón,Deportivo Español,Argentina,21,CAM,Right,172,30,51,,52,51,53,56,25,44,50,52,34,52,46,56,54,50,48,57,52,52,57,52,55,49,37,51,44,53,36,28,51,62,51,50,21,23,24,8,8,7,7,13,13,Primera C
G. Monzón,Deportivo Español,Argentina,34,CDM,Right,169,20,48,,45,41,45,43,49,53,34,35,48,51,33,43,44,36,52,41,42,47,46,50,41,52,44,49,58,43,47,49,42,43,41,48,54,45,46,13,8,7,11,13,14,Primera C
I. Muñoz,Deportivo Español,Argentina,22,CDM,Left,179,23,53,,46,45,49,49,52,56,45,42,46,54,38,46,45,44,54,50,49,44,47,51,51,52,54,57,55,48,60,56,43,43,43,58,51,53,50,11,9,8,7,13,8,Primera C
N. Ostuni,Deportivo Español,Argentina,32,CAM,Right,176,21,50,,58,52,52,55,23,40,56,53,33,51,46,55,51,46,47,57,56,59,55,53,50,51,40,44,41,52,35,22,53,53,48,52,21,22,24,6,6,9,15,6,8,Primera C
P. Pérez,Deportivo Español,Argentina,5,CDM,Right,171,26,55,,50,45,50,50,55,56,40,45,48,54,40,45,46,45,52,53,48,52,51,53,52,47,55,57,56,43,55,58,47,53,43,57,57,54,55,13,6,14,8,15,15,Primera C
O. Pires,Deportivo Español,Argentina,12,CDM,Left,173,25,52,,46,39,49,47,53,55,43,35,45,57,38,43,39,45,46,49,45,46,50,52,46,42,45,58,53,44,61,59,43,48,39,55,51,55,49,14,13,15,12,15,8,Primera C
G. Ronconi,Deportivo Español,Argentina,16,"CM, CAM",Right,179,28,55,,49,46,57,55,46,51,56,42,46,58,44,56,55,46,56,55,52,47,49,53,54,49,49,55,49,50,51,46,50,58,49,55,48,46,43,11,12,9,13,10,14,Primera C
D. Salina,Deportivo Español,Argentina,14,CDM,Left,182,31,51,,42,44,49,49,52,55,42,40,46,58,34,45,39,42,49,53,39,45,49,52,47,53,51,60,52,48,55,54,44,43,43,50,58,46,52,10,15,14,11,8,14,Primera C
P. Vielma,Deportivo Español,Argentina,8,"CM, CDM",Right,179,28,53,,50,48,55,56,45,51,52,41,40,60,51,59,49,41,54,54,52,48,58,47,54,51,45,56,49,59,51,40,47,56,44,52,46,46,50,12,12,14,8,6,10,Primera C
D. Anríquez,Deportivo Español,Argentina,7,"RW, RM",Right,177,34,58,,60,55,56,61,27,51,56,57,47,58,54,66,56,57,51,59,57,63,58,61,57,49,54,60,49,55,43,27,61,58,53,53,19,29,22,6,6,6,9,7,14,Primera C
S. Ávila,Deportivo Español,Argentina,19,ST,Left,191,26,58,,61,58,49,59,24,58,44,61,57,54,58,58,53,42,41,62,57,64,56,59,49,57,58,57,60,50,55,25,62,50,60,61,21,17,19,10,7,12,7,14,15,Primera C
R. Cruz,Deportivo Español,Argentina,35,ST,Left,178,22,48,,46,50,39,46,15,47,35,53,46,44,51,49,40,39,34,41,46,46,47,50,43,52,46,45,49,41,43,16,52,40,47,51,10,10,13,10,7,14,7,6,6,Primera C
L. De Bony,Deportivo Español,Argentina,28,"LW, LM",Left,177,20,48,,57,46,46,49,15,43,46,49,31,48,44,50,54,38,38,48,55,59,50,50,52,43,42,51,43,43,35,16,49,46,44,45,14,11,11,15,14,14,6,10,6,Primera C
M. Fernández,Deportivo Español,Argentina,9,"ST, RW",Right,179,29,58,,59,61,47,58,24,58,45,65,57,51,62,57,52,48,40,59,62,56,59,56,56,56,58,58,61,56,50,21,62,48,58,57,21,20,17,10,9,8,13,7,7,Primera C
T. Narejko,Deportivo Español,Argentina,29,ST,Right,181,21,50,,52,53,42,49,18,47,43,58,51,45,47,49,42,41,33,49,52,52,54,51,37,51,50,51,48,45,41,18,51,45,52,49,11,16,11,15,6,9,12,13,6,Primera C
J. Papillú,Deportivo Español,Argentina,20,RW,Right,172,21,47,,55,47,45,48,16,39,46,47,33,45,43,48,46,43,39,47,58,53,50,50,49,47,35,50,36,45,33,17,53,48,46,47,15,11,11,10,13,13,6,13,14,Primera C
N. Ríos,Deportivo Español,Argentina,17,RW,Right,175,30,54,,59,53,51,56,25,49,59,55,38,52,48,57,53,42,47,53,55,62,60,54,61,53,45,57,48,48,44,32,57,47,50,51,24,21,14,13,11,8,11,8,12,Primera C
E. De La Peña,Deportivo Paraguayo,Argentina,25,GK,Right,185,26,49,,23,14,19,19,10,30,10,10,10,23,10,10,10,10,20,21,24,23,21,44,30,31,37,25,35,10,20,12,10,26,10,29,10,10,10,50,49,45,50,48,24,Primera C
R. Herrera,Deportivo Paraguayo,Argentina,1,GK,Right,188,23,59,,33,16,29,27,15,42,13,10,18,38,11,14,15,10,31,33,30,35,32,59,40,36,53,41,46,10,29,23,10,36,20,36,11,15,11,63,59,53,60,61,35,Primera C
S. Quiroga,Deportivo Paraguayo,Argentina,30,GK,Right,187,31,49,,28,14,19,18,11,31,10,10,10,23,10,10,10,10,21,18,27,28,26,42,30,31,43,21,39,10,22,13,10,22,10,26,10,10,10,50,50,41,49,49,25,Primera C
J. José Aguilar,Deportivo Paraguayo,Argentina,37,"CB, RB",Right,190,22,45,,40,24,31,32,49,48,27,18,43,41,24,26,25,18,33,34,37,42,33,45,35,39,46,43,49,24,50,47,19,21,26,43,48,54,47,6,12,11,12,7,13,Primera C
I. Alvite,Deportivo Paraguayo,Argentina,38,"LB, LM",Left,168,19,45,,52,31,40,41,44,44,44,29,41,42,27,44,33,29,44,38,52,52,44,37,51,40,42,47,42,29,45,44,24,35,30,35,44,45,48,6,9,9,9,14,7,Primera C
A. Aquino,Deportivo Paraguayo,Argentina,13,RB,Right,174,26,51,,56,35,48,48,50,52,54,30,43,52,30,48,38,39,49,47,57,56,49,53,54,44,43,54,51,38,53,53,43,40,32,44,46,53,52,14,6,7,7,11,11,Primera C
D. Carabajal,Deportivo Paraguayo,Argentina,24,CB,Right,180,28,51,,49,35,39,43,54,54,35,32,60,48,24,41,29,28,39,44,47,51,36,48,43,45,55,48,57,35,52,53,26,32,33,53,48,60,49,8,14,12,10,13,12,Primera C
D. Fassi,Deportivo Paraguayo,Argentina,14,"RB, RM",Left,176,35,53,,54,38,49,50,50,50,56,32,49,49,34,47,42,42,51,49,51,56,60,50,54,44,44,56,48,45,50,53,43,42,38,51,48,51,52,12,8,6,6,13,15,Primera C
J. Flores,Deportivo Paraguayo,Argentina,20,"LB, LM",Left,176,19,44,,51,28,43,41,43,43,49,26,35,46,25,41,35,31,43,40,49,53,48,40,43,37,40,52,38,26,47,40,33,35,26,35,44,45,51,12,9,6,13,14,7,Primera C
T. Garay,Deportivo Paraguayo,Argentina,6,"CB, RB",Right,179,25,53,,48,34,40,42,56,57,36,30,55,45,25,36,39,36,46,44,47,48,42,53,49,51,59,51,60,32,58,59,27,32,32,51,57,54,52,7,14,9,9,7,10,Primera C
D. Hernández,Deportivo Paraguayo,Argentina,4,"RB, RM",Left,177,23,53,,58,37,47,51,52,51,49,35,44,47,36,52,49,40,49,50,58,58,55,49,52,40,51,54,51,36,49,52,45,43,32,48,49,57,51,6,11,14,12,10,7,Primera C
A. Moreira,Deportivo Paraguayo,Argentina,33,LB,Left,176,21,47,,46,31,40,46,46,45,46,25,46,46,29,46,37,28,34,46,50,42,47,42,49,38,43,56,41,35,44,49,32,33,35,43,41,50,47,12,12,9,8,12,14,Primera C
R. Oliverio,Deportivo Paraguayo,Argentina,15,LB,Left,176,22,48,,55,34,41,44,47,47,46,30,37,44,33,44,39,31,36,44,57,54,48,43,46,39,51,57,42,39,46,44,37,37,29,41,45,54,52,9,13,13,7,7,9,Primera C
S. Peluffo,Deportivo Paraguayo,Argentina,42,LB,Left,173,19,42,,48,30,35,38,40,40,39,27,36,35,28,38,32,23,35,32,47,48,53,38,49,37,41,40,37,33,48,35,26,33,24,37,42,43,44,6,12,9,8,13,13,Primera C
Á. Peña,Deportivo Paraguayo,Argentina,22,"LB, LM",Left,179,20,46,,57,31,40,44,44,42,45,29,40,42,25,45,40,31,41,44,55,59,42,40,45,37,41,52,37,29,42,43,37,32,30,42,44,47,45,7,6,15,14,12,8,Primera C
F. Pereyra,Deportivo Paraguayo,Argentina,2,"CB, CDM",Left,180,21,55,,50,34,43,45,59,59,40,28,61,47,30,41,29,40,50,47,51,50,43,54,44,53,60,46,64,29,61,59,34,36,31,52,55,62,56,14,6,6,8,14,12,Primera C
N. Quevedo,Deportivo Paraguayo,Argentina,26,RB,Right,173,21,46,,48,32,40,44,43,44,43,28,39,41,30,44,43,28,39,41,49,48,49,46,49,40,42,47,41,29,46,46,39,39,35,44,39,45,47,6,6,15,11,6,8,Primera C
I. Zorrilla,Deportivo Paraguayo,Argentina,27,"LB, LM",Left,177,20,46,,51,29,43,45,43,49,43,24,34,49,21,47,42,32,45,42,50,52,45,44,49,39,44,53,47,29,48,40,31,35,39,40,44,47,42,12,13,15,11,10,6,Primera C
A. Barrionuevo,Deportivo Paraguayo,Argentina,31,RM,Right,172,22,48,,53,41,47,50,29,40,49,41,34,47,36,51,51,44,46,48,54,52,54,49,49,41,39,49,37,40,39,27,45,47,40,48,30,27,29,6,8,15,10,15,7,Primera C
C. Cardona,Deportivo Paraguayo,Argentina,7,RM,Right,162,22,52,,58,46,51,53,32,46,51,43,41,51,42,52,54,50,44,54,56,60,53,52,57,52,44,53,44,45,41,26,49,56,48,51,31,34,33,10,8,13,13,11,12,Primera C
T. Chávez,Deportivo Paraguayo,Argentina,39,"LM, LW",Left,173,20,45,,51,41,43,45,27,37,47,41,29,41,38,45,40,36,42,45,52,50,46,45,48,43,36,43,36,42,34,30,43,46,39,38,26,26,26,13,11,7,9,10,8,Primera C
C. Esparragoza,Deportivo Paraguayo,Argentina,17,RM,Right,173,21,51,,58,45,48,50,30,44,55,45,38,45,40,48,54,42,49,52,59,58,56,51,47,46,40,55,39,46,44,31,49,46,43,51,26,30,27,7,11,9,14,7,11,Primera C
I. Fidalgo,Deportivo Paraguayo,Argentina,16,CM,Right,168,21,46,,42,42,44,46,39,44,46,37,33,43,34,47,44,36,46,46,40,44,42,45,43,49,40,49,43,51,40,37,35,45,39,47,43,39,35,8,12,9,12,10,9,Primera C
E. García,Deportivo Paraguayo,Argentina,35,"CM, CAM",Right,186,21,46,,41,41,46,46,36,48,43,40,36,46,38,47,43,41,48,45,41,41,47,45,42,46,38,52,49,41,42,42,45,49,37,45,30,41,32,8,7,7,8,8,14,Primera C
J. Luis Gómez,Deportivo Paraguayo,Argentina,41,CAM,Left,180,20,43,,45,41,44,50,16,35,35,39,29,49,36,54,48,41,40,50,45,45,44,41,52,40,30,37,36,46,29,19,47,46,39,38,16,11,14,13,13,15,13,15,8,Primera C
M. Leal,Deportivo Paraguayo,Argentina,21,CM,Right,185,21,48,,45,42,50,50,40,47,45,41,39,53,32,46,48,47,52,54,46,45,51,50,49,47,39,53,47,42,42,40,50,47,42,47,41,42,37,6,11,10,6,15,12,Primera C
W. Lugo,Deportivo Paraguayo,Argentina,10,"CAM, CM",Right,170,31,58,,59,59,59,61,32,47,59,57,39,60,56,64,56,59,52,60,62,57,55,60,59,64,50,55,44,59,44,32,61,65,54,57,34,30,30,15,6,6,10,6,8,Primera C
I. Lynch,Deportivo Paraguayo,Argentina,3,"RM, RW",Left,183,27,55,,60,52,52,56,33,49,59,50,44,49,43,57,59,49,54,54,58,62,59,59,59,57,47,53,47,54,50,29,51,47,49,49,34,31,36,9,14,12,12,15,8,Primera C
F. Musumeci,Deportivo Paraguayo,Argentina,36,CAM,Left,169,22,46,,46,41,46,50,22,39,40,41,30,53,42,50,47,48,41,51,46,46,48,48,47,42,35,50,38,41,30,26,44,45,38,48,18,21,16,13,6,13,7,6,15,Primera C
F. Pellegrino,Deportivo Paraguayo,Argentina,8,"CM, CAM",Right,172,31,53,,51,48,53,53,44,52,52,41,42,58,45,50,51,46,50,57,51,51,54,51,47,59,46,60,50,52,47,49,49,52,52,52,43,44,41,10,6,8,14,6,14,Primera C
D. Plaksa,Deportivo Paraguayo,Argentina,32,CDM,Right,176,21,48,,40,41,45,44,48,48,39,38,43,51,38,42,38,37,46,46,37,42,46,48,41,50,50,50,45,40,50,51,40,43,39,50,50,45,48,9,15,7,8,8,9,Primera C
B. Rojas,Deportivo Paraguayo,Argentina,5,"LM, RM",Left,173,19,44,,51,40,45,43,23,39,49,39,30,44,35,44,42,43,44,42,50,51,49,39,51,41,30,51,35,42,35,27,41,43,39,33,20,21,25,14,8,8,8,10,15,Primera C
J. Sogos,Deportivo Paraguayo,Argentina,18,CM,Right,175,25,48,,46,41,48,48,41,45,48,35,35,49,40,48,47,42,48,48,54,39,45,45,52,44,40,48,45,49,41,42,45,47,41,49,40,44,35,10,13,14,8,12,7,Primera C
T. Sposaro,Deportivo Paraguayo,Argentina,40,LM,Left,167,24,45,,49,40,42,45,24,42,45,37,33,41,39,46,46,42,40,44,52,47,47,41,45,45,37,50,42,41,34,28,45,43,41,41,24,20,20,13,10,11,9,11,10,Primera C
T. Cubilla,Deportivo Paraguayo,Argentina,12,RW,Right,167,21,45,,52,43,44,50,15,33,43,43,30,45,41,53,43,41,40,48,51,53,54,42,55,46,38,43,30,38,29,17,48,46,42,37,14,10,10,12,13,13,8,12,15,Primera C
L. Fernández,Deportivo Paraguayo,Argentina,9,ST,Left,177,23,51,,57,51,39,50,17,50,39,52,51,40,54,51,46,40,34,50,54,59,48,52,45,55,57,48,53,47,43,11,53,38,44,51,12,16,14,14,14,11,6,9,8,Primera C
G. Giménez,Deportivo Paraguayo,Argentina,34,"ST, CAM",Right,182,22,47,,47,49,36,45,15,47,33,54,51,39,49,43,38,40,37,48,49,46,41,50,42,44,50,45,51,43,40,12,49,34,46,45,12,10,10,6,12,15,13,10,14,Primera C
R. Ávalos,Deportivo Paraguayo,Argentina,29,"ST, RW",Right,181,22,49,,50,53,39,47,17,50,39,56,55,44,49,43,38,38,34,51,48,52,49,43,45,51,50,45,55,50,45,13,53,36,46,46,14,11,10,8,15,6,15,13,14,Primera C
R. González,Deportivo Paraguayo,Argentina,23,LW,Right,165,24,51,,59,51,50,54,21,44,50,54,40,50,47,53,50,51,44,57,59,59,55,47,57,53,41,51,42,45,40,22,53,52,50,52,20,16,14,12,14,7,9,9,9,Primera C
J. Mendoza,Deportivo Paraguayo,Argentina,11,"LW, LM",Left,167,23,55,,63,56,51,58,25,48,55,58,45,49,47,59,56,50,47,58,65,62,60,56,59,51,45,51,49,58,42,24,58,52,52,51,23,21,21,11,13,14,13,10,15,Primera C
R. Ortiz,Deportivo Paraguayo,Argentina,19,"ST, RW",Right,184,25,51,,49,54,44,50,19,50,39,59,59,54,51,48,44,38,31,52,47,50,51,52,49,52,54,46,56,43,40,17,54,43,57,48,15,14,10,6,15,14,11,13,12,Primera C
M. Reinoso,Deportivo Paraguayo,Argentina,28,"LW, ST",Left,176,22,48,,50,47,46,52,19,40,44,49,31,54,45,53,44,42,35,51,53,48,54,48,49,43,39,40,43,44,33,21,49,45,49,45,18,18,10,10,15,11,7,9,15,Primera C
L. Andrade,El Porvenir,Argentina,30,GK,Right,185,26,48,,23,14,19,18,11,31,10,10,15,23,10,10,10,10,24,19,23,23,19,47,23,29,33,23,40,10,18,14,10,23,10,31,10,10,10,45,47,41,49,50,28,Primera C
F. Arcas,El Porvenir,Argentina,39,GK,Right,185,21,47,,20,14,18,18,10,30,10,10,10,21,10,10,10,10,19,20,19,20,24,41,25,31,35,24,36,10,22,10,10,26,12,28,10,10,10,47,42,42,45,47,27,Primera C
C. Arce,El Porvenir,Argentina,33,GK,Right,187,43,49,,23,13,21,18,10,31,10,10,10,24,10,10,10,10,26,20,21,25,23,47,27,25,37,24,37,11,23,12,10,28,12,28,10,10,10,52,49,45,46,53,22,Primera C
D. Freire,El Porvenir,Argentina,42,GK,Right,182,21,46,,24,14,17,16,10,31,10,10,10,21,10,10,10,10,16,14,25,23,21,39,26,29,28,25,40,10,17,11,10,19,10,25,10,10,10,49,45,40,45,48,24,Primera C
L. Guzmán,El Porvenir,Argentina,25,GK,Right,182,25,50,,25,14,22,18,12,38,10,10,14,29,10,10,10,10,27,20,26,25,23,46,29,30,36,25,48,10,29,17,10,25,10,29,10,10,10,48,49,44,46,53,31,Primera C
T. Guzmán,El Porvenir,Argentina,35,GK,Right,182,23,48,,16,13,17,18,11,32,10,10,10,17,10,10,10,10,24,19,19,14,22,42,30,22,33,18,44,10,20,15,10,22,16,26,10,10,10,49,44,40,51,48,25,Primera C
S. Juárez,El Porvenir,Argentina,1,GK,Right,188,24,58,,36,17,26,26,16,43,13,12,20,29,10,16,10,19,34,29,33,39,31,56,35,31,44,40,50,15,27,26,10,33,20,38,10,15,16,56,58,52,56,61,36,Primera C
F. Avalos,El Porvenir,Argentina,24,"CB, CDM",Right,186,20,51,,46,30,37,37,54,52,29,26,56,43,31,32,30,30,46,40,43,48,37,42,40,41,53,46,54,32,53,51,21,32,27,42,54,56,49,11,12,9,12,10,9,Primera C
E. Ayala,El Porvenir,Argentina,15,"LB, LM",Left,172,23,50,,56,36,45,47,47,47,46,33,41,50,31,46,43,41,40,47,56,56,52,42,48,42,42,53,46,35,44,51,40,41,38,49,48,44,52,13,12,13,8,6,8,Primera C
K. Delgado,El Porvenir,Argentina,26,RB,Left,176,18,46,,54,33,41,43,44,45,47,30,42,42,32,44,42,36,38,40,52,55,50,40,51,41,41,48,44,31,43,42,32,37,29,45,40,48,47,10,12,9,11,15,6,Primera C
P. Ibarra,El Porvenir,Argentina,21,"CB, CDM",Right,187,22,44,,41,27,30,34,47,48,24,25,52,36,18,28,24,27,33,37,41,41,31,44,37,34,45,40,51,26,49,47,28,26,23,44,45,50,41,12,14,7,11,11,11,Primera C
T. Ifran,El Porvenir,Argentina,43,RB,Right,175,22,46,,51,28,42,44,45,43,46,21,42,47,29,42,41,31,41,43,51,51,51,46,48,36,44,49,39,35,43,43,31,35,28,46,48,43,49,15,13,9,10,15,9,Primera C
M. Nahuel Ochoa,El Porvenir,Argentina,12,CB,Right,187,23,49,,41,29,39,39,52,55,37,21,52,48,23,36,33,26,42,41,38,44,36,44,37,45,57,53,57,33,53,53,24,29,32,53,51,53,52,15,10,12,12,11,15,Primera C
J. Peralta Salinas,El Porvenir,Argentina,2,CB,Right,184,38,54,,42,34,43,42,58,55,38,29,56,49,33,38,35,33,47,45,43,42,39,59,42,50,57,50,55,31,59,58,27,37,38,52,58,62,53,10,8,14,13,7,12,Primera C
J. Quinteros,El Porvenir,Argentina,4,RB,Right,174,31,56,,58,41,51,57,51,55,54,37,50,53,34,59,51,46,57,54,57,58,62,56,62,47,56,61,51,45,56,53,43,42,41,51,49,53,51,15,8,13,6,8,8,Primera C
K. Romero,El Porvenir,Argentina,6,CB,Right,185,27,57,,48,37,45,45,60,60,42,29,62,52,30,41,37,38,44,47,47,49,42,53,50,53,60,54,63,41,62,60,33,38,36,52,58,58,65,10,9,10,9,15,14,Primera C
F. Ruíz,El Porvenir,Argentina,27,LB,Right,178,23,50,,55,37,44,44,47,47,48,37,43,46,31,42,36,37,43,43,53,57,53,45,53,43,41,52,45,31,48,44,39,41,34,41,48,49,47,8,10,8,6,11,13,Primera C
J. Ignacio Santarelli,El Porvenir,Argentina,36,CB,Left,184,20,48,,43,27,34,38,50,52,34,21,49,39,24,34,27,20,38,42,46,41,37,43,38,45,53,47,56,23,50,53,29,28,31,41,47,51,48,6,15,6,7,6,7,Primera C
L. Sequeira,El Porvenir,Argentina,13,"CB, RB",Left,185,24,52,,49,29,38,38,57,54,34,24,59,45,23,32,32,38,40,42,51,47,40,51,40,43,57,48,57,29,55,64,28,32,34,48,52,56,57,12,15,13,8,15,13,Primera C
L. Villagra,El Porvenir,Argentina,3,"LB, RB",Left,178,25,58,,61,44,53,58,54,57,61,42,57,54,44,58,48,44,55,58,62,61,61,55,61,54,53,63,55,41,56,58,43,43,42,52,48,54,56,13,15,14,6,6,7,Primera C
F. Agudelo,El Porvenir,Argentina,34,"LM, RM",Left,179,29,49,,51,43,49,52,28,45,55,40,34,47,42,49,46,42,44,55,52,51,54,49,52,46,40,56,41,44,42,26,44,51,46,45,26,29,29,10,8,6,11,8,14,Primera C
J. Arrieta,El Porvenir,Argentina,8,"CM, CDM",Right,181,24,53,,50,49,53,51,43,50,52,48,39,53,39,50,55,49,48,52,50,50,53,50,51,50,49,55,47,53,49,47,48,59,49,54,41,45,42,9,15,6,13,9,7,Primera C
L. Bolig,El Porvenir,Argentina,7,RM,Right,169,25,57,,61,50,57,54,40,52,61,50,47,54,43,53,59,56,55,54,60,62,57,57,62,51,46,62,49,51,46,40,53,59,53,51,38,39,39,12,9,15,13,7,13,Primera C
J. Caballero,El Porvenir,Argentina,46,"CM, CAM",Right,177,19,44,,42,39,48,43,36,41,44,33,37,49,33,39,40,41,48,50,46,39,40,40,44,48,33,44,37,44,49,35,42,52,39,39,37,35,32,12,13,8,11,11,9,Primera C
I. Espinosa,El Porvenir,Argentina,47,"CM, CDM",Right,167,16,41,,42,35,39,37,34,40,36,31,33,39,30,35,36,36,40,37,41,43,40,41,40,38,31,40,42,40,36,36,40,45,32,38,31,35,33,12,11,9,7,11,11,Primera C
U. Gamarra,El Porvenir,Argentina,44,"CDM, CB",Right,169,20,46,,41,33,43,41,49,47,38,25,48,47,25,38,37,37,48,45,38,43,43,44,40,41,47,48,45,43,52,48,40,42,39,36,50,50,44,7,8,9,6,12,12,Primera C
L. Gianella,El Porvenir,Argentina,18,"CDM, CM",Right,176,20,47,,42,40,45,44,48,48,32,41,40,51,30,41,41,39,49,48,40,44,41,46,47,43,44,50,46,41,52,47,38,47,36,42,48,51,48,15,11,6,8,11,9,Primera C
A. Ignacio Invernizzi,El Porvenir,Argentina,37,"CM, CAM",Left,170,26,48,,45,43,47,52,39,46,43,40,35,49,36,53,46,42,48,53,42,47,46,51,54,47,44,49,45,48,45,42,43,47,43,45,37,41,39,11,15,11,11,12,15,Primera C
U. Macías,El Porvenir,Argentina,10,CAM,Right,170,25,54,,52,54,55,58,28,45,47,52,39,57,53,56,60,53,51,63,55,50,55,49,53,59,41,51,44,53,43,29,56,60,52,57,31,22,24,7,9,8,11,14,8,Primera C
A. Monteleone,El Porvenir,Argentina,22,CDM,Left,182,27,48,,40,40,46,41,50,49,41,35,42,49,32,38,32,42,52,43,41,40,44,45,44,48,45,46,50,42,53,53,40,48,43,47,53,48,45,15,14,15,11,8,10,Primera C
J. Müller,El Porvenir,Argentina,17,"RM, LM",Right,176,23,52,,58,48,51,53,34,44,51,47,34,54,44,55,50,41,49,52,61,56,52,49,56,49,42,53,40,48,42,37,51,50,45,47,35,32,28,11,14,11,11,7,12,Primera C
F. Ríos,El Porvenir,Argentina,16,CM,Left,176,23,49,,44,46,49,51,38,47,49,48,39,51,38,51,46,41,48,52,47,42,48,46,54,47,43,59,44,44,40,37,48,48,37,47,42,34,34,11,13,8,13,9,12,Primera C
H. Rodríguez,El Porvenir,Argentina,20,"CAM, ST",Right,174,22,50,,53,51,52,52,24,39,52,51,33,51,45,49,50,46,49,54,57,50,59,51,48,56,41,47,36,48,36,26,54,57,49,55,24,19,21,13,14,13,8,7,15,Primera C
T. Sánchez,El Porvenir,Argentina,40,CAM,Right,177,26,47,,49,46,48,51,20,39,45,45,30,48,42,53,48,44,49,50,54,45,51,45,44,44,37,43,39,50,36,21,49,51,46,48,18,18,17,8,13,6,14,13,10,Primera C
B. Schmid,El Porvenir,Argentina,23,"CM, CAM",Right,177,28,53,,48,48,53,53,44,52,53,45,44,53,45,53,47,52,55,51,50,46,58,52,53,55,46,57,51,48,51,40,48,54,45,53,43,47,46,10,12,11,6,6,14,Primera C
K. Sankara Souffrant,El Porvenir,Argentina,45,"CM, CDM",Right,179,21,46,,44,42,45,48,38,44,46,41,40,48,41,47,40,36,39,49,46,42,44,48,49,43,35,46,44,45,42,42,42,46,44,48,40,35,30,10,14,13,6,7,15,Primera C
L. Zerbo,El Porvenir,Argentina,28,CM,Left,167,20,50,,51,47,53,52,42,44,45,43,43,60,41,49,47,44,52,54,49,53,55,53,54,52,45,48,44,52,40,46,46,53,41,44,43,40,39,11,10,8,11,8,15,Primera C
M. Alvarenga,El Porvenir,Argentina,29,"ST, RW",Right,176,26,49,,50,48,40,48,15,51,39,49,53,42,48,43,44,33,37,52,47,52,48,50,52,51,54,42,59,42,43,14,53,41,50,53,11,10,10,13,9,15,10,12,10,Primera C
T. Bernal,El Porvenir,Argentina,19,"ST, CAM",Right,179,23,54,,58,54,45,54,22,52,42,59,55,48,46,50,42,42,37,57,61,55,55,57,52,50,58,51,55,49,45,19,60,48,57,55,18,20,10,8,13,13,11,6,8,Primera C
N. De Benedetti,El Porvenir,Argentina,9,ST,Right,174,31,55,,56,57,45,54,23,58,41,58,57,50,59,53,45,47,39,56,54,57,50,61,56,55,54,57,60,54,54,17,62,43,59,55,25,18,10,10,11,13,12,7,6,Primera C
L. Kuszko,El Porvenir,Argentina,14,ST,Right,180,36,49,,42,52,41,47,16,45,37,56,46,44,50,48,41,43,35,45,45,40,49,51,43,55,47,46,46,43,43,14,52,42,50,51,16,10,10,14,9,9,12,10,15,Primera C
L. Tadeo Lagiglia,El Porvenir,Argentina,38,ST,Right,181,21,48,,50,51,39,46,18,47,37,55,54,45,46,42,38,36,34,51,52,48,48,50,36,50,48,45,50,45,44,14,51,35,47,47,10,18,10,12,12,14,9,13,11,Primera C
L. Miguens,El Porvenir,Argentina,41,"ST, RW",Right,179,21,47,,50,48,39,48,15,51,36,50,49,43,47,51,41,39,31,48,52,48,42,44,38,45,52,43,58,45,45,10,49,42,47,52,13,12,10,6,7,12,6,6,6,Primera C
I. Ortiz,El Porvenir,Argentina,32,"ST, RW",Left,178,27,50,,54,50,40,49,16,50,37,49,50,44,57,48,37,41,36,49,55,53,48,52,49,49,47,48,52,48,50,12,57,38,50,51,16,10,10,9,9,12,14,13,9,Primera C
N. Oviedo,El Porvenir,Argentina,5,ST,Left,182,36,47,,44,50,38,44,15,46,34,54,49,41,41,43,40,46,30,44,43,45,43,50,46,47,45,39,50,46,43,13,51,39,49,49,12,10,10,7,9,10,9,13,9,Primera C
L. Pérez Díaz,El Porvenir,Argentina,11,LW,Left,160,22,47,,52,43,43,51,17,40,45,43,31,43,43,51,49,39,40,50,50,54,56,50,55,43,36,49,37,43,36,21,51,44,41,45,17,10,18,8,9,10,10,8,8,Primera C
L. Salas Dylan,El Porvenir,Argentina,31,"ST, RW",Right,179,25,48,,49,48,39,48,16,46,33,51,49,43,45,44,39,38,34,53,48,50,46,52,46,48,46,41,48,41,46,12,48,41,49,49,14,10,10,15,14,12,7,9,6,Primera C
S. Delabarba,Estrella del Sur (Alejandro Korn),Argentina,37,GK,Right,185,18,46,,22,13,18,17,10,27,10,10,10,22,10,10,10,10,23,17,23,22,22,41,18,26,35,20,35,10,16,12,10,20,10,30,10,10,10,45,47,38,46,46,22,Primera C
V. Díaz,Estrella del Sur (Alejandro Korn),Argentina,1,GK,Left,188,21,56,,30,16,23,24,14,39,11,10,15,29,10,12,10,14,26,26,28,32,33,55,36,40,47,28,45,10,35,27,10,30,14,38,12,10,10,58,55,49,58,56,36,Primera C
T. Lingua Bender,Estrella del Sur (Alejandro Korn),Argentina,30,GK,Right,176,26,52,,27,14,23,20,11,32,10,10,10,31,10,10,10,10,25,22,24,30,28,52,36,30,40,23,38,10,24,17,10,27,11,29,10,10,10,51,53,49,55,49,28,Primera C
E. Portillo,Estrella del Sur (Alejandro Korn),Argentina,25,GK,Right,180,26,49,,23,14,18,18,10,31,10,10,12,22,10,10,10,10,21,21,22,24,21,50,26,29,34,20,36,10,31,10,10,23,10,25,10,10,10,50,49,46,50,52,28,Primera C
I. Quiroz,Estrella del Sur (Alejandro Korn),Argentina,38,GK,Right,183,3,45,,23,13,15,16,10,28,10,10,10,17,10,10,10,10,14,16,26,21,20,38,30,25,35,19,35,10,21,10,10,20,10,22,10,10,10,45,45,34,45,50,21,Primera C
G. Rivera,Estrella del Sur (Alejandro Korn),Argentina,39,GK,Left,181,21,45,,20,13,15,17,10,27,10,10,10,18,10,10,10,10,17,18,19,20,21,36,22,23,30,21,32,10,20,10,10,17,10,25,10,10,10,51,43,39,46,46,24,Primera C
L. Cabrera,Estrella del Sur (Alejandro Korn),Argentina,26,"RB, LB",Right,169,26,52,,59,35,48,48,50,47,50,31,47,54,33,48,43,33,46,47,57,60,50,46,57,43,46,53,45,39,46,45,32,41,37,44,54,51,49,14,9,9,14,9,9,Primera C
G. David,Estrella del Sur (Alejandro Korn),Argentina,3,"LB, RB",Right,178,31,55,,60,41,50,53,52,56,55,38,40,51,39,48,47,40,52,57,59,60,53,50,56,51,51,61,56,37,52,54,46,45,41,58,54,50,55,14,7,8,9,8,8,Primera C
T. Eguia,Estrella del Sur (Alejandro Korn),Argentina,34,LB,Right,171,24,49,,53,35,43,46,50,48,48,30,46,49,26,48,35,33,41,42,57,50,47,45,51,44,44,48,49,37,47,52,40,35,36,44,53,49,47,12,14,15,15,11,9,Primera C
K. Escobar,Estrella del Sur (Alejandro Korn),Argentina,27,RB,Left,177,33,50,,56,36,47,46,50,47,54,31,42,49,29,42,40,35,46,49,59,54,54,46,44,47,46,53,46,35,41,51,42,44,36,47,54,48,47,10,7,13,6,7,14,Primera C
S. Feletto,Estrella del Sur (Alejandro Korn),Argentina,13,CB,Right,180,24,53,,48,29,43,43,54,56,41,24,57,50,29,39,32,33,48,48,45,50,37,51,45,44,55,49,59,28,55,53,25,34,30,49,54,55,54,7,8,11,9,13,10,Primera C
R. López,Estrella del Sur (Alejandro Korn),Argentina,2,"CB, CDM",Left,187,23,56,,51,37,41,44,60,60,38,32,60,46,33,42,36,38,46,44,50,51,45,55,48,50,54,53,67,38,54,60,34,33,38,50,59,61,58,8,13,15,9,7,10,Primera C
D. Maidana,Estrella del Sur (Alejandro Korn),Argentina,6,CB,Right,181,25,51,,47,31,37,41,55,51,36,26,56,44,32,36,37,30,36,45,46,48,39,49,38,43,57,47,52,29,52,54,29,27,32,45,56,56,50,15,10,6,6,9,15,Primera C
F. Montes de Oca,Estrella del Sur (Alejandro Korn),Argentina,31,CB,Right,188,24,50,,46,32,37,42,54,52,32,30,51,43,26,41,30,33,43,43,44,48,35,53,39,43,54,49,54,31,50,55,23,29,31,56,55,52,55,11,10,8,9,8,7,Primera C
N. Montes de Oca,Estrella del Sur (Alejandro Korn),Argentina,43,"RB, RM",Right,175,22,44,,52,30,39,40,41,44,49,28,35,35,28,39,32,28,40,36,50,54,46,44,49,35,47,47,43,30,41,41,26,41,27,41,41,42,47,9,11,12,14,10,9,Primera C
G. Nuñez,Estrella del Sur (Alejandro Korn),Argentina,4,RB,Right,179,25,56,,63,43,50,51,53,55,56,40,50,51,38,52,49,42,51,48,63,63,56,48,59,49,53,63,53,44,50,52,42,42,42,55,51,56,56,11,8,8,13,13,6,Primera C
K. Aquino,Estrella del Sur (Alejandro Korn),Argentina,21,CM,Right,174,23,52,,50,46,53,52,45,50,52,41,39,54,47,52,50,51,51,52,49,50,51,55,51,53,41,57,48,45,46,45,55,53,52,51,48,45,44,10,9,8,15,8,12,Primera C
K. Araujo,Estrella del Sur (Alejandro Korn),Argentina,8,CM,Right,177,26,57,,53,53,58,57,49,56,52,49,48,65,45,54,53,55,58,60,55,51,59,58,55,60,49,61,57,58,49,51,53,53,48,55,51,49,44,14,12,14,14,11,13,Primera C
T. Bravo,Estrella del Sur (Alejandro Korn),Argentina,5,"CDM, CM",Right,175,26,57,,51,48,53,51,58,58,45,43,55,58,39,48,49,47,57,53,49,53,50,55,55,57,57,61,59,55,52,65,47,51,44,62,54,61,55,12,14,9,9,6,11,Primera C
C. Campuzano,Estrella del Sur (Alejandro Korn),Argentina,7,"RM, LM",Left,175,28,60,,62,54,57,62,42,51,64,51,47,53,46,63,62,47,57,61,61,63,63,55,66,56,48,61,47,60,50,40,55,57,57,55,42,42,36,6,6,7,8,10,13,Primera C
L. Chiapparo,Estrella del Sur (Alejandro Korn),Argentina,18,CM,Left,171,31,57,,55,51,54,56,50,56,51,48,53,54,47,58,54,48,58,53,51,58,58,55,60,58,44,61,57,51,51,51,56,58,51,54,50,50,49,7,6,7,14,14,8,Primera C
G. Contreras,Estrella del Sur (Alejandro Korn),Argentina,10,"CDM, CM",Left,186,27,52,,46,41,49,49,54,55,42,37,50,53,32,44,40,44,49,52,47,46,49,53,54,48,51,52,58,46,52,56,43,54,40,55,56,52,56,11,10,10,6,12,13,Primera C
M. Del Río,Estrella del Sur (Alejandro Korn),Argentina,40,CDM,Right,182,19,45,,42,36,41,41,44,49,35,31,39,46,35,38,38,37,41,46,45,40,39,37,44,46,41,51,48,37,50,51,40,40,33,41,43,43,45,10,13,12,11,8,8,Primera C
J. Eseiza,Estrella del Sur (Alejandro Korn),Argentina,16,"CDM, CB",Left,180,24,57,,52,44,53,52,54,57,50,42,52,53,42,50,52,52,56,54,47,56,45,56,56,46,58,62,54,48,59,58,42,55,49,55,51,55,55,10,14,11,9,15,14,Primera C
J. Gómez,Estrella del Sur (Alejandro Korn),Argentina,35,LM,Right,171,23,49,,55,44,51,51,30,43,54,47,31,52,43,53,52,42,48,51,56,54,49,45,50,43,39,52,38,41,46,33,42,50,43,49,27,31,27,13,10,6,7,9,8,Primera C
N. Gómez,Estrella del Sur (Alejandro Korn),Argentina,22,CDM,Right,182,33,53,,43,45,47,50,52,54,39,44,46,50,36,49,49,38,49,50,42,44,48,58,46,48,52,53,54,47,55,51,46,50,44,54,55,49,55,8,12,13,10,15,15,Primera C
S. Gutiérrez,Estrella del Sur (Alejandro Korn),Argentina,9,"CM, CAM",Left,177,22,49,,50,45,51,47,41,46,46,43,33,56,37,45,43,40,53,48,52,48,46,49,51,47,41,53,43,50,46,41,50,52,40,49,40,44,44,6,14,14,14,9,7,Primera C
R. Martinangeli,Estrella del Sur (Alejandro Korn),Argentina,12,CDM,Right,180,33,54,,45,46,52,49,57,58,39,42,48,59,39,45,50,52,58,52,44,45,48,58,48,53,48,62,57,51,57,63,45,51,37,55,54,61,55,6,8,10,6,6,12,Primera C
K. Poblet,Estrella del Sur (Alejandro Korn),Argentina,14,"CM, CDM",Left,179,23,51,,53,45,54,52,45,48,47,41,40,58,36,54,49,49,55,51,52,54,54,48,47,47,46,51,46,54,51,47,45,54,39,54,45,47,41,7,13,13,13,10,13,Primera C
S. Sardano,Estrella del Sur (Alejandro Korn),Argentina,19,"CM, CAM",Left,170,25,50,,48,45,48,51,43,47,38,44,36,48,41,52,50,50,51,51,49,47,48,47,48,49,40,58,45,44,40,45,48,53,46,47,47,40,41,12,13,13,7,11,9,Primera C
F. Scabuzzo,Estrella del Sur (Alejandro Korn),Argentina,36,"LM, RM",Left,177,21,47,,53,42,49,48,26,43,48,42,32,53,37,49,48,40,43,48,54,52,49,44,48,42,41,50,41,42,41,28,46,48,40,41,26,24,24,12,9,10,13,7,15,Primera C
S. Tallarico,Estrella del Sur (Alejandro Korn),Argentina,41,"CM, CDM",Right,173,21,45,,46,43,46,45,39,41,39,43,34,48,33,44,48,43,48,48,49,43,44,46,50,45,34,44,40,45,42,45,39,49,42,37,37,39,38,7,12,9,12,15,13,Primera C
C. Toledo,Estrella del Sur (Alejandro Korn),Argentina,24,"CM, CDM",Right,185,29,51,,46,47,50,55,44,48,45,44,41,55,44,58,49,45,50,55,50,43,52,51,51,49,44,52,47,50,47,43,45,49,53,54,43,46,42,6,15,11,9,13,14,Primera C
H. Torrejón,Estrella del Sur (Alejandro Korn),Argentina,11,LM,Left,169,24,56,,61,50,54,57,36,48,62,48,43,50,51,59,54,50,49,55,58,64,58,54,60,53,46,56,44,53,48,38,51,58,51,51,36,34,36,13,10,7,8,8,9,Primera C
D. Garzón,Estrella del Sur (Alejandro Korn),Argentina,32,"LW, LM",Right,168,26,50,,56,48,47,52,19,45,49,50,36,45,46,56,55,46,41,49,60,52,50,53,48,48,44,53,46,48,33,16,51,51,39,42,22,14,13,6,9,14,7,7,12,Primera C
G. Hauche,Estrella del Sur (Alejandro Korn),Argentina,23,"LW, ST",Left,175,6,49,,60,49,46,56,20,40,53,49,33,46,43,58,45,48,41,56,61,59,59,43,58,55,43,45,39,44,36,17,52,42,45,43,22,18,12,6,12,10,11,9,7,Primera C
N. Maldonado,Estrella del Sur (Alejandro Korn),Argentina,33,ST,Right,173,39,50,,51,52,40,52,17,52,36,56,50,40,47,52,42,37,38,53,52,50,49,53,47,51,49,51,56,45,44,15,57,45,52,50,15,11,12,10,6,6,8,15,13,Primera C
G. Martínez,Estrella del Sur (Alejandro Korn),Argentina,42,"ST, RW",Right,179,19,45,,46,50,34,43,14,45,34,55,46,37,49,38,34,34,26,47,47,45,46,45,41,52,42,46,49,37,36,10,48,36,47,46,10,10,10,12,8,11,10,13,7,Primera C
E. Mazzantti,Estrella del Sur (Alejandro Korn),Argentina,29,ST,Left,177,23,52,,53,54,44,52,21,53,43,56,51,46,46,51,49,44,38,54,50,56,54,51,51,55,55,49,59,49,43,17,54,44,55,49,20,19,10,6,13,9,12,10,11,Primera C
L. Moreira,Estrella del Sur (Alejandro Korn),Argentina,17,RW,Left,181,24,53,,58,50,48,57,23,42,51,51,46,50,57,59,53,44,41,55,59,57,58,57,63,47,44,53,38,51,37,25,52,47,48,56,17,22,15,10,8,10,9,12,7,Primera C
A. Spagna,Estrella del Sur (Alejandro Korn),Argentina,20,"LW, LM",Left,174,24,46,,52,42,43,48,14,36,46,44,28,44,37,48,48,43,36,49,51,53,48,45,49,41,39,43,32,39,35,10,48,42,44,40,15,11,10,7,12,9,15,12,14,Primera C
L. Torres,Estrella del Sur (Alejandro Korn),Argentina,28,LW,Left,171,23,52,,58,53,52,56,22,44,51,55,36,55,49,60,52,48,43,52,59,57,56,53,57,55,41,50,43,49,40,22,57,54,47,53,22,21,14,11,14,8,8,9,8,Primera C
L. Vázquez,Estrella del Sur (Alejandro Korn),Argentina,15,"LW, LM",Left,173,22,51,,59,50,48,53,22,42,52,50,42,47,46,56,49,46,41,50,56,61,61,46,54,51,43,53,39,48,34,18,55,50,45,49,20,21,16,15,6,8,15,7,15,Primera C
M. Jara,Fénix,Argentina,1,GK,Right,184,36,52,,24,15,24,21,11,36,10,10,13,31,10,10,10,10,25,26,22,25,28,45,31,35,42,22,45,10,28,14,10,32,11,29,10,10,10,49,52,48,49,49,37,Primera C
F. Macri,Fénix,Argentina,25,GK,Right,192,25,51,,27,15,17,20,11,37,10,10,10,16,10,10,10,10,27,20,28,26,27,53,35,34,40,24,44,10,34,16,10,23,10,34,10,10,11,54,50,42,48,57,26,Primera C
M. Mittelman,Fénix,Argentina,12,GK,Right,190,39,51,,24,15,21,19,12,33,10,10,12,26,10,10,10,10,25,19,21,26,26,49,31,36,38,23,39,10,28,20,10,28,12,34,10,10,10,55,52,42,50,55,32,Primera C
J. Bembo,Fénix,Argentina,26,"RB, LB",Left,175,31,52,,53,39,48,49,51,52,55,37,45,50,33,48,43,34,48,48,55,52,55,44,55,47,49,58,49,36,51,48,39,42,40,48,54,53,46,9,15,14,9,14,15,Primera C
S. Erviti,Fénix,Argentina,36,CB,Right,180,22,46,,44,25,34,35,46,48,27,16,43,41,23,35,25,24,37,34,43,44,32,49,34,40,48,38,52,30,49,45,19,32,30,43,44,51,42,11,12,9,13,12,13,Primera C
E. Gayoso,Fénix,Argentina,13,CB,Left,186,30,56,,52,37,46,47,58,57,39,31,58,54,29,41,39,36,54,53,46,56,47,50,48,55,55,52,59,35,60,59,33,38,35,57,54,62,58,13,12,14,9,10,10,Primera C
F. Gómez,Fénix,Argentina,2,"CB, CDM",Right,180,37,57,,48,34,45,45,61,61,43,27,59,52,29,40,37,37,51,46,45,51,46,59,43,51,60,56,64,33,58,58,35,36,38,61,67,60,57,7,14,8,8,7,11,Primera C
I. Gorosito,Fénix,Argentina,6,"CB, RB",Right,182,25,54,,49,32,39,43,57,60,36,28,57,45,29,35,36,32,43,49,46,51,43,52,44,43,58,57,64,32,55,62,32,30,36,48,49,61,55,9,13,9,7,11,15,Primera C
E. Ham,Fénix,Argentina,3,LB,Left,170,36,56,,57,43,52,56,53,52,54,42,52,54,41,54,47,43,54,55,56,57,67,62,61,49,51,60,47,41,53,48,42,51,38,52,51,58,54,13,6,9,15,12,10,Primera C
S. Ibars,Fénix,Argentina,14,RB,Right,175,35,51,,52,38,45,49,52,50,47,35,42,44,37,47,41,37,49,50,54,51,50,55,53,44,49,55,46,39,53,52,39,45,41,47,54,55,51,7,14,11,11,13,10,Primera C
F. Jasni,Fénix,Argentina,15,"LB, LM",Left,171,25,47,,51,31,44,46,44,47,44,23,45,48,31,46,40,35,47,45,47,55,51,39,49,44,44,49,46,34,46,45,33,36,37,40,41,47,38,6,13,6,15,7,6,Primera C
L. Maidana,Fénix,Argentina,32,CB,Left,186,21,48,,45,27,37,39,49,52,33,21,52,46,29,37,32,26,43,43,42,48,35,45,33,41,52,42,58,24,51,50,27,26,26,41,49,50,45,8,7,11,8,13,8,Primera C
M. Masdeu,Fénix,Argentina,20,CB,Right,191,23,52,,48,33,40,41,56,55,33,28,56,50,30,34,28,32,42,45,49,47,39,54,49,47,54,49,58,34,54,52,31,31,32,50,60,57,54,6,10,15,9,9,13,Primera C
N. Ortigoza,Fénix,Argentina,24,CB,Left,179,28,55,,50,34,42,44,57,58,36,29,54,47,30,40,32,34,52,48,46,53,45,52,36,46,60,49,59,37,64,58,28,34,30,55,54,61,59,10,13,9,11,11,8,Primera C
A. Suárez,Fénix,Argentina,4,CB,Right,186,29,59,,55,38,44,50,62,64,44,30,63,50,31,45,35,39,50,53,56,54,51,62,51,50,59,54,69,45,67,62,30,33,40,58,62,60,63,6,8,11,12,15,10,Primera C
J. Manuel Velásquez,Fénix,Argentina,37,"CB, RB",Right,183,22,46,,41,25,38,34,52,50,27,19,52,52,23,28,21,27,37,40,42,40,29,36,43,40,49,48,52,26,50,58,20,31,22,43,50,50,47,8,12,15,9,13,9,Primera C
J. Alcalde,Fénix,Argentina,22,"CAM, ST",Right,174,26,47,,50,46,49,52,19,39,44,41,27,49,44,52,52,45,50,54,51,50,50,50,50,53,35,48,39,50,30,22,47,52,48,49,21,13,15,13,9,6,11,10,8,Primera C
B. Álvarez,Fénix,Argentina,30,LM,Left,170,23,49,,53,44,48,53,29,44,50,44,29,50,37,55,48,43,41,53,53,53,53,49,51,47,41,51,41,42,44,29,46,47,43,46,28,29,28,11,6,9,13,6,11,Primera C
L. Álvarez,Fénix,Argentina,11,"LM, LW",Left,174,31,54,,59,49,53,55,33,50,55,49,36,54,50,53,53,50,47,58,63,56,56,52,62,52,44,57,47,45,51,35,47,55,50,53,36,27,36,9,7,7,7,15,11,Primera C
G. Bravo,Fénix,Argentina,18,"CM, CDM",Right,170,36,47,,42,42,47,42,41,46,43,39,43,51,35,37,44,39,47,46,38,45,43,48,48,45,38,48,47,47,43,41,38,48,42,50,38,45,36,14,11,12,12,15,12,Primera C
C. Cournou Heredia,Fénix,Argentina,21,"CAM, ST",Right,174,24,50,,52,49,50,55,25,41,47,49,33,53,45,54,49,47,49,56,51,52,55,55,53,46,32,52,38,51,38,29,52,47,53,54,25,22,19,9,8,15,13,14,15,Primera C
C. Florentin,Fénix,Argentina,35,CDM,Right,169,18,47,,47,38,45,46,48,47,38,34,42,49,30,42,37,35,46,51,48,46,42,48,49,47,41,54,43,43,52,53,38,49,32,49,49,45,50,9,8,14,14,7,13,Primera C
J. Juárez,Fénix,Argentina,33,CDM,Right,186,21,48,,39,42,45,45,48,50,40,39,47,46,35,43,37,36,52,45,37,40,46,51,43,51,48,54,48,42,52,50,39,47,39,50,45,49,49,7,12,7,14,9,15,Primera C
M. María,Fénix,Argentina,28,"LM, RM",Left,175,21,50,,59,48,50,54,29,47,53,50,34,53,43,58,44,47,47,51,60,59,55,46,50,49,41,53,45,44,44,34,44,46,41,50,28,26,25,14,11,6,8,6,12,Primera C
J. Mayor,Fénix,Argentina,16,CM,Right,170,22,48,,43,43,49,50,39,45,44,42,41,53,42,50,48,39,51,52,45,42,50,47,47,45,42,52,43,47,42,39,40,47,41,48,38,42,32,12,6,7,14,9,9,Primera C
G. Medina,Fénix,Argentina,38,"LM, RM",Right,173,21,46,,57,41,47,46,26,40,43,39,28,48,38,47,49,42,43,43,54,59,50,45,49,43,40,49,37,44,37,29,44,51,40,40,26,27,16,6,10,14,11,12,7,Primera C
J. Muller,Fénix,Argentina,17,RM,Right,170,20,48,,54,42,47,48,28,42,50,43,31,48,42,51,53,40,45,45,54,54,50,50,56,44,39,50,37,41,43,24,44,46,35,40,26,30,33,15,12,9,6,9,11,Primera C
L. Rancic,Fénix,Argentina,8,CM,Left,182,29,56,,53,50,53,61,47,52,50,49,42,55,46,63,49,54,52,62,55,52,56,51,57,55,46,54,49,51,59,48,49,54,41,59,48,51,39,8,14,7,9,12,10,Primera C
I. Romano,Fénix,Argentina,39,RM,Right,173,21,46,,51,41,44,48,28,42,44,41,33,48,43,52,48,38,37,48,54,48,44,42,47,42,35,48,40,40,43,31,42,43,42,41,24,30,25,13,8,15,9,13,9,Primera C
N. Tito Sosa,Fénix,Argentina,34,CDM,Right,175,21,48,,38,41,46,45,51,51,42,40,44,50,35,44,34,38,51,47,37,38,40,44,40,44,43,54,49,41,53,55,40,46,40,49,50,52,52,7,9,13,8,8,15,Primera C
N. Velazco,Fénix,Argentina,10,CAM,Right,175,29,54,,55,56,57,55,27,46,56,57,39,57,48,55,52,54,53,54,53,57,55,56,55,56,40,49,45,56,44,32,55,62,55,52,22,27,21,13,11,11,6,14,6,Primera C
I. Vera,Fénix,Argentina,41,CM,Right,174,20,45,,46,40,44,46,41,44,37,35,42,49,37,49,40,37,47,44,45,47,48,42,45,50,34,48,45,41,40,46,38,41,41,40,39,40,37,8,8,11,7,11,6,Primera C
A. Villalba,Fénix,Argentina,40,"RM, RW",Right,173,20,46,,52,41,45,46,26,42,49,43,30,45,37,46,49,40,41,46,54,50,45,41,51,40,33,48,43,41,36,33,40,46,38,43,23,23,28,15,7,9,14,15,14,Primera C
M. Villalba,Fénix,Argentina,27,"CAM, ST",Right,175,26,51,,53,50,51,54,24,41,50,49,35,50,45,56,50,50,50,52,55,51,53,52,52,50,39,52,38,56,34,25,51,54,49,52,23,20,23,13,7,10,7,6,6,Primera C
D. Zumbo,Fénix,Argentina,7,"RM, RW",Right,172,32,52,,55,48,53,55,36,48,55,48,37,53,48,56,54,44,50,53,57,53,55,55,56,48,43,59,46,52,42,35,44,53,42,54,37,36,30,12,12,14,12,14,6,Primera C
F. Curuchet,Fénix,Argentina,5,ST,Right,180,36,50,,47,51,39,52,17,45,38,54,53,45,49,52,33,36,28,53,43,51,50,50,46,52,51,45,46,44,43,21,52,38,48,60,11,10,10,12,15,9,6,14,14,Primera C
J. Esteche,Fénix,Argentina,9,ST,Right,173,22,53,,57,55,44,49,21,50,43,55,54,46,56,48,50,47,36,51,53,60,46,53,46,51,52,49,54,57,42,21,57,44,62,51,15,16,17,7,6,14,14,10,11,Primera C
A. Ghiglione,Fénix,Argentina,23,"LW, LM",Left,174,32,50,,54,50,46,56,17,39,46,52,34,47,48,57,50,41,42,54,50,57,62,48,57,46,41,48,36,48,35,17,53,47,47,51,15,15,12,12,9,7,10,13,9,Primera C
S. Liva,Fénix,Argentina,42,RW,Right,168,19,44,,53,43,39,46,12,38,40,45,29,43,37,43,46,37,29,49,51,54,52,37,48,40,34,46,37,43,31,10,48,37,45,38,10,10,10,8,14,7,11,13,6,Primera C
M. Martínez,Fénix,Argentina,29,"ST, CAM",Left,171,30,55,,57,58,45,52,23,54,44,63,55,48,53,49,46,43,35,52,53,60,54,58,53,54,59,51,53,49,57,20,61,47,57,56,24,16,13,8,12,12,7,13,7,Primera C
S. Montero,Fénix,Argentina,31,"ST, RW",Right,181,30,54,,57,56,42,54,21,50,38,58,58,46,53,54,49,43,37,56,57,57,49,53,49,56,56,50,49,52,53,17,66,43,55,55,21,13,13,12,8,11,6,14,9,Primera C
D. Palacios Mena,Fénix,Argentina,19,ST,Right,174,25,54,,56,55,44,54,24,56,43,55,61,47,51,56,41,47,40,56,58,54,45,57,44,58,53,53,60,53,50,20,60,44,52,54,22,20,13,12,7,7,12,13,14,Primera C
N. Acosta,General Lamadrid,Argentina,1,GK,Right,186,33,57,,27,17,28,21,16,42,10,10,14,41,10,10,10,12,28,22,23,30,32,54,36,39,43,32,52,14,27,17,10,34,15,38,16,14,21,57,58,51,58,57,33,Primera C
T. Colla,General Lamadrid,Argentina,32,GK,Left,189,20,47,,26,13,17,16,11,30,10,10,10,18,10,10,10,10,22,17,23,28,16,38,26,24,35,21,39,10,19,13,10,23,10,20,10,10,10,54,52,45,46,54,26,Primera C
F. Davalos,General Lamadrid,Argentina,30,GK,Left,183,24,49,,24,13,17,19,10,34,10,10,10,19,10,10,10,10,23,20,24,24,22,46,31,26,33,23,41,10,29,12,10,21,10,31,10,10,10,50,45,44,50,53,26,Primera C
M. Velázquez,General Lamadrid,Argentina,25,GK,Right,186,23,49,,22,13,19,19,11,31,10,10,10,20,10,10,10,10,22,20,21,22,25,47,29,24,33,28,32,10,31,15,10,27,11,31,10,10,10,45,44,46,51,50,28,Primera C
L. Carusso,General Lamadrid,Argentina,2,"CB, CDM",Right,188,23,56,,49,36,44,47,59,60,39,31,60,53,30,42,37,32,48,51,48,49,46,58,44,50,57,57,64,34,56,61,32,33,35,52,59,58,59,9,12,9,14,9,15,Primera C
V. Colla,General Lamadrid,Argentina,10,"CB, CDM",Right,187,20,47,,44,30,35,37,51,51,31,26,53,40,23,37,25,27,41,38,45,44,32,48,36,46,49,46,53,25,51,48,25,29,29,38,52,52,47,12,15,8,9,8,9,Primera C
I. Gutiérrez,General Lamadrid,Argentina,13,CB,Right,181,23,55,,51,33,44,45,56,55,45,27,61,54,29,40,34,41,43,50,49,53,44,54,39,45,59,49,55,35,60,56,30,27,38,49,58,53,55,15,15,12,14,15,12,Primera C
J. Irala,General Lamadrid,Argentina,33,CB,Right,183,26,47,,41,28,36,38,51,50,35,22,49,45,20,33,27,24,41,41,41,41,40,49,38,40,48,42,52,33,54,47,24,24,24,42,52,52,52,8,7,9,14,9,14,Primera C
L. Nuesch,General Lamadrid,Argentina,34,"RB, RM",Right,175,21,46,,52,30,43,45,44,43,42,25,37,45,29,42,40,32,45,47,51,52,49,45,56,40,44,51,37,31,46,37,32,42,21,41,45,49,46,8,9,15,10,11,14,Primera C
T. Pittella,General Lamadrid,Argentina,39,CB,Right,181,20,44,,38,26,29,32,47,46,26,23,48,34,22,26,21,24,30,38,39,38,30,42,34,34,47,43,49,27,43,46,21,26,21,38,47,48,45,9,15,15,12,9,9,Primera C
D. Vitale,General Lamadrid,Argentina,12,"CB, RB",Left,184,24,52,,48,30,40,41,56,52,40,24,56,46,25,36,36,32,40,43,49,48,47,48,41,45,53,48,53,31,56,58,26,30,28,55,60,53,51,10,12,13,11,10,13,Primera C
D. Zadel,General Lamadrid,Argentina,6,"CB, RB",Right,188,39,58,,49,37,47,47,62,60,43,31,59,53,31,42,38,40,50,51,47,50,42,58,52,54,61,55,62,36,63,56,32,40,40,61,59,68,65,11,15,10,11,11,13,Primera C
C. Zalazar,General Lamadrid,Argentina,24,"CB, RB",Right,185,22,50,,44,31,39,38,54,49,38,26,53,48,22,32,30,26,42,42,43,44,38,47,39,42,48,50,48,33,52,57,29,28,31,43,55,50,54,14,12,15,10,7,15,Primera C
B. Balbachán,General Lamadrid,Argentina,5,CDM,Left,174,26,58,,53,52,56,51,58,62,48,49,52,65,41,45,49,49,55,55,52,53,51,59,51,61,53,64,60,53,65,61,51,55,55,54,59,59,56,9,11,9,12,7,7,Primera C
F. Crespi,General Lamadrid,Argentina,27,"CAM, ST",Right,171,21,48,,49,47,49,54,22,39,45,49,38,53,43,53,51,47,45,56,50,49,56,52,54,48,42,49,35,40,36,27,52,48,46,52,20,15,18,7,12,12,15,10,12,Primera C
F. Figueroa,General Lamadrid,Argentina,15,"LM, LW",Left,164,25,50,,55,43,46,51,29,48,48,39,31,47,41,51,50,45,41,52,55,55,54,46,54,45,36,54,46,48,49,31,48,47,45,45,26,29,32,13,11,13,8,10,7,Primera C
G. Francone,General Lamadrid,Argentina,26,"CM, CAM",Right,177,24,50,,46,45,48,51,41,48,47,41,39,51,43,51,42,44,49,50,45,46,48,54,53,45,41,53,49,56,41,42,49,48,42,50,42,40,44,9,13,15,9,11,8,Primera C
T. Gaeto,General Lamadrid,Argentina,18,CM,Right,170,19,46,,45,41,45,46,35,43,45,36,33,48,46,49,42,42,41,44,43,46,46,46,46,46,41,48,39,46,45,33,41,45,38,45,36,36,37,8,8,15,9,13,8,Primera C
C. Galeano,General Lamadrid,Argentina,3,CDM,Left,185,37,53,,44,46,51,50,51,52,42,41,46,56,37,50,50,40,57,48,43,44,44,58,53,55,53,54,50,50,55,56,47,49,43,56,51,50,47,10,14,6,7,6,6,Primera C
V. Lozano,General Lamadrid,Argentina,35,CDM,Right,180,19,46,,41,35,43,41,48,54,35,30,43,49,33,38,38,39,51,42,40,42,40,46,46,41,44,54,53,42,57,48,34,37,33,41,52,45,47,13,13,14,8,8,11,Primera C
L. Luna,General Lamadrid,Argentina,17,RM,Right,176,22,54,,56,49,54,58,37,51,60,51,37,54,45,57,55,47,50,60,52,59,58,57,56,51,49,57,47,46,52,37,46,51,50,49,39,36,30,11,13,10,15,6,11,Primera C
R. Maccarone,General Lamadrid,Argentina,21,"CAM, ST",Right,179,21,46,,46,46,49,50,20,36,42,47,31,53,38,50,51,41,44,50,49,43,53,49,49,46,35,41,34,45,35,20,50,54,47,41,22,18,14,12,6,7,7,9,14,Primera C
T. Moreno,General Lamadrid,Argentina,37,CDM,Right,181,22,45,,42,37,42,42,48,47,35,36,43,47,31,41,35,40,46,43,41,43,41,50,46,44,38,46,47,33,49,48,39,42,35,43,47,50,45,9,14,7,13,7,13,Primera C
Á. Ola,General Lamadrid,Argentina,8,CDM,Right,180,26,53,,45,42,50,51,57,53,41,40,51,56,35,54,41,41,56,48,46,44,49,52,59,48,47,52,53,44,56,59,42,51,45,50,57,58,53,6,6,13,13,15,11,Primera C
A. Roa,General Lamadrid,Argentina,16,CDM,Left,176,27,58,,53,49,54,53,60,62,44,45,57,58,49,52,54,43,61,56,53,53,43,61,54,57,55,65,62,51,62,63,47,52,50,56,61,57,58,10,7,8,12,6,11,Primera C
I. Ruiz,General Lamadrid,Argentina,7,"CDM, CB",Left,177,29,57,,48,46,54,50,56,60,45,38,49,61,39,48,48,42,56,50,49,48,50,55,51,60,51,61,59,52,62,59,46,52,43,62,55,56,59,13,11,11,11,11,7,Primera C
M. Sarandeses,General Lamadrid,Argentina,22,CDM,Right,184,33,56,,45,45,54,53,58,57,51,42,57,60,41,46,47,46,54,58,47,43,54,62,52,51,56,60,54,46,63,58,46,49,46,57,58,58,54,9,8,15,14,13,15,Primera C
L. Sesano,General Lamadrid,Argentina,20,"LM, LW",Right,178,24,51,,59,47,49,53,30,45,49,48,36,50,45,51,50,48,44,53,57,61,57,51,59,45,44,54,41,49,46,35,51,50,43,49,27,31,23,6,15,7,10,12,14,Primera C
M. Spaccarotella,General Lamadrid,Argentina,38,CDM,Right,181,20,45,,41,35,40,41,47,45,34,30,41,44,27,41,36,33,43,43,45,38,36,46,40,40,42,50,43,39,44,52,42,37,37,40,45,47,46,10,7,8,7,12,7,Primera C
A. Vázquez,General Lamadrid,Argentina,4,CDM,Right,176,30,58,,53,47,55,57,60,62,48,40,56,59,37,53,48,48,57,61,55,51,55,62,52,60,52,64,61,52,64,62,53,58,48,66,62,56,61,10,6,8,11,9,13,Primera C
T. Vedovati,General Lamadrid,Argentina,31,"RM, LM",Right,169,20,48,,55,44,50,50,28,43,55,44,36,50,39,53,53,46,45,49,56,54,52,43,52,46,36,53,42,46,36,28,48,50,38,41,29,27,23,15,7,8,13,15,12,Primera C
H. Zarco,General Lamadrid,Argentina,14,RM,Right,169,34,51,,52,46,52,51,31,44,51,42,33,53,43,52,54,46,46,50,53,52,53,53,51,52,39,55,40,48,43,33,54,55,53,52,31,31,28,13,14,8,14,13,13,Primera C
M. Bilbao,General Lamadrid,Argentina,29,ST,Right,190,23,49,,52,48,38,50,16,53,34,50,51,43,45,51,40,38,31,49,50,53,46,52,47,51,50,49,59,43,44,13,51,36,48,52,14,11,13,8,13,8,9,12,15,Primera C
A. Bracco,General Lamadrid,Argentina,23,"LW, LM",Left,171,24,50,,55,46,51,55,20,38,47,46,36,54,44,58,55,42,45,52,52,58,59,47,53,49,40,49,35,44,32,17,50,54,49,48,24,15,13,15,15,13,14,9,7,Primera C
A. Fernández,General Lamadrid,Argentina,28,LW,Left,173,21,47,,53,43,43,51,16,41,50,42,32,43,42,55,48,38,32,46,53,53,59,44,53,47,34,49,39,41,39,13,45,45,44,47,17,13,10,6,8,6,9,10,15,Primera C
M. González,General Lamadrid,Argentina,9,ST,Right,173,24,54,,58,56,48,53,21,53,44,63,58,55,46,50,49,42,39,55,53,62,51,58,50,55,51,52,57,44,46,22,60,47,59,56,17,14,15,15,15,10,13,15,6,Primera C
E. Madariaga,General Lamadrid,Argentina,19,"RW, RM",Left,166,23,52,,61,51,50,52,22,46,49,52,42,52,44,56,52,46,40,46,62,60,57,50,55,47,38,54,45,52,42,23,62,54,41,52,19,21,14,14,14,13,14,15,8,Primera C
B. Mata,General Lamadrid,Argentina,36,ST,Right,180,21,46,,49,48,36,45,14,47,35,52,46,39,44,40,35,33,28,51,50,48,41,44,42,46,45,47,51,42,38,10,51,37,49,49,10,10,10,8,13,13,14,7,15,Primera C
D. Nami,General Lamadrid,Argentina,11,LW,Left,169,22,52,,61,51,49,56,18,39,52,53,39,49,44,58,50,47,50,56,61,61,57,52,59,47,39,50,35,52,33,18,54,45,48,48,16,14,17,14,9,12,10,13,7,Primera C
M. Hernán Colman,J.J. Urquiza,Argentina,41,GK,Left,186,21,46,,22,13,17,16,11,29,10,10,10,23,10,10,10,10,16,16,23,21,20,42,26,23,34,24,33,10,23,14,10,17,10,27,10,10,10,51,44,37,50,49,24,Primera C
R. Cordero,J.J. Urquiza,Argentina,30,GK,Left,186,24,51,,22,15,20,20,10,30,10,10,10,26,10,10,12,10,20,23,24,21,29,45,31,34,35,19,38,10,21,12,10,23,10,32,10,10,10,55,53,43,50,53,26,Primera C
F. Durán,J.J. Urquiza,Argentina,1,GK,Right,181,24,56,,28,17,24,22,13,38,10,10,14,29,10,10,10,16,27,26,28,28,32,49,36,42,44,33,41,13,35,22,10,34,11,37,10,10,10,57,55,50,59,59,35,Primera C
M. Figueroa,J.J. Urquiza,Argentina,38,GK,Right,182,21,47,,20,14,16,17,11,29,10,10,12,16,10,10,10,10,18,17,18,21,23,46,24,29,37,18,37,10,21,13,10,21,10,29,10,10,10,46,46,45,47,48,24,Primera C
M. Aiello,J.J. Urquiza,Argentina,24,CB,Right,187,22,46,,43,26,34,35,50,49,37,17,50,39,25,32,26,27,35,34,43,43,34,47,36,43,50,43,49,29,55,50,25,27,26,47,53,48,49,6,13,14,14,10,6,Primera C
M. Busto,J.J. Urquiza,Argentina,26,CB,Right,183,26,49,,42,29,36,39,50,52,39,25,55,43,25,29,26,24,40,47,39,45,42,46,38,41,54,49,52,31,55,51,22,24,24,49,49,49,54,10,8,8,15,10,14,Primera C
F. Cabrera,J.J. Urquiza,Argentina,39,"RB, RM",Right,171,29,47,,52,33,43,46,45,43,46,28,42,49,30,45,38,38,40,47,50,54,49,45,50,42,45,46,40,38,48,51,31,35,29,45,38,48,47,13,14,11,13,6,8,Primera C
R. Cavallera,J.J. Urquiza,Argentina,13,CB,Left,180,26,52,,44,33,42,42,56,58,41,27,56,52,24,41,30,31,45,42,40,47,41,55,41,47,57,49,64,35,55,57,29,31,31,48,56,55,57,11,7,13,9,13,14,Primera C
P. Díaz,J.J. Urquiza,Argentina,6,"CB, CDM",Right,176,23,56,,50,35,45,46,59,60,44,28,54,52,33,43,42,33,42,46,47,52,49,53,43,55,59,50,64,34,62,63,29,40,36,52,59,60,55,10,15,7,9,13,8,Primera C
L. Fusca,J.J. Urquiza,Argentina,14,"RB, RM",Right,177,19,46,,51,32,42,43,44,44,46,31,37,42,27,41,43,32,45,42,49,52,50,45,45,39,41,52,40,28,47,42,31,38,32,39,46,45,51,8,6,12,14,9,13,Primera C
B. García,J.J. Urquiza,Argentina,4,RB,Right,177,23,56,,58,42,53,55,55,56,58,37,48,55,33,53,48,49,52,56,60,57,58,54,58,54,49,65,52,41,57,59,49,48,36,55,52,58,50,10,9,7,10,11,11,Primera C
D. Gauna,J.J. Urquiza,Argentina,15,"LB, LM",Right,173,21,53,,54,40,50,49,52,49,52,35,44,55,37,48,45,40,46,49,54,54,54,47,57,49,52,60,43,44,49,49,43,45,39,49,55,51,55,10,11,15,7,9,10,Primera C
L. Luna,J.J. Urquiza,Argentina,2,"CB, RB",Left,184,25,55,,49,39,43,45,60,56,34,36,54,51,29,41,35,32,48,48,44,53,41,51,43,51,57,48,60,39,56,61,35,40,40,54,57,64,58,6,7,7,15,11,11,Primera C
N. Montoya,J.J. Urquiza,Argentina,3,LB,Right,171,28,56,,61,40,49,54,56,52,53,37,50,51,37,56,47,44,49,50,60,62,58,55,62,45,51,63,48,40,51,54,43,41,47,50,53,62,59,7,13,15,6,12,8,Primera C
E. Quiroga,J.J. Urquiza,Argentina,27,"LB, LM",Left,165,21,47,,49,32,41,46,42,46,46,28,40,45,28,46,34,37,33,43,50,49,55,46,55,42,48,51,42,34,48,43,34,36,29,41,45,38,43,10,11,15,9,11,15,Primera C
N. Barrionuevo,J.J. Urquiza,Argentina,49,CM,Right,176,21,44,,40,38,45,43,35,41,43,34,33,49,38,46,44,39,43,40,41,39,43,35,42,44,39,47,39,39,39,39,38,43,37,45,35,34,33,11,6,12,6,8,10,Primera C
L. Benites,J.J. Urquiza,Argentina,5,"CDM, CB",Right,175,29,55,,47,46,52,54,54,60,43,42,56,57,35,50,43,44,56,59,49,46,52,51,53,55,56,62,60,47,57,59,48,51,51,57,52,53,55,6,11,7,11,7,10,Primera C
V. Cantafio,J.J. Urquiza,Argentina,42,RM,Right,168,22,46,,48,42,45,44,26,41,48,41,31,48,39,45,46,44,35,42,46,49,46,44,50,44,36,45,40,46,38,30,43,43,35,43,24,25,27,7,7,10,11,9,10,Primera C
M. Chade,J.J. Urquiza,Argentina,16,"CDM, CB",Right,168,22,48,,44,39,43,45,49,50,36,36,42,48,30,45,34,36,49,45,45,44,38,47,45,47,47,50,52,42,47,51,41,41,31,48,48,51,48,11,14,9,8,10,8,Primera C
J. Del Castillo,J.J. Urquiza,Argentina,22,CDM,Right,177,23,49,,42,44,45,45,48,52,37,38,44,51,35,38,41,34,49,53,40,44,42,47,49,52,49,47,53,52,55,56,43,44,37,47,45,48,48,14,14,7,7,7,9,Primera C
M. Díaz,J.J. Urquiza,Argentina,28,LM,Left,174,26,49,,52,41,48,51,32,43,54,37,36,47,45,51,53,40,44,50,54,51,55,51,52,41,41,56,39,46,38,29,48,48,38,43,36,29,27,15,14,13,9,11,7,Primera C
I. Galván,J.J. Urquiza,Argentina,10,"CAM, ST",Right,173,26,50,,50,52,52,53,21,41,52,54,38,52,49,53,50,47,51,54,54,46,55,49,50,47,33,45,42,54,35,28,49,56,45,48,20,13,15,12,11,12,11,11,12,Primera C
M. Grecco,J.J. Urquiza,Argentina,32,CM,Right,178,22,49,,50,44,50,49,38,46,44,43,36,58,38,45,43,49,48,54,49,50,50,51,51,49,37,51,46,45,44,44,46,47,42,48,33,39,35,13,12,9,8,10,8,Primera C
F. Lucero,J.J. Urquiza,Argentina,11,"LM, LW",Left,179,25,53,,58,48,54,54,37,46,56,48,40,54,47,52,55,42,50,57,60,57,57,53,54,49,41,50,46,47,44,36,53,59,49,53,39,36,31,9,11,11,12,10,9,Primera C
T. Mendoza,J.J. Urquiza,Argentina,25,"CM, CDM",Right,176,21,45,,40,38,44,46,40,43,42,35,36,47,36,46,45,36,45,46,41,39,45,47,49,42,39,50,41,42,40,39,39,44,42,49,41,41,36,14,14,11,11,7,15,Primera C
A. Meridione,J.J. Urquiza,Argentina,18,"CM, CAM",Left,172,23,50,,45,46,53,51,40,48,49,41,43,53,40,52,56,45,55,50,48,42,53,46,50,52,46,58,43,54,51,37,46,55,42,51,47,36,39,12,12,7,14,6,9,Primera C
T. Milanese,J.J. Urquiza,Argentina,33,LM,Left,174,25,49,,49,45,50,52,30,44,53,44,33,52,41,52,48,45,43,53,49,49,52,52,50,47,38,58,38,45,45,31,44,50,42,47,32,28,26,13,14,7,9,11,8,Primera C
G. Miller,J.J. Urquiza,Argentina,43,CDM,Right,175,21,46,,42,36,41,44,48,45,38,29,42,44,30,43,40,34,42,47,40,44,38,47,42,48,42,48,43,43,47,52,41,41,33,46,44,49,50,10,12,6,12,15,15,Primera C
L. Núñez,J.J. Urquiza,Argentina,23,"CDM, CB",Right,168,19,46,,42,37,40,41,49,50,33,35,41,45,28,35,37,32,45,46,41,43,42,39,46,42,43,49,50,37,52,50,36,38,36,45,51,50,45,14,13,10,9,6,6,Primera C
F. Núñez Rivas,J.J. Urquiza,Argentina,44,CAM,Right,173,22,46,,49,48,47,51,21,39,45,51,30,46,40,53,48,48,45,49,53,46,49,50,54,45,28,45,40,46,34,22,47,53,44,46,18,22,20,15,15,13,12,11,9,Primera C
M. Peralta,J.J. Urquiza,Argentina,34,"RM, LM",Right,182,26,49,,58,43,48,50,33,44,50,43,37,48,40,50,45,44,45,47,55,60,55,48,53,44,40,52,42,42,41,37,42,49,44,50,31,31,30,9,9,14,8,8,15,Primera C
N. Rivero,J.J. Urquiza,Argentina,35,"CAM, ST",Right,165,25,49,,47,47,49,51,21,41,45,44,33,52,48,51,48,49,45,50,49,46,56,49,54,45,37,43,44,50,31,29,55,52,52,51,20,13,16,10,13,10,10,7,6,Primera C
M. Ruanova,J.J. Urquiza,Argentina,47,"CM, CAM",Right,174,21,45,,41,42,48,44,36,43,40,40,37,51,38,45,46,41,45,43,42,40,43,45,38,43,31,48,45,47,36,39,40,53,41,43,31,38,35,7,10,12,11,10,13,Primera C
I. Jean Sane,J.J. Urquiza,Argentina,8,CM,Left,177,24,55,,51,48,54,56,49,52,48,40,47,55,43,60,50,46,60,50,55,48,59,58,59,55,43,59,48,60,56,48,47,57,45,54,53,47,46,15,12,14,9,6,14,Primera C
J. Torres,J.J. Urquiza,Argentina,12,CM,Left,176,19,44,,41,39,46,45,36,42,36,33,31,51,32,46,46,37,50,45,40,41,43,43,48,47,37,48,42,47,37,37,38,46,39,42,38,37,33,10,15,7,11,12,13,Primera C
T. Urquiza,J.J. Urquiza,Argentina,45,CDM,Right,182,20,46,,41,38,45,40,46,48,40,34,38,51,30,35,37,32,44,46,43,39,34,46,42,42,44,54,45,45,47,52,33,47,35,45,45,46,50,6,10,13,6,14,8,Primera C
K. Urtado,J.J. Urquiza,Argentina,20,"CM, CAM",Right,171,20,44,,44,37,45,46,36,39,38,35,37,50,36,42,40,37,47,49,47,42,50,40,49,44,33,50,36,36,36,38,32,46,41,43,37,35,35,6,6,7,13,15,11,Primera C
T. Ventura,J.J. Urquiza,Argentina,17,"RM, LM",Right,176,22,46,,48,41,43,44,28,40,44,42,34,42,43,46,42,39,41,37,47,48,54,43,52,41,40,47,36,38,42,24,43,45,41,44,29,28,26,15,9,10,15,9,12,Primera C
L. Benítez,J.J. Urquiza,Argentina,21,ST,Right,178,19,44,,48,47,37,47,13,47,35,50,40,41,45,49,36,39,31,46,47,49,49,39,34,50,44,39,52,40,44,10,53,38,38,50,10,10,10,10,6,9,14,15,12,Primera C
A. Campos,J.J. Urquiza,Argentina,36,LW,Left,171,26,48,,52,51,46,50,16,39,43,55,29,49,43,52,50,39,45,47,50,53,51,46,55,51,35,42,39,46,37,19,51,46,39,48,16,11,11,15,7,13,8,7,13,Primera C
G. Cueto,J.J. Urquiza,Argentina,19,ST,Right,182,30,55,,59,54,47,55,22,56,45,56,58,49,53,56,48,42,46,55,60,58,57,54,51,56,56,53,62,48,47,24,60,46,55,55,18,18,11,9,7,10,12,11,8,Primera C
M. De Olivera,J.J. Urquiza,Argentina,48,ST,Left,189,22,45,,45,47,36,44,14,46,33,53,50,45,45,44,36,25,26,43,46,44,51,44,39,45,47,40,51,36,43,10,58,32,45,48,10,10,10,15,14,11,7,12,14,Primera C
L. Ferro,J.J. Urquiza,Argentina,37,LW,Right,172,23,48,,54,47,47,50,18,40,52,47,32,46,44,54,45,45,40,46,56,52,54,46,52,46,38,48,38,47,33,19,55,52,46,46,14,17,17,15,12,12,10,8,13,Primera C
D. Giménez,J.J. Urquiza,Argentina,31,"ST, CAM",Right,184,21,46,,52,48,36,45,14,44,39,51,46,37,44,44,41,33,26,45,52,52,47,48,42,47,47,45,46,41,38,11,47,36,49,45,10,10,10,15,10,6,6,15,11,Primera C
L. Martínez,J.J. Urquiza,Argentina,40,"LW, ST",Right,171,22,47,,55,44,44,54,15,37,51,44,30,46,44,57,40,39,36,53,54,55,55,45,52,47,34,43,37,39,31,15,49,44,43,40,14,11,16,9,15,7,15,6,13,Primera C
F. Ocampo,J.J. Urquiza,Argentina,29,ST,Right,182,25,52,,51,55,41,49,20,50,34,59,56,43,56,50,47,46,35,47,53,50,50,51,48,57,48,50,53,47,42,15,55,45,46,49,18,16,10,15,9,7,9,12,15,Primera C
L. Racioppo,J.J. Urquiza,Argentina,46,"ST, CAM",Right,179,22,46,,48,48,36,44,15,43,34,53,50,39,43,43,35,42,32,46,48,48,41,44,41,46,50,45,44,41,35,10,49,32,43,46,12,10,10,10,15,14,15,11,11,Primera C
A. Rapp,J.J. Urquiza,Argentina,9,"ST, CAM",Right,176,24,56,,59,57,46,55,23,55,40,56,61,50,59,55,45,47,40,57,61,57,48,58,47,62,59,52,59,51,49,22,62,47,59,53,18,19,15,15,14,7,12,6,10,Primera C
F. Urquiza,J.J. Urquiza,Argentina,7,"RW, ST",Right,169,23,50,,58,47,48,51,20,43,49,47,41,53,47,50,46,45,35,52,57,58,53,51,56,52,39,51,41,44,38,23,49,51,45,51,14,17,16,8,9,11,12,6,15,Primera C
A. Burlón,Juventud Unida,Argentina,12,GK,Right,185,23,54,,29,15,23,22,13,39,10,10,11,32,10,11,10,10,23,25,32,27,28,57,35,35,43,28,48,10,31,21,10,28,10,33,11,10,10,58,57,50,50,54,33,Primera C
E. Figueroa,Juventud Unida,Argentina,43,GK,Right,184,19,47,,26,14,20,15,11,34,10,10,10,28,10,10,10,10,20,14,27,26,18,35,23,30,34,24,42,10,24,15,10,20,10,19,10,10,10,44,46,40,43,52,25,Primera C
A. López,Juventud Unida,Argentina,1,GK,Left,188,25,55,,32,15,24,23,15,39,14,10,17,28,10,10,14,10,23,28,32,32,30,46,35,35,42,31,46,10,31,22,10,35,15,36,10,15,10,56,49,49,57,57,30,Primera C
M. Mesilla,Juventud Unida,Argentina,38,GK,Right,189,26,48,,25,13,19,18,11,32,10,10,10,26,10,10,10,10,15,20,22,28,24,39,29,26,35,17,45,10,20,16,10,21,10,30,10,10,10,47,45,42,49,53,24,Primera C
M. Ayala,Juventud Unida,Argentina,26,RB,Right,170,24,53,,55,40,48,51,52,47,55,36,42,50,33,50,48,40,47,50,49,60,56,53,57,46,51,47,46,45,50,54,36,42,39,50,54,54,48,8,8,15,11,10,15,Primera C
F. Cardozo,Juventud Unida,Argentina,4,"RB, LB",Right,176,27,56,,64,42,51,55,54,56,56,39,46,51,41,51,48,41,53,57,62,66,60,54,60,49,53,60,54,43,56,59,45,47,41,50,53,54,58,12,12,9,9,7,10,Primera C
J. Carnelos,Juventud Unida,Argentina,31,CB,Right,180,26,54,,51,35,41,42,55,55,40,32,58,47,26,37,36,32,43,46,49,52,44,47,40,48,51,54,58,34,51,59,28,33,29,55,53,51,62,10,13,12,14,6,15,Primera C
J. Chiarantano,Juventud Unida,Argentina,23,"CB, CDM",Left,183,25,50,,44,32,39,40,50,50,37,29,53,47,26,35,34,28,43,43,42,46,39,46,43,41,52,49,50,34,51,49,23,29,26,50,50,50,53,8,14,7,6,13,13,Primera C
M. Di Franco,Juventud Unida,Argentina,13,CB,Right,183,23,54,,50,38,38,41,59,59,32,33,58,43,22,39,35,35,45,42,50,50,37,48,44,55,55,53,64,38,56,58,30,33,32,55,55,63,60,9,8,12,14,12,9,Primera C
I. Escobar,Juventud Unida,Argentina,6,CB,Right,180,30,58,,52,39,48,48,61,60,51,35,61,55,33,48,36,34,53,48,53,51,46,57,46,49,69,61,58,39,61,55,35,36,39,53,63,62,62,13,7,6,10,13,13,Primera C
E. Fernández,Juventud Unida,Argentina,15,LB,Right,171,26,55,,62,40,51,51,48,51,57,37,43,55,37,50,46,42,49,49,64,61,58,54,54,47,50,64,47,40,45,51,43,43,41,49,47,45,61,7,13,12,14,14,15,Primera C
F. Furnaro,Juventud Unida,Argentina,39,"LB, LM",Right,172,22,48,,51,34,41,44,46,48,43,28,41,40,29,43,38,38,45,42,53,50,50,47,49,40,41,49,48,40,46,46,38,38,35,39,49,45,48,8,12,7,12,11,13,Primera C
R. Gauto,Juventud Unida,Argentina,44,LB,Left,174,19,46,,57,29,42,43,46,44,50,26,36,44,29,37,36,35,42,48,56,57,45,43,49,36,48,49,41,27,43,45,32,34,29,44,46,49,44,6,15,10,15,9,8,Primera C
E. Guzmán,Juventud Unida,Argentina,14,CB,Right,182,23,51,,44,30,38,38,52,50,32,25,54,45,29,39,34,35,47,36,50,39,34,46,42,44,52,44,51,30,52,54,28,29,25,48,50,54,48,15,11,14,9,9,10,Primera C
J. Iglesias,Juventud Unida,Argentina,35,CB,Right,185,21,49,,46,26,37,37,54,52,35,20,54,46,22,32,20,30,37,41,44,48,37,45,36,43,53,50,52,25,52,56,22,29,25,49,53,54,52,9,14,9,6,15,10,Primera C
L. Ortiz,Juventud Unida,Argentina,3,LB,Left,174,22,50,,57,35,45,49,46,46,46,32,49,47,29,47,44,31,43,48,50,62,55,55,51,42,48,52,42,36,46,46,44,48,35,43,46,41,53,7,14,7,15,14,13,Primera C
M. Paredes,Juventud Unida,Argentina,2,CB,Right,179,35,57,,46,38,47,47,61,64,44,31,57,51,35,43,36,40,50,48,47,46,47,56,45,54,55,54,68,37,67,59,32,46,40,63,66,61,57,14,15,7,6,6,6,Primera C
F. Vega,Juventud Unida,Argentina,24,CB,Right,193,33,53,,44,34,43,43,56,55,44,30,56,50,30,36,29,31,45,48,47,42,42,51,43,43,54,51,57,33,55,58,36,37,32,52,54,55,58,11,12,15,13,6,7,Primera C
F. Ameijeiras,Juventud Unida,Argentina,48,CAM,Right,166,18,44,,46,42,44,43,18,36,40,39,32,46,37,44,42,42,42,41,49,44,49,43,44,44,30,50,30,48,34,22,48,45,43,41,16,15,16,7,12,12,7,14,7,Primera C
E. Arreguín,Juventud Unida,Argentina,20,"CAM, CM",Right,174,27,56,,56,53,57,60,26,45,50,49,40,59,50,61,60,57,59,60,59,54,60,53,61,56,40,51,45,59,41,24,57,59,57,61,27,22,23,13,15,6,11,9,11,Primera C
S. Barletta,Juventud Unida,Argentina,36,"CM, CDM",Left,176,20,49,,54,43,50,51,44,47,47,42,38,54,33,54,44,41,48,48,55,53,55,45,43,47,41,53,46,44,42,40,44,52,41,49,47,47,41,8,12,12,14,11,14,Primera C
T. Barrientos,Juventud Unida,Argentina,33,CM,Right,174,23,50,,46,44,49,50,42,48,47,39,39,52,38,52,48,46,49,46,48,44,52,53,54,49,40,57,45,50,45,47,50,48,43,55,42,42,37,11,14,14,14,11,12,Primera C
K. Barrionuevo,Juventud Unida,Argentina,17,RM,Right,165,28,54,,58,50,53,54,34,48,57,49,40,53,44,57,49,49,48,50,54,61,63,50,54,52,47,56,46,50,45,36,55,56,50,54,34,31,32,6,10,12,11,10,13,Primera C
D. Hughes,Juventud Unida,Argentina,10,"CAM, CM",Right,176,23,53,,51,50,54,57,24,44,57,49,37,56,43,56,52,48,48,58,54,48,56,57,58,52,37,52,43,52,40,30,53,55,54,56,20,22,19,7,11,6,7,7,11,Primera C
R. Lastra,Juventud Unida,Argentina,5,"CDM, CB",Right,183,28,53,,49,40,50,46,55,57,39,39,44,58,41,42,45,47,56,49,47,51,47,51,50,45,52,61,59,40,50,53,40,46,38,51,59,56,54,9,6,8,12,11,6,Primera C
D. López,Juventud Unida,Argentina,45,"LM, RM",Left,172,21,46,,54,39,46,47,29,40,54,37,33,46,36,46,46,46,44,48,52,55,54,46,48,40,35,50,36,42,41,32,43,37,44,40,29,26,27,10,10,12,14,7,15,Primera C
T. Luna,Juventud Unida,Argentina,22,CDM,Right,178,28,56,,54,46,53,48,58,55,42,43,54,60,32,42,46,48,57,51,55,54,54,52,51,50,53,54,54,51,61,54,44,52,43,56,63,58,55,6,12,15,14,15,6,Primera C
Á. Luna,Juventud Unida,Argentina,16,"CM, CDM",Right,174,37,51,,45,48,50,52,43,49,45,45,45,56,41,51,45,44,48,54,45,45,50,54,48,48,48,55,47,56,47,46,47,47,46,47,43,43,37,13,15,11,13,8,9,Primera C
L. Montes,Juventud Unida,Argentina,49,RM,Right,178,20,44,,51,41,45,47,24,36,53,41,22,45,41,49,40,40,42,47,55,47,44,41,45,40,37,43,32,43,38,25,40,40,41,40,24,25,17,9,8,9,11,7,13,Primera C
S. Núñez,Juventud Unida,Argentina,27,"CDM, CM",Right,185,22,48,,42,39,47,45,51,50,41,36,47,53,32,45,35,37,49,45,43,42,42,51,45,44,45,53,51,42,47,49,42,47,36,48,54,50,50,15,12,12,12,8,9,Primera C
T. Otero,Juventud Unida,Argentina,47,CAM,Right,177,19,45,,45,46,46,49,20,37,46,47,38,46,41,48,49,41,43,49,45,45,53,51,50,41,31,46,34,47,36,22,50,48,44,40,22,14,10,9,13,8,11,10,10,Primera C
M. Peiro,Juventud Unida,Argentina,21,CAM,Right,177,26,55,,56,55,59,59,28,46,58,54,33,63,48,63,53,49,54,56,54,58,62,57,56,59,48,54,42,56,48,33,57,59,55,55,29,24,20,13,9,9,8,14,13,Primera C
G. Rivarola,Juventud Unida,Argentina,40,CM,Right,177,21,48,,47,41,51,50,42,46,45,37,33,58,39,48,46,39,52,54,46,47,48,48,52,47,37,51,46,44,43,40,42,50,46,49,46,42,43,15,15,9,15,15,9,Primera C
A. Riveros,Juventud Unida,Argentina,32,"CM, CDM",Right,168,24,52,,47,45,55,51,44,51,48,41,45,58,47,47,50,47,59,55,46,48,47,51,51,49,45,59,48,49,51,44,49,57,43,54,46,40,44,12,6,7,15,13,9,Primera C
N. Rodríguez,Juventud Unida,Argentina,37,CAM,Right,171,30,49,,48,46,50,55,20,40,48,43,31,52,46,52,53,48,43,59,49,48,54,48,55,48,34,47,40,49,34,24,49,52,47,51,21,15,15,9,12,11,13,12,15,Primera C
M. Ursi,Juventud Unida,Argentina,30,"CM, CAM",Right,184,22,48,,42,39,48,51,41,49,43,31,34,48,44,51,49,47,48,52,43,41,49,44,48,52,43,50,50,39,45,41,44,51,40,50,41,47,34,12,15,9,14,8,15,Primera C
N. Valeriano,Juventud Unida,Argentina,50,CDM,Right,178,19,44,,42,32,42,39,44,49,36,27,38,48,25,39,37,34,45,40,44,41,36,39,42,44,42,49,50,33,46,48,35,39,38,44,43,44,41,10,6,15,11,9,6,Primera C
A. Vega,Juventud Unida,Argentina,8,"CM, CDM",Left,181,26,55,,50,48,55,57,45,53,50,47,38,58,45,60,60,44,56,53,49,50,57,56,57,56,48,59,53,43,48,51,51,56,50,56,43,46,45,10,15,9,7,6,14,Primera C
L. Velázquez,Juventud Unida,Argentina,41,CM,Right,176,37,48,,43,43,48,47,38,45,48,39,39,50,41,48,46,39,51,45,50,38,47,50,50,48,41,45,45,47,47,41,45,45,43,49,38,36,39,15,8,10,13,15,6,Primera C
N. Aiuto,Juventud Unida,Argentina,11,LW,Left,182,25,54,,64,54,54,55,25,47,56,59,37,55,49,60,50,49,53,52,66,62,54,47,58,55,47,52,48,47,37,27,52,52,49,50,25,22,20,6,11,8,11,8,8,Primera C
A. Albistur,Juventud Unida,Argentina,18,"RW, RM",Right,174,18,47,,53,45,43,50,16,39,49,49,29,39,40,51,49,43,38,51,50,56,57,41,49,42,39,49,37,41,33,25,48,47,43,41,12,12,10,15,10,13,8,15,8,Primera C
L. Brandán,Juventud Unida,Argentina,9,ST,Right,186,21,52,,55,53,44,53,23,51,46,54,51,45,59,51,39,43,41,55,51,59,53,55,46,52,52,50,54,49,45,17,58,43,52,52,22,23,12,14,7,10,6,11,14,Primera C
L. Candia,Juventud Unida,Argentina,34,ST,Left,179,20,50,,49,52,37,51,16,50,39,56,49,36,51,54,40,34,34,50,51,48,46,52,44,50,49,46,54,45,44,14,58,37,54,49,16,10,10,6,12,15,14,8,7,Primera C
D. Cardozo,Juventud Unida,Argentina,7,"RW, ST",Right,178,39,55,,58,53,51,58,24,46,53,56,43,51,51,59,57,48,44,55,62,54,63,54,65,51,41,56,43,52,43,29,55,54,41,52,20,19,18,15,10,10,11,7,14,Primera C
D. Mafrici,Juventud Unida,Argentina,46,"RW, ST",Left,175,21,46,,53,46,43,49,15,35,44,48,34,43,43,52,45,41,44,46,52,53,50,46,50,43,34,45,33,46,30,11,45,42,48,46,17,10,14,10,13,12,10,14,6,Primera C
B. Maidana,Juventud Unida,Argentina,29,ST,Right,178,27,52,,52,53,41,51,17,54,39,55,53,42,56,49,41,44,39,54,52,52,53,49,43,52,57,47,59,49,48,12,57,42,55,54,12,14,13,13,10,14,11,14,11,Primera C
A. Molinas,Juventud Unida,Argentina,25,"RW, RM",Left,181,24,49,,56,47,47,56,19,38,49,46,38,49,42,57,43,46,40,55,56,56,59,47,57,50,41,46,36,47,31,18,50,46,45,48,18,15,14,14,7,14,7,14,6,Primera C
E. Ortíz,Juventud Unida,Argentina,42,"ST, RW",Left,173,20,48,,51,49,40,48,16,46,38,50,48,42,47,50,43,44,33,49,49,52,45,44,44,54,51,45,46,42,47,10,50,40,43,42,18,11,10,6,6,6,13,8,10,Primera C
M. Pedemonti,Juventud Unida,Argentina,28,LW,Left,178,22,47,,50,48,43,52,15,39,43,48,27,44,41,57,37,42,41,48,48,51,53,46,54,47,39,50,38,52,30,20,47,46,39,45,10,13,10,12,7,9,11,12,15,Primera C
C. Quinteros,Juventud Unida,Argentina,19,ST,Right,177,25,53,,54,56,41,52,18,55,39,61,56,42,53,51,46,41,40,54,54,54,51,58,52,54,49,48,61,49,48,18,60,42,50,49,14,13,10,13,10,14,14,13,15,Primera C
S. Alstitud,Leandro N. Alem,Argentina,12,GK,Right,192,27,52,,28,15,20,19,13,35,10,10,16,24,10,10,10,10,21,20,30,26,21,49,30,34,43,28,43,10,22,22,10,26,10,31,10,10,10,55,49,46,53,62,30,Primera C
J. Cazaux,Leandro N. Alem,Argentina,30,GK,Right,181,22,48,,24,14,18,17,11,34,10,10,10,24,10,10,10,10,20,16,25,24,23,39,29,29,36,27,42,10,24,15,10,18,10,31,10,10,10,49,47,41,53,54,23,Primera C
J. Figueroa,Leandro N. Alem,Argentina,1,GK,Right,185,34,54,,27,16,26,23,13,37,16,10,13,31,10,10,10,10,30,29,25,28,26,53,34,37,43,27,43,11,34,23,10,32,18,36,10,11,10,55,51,48,53,60,37,Primera C
N. Gentile,Leandro N. Alem,Argentina,37,GK,Right,184,20,45,,22,13,15,15,10,25,10,10,10,19,10,10,10,10,15,14,22,22,21,38,26,23,35,19,30,10,18,10,10,17,10,17,10,10,10,50,45,36,44,46,28,Primera C
L. Rodríguez,Leandro N. Alem,Argentina,25,GK,Right,192,22,47,,22,13,18,18,11,34,10,10,10,21,10,10,10,10,22,21,20,23,19,44,30,24,39,26,42,10,24,15,10,22,10,24,10,10,10,50,46,38,49,49,25,Primera C
J. Armua,Leandro N. Alem,Argentina,24,"CB, RB",Left,185,20,51,,50,33,40,38,54,54,32,28,57,49,35,31,31,33,41,42,52,48,45,47,43,45,54,44,60,32,52,55,29,34,29,46,52,55,47,10,6,10,6,12,14,Primera C
L. Canton,Leandro N. Alem,Argentina,26,RB,Right,179,24,49,,55,36,46,48,47,48,47,35,41,50,31,47,41,33,46,50,54,55,51,49,48,41,46,55,45,35,46,49,32,41,31,41,47,48,49,14,14,9,13,12,13,Primera C
C. Curima,Leandro N. Alem,Argentina,14,"RB, LB",Right,168,29,55,,62,42,52,53,53,54,55,37,46,53,42,49,42,38,52,58,62,62,51,50,55,57,51,62,49,41,56,52,44,54,35,46,52,56,56,8,13,13,10,13,9,Primera C
A. Fortini,Leandro N. Alem,Argentina,6,"CB, RB",Left,187,25,53,,48,34,40,42,55,55,38,28,51,45,29,40,31,30,49,44,49,48,40,51,38,51,59,53,56,32,56,56,27,31,37,53,56,56,53,6,13,11,11,15,7,Primera C
I. Gauna,Leandro N. Alem,Argentina,4,RB,Right,171,28,55,,61,45,53,55,50,52,55,46,48,57,35,56,41,42,51,53,60,62,56,54,58,49,57,57,50,43,52,48,44,50,39,51,50,50,54,8,7,13,8,9,12,Primera C
A. Gómez,Leandro N. Alem,Argentina,15,LB,Right,180,32,49,,52,35,48,46,45,49,48,31,42,52,29,46,44,36,45,42,51,53,53,52,50,42,49,59,44,36,51,43,42,47,31,47,46,45,46,15,7,11,9,11,9,Primera C
R. Kozicki,Leandro N. Alem,Argentina,31,CB,Right,183,21,47,,39,22,35,38,45,50,31,14,51,42,21,31,27,28,42,42,33,44,44,44,32,40,49,48,51,20,49,47,25,24,28,46,40,46,46,8,13,13,14,15,14,Primera C
L. Maidana,Leandro N. Alem,Argentina,3,LB,Right,180,23,56,,63,43,51,49,54,55,58,42,46,53,38,48,47,42,55,46,65,61,56,53,57,54,49,63,52,39,55,52,34,43,39,54,56,54,60,15,14,12,12,7,15,Primera C
T. Mielniczuk,Leandro N. Alem,Argentina,43,RB,Right,175,21,43,,46,25,37,40,40,41,42,19,36,41,25,39,33,27,38,42,50,43,42,33,49,34,36,43,41,26,41,38,28,30,28,36,38,44,45,14,11,15,12,10,11,Primera C
F. Moreno,Leandro N. Alem,Argentina,32,RB,Right,177,22,46,,53,30,40,44,44,43,46,27,36,41,28,42,39,27,38,47,49,57,47,39,50,40,44,49,39,26,47,45,29,37,31,42,47,44,43,14,11,8,15,10,15,Primera C
G. Ramírez,Leandro N. Alem,Argentina,13,CB,Right,182,26,53,,45,35,42,40,57,58,41,30,59,50,29,36,37,30,46,42,41,48,40,49,42,49,54,55,59,33,59,57,28,30,38,57,54,58,59,6,9,13,7,14,6,Primera C
F. Rotela,Leandro N. Alem,Argentina,27,"LB, RB",Right,174,27,54,,57,38,49,50,54,49,52,31,45,53,33,49,47,39,48,48,60,54,53,54,56,52,53,57,45,41,50,54,41,45,40,53,55,55,56,7,8,15,10,13,9,Primera C
C. Seltzer,Leandro N. Alem,Argentina,2,CB,Right,184,29,55,,47,35,43,44,61,59,36,28,68,54,29,37,33,30,49,47,46,47,46,57,46,52,62,57,58,35,65,63,34,32,31,54,56,64,55,10,6,10,15,11,7,Primera C
F. Torrico,Leandro N. Alem,Argentina,44,LB,Left,166,19,43,,53,32,39,41,40,40,41,31,32,43,25,42,32,29,38,40,52,53,41,36,49,41,37,48,35,30,41,45,31,34,26,40,42,38,43,10,14,7,6,7,12,Primera C
E. Abal,Leandro N. Alem,Argentina,5,"CDM, CB",Right,181,35,54,,41,46,52,50,56,58,45,41,49,60,40,49,41,43,53,51,38,43,50,57,50,58,52,58,59,47,56,60,48,51,48,54,58,55,50,13,11,6,11,12,8,Primera C
D. Altamirano,Leandro N. Alem,Argentina,33,"RM, RW",Right,172,18,46,,53,39,46,49,26,42,44,40,28,51,35,50,43,39,42,50,55,52,48,44,48,41,30,46,42,36,41,25,45,43,41,41,27,25,31,6,7,13,10,6,12,Primera C
T. Arrieta,Leandro N. Alem,Argentina,45,CM,Right,181,19,43,,44,35,42,42,34,40,37,29,38,47,32,42,38,36,42,44,45,44,36,38,42,43,33,51,35,42,39,41,43,43,31,35,31,31,34,9,9,6,9,15,7,Primera C
S. Castellis,Leandro N. Alem,Argentina,39,"CDM, CB",Right,176,19,44,,42,34,41,36,45,49,38,31,37,44,26,34,36,30,46,34,38,45,39,41,45,41,46,52,48,38,50,43,33,38,31,45,45,50,39,8,7,13,14,10,10,Primera C
I. Colman,Leandro N. Alem,Argentina,40,"CM, CAM",Right,179,19,44,,42,38,46,45,34,41,46,37,35,45,30,45,32,36,48,47,41,43,43,44,45,45,34,47,39,34,41,33,41,51,35,43,35,33,32,9,7,9,10,9,15,Primera C
P. Cristaldo,Leandro N. Alem,Argentina,34,CDM,Right,178,20,46,,43,37,40,38,50,50,36,33,39,40,27,38,31,33,45,39,38,47,35,40,40,44,43,51,51,41,47,52,41,45,34,42,50,50,52,15,15,15,13,7,15,Primera C
A. Cristeff,Leandro N. Alem,Argentina,10,"CAM, CM",Right,177,36,55,,49,59,55,58,24,49,53,62,36,55,55,57,59,55,53,59,51,48,62,61,52,57,40,57,48,54,43,29,60,58,54,54,20,20,26,7,13,11,8,6,10,Primera C
A. Falkiewicz,Leandro N. Alem,Argentina,35,"CAM, CM",Right,174,21,46,,47,45,48,48,20,36,48,37,33,53,40,46,51,44,40,49,43,51,49,47,53,53,35,41,33,53,36,21,49,46,44,44,21,16,13,9,15,10,9,8,12,Primera C
N. Fortini,Leandro N. Alem,Argentina,8,CM,Right,182,25,52,,46,49,53,55,47,50,44,48,48,56,42,53,48,46,54,56,47,45,60,56,59,52,43,52,49,51,51,47,53,57,46,55,49,46,40,13,7,15,11,7,6,Primera C
F. Gutiérrez,Leandro N. Alem,Argentina,16,CDM,Right,175,37,52,,41,43,47,49,56,54,40,36,54,53,32,48,44,43,45,49,40,42,45,58,43,47,52,56,55,54,51,63,46,49,45,55,50,59,51,10,12,13,14,8,13,Primera C
J. Ibáñez,Leandro N. Alem,Argentina,36,CM,Right,175,21,46,,43,43,49,48,39,42,49,41,38,54,41,48,38,32,51,47,46,41,51,50,45,44,42,49,39,47,40,40,39,45,46,45,39,39,37,11,15,9,6,14,10,Primera C
J. María Leiva,Leandro N. Alem,Argentina,23,CM,Right,186,30,50,,48,43,47,52,41,48,47,35,34,46,42,54,43,45,53,50,46,50,51,51,46,52,44,53,47,51,46,40,49,44,48,53,39,46,41,8,14,11,11,8,15,Primera C
T. Lescano,Leandro N. Alem,Argentina,21,CAM,Left,175,19,45,,47,47,47,47,19,34,43,51,28,49,40,44,46,43,41,48,46,47,56,46,52,44,32,43,32,43,30,21,51,53,45,42,19,15,14,10,12,15,15,14,11,Primera C
G. Medina,Leandro N. Alem,Argentina,46,"CM, CDM",Left,170,22,42,,39,37,45,43,34,38,36,33,27,51,29,39,40,35,48,46,43,35,47,42,42,43,33,45,38,41,31,37,41,44,31,40,35,35,28,13,14,6,7,10,14,Primera C
M. Medina,Leandro N. Alem,Argentina,11,"LM, LW",Right,171,28,52,,57,44,49,52,33,44,54,44,33,52,41,53,52,45,44,52,56,58,55,52,54,42,39,55,40,46,43,34,50,45,47,45,36,29,30,10,9,14,6,9,9,Primera C
I. Oszust,Leandro N. Alem,Argentina,41,"RM, RW",Right,170,17,44,,52,40,43,48,24,40,43,38,28,45,36,47,46,40,43,48,53,52,53,46,47,44,40,47,39,38,35,24,44,41,41,41,19,28,26,15,15,15,6,6,12,Primera C
T. Pavón,Leandro N. Alem,Argentina,20,RM,Right,172,23,50,,57,46,49,54,31,44,57,45,35,46,44,56,50,38,49,54,56,58,51,50,57,47,39,54,39,48,44,32,49,49,40,52,32,28,30,12,10,11,15,13,11,Primera C
J. Rodríguez,Leandro N. Alem,Argentina,28,"RM, RW",Right,172,28,49,,54,42,49,52,30,44,49,43,33,49,45,52,51,43,50,53,50,57,58,45,54,40,44,51,43,41,39,35,47,49,40,46,28,29,31,12,12,8,12,6,15,Primera C
L. Segovia,Leandro N. Alem,Argentina,22,CDM,Right,173,23,50,,40,42,48,48,50,55,41,39,45,52,32,48,38,44,49,49,34,44,43,57,42,47,49,54,58,45,51,55,44,53,41,48,53,46,49,6,8,14,13,12,10,Primera C
F. Vallone,Leandro N. Alem,Argentina,42,RM,Right,173,36,44,,46,39,45,45,23,38,50,42,34,44,38,48,45,34,40,41,45,46,52,42,45,36,34,46,37,34,34,24,41,46,37,36,21,21,25,10,15,9,14,8,8,Primera C
D. Vázquez,Leandro N. Alem,Argentina,18,"CM, CAM",Right,178,21,48,,48,41,47,48,38,45,41,38,36,51,38,44,47,39,51,53,48,48,47,51,45,48,43,51,44,42,41,41,46,43,41,47,39,37,36,14,15,8,11,12,7,Primera C
A. Almirón,Leandro N. Alem,Argentina,19,"ST, CAM",Right,178,28,54,,57,54,44,55,20,51,41,58,52,47,58,54,44,44,35,56,56,57,59,52,46,54,53,48,55,45,44,15,59,46,53,57,16,20,12,13,13,8,9,12,12,Primera C
L. Leguizamón,Leandro N. Alem,Argentina,17,"RW, ST",Right,172,24,50,,57,47,47,53,18,42,49,46,37,49,49,51,55,45,39,55,59,55,57,54,57,46,39,47,42,51,38,17,45,47,47,51,14,16,14,10,9,10,14,8,14,Primera C
G. Mendiburu,Leandro N. Alem,Argentina,29,ST,Right,179,24,53,,59,54,42,54,18,50,40,57,50,44,48,56,45,43,43,54,56,62,51,52,47,54,60,53,50,50,46,18,60,38,52,50,18,10,12,13,10,6,7,6,10,Primera C
R. Onofrio,Leandro N. Alem,Argentina,38,ST,Right,177,22,45,,48,46,36,44,14,42,31,52,44,41,52,42,33,35,31,45,49,48,43,46,46,45,44,40,44,34,39,10,43,36,47,48,12,11,10,6,14,11,8,15,15,Primera C
D. Pertossi,Leandro N. Alem,Argentina,7,RW,Right,170,30,53,,62,53,50,56,25,44,56,55,42,50,52,58,46,48,45,55,65,59,58,50,50,48,39,47,46,53,39,26,51,51,53,47,23,19,26,10,13,11,14,15,15,Primera C
B. Risso Patrón,Leandro N. Alem,Argentina,9,ST,Right,181,33,54,,53,56,45,52,21,53,47,59,56,46,55,52,50,41,38,52,53,53,53,61,45,57,56,56,56,48,42,17,58,46,56,56,23,11,14,11,7,15,8,12,10,Primera C
L. Alegre,Leones FC (Rosario),Argentina,1,GK,Right,187,23,60,,33,17,26,28,18,44,17,10,24,32,10,16,12,13,28,31,31,35,38,58,36,37,47,34,53,16,32,24,10,32,18,36,18,12,14,61,55,51,62,57,40,Primera C
N. Baleani,Leones FC (Rosario),Argentina,25,GK,Right,178,25,50,,21,14,21,20,10,33,10,10,10,28,10,10,10,10,22,22,23,19,27,47,27,32,34,21,42,10,27,12,10,23,10,29,10,10,10,50,46,47,52,50,31,Primera C
E. Daniele,Leones FC (Rosario),Argentina,33,GK,Left,181,22,47,,21,14,20,20,10,32,10,10,10,25,10,10,10,10,16,26,25,18,22,44,26,28,33,22,39,10,25,10,10,28,10,28,10,10,10,49,45,38,51,50,25,Primera C
M. Talamonti,Leones FC (Rosario),Argentina,32,GK,Right,187,21,48,,22,14,18,16,10,32,10,10,10,20,10,10,10,10,18,14,21,22,22,44,26,31,38,25,38,10,24,11,10,29,11,29,10,10,10,49,41,40,47,48,26,Primera C
M. Gallego,Leones FC (Rosario),Argentina,28,LB,Right,177,21,49,,57,34,44,43,47,47,48,32,46,46,29,42,43,38,44,41,56,57,49,46,52,42,46,56,43,32,48,48,36,37,40,48,47,49,41,14,8,8,9,15,13,Primera C
N. Giménez,Leones FC (Rosario),Argentina,27,LB,Left,176,29,53,,55,38,50,49,49,54,57,34,39,52,33,48,43,41,52,46,55,55,56,44,58,48,49,65,49,40,52,49,39,41,37,51,49,53,51,7,7,6,13,11,14,Primera C
J. Graieb,Leones FC (Rosario),Argentina,17,"LB, RB",Left,169,34,50,,51,33,44,48,49,49,53,30,43,45,30,49,40,38,42,44,50,52,52,49,48,35,44,54,46,37,52,47,41,39,34,52,49,52,51,7,15,6,12,8,15,Primera C
R. Quinteros,Leones FC (Rosario),Argentina,2,CB,Left,188,25,55,,51,39,44,44,59,58,42,38,61,51,29,40,35,35,43,45,52,51,44,49,42,53,55,54,61,36,57,58,30,37,29,58,60,59,55,15,12,8,7,6,8,Primera C
M. Senra,Leones FC (Rosario),Argentina,3,"LB, RB",Left,177,29,58,,61,44,52,56,57,54,57,39,53,53,39,52,51,39,53,60,60,62,62,59,56,60,53,56,53,40,53,58,42,48,44,54,60,55,56,6,14,7,11,8,14,Primera C
V. Stizza,Leones FC (Rosario),Argentina,6,"CB, RB",Right,185,19,49,,45,29,37,40,56,52,34,25,53,46,20,38,34,26,41,40,44,46,43,44,36,40,48,46,53,32,56,54,21,26,26,45,59,57,52,12,13,9,9,8,15,Primera C
F. Tanneur,Leones FC (Rosario),Argentina,15,LB,Left,176,23,58,,64,41,51,57,56,59,55,41,49,51,38,56,53,48,53,57,64,64,63,57,60,44,55,63,59,39,53,60,41,47,48,52,52,59,57,10,10,7,14,13,11,Primera C
G. Vergini,Leones FC (Rosario),Argentina,30,RB,Left,171,21,49,,55,35,44,44,46,47,46,32,45,47,30,43,46,38,40,41,54,55,57,46,49,41,41,53,44,34,48,47,37,39,38,50,45,46,48,13,9,9,6,8,8,Primera C
L. Villarino,Leones FC (Rosario),Argentina,26,RB,Right,177,24,51,,55,38,46,49,45,48,53,34,39,47,32,49,46,36,49,46,54,56,54,49,57,52,47,54,46,37,45,47,37,38,35,50,43,45,49,13,10,6,12,6,11,Primera C
L. Zapata,Leones FC (Rosario),Argentina,13,"CB, RB",Left,183,23,52,,43,34,39,43,54,52,39,30,55,46,27,40,31,30,44,47,43,43,39,48,41,51,57,47,53,31,55,52,27,27,32,47,52,57,56,7,12,6,12,10,7,Primera C
P. Acevedo,Leones FC (Rosario),Argentina,16,"CM, CAM",Right,183,24,57,,56,51,59,55,51,54,56,46,48,64,52,55,52,46,54,55,58,55,60,52,54,56,45,58,53,57,55,51,57,60,54,57,54,48,50,9,7,7,14,7,15,Primera C
M. Benítez,Leones FC (Rosario),Argentina,5,CDM,Right,178,25,59,,53,49,57,55,62,61,51,46,55,63,42,51,51,48,62,59,54,52,54,59,63,52,58,64,58,56,67,62,52,54,43,58,61,65,62,15,13,13,15,10,12,Primera C
G. Bernardini,Leones FC (Rosario),Argentina,12,CDM,Right,176,24,51,,46,41,49,49,53,54,38,37,54,55,31,47,39,46,51,53,45,47,48,52,44,47,47,56,53,47,54,53,42,52,38,50,55,52,49,12,15,15,13,9,10,Primera C
C. Bonesso,Leones FC (Rosario),Argentina,8,CM,Left,175,22,54,,54,50,53,53,44,52,49,49,46,53,47,55,51,45,54,51,55,54,53,60,54,50,48,52,51,52,56,48,51,57,45,51,41,44,40,14,10,7,15,13,15,Primera C
F. Bravo Ocampo,Leones FC (Rosario),Argentina,11,CM,Right,169,32,52,,47,46,55,52,44,51,52,40,39,59,45,46,51,48,59,58,45,48,54,56,54,56,49,57,50,49,45,45,54,50,44,50,43,46,44,15,15,8,7,7,7,Primera C
F. Chapartegui,Leones FC (Rosario),Argentina,34,CDM,Left,185,18,47,,42,34,45,41,46,46,32,30,43,53,31,39,38,33,49,43,43,42,35,45,47,41,39,48,46,35,47,49,40,45,38,50,44,47,50,7,15,7,10,10,10,Primera C
L. Duarte,Leones FC (Rosario),Argentina,23,"LM, LW",Right,169,25,53,,58,49,52,54,35,48,59,49,38,49,45,54,49,50,49,54,55,60,60,51,55,51,44,56,49,47,38,35,49,52,48,47,36,33,31,12,13,10,9,6,10,Primera C
R. Elsegood,Leones FC (Rosario),Argentina,18,CM,Right,184,25,56,,55,50,57,59,50,52,55,45,44,60,50,60,57,45,59,62,56,54,53,57,58,55,45,58,53,53,45,55,51,54,54,54,52,48,50,11,11,8,7,7,12,Primera C
J. Falcón,Leones FC (Rosario),Argentina,37,CAM,Right,178,19,44,,46,44,45,48,18,34,41,41,24,50,42,48,48,41,39,48,46,46,57,38,44,46,29,39,32,46,34,22,45,45,47,40,17,17,10,8,10,6,15,9,6,Primera C
A. Fernández,Leones FC (Rosario),Argentina,4,"CDM, CM",Right,184,26,54,,47,45,52,52,55,56,47,44,49,56,40,54,41,44,53,52,42,51,43,55,51,50,49,52,57,44,60,56,46,53,44,54,55,55,56,14,8,13,11,9,6,Primera C
L. Giménez,Leones FC (Rosario),Argentina,35,CAM,Right,168,22,47,,47,46,48,52,21,41,47,47,34,51,43,54,47,43,45,53,50,45,52,41,53,42,36,41,43,47,38,23,49,49,45,48,21,16,20,10,10,10,13,15,9,Primera C
G. Gómez,Leones FC (Rosario),Argentina,22,"CDM, CB",Left,181,24,54,,50,45,49,51,55,56,41,41,52,50,35,48,43,54,53,53,47,52,53,51,50,55,58,63,50,47,61,58,47,53,44,50,55,55,53,15,10,7,11,9,10,Primera C
V. Lemos,Leones FC (Rosario),Argentina,24,CAM,Right,169,24,50,,53,49,50,53,20,40,45,46,33,51,48,50,53,45,45,58,51,55,49,50,51,49,36,43,42,53,33,24,50,58,54,53,21,15,16,14,8,11,6,15,9,Primera C
S. Peñaloza,Leones FC (Rosario),Argentina,14,"CDM, CB",Right,173,26,51,,40,42,50,44,51,56,40,38,41,60,35,38,42,43,52,47,44,37,47,54,44,49,51,55,56,49,59,47,42,47,39,51,51,56,51,6,12,11,11,7,6,Primera C
D. Rodríguez,Leones FC (Rosario),Argentina,7,RM,Right,171,30,54,,62,47,54,54,33,50,59,43,41,56,42,50,53,47,50,58,60,63,62,47,52,50,43,59,48,52,45,35,52,52,48,49,32,32,27,8,9,14,7,13,6,Primera C
R. Roldán,Leones FC (Rosario),Argentina,21,CM,Right,172,21,52,,52,48,54,50,42,49,45,47,40,60,43,48,50,47,54,53,53,52,49,54,48,51,46,47,49,48,50,43,51,56,42,50,41,45,39,13,13,10,8,8,8,Primera C
G. Britos,Leones FC (Rosario),Argentina,9,ST,Right,180,36,60,,58,63,51,59,26,59,50,67,64,55,56,57,50,46,43,60,60,57,62,64,54,65,60,61,61,57,53,22,60,52,56,61,19,24,18,11,14,6,9,11,11,Primera C
K. Collera,Leones FC (Rosario),Argentina,31,"ST, CAM",Right,181,24,55,,58,56,45,53,24,54,41,57,55,47,56,54,52,48,42,50,57,59,58,55,51,60,53,52,59,47,46,17,60,44,57,53,23,21,17,6,9,11,14,12,8,Primera C
G. González,Leones FC (Rosario),Argentina,29,ST,Left,180,21,52,,53,55,42,50,20,56,39,62,51,43,55,49,46,41,38,52,51,54,47,55,51,54,57,53,60,43,48,13,57,43,51,54,16,20,12,7,14,6,7,13,13,Primera C
L. Manochi,Leones FC (Rosario),Argentina,20,ST,Left,171,26,50,,52,54,41,45,16,53,38,57,47,44,49,46,37,39,33,44,48,56,43,49,45,58,56,46,59,48,48,12,52,47,51,49,12,12,13,12,10,13,11,12,10,Primera C
C. Ortigoza,Leones FC (Rosario),Argentina,36,ST,Right,173,21,45,,51,49,34,43,14,42,35,55,43,35,37,39,37,37,27,47,54,48,42,47,39,47,45,38,46,38,37,11,52,35,47,46,10,10,10,13,7,6,8,10,8,Primera C
L. Segovia,Leones FC (Rosario),Argentina,10,"ST, RW",Right,178,29,52,,54,53,38,49,19,50,33,56,59,42,54,48,48,39,33,49,56,53,53,53,46,53,53,50,52,47,42,17,61,39,47,56,14,14,13,13,8,7,12,15,13,Primera C
J. Vieyra,Leones FC (Rosario),Argentina,19,ST,Right,179,34,57,,57,58,45,58,24,55,43,60,61,45,55,58,48,46,37,59,54,59,55,62,49,61,61,53,59,53,45,19,65,52,51,62,24,16,16,13,15,8,12,9,8,Primera C
G. Berozuk,Lugano,Argentina,25,GK,Right,177,20,49,,22,14,18,17,11,30,10,10,10,23,10,10,10,10,19,17,23,21,25,42,26,30,40,17,39,10,20,17,10,18,10,26,10,10,10,51,49,44,43,46,28,Primera C
J. García Procopio,Lugano,Argentina,12,GK,Left,181,28,52,,30,15,20,20,13,37,10,10,10,28,10,10,10,10,18,21,33,28,24,49,34,30,39,31,42,13,31,23,10,25,10,32,10,11,10,52,49,51,47,55,33,Primera C
N. Gatas,Lugano,Argentina,1,GK,Left,187,27,59,,36,18,27,27,16,40,11,12,23,37,12,16,10,10,34,29,38,35,35,57,41,40,48,36,43,13,36,18,12,31,14,38,10,18,14,62,64,59,58,57,36,Primera C
H. Sanaria,Lugano,Argentina,41,GK,Right,180,20,46,,22,13,18,16,10,30,10,10,10,19,10,10,10,10,20,17,20,23,19,40,24,27,33,22,35,10,26,10,10,25,10,23,10,10,10,51,44,35,47,46,26,Primera C
B. Aguirre,Lugano,Argentina,30,"RB, LB",Right,176,21,49,,50,34,45,48,46,45,53,28,43,48,36,46,44,34,43,49,53,48,50,46,49,41,46,51,42,39,46,48,38,34,34,47,43,48,45,8,14,14,13,13,11,Primera C
M. Benardoni,Lugano,Argentina,14,RB,Right,175,22,47,,49,31,42,44,44,45,52,27,34,43,33,42,47,29,42,44,48,50,51,48,46,40,44,53,41,30,44,43,32,32,27,49,47,43,47,6,14,11,9,10,13,Primera C
T. Cagliari,Lugano,Argentina,2,"CB, CDM",Right,186,27,63,,61,42,53,54,66,64,52,35,66,59,33,53,44,47,51,56,60,61,51,59,49,62,69,62,64,41,67,67,39,49,41,61,66,65,64,7,14,7,12,8,6,Primera C
A. Caló,Lugano,Argentina,6,"CB, RB",Right,193,25,55,,54,35,39,45,59,57,36,29,57,45,29,37,32,28,46,51,58,51,44,53,42,47,61,52,58,40,60,59,31,33,36,64,61,57,60,11,10,12,6,9,11,Primera C
M. Colla,Lugano,Argentina,31,"RB, LB",Right,171,20,49,,53,35,45,46,43,49,53,34,40,44,30,44,45,33,42,44,51,54,54,43,56,42,49,53,47,33,48,43,37,42,34,49,46,40,46,15,11,8,13,8,14,Primera C
B. Curbelo,Lugano,Argentina,24,CB,Left,182,20,46,,44,25,35,36,48,51,31,19,47,42,25,33,27,29,35,37,42,46,33,45,38,39,53,40,56,23,50,48,26,29,28,39,46,50,51,9,10,7,13,15,12,Primera C
D. Fernández,Lugano,Argentina,35,"CB, RB",Right,185,22,48,,42,29,34,39,48,50,26,25,46,42,20,38,27,22,36,37,39,44,40,48,34,46,53,47,50,26,52,48,27,30,28,48,45,50,50,9,6,8,11,9,9,Primera C
I. Gallo,Lugano,Argentina,18,RB,Right,174,26,50,,55,35,45,48,44,52,43,32,41,54,32,47,42,32,42,46,54,56,54,54,55,43,43,55,49,34,56,47,42,37,32,44,42,43,52,10,9,10,7,13,8,Primera C
M. Gelpi,Lugano,Argentina,3,"LB, RB",Right,179,36,56,,55,42,51,52,53,54,57,38,47,51,39,47,50,44,50,52,53,57,67,60,54,51,50,65,48,42,54,51,41,46,42,57,51,58,58,13,10,14,14,6,14,Primera C
U. Georgieff,Lugano,Argentina,36,"LB, RB",Left,173,21,48,,53,34,42,44,45,48,45,32,43,49,28,45,38,34,42,41,57,50,49,50,50,43,47,53,46,34,49,44,34,32,32,41,52,37,49,8,13,15,9,12,15,Primera C
T. Graña,Lugano,Argentina,32,CB,Right,183,26,49,,47,28,37,40,54,52,35,20,54,43,21,35,27,32,40,44,48,47,37,47,40,44,54,47,55,34,51,53,28,29,29,45,53,59,48,7,12,14,11,10,11,Primera C
D. Jara,Lugano,Argentina,37,CB,Right,183,22,48,,40,28,38,39,50,51,35,23,49,45,24,34,24,34,40,45,38,42,30,45,40,43,49,42,57,30,48,46,16,31,24,44,52,51,53,6,7,7,7,7,6,Primera C
J. Cruz Julián,Lugano,Argentina,15,LB,Left,169,21,54,,59,40,50,51,51,52,57,34,47,53,42,50,46,38,46,50,58,59,60,53,52,49,47,56,50,41,53,51,44,43,42,46,51,52,52,12,10,13,6,11,13,Primera C
T. Leyro,Lugano,Argentina,38,CB,Right,187,22,47,,43,28,37,38,51,51,33,24,51,44,27,32,32,20,44,43,44,43,35,45,38,36,49,46,54,29,48,48,21,27,26,44,53,50,51,12,14,12,11,6,9,Primera C
S. Milanesi,Lugano,Argentina,27,LB,Left,182,21,50,,55,37,47,51,48,51,50,37,46,51,35,49,37,39,46,52,52,58,57,50,47,41,54,59,48,34,49,46,36,44,35,47,47,51,47,9,15,10,7,15,11,Primera C
P. Quiroga,Lugano,Argentina,26,"RB, RM",Left,171,23,51,,52,34,47,48,46,51,52,28,46,52,30,46,47,37,44,48,53,51,50,47,53,41,47,56,50,41,47,44,39,40,34,50,44,49,50,11,11,10,12,11,12,Primera C
I. Schell,Lugano,Argentina,13,LB,Left,170,24,48,,52,32,46,45,45,45,54,25,39,52,30,43,42,33,44,46,53,52,50,47,49,42,40,48,46,37,42,45,39,35,34,41,48,43,48,7,13,10,14,12,11,Primera C
J. Acuña,Lugano,Argentina,23,"LM, LW",Left,181,23,55,,61,54,53,56,36,51,60,57,44,56,47,55,52,47,44,56,62,60,60,52,59,52,36,58,48,54,52,37,57,51,49,51,40,30,30,13,7,12,15,14,13,Primera C
C. Báez,Lugano,Argentina,8,"CM, CDM",Right,169,37,55,,51,49,56,56,51,52,52,49,48,57,50,53,52,52,58,61,53,50,61,49,53,53,50,54,53,47,47,52,47,60,44,50,50,53,47,10,11,6,14,11,10,Primera C
N. Blanco,Lugano,Argentina,33,CDM,Right,179,21,49,,43,39,44,43,52,53,35,34,45,48,31,39,40,37,52,46,42,43,43,44,45,51,47,51,55,40,52,57,39,42,38,51,54,50,44,6,9,9,15,8,6,Primera C
N. Campa,Lugano,Argentina,16,CDM,Left,181,25,55,,49,45,55,54,56,58,45,37,52,64,40,52,49,47,54,56,48,49,46,59,55,58,49,56,59,51,58,57,43,53,45,56,56,57,57,8,6,10,14,8,14,Primera C
P. Chozas Alzaga,Lugano,Argentina,21,CAM,Right,177,21,49,,45,48,49,50,22,41,47,48,34,50,43,47,51,40,49,53,47,44,49,48,53,46,42,48,37,50,43,27,51,51,45,51,21,18,19,8,15,15,13,8,11,Primera C
J. Cristaldo,Lugano,Argentina,19,"CAM, ST",Right,170,24,50,,51,48,51,55,22,44,50,47,35,53,49,56,56,43,44,58,55,47,51,49,52,47,37,47,43,50,44,24,48,56,49,50,21,20,18,13,13,14,10,12,13,Primera C
D. Galarza,Lugano,Argentina,34,CAM,Right,180,21,49,,49,48,49,54,23,39,46,43,37,53,44,52,49,48,47,58,51,47,55,46,52,49,39,44,39,55,35,32,52,49,54,51,23,15,11,10,14,11,9,8,14,Primera C
L. Godoy,Lugano,Argentina,22,CDM,Right,189,25,49,,43,39,44,44,49,53,39,35,47,47,37,45,36,38,46,43,45,42,44,46,41,47,55,51,56,40,49,48,41,45,39,50,49,52,46,10,11,10,14,15,11,Primera C
Á. Gómez,Lugano,Argentina,5,CDM,Right,178,25,58,,53,50,57,50,61,61,54,45,51,63,47,46,46,42,53,49,50,55,55,58,56,56,58,60,62,54,59,63,51,60,49,55,64,60,60,13,9,11,8,11,11,Primera C
P. Herrera,Lugano,Argentina,20,"CAM, CM",Right,174,19,48,,52,47,48,51,20,39,47,45,34,50,43,51,50,42,45,54,59,47,45,45,51,43,34,44,38,54,36,20,51,51,47,42,15,20,16,10,12,11,13,8,10,Primera C
J. Cruz Iglesias,Lugano,Argentina,10,CAM,Left,179,29,60,,59,62,62,65,31,52,63,63,45,66,52,66,59,57,58,66,59,59,65,56,65,60,48,55,52,63,49,29,64,60,56,63,32,30,25,10,12,15,9,9,10,Primera C
J. Montiel,Lugano,Argentina,4,LM,Right,170,32,53,,50,47,53,53,31,48,60,46,38,49,47,57,51,50,52,49,49,51,54,55,53,44,49,53,46,51,49,34,52,55,51,54,28,30,29,8,12,14,8,15,8,Primera C
R. Moreno,Lugano,Argentina,17,"CDM, CB",Right,175,26,52,,48,41,51,50,54,52,43,36,46,56,39,48,38,42,50,55,47,49,42,52,48,49,50,51,51,44,55,60,46,56,39,54,55,51,53,15,10,15,11,11,7,Primera C
R. Soria,Lugano,Argentina,7,"RM, RW",Right,164,39,57,,57,52,59,58,36,52,67,53,44,57,47,57,54,55,56,61,59,56,60,56,58,54,42,59,52,47,45,36,53,58,55,52,34,35,36,7,6,8,8,8,9,Primera C
G. Unrein,Lugano,Argentina,42,LM,Left,175,19,46,,54,42,44,47,26,45,46,39,33,45,38,48,48,38,37,48,55,53,48,44,52,49,41,57,41,45,40,27,39,44,42,36,26,25,22,14,12,13,8,10,12,Primera C
M. Coselli,Lugano,Argentina,9,ST,Right,177,36,55,,52,59,46,53,22,55,42,64,59,49,50,51,45,46,44,56,48,55,47,61,51,56,57,49,59,54,53,17,61,48,58,54,18,18,17,7,7,13,14,9,6,Primera C
L. Esquivel,Lugano,Argentina,39,"LW, LM",Left,168,21,47,,51,45,45,51,20,41,53,45,33,45,45,50,43,42,37,53,51,51,49,47,53,41,39,48,39,48,39,20,53,44,47,49,19,18,11,6,11,12,8,6,12,Primera C
D. Giménez,Lugano,Argentina,45,ST,Left,189,21,45,,48,45,35,45,14,44,31,47,45,39,41,45,42,35,31,46,48,48,40,51,46,44,47,41,47,41,39,11,51,35,49,45,10,10,10,6,13,14,10,7,15,Primera C
N. Insaurralde,Lugano,Argentina,28,"LW, ST",Left,172,21,48,,54,44,47,54,20,41,45,45,38,52,45,51,48,39,46,57,52,56,56,45,55,45,38,49,39,41,35,22,44,42,45,52,19,14,18,14,9,14,11,6,6,Primera C
J. López,Lugano,Argentina,43,ST,Right,186,22,46,,46,49,35,44,16,48,33,49,50,41,48,39,45,32,25,49,48,44,44,50,44,51,43,46,51,44,42,10,59,30,49,44,15,11,10,7,12,15,11,11,6,Primera C
L. Ovejero,Lugano,Argentina,29,ST,Right,186,25,50,,52,51,40,50,16,49,38,56,54,42,53,49,38,38,37,49,53,52,53,53,50,50,49,46,54,42,42,12,50,43,52,50,14,11,12,11,15,11,9,11,8,Primera C
N. Plaza,Lugano,Argentina,40,ST,Right,187,22,47,,49,52,35,43,15,46,35,57,51,39,45,39,38,42,28,45,46,52,49,52,44,51,49,43,48,44,45,10,47,33,50,44,10,11,12,14,12,10,7,14,7,Primera C
V. Rizzo,Lugano,Argentina,44,"LW, LM",Right,178,21,46,,55,45,44,53,17,37,51,46,32,39,37,53,43,39,41,54,56,55,57,51,51,42,36,47,35,48,32,20,47,47,42,41,15,13,11,7,8,8,7,9,7,Primera C
G. Urruchúa,Lugano,Argentina,11,LW,Left,171,24,59,,63,61,56,60,30,51,61,63,46,57,56,61,55,49,53,57,60,66,66,58,64,60,50,63,48,58,44,28,63,55,61,58,28,31,23,9,6,13,6,10,15,Primera C
V. Alegre,Luján,Argentina,30,GK,Right,179,22,50,,31,16,21,19,12,33,10,10,13,29,10,10,10,10,24,20,30,32,27,44,28,38,36,22,41,10,25,17,10,21,10,38,10,10,10,52,50,45,53,49,26,Primera C
M. Lescano,Luján,Argentina,25,GK,Left,184,39,51,,23,14,20,20,11,34,10,10,12,26,10,10,10,10,22,21,22,24,27,48,30,32,36,26,41,10,28,15,10,23,11,37,10,10,10,55,55,44,48,56,28,Primera C
L. Torlaschi,Luján,Argentina,1,GK,Right,183,22,57,,30,16,28,22,15,43,14,10,25,36,10,10,13,18,28,25,35,26,24,54,36,36,38,34,51,10,36,23,11,34,18,39,12,10,10,59,56,49,54,60,33,Primera C
G. Albornoz,Luján,Argentina,15,"CB, CDM",Right,188,25,53,,46,35,42,41,55,53,41,31,52,49,25,41,31,33,48,40,46,46,41,51,40,49,62,50,52,35,55,57,30,33,34,45,55,55,57,8,15,9,14,15,8,Primera C
S. Galván,Luján,Argentina,24,"CB, RB",Right,192,25,56,,50,39,42,44,60,59,40,33,60,49,33,41,31,39,40,44,53,48,48,54,48,56,55,58,60,39,58,59,31,37,33,56,63,57,59,8,12,15,6,8,7,Primera C
N. Icazatti,Luján,Argentina,3,"LB, RB",Left,165,28,60,,63,45,57,58,56,59,58,41,55,63,43,58,56,50,50,55,56,68,66,57,60,53,58,61,60,46,55,53,53,55,44,56,56,59,59,9,8,9,8,10,9,Primera C
D. Molina,Luján,Argentina,2,CB,Right,185,35,59,,50,39,49,48,64,63,39,35,64,62,28,41,40,42,50,52,49,50,49,64,50,53,61,60,66,39,60,65,32,41,39,54,64,63,60,11,8,10,6,13,12,Primera C
J. Moreno,Luján,Argentina,27,"LB, LM",Left,178,19,49,,55,35,46,47,46,46,50,31,39,48,29,46,39,34,46,47,51,58,50,45,51,41,55,54,41,36,44,48,37,43,40,40,44,49,50,13,12,7,11,13,7,Primera C
D. Notta,Luján,Argentina,13,CB,Right,184,23,55,,48,37,43,44,58,58,40,31,53,51,35,40,36,34,44,47,44,51,42,51,47,51,58,57,58,38,60,60,35,34,31,53,58,58,57,11,13,12,14,8,9,Primera C
M. Piñeiro,Luján,Argentina,33,"CB, RB",Right,183,21,48,,43,26,37,36,52,53,40,21,52,40,25,32,27,34,40,37,40,46,39,44,33,41,50,47,57,26,50,45,17,29,27,49,57,54,46,15,8,6,10,8,8,Primera C
F. Urtasun,Luján,Argentina,12,"CB, RB",Left,193,22,49,,45,28,37,38,54,49,33,19,58,44,25,31,30,26,40,43,43,46,41,51,36,49,50,44,51,31,52,52,21,30,27,45,53,56,50,10,6,7,9,6,9,Primera C
R. Busto,Luján,Argentina,29,LM,Right,173,21,49,,57,44,47,52,33,45,49,45,37,46,42,51,44,38,48,53,57,57,51,50,58,47,41,52,44,41,38,32,45,50,43,44,35,32,25,12,12,11,9,13,6,Primera C
L. Coronel,Luján,Argentina,17,RM,Right,169,31,59,,64,57,59,60,38,53,64,58,45,61,55,57,66,52,53,61,65,63,67,56,64,59,48,61,51,54,48,39,60,56,50,53,35,39,37,9,8,8,10,8,10,Primera C
S. Díaz,Luján,Argentina,20,CAM,Right,177,21,50,,46,48,49,56,23,43,45,46,32,52,42,58,51,44,50,56,50,43,58,49,51,48,38,51,41,53,40,29,55,50,48,51,19,23,13,12,8,13,7,12,11,Primera C
M. Duna,Luján,Argentina,14,RM,Right,179,20,51,,61,46,48,56,29,44,53,46,38,48,42,56,51,46,44,58,58,64,60,50,55,42,41,54,42,52,38,30,50,44,46,44,29,26,31,7,11,13,14,9,15,Primera C
T. Ferrari,Luján,Argentina,21,"CAM, ST",Right,173,20,50,,56,51,52,53,20,41,47,50,33,54,51,53,51,48,48,58,55,56,49,42,51,52,38,48,40,54,35,20,49,56,45,47,23,14,17,8,11,7,9,11,7,Primera C
J. Ford,Luján,Argentina,4,"RM, RW",Right,168,26,57,,60,51,58,58,36,50,60,51,49,59,54,56,62,51,55,58,62,58,63,59,62,56,46,53,50,46,48,37,53,57,55,53,32,35,34,14,12,10,10,8,8,Primera C
S. Gallo,Luján,Argentina,8,CM,Left,170,23,56,,53,52,58,57,49,55,55,52,47,58,48,57,57,56,56,60,51,55,53,55,49,54,48,60,57,53,47,55,51,62,52,58,49,49,43,7,8,14,6,9,15,Primera C
T. Luna,Luján,Argentina,22,"CAM, ST",Right,181,20,50,,51,52,51,54,24,42,47,53,36,51,48,51,54,46,52,58,50,51,59,45,53,49,37,44,44,55,37,29,53,53,53,47,20,22,20,11,8,6,8,12,12,Primera C
A. Ocampo,Luján,Argentina,16,CM,Right,180,24,52,,52,51,52,51,45,48,46,50,46,54,46,50,51,40,56,51,50,53,52,59,50,54,41,53,46,53,46,44,53,53,48,55,41,51,43,12,12,14,7,8,12,Primera C
E. Oviedo,Luján,Argentina,10,CAM,Right,170,32,59,,55,57,59,62,35,52,52,56,49,63,55,63,63,54,60,61,58,52,61,63,60,61,46,54,50,57,54,35,59,59,57,64,34,34,30,6,9,6,12,11,9,Primera C
F. Pérez,Luján,Argentina,26,CM,Right,171,25,50,,46,44,49,52,44,46,46,39,40,55,39,50,47,44,47,56,47,46,50,49,50,50,43,53,43,49,47,47,43,46,42,49,41,46,40,8,13,13,9,13,14,Primera C
F. Rojas,Luján,Argentina,11,"LM, LW",Left,168,26,60,,67,55,60,61,40,53,65,54,48,60,52,62,64,54,59,61,66,68,60,57,62,58,53,62,48,55,53,40,55,55,54,52,42,36,37,10,14,14,10,11,8,Primera C
T. Serra,Luján,Argentina,5,"LM, RM",Left,174,23,55,,59,49,53,55,35,51,54,47,39,55,48,58,48,50,47,52,56,62,59,52,55,52,50,58,48,52,51,38,50,56,51,54,35,35,29,7,8,10,14,10,7,Primera C
S. Tríbulo,Luján,Argentina,18,RM,Left,172,24,56,,64,51,53,57,37,52,60,50,37,51,49,55,56,48,53,58,67,62,62,55,62,54,49,65,46,50,52,41,56,52,50,57,36,36,35,7,11,9,8,8,12,Primera C
N. Vergara,Luján,Argentina,6,"RM, RW",Right,179,28,55,,61,50,55,59,36,49,59,50,40,57,45,62,55,54,47,55,60,62,64,51,63,51,40,58,44,49,51,35,51,54,48,48,35,40,28,11,6,14,11,10,13,Primera C
A. Abad,Luján,Argentina,9,ST,Right,183,29,59,,60,59,49,60,26,57,49,62,58,49,61,60,54,49,46,59,57,63,58,66,60,55,61,51,60,54,58,22,69,49,55,62,22,24,21,13,14,14,9,11,11,Primera C
T. Dopazo,Luján,Argentina,28,"LW, ST",Left,169,26,61,,70,61,58,66,31,51,62,61,49,59,55,67,57,54,56,66,72,69,67,61,65,61,51,60,51,61,41,33,70,57,57,61,28,29,26,7,12,9,9,15,15,Primera C
L. Gómez,Luján,Argentina,23,"LW, LM",Right,175,23,61,,70,58,62,64,28,52,65,56,45,65,59,63,61,54,54,64,72,69,69,61,65,60,54,63,51,59,41,27,67,62,60,61,27,27,21,9,7,14,12,11,7,Primera C
G. Ramírez,Luján,Argentina,31,ST,Right,181,22,49,,52,48,37,47,16,51,36,50,53,38,45,42,45,40,32,51,48,55,49,53,53,47,52,46,54,43,49,17,52,38,50,51,10,11,10,7,10,9,7,11,6,Primera C
E. Ramos,Luján,Argentina,7,"RW, ST",Left,179,30,63,,67,64,62,65,30,57,58,68,48,67,59,66,65,52,59,64,67,67,66,61,73,60,50,64,59,60,46,34,67,59,56,60,25,27,27,7,9,8,15,7,12,Primera C
J. Rodríguez Seguer,Luján,Argentina,19,"ST, CAM",Right,180,29,54,,53,57,45,51,21,52,44,60,55,48,56,48,45,45,38,55,52,53,50,54,51,56,52,51,54,51,46,13,60,44,53,55,20,18,15,13,11,12,15,14,10,Primera C
A. Villecco,Luján,Argentina,32,"ST, CAM",Right,169,21,49,,47,49,41,48,16,48,38,49,46,43,47,48,36,38,37,49,49,46,44,52,43,53,46,46,51,46,41,18,54,44,40,59,14,10,10,7,14,13,14,6,13,Primera C
I. Casco,Mercedes,Argentina,12,GK,Right,189,21,50,,25,14,18,20,11,32,10,10,11,21,10,10,10,10,21,23,22,27,24,52,32,29,38,24,39,10,25,15,10,25,16,31,10,10,10,49,48,42,46,49,24,Primera C
R. Nicasio,Mercedes,Argentina,25,GK,Right,184,27,51,,29,14,20,19,12,37,10,10,13,24,10,10,10,10,24,19,33,25,25,46,32,31,40,25,45,10,29,16,10,23,10,30,10,10,10,50,55,42,48,54,32,Primera C
K. Semeniuk,Mercedes,Argentina,1,GK,Right,188,24,58,,36,16,27,26,14,41,12,10,17,32,14,15,13,13,30,31,38,35,34,50,39,33,50,32,48,14,31,24,13,38,12,36,10,12,10,61,55,54,57,55,39,Primera C
F. Tonatto,Mercedes,Argentina,30,GK,Right,185,24,51,,26,13,21,20,11,33,12,10,13,27,10,10,10,10,16,23,21,30,23,48,35,26,38,24,39,10,26,14,10,29,13,35,10,10,11,53,51,43,52,49,30,Primera C
F. Alani,Mercedes,Argentina,3,"CB, RB",Right,186,27,53,,49,35,42,39,54,58,41,28,54,50,29,33,35,39,43,44,50,49,35,49,48,51,56,55,61,37,55,56,27,30,35,48,55,52,54,10,13,7,15,9,6,Primera C
T. Bentancor,Mercedes,Argentina,24,CB,Right,188,23,52,,48,34,40,41,54,55,37,29,56,50,26,34,33,33,43,46,50,47,44,52,40,50,55,50,58,34,53,55,25,28,33,45,53,55,51,8,13,10,13,12,15,Primera C
M. Chan,Mercedes,Argentina,6,CB,Left,178,21,54,,46,33,43,41,57,55,39,26,53,54,33,35,33,33,42,42,48,45,48,50,43,47,58,53,56,36,53,58,29,33,37,51,56,59,60,7,14,12,7,15,14,Primera C
R. Cruz,Mercedes,Argentina,28,LB,Left,173,18,47,,56,34,41,44,45,45,43,32,43,43,27,43,38,27,44,43,57,56,51,44,47,42,38,47,44,33,49,47,37,38,34,44,47,42,48,11,14,14,11,14,7,Primera C
R. López,Mercedes,Argentina,15,CB,Right,185,22,50,,48,33,38,41,53,53,35,29,57,45,25,38,28,33,44,43,45,51,38,49,40,42,50,47,55,36,58,48,24,27,32,49,56,54,51,8,8,6,9,11,15,Primera C
E. Murillo,Mercedes,Argentina,13,CB,Right,177,22,52,,42,34,42,41,53,52,29,28,54,56,30,36,34,33,44,43,41,42,44,47,43,48,52,43,54,36,57,56,28,33,27,48,50,52,59,9,11,14,7,14,6,Primera C
H. Pineda,Mercedes,Argentina,2,"CB, CDM",Left,190,36,58,,52,40,45,51,63,60,38,37,63,51,31,49,38,43,47,55,49,54,40,56,47,50,56,58,61,41,63,61,28,43,36,59,61,66,63,12,7,15,6,8,10,Primera C
S. Redondi,Mercedes,Argentina,20,RB,Left,176,23,48,,56,34,44,46,43,47,50,29,43,47,31,44,43,34,45,46,51,60,52,44,58,46,44,51,47,34,43,45,35,35,34,49,41,44,46,8,14,10,6,12,7,Primera C
F. Ruíz Díaz,Mercedes,Argentina,26,RB,Right,173,20,48,,53,35,43,44,45,47,49,29,40,45,29,45,38,35,43,42,56,51,46,49,49,43,48,53,44,39,45,45,36,37,40,44,41,46,55,10,9,10,11,15,9,Primera C
F. Taborda,Mercedes,Argentina,31,CB,Left,184,20,47,,46,29,35,36,52,48,35,23,51,41,23,26,27,24,38,46,48,45,36,41,40,43,52,43,49,30,50,48,22,25,31,38,54,52,52,8,7,12,11,8,9,Primera C
R. Torres,Mercedes,Argentina,4,"RB, LB",Right,173,30,58,,62,42,56,59,57,53,60,38,55,62,37,59,47,45,52,56,59,65,68,58,58,52,52,63,49,44,51,56,47,50,40,55,56,59,62,8,6,6,6,7,12,Primera C
M. Zuccaro,Mercedes,Argentina,14,"RB, LB",Left,170,38,54,,52,38,50,51,53,49,54,33,45,54,42,50,48,37,48,50,55,50,54,57,49,51,49,53,47,34,51,51,40,45,40,52,50,57,59,7,6,12,10,15,15,Primera C
L. Calderón,Mercedes,Argentina,34,RM,Right,169,16,45,,53,39,44,47,26,42,45,37,31,45,37,44,42,40,42,49,50,55,51,45,47,40,40,46,39,39,43,28,46,42,42,43,27,22,24,14,11,8,13,6,15,Primera C
G. Cañete,Mercedes,Argentina,11,LM,Left,174,23,52,,55,46,53,54,31,46,52,42,44,57,46,54,51,50,45,54,51,59,57,52,54,52,44,57,41,49,43,34,47,54,48,48,27,29,31,12,12,8,11,14,13,Primera C
T. Chaparro,Mercedes,Argentina,16,CM,Right,177,25,60,,61,54,58,64,53,55,60,50,47,59,51,65,54,53,56,64,66,57,61,63,61,58,47,63,53,57,54,54,62,56,53,61,53,55,52,9,14,14,8,14,15,Primera C
F. Cruz,Mercedes,Argentina,21,"CM, CAM",Right,181,24,53,,49,50,51,55,46,54,46,51,42,52,44,51,47,47,56,59,52,47,54,54,51,50,49,59,53,51,49,49,52,53,50,59,46,47,43,11,10,13,8,6,7,Primera C
J. Culio,Mercedes,Argentina,22,"CDM, CB",Right,174,24,46,,42,38,44,42,48,47,39,34,44,47,28,40,36,39,48,44,41,43,39,49,40,43,43,44,48,43,48,49,43,43,40,45,50,47,46,14,8,6,11,15,12,Primera C
U. Antonio Dematei,Mercedes,Argentina,35,CAM,Left,173,18,43,,46,41,45,44,16,34,42,40,24,47,41,44,46,43,43,44,47,46,47,43,48,40,32,43,33,43,28,18,46,46,41,42,19,11,11,6,9,10,7,10,14,Primera C
D. Díaz,Mercedes,Argentina,18,"CM, CAM",Right,180,25,56,,53,49,53,55,50,55,48,45,48,55,41,55,45,50,55,54,53,53,58,55,62,56,44,58,55,52,54,53,54,57,56,54,48,52,48,14,10,13,7,9,7,Primera C
J. Román López,Mercedes,Argentina,5,"CDM, CM",Left,179,23,55,,46,44,53,49,57,58,47,39,48,60,35,47,42,46,52,51,47,46,45,57,53,55,56,59,58,49,58,59,45,50,42,50,58,59,51,7,8,8,11,9,14,Primera C
F. Ortigosa,Mercedes,Argentina,10,CAM,Right,177,24,53,,54,53,56,58,27,47,53,50,38,61,50,60,58,50,50,58,60,49,56,56,48,58,40,53,46,56,46,30,51,57,51,54,25,27,19,13,10,14,15,11,9,Primera C
M. Pighin,Mercedes,Argentina,8,CM,Right,187,41,56,,49,50,57,58,52,55,48,47,48,62,44,57,56,50,57,61,49,49,57,58,53,52,44,59,54,52,54,57,55,58,54,54,57,45,47,7,12,8,14,12,8,Primera C
S. Romagnoli,Mercedes,Argentina,27,CM,Right,174,25,51,,48,44,50,49,42,48,43,42,42,55,37,48,47,46,51,47,47,48,52,48,54,51,43,50,47,46,49,43,42,50,43,54,41,43,39,14,9,13,10,8,14,Primera C
T. Ángel Acosta,Mercedes,Argentina,29,"ST, RW",Right,182,23,49,,50,49,39,47,17,49,33,52,58,45,49,43,39,39,36,51,51,49,46,58,39,47,53,48,51,42,45,18,55,39,50,53,13,10,10,9,10,7,13,8,10,Primera C
L. Amado,Mercedes,Argentina,17,RW,Right,175,24,52,,57,51,49,58,21,42,51,52,35,50,51,64,52,40,45,52,56,57,59,53,56,49,37,50,41,52,37,28,49,49,44,56,18,16,15,13,13,15,6,15,12,Primera C
M. Blanco,Mercedes,Argentina,32,"ST, RW",Right,185,19,47,,49,50,40,43,15,48,37,52,41,44,52,39,46,36,33,45,49,49,44,45,47,49,49,38,57,46,37,14,53,39,45,49,12,13,10,15,10,12,14,14,15,Primera C
L. Lagos,Mercedes,Argentina,33,"RW, ST",Right,176,16,46,,58,47,43,47,15,39,41,51,31,47,41,50,41,41,40,43,61,55,54,42,48,45,39,48,37,41,33,15,45,43,42,43,16,11,11,11,10,14,7,13,10,Primera C
A. Mendoza,Mercedes,Argentina,23,LW,Left,176,33,52,,56,48,49,55,21,45,55,47,38,48,44,60,53,45,42,48,53,58,58,54,59,48,45,47,45,50,44,23,57,50,47,53,22,16,14,8,13,14,13,8,12,Primera C
F. Ruiz,Mercedes,Argentina,7,RW,Right,175,22,49,,56,48,46,50,17,45,45,52,38,49,47,49,50,42,39,52,55,57,52,47,56,44,37,51,46,45,35,21,52,49,46,46,11,13,17,9,10,11,11,6,15,Primera C
L. Sánchez Olmos,Mercedes,Argentina,9,ST,Right,189,21,58,,60,63,49,54,25,57,50,69,59,52,64,51,52,45,43,58,61,59,53,60,54,58,56,53,59,58,55,20,61,46,52,55,22,21,21,13,13,14,6,14,15,Primera C
J. Cruz Vera Borda,Mercedes,Argentina,19,ST,Right,184,29,58,,56,55,51,53,27,61,46,53,58,55,59,52,48,56,46,52,58,54,55,60,55,56,53,59,65,57,54,26,61,51,58,63,23,21,24,7,12,12,10,10,14,Primera C
A. Di Biase,Muñiz,Argentina,1,GK,Left,182,27,54,,31,16,24,20,14,36,10,10,13,31,10,10,10,10,28,21,30,32,30,51,38,34,46,32,40,12,28,18,10,28,16,33,10,16,10,54,55,46,55,57,37,Primera C
A. Romano,Muñiz,Argentina,12,GK,Right,185,28,53,,28,15,21,22,11,37,10,10,10,22,10,11,16,11,28,26,30,27,29,46,30,34,39,33,44,12,24,17,10,29,12,38,10,10,10,51,54,49,55,53,32,Primera C
G. Soplan,Muñiz,Argentina,25,GK,Right,177,21,47,,18,12,18,17,11,29,10,10,11,21,10,10,10,10,22,18,19,18,22,41,28,20,36,17,36,10,24,14,10,20,10,29,10,10,10,46,46,47,49,47,27,Primera C
D. Varela,Muñiz,Argentina,30,GK,Right,187,20,47,,24,14,19,16,10,30,10,10,10,23,10,10,10,10,22,14,25,24,23,39,28,29,31,27,35,10,21,11,10,22,10,20,10,10,10,46,50,47,48,47,25,Primera C
J. Carabali,Muñiz,Argentina,4,RB,Right,174,27,50,,58,36,49,50,48,51,53,30,42,53,34,53,41,34,45,49,54,61,49,46,49,45,45,51,52,40,49,48,36,45,37,45,46,50,55,10,12,10,10,14,15,Primera C
I. Colman,Muñiz,Argentina,34,CB,Right,182,20,45,,41,23,36,35,50,47,34,14,48,45,15,34,27,29,38,35,38,43,33,37,37,43,45,41,50,24,46,53,20,26,22,47,45,53,50,15,7,15,6,8,10,Primera C
D. De La Rosa,Muñiz,Argentina,35,CB,Right,183,34,45,,41,24,34,35,48,46,32,20,52,38,18,31,24,23,37,38,35,46,35,43,37,39,51,44,46,23,49,48,18,31,21,44,44,53,44,9,11,9,11,8,10,Primera C
K. Farías,Muñiz,Argentina,13,"CB, RB",Right,185,26,48,,45,29,34,36,54,50,34,22,49,41,21,33,24,26,41,38,39,50,38,42,33,44,50,42,54,31,49,55,23,23,30,48,53,55,52,11,9,12,14,9,12,Primera C
E. Fernández,Muñiz,Argentina,15,"LB, LM",Left,169,24,52,,56,39,44,48,49,49,47,38,43,45,30,47,46,37,46,46,53,58,51,47,61,42,45,52,46,42,52,52,40,39,34,50,49,50,49,7,14,15,13,13,15,Primera C
E. Giménez,Muñiz,Argentina,2,CB,Right,188,24,57,,54,39,46,49,62,62,42,32,57,54,32,46,36,38,47,50,52,55,47,56,50,56,61,53,68,42,60,66,33,40,35,61,62,63,57,8,8,9,8,13,12,Primera C
J. Ignacio Lagarrigue,Muñiz,Argentina,26,RB,Right,174,22,47,,49,33,42,45,44,46,44,29,41,45,27,43,40,31,45,45,50,49,48,45,48,45,39,50,43,31,50,46,39,36,30,44,42,45,41,9,12,11,12,8,10,Primera C
F. Saavedra,Muñiz,Argentina,36,"RB, RM",Right,177,24,45,,48,32,39,43,43,43,40,30,42,42,30,43,38,31,35,41,48,48,48,46,46,41,37,44,41,31,48,41,31,36,21,39,41,45,51,6,9,7,13,6,8,Primera C
L. Saavedra,Muñiz,Argentina,28,"CB, CDM",Right,190,22,46,,44,30,33,35,49,48,31,26,45,39,23,32,20,25,36,35,43,44,38,44,34,43,45,47,46,31,53,46,17,29,22,47,49,52,52,10,12,8,15,8,10,Primera C
J. Taborda,Muñiz,Argentina,14,"RB, LB",Right,172,24,49,,58,33,43,50,48,48,50,30,43,42,30,49,44,34,47,51,60,57,55,48,55,40,48,55,43,34,50,50,37,36,35,45,48,49,47,8,13,13,7,13,14,Primera C
B. Verón,Muñiz,Argentina,6,CB,Left,183,23,56,,51,35,42,45,60,62,42,30,54,45,33,41,37,31,50,47,48,53,44,57,48,51,62,58,65,33,59,55,28,37,41,52,61,64,58,6,15,8,12,8,6,Primera C
O. Villegas,Muñiz,Argentina,3,"LB, LM",Right,174,25,54,,58,40,47,52,51,53,52,34,43,47,37,52,47,41,49,51,57,58,63,51,53,56,50,60,49,42,57,56,38,44,37,47,49,53,50,11,11,8,10,14,13,Primera C
F. Baigorria,Muñiz,Argentina,32,CDM,Right,172,24,46,,42,36,45,44,47,50,40,32,38,47,31,42,37,41,53,45,40,44,42,48,45,40,47,52,51,42,48,56,40,42,35,52,48,44,47,8,10,15,11,10,7,Primera C
I. Bazán,Muñiz,Argentina,23,LM,Left,183,27,55,,61,50,54,52,38,47,58,50,39,52,46,51,54,54,53,52,62,60,59,51,58,55,40,57,47,49,37,37,54,52,44,48,39,37,35,7,9,14,12,12,12,Primera C
F. Berón,Muñiz,Argentina,16,CDM,Right,179,21,52,,48,42,49,50,51,56,42,38,45,55,32,50,43,42,49,53,47,48,41,44,41,48,51,58,57,47,53,53,43,48,37,53,49,53,49,9,10,13,9,14,6,Primera C
M. Arrais,Muñiz,Argentina,18,"CM, CAM",Right,176,22,46,,41,40,45,44,36,46,43,37,36,45,37,39,42,46,49,46,38,43,52,50,47,43,40,49,45,42,46,39,43,44,44,42,39,33,35,14,11,12,13,12,12,Primera C
H. González,Muñiz,Argentina,22,"CDM, CM",Right,181,26,47,,44,39,44,47,49,48,37,34,41,49,25,44,38,38,45,52,39,48,43,40,42,47,42,57,44,44,48,48,37,42,40,51,52,52,43,14,11,7,14,10,14,Primera C
A. Gutiérrez,Muñiz,Argentina,7,RM,Right,172,24,55,,60,50,52,58,39,49,53,52,45,53,48,62,57,47,53,55,62,59,62,50,61,48,43,54,48,50,45,38,51,48,49,51,37,41,33,12,11,6,10,13,8,Primera C
M. López,Muñiz,Argentina,21,"LM, LW",Left,184,21,48,,53,44,48,48,29,40,52,43,35,47,42,50,53,41,41,45,56,51,53,49,50,44,30,49,36,45,43,31,49,51,42,42,22,34,25,12,7,11,8,9,14,Primera C
I. Malmoria,Muñiz,Argentina,11,LM,Left,179,25,56,,61,52,55,56,39,50,60,52,46,56,51,58,54,47,53,53,62,61,60,55,53,51,50,59,45,53,50,38,49,52,54,57,40,40,29,15,7,9,9,10,7,Primera C
A. Oviedo,Muñiz,Argentina,8,CM,Right,178,23,51,,45,45,53,52,42,51,48,43,41,55,35,50,46,49,53,56,42,47,46,53,56,50,42,56,50,48,48,45,44,55,43,54,43,40,41,13,7,15,6,15,11,Primera C
B. Picca,Muñiz,Argentina,20,"CAM, CM",Right,175,26,50,,49,49,51,52,21,40,48,48,36,53,47,50,52,46,48,54,51,48,54,54,55,52,39,50,36,48,37,22,51,54,45,51,23,16,15,9,7,12,6,8,6,Primera C
E. Ponce,Muñiz,Argentina,10,CAM,Left,178,27,50,,53,50,49,54,22,43,47,49,38,45,43,56,46,54,46,52,56,50,57,48,49,52,39,46,47,50,28,22,53,58,49,53,22,17,17,13,8,7,13,7,13,Primera C
L. Risso,Muñiz,Argentina,24,"CM, CDM",Right,184,20,48,,49,43,48,46,42,47,40,44,38,55,35,47,46,38,50,45,48,49,50,42,48,43,41,54,45,44,46,47,46,43,35,46,40,42,40,6,13,9,6,11,6,Primera C
M. Silvero,Muñiz,Argentina,37,RM,Left,169,17,45,,55,40,46,44,23,38,47,41,26,47,39,47,52,39,47,41,56,54,43,45,49,41,33,42,39,40,31,26,40,43,38,43,23,23,18,7,8,7,15,15,15,Primera C
G. Villafañe,Muñiz,Argentina,5,CDM,Right,176,26,57,,48,48,52,55,59,61,50,43,61,53,38,54,47,42,53,57,51,46,50,57,55,53,51,61,62,54,61,61,54,53,51,59,62,53,64,15,6,15,11,15,15,Primera C
D. Albornoz,Muñiz,Argentina,9,"ST, CAM",Right,183,23,56,,55,59,45,54,21,57,44,62,57,49,55,54,50,43,38,53,57,54,56,58,46,60,59,50,64,51,46,19,66,45,59,56,17,16,16,15,14,13,12,9,8,Primera C
I. Corbo,Muñiz,Argentina,33,"LW, LM",Left,178,21,46,,54,44,43,48,14,40,40,42,29,47,46,50,48,35,34,45,54,54,52,50,47,48,33,46,40,44,32,12,47,45,44,41,15,10,10,14,8,15,6,12,14,Primera C
L. López Bertoni,Muñiz,Argentina,29,"ST, CAM",Left,177,26,51,,49,54,40,50,19,49,35,59,52,41,53,47,51,41,34,54,51,48,45,53,43,56,58,44,51,44,49,15,48,43,55,56,19,14,11,10,6,14,13,12,15,Primera C
E. López,Muñiz,Argentina,31,"ST, CAM",Left,187,36,49,,49,47,38,46,15,50,32,48,47,38,46,43,44,37,32,51,47,50,42,49,44,52,53,47,55,41,41,13,47,46,45,47,11,12,10,12,6,11,7,7,6,Primera C
G. Maguna,Muñiz,Argentina,38,"ST, CAM",Right,185,19,41,,48,43,30,42,14,40,30,47,47,35,42,40,29,27,20,46,46,49,41,39,38,41,37,35,44,37,38,10,47,32,40,41,10,10,10,7,11,9,6,8,10,Primera C
L. Ramírez,Muñiz,Argentina,17,"RW, ST",Right,176,21,46,,49,43,43,50,18,36,46,42,32,44,40,51,48,37,40,47,47,51,56,50,53,44,38,45,35,43,29,17,47,41,44,42,17,15,14,11,9,15,9,11,10,Primera C
N. Slimmens,Muñiz,Argentina,27,ST,Right,178,34,47,,45,49,36,45,14,44,32,52,47,37,54,43,44,35,31,46,46,44,43,48,45,46,46,40,46,44,41,12,51,41,51,52,10,10,10,14,9,7,10,12,12,Primera C
S. Verdún,Muñiz,Argentina,19,ST,Left,170,25,50,,48,50,40,47,16,49,36,53,52,43,48,46,39,41,32,47,48,48,50,52,49,51,46,42,54,42,46,11,58,43,47,50,15,10,10,15,14,13,9,9,10,Primera C
F. Brito,Puerto Nuevo,Argentina,1,GK,Right,190,22,48,,19,13,19,20,12,31,10,10,16,23,10,10,10,10,24,23,16,21,24,45,33,27,37,20,37,10,27,17,10,23,10,26,10,10,10,49,47,43,45,48,25,Primera C
T. Ricalde,Puerto Nuevo,Argentina,30,GK,Right,192,20,46,,27,14,14,15,11,29,10,10,10,14,10,10,10,10,15,13,25,28,17,42,28,28,29,24,35,10,22,16,10,17,10,23,10,10,10,47,44,41,50,51,23,Primera C
M. Carnelutto,Puerto Nuevo,Argentina,2,"CB, CDM",Right,188,33,60,,54,39,48,49,66,62,41,30,64,57,39,42,37,35,51,54,49,58,49,58,50,58,63,58,65,43,59,65,36,45,40,62,64,68,65,9,8,12,7,13,7,Primera C
F. Coronel,Puerto Nuevo,Argentina,4,"CB, RB",Right,180,24,56,,53,36,45,48,57,58,42,29,66,54,34,46,40,37,44,48,52,53,42,59,51,51,64,53,59,37,58,61,23,35,41,59,50,58,57,12,12,15,13,12,8,Primera C
D. Ferreyra,Puerto Nuevo,Argentina,13,"CB, RB",Right,184,29,53,,48,31,41,43,56,56,41,23,60,50,24,40,33,30,44,46,47,48,36,45,43,48,58,51,60,35,51,61,28,30,34,52,55,53,52,14,7,15,11,15,7,Primera C
U. Huarte,Puerto Nuevo,Argentina,12,"RB, LB",Right,174,25,49,,52,32,44,47,48,48,46,28,44,45,29,46,46,31,49,47,49,55,52,44,49,45,46,47,48,29,48,49,37,39,28,43,48,49,50,6,12,15,13,7,7,Primera C
O. López Rinaldi,Puerto Nuevo,Argentina,24,"CB, CDM",Right,186,23,48,,41,29,36,35,51,50,32,23,50,42,20,30,29,26,43,39,39,42,30,44,37,43,51,41,54,33,52,56,21,26,32,48,50,51,49,8,14,15,14,10,10,Primera C
J. Pablo López,Puerto Nuevo,Argentina,6,CB,Right,178,25,59,,57,37,44,51,63,59,48,29,59,46,28,48,40,38,47,53,55,59,51,55,50,53,60,53,61,42,59,65,30,39,37,54,63,64,56,12,12,15,9,15,13,Primera C
L. Mercuri,Puerto Nuevo,Argentina,14,"RB, RM",Right,178,24,51,,59,36,45,48,48,51,51,33,48,48,36,46,37,35,42,49,62,56,51,50,51,42,48,51,50,34,52,47,39,42,35,45,46,50,48,9,14,8,10,8,9,Primera C
Y. Núñez,Puerto Nuevo,Argentina,15,LB,Left,182,26,53,,60,43,48,51,50,49,48,42,45,54,36,50,46,43,47,51,62,58,54,49,52,44,45,60,45,44,45,47,41,42,43,45,50,54,53,7,12,15,12,8,14,Primera C
S. Olmos,Puerto Nuevo,Argentina,26,"RB, LB",Right,178,21,49,,56,37,44,47,47,48,49,36,38,48,38,48,40,33,44,45,55,56,46,49,52,40,46,53,46,38,47,53,34,38,36,44,48,44,49,15,9,13,9,15,6,Primera C
F. Aciar,Puerto Nuevo,Argentina,22,"CM, CAM",Right,176,20,50,,50,47,49,50,44,49,46,43,41,46,46,50,48,44,53,50,49,50,54,49,51,54,40,54,49,50,43,40,47,55,45,44,44,50,40,12,12,11,11,8,7,Primera C
L. Arellano,Puerto Nuevo,Argentina,10,CAM,Right,174,29,54,,61,54,54,58,29,47,49,51,36,54,48,61,60,51,49,57,64,58,58,53,55,60,41,50,46,56,45,31,49,63,53,57,32,26,21,7,14,11,12,14,13,Primera C
I. Cahiza,Puerto Nuevo,Argentina,16,"CDM, CM",Right,171,21,54,,50,43,53,51,56,55,45,37,50,59,37,51,45,44,58,51,51,50,51,53,46,53,48,62,53,47,54,58,48,49,47,51,54,58,54,9,12,9,8,9,13,Primera C
B. Ferreyra,Puerto Nuevo,Argentina,27,"CM, CDM",Right,182,20,48,,44,45,48,47,39,47,42,44,34,48,37,44,42,42,50,51,47,42,47,44,47,45,42,51,47,50,45,41,42,53,38,51,37,40,41,6,10,6,8,14,12,Primera C
R. Grance,Puerto Nuevo,Argentina,7,"RM, LM",Right,171,24,57,,62,54,57,60,39,51,62,53,43,59,45,64,57,52,52,58,62,62,60,56,62,56,48,56,49,56,51,40,55,54,58,54,41,38,30,15,13,9,12,13,14,Primera C
U. Mangiantini,Puerto Nuevo,Argentina,20,"CM, CDM",Left,176,22,49,,47,45,49,51,42,46,43,45,37,53,38,45,47,41,53,60,49,45,51,43,53,45,44,56,41,49,47,44,43,46,42,48,38,47,39,15,9,12,11,11,6,Primera C
R. Martínez,Puerto Nuevo,Argentina,8,"CM, CAM",Right,169,27,58,,56,52,61,56,51,56,59,49,46,63,46,56,52,51,63,55,54,58,56,54,59,53,50,66,52,56,54,57,57,65,52,52,50,51,43,14,7,8,15,15,6,Primera C
M. Monzón Dylan,Puerto Nuevo,Argentina,23,LM,Left,167,24,52,,59,44,49,56,35,49,53,40,41,48,45,58,57,40,48,56,62,57,52,49,50,46,40,54,47,48,49,33,52,48,50,53,38,34,26,15,15,8,9,12,15,Primera C
C. Ortiz,Puerto Nuevo,Argentina,33,CDM,Right,174,17,44,,41,31,39,38,48,47,29,25,43,45,25,36,36,39,45,42,40,42,32,37,36,39,46,47,45,37,51,46,36,36,36,46,50,50,44,12,15,9,15,13,14,Primera C
E. Ritacco,Puerto Nuevo,Argentina,5,CDM,Right,185,27,57,,52,48,54,55,54,62,46,48,53,60,35,53,51,46,59,60,50,53,51,52,51,56,54,67,62,44,58,59,49,49,41,60,52,53,59,12,15,6,13,12,13,Primera C
E. Sánchez,Puerto Nuevo,Argentina,25,CM,Right,182,23,50,,45,46,50,48,43,45,49,44,38,51,36,47,46,46,49,48,49,42,49,47,48,53,41,55,40,46,45,50,48,52,44,51,40,44,39,8,8,13,7,7,12,Primera C
M. Sarmiento,Puerto Nuevo,Argentina,3,RM,Right,170,29,53,,62,50,51,55,34,49,52,51,36,51,55,57,50,51,47,53,60,64,52,51,55,48,39,53,48,49,47,38,51,52,50,55,35,30,29,8,12,10,11,9,7,Primera C
T. Schefer,Puerto Nuevo,Argentina,31,CM,Right,179,20,46,,41,39,47,47,38,41,43,36,34,48,34,48,44,38,49,49,42,40,42,45,42,42,40,48,39,44,39,41,40,49,40,42,39,35,39,8,7,10,6,14,11,Primera C
V. Umeres,Puerto Nuevo,Argentina,21,"CM, CAM",Right,179,23,51,,50,47,50,51,45,49,43,43,41,57,42,51,47,48,49,51,50,50,53,50,51,54,46,52,46,50,52,45,44,47,51,52,47,47,41,14,11,8,10,7,6,Primera C
A. Valenzuela,Puerto Nuevo,Argentina,18,CM,Left,184,22,49,,46,43,51,51,45,48,45,40,41,53,39,51,46,42,57,51,48,45,52,49,52,50,37,54,46,45,46,47,38,51,45,45,44,46,43,7,10,9,15,6,12,Primera C
M. Escobar,Puerto Nuevo,Argentina,11,"LW, ST",Left,170,30,54,,64,51,53,57,22,45,58,50,39,53,49,57,55,49,45,57,66,62,65,52,59,57,45,51,45,47,39,19,54,55,52,47,20,19,22,15,10,6,12,12,11,Primera C
F. Esquivel,Puerto Nuevo,Argentina,19,ST,Right,176,24,56,,61,60,46,56,25,54,46,66,54,50,57,56,48,47,35,57,58,64,58,54,47,57,57,51,56,50,51,23,59,49,57,53,22,21,22,14,9,9,11,11,12,Primera C
N. Pena,Puerto Nuevo,Argentina,17,RW,Left,173,20,52,,60,50,52,54,20,46,60,51,38,55,45,52,54,44,44,54,60,60,62,52,58,51,44,54,45,50,40,24,47,48,52,52,18,16,15,6,11,12,14,6,11,Primera C
J. Pillwein,Puerto Nuevo,Argentina,28,"RW, RM",Right,175,24,48,,57,48,45,53,18,38,45,49,34,47,42,56,48,41,42,50,60,55,54,46,55,48,34,50,37,45,28,25,51,43,45,47,14,13,14,10,13,9,10,15,13,Primera C
S. Roldán,Puerto Nuevo,Argentina,29,ST,Right,183,20,48,,52,49,38,47,17,49,33,52,50,42,47,45,39,40,32,49,51,52,45,49,51,50,52,48,52,42,41,15,52,39,50,45,16,12,10,7,6,15,9,14,14,Primera C
L. Verón,Puerto Nuevo,Argentina,9,ST,Right,174,22,54,,56,56,41,53,20,54,41,61,54,45,56,52,44,42,34,54,54,57,55,52,52,54,56,49,59,48,46,14,58,39,57,53,15,17,18,10,9,12,8,7,7,Primera C
J. Villarreal,Puerto Nuevo,Argentina,32,LW,Right,170,22,46,,52,45,44,48,15,39,50,48,33,45,44,45,45,42,36,51,50,54,55,46,55,44,36,50,38,41,30,20,49,44,43,42,10,12,12,11,14,14,11,13,8,Primera C
N. Aragón,Sacachispas F.C,Argentina,1,GK,Right,183,28,55,,34,16,24,23,14,38,12,10,19,30,10,14,10,10,20,25,32,35,28,53,31,37,40,28,45,12,30,18,10,35,15,32,12,10,14,54,52,53,58,57,32,Primera C
E. Barreiro,Sacachispas F.C,Argentina,38,GK,Right,194,20,48,,29,13,17,17,10,34,10,10,10,19,10,10,10,10,23,15,28,30,26,41,34,25,39,22,44,10,25,10,10,21,10,29,10,10,10,47,45,40,49,51,26,Primera C
H. Navarro,Sacachispas F.C,Argentina,47,GK,Right,186,19,45,,25,13,16,14,11,29,10,10,10,19,10,10,10,10,18,11,29,22,22,34,27,27,31,21,34,10,26,14,10,20,10,20,10,10,10,45,40,40,41,49,21,Primera C
F. Troncoso,Sacachispas F.C,Argentina,12,GK,Right,187,23,54,,26,16,21,22,12,38,10,10,12,24,10,11,10,10,22,25,27,25,33,51,31,39,43,30,44,13,33,21,10,33,10,35,10,10,11,58,52,43,51,58,30,Primera C
A. Abregú,Sacachispas F.C,Argentina,27,LB,Left,169,26,51,,55,35,45,49,46,51,47,32,46,50,33,48,45,33,44,50,53,56,53,47,48,44,40,55,54,33,43,45,43,38,37,48,42,51,50,9,11,10,7,7,7,Primera C
B. Arias,Sacachispas F.C,Argentina,4,"CB, CDM",Right,182,25,56,,50,38,43,45,60,59,38,35,62,51,31,45,35,36,46,42,53,47,43,50,50,55,59,55,61,36,59,58,25,37,35,55,58,64,57,15,6,7,7,13,14,Primera C
A. Buonofiglio,Sacachispas F.C,Argentina,6,"CB, RB",Right,187,30,57,,58,38,46,46,63,61,41,31,57,56,37,41,39,37,52,53,53,62,40,52,45,57,57,50,67,34,62,67,34,35,39,51,64,62,58,11,10,10,7,15,15,Primera C
L. Cardozo,Sacachispas F.C,Argentina,21,CB,Right,182,24,52,,48,32,40,42,56,59,38,23,56,46,29,40,36,31,47,44,43,52,36,55,37,49,57,55,61,37,59,60,28,29,30,53,55,57,53,12,10,9,6,15,6,Primera C
M. Cols,Sacachispas F.C,Argentina,35,RB,Right,174,23,49,,53,36,46,46,48,47,51,31,43,45,33,46,40,40,42,44,51,54,52,41,55,45,48,53,45,36,43,47,36,47,38,47,47,52,49,14,9,15,8,7,6,Primera C
R. Fernández,Sacachispas F.C,Argentina,39,CB,Left,183,23,48,,41,25,36,38,50,50,36,18,53,39,23,37,31,26,39,39,40,42,33,49,38,44,49,46,52,24,51,52,27,31,25,45,48,48,54,9,6,11,8,9,10,Primera C
S. Flores,Sacachispas F.C,Argentina,30,"RB, LB",Right,169,23,52,,56,37,47,46,51,49,50,33,45,51,32,38,44,37,46,51,53,58,55,51,52,41,47,63,42,42,49,46,40,42,37,46,55,53,49,13,10,12,7,9,11,Primera C
I. Loccizano,Sacachispas F.C,Argentina,49,CB,Left,184,22,44,,37,23,32,33,44,47,28,19,38,37,24,28,27,25,38,36,36,37,36,42,31,39,49,44,47,18,49,47,22,24,23,39,42,45,49,13,13,12,14,10,12,Primera C
L. Lorenzi,Sacachispas F.C,Argentina,3,LB,Left,183,27,60,,63,49,57,56,59,56,63,47,51,60,43,55,53,44,53,57,63,63,60,58,60,59,56,61,52,46,59,58,47,51,44,53,60,61,60,6,10,13,9,6,8,Primera C
L. Medina,Sacachispas F.C,Argentina,42,"RB, LB",Right,176,23,47,,53,31,41,44,43,47,45,26,41,45,28,42,37,35,36,44,53,53,48,41,48,39,42,53,45,33,47,39,35,37,37,44,44,43,49,13,11,12,11,6,8,Primera C
E. Moschen,Sacachispas F.C,Argentina,13,"CB, RB",Left,180,26,53,,48,33,40,45,56,55,39,33,56,46,25,41,34,29,45,51,45,50,41,54,38,42,58,51,57,29,55,57,23,31,34,50,54,56,58,12,14,9,12,8,12,Primera C
G. Rocaniere,Sacachispas F.C,Argentina,2,CB,Right,182,38,55,,44,35,47,43,57,56,42,29,58,56,30,38,41,38,46,46,46,43,43,53,50,50,57,49,59,33,55,60,30,39,41,54,54,59,56,13,11,15,6,13,6,Primera C
U. Sosa,Sacachispas F.C,Argentina,24,CB,Right,181,22,47,,45,27,37,36,49,52,34,24,47,42,17,30,23,25,41,39,42,48,37,44,35,44,46,46,55,20,52,50,23,33,30,45,50,47,51,11,6,15,14,6,7,Primera C
L. Zaragoza,Sacachispas F.C,Argentina,43,CB,Right,185,34,47,,41,27,35,36,50,49,38,22,47,42,21,31,25,25,35,36,44,39,38,55,37,40,52,42,52,25,51,55,25,25,27,50,49,51,48,13,7,12,9,11,10,Primera C
E. Abregú,Sacachispas F.C,Argentina,15,"CM, CAM",Right,171,25,50,,45,46,50,53,45,47,47,43,39,51,41,53,47,45,54,55,47,44,53,45,51,51,40,55,45,49,44,49,45,48,45,54,44,47,38,15,6,12,10,10,8,Primera C
S. Arrieta,Sacachispas F.C,Argentina,45,"CM, CDM",Right,167,19,46,,47,42,47,45,38,42,45,40,39,50,33,41,48,42,46,50,46,47,48,41,45,47,36,48,42,42,38,37,47,44,38,43,39,37,36,12,9,11,15,9,13,Primera C
E. Barreiro,Sacachispas F.C,Argentina,22,"CDM, CM",Right,175,23,50,,46,41,46,49,48,49,37,40,44,52,32,49,40,37,50,49,45,46,44,51,50,46,48,49,50,42,49,52,47,47,35,49,44,52,46,7,11,12,12,12,9,Primera C
I. Branda,Sacachispas F.C,Argentina,36,LM,Left,176,32,49,,51,42,50,50,29,42,50,40,36,52,42,49,50,43,47,51,51,51,53,45,53,42,37,48,41,44,36,25,43,50,44,49,30,28,29,15,14,9,14,13,10,Primera C
H. Canteros,Sacachispas F.C,Argentina,10,CAM,Right,167,37,52,,46,52,53,56,27,43,51,52,35,54,46,58,51,52,51,55,46,46,58,50,56,53,38,49,41,52,44,25,58,56,49,57,27,28,19,15,13,8,11,12,14,Primera C
L. Cipresso,Sacachispas F.C,Argentina,32,"CM, CDM",Right,180,23,51,,49,43,50,50,41,47,44,42,40,52,40,50,50,43,55,51,52,46,50,56,47,44,43,54,45,45,45,47,48,51,46,46,41,39,36,9,13,6,6,10,11,Primera C
M. Comignaghi,Sacachispas F.C,Argentina,31,"LM, LW",Left,174,25,52,,55,46,54,54,32,46,55,43,37,55,42,54,50,49,51,54,53,57,55,50,56,51,42,59,40,49,45,35,51,54,45,46,30,31,30,15,11,11,14,12,7,Primera C
N. Cuestas,Sacachispas F.C,Argentina,44,CM,Right,177,21,47,,47,40,47,50,40,43,43,37,39,51,34,49,45,39,49,53,46,47,47,47,47,45,44,42,44,43,41,40,44,44,40,48,42,41,36,14,12,13,6,10,13,Primera C
L. Díaz,Sacachispas F.C,Argentina,14,CM,Right,179,30,52,,52,49,53,52,44,50,43,47,45,56,37,51,50,48,51,51,53,51,55,55,51,51,46,54,49,54,49,48,50,59,44,53,43,44,36,15,9,9,13,11,14,Primera C
F. Durso,Sacachispas F.C,Argentina,25,CDM,Right,174,26,50,,44,42,47,48,51,51,45,38,50,50,31,46,41,46,48,50,45,44,46,52,44,48,46,53,49,47,53,54,42,44,35,51,51,51,48,13,12,8,10,15,14,Primera C
L. Fariza,Sacachispas F.C,Argentina,40,LM,Left,169,20,48,,56,43,49,50,28,42,49,41,36,54,40,52,48,41,43,49,55,56,55,46,53,48,35,49,40,43,40,26,44,45,43,35,25,30,23,15,6,11,15,15,13,Primera C
S. Gallardo,Sacachispas F.C,Argentina,5,"CM, CAM",Right,180,29,52,,50,46,52,53,44,52,47,43,48,54,41,55,48,47,55,52,56,45,49,47,56,53,41,57,51,47,49,45,47,54,49,51,45,42,45,15,10,7,12,14,7,Primera C
F. Lavalle,Sacachispas F.C,Argentina,34,RM,Left,172,35,50,,53,45,49,50,32,45,52,43,39,51,39,49,49,44,45,49,52,54,55,50,54,48,39,53,44,45,40,29,53,48,46,46,32,32,30,7,9,10,13,9,7,Primera C
T. Magnano,Sacachispas F.C,Argentina,18,"CM, CDM",Right,173,26,55,,50,49,55,55,48,54,46,43,44,60,43,54,55,49,56,56,51,50,58,53,52,58,45,57,55,55,51,50,51,57,48,55,47,48,47,9,12,11,9,10,9,Primera C
V. Mancuso,Sacachispas F.C,Argentina,41,CDM,Right,180,22,48,,45,40,44,45,51,53,38,36,51,51,36,43,34,38,48,46,43,46,45,49,41,50,49,53,54,43,52,51,38,40,38,51,48,52,53,15,6,13,11,12,15,Primera C
D. Molina Fariña,Sacachispas F.C,Argentina,9,RM,Right,161,33,53,,56,47,52,55,36,46,57,45,42,51,45,59,48,48,47,52,53,58,55,52,55,52,53,52,43,45,42,37,50,52,50,49,34,36,30,8,13,15,11,9,14,Primera C
A. Monje,Sacachispas F.C,Argentina,8,"CM, CAM",Right,179,25,57,,52,52,56,58,48,53,50,51,46,62,46,55,58,49,55,60,55,50,57,57,62,57,46,52,53,53,57,48,52,56,52,62,50,48,49,15,10,7,7,10,12,Primera C
N. Navarro,Sacachispas F.C,Argentina,26,RM,Right,173,33,52,,53,47,53,56,33,46,52,46,38,56,45,58,56,49,53,55,54,53,54,49,52,48,41,53,44,46,43,32,48,49,49,54,32,35,31,8,6,7,8,14,13,Primera C
J. Cruz Oltmann,Sacachispas F.C,Argentina,29,CM,Right,172,25,49,,48,44,51,49,42,47,48,42,39,52,38,48,47,41,50,50,46,50,46,51,49,47,39,51,47,45,44,43,43,58,47,53,44,39,45,15,7,15,7,11,15,Primera C
R. Priori,Sacachispas F.C,Argentina,7,RM,Right,175,30,60,,65,55,60,60,41,52,63,57,45,62,50,61,56,52,58,59,66,64,64,58,67,53,49,62,47,55,52,45,56,58,57,52,42,36,41,11,12,9,6,13,10,Primera C
L. Ríos,Sacachispas F.C,Argentina,11,LM,Left,177,23,59,,67,55,56,63,38,52,62,56,48,52,48,66,60,52,57,63,65,68,60,58,65,53,44,61,49,58,50,39,57,57,54,57,36,37,37,7,8,13,9,6,14,Primera C
F. Toldo,Sacachispas F.C,Argentina,33,CM,Right,168,23,51,,53,46,51,50,43,48,45,43,39,54,41,49,51,44,54,52,57,50,49,46,44,52,37,53,46,46,48,45,51,51,44,55,42,45,42,7,15,10,11,6,8,Primera C
L. Torres,Sacachispas F.C,Argentina,16,CM,Right,186,30,56,,55,50,56,56,51,54,55,48,47,56,43,52,52,46,62,59,53,57,59,58,58,51,47,62,53,54,48,53,49,56,48,52,51,54,42,6,14,13,14,15,13,Primera C
B. Brange,Sacachispas F.C,Argentina,46,RW,Right,172,19,46,,57,45,44,48,15,36,47,45,30,45,39,48,43,41,37,50,56,58,49,38,49,45,40,43,34,45,33,15,46,44,45,40,13,13,10,13,11,15,8,6,12,Primera C
G. Cardozo,Sacachispas F.C,Argentina,23,"LW, ST",Right,170,21,50,,57,50,49,52,18,40,50,53,37,52,51,53,52,40,37,51,56,57,55,41,55,46,43,46,37,46,37,18,53,51,45,45,18,15,11,13,13,15,9,8,10,Primera C
S. Ciotta,Sacachispas F.C,Argentina,37,"ST, RW",Right,170,22,49,,50,49,42,47,17,46,38,49,55,49,49,47,42,41,33,50,51,50,41,43,37,51,50,44,49,46,38,10,52,42,50,47,19,10,10,11,8,11,13,6,15,Primera C
E. Gallardo,Sacachispas F.C,Argentina,17,"RW, ST",Right,173,24,56,,66,53,52,58,26,49,52,53,44,51,55,59,61,50,49,54,65,66,64,54,67,53,51,55,49,52,41,29,55,53,48,52,22,24,22,6,11,14,11,15,8,Primera C
S. Martínez,Sacachispas F.C,Argentina,28,"LW, LM",Left,173,21,50,,60,48,48,52,20,41,47,50,38,50,51,53,48,43,41,51,59,60,53,54,56,46,39,49,41,47,33,23,49,52,48,49,16,17,12,12,11,7,8,6,6,Primera C
M. Quinteros,Sacachispas F.C,Argentina,20,RW,Left,174,37,50,,53,46,49,55,19,42,47,46,36,50,46,54,54,47,38,54,54,53,61,53,56,48,41,51,40,43,35,21,50,56,48,52,17,14,15,9,11,9,10,7,10,Primera C
S. Romero,Sacachispas F.C,Argentina,48,ST,Right,185,19,45,,50,46,36,42,16,43,37,51,46,39,42,43,35,36,26,42,49,50,40,49,40,38,43,46,42,44,40,14,50,35,44,40,14,10,10,6,7,9,13,11,10,Primera C
G. Vivanco,Sacachispas F.C,Argentina,19,"RW, RM",Left,170,37,50,,53,49,49,55,17,41,50,50,36,51,51,56,47,45,43,54,52,53,57,60,52,49,42,48,38,46,38,13,53,50,46,54,18,13,11,10,6,11,15,13,6,Primera C
L. Barrionuevo,Sportivo Barracas,Argentina,12,GK,Left,188,25,52,,32,15,23,20,12,37,11,10,14,28,10,13,10,14,26,19,31,33,28,47,30,34,45,29,45,10,26,17,10,28,14,29,10,10,10,53,52,46,51,58,29,Primera C
I. Díaz Peyrous,Sportivo Barracas,Argentina,1,GK,Left,179,32,55,,26,14,24,23,12,38,10,10,15,27,10,15,13,10,31,23,26,26,30,49,32,28,44,35,42,10,29,16,10,32,20,37,12,10,11,59,56,50,55,51,36,Primera C
B. Nocefore,Sportivo Barracas,Argentina,30,GK,Right,194,22,50,,23,15,20,18,11,30,10,10,10,25,10,10,10,10,19,19,21,24,23,51,36,34,40,23,36,10,23,16,10,26,10,22,10,10,10,48,52,44,46,56,28,Primera C
F. Córdoba,Sportivo Barracas,Argentina,2,CB,Right,184,25,59,,54,39,49,47,64,62,43,34,62,62,36,45,39,39,55,47,50,57,46,56,50,55,67,53,67,35,62,63,34,33,43,56,66,64,63,6,12,13,13,14,8,Primera C
B. Costilla,Sportivo Barracas,Argentina,26,"RB, LB",Left,182,24,51,,54,37,50,49,51,49,54,36,48,54,37,48,37,42,49,46,53,54,59,49,55,48,48,54,47,31,46,49,35,46,35,49,51,54,46,7,7,8,12,7,15,Primera C
F. Morán,Sportivo Barracas,Argentina,21,CB,Right,182,27,51,,44,31,40,39,54,52,33,25,50,49,27,34,30,29,46,40,45,44,40,51,48,45,54,43,56,33,54,52,25,30,33,44,55,58,51,15,8,8,11,6,12,Primera C
I. Portillo,Sportivo Barracas,Argentina,4,"RB, LB",Right,169,31,56,,59,38,50,49,54,51,61,31,54,52,41,46,45,38,51,48,58,60,53,52,62,52,56,54,47,39,55,58,42,41,37,55,49,56,59,12,14,7,11,12,15,Primera C
T. Rodríguez,Sportivo Barracas,Argentina,25,CB,Right,179,22,51,,47,32,38,38,55,54,32,27,60,44,23,36,32,32,43,37,44,50,40,52,41,48,58,46,59,32,52,51,27,31,33,45,52,57,58,8,13,10,10,9,13,Primera C
J. Rosas Quintero,Sportivo Barracas,Argentina,3,LB,Left,175,33,56,,59,42,51,55,53,55,57,41,44,53,38,54,51,43,50,54,57,60,59,65,57,47,50,57,57,42,50,54,42,43,42,56,52,55,54,6,10,10,13,6,10,Primera C
A. Titunik,Sportivo Barracas,Argentina,24,CB,Right,182,26,50,,43,31,38,37,56,52,33,26,57,47,25,32,32,30,44,38,43,43,42,49,38,50,57,40,58,27,52,57,20,25,27,44,58,54,55,8,14,10,7,8,12,Primera C
N. Boynarian,Sportivo Barracas,Argentina,27,"CM, CAM",Right,171,21,48,,49,44,48,49,39,45,48,42,32,49,38,48,47,42,53,51,52,47,45,49,48,47,36,53,44,45,42,42,50,45,44,47,42,38,38,13,10,10,11,8,15,Primera C
T. Di Criscenzo,Sportivo Barracas,Argentina,23,LM,Left,171,23,53,,58,48,51,54,33,50,49,48,39,54,45,58,55,52,48,50,59,57,60,50,51,45,42,58,49,48,42,36,53,50,48,48,31,31,36,8,9,13,15,8,14,Primera C
N. Durruty,Sportivo Barracas,Argentina,10,CAM,Left,172,24,55,,57,56,55,58,26,44,51,59,38,57,52,58,53,57,56,59,64,51,57,58,57,58,42,48,43,49,44,27,59,54,55,58,24,21,28,11,8,9,11,10,9,Primera C
F. Estevez,Sportivo Barracas,Argentina,16,"CM, CAM",Left,183,22,48,,44,43,49,48,38,46,47,44,38,51,40,49,45,41,52,46,45,43,44,47,49,41,41,48,46,44,46,34,47,47,45,52,42,39,36,7,13,10,15,8,10,Primera C
L. Flores,Sportivo Barracas,Argentina,22,CDM,Right,174,21,47,,38,38,44,43,48,52,36,34,44,48,35,40,42,38,45,46,41,35,41,48,42,46,47,56,51,40,51,51,44,44,32,47,49,47,44,15,14,7,9,14,13,Primera C
F. Gile,Sportivo Barracas,Argentina,32,CM,Right,168,32,48,,42,44,46,46,39,46,43,41,38,45,41,43,46,42,47,48,48,37,49,51,46,48,38,47,45,50,48,35,43,53,35,51,40,42,39,9,6,14,15,10,8,Primera C
S. Gómez,Sportivo Barracas,Argentina,8,CM,Right,183,26,57,,54,53,56,58,48,55,61,51,49,55,53,60,58,51,60,57,56,52,57,49,55,57,47,61,53,55,54,51,49,52,47,56,44,51,47,12,15,7,14,6,13,Primera C
J. Lazarte,Sportivo Barracas,Argentina,33,"RM, RW",Right,172,22,48,,49,46,45,51,26,45,48,47,31,44,40,54,45,43,43,48,50,48,56,54,47,45,36,54,45,49,36,23,42,47,42,42,23,28,28,10,15,13,15,7,9,Primera C
T. Mas,Sportivo Barracas,Argentina,35,CAM,Right,174,21,47,,48,49,50,53,20,36,42,48,33,54,45,52,49,51,47,57,49,47,53,43,49,46,36,43,34,54,32,14,50,52,45,53,13,26,17,6,7,15,9,14,8,Primera C
E. Pontoriero,Sportivo Barracas,Argentina,37,CDM,Right,172,21,46,,40,35,45,42,46,49,40,29,43,54,28,39,33,38,45,42,41,39,43,42,41,45,46,51,50,38,46,50,37,39,34,55,46,47,42,11,10,12,6,15,14,Primera C
E. Rodrigues,Sportivo Barracas,Argentina,39,CAM,Right,172,21,41,,43,41,41,46,16,32,35,36,26,45,38,47,51,38,35,46,46,41,43,39,49,40,27,35,31,51,30,16,48,42,43,47,13,17,10,6,8,14,14,10,15,Primera C
T. Romano,Sportivo Barracas,Argentina,20,"CM, CDM",Right,168,21,47,,41,41,47,48,38,46,51,39,32,48,40,50,36,38,45,44,43,39,48,49,49,46,36,48,48,40,43,40,44,46,46,48,37,41,36,13,7,8,9,10,15,Primera C
M. Romay,Sportivo Barracas,Argentina,5,CDM,Left,182,33,58,,51,46,54,55,60,63,44,38,54,61,46,54,44,50,54,54,50,51,54,62,56,58,56,69,63,50,57,59,52,55,44,62,59,66,58,14,11,11,9,10,10,Primera C
R. Sequeira,Sportivo Barracas,Argentina,14,"RM, LM",Right,181,26,51,,60,49,49,52,33,46,53,49,35,48,42,53,49,41,51,51,63,58,52,49,56,51,35,57,42,50,45,34,40,46,51,48,35,33,26,9,14,13,7,7,7,Primera C
E. Soria,Sportivo Barracas,Argentina,34,"CM, CDM",Right,180,22,48,,49,44,49,52,38,44,44,41,38,48,39,52,43,40,55,52,47,50,52,49,54,48,41,51,42,48,42,41,48,53,42,48,39,37,33,14,9,12,14,15,6,Primera C
N. Vidal,Sportivo Barracas,Argentina,17,"RM, RW",Right,173,23,55,,62,47,58,55,37,51,59,47,41,62,45,56,51,49,56,53,64,60,59,57,53,50,45,57,50,46,48,35,49,56,46,48,41,35,33,8,13,8,12,13,12,Primera C
T. Bellido,Sportivo Barracas,Argentina,28,LW,Right,173,25,56,,63,55,52,59,22,49,57,57,41,52,49,62,54,46,46,56,63,63,65,56,55,55,48,60,45,49,44,24,66,53,50,59,19,18,17,13,10,13,15,8,9,Primera C
A. Boschi,Sportivo Barracas,Argentina,6,"RW, ST",Right,169,23,49,,54,46,46,51,17,41,48,46,32,46,44,55,50,46,41,49,54,54,51,50,52,52,42,51,39,42,32,16,54,46,41,42,15,14,18,7,9,12,12,15,7,Primera C
T. Dini,Sportivo Barracas,Argentina,36,"LW, ST",Left,171,23,47,,52,44,43,51,18,39,46,44,33,43,40,52,45,40,35,53,50,53,49,44,51,46,39,48,38,45,32,22,50,46,38,37,21,11,11,8,7,14,7,6,12,Primera C
N. Jorquera,Sportivo Barracas,Argentina,13,ST,Right,181,21,48,,49,49,38,49,16,49,36,52,46,41,45,44,39,39,33,56,48,50,49,43,49,49,48,47,52,45,45,11,51,38,48,53,16,10,10,8,10,13,7,15,8,Primera C
L. López,Sportivo Barracas,Argentina,38,ST,Right,174,20,46,,45,45,36,43,14,45,30,48,48,39,43,45,38,36,33,41,46,44,41,43,47,44,45,44,46,40,43,10,47,36,46,40,10,10,10,15,12,12,12,7,8,Primera C
L. Ortega,Sportivo Barracas,Argentina,9,"ST, CAM",Right,180,23,55,,57,55,45,54,18,53,45,53,58,45,54,54,51,40,41,56,50,62,50,54,49,61,57,47,60,53,40,17,59,47,54,58,12,12,15,8,12,8,15,11,9,Primera C
E. Ortiz,Sportivo Barracas,Argentina,18,"LW, ST",Right,172,26,53,,56,51,48,57,22,46,53,52,34,45,50,60,49,48,46,55,59,53,60,49,56,56,43,52,45,44,43,25,55,49,50,53,23,17,15,12,9,15,12,8,11,Primera C
D. Perea,Sportivo Barracas,Argentina,31,"ST, RW",Right,179,23,52,,54,53,43,53,20,56,41,56,52,49,55,54,40,39,36,54,56,53,47,51,51,53,54,56,60,48,47,16,54,41,51,54,19,15,11,11,15,11,12,14,6,Primera C
T. Perrota,Sportivo Barracas,Argentina,15,RW,Left,177,21,48,,56,48,44,49,18,40,43,46,35,50,45,49,48,39,34,48,57,56,58,51,51,54,36,44,41,47,31,16,49,42,46,40,18,17,10,13,11,12,14,10,9,Primera C
J. Rodríguez,Sportivo Barracas,Argentina,7,"RW, RM",Left,173,29,59,,67,58,57,61,29,51,57,60,44,60,56,60,62,52,50,59,70,64,71,58,67,53,51,68,43,56,50,29,63,59,55,57,31,26,21,6,12,6,8,10,8,Primera C
I. Santa Cruz,Sportivo Barracas,Argentina,29,ST,Right,179,25,52,,49,55,40,51,20,49,43,56,59,42,55,46,40,40,27,56,52,46,49,55,46,59,51,47,50,48,48,17,57,41,51,53,18,15,11,11,14,6,12,8,6,Primera C
S. Sosa,Sportivo Barracas,Argentina,11,LW,Left,169,28,59,,66,57,55,63,30,52,57,59,42,52,54,63,53,51,50,65,64,67,64,62,65,56,46,64,50,55,45,28,62,63,53,53,30,30,23,7,7,12,13,8,11,Primera C
I. Zanzi,Sportivo Barracas,Argentina,19,"ST, CAM",Right,172,24,52,,58,54,41,49,18,52,37,58,53,43,55,48,47,49,36,49,54,61,54,54,44,50,50,46,59,48,45,16,56,43,51,54,13,14,10,7,13,7,8,13,12,Primera C
N. Baus,Victoriano Arenas,Argentina,12,GK,Right,181,20,49,,24,14,18,17,11,33,10,10,10,21,10,10,10,10,24,17,25,24,25,46,27,30,41,22,41,10,23,17,10,22,10,20,10,10,10,54,52,47,50,55,29,Primera C
S. Benvenutti,Victoriano Arenas,Argentina,30,GK,Right,188,30,51,,26,15,20,20,12,35,10,10,10,23,10,10,10,10,26,22,29,23,30,47,32,34,39,29,40,10,29,19,10,25,16,28,10,10,10,52,54,44,49,56,29,Primera C
J. García,Victoriano Arenas,Argentina,1,GK,Right,184,26,60,,35,18,28,25,20,45,15,10,22,34,15,11,19,15,34,31,39,32,30,54,38,44,45,35,54,13,35,30,10,34,21,39,15,21,15,64,59,53,60,64,37,Primera C
R. Soria,Victoriano Arenas,Argentina,33,GK,Right,180,23,50,,28,15,20,19,12,34,10,10,10,27,10,10,10,10,20,20,29,28,29,49,29,32,33,23,43,10,23,18,10,24,13,31,13,10,10,46,51,46,49,51,27,Primera C
L. Borras,Victoriano Arenas,Argentina,28,"RB, RM",Right,177,30,51,,55,38,45,48,48,50,49,34,45,48,34,46,42,31,46,47,56,54,55,53,55,44,51,53,46,42,55,48,41,37,29,51,50,45,51,15,11,15,11,11,13,Primera C
S. De Luca,Victoriano Arenas,Argentina,13,CB,Right,185,36,52,,45,32,39,41,56,55,34,26,53,46,30,35,28,32,45,44,45,45,42,55,47,45,64,49,58,33,55,58,29,34,31,55,50,63,56,12,7,9,12,6,12,Primera C
M. Gómez,Victoriano Arenas,Argentina,3,LB,Right,181,31,57,,63,44,52,58,53,61,53,42,54,56,36,55,54,41,52,60,64,63,57,61,60,53,57,63,61,42,58,50,44,48,43,57,53,53,62,12,14,8,6,7,12,Primera C
J. Grane Morrone,Victoriano Arenas,Argentina,14,RB,Right,172,23,50,,52,35,45,48,50,47,49,30,45,46,30,50,43,38,48,44,51,52,47,50,51,47,46,54,42,38,52,51,37,41,29,49,50,50,49,12,14,14,9,14,10,Primera C
E. Gutiérrez,Victoriano Arenas,Argentina,35,RB,Right,179,21,48,,51,33,46,45,46,46,53,29,39,53,25,47,36,30,43,39,47,54,49,48,54,45,46,54,43,33,45,47,31,38,37,52,45,47,53,15,10,6,6,14,13,Primera C
M. Rodríguez,Victoriano Arenas,Argentina,4,"RB, RM",Right,181,26,58,,63,44,52,56,56,56,54,38,50,53,38,55,50,47,52,57,62,63,60,56,59,52,60,60,54,49,56,56,47,52,43,53,55,58,57,14,14,12,10,15,7,Primera C
A. Salmantón,Victoriano Arenas,Argentina,6,"CB, CDM",Right,176,23,53,,48,31,42,42,57,54,42,24,57,48,31,36,31,35,43,46,45,50,43,53,45,45,58,48,57,33,53,56,27,37,30,52,58,59,49,12,6,7,10,10,6,Primera C
L. Vargas,Victoriano Arenas,Argentina,2,"CB, CDM",Right,185,32,54,,44,34,44,41,58,56,45,30,54,52,29,39,34,30,39,42,40,48,39,53,42,49,59,52,57,31,57,57,24,37,38,48,59,60,55,8,10,12,10,13,6,Primera C
L. Duarte,Victoriano Arenas,Argentina,10,"CAM, CM",Right,176,26,59,,59,58,61,62,31,50,59,55,44,63,54,62,64,55,60,62,63,55,64,54,62,62,49,54,50,60,45,31,60,63,54,62,34,25,27,15,12,14,7,14,14,Primera C
S. Fernandez,Victoriano Arenas,Argentina,15,RM,Right,174,22,51,,58,45,50,51,31,48,51,43,40,54,44,48,49,42,49,52,57,59,57,51,54,51,39,56,46,43,44,30,47,46,49,45,31,29,31,7,14,8,12,12,11,Primera C
I. González,Victoriano Arenas,Argentina,5,CDM,Left,175,23,54,,51,44,48,49,56,59,44,41,53,47,43,49,49,38,52,49,51,51,48,50,51,50,46,60,60,45,58,60,43,55,42,49,51,58,55,13,11,10,6,8,15,Primera C
J. Cruz López,Victoriano Arenas,Argentina,21,CAM,Right,166,21,52,,53,51,53,54,24,44,50,49,38,56,50,53,56,53,48,52,57,49,61,51,52,54,40,51,42,52,40,25,54,56,51,57,23,22,16,12,11,15,7,13,13,Primera C
N. Mamberti,Victoriano Arenas,Argentina,26,CDM,Left,182,36,47,,34,38,45,44,51,48,40,34,42,48,31,43,40,39,44,43,35,34,43,56,44,49,45,48,46,39,52,54,42,47,38,49,51,52,50,14,14,7,13,10,13,Primera C
T. Mercado Rusch,Victoriano Arenas,Argentina,11,LM,Left,165,25,58,,62,51,58,59,40,57,59,47,49,62,52,56,56,54,56,62,59,64,63,57,59,52,41,66,55,55,54,47,61,55,49,54,40,35,37,12,13,10,12,6,9,Primera C
F. Monserrat,Victoriano Arenas,Argentina,20,"CAM, ST",Right,173,34,56,,58,54,56,59,30,46,54,51,45,56,58,61,59,51,56,58,63,54,57,56,58,58,49,56,41,56,44,34,55,56,49,58,29,23,29,15,14,10,8,10,6,Primera C
I. Patiño,Victoriano Arenas,Argentina,36,CAM,Right,167,22,47,,50,50,49,50,18,36,43,55,34,47,44,50,51,52,49,50,51,49,53,46,52,51,33,46,32,44,34,27,42,55,48,54,10,14,18,11,7,12,6,14,11,Primera C
L. Pérez,Victoriano Arenas,Argentina,22,CAM,Right,171,25,52,,52,51,55,55,24,44,55,51,36,54,47,57,53,50,50,55,54,51,54,53,53,49,42,46,47,57,37,26,52,60,46,49,23,21,19,9,14,9,12,8,12,Primera C
R. Pizzuti,Victoriano Arenas,Argentina,18,"CM, CDM",Right,181,22,47,,47,44,47,50,40,44,44,43,37,50,35,52,45,37,48,50,44,50,46,45,44,45,41,43,45,48,41,45,51,48,44,47,41,39,37,10,8,13,14,9,15,Primera C
R. Richards,Victoriano Arenas,Argentina,37,CAM,Left,163,20,46,,47,45,48,49,18,38,47,44,31,52,41,50,47,43,43,51,51,44,44,48,45,44,31,45,32,49,44,20,47,47,42,42,17,15,14,13,14,9,6,15,10,Primera C
R. Rivarola,Victoriano Arenas,Argentina,7,RM,Right,168,26,54,,63,50,54,56,35,46,59,49,37,54,50,54,51,47,52,58,61,65,57,54,59,46,47,58,41,53,41,38,58,51,47,50,33,36,29,13,8,15,12,9,9,Primera C
M. Sánchez,Victoriano Arenas,Argentina,27,"CDM, CM",Right,182,21,44,,42,34,41,40,46,44,39,31,39,44,24,40,31,35,45,39,48,37,38,47,43,42,45,47,41,37,46,43,33,40,32,47,48,51,41,14,7,14,6,6,7,Primera C
E. Saporito,Victoriano Arenas,Argentina,16,"CM, CDM",Right,186,29,55,,51,47,55,58,45,53,45,44,42,58,42,60,57,48,56,55,56,47,56,57,60,53,53,56,51,50,53,45,49,58,50,57,49,45,38,10,13,8,10,12,9,Primera C
L. Sireiro,Victoriano Arenas,Argentina,34,"CAM, ST",Left,162,23,49,,50,47,51,53,24,39,49,44,34,55,42,51,43,49,47,55,48,52,56,54,51,51,37,46,36,52,36,28,48,51,46,47,26,21,10,7,12,14,8,15,12,Primera C
M. Sosa,Victoriano Arenas,Argentina,8,CM,Right,177,31,60,,58,57,60,62,51,60,52,55,52,66,51,63,59,50,58,59,55,61,65,58,63,58,50,67,58,64,60,51,54,62,57,64,50,50,54,11,14,11,14,11,15,Primera C
R. Taus,Victoriano Arenas,Argentina,32,"CDM, CM",Left,177,26,51,,46,42,48,48,54,53,43,38,45,54,31,44,45,49,50,54,47,46,46,46,48,50,48,54,53,45,51,56,42,43,46,49,59,53,49,15,12,8,12,9,15,Primera C
A. Tisocco,Victoriano Arenas,Argentina,24,RM,Right,184,22,48,,54,42,47,52,26,44,52,39,32,46,37,53,52,41,42,51,53,55,55,48,49,48,37,52,40,43,48,31,47,48,45,44,26,23,24,10,6,13,9,9,11,Primera C
S. Benega,Victoriano Arenas,Argentina,17,RW,Right,169,27,51,,62,48,49,54,20,40,51,52,38,49,40,55,48,42,45,55,60,63,52,51,56,50,42,52,34,40,41,26,56,52,41,49,13,17,17,9,10,8,13,6,9,Primera C
U. Parejas,Victoriano Arenas,Argentina,19,ST,Right,179,22,54,,55,56,47,52,20,54,47,58,58,53,53,48,46,41,41,57,54,55,50,56,47,55,59,51,57,51,48,15,59,44,56,58,20,13,15,8,8,7,14,9,7,Primera C
F. Rodríguez,Victoriano Arenas,Argentina,29,"ST, CAM",Right,182,19,47,,50,47,37,48,17,46,35,47,48,39,48,44,38,36,33,53,52,48,47,43,47,50,49,42,51,44,40,16,56,39,39,46,16,10,10,15,14,6,13,13,8,Primera C
A. Rolando,Victoriano Arenas,Argentina,25,RW,Right,172,25,51,,61,49,49,54,19,42,51,51,41,51,50,58,50,45,45,52,61,61,53,51,56,47,40,55,39,47,34,22,53,48,50,42,20,12,10,6,15,9,6,14,15,Primera C
A. Serrizuela,Victoriano Arenas,Argentina,31,ST,Right,172,24,51,,54,52,42,50,18,52,40,55,51,44,50,44,48,38,35,57,53,55,51,55,46,54,54,47,58,44,41,19,55,44,48,55,15,10,12,14,10,9,12,14,7,Primera C
S. Soria,Victoriano Arenas,Argentina,9,"ST, RW",Right,180,23,54,,55,56,46,54,22,54,47,57,49,52,58,51,46,45,37,57,57,53,49,57,52,62,55,52,58,45,48,20,61,41,53,57,18,20,20,11,15,7,14,6,14,Primera C
L. Zacarías,Victoriano Arenas,Argentina,23,"LW, LM",Left,175,30,52,,56,50,51,56,22,43,52,49,38,53,47,59,55,49,43,55,58,55,55,50,54,53,44,57,39,47,35,22,61,54,47,45,21,19,16,7,13,8,14,10,8,Primera C
N. Castro López,Yupanqui,Argentina,1,GK,Right,188,23,57,,33,17,26,27,15,38,10,10,19,35,10,16,13,12,29,33,31,35,30,58,36,40,46,26,47,15,29,21,10,30,16,34,15,10,11,60,56,53,55,57,35,Primera C
R. Galimidi,Yupanqui,Argentina,25,GK,Right,190,21,46,,18,13,16,17,11,28,10,10,10,18,10,10,10,10,17,20,19,18,19,45,25,27,32,20,36,10,19,17,10,21,10,21,10,10,10,47,43,42,46,44,25,Primera C
V. Rodríguez,Yupanqui,Argentina,30,GK,Right,183,20,46,,20,13,19,17,10,28,10,10,10,23,10,10,10,10,17,18,17,23,26,35,24,25,32,24,33,10,20,12,10,26,10,24,10,10,10,46,47,40,45,47,25,Primera C
L. Aguirre,Yupanqui,Argentina,26,"RB, LB",Right,168,26,51,,50,36,46,50,52,49,46,31,45,46,33,48,45,39,44,52,49,50,55,52,49,47,50,53,46,37,53,53,38,50,35,41,50,54,53,15,8,9,13,7,15,Primera C
M. Bale,Yupanqui,Argentina,3,"LB, RB",Left,173,26,59,,65,43,54,58,58,57,60,40,53,57,40,58,48,44,48,58,63,67,62,55,63,51,54,60,57,40,53,55,48,52,44,55,61,60,59,11,8,10,7,15,12,Primera C
T. Coria,Yupanqui,Argentina,34,RB,Right,175,21,45,,53,30,40,43,43,46,43,27,40,41,27,41,38,28,43,43,52,53,44,46,43,37,41,52,45,31,44,44,31,39,26,46,39,47,47,7,15,10,9,11,9,Primera C
J. Duhalde,Yupanqui,Argentina,15,"CB, RB",Right,180,23,48,,46,31,33,35,50,50,25,25,52,43,26,23,23,23,36,46,47,46,29,47,37,44,47,43,54,34,50,51,21,25,33,44,51,49,50,12,10,6,15,10,8,Primera C
R. Giménez,Yupanqui,Argentina,13,CB,Left,181,25,49,,43,28,37,36,54,52,34,21,50,45,20,32,26,28,40,37,42,43,35,45,41,50,49,51,54,27,50,48,20,31,27,45,58,56,52,8,10,7,6,10,14,Primera C
R. Gómez,Yupanqui,Argentina,14,"RB, RM",Left,181,26,51,,56,37,46,45,48,44,49,31,45,50,26,46,42,36,42,40,57,55,51,48,54,51,49,49,42,36,43,51,41,42,40,45,46,50,49,11,9,12,13,8,11,Primera C
L. Portillo,Yupanqui,Argentina,4,"RB, LB",Right,174,25,57,,64,41,51,54,54,54,54,39,50,53,37,51,51,38,54,56,63,64,59,51,62,47,50,63,49,39,57,54,44,44,42,54,56,51,60,10,13,15,14,15,6,Primera C
M. Roumieux,Yupanqui,Argentina,24,"CB, CDM",Right,186,26,50,,39,29,35,38,53,49,34,25,54,40,22,38,30,35,38,36,38,39,40,44,40,44,50,46,54,28,42,54,24,27,29,46,53,53,48,9,9,6,6,15,14,Primera C
A. Sánchez,Yupanqui,Argentina,2,"CB, RB",Right,180,29,58,,50,40,48,48,64,60,48,36,62,56,34,46,44,40,47,49,49,50,47,54,52,56,63,54,60,37,67,64,30,36,34,57,62,67,61,11,6,14,11,13,10,Primera C
P. Vouga,Yupanqui,Argentina,6,CB,Right,190,23,55,,54,37,39,45,57,59,37,34,60,42,33,42,31,35,46,47,53,55,41,53,45,47,55,53,62,38,58,60,31,33,35,49,52,59,54,10,6,6,6,9,14,Primera C
F. Alarcón,Yupanqui,Argentina,22,CAM,Left,169,23,45,,44,43,45,47,20,36,43,41,34,49,40,48,46,40,40,45,45,43,52,48,49,43,35,35,37,49,37,20,47,44,42,48,20,15,19,9,9,6,8,7,11,Primera C
M. Álvarez,Yupanqui,Argentina,27,CDM,Right,177,20,48,,45,38,46,42,46,52,36,36,40,52,27,41,38,40,53,45,44,46,38,43,39,45,42,52,52,42,52,46,36,42,34,49,47,48,46,12,14,10,9,9,9,Primera C
L. Carrizo,Yupanqui,Argentina,5,CM,Left,164,23,52,,53,51,53,53,45,49,54,52,41,53,39,54,48,51,51,52,51,54,51,52,56,53,47,55,48,49,46,49,47,53,51,50,44,45,44,10,6,14,7,14,6,Primera C
S. Colángelo,Yupanqui,Argentina,7,CM,Right,170,22,48,,44,42,48,48,41,43,47,37,37,50,37,46,39,41,50,50,43,44,50,46,49,44,43,48,41,52,41,43,47,46,46,47,41,41,39,8,12,8,14,9,14,Primera C
B. Galeano,Yupanqui,Argentina,20,CAM,Right,181,30,55,,56,52,57,58,29,46,51,52,38,60,55,59,54,52,54,57,59,53,61,54,64,50,47,52,44,52,42,30,61,60,50,55,30,27,21,15,14,10,6,10,9,Primera C
L. Gallo,Yupanqui,Argentina,21,CM,Left,179,21,46,,42,42,45,47,38,42,42,41,39,52,38,45,43,39,41,52,44,41,43,47,44,43,34,52,37,45,46,35,47,40,36,48,38,40,32,12,6,6,8,10,10,Primera C
A. González Portillo,Yupanqui,Argentina,37,CDM,Right,173,18,44,,45,35,39,41,45,47,35,29,35,42,32,38,36,34,45,46,41,49,33,45,45,42,46,42,49,41,49,48,34,35,35,45,47,45,39,9,11,14,14,15,12,Primera C
V. Jaime,Yupanqui,Argentina,32,"CDM, CB",Right,174,22,46,,36,38,45,43,49,45,40,36,46,48,32,42,40,33,45,45,35,36,40,45,43,42,48,48,41,41,50,48,36,47,38,47,45,54,47,10,9,11,10,9,7,Primera C
J. Cruz La Scaleia,Yupanqui,Argentina,18,"CM, CAM",Right,173,25,53,,49,45,54,55,48,51,46,40,48,55,40,57,53,51,61,55,56,44,54,51,50,49,44,57,50,52,47,46,50,56,45,50,44,52,47,15,9,12,15,10,8,Primera C
L. Maside,Yupanqui,Argentina,16,"CM, CDM",Left,178,22,55,,52,49,54,55,48,51,50,46,44,58,47,61,51,52,58,50,57,47,52,52,56,46,52,58,47,61,52,52,47,50,44,54,52,43,46,10,10,8,9,15,7,Primera C
A. Meloño,Yupanqui,Argentina,10,"CAM, ST",Right,169,27,56,,57,57,56,62,32,47,51,59,42,58,50,62,59,53,53,62,58,57,63,61,55,53,44,53,45,58,43,30,64,59,54,58,29,34,29,13,7,13,11,13,11,Primera C
J. Manuel Méndez,Yupanqui,Argentina,35,"CM, CDM",Right,177,22,45,,44,39,48,48,37,43,49,38,35,50,31,47,39,37,48,50,49,40,50,48,45,41,39,46,44,43,38,38,40,48,40,48,36,37,36,11,15,11,6,15,11,Primera C
I. Perussia,Yupanqui,Argentina,33,"CDM, CM",Right,186,21,46,,43,37,43,43,46,48,35,35,39,49,28,43,38,41,39,42,37,48,41,49,42,42,42,47,51,38,45,50,34,46,35,49,43,48,45,7,14,8,10,9,8,Primera C
J. Smith,Yupanqui,Argentina,8,CM,Right,177,36,57,,54,50,56,61,52,56,51,44,49,57,46,62,53,51,59,63,57,52,55,59,59,55,49,64,52,58,57,52,54,58,53,55,49,55,50,15,13,6,8,12,12,Primera C
A. Torres,Yupanqui,Argentina,11,LM,Left,171,23,52,,56,46,51,59,34,47,60,44,32,51,48,60,50,47,49,59,53,59,60,53,55,49,48,55,43,48,45,34,48,47,41,53,34,37,23,10,9,12,13,7,9,Primera C
J. Ignacio Varela,Yupanqui,Argentina,36,CDM,Right,178,22,45,,39,36,42,39,49,47,36,32,41,47,26,36,38,33,41,40,40,38,37,45,36,43,45,47,47,41,47,55,36,45,34,48,46,53,46,12,10,8,9,13,10,Primera C
L. Zárate,Yupanqui,Argentina,28,CDM,Right,168,28,48,,45,38,45,46,50,49,37,33,48,53,26,40,39,35,46,53,47,43,43,51,42,49,45,50,49,40,49,52,42,43,33,50,49,49,49,11,10,10,12,8,8,Primera C
S. Brotzman,Yupanqui,Argentina,17,RW,Right,168,26,50,,59,48,47,54,21,39,50,50,33,50,47,57,48,42,40,49,57,60,61,49,55,46,38,43,38,46,37,20,51,47,44,47,23,18,14,10,13,11,15,14,12,Primera C
M. Cáceres,Yupanqui,Argentina,9,ST,Left,182,21,56,,61,57,45,57,21,55,45,60,59,48,50,59,46,47,36,58,61,61,54,54,51,55,55,51,58,56,51,20,57,48,58,55,17,16,15,15,13,6,6,12,12,Primera C
S. Cenci,Yupanqui,Argentina,38,"ST, CAM",Right,181,22,44,,45,43,33,42,14,47,31,45,48,36,44,41,31,37,26,41,43,47,45,44,38,43,46,48,49,36,42,10,52,36,44,45,11,10,10,12,7,13,8,14,15,Primera C
M. Magallanes,Yupanqui,Argentina,19,ST,Right,177,22,52,,53,54,43,50,16,51,40,54,49,48,55,48,42,41,37,51,50,56,50,55,49,57,53,51,54,52,45,12,56,43,52,55,13,10,13,7,6,13,15,15,11,Primera C
N. Paz,Yupanqui,Argentina,23,"LW, LM",Left,175,26,52,,62,52,48,55,20,47,53,53,42,46,50,56,49,42,45,55,58,66,55,49,61,51,42,52,48,51,39,18,60,51,48,51,21,16,15,9,10,8,7,10,11,Primera C
J. Puppi,Yupanqui,Argentina,12,RW,Right,172,26,52,,57,52,51,56,21,47,56,55,41,53,49,58,50,47,44,54,60,55,59,49,57,54,44,55,46,47,38,23,54,50,48,55,21,17,13,9,11,7,13,9,9,Primera C
J. Rousseau,Yupanqui,Argentina,31,"ST, CAM",Right,181,29,53,,58,55,44,51,20,52,42,58,57,48,53,48,51,49,41,52,55,60,57,52,44,56,54,50,57,47,44,20,57,39,52,55,17,14,14,15,12,13,10,9,10,Primera C
S. Salomone,Yupanqui,Argentina,29,"ST, RW",Left,178,42,53,,46,54,45,52,21,55,39,56,55,53,53,50,47,39,36,54,42,49,50,52,53,56,56,48,60,48,53,19,55,43,53,58,16,18,11,11,7,8,12,10,9,Primera C
