short_name,club_name,nationality_name,club_jersey_number,player_positions,preferred_foot,height_cm,age,overall,seleccion,pace,shooting,passing,dribbling,defending,physic,attacking_crossing,attacking_finishing,attacking_heading_accuracy,attacking_short_passing,attacking_volleys,skill_dribbling,skill_curve,skill_fk_accuracy,skill_long_passing,skill_ball_control,movement_acceleration,movement_sprint_speed,movement_agility,movement_reactions,movement_balance,power_shot_power,power_jumping,power_stamina,power_strength,power_long_shots,mentality_aggression,mentality_interceptions,mentality_positioning,mentality_vision,mentality_penalties,mentality_composure,defending_marking_awareness,defending_standing_tackle,defending_sliding_tackle,goalkeeping_diving,goalkeeping_handling,goalkeeping_kicking,goalkeeping_positioning,goalkeeping_reflexes,goalkeeping_speed,league_name
N. Bardagi,Argentino de Merlo,Argentina,30,GK,Right,182,27,53,,29,15,23,21,12,37,10,10,10,31,10,10,10,10,25,22,30,28,34,47,33,32,39,30,43,11,29,20,10,28,13,38,10,10,10,58,53,47,54,58,33,Primera B
I. Cristalde,Argentino de Merlo,Argentina,32,GK,Right,183,20,51,,25,14,21,19,11,34,10,10,10,24,10,10,10,10,24,21,26,25,26,42,26,31,39,22,43,10,25,16,10,28,12,28,10,10,10,50,50,46,48,52,27,Primera B
G. Oviedo,Argentino de Merlo,Argentina,25,GK,Left,183,35,53,,24,14,22,21,13,37,10,10,10,26,10,10,10,10,25,25,27,22,28,52,28,30,40,29,46,12,23,25,10,32,10,31,10,10,10,52,52,46,49,51,27,Primera B
A. Tello,Argentino de Merlo,Argentina,1,GK,Right,191,26,60,,31,18,29,28,18,45,14,10,22,36,12,16,14,17,32,31,35,28,36,57,39,38,49,36,49,16,43,23,10,37,25,42,17,16,18,59,61,58,64,59,39,Primera B
N. Billena,Argentino de Merlo,Argentina,36,"CB, CDM",Left,181,20,49,,49,28,39,38,53,52,37,21,49,48,21,37,29,31,41,39,46,52,36,46,39,41,51,44,54,32,55,53,28,29,27,42,52,56,50,7,8,12,7,15,10,Primera B
F. Cacace,Argentino de Merlo,Argentina,14,RB,Right,174,25,54,,58,39,49,54,55,50,50,37,47,53,33,54,40,40,47,53,58,58,55,55,54,47,55,57,46,38,51,49,41,47,39,50,56,60,57,8,10,7,11,14,6,Primera B
E. Cohen,Argentino de Merlo,Argentina,24,CB,Right,184,33,57,,50,37,44,45,62,59,42,36,61,53,30,40,30,45,43,50,51,49,41,55,44,48,61,55,60,33,59,64,28,34,41,56,60,64,60,8,10,6,12,7,6,Primera B
F. López,Argentino de Merlo,Argentina,13,CB,Right,176,28,60,,57,42,47,50,63,65,45,35,63,52,38,47,41,41,53,54,54,59,44,56,49,61,62,59,66,40,73,63,33,39,40,57,60,67,59,7,6,11,12,9,14,Primera B
V. López,Argentino de Merlo,Argentina,6,"CB, CDM",Right,182,31,63,,57,45,51,49,68,68,51,41,66,58,35,44,43,43,53,51,56,57,55,60,49,63,65,64,70,41,67,71,38,42,43,60,71,64,71,9,6,9,7,12,7,Primera B
B. Maceri,Argentino de Merlo,Argentina,5,CB,Right,193,20,56,,53,35,46,45,57,60,38,28,59,55,30,40,37,33,52,50,55,51,45,50,47,52,57,53,64,33,62,58,30,37,40,49,58,54,61,7,8,8,6,9,7,Primera B
C. Marcial,Argentino de Merlo,Argentina,15,"CB, CDM",Left,179,30,55,,50,40,43,45,59,56,40,36,60,49,33,43,40,31,49,45,48,51,47,52,44,52,53,49,59,39,58,53,33,36,36,57,60,62,61,12,11,7,9,6,6,Primera B
L. Monge,Argentino de Merlo,Argentina,12,"CB, CDM",Right,189,34,56,,48,35,48,45,60,56,46,31,56,56,30,38,39,34,50,49,46,49,44,59,44,48,58,48,59,35,58,60,29,42,32,55,61,60,56,13,9,10,8,6,6,Primera B
U. Rosales,Argentino de Merlo,Argentina,33,"CB, CDM",Left,181,18,50,,45,29,40,40,53,52,44,25,50,44,21,39,32,26,49,44,44,46,30,40,39,46,48,47,55,26,54,53,22,27,33,47,55,55,46,6,10,10,12,7,8,Primera B
D. Saracho,Argentino de Merlo,Argentina,37,CB,Right,189,19,49,,44,30,38,38,53,52,33,24,55,48,24,36,27,25,41,41,42,46,34,38,41,46,52,45,56,30,52,46,28,27,32,42,56,53,52,15,7,15,13,6,14,Primera B
E. Tamborelli,Argentino de Merlo,Argentina,2,"CB, RB",Right,180,29,63,,60,46,52,53,66,68,45,44,66,60,35,48,50,47,58,57,58,62,52,57,61,60,72,59,72,39,67,63,41,43,44,61,63,69,73,8,7,14,15,13,7,Primera B
D. Ursino,Argentino de Merlo,Argentina,4,RB,Right,177,31,64,,67,51,60,59,62,58,67,48,57,60,46,54,55,51,62,61,70,65,68,63,69,59,60,64,56,54,56,62,51,57,47,56,64,60,65,10,11,6,15,13,13,Primera B
T. Candelaresi,Argentino de Merlo,Argentina,26,"LM, LW",Left,169,20,52,,60,46,51,56,33,46,48,45,38,56,47,57,51,48,50,57,62,58,53,48,54,47,44,55,44,49,40,36,43,49,45,47,32,32,29,8,13,11,12,11,9,Primera B
B. Costella,Argentino de Merlo,Argentina,20,CAM,Right,172,29,58,,56,59,61,64,31,48,56,59,44,63,53,66,59,58,56,66,58,55,60,59,61,58,48,54,48,59,42,34,57,66,64,56,31,26,27,14,6,11,7,11,9,Primera B
M. Gomez,Argentino de Merlo,Argentina,18,"CM, CAM",Right,171,21,53,,55,50,51,52,46,51,44,50,42,54,36,49,48,47,57,57,57,53,49,53,52,53,42,60,48,51,48,47,50,52,47,51,46,47,43,6,10,9,15,7,6,Primera B
C. Medina,Argentino de Merlo,Argentina,3,"LM, LW",Left,175,30,58,,63,55,54,59,38,54,57,54,50,52,56,60,59,52,51,59,66,61,62,57,55,56,50,63,53,56,46,42,56,54,54,56,34,36,33,8,13,11,15,6,9,Primera B
T. Paulovich,Argentino de Merlo,Argentina,31,LM,Left,171,22,52,,60,51,49,54,33,48,54,52,39,47,43,53,53,47,48,55,61,59,59,52,53,55,47,59,44,48,44,34,47,50,50,43,32,32,35,6,14,7,9,15,11,Primera B
L. Paz,Argentino de Merlo,Argentina,16,"CDM, CM",Left,177,20,56,,53,48,55,54,56,56,45,46,48,62,37,54,47,46,59,54,51,55,50,53,56,52,53,61,55,50,53,60,45,54,47,54,53,60,57,7,15,6,12,7,13,Primera B
J. Rodríguez Acosta,Argentino de Merlo,Argentina,22,CDM,Right,185,19,49,,47,39,47,50,50,53,41,35,52,53,27,49,40,38,50,54,46,48,46,49,43,46,48,46,57,46,51,51,42,46,37,46,47,53,48,12,6,11,11,14,14,Primera B
N. Rojas,Argentino de Merlo,Argentina,27,CAM,Left,172,22,56,,54,53,58,58,27,48,53,53,40,60,51,58,60,53,54,58,56,53,56,57,58,50,45,59,45,56,42,28,57,62,51,53,29,23,20,8,10,10,9,6,12,Primera B
L. Romero,Argentino de Merlo,Argentina,21,"CM, CAM",Left,174,21,54,,52,47,53,53,47,49,53,44,45,54,45,49,53,51,52,56,53,52,57,54,54,50,47,55,49,52,41,46,48,54,45,61,45,53,41,14,6,15,6,11,11,Primera B
L. Romero,Argentino de Merlo,Argentina,7,"RM, LM",Right,175,31,60,,68,53,56,60,39,55,54,51,39,56,53,61,60,56,53,59,67,68,64,55,62,57,53,64,52,52,54,37,60,58,59,59,40,40,40,15,13,10,6,7,6,Primera B
G. Scisci,Argentino de Merlo,Argentina,8,CM,Left,177,31,60,,60,57,61,60,54,58,58,55,49,63,48,59,59,56,64,61,61,59,63,59,55,61,51,61,58,60,55,53,51,58,54,61,53,57,56,13,14,7,14,10,15,Primera B
N. Sica,Argentino de Merlo,Argentina,10,"CAM, CM",Right,172,37,55,,50,57,57,58,30,51,52,57,43,59,53,58,64,59,50,60,46,54,54,57,57,54,41,55,51,60,48,31,62,61,58,63,27,29,26,13,11,14,15,13,15,Primera B
D. Aguirre,Argentino de Merlo,Argentina,11,"LW, ST",Right,175,33,63,,64,60,61,65,32,58,61,62,47,61,54,64,65,60,55,65,66,62,71,60,64,57,56,61,60,62,51,36,58,65,57,66,29,29,24,12,6,14,6,8,14,Primera B
T. Celiz,Argentino de Merlo,Argentina,34,ST,Right,180,19,50,,54,50,40,50,18,46,43,51,53,42,49,47,41,37,33,54,53,55,49,46,47,51,46,41,48,44,45,14,53,41,49,45,15,13,10,10,10,9,10,13,11,Primera B
D. Guallama,Argentino de Merlo,Argentina,35,"RW, ST",Left,172,22,50,,55,45,49,52,19,44,49,44,30,50,43,51,49,44,48,54,58,53,50,54,54,45,39,55,40,45,40,24,53,48,49,49,18,14,13,10,7,6,15,9,6,Primera B
T. Jerez Sayago,Argentino de Merlo,Argentina,17,RW,Left,166,26,57,,63,54,54,61,26,50,58,53,42,55,50,68,53,52,49,54,64,62,65,62,55,57,48,65,46,55,40,27,62,54,50,56,26,22,19,11,8,15,13,11,8,Primera B
F. Maldonado,Argentino de Merlo,Argentina,19,RW,Right,174,34,54,,51,53,50,56,24,44,51,55,45,49,50,53,53,51,46,57,53,50,62,63,62,54,43,54,42,51,37,24,52,54,50,53,21,22,22,7,15,15,15,13,12,Primera B
J. Ortiz,Argentino de Merlo,Argentina,9,"ST, RW",Right,171,24,57,,61,58,49,55,21,55,49,60,63,52,55,55,45,45,44,54,59,62,57,56,54,60,55,47,59,50,54,17,62,51,59,59,16,16,16,14,15,15,9,10,14,Primera B
A. Salvador,Argentino de Merlo,Argentina,23,"LW, ST",Left,170,29,61,,66,60,57,63,29,49,58,60,44,55,58,66,56,52,57,58,67,66,67,66,65,65,53,53,48,56,47,31,62,60,58,59,26,25,27,14,15,15,10,12,11,Primera B
L. Scarnato,Argentino de Merlo,Argentina,28,LW,Right,173,38,54,,58,53,53,60,25,50,55,51,39,53,50,64,59,52,48,55,59,58,62,56,60,57,42,59,48,54,45,29,56,54,45,55,26,19,16,11,10,15,15,8,9,Primera B
F. Sellecchia,Argentino de Merlo,Argentina,29,ST,Right,188,32,53,,52,52,42,57,21,52,38,55,50,48,50,59,49,39,37,57,50,53,56,59,48,50,56,52,55,47,46,18,55,39,53,57,17,19,12,11,7,15,6,8,8,Primera B
G. Cheppi,Argentino de Quilmes,Argentina,25,GK,Right,192,31,57,,31,17,25,25,17,41,11,10,18,32,10,12,10,11,25,29,31,31,33,58,38,42,47,27,51,13,30,21,10,33,15,38,16,15,13,57,52,51,53,61,32,Primera B
R. García,Argentino de Quilmes,Argentina,35,GK,Right,185,24,52,,31,15,22,20,11,35,10,10,10,30,10,10,10,10,23,24,30,32,25,45,25,35,40,28,44,12,22,14,10,26,10,32,10,10,10,54,52,45,51,52,28,Primera B
J. Vega Rucci,Argentino de Quilmes,Argentina,43,GK,Left,182,21,50,,27,15,20,21,11,35,10,10,10,25,10,10,10,10,25,24,31,24,29,45,34,34,36,35,38,10,29,15,10,22,10,29,10,10,10,47,52,43,46,51,33,Primera B
N. Yzaurralde,Argentino de Quilmes,Argentina,1,GK,Left,189,26,61,,36,19,30,30,18,45,17,10,22,38,10,19,17,13,31,33,34,38,40,55,36,49,49,38,51,13,37,32,10,34,21,39,15,12,10,63,59,58,58,63,36,Primera B
R. Barreto,Argentino de Quilmes,Argentina,14,"RB, RM",Right,175,26,61,,67,46,57,55,59,60,60,40,56,63,40,57,51,45,55,51,68,67,60,57,61,55,59,67,57,50,59,54,49,49,46,52,58,62,64,9,11,15,8,7,14,Primera B
N. Benavidez,Argentino de Quilmes,Argentina,13,"CB, RB",Right,193,34,58,,49,40,44,47,61,63,33,39,62,48,37,43,42,38,49,49,51,48,44,60,45,50,65,58,66,34,60,61,33,44,37,53,57,64,60,10,7,11,7,13,8,Primera B
S. Castaño,Argentino de Quilmes,Argentina,11,RB,Right,172,22,54,,63,40,47,52,52,53,54,41,49,51,37,54,44,41,46,48,62,64,56,57,60,46,50,59,51,35,52,48,38,37,36,50,54,54,47,13,9,6,14,9,14,Primera B
F. Cosciuc,Argentino de Quilmes,Argentina,2,CB,Left,181,28,58,,54,40,46,49,60,61,42,33,61,56,39,47,30,35,51,50,53,54,48,55,45,59,61,52,63,38,65,62,29,33,40,53,61,60,57,13,11,8,7,13,11,Primera B
L. Escudero,Argentino de Quilmes,Argentina,6,CB,Right,189,20,56,,50,39,44,43,61,59,40,31,65,52,27,37,37,36,47,48,52,49,45,51,42,64,60,55,62,37,58,56,29,37,34,52,65,61,55,11,6,12,11,7,6,Primera B
S. Fernández,Argentino de Quilmes,Argentina,30,RB,Right,176,22,53,,60,36,48,52,51,54,52,31,43,52,31,50,48,39,45,53,56,63,54,49,64,41,51,58,52,41,53,51,42,43,39,46,49,56,50,14,15,11,13,8,9,Primera B
M. Gómez,Argentino de Quilmes,Argentina,12,CB,Right,181,25,56,,54,33,44,44,55,57,44,24,59,52,28,41,35,33,46,46,55,54,44,46,43,49,63,56,59,36,53,61,32,34,37,56,50,52,59,13,14,6,13,9,10,Primera B
J. Kruger,Argentino de Quilmes,Argentina,24,"CB, RB",Left,192,25,57,,52,36,47,46,60,59,44,30,64,54,38,41,37,37,50,45,51,52,48,56,53,58,63,55,60,31,62,64,29,39,33,63,63,54,61,15,9,7,13,9,9,Primera B
F. Lando,Argentino de Quilmes,Argentina,4,RB,Right,179,27,60,,68,47,56,58,57,59,64,46,54,54,44,60,56,48,55,54,65,70,62,57,59,51,57,58,60,49,57,55,47,52,38,56,58,58,61,13,12,6,14,10,13,Primera B
L. Nadalín,Argentino de Quilmes,Argentina,28,"RB, RM",Right,176,30,54,,58,38,50,50,52,52,55,36,49,53,32,47,42,38,52,51,59,57,56,53,52,45,47,61,48,38,52,52,42,44,37,51,56,49,56,8,9,7,11,10,9,Primera B
D. Núñez,Argentino de Quilmes,Argentina,44,RB,Right,170,22,50,,53,36,46,49,48,51,53,32,50,47,36,48,43,32,47,49,52,53,52,47,50,47,47,56,50,35,48,44,39,41,34,50,50,48,49,9,11,8,9,14,14,Primera B
A. Poza,Argentino de Quilmes,Argentina,3,"LB, LM",Left,178,23,59,,61,43,56,57,58,58,59,38,48,62,41,59,50,45,55,53,59,62,59,59,60,55,48,66,54,41,58,58,43,50,45,54,60,56,63,14,7,15,7,10,13,Primera B
M. Rodríguez,Argentino de Quilmes,Argentina,36,CB,Right,179,23,52,,51,32,42,42,55,57,38,25,53,55,27,37,33,29,42,45,49,52,44,49,39,47,55,50,60,32,58,54,28,30,35,47,61,52,54,8,10,13,12,13,13,Primera B
E. Zárate,Argentino de Quilmes,Argentina,26,RB,Right,176,28,58,,62,43,55,53,56,61,62,40,47,56,39,49,48,42,53,56,59,64,58,52,57,57,53,63,62,37,56,57,40,53,44,53,58,55,58,8,12,10,8,6,8,Primera B
M. Aguilar,Argentino de Quilmes,Argentina,46,"CAM, ST",Right,178,22,49,,51,49,50,53,21,39,44,49,33,53,45,58,51,48,45,49,52,51,50,51,56,53,40,46,36,46,38,21,55,53,48,48,21,20,16,15,14,10,14,11,12,Primera B
S. Alfonso,Argentino de Quilmes,Argentina,40,CDM,Right,184,23,51,,42,40,49,49,53,55,41,33,45,55,32,50,37,45,51,48,41,43,49,47,43,51,49,58,55,46,55,55,48,48,41,50,48,60,51,11,10,13,13,8,9,Primera B
J. Ignacio Azconzábal,Argentino de Quilmes,Argentina,37,RM,Right,170,22,52,,56,47,52,55,34,47,54,43,43,53,42,56,48,47,49,55,61,51,57,50,57,55,40,53,46,46,44,37,52,51,46,51,33,31,28,8,6,15,6,8,11,Primera B
T. Barreiro,Argentino de Quilmes,Argentina,32,"RM, LM",Left,178,20,53,,64,49,53,53,32,49,58,48,38,53,40,56,45,50,48,50,63,64,55,46,54,53,42,58,47,49,45,31,51,54,46,46,32,31,35,13,14,8,15,11,9,Primera B
P. Calcabrini,Argentino de Quilmes,Argentina,38,CDM,Right,176,21,52,,47,43,49,50,53,55,42,40,43,53,34,46,39,41,50,53,48,46,49,55,46,48,53,54,56,46,53,56,49,51,36,54,51,55,53,8,14,6,11,9,11,Primera B
L. Canteros,Argentino de Quilmes,Argentina,41,CM,Right,174,21,51,,49,47,50,52,42,50,46,46,39,54,38,52,54,45,45,56,49,49,48,47,46,50,40,58,49,49,47,44,47,52,45,52,39,46,37,10,8,14,11,12,12,Primera B
A. Cecconato,Argentino de Quilmes,Argentina,20,CDM,Left,187,25,53,,51,42,48,47,54,58,44,37,50,52,29,46,40,43,49,47,47,54,44,52,48,52,52,57,59,46,56,54,43,46,41,51,54,57,53,15,15,8,12,10,7,Primera B
M. Ceccotti,Argentino de Quilmes,Argentina,22,CDM,Left,178,27,55,,48,46,54,52,57,59,46,40,52,59,37,53,44,46,56,52,48,48,49,54,47,56,55,66,57,50,56,56,49,54,43,56,58,59,56,15,12,14,15,6,6,Primera B
J. Ignacio Cettou,Argentino de Quilmes,Argentina,23,"LM, LW",Left,177,28,54,,57,50,55,53,35,47,61,51,39,55,39,55,55,51,51,50,55,58,58,53,59,49,46,55,43,51,47,29,48,52,44,51,37,36,31,10,12,8,15,15,14,Primera B
D. Del Valle,Argentino de Quilmes,Argentina,39,CAM,Left,172,21,52,,55,52,50,54,25,44,51,53,36,53,46,51,53,53,46,57,52,57,59,50,57,54,39,48,43,48,41,25,54,47,52,54,25,21,22,8,8,15,13,14,14,Primera B
E. Diez,Argentino de Quilmes,Argentina,16,"CDM, CB",Right,182,27,56,,47,49,53,54,56,60,46,48,57,57,36,54,49,46,56,56,46,48,47,56,52,56,52,62,59,49,62,57,45,54,45,57,56,58,52,9,15,8,14,11,13,Primera B
F. Filliol,Argentino de Quilmes,Argentina,10,CAM,Left,170,23,62,,66,61,62,66,35,57,59,61,43,62,57,70,63,57,63,63,69,64,64,61,67,64,50,58,58,59,53,44,66,65,53,58,33,31,27,6,13,7,14,15,8,Primera B
L. Filosa,Argentino de Quilmes,Argentina,7,"RM, LM",Left,173,22,59,,63,55,58,62,38,53,63,53,45,58,52,64,54,55,58,58,64,62,68,57,67,57,52,61,50,57,50,41,58,55,56,55,32,40,35,7,13,10,6,12,12,Primera B
T. Gaitán,Argentino de Quilmes,Argentina,27,"CDM, CB",Right,186,27,56,,47,45,53,51,58,55,46,40,52,59,45,50,46,41,55,52,48,47,47,57,50,50,52,56,54,53,57,56,42,51,50,54,60,59,59,13,13,7,11,14,12,Primera B
L. Guzmán,Argentino de Quilmes,Argentina,5,CDM,Right,179,37,62,,51,56,58,60,63,63,52,56,60,64,49,60,52,56,54,61,51,51,55,58,61,60,63,64,61,54,68,61,63,61,49,61,65,64,63,12,13,9,9,12,14,Primera B
A. Martin,Argentino de Quilmes,Argentina,18,"RM, RW",Right,175,22,51,,57,44,49,52,29,44,56,40,37,44,42,54,55,49,51,49,56,58,56,54,53,48,38,50,43,49,42,27,47,48,47,45,30,27,25,7,8,11,8,15,12,Primera B
N. Martin,Argentino de Quilmes,Argentina,33,"CAM, ST",Left,171,21,53,,52,54,54,57,26,47,51,54,42,56,46,59,61,49,52,56,53,51,57,54,61,57,43,54,46,55,43,26,47,57,51,54,29,20,24,14,7,6,12,14,14,Primera B
J. Rodríguez,Argentino de Quilmes,Argentina,45,CDM,Right,175,21,50,,46,43,46,44,49,54,41,40,49,51,32,43,42,38,45,43,45,46,46,47,50,49,49,55,53,47,54,48,45,44,36,49,46,53,49,7,13,14,6,12,13,Primera B
N. Sánchez,Argentino de Quilmes,Argentina,15,"LM, RM",Right,166,22,52,,58,49,52,54,31,49,54,51,39,51,36,59,53,48,53,49,55,61,56,52,55,47,41,56,47,50,49,33,45,50,44,51,28,30,29,12,9,8,7,11,13,Primera B
M. Vega,Argentino de Quilmes,Argentina,8,"CM, CDM",Right,170,40,59,,54,56,58,58,51,57,58,57,48,56,49,58,50,55,66,56,53,54,59,56,65,61,53,68,53,54,53,54,56,58,50,55,53,49,47,9,8,10,11,13,13,Primera B
T. Bugallo,Argentino de Quilmes,Argentina,34,RW,Right,171,26,53,,61,48,52,55,21,43,57,46,39,53,52,58,50,45,48,53,59,63,57,57,55,49,44,49,41,49,39,22,51,51,47,48,19,18,16,8,12,12,15,11,14,Primera B
M. Compagnucci,Argentino de Quilmes,Argentina,17,"RW, RM",Right,174,23,54,,58,56,51,57,22,46,56,60,44,52,46,57,59,45,48,57,56,59,57,56,57,53,42,55,47,53,33,24,56,46,44,52,19,16,23,6,11,8,14,10,9,Primera B
M. Gómez,Argentino de Quilmes,Argentina,49,ST,Right,186,17,48,,52,51,39,46,15,50,38,55,51,44,50,46,38,41,32,47,51,52,47,48,41,51,50,50,51,41,47,13,59,36,46,40,12,10,10,13,6,10,7,10,9,Primera B
J. Martínez,Argentino de Quilmes,Argentina,9,"ST, CAM",Left,170,30,63,,69,67,53,64,30,64,54,72,61,54,62,64,55,53,50,65,70,68,60,68,61,65,70,60,66,62,63,27,59,54,67,68,32,24,22,9,6,10,15,10,7,Primera B
A. Nasello,Argentino de Quilmes,Argentina,47,"LW, ST",Left,178,22,49,,57,44,46,51,18,41,45,42,35,50,49,50,47,44,40,51,62,53,52,52,52,45,35,52,40,44,33,22,52,47,43,50,17,15,10,13,14,13,7,13,14,Primera B
D. Oyarzún,Argentino de Quilmes,Argentina,29,"ST, RW",Right,185,23,58,,60,61,51,57,24,56,46,63,63,60,58,59,56,51,41,56,54,65,49,59,57,61,62,58,57,55,52,20,63,46,64,58,28,14,15,11,12,6,7,14,11,Primera B
D. Peña,Argentino de Quilmes,Argentina,21,"ST, CAM",Right,176,22,53,,56,55,40,53,20,49,39,59,53,40,52,52,41,45,36,54,56,56,50,56,46,51,58,43,51,49,48,16,62,42,57,56,15,19,10,6,7,8,8,9,11,Primera B
N. Sarco,Argentino de Quilmes,Argentina,48,ST,Right,178,21,49,,50,49,37,48,16,47,32,50,53,39,49,49,47,39,35,47,49,51,50,51,46,48,50,48,48,45,43,14,56,39,48,50,11,12,10,10,10,8,14,13,12,Primera B
J. Cruz Scarel,Argentino de Quilmes,Argentina,31,ST,Right,180,23,57,,57,59,48,58,27,57,44,61,62,54,62,56,51,48,40,59,59,56,55,62,59,61,62,59,60,52,48,21,54,45,59,59,21,28,15,8,14,11,14,12,15,Primera B
E. Torancio,Argentino de Quilmes,Argentina,19,"ST, RW",Left,181,30,55,,57,56,47,54,21,55,47,58,51,50,54,50,54,48,40,60,55,58,51,56,49,59,57,54,57,48,49,25,57,46,58,57,21,13,11,11,15,8,14,13,12,Primera B
L. Zabatta,Argentino de Quilmes,Argentina,42,ST,Right,179,21,51,,53,50,41,50,18,52,37,50,51,45,47,47,43,44,39,52,51,54,50,55,48,53,55,51,55,46,46,20,48,40,50,48,13,12,11,13,6,14,10,9,12,Primera B
J. Ignacio Cautela,Arsenal,Argentina,30,GK,Right,182,25,55,,34,16,24,23,14,41,14,10,16,31,10,12,10,10,25,26,32,35,29,48,32,33,48,31,48,12,32,24,10,26,24,37,10,10,14,55,56,51,55,56,31,Primera B
J. Lobelos,Arsenal,Argentina,1,GK,Right,184,27,66,,43,22,36,31,22,51,27,15,23,41,13,19,23,20,35,33,41,44,39,60,46,42,55,48,55,19,42,31,20,42,31,44,21,17,21,67,61,60,67,69,44,Primera B
N. Pezzini,Arsenal,Argentina,25,GK,Right,181,29,57,,32,17,24,21,17,38,10,10,21,29,10,10,15,14,24,22,30,33,30,55,39,39,49,30,42,13,33,23,10,33,19,39,15,15,10,61,58,54,56,58,32,Primera B
L. Brienzo,Arsenal,Argentina,13,"CB, RB",Right,188,27,58,,50,36,45,50,60,58,38,30,63,55,31,47,37,36,48,53,52,49,45,58,50,50,58,52,60,36,59,61,32,36,40,54,58,61,56,9,12,6,13,10,9,Primera B
I. Cabrera,Arsenal,Argentina,15,"LB, RB",Left,176,23,54,,60,40,49,51,51,55,51,39,44,53,35,53,44,36,51,46,58,61,55,52,54,45,47,56,56,37,54,52,42,41,40,53,52,52,53,14,7,6,6,8,12,Primera B
R. Cáceres,Arsenal,Argentina,27,LB,Left,173,21,57,,62,44,54,54,54,56,56,38,52,56,37,51,49,48,53,54,62,62,62,59,62,55,54,59,55,49,57,53,48,51,38,50,57,52,56,14,6,7,8,15,15,Primera B
B. Goncebat,Arsenal,Argentina,26,"RB, LB",Right,181,20,56,,66,40,52,54,56,58,58,33,46,54,37,49,46,39,54,57,65,67,60,53,60,54,58,61,57,41,56,54,43,44,41,51,59,60,54,15,6,6,13,13,8,Primera B
A. Payes,Arsenal,Argentina,14,RB,Right,172,21,58,,64,44,53,56,56,58,56,42,51,56,40,58,52,42,54,55,59,68,56,57,63,53,59,62,56,43,57,56,44,49,40,48,57,57,60,8,6,14,11,6,9,Primera B
I. Peralta,Arsenal,Argentina,2,CB,Right,189,24,66,,57,47,53,52,68,72,50,41,70,60,39,49,47,48,59,52,57,57,53,60,57,65,73,63,77,45,70,72,36,42,47,59,65,66,70,8,13,15,14,12,10,Primera B
D. Pérez,Arsenal,Argentina,6,"CB, RB",Right,189,37,62,,53,41,51,54,64,63,48,35,65,57,35,50,44,40,52,58,56,51,52,61,50,54,69,59,64,43,65,62,37,45,37,59,61,67,70,12,10,7,15,8,9,Primera B
T. Schiavulli,Arsenal,Argentina,3,LB,Right,174,23,63,,67,47,58,58,64,64,67,45,60,58,49,56,55,46,57,57,64,70,65,62,69,53,58,70,61,44,63,60,52,51,49,57,66,66,60,6,10,10,6,10,14,Primera B
A. Antilef,Arsenal,Argentina,22,"CDM, CB",Right,170,28,56,,50,46,52,54,55,61,43,40,52,60,41,53,41,45,56,55,46,53,48,56,57,58,58,63,61,51,60,53,47,51,44,58,51,62,55,7,9,11,15,9,12,Primera B
K. Benítez,Arsenal,Argentina,12,"LM, LW",Left,178,20,52,,60,50,51,53,33,43,53,50,38,52,48,49,49,45,52,56,62,58,59,49,52,50,45,55,40,50,37,39,51,50,46,52,31,29,31,12,10,9,11,6,14,Primera B
T. Colletta,Arsenal,Argentina,8,CM,Right,175,23,63,,58,56,65,66,53,62,65,50,50,66,51,69,56,59,66,64,56,59,60,64,67,60,56,66,61,63,59,54,61,65,61,60,58,49,53,7,14,12,10,10,11,Primera B
M. Del Col,Arsenal,Argentina,11,LM,Right,181,33,64,,68,57,63,66,44,58,67,57,52,63,53,66,64,60,58,66,67,69,67,67,65,57,54,68,55,56,55,47,61,64,57,63,42,41,47,10,7,8,7,13,10,Primera B
N. Frascone,Arsenal,Argentina,9,"CM, CDM",Right,181,23,58,,55,53,59,55,51,55,53,52,55,62,46,50,55,57,61,59,55,55,57,59,61,55,47,62,52,52,56,56,56,58,55,59,51,49,40,8,6,14,6,12,10,Primera B
M. Lucero,Arsenal,Argentina,17,RM,Right,175,22,61,,69,55,58,64,42,52,63,55,49,54,51,68,63,57,57,61,72,67,66,58,67,60,53,56,51,51,49,43,61,58,54,60,42,41,35,7,11,6,12,12,11,Primera B
L. Miño,Arsenal,Argentina,20,CDM,Right,177,21,52,,45,42,49,48,53,56,42,38,51,54,35,47,44,43,55,47,43,47,44,56,49,47,51,60,54,48,57,52,46,46,45,54,54,54,54,9,7,13,14,10,8,Primera B
J. Ochoa Giménez,Arsenal,Argentina,5,"CDM, CB",Left,179,30,61,,52,49,57,56,62,63,48,43,53,63,51,54,54,55,63,56,53,52,57,57,59,60,56,66,61,52,66,65,52,53,51,64,64,61,64,7,8,10,9,11,7,Primera B
B. Pérsico,Arsenal,Argentina,21,RM,Right,172,18,51,,58,46,48,52,32,48,47,43,38,50,46,52,53,49,43,53,57,59,54,52,58,51,38,57,44,49,48,32,50,47,46,42,35,30,27,13,7,8,14,11,7,Primera B
M. Trombini,Arsenal,Argentina,16,CM,Right,173,23,64,,60,56,64,64,53,60,57,51,56,69,58,63,60,57,67,65,61,60,64,65,58,62,55,69,57,60,59,59,64,64,60,65,53,49,54,14,12,6,11,15,6,Primera B
A. Vega,Arsenal,Argentina,10,"CAM, CM",Right,176,33,64,,59,67,66,65,37,59,65,68,49,63,60,65,71,67,64,64,60,59,68,67,67,68,54,65,62,67,45,42,65,71,58,69,36,33,33,10,9,8,8,8,9,Primera B
J. Vila,Arsenal,Argentina,18,"CM, CDM",Right,164,26,59,,56,53,58,59,53,56,48,50,49,63,47,57,57,59,62,59,54,57,62,57,67,60,45,60,56,55,55,48,59,57,51,59,54,58,51,11,11,6,8,6,9,Primera B
D. Cabral,Arsenal,Argentina,28,LW,Left,170,20,54,,64,54,52,58,21,45,52,58,41,58,48,61,52,46,48,57,66,62,59,51,54,50,44,54,45,50,35,23,60,47,45,49,17,19,16,13,10,9,11,10,15,Primera B
L. Duarte,Arsenal,Argentina,31,ST,Right,177,21,55,,58,55,43,53,24,55,42,58,57,47,56,53,40,46,37,53,57,58,51,55,50,56,64,52,56,50,52,24,55,43,51,58,23,16,18,12,15,8,10,10,13,Primera B
L. Franco,Arsenal,Argentina,19,"RW, RM",Right,180,23,62,,70,62,58,66,32,54,60,65,50,63,57,65,66,56,47,69,70,70,71,57,68,64,56,63,51,55,48,31,68,55,58,60,29,32,29,9,8,12,7,15,15,Primera B
I. Kestler,Arsenal,Argentina,4,RW,Right,171,28,61,,66,58,58,61,30,54,60,59,51,60,56,60,60,54,53,58,68,65,69,68,65,58,52,57,56,55,45,29,66,58,59,60,26,31,21,11,8,14,11,7,9,Primera B
U. La Roza,Arsenal,Argentina,23,LW,Left,176,21,56,,62,51,54,58,23,50,57,50,36,54,46,58,54,55,42,58,61,63,64,52,57,55,48,61,48,51,42,21,53,59,55,53,25,20,21,10,15,7,14,12,11,Primera B
M. Sosa,Arsenal,Argentina,7,"RW, RM",Right,174,25,65,,70,66,62,68,34,56,65,67,51,65,59,68,68,60,55,68,69,71,72,67,66,66,54,68,53,63,50,34,75,57,60,60,34,29,33,15,11,8,7,11,6,Primera B
B. Wilk,Arsenal,Argentina,24,ST,Left,175,19,50,,55,52,38,48,16,47,41,57,58,38,41,50,42,40,36,50,57,54,44,45,43,52,50,44,49,46,46,13,52,36,44,44,12,10,14,8,10,12,13,14,9,Primera B
E. Wrubel,Arsenal,Argentina,29,ST,Right,182,17,51,,55,53,40,50,19,49,38,56,55,45,51,48,47,42,35,53,58,52,50,53,44,56,45,46,52,45,46,14,57,36,48,47,16,16,12,11,6,7,8,15,11,Primera B
J. Bourquín,Brown (Adrogué),Argentina,32,GK,Right,182,21,52,,28,15,24,21,12,37,10,10,15,29,10,10,10,10,28,23,29,27,31,50,33,35,37,30,43,10,30,15,10,32,14,34,10,11,10,51,48,48,54,58,34,Primera B
S. Giovini,Brown (Adrogué),Argentina,1,GK,Right,188,36,59,,30,18,27,26,15,41,17,10,18,33,12,16,14,14,28,26,31,30,30,58,44,38,50,32,48,16,34,24,10,32,25,40,13,12,11,63,61,48,57,61,38,Primera B
M. Wysocki,Brown (Adrogué),Argentina,12,GK,Left,186,32,58,,25,17,25,24,16,37,15,10,16,26,10,10,10,13,31,27,23,27,37,59,40,38,45,30,43,17,30,25,10,34,17,44,17,12,12,58,57,53,56,59,35,Primera B
C. Aguirre,Brown (Adrogué),Argentina,2,CB,Right,184,28,63,,60,43,53,53,64,63,54,37,70,57,37,52,43,48,52,53,62,58,47,58,55,51,64,57,64,49,67,63,40,48,42,60,60,66,69,14,8,8,14,8,9,Primera B
J. Bogado,Brown (Adrogué),Argentina,4,RB,Right,169,25,60,,67,47,55,57,56,61,60,45,51,57,47,55,52,50,56,57,65,68,66,56,64,55,55,69,58,46,61,55,46,49,45,57,56,58,62,13,8,8,7,12,8,Primera B
V. Cabrejas,Brown (Adrogué),Argentina,30,LB,Left,177,23,53,,56,39,49,49,50,49,54,37,45,52,36,45,41,38,44,52,56,56,58,46,52,42,47,59,44,40,48,50,42,45,36,51,50,51,52,8,10,7,10,14,13,Primera B
D. Cardozo,Brown (Adrogué),Argentina,24,CB,Right,180,26,57,,54,38,43,47,61,61,40,34,60,50,30,43,43,36,45,48,55,53,47,56,48,49,60,57,62,39,62,62,36,36,37,55,64,59,60,14,10,14,14,14,6,Primera B
L. Césare,Brown (Adrogué),Argentina,13,"CB, RB",Right,182,20,55,,49,35,44,46,55,57,39,29,55,49,27,38,37,36,48,53,46,52,46,51,42,52,56,47,61,34,59,54,30,39,35,52,53,55,60,11,8,15,9,6,11,Primera B
V. González,Brown (Adrogué),Argentina,33,"LB, RB",Left,169,22,52,,56,37,47,50,50,50,50,32,44,51,34,47,46,38,45,52,55,56,55,48,55,49,40,58,49,36,44,49,43,42,36,48,49,53,48,14,9,13,10,15,13,Primera B
B. Guerrero Ruiz,Brown (Adrogué),Argentina,14,RB,Right,174,26,60,,67,45,56,54,59,58,59,39,58,61,45,51,55,48,53,52,66,68,66,60,62,58,54,59,57,43,60,59,51,49,41,58,58,61,59,14,10,9,15,10,8,Primera B
L. Irusta,Brown (Adrogué),Argentina,5,RB,Right,169,23,54,,57,41,50,50,49,54,61,40,38,51,36,50,46,40,47,47,59,55,56,50,56,43,54,60,51,40,52,49,43,42,40,49,49,52,53,10,9,14,12,8,10,Primera B
A. Ortiz,Brown (Adrogué),Argentina,26,"RB, RM",Right,175,21,56,,61,46,50,54,54,55,57,42,50,54,46,54,44,43,49,53,61,61,61,50,55,57,51,58,53,45,57,54,46,42,42,56,54,56,57,13,8,11,12,6,10,Primera B
M. Pieres,Brown (Adrogué),Argentina,3,"RB, LB",Left,168,26,60,,64,45,58,59,59,59,66,42,51,59,41,53,56,48,55,63,65,64,67,59,60,54,58,65,54,44,62,58,42,51,49,53,62,59,58,14,13,7,15,10,7,Primera B
L. Sánchez,Brown (Adrogué),Argentina,6,CB,Left,181,32,56,,48,35,45,45,62,59,39,32,57,54,33,40,36,35,46,48,45,51,47,56,45,40,60,56,61,35,59,62,34,37,37,54,64,60,64,11,8,7,9,8,7,Primera B
F. Carrizo,Brown (Adrogué),Argentina,37,"CM, CDM",Right,180,22,49,,51,44,50,49,43,45,47,37,42,54,41,46,43,40,47,52,53,50,48,49,45,54,40,48,44,49,45,49,49,55,37,54,43,40,40,7,8,6,11,6,12,Primera B
A. Castaño,Brown (Adrogué),Argentina,18,CM,Left,181,27,56,,55,52,56,57,48,54,53,48,51,56,48,56,56,53,58,58,57,53,57,55,57,59,47,60,53,56,51,50,53,57,50,55,46,50,46,9,8,8,9,9,9,Primera B
F. Ferrario,Brown (Adrogué),Argentina,15,LM,Right,176,24,54,,58,47,53,54,34,49,52,46,42,58,50,53,54,45,50,57,61,55,52,52,54,47,43,56,47,45,46,32,53,50,46,52,41,25,35,13,12,8,14,6,10,Primera B
L. Galván,Brown (Adrogué),Argentina,21,CM,Left,171,21,49,,47,47,45,49,44,46,41,42,41,46,41,51,40,40,51,48,46,47,44,44,50,57,43,53,45,51,41,47,47,47,44,53,46,43,38,10,14,9,15,14,13,Primera B
L. González,Brown (Adrogué),Argentina,22,"CDM, CB",Left,182,23,52,,49,43,50,45,53,54,45,38,51,56,36,40,44,40,54,48,48,49,48,56,44,54,52,55,53,45,54,50,44,48,42,51,54,57,48,14,14,9,9,7,11,Primera B
A. González,Brown (Adrogué),Argentina,20,"RM, LM",Right,174,22,53,,63,49,49,53,32,48,50,48,39,47,44,52,58,43,46,53,61,64,60,51,57,51,43,61,45,49,40,34,53,54,47,54,30,29,34,10,8,11,15,14,6,Primera B
M. Noble,Brown (Adrogué),Argentina,10,"CM, CAM",Left,174,30,56,,53,52,56,58,48,53,57,51,40,58,44,62,53,47,56,54,56,50,58,59,59,54,43,59,53,57,50,53,51,57,46,55,46,48,50,9,13,8,9,8,15,Primera B
T. Patrizio,Brown (Adrogué),Argentina,23,LM,Left,169,24,54,,61,51,53,56,31,48,57,51,44,50,47,54,57,46,55,58,60,62,55,53,60,53,39,58,44,52,46,35,51,52,50,52,26,31,29,14,15,9,6,13,10,Primera B
E. Robles,Brown (Adrogué),Argentina,8,CM,Right,165,25,63,,61,60,63,63,55,60,60,58,59,62,49,63,60,59,69,62,63,60,65,65,62,69,53,64,58,56,61,58,61,66,58,66,56,54,49,6,14,9,6,15,13,Primera B
N. Rodríguez,Brown (Adrogué),Argentina,25,"CAM, ST",Right,176,19,51,,52,52,50,54,24,43,43,52,36,54,49,54,50,47,52,55,47,56,54,51,51,51,41,51,43,53,35,30,54,50,48,48,20,21,16,13,14,10,10,7,8,Primera B
S. Rodríguez,Brown (Adrogué),Argentina,28,"CM, CDM",Right,175,24,54,,50,48,55,54,48,49,48,43,46,58,43,52,55,49,53,58,50,50,52,58,56,54,51,54,48,51,45,49,51,58,54,50,50,47,46,14,13,8,14,7,9,Primera B
J. Ignacio Silva,Brown (Adrogué),Argentina,7,"RM, LM",Right,170,29,58,,63,50,54,60,41,52,56,46,45,55,49,61,56,51,52,59,67,59,59,55,61,57,46,59,50,54,50,39,50,52,53,56,40,42,40,14,11,9,8,11,10,Primera B
M. Sproat,Brown (Adrogué),Argentina,16,"CM, CDM",Right,174,38,58,,51,51,60,62,51,57,54,47,51,62,48,62,59,54,65,65,50,51,56,59,61,56,54,58,55,55,61,53,53,63,51,58,51,50,46,12,6,14,15,8,6,Primera B
S. Zacarías,Brown (Adrogué),Argentina,38,CAM,Right,173,20,49,,52,48,53,52,22,42,54,47,32,57,46,54,52,49,45,52,58,48,51,44,54,54,36,43,42,45,40,23,55,53,45,49,22,20,17,13,12,12,15,11,15,Primera B
B. Aguilar,Brown (Adrogué),Argentina,35,RW,Left,164,20,50,,61,50,48,50,18,42,48,50,33,54,44,50,50,45,39,48,58,63,58,47,52,51,41,52,41,49,33,20,54,43,45,47,17,15,14,13,12,14,14,9,8,Primera B
B. Báez,Brown (Adrogué),Argentina,11,LW,Left,177,26,57,,66,55,54,60,28,50,57,57,45,53,51,59,55,53,49,59,68,65,69,54,54,56,47,57,48,52,45,29,56,55,50,60,29,21,25,11,7,9,12,9,7,Primera B
L. Baldunciel,Brown (Adrogué),Argentina,19,RW,Right,178,34,57,,56,57,55,62,26,50,54,59,43,57,48,63,63,50,47,60,52,59,65,59,64,55,46,54,52,54,42,26,64,60,61,57,25,22,21,15,6,15,7,11,11,Primera B
M. Cerulo,Brown (Adrogué),Argentina,31,"ST, CAM",Right,185,21,54,,53,57,41,52,20,53,38,58,53,46,54,51,49,47,37,53,53,53,50,52,53,58,54,51,55,54,49,20,59,35,55,56,17,11,19,14,11,11,8,8,6,Primera B
V. Galeano,Brown (Adrogué),Argentina,27,"ST, CAM",Left,190,21,54,,56,53,41,54,25,51,40,56,58,44,53,55,40,45,36,53,55,56,49,59,52,54,58,53,52,44,43,23,61,40,52,59,22,21,17,12,13,9,12,10,6,Primera B
B. López,Brown (Adrogué),Argentina,9,ST,Right,184,23,57,,56,58,47,57,22,57,49,58,55,52,60,56,49,45,39,57,53,58,55,58,54,59,57,53,61,56,54,21,59,43,59,62,15,19,17,8,14,15,13,14,15,Primera B
G. Luraschi,Brown (Adrogué),Argentina,36,"ST, RW",Right,172,21,50,,51,51,41,47,19,51,39,52,56,45,51,46,44,41,37,46,49,53,49,47,49,53,47,46,56,46,46,18,51,36,48,52,14,14,10,9,9,10,14,9,11,Primera B
N. Meaurio,Brown (Adrogué),Argentina,17,RW,Right,172,23,57,,66,55,56,58,26,46,56,58,43,60,48,60,56,50,49,55,65,66,59,51,60,49,42,51,45,58,41,27,53,54,54,58,25,22,24,8,13,13,13,11,13,Primera B
O. Padovani,Brown (Adrogué),Argentina,29,"ST, CAM",Right,179,25,53,,57,55,45,53,18,50,41,60,54,49,51,51,48,48,39,54,55,58,50,58,52,52,52,47,54,48,45,10,59,43,58,55,11,19,15,13,15,11,8,8,13,Primera B
J. Pablo Reboiras,Brown (Adrogué),Argentina,34,"RW, ST",Right,169,21,51,,57,50,50,54,15,41,52,53,39,51,46,52,48,46,44,55,58,57,59,48,54,51,47,49,39,45,36,15,53,53,49,52,13,12,10,6,12,9,9,11,10,Primera B
E. Bacher,Comunicaciones,Argentina,12,GK,Right,181,30,59,,33,18,29,25,16,47,18,10,20,34,12,13,15,10,30,28,31,35,31,53,37,37,47,37,56,19,36,25,10,41,17,39,10,15,14,62,60,54,59,62,38,Primera B
J. Lago,Comunicaciones,Argentina,30,GK,Right,184,19,50,,31,14,20,18,11,33,10,10,10,24,10,10,10,10,23,16,32,30,31,43,27,30,33,25,40,10,27,15,10,25,11,28,10,10,10,50,51,44,47,49,28,Primera B
G. Yacaruso,Comunicaciones,Argentina,1,GK,Left,180,33,62,,33,19,31,26,20,44,16,12,26,38,10,10,21,15,31,29,37,29,38,61,42,40,50,37,51,16,36,26,14,40,20,50,16,18,16,62,57,54,64,60,39,Primera B
N. Arrechea,Comunicaciones,Argentina,25,CB,Left,184,35,54,,44,37,42,44,59,56,34,32,50,51,32,42,29,29,45,44,40,47,43,51,46,49,51,53,56,37,62,63,34,41,34,48,55,64,60,10,12,13,9,14,10,Primera B
L. Brítez,Comunicaciones,Argentina,15,"LB, RB",Right,173,22,55,,62,36,48,54,57,51,50,27,50,45,34,50,50,44,50,57,59,64,55,53,63,49,48,61,45,44,52,59,36,51,42,51,57,59,55,15,13,6,11,14,14,Primera B
I. Cabrera,Comunicaciones,Argentina,26,RB,Right,176,25,56,,59,42,52,56,54,54,54,39,49,57,40,55,54,41,53,59,60,59,55,53,56,48,50,57,53,43,55,52,44,44,39,55,57,54,59,13,14,8,7,8,15,Primera B
R. Compagnucci,Comunicaciones,Argentina,14,"RB, LB",Right,168,22,59,,63,44,54,57,55,57,58,40,50,56,41,56,54,45,51,56,67,60,61,56,62,52,54,63,56,47,52,52,43,52,41,55,54,59,60,15,13,13,13,9,9,Primera B
F. Di Lena,Comunicaciones,Argentina,6,"CB, RB",Right,182,25,54,,46,37,43,42,59,55,40,35,55,50,28,38,36,33,48,45,46,46,39,51,42,51,52,42,61,33,58,60,32,35,35,53,60,59,54,9,10,10,13,12,6,Primera B
R. Figueroa,Comunicaciones,Argentina,13,"CB, CDM",Right,183,25,55,,51,35,43,45,60,58,42,31,61,50,29,41,36,34,46,47,48,54,42,57,45,47,57,54,61,32,57,52,33,33,34,55,65,62,58,11,8,7,8,7,12,Primera B
F. Mattia,Comunicaciones,Argentina,2,CB,Left,185,38,64,,56,44,52,54,67,64,51,36,70,62,42,52,44,43,47,51,53,59,54,66,58,58,63,60,67,48,62,73,37,46,45,67,63,67,64,7,6,8,12,15,6,Primera B
G. Zabala,Comunicaciones,Argentina,4,RB,Left,173,30,64,,68,48,59,60,62,63,61,44,59,61,42,62,55,52,60,56,69,67,65,59,62,57,59,69,61,49,62,64,54,54,46,57,59,64,68,14,13,15,6,15,12,Primera B
S. Arcidiacono,Comunicaciones,Argentina,32,CM,Left,176,19,49,,49,46,50,45,41,44,46,42,42,50,36,46,41,44,51,42,50,49,52,49,49,51,39,53,41,51,42,47,46,57,42,44,38,38,43,8,11,15,9,10,11,Primera B
S. Carruega,Comunicaciones,Argentina,5,CDM,Right,167,30,62,,53,51,58,58,63,65,52,47,56,65,41,55,51,56,58,60,55,52,58,59,56,58,58,64,66,55,65,60,57,54,47,64,67,61,67,14,14,11,8,6,15,Primera B
F. Fabello,Comunicaciones,Argentina,11,LM,Left,176,37,60,,63,53,61,63,39,55,61,51,44,63,55,62,59,53,57,63,59,66,66,61,63,59,51,60,54,51,50,40,56,64,55,62,38,38,36,8,8,12,6,12,9,Primera B
T. Friesel,Comunicaciones,Argentina,18,CM,Right,173,24,56,,55,49,55,54,45,53,49,46,44,57,44,56,52,50,54,50,56,55,60,58,51,50,50,56,52,53,54,46,51,59,52,54,45,45,41,8,14,13,9,15,13,Primera B
J. Ibáñez,Comunicaciones,Argentina,7,"RM, LM",Right,160,31,63,,69,57,61,64,42,58,68,54,50,57,52,57,60,57,55,69,70,69,69,64,71,62,51,70,53,57,58,42,63,66,55,59,39,43,43,8,8,9,7,15,11,Primera B
G. Jaque,Comunicaciones,Argentina,17,RM,Right,176,30,60,,65,56,58,61,39,57,59,56,47,59,53,60,54,59,56,60,64,65,66,59,66,57,52,67,54,56,51,41,61,56,55,54,39,36,36,9,10,9,9,10,7,Primera B
T. Porto,Comunicaciones,Argentina,22,CDM,Right,179,20,56,,55,45,54,51,55,58,45,39,54,61,38,49,43,47,56,54,55,55,47,56,54,53,58,58,55,50,63,55,50,52,43,52,53,56,56,13,11,12,6,15,11,Primera B
C. Puigdellivol,Comunicaciones,Argentina,23,"LM, RM",Left,169,25,62,,68,55,61,65,42,56,66,53,50,60,55,66,65,53,58,65,65,71,64,59,66,57,55,65,53,54,52,42,61,59,59,58,42,39,43,9,14,15,14,10,12,Primera B
V. Quevedo,Comunicaciones,Argentina,16,CM,Right,175,25,53,,48,47,55,51,42,52,52,41,44,57,38,50,45,50,54,53,47,48,52,49,53,56,47,58,51,53,50,50,46,60,49,48,39,41,39,14,13,8,12,11,13,Primera B
T. Rolón,Comunicaciones,Argentina,3,"RM, RW",Right,166,21,54,,57,50,52,56,34,53,52,47,40,53,50,57,53,48,51,56,59,55,58,51,58,54,48,57,51,51,52,38,54,54,49,53,31,32,32,6,15,12,12,7,8,Primera B
N. Ruíz,Comunicaciones,Argentina,21,"CAM, CM",Left,178,21,54,,56,55,57,57,28,43,52,55,44,62,50,54,54,53,54,61,58,54,57,58,56,54,41,46,41,58,44,27,55,58,52,59,26,30,19,12,9,10,13,13,7,Primera B
P. Ruiz,Comunicaciones,Argentina,20,CM,Left,178,39,55,,45,52,57,56,46,50,53,50,46,60,43,57,55,46,61,55,44,46,57,53,55,52,42,63,46,59,48,49,48,57,50,56,45,45,44,8,11,15,12,9,12,Primera B
C. Vázquez,Comunicaciones,Argentina,8,"CM, CDM",Right,178,27,58,,55,55,59,58,50,56,54,56,50,63,50,55,53,50,60,61,56,55,57,59,59,54,51,64,52,54,59,49,53,62,53,52,54,47,52,6,10,6,9,13,13,Primera B
J. Villalba,Comunicaciones,Argentina,24,CDM,Right,190,26,54,,45,48,51,51,56,55,41,46,51,56,37,49,45,45,55,53,47,43,47,55,54,56,51,54,54,50,60,56,44,53,48,55,55,58,55,7,14,6,6,8,10,Primera B
S. Zárate,Comunicaciones,Argentina,28,"CM, CDM",Left,177,18,50,,48,45,49,52,44,45,42,42,43,54,43,53,46,40,48,53,50,46,48,44,50,46,40,55,43,50,41,41,48,50,39,55,42,49,39,15,11,13,11,12,6,Primera B
J. Barroso,Comunicaciones,Argentina,27,"ST, CAM",Right,181,19,51,,52,53,41,51,17,53,39,55,51,43,51,54,48,39,34,51,48,55,46,48,45,57,53,47,56,46,51,13,51,43,56,45,17,11,10,14,9,6,8,7,6,Primera B
M. Brambillo,Comunicaciones,Argentina,29,ST,Left,189,29,55,,54,57,44,54,20,52,42,57,53,45,56,52,41,48,38,54,53,54,57,59,57,61,51,47,55,53,52,10,56,51,57,51,22,17,14,11,11,13,8,7,9,Primera B
C. Córdoba,Comunicaciones,Argentina,31,"ST, RW",Right,179,20,53,,56,57,43,51,19,50,43,58,54,44,53,50,44,40,39,50,57,56,54,52,48,59,56,45,56,54,42,16,56,43,53,57,14,16,10,9,10,12,13,12,13,Primera B
L. Gaona,Comunicaciones,Argentina,33,"RW, ST",Right,174,21,49,,55,46,46,50,18,39,49,43,32,45,46,52,49,40,43,48,54,55,54,45,54,49,41,46,36,48,36,16,51,47,47,48,16,20,10,12,13,10,8,6,10,Primera B
J. Heidenreich,Comunicaciones,Argentina,9,"ST, CAM",Right,187,22,62,,62,64,51,61,30,62,44,65,61,59,64,59,50,54,43,64,63,62,62,61,59,64,63,62,66,58,54,31,69,49,67,60,26,26,18,10,15,6,10,7,11,Primera B
E. Ramírez,Comunicaciones,Argentina,19,"RW, ST",Left,165,27,61,,69,62,57,66,31,51,64,65,46,58,54,69,56,52,52,62,69,69,73,56,67,64,51,57,50,55,46,27,66,55,59,56,33,29,22,11,7,9,14,13,8,Primera B
L. Vico,Comunicaciones,Argentina,10,RW,Right,181,34,55,,60,57,53,60,25,46,57,55,46,50,52,68,54,46,47,53,59,60,61,54,62,61,43,51,46,58,42,27,65,58,47,51,23,22,19,8,10,15,9,7,14,Primera B
E. González,Defensores Unidos,Argentina,30,GK,Right,189,21,52,,25,14,23,21,11,35,10,10,10,28,10,10,10,11,25,24,24,26,30,44,32,31,40,22,45,10,24,16,10,31,14,34,10,10,10,50,55,45,55,56,31,Primera B
F. Henricot,Defensores Unidos,Argentina,1,GK,Right,191,36,61,,31,18,30,28,16,48,17,10,17,36,15,20,20,13,34,24,35,27,40,59,42,43,49,37,58,13,35,25,17,37,16,48,11,15,17,61,56,52,60,65,41,Primera B
F. Salerno,Defensores Unidos,Argentina,25,GK,Right,182,25,53,,26,16,23,21,11,38,10,10,10,31,10,10,11,10,22,25,30,23,28,49,31,37,43,31,45,10,26,15,10,28,13,31,10,10,10,48,50,47,53,54,30,Primera B
M. Alarcón,Defensores Unidos,Argentina,6,CB,Right,185,24,60,,54,41,49,51,63,62,45,34,64,55,38,48,39,42,56,52,55,53,49,59,50,55,64,51,66,42,63,64,39,42,41,60,60,67,61,13,15,14,15,9,15,Primera B
M. Bustos,Defensores Unidos,Argentina,27,"RB, RM",Right,178,21,50,,53,35,45,49,46,48,47,34,46,52,38,46,41,38,39,52,55,51,54,50,54,39,40,57,44,34,48,46,38,40,34,43,41,49,54,9,13,8,9,11,14,Primera B
T. Ganga,Defensores Unidos,Argentina,26,RB,Right,179,21,53,,57,38,50,48,50,49,54,33,41,59,33,46,42,35,45,49,55,59,51,47,53,50,45,54,46,38,53,49,40,42,36,47,50,52,54,6,9,7,7,10,9,Primera B
S. Iribarne,Defensores Unidos,Argentina,15,LB,Left,168,20,55,,58,40,50,53,54,53,56,35,50,53,40,51,46,41,48,54,59,57,53,54,60,47,53,59,50,41,51,50,46,42,40,48,56,55,58,9,6,15,14,7,6,Primera B
J. López,Defensores Unidos,Argentina,3,LB,Left,180,28,60,,64,47,60,60,55,59,63,45,50,64,42,59,51,49,61,60,64,64,66,60,60,52,60,65,56,46,58,55,51,55,49,59,55,56,61,7,15,7,12,14,13,Primera B
J. Agustín Lorenzo,Defensores Unidos,Argentina,14,"RB, RM",Right,169,22,54,,58,38,48,53,54,53,54,34,46,49,38,51,53,41,48,52,60,56,57,54,61,47,50,58,51,37,54,50,46,43,38,54,56,56,53,11,14,15,10,11,7,Primera B
L. Olivera,Defensores Unidos,Argentina,2,"CB, CDM",Left,186,27,65,,60,42,54,54,72,68,51,34,68,64,42,52,42,46,56,55,55,65,49,62,62,60,69,58,74,44,67,74,40,43,41,67,70,75,70,11,6,7,6,15,14,Primera B
M. Rapetti,Defensores Unidos,Argentina,24,CB,Right,186,28,56,,50,38,44,47,58,59,42,31,54,51,31,39,39,35,46,56,50,50,42,51,44,53,57,55,59,40,66,62,33,37,38,49,54,60,60,9,7,7,13,6,15,Primera B
E. Rojas,Defensores Unidos,Argentina,17,"CB, CDM",Right,183,20,52,,50,31,43,40,57,56,42,23,55,51,24,35,32,35,42,44,52,48,42,46,47,50,58,51,58,35,58,57,24,35,31,44,55,59,55,8,8,9,6,7,10,Primera B
F. Suárez,Defensores Unidos,Argentina,4,"RB, RM",Right,168,27,62,,67,48,56,58,60,61,63,42,54,61,43,57,55,48,51,58,71,64,61,62,63,57,62,70,57,52,60,58,51,47,43,53,61,61,64,8,10,7,7,15,6,Primera B
A. Baigorria,Defensores Unidos,Argentina,5,CDM,Right,177,23,60,,55,51,56,56,64,63,53,44,54,63,49,52,47,53,56,60,49,60,53,59,56,60,59,65,66,58,56,66,54,51,51,60,64,66,63,15,11,7,7,15,10,Primera B
T. Carabajal,Defensores Unidos,Argentina,33,"RM, RW",Left,168,19,46,,52,39,46,45,27,42,51,40,27,47,40,48,49,41,38,40,52,52,49,46,54,41,34,49,42,35,34,28,43,45,41,37,30,26,23,11,15,7,11,6,7,Primera B
T. Ferreyra,Defensores Unidos,Argentina,20,CAM,Left,167,22,53,,51,50,55,59,27,42,53,49,40,56,46,65,54,55,53,57,53,49,49,51,58,49,40,46,42,52,39,30,52,57,53,51,27,21,27,15,11,13,10,14,11,Primera B
T. Girard,Defensores Unidos,Argentina,18,CM,Right,171,21,57,,56,51,57,59,48,54,57,46,45,53,50,59,56,46,58,61,52,60,57,54,63,55,49,60,50,55,56,47,55,64,52,59,46,52,47,10,7,6,6,6,9,Primera B
Z. Gómez,Defensores Unidos,Argentina,21,"CM, CDM",Right,178,21,51,,42,48,50,53,45,49,47,46,44,53,40,53,45,42,55,56,41,43,52,49,49,53,36,57,47,48,45,48,47,47,46,48,48,43,36,12,15,14,10,7,8,Primera B
S. Herrera,Defensores Unidos,Argentina,13,"CM, CDM",Right,173,21,54,,50,48,54,54,45,48,49,44,46,58,40,52,47,45,57,57,51,50,53,55,49,48,50,53,47,59,44,47,52,52,49,59,43,44,45,13,10,11,7,10,8,Primera B
L. Montani,Defensores Unidos,Argentina,10,"CDM, CB",Left,174,27,57,,50,47,55,53,58,57,49,41,56,61,41,52,48,49,55,55,52,48,46,60,48,53,51,57,57,53,57,61,50,53,52,62,59,57,57,15,14,14,11,7,14,Primera B
M. Ortigoza,Defensores Unidos,Argentina,23,LM,Left,171,35,58,,60,55,59,58,39,53,57,55,43,60,54,61,63,51,56,55,55,65,60,54,58,57,48,62,50,55,52,42,53,62,49,57,41,36,35,11,14,8,15,14,13,Primera B
S. Patroni,Defensores Unidos,Argentina,8,"CM, CDM",Right,178,24,60,,61,53,60,62,49,58,55,51,49,62,48,60,61,55,59,64,60,61,65,61,54,54,48,61,60,58,53,51,56,62,57,63,51,47,45,6,14,12,14,13,13,Primera B
K. Redondo,Defensores Unidos,Argentina,16,CDM,Right,180,29,58,,53,49,55,54,62,62,50,48,55,60,44,50,51,47,57,59,52,54,52,57,57,50,57,60,63,51,62,64,54,53,49,58,63,64,58,10,12,13,14,14,11,Primera B
D. Salvo,Defensores Unidos,Argentina,34,"CAM, CM",Right,171,19,45,,49,43,46,48,16,38,41,43,29,47,41,52,49,44,45,44,50,48,47,34,54,46,31,47,37,38,30,17,43,51,44,44,13,15,11,10,7,8,15,10,15,Primera B
A. Sombra,Defensores Unidos,Argentina,7,"RM, LM",Right,172,28,57,,63,50,57,56,38,52,60,48,36,62,40,55,59,53,52,57,61,65,60,52,61,58,43,65,47,47,51,39,53,49,52,54,40,39,34,13,6,15,9,10,6,Primera B
A. Sosa,Defensores Unidos,Argentina,12,CDM,Right,172,32,55,,45,48,52,51,55,56,48,47,58,56,37,49,50,46,51,51,44,45,45,58,56,49,56,54,55,52,60,52,46,53,46,60,55,56,57,15,9,15,14,12,15,Primera B
J. Tello,Defensores Unidos,Argentina,22,"CDM, CM",Left,176,21,57,,54,46,55,53,61,60,50,40,52,59,47,52,52,46,55,52,55,53,50,60,57,57,55,58,61,48,60,58,48,55,45,59,58,70,58,6,15,13,14,7,12,Primera B
B. Carboni,Defensores Unidos,Argentina,29,"ST, CAM",Right,182,19,47,,51,48,39,45,16,45,38,52,47,40,43,47,44,37,35,43,49,53,47,46,41,45,48,41,49,45,38,11,49,40,50,43,13,14,10,7,13,15,7,13,11,Primera B
L. Castro,Defensores Unidos,Argentina,28,"ST, CAM",Left,179,22,50,,51,51,41,50,18,48,37,56,46,46,47,48,33,42,37,52,49,52,47,58,46,46,49,43,51,46,44,14,56,41,48,55,18,14,13,15,15,9,8,6,15,Primera B
F. D' Andrea,Defensores Unidos,Argentina,19,"ST, CAM",Right,179,21,52,,53,51,41,52,19,53,37,54,50,49,51,53,44,42,31,50,57,49,53,49,53,48,53,46,58,48,50,17,58,39,44,52,13,17,16,15,13,6,13,15,8,Primera B
M. Giménez,Defensores Unidos,Argentina,11,"LW, LM",Left,174,35,60,,66,61,59,65,30,52,59,64,45,60,54,68,65,56,54,60,64,68,71,64,64,60,53,56,53,58,44,34,66,58,54,58,29,26,24,6,8,14,15,13,11,Primera B
A. Godoy,Defensores Unidos,Argentina,31,"ST, RW",Right,178,20,51,,54,51,41,49,16,53,34,54,56,46,54,51,43,39,35,48,54,54,49,48,46,49,55,43,60,47,47,17,56,44,43,48,11,10,10,14,11,14,6,12,14,Primera B
M. López Scaglia,Defensores Unidos,Argentina,9,"ST, RW",Right,178,23,58,,60,60,47,56,26,60,45,64,63,51,58,53,51,46,43,59,59,61,55,59,55,58,58,53,69,51,49,23,64,45,56,59,23,20,17,14,11,13,6,7,7,Primera B
L. Pedraza,Defensores Unidos,Argentina,32,"RW, ST",Left,170,22,47,,59,48,44,46,16,37,49,53,31,44,46,46,43,37,39,44,55,63,53,49,53,47,38,45,35,43,34,20,45,46,40,44,13,15,10,10,9,15,7,14,8,Primera B
J. Pablo Domínguez,Deportivo Armenio,Argentina,1,GK,Left,186,34,61,,32,21,31,27,21,42,15,16,21,41,12,14,16,10,27,30,28,36,34,63,43,45,49,34,47,14,38,30,10,41,21,40,19,20,12,61,59,53,59,63,37,Primera B
L. García|,Deportivo Armenio,Argentina,30,GK,Left,190,20,53,,30,15,24,20,11,34,10,10,12,32,10,10,10,10,20,21,32,28,29,46,30,33,40,24,41,10,25,14,10,32,12,33,10,10,10,55,51,49,54,56,28,Primera B
N. Nistal,Deportivo Armenio,Argentina,12,GK,Left,180,23,61,,35,18,30,25,18,44,19,10,17,36,14,15,11,20,34,26,35,35,31,57,40,44,46,38,49,13,37,27,11,37,21,37,15,15,20,64,59,54,64,60,35,Primera B
J. Mugica,Deportivo Armenio,Argentina,25,GK,Right,183,22,55,,30,15,23,20,14,38,10,10,17,29,10,11,12,10,30,19,30,30,32,49,34,36,41,28,46,10,28,23,10,27,14,40,10,10,15,56,55,47,57,58,33,Primera B
S. Ávalos,Deportivo Armenio,Argentina,2,"CB, CDM",Right,183,24,55,,48,35,43,44,57,61,39,27,59,52,30,41,31,34,49,46,47,49,41,49,43,51,60,55,66,38,56,54,32,32,38,54,58,60,53,11,7,8,6,8,6,Primera B
I. Cardozo,Deportivo Armenio,Argentina,26,RB,Left,171,25,61,,66,47,56,59,56,57,60,41,50,59,44,63,50,47,53,54,63,69,61,59,68,58,60,65,53,48,58,60,50,52,48,58,57,53,56,14,14,7,11,11,12,Primera B
R. Charquero,Deportivo Armenio,Argentina,36,RB,Left,179,17,48,,55,35,41,44,44,44,45,32,35,40,34,42,43,33,39,47,54,56,52,40,44,45,42,50,39,34,48,44,35,42,34,37,45,46,46,7,12,7,11,15,12,Primera B
J. Echeverría,Deportivo Armenio,Argentina,14,RB,Left,180,22,60,,65,47,55,57,57,58,63,44,52,56,44,52,55,46,48,59,67,64,63,63,61,53,56,65,54,48,59,55,49,51,46,59,58,58,62,11,15,7,6,14,15,Primera B
C. Gómez,Deportivo Armenio,Argentina,15,LB,Left,176,22,54,,58,37,48,52,56,52,52,36,54,50,35,49,48,42,43,54,59,57,53,55,55,41,47,60,47,35,56,55,42,44,33,51,58,56,59,9,10,14,8,14,15,Primera B
F. Marchesini,Deportivo Armenio,Argentina,3,"LB, LM",Left,175,26,60,,64,46,56,55,57,62,56,44,50,60,43,54,49,47,56,53,66,63,60,57,56,55,56,68,61,41,57,60,45,52,44,56,55,58,61,6,14,6,13,6,15,Primera B
N. Mosca,Deportivo Armenio,Argentina,4,RB,Left,174,23,64,,70,51,61,64,64,64,67,49,61,65,45,64,57,47,56,62,71,69,66,67,68,54,62,67,63,53,63,67,52,57,48,63,62,62,70,8,9,14,9,14,13,Primera B
C. Rodríguez,Deportivo Armenio,Argentina,27,LB,Left,179,22,55,,59,40,52,50,53,52,61,38,51,53,38,46,48,38,49,53,60,58,53,53,56,48,54,59,47,37,56,46,52,47,38,52,55,55,54,7,13,9,11,11,15,Primera B
S. Vacarezza,Deportivo Armenio,Argentina,31,"LB, LM",Left,179,19,51,,56,38,44,48,50,49,46,39,44,45,34,43,45,35,47,53,56,56,50,44,55,46,55,53,49,32,44,52,39,42,32,40,52,48,51,14,6,14,15,13,13,Primera B
E. Aguirre,Deportivo Armenio,Argentina,13,CDM,Right,175,17,47,,44,38,45,43,47,50,39,35,44,50,33,43,37,36,51,45,46,42,36,50,44,42,43,50,49,43,53,51,37,41,40,42,49,44,47,15,8,7,13,15,8,Primera B
F. Almanza,Deportivo Armenio,Argentina,16,CDM,Right,186,26,60,,56,50,56,56,64,62,44,46,54,62,42,51,49,53,62,62,55,56,52,64,53,62,55,66,61,50,60,69,49,56,49,63,66,64,59,14,10,7,15,10,6,Primera B
M. Balceda,Deportivo Armenio,Argentina,32,LM,Right,176,17,51,,58,47,50,47,31,47,53,48,40,51,44,45,55,40,45,49,58,58,52,38,57,46,42,50,47,47,45,29,48,49,42,47,32,27,35,11,10,15,15,15,6,Primera B
D. Barrionuevo,Deportivo Armenio,Argentina,11,"LM, RM",Left,177,22,60,,65,55,57,60,45,51,61,53,47,56,53,63,56,54,53,59,64,66,55,56,65,57,47,58,50,56,47,42,56,57,56,58,49,44,43,8,7,12,12,9,15,Primera B
R. Gerez,Deportivo Armenio,Argentina,20,"CAM, ST",Right,175,20,53,,53,53,57,54,27,43,55,52,45,58,48,57,51,52,54,50,54,52,52,51,54,50,42,51,41,58,38,32,54,64,51,55,24,23,17,14,13,8,14,9,11,Primera B
L. Giménez,Deportivo Armenio,Argentina,24,CM,Right,173,20,55,,52,49,54,57,47,51,48,46,49,57,44,57,50,47,54,59,47,57,54,48,55,56,53,54,48,48,56,48,53,60,51,56,45,50,42,7,8,12,15,9,7,Primera B
J. Guenzani,Deportivo Armenio,Argentina,28,RM,Right,165,23,55,,59,48,53,58,35,49,55,44,41,54,43,59,53,44,54,60,58,59,56,51,58,54,50,55,46,49,49,39,49,51,55,50,37,31,31,6,7,12,7,7,9,Primera B
S. Lagomarsino,Deportivo Armenio,Argentina,7,RM,Left,181,22,57,,61,51,55,57,38,50,62,51,47,51,51,57,53,49,54,55,64,59,64,57,57,54,50,54,47,47,51,44,55,57,51,54,37,36,31,6,12,7,9,12,15,Primera B
F. Motta,Deportivo Armenio,Argentina,17,RM,Left,177,32,56,,59,50,56,59,37,53,66,47,45,55,48,63,56,50,54,54,60,58,61,60,61,53,45,62,52,54,46,32,54,50,49,56,38,36,35,14,7,15,15,7,15,Primera B
M. Orellana,Deportivo Armenio,Argentina,34,"CDM, CM",Left,187,18,50,,45,38,48,46,52,47,45,34,49,53,30,43,37,40,49,49,42,48,48,46,44,48,45,50,44,39,52,56,45,48,37,49,51,52,49,15,11,7,13,8,11,Primera B
B. Ortiz,Deportivo Armenio,Argentina,10,CAM,Left,171,23,65,,63,67,66,67,36,59,61,67,53,73,64,66,64,65,57,69,65,62,66,62,70,66,55,63,58,66,58,41,70,66,71,70,33,32,35,7,13,14,10,15,8,Primera B
L. Pellegrino,Deportivo Armenio,Argentina,22,CDM,Right,176,21,53,,46,43,51,48,54,58,44,40,52,59,40,43,46,41,56,52,43,48,45,50,52,47,48,60,57,47,58,54,44,45,46,52,53,56,51,15,8,6,6,12,13,Primera B
O. Pérez,Deportivo Armenio,Argentina,33,"CM, CAM",Left,168,18,51,,49,43,53,52,45,51,45,43,44,57,41,52,46,48,53,54,51,48,49,51,51,45,41,52,52,42,48,46,47,55,40,48,42,46,46,13,13,11,6,14,7,Primera B
R. Ramos,Deportivo Armenio,Argentina,6,"LM, LW",Left,170,21,54,,59,47,52,53,34,51,50,45,37,54,47,55,56,49,52,49,56,62,57,52,56,49,48,58,49,47,49,34,55,52,49,53,37,30,34,7,13,13,8,15,15,Primera B
N. Sánchez,Deportivo Armenio,Argentina,21,"CDM, CM",Right,173,29,56,,50,47,53,55,59,60,44,41,51,57,43,55,45,52,57,55,48,51,54,59,54,53,55,60,60,55,62,63,43,55,48,52,58,61,56,6,14,9,6,10,10,Primera B
T. Suánez,Deportivo Armenio,Argentina,18,CM,Right,174,20,55,,57,49,56,56,48,49,54,45,48,57,48,52,52,49,63,60,59,56,55,59,55,54,52,53,45,55,51,46,51,52,44,55,48,50,43,8,14,9,11,15,9,Primera B
F. Tello,Deportivo Armenio,Argentina,5,"CDM, CB",Right,188,32,66,,54,56,63,63,65,70,54,52,65,68,46,62,56,56,66,61,54,54,62,72,62,62,66,69,70,61,70,67,58,63,58,71,63,65,66,12,8,12,10,14,7,Primera B
L. Villalva,Deportivo Armenio,Argentina,8,"CM, CDM",Right,179,26,64,,60,59,64,66,53,59,63,56,60,64,57,67,60,58,64,67,58,62,59,63,67,65,49,65,56,63,60,52,60,67,56,68,50,54,57,10,12,12,13,12,13,Primera B
N. Benítez,Deportivo Armenio,Argentina,35,LW,Left,172,18,50,,57,50,47,51,23,41,50,54,34,47,45,53,49,39,43,49,58,56,55,49,56,48,39,48,39,44,38,23,48,47,53,46,22,21,18,10,6,6,13,11,9,Primera B
J. Brandán,Deportivo Armenio,Argentina,29,"ST, RW",Left,178,18,53,,57,54,44,50,20,53,42,53,53,49,52,51,44,41,32,49,53,60,46,55,49,58,53,44,60,50,47,13,59,46,57,49,17,20,14,9,15,7,8,15,14,Primera B
M. Davila,Deportivo Armenio,Argentina,23,"LW, LM",Right,172,23,60,,63,58,59,59,30,50,61,56,46,62,55,60,58,56,56,57,61,65,61,59,68,61,43,57,49,60,44,33,63,56,51,59,30,25,23,11,8,9,10,10,7,Primera B
J. Herrera,Deportivo Armenio,Argentina,9,"ST, RW",Right,186,26,60,,58,63,51,58,26,59,49,64,61,54,62,59,49,52,44,58,60,57,57,60,53,66,63,52,64,58,55,21,64,52,59,59,28,18,17,13,11,7,11,10,15,Primera B
L. Palma,Deportivo Armenio,Argentina,19,"ST, RW",Right,173,23,60,,60,61,53,56,27,58,49,62,59,61,58,54,55,52,46,55,58,61,62,60,53,62,63,54,63,56,50,25,65,49,61,60,25,23,21,15,11,6,7,6,13,Primera B
R. Ferrario,Deportivo Camioneros,Argentina,12,GK,Right,185,26,59,,30,16,26,25,16,42,13,10,13,30,10,17,16,12,32,26,28,32,31,52,36,38,53,38,45,13,39,27,10,33,14,33,13,13,14,61,55,53,54,62,33,Primera B
A. Ibarra,Deportivo Camioneros,Argentina,30,GK,Right,186,22,55,,33,16,22,22,12,42,13,10,13,26,10,10,12,10,27,25,33,33,33,50,32,36,47,29,50,11,35,18,10,28,15,34,10,10,10,56,47,51,57,57,35,Primera B
T. Loray,Deportivo Camioneros,Argentina,28,GK,Right,187,21,54,,30,15,23,22,14,39,10,10,20,29,10,10,10,10,25,26,29,30,33,54,36,36,43,32,47,10,28,17,10,32,15,32,16,10,11,54,53,51,55,56,30,Primera B
H. Ramírez,Deportivo Camioneros,Argentina,1,GK,Right,186,42,62,,38,20,30,28,20,47,17,15,21,31,10,17,15,19,36,29,35,40,36,59,43,38,57,37,53,15,40,31,16,42,23,49,18,16,17,62,63,53,60,64,39,Primera B
F. Ruslender,Deportivo Camioneros,Argentina,31,GK,Left,179,23,54,,31,14,21,22,13,38,10,10,17,27,10,10,10,10,25,28,33,29,26,55,32,32,39,28,47,10,29,20,10,23,10,26,11,10,10,57,51,47,55,54,34,Primera B
M. Coronel,Deportivo Camioneros,Argentina,3,"LB, LM",Left,180,25,64,,69,50,60,62,59,65,64,47,60,64,44,57,55,56,56,66,68,70,65,67,70,65,56,64,67,47,65,57,47,54,47,61,57,59,64,9,15,12,13,14,11,Primera B
E. Del Bianco,Deportivo Camioneros,Argentina,14,"RB, LB",Left,174,28,61,,67,48,58,57,59,57,59,47,50,61,40,56,58,46,59,56,67,67,64,58,63,52,61,63,55,50,53,54,53,52,43,51,58,66,62,12,12,7,9,14,7,Primera B
S. Díaz,Deportivo Camioneros,Argentina,15,LB,Left,182,30,61,,63,47,59,57,57,62,71,44,60,63,41,52,48,45,55,61,61,64,65,60,61,59,58,69,61,41,57,56,52,49,45,55,56,59,55,14,15,14,12,6,12,Primera B
A. Fernández,Deportivo Camioneros,Argentina,26,"RB, LB",Right,174,20,56,,62,42,51,51,52,52,56,38,49,52,38,51,52,41,50,48,63,62,60,52,57,51,54,56,51,44,51,52,48,45,34,51,46,56,58,13,11,10,15,15,15,Primera B
M. Heredia,Deportivo Camioneros,Argentina,32,"LB, LM",Right,171,23,54,,58,38,50,51,52,50,58,32,48,51,34,47,52,46,49,54,60,57,57,49,58,45,44,61,46,41,47,55,38,42,46,45,50,52,54,15,15,12,12,8,7,Primera B
D. Miguez,Deportivo Camioneros,Argentina,13,"CB, RB",Right,187,23,58,,54,41,43,48,63,61,43,39,66,49,33,45,36,33,49,50,54,54,46,55,47,54,60,57,63,35,59,60,32,33,43,54,64,63,61,13,11,8,7,10,13,Primera B
G. Pusula,Deportivo Camioneros,Argentina,24,"CB, RB",Left,180,29,60,,58,42,46,50,63,62,46,36,63,52,34,44,39,38,51,57,54,61,47,60,48,60,63,56,64,40,65,63,36,37,42,57,65,59,65,15,13,8,13,13,12,Primera B
F. Rebussone,Deportivo Camioneros,Argentina,6,CB,Right,188,27,63,,57,43,52,54,67,65,48,41,69,61,37,49,43,45,55,59,55,59,52,62,55,53,68,61,67,44,64,68,32,40,42,57,70,65,64,6,12,6,15,15,10,Primera B
N. Sainz,Deportivo Camioneros,Argentina,2,"CB, CDM",Right,178,37,63,,55,45,51,54,62,63,48,44,65,58,39,46,45,46,55,61,56,54,54,65,56,55,64,59,63,40,68,63,46,43,45,65,60,63,65,15,10,10,12,12,15,Primera B
M. Almada,Deportivo Camioneros,Argentina,21,CM,Right,177,21,55,,52,51,57,56,47,51,51,50,45,62,50,55,54,45,59,59,56,48,54,54,47,54,46,61,46,48,53,45,58,56,51,53,48,49,48,8,9,6,11,6,10,Primera B
J. Álvarez Morinigo,Deportivo Camioneros,Argentina,20,"CDM, CB",Left,179,28,56,,48,48,53,53,54,57,47,45,46,58,42,53,47,44,57,54,49,47,43,54,52,55,56,66,54,47,54,58,52,50,49,58,54,52,58,11,7,8,9,6,7,Primera B
L. Brizuela,Deportivo Camioneros,Argentina,16,CDM,Right,178,23,63,,56,54,62,59,63,67,56,52,64,69,45,59,51,56,59,60,58,55,55,60,59,62,60,72,64,55,70,67,52,60,53,66,65,59,57,11,14,13,14,11,14,Primera B
S. González,Deportivo Camioneros,Argentina,34,CDM,Right,178,21,52,,43,43,49,48,54,54,38,36,46,55,32,46,43,40,53,51,42,44,46,56,46,56,46,58,54,49,53,58,44,50,42,49,56,52,52,8,8,13,14,8,11,Primera B
M. Ledesma,Deportivo Camioneros,Argentina,35,"CM, CAM",Right,165,22,51,,49,45,46,53,42,53,46,42,40,42,40,53,45,49,50,53,51,47,51,55,48,51,47,58,54,49,47,42,46,52,40,58,40,46,42,8,12,8,8,12,14,Primera B
G. López,Deportivo Camioneros,Argentina,8,CM,Right,184,34,60,,55,53,62,61,53,53,58,47,50,64,49,60,58,52,66,62,57,54,60,63,62,61,49,60,51,58,52,55,58,61,52,65,55,53,50,9,9,8,12,12,10,Primera B
P. López,Deportivo Camioneros,Argentina,5,"CDM, CM",Left,178,29,60,,54,51,55,54,62,61,53,47,58,59,39,50,46,51,57,59,55,54,53,54,53,58,59,62,62,56,56,65,51,53,51,62,57,66,62,11,14,7,13,6,11,Primera B
S. Nelle,Deportivo Camioneros,Argentina,22,"CDM, CM",Right,174,32,62,,53,55,57,58,63,66,50,54,59,56,50,56,47,53,70,61,50,55,54,61,59,55,65,59,70,59,63,67,53,58,53,67,61,65,60,11,9,12,8,8,9,Primera B
I. Pereyra,Deportivo Camioneros,Argentina,25,CDM,Right,176,26,57,,50,45,54,50,57,61,40,41,55,60,41,45,51,40,59,52,51,50,53,58,52,53,54,64,60,46,62,57,48,58,48,55,54,60,59,10,9,7,6,8,10,Primera B
L. Pérez Godoy,Deportivo Camioneros,Argentina,4,"CDM, CM",Right,177,33,61,,52,51,59,57,63,63,53,44,60,66,50,55,52,50,63,59,50,53,53,67,56,59,58,64,63,59,61,60,49,55,54,62,67,64,61,7,8,6,15,12,11,Primera B
L. Silva,Deportivo Camioneros,Argentina,18,"CM, CAM",Right,169,21,57,,56,52,56,59,45,54,51,51,45,58,52,57,55,50,59,62,58,54,60,66,55,54,47,62,52,52,53,44,55,57,51,57,46,44,45,15,13,14,11,8,7,Primera B
G. Videla,Deportivo Camioneros,Argentina,36,"CM, CDM",Left,170,23,51,,47,49,51,53,40,44,49,48,39,50,45,54,49,44,57,53,44,49,54,51,53,51,45,54,39,51,44,44,45,54,47,50,42,37,41,11,15,7,10,8,11,Primera B
R. Acosta,Deportivo Camioneros,Argentina,19,"ST, CAM",Right,178,36,59,,58,61,50,58,26,58,47,64,62,56,63,57,46,48,43,60,59,58,58,62,54,61,55,61,60,55,51,24,64,49,56,58,27,17,20,6,6,8,10,8,11,Primera B
F. Aguirre,Deportivo Camioneros,Argentina,9,"ST, CAM",Right,178,24,63,,69,64,51,64,30,64,51,67,70,55,59,65,52,55,46,63,72,66,68,65,60,63,65,61,69,58,56,28,64,48,60,68,25,26,26,8,8,8,6,10,6,Primera B
M. Corbalan,Deportivo Camioneros,Argentina,27,RW,Right,171,39,55,,55,54,53,56,26,45,52,54,42,51,45,59,55,49,52,52,57,53,61,59,60,56,39,52,45,53,37,28,57,59,51,52,29,19,19,9,9,14,12,12,10,Primera B
M. De Jesús,Deportivo Camioneros,Argentina,7,RW,Right,173,25,62,,69,60,59,65,31,50,65,58,48,58,61,65,61,56,51,64,71,68,66,65,72,64,54,59,47,58,46,34,59,61,60,62,29,28,26,8,6,10,12,7,10,Primera B
R. Giorno Paredes,Deportivo Camioneros,Argentina,11,LW,Right,176,25,57,,63,57,56,59,24,50,53,58,40,60,52,57,55,53,49,61,65,61,60,63,66,56,50,59,48,56,42,27,62,58,55,54,26,17,14,8,10,6,9,14,6,Primera B
N. González,Deportivo Camioneros,Argentina,10,"RW, RM",Right,174,28,58,,62,55,56,62,26,53,54,55,42,59,61,63,57,55,46,60,66,59,71,56,61,55,50,63,52,52,46,29,60,59,55,64,24,22,21,10,14,15,11,14,14,Primera B
I. Huguenet,Deportivo Camioneros,Argentina,17,RW,Left,177,28,58,,64,53,56,58,27,50,59,52,44,55,51,62,54,53,49,53,61,66,61,57,61,55,49,56,49,50,45,29,59,62,54,56,23,25,24,7,8,12,10,6,6,Primera B
T. Lezcano,Deportivo Camioneros,Argentina,33,"ST, RW",Right,188,20,53,,58,54,41,48,21,52,41,58,55,43,56,48,41,42,33,46,57,59,55,53,47,47,56,50,56,51,46,21,56,41,53,50,14,18,14,13,13,14,10,6,8,Primera B
F. Moyano,Deportivo Camioneros,Argentina,23,LW,Left,173,28,57,,64,56,57,62,26,50,63,57,45,59,55,60,51,50,55,65,63,65,61,66,64,54,46,60,46,56,49,27,58,50,52,54,22,25,25,10,11,14,12,9,8,Primera B
N. Moyano,Deportivo Camioneros,Argentina,29,ST,Right,172,23,56,,52,58,47,52,23,56,46,60,52,52,59,50,48,46,42,53,51,53,57,55,50,55,53,46,66,55,45,20,61,42,54,55,20,21,14,9,10,8,13,15,12,Primera B
T. Libares,Deportivo Laferrere,Argentina,1,GK,Right,190,29,64,,39,23,33,32,22,44,20,18,23,41,12,18,23,13,36,36,41,38,41,66,46,44,51,39,48,18,38,29,12,36,21,48,21,20,17,67,60,55,59,69,43,Primera B
S. Martínez,Deportivo Laferrere,Argentina,25,GK,Right,187,21,54,,27,14,23,22,12,39,10,10,12,25,10,10,12,10,33,26,30,25,31,50,35,28,42,33,45,10,31,18,10,32,11,34,10,10,11,54,55,47,53,60,27,Primera B
M. Morro,Deportivo Laferrere,Argentina,12,GK,Right,186,21,56,,31,15,23,23,16,38,11,10,14,28,10,10,15,10,19,27,30,32,31,52,37,32,46,31,46,10,24,21,10,33,18,35,15,15,10,56,54,44,56,59,34,Primera B
I. Cavoret,Deportivo Laferrere,Argentina,14,"RB, LB",Right,178,26,59,,68,47,55,58,57,57,57,46,50,60,42,53,49,42,50,61,66,69,61,59,62,54,60,63,56,46,50,57,50,53,43,56,56,60,61,15,9,15,9,15,8,Primera B
N. Manzi,Deportivo Laferrere,Argentina,15,"LB, LM",Left,171,22,56,,55,42,52,54,55,56,56,35,49,57,41,53,51,49,46,53,54,55,60,48,61,54,50,59,56,45,54,56,40,46,38,47,53,58,53,13,13,9,8,15,11,Primera B
L. Nebot,Deportivo Laferrere,Argentina,2,"CB, RB",Right,178,36,61,,56,38,48,50,63,60,48,32,61,52,40,46,36,39,48,50,59,53,49,64,54,51,63,54,61,38,63,65,38,44,44,58,63,63,62,12,15,8,15,6,8,Primera B
B. Portillo,Deportivo Laferrere,Argentina,6,CB,Right,184,22,61,,58,42,48,48,63,61,49,37,63,53,38,46,38,37,51,49,55,61,48,59,47,58,63,54,64,40,64,66,39,42,40,57,58,67,62,11,9,15,7,7,8,Primera B
J. Pablo Redondo,Deportivo Laferrere,Argentina,13,CB,Right,188,22,54,,53,33,43,41,60,57,38,24,60,49,33,38,37,38,47,39,54,53,43,49,48,53,57,52,62,31,52,60,32,38,36,52,58,64,52,8,13,10,9,10,9,Primera B
D. Solís,Deportivo Laferrere,Argentina,3,LB,Right,181,22,58,,63,46,55,57,56,56,57,44,50,56,38,58,49,47,53,57,65,62,54,53,60,56,54,66,54,45,51,57,43,54,42,58,56,54,62,9,11,11,14,8,12,Primera B
N. Vivas,Deportivo Laferrere,Argentina,4,CB,Right,192,26,61,,51,40,50,52,65,61,47,33,63,58,39,47,46,42,51,57,53,50,51,51,47,52,65,55,63,45,61,65,36,41,38,61,64,69,60,8,12,7,6,7,10,Primera B
G. Atardo,Deportivo Laferrere,Argentina,10,"CDM, CM",Right,175,25,55,,47,48,53,51,54,60,45,42,43,60,42,47,44,45,55,56,51,44,50,52,53,55,53,61,61,55,57,54,48,53,47,54,53,58,52,11,14,6,11,10,12,Primera B
A. Benítez,Deportivo Laferrere,Argentina,16,CM,Right,167,30,63,,62,60,66,63,57,60,64,58,53,70,52,63,65,61,63,64,60,64,61,65,63,65,51,65,59,64,56,54,59,64,59,54,55,62,57,13,14,10,13,14,6,Primera B
R. Biondi,Deportivo Laferrere,Argentina,26,LM,Left,170,21,51,,58,48,49,55,31,46,55,44,38,47,38,57,49,42,47,56,59,58,51,49,49,55,41,51,44,52,47,29,48,48,41,45,33,30,27,7,7,12,7,13,9,Primera B
D. Bramajo,Deportivo Laferrere,Argentina,21,"CDM, CB",Right,177,21,52,,46,41,49,49,50,53,43,34,49,55,33,45,42,46,56,54,44,47,46,48,48,48,44,57,54,49,49,52,43,43,42,49,46,52,53,9,15,9,15,15,10,Primera B
M. Cantero,Deportivo Laferrere,Argentina,24,RM,Right,173,23,54,,58,50,51,54,36,48,50,51,44,56,45,59,55,50,45,49,61,56,55,54,57,48,45,52,45,53,49,34,49,48,49,47,37,36,30,9,8,10,12,14,13,Primera B
J. Denis,Deportivo Laferrere,Argentina,18,"CM, CDM",Right,172,25,62,,62,55,63,61,55,59,57,50,50,65,52,60,62,53,69,61,58,66,64,65,61,59,51,63,60,61,54,54,59,63,55,65,53,58,56,9,8,11,12,7,14,Primera B
M. Digangi,Deportivo Laferrere,Argentina,20,LM,Right,169,27,55,,58,47,54,54,38,49,65,45,43,52,46,55,58,51,51,54,59,58,53,57,55,51,45,59,44,46,50,39,50,47,44,49,41,35,34,12,9,8,11,13,12,Primera B
L. Mamani,Deportivo Laferrere,Argentina,22,"CDM, CM",Right,174,23,57,,50,49,55,49,57,61,52,46,54,57,40,47,53,52,63,50,52,49,50,49,55,53,58,63,59,53,66,62,46,49,49,56,53,55,64,14,8,6,8,10,11,Primera B
J. Martini,Deportivo Laferrere,Argentina,27,"RM, RW",Right,173,21,50,,55,44,48,52,32,44,52,40,35,46,43,52,51,47,48,52,58,53,59,55,53,49,42,50,42,48,44,33,42,46,45,43,32,31,26,10,14,10,9,11,7,Primera B
A. Ortiz,Deportivo Laferrere,Argentina,17,"CDM, CM",Right,185,27,56,,47,49,54,50,56,56,45,47,55,60,39,51,48,47,56,50,49,45,48,51,48,53,49,57,54,52,59,62,45,55,45,57,55,54,55,11,10,10,9,9,9,Primera B
F. Ortiz,Deportivo Laferrere,Argentina,11,"LM, LW",Left,184,28,60,,67,55,59,62,41,54,65,57,48,57,50,68,57,53,60,55,62,71,66,58,68,50,55,61,51,56,51,41,60,59,57,61,40,41,35,10,12,12,12,12,12,Primera B
T. Rizzelli,Deportivo Laferrere,Argentina,31,RM,Right,173,17,47,,54,43,47,47,26,42,45,44,33,49,42,47,51,43,43,47,54,54,51,44,48,41,37,47,42,41,39,23,44,47,41,37,20,31,30,12,13,9,9,12,11,Primera B
L. Rosello,Deportivo Laferrere,Argentina,30,CM,Right,167,19,49,,44,45,47,47,41,49,44,44,41,48,39,42,44,36,52,50,43,44,52,48,51,47,42,54,51,51,40,42,39,46,41,47,39,42,40,8,15,15,12,12,8,Primera B
E. Trejo,Deportivo Laferrere,Argentina,8,CM,Right,172,31,62,,59,54,61,62,55,59,56,49,47,62,51,60,58,52,65,65,59,59,61,67,62,57,54,65,57,61,58,60,56,63,51,62,55,53,58,9,10,7,7,12,7,Primera B
A. Visco,Deportivo Laferrere,Argentina,5,"CDM, CM",Right,184,29,58,,50,49,57,56,57,61,49,47,55,57,46,52,54,45,65,61,53,48,55,56,51,55,56,65,62,48,57,60,52,61,49,53,55,57,56,7,13,8,12,7,14,Primera B
R. Digión,Deportivo Laferrere,Argentina,23,"LW, ST",Left,167,24,56,,62,55,52,60,24,50,54,58,39,54,49,60,54,52,47,61,62,62,66,56,61,55,42,55,53,50,40,29,51,50,49,54,24,18,22,11,15,14,6,8,7,Primera B
N. Gómez,Deportivo Laferrere,Argentina,28,"LW, LM",Right,174,19,52,,64,49,54,58,25,39,54,49,43,59,47,61,58,45,43,58,66,63,58,50,57,54,45,48,39,46,28,24,54,53,44,46,26,23,12,14,8,6,13,11,15,Primera B
J. Morán,Deportivo Laferrere,Argentina,7,RW,Right,170,37,58,,61,56,56,63,25,50,61,58,36,53,56,64,58,53,52,64,60,62,60,65,62,57,47,58,49,54,41,27,55,59,49,57,23,23,21,9,14,11,13,14,9,Primera B
L. Rebecchi,Deportivo Laferrere,Argentina,19,ST,Right,183,25,56,,57,60,47,56,24,53,43,64,56,49,55,53,51,50,43,61,59,55,53,61,50,57,54,55,54,57,47,25,63,47,59,55,20,21,14,12,7,12,12,9,14,Primera B
F. Romero,Deportivo Laferrere,Argentina,9,"ST, CAM",Left,192,24,66,,67,70,58,63,30,65,56,74,67,61,68,63,56,55,48,63,69,66,63,61,61,76,68,63,71,57,52,31,76,62,63,72,26,21,25,15,7,9,7,9,15,Primera B
D. Vega,Deportivo Laferrere,Argentina,29,"ST, RW",Right,183,22,54,,53,55,47,54,21,53,43,57,50,54,54,55,47,44,38,56,55,52,54,50,41,53,53,50,57,52,47,15,57,46,50,55,17,20,19,6,14,14,14,14,12,Primera B
T. Figueroa,Deportivo Merlo,Argentina,1,GK,Right,180,31,63,,38,19,32,27,20,44,17,12,22,40,19,12,19,21,34,31,37,39,37,60,47,43,42,35,52,11,38,31,14,40,24,40,14,20,14,63,64,59,59,63,39,Primera B
L. Higa,Deportivo Merlo,Argentina,32,GK,Right,186,19,50,,25,13,20,19,11,35,10,10,11,25,10,10,12,10,19,18,27,24,31,47,35,25,42,24,43,10,29,16,10,28,10,25,10,10,10,49,51,46,52,54,27,Primera B
V. Ratti,Deportivo Merlo,Argentina,25,GK,Right,184,24,54,,28,14,24,20,12,33,10,10,17,29,10,10,10,10,25,20,31,26,27,51,33,28,38,22,40,10,30,13,10,33,10,38,10,10,12,53,51,47,52,50,33,Primera B
I. Turnes,Deportivo Merlo,Argentina,30,GK,Right,192,26,56,,33,17,24,23,15,40,10,10,17,31,10,15,10,13,30,24,37,30,29,55,36,39,43,33,49,14,27,20,10,29,13,29,16,11,10,57,56,50,56,65,30,Primera B
F. Aguerre,Deportivo Merlo,Argentina,3,"LB, LM",Left,169,30,64,,69,51,61,61,62,59,65,47,59,65,47,58,66,52,61,61,65,72,68,62,66,62,62,63,57,51,58,61,49,51,53,63,65,61,61,6,7,13,12,7,6,Primera B
L. Barrientos,Deportivo Merlo,Argentina,14,RB,Right,176,20,55,,62,41,51,51,53,53,56,38,50,52,34,56,48,39,51,44,59,64,58,52,56,53,51,58,50,35,55,51,41,46,42,49,57,51,51,7,9,12,7,11,10,Primera B
L. Figueredo,Deportivo Merlo,Argentina,4,"RB, RM",Right,172,23,62,,66,46,55,57,58,58,59,39,54,60,49,59,53,45,51,52,64,67,62,59,68,61,59,64,56,46,56,56,50,49,48,59,60,58,60,13,8,15,12,13,13,Primera B
A. Jiménez,Deportivo Merlo,Argentina,31,LB,Left,177,23,52,,58,40,47,50,51,50,46,40,47,54,35,45,44,38,44,53,55,60,57,48,55,44,48,58,49,37,45,48,39,39,41,53,51,55,51,8,11,6,11,12,6,Primera B
L. Miguez,Deportivo Merlo,Argentina,13,CB,Right,178,28,59,,55,40,46,49,64,63,46,32,70,49,30,44,37,37,47,54,52,57,43,52,50,58,68,57,65,43,64,62,35,43,39,54,66,62,60,8,14,15,7,11,11,Primera B
A. Minnicelli,Deportivo Merlo,Argentina,2,CB,Right,179,26,63,,59,44,51,52,63,64,44,41,60,56,35,48,48,48,54,54,54,63,55,62,53,58,66,55,68,42,67,67,40,49,45,61,65,59,62,7,8,8,13,9,15,Primera B
D. Pereyra,Deportivo Merlo,Argentina,35,LB,Left,169,16,49,,55,35,43,48,47,48,49,30,44,42,30,46,40,38,47,51,50,59,51,44,55,44,42,56,46,36,46,48,36,38,35,42,43,52,49,7,9,7,9,8,9,Primera B
J. Ignacio Ruggeri,Deportivo Merlo,Argentina,33,"LB, LM",Right,167,22,50,,54,38,46,49,48,49,52,36,46,49,31,49,40,36,48,48,55,53,52,50,49,47,48,57,44,37,51,52,36,36,38,41,43,50,47,6,9,7,11,15,9,Primera B
C. Sineiro,Deportivo Merlo,Argentina,24,CB,Right,187,23,52,,47,33,38,42,56,54,32,27,56,45,29,38,36,30,40,45,48,47,36,46,44,46,58,49,57,38,54,57,27,32,30,49,57,55,54,12,12,13,13,13,11,Primera B
F. Valdez,Deportivo Merlo,Argentina,15,"LB, RB",Left,176,23,55,,58,42,51,52,54,55,53,40,49,57,31,51,48,41,49,52,56,60,52,55,63,47,50,62,51,44,56,52,44,44,43,52,55,55,52,6,10,11,6,6,10,Primera B
L. Vallejo,Deportivo Merlo,Argentina,6,"CB, RB",Right,187,26,63,,55,40,52,52,68,62,47,33,68,59,35,45,44,37,56,58,52,58,51,61,52,58,62,55,63,37,69,69,38,46,45,58,66,71,64,15,6,9,7,6,10,Primera B
L. Alfieri,Deportivo Merlo,Argentina,23,LM,Left,173,20,53,,58,46,51,54,34,47,53,44,39,52,45,54,49,50,47,52,57,59,60,53,54,48,46,54,46,47,41,35,56,51,46,47,33,35,32,8,12,14,12,8,11,Primera B
A. Andino,Deportivo Merlo,Argentina,36,"CM, CAM",Left,175,21,49,,44,45,50,49,40,46,42,45,42,57,38,47,47,34,54,53,47,42,48,51,50,44,37,52,44,48,46,40,44,46,39,43,39,42,39,9,7,9,15,9,14,Primera B
F. Benítez,Deportivo Merlo,Argentina,8,CM,Right,178,35,59,,51,53,62,58,53,59,55,51,47,67,44,53,56,50,66,62,47,54,64,56,55,55,46,70,55,57,58,48,60,64,51,61,54,58,50,8,8,9,8,7,11,Primera B
J. Martín Busto,Deportivo Merlo,Argentina,12,CDM,Right,183,24,54,,46,44,50,49,56,53,45,40,50,53,40,48,43,41,54,51,43,49,45,58,48,50,51,54,53,51,54,54,43,51,42,50,56,60,51,10,6,10,14,8,12,Primera B
D. Cabrera,Deportivo Merlo,Argentina,22,"CDM, CB",Right,178,22,53,,46,46,50,49,55,54,38,42,47,54,35,48,45,37,56,49,44,47,47,55,56,50,57,53,56,52,51,53,43,55,46,55,58,58,53,12,8,12,14,11,9,Primera B
N. Casasola,Deportivo Merlo,Argentina,27,"LM, RM",Right,176,25,54,,62,50,53,57,37,50,61,48,41,50,44,61,51,49,53,54,61,63,55,53,61,49,41,57,47,58,52,38,54,51,46,51,37,35,34,14,11,12,13,9,9,Primera B
J. Da Rosa,Deportivo Merlo,Argentina,16,CDM,Right,185,28,59,,51,47,56,56,61,64,49,39,53,64,43,51,51,43,61,61,52,50,56,60,56,54,57,71,63,56,60,63,52,50,52,58,60,64,58,13,8,6,8,15,7,Primera B
A. Díaz,Deportivo Merlo,Argentina,17,LM,Left,182,20,53,,58,48,52,55,33,48,53,49,41,54,48,57,57,47,47,56,59,57,50,54,55,45,41,55,46,53,44,37,44,52,44,48,30,33,28,13,15,11,11,10,7,Primera B
I. Escobar,Deportivo Merlo,Argentina,34,"CAM, CM",Left,165,21,50,,52,50,48,54,22,41,46,50,35,49,46,56,51,48,48,53,51,53,52,55,52,53,35,44,39,52,42,25,47,49,46,57,22,18,18,11,9,15,8,6,6,Primera B
I. García,Deportivo Merlo,Argentina,37,LM,Left,164,21,49,,53,42,48,50,28,46,52,38,30,49,41,49,48,43,46,48,54,53,62,50,48,46,40,49,45,43,44,33,52,43,42,50,26,25,32,12,14,11,10,10,6,Primera B
L. Ibarra,Deportivo Merlo,Argentina,20,"CAM, CM",Right,171,23,52,,52,51,54,60,23,44,55,52,33,54,58,65,56,44,49,57,51,53,54,55,57,50,39,49,44,49,41,21,49,58,51,56,23,21,19,10,7,13,11,8,14,Primera B
G. Ojeda,Deportivo Merlo,Argentina,18,"CM, CDM",Right,176,35,57,,52,53,56,58,50,54,51,52,48,56,44,56,51,52,55,59,51,52,61,60,52,56,51,63,50,56,54,53,54,62,49,61,46,53,51,12,6,10,13,13,6,Primera B
F. Petrone,Deportivo Merlo,Argentina,26,"CDM, CM",Right,176,20,56,,55,47,54,51,55,59,42,41,54,60,42,47,49,46,59,54,54,56,51,51,54,60,54,63,57,50,59,55,50,54,48,55,58,53,57,14,14,7,10,11,6,Primera B
E. Quinteros,Deportivo Merlo,Argentina,10,CAM,Right,174,26,60,,59,60,61,64,34,51,59,61,41,61,57,67,67,58,61,63,63,56,61,62,67,63,47,53,53,57,43,37,64,64,60,60,31,34,35,13,13,6,14,11,12,Primera B
G. Sarsotto,Deportivo Merlo,Argentina,21,CAM,Right,163,23,57,,55,57,55,62,30,50,49,58,45,55,53,66,63,59,55,61,58,52,56,57,57,54,47,58,49,58,45,33,56,59,53,60,29,25,30,10,7,11,14,9,8,Primera B
J. Soos,Deportivo Merlo,Argentina,38,LM,Left,173,19,48,,55,41,45,47,29,45,47,40,32,45,41,46,48,34,44,45,56,54,57,47,54,43,40,47,44,42,45,32,42,44,39,43,30,30,17,9,12,14,12,7,10,Primera B
A. Velasco,Deportivo Merlo,Argentina,5,"CDM, CM",Right,184,25,58,,59,48,55,54,61,59,49,44,54,61,41,52,49,46,59,54,60,59,52,57,57,53,56,63,57,54,61,63,47,51,53,67,58,66,55,11,7,7,8,9,11,Primera B
N. Cali,Deportivo Merlo,Argentina,39,"ST, RW",Right,193,19,46,,49,48,38,43,15,46,39,51,48,40,42,47,38,33,33,40,50,48,40,47,46,49,47,47,48,42,40,10,46,37,45,40,15,10,10,12,6,10,8,10,12,Primera B
C. Gugenheim,Deportivo Merlo,Argentina,28,"LW, ST",Right,163,22,52,,60,50,46,54,22,46,53,49,37,43,49,58,46,41,43,49,58,62,56,50,56,53,43,57,44,47,38,23,57,50,46,47,22,18,14,10,13,11,12,6,12,Primera B
R. Hernández,Deportivo Merlo,Argentina,29,"ST, CAM",Right,180,26,57,,56,59,47,56,25,58,43,62,61,51,52,56,44,47,42,57,57,55,51,59,51,60,58,54,63,53,49,21,63,47,56,63,20,22,21,6,14,10,8,13,8,Primera B
M. Linas,Deportivo Merlo,Argentina,7,"RW, ST",Right,160,33,58,,61,60,56,62,27,51,56,63,46,55,59,63,62,51,58,62,61,61,59,63,63,59,50,58,50,56,44,27,62,57,55,62,25,24,21,12,15,12,14,6,6,Primera B
D. Maguicha,Deportivo Merlo,Argentina,19,ST,Right,187,22,59,,62,62,50,58,26,56,43,65,61,54,58,56,53,51,44,59,61,63,58,64,59,62,59,51,59,58,53,22,60,51,60,63,26,19,15,15,13,12,14,13,10,Primera B
A. Páez,Deportivo Merlo,Argentina,11,LW,Right,173,23,54,,62,53,54,58,24,43,52,53,44,55,49,58,51,48,56,61,59,65,57,56,58,53,44,50,41,52,41,27,53,54,53,51,18,23,19,13,11,11,9,9,9,Primera B
I. Sandoval,Deportivo Merlo,Argentina,9,ST,Right,182,31,62,,62,65,54,60,32,60,47,72,63,57,62,56,60,60,49,64,61,63,61,64,59,63,58,51,68,53,54,30,68,56,62,66,33,26,20,14,13,14,14,8,13,Primera B
E. Cuenca,Dock Sud,Argentina,25,GK,Right,188,22,54,,29,15,22,23,14,42,12,10,12,28,10,10,10,14,21,28,27,31,33,53,34,33,41,36,49,10,34,24,10,25,10,36,10,14,10,55,55,47,50,52,34,Primera B
G. Martínez,Dock Sud,Argentina,33,GK,Left,189,20,51,,28,14,21,17,12,34,10,10,11,26,10,10,10,15,24,18,26,29,22,41,31,32,39,28,40,10,27,18,10,25,11,25,10,10,10,54,55,43,49,54,28,Primera B
T. Tello,Dock Sud,Argentina,1,GK,Right,190,25,64,,39,20,34,30,22,46,19,10,20,43,18,18,20,11,35,34,35,43,37,55,42,43,58,37,52,21,41,30,10,42,21,49,18,23,18,67,68,56,62,68,41,Primera B
D. Arias,Dock Sud,Argentina,31,LB,Right,180,23,53,,54,37,49,52,50,54,54,32,45,54,38,52,43,42,50,51,55,53,55,45,56,50,41,65,50,31,53,51,41,37,40,52,51,50,46,8,7,9,12,9,7,Primera B
A. Barreiro,Dock Sud,Argentina,3,"LB, RB",Left,177,24,61,,65,49,54,58,58,60,58,49,52,58,43,57,53,48,56,57,66,64,63,64,63,53,53,67,59,47,55,59,47,44,48,55,59,56,62,15,11,15,7,13,7,Primera B
F. Cataldi,Dock Sud,Argentina,13,"CB, CDM",Right,180,30,56,,51,36,41,44,59,56,37,32,60,48,26,41,39,32,47,46,50,51,43,50,42,47,58,52,58,38,55,62,32,30,38,54,57,58,57,6,10,7,9,13,9,Primera B
S. Collares,Dock Sud,Argentina,24,CB,Right,178,24,55,,53,34,45,44,61,60,40,24,55,52,32,37,35,39,46,49,53,53,44,56,48,53,57,52,63,37,62,60,32,43,36,52,60,65,56,14,14,13,9,8,13,Primera B
A. Dameno,Dock Sud,Argentina,22,CB,Right,187,21,53,,49,34,40,42,56,55,36,32,54,48,25,33,32,27,42,48,49,49,44,55,39,47,60,53,58,31,51,56,29,35,33,51,55,58,55,6,8,12,7,12,7,Primera B
M. Gauna,Dock Sud,Argentina,27,LB,Left,174,19,55,,63,40,50,52,53,51,53,35,45,50,36,54,51,42,48,48,65,62,56,47,55,47,49,60,48,45,50,53,45,48,43,51,53,53,57,12,14,11,6,6,9,Primera B
N. Guerrero,Dock Sud,Argentina,15,LB,Right,173,24,56,,62,44,51,53,54,51,55,38,47,51,37,54,49,45,52,51,65,59,58,53,56,51,53,59,47,52,49,59,42,48,42,50,53,53,54,12,11,14,15,11,12,Primera B
N. López,Dock Sud,Argentina,4,"RB, RM",Right,172,21,58,,63,41,55,57,57,59,63,34,54,61,38,56,50,40,56,57,59,67,60,56,62,52,52,60,60,45,56,62,42,43,45,52,53,57,60,8,13,6,12,11,15,Primera B
F. Meza,Dock Sud,Argentina,6,"CB, RB",Right,184,24,62,,61,42,50,54,67,66,42,36,63,61,34,52,38,38,56,58,59,63,50,63,48,54,61,64,69,46,64,63,36,39,42,57,65,73,70,7,11,14,15,6,9,Primera B
N. Peraggini,Dock Sud,Argentina,28,"RB, LB",Right,185,28,55,,55,38,50,54,51,52,55,33,45,54,37,56,48,42,46,50,56,55,57,51,58,47,49,63,47,40,51,53,41,45,38,53,51,52,51,12,14,11,15,14,10,Primera B
S. Villarreal,Dock Sud,Argentina,2,"CB, CDM",Right,184,30,65,,61,45,55,55,69,67,50,39,64,63,41,52,45,45,60,57,59,62,48,63,57,64,64,64,67,38,70,67,39,47,55,62,69,73,66,11,8,7,11,6,6,Primera B
I. Álvarez,Dock Sud,Argentina,5,CDM,Right,175,26,59,,53,49,56,57,61,63,54,45,58,61,42,55,52,47,54,58,57,50,54,64,57,54,63,67,61,54,61,62,52,54,48,60,63,61,57,12,14,6,13,14,10,Primera B
A. Ávalos,Dock Sud,Argentina,18,"CM, CDM",Right,177,25,56,,53,51,55,57,47,51,48,48,50,55,40,55,51,51,62,60,49,56,56,56,60,53,47,56,49,56,52,47,56,57,55,57,45,48,47,9,13,10,8,6,7,Primera B
R. Breccia,Dock Sud,Argentina,36,RM,Right,171,22,50,,53,42,51,50,29,46,55,41,33,51,40,53,49,45,46,48,52,54,53,43,53,40,41,52,46,46,41,33,44,52,39,45,29,25,25,15,7,6,8,7,6,Primera B
O. Eichhorn,Dock Sud,Argentina,34,"CM, CDM",Right,175,20,51,,50,47,50,52,42,48,46,44,39,50,41,48,47,41,60,57,52,49,51,50,53,48,44,57,45,54,47,45,48,50,44,43,40,44,40,8,8,10,14,7,10,Primera B
M. Gastaldi,Dock Sud,Argentina,39,CM,Right,177,21,49,,48,43,49,52,40,49,47,37,39,53,37,52,42,41,51,52,47,48,51,49,52,51,51,52,46,51,51,41,44,45,43,47,41,38,37,15,10,13,13,15,10,Primera B
K. Ghigliazza,Dock Sud,Argentina,10,CAM,Right,170,25,58,,59,63,58,59,32,52,59,66,41,59,57,61,59,55,55,56,62,57,62,57,62,59,46,57,53,62,47,31,62,60,56,61,31,32,24,7,8,8,11,9,13,Primera B
G. Gómez,Dock Sud,Argentina,7,"RM, LM",Right,177,28,63,,66,56,64,65,43,57,65,55,47,66,57,65,63,50,63,64,64,67,70,63,61,61,56,68,53,54,54,42,61,64,53,63,44,42,38,8,10,9,10,15,8,Primera B
B. González,Dock Sud,Argentina,35,"CDM, CM",Left,176,22,51,,42,46,48,48,54,52,41,45,46,54,39,45,39,44,51,51,41,43,46,53,47,51,47,52,52,48,52,56,41,45,39,54,50,58,57,7,10,7,14,14,11,Primera B
G. Gualtieri,Dock Sud,Argentina,9,"CM, CAM",Right,176,25,54,,49,50,53,54,48,53,47,48,44,56,42,53,49,41,55,53,52,47,58,54,55,54,48,59,51,50,50,47,47,54,54,55,49,49,44,15,14,6,11,8,12,Primera B
F. Herrera,Dock Sud,Argentina,37,CM,Right,180,18,50,,51,44,50,48,40,49,43,42,41,55,40,49,47,43,49,48,55,48,47,50,46,46,36,57,49,44,41,37,50,54,47,48,38,45,41,10,6,13,15,8,13,Primera B
F. Nicolaievsky,Dock Sud,Argentina,12,CM,Left,171,25,58,,56,51,60,58,51,55,55,49,51,65,48,57,56,50,59,61,55,57,55,60,57,49,46,61,52,54,57,51,62,63,55,58,51,51,52,13,13,15,11,14,8,Primera B
J. Obregón,Dock Sud,Argentina,21,CAM,Right,173,19,48,,47,47,50,49,20,38,46,43,29,51,49,50,49,44,48,50,49,45,49,41,49,52,38,44,35,50,36,27,45,55,44,49,23,14,10,11,7,8,10,6,10,Primera B
F. Otero,Dock Sud,Argentina,17,RM,Left,174,21,55,,61,49,53,60,37,48,58,48,41,50,49,60,52,47,54,60,60,62,63,56,60,54,45,55,46,45,43,38,56,52,44,51,41,33,32,6,11,12,14,9,14,Primera B
R. Pérez,Dock Sud,Argentina,14,"LM, RM",Left,174,22,53,,59,48,51,51,34,44,54,47,44,51,45,49,52,48,48,53,60,59,54,51,57,46,39,55,41,53,38,38,47,52,44,46,31,30,33,10,12,13,11,9,15,Primera B
H. Perrone,Dock Sud,Argentina,16,"CM, CDM",Right,180,24,58,,55,53,59,60,50,51,54,50,45,62,48,55,52,52,63,67,51,59,59,55,53,58,53,58,47,57,53,51,53,58,51,60,51,49,49,7,14,6,11,12,12,Primera B
F. Rodríguez,Dock Sud,Argentina,26,"CM, CAM",Left,169,21,49,,46,42,47,50,44,43,42,42,38,48,37,48,39,43,49,53,45,46,50,49,48,45,44,51,39,41,43,47,47,51,42,50,43,48,36,10,13,14,14,14,8,Primera B
L. Silva,Dock Sud,Argentina,41,CAM,Right,173,19,48,,56,44,47,52,23,39,41,41,30,47,40,52,47,49,45,54,58,55,49,45,50,47,38,49,37,46,34,25,49,53,49,46,23,22,19,12,7,15,12,6,14,Primera B
V. Venetucci,Dock Sud,Argentina,20,CAM,Right,178,23,53,,53,53,54,57,24,47,50,53,33,54,52,57,56,53,48,57,55,51,57,55,60,52,46,47,50,58,42,29,49,60,50,50,23,19,23,12,12,13,12,9,13,Primera B
B. Villalba,Dock Sud,Argentina,8,"CM, CAM",Right,176,23,64,,59,59,65,64,55,65,63,55,52,65,55,66,64,55,69,61,56,61,65,71,65,64,56,69,65,62,60,55,63,67,58,64,54,56,57,11,12,15,8,12,8,Primera B
N. Aranda,Dock Sud,Argentina,38,"ST, RW",Right,170,20,50,,51,54,41,48,18,48,36,60,52,47,56,45,42,34,32,49,47,55,49,55,45,55,47,45,53,38,42,13,50,42,53,52,19,12,10,13,9,11,7,15,9,Primera B
A. Arias,Dock Sud,Argentina,19,ST,Right,184,22,54,,53,59,45,55,20,53,42,62,50,49,52,55,51,44,37,56,55,52,50,57,53,60,51,49,55,55,52,19,54,45,50,49,17,15,17,11,14,12,8,9,12,Primera B
B. Arriola,Dock Sud,Argentina,29,ST,Right,173,22,56,,59,58,46,55,24,53,43,60,59,49,59,50,44,46,42,58,62,56,58,56,57,60,52,48,55,55,53,19,59,49,52,59,25,17,13,7,6,14,8,7,15,Primera B
R. Cano,Dock Sud,Argentina,32,"ST, RW",Right,173,20,53,,58,54,42,53,18,51,41,56,57,43,54,56,47,44,37,51,60,56,55,49,49,52,50,54,52,50,45,16,57,42,57,55,11,13,17,12,10,11,15,9,14,Primera B
T. Chamorro,Dock Sud,Argentina,23,LW,Left,170,20,55,,64,52,51,57,26,45,55,52,40,52,51,57,57,48,48,60,65,64,56,51,56,51,46,52,43,54,39,24,55,49,53,53,26,23,20,6,7,13,11,11,12,Primera B
N. Sánchez,Dock Sud,Argentina,30,RW,Right,164,23,55,,61,53,52,58,22,50,59,55,39,51,50,58,54,42,46,59,65,57,57,55,62,49,43,53,54,51,38,25,58,52,52,55,24,16,14,7,10,9,10,6,8,Primera B
T. Villordo,Dock Sud,Argentina,40,"ST, RW",Right,180,19,49,,50,51,39,50,15,46,42,57,46,45,53,48,39,41,29,54,51,50,50,46,50,48,48,43,48,41,44,11,54,34,48,43,12,13,10,14,13,13,7,6,6,Primera B
S. Vivas,Dock Sud,Argentina,11,LW,Left,181,30,63,,71,62,62,65,31,54,67,64,44,62,58,67,61,52,55,60,73,70,72,59,70,62,53,63,50,58,51,30,65,63,58,63,29,31,23,7,8,12,11,13,12,Primera B
M. Blengio,Excursionistas,Argentina,25,GK,Right,176,28,55,,33,16,24,21,13,39,13,10,16,28,10,10,14,10,28,23,34,33,31,49,32,38,45,29,47,12,29,22,10,32,13,36,10,10,14,56,55,49,56,61,31,Primera B
B. Linale,Excursionistas,Argentina,38,GK,Left,171,20,53,,33,16,22,20,12,34,12,10,14,28,10,10,10,10,22,24,30,35,23,44,36,35,46,27,40,12,27,19,10,29,13,29,10,10,10,50,52,49,55,52,33,Primera B
N. Rodríguez,Excursionistas,Argentina,1,GK,Left,190,33,65,,36,26,35,33,22,48,22,20,23,39,15,24,27,19,40,33,35,36,43,64,47,48,57,39,56,19,35,28,23,43,27,44,22,18,21,68,65,53,63,63,43,Primera B
M. Alaniz,Excursionistas,Argentina,13,CB,Right,185,27,64,,56,43,52,52,69,66,47,40,60,60,37,48,44,47,53,52,55,56,52,64,56,57,66,62,68,41,68,69,35,45,45,66,71,73,64,8,6,9,8,7,11,Primera B
M. Arango,Excursionistas,Argentina,2,CB,Right,177,28,65,,59,45,54,57,69,68,49,38,67,65,39,52,44,42,54,61,60,58,53,69,52,61,69,61,69,48,72,65,38,45,41,61,71,71,65,6,15,10,11,11,7,Primera B
V. Bustos,Excursionistas,Argentina,30,"CB, RB",Left,178,26,56,,51,38,46,47,58,57,47,32,60,53,34,45,33,37,48,49,49,53,42,49,51,57,63,54,56,38,62,61,31,37,36,53,57,56,61,12,10,11,11,7,13,Primera B
M. Cahais,Excursionistas,Argentina,33,CB,Right,179,38,55,,49,34,44,46,59,64,39,29,61,51,30,41,36,34,51,47,51,47,45,54,51,53,58,55,67,28,67,45,33,38,34,61,63,62,60,12,13,8,15,14,14,Primera B
M. Fernández,Excursionistas,Argentina,6,"CB, RB",Right,188,25,64,,61,44,52,52,68,64,48,39,72,59,38,50,47,44,53,53,60,62,53,59,53,57,66,55,66,43,70,68,42,44,43,59,62,73,67,15,9,15,11,10,15,Primera B
H. Igarzabal,Excursionistas,Argentina,14,"RB, LB",Right,172,26,63,,68,45,56,62,59,58,65,41,53,53,47,63,56,49,64,58,66,69,70,61,72,52,56,69,52,43,59,59,53,50,47,60,58,59,65,12,6,8,10,13,13,Primera B
D. Ledesma,Excursionistas,Argentina,26,RB,Left,168,27,59,,60,46,56,52,57,56,61,42,49,60,44,50,52,46,55,50,64,57,60,58,64,57,55,58,56,45,54,58,46,48,46,56,55,60,59,14,14,13,11,8,14,Primera B
I. Maizarez,Excursionistas,Argentina,3,LB,Right,176,24,60,,64,47,55,58,58,61,62,44,53,58,46,55,51,46,57,59,64,64,64,61,57,59,56,63,63,41,56,61,52,46,43,52,54,60,65,9,12,6,9,8,7,Primera B
L. Mulazzi,Excursionistas,Argentina,23,RB,Right,171,27,59,,67,43,53,54,58,54,53,41,50,55,37,53,50,45,59,54,66,68,60,50,61,47,54,62,50,45,56,59,45,47,46,50,58,59,56,14,15,6,10,11,11,Primera B
A. Paulides,Excursionistas,Argentina,24,"CB, CDM",Right,184,26,61,,57,41,48,50,65,64,45,33,64,53,31,46,44,42,52,52,55,58,52,57,52,61,65,56,67,43,68,62,32,44,43,55,66,67,63,14,15,7,10,7,6,Primera B
G. Pedrosa,Excursionistas,Argentina,4,CB,Left,179,32,64,,54,44,51,55,67,68,51,40,66,56,34,48,46,47,56,62,55,54,53,64,54,59,68,68,68,43,68,71,45,43,43,60,68,64,68,15,6,13,6,8,15,Primera B
G. Rodríguez,Excursionistas,Argentina,15,CB,Right,183,26,59,,53,39,49,45,65,59,49,35,64,58,30,37,38,40,49,50,54,52,48,58,49,51,59,54,59,39,64,64,39,40,36,57,67,65,64,6,8,11,8,14,12,Primera B
A. Ávalos,Excursionistas,Argentina,10,"CAM, ST",Right,167,34,66,,62,67,69,71,39,60,68,68,51,73,60,72,72,66,60,70,65,59,70,69,72,68,56,68,55,66,62,41,65,72,66,74,39,34,34,7,13,6,12,14,15,Primera B
L. Chambi,Excursionistas,Argentina,8,"RM, LM",Left,167,33,60,,59,53,58,64,41,54,65,52,46,60,52,63,58,56,51,63,58,59,65,70,69,58,51,61,51,52,53,45,56,54,52,60,38,41,38,8,6,10,9,15,12,Primera B
G. Gallardo,Excursionistas,Argentina,39,"CDM, CB",Right,175,21,53,,45,45,51,49,56,53,47,45,48,53,41,51,41,47,58,49,46,44,45,54,45,45,55,59,49,46,55,55,45,52,39,49,60,55,56,6,9,14,15,13,7,Primera B
M. López,Excursionistas,Argentina,16,CM,Right,177,38,55,,43,46,58,59,49,51,52,42,45,62,42,60,52,53,55,59,45,42,58,59,57,53,45,62,47,48,51,47,52,63,47,51,49,54,40,12,11,8,7,11,9,Primera B
C. Millaci,Excursionistas,Argentina,36,CM,Right,171,22,54,,50,49,53,57,46,51,47,43,42,55,46,55,55,53,59,59,54,47,59,52,52,61,48,59,51,53,44,53,48,52,46,57,42,48,44,13,10,11,8,15,9,Primera B
J. Daniel Pereyra,Excursionistas,Argentina,5,"RM, LM",Right,169,25,55,,60,50,54,56,35,51,57,50,37,57,48,56,49,42,54,57,57,63,58,48,60,50,48,58,49,46,48,37,58,50,51,56,36,30,38,12,6,9,13,10,14,Primera B
O. Pereyra,Excursionistas,Argentina,40,CDM,Right,181,19,53,,49,45,50,47,52,58,42,39,43,57,42,42,46,41,53,50,48,50,48,50,49,53,50,59,59,48,55,56,45,48,48,50,51,53,50,14,14,14,6,8,8,Primera B
A. Valenzuela,Excursionistas,Argentina,20,"CM, CDM",Left,182,22,54,,54,50,54,55,46,52,52,46,44,58,41,54,49,48,49,58,51,56,50,52,57,56,45,59,51,53,50,46,52,53,50,53,46,49,38,9,10,6,14,8,8,Primera B
F. Vega,Excursionistas,Argentina,32,CDM,Left,173,23,56,,52,44,58,51,55,60,52,35,54,65,39,50,48,45,55,50,58,48,53,63,54,57,56,60,60,52,59,53,50,59,45,56,56,56,55,10,8,7,8,9,10,Primera B
V. Zapata,Excursionistas,Argentina,27,"CM, CDM",Left,175,26,58,,53,53,59,58,50,55,50,50,47,60,44,59,58,56,60,57,54,52,60,58,55,60,44,63,53,55,54,51,58,67,51,58,49,50,54,14,9,10,9,10,8,Primera B
G. Zoratti,Excursionistas,Argentina,7,"RM, RW",Right,171,25,64,,68,60,63,66,42,62,66,60,49,63,58,65,65,61,66,68,70,67,68,65,68,63,52,67,60,58,61,42,62,59,57,60,41,43,39,11,7,12,13,14,6,Primera B
T. Airala,Excursionistas,Argentina,37,"ST, RW",Right,187,22,54,,58,59,45,54,20,50,45,65,57,48,57,54,47,46,43,56,56,59,48,58,45,57,53,45,53,49,50,17,59,41,52,60,16,14,15,8,7,12,12,13,12,Primera B
J. Alveira Garcilazo,Excursionistas,Argentina,34,RW,Right,174,23,55,,64,55,49,58,23,48,53,55,44,51,54,55,55,50,43,60,63,64,65,56,56,55,43,51,51,53,40,22,58,46,53,51,21,20,21,10,12,10,15,13,15,Primera B
I. Arbello,Excursionistas,Argentina,12,ST,Right,173,31,57,,62,57,46,56,25,59,45,60,61,52,61,59,54,49,32,55,60,63,49,57,58,56,60,50,67,51,52,25,66,46,53,58,20,22,17,7,10,8,8,13,7,Primera B
M. Blanco,Excursionistas,Argentina,17,"RW, ST",Right,168,23,66,,69,66,66,70,36,58,70,68,53,70,62,70,66,64,61,70,72,67,76,68,68,68,54,66,57,60,54,40,65,61,66,65,34,34,28,12,8,6,8,9,12,Primera B
M. Cardozo,Excursionistas,Argentina,18,ST,Right,178,23,56,,58,58,48,54,22,56,44,58,59,53,55,52,49,44,42,55,60,57,56,56,56,62,59,56,56,56,55,21,53,48,61,59,18,15,19,10,15,7,13,15,15,Primera B
B. Chiarelli,Excursionistas,Argentina,22,"ST, CAM",Right,184,26,60,,61,64,50,60,27,59,45,68,59,56,62,62,53,51,45,59,59,63,56,59,57,63,61,55,61,59,57,25,63,48,59,64,23,26,16,9,10,9,14,7,12,Primera B
N. Damiolini,Excursionistas,Argentina,29,"ST, RW",Right,176,23,57,,59,57,47,57,23,57,44,59,55,51,56,59,46,45,44,56,60,59,56,53,46,53,57,49,63,54,50,21,62,44,58,60,21,17,15,10,12,7,10,8,12,Primera B
A. Espeche,Excursionistas,Argentina,19,"ST, CAM",Right,190,27,63,,63,62,52,60,31,61,49,61,67,55,63,58,55,55,51,60,61,65,59,68,61,66,68,58,63,59,56,27,69,49,62,66,32,22,27,8,12,6,15,15,6,Primera B
W. Giménez,Excursionistas,Argentina,11,"LW, ST",Left,166,28,67,,72,67,66,72,34,59,69,68,55,66,62,75,66,65,61,71,73,71,73,65,74,65,52,66,57,67,59,37,71,69,67,68,29,32,29,6,11,10,11,11,6,Primera B
F. Haberkorn,Excursionistas,Argentina,28,RW,Left,177,32,58,,64,58,57,62,27,53,55,63,42,57,51,64,62,51,50,61,61,67,66,55,65,57,46,58,53,50,47,26,57,64,56,59,26,24,22,14,10,12,15,7,11,Primera B
M. Pólvera,Excursionistas,Argentina,9,ST,Right,186,25,66,,69,66,57,62,31,66,55,68,70,60,70,60,59,57,52,63,67,71,70,66,52,69,66,69,67,58,62,33,70,58,65,67,28,21,28,9,8,15,11,13,9,Primera B
I. Puleio,Excursionistas,Argentina,35,"ST, CAM",Right,185,28,55,,56,57,45,54,20,56,37,59,52,55,53,54,47,46,36,55,54,57,54,54,54,59,61,53,60,51,51,20,65,43,54,56,17,13,16,6,6,9,15,8,10,Primera B
E. Scaramuzzi,Excursionistas,Argentina,21,ST,Right,183,22,54,,54,53,43,52,19,53,45,54,59,44,51,54,46,40,40,53,52,55,43,52,49,53,55,47,58,48,48,15,69,40,56,58,16,13,13,10,6,13,15,11,7,Primera B
G. Tellas,Excursionistas,Argentina,31,"ST, RW",Right,176,34,56,,54,57,47,55,21,56,44,61,59,52,55,54,48,45,39,56,53,54,56,58,49,57,56,52,59,49,55,18,59,47,54,57,17,16,15,12,14,12,7,15,10,Primera B
A. Gómez,Flandria,Argentina,24,GK,Right,180,20,51,,28,14,20,19,10,39,10,10,10,22,10,10,10,10,24,20,27,29,28,47,33,29,39,25,50,10,28,12,10,31,10,25,10,10,10,52,49,47,52,50,28,Primera B
C. Morel,Flandria,Argentina,1,GK,Right,181,39,59,,32,17,27,29,15,44,10,10,20,33,10,17,10,15,28,32,31,32,38,57,41,41,46,37,51,12,37,23,10,39,18,46,14,10,16,62,58,48,58,68,43,Primera B
D. Ramos,Flandria,Argentina,30,GK,Left,186,22,54,,31,15,24,21,12,34,10,10,15,31,10,10,10,10,28,23,29,32,30,45,33,31,40,33,36,12,30,17,11,30,20,36,10,10,10,55,50,49,52,59,33,Primera B
L. Szalich,Flandria,Argentina,25,GK,Right,182,22,51,,28,14,19,18,13,34,10,10,10,22,10,10,10,10,26,18,26,29,24,49,31,31,38,26,39,10,29,18,10,23,10,30,10,15,10,51,48,48,52,51,28,Primera B
M. Correa,Flandria,Argentina,2,CB,Right,185,26,62,,58,42,51,52,66,63,42,36,68,60,37,49,45,50,55,52,58,58,52,59,55,56,66,59,66,45,58,65,34,42,43,59,63,69,62,8,8,15,14,15,8,Primera B
M. López,Flandria,Argentina,6,CB,Right,188,26,60,,58,42,51,49,63,61,45,36,63,63,40,44,38,45,54,52,57,59,51,60,51,59,63,51,67,40,60,65,33,38,41,59,61,65,60,14,11,13,7,12,14,Primera B
M. Mariatti,Flandria,Argentina,3,"LB, RB",Left,176,29,57,,60,40,54,53,57,58,61,35,45,58,33,51,47,40,49,51,59,61,57,58,59,47,59,60,57,42,59,58,45,48,43,59,55,61,57,11,14,14,12,11,7,Primera B
J. Orensans,Flandria,Argentina,26,"RB, RM",Left,171,21,49,,55,34,44,46,48,47,49,31,36,47,28,41,41,38,42,50,51,58,51,49,55,43,49,50,42,32,55,49,38,39,34,45,48,51,45,15,11,12,7,7,12,Primera B
F. Real,Flandria,Argentina,4,"RB, RM",Right,175,33,64,,68,51,57,62,61,64,62,48,57,57,48,67,53,49,57,56,67,68,63,62,64,61,61,70,63,50,61,62,56,55,49,59,58,66,59,11,15,8,7,10,6,Primera B
F. Ruíz,Flandria,Argentina,13,CB,Left,183,32,59,,53,43,47,45,64,61,37,38,61,54,35,40,37,46,52,46,52,54,50,58,49,55,60,58,62,46,62,62,36,43,38,58,65,64,64,14,8,15,13,6,8,Primera B
S. Sansone,Flandria,Argentina,27,"LB, RB",Left,172,21,51,,59,36,48,48,49,51,48,34,44,54,35,50,41,39,52,46,57,60,52,45,52,43,48,55,47,36,55,47,33,40,32,45,53,48,52,12,7,8,8,13,12,Primera B
D. Spitale,Flandria,Argentina,14,RB,Right,177,24,56,,56,41,51,52,54,56,57,32,47,55,41,51,48,41,48,50,55,57,60,53,60,54,52,63,54,45,52,51,43,44,46,56,58,55,52,13,9,9,7,12,7,Primera B
F. Brestt,Flandria,Argentina,12,"RM, RW",Right,176,22,55,,60,50,54,56,36,50,57,47,48,54,42,57,51,47,53,53,56,64,63,58,56,58,42,60,49,50,44,35,53,52,46,57,33,36,30,8,12,12,9,7,9,Primera B
A. Casal,Flandria,Argentina,21,"LM, LW",Left,176,20,49,,53,45,49,52,30,44,50,45,37,53,41,55,55,42,46,49,55,51,53,44,56,46,35,49,43,44,42,39,49,44,47,42,26,27,27,7,7,13,14,8,7,Primera B
F. Costa,Flandria,Argentina,7,RM,Right,169,34,61,,64,55,63,62,42,54,64,54,46,69,52,66,59,52,54,59,66,62,61,57,62,56,52,58,52,54,57,44,57,61,57,63,41,40,44,6,10,13,9,10,9,Primera B
T. Echagüe,Flandria,Argentina,22,CDM,Right,182,20,52,,48,42,49,48,53,53,45,38,49,52,33,47,43,43,53,50,51,45,50,43,50,53,50,53,54,44,51,62,43,48,43,49,54,50,47,12,12,8,6,13,9,Primera B
S. Esposatto,Flandria,Argentina,32,"RM, LM",Left,170,19,48,,56,43,47,50,30,44,51,44,30,48,35,50,49,42,42,50,56,56,56,42,53,42,40,53,41,46,42,34,42,45,41,40,27,31,27,10,8,10,10,9,6,Primera B
B. González,Flandria,Argentina,8,CM,Right,184,22,55,,53,47,56,54,49,55,48,44,49,60,43,50,54,47,63,58,53,53,57,55,56,53,46,59,56,47,48,48,59,57,50,56,51,49,45,12,12,14,7,8,13,Primera B
A. González,Flandria,Argentina,23,LM,Left,169,38,55,,58,52,55,56,34,50,57,53,41,57,43,55,52,47,50,58,55,60,55,55,60,47,41,57,48,56,46,33,50,56,54,53,34,32,36,10,12,13,8,12,13,Primera B
M. López,Flandria,Argentina,5,CDM,Right,181,26,54,,46,46,51,49,57,58,42,42,53,54,40,52,50,47,54,45,44,47,46,54,47,51,50,56,62,51,55,60,47,52,48,53,57,57,53,15,10,6,9,15,14,Primera B
J. Monzón,Flandria,Argentina,28,CM,Right,169,21,51,,51,45,53,55,44,51,47,39,32,61,44,55,49,44,54,58,48,54,54,50,51,53,40,54,52,50,47,46,45,47,46,49,48,44,44,8,13,6,8,13,13,Primera B
A. Nalerio,Flandria,Argentina,11,LM,Left,179,23,62,,69,58,60,64,43,57,62,59,49,59,55,66,64,60,57,61,70,68,67,66,67,57,53,61,57,56,52,41,58,62,55,60,47,40,38,6,15,11,11,9,6,Primera B
S. Negri,Flandria,Argentina,33,CAM,Right,175,18,48,,51,48,50,51,22,43,45,46,30,53,43,49,49,43,47,53,50,51,52,44,56,50,35,50,45,54,31,26,47,52,41,52,20,20,16,14,14,10,7,10,10,Primera B
A. Prokop,Flandria,Argentina,20,CAM,Right,169,25,52,,55,51,52,56,25,44,47,52,38,53,49,56,52,50,49,58,54,55,55,47,58,50,44,51,43,52,39,32,45,56,48,51,23,19,20,10,14,9,7,8,13,Primera B
M. Vasconcelo,Flandria,Argentina,17,RM,Right,176,21,57,,61,52,55,60,40,52,59,52,47,57,47,64,51,52,48,57,59,62,64,52,59,53,47,58,48,54,54,43,53,55,51,54,39,38,37,14,13,13,12,14,15,Primera B
M. Zaia,Flandria,Argentina,34,LM,Left,176,19,47,,51,41,44,48,30,42,47,37,33,48,43,46,43,41,38,51,52,51,54,46,50,42,36,45,42,47,38,24,43,42,44,41,31,33,23,14,10,9,9,12,13,Primera B
G. Calabria,Flandria,Argentina,16,ST,Right,182,25,53,,56,57,43,50,22,53,37,62,50,46,58,49,47,41,39,48,51,61,56,50,48,54,51,48,57,48,48,16,58,47,58,56,21,21,17,6,15,12,6,8,15,Primera B
R. De La Riva,Flandria,Argentina,15,ST,Right,173,19,52,,53,52,44,47,18,50,40,53,56,49,49,43,44,43,37,51,52,54,45,50,53,49,56,44,57,54,41,14,55,45,52,53,14,15,10,14,6,11,12,14,6,Primera B
N. Diosquez,Flandria,Argentina,9,"ST, RW",Right,173,24,61,,63,63,54,60,28,62,47,67,64,59,62,56,59,50,44,62,61,65,65,64,57,62,59,59,64,56,62,27,67,57,64,63,24,22,23,10,7,8,9,6,7,Primera B
M. Donato,Flandria,Argentina,31,ST,Right,176,27,56,,65,59,46,55,24,56,44,63,58,50,53,52,48,45,41,59,64,65,55,56,56,56,55,54,60,55,51,19,58,46,55,51,24,17,18,9,10,13,13,14,10,Primera B
A. Dulón,Flandria,Argentina,29,"ST, CAM",Right,182,23,57,,59,58,47,57,24,58,47,61,62,50,56,53,53,43,40,63,59,59,58,56,48,55,59,57,60,54,52,24,62,48,53,60,21,17,13,9,15,14,7,6,11,Primera B
B. Giménez,Flandria,Argentina,19,"ST, RW",Right,178,25,60,,62,63,52,61,23,61,48,70,60,55,64,61,52,47,48,65,64,61,55,58,55,57,63,54,64,51,61,23,71,56,60,61,15,18,21,14,14,7,10,11,7,Primera B
M. Jaureguiberry,Flandria,Argentina,18,RW,Right,172,22,51,,61,50,50,52,19,43,49,53,34,53,48,55,51,47,39,51,61,61,53,44,53,50,33,52,41,44,37,16,51,53,46,47,17,20,14,14,8,9,10,8,6,Primera B
J. Mendoza,Flandria,Argentina,10,RW,Left,175,27,58,,66,57,54,61,24,50,57,57,41,55,52,60,57,53,45,62,65,66,64,59,59,63,50,60,46,50,45,25,62,55,58,56,22,21,16,8,10,11,6,12,14,Primera B
A. Almirón,Ituzaingó,Argentina,12,GK,Right,191,21,48,,22,14,21,20,10,31,10,10,11,25,10,10,10,10,19,23,21,22,25,45,27,28,41,22,38,10,21,10,10,32,10,30,10,10,10,50,48,42,50,49,21,Primera B
L. Barraza,Ituzaingó,Argentina,1,GK,Right,191,23,54,,30,15,24,23,13,42,12,10,13,31,10,12,10,10,24,25,28,31,35,50,34,35,41,31,52,11,30,20,10,31,10,30,13,10,10,53,49,49,51,55,34,Primera B
L. Martins,Ituzaingó,Argentina,34,GK,Right,184,20,47,,23,14,18,17,10,31,10,10,10,22,10,10,10,10,17,19,20,25,20,40,30,29,32,28,38,10,19,10,10,24,10,26,10,10,10,49,46,43,45,48,25,Primera B
I. Vázquez Cáceres,Ituzaingó,Argentina,32,GK,Right,185,20,48,,26,14,19,17,11,32,10,10,10,25,10,10,10,10,19,16,27,25,27,40,29,29,35,25,38,10,26,16,10,24,10,25,10,10,10,49,52,43,50,49,26,Primera B
M. Aguirre,Ituzaingó,Argentina,6,CB,Left,185,26,56,,52,38,46,47,59,60,39,34,60,56,33,40,33,38,47,52,51,52,47,57,43,53,60,64,58,35,59,55,33,42,33,54,66,55,56,15,12,8,6,11,15,Primera B
E. Maciel,Ituzaingó,Argentina,13,"CB, CDM",Left,177,24,54,,49,35,42,42,58,57,36,30,57,52,27,38,36,31,44,43,46,51,47,53,44,51,54,50,60,32,60,57,34,31,35,51,60,57,56,13,15,13,7,10,9,Primera B
E. Mantovani,Ituzaingó,Argentina,3,"LB, LM",Left,171,35,57,,58,43,52,56,55,56,60,41,46,49,42,53,52,46,51,55,60,57,59,59,63,48,53,60,56,41,53,54,51,52,41,63,55,58,60,11,14,13,8,13,7,Primera B
A. Politano,Ituzaingó,Argentina,2,"CB, RB",Left,187,23,58,,50,38,45,46,62,59,42,33,59,49,31,42,41,45,54,47,50,50,45,58,46,53,68,52,62,38,60,69,33,37,39,61,62,60,61,6,12,11,14,8,8,Primera B
I. Regules,Ituzaingó,Argentina,24,CB,Right,191,31,57,,50,40,46,47,61,59,41,37,65,52,29,43,35,38,51,48,51,50,46,55,48,52,62,50,61,36,64,57,37,40,39,63,62,62,60,6,10,13,11,7,10,Primera B
T. Barea,Ituzaingó,Argentina,10,"CM, CAM",Right,180,20,49,,50,42,50,52,41,48,43,39,36,55,31,48,47,41,52,59,53,48,47,45,55,50,39,53,47,43,47,43,45,48,43,48,42,41,35,12,7,12,15,8,10,Primera B
M. Bermejo,Ituzaingó,Argentina,22,"CDM, CB",Right,172,25,53,,44,44,50,52,53,55,40,41,57,60,37,50,46,40,57,55,40,48,47,55,57,45,48,59,54,49,54,55,51,43,41,56,50,53,55,12,8,9,14,7,10,Primera B
M. Campusano,Ituzaingó,Argentina,7,"RM, RW",Right,171,23,60,,62,53,58,61,42,56,60,51,46,62,52,61,59,49,52,62,62,62,61,59,64,57,48,57,56,51,57,46,54,56,54,58,41,40,34,14,10,6,13,9,10,Primera B
P. Despósito,Ituzaingó,Argentina,11,"LM, LW",Left,168,37,55,,55,49,55,56,35,49,57,47,41,56,40,58,50,51,55,52,51,59,59,57,60,55,45,53,48,48,48,38,57,54,43,55,34,34,33,13,15,13,8,8,15,Primera B
L. Devoto,Ituzaingó,Argentina,33,RM,Right,173,20,48,,56,42,45,47,30,41,48,41,37,44,39,50,47,42,43,45,55,57,46,38,53,41,36,52,36,44,41,34,49,46,38,45,27,31,24,13,7,7,13,8,9,Primera B
J. Fanti,Ituzaingó,Argentina,8,"CM, CAM",Right,177,26,60,,60,53,60,61,52,59,52,49,49,65,51,64,58,54,67,55,60,60,63,62,60,60,46,62,61,53,53,55,57,56,58,68,52,50,50,15,12,13,6,8,6,Primera B
J. Manuel Fernández,Ituzaingó,Argentina,4,CDM,Right,178,31,55,,47,47,52,52,59,56,51,43,45,58,41,52,41,42,55,52,47,47,46,59,51,53,52,59,54,51,57,66,44,45,48,54,58,61,53,15,13,8,13,12,9,Primera B
L. García,Ituzaingó,Argentina,30,"CM, CDM",Right,177,20,49,,50,44,49,51,41,47,40,44,35,51,38,51,47,40,54,51,48,51,51,48,50,45,42,51,46,45,44,42,46,53,41,49,40,46,35,12,6,10,14,11,13,Primera B
E. Ibáñez,Ituzaingó,Argentina,15,RM,Right,168,22,51,,57,45,50,52,31,47,52,43,33,47,42,56,50,46,48,48,59,55,57,48,54,49,40,54,46,47,41,35,45,57,41,45,27,32,29,14,9,8,6,7,11,Primera B
F. Lozano,Ituzaingó,Argentina,27,RM,Right,186,21,50,,55,46,51,51,29,48,51,44,39,52,38,54,50,48,46,48,54,56,56,47,49,48,37,54,46,49,48,26,48,52,48,48,31,27,26,8,7,10,15,10,13,Primera B
J. Cruz Martínez,Ituzaingó,Argentina,23,LM,Left,171,21,51,,58,47,51,52,33,44,50,50,39,49,45,52,47,50,53,54,57,58,55,47,52,41,45,51,39,46,45,32,48,53,50,46,34,33,29,9,13,6,14,7,8,Primera B
L. Mena,Ituzaingó,Argentina,16,"CM, CAM",Right,174,21,56,,49,50,56,58,48,55,44,45,44,65,50,59,51,49,57,59,50,49,52,51,54,56,53,59,54,53,53,51,57,53,49,60,46,49,49,7,10,10,12,15,8,Primera B
R. Politano,Ituzaingó,Argentina,20,LM,Right,183,21,50,,55,44,49,50,31,45,49,41,36,52,45,50,51,48,44,50,55,55,53,53,56,44,43,54,44,47,38,28,46,45,51,45,32,31,27,13,10,7,14,14,7,Primera B
H. Sala,Ituzaingó,Argentina,21,LM,Left,177,20,49,,57,44,49,52,29,42,47,44,40,51,36,57,43,44,46,48,56,57,53,44,60,46,37,57,34,44,42,29,50,51,45,37,28,28,28,9,8,15,12,9,6,Primera B
J. Salvadores,Ituzaingó,Argentina,18,"CM, CDM",Right,173,26,57,,59,52,58,58,49,52,53,47,45,60,43,56,60,55,63,61,62,57,58,56,56,56,55,61,49,60,49,54,55,55,47,55,48,50,47,15,12,13,6,15,14,Primera B
N. Santiago,Ituzaingó,Argentina,14,RM,Right,173,27,54,,58,49,52,53,35,47,54,49,37,55,49,51,60,46,50,57,62,54,52,48,60,51,40,57,44,46,43,41,48,47,55,44,36,31,27,8,14,7,11,11,6,Primera B
A. Sotelo,Ituzaingó,Argentina,5,CDM,Right,178,25,56,,49,45,55,53,56,57,50,42,49,59,45,47,41,47,58,60,48,50,50,57,49,53,54,60,54,46,63,58,51,54,38,53,52,62,53,7,13,9,9,14,7,Primera B
T. Esquivel,Ituzaingó,Argentina,26,RW,Right,164,20,51,,60,50,50,55,18,44,54,54,32,49,45,55,51,47,45,58,61,60,57,45,56,50,40,47,46,43,36,20,51,50,52,46,22,11,12,9,11,15,14,15,9,Primera B
E. Giménez,Ituzaingó,Argentina,31,"ST, CAM",Right,180,22,50,,52,52,39,47,16,49,34,54,52,44,47,46,41,43,32,48,51,53,49,51,44,53,50,38,56,48,44,14,52,39,51,46,15,10,10,15,12,14,6,14,7,Primera B
S. Gras,Ituzaingó,Argentina,19,ST,Right,181,23,56,,61,59,49,54,22,58,44,63,54,52,59,52,50,47,42,57,62,61,52,56,52,59,56,54,62,49,53,25,64,53,56,58,23,12,15,12,7,7,7,12,15,Primera B
F. Luppino,Ituzaingó,Argentina,28,LW,Left,171,23,52,,62,49,49,53,23,44,53,53,37,51,45,53,49,43,37,54,59,64,58,49,58,46,36,50,43,47,40,23,49,52,45,44,22,22,17,14,6,8,7,10,9,Primera B
B. Mariani,Ituzaingó,Argentina,17,RW,Left,173,25,53,,62,55,50,56,21,44,53,58,36,49,49,58,51,46,45,55,64,60,62,58,55,56,44,54,42,50,38,22,51,54,52,43,14,24,19,11,10,8,11,6,6,Primera B
J. Maza,Ituzaingó,Argentina,29,ST,Right,185,28,56,,59,59,47,57,23,55,44,64,58,47,55,60,45,44,42,56,61,58,57,54,47,55,55,51,58,53,52,25,63,55,59,56,19,17,15,11,13,12,10,11,11,Primera B
A. Miranda Moreira,Ituzaingó,Argentina,9,"ST, RW",Right,187,40,57,,55,58,47,56,25,57,41,60,60,50,55,54,51,47,41,59,50,59,53,60,53,60,55,57,58,55,54,21,57,52,55,62,21,22,15,10,11,10,15,6,14,Primera B
J. Odunukwe,Ituzaingó,Argentina,25,ST,Right,187,20,49,,52,53,39,47,16,48,36,61,53,42,49,47,43,38,30,50,48,56,46,43,42,48,50,45,52,43,43,14,51,42,45,45,10,13,10,14,13,8,9,6,8,Primera B
J. Manuel Bracco,Liniers,Argentina,25,GK,Right,189,21,55,,29,16,25,22,12,38,13,10,20,32,10,10,13,13,24,25,33,25,27,53,36,38,43,37,41,10,31,15,10,31,17,32,10,10,10,53,57,47,54,58,32,Primera B
C. De Feliche,Liniers,Argentina,1,GK,Right,187,33,62,,33,20,31,27,20,48,16,15,22,36,17,10,13,16,37,35,32,33,38,63,42,39,52,40,56,14,39,26,13,39,21,40,17,17,19,64,62,59,65,62,41,Primera B
M. Rotundo,Liniers,Argentina,12,GK,Right,185,23,53,,31,15,22,21,12,35,10,10,12,28,10,10,10,10,24,26,28,33,27,48,30,32,44,25,42,10,29,19,10,30,13,31,10,10,10,52,47,47,55,52,31,Primera B
M. Bouvier,Liniers,Argentina,15,LB,Left,176,34,52,,50,37,49,52,51,51,53,32,40,52,31,50,44,40,49,53,53,47,54,52,54,46,48,57,51,39,43,50,34,42,40,51,51,53,55,14,15,11,10,10,15,Primera B
N. Cáceres,Liniers,Argentina,26,"CB, RB",Right,194,22,53,,48,33,41,46,55,59,39,28,58,47,24,43,34,36,44,50,45,50,39,51,45,49,49,57,62,32,56,54,31,31,35,55,51,58,53,11,15,15,10,9,12,Primera B
J. Canosa,Liniers,Argentina,13,"CB, RB",Right,185,27,56,,49,35,43,46,58,55,40,26,59,46,32,40,36,37,53,51,47,50,44,49,49,52,64,53,57,37,52,60,34,36,40,57,52,63,59,8,7,9,11,8,7,Primera B
R. Dimotta,Liniers,Argentina,3,LB,Left,174,28,61,,70,45,55,58,60,57,62,37,50,55,45,61,56,50,55,55,70,70,61,54,61,57,55,66,52,49,59,61,52,51,51,56,64,59,64,8,9,11,15,11,10,Primera B
M. Fiordeliso,Liniers,Argentina,24,CB,Right,183,22,52,,46,32,41,43,56,58,38,28,60,46,33,39,28,32,49,46,44,48,43,48,45,46,56,54,59,29,60,55,26,34,27,54,58,55,53,7,7,9,6,8,7,Primera B
F. Fiumara,Liniers,Argentina,33,"CB, CDM",Left,189,21,49,,44,32,39,41,53,49,38,29,50,44,27,40,32,30,38,40,46,42,41,52,39,46,49,47,49,29,52,52,25,35,33,49,58,50,52,12,9,10,10,8,8,Primera B
S. Formichelli,Liniers,Argentina,2,CB,Right,176,28,62,,60,41,54,53,65,64,51,37,67,61,34,49,46,40,56,59,56,63,51,51,53,52,64,59,67,39,65,69,38,47,45,58,65,63,63,13,14,12,7,7,6,Primera B
L. Lugarzo,Liniers,Argentina,14,RB,Right,171,36,55,,57,41,51,52,54,55,52,41,49,56,35,53,48,42,52,51,57,57,53,56,55,47,49,64,52,40,54,57,39,45,38,49,53,53,55,12,10,14,13,9,11,Primera B
B. Machuca,Liniers,Argentina,27,LB,Right,173,31,56,,61,45,51,52,54,52,54,40,47,55,37,51,54,41,53,50,58,64,56,52,59,55,54,59,48,49,55,54,49,42,37,55,54,56,58,10,13,15,11,9,6,Primera B
L. Mascia,Liniers,Argentina,29,LB,Left,177,21,53,,54,39,50,50,51,54,58,34,44,53,37,47,41,37,45,50,52,56,60,55,52,47,43,56,53,42,55,51,41,44,34,50,50,53,55,11,9,13,7,8,11,Primera B
D. Pavia,Liniers,Argentina,32,CB,Right,189,21,51,,43,29,40,42,54,52,38,25,51,46,22,39,24,31,41,42,42,44,38,51,45,42,56,47,54,24,52,56,25,36,36,54,50,56,54,6,10,15,15,13,11,Primera B
E. Pereyra,Liniers,Argentina,4,"RB, RM",Right,178,22,59,,65,41,55,56,58,56,54,37,56,60,38,50,50,40,57,59,62,67,65,54,63,49,50,63,53,42,58,55,49,49,44,53,58,62,54,14,8,11,12,6,9,Primera B
J. Puglisi,Liniers,Argentina,30,LB,Right,168,23,52,,54,42,48,47,51,51,53,40,46,50,36,40,43,39,43,51,53,54,56,50,54,49,49,58,50,41,45,51,42,47,41,51,54,49,53,9,10,13,12,7,15,Primera B
D. Auzqui,Liniers,Argentina,20,"CAM, CM",Right,176,36,53,,55,50,57,57,25,42,56,51,42,60,51,58,57,55,49,58,54,56,55,49,61,52,42,50,39,46,40,24,56,57,45,55,24,20,27,14,12,13,12,13,7,Primera B
R. Cabañas,Liniers,Argentina,35,RM,Right,166,18,47,,53,41,45,50,28,42,47,44,31,45,40,51,44,42,44,51,54,52,54,41,49,39,40,50,37,39,43,27,44,44,34,45,26,31,23,11,15,6,8,14,14,Primera B
F. Camejo,Liniers,Argentina,6,LM,Right,176,23,54,,57,45,53,54,37,50,55,43,38,54,42,59,55,46,46,49,57,57,59,48,55,51,44,55,49,44,50,43,48,54,49,52,33,37,36,12,11,6,10,6,13,Primera B
J. Camejo,Liniers,Argentina,21,"CM, CAM",Left,174,23,55,,53,51,54,54,47,51,46,49,45,60,43,53,60,47,58,54,52,54,56,55,57,54,45,60,47,54,53,49,56,51,52,57,48,45,47,11,6,7,11,10,15,Primera B
G. Fernández,Liniers,Argentina,16,CDM,Right,184,23,62,,56,53,61,59,64,68,54,47,54,67,45,54,49,54,62,63,57,56,54,65,63,61,59,73,70,58,59,63,55,62,53,63,69,65,61,11,11,15,6,15,7,Primera B
E. Gallegos,Liniers,Argentina,22,CDM,Right,185,35,58,,48,46,56,53,60,62,50,38,49,61,46,48,50,51,62,56,44,51,52,63,52,58,53,65,62,51,58,62,51,51,48,58,57,63,63,13,14,12,6,11,14,Primera B
B. Gauna,Liniers,Argentina,18,"CM, CAM",Left,175,22,54,,51,49,54,55,45,53,51,45,44,57,47,56,53,50,54,54,48,53,52,59,54,52,46,57,54,55,47,50,50,55,50,52,41,47,45,12,6,14,6,14,9,Primera B
S. Palacio,Liniers,Argentina,23,"LM, LW",Left,178,28,58,,62,51,58,60,40,52,63,51,41,59,53,57,60,55,55,63,62,62,60,55,64,50,45,66,46,50,50,46,54,55,53,58,40,38,37,6,10,13,12,7,14,Primera B
A. Penoni,Liniers,Argentina,8,"CM, CDM",Right,176,26,58,,56,56,59,57,51,56,57,55,51,62,48,52,53,47,60,62,54,58,55,57,62,57,49,60,58,58,49,49,58,59,49,55,51,52,52,15,15,10,8,8,7,Primera B
F. Rodón,Liniers,Argentina,10,"CAM, ST",Right,171,20,53,,54,53,54,58,28,44,54,55,40,52,59,59,57,51,52,58,58,51,58,50,57,45,41,47,43,54,44,23,55,57,50,51,32,24,22,7,9,11,11,15,8,Primera B
J. Roth,Liniers,Argentina,5,"CDM, CM",Right,176,23,59,,52,48,56,54,60,61,51,42,51,61,49,51,52,53,59,56,54,51,54,58,55,59,56,63,62,48,57,60,54,53,46,54,62,59,65,7,12,14,11,15,14,Primera B
I. Sallaberry,Liniers,Argentina,17,RM,Right,174,32,57,,61,53,56,58,38,53,57,52,45,56,48,54,54,48,55,61,62,60,59,59,57,56,44,64,51,54,45,38,56,59,47,61,35,38,37,7,6,14,7,13,12,Primera B
U. Tejada,Liniers,Argentina,31,CDM,Left,185,20,52,,48,43,45,47,53,57,37,42,47,51,33,43,41,36,44,50,50,46,48,49,49,51,49,58,56,41,59,58,47,48,39,44,54,52,48,6,14,9,7,14,10,Primera B
J. Tonet,Liniers,Argentina,9,CDM,Right,171,22,54,,52,42,53,52,56,58,46,38,46,60,39,52,48,47,53,55,54,50,47,51,52,48,55,66,55,47,58,57,45,52,44,51,53,62,55,9,10,14,10,11,15,Primera B
T. Caballero,Liniers,Argentina,34,LW,Right,175,17,49,,61,46,47,52,20,42,52,46,30,46,48,52,47,44,39,53,62,60,55,47,51,48,35,51,40,44,39,23,58,51,41,44,20,16,15,14,11,10,13,7,11,Primera B
T. Coria,Liniers,Argentina,7,RW,Right,186,21,52,,57,48,50,57,21,47,54,47,32,51,48,56,54,41,46,57,56,58,60,54,57,53,43,55,45,43,42,22,50,49,50,56,22,17,14,13,8,10,9,13,8,Primera B
G. Mac Kay,Liniers,Argentina,28,LW,Left,172,24,52,,57,51,47,54,22,43,50,49,39,49,51,54,51,39,39,55,60,54,58,51,57,52,43,54,39,52,38,25,57,48,49,47,20,18,12,14,14,12,14,10,14,Primera B
F. Moreno,Liniers,Argentina,19,ST,Right,179,23,52,,54,51,42,53,19,52,41,51,53,45,52,50,40,46,37,56,53,55,53,53,53,53,55,42,59,48,44,18,59,42,50,50,15,16,10,15,9,12,13,14,14,Primera B
C. Rodríguez,Liniers,Argentina,11,LW,Left,172,23,58,,63,55,57,62,27,53,55,56,44,60,48,64,58,52,49,62,65,61,65,61,56,56,47,63,50,56,49,32,53,59,53,57,25,24,17,10,7,12,15,13,12,Primera B
A. Barovero,Real Pilar FC,Argentina,34,GK,Right,189,19,53,,30,15,20,19,12,39,10,10,10,27,10,10,10,10,16,18,31,30,27,51,31,33,43,28,47,10,30,16,10,27,15,30,10,12,10,57,54,48,49,49,34,Primera B
M. Perafán,Real Pilar FC,Argentina,1,GK,Right,195,39,63,,36,20,31,29,22,47,12,15,28,42,15,15,14,14,37,33,37,35,41,59,42,41,50,39,55,15,35,27,10,37,14,40,23,18,14,67,62,56,63,65,43,Primera B
B. Pessino,Real Pilar FC,Argentina,32,GK,Left,182,23,55,,29,15,22,24,12,38,11,10,14,26,12,15,10,10,31,25,31,27,29,54,38,29,36,32,44,14,29,19,10,25,13,34,10,10,10,57,49,49,61,54,33,Primera B
S. Sánchez,Real Pilar FC,Argentina,30,GK,Right,193,28,59,,34,17,29,28,19,43,12,10,19,33,10,20,13,18,35,27,32,35,36,54,38,41,42,40,48,11,34,29,10,40,20,38,17,17,13,59,57,52,64,60,35,Primera B
F. Abre,Real Pilar FC,Argentina,13,"CB, CDM",Right,183,29,62,,57,42,50,48,68,64,47,36,67,55,38,43,45,40,55,50,54,60,48,61,48,58,71,58,66,40,63,65,39,42,39,61,71,68,65,15,12,13,10,9,12,Primera B
D. Achucarro,Real Pilar FC,Argentina,6,CB,Right,188,35,62,,50,42,48,49,66,65,42,36,63,57,34,44,43,37,47,51,50,50,47,65,55,55,64,61,67,46,66,69,32,43,41,63,66,69,59,6,9,14,11,11,13,Primera B
F. Cardozo,Real Pilar FC,Argentina,24,"CB, RB",Right,192,21,51,,50,32,41,37,52,56,33,27,56,49,25,31,40,27,45,39,47,52,37,48,41,47,60,44,62,34,56,54,26,37,30,50,47,55,47,8,11,12,12,8,13,Primera B
E. Franco,Real Pilar FC,Argentina,2,CB,Right,184,22,60,,59,41,49,49,63,61,47,40,63,53,32,44,45,44,53,52,55,62,48,62,52,52,58,49,65,34,65,65,39,41,38,60,64,62,57,11,6,13,14,6,6,Primera B
V. Gelos,Real Pilar FC,Argentina,15,"LB, RB",Left,169,23,60,,66,48,56,56,59,57,57,46,53,62,47,56,50,47,57,55,63,68,60,57,64,52,59,63,54,49,58,60,48,49,46,52,60,57,63,8,12,13,9,11,13,Primera B
G. Govi,Real Pilar FC,Argentina,3,LB,Left,178,23,60,,67,45,55,59,57,59,53,39,52,62,41,58,54,48,54,59,67,67,59,60,64,57,58,67,56,49,55,62,43,49,42,58,59,54,58,15,8,10,6,9,10,Primera B
D. Leguiza,Real Pilar FC,Argentina,4,"CB, RB",Right,185,33,60,,51,40,46,51,64,60,43,35,62,52,32,50,35,40,48,51,48,54,48,59,49,55,64,52,63,38,64,61,29,42,43,56,67,64,65,14,15,14,14,13,7,Primera B
F. Márquez,Real Pilar FC,Argentina,36,RB,Left,175,20,51,,59,38,44,44,51,52,44,34,44,44,30,44,43,35,50,42,62,57,50,47,51,45,47,54,50,40,54,54,40,42,34,45,55,49,49,11,6,15,11,12,15,Primera B
E. Massarotti,Real Pilar FC,Argentina,35,LB,Left,172,19,52,,57,38,49,50,51,52,48,35,44,56,39,45,44,37,48,54,59,55,51,46,59,47,47,56,50,36,53,53,39,41,37,48,50,55,49,13,14,11,11,8,6,Primera B
L. Vega,Real Pilar FC,Argentina,25,CB,Right,184,30,55,,49,36,44,48,59,54,38,31,57,55,25,47,34,34,52,50,50,49,44,53,40,48,59,51,56,39,54,56,34,32,37,50,61,61,57,14,6,11,13,11,10,Primera B
R. Aguilar,Real Pilar FC,Argentina,27,CM,Right,174,20,49,,50,43,52,52,40,45,48,40,41,55,40,51,48,46,56,56,47,52,50,44,45,46,40,52,42,48,46,43,46,50,41,47,35,42,38,6,9,11,6,8,13,Primera B
I. Aguirre,Real Pilar FC,Argentina,33,CDM,Right,182,22,55,,46,48,51,49,54,59,41,44,45,59,41,44,43,48,51,54,49,44,48,55,48,54,51,58,59,52,60,59,52,50,50,57,55,51,57,10,7,11,10,7,15,Primera B
N. Basualdo,Real Pilar FC,Argentina,12,CM,Right,176,35,55,,50,50,59,55,48,52,54,47,50,64,48,56,50,49,61,54,49,51,51,58,55,56,47,54,53,50,50,53,55,57,47,59,43,48,49,7,13,6,9,13,6,Primera B
S. Blanco,Real Pilar FC,Argentina,14,CDM,Right,183,38,59,,52,47,56,57,58,59,50,42,51,61,48,55,50,48,62,58,55,50,54,61,62,53,56,58,59,52,61,63,48,54,44,62,56,57,63,8,13,6,11,13,13,Primera B
J. César,Real Pilar FC,Argentina,17,"CDM, CM",Right,187,20,56,,52,47,54,50,56,58,44,41,52,62,40,49,47,43,56,50,53,51,50,46,54,60,56,56,57,47,65,53,54,53,44,59,56,59,62,12,6,7,7,8,13,Primera B
M. Crocco,Real Pilar FC,Argentina,5,"CDM, CB",Right,177,34,62,,55,55,60,57,62,66,55,53,53,61,47,59,55,50,62,54,56,54,57,62,55,60,63,71,64,56,65,68,51,63,53,62,65,60,54,6,7,11,12,12,6,Primera B
T. Delari,Real Pilar FC,Argentina,39,"CDM, CB",Right,175,17,47,,48,37,44,40,47,49,37,31,46,48,35,36,34,41,44,44,51,46,42,40,41,45,48,50,47,43,55,53,39,46,28,48,45,45,49,15,10,14,13,14,9,Primera B
N. Escurra,Real Pilar FC,Argentina,20,CM,Left,171,20,55,,52,51,56,56,44,52,51,50,44,57,48,58,50,52,58,56,50,54,51,55,52,55,43,58,47,51,58,51,50,61,49,51,42,42,44,14,15,8,13,8,14,Primera B
P. García,Real Pilar FC,Argentina,23,CM,Right,174,23,57,,52,52,60,61,50,56,60,48,50,62,41,62,54,51,56,61,52,52,57,60,60,59,47,64,54,55,53,54,53,61,48,56,48,50,45,13,12,9,11,8,6,Primera B
D. González,Real Pilar FC,Argentina,21,CAM,Right,167,35,54,,50,56,56,62,24,45,52,55,39,55,57,62,50,56,55,65,53,48,54,53,60,56,38,59,38,59,46,25,58,62,54,59,26,18,18,7,11,15,14,14,15,Primera B
K. González,Real Pilar FC,Argentina,31,CM,Right,177,30,56,,53,54,57,58,46,52,52,51,46,61,46,58,53,50,56,59,47,58,54,59,56,57,46,55,50,58,53,55,53,57,53,59,39,45,47,9,12,11,11,11,8,Primera B
G. Isola,Real Pilar FC,Argentina,19,"RM, LM",Right,168,20,55,,64,52,53,57,33,50,58,51,36,52,50,60,54,49,53,54,63,65,63,53,54,53,48,55,49,53,45,36,55,52,46,50,32,33,31,13,10,7,8,11,10,Primera B
V. Mancini,Real Pilar FC,Argentina,22,CDM,Right,178,23,63,,54,52,60,57,63,62,54,46,59,65,46,53,50,52,62,60,58,51,55,60,58,59,61,65,60,58,65,60,52,59,55,65,63,66,65,10,14,12,12,10,14,Primera B
B. Martín,Real Pilar FC,Argentina,8,"CM, CDM",Right,167,33,63,,56,59,66,65,55,63,64,55,50,66,48,65,65,55,66,64,51,61,65,68,65,68,52,66,63,61,60,54,65,69,57,68,55,58,57,13,7,8,11,11,13,Primera B
N. Pansardi,Real Pilar FC,Argentina,7,CM,Left,181,37,57,,51,52,57,60,51,55,56,49,51,61,46,58,53,46,50,63,53,49,54,63,56,55,55,60,53,57,56,51,55,58,47,59,51,51,48,12,6,11,7,7,11,Primera B
M. Puch,Real Pilar FC,Argentina,26,"CDM, CM",Right,179,36,53,,45,40,51,51,53,57,39,32,47,60,34,48,46,45,54,56,47,43,42,57,50,50,50,56,59,48,54,56,46,47,41,56,52,53,55,12,10,6,13,12,8,Primera B
N. Ríos,Real Pilar FC,Argentina,10,CAM,Right,169,29,62,,63,61,65,64,34,57,66,61,47,68,54,64,66,59,54,67,66,60,62,56,62,64,47,60,57,61,55,35,63,69,60,61,31,32,32,15,14,7,8,11,11,Primera B
M. Rojas,Real Pilar FC,Argentina,16,"CM, CDM",Right,169,35,61,,58,55,60,62,51,60,54,49,49,61,50,62,53,51,65,63,54,62,58,66,60,63,52,61,62,60,54,55,57,62,56,62,47,52,54,6,8,11,11,13,6,Primera B
I. Smith,Real Pilar FC,Argentina,28,CM,Left,169,26,57,,56,53,58,59,48,55,54,51,48,60,48,58,62,51,58,62,57,55,56,55,58,58,54,59,55,54,48,52,53,58,52,58,47,47,46,15,10,12,11,14,13,Primera B
D. Vergara,Real Pilar FC,Argentina,18,"CM, CDM",Left,179,26,59,,56,56,59,61,53,54,52,53,48,60,50,61,59,55,63,63,54,58,60,55,63,61,53,63,50,57,53,52,60,60,52,55,53,57,49,10,9,6,14,11,7,Primera B
N. Ávalos,Real Pilar FC,Argentina,38,"RW, ST",Left,175,18,49,,60,45,48,51,16,38,52,42,38,49,42,51,52,41,41,50,64,56,61,40,55,47,40,46,35,48,35,17,52,46,42,44,14,12,14,13,10,6,6,13,6,Primera B
F. Camargo,Real Pilar FC,Argentina,29,ST,Right,173,19,54,,59,59,47,57,22,53,47,61,59,52,54,55,44,42,39,63,60,58,50,52,49,60,51,49,57,55,50,14,56,45,53,51,24,15,13,12,15,10,14,10,7,Primera B
L. Lo Gatto,Real Pilar FC,Argentina,37,"RW, RM",Right,170,18,51,,60,49,47,52,22,46,48,48,40,47,47,53,53,46,39,51,60,60,54,46,53,50,42,54,42,49,47,25,55,50,55,46,22,17,16,7,10,13,10,15,9,Primera B
M. Riquelme,Real Pilar FC,Argentina,9,ST,Left,177,38,59,,55,60,48,56,25,59,48,62,59,47,62,53,48,47,44,58,60,51,55,60,62,61,63,59,60,52,54,26,65,52,59,63,22,19,18,12,11,15,10,13,9,Primera B
E. Rodríguez,Real Pilar FC,Argentina,11,"LW, ST",Left,174,33,59,,62,58,59,64,30,49,62,58,45,61,52,66,64,53,50,64,67,57,59,58,59,60,49,52,48,56,50,33,61,58,57,59,31,24,28,15,13,9,12,11,11,Primera B
L. Arisqueta,San Martín (Burzaco),Argentina,33,GK,Left,184,20,52,,30,14,24,20,12,38,13,10,15,30,10,10,10,15,27,21,30,30,32,45,28,29,44,26,46,10,29,19,10,27,10,29,10,10,10,54,50,44,45,56,30,Primera B
M. Gagliardo,San Martín (Burzaco),Argentina,1,GK,Left,186,43,62,,32,20,30,30,19,44,18,15,23,34,13,19,12,19,36,34,31,33,36,62,36,38,50,39,48,17,38,29,11,40,18,41,17,13,22,65,62,53,59,63,43,Primera B
D. Jadli,San Martín (Burzaco),Argentina,34,GK,Left,190,20,52,,29,14,22,21,10,37,11,10,12,26,10,10,10,10,27,25,28,30,31,45,33,30,41,32,43,10,26,11,10,26,11,20,10,10,10,54,54,48,48,51,28,Primera B
N. Marchesi,San Martín (Burzaco),Argentina,25,GK,Right,179,27,54,,24,15,24,23,14,38,10,10,17,29,10,12,10,10,32,28,25,24,29,49,32,34,42,32,45,10,26,23,10,32,14,36,10,10,12,58,54,47,57,57,32,Primera B
F. Acosta,San Martín (Burzaco),Argentina,24,CB,Left,182,30,55,,52,36,45,47,58,59,40,28,56,53,32,40,40,30,52,53,50,54,45,54,48,52,57,49,65,41,56,60,33,34,40,52,58,58,58,8,14,8,9,11,14,Primera B
N. Barrera,San Martín (Burzaco),Argentina,6,CB,Left,185,24,57,,53,35,48,43,61,61,45,28,63,55,37,39,38,36,48,43,52,54,46,54,47,49,61,53,64,38,65,60,31,42,37,50,62,62,59,10,11,8,8,12,14,Primera B
G. Bogado,San Martín (Burzaco),Argentina,30,LB,Left,168,21,53,,54,38,47,52,47,53,52,35,42,51,36,56,43,37,46,46,52,55,56,44,56,45,48,58,51,35,54,47,47,41,43,55,51,44,50,8,11,9,11,10,8,Primera B
M. Escudero,San Martín (Burzaco),Argentina,13,CB,Right,182,27,57,,51,36,45,46,61,64,43,29,61,56,29,40,37,40,41,50,49,53,44,55,48,57,64,60,68,35,58,56,30,35,37,63,62,64,56,7,7,14,6,14,11,Primera B
L. Moretti,San Martín (Burzaco),Argentina,35,"CB, CDM",Right,181,26,52,,45,31,39,43,54,54,36,25,54,43,28,37,37,33,44,45,39,50,46,53,47,49,55,46,57,30,55,54,23,34,30,49,54,55,52,11,13,15,7,10,11,Primera B
F. Juárez,San Martín (Burzaco),Argentina,20,CB,Right,181,23,55,,50,35,42,42,59,58,35,27,61,49,33,39,38,40,44,43,51,50,43,50,45,48,55,47,64,43,57,66,29,38,38,56,53,60,61,6,13,15,9,7,14,Primera B
R. Lazarev,San Martín (Burzaco),Argentina,2,CB,Right,185,25,61,,55,41,49,51,63,62,46,37,64,54,34,46,39,39,55,54,54,55,48,56,53,56,69,60,62,37,64,61,33,42,43,63,64,64,59,12,6,14,9,14,13,Primera B
D. Orellana,San Martín (Burzaco),Argentina,4,"RB, LB",Right,176,37,58,,54,42,52,58,56,57,59,36,45,51,43,53,50,40,49,60,51,56,63,58,66,50,48,61,57,49,54,53,44,51,43,59,60,58,57,9,6,6,6,6,15,Primera B
J. Rodríguez,San Martín (Burzaco),Argentina,37,CB,Right,186,20,50,,42,29,39,40,53,53,32,23,50,47,20,36,29,28,46,41,43,41,42,46,39,45,55,43,57,29,54,53,24,30,33,46,52,55,55,9,10,10,9,6,10,Primera B
M. Saibene,San Martín (Burzaco),Argentina,32,CB,Right,179,21,53,,50,34,44,43,56,58,41,29,51,51,31,33,36,36,47,52,51,49,43,50,42,46,59,53,61,37,59,58,27,34,34,51,53,58,60,14,6,11,15,15,8,Primera B
A. Siliman,San Martín (Burzaco),Argentina,3,"LB, LM",Left,177,31,64,,70,48,59,62,61,59,62,45,53,61,41,61,52,54,61,63,67,73,63,68,68,53,56,65,55,53,62,64,51,52,49,59,57,65,65,12,15,14,14,10,8,Primera B
N. Báez,San Martín (Burzaco),Argentina,18,RM,Left,167,23,56,,61,51,56,56,42,53,60,54,44,59,52,54,64,47,46,58,64,59,59,51,60,52,47,60,50,47,54,41,49,53,46,48,42,46,34,8,14,14,13,12,12,Primera B
E. Brizuela,San Martín (Burzaco),Argentina,21,"CAM, CM",Right,170,23,55,,56,54,56,60,27,49,51,54,38,60,50,63,62,55,55,59,55,56,56,52,59,51,43,55,51,59,40,27,57,54,50,55,27,23,24,6,12,7,6,15,6,Primera B
C. Centurión,San Martín (Burzaco),Argentina,38,CAM,Left,173,19,50,,52,52,50,55,25,42,47,51,39,50,39,54,53,47,54,58,49,54,56,47,54,54,43,50,41,55,34,22,49,50,48,48,27,24,18,11,10,10,8,10,12,Primera B
L. Costa,San Martín (Burzaco),Argentina,14,CDM,Right,185,20,52,,47,43,50,47,52,53,39,41,48,58,33,45,46,40,54,52,49,45,46,46,43,49,47,54,54,45,53,58,40,49,43,43,49,52,56,13,13,14,13,9,8,Primera B
K. Denis,San Martín (Burzaco),Argentina,11,"LM, LW",Right,184,26,60,,67,55,58,63,40,57,63,54,47,56,54,63,55,51,55,63,65,68,65,62,65,61,53,66,55,53,54,41,54,63,54,57,39,39,33,7,11,7,13,13,14,Primera B
N. Gauna,San Martín (Burzaco),Argentina,22,"CDM, CB",Right,182,34,63,,52,54,58,60,65,63,53,51,59,61,47,62,55,53,59,56,55,50,56,68,61,64,59,68,60,55,63,68,54,60,54,64,64,67,61,7,11,13,6,10,11,Primera B
L. Geneiro,San Martín (Burzaco),Argentina,12,"CDM, CB",Right,187,26,57,,52,46,52,54,57,57,45,41,53,56,40,52,47,45,58,59,52,52,49,56,49,56,50,59,55,51,63,60,45,48,45,56,54,60,58,13,15,13,7,15,13,Primera B
R. González,San Martín (Burzaco),Argentina,27,CDM,Right,179,22,54,,48,43,50,51,56,59,38,35,50,61,41,47,45,34,51,55,53,44,43,55,53,56,48,55,62,44,59,55,50,48,47,58,53,62,58,8,9,11,8,8,6,Primera B
S. Modón,San Martín (Burzaco),Argentina,16,"CDM, CM",Left,167,34,63,,53,55,60,59,63,65,49,53,60,65,43,60,49,47,66,59,55,51,54,67,56,60,60,68,65,59,64,66,52,62,50,65,61,63,64,10,12,12,7,11,8,Primera B
M. Muzzio,San Martín (Burzaco),Argentina,26,"RM, RW",Right,169,21,55,,58,49,56,57,35,48,63,51,41,50,47,58,57,50,59,55,55,61,64,51,57,48,45,56,46,46,45,33,54,56,46,54,39,31,34,13,13,11,9,12,7,Primera B
R. Peralta,San Martín (Burzaco),Argentina,23,LM,Right,177,25,59,,59,52,58,60,39,50,64,48,40,59,54,59,53,55,50,60,58,60,62,57,64,60,45,59,45,50,53,41,58,56,59,56,39,37,37,12,13,8,6,15,6,Primera B
T. Segura,San Martín (Burzaco),Argentina,15,"LM, LW",Left,164,21,53,,57,46,54,55,34,47,56,47,43,60,45,54,52,47,51,55,60,55,62,48,59,46,41,58,46,43,38,34,50,44,48,47,33,34,31,12,8,11,7,6,12,Primera B
J. Pablo Tobón,San Martín (Burzaco),Argentina,10,CAM,Right,174,26,55,,55,57,56,58,27,47,52,56,44,56,53,61,61,54,52,57,59,52,59,53,53,58,41,53,46,61,44,30,60,62,53,54,23,25,25,9,7,8,13,10,9,Primera B
R. Velázquez,San Martín (Burzaco),Argentina,5,"CDM, CM",Right,180,24,63,,59,53,58,61,66,67,53,45,54,64,50,58,49,53,61,65,58,60,55,59,63,67,62,66,68,55,66,66,56,55,61,66,69,70,60,6,15,12,7,8,8,Primera B
A. Vera,San Martín (Burzaco),Argentina,36,LM,Left,171,21,52,,58,47,51,56,34,46,56,49,43,54,44,59,51,41,43,55,61,56,54,52,57,46,39,59,41,45,45,37,52,49,47,49,31,32,38,12,9,10,10,7,13,Primera B
J. Arostegui,San Martín (Burzaco),Argentina,31,ST,Left,178,23,55,,56,56,45,53,22,54,47,58,55,45,56,54,47,45,39,50,57,55,54,58,53,53,54,51,58,55,48,20,61,46,56,57,15,20,19,11,9,7,9,14,10,Primera B
B. Chávez,San Martín (Burzaco),Argentina,28,LW,Left,178,35,58,,62,55,57,59,25,48,60,53,49,61,56,61,56,59,46,54,65,60,66,61,65,60,51,57,44,56,45,29,62,56,49,57,20,22,18,12,8,8,14,15,13,Primera B
C. Cuenca,San Martín (Burzaco),Argentina,19,ST,Right,176,25,56,,58,56,45,54,21,53,43,57,57,50,53,51,46,47,36,57,59,57,53,57,55,59,54,49,57,51,49,21,57,45,61,58,20,11,16,12,12,14,8,12,14,Primera B
R. Díaz,San Martín (Burzaco),Argentina,8,LW,Left,178,26,58,,66,53,55,62,25,52,59,52,43,53,55,62,57,50,50,64,65,66,59,53,63,53,51,62,47,55,51,25,57,59,51,62,25,20,22,6,7,9,7,6,10,Primera B
A. Funes,San Martín (Burzaco),Argentina,29,ST,Right,183,21,51,,54,51,40,49,19,51,35,50,50,45,55,50,45,42,33,46,53,55,50,51,53,55,50,45,56,48,45,19,55,42,53,53,13,16,16,10,12,6,10,8,9,Primera B
L. Lezcano,San Martín (Burzaco),Argentina,9,"ST, CAM",Right,175,27,59,,60,58,49,56,28,58,48,59,60,52,62,58,50,49,44,55,62,59,52,60,58,59,58,57,61,54,53,22,64,48,61,56,28,25,13,12,7,9,10,11,11,Primera B
C. Treppo,San Martín (Burzaco),Argentina,17,RW,Left,170,34,56,,56,54,56,59,27,47,57,56,48,57,53,59,53,50,53,59,55,57,63,58,60,51,47,57,45,51,39,32,57,59,51,53,27,19,22,7,8,9,10,14,6,Primera B
E. Zagert,San Martín (Burzaco),Argentina,7,RW,Right,164,31,60,,66,58,55,63,31,51,58,58,52,57,55,67,63,47,50,58,67,66,68,63,61,57,52,57,50,58,48,30,60,54,60,61,34,24,22,8,6,15,15,6,14,Primera B
A. Alastra,Sportivo Italiano,Argentina,25,GK,Left,177,27,56,,33,14,26,22,12,40,11,10,12,31,10,11,21,10,28,24,34,32,25,52,44,29,38,30,49,10,29,17,10,35,18,30,10,10,12,52,54,48,57,59,36,Primera B
V. Fenocchio,Sportivo Italiano,Argentina,30,GK,Left,192,21,56,,30,16,26,23,15,40,19,10,22,29,10,11,16,10,27,26,31,29,35,56,34,38,42,33,47,12,32,25,10,32,20,39,13,10,10,58,55,47,57,55,35,Primera B
G. Yordan,Sportivo Italiano,Argentina,1,GK,Right,191,32,66,,35,24,35,35,24,52,15,17,26,42,12,24,22,18,41,38,31,38,45,65,42,43,56,43,60,24,42,31,14,44,28,47,21,19,29,64,64,64,70,70,38,Primera B
C. Bifiguer,Sportivo Italiano,Argentina,2,CB,Right,182,29,66,,61,47,55,57,68,70,52,40,69,64,42,50,41,43,57,60,61,61,61,66,56,68,75,66,72,45,68,65,34,47,44,68,67,70,68,13,6,7,13,6,14,Primera B
A. Daivez,Sportivo Italiano,Argentina,13,"CB, RB",Right,177,27,60,,60,41,49,51,62,63,47,41,65,54,36,46,39,41,54,57,58,61,46,59,46,49,66,50,68,35,64,62,35,43,38,56,62,59,64,14,13,7,14,9,7,Primera B
F. Di Massimo,Sportivo Italiano,Argentina,24,CB,Right,189,22,55,,47,34,42,45,60,61,39,28,56,46,28,40,38,32,48,49,48,47,46,51,40,47,56,51,68,38,59,56,28,36,39,52,59,65,61,11,10,10,6,14,6,Primera B
P. Durante,Sportivo Italiano,Argentina,4,RB,Left,172,27,63,,68,47,59,60,60,63,64,42,56,62,41,57,58,49,58,63,66,70,63,60,63,53,63,68,60,50,62,56,49,50,50,58,62,61,63,14,15,14,6,11,13,Primera B
E. Merzario,Sportivo Italiano,Argentina,3,LB,Left,172,24,66,,69,53,61,62,65,66,61,51,61,62,50,57,61,62,63,64,70,68,70,68,67,57,63,64,67,54,69,61,55,56,51,63,67,66,68,12,11,6,14,15,7,Primera B
C. Ordoñez,Sportivo Italiano,Argentina,6,"CB, RB",Right,182,31,63,,59,44,49,52,66,65,47,39,66,57,40,47,37,41,56,55,54,63,54,58,53,60,69,66,63,43,68,71,40,39,45,62,66,63,64,12,11,12,8,6,6,Primera B
V. Salomone,Sportivo Italiano,Argentina,27,CB,Right,178,21,52,,48,30,40,42,54,57,39,21,51,45,31,37,28,31,43,46,46,49,41,44,39,47,56,50,59,34,60,57,33,33,29,47,52,57,50,9,9,15,15,10,6,Primera B
A. Zurita,Sportivo Italiano,Argentina,14,"RB, LB",Right,177,28,58,,59,44,51,59,55,60,54,39,47,57,39,57,50,44,48,63,57,60,53,55,62,50,57,65,58,48,58,59,46,44,45,51,52,56,59,12,7,11,8,8,9,Primera B
R. Amembi,Sportivo Italiano,Argentina,34,LM,Left,175,19,48,,54,44,45,48,29,44,52,46,37,43,41,48,50,44,42,46,55,53,56,42,48,46,32,53,41,40,45,35,49,45,40,43,27,25,26,13,8,6,7,15,13,Primera B
B. Cenci,Sportivo Italiano,Argentina,12,CDM,Right,171,23,57,,48,47,56,52,57,61,45,41,52,60,36,46,49,48,59,56,49,47,47,59,57,55,54,56,62,54,66,63,47,63,49,63,55,58,57,12,15,6,9,7,9,Primera B
F. Centurión,Sportivo Italiano,Argentina,8,"CM, CDM",Right,177,23,60,,55,55,61,58,52,56,56,52,47,65,53,57,57,53,59,58,54,55,60,57,57,56,51,67,54,60,51,55,53,62,52,58,50,55,52,8,7,6,14,12,7,Primera B
J. Ignacio D'Acquila,Sportivo Italiano,Argentina,21,LM,Right,177,20,53,,60,49,51,52,39,46,57,48,37,53,48,54,57,51,41,49,61,59,60,46,58,53,42,54,43,48,45,42,47,48,45,47,37,40,36,13,8,11,13,12,13,Primera B
J. Cruz De Cuadro,Sportivo Italiano,Argentina,7,RM,Right,161,28,60,,69,53,59,62,41,54,64,52,50,57,45,64,64,55,54,58,68,69,66,62,66,56,54,62,51,53,50,45,54,59,55,54,35,44,34,10,10,13,10,15,6,Primera B
L. Fantino,Sportivo Italiano,Argentina,16,CDM,Left,185,31,64,,54,52,64,56,67,67,57,49,64,69,44,55,58,50,66,54,51,57,61,59,60,60,67,66,67,53,70,67,50,64,52,64,66,70,65,7,11,7,14,11,11,Primera B
L. Fernández,Sportivo Italiano,Argentina,26,"LM, LW",Left,180,20,53,,55,43,52,57,33,50,57,40,42,53,45,56,55,45,48,58,56,55,60,49,61,44,45,56,50,46,45,34,50,51,49,49,32,32,27,6,7,7,14,13,13,Primera B
R. Fortino,Sportivo Italiano,Argentina,20,CAM,Left,167,21,54,,58,55,58,56,28,43,54,56,42,60,50,51,57,53,56,61,61,55,61,54,60,56,40,48,40,57,44,29,52,62,48,57,27,24,24,9,13,9,13,8,10,Primera B
F. Gómez,Sportivo Italiano,Argentina,18,"CM, CDM",Right,182,25,61,,61,59,61,62,56,59,55,58,54,64,50,63,64,51,66,59,65,58,65,64,63,64,49,63,58,61,58,55,60,61,55,61,56,56,55,13,12,7,9,12,10,Primera B
A. Guerra,Sportivo Italiano,Argentina,22,CDM,Right,178,24,58,,54,51,54,54,59,63,44,43,53,63,46,49,47,52,52,58,53,55,55,54,55,62,55,66,64,57,59,61,54,52,53,60,59,58,60,9,11,8,10,13,7,Primera B
L. Guzmán,Sportivo Italiano,Argentina,10,LM,Left,172,25,57,,66,52,57,60,38,51,58,51,46,57,48,64,53,50,54,59,61,71,52,55,62,57,44,64,46,49,50,38,52,60,53,58,38,35,37,14,8,9,9,13,8,Primera B
L. Laborda,Sportivo Italiano,Argentina,11,LM,Left,174,27,66,,73,58,64,66,46,62,67,54,54,63,60,67,65,63,60,63,71,75,67,70,69,60,54,67,62,61,60,48,63,65,64,67,44,47,42,10,7,12,13,7,13,Primera B
J. Rivero,Sportivo Italiano,Argentina,5,CDM,Right,172,28,65,,59,58,60,59,65,66,53,56,62,62,50,56,54,51,64,58,58,59,59,71,61,65,60,70,66,60,65,63,53,63,56,70,69,64,62,12,10,11,6,10,13,Primera B
K. Sueldo,Sportivo Italiano,Argentina,15,RM,Right,172,22,56,,62,50,54,58,37,51,59,49,43,54,44,57,57,48,50,59,63,61,63,54,61,51,45,56,51,49,48,38,53,53,52,55,37,34,40,7,6,10,12,10,6,Primera B
R. Alarcón,Sportivo Italiano,Argentina,32,ST,Right,183,20,52,,57,54,44,52,20,52,46,55,53,46,52,51,41,44,38,56,56,58,44,45,45,55,54,50,55,50,46,15,64,42,51,57,18,18,11,10,6,15,8,8,10,Primera B
I. Araneda,Sportivo Italiano,Argentina,33,"RW, ST",Right,168,21,52,,61,48,47,54,22,43,44,50,36,50,45,56,52,53,44,54,63,59,55,43,54,43,42,47,43,50,39,23,51,43,50,51,27,14,13,6,15,11,6,15,13,Primera B
P. Cáceres,Sportivo Italiano,Argentina,17,"RW, RM",Right,170,23,58,,66,57,57,58,26,47,62,57,43,61,52,58,61,49,50,55,67,66,62,57,64,58,45,55,47,58,37,31,61,53,57,56,22,23,25,6,13,7,14,8,13,Primera B
G. Fernández,Sportivo Italiano,Argentina,19,"ST, CAM",Left,191,23,58,,61,55,48,56,26,54,48,53,63,54,60,54,50,46,38,58,59,62,57,60,47,61,55,58,54,52,50,21,59,46,57,57,22,24,17,11,15,12,15,7,9,Primera B
K. Giménez,Sportivo Italiano,Argentina,23,LW,Left,179,25,63,,69,62,61,65,32,53,61,65,47,62,57,66,64,55,56,61,71,67,76,65,67,59,49,63,51,61,46,33,68,62,58,56,34,25,25,9,9,11,14,14,8,Primera B
M. Guzmán,Sportivo Italiano,Argentina,9,ST,Right,185,24,65,,65,68,53,63,36,63,50,69,68,57,67,62,52,56,45,62,65,65,64,68,62,72,68,58,67,63,59,30,71,54,68,64,33,38,23,9,12,13,8,15,13,Primera B
T. Hirigoyen,Sportivo Italiano,Argentina,29,"ST, RW",Right,181,20,57,,62,58,46,56,24,57,41,60,61,51,62,53,45,49,41,57,61,63,55,59,57,56,56,50,65,55,48,22,63,48,58,61,22,16,18,15,15,10,15,13,12,Primera B
M. Lopez,Sportivo Italiano,Argentina,31,ST,Right,186,24,55,,55,56,44,51,21,53,43,56,56,46,53,49,52,44,35,52,58,53,51,54,55,58,55,51,56,53,46,21,62,48,56,58,16,15,18,7,13,6,14,13,6,Primera B
F. Molina,Sportivo Italiano,Argentina,28,"LW, ST",Right,173,28,60,,67,59,59,65,29,54,61,59,48,61,57,66,64,52,53,65,67,67,67,57,68,62,54,64,50,57,49,29,64,58,57,61,28,23,27,15,14,7,9,13,10,Primera B
L. Bursich,Talleres (R.E),Argentina,25,GK,Right,187,24,57,,29,16,27,24,16,40,14,10,15,37,10,11,12,18,27,29,30,28,30,53,37,37,42,34,46,10,30,21,10,28,20,30,16,13,14,60,59,55,54,56,33,Primera B
M. Casoli,Talleres (R.E),Argentina,1,GK,Right,186,26,67,,43,26,38,34,25,53,28,20,31,43,15,22,21,24,38,38,40,46,40,59,47,45,60,41,61,24,48,32,16,46,31,42,24,22,21,71,64,65,66,72,45,Primera B
A. Galván,Talleres (R.E),Argentina,30,GK,Left,192,23,55,,29,15,24,22,14,38,10,10,20,31,10,10,12,10,26,25,33,26,30,56,35,35,42,27,45,10,31,20,10,33,13,34,11,10,15,53,56,48,55,54,35,Primera B
I. Pérez,Talleres (R.E),Argentina,31,GK,Right,183,20,54,,31,16,22,22,13,37,10,10,10,28,10,11,10,12,27,25,29,32,29,47,36,36,39,28,46,11,25,17,10,25,17,27,15,10,10,57,51,46,55,55,36,Primera B
M. Bazzi,Talleres (R.E),Argentina,6,"CB, RB",Left,183,25,64,,59,45,52,55,65,63,49,40,64,60,37,51,42,46,59,59,59,59,52,64,51,58,68,59,64,45,64,68,41,40,47,62,64,65,62,11,14,14,13,14,10,Primera B
M. Del Pino,Talleres (R.E),Argentina,2,CB,Right,184,22,65,,61,45,52,50,70,68,49,39,69,54,39,42,44,41,55,54,58,63,50,65,60,60,70,65,69,47,68,71,40,52,47,60,73,71,62,11,11,13,10,8,8,Primera B
D. Gómez,Talleres (R.E),Argentina,21,"RB, RM",Right,174,24,57,,65,42,54,54,57,55,56,34,48,56,39,55,46,44,56,51,61,68,56,53,65,57,52,52,57,46,55,57,45,49,43,53,60,56,57,12,15,12,7,15,8,Primera B
F. Infante,Talleres (R.E),Argentina,32,LB,Left,185,21,53,,59,39,49,51,50,52,56,39,42,49,32,49,46,41,46,52,62,56,51,50,55,41,50,62,49,38,46,50,39,46,43,49,52,51,51,8,8,11,9,11,7,Primera B
N. Malvacio,Talleres (R.E),Argentina,4,"RB, LB",Left,180,27,65,,70,51,60,62,64,61,65,47,59,64,43,61,54,52,58,62,71,70,67,59,67,59,59,63,60,54,63,63,53,54,51,66,66,64,62,7,7,11,9,8,9,Primera B
A. Masuero,Talleres (R.E),Argentina,26,RB,Right,173,38,55,,57,39,52,53,52,55,54,34,43,50,45,55,50,39,56,50,53,60,60,52,54,53,54,60,55,34,51,55,43,53,45,52,51,54,53,7,10,9,13,9,12,Primera B
B. Schuh,Talleres (R.E),Argentina,36,CB,Right,184,19,49,,46,31,36,40,50,51,38,28,53,40,27,37,28,24,42,44,44,47,35,38,39,40,50,50,51,34,51,51,22,28,23,46,51,48,50,9,12,8,9,7,9,Primera B
S. Álvarez,Talleres (R.E),Argentina,35,LM,Right,177,21,51,,57,48,52,51,30,49,56,47,39,53,44,46,51,47,49,55,57,57,53,52,62,47,40,56,49,52,44,35,48,51,42,48,28,24,30,9,7,9,15,15,11,Primera B
A. Arce,Talleres (R.E),Argentina,20,"CAM, CM",Right,169,27,57,,56,56,53,60,29,45,55,55,41,52,52,61,53,55,51,58,57,55,62,59,66,59,48,51,40,57,47,32,58,56,55,58,29,26,24,10,6,8,6,10,10,Primera B
M. Cantero,Talleres (R.E),Argentina,18,CM,Right,177,22,57,,54,50,62,56,48,54,58,46,49,68,47,51,59,51,62,62,51,57,57,55,57,52,46,61,52,54,51,52,58,58,52,57,46,46,48,13,9,12,13,10,13,Primera B
L. César Johnson,Talleres (R.E),Argentina,9,"LM, LW",Left,168,25,60,,67,55,61,63,41,56,62,52,51,62,48,63,61,54,55,65,67,67,60,54,67,57,49,64,54,58,53,40,60,63,55,54,41,41,35,13,6,6,8,13,15,Primera B
I. Ciavarelli,Talleres (R.E),Argentina,23,LM,Left,179,23,62,,67,53,60,60,42,59,63,49,46,60,53,59,61,55,60,59,68,66,62,58,64,62,53,62,60,49,55,37,62,58,52,59,48,39,40,8,7,12,9,15,14,Primera B
P. Cortizo,Talleres (R.E),Argentina,7,"RM, LM",Right,178,37,64,,65,59,64,67,44,59,67,60,52,64,52,67,60,58,63,70,66,65,65,62,65,62,52,65,60,58,53,45,64,63,53,64,45,42,41,7,14,9,8,14,13,Primera B
F. Enrique,Talleres (R.E),Argentina,8,"CM, CAM",Left,185,41,62,,58,58,63,63,54,59,62,58,52,65,53,63,59,56,61,62,57,59,60,65,65,59,52,69,57,60,55,55,57,64,59,68,55,53,53,8,10,12,9,7,7,Primera B
S. Gallardo,Talleres (R.E),Argentina,16,"CM, CDM",Right,174,27,60,,59,57,63,60,52,54,60,56,45,66,54,58,57,58,62,62,59,59,59,57,60,63,52,56,53,55,55,55,60,62,57,61,50,54,50,8,8,11,12,14,12,Primera B
R. Lucena,Talleres (R.E),Argentina,33,CAM,Right,173,21,52,,53,52,54,55,24,47,47,50,39,55,48,56,54,50,51,54,54,52,55,53,54,54,40,56,47,55,39,23,49,63,48,51,22,21,26,11,13,6,11,15,14,Primera B
S. Maldonado,Talleres (R.E),Argentina,15,"RM, RW",Left,181,19,51,,58,47,50,57,32,45,52,46,33,50,46,60,52,46,46,55,58,58,59,52,54,49,36,59,42,47,36,36,47,51,43,46,33,29,33,6,9,12,10,8,13,Primera B
C. Mosca,Talleres (R.E),Argentina,12,"CM, CDM",Right,176,35,58,,46,52,58,60,50,54,52,49,48,61,49,58,54,50,54,62,48,45,60,61,57,58,53,58,51,50,57,53,58,64,52,61,50,50,49,8,15,8,14,9,11,Primera B
B. Ponce,Talleres (R.E),Argentina,22,"CDM, CB",Right,172,25,57,,51,45,52,49,58,58,42,40,58,55,40,45,49,43,57,50,48,54,50,55,58,54,54,61,56,49,61,59,48,56,49,61,60,54,59,9,12,9,10,11,12,Primera B
M. Rodríguez,Talleres (R.E),Argentina,10,"LM, LW",Left,182,36,58,,58,54,57,62,37,52,59,56,44,57,46,65,57,51,59,59,57,58,62,55,60,57,54,60,47,49,53,39,52,57,51,61,35,36,36,12,12,12,7,15,11,Primera B
F. Versaci,Talleres (R.E),Argentina,5,"CDM, CB",Right,177,24,61,,56,51,59,57,63,63,51,47,52,64,45,54,51,53,64,57,53,58,62,61,55,56,55,65,64,55,62,64,52,60,49,61,61,69,63,14,8,10,8,13,11,Primera B
L. Zannier,Talleres (R.E),Argentina,24,"CDM, CB",Right,177,26,57,,53,47,53,53,59,61,45,42,50,57,41,47,46,45,57,58,55,51,53,55,54,54,56,59,64,50,56,61,49,55,50,61,62,59,53,11,11,12,6,14,8,Primera B
L. Zarza,Talleres (R.E),Argentina,34,CM,Right,179,19,52,,54,48,53,53,45,51,47,45,41,57,41,51,52,48,53,57,51,56,53,45,48,53,44,56,49,53,53,45,46,53,48,47,47,44,47,14,6,14,11,12,13,Primera B
J. Pablo Arango,Talleres (R.E),Argentina,28,"LW, LM",Left,174,21,57,,60,57,55,62,26,48,60,61,43,55,56,63,53,49,50,60,65,56,64,60,67,55,49,59,47,51,38,28,60,55,52,56,22,25,18,15,6,12,6,13,9,Primera B
L. Barrios,Talleres (R.E),Argentina,11,LW,Right,175,33,63,,65,61,61,67,34,53,62,63,48,61,55,67,69,58,52,69,66,65,67,62,65,59,52,62,51,59,49,35,67,66,59,66,34,28,31,7,8,7,13,7,11,Primera B
I. Colombini,Talleres (R.E),Argentina,3,"RW, ST",Right,162,34,63,,67,61,62,66,32,56,64,61,51,63,60,68,66,56,60,64,66,67,69,65,70,59,52,62,53,63,55,34,59,59,58,57,30,29,26,12,14,15,15,7,6,Primera B
F. Martínez,Talleres (R.E),Argentina,19,RW,Right,169,31,61,,64,58,58,60,30,50,57,58,48,60,56,59,55,56,55,59,65,63,71,62,63,61,51,60,47,58,46,30,63,58,51,51,29,26,24,11,10,13,8,14,12,Primera B
M. Muñoz,Talleres (R.E),Argentina,14,LW,Left,170,23,54,,58,54,52,58,23,46,52,55,37,54,51,56,58,53,46,61,57,58,62,54,56,54,42,55,46,49,38,24,56,53,56,50,26,16,20,11,10,12,8,6,11,Primera B
L. Niklinski,Talleres (R.E),Argentina,27,"RW, RM",Right,176,24,55,,61,54,50,61,22,49,53,53,44,50,55,64,51,47,47,60,61,61,61,52,59,52,47,55,49,55,43,23,63,52,57,46,24,12,17,6,10,13,13,13,10,Primera B
E. Olivera,Talleres (R.E),Argentina,13,RW,Right,177,26,55,,62,54,51,58,23,45,54,53,41,50,51,58,60,45,49,57,63,62,64,57,61,57,43,53,42,50,41,28,61,50,54,45,25,13,18,14,9,8,14,11,11,Primera B
M. Samaniego,Talleres (R.E),Argentina,17,RW,Right,172,29,64,,72,60,62,69,33,53,65,59,49,66,63,71,68,56,56,68,77,67,73,61,66,62,54,64,48,55,51,35,66,55,64,62,30,31,29,8,6,13,6,8,6,Primera B
M. Taborda,Talleres (R.E),Argentina,29,"ST, RW",Left,182,21,54,,52,56,44,55,21,55,42,57,58,48,49,54,44,43,36,56,54,51,54,55,49,58,58,49,61,53,48,20,56,46,53,55,18,16,10,15,8,8,8,6,15,Primera B
L. Becerra,UAI Urquiza,Argentina,32,GK,Right,185,21,50,,28,15,19,17,11,36,10,10,10,23,10,10,10,10,22,16,26,29,26,46,27,36,38,28,41,10,31,13,10,21,14,31,10,10,10,51,50,42,49,57,28,Primera B
J. Rolón,UAI Urquiza,Argentina,25,GK,Right,188,24,54,,28,15,23,19,13,38,10,10,14,26,10,10,13,10,29,20,27,28,30,46,37,36,43,33,45,10,28,25,10,31,10,26,10,10,10,58,52,54,56,57,30,Primera B
I. Viain,UAI Urquiza,Argentina,1,GK,Right,182,27,63,,37,21,33,29,21,48,21,12,20,38,10,16,17,18,33,34,39,36,38,57,40,42,46,39,56,23,38,32,10,42,27,48,18,19,19,66,63,59,69,63,39,Primera B
A. Caceres,UAI Urquiza,Argentina,3,"LB, LM",Left,177,19,56,,62,43,52,55,53,54,59,39,46,53,32,58,49,44,55,53,63,61,55,52,57,50,54,61,52,50,48,52,42,42,43,41,55,54,57,11,12,13,14,13,6,Primera B
V. Ciancio,UAI Urquiza,Argentina,4,"CB, CDM",Left,177,26,59,,54,39,47,49,60,62,40,34,58,52,31,45,37,38,51,52,49,58,52,55,46,53,65,58,63,42,63,58,31,45,40,59,59,62,59,11,10,13,11,7,9,Primera B
J. Ferrara,UAI Urquiza,Argentina,21,"CB, CDM",Right,180,21,53,,47,33,39,44,55,57,39,26,59,43,30,38,36,34,42,49,48,46,40,58,40,49,58,49,62,32,54,58,29,34,34,53,51,56,50,10,13,9,11,12,11,Primera B
Q. Gaitán,UAI Urquiza,Argentina,20,"CB, CDM",Left,179,24,56,,52,37,45,48,59,62,39,30,57,53,34,48,37,36,49,48,50,53,44,54,46,48,64,57,64,42,61,55,37,36,38,56,58,64,60,14,14,13,13,8,14,Primera B
R. Ledesma,UAI Urquiza,Argentina,33,CB,Right,195,21,50,,42,30,36,40,51,55,37,28,50,38,25,33,32,31,37,45,41,42,39,46,42,43,55,49,58,25,54,52,22,35,23,46,52,51,50,9,7,10,15,12,7,Primera B
N. Menéndez,UAI Urquiza,Argentina,26,CB,Right,186,32,54,,48,37,45,45,57,59,39,32,55,52,35,44,41,29,47,46,51,45,42,52,43,53,56,52,63,34,59,58,31,40,35,55,59,56,51,11,11,15,6,15,14,Primera B
S. Monzón,UAI Urquiza,Argentina,2,"CB, CDM",Right,192,23,61,,56,41,52,52,62,65,49,35,64,61,39,51,47,38,53,52,53,59,50,58,53,58,68,59,68,38,66,63,41,41,38,56,59,63,63,15,13,14,15,11,14,Primera B
F. Natale,UAI Urquiza,Argentina,28,"LB, RB",Right,176,22,52,,60,36,49,49,48,51,53,30,40,51,30,47,44,34,51,49,57,62,53,49,54,48,48,57,46,37,56,54,43,46,38,47,46,48,53,9,8,7,6,12,14,Primera B
F. Postel,UAI Urquiza,Argentina,24,"CB, CDM",Left,178,23,53,,45,33,39,43,56,54,40,28,56,44,29,38,32,29,42,46,43,47,43,51,45,47,58,48,54,31,59,49,28,33,32,53,57,60,60,14,7,11,8,12,13,Primera B
F. Prado,UAI Urquiza,Argentina,14,RB,Right,180,25,54,,59,39,51,52,51,53,52,34,41,54,40,47,47,43,50,55,57,60,57,52,56,47,55,60,49,41,55,47,41,48,37,48,53,55,52,15,7,9,9,14,9,Primera B
T. Rocha,UAI Urquiza,Argentina,13,CB,Right,183,23,52,,47,32,41,40,55,54,40,27,54,47,28,32,35,37,42,45,47,47,43,45,46,41,56,48,56,34,54,54,28,31,31,51,55,57,51,8,14,12,15,12,6,Primera B
V. Rodríguez,UAI Urquiza,Argentina,6,CB,Right,187,25,60,,56,37,46,52,64,62,40,30,62,54,36,50,38,39,50,54,55,57,46,59,54,52,64,57,66,39,60,66,35,40,41,56,58,67,67,7,11,13,9,7,11,Primera B
V. Albano,UAI Urquiza,Argentina,7,RM,Left,168,23,57,,62,53,58,60,36,50,60,52,50,59,51,59,61,53,55,60,58,65,64,60,62,54,46,58,46,56,52,38,52,58,47,55,32,36,34,9,10,7,13,15,9,Primera B
L. Arcuri,UAI Urquiza,Argentina,22,"CDM, CM",Right,176,27,60,,56,48,59,56,61,63,55,42,56,65,43,52,47,52,61,61,52,60,48,58,60,55,54,64,62,56,67,68,51,57,50,60,58,62,60,12,8,15,15,9,15,Primera B
T. Asprea,UAI Urquiza,Argentina,16,"CM, CAM",Right,172,31,61,,52,55,63,63,54,57,56,51,53,68,49,67,58,51,61,60,51,53,62,59,58,57,47,63,56,61,56,53,59,65,56,62,53,55,55,12,6,15,7,8,14,Primera B
L. Forni,UAI Urquiza,Argentina,34,CDM,Right,178,19,48,,44,39,45,44,51,52,34,35,48,54,31,43,36,34,50,44,45,43,45,45,41,45,48,58,51,43,48,53,39,41,37,48,51,54,44,6,12,13,8,14,14,Primera B
F. Galli,UAI Urquiza,Argentina,11,RM,Right,162,21,53,,65,47,53,54,34,45,53,46,37,55,42,56,55,45,48,54,64,65,51,52,52,48,45,54,42,48,41,41,56,53,43,54,30,33,30,15,11,8,6,6,11,Primera B
Y. Herrera,UAI Urquiza,Argentina,36,CM,Right,176,19,45,,47,40,44,46,37,42,41,39,38,45,33,42,38,38,49,53,48,46,40,42,46,44,37,47,41,43,40,40,42,46,36,36,37,36,30,7,15,15,6,11,6,Primera B
E. Ibáñez,UAI Urquiza,Argentina,5,"CDM, CM",Right,184,32,62,,52,55,61,55,64,65,59,49,57,69,43,53,49,50,58,54,49,55,53,65,57,66,59,61,68,61,63,66,53,58,52,70,64,66,63,13,11,14,11,15,12,Primera B
Á. Marín,UAI Urquiza,Argentina,12,CM,Right,164,23,52,,47,50,53,52,47,49,53,48,41,52,37,55,53,46,51,50,50,45,52,52,50,58,38,56,48,52,46,49,47,59,48,53,49,49,38,12,11,10,8,11,14,Primera B
F. Marino,UAI Urquiza,Argentina,35,"CDM, CM",Right,174,19,47,,37,37,47,45,50,45,35,30,42,57,33,42,37,38,45,48,37,37,43,51,47,46,46,52,40,46,47,55,38,47,37,43,53,46,51,10,12,10,12,15,13,Primera B
V. Pesse,UAI Urquiza,Argentina,10,CAM,Right,171,24,58,,60,57,59,61,31,53,57,56,44,61,59,64,63,54,58,57,61,60,62,57,62,60,43,66,50,57,49,34,61,60,56,65,29,27,26,7,10,14,8,12,15,Primera B
M. Polizzotto,UAI Urquiza,Argentina,18,"CM, CDM",Right,178,23,55,,53,50,55,57,50,53,50,46,45,60,44,58,50,47,57,59,56,50,53,53,56,56,47,56,53,56,53,56,49,52,53,50,48,51,49,10,6,8,12,11,8,Primera B
N. Ríos,UAI Urquiza,Argentina,8,CM,Right,174,24,58,,54,54,59,61,51,57,55,51,51,63,54,60,58,52,58,66,56,53,56,61,59,57,48,57,59,55,54,56,56,58,53,54,50,50,46,15,8,9,13,9,15,Primera B
T. San Martín,UAI Urquiza,Argentina,27,"CM, CAM",Right,175,21,53,,54,51,52,52,44,50,43,48,44,56,40,48,55,43,54,54,57,52,53,57,61,53,53,53,49,58,46,47,50,56,45,49,42,48,36,10,7,8,14,11,10,Primera B
S. Scacchi,UAI Urquiza,Argentina,9,CDM,Right,172,27,57,,52,46,54,51,60,59,51,40,48,56,40,48,46,46,58,53,51,53,54,53,51,51,54,61,56,52,63,57,51,54,49,52,62,66,57,14,10,6,13,14,15,Primera B
M. Soria,UAI Urquiza,Argentina,30,CDM,Right,169,20,52,,45,42,47,49,56,53,39,37,45,48,34,47,40,43,51,52,46,45,48,52,50,49,53,56,53,50,50,60,43,51,44,46,58,56,50,10,7,15,11,7,11,Primera B
A. Szutiniz,UAI Urquiza,Argentina,23,LM,Right,166,21,49,,55,44,46,53,29,39,52,42,35,46,40,54,50,43,44,54,52,58,51,47,54,52,39,49,34,45,40,29,42,42,41,50,29,29,25,15,12,10,11,7,12,Primera B
E. Zapata,UAI Urquiza,Argentina,15,CM,Left,166,19,48,,45,46,45,48,39,46,46,47,35,47,38,45,45,44,43,51,45,45,52,48,50,46,38,51,48,48,39,41,44,44,43,46,37,42,38,8,12,12,11,12,12,Primera B
E. Díaz,UAI Urquiza,Argentina,17,"RW, RM",Left,177,34,58,,63,55,57,61,28,48,59,52,37,57,49,65,57,51,56,56,57,68,65,56,62,58,52,58,44,59,46,31,59,56,56,59,27,27,23,8,15,7,7,8,11,Primera B
R. Leiva,UAI Urquiza,Argentina,31,ST,Right,183,20,53,,60,58,42,49,20,50,39,62,55,44,57,48,46,50,36,52,63,57,44,48,54,58,53,50,51,50,47,20,53,43,60,50,16,15,14,7,12,12,9,14,11,Primera B
F. Mesa,UAI Urquiza,Argentina,29,ST,Right,173,23,54,,56,56,46,53,20,55,48,60,53,49,54,54,46,42,40,52,57,56,53,56,46,55,47,50,60,49,50,26,57,44,51,53,11,18,13,13,10,8,12,15,12,Primera B
R. Scarcella,UAI Urquiza,Argentina,19,"RW, RM",Right,174,24,56,,64,58,56,57,25,51,59,56,43,57,59,56,60,57,49,58,64,64,59,61,58,61,50,59,49,59,47,24,58,57,51,52,24,24,18,12,10,9,7,8,14,Primera B
I. Diez,Villa Dálmine,Argentina,32,GK,Left,188,21,54,,30,15,24,24,14,35,14,10,11,31,10,15,10,13,23,26,32,29,30,49,33,31,42,29,39,11,31,18,10,27,18,37,12,14,10,55,51,49,55,59,28,Primera B
G. Friedrich,Villa Dálmine,Argentina,12,GK,Right,187,31,57,,32,17,25,24,15,41,10,10,13,33,10,11,13,12,28,26,30,34,34,54,41,38,44,27,50,16,33,26,10,31,12,38,13,10,12,58,55,47,52,57,35,Primera B
A. Guerrero,Villa Dálmine,Argentina,25,GK,Right,184,21,55,,32,15,25,24,14,40,14,10,14,30,10,14,13,11,30,26,36,28,33,48,38,35,47,34,46,11,29,21,10,28,13,34,10,11,16,56,54,54,56,57,36,Primera B
A. Luna,Villa Dálmine,Argentina,30,GK,Right,183,21,55,,29,15,26,22,13,39,11,10,12,38,10,14,10,12,26,21,29,29,32,51,35,33,38,32,45,12,34,17,10,26,12,37,14,10,13,57,57,46,55,56,31,Primera B
M. Rodríguez,Villa Dálmine,Argentina,22,GK,Right,190,22,55,,30,16,22,25,13,38,10,10,19,25,10,10,10,10,28,32,34,26,33,52,30,38,41,28,45,10,30,18,10,31,16,40,12,10,10,60,52,53,53,58,31,Primera B
J. Martín Rojas,Villa Dálmine,Argentina,1,GK,Right,186,27,67,,40,24,36,33,28,49,19,18,30,44,13,23,24,25,39,34,41,40,41,64,44,42,56,41,56,23,41,34,18,42,29,49,25,27,21,72,65,60,66,74,39,Primera B
N. Agorreca,Villa Dálmine,Argentina,15,"LB, LM",Right,171,36,61,,62,47,58,60,58,58,64,44,53,56,48,57,58,48,56,61,57,67,62,64,63,51,54,62,58,48,56,60,50,57,53,59,56,60,62,6,7,8,6,7,12,Primera B
M. Britos,Villa Dálmine,Argentina,13,CB,Left,182,22,54,,48,33,41,45,57,53,36,25,58,47,29,41,39,30,47,47,50,46,44,59,47,51,57,44,56,32,57,53,29,32,37,52,56,58,63,6,6,11,8,6,6,Primera B
C. Broggi,Villa Dálmine,Argentina,2,"CB, CDM",Right,179,32,64,,55,44,50,53,67,68,46,39,65,59,36,52,43,43,52,52,53,57,47,66,56,55,66,64,68,47,72,72,42,41,46,63,69,64,61,15,12,11,12,7,10,Primera B
D. Martínez,Villa Dálmine,Argentina,3,LB,Left,178,21,62,,66,46,56,57,60,60,56,40,56,61,47,58,48,46,57,53,67,66,58,63,64,56,62,64,56,46,62,55,53,51,50,60,62,62,59,15,14,11,7,10,10,Primera B
E. Ramón,Villa Dálmine,Argentina,24,"CB, RB",Right,180,25,57,,52,37,45,49,62,58,46,32,63,50,29,48,37,37,48,52,50,53,40,52,43,55,59,57,58,33,59,62,33,37,32,57,60,65,62,6,13,10,11,15,13,Primera B
M. Ravasio,Villa Dálmine,Argentina,33,LB,Left,174,19,54,,56,42,48,49,52,55,55,37,46,51,42,44,43,40,47,53,52,60,56,50,56,47,49,60,50,47,62,54,46,41,40,45,45,58,58,10,11,14,11,15,8,Primera B
M. Resquín,Villa Dálmine,Argentina,6,CB,Right,187,31,59,,51,40,47,49,62,62,44,35,62,51,37,44,41,38,57,54,50,51,45,54,44,53,57,60,65,39,60,58,34,41,37,58,61,66,59,12,7,11,6,14,12,Primera B
M. Zurita,Villa Dálmine,Argentina,14,RB,Right,170,26,58,,65,43,56,56,57,57,62,40,47,57,39,55,56,48,52,58,66,65,54,49,56,52,51,63,54,41,58,57,37,51,45,52,58,59,55,7,14,14,15,9,15,Primera B
V. Carlucci,Villa Dálmine,Argentina,20,"CAM, ST",Right,173,23,58,,56,58,62,62,30,51,56,57,43,65,51,63,60,58,67,61,58,54,59,60,64,61,53,52,52,56,46,36,59,61,60,59,26,28,24,15,9,13,14,15,8,Primera B
L. Gamba,Villa Dálmine,Argentina,7,RM,Right,167,26,65,,67,60,64,67,44,59,63,60,49,66,56,67,62,62,62,67,66,68,71,63,66,60,59,64,58,63,56,43,62,62,54,58,43,45,42,12,15,13,6,12,12,Primera B
V. Gargiulo,Villa Dálmine,Argentina,4,"RM, LM",Right,172,25,61,,65,58,59,62,41,55,60,56,47,62,51,62,63,56,52,64,63,67,64,61,62,60,41,63,51,63,57,38,56,56,54,53,45,39,39,8,13,9,12,6,12,Primera B
F. Garzino,Villa Dálmine,Argentina,16,CDM,Right,177,30,65,,57,58,62,60,65,69,55,55,62,68,50,58,54,49,66,61,56,58,58,66,60,67,57,70,67,60,74,68,52,60,51,63,61,68,67,11,7,12,14,7,7,Primera B
G. Gutiérrez,Villa Dálmine,Argentina,26,LM,Left,177,23,55,,55,49,55,57,36,48,57,48,42,57,47,58,50,53,56,57,56,55,55,56,57,49,42,50,49,50,46,34,51,51,47,48,37,34,32,13,6,8,6,9,11,Primera B
B. Karnincic,Villa Dálmine,Argentina,23,"LM, LW",Left,173,20,56,,62,49,54,55,37,53,57,46,47,56,51,54,56,48,51,54,62,62,63,56,60,52,50,57,52,48,53,40,54,52,55,47,37,33,35,6,7,14,13,14,6,Primera B
T. Mascarell,Villa Dálmine,Argentina,21,CM,Right,176,21,56,,51,51,55,58,51,53,54,46,49,56,49,58,55,53,53,58,52,50,58,57,55,56,46,61,52,58,46,56,54,56,51,53,49,54,42,12,9,15,12,15,6,Primera B
A. Nievas,Villa Dálmine,Argentina,10,CM,Right,179,25,55,,51,51,51,57,48,54,46,48,48,53,44,61,45,50,51,55,51,51,54,52,55,57,43,57,55,51,53,50,60,52,49,61,47,48,45,14,6,13,11,6,11,Primera B
M. Nizzo,Villa Dálmine,Argentina,18,"CM, CAM",Right,176,37,60,,55,54,60,59,51,59,57,50,54,62,51,56,50,62,58,61,51,58,66,58,60,62,50,65,56,56,59,54,60,63,54,62,48,52,49,8,13,10,9,12,14,Primera B
S. Prim,Villa Dálmine,Argentina,8,CM,Right,182,36,63,,54,58,62,66,56,59,60,55,53,60,48,67,63,61,64,67,59,50,62,59,67,62,54,61,57,66,61,55,55,64,54,62,56,58,53,12,12,6,13,9,13,Primera B
S. Sienra,Villa Dálmine,Argentina,37,"RM, RW",Right,174,22,52,,58,47,48,54,34,47,52,44,37,50,44,52,51,45,44,56,53,62,61,48,52,52,46,57,45,46,42,40,52,45,50,49,30,35,28,14,6,13,12,12,11,Primera B
M. Solís,Villa Dálmine,Argentina,5,"CDM, CB",Left,177,21,63,,57,56,61,60,64,66,53,53,56,67,45,56,49,52,67,64,61,53,54,66,59,59,58,68,67,62,65,64,60,57,54,63,61,69,64,11,15,6,7,7,9,Primera B
S. Forlani,Villa Dálmine,Argentina,28,"LW, ST",Left,173,21,55,,61,55,54,59,22,46,51,57,41,61,52,60,49,49,46,59,57,65,63,53,60,53,44,51,44,53,44,18,60,53,56,47,22,20,22,11,13,10,11,7,12,Primera B
F. Giménez,Villa Dálmine,Argentina,9,"ST, RW",Right,183,31,62,,66,68,54,59,30,61,51,69,63,57,64,61,53,53,47,57,68,65,57,64,55,71,63,61,65,65,52,25,66,58,61,63,23,29,27,15,6,13,6,10,8,Primera B
J. José González,Villa Dálmine,Argentina,38,"ST, RW",Left,181,19,50,,58,49,41,48,17,47,41,50,51,42,48,50,42,44,36,47,63,53,49,51,43,47,50,41,51,46,46,16,59,43,55,49,14,10,11,13,10,13,10,7,10,Primera B
M. Morales,Villa Dálmine,Argentina,29,ST,Right,189,24,58,,61,59,47,57,25,56,45,62,59,50,55,58,52,46,40,55,62,60,52,58,62,57,59,49,60,53,55,25,59,49,62,58,22,18,22,7,14,9,10,15,8,Primera B
L. Muñoz,Villa Dálmine,Argentina,34,"RW, RM",Right,165,21,54,,63,52,52,57,22,43,49,55,38,54,45,58,59,54,49,54,57,68,62,55,57,48,46,52,40,55,40,24,53,54,44,53,19,19,17,10,10,9,11,8,12,Primera B
L. Nadalino,Villa Dálmine,Argentina,27,"RW, RM",Right,179,22,55,,63,54,53,58,25,45,58,54,40,54,51,59,56,52,46,56,66,60,61,56,57,60,42,52,45,50,38,27,56,51,48,58,24,22,19,14,13,9,10,14,14,Primera B
P. Oro,Villa Dálmine,Argentina,19,ST,Right,179,24,59,,59,60,50,59,24,60,48,63,60,52,58,55,50,50,45,62,57,60,61,65,53,64,64,56,65,52,53,20,59,52,60,61,20,20,23,13,10,9,13,13,14,Primera B
M. Páez,Villa Dálmine,Argentina,35,LW,Left,173,20,54,,64,51,55,54,21,46,60,53,40,59,50,56,51,52,45,52,67,62,55,52,63,49,40,55,47,50,35,20,53,50,51,47,19,20,15,8,10,7,6,13,6,Primera B
T. Ponzo,Villa Dálmine,Argentina,11,"LW, ST",Right,174,22,58,,62,58,56,60,27,47,56,58,41,58,58,62,60,51,47,58,61,62,66,57,64,62,50,50,48,55,42,27,59,57,58,55,28,23,24,12,13,14,14,7,13,Primera B
F. Pumpido,Villa Dálmine,Argentina,36,ST,Right,187,37,54,,52,57,48,54,18,54,50,59,59,51,56,54,45,44,37,56,51,52,47,59,45,63,53,50,59,50,48,17,55,50,51,56,14,12,11,8,14,6,9,12,9,Primera B
E. Schulz,Villa Dálmine,Argentina,31,LW,Left,174,22,55,,62,53,54,59,23,50,56,53,39,57,52,61,48,49,44,59,60,63,57,59,61,53,41,61,47,51,46,26,55,55,53,53,20,20,20,14,10,7,7,12,6,Primera B
G. Torres,Villa Dálmine,Argentina,17,RW,Right,171,26,66,,77,64,65,68,36,59,68,64,51,71,59,65,66,57,58,71,80,74,73,68,71,67,50,64,59,61,55,41,64,60,62,63,32,35,28,11,9,9,13,12,11,Primera B
T. Akimenco,Villa San Carlos,Argentina,1,GK,Right,183,27,64,,38,21,30,31,24,45,15,16,27,34,13,19,20,27,34,35,40,37,42,58,42,41,53,37,51,17,40,32,10,36,22,44,19,23,20,65,60,57,65,64,39,Primera B
P. Bangardino,Villa San Carlos,Argentina,12,GK,Right,186,41,54,,22,15,23,23,12,37,10,10,13,27,10,10,13,10,29,27,25,20,31,50,34,34,40,26,44,10,33,15,10,30,11,37,11,10,12,52,57,45,58,56,33,Primera B
L. González,Villa San Carlos,Argentina,30,GK,Right,188,20,55,,32,15,23,22,13,37,10,10,17,30,10,11,15,11,29,23,34,31,33,55,35,31,45,30,43,10,31,19,10,25,20,32,12,10,11,54,54,50,53,56,33,Primera B
T. Hornos,Villa San Carlos,Argentina,34,GK,Right,189,22,50,,23,13,19,19,11,35,10,10,10,23,10,10,10,10,23,20,19,26,25,43,33,25,42,24,44,10,25,14,10,24,10,30,10,10,10,46,48,47,53,48,31,Primera B
G. Areco,Villa San Carlos,Argentina,15,LB,Left,173,26,59,,65,48,55,55,56,58,67,48,55,53,40,54,51,48,51,54,62,67,61,60,59,50,59,62,58,49,52,53,50,50,42,52,57,57,60,10,7,6,10,6,13,Primera B
V. Bangardino,Villa San Carlos,Argentina,31,"CB, RB",Right,176,21,52,,45,32,39,42,57,57,40,26,55,44,31,37,28,32,39,48,45,45,42,48,35,45,59,51,59,32,59,54,29,32,34,50,53,64,55,6,15,8,15,10,8,Primera B
S. Fabi,Villa San Carlos,Argentina,26,"RB, RM",Left,170,21,54,,59,41,48,50,49,53,51,37,41,52,37,44,43,37,48,54,58,60,57,52,56,48,52,58,49,43,57,51,48,44,45,52,47,51,57,8,7,13,7,14,13,Primera B
F. Farías,Villa San Carlos,Argentina,14,"RB, LB",Right,171,22,57,,61,44,52,56,55,53,60,42,49,55,41,55,48,44,52,56,60,61,63,55,51,52,58,62,46,42,57,55,48,43,44,54,54,58,54,11,8,14,13,9,11,Primera B
M. Garraza,Villa San Carlos,Argentina,21,RB,Left,173,22,54,,58,42,47,49,52,52,55,37,47,50,40,50,39,38,41,44,57,59,56,52,56,54,54,55,51,43,49,55,39,44,43,53,51,51,52,8,11,8,15,8,14,Primera B
F. Giancristófaro,Villa San Carlos,Argentina,33,CB,Right,185,18,51,,48,30,41,42,52,53,39,21,46,49,30,39,25,41,42,45,49,47,42,39,46,42,56,44,56,38,57,55,21,30,30,45,53,53,51,10,13,12,7,6,8,Primera B
F. Guallama,Villa San Carlos,Argentina,24,CB,Right,177,23,54,,47,35,40,44,60,55,33,27,60,48,26,42,35,35,45,44,44,50,42,53,47,50,60,54,54,41,59,60,33,34,40,53,58,61,58,6,15,13,8,6,6,Primera B
A. Lloyaiy,Villa San Carlos,Argentina,3,"LB, LM",Left,179,28,62,,67,47,56,59,61,62,57,43,56,59,45,57,57,45,55,60,63,70,61,57,65,55,62,69,59,46,59,63,49,53,49,59,61,61,61,13,11,15,13,14,6,Primera B
L. Machín,Villa San Carlos,Argentina,2,"CB, RB",Left,190,30,58,,50,36,46,48,59,61,45,26,58,54,36,47,41,39,52,49,51,50,43,61,46,52,58,55,62,41,66,65,31,33,44,56,58,58,55,15,12,7,11,7,9,Primera B
T. Mansilla,Villa San Carlos,Argentina,40,"RB, LB",Left,173,19,47,,53,34,42,43,44,43,44,31,36,44,29,42,38,35,44,44,52,54,47,40,50,43,43,48,39,30,47,45,39,36,37,39,45,43,48,11,15,10,8,7,14,Primera B
A. Martínez,Villa San Carlos,Argentina,27,LB,Left,181,21,56,,55,43,51,55,54,55,54,41,45,52,39,53,52,44,52,56,58,53,57,55,59,51,47,62,54,43,51,52,39,48,37,48,54,56,61,7,13,11,13,9,12,Primera B
F. Ojeda,Villa San Carlos,Argentina,4,RB,Right,176,23,62,,66,49,56,58,60,58,63,50,54,59,38,57,53,41,59,57,64,67,61,58,65,56,52,71,51,42,63,58,51,47,46,54,58,64,65,7,6,6,15,14,6,Primera B
Á. Acosta,Villa San Carlos,Argentina,8,"CM, CDM",Left,171,27,62,,61,57,62,63,56,59,57,58,50,68,56,60,57,55,63,67,62,61,66,65,60,52,57,62,59,58,56,63,58,61,57,61,54,57,53,15,13,7,7,8,7,Primera B
R. Álvarez,Villa San Carlos,Argentina,35,CM,Right,178,22,50,,48,46,50,49,40,47,41,47,37,55,42,51,47,46,53,49,51,46,47,40,48,46,40,51,47,44,45,43,45,51,44,52,41,40,38,9,12,13,14,14,13,Primera B
D. Amicuzi,Villa San Carlos,Argentina,25,"RM, LM",Right,166,26,56,,62,50,57,56,38,52,55,47,41,61,53,61,58,49,51,50,64,60,61,54,61,53,41,57,50,49,54,34,55,56,51,53,43,39,29,6,12,11,12,9,9,Primera B
F. Cairo,Villa San Carlos,Argentina,6,RM,Right,179,25,56,,59,52,58,60,37,52,62,52,39,57,46,64,60,52,59,57,58,59,58,65,56,51,45,55,54,53,47,42,56,58,45,51,35,35,35,11,9,11,13,14,8,Primera B
S. Cañete,Villa San Carlos,Argentina,10,"CAM, ST",Right,174,25,59,,61,59,60,60,32,50,57,58,45,59,65,58,63,59,64,63,60,61,60,58,57,56,50,57,49,64,42,42,57,61,55,58,26,28,24,8,15,10,7,6,7,Primera B
I. Celadillo,Villa San Carlos,Argentina,36,"RM, RW",Right,178,20,50,,55,44,48,51,32,42,48,42,36,47,40,51,52,43,48,52,55,55,52,54,53,47,40,50,39,46,42,36,50,49,48,44,29,31,30,7,14,6,9,11,6,Primera B
R. Coria,Villa San Carlos,Argentina,37,"CDM, CB",Right,178,20,49,,44,37,46,43,50,55,39,31,44,53,32,41,37,38,47,44,43,45,42,45,50,48,47,57,56,39,54,50,47,44,43,45,49,54,50,12,6,9,11,12,13,Primera B
J. Eiras,Villa San Carlos,Argentina,38,"CM, CAM",Right,170,19,49,,46,46,49,50,41,45,46,44,33,51,42,48,46,43,46,53,43,49,48,45,54,52,42,54,41,46,45,42,49,53,37,48,42,40,44,6,7,14,12,7,14,Primera B
I. Esteves,Villa San Carlos,Argentina,22,CDM,Right,176,22,54,,48,44,53,48,55,56,48,39,51,60,36,46,38,50,53,48,52,44,45,61,58,53,53,53,58,49,58,55,47,50,47,55,57,56,50,13,12,11,6,14,12,Primera B
E. González,Villa San Carlos,Argentina,5,"LM, RM",Left,166,25,58,,63,51,55,60,38,51,59,50,38,55,44,61,56,58,51,60,62,64,63,58,62,51,44,59,47,55,51,42,56,51,55,53,38,36,39,8,13,14,14,6,13,Primera B
A. Lugones,Villa San Carlos,Argentina,7,"RM, RW",Right,173,32,62,,63,58,62,64,44,57,65,58,50,64,51,65,62,51,56,63,61,64,68,59,63,59,49,62,57,62,52,42,58,63,54,61,45,42,42,10,15,15,6,6,11,Primera B
E. Melillo,Villa San Carlos,Argentina,16,CM,Right,174,36,57,,48,51,59,59,50,57,53,48,51,61,47,55,51,53,64,63,49,48,59,59,58,54,49,64,56,58,55,51,52,62,49,59,49,50,46,15,12,7,12,13,13,Primera B
B. Miranda,Villa San Carlos,Argentina,29,CAM,Right,174,20,54,,59,52,52,57,28,47,51,51,42,51,51,56,59,55,47,57,60,59,61,57,58,53,43,56,47,54,36,25,52,56,58,49,32,25,18,10,9,8,13,14,10,Primera B
F. Mussis,Villa San Carlos,Argentina,17,RM,Left,179,34,59,,57,55,59,59,40,52,59,55,38,62,50,60,56,56,48,57,58,57,60,64,68,58,46,57,49,55,54,38,56,64,52,57,43,39,40,12,7,11,7,8,10,Primera B
T. Piris,Villa San Carlos,Argentina,32,"CAM, CM",Left,173,22,52,,50,52,53,53,23,43,50,50,38,52,49,55,57,49,54,52,53,48,53,56,53,52,41,48,40,56,46,20,57,58,51,48,23,22,21,10,12,12,9,12,14,Primera B
A. Pontón,Villa San Carlos,Argentina,23,LM,Right,168,23,58,,60,52,55,62,40,52,59,48,44,59,52,63,58,49,51,60,61,60,67,57,61,57,48,60,50,57,48,42,56,49,51,58,38,43,33,8,10,6,8,9,13,Primera B
Z. Zegarra,Villa San Carlos,Argentina,13,"RM, LM",Right,178,25,57,,61,51,55,61,38,50,56,48,44,56,49,63,61,49,55,61,58,64,57,60,63,55,49,59,47,51,47,40,58,52,52,54,36,38,32,11,15,10,15,7,15,Primera B
M. Almirón,Villa San Carlos,Argentina,20,LW,Left,170,27,57,,62,58,54,60,25,48,54,61,44,56,54,60,53,50,50,60,65,60,67,56,63,57,39,58,47,51,42,27,57,55,60,55,21,23,22,13,10,12,11,12,11,Primera B
B. Álvarez Pastor,Villa San Carlos,Argentina,39,"RW, RM",Left,175,18,48,,56,46,47,50,16,41,49,45,32,51,43,48,50,38,40,53,55,56,53,48,53,46,37,52,36,47,42,20,45,45,50,45,11,15,10,6,9,13,8,7,9,Primera B
F. Ferrante,Villa San Carlos,Argentina,28,LW,Right,167,25,52,,60,50,48,54,20,41,50,52,40,51,50,50,46,50,41,58,58,61,59,55,60,43,46,51,38,49,37,22,57,45,48,46,18,14,19,14,15,13,9,13,11,Primera B
K. Pavía,Villa San Carlos,Argentina,9,"ST, RW",Right,181,23,62,,69,61,52,62,28,60,49,60,61,57,65,63,55,51,44,60,66,71,63,67,61,67,62,59,64,56,50,22,66,53,65,60,30,20,24,14,13,7,15,15,6,Primera B
M. Plastino,Villa San Carlos,Argentina,19,"ST, RW",Right,185,29,55,,60,58,46,52,22,55,45,59,58,48,55,51,50,44,44,55,62,58,51,48,49,61,58,51,57,55,55,18,61,42,56,55,16,21,17,8,14,7,15,10,15,Primera B
R. Salinas,Villa San Carlos,Argentina,11,"LW, ST",Left,171,40,58,,58,57,55,63,26,49,62,59,46,53,52,64,57,53,48,62,57,59,68,62,66,53,48,57,48,56,42,27,61,59,51,58,20,25,29,14,8,12,8,10,14,Primera B
J. Cruz Villagra,Villa San Carlos,Argentina,18,"RW, RM",Right,171,26,55,,63,55,53,56,25,47,56,55,37,53,44,58,55,51,42,54,61,65,62,50,59,56,47,58,43,55,41,32,57,58,55,55,23,21,21,11,15,13,7,9,9,Primera B
