short_name,club_name,nationality_name,club_jersey_number,player_positions,preferred_foot,height_cm,age,overall,seleccion,pace,shooting,passing,dribbling,defending,physic,attacking_crossing,attacking_finishing,attacking_heading_accuracy,attacking_short_passing,attacking_volleys,skill_dribbling,skill_curve,skill_fk_accuracy,skill_long_passing,skill_ball_control,movement_acceleration,movement_sprint_speed,movement_agility,movement_reactions,movement_balance,power_shot_power,power_jumping,power_stamina,power_strength,power_long_shots,mentality_aggression,mentality_interceptions,mentality_positioning,mentality_vision,mentality_penalties,mentality_composure,defending_marking_awareness,defending_standing_tackle,defending_sliding_tackle,goalkeeping_diving,goalkeeping_handling,goalkeeping_kicking,goalkeeping_positioning,goalkeeping_reflexes,goalkeeping_speed,league_name
S. Bogace,Acassuso,Argentina,33,GK,Right,190,21,56,,34,16,25,24,15,41,10,10,13,34,10,14,10,11,27,26,34,34,32,60,34,35,41,33,48,11,33,24,10,29,16,37,17,10,10,56,55,52,51,62,34,Primera B Nacional
J. Luque,Acassuso,Argentina,30,GK,Right,183,23,58,,32,16,28,25,14,42,13,10,20,35,10,14,16,15,30,28,32,32,29,53,36,38,47,33,49,10,35,20,10,36,19,39,13,12,10,61,58,56,60,54,36,Primera B Nacional
M. Monllor,Acassuso,Argentina,1,GK,Right,188,37,66,,36,23,34,35,24,50,22,16,28,44,18,21,23,17,37,38,38,34,49,63,46,45,54,40,55,20,47,35,13,35,29,52,19,22,20,66,67,61,66,71,45,Primera B Nacional
N. Acosta,Acassuso,Argentina,13,CB,Right,173,23,61,,57,38,48,47,64,66,45,28,58,57,37,40,35,42,48,51,55,58,47,61,55,55,63,57,70,45,67,65,32,39,44,59,66,65,60,10,6,9,15,9,10,Primera B Nacional
S. Bellatti,Acassuso,Argentina,2,"CB, CDM",Right,183,24,65,,59,46,53,56,70,69,51,43,67,58,34,50,45,45,58,61,52,64,55,66,54,61,69,66,71,43,67,68,38,45,42,65,72,71,64,15,15,11,12,12,7,Primera B Nacional
S. Borges,Acassuso,Argentina,24,"CB, CDM",Right,189,23,62,,58,42,49,50,68,65,49,38,68,55,39,47,40,37,56,50,52,62,51,62,56,55,61,62,68,42,64,63,37,39,39,62,72,70,61,14,9,11,12,12,9,Primera B Nacional
F. Cortés,Acassuso,Argentina,25,CB,Left,189,24,60,,54,40,49,52,65,64,47,35,59,55,31,47,33,42,50,57,52,55,48,56,46,53,63,61,67,41,62,68,33,44,38,57,67,64,64,12,12,11,11,15,9,Primera B Nacional
B. Dordoni,Acassuso,Argentina,15,"LB, RB",Right,172,27,65,,72,53,59,61,61,62,67,53,57,62,49,61,55,47,61,56,77,67,68,67,67,58,60,72,55,50,66,60,49,50,50,61,56,66,65,10,14,9,12,9,12,Primera B Nacional
R. Etcheverri,Acassuso,Argentina,6,CB,Left,179,23,66,,62,48,55,53,69,70,50,45,69,67,35,48,46,45,54,57,59,65,52,67,49,63,65,65,75,45,66,66,43,45,46,65,68,71,76,10,14,11,6,12,11,Primera B Nacional
M. Favale,Acassuso,Argentina,37,"RB, LB",Right,169,19,53,,63,41,47,50,52,52,49,38,45,48,31,50,46,40,47,52,61,65,52,46,52,50,52,55,50,43,51,56,38,43,39,44,51,52,49,12,11,15,10,12,9,Primera B Nacional
J. Ghirardello,Acassuso,Argentina,4,"RB, LB",Left,169,31,64,,69,48,61,61,62,63,64,46,58,66,50,57,59,50,62,61,66,72,71,63,69,55,54,67,62,46,65,63,49,54,50,60,62,63,60,13,9,13,9,7,11,Primera B Nacional
L. Pioli,Acassuso,Argentina,14,RB,Right,175,25,58,,62,43,55,53,56,57,60,37,50,59,41,52,54,42,54,53,64,60,56,51,64,55,58,57,56,44,57,55,46,48,48,52,57,56,57,6,14,8,15,12,6,Primera B Nacional
J. Ponce de León,Acassuso,Argentina,27,"LB, RB",Left,177,26,64,,70,51,59,60,62,62,66,47,60,60,47,56,56,52,56,62,69,71,65,60,60,58,60,68,59,53,60,57,52,55,44,58,64,63,62,15,6,12,11,6,15,Primera B Nacional
J. Postigo,Acassuso,Argentina,22,CB,Right,186,22,57,,54,36,45,47,63,62,40,34,62,51,30,47,33,36,53,44,53,54,47,52,47,50,65,56,64,31,63,62,33,38,37,55,63,66,60,10,13,9,9,14,13,Primera B Nacional
A. Ruiz,Acassuso,Argentina,3,LB,Left,176,26,67,,72,54,62,66,67,67,62,51,60,66,55,64,61,51,65,66,77,67,73,63,70,57,64,69,65,57,68,67,55,57,56,64,69,67,67,7,12,15,12,11,14,Primera B Nacional
V. Serrano,Acassuso,Argentina,26,"RB, LB",Left,177,22,56,,58,41,50,52,54,48,54,35,53,50,38,50,44,43,50,52,60,57,56,49,57,55,49,54,43,39,55,52,42,48,41,51,54,55,54,9,7,6,7,14,12,Primera B Nacional
N. Stepanovitch,Acassuso,Argentina,23,LB,Left,167,22,55,,57,42,52,52,54,52,56,37,47,57,33,52,41,39,53,50,54,59,55,55,55,49,52,62,48,47,51,54,45,46,46,51,58,52,52,14,9,12,11,15,14,Primera B Nacional
J. Cancio,Acassuso,Argentina,5,CDM,Right,179,23,61,,61,53,61,56,63,64,51,49,58,66,47,55,50,52,64,55,60,61,51,64,59,63,57,65,63,57,65,67,51,64,48,61,63,61,63,15,9,10,15,14,10,Primera B Nacional
D. De Estéfano,Acassuso,Argentina,7,"RM, RW",Right,174,26,62,,65,56,63,64,44,56,66,57,47,69,50,66,63,56,61,61,64,66,67,59,68,57,47,68,53,56,52,45,55,53,60,61,40,45,44,9,7,14,15,13,12,Primera B Nacional
K. Dubini,Acassuso,Argentina,11,"LM, RM",Right,174,33,68,,69,64,66,69,49,62,68,66,52,67,60,66,69,65,62,73,73,66,74,62,70,59,62,65,61,63,62,51,65,65,64,68,51,44,47,8,6,12,11,6,11,Primera B Nacional
A. Hermoso,Acassuso,Argentina,10,"CAM, CM",Right,171,23,66,,66,64,67,68,40,59,59,62,45,71,61,66,68,64,62,71,70,62,71,65,69,65,56,64,59,67,53,38,74,71,65,61,42,37,38,8,8,14,11,11,7,Primera B Nacional
P. Mamed,Acassuso,Argentina,35,CM,Left,188,21,55,,51,50,56,55,48,54,53,46,45,57,46,54,57,44,57,55,52,51,55,59,60,55,52,60,51,57,53,51,50,57,51,45,48,47,43,13,9,15,15,8,12,Primera B Nacional
M. Mónaco,Acassuso,Argentina,28,LM,Right,174,24,58,,64,51,58,61,40,51,62,47,42,59,52,63,59,55,56,57,65,63,67,59,60,59,46,58,48,53,49,42,51,56,53,58,36,42,35,11,11,13,9,12,8,Primera B Nacional
N. Petillo,Acassuso,Argentina,16,"CM, CDM",Right,171,24,61,,59,56,60,58,52,57,54,55,51,65,52,59,56,55,63,52,60,58,65,61,64,56,53,62,56,59,54,51,61,56,56,62,51,56,51,8,15,15,15,12,7,Primera B Nacional
J. Ignacio Quattrocchi,Acassuso,Argentina,18,"CM, CAM",Right,174,22,57,,52,54,56,58,49,58,45,51,49,61,45,61,50,46,59,57,51,53,56,56,55,58,49,59,59,61,56,56,53,62,53,57,48,47,47,8,10,14,14,15,10,Primera B Nacional
J. Raccio,Acassuso,Argentina,21,"CAM, ST",Right,167,21,55,,55,55,55,58,27,51,48,53,41,61,51,58,53,51,47,57,57,54,57,52,64,57,44,52,52,57,48,26,59,59,56,59,26,25,24,9,8,14,10,12,14,Primera B Nacional
R. Reynoso,Acassuso,Argentina,20,CAM,Right,173,27,63,,66,64,65,65,37,56,63,65,48,66,58,68,64,56,60,64,66,66,67,60,61,60,45,60,55,67,54,41,63,70,63,60,40,31,29,10,6,8,7,10,7,Primera B Nacional
D. Roberts,Acassuso,Argentina,12,RM,Right,169,25,60,,65,56,61,61,41,58,64,55,45,59,58,61,60,53,61,62,69,62,63,62,58,57,53,65,56,57,53,41,56,62,53,57,40,40,40,7,11,15,8,11,10,Primera B Nacional
T. Rodríguez,Acassuso,Argentina,8,"CM, CDM",Right,172,22,63,,60,57,62,64,54,64,60,55,51,63,50,63,53,55,65,64,59,61,65,61,63,58,55,70,64,61,61,56,65,63,59,66,53,55,50,10,8,12,7,9,9,Primera B Nacional
T. Santaliz,Acassuso,Argentina,32,RM,Right,176,24,58,,63,53,57,62,39,54,59,51,43,56,49,64,59,46,54,59,60,65,70,58,65,57,51,59,54,56,50,42,53,59,56,49,37,40,35,8,15,11,11,11,9,Primera B Nacional
D. Escalante,Acassuso,Argentina,29,"ST, CAM",Right,185,35,56,,53,57,46,54,20,55,48,61,62,46,48,48,51,40,35,57,55,51,57,62,56,56,60,51,57,50,53,14,63,51,56,57,16,17,14,9,13,7,7,14,12,Primera B Nacional
Y. Gómez,Acassuso,Argentina,38,ST,Right,184,20,53,,59,54,45,54,19,53,41,59,56,51,48,52,48,43,36,58,57,61,52,53,45,54,52,52,57,47,46,16,53,46,50,55,15,15,14,6,9,9,10,13,12,Primera B Nacional
A. González,Acassuso,Argentina,31,"ST, RW",Left,171,21,58,,62,58,47,57,23,57,46,57,56,49,63,54,47,43,42,61,63,62,59,56,55,56,54,55,62,57,47,25,66,50,61,59,19,18,16,15,14,7,6,13,10,Primera B Nacional
L. Rey,Acassuso,Argentina,17,"RW, RM",Right,165,27,61,,64,59,57,67,29,54,61,57,48,58,60,71,60,54,52,62,68,61,73,61,66,64,52,63,50,59,53,31,61,54,57,60,25,26,27,12,14,14,6,10,10,Primera B Nacional
A. Romero,Acassuso,Argentina,39,RW,Right,181,18,52,,58,50,49,52,22,41,49,50,42,48,47,50,49,45,47,51,61,55,56,53,60,49,44,48,38,48,38,22,54,54,51,49,20,18,16,9,9,12,13,6,12,Primera B Nacional
L. Romero,Acassuso,Argentina,9,ST,Right,185,30,62,,62,62,51,62,30,61,49,64,63,53,58,60,54,55,47,62,63,62,68,64,62,63,63,58,66,56,52,23,72,51,63,68,29,27,19,9,15,9,6,13,9,Primera B Nacional
M. Santoro,Acassuso,Argentina,36,LW,Left,176,19,54,,62,51,49,57,26,45,52,51,43,49,50,59,59,44,46,56,62,62,59,49,57,54,40,51,47,46,36,19,60,49,48,49,29,27,16,7,14,15,11,9,10,Primera B Nacional
F. Sena,Acassuso,Argentina,34,"ST, RW",Left,177,21,56,,61,59,47,56,25,55,43,63,61,53,50,54,49,49,40,58,61,61,53,56,55,56,52,53,59,56,49,19,65,46,55,66,22,22,16,9,7,10,14,11,7,Primera B Nacional
F. Senn,Acassuso,Argentina,19,ST,Right,183,25,58,,64,57,48,57,24,60,46,59,55,48,56,55,48,51,45,60,61,67,54,59,50,57,56,56,64,55,57,20,61,51,49,62,25,18,20,8,11,12,11,15,11,Primera B Nacional
L. Acosta,Agropecuario,Argentina,1,GK,Right,195,22,66,,41,21,36,31,22,50,16,12,31,45,25,17,25,28,39,35,44,39,40,62,43,44,59,46,55,20,39,25,13,41,20,47,19,18,25,67,65,55,70,67,42,Primera B Nacional
A. Medina,Agropecuario,Argentina,32,GK,Right,180,23,56,,30,15,26,24,13,39,10,10,14,34,10,13,10,11,27,28,31,30,29,53,36,32,46,34,43,12,32,22,10,33,15,38,12,10,10,57,53,51,55,63,36,Primera B Nacional
G. Salort,Agropecuario,Argentina,25,GK,Right,181,37,57,,27,17,26,20,14,40,10,10,15,29,10,10,12,10,34,19,23,30,29,61,38,40,45,30,48,15,33,19,12,38,17,35,12,14,10,57,59,52,55,58,34,Primera B Nacional
D. Actis,Agropecuario,Argentina,27,"LB, LM",Left,169,24,60,,63,46,52,55,60,59,59,43,48,52,44,52,54,44,49,54,64,63,64,55,59,54,57,61,58,46,61,59,44,47,41,56,61,62,61,7,7,7,9,10,6,Primera B Nacional
A. Aguirre,Agropecuario,Argentina,15,"LB, LM",Right,174,33,64,,66,52,59,65,61,64,58,50,61,63,54,67,53,49,58,63,67,66,63,66,65,57,61,69,62,49,62,59,53,56,54,62,56,64,67,13,11,6,11,9,11,Primera B Nacional
E. Aguirre,Agropecuario,Argentina,26,RB,Right,174,23,60,,66,44,56,58,56,62,62,37,56,54,38,56,51,45,56,59,65,66,62,60,67,54,55,65,60,49,64,56,51,56,47,54,58,53,55,9,8,8,9,8,6,Primera B Nacional
J. Álvarez,Agropecuario,Argentina,22,RB,Right,175,22,57,,59,44,56,56,54,53,58,42,47,58,37,57,48,46,56,54,58,59,57,55,57,52,56,55,53,41,49,52,47,53,42,52,54,58,57,13,12,15,12,10,13,Primera B Nacional
J. Cabello,Agropecuario,Argentina,12,CB,Right,187,23,63,,57,41,53,53,66,63,53,36,67,61,39,52,39,47,53,53,53,60,51,58,54,55,65,59,64,41,64,62,34,43,46,57,67,69,60,6,6,7,12,10,6,Primera B Nacional
F. González,Agropecuario,Argentina,4,"CB, RB",Right,184,38,63,,51,44,52,51,65,71,53,39,64,56,40,46,39,46,54,54,51,51,46,63,52,62,64,64,77,41,68,61,41,47,43,62,65,68,67,14,14,14,15,11,6,Primera B Nacional
T. Lecanda,Agropecuario,Argentina,6,"CB, CDM",Left,186,24,66,,64,45,56,55,71,69,48,43,71,61,35,53,51,46,65,55,62,65,53,66,55,58,64,61,75,40,65,67,43,50,44,65,75,72,67,15,9,12,14,8,8,Primera B Nacional
M. Molina,Agropecuario,Argentina,24,"CB, RB",Right,188,32,61,,52,41,49,50,65,62,38,34,61,57,39,49,39,39,56,49,50,54,52,67,48,55,61,56,63,41,69,67,40,45,45,56,65,67,61,9,15,12,13,11,8,Primera B Nacional
A. Pérez,Agropecuario,Argentina,3,"LB, LM",Left,177,35,66,,69,54,63,64,66,66,68,51,60,65,50,60,56,56,62,66,65,73,64,67,69,66,63,72,62,52,68,63,57,60,47,66,67,66,71,7,14,12,7,6,10,Primera B Nacional
F. Pérez,Agropecuario,Argentina,13,"CB, CDM",Right,183,22,60,,54,41,49,48,60,63,44,36,58,57,35,45,38,44,52,49,53,55,49,55,47,59,66,55,65,40,65,54,36,43,37,59,56,67,64,15,14,13,11,12,13,Primera B Nacional
M. Ramos,Agropecuario,Argentina,2,CB,Right,191,32,68,,58,50,56,54,72,70,54,48,77,64,41,46,43,45,57,59,55,61,56,70,55,60,71,61,72,45,76,72,49,50,50,65,71,73,69,7,13,14,13,14,14,Primera B Nacional
F. Sánchez,Agropecuario,Argentina,14,"RB, LB",Right,170,23,63,,69,50,56,63,62,61,60,47,62,55,45,59,58,54,55,65,68,69,72,61,66,58,60,71,57,48,58,58,52,53,52,63,59,66,65,6,14,10,9,11,11,Primera B Nacional
B. Aranda,Agropecuario,Argentina,16,CDM,Left,175,22,63,,59,55,59,57,63,66,58,51,56,60,48,49,52,52,63,64,57,60,56,61,61,64,58,69,65,58,67,60,56,59,54,64,67,64,64,15,6,13,6,10,8,Primera B Nacional
R. Castro,Agropecuario,Argentina,11,"LM, RM",Left,180,33,68,,70,63,70,72,50,60,75,65,57,69,52,75,69,63,70,70,69,71,77,67,72,64,55,65,59,61,58,49,67,71,65,67,50,50,44,15,6,9,13,10,13,Primera B Nacional
M. Corda,Agropecuario,Argentina,36,LM,Left,172,21,55,,57,49,54,56,36,49,57,48,41,55,44,59,57,53,51,54,64,52,55,55,57,50,46,53,47,51,49,34,55,52,47,52,34,40,32,14,13,10,6,14,7,Primera B Nacional
S. Gallucci Otero,Agropecuario,Argentina,5,CDM,Right,177,35,63,,53,52,63,61,65,65,55,49,65,68,47,58,57,53,62,63,52,54,57,67,61,60,60,65,65,54,66,67,51,67,53,65,65,66,60,15,8,7,10,6,9,Primera B Nacional
B. Guzmán,Agropecuario,Argentina,33,CM,Right,175,22,56,,55,51,58,60,51,53,53,47,49,61,48,59,56,46,58,64,54,55,52,58,59,59,48,59,50,55,55,55,48,60,52,60,46,53,51,12,15,14,12,6,8,Primera B Nacional
T. Henault,Agropecuario,Argentina,34,CDM,Right,178,21,56,,52,45,52,49,60,57,43,36,56,59,37,48,41,48,58,47,53,52,48,54,51,56,57,60,57,55,54,62,46,49,48,57,60,59,58,14,14,11,15,9,9,Primera B Nacional
J. Heritier,Agropecuario,Argentina,28,"RM, LM",Right,169,22,57,,62,52,56,60,38,51,57,51,40,58,47,63,60,47,51,58,64,61,58,56,64,57,50,59,48,50,49,39,50,55,48,53,38,37,35,14,12,6,9,6,10,Primera B Nacional
D. Lemos,Agropecuario,Argentina,30,CM,Right,175,37,57,,49,50,58,56,48,53,56,45,43,59,48,51,56,47,58,61,51,48,53,61,56,57,52,57,52,56,50,48,53,59,52,56,49,51,45,14,11,15,13,11,6,Primera B Nacional
R. Mosqueira,Agropecuario,Argentina,8,"CM, CDM",Right,169,31,67,,63,62,67,67,58,65,63,58,52,70,57,68,59,52,65,67,63,63,70,68,64,68,61,68,63,68,65,57,66,71,57,61,57,62,55,14,11,10,13,12,10,Primera B Nacional
A. Napolitano,Agropecuario,Argentina,17,CM,Left,179,27,61,,60,56,63,61,56,57,57,53,50,66,47,58,61,53,61,63,60,60,64,61,59,61,54,61,56,60,55,60,57,66,61,64,60,53,52,11,8,11,10,10,12,Primera B Nacional
N. Pereyra,Agropecuario,Argentina,37,"CM, CAM",Right,170,20,54,,52,47,55,56,47,53,50,41,44,57,41,57,54,51,55,55,57,48,56,56,55,54,47,55,53,52,50,47,54,58,49,52,45,51,46,7,12,13,10,14,9,Primera B Nacional
B. Rojas,Agropecuario,Argentina,21,"LM, LW",Left,182,22,58,,60,54,56,59,38,55,56,56,40,57,55,57,61,54,53,60,58,62,62,61,62,54,49,64,53,51,50,41,54,56,51,56,40,32,37,11,13,13,12,8,15,Primera B Nacional
J. Valdez Chamorro,Agropecuario,Argentina,18,"CM, CAM",Right,184,32,62,,56,59,62,64,55,59,56,55,53,62,53,66,57,57,66,60,55,56,66,63,68,67,58,60,60,64,56,56,56,69,54,64,59,50,58,14,9,15,11,7,15,Primera B Nacional
L. Vallejos,Agropecuario,Argentina,38,CDM,Right,174,20,54,,48,44,53,49,55,56,49,39,53,58,38,45,48,44,56,53,48,48,46,53,49,53,54,56,53,47,62,53,49,48,45,50,59,54,56,10,10,12,10,9,12,Primera B Nacional
D. Vásquez,Agropecuario,Argentina,20,RM,Right,173,26,60,,69,53,59,62,39,54,61,50,44,60,50,65,64,54,59,59,68,69,65,59,63,53,53,66,48,59,53,46,57,56,53,59,38,36,30,6,6,11,11,15,15,Primera B Nacional
J. Cruz Vega,Agropecuario,Argentina,10,"CAM, CM",Right,167,28,62,,61,63,62,66,34,54,56,65,44,63,54,67,62,60,62,65,61,61,69,57,64,61,48,59,53,64,52,37,65,67,60,65,31,35,27,9,11,10,10,9,14,Primera B Nacional
C. Auzqui,Agropecuario,Argentina,29,ST,Right,182,35,60,,59,63,50,61,28,60,45,67,66,55,64,57,49,53,43,64,63,56,60,67,56,64,56,57,65,54,53,28,61,52,60,64,22,23,21,15,10,7,13,13,12,Primera B Nacional
L. Barrera,Agropecuario,Argentina,31,ST,Right,181,23,60,,59,61,53,58,26,58,54,65,58,58,56,57,51,53,41,58,58,60,60,61,59,65,63,53,60,49,58,23,69,52,56,57,22,22,22,6,14,10,6,6,6,Primera B Nacional
O. Belinetz,Agropecuario,Argentina,23,LW,Right,165,32,60,,63,57,57,65,30,51,58,59,48,56,56,66,56,54,57,64,59,67,70,60,61,60,50,57,50,50,48,31,66,61,54,59,30,24,24,15,15,9,10,12,15,Primera B Nacional
B. Blando,Agropecuario,Argentina,19,ST,Right,180,31,64,,68,65,55,61,30,63,52,64,62,62,67,60,48,51,46,62,65,70,62,61,61,70,65,58,66,64,60,25,66,54,62,62,26,30,22,14,10,13,11,10,9,Primera B Nacional
A. Gagliardi,Agropecuario,Argentina,9,ST,Right,172,37,62,,61,62,52,61,30,62,50,64,65,56,63,59,51,52,46,62,57,64,65,65,61,63,61,61,65,58,57,27,63,52,63,66,20,31,25,11,11,8,15,7,13,Primera B Nacional
M. Millanes,Agropecuario,Argentina,35,ST,Right,184,20,56,,57,56,46,58,23,53,42,59,58,50,58,57,50,45,43,64,57,57,50,55,56,57,53,54,54,50,51,23,56,44,55,55,21,16,14,12,13,8,12,15,7,Primera B Nacional
D. Ruiz Díaz,Agropecuario,Argentina,7,ST,Right,178,23,61,,59,64,52,59,31,59,53,69,66,55,63,61,56,51,44,56,56,62,57,63,60,62,64,58,59,56,57,24,66,51,68,62,29,27,26,13,8,15,11,9,10,Primera B Nacional
N. Carrizo,All Boys,Argentina,1,GK,Right,187,35,65,,36,20,33,32,22,48,18,11,26,36,17,18,25,21,34,35,35,36,40,66,47,44,52,40,55,15,38,27,14,46,24,48,24,18,18,66,61,56,69,65,50,Primera B Nacional
R. Colo,All Boys,Argentina,36,GK,Right,186,17,52,,28,15,22,20,12,37,10,10,12,31,10,10,10,10,19,22,27,29,26,49,33,34,37,30,44,10,28,15,10,26,13,32,10,13,10,49,46,46,51,57,31,Primera B Nacional
J. Pablo Noce,All Boys,Argentina,26,GK,Right,182,29,57,,33,16,25,24,13,43,12,10,17,32,10,15,13,12,30,27,34,32,29,51,36,39,48,37,49,11,32,22,11,26,12,33,11,10,10,62,56,52,58,59,34,Primera B Nacional
A. Sofio,All Boys,Argentina,30,GK,Left,191,21,59,,33,17,29,28,15,43,15,11,15,37,10,14,13,14,32,36,34,33,36,57,35,38,47,36,50,13,34,18,11,34,15,34,15,15,11,59,57,50,55,57,36,Primera B Nacional
T. Arraygada,All Boys,Argentina,33,LB,Left,179,19,54,,59,41,48,47,51,49,52,43,45,50,32,45,48,35,52,48,60,59,53,44,56,44,51,51,48,39,50,53,39,41,32,46,52,51,52,14,7,8,9,7,11,Primera B Nacional
F. Coronel,All Boys,Argentina,13,CB,Right,188,25,63,,60,42,49,50,67,67,43,38,66,55,38,46,47,46,55,52,60,60,48,62,59,57,64,64,67,41,72,72,33,41,38,60,65,68,64,13,11,7,6,9,14,Primera B Nacional
M. Coronel,All Boys,Argentina,14,"RB, RM",Right,165,37,57,,58,43,52,54,56,54,57,39,50,57,43,49,49,44,48,58,56,59,58,59,53,55,58,61,49,42,55,55,44,46,42,57,57,57,59,9,11,8,12,14,6,Primera B Nacional
I. Cortabarria,All Boys,Argentina,28,"CB, CDM",Right,189,22,55,,49,36,41,44,58,59,39,31,61,48,29,38,32,35,41,47,48,50,44,54,45,50,58,50,64,37,56,57,36,35,37,52,53,61,59,10,6,10,7,13,12,Primera B Nacional
Y. De Vito,All Boys,Argentina,15,CB,Right,183,25,60,,59,39,46,48,63,63,44,30,62,53,38,42,40,39,50,51,55,62,46,63,49,56,67,54,66,43,66,66,30,36,41,57,64,60,68,14,15,12,14,14,6,Primera B Nacional
H. Grana,All Boys,Argentina,3,"LB, LM",Left,176,41,67,,72,54,62,66,64,63,71,51,59,62,52,67,62,48,59,66,72,72,65,66,65,61,60,67,63,55,61,68,53,60,56,64,59,66,66,12,13,7,8,11,7,Primera B Nacional
E. Purita,All Boys,Argentina,6,"CB, CDM",Right,189,29,64,,58,44,52,51,66,66,49,36,68,61,39,49,40,48,60,49,59,58,52,60,60,66,71,58,69,44,67,65,35,39,38,65,64,68,64,8,11,13,12,15,9,Primera B Nacional
F. Quiroz,All Boys,Argentina,24,CB,Right,181,28,61,,57,41,47,50,66,64,45,35,66,51,33,43,38,42,51,54,58,56,51,61,49,54,67,60,65,42,65,66,43,42,38,57,69,65,61,12,10,10,10,14,10,Primera B Nacional
A. Rodríguez,All Boys,Argentina,12,"CB, RB",Right,185,25,61,,56,38,50,51,64,63,46,30,66,58,40,43,41,41,54,57,52,59,50,58,55,55,59,58,66,39,62,65,35,42,37,60,62,64,65,12,15,9,9,15,10,Primera B Nacional
A. Tabares,All Boys,Argentina,4,RB,Right,175,25,68,,69,52,62,67,68,66,65,49,57,65,48,68,57,52,64,68,68,69,67,66,69,62,59,74,62,50,69,64,55,58,51,60,72,69,73,9,15,13,10,13,7,Primera B Nacional
I. Zafarana,All Boys,Argentina,2,"CB, CDM",Left,183,31,69,,65,50,58,55,73,68,48,45,69,68,47,45,50,52,63,61,62,68,58,70,63,66,75,60,71,49,70,68,39,48,45,70,74,77,70,6,6,12,11,11,14,Primera B Nacional
N. Barrientos,All Boys,Argentina,7,RM,Right,176,31,63,,70,57,60,63,46,58,66,59,52,61,56,62,60,52,56,64,63,75,63,64,65,57,54,67,58,51,50,45,63,58,62,56,46,43,47,14,6,8,7,8,11,Primera B Nacional
S. Cáceres,All Boys,Argentina,21,"RM, LM",Right,163,22,58,,60,54,56,62,41,50,55,51,47,58,54,65,61,55,54,60,59,61,59,58,62,57,49,59,47,55,49,39,59,53,56,54,40,41,40,10,9,12,14,12,12,Primera B Nacional
T. Calone,All Boys,Argentina,8,"CM, CDM",Left,179,25,63,,62,60,64,64,56,61,61,57,56,65,53,67,60,59,66,64,64,61,61,62,62,67,59,66,59,61,62,63,63,64,56,60,53,58,50,6,15,14,11,15,14,Primera B Nacional
N. Díaz,All Boys,Argentina,27,"CDM, CB",Right,180,23,57,,49,46,57,53,56,58,50,42,52,60,39,51,49,46,63,55,50,49,51,58,49,56,57,62,56,45,57,59,50,58,47,57,55,56,59,15,8,15,7,9,11,Primera B Nacional
M. Duarte Bogado,All Boys,Argentina,34,"CM, CAM",Right,175,19,54,,49,51,53,56,46,52,53,50,44,51,41,52,55,53,54,63,40,56,52,50,57,56,45,58,51,53,51,50,50,53,49,58,43,48,45,12,8,11,14,12,14,Primera B Nacional
L. Jara,All Boys,Argentina,32,CM,Left,172,19,55,,54,50,56,59,46,53,52,50,45,57,41,60,50,56,60,59,51,56,56,52,59,55,53,57,52,49,49,42,58,56,45,55,44,51,47,9,6,9,14,12,14,Primera B Nacional
L. Leguizamón,All Boys,Argentina,18,RM,Right,176,19,55,,63,51,54,56,36,49,54,52,44,52,51,61,54,49,56,52,60,65,61,50,60,51,46,56,47,48,47,40,48,58,47,45,34,33,34,8,9,9,13,15,8,Primera B Nacional
S. López,All Boys,Argentina,35,CM,Right,168,19,54,,53,47,55,54,44,53,48,43,41,58,42,52,47,48,57,55,49,57,57,54,55,52,51,58,51,49,50,51,61,58,45,49,44,41,43,8,10,15,11,9,13,Primera B Nacional
A. Melo,All Boys,Argentina,10,CAM,Right,176,24,62,,63,60,63,64,37,50,60,56,50,63,58,64,63,62,57,64,65,61,64,62,67,64,48,55,48,64,50,38,61,69,62,66,34,38,26,14,11,6,13,12,14,Primera B Nacional
M. Nouet,All Boys,Argentina,25,CDM,Right,176,33,60,,47,49,57,56,59,59,52,43,53,64,45,56,46,50,52,55,44,50,55,58,56,60,60,58,57,53,66,60,49,58,47,65,57,61,60,12,7,15,11,6,8,Primera B Nacional
I. Palacio,All Boys,Argentina,16,"CDM, CB",Right,178,26,63,,56,51,59,62,66,67,54,46,62,64,51,59,56,55,58,67,60,52,54,64,56,56,62,69,66,57,68,66,55,57,51,63,68,66,60,15,8,6,12,11,11,Primera B Nacional
G. Ramírez,All Boys,Argentina,5,RM,Right,184,31,60,,66,54,61,63,41,52,62,50,41,61,53,62,63,60,56,64,63,68,67,61,64,58,46,65,49,60,46,44,55,62,57,55,43,39,34,7,15,11,8,6,13,Primera B Nacional
M. Rodríguez,All Boys,Argentina,22,CDM,Right,181,33,57,,49,48,56,52,57,60,46,41,53,62,45,48,51,51,59,55,50,48,50,60,51,60,52,64,61,52,56,53,52,56,41,61,57,61,56,13,15,6,6,9,12,Primera B Nacional
G. Turraca,All Boys,Argentina,11,LM,Left,182,31,68,,73,62,66,67,48,63,70,61,51,66,56,68,66,63,66,63,71,74,72,71,70,66,56,73,60,61,58,49,64,61,63,62,47,46,47,14,15,10,12,8,15,Primera B Nacional
S. Apa,All Boys,Argentina,9,ST,Right,185,26,65,,66,66,57,62,32,64,50,68,62,61,67,58,56,61,54,63,67,66,68,69,65,65,67,62,66,60,59,31,66,57,65,66,31,27,24,9,8,9,14,13,8,Primera B Nacional
C. Campostrini,All Boys,Argentina,31,ST,Right,182,26,61,,67,61,51,62,25,56,50,63,63,58,61,59,50,45,47,67,63,70,61,64,56,58,66,49,59,56,53,25,66,45,66,59,19,20,16,14,15,12,10,14,6,Primera B Nacional
L. Cano,All Boys,Argentina,17,RW,Left,173,31,61,,65,62,61,64,30,51,61,65,47,63,58,66,67,51,55,63,67,63,71,60,60,61,48,59,49,59,49,25,58,61,52,52,31,28,24,15,8,10,8,8,14,Primera B Nacional
U. Delgado,All Boys,Argentina,20,ST,Right,179,23,60,,66,61,51,59,28,62,45,64,68,53,60,57,52,53,48,62,62,69,55,63,60,61,63,60,66,53,52,24,68,53,56,63,27,22,16,12,7,10,15,6,7,Primera B Nacional
C. Lozada Echenique,All Boys,Argentina,23,"LW, ST",Left,176,19,57,,65,53,55,57,25,46,62,53,43,54,50,60,60,46,49,54,64,65,58,53,62,59,48,54,43,47,43,23,57,57,56,52,27,18,22,10,6,6,14,15,14,Primera B Nacional
B. Medina,All Boys,Argentina,19,ST,Right,179,27,62,,65,62,50,62,28,60,50,60,59,52,63,62,54,52,45,62,66,64,59,65,61,67,63,50,66,59,56,27,63,50,60,59,26,24,21,8,14,13,11,7,9,Primera B Nacional
T. Pucciarelli,All Boys,Argentina,29,ST,Right,176,20,56,,61,56,46,54,22,55,39,59,56,52,57,55,51,46,35,52,57,64,54,54,56,57,56,49,58,46,55,18,60,47,57,59,21,17,13,12,13,7,10,14,11,Primera B Nacional
S. Anchoverri,Almagro,Argentina,25,GK,Left,192,35,56,,29,16,23,24,14,39,10,10,18,25,10,10,10,13,28,29,33,25,32,50,38,36,42,30,44,10,35,19,10,34,16,38,12,12,16,57,50,51,49,58,36,Primera B Nacional
M. Ciancaglini,Almagro,Argentina,21,GK,Right,187,19,55,,32,15,23,22,15,42,11,10,13,30,10,10,11,13,19,26,33,32,28,49,35,36,44,31,50,10,33,20,10,32,10,30,13,16,10,55,55,46,54,59,34,Primera B Nacional
E. González,Almagro,Argentina,1,GK,Right,185,28,67,,45,26,33,35,26,52,16,22,29,40,16,25,29,24,41,38,46,45,39,59,52,42,51,47,58,23,45,34,16,37,25,43,21,24,23,67,68,61,64,71,40,Primera B Nacional
F. Mangudo,Almagro,Argentina,30,GK,Right,183,21,56,,32,15,22,23,14,40,13,10,18,25,10,13,10,12,27,25,29,34,27,52,39,33,43,31,48,10,29,16,10,28,18,37,13,14,10,56,57,46,51,60,28,Primera B Nacional
G. Asís,Almagro,Argentina,6,"CB, RB",Right,184,30,67,,65,45,56,57,68,72,49,42,64,64,40,50,44,49,62,61,66,64,50,69,68,58,72,60,75,43,79,70,39,47,39,68,73,65,67,12,15,6,12,6,14,Primera B Nacional
P. Blanco,Almagro,Argentina,26,LB,Right,169,21,55,,61,42,50,53,52,54,54,39,43,51,38,54,48,44,51,53,58,64,56,51,53,50,53,57,52,42,55,53,45,45,43,49,53,52,58,12,10,11,11,14,6,Primera B Nacional
S. Chamorro,Almagro,Argentina,13,"CB, CDM",Right,180,23,61,,55,43,47,49,66,64,42,38,67,53,36,45,38,37,49,51,53,57,49,65,41,57,65,55,66,42,68,67,36,46,43,54,65,68,59,15,11,14,12,15,10,Primera B Nacional
M. Cortave,Almagro,Argentina,2,CB,Right,184,34,68,,59,50,53,56,71,71,52,46,75,56,44,54,50,53,52,53,60,59,55,73,59,65,77,61,75,47,70,69,41,49,44,66,70,74,64,9,11,13,14,9,14,Primera B Nacional
F. Faija,Almagro,Argentina,27,LB,Left,176,21,56,,59,42,51,55,53,54,56,39,43,54,40,55,47,47,53,55,60,59,54,56,52,51,58,62,50,41,52,52,48,41,42,53,59,49,57,7,14,15,11,14,7,Primera B Nacional
J. Flores,Almagro,Argentina,24,CB,Left,185,20,59,,61,40,48,50,62,61,46,37,62,56,33,46,45,36,51,54,60,61,44,53,50,52,61,58,63,38,62,60,35,35,37,56,66,58,61,12,10,11,14,13,6,Primera B Nacional
M. Mercado,Almagro,Argentina,29,"RB, RM",Left,184,21,55,,60,40,51,55,52,53,57,38,46,54,38,56,46,40,51,54,54,64,57,48,58,45,47,61,50,42,50,49,35,42,38,49,56,51,53,15,14,13,14,14,8,Primera B Nacional
B. Negro,Almagro,Argentina,14,"RB, LB",Right,171,29,64,,65,47,59,60,61,62,62,42,54,62,43,59,54,49,60,58,65,65,68,64,63,54,60,74,54,51,65,55,52,55,48,58,66,62,63,7,10,11,6,10,12,Primera B Nacional
L. Retamar,Almagro,Argentina,31,CB,Right,182,21,55,,50,36,41,42,59,55,41,31,66,46,34,37,34,42,44,45,48,51,40,54,44,53,54,49,57,35,57,63,31,33,34,54,55,60,53,13,11,9,9,9,10,Primera B Nacional
A. Rimbelliti,Almagro,Argentina,15,LB,Left,176,22,57,,62,45,54,58,56,56,56,42,49,60,40,55,50,43,54,59,64,61,64,57,59,54,55,59,54,44,55,55,44,46,41,54,59,55,57,10,11,11,15,11,8,Primera B Nacional
L. Sandoval,Almagro,Argentina,32,"CB, RB",Left,184,20,55,,55,40,43,42,60,58,38,38,57,48,30,38,31,38,53,44,52,57,43,51,44,54,64,55,63,36,48,59,31,37,37,55,62,62,53,12,15,8,8,10,10,Primera B Nacional
E. Silcan,Almagro,Argentina,3,"LB, RB",Left,174,26,65,,70,52,59,59,63,62,62,49,54,62,46,56,59,51,58,59,72,68,69,64,64,63,55,68,59,51,63,66,56,53,43,56,64,60,70,15,11,11,12,9,8,Primera B Nacional
N. Tolosa,Almagro,Argentina,4,CB,Right,184,25,64,,57,42,54,54,65,66,54,39,60,62,37,51,44,43,55,56,55,59,53,56,52,55,65,65,68,40,63,63,37,42,42,60,65,68,62,15,10,11,9,9,10,Primera B Nacional
F. Bustamante,Almagro,Argentina,8,CM,Right,167,27,70,,67,65,68,74,62,66,66,60,58,68,63,75,67,60,69,74,67,67,73,69,69,72,66,71,63,68,67,63,66,74,62,69,63,60,64,8,14,13,12,9,15,Primera B Nacional
J. Bustos,Almagro,Argentina,22,"CDM, CB",Right,177,23,61,,55,50,57,54,61,65,51,44,57,61,48,52,49,50,61,56,58,53,51,59,58,56,62,65,64,58,70,64,55,56,53,61,61,63,57,7,12,13,14,13,15,Primera B Nacional
T. Canale,Almagro,Argentina,33,CAM,Right,176,20,55,,53,55,57,58,26,48,54,53,38,58,53,60,57,50,54,57,51,55,57,54,56,54,34,51,47,61,50,26,54,62,52,50,29,24,16,14,8,12,6,14,11,Primera B Nacional
F. De La Vega,Almagro,Argentina,20,CAM,Left,170,23,60,,64,61,59,64,34,50,59,61,46,57,57,68,63,54,59,62,65,64,56,59,65,59,47,61,47,60,43,35,70,63,60,63,33,31,32,15,12,13,6,11,11,Primera B Nacional
J. Fernandes Pinto,Almagro,Argentina,9,CM,Right,166,21,56,,52,51,56,55,49,50,54,47,44,60,42,57,55,48,53,52,48,56,57,51,60,59,47,60,45,54,53,52,54,58,50,57,48,49,49,15,15,11,12,15,6,Primera B Nacional
M. Laba,Almagro,Argentina,12,CM,Right,165,34,63,,56,60,63,64,55,59,60,58,58,63,53,66,63,57,66,64,58,55,60,65,60,65,57,63,57,63,60,58,55,66,66,66,55,53,51,15,12,12,12,13,12,Primera B Nacional
T. Macies,Almagro,Argentina,11,"LM, RM",Right,175,25,65,,75,59,63,68,44,60,66,61,46,60,55,69,69,53,63,68,71,78,66,65,65,56,58,68,56,60,60,47,63,67,52,65,44,42,41,13,7,9,6,8,10,Primera B Nacional
J. Marchioni,Almagro,Argentina,16,"CM, CDM",Left,171,33,66,,62,61,66,67,56,66,68,60,59,66,55,69,61,56,68,64,64,61,66,67,71,64,60,72,63,63,65,53,58,68,55,69,58,55,59,14,12,8,11,8,7,Primera B Nacional
F. Marco,Almagro,Argentina,17,"RM, RW",Right,176,23,59,,61,52,56,60,40,52,58,52,44,54,49,62,56,49,52,54,63,60,66,61,64,52,47,65,47,52,47,43,59,61,54,60,36,42,37,14,12,8,11,14,10,Primera B Nacional
E. Martínez,Almagro,Argentina,10,CAM,Right,174,30,64,,66,62,64,70,37,55,62,62,45,63,60,69,60,62,61,73,64,67,66,64,71,62,52,60,54,63,52,39,58,71,61,61,41,32,29,6,15,11,10,12,10,Primera B Nacional
J. Orlando,Almagro,Argentina,7,RM,Right,166,20,63,,71,56,60,63,46,58,65,53,54,59,54,62,67,59,54,66,74,68,68,59,63,64,52,73,55,53,48,46,61,59,58,53,43,46,43,15,13,7,7,7,10,Primera B Nacional
C. Salto,Almagro,Argentina,5,CM,Right,174,31,64,,60,58,64,67,58,61,57,57,51,71,47,64,64,57,64,69,62,59,67,68,66,55,58,66,61,64,57,59,61,61,59,70,59,58,59,6,15,6,9,15,8,Primera B Nacional
R. Sánchez,Almagro,Argentina,34,LM,Left,171,21,55,,58,50,53,53,35,48,51,49,35,55,52,55,54,51,51,48,61,56,58,55,59,48,46,57,46,56,42,35,53,54,45,54,35,36,36,11,10,6,10,9,14,Primera B Nacional
S. Sparapani,Almagro,Argentina,35,RM,Right,172,17,54,,63,45,57,54,36,50,58,42,35,61,44,56,51,48,52,52,62,64,63,47,58,48,48,60,48,46,45,39,53,55,50,42,34,38,30,14,10,14,6,10,12,Primera B Nacional
U. Villalobos,Almagro,Argentina,19,"CM, CDM",Left,169,20,56,,54,50,55,56,46,54,50,47,46,56,44,54,53,48,55,56,53,54,58,54,62,56,48,61,52,52,54,44,56,61,51,54,49,45,47,11,9,8,12,7,7,Primera B Nacional
J. Vitale,Almagro,Argentina,18,CM,Right,174,31,64,,62,60,64,64,54,63,65,57,55,67,52,63,58,56,63,64,62,62,69,61,65,64,58,65,65,64,56,53,66,60,54,63,51,56,55,14,12,6,10,6,15,Primera B Nacional
T. Dornell,Almagro,Argentina,23,"LW, LM",Left,168,21,59,,63,57,55,60,28,51,56,57,40,57,57,60,55,52,46,61,62,63,60,55,66,56,48,58,50,60,47,24,63,57,52,55,30,27,18,6,6,11,10,11,13,Primera B Nacional
T. López,Almagro,Argentina,28,LW,Right,170,22,58,,65,57,56,59,24,52,59,58,39,57,51,61,55,51,47,57,66,64,60,60,64,60,46,58,52,56,44,23,59,58,52,56,24,21,21,15,8,12,12,12,12,Primera B Nacional
A. Bottini,Almirante Brown,Argentina,25,GK,Right,186,27,62,,40,18,31,29,18,42,20,10,23,35,10,16,19,17,32,33,38,41,40,65,40,40,51,35,46,15,40,25,14,42,21,42,15,17,16,60,64,54,63,64,39,Primera B Nacional
B. Galván,Almirante Brown,Argentina,1,GK,Left,188,32,67,,35,25,36,33,27,53,20,19,29,44,14,16,20,22,38,39,36,35,42,66,54,48,53,41,61,23,48,36,14,44,24,46,23,25,22,67,65,57,64,67,47,Primera B Nacional
J. Santos Ordoñez,Almirante Brown,Argentina,36,GK,Left,184,21,57,,32,16,29,23,16,40,16,10,24,35,10,10,15,12,35,29,31,32,29,48,36,36,46,35,44,11,35,27,10,36,17,28,13,10,13,57,53,55,55,61,34,Primera B Nacional
U. Abreliano,Almirante Brown,Argentina,15,LB,Left,172,28,66,,72,51,60,64,66,65,63,48,61,63,47,64,57,49,62,62,69,74,69,58,69,61,61,69,61,49,69,64,54,52,51,59,63,69,70,12,14,6,14,10,11,Primera B Nacional
G. Alegre Rojas,Almirante Brown,Argentina,14,"RB, RM",Right,171,27,68,,71,53,66,64,63,64,66,50,58,71,47,63,57,56,68,65,72,70,70,60,65,60,60,70,60,53,69,64,57,61,51,60,64,61,66,15,7,7,8,8,15,Primera B Nacional
U. Arena,Almirante Brown,Argentina,38,CB,Right,194,21,56,,57,38,45,46,60,60,45,33,61,51,24,43,32,36,52,48,56,58,41,53,46,52,54,55,62,37,65,60,35,33,41,55,61,61,56,6,6,13,11,14,11,Primera B Nacional
L. Ávalos,Almirante Brown,Argentina,32,"CB, CDM",Left,183,22,58,,51,38,46,48,61,58,44,29,58,51,33,46,36,39,48,47,50,51,49,62,52,55,65,50,58,42,67,66,33,42,39,54,62,58,62,9,13,10,15,14,13,Primera B Nacional
G. Cabral,Almirante Brown,Argentina,3,"LB, LM",Left,174,40,69,,71,54,66,69,64,65,69,49,58,67,52,68,63,57,66,68,74,68,78,64,71,62,67,72,61,54,65,64,61,65,54,70,64,66,69,11,15,14,15,13,10,Primera B Nacional
E. Cardozo,Almirante Brown,Argentina,4,"RB, LB",Right,176,21,66,,69,53,65,66,64,65,71,48,61,65,50,64,57,55,70,67,71,68,71,69,72,63,59,74,62,55,64,60,57,59,52,60,65,66,63,6,11,6,15,12,12,Primera B Nacional
A. Dattola,Almirante Brown,Argentina,24,"CB, CDM",Left,183,27,62,,57,43,49,53,64,64,47,37,68,55,38,51,38,43,55,53,60,54,51,62,54,60,67,59,64,42,69,61,36,40,46,57,66,62,62,14,10,14,15,8,6,Primera B Nacional
L. Escalante,Almirante Brown,Argentina,27,"LB, LM",Right,174,26,59,,60,45,56,56,57,58,63,43,54,56,38,52,53,47,52,56,65,56,66,58,62,50,55,63,56,46,55,61,47,53,45,50,52,59,63,10,8,10,7,12,10,Primera B Nacional
R. Fernández,Almirante Brown,Argentina,8,"RB, LB",Right,172,30,65,,71,53,61,66,63,66,66,51,56,65,49,66,57,50,63,65,71,71,70,62,69,60,60,68,64,51,69,63,50,52,53,62,64,64,60,9,13,7,14,9,11,Primera B Nacional
G. Ferraina,Almirante Brown,Argentina,37,CB,Right,188,22,57,,52,36,40,46,60,57,36,32,56,50,30,38,35,36,43,53,55,49,46,55,49,50,63,55,56,35,60,60,37,27,33,57,61,62,60,7,7,6,12,8,14,Primera B Nacional
L. Jara,Almirante Brown,Argentina,26,"RB, LB",Left,172,35,64,,65,47,62,63,64,63,64,44,65,64,48,65,58,49,57,62,61,69,64,61,66,53,56,68,63,45,57,58,51,65,47,59,68,62,67,8,10,7,13,8,8,Primera B Nacional
M. Levi,Almirante Brown,Argentina,6,"CB, CDM",Left,185,30,66,,62,47,55,55,70,72,52,41,71,64,43,52,44,47,55,56,64,61,53,66,56,62,67,66,76,49,71,70,39,46,51,66,70,69,68,6,10,14,9,8,8,Primera B Nacional
A. Ramírez,Almirante Brown,Argentina,40,LB,Right,171,19,54,,61,41,51,51,52,50,56,40,43,55,33,51,46,44,46,50,64,58,59,53,55,45,48,60,45,42,49,52,42,46,38,43,55,52,50,6,11,7,7,9,12,Primera B Nacional
P. Velurtas,Almirante Brown,Argentina,12,RB,Right,173,25,63,,66,52,57,61,61,64,60,51,49,59,43,56,54,51,59,66,65,66,65,58,67,54,57,70,63,53,59,58,50,53,51,59,62,64,63,13,11,6,8,15,7,Primera B Nacional
T. Villoldo,Almirante Brown,Argentina,2,CB,Right,186,31,65,,60,45,54,55,70,68,50,37,69,60,43,49,50,46,58,60,59,60,53,59,56,63,68,65,71,49,63,69,39,48,40,62,70,71,66,15,6,8,11,6,7,Primera B Nacional
G. Altamirano,Almirante Brown,Argentina,23,LM,Left,174,25,62,,70,56,60,62,43,57,64,55,46,61,51,57,62,60,54,67,68,72,68,56,68,58,56,65,54,58,54,46,59,59,58,60,40,42,44,15,12,11,14,12,11,Primera B Nacional
F. García,Almirante Brown,Argentina,30,"LM, LW",Left,173,21,59,,66,53,59,60,38,57,64,50,42,60,55,60,57,54,56,59,64,67,62,60,60,55,50,65,57,55,50,43,61,58,54,60,38,33,39,6,6,15,8,8,12,Primera B Nacional
S. Gauna,Almirante Brown,Argentina,5,CDM,Right,175,23,63,,57,52,60,60,67,65,54,46,58,66,48,57,47,54,63,63,58,56,55,60,59,60,61,68,66,58,62,71,50,59,56,67,67,68,66,10,11,15,7,10,10,Primera B Nacional
J. Goya,Almirante Brown,Argentina,33,"RM, RW",Right,181,37,58,,57,53,56,61,39,54,58,53,40,58,49,57,56,51,52,66,56,57,66,62,57,59,51,62,51,49,51,39,58,57,49,56,38,39,39,12,8,15,7,7,7,Primera B Nacional
L. Iglesias,Almirante Brown,Argentina,20,CAM,Right,169,25,62,,65,64,61,63,35,52,53,64,51,65,58,62,69,57,59,64,67,64,67,58,64,66,49,58,50,65,52,39,63,62,64,61,34,31,29,9,8,12,10,11,6,Primera B Nacional
G. Moreyra,Almirante Brown,Argentina,13,"RM, RW",Right,180,26,62,,66,57,62,63,43,55,64,54,46,63,51,63,62,63,60,63,67,66,62,57,66,61,50,67,53,61,48,45,58,60,56,61,44,41,40,12,13,15,7,12,14,Primera B Nacional
F. Quignón,Almirante Brown,Argentina,18,LM,Left,168,33,62,,58,55,63,65,44,57,63,51,51,64,53,65,64,57,60,67,58,58,63,67,62,58,54,69,52,56,56,41,65,66,62,60,45,43,40,9,6,10,12,6,6,Primera B Nacional
T. Quinteros,Almirante Brown,Argentina,34,CAM,Right,165,21,58,,58,57,61,60,34,51,60,57,42,65,58,63,62,55,62,58,60,56,58,60,60,58,43,59,51,53,45,34,60,57,59,62,34,37,22,6,11,8,9,6,10,Primera B Nacional
M. Santiago,Almirante Brown,Argentina,10,CAM,Right,172,25,65,,69,61,68,69,39,58,63,60,50,68,62,72,68,67,65,67,67,70,66,64,67,61,53,62,57,60,56,41,68,73,67,68,38,37,34,13,13,13,10,14,14,Primera B Nacional
J. Borja Velázquez,Almirante Brown,Argentina,11,"RM, RW",Right,168,24,63,,64,56,64,67,45,57,66,54,51,67,57,65,67,57,56,70,63,64,65,63,68,61,46,64,55,56,58,48,58,62,57,63,45,43,40,14,15,7,8,13,7,Primera B Nacional
T. Almada,Almirante Brown,Argentina,17,"RW, ST",Left,164,24,62,,73,63,61,66,31,51,62,66,48,63,60,67,63,61,55,66,72,74,73,59,60,61,58,57,48,57,48,31,68,60,65,54,28,31,24,10,15,7,13,13,10,Primera B Nacional
M. Belloso,Almirante Brown,Argentina,22,"RW, RM",Left,177,26,62,,69,60,60,64,32,50,67,62,51,57,59,67,64,52,57,62,68,70,66,64,59,60,48,58,48,55,46,30,65,62,56,61,30,30,24,9,15,7,12,6,9,Primera B Nacional
G. Flores,Almirante Brown,Argentina,31,ST,Right,178,24,59,,62,63,48,58,23,61,52,69,51,52,56,57,53,47,38,60,60,63,56,65,55,59,59,55,65,59,58,20,57,41,59,60,22,20,14,14,6,14,7,14,15,Primera B Nacional
R. González Herrero,Almirante Brown,Argentina,7,"RW, RM",Right,179,24,63,,71,61,60,67,31,53,62,64,45,60,56,72,65,53,55,62,74,69,75,59,67,58,49,63,53,60,41,33,61,61,61,61,27,31,27,15,12,9,13,8,6,Primera B Nacional
J. Ibáñez,Almirante Brown,Argentina,35,ST,Right,176,22,58,,55,56,48,57,22,58,47,55,56,50,55,54,49,54,40,62,56,54,57,63,53,60,56,52,62,55,54,20,64,49,55,52,17,19,16,13,7,14,7,8,6,Primera B Nacional
J. López Pérez,Almirante Brown,Argentina,28,"LW, ST",Left,168,29,64,,70,61,63,69,36,56,61,62,46,64,60,71,62,59,60,69,68,72,72,63,68,61,56,60,55,60,52,38,62,66,62,60,38,31,28,6,9,9,12,9,8,Primera B Nacional
J. Martínez,Almirante Brown,Argentina,9,"ST, CAM",Right,185,27,64,,67,68,54,65,29,66,55,72,58,56,63,65,57,55,46,68,65,69,61,65,53,69,68,68,69,58,55,32,71,55,64,67,22,25,27,9,12,6,12,15,15,Primera B Nacional
L. Pascual,Almirante Brown,Argentina,19,"ST, CAM",Right,181,22,62,,63,65,50,62,29,60,50,68,66,50,65,62,57,49,45,64,65,62,58,59,56,68,64,64,59,57,55,22,65,54,58,69,31,21,26,12,6,14,13,13,6,Primera B Nacional
L. Vega,Almirante Brown,Argentina,21,"ST, RW",Left,181,22,56,,56,56,47,54,22,52,46,59,59,49,51,52,43,50,45,56,55,57,55,56,57,54,54,46,57,53,48,25,63,45,54,56,19,12,15,11,10,8,10,11,10,Primera B Nacional
S. Villalba,Almirante Brown,Argentina,39,"ST, RW",Right,175,22,56,,58,59,46,54,24,54,41,61,57,50,53,55,45,44,42,55,56,60,50,56,55,61,56,50,56,54,52,17,61,46,57,52,21,21,20,9,14,12,6,11,7,Primera B Nacional
M. Zanotti,Almirante Brown,Argentina,29,"ST, CAM",Left,188,23,60,,63,63,50,59,25,58,51,65,60,52,63,57,55,49,44,61,62,64,58,58,57,64,58,53,63,59,53,20,65,47,62,61,25,21,14,10,11,8,15,9,12,Primera B Nacional
T. Zárate,Almirante Brown,Argentina,16,RW,Right,179,26,61,,66,60,57,63,31,55,58,63,49,60,56,62,60,51,52,65,63,69,66,60,66,58,52,63,53,57,49,32,58,54,55,58,29,31,20,11,9,15,6,6,9,Primera B Nacional
L. López Kaleniuk,Atlanta,Argentina,12,GK,Left,180,25,63,,37,21,31,28,19,49,21,12,24,37,22,16,14,17,31,31,36,38,37,57,48,43,47,41,57,16,40,25,21,39,25,44,12,19,19,59,63,56,60,64,40,Primera B Nacional
R. Pasquale,Atlanta,Argentina,25,GK,Left,183,21,62,,38,22,32,28,18,50,19,14,27,36,10,12,17,16,39,36,37,38,31,63,42,46,52,38,60,21,37,23,12,38,25,47,15,15,17,63,64,55,64,67,43,Primera B Nacional
F. Rago,Atlanta,Argentina,1,GK,Right,185,37,68,,42,26,37,33,24,52,21,18,27,44,19,20,24,17,42,39,40,44,36,66,47,51,59,47,56,23,46,31,15,44,30,49,20,24,17,69,68,66,70,69,43,Primera B Nacional
F. Villafañe,Atlanta,Argentina,30,GK,Right,185,20,60,,39,19,25,28,15,43,11,14,24,31,14,16,12,20,30,34,39,39,33,55,36,41,46,35,53,11,27,18,10,28,24,38,11,15,10,62,62,54,61,63,36,Primera B Nacional
D. Argüello,Atlanta,Argentina,3,"LB, RB",Right,180,22,66,,69,53,63,65,63,62,59,52,55,66,49,64,62,55,63,66,70,69,64,61,69,57,58,70,58,51,62,62,57,63,52,64,65,64,66,13,15,11,7,10,7,Primera B Nacional
L. Galeano,Atlanta,Argentina,24,"CB, RB",Right,184,34,67,,61,46,55,54,72,71,53,43,73,60,35,47,50,49,63,58,57,65,56,66,56,58,77,64,74,44,70,76,41,47,50,67,70,73,68,11,6,13,11,15,12,Primera B Nacional
M. García,Atlanta,Argentina,2,CB,Right,177,28,70,,67,52,59,59,76,74,51,49,73,69,48,55,52,52,64,61,69,65,61,65,63,64,74,73,74,48,75,75,48,50,51,63,80,75,75,10,14,14,15,8,6,Primera B Nacional
T. Herrera,Atlanta,Argentina,27,CB,Left,186,21,59,,60,35,48,52,63,62,47,28,59,54,28,52,35,45,55,54,56,63,47,54,44,51,61,59,63,35,63,64,35,35,35,55,61,64,64,12,9,6,11,14,9,Primera B Nacional
G. Mendoza,Atlanta,Argentina,21,CB,Right,187,31,62,,57,40,50,53,65,66,50,34,65,56,40,52,46,42,53,53,55,59,51,58,55,57,64,61,67,40,70,63,34,39,42,61,71,60,63,12,7,15,15,11,11,Primera B Nacional
R. Moreira,Atlanta,Argentina,4,"RB, LB",Right,184,30,69,,75,55,66,67,66,64,68,52,62,70,51,65,60,57,66,68,73,77,71,73,72,61,66,67,62,55,67,71,55,63,55,64,66,63,73,11,8,8,13,8,9,Primera B Nacional
P. Ostachuk,Atlanta,Argentina,15,"LB, RB",Left,169,26,63,,72,51,60,58,61,61,64,49,55,62,49,57,55,46,59,56,71,72,68,59,65,58,60,67,59,48,61,60,56,59,52,59,59,64,66,12,12,8,15,10,9,Primera B Nacional
S. Pasini,Atlanta,Argentina,26,"RB, LB",Right,177,20,61,,63,48,56,57,61,58,59,45,55,60,49,58,51,47,60,53,64,63,64,59,59,54,58,62,58,46,54,61,51,47,50,51,62,62,62,6,15,11,13,15,13,Primera B Nacional
T. Rojas,Atlanta,Argentina,6,"CB, CDM",Right,190,24,68,,65,49,58,59,73,71,51,43,74,67,47,58,49,46,65,58,64,65,63,61,56,63,66,64,73,48,76,72,45,50,47,65,73,73,71,13,15,6,10,14,7,Primera B Nacional
R. Sosa,Atlanta,Argentina,13,"CB, CDM",Right,180,24,65,,62,46,53,54,64,67,52,42,65,60,43,52,43,42,53,54,61,63,51,64,56,61,71,62,70,45,66,67,36,47,44,64,64,62,68,13,10,12,8,6,7,Primera B Nacional
J. Aquino,Atlanta,Argentina,28,"CM, CDM",Right,171,22,59,,54,52,60,62,52,57,57,49,49,60,53,61,53,58,62,64,53,54,63,61,60,55,56,65,56,54,49,56,59,63,52,56,49,56,46,13,7,12,11,6,13,Primera B Nacional
M. Araujo,Atlanta,Argentina,31,"CDM, CB",Right,181,21,59,,53,49,54,57,60,61,49,44,54,55,38,53,49,46,63,62,50,55,56,62,56,58,60,65,60,54,58,65,48,56,46,56,57,62,55,6,13,10,9,11,7,Primera B Nacional
C. Bernardi,Atlanta,Argentina,16,"CDM, CB",Right,176,36,62,,53,53,58,59,62,65,54,49,53,59,49,57,52,60,59,61,50,56,60,62,53,62,55,68,64,55,67,65,55,60,49,65,63,65,58,9,7,13,11,15,15,Primera B Nacional
F. Bisanz,Atlanta,Argentina,18,CM,Left,173,25,63,,57,60,64,64,53,62,61,56,53,69,56,60,61,60,61,68,58,56,66,64,59,66,57,70,59,64,59,54,54,64,56,65,54,53,52,14,10,15,8,14,11,Primera B Nacional
F. Cáceres,Atlanta,Argentina,23,CDM,Right,177,26,62,,58,52,58,61,64,64,50,46,57,64,45,58,54,45,65,65,58,58,53,66,57,60,58,67,65,59,57,71,52,54,46,62,63,63,64,8,14,8,12,10,8,Primera B Nacional
T. Castro Ponce,Atlanta,Argentina,10,"CAM, ST",Right,168,25,72,,74,72,75,76,43,66,68,71,55,79,62,74,70,69,73,79,77,72,73,73,76,74,61,72,65,72,61,43,77,79,71,73,41,41,45,10,8,8,15,15,15,Primera B Nacional
A. Dramisino,Atlanta,Argentina,20,"CAM, ST",Right,178,26,62,,60,60,66,65,34,53,60,59,52,73,55,69,62,58,61,63,66,55,63,65,66,59,52,64,50,63,46,38,63,69,59,59,30,29,36,13,11,8,13,10,15,Primera B Nacional
M. Ibarra,Atlanta,Argentina,22,"CAM, CM",Right,172,21,59,,60,59,61,63,33,53,49,61,47,65,50,61,60,62,59,67,57,62,60,62,63,59,48,55,54,56,51,33,62,66,56,61,36,26,28,14,12,14,8,7,11,Primera B Nacional
N. Previtali,Atlanta,Argentina,7,RM,Right,174,31,69,,71,65,64,71,52,63,64,62,57,65,60,75,67,65,60,69,73,70,72,70,67,73,57,71,61,66,60,50,68,65,66,62,56,48,46,6,14,15,10,7,11,Primera B Nacional
B. Rivero,Atlanta,Argentina,11,"LM, LW",Right,166,30,65,,67,57,63,62,45,60,66,54,56,62,57,59,68,54,61,64,69,66,64,61,70,57,57,71,59,62,52,47,68,64,58,58,40,43,48,13,8,9,10,14,15,Primera B Nacional
J. Rodríguez Puch,Atlanta,Argentina,5,"CDM, CM",Left,174,27,70,,62,59,68,64,71,72,62,56,66,77,54,62,65,63,64,66,66,59,62,70,65,67,71,75,70,61,71,74,59,61,60,65,72,71,68,9,12,9,12,10,9,Primera B Nacional
F. Romero,Atlanta,Argentina,32,"RM, LM",Left,169,27,59,,65,55,57,60,40,52,62,59,50,59,53,59,60,51,49,63,64,65,59,61,64,54,46,58,49,47,51,45,57,53,51,48,41,33,35,8,6,15,15,10,8,Primera B Nacional
N. Urtasún,Atlanta,Argentina,34,"CDM, CB",Left,185,22,56,,51,44,54,51,56,58,44,38,49,58,37,48,46,47,60,54,51,51,48,52,52,54,57,60,55,46,61,64,52,54,50,51,54,56,55,7,9,6,6,8,15,Primera B Nacional
F. Álvarez,Atlanta,Argentina,17,"RW, ST",Right,169,25,62,,67,60,63,64,30,53,70,63,44,64,57,66,61,57,55,62,65,68,67,59,65,57,53,63,49,57,49,30,70,61,57,61,30,27,27,15,15,8,7,6,7,Primera B Nacional
F. Castro,Atlanta,Argentina,8,RW,Right,174,34,63,,65,62,61,66,34,56,60,62,54,62,58,64,66,57,56,70,66,65,63,57,69,64,55,62,57,61,47,38,62,63,53,62,30,29,28,8,13,8,6,10,15,Primera B Nacional
L. Fedele,Atlanta,Argentina,29,"ST, CAM",Right,177,25,63,,66,66,53,63,30,60,51,66,64,56,61,60,60,55,48,68,67,65,62,59,56,68,63,57,63,64,57,25,63,50,65,60,27,27,27,6,14,8,11,13,8,Primera B Nacional
G. Miranda,Atlanta,Argentina,35,ST,Right,177,21,56,,58,59,48,54,24,55,40,61,57,53,54,52,54,44,45,55,52,63,59,55,53,66,60,49,57,51,54,21,60,50,58,57,20,22,16,15,11,13,10,9,8,Primera B Nacional
A. Morales,Atlanta,Argentina,14,"RW, RM",Left,174,27,65,,72,64,61,69,36,59,66,63,51,61,65,68,57,61,58,70,74,70,71,66,66,61,55,64,59,69,56,36,65,59,64,63,39,31,29,11,8,13,12,8,15,Primera B Nacional
G. Potense,Atlanta,Argentina,33,LW,Right,183,19,59,,67,57,58,60,30,51,63,56,49,56,55,60,59,56,51,60,66,68,65,57,69,56,51,55,51,60,47,30,59,62,52,54,26,27,27,9,12,11,9,14,12,Primera B Nacional
A. Quintana,Atlanta,Argentina,9,"ST, CAM",Right,174,34,67,,68,72,58,68,35,62,57,76,71,61,66,68,56,51,46,68,65,70,70,71,61,74,66,58,66,64,58,32,76,63,67,68,31,33,24,7,13,9,11,15,9,Primera B Nacional
I. Rodríguez,Atlanta,Argentina,19,ST,Right,178,21,68,,69,71,59,71,36,69,56,78,73,62,65,68,64,54,53,75,71,68,72,75,66,69,64,63,75,62,63,29,71,59,67,69,32,32,33,15,11,13,11,7,6,Primera B Nacional
L. Finochietto,Atlético Güemes,Argentina,1,GK,Right,185,29,64,,41,20,32,30,21,47,21,11,26,33,19,17,16,18,43,34,40,42,38,62,44,46,48,40,55,16,34,30,15,41,23,44,20,14,20,65,62,58,65,64,42,Primera B Nacional
L. Martínez,Atlético Güemes,Argentina,12,GK,Right,184,24,59,,39,18,26,26,17,43,10,10,19,34,10,12,21,16,20,33,40,38,33,54,40,37,43,35,50,19,34,20,10,35,20,43,16,18,10,59,61,57,59,64,34,Primera B Nacional
T. Palleres,Atlético Güemes,Argentina,25,GK,Left,186,26,59,,33,17,27,23,16,43,14,10,20,32,10,10,15,15,32,29,32,33,29,50,38,37,46,28,53,17,34,27,13,32,19,39,13,10,12,57,59,52,60,58,39,Primera B Nacional
A. Tévez,Atlético Güemes,Argentina,30,GK,Right,182,33,58,,28,17,29,25,15,41,11,10,18,38,10,14,14,12,36,29,29,28,29,61,35,39,46,30,51,15,30,18,10,32,16,39,18,10,16,60,57,54,55,58,43,Primera B Nacional
M. Benítez,Atlético Güemes,Argentina,4,RB,Right,174,35,64,,64,51,57,62,65,63,57,45,50,61,45,59,52,51,57,64,60,68,67,63,67,62,61,64,63,54,60,61,52,54,51,65,65,71,66,6,10,10,6,15,6,Primera B Nacional
A. Bordón,Atlético Güemes,Argentina,2,CB,Right,184,30,68,,60,49,53,59,72,71,49,42,76,60,47,56,48,49,58,61,58,62,56,66,60,64,70,71,71,54,69,74,42,41,49,64,74,70,67,13,12,11,10,9,14,Primera B Nacional
A. González,Atlético Güemes,Argentina,11,"CB, RB",Right,185,22,56,,52,36,42,47,60,60,43,32,59,46,36,44,35,36,47,48,50,53,44,54,48,52,55,56,63,33,57,60,30,36,33,55,56,65,58,6,15,11,14,6,6,Primera B Nacional
L. Guiñazú,Atlético Güemes,Argentina,26,RB,Right,175,20,56,,65,44,50,55,51,54,56,40,48,52,38,54,47,38,52,56,66,65,56,53,57,51,54,59,50,48,57,51,48,45,41,55,47,52,62,12,13,7,10,7,14,Primera B Nacional
W. Juárez,Atlético Güemes,Argentina,6,"CB, RB",Right,189,27,64,,59,42,53,52,69,65,50,33,59,58,37,47,39,50,58,56,60,59,52,61,50,59,63,57,66,46,74,72,35,46,48,60,69,70,68,12,11,13,9,8,8,Primera B Nacional
M. Martínez,Atlético Güemes,Argentina,15,LB,Right,182,25,55,,60,42,50,52,52,52,53,38,47,53,34,52,48,42,49,49,59,61,58,51,54,51,53,57,49,47,51,57,40,44,40,56,48,52,55,7,6,14,7,6,8,Primera B Nacional
F. Melillan,Atlético Güemes,Argentina,14,"RB, LB",Right,172,29,61,,66,46,54,59,57,61,62,42,53,51,42,56,49,46,57,60,67,66,62,61,64,52,56,65,58,47,63,59,49,50,48,58,55,57,62,11,6,14,6,10,13,Primera B Nacional
T. Oneto,Atlético Güemes,Argentina,3,RB,Left,173,28,58,,63,47,52,56,56,54,57,44,56,55,36,54,49,46,53,56,61,64,59,60,59,56,53,63,49,48,56,55,44,43,43,55,54,60,54,14,11,10,11,9,7,Primera B Nacional
F. Rizzi,Atlético Güemes,Argentina,24,"CB, CDM",Right,181,29,59,,55,38,44,48,64,61,40,34,63,54,32,46,36,37,46,50,52,58,45,54,49,50,66,57,62,36,60,64,35,32,42,58,63,65,61,9,11,12,11,10,10,Primera B Nacional
Ó. Vanegas,Atlético Güemes,Argentina,13,"CB, CDM",Left,190,30,63,,59,44,51,52,66,68,46,38,67,58,37,47,45,42,55,54,55,62,54,62,57,58,69,60,72,45,68,69,36,46,43,59,66,61,70,9,13,11,12,11,13,Primera B Nacional
R. Arnay,Atlético Güemes,Argentina,21,"CAM, ST",Right,165,21,53,,54,57,56,53,26,40,57,59,34,57,51,52,59,51,48,55,56,52,56,50,54,57,40,49,37,55,36,29,56,58,49,49,23,26,18,15,11,13,6,11,9,Primera B Nacional
G. Baier,Atlético Güemes,Argentina,5,CDM,Right,180,27,66,,60,55,61,61,68,67,61,48,66,67,53,63,52,54,63,57,66,56,61,66,58,65,65,68,65,57,71,69,61,55,59,65,68,68,66,15,10,8,11,14,12,Primera B Nacional
F. Bergés,Atlético Güemes,Argentina,7,"RM, LM",Right,175,25,59,,65,52,56,62,40,54,61,50,43,57,52,61,60,56,53,62,65,65,64,62,66,57,47,59,52,49,54,44,59,49,53,58,41,37,34,8,9,12,13,15,6,Primera B Nacional
J. Carranza,Atlético Güemes,Argentina,32,CM,Right,174,19,52,,52,47,51,55,45,50,47,44,41,52,44,55,47,48,51,58,52,52,53,49,54,48,45,56,47,51,49,49,48,54,47,45,45,46,42,12,15,15,10,6,6,Primera B Nacional
S. Farrera,Atlético Güemes,Argentina,20,"CM, CDM",Right,172,20,54,,53,47,54,58,47,53,53,45,39,56,42,58,54,49,52,60,53,53,60,53,52,46,49,53,53,55,54,48,46,55,50,56,48,48,44,9,6,7,8,11,9,Primera B Nacional
M. Gerez,Atlético Güemes,Argentina,8,"CM, CAM",Right,176,28,65,,61,60,66,69,58,61,58,57,53,74,50,66,60,54,68,76,62,61,66,68,65,62,55,68,58,66,62,64,57,65,59,57,55,59,53,14,13,12,8,8,13,Primera B Nacional
F. Godoy,Atlético Güemes,Argentina,10,CAM,Right,177,36,63,,57,62,65,68,37,57,61,63,45,66,63,70,67,58,66,66,64,51,68,65,68,60,55,63,55,60,53,39,65,69,58,69,35,37,34,9,7,11,12,8,12,Primera B Nacional
J. Juárez Segovia,Atlético Güemes,Argentina,28,LM,Left,176,21,54,,60,46,54,54,33,51,61,45,42,53,43,54,56,46,47,54,65,56,59,60,54,49,42,60,49,48,49,33,52,53,40,48,35,30,30,11,14,15,8,7,15,Primera B Nacional
I. Ortigoza,Atlético Güemes,Argentina,18,"CM, CDM",Right,170,31,60,,56,57,61,61,52,57,51,55,51,64,48,61,58,53,66,62,62,52,63,56,62,59,51,66,54,61,54,57,56,64,54,58,50,54,47,15,6,8,7,12,10,Primera B Nacional
A. Pinto,Atlético Güemes,Argentina,22,CDM,Right,181,26,59,,52,48,57,57,59,58,51,44,58,58,41,55,54,51,65,60,55,50,55,51,56,56,57,53,61,50,56,58,49,57,51,54,58,62,55,10,6,6,7,13,6,Primera B Nacional
M. Quiroz,Atlético Güemes,Argentina,23,CDM,Right,172,24,58,,54,49,55,54,57,58,44,45,52,60,45,53,50,49,55,56,54,54,49,59,51,56,57,60,55,54,64,63,50,58,47,60,56,55,62,8,15,10,15,14,9,Primera B Nacional
R. Silisque,Atlético Güemes,Argentina,27,CAM,Right,169,21,56,,56,55,58,60,27,44,58,56,42,60,54,59,56,50,49,63,60,53,59,59,62,52,43,50,40,57,45,25,58,62,54,58,30,22,26,9,14,6,13,7,12,Primera B Nacional
D. Veliz,Atlético Güemes,Argentina,16,"CM, CDM",Right,179,26,65,,57,59,66,67,57,62,60,57,60,69,60,63,63,55,68,71,56,57,70,59,66,66,61,64,62,57,61,59,60,67,61,67,57,56,56,8,9,9,13,7,6,Primera B Nacional
B. Gerez,Atlético Güemes,Argentina,17,"ST, CAM",Right,185,19,55,,60,58,46,51,21,54,45,61,53,50,59,50,49,43,39,53,58,61,47,57,47,57,52,52,55,51,52,23,60,45,62,56,20,14,13,11,7,6,8,14,11,Primera B Nacional
C. Leineker,Atlético Güemes,Argentina,31,ST,Right,180,24,59,,58,61,49,56,25,61,50,64,60,53,60,53,47,47,41,59,57,59,56,60,53,56,57,58,65,57,57,22,62,47,61,55,19,24,19,11,10,14,10,7,6,Primera B Nacional
G. Luca Pugliese,Atlético Güemes,Argentina,29,"ST, RW",Right,176,29,60,,61,63,49,58,29,56,48,66,59,52,56,58,46,48,42,59,60,61,55,60,57,63,61,55,57,56,51,26,67,50,61,54,26,25,23,15,9,8,14,9,13,Primera B Nacional
S. Sala,Atlético Güemes,Argentina,9,ST,Right,191,24,66,,67,70,56,65,32,66,51,73,68,60,62,66,56,54,53,64,68,66,65,69,61,70,67,66,67,63,65,26,71,56,70,70,32,26,31,8,9,12,15,9,12,Primera B Nacional
J. Sánchez Sotelo,Atlético Güemes,Argentina,19,ST,Right,174,39,65,,63,69,56,63,35,63,54,75,72,60,65,62,58,54,53,64,59,66,59,61,60,70,71,56,68,55,59,30,79,55,67,73,32,30,29,12,8,11,11,12,15,Primera B Nacional
M. Bergia,Atlético Rafaela,Argentina,1,GK,Right,186,25,66,,38,27,34,33,20,50,26,21,24,40,15,19,21,20,34,37,41,36,42,64,48,54,52,41,58,18,40,22,14,39,24,47,13,22,24,68,67,59,70,68,45,Primera B Nacional
R. Martínez,Atlético Rafaela,Argentina,25,GK,Right,187,35,59,,30,17,26,27,17,46,10,11,18,34,10,16,14,15,29,30,28,31,28,61,38,38,48,36,54,13,39,21,11,30,16,40,16,17,15,53,55,48,62,63,36,Primera B Nacional
M. Spesso,Atlético Rafaela,Argentina,36,GK,Right,194,21,55,,27,16,23,24,12,41,12,10,15,30,10,18,10,12,25,25,28,27,25,52,33,37,43,30,49,12,32,18,10,28,19,32,10,10,10,52,51,49,56,56,32,Primera B Nacional
G. Fernández,Atlético Rafaela,Argentina,24,CB,Right,188,33,66,,56,47,53,53,67,71,44,44,64,60,43,47,43,47,58,55,55,56,53,65,56,58,67,65,77,46,65,66,39,50,44,71,69,68,67,14,10,12,14,9,15,Primera B Nacional
L. Flores,Atlético Rafaela,Argentina,2,CB,Right,181,29,66,,64,48,54,56,70,70,48,46,70,61,42,49,50,44,58,60,58,68,58,63,55,57,64,66,72,46,70,75,42,48,52,64,69,68,68,10,15,7,14,13,6,Primera B Nacional
A. González,Atlético Rafaela,Argentina,26,"RB, RM",Right,172,21,58,,65,43,56,56,55,55,60,40,48,63,44,51,49,41,55,59,64,65,63,58,60,49,55,63,52,44,51,61,41,48,41,55,54,53,57,11,10,8,9,12,7,Primera B Nacional
I. Grandoli,Atlético Rafaela,Argentina,37,LB,Left,176,19,55,,62,39,49,52,53,54,54,35,52,52,36,52,48,41,47,52,61,63,56,51,54,50,46,55,54,35,56,56,42,44,44,48,52,50,62,15,13,10,15,11,9,Primera B Nacional
F. Ponce,Atlético Rafaela,Argentina,6,"CB, RB",Right,181,34,65,,54,45,52,53,66,66,54,39,71,53,43,47,45,38,58,57,57,51,50,65,60,59,71,64,64,45,70,70,45,48,48,65,65,63,65,15,11,10,9,15,8,Primera B Nacional
R. Ramírez,Atlético Rafaela,Argentina,15,LB,Left,176,27,61,,60,48,57,56,58,60,62,48,55,59,36,53,54,50,56,56,62,58,62,56,66,53,57,65,58,46,59,59,53,50,44,59,57,57,62,12,10,15,6,12,11,Primera B Nacional
N. Ramos,Atlético Rafaela,Argentina,13,CB,Left,187,27,65,,61,45,54,56,66,66,48,40,69,63,43,55,45,48,59,57,60,62,54,66,55,59,71,63,66,46,67,65,41,45,43,62,68,64,65,7,8,10,15,6,6,Primera B Nacional
A. Solveyra,Atlético Rafaela,Argentina,4,"RB, RM",Right,173,25,65,,72,51,59,60,62,66,66,47,59,62,46,55,58,52,57,61,70,73,67,60,67,62,63,71,63,51,67,59,51,52,49,67,64,64,63,14,8,10,13,12,15,Primera B Nacional
U. Yegros,Atlético Rafaela,Argentina,14,"RB, RM",Left,181,25,64,,70,50,62,61,62,63,70,46,58,60,46,56,62,55,62,63,65,74,69,60,67,58,59,67,62,53,60,62,49,59,52,67,65,61,61,7,9,13,14,13,15,Primera B Nacional
J. Bonifacio,Atlético Rafaela,Argentina,20,"RM, LM",Right,167,21,58,,66,53,58,59,36,54,60,54,43,61,46,61,58,50,51,56,66,66,63,54,63,57,47,56,54,51,52,38,55,58,49,58,33,36,36,15,13,9,14,12,10,Primera B Nacional
N. Cainelli,Atlético Rafaela,Argentina,8,"CM, CAM",Left,174,32,67,,60,64,68,68,58,65,64,62,60,71,59,68,64,63,66,65,61,60,73,65,67,65,59,72,62,66,67,57,67,69,65,73,60,57,60,10,8,8,7,15,8,Primera B Nacional
J. Martín Capurro,Atlético Rafaela,Argentina,3,"LM, LW",Left,168,32,66,,68,60,66,66,47,58,63,61,53,69,58,67,69,56,60,64,71,66,70,68,67,64,56,63,55,57,60,51,56,69,55,62,47,44,45,7,13,10,6,7,15,Primera B Nacional
J. Cavallaro,Atlético Rafaela,Argentina,16,CM,Right,177,32,61,,54,56,59,60,52,56,54,54,52,60,50,58,60,49,62,61,54,54,60,63,63,62,48,62,57,60,50,52,56,60,50,62,52,53,53,9,9,14,9,10,14,Primera B Nacional
G. Esparza,Atlético Rafaela,Argentina,22,CDM,Right,183,33,61,,50,50,61,57,61,64,51,46,61,67,45,52,47,54,63,60,52,49,53,66,60,59,54,70,63,50,62,67,54,63,55,66,58,59,66,8,13,14,14,13,11,Primera B Nacional
M. Fernández,Atlético Rafaela,Argentina,18,RM,Left,173,33,61,,62,55,60,64,42,55,60,56,45,62,57,64,63,54,57,66,63,62,62,65,59,51,53,66,50,56,53,43,58,59,55,57,43,39,39,15,9,7,14,9,8,Primera B Nacional
D. Jaime,Atlético Rafaela,Argentina,31,CM,Right,182,20,57,,54,50,57,60,50,55,54,47,56,60,45,61,53,45,58,61,57,52,57,54,55,53,49,57,53,54,58,50,50,58,45,55,51,48,50,13,9,9,8,11,9,Primera B Nacional
F. Jourdan,Atlético Rafaela,Argentina,12,LM,Left,175,35,60,,59,56,60,61,42,55,68,58,45,58,47,62,59,56,54,58,55,62,65,61,66,56,53,63,50,54,58,36,52,60,55,62,47,40,40,9,7,12,12,6,12,Primera B Nacional
I. Minighini,Atlético Rafaela,Argentina,34,LM,Left,173,21,56,,59,50,55,59,36,53,53,50,42,58,48,62,57,46,54,55,60,59,67,52,53,51,43,63,51,49,50,35,47,55,55,52,31,39,38,6,8,10,10,14,14,Primera B Nacional
V. Mondino,Atlético Rafaela,Argentina,32,"CDM, CM",Left,171,21,57,,56,44,54,53,58,58,47,38,50,61,43,50,46,46,57,54,55,56,55,59,53,53,59,57,57,47,60,59,52,53,41,57,62,56,57,15,10,11,14,7,12,Primera B Nacional
M. Morello,Atlético Rafaela,Argentina,19,"CDM, CB",Left,172,25,61,,54,51,60,58,62,64,47,48,54,67,46,58,54,53,68,57,55,53,56,60,67,56,63,63,64,54,65,64,56,58,50,62,65,61,57,11,9,6,15,11,12,Primera B Nacional
L. Moscoloni,Atlético Rafaela,Argentina,21,"CM, CAM",Left,176,22,58,,56,52,57,60,49,55,51,49,49,59,48,58,60,57,57,62,55,57,60,58,59,56,54,62,52,57,54,50,56,60,53,59,50,47,47,12,10,11,14,8,14,Primera B Nacional
M. Pardo,Atlético Rafaela,Argentina,10,LM,Left,171,31,61,,69,56,60,61,40,55,64,57,44,61,49,59,61,56,57,60,64,73,67,63,64,59,51,60,54,54,53,46,59,57,56,58,40,35,39,11,12,8,6,8,8,Primera B Nacional
E. Pepino,Atlético Rafaela,Argentina,33,LM,Right,165,17,57,,65,52,53,58,38,51,56,51,44,51,44,57,63,51,53,59,62,67,65,58,63,54,48,56,50,52,50,39,56,50,50,46,36,37,34,11,12,13,7,13,11,Primera B Nacional
T. Rojas,Atlético Rafaela,Argentina,28,"CDM, CM",Right,172,21,61,,56,53,60,58,61,64,54,52,60,68,45,55,53,54,57,61,57,55,57,64,56,59,60,68,64,53,62,59,51,58,53,62,60,64,60,8,9,11,10,7,7,Primera B Nacional
F. Soloa,Atlético Rafaela,Argentina,5,CDM,Right,186,29,66,,62,58,63,62,70,70,57,56,64,68,45,62,63,57,63,61,62,62,57,70,64,68,71,69,71,59,66,70,57,63,56,66,70,73,66,8,8,10,12,7,11,Primera B Nacional
R. Suárez,Atlético Rafaela,Argentina,27,CM,Right,171,19,56,,56,48,56,52,49,55,56,42,47,57,42,49,51,53,55,54,54,58,56,53,58,59,47,64,52,50,54,51,53,57,48,55,49,48,46,6,6,8,10,10,7,Primera B Nacional
E. Wuattier,Atlético Rafaela,Argentina,11,LM,Right,167,21,64,,69,56,64,66,45,59,69,55,49,64,61,66,67,58,59,67,68,69,64,65,69,59,49,70,56,54,54,51,60,61,58,57,45,40,44,11,14,10,10,14,7,Primera B Nacional
L. Albertengo,Atlético Rafaela,Argentina,7,RW,Right,174,35,66,,68,62,62,70,37,60,64,62,54,57,58,70,59,64,59,69,67,69,76,64,78,64,59,68,58,60,53,37,70,69,62,64,37,35,29,6,6,6,13,6,10,Primera B Nacional
M. Moreno,Atlético Rafaela,Argentina,23,"LW, LM",Left,173,23,68,,77,65,66,71,38,60,68,64,57,68,61,74,70,63,61,69,76,78,71,63,67,70,58,66,61,62,53,34,73,63,62,66,39,33,37,9,13,13,6,14,12,Primera B Nacional
A. Obando,Atlético Rafaela,Argentina,9,ST,Right,177,26,68,,66,70,58,67,38,68,53,73,76,64,66,66,65,59,49,70,67,65,62,67,62,67,73,63,71,64,65,36,71,56,73,66,34,34,29,15,15,11,6,6,6,Primera B Nacional
I. Protti,Atlético Rafaela,Argentina,29,ST,Left,173,31,61,,65,63,50,60,28,61,47,64,62,53,65,63,52,53,45,56,62,67,59,60,57,67,58,59,64,57,56,22,65,51,66,62,25,28,19,14,6,8,8,13,15,Primera B Nacional
M. Quiroga,Atlético Rafaela,Argentina,17,"RW, RM",Right,170,36,59,,63,56,57,60,31,49,65,58,45,58,53,60,57,51,50,60,63,63,60,62,65,55,48,59,45,52,49,33,58,54,51,60,31,27,22,13,13,7,12,7,8,Primera B Nacional
A. Rodríguez,Atlético Rafaela,Argentina,30,LW,Left,176,30,61,,66,59,60,64,31,57,58,59,47,62,58,63,67,48,56,64,67,65,73,63,64,61,53,60,59,56,47,34,61,61,53,59,30,26,25,11,15,14,13,13,10,Primera B Nacional
D. Stracqualursi,Atlético Rafaela,Argentina,35,ST,Right,184,38,56,,52,57,45,55,24,54,44,60,59,47,55,54,56,47,39,57,53,52,50,68,48,60,56,46,57,48,56,22,66,46,53,58,22,19,17,9,6,13,9,7,7,Primera B Nacional
J. Torrens,Atlético Rafaela,Argentina,38,"RW, ST",Right,161,20,54,,63,50,54,57,25,44,57,51,35,60,43,57,54,45,47,59,64,62,58,51,57,49,41,50,43,46,41,26,61,47,54,53,26,21,20,7,11,11,15,15,8,Primera B Nacional
F. Hass,Central Norte (Salta),Argentina,12,GK,Right,187,28,61,,42,20,31,27,17,43,17,14,17,37,12,16,16,16,32,30,41,42,40,56,40,41,57,40,45,14,37,21,14,42,25,35,21,10,15,60,60,55,63,62,41,Primera B Nacional
T. Pantoja,Central Norte (Salta),Argentina,32,GK,Right,185,19,56,,31,15,27,23,15,39,12,10,13,34,10,10,14,10,30,28,33,30,36,49,31,34,38,34,45,10,32,19,10,33,19,33,17,10,16,53,57,49,61,60,36,Primera B Nacional
J. Vargas,Central Norte (Salta),Argentina,25,GK,Right,185,23,58,,30,15,26,25,18,45,16,10,17,31,10,13,10,13,28,29,33,27,31,57,36,34,43,36,55,10,31,24,10,32,16,40,20,14,14,58,59,51,63,60,39,Primera B Nacional
E. Vázquez,Central Norte (Salta),Argentina,1,GK,Right,184,26,66,,40,21,33,34,26,48,15,11,25,40,12,25,16,17,37,34,40,40,42,67,45,50,58,40,54,17,42,29,17,46,29,46,28,23,27,61,62,62,65,72,40,Primera B Nacional
A. Aleo,Central Norte (Salta),Argentina,27,LB,Left,174,28,62,,67,47,58,60,58,60,69,43,55,57,49,58,59,47,59,63,66,67,61,57,60,54,60,65,58,46,59,62,50,52,46,51,56,58,62,15,10,8,11,9,10,Primera B Nacional
E. Calderón,Central Norte (Salta),Argentina,2,"CB, CDM",Right,188,25,65,,59,47,51,52,68,69,46,42,76,57,41,46,42,48,57,53,58,60,55,71,53,58,63,59,75,48,66,66,41,44,47,61,68,69,65,10,14,8,9,7,7,Primera B Nacional
G. Castilla,Central Norte (Salta),Argentina,20,LB,Right,176,23,59,,64,47,55,59,58,58,62,43,50,58,44,55,46,40,55,63,66,62,64,61,62,51,53,61,58,50,58,60,51,48,47,57,60,58,60,7,10,14,14,14,8,Primera B Nacional
R. Enríquez,Central Norte (Salta),Argentina,26,"RB, LB",Left,176,22,55,,55,42,50,54,52,53,59,37,46,51,32,51,53,41,47,59,56,55,57,50,52,53,48,61,49,41,56,54,48,43,43,52,48,54,60,12,10,12,7,10,14,Primera B Nacional
L. Felissia,Central Norte (Salta),Argentina,4,"RB, LB",Right,177,25,62,,67,47,57,58,59,57,62,42,48,60,44,58,54,52,55,55,68,67,66,62,66,56,56,64,51,47,64,58,51,51,50,59,61,61,61,12,13,15,12,8,8,Primera B Nacional
A. Lamosa,Central Norte (Salta),Argentina,3,"LB, LM",Left,171,24,67,,70,53,60,63,64,68,65,49,60,62,51,61,61,49,61,63,74,67,64,67,72,62,62,72,67,51,65,63,56,55,53,62,63,67,68,10,6,11,14,12,8,Primera B Nacional
M. Lucero,Central Norte (Salta),Argentina,34,CB,Right,180,20,55,,50,37,43,44,57,58,42,34,53,50,34,42,35,35,42,46,47,52,41,48,46,51,55,47,65,34,56,56,31,36,38,41,57,59,55,11,6,15,15,13,15,Primera B Nacional
M. Padilla,Central Norte (Salta),Argentina,14,RB,Right,175,32,63,,63,51,58,63,59,61,59,51,54,62,46,64,57,47,55,59,66,61,71,63,71,59,61,69,57,47,61,60,46,55,48,62,58,60,64,8,9,10,6,9,8,Primera B Nacional
A. Pucheta,Central Norte (Salta),Argentina,13,LB,Left,175,31,60,,63,44,53,59,60,62,56,37,50,56,43,61,52,43,55,55,57,68,63,58,69,54,53,70,59,47,60,57,47,45,44,51,65,59,59,10,12,10,8,15,15,Primera B Nacional
G. Romero,Central Norte (Salta),Argentina,24,RB,Right,175,25,59,,64,46,53,57,57,55,59,42,50,57,39,59,48,42,50,53,62,66,60,58,65,58,55,61,52,47,55,59,44,48,43,57,56,60,55,9,9,11,8,12,6,Primera B Nacional
M. Rosales,Central Norte (Salta),Argentina,15,"LB, LM",Right,171,34,63,,64,51,60,61,59,64,64,49,54,60,48,61,54,53,62,59,62,65,69,65,63,57,61,65,65,50,60,60,50,58,45,60,57,62,60,15,7,12,9,6,14,Primera B Nacional
P. Sanz,Central Norte (Salta),Argentina,6,"CB, RB",Left,186,26,66,,60,44,54,57,68,66,50,36,67,62,34,48,44,42,56,66,64,57,51,64,56,60,74,59,68,46,70,67,44,47,45,70,69,71,64,11,6,14,13,14,15,Primera B Nacional
A. Bustinduy,Central Norte (Salta),Argentina,18,"CM, CAM",Right,165,21,55,,54,50,58,54,48,53,53,47,42,60,50,52,58,50,62,56,52,55,55,54,54,50,51,60,50,59,50,49,49,56,47,51,50,48,43,14,15,15,11,14,12,Primera B Nacional
T. Cabrera,Central Norte (Salta),Argentina,37,"CDM, CM",Right,177,18,54,,52,46,51,50,53,55,41,43,47,56,40,48,42,45,55,53,53,52,51,55,44,51,52,60,52,50,55,60,49,53,47,51,53,50,53,13,11,8,13,7,8,Primera B Nacional
T. Castro,Central Norte (Salta),Argentina,11,CDM,Left,174,24,58,,49,50,55,54,59,60,52,45,60,57,39,54,47,47,57,54,53,46,50,59,55,59,51,61,62,52,56,60,52,58,53,60,58,62,52,6,10,7,10,9,10,Primera B Nacional
S. Cuellar,Central Norte (Salta),Argentina,38,"RM, RW",Left,168,17,54,,62,52,53,54,36,48,49,55,42,57,43,55,55,45,51,53,59,65,57,49,53,49,40,52,47,50,46,35,55,53,47,49,34,39,27,9,12,7,12,11,9,Primera B Nacional
P. Fretes,Central Norte (Salta),Argentina,30,RM,Right,169,20,57,,66,51,55,57,37,51,55,50,43,57,54,58,52,50,54,54,63,69,64,54,62,53,48,61,49,49,45,33,55,56,58,54,42,32,36,13,12,13,6,14,10,Primera B Nacional
G. Mancuso,Central Norte (Salta),Argentina,5,"CDM, CB",Left,186,28,67,,59,59,64,65,69,67,58,56,58,66,52,64,64,61,71,68,62,57,59,66,65,65,67,68,67,64,67,72,57,64,53,66,65,72,75,7,6,6,11,15,7,Primera B Nacional
J. Mateo,Central Norte (Salta),Argentina,17,"RM, RW",Right,171,29,64,,72,56,65,67,44,62,66,55,49,70,54,66,64,56,56,67,71,73,67,64,71,60,54,70,61,54,55,45,60,65,57,65,40,47,43,13,11,8,11,14,9,Primera B Nacional
M. Matorras,Central Norte (Salta),Argentina,35,"LM, LW",Left,177,19,55,,62,48,56,55,35,49,57,43,41,57,45,57,55,48,58,54,64,61,57,48,62,59,46,60,47,50,41,38,48,54,51,51,33,33,31,9,10,11,6,9,8,Primera B Nacional
S. Quiroga,Central Norte (Salta),Argentina,22,CDM,Right,175,32,61,,50,51,59,58,63,64,52,48,59,64,46,58,45,54,63,56,49,50,59,62,56,63,63,72,59,48,65,61,52,58,47,63,62,66,62,9,13,9,6,7,8,Primera B Nacional
M. Ribero,Central Norte (Salta),Argentina,16,"CDM, CB",Left,177,28,64,,61,53,61,60,66,66,57,47,60,64,45,59,54,53,64,59,59,62,61,67,64,61,57,67,67,59,66,66,56,60,57,64,67,68,63,8,11,12,8,11,13,Primera B Nacional
M. Silveira,Central Norte (Salta),Argentina,33,CDM,Right,183,23,56,,47,44,54,54,53,58,49,39,46,63,42,52,40,42,52,56,49,45,53,58,50,50,53,61,56,48,63,57,48,53,52,53,51,54,58,9,15,9,13,14,6,Primera B Nacional
F. Vedoya,Central Norte (Salta),Argentina,10,"CAM, CM",Left,178,25,64,,65,61,64,68,37,57,61,62,45,64,55,74,56,63,63,64,65,65,66,66,67,57,50,64,56,65,53,46,63,68,60,65,33,34,31,7,7,7,11,14,8,Primera B Nacional
M. Villarreal,Central Norte (Salta),Argentina,8,"CM, CDM",Right,171,34,66,,64,62,68,67,59,62,65,58,55,73,58,66,62,63,67,68,64,64,72,68,57,66,57,70,58,67,65,55,66,66,56,68,61,61,58,9,10,10,11,13,15,Primera B Nacional
É. Bodencer,Central Norte (Salta),Argentina,19,RW,Right,169,26,61,,69,59,57,66,31,51,61,58,45,54,55,66,61,55,53,68,70,68,66,58,63,62,52,56,50,58,49,33,63,63,53,64,30,29,23,11,15,15,11,10,10,Primera B Nacional
F. Borda,Central Norte (Salta),Argentina,9,ST,Right,174,24,67,,66,66,56,65,36,65,56,66,74,59,70,63,57,55,48,66,63,68,70,69,61,67,67,63,69,60,57,31,70,55,69,70,35,31,31,7,6,7,9,15,11,Primera B Nacional
R. Costa,Central Norte (Salta),Argentina,29,"ST, CAM",Right,183,34,60,,58,61,51,59,28,62,40,66,53,60,58,57,57,48,42,61,57,58,55,61,59,57,67,57,68,55,54,26,65,54,64,64,27,22,23,14,13,9,14,6,11,Primera B Nacional
P. Dorini,Central Norte (Salta),Argentina,36,"ST, CAM",Right,172,19,55,,59,57,47,52,21,54,45,60,58,53,53,50,49,45,35,53,59,59,54,48,49,56,53,51,57,53,51,15,60,46,54,55,21,17,12,12,15,9,15,10,6,Primera B Nacional
K. Isa Luna,Central Norte (Salta),Argentina,28,LW,Left,180,25,56,,62,53,53,58,26,48,54,50,40,56,55,59,55,46,50,57,64,60,62,56,55,60,45,58,46,54,39,25,54,52,54,52,24,27,19,7,14,12,7,14,15,Primera B Nacional
M. Moravec,Central Norte (Salta),Argentina,7,RW,Left,174,25,64,,74,64,59,68,36,55,60,63,47,59,60,67,59,55,57,69,75,73,71,63,67,67,53,65,53,63,49,32,68,61,58,61,36,36,28,9,15,11,7,10,13,Primera B Nacional
T. Taobas,Central Norte (Salta),Argentina,23,"LW, ST",Right,181,21,57,,62,56,55,59,28,49,57,55,46,54,53,59,59,48,49,57,61,63,66,62,64,59,41,55,47,56,49,28,59,59,57,54,31,24,18,7,15,7,6,11,14,Primera B Nacional
G. Tapia,Central Norte (Salta),Argentina,31,ST,Left,183,22,57,,57,57,47,54,24,56,46,59,60,52,58,55,50,51,38,50,57,57,55,60,52,59,54,51,60,51,54,19,61,43,57,63,18,22,20,13,15,9,13,11,15,Primera B Nacional
P. Vidal,Central Norte (Salta),Argentina,21,"LW, LM",Left,168,34,60,,65,60,58,64,28,52,64,61,48,58,57,65,54,54,53,61,63,66,71,63,64,61,47,63,49,58,45,29,63,59,57,60,26,25,25,15,9,15,14,11,14,Primera B Nacional
E. Bologna,Chacarita Juniors,Argentina,1,GK,Left,185,44,61,,30,18,28,28,20,45,13,11,21,35,13,18,14,15,29,30,30,30,37,63,41,40,53,34,53,15,35,26,18,36,20,37,20,16,16,60,56,56,57,65,44,Primera B Nacional
G. Fernández,Chacarita Juniors,Argentina,25,GK,Left,191,26,59,,37,18,25,28,15,40,16,10,22,29,10,18,12,12,26,29,38,36,34,51,42,41,47,28,49,15,33,22,10,34,21,46,13,13,10,56,57,52,56,64,35,Primera B Nacional
F. Losas,Chacarita Juniors,Argentina,12,GK,Right,183,24,61,,36,19,30,28,21,45,14,10,19,39,10,15,16,18,34,34,32,40,35,54,38,43,48,36,51,17,41,30,10,35,24,40,20,19,13,62,58,55,56,62,38,Primera B Nacional
S. Acosta,Chacarita Juniors,Argentina,7,"CB, RB",Right,183,20,59,,56,40,48,47,65,60,44,32,65,56,38,42,36,41,53,52,54,57,43,54,50,61,58,63,59,40,61,65,36,40,35,51,65,64,67,9,7,9,11,10,15,Primera B Nacional
B. Calderara,Chacarita Juniors,Argentina,27,LB,Right,171,28,66,,71,50,61,64,64,65,68,45,58,60,49,62,57,49,63,64,69,73,68,60,73,60,63,74,62,53,64,60,54,57,48,62,67,66,67,11,7,11,9,10,6,Primera B Nacional
N. Cháves,Chacarita Juniors,Argentina,3,LB,Left,178,25,66,,74,49,61,64,63,64,65,44,57,65,52,63,60,53,58,64,74,74,70,61,67,59,65,67,63,48,64,56,47,55,53,61,67,64,65,9,15,9,7,15,13,Primera B Nacional
G. Dell Aquila,Chacarita Juniors,Argentina,5,"CB, CDM",Right,180,25,58,,54,37,47,46,60,58,40,30,58,56,35,43,41,38,51,46,52,56,46,61,45,53,61,56,59,37,57,63,31,40,35,57,56,62,59,13,9,15,15,11,15,Primera B Nacional
D. Duran,Chacarita Juniors,Argentina,24,CB,Right,189,21,56,,48,36,46,43,60,62,47,30,59,52,33,37,31,38,48,46,49,47,45,57,46,49,55,57,65,36,60,62,33,40,39,51,62,58,56,12,14,10,11,6,9,Primera B Nacional
F. Facello,Chacarita Juniors,Argentina,4,LB,Left,176,23,64,,70,53,58,63,60,61,64,51,60,58,48,63,52,53,66,61,71,69,66,61,65,60,59,59,61,54,62,64,51,49,50,63,60,59,58,6,13,12,15,6,9,Primera B Nacional
M. Leyendeker,Chacarita Juniors,Argentina,15,LB,Left,167,28,66,,74,52,61,67,66,62,65,47,59,68,49,63,53,54,63,71,74,74,72,62,65,59,61,68,59,57,60,68,55,49,49,66,63,69,69,14,7,7,9,12,7,Primera B Nacional
A. Maldonado,Chacarita Juniors,Argentina,14,RB,Left,181,19,55,,59,40,51,55,55,54,53,34,49,58,35,56,47,39,48,55,60,58,58,51,52,49,51,61,50,47,54,54,41,43,38,50,55,57,55,6,6,12,14,12,6,Primera B Nacional
T. Migliore,Chacarita Juniors,Argentina,18,CB,Right,183,22,56,,49,37,41,49,56,61,40,34,58,46,26,47,39,34,49,53,47,51,42,53,45,51,63,59,62,34,61,58,32,31,36,49,54,58,53,13,14,13,8,7,15,Primera B Nacional
N. Pantaleone,Chacarita Juniors,Argentina,6,"CB, CDM",Left,182,33,64,,55,45,53,50,67,65,51,37,70,58,39,44,51,45,59,54,54,55,52,62,52,63,70,60,68,45,63,62,42,42,47,62,68,69,68,8,7,8,9,12,8,Primera B Nacional
T. Pérez Serra,Chacarita Juniors,Argentina,2,"CB, CDM",Right,182,27,67,,62,48,55,56,69,65,53,40,67,60,39,50,46,47,59,58,59,64,60,68,60,65,66,60,63,51,74,75,39,49,50,62,66,70,67,6,11,15,13,11,6,Primera B Nacional
S. Vittor,Chacarita Juniors,Argentina,13,"CB, RB",Left,189,37,57,,49,34,45,45,58,57,40,27,57,50,35,41,34,34,50,48,48,49,43,53,47,50,62,53,59,37,57,60,27,42,37,57,61,56,56,10,15,12,9,15,8,Primera B Nacional
L. Alfonzo,Chacarita Juniors,Argentina,33,CDM,Right,169,18,49,,42,38,46,45,48,53,37,37,39,52,36,44,38,43,52,48,37,46,40,45,43,42,51,60,48,36,57,55,42,42,43,51,47,44,55,11,10,14,8,14,9,Primera B Nacional
M. Barrios,Chacarita Juniors,Argentina,22,CDM,Right,182,20,55,,49,41,55,52,57,59,52,34,58,58,40,48,44,40,56,57,50,49,53,52,48,50,54,61,59,47,56,58,45,59,43,50,56,57,57,9,13,14,12,7,11,Primera B Nacional
L. Bustos,Chacarita Juniors,Argentina,17,"RM, RW",Right,166,21,57,,57,51,56,56,36,51,60,47,42,55,51,54,55,54,50,57,60,54,58,56,62,55,44,56,47,54,55,40,56,60,51,54,31,36,35,7,7,12,9,13,10,Primera B Nacional
A. Cuello,Chacarita Juniors,Argentina,8,CM,Right,179,32,64,,60,59,67,65,57,60,62,57,54,69,54,63,59,59,68,68,63,58,62,68,63,62,50,66,58,62,61,62,59,70,58,65,57,56,52,6,12,6,11,15,6,Primera B Nacional
T. Dos Santos,Chacarita Juniors,Argentina,26,"CAM, ST",Right,173,20,54,,53,56,57,58,27,41,50,61,40,61,48,59,54,56,53,58,54,52,62,50,57,57,47,51,35,49,41,27,60,59,49,50,23,28,22,7,7,14,7,6,10,Primera B Nacional
C. Guanca,Chacarita Juniors,Argentina,20,"CAM, CM",Right,170,33,61,,59,64,63,65,34,51,61,67,44,64,54,64,61,63,59,65,63,55,66,66,64,61,48,60,47,64,50,39,65,66,60,67,35,28,26,15,11,9,8,11,13,Primera B Nacional
M. Meléndez,Chacarita Juniors,Argentina,10,"CAM, ST",Right,178,22,65,,65,66,66,67,39,57,66,66,51,63,57,66,68,67,70,69,69,62,69,60,71,68,50,66,55,67,54,41,62,65,63,63,38,35,34,10,8,13,10,6,12,Primera B Nacional
L. Perdomo,Chacarita Juniors,Argentina,16,"RM, RW",Left,172,30,60,,65,55,59,59,40,52,59,55,43,61,49,59,62,55,55,56,65,65,63,60,64,55,49,59,50,57,50,40,51,57,57,59,41,37,38,9,12,9,13,9,10,Primera B Nacional
Y. Rouxel,Chacarita Juniors,Argentina,30,LM,Left,173,20,54,,63,48,54,59,36,46,55,42,45,53,47,63,57,53,48,60,61,64,55,51,55,55,44,57,41,53,46,39,53,58,50,47,35,33,34,8,13,8,15,14,11,Primera B Nacional
M. Sanabria,Chacarita Juniors,Argentina,11,LM,Left,180,24,66,,72,60,66,68,48,60,67,58,53,66,57,69,66,61,67,66,70,74,69,65,71,63,49,67,57,61,59,51,67,63,63,63,42,51,42,12,12,6,6,15,13,Primera B Nacional
T. Zárate,Chacarita Juniors,Argentina,23,LM,Left,173,18,54,,64,48,53,50,36,49,61,49,36,53,46,55,56,45,48,41,63,64,61,45,58,49,48,57,45,47,50,36,45,52,46,51,37,38,28,6,15,14,9,8,8,Primera B Nacional
L. Brun,Chacarita Juniors,Argentina,21,ST,Right,175,21,55,,58,57,45,56,24,55,43,65,59,48,48,53,52,49,37,60,55,61,55,58,53,53,62,52,58,44,51,25,63,43,56,56,20,18,15,15,13,11,8,13,13,Primera B Nacional
F. Cristaldo,Chacarita Juniors,Argentina,29,"ST, RW",Right,183,22,55,,55,55,45,54,23,55,44,55,57,50,53,53,40,47,37,54,57,53,56,57,53,58,59,54,56,52,52,20,64,42,51,51,17,20,18,9,7,12,7,10,12,Primera B Nacional
M. Cuero,Chacarita Juniors,Argentina,19,ST,Right,175,33,61,,58,61,49,60,28,59,48,66,63,52,62,58,55,47,43,63,56,59,63,61,52,57,58,55,63,55,54,25,65,50,58,62,25,25,18,7,9,10,11,15,15,Primera B Nacional
A. Domínguez,Chacarita Juniors,Argentina,9,ST,Right,187,29,66,,72,69,57,65,34,63,56,74,68,61,66,63,61,58,46,66,71,72,61,77,64,70,68,65,64,59,55,36,71,60,67,64,30,29,27,8,12,15,10,10,14,Primera B Nacional
E. Gerez,Chacarita Juniors,Argentina,31,"ST, CAM",Right,175,21,58,,60,62,50,56,25,58,46,67,65,58,56,56,54,44,40,56,62,58,51,62,51,59,56,57,62,55,51,22,67,47,55,58,19,21,18,13,13,10,12,11,13,Primera B Nacional
M. Jaime,Chacarita Juniors,Argentina,28,LW,Left,171,22,55,,62,56,54,59,24,49,64,59,41,52,55,62,50,45,47,58,56,66,60,55,58,51,48,55,51,53,39,22,57,56,51,54,26,19,23,15,7,9,15,12,12,Primera B Nacional
P. Ortíz,Chacarita Juniors,Argentina,32,"RW, RM",Right,176,19,53,,66,51,49,54,21,49,51,54,35,52,47,55,51,47,43,52,64,67,57,51,60,52,41,58,48,44,41,22,54,47,48,47,22,17,18,9,13,8,6,12,7,Primera B Nacional
G. Canuto,Chaco For Ever,Argentina,12,GK,Right,179,38,59,,27,16,27,27,18,40,12,10,18,34,10,14,13,14,28,32,28,26,31,56,42,38,40,36,47,13,28,27,10,35,16,43,14,17,15,59,59,50,57,63,38,Primera B Nacional
N. Caprio,Chaco For Ever,Argentina,1,GK,Right,183,37,66,,37,21,36,33,21,49,22,14,27,42,16,19,25,20,39,37,34,40,44,64,47,43,51,39,56,19,45,30,17,45,22,43,20,16,16,64,64,59,63,66,38,Primera B Nacional
E. Garcete,Chaco For Ever,Argentina,32,GK,Right,194,27,57,,30,16,29,23,16,41,12,10,15,40,10,10,13,14,28,27,28,31,31,53,43,38,46,30,50,10,31,25,10,34,13,30,13,13,12,48,56,49,57,60,39,Primera B Nacional
R. Garay Lima,Chaco For Ever,Argentina,14,"RB, LB",Right,174,29,64,,67,51,61,60,62,63,67,46,55,66,43,57,54,49,60,60,68,67,66,62,68,64,56,70,61,52,61,59,53,52,47,58,62,64,67,11,15,7,10,11,7,Primera B Nacional
A. Luque,Chaco For Ever,Argentina,3,"LB, LM",Left,180,27,67,,71,53,63,66,65,67,69,50,60,65,46,63,56,50,58,68,73,70,70,66,73,56,64,75,64,55,63,66,57,60,57,65,65,64,71,6,10,10,13,12,15,Primera B Nacional
G. Melgarejo,Chaco For Ever,Argentina,6,"CB, RB",Right,191,25,60,,57,42,47,49,64,61,42,37,66,54,30,45,47,38,54,50,53,60,49,64,52,59,65,55,64,39,60,65,35,37,40,58,65,61,63,7,6,8,13,8,12,Primera B Nacional
L. Mihovilcevich,Chaco For Ever,Argentina,13,CB,Right,181,22,57,,53,36,44,47,60,59,41,29,62,51,30,46,32,38,49,46,56,50,47,53,48,55,58,50,66,37,55,62,31,34,40,55,63,55,63,12,14,15,6,7,13,Primera B Nacional
F. Moreno,Chaco For Ever,Argentina,24,"CB, RB",Left,181,25,59,,51,40,45,48,61,62,43,35,62,49,39,43,37,39,50,52,49,52,45,59,49,54,64,52,66,37,65,62,37,38,40,60,62,61,57,7,12,14,10,15,10,Primera B Nacional
A. Ojeda,Chaco For Ever,Argentina,4,"RB, RM",Left,180,25,66,,70,52,61,60,64,64,66,48,59,64,50,59,59,48,59,58,68,72,69,64,65,62,60,75,61,49,60,65,54,54,50,59,64,65,64,9,6,6,14,13,13,Primera B Nacional
L. Pruzzo,Chaco For Ever,Argentina,27,"LB, LM",Left,178,32,61,,64,46,55,60,60,61,63,41,58,58,41,57,53,47,54,61,62,65,66,60,63,58,55,67,59,48,59,58,47,47,48,57,59,63,64,10,11,8,15,9,12,Primera B Nacional
M. Silvera,Chaco For Ever,Argentina,15,"LB, RB",Left,169,27,63,,68,50,57,61,58,61,63,46,54,58,39,59,53,51,54,62,64,72,69,53,61,59,57,63,60,53,60,60,46,55,48,58,55,61,62,9,12,6,11,13,7,Primera B Nacional
D. Valdez,Chaco For Ever,Argentina,2,CB,Right,179,33,65,,56,48,53,51,71,70,45,42,68,60,45,43,49,39,59,55,51,60,51,67,61,68,70,69,73,44,62,71,41,51,41,68,73,69,72,6,13,14,11,9,9,Primera B Nacional
J. Zules Caicedo,Chaco For Ever,Argentina,18,"CB, CDM",Right,178,35,55,,44,35,44,42,58,59,42,29,60,51,30,36,29,30,46,45,43,44,41,51,41,50,58,53,63,34,59,54,34,42,34,55,59,58,57,15,13,13,13,14,14,Primera B Nacional
J. Manuel Carrizo,Chaco For Ever,Argentina,10,"CAM, ST",Right,177,25,63,,63,63,61,67,36,54,57,62,47,62,58,67,59,60,63,69,65,61,68,62,67,63,52,58,53,67,52,33,67,64,57,63,37,32,36,6,14,11,8,10,13,Primera B Nacional
T. Chamorro,Chaco For Ever,Argentina,21,CAM,Right,183,21,57,,54,55,60,57,34,48,55,51,47,62,51,58,64,60,55,57,56,52,56,57,59,59,45,54,49,58,41,30,59,64,56,56,33,35,28,15,6,8,8,14,11,Primera B Nacional
E. Gaggi,Chaco For Ever,Argentina,7,"RM, RW",Left,164,28,64,,71,62,67,62,42,58,72,61,55,68,55,62,63,57,61,61,71,71,69,57,64,63,58,65,55,64,56,41,58,67,60,60,40,42,40,10,11,6,11,15,6,Primera B Nacional
B. García,Chaco For Ever,Argentina,16,"LM, RM",Left,167,25,60,,64,57,60,61,42,54,58,61,41,61,53,58,65,58,59,62,65,64,66,65,62,53,51,62,51,56,53,42,55,60,54,59,45,39,41,7,10,8,15,10,12,Primera B Nacional
B. Guerra,Chaco For Ever,Argentina,22,CDM,Left,175,30,60,,54,51,55,59,59,61,47,47,58,59,49,58,49,52,55,61,53,55,54,63,59,59,58,61,61,55,64,62,51,58,47,64,56,63,55,12,10,13,12,10,8,Primera B Nacional
J. Jara,Chaco For Ever,Argentina,33,CAM,Right,169,23,57,,60,56,58,61,28,49,56,56,41,60,47,61,59,57,52,62,58,62,63,57,64,57,44,61,45,56,47,24,61,59,55,60,30,26,24,10,6,15,14,7,12,Primera B Nacional
A. Lioi,Chaco For Ever,Argentina,20,CAM,Right,167,29,60,,59,60,58,61,32,52,51,57,48,61,53,62,59,55,56,60,61,57,63,64,64,66,49,63,48,60,49,35,61,61,60,55,29,29,28,14,15,9,11,9,14,Primera B Nacional
F. Molina Gauto,Chaco For Ever,Argentina,26,"CDM, CB",Right,167,22,58,,52,46,52,55,57,59,49,42,53,57,36,53,42,48,60,58,49,55,54,58,50,53,56,61,57,49,60,61,48,46,50,63,56,56,58,15,9,15,8,6,12,Primera B Nacional
B. Nievas,Chaco For Ever,Argentina,8,"CM, CAM",Right,176,28,66,,64,63,69,63,60,64,61,62,63,77,55,61,61,64,68,63,65,63,65,68,68,64,57,65,64,69,63,62,61,67,55,67,58,63,51,15,10,10,15,7,15,Primera B Nacional
S. Valenzuela,Chaco For Ever,Argentina,17,"RM, LM",Right,174,25,59,,61,54,55,60,40,54,53,52,49,55,50,59,54,55,57,62,62,60,59,57,65,61,51,66,51,55,49,42,57,58,50,60,39,40,34,12,8,6,14,6,14,Primera B Nacional
L. Alfonso,Chaco For Ever,Argentina,34,LW,Left,171,18,53,,66,51,50,55,22,46,48,52,43,52,49,56,59,48,44,55,68,64,60,51,56,52,40,56,43,47,40,19,54,50,45,49,18,20,21,13,8,13,14,10,10,Primera B Nacional
J. Amarilla Solis,Chaco For Ever,Argentina,31,"ST, RW",Right,182,25,60,,61,62,52,62,27,56,49,68,71,55,56,63,54,50,46,63,64,58,57,56,63,60,62,52,61,54,49,28,65,54,59,66,21,21,16,10,7,12,9,14,9,Primera B Nacional
J. Cruz Cerrudo,Chaco For Ever,Argentina,5,"RW, ST",Right,170,22,58,,67,57,55,61,26,50,59,58,47,53,59,66,59,56,49,55,69,65,63,63,59,57,47,57,48,58,49,26,49,58,52,50,23,25,18,10,15,7,12,10,9,Primera B Nacional
M. Díaz Chaves,Chaco For Ever,Argentina,23,LW,Right,170,23,60,,66,61,53,63,29,51,56,62,45,53,59,63,61,49,51,63,67,66,67,65,62,63,50,62,49,60,44,33,62,52,56,58,25,27,23,13,12,11,13,9,9,Primera B Nacional
I. Enríquez,Chaco For Ever,Argentina,29,ST,Right,182,26,61,,66,63,50,58,27,58,45,65,61,52,64,56,54,48,52,61,66,66,55,63,55,63,60,56,61,60,55,23,68,49,56,65,26,21,21,11,14,9,9,10,12,Primera B Nacional
L. Fernández,Chaco For Ever,Argentina,9,ST,Right,179,31,68,,71,68,57,65,32,64,54,68,69,59,64,66,62,56,54,63,73,70,66,72,60,67,70,59,67,67,63,31,73,58,69,68,27,25,29,14,15,14,15,9,7,Primera B Nacional
E. Pacheco,Chaco For Ever,Argentina,11,LW,Right,160,23,65,,71,63,60,66,33,59,65,61,49,56,60,69,70,57,56,63,69,73,69,65,67,70,55,64,58,64,55,35,55,65,63,60,29,32,30,12,12,10,13,14,11,Primera B Nacional
M. Romero,Chaco For Ever,Argentina,19,ST,Right,177,32,66,,62,66,57,65,35,63,54,65,69,61,66,60,51,55,52,68,58,66,71,70,58,70,61,56,67,66,60,31,67,61,58,73,30,34,23,11,11,12,15,13,14,Primera B Nacional
L. Sauer,Chaco For Ever,Argentina,30,ST,Right,174,22,58,,60,61,48,57,26,58,49,63,58,49,58,56,52,47,44,59,55,64,55,57,53,63,57,51,64,56,50,25,65,47,53,56,23,21,17,9,6,15,11,15,6,Primera B Nacional
M. Tévez,Chaco For Ever,Argentina,28,"LW, LM",Left,166,30,61,,67,58,58,64,30,53,64,58,44,56,51,67,57,51,57,62,66,67,65,62,65,59,57,64,50,57,45,31,64,59,53,58,29,26,26,9,8,9,13,10,12,Primera B Nacional
A. Zabaleta,Chaco For Ever,Argentina,25,"RW, ST",Right,170,24,59,,64,58,59,63,32,51,64,58,45,62,57,63,58,53,50,62,65,64,69,59,62,61,55,56,49,54,48,31,58,56,54,57,33,29,29,7,10,14,13,9,10,Primera B Nacional
E. Álvarez,Ciudad de Bolívar,Argentina,25,GK,Right,192,26,59,,32,16,26,25,16,41,13,10,18,35,10,13,10,13,29,27,32,32,36,55,43,36,49,38,46,12,32,23,10,29,16,37,13,13,15,57,58,52,54,61,39,Primera B Nacional
A. Rufinetti,Ciudad de Bolívar,Argentina,1,GK,Right,178,26,70,,47,29,38,37,27,54,25,21,30,46,19,26,28,22,40,39,45,48,45,67,53,51,56,48,61,28,42,34,20,43,33,51,26,22,27,69,66,67,70,70,47,Primera B Nacional
J. Ruiz,Ciudad de Bolívar,Argentina,30,GK,Right,187,22,58,,36,16,25,23,16,39,13,10,23,32,10,13,10,12,28,23,34,37,35,52,36,36,42,31,46,13,31,21,12,31,15,34,11,16,10,61,56,53,60,58,33,Primera B Nacional
A. Carrión,Ciudad de Bolívar,Argentina,27,"LB, LM",Right,178,22,58,,61,41,54,57,53,58,58,33,55,60,43,56,48,47,57,59,54,67,60,49,57,54,50,59,56,45,62,52,45,43,41,50,49,55,59,10,9,13,6,9,14,Primera B Nacional
T. Fernández,Ciudad de Bolívar,Argentina,24,CB,Right,182,25,61,,55,41,48,51,64,64,40,37,63,56,42,43,43,44,53,57,51,59,54,54,50,53,65,56,70,39,61,69,36,43,37,58,61,63,68,15,14,7,12,10,12,Primera B Nacional
N. Ihitz,Ciudad de Bolívar,Argentina,13,"CB, CDM",Left,182,31,62,,61,43,51,55,64,68,44,35,65,56,38,53,43,48,56,57,56,65,51,58,47,60,69,62,70,43,69,65,42,46,45,61,66,60,66,11,9,8,12,11,9,Primera B Nacional
J. Ledesma,Ciudad de Bolívar,Argentina,21,CB,Left,190,23,61,,56,40,48,48,64,61,42,36,69,56,38,45,41,38,51,48,59,53,49,61,53,53,65,58,60,41,68,63,28,44,38,58,62,67,61,11,6,9,13,11,9,Primera B Nacional
E. Martínez,Ciudad de Bolívar,Argentina,2,CB,Right,185,32,69,,59,48,58,58,74,69,53,40,74,65,45,53,45,52,65,60,60,58,54,73,58,66,71,62,71,49,70,71,43,51,52,72,79,73,70,8,9,9,14,12,13,Primera B Nacional
S. Navarro,Ciudad de Bolívar,Argentina,15,LB,Left,172,25,68,,72,53,65,66,65,67,66,48,57,70,51,69,59,50,65,63,72,72,68,63,68,66,68,71,64,52,67,60,59,61,51,64,67,69,69,14,15,7,15,7,13,Primera B Nacional
A. Paredes,Ciudad de Bolívar,Argentina,3,LB,Left,181,25,69,,75,54,65,66,65,67,67,53,58,66,47,65,62,55,71,64,75,75,72,74,74,59,57,73,65,52,68,64,58,62,58,68,63,67,70,12,8,7,10,7,7,Primera B Nacional
F. Peralta,Ciudad de Bolívar,Argentina,4,"RB, LB",Right,179,24,68,,76,55,64,67,65,70,68,55,57,66,50,66,55,47,68,67,77,75,72,62,73,58,60,80,67,55,70,68,50,59,48,58,65,66,67,12,8,14,9,12,14,Primera B Nacional
G. Valderrama,Ciudad de Bolívar,Argentina,31,CB,Right,185,21,55,,55,35,43,45,57,54,36,29,59,52,25,45,35,35,53,43,52,57,43,54,46,51,61,49,54,34,60,54,32,32,40,52,56,60,54,12,6,10,9,6,7,Primera B Nacional
A. Díaz,Ciudad de Bolívar,Argentina,7,RM,Right,174,27,67,,70,63,66,69,47,60,66,62,50,66,62,71,71,57,65,69,68,72,70,65,67,66,53,75,56,65,55,48,61,67,62,66,44,49,45,13,11,9,8,12,6,Primera B Nacional
A. Díaz,Ciudad de Bolívar,Argentina,20,RM,Right,172,23,62,,65,55,60,67,45,59,68,52,46,57,54,66,60,57,59,70,64,65,68,64,65,59,47,69,55,58,60,39,58,58,51,53,46,49,38,6,6,7,9,15,12,Primera B Nacional
A. González,Ciudad de Bolívar,Argentina,8,CM,Right,174,37,66,,63,60,65,68,57,64,61,55,53,64,54,70,66,62,70,67,61,64,61,68,70,65,53,72,62,66,61,60,60,67,61,68,58,56,57,7,7,14,6,8,12,Primera B Nacional
M. Gridel,Ciudad de Bolívar,Argentina,23,LM,Left,165,26,65,,69,61,64,67,47,59,66,61,48,66,49,68,68,61,63,65,66,71,73,64,71,65,56,69,53,62,61,45,61,61,57,58,44,50,46,9,6,15,15,11,8,Primera B Nacional
T. Guiacobini,Ciudad de Bolívar,Argentina,6,"LM, RM",Right,177,22,59,,66,56,58,61,39,54,58,56,45,58,55,63,54,52,56,59,69,64,65,56,63,56,52,62,52,54,51,40,58,64,60,56,37,40,38,11,13,10,8,10,13,Primera B Nacional
M. Gutiérrez,Ciudad de Bolívar,Argentina,16,"CM, CAM",Left,181,29,66,,61,60,67,67,59,63,62,56,56,70,57,68,63,64,68,65,61,61,72,71,65,62,53,71,59,67,64,63,56,66,59,68,56,60,59,10,13,14,8,8,10,Primera B Nacional
F. Mucignat,Ciudad de Bolívar,Argentina,18,"CM, CAM",Right,181,27,64,,59,59,62,65,55,66,56,59,53,62,55,65,66,53,65,66,60,58,63,61,60,64,57,69,67,58,61,58,59,68,56,65,52,58,50,6,13,7,8,6,7,Primera B Nacional
B. Quintana,Ciudad de Bolívar,Argentina,5,CDM,Right,180,24,61,,52,51,58,57,64,62,49,43,57,63,41,53,50,58,61,61,55,50,54,64,61,63,58,63,61,58,64,68,51,59,49,64,66,62,60,10,9,13,14,6,6,Primera B Nacional
T. Rodríguez,Ciudad de Bolívar,Argentina,14,"RM, RW",Right,170,22,57,,63,53,55,57,37,55,57,53,41,55,48,55,62,46,52,58,64,63,60,51,63,56,53,61,54,54,50,38,51,56,50,57,31,41,36,14,8,7,15,10,6,Primera B Nacional
E. Romero,Ciudad de Bolívar,Argentina,22,CAM,Right,167,21,59,,59,58,61,65,30,49,59,56,45,65,51,66,66,56,58,67,63,55,65,59,56,63,46,56,48,59,42,32,60,60,57,59,31,27,22,6,7,13,11,13,15,Primera B Nacional
G. Sánchez,Ciudad de Bolívar,Argentina,10,"CAM, ST",Right,183,31,69,,75,68,67,72,40,60,65,68,51,62,67,75,76,70,67,68,74,76,75,67,72,69,54,67,59,70,57,40,73,74,61,75,39,37,40,11,12,14,13,6,8,Primera B Nacional
M. Sotelo,Ciudad de Bolívar,Argentina,26,CDM,Right,179,21,59,,50,50,56,56,60,62,47,45,55,60,42,53,50,55,63,58,50,50,57,63,52,59,66,62,61,54,62,64,50,56,45,58,61,58,57,7,8,12,12,9,13,Primera B Nacional
N. Yeri,Ciudad de Bolívar,Argentina,11,"LM, LW",Right,170,35,65,,66,59,63,66,46,60,69,58,46,62,57,61,59,55,63,68,63,68,74,67,73,62,54,66,60,58,53,50,65,63,59,64,44,45,44,13,7,11,8,8,13,Primera B Nacional
K. Caraballo,Ciudad de Bolívar,Argentina,9,ST,Right,184,27,70,,71,73,59,69,39,68,56,76,72,61,68,72,62,62,56,67,70,71,69,66,68,76,71,68,69,66,65,36,70,58,72,71,36,36,33,14,9,13,6,9,9,Primera B Nacional
B. Duarte,Ciudad de Bolívar,Argentina,19,"RW, RM",Right,168,27,63,,68,61,60,68,34,53,60,61,48,62,58,71,64,56,51,65,67,69,73,66,68,58,57,58,52,66,47,37,64,63,59,62,35,30,28,6,8,14,11,9,15,Primera B Nacional
F. Ilarregui,Ciudad de Bolívar,Argentina,28,"LW, ST",Left,170,29,64,,68,63,61,66,32,54,63,64,49,63,65,66,64,61,56,66,66,70,72,60,65,61,53,63,52,59,49,28,69,58,65,63,35,26,29,12,14,12,14,12,12,Primera B Nacional
J. Maciel,Ciudad de Bolívar,Argentina,17,"RW, ST",Right,175,32,64,,65,65,63,67,34,54,64,67,52,65,57,67,67,60,56,67,68,63,73,66,67,66,52,65,49,63,52,37,66,62,60,62,33,29,27,13,15,14,9,9,11,Primera B Nacional
T. Rambert,Ciudad de Bolívar,Argentina,12,"RW, ST",Right,168,22,59,,64,58,55,63,28,48,61,58,44,53,57,62,57,53,50,61,67,61,68,67,61,60,49,62,44,54,42,34,65,55,54,66,28,22,22,13,6,15,9,14,12,Primera B Nacional
L. Villegas,Ciudad de Bolívar,Argentina,29,"ST, RW",Right,176,29,60,,60,63,52,61,26,59,49,65,61,57,58,61,56,48,47,63,57,62,56,62,57,66,53,55,63,57,56,24,64,52,64,62,26,20,18,11,15,14,7,8,8,Primera B Nacional
A. Alcorcel,Colegiales,Argentina,12,GK,Right,186,26,61,,39,19,29,29,20,45,11,13,26,39,14,15,19,16,31,36,39,39,32,61,41,39,48,39,52,16,33,27,10,32,25,40,21,14,19,68,58,56,61,61,40,Primera B Nacional
G. Calderari,Colegiales,Argentina,27,GK,Right,189,22,55,,32,16,22,21,13,36,10,10,15,28,10,11,11,10,27,23,31,33,32,47,36,33,48,27,41,13,32,18,10,26,18,28,11,10,16,58,56,48,53,57,33,Primera B Nacional
E. Di Fulvio,Colegiales,Argentina,1,GK,Right,186,31,69,,41,27,39,32,25,52,29,19,28,46,20,19,25,26,41,34,41,41,42,67,50,48,54,41,62,26,41,33,21,43,28,53,18,26,27,70,67,63,71,72,53,Primera B Nacional
J. Sevegnani,Colegiales,Argentina,30,GK,Right,188,19,56,,29,16,21,22,14,39,10,10,18,28,10,16,10,10,26,19,31,27,32,46,31,40,42,32,44,10,34,21,10,22,19,34,11,12,10,57,56,51,56,62,30,Primera B Nacional
E. Aguirre,Colegiales,Argentina,15,LB,Left,176,24,62,,61,48,58,58,60,61,59,44,57,59,40,56,60,47,56,58,63,60,63,60,68,55,58,66,57,52,65,60,43,57,43,59,62,59,64,14,7,7,6,9,8,Primera B Nacional
G. Cortés,Colegiales,Argentina,25,CB,Right,180,21,57,,52,38,44,46,62,61,39,33,62,49,34,45,36,37,52,48,49,54,42,49,45,54,61,57,65,38,58,61,29,39,35,55,67,58,62,8,13,15,11,12,13,Primera B Nacional
F. Hanashiro,Colegiales,Argentina,4,CB,Right,187,25,65,,62,45,53,54,69,71,48,40,70,63,46,49,48,47,54,57,61,62,54,60,53,59,67,63,77,45,68,70,40,43,38,69,66,69,72,14,15,12,7,9,15,Primera B Nacional
E. Insúa,Colegiales,Argentina,3,"LB, RB",Left,184,35,64,,63,50,60,61,62,63,62,48,48,65,47,60,55,56,56,60,64,63,66,64,67,57,54,68,61,49,63,57,52,56,50,63,63,66,67,10,7,14,9,14,11,Primera B Nacional
L. Martínez Montagnoli,Colegiales,Argentina,13,CB,Right,186,39,61,,50,42,50,53,61,63,48,38,68,56,39,49,40,38,54,55,51,50,50,57,55,57,64,55,66,39,66,60,34,43,38,65,64,57,60,6,8,9,9,15,15,Primera B Nacional
L. Ortiz,Colegiales,Argentina,2,CB,Right,180,24,66,,62,45,56,54,68,65,52,38,66,58,39,51,52,46,68,54,60,63,52,63,60,61,72,62,66,47,66,68,39,49,49,61,67,71,69,7,7,15,6,14,11,Primera B Nacional
F. Rivero,Colegiales,Argentina,6,"CB, CDM",Right,185,33,69,,58,48,58,59,74,69,56,44,67,64,48,54,49,50,60,60,54,62,58,72,63,63,74,67,69,44,71,76,42,50,47,68,72,77,70,13,10,7,11,12,7,Primera B Nacional
A. Acevedo,Colegiales,Argentina,26,"CDM, CB",Right,183,17,57,,52,47,54,52,60,58,48,41,53,59,46,51,55,46,50,54,51,52,52,51,54,58,53,65,55,48,59,65,52,54,50,50,61,59,60,13,9,9,11,9,8,Primera B Nacional
T. Almada,Colegiales,Argentina,24,CDM,Left,177,21,58,,51,50,55,55,62,58,50,46,55,60,40,56,48,49,57,55,54,49,49,62,48,57,59,56,56,55,65,63,47,51,44,60,66,61,62,7,11,7,12,8,15,Primera B Nacional
T. Buenrostro,Colegiales,Argentina,14,"CM, CDM",Right,182,25,61,,60,54,61,62,50,59,48,51,48,65,52,66,63,55,63,59,57,62,61,64,61,60,48,64,58,56,60,50,59,67,55,57,49,51,47,15,9,14,14,10,6,Primera B Nacional
L. González,Colegiales,Argentina,16,CM,Left,182,25,65,,62,60,65,67,59,61,61,59,59,65,55,65,65,58,66,69,67,57,66,68,58,60,60,68,57,64,62,62,62,71,57,71,63,54,55,14,13,10,7,7,6,Primera B Nacional
F. Malagueño,Colegiales,Argentina,7,RM,Left,167,27,70,,74,66,69,73,52,63,68,65,55,70,64,74,74,64,63,72,73,75,73,76,71,67,63,72,61,68,58,55,66,72,67,69,49,53,44,14,13,7,11,13,7,Primera B Nacional
F. Marín,Colegiales,Argentina,10,"CAM, CM",Right,171,28,70,,70,70,70,77,43,63,70,73,52,73,60,75,71,66,68,82,71,69,76,69,73,73,57,72,61,65,58,45,71,69,66,66,41,42,39,12,9,10,14,9,8,Primera B Nacional
F. Miranda,Colegiales,Argentina,17,"RM, LM",Right,177,29,62,,69,60,60,66,46,56,68,60,48,61,52,69,60,55,58,64,71,67,69,56,61,63,51,66,53,62,53,45,55,55,56,59,44,49,40,8,9,13,15,11,14,Primera B Nacional
F. Montiel,Colegiales,Argentina,22,CDM,Left,187,21,61,,57,49,57,59,63,63,46,42,57,63,43,60,48,52,62,59,55,59,56,55,59,59,51,66,64,53,58,64,52,58,50,60,62,66,62,6,9,8,11,8,9,Primera B Nacional
E. Ocampo,Colegiales,Argentina,8,CM,Right,172,22,65,,63,60,66,66,60,63,64,55,57,65,60,70,66,57,67,64,62,64,65,64,66,63,57,68,63,68,60,59,67,69,57,61,61,62,54,9,15,9,12,15,6,Primera B Nacional
T. Perri,Colegiales,Argentina,20,CM,Right,182,17,60,,62,56,59,61,52,56,57,55,49,62,52,65,58,58,61,59,65,59,60,53,56,57,51,61,54,62,55,57,52,55,51,61,48,54,55,8,14,11,6,15,15,Primera B Nacional
M. Ramírez,Colegiales,Argentina,18,"CM, CAM",Right,173,31,60,,59,57,58,62,52,59,59,55,53,55,51,61,57,52,62,64,60,59,56,62,63,62,55,65,57,58,57,55,62,62,56,58,49,54,47,12,13,11,11,8,7,Primera B Nacional
E. Trinidad,Colegiales,Argentina,5,CDM,Right,179,30,67,,61,54,61,66,66,70,56,47,59,63,48,64,54,56,66,66,68,56,64,70,70,64,66,73,70,60,69,69,56,63,58,70,64,66,69,11,14,13,12,6,12,Primera B Nacional
F. Zicarelli,Colegiales,Argentina,11,LM,Left,163,24,64,,67,60,62,66,43,58,69,60,43,62,56,64,59,57,60,70,67,67,67,64,69,62,49,69,55,55,56,46,66,61,61,58,42,41,43,8,13,13,8,12,8,Primera B Nacional
M. Albertengo,Colegiales,Argentina,28,"LW, LM",Right,172,36,62,,67,60,61,66,32,53,65,61,48,60,58,66,59,54,54,65,70,64,71,60,68,59,51,63,49,62,49,36,61,66,57,67,27,30,30,6,15,15,14,10,6,Primera B Nacional
L. Castillo,Colegiales,Argentina,9,"ST, CAM",Right,180,24,68,,71,70,59,66,35,64,60,74,74,62,65,66,63,56,49,67,71,71,64,65,69,66,70,65,67,66,55,31,72,60,72,65,33,29,25,14,14,10,9,7,7,Primera B Nacional
L. Juárez,Colegiales,Argentina,31,ST,Right,178,20,58,,61,60,50,56,25,57,49,63,59,53,61,54,45,53,41,60,59,62,56,52,55,59,65,59,57,54,53,20,56,54,54,54,23,21,23,8,8,15,12,10,14,Primera B Nacional
M. Mamani,Colegiales,Argentina,29,ST,Right,182,24,61,,65,63,48,57,28,59,47,66,63,50,65,56,51,49,42,57,64,66,56,65,55,63,57,58,61,56,58,30,63,49,60,63,25,21,24,10,9,6,9,12,11,Primera B Nacional
R. Monserrat,Colegiales,Argentina,23,LW,Left,176,25,63,,68,60,63,70,33,54,62,59,50,67,57,71,61,60,58,72,69,68,75,60,63,63,56,63,55,58,42,32,63,60,66,63,32,32,27,7,15,8,12,8,9,Primera B Nacional
L. Ricciotti,Colegiales,Argentina,21,"RW, ST",Left,172,23,60,,70,57,59,63,30,53,58,58,45,62,53,64,61,56,52,62,71,69,69,62,61,56,43,60,53,55,45,28,62,58,55,57,32,25,24,8,15,12,13,12,13,Primera B Nacional
N. Toloza,Colegiales,Argentina,19,ST,Left,181,28,64,,66,66,54,66,29,64,51,69,61,57,59,68,54,53,46,67,63,68,60,67,57,72,65,53,69,57,65,25,65,56,66,66,28,21,29,6,13,15,12,9,8,Primera B Nacional
M. Budiño,Colón,Argentina,1,GK,Right,180,31,70,,47,28,36,39,27,52,26,23,36,41,18,28,25,28,40,41,45,49,53,60,52,46,61,44,57,28,46,25,16,41,30,51,26,26,28,73,68,65,72,77,43,Primera B Nacional
L. Cuffia,Colón,Argentina,30,GK,Right,189,19,57,,35,17,25,26,14,42,18,10,13,31,10,16,12,13,22,29,38,33,33,49,37,38,44,30,52,13,32,26,10,28,18,32,10,11,16,57,60,54,58,59,36,Primera B Nacional
T. Giménez,Colón,Argentina,25,GK,Right,186,27,62,,35,21,31,27,19,48,18,14,25,36,11,17,18,14,33,28,32,38,33,59,42,44,53,41,56,18,34,24,10,41,23,43,20,13,19,62,58,56,62,67,36,Primera B Nacional
T. Paredes,Colón,Argentina,12,GK,Right,181,22,57,,33,16,27,25,16,39,14,10,20,32,10,12,10,14,29,29,30,36,31,55,36,37,45,35,44,11,32,24,10,35,10,40,12,14,12,57,58,52,60,59,35,Primera B Nacional
P. Barrios,Colón,Argentina,3,LB,Right,180,36,69,,68,55,64,68,67,69,70,51,65,64,56,68,60,53,62,65,67,68,75,71,77,65,66,69,70,53,65,68,54,62,56,68,72,62,65,6,9,14,15,11,14,Primera B Nacional
E. Beltrán,Colón,Argentina,14,"RB, RM",Right,180,28,64,,72,53,62,60,60,60,64,53,55,65,45,59,60,52,58,58,68,75,68,58,64,57,62,62,59,51,62,59,55,59,49,55,60,60,69,13,12,8,14,7,12,Primera B Nacional
F. Castet,Colón,Argentina,6,CB,Right,184,28,67,,63,47,57,58,70,71,50,41,66,68,39,53,47,44,58,61,61,65,53,68,59,66,70,66,73,47,72,73,42,50,45,66,69,70,68,13,6,15,10,13,12,Primera B Nacional
C. Ibarra,Colón,Argentina,13,"CB, RB",Right,180,22,58,,53,39,47,47,63,63,47,34,63,53,31,42,30,39,51,50,51,54,54,54,47,53,61,58,66,38,60,60,35,38,36,54,63,67,59,9,13,14,15,6,7,Primera B Nacional
Z. Ibarra,Colón,Argentina,7,CB,Right,193,20,60,,54,40,47,49,63,60,43,36,64,53,34,42,39,35,54,55,53,55,47,57,58,52,60,52,62,37,64,61,32,38,47,51,62,66,59,9,10,12,11,10,14,Primera B Nacional
S. Olmedo,Colón,Argentina,15,LB,Left,179,25,63,,63,47,61,59,62,56,61,44,54,66,47,55,58,48,60,60,62,64,66,62,71,56,59,65,53,44,54,59,47,55,48,60,60,68,65,15,11,6,13,14,10,Primera B Nacional
M. Peinipil,Colón,Argentina,4,RB,Right,172,27,68,,72,56,65,65,66,69,71,54,60,68,49,67,62,52,61,60,68,75,70,64,72,64,67,75,66,56,69,68,54,59,55,67,66,67,62,10,13,7,11,8,7,Primera B Nacional
L. Picech,Colón,Argentina,10,CB,Right,183,23,59,,52,41,49,45,61,60,46,37,63,56,39,39,32,42,53,46,50,54,45,63,50,54,60,62,58,40,65,63,35,41,37,56,58,60,63,10,12,15,10,15,11,Primera B Nacional
F. Rasmussen,Colón,Argentina,2,CB,Left,182,34,68,,57,49,54,55,73,72,46,48,72,65,41,50,44,48,61,59,56,58,50,71,60,63,68,62,77,43,72,72,38,43,48,65,74,75,68,7,11,15,12,9,10,Primera B Nacional
G. Risso Patrón,Colón,Argentina,24,"CB, RB",Left,179,30,63,,58,44,51,53,66,64,47,41,68,57,34,50,44,42,59,55,58,58,52,61,47,59,67,61,65,40,65,66,35,41,43,54,62,68,69,13,15,13,7,14,9,Primera B Nacional
N. Thaller,Colón,Argentina,26,"RB, RM",Left,171,28,60,,66,44,56,55,59,57,59,41,51,60,37,53,52,48,57,56,64,67,61,57,58,48,57,64,55,46,54,59,52,49,45,56,61,58,62,7,11,7,11,6,6,Primera B Nacional
N. Utrera,Colón,Argentina,21,"CB, RB",Right,187,22,57,,50,36,44,46,60,59,39,31,56,55,28,44,34,32,48,46,55,45,45,53,49,53,57,52,62,36,61,56,27,30,38,55,63,61,63,6,7,11,8,7,6,Primera B Nacional
I. Antonio,Colón,Argentina,16,"CM, CDM",Right,187,31,67,,65,62,67,66,60,64,67,59,57,67,55,63,59,68,65,71,68,62,63,69,67,67,55,67,64,66,62,63,65,68,56,65,61,61,51,6,7,11,7,8,9,Primera B Nacional
M. Cardozo,Colón,Argentina,27,"CM, CAM",Right,179,19,57,,59,51,56,60,48,56,49,49,47,57,42,59,58,58,56,64,60,59,58,57,55,56,48,60,57,51,50,53,53,60,59,52,44,48,46,8,8,7,14,6,11,Primera B Nacional
M. Córdoba,Colón,Argentina,33,CM,Right,171,19,56,,57,51,56,54,49,54,50,51,47,63,50,51,53,50,60,56,56,57,52,55,54,56,46,61,51,46,53,48,51,50,51,58,49,50,49,14,9,13,9,6,13,Primera B Nacional
F. Lértora,Colón,Argentina,8,CM,Right,171,36,70,,65,67,70,73,61,65,69,68,56,69,61,73,63,62,68,74,69,61,69,73,71,68,59,71,63,67,66,65,62,78,66,76,60,62,62,10,12,12,12,7,6,Primera B Nacional
B. Maillier,Colón,Argentina,20,"CAM, CM",Right,175,20,59,,65,58,63,67,34,49,55,57,49,71,56,64,59,56,57,71,68,63,65,58,69,60,46,58,47,58,44,40,58,64,57,65,29,32,29,11,8,9,14,12,11,Primera B Nacional
M. Muñoz,Colón,Argentina,23,"LM, RM",Left,176,30,67,,71,64,66,68,46,62,68,64,53,67,60,64,64,59,66,70,72,70,74,66,73,63,60,73,58,67,59,49,64,64,60,70,46,43,40,15,11,7,7,7,7,Primera B Nacional
A. Toledo Gamarra,Colón,Argentina,18,CM,Right,175,26,61,,59,53,60,62,55,59,59,47,51,65,61,59,56,55,59,66,62,57,61,61,62,59,51,64,60,58,52,56,58,57,52,65,56,57,49,15,6,14,12,6,9,Primera B Nacional
Z. Yunis,Colón,Argentina,22,CDM,Right,179,22,58,,51,49,54,58,58,57,50,47,53,61,40,55,49,48,57,62,56,47,56,51,55,57,62,63,53,51,58,61,46,48,48,59,53,63,54,11,12,8,14,14,12,Primera B Nacional
V. Albornoz,Colón,Argentina,17,LW,Left,160,17,58,,71,55,55,59,27,52,56,55,42,59,53,55,59,53,45,63,70,72,65,50,64,55,49,59,51,54,44,28,61,54,53,49,25,24,25,15,10,11,8,12,15,Primera B Nacional
A. Bonansea,Colón,Argentina,11,"LW, LM",Right,184,30,68,,74,63,67,70,37,61,70,62,58,69,64,69,69,62,62,70,76,73,72,70,67,62,59,73,57,64,55,39,73,66,60,67,34,33,31,13,6,6,11,14,11,Primera B Nacional
J. Buosi,Colón,Argentina,34,RW,Left,178,19,56,,68,52,55,59,22,49,57,49,41,56,51,59,52,53,46,60,67,68,60,51,59,56,48,53,52,51,36,23,60,57,52,53,22,16,20,8,12,12,6,9,15,Primera B Nacional
L. Garate,Colón,Argentina,31,"ST, RW",Right,173,33,62,,57,64,50,64,29,63,49,67,65,50,64,67,57,56,45,63,60,54,63,64,53,62,65,60,66,61,57,27,69,50,59,63,25,24,21,11,11,11,10,12,6,Primera B Nacional
F. Garcia,Colón,Argentina,5,"ST, CAM",Right,192,29,62,,65,63,52,62,30,61,50,63,60,54,63,64,55,55,46,62,68,63,58,62,55,64,61,56,65,61,57,30,69,54,64,58,29,24,20,7,14,10,14,8,7,Primera B Nacional
M. Ingravidi,Colón,Argentina,28,LW,Left,181,20,59,,68,57,57,62,30,54,61,61,40,59,56,63,59,53,50,61,65,70,66,61,61,54,49,61,53,49,48,32,65,57,55,48,35,22,21,12,15,12,10,7,6,Primera B Nacional
I. Lago,Colón,Argentina,9,ST,Right,182,24,69,,67,76,60,70,34,70,56,81,68,63,75,74,61,62,54,68,67,67,68,69,64,71,72,64,75,72,67,30,78,63,72,70,34,29,28,11,7,8,6,8,11,Primera B Nacional
J. Marcioni,Colón,Argentina,19,ST,Right,163,28,68,,75,69,57,68,35,69,55,70,70,60,66,69,60,55,52,69,71,79,65,70,66,74,70,62,75,62,64,31,68,57,68,62,35,29,24,15,12,8,14,8,10,Primera B Nacional
I. Ojeda,Colón,Argentina,32,ST,Right,180,21,57,,60,61,45,56,23,55,43,68,54,49,61,57,50,46,37,55,60,60,52,57,55,53,56,51,61,52,46,22,60,44,60,61,20,18,17,15,6,10,11,8,14,Primera B Nacional
D. Sarmiento,Colón,Argentina,29,ST,Right,180,23,62,,64,63,50,58,28,63,54,65,63,50,63,58,50,55,46,56,66,63,58,65,65,61,60,63,66,59,58,28,71,48,63,60,27,21,18,10,9,9,14,6,8,Primera B Nacional
L. Daus,Defensores de Belgrano,Argentina,30,GK,Right,185,22,54,,28,15,24,23,13,39,13,10,10,32,10,10,12,10,23,28,30,26,30,54,35,28,39,32,44,13,33,23,10,30,18,38,10,10,10,56,48,50,55,58,36,Primera B Nacional
A. Medina,Defensores de Belgrano,Argentina,1,GK,Left,190,39,67,,35,26,36,33,25,51,22,19,25,41,21,20,25,22,37,37,36,35,47,64,44,48,59,45,58,24,40,33,18,46,25,45,26,20,20,67,63,60,69,70,43,Primera B Nacional
N. Nocetti,Defensores de Belgrano,Argentina,12,GK,Right,185,26,57,,29,16,25,24,13,38,10,10,18,32,10,12,10,12,31,29,28,30,31,53,41,37,46,32,44,13,26,21,10,29,19,30,10,11,10,54,53,47,60,58,37,Primera B Nacional
J. De Tomaso,Defensores de Belgrano,Argentina,4,"RB, LB",Right,176,33,67,,68,54,64,63,66,63,67,49,59,67,50,59,60,53,63,64,66,69,68,68,69,64,59,70,61,56,62,71,57,58,54,66,62,67,69,11,9,6,11,11,8,Primera B Nacional
G. Gamarra,Defensores de Belgrano,Argentina,2,"CB, RB",Left,183,29,68,,62,49,53,58,71,71,51,47,64,59,37,54,50,45,57,59,64,60,60,73,59,61,71,62,75,47,70,75,39,46,46,65,71,71,71,13,15,13,7,9,6,Primera B Nacional
L. Gigli,Defensores de Belgrano,Argentina,15,LB,Left,177,35,61,,65,49,56,59,63,60,58,48,58,58,43,57,54,50,54,59,67,63,67,60,62,55,60,64,58,51,60,62,46,53,43,56,65,63,60,10,7,12,12,7,12,Primera B Nacional
D. Magallanes,Defensores de Belgrano,Argentina,6,"CB, RB",Right,183,29,63,,59,42,49,54,66,66,51,35,66,55,37,45,42,37,51,63,58,60,55,59,54,55,66,60,67,47,70,65,38,40,40,62,69,62,71,10,9,10,15,7,15,Primera B Nacional
N. Morro,Defensores de Belgrano,Argentina,13,"CB, CDM",Right,183,29,61,,58,44,49,50,65,63,47,40,67,55,32,43,43,37,56,55,54,62,50,56,57,60,64,61,64,43,63,65,39,38,38,56,63,69,59,13,14,8,13,13,13,Primera B Nacional
I. Pérez,Defensores de Belgrano,Argentina,14,RB,Right,170,27,64,,69,51,59,62,62,60,60,49,52,65,50,62,55,53,58,60,68,69,68,62,70,56,59,65,58,54,60,60,47,50,47,63,61,67,67,14,8,8,13,6,13,Primera B Nacional
V. Pisacreta,Defensores de Belgrano,Argentina,24,CB,Right,185,26,59,,53,39,49,49,61,62,46,34,58,53,33,46,41,43,56,51,49,57,48,57,47,52,60,58,65,39,61,62,36,41,34,53,63,59,59,13,6,15,12,13,6,Primera B Nacional
M. Rodríguez,Defensores de Belgrano,Argentina,3,LB,Right,178,28,62,,67,47,59,60,58,58,59,45,56,64,41,59,55,45,61,59,66,67,64,61,60,51,61,64,52,48,64,56,51,55,44,58,56,62,63,12,6,15,11,8,11,Primera B Nacional
A. Benítez,Defensores de Belgrano,Argentina,10,"CAM, ST",Right,173,26,66,,67,69,67,68,38,58,61,68,50,69,59,71,65,69,65,67,71,64,66,60,70,69,49,68,54,75,58,45,64,69,65,66,38,33,31,10,14,13,13,15,14,Primera B Nacional
N. Borsotti,Defensores de Belgrano,Argentina,16,CM,Right,171,20,57,,56,53,58,54,50,55,52,51,44,60,48,55,55,54,56,55,58,55,54,54,52,59,53,60,54,52,54,57,54,62,48,49,53,45,43,12,11,7,11,11,14,Primera B Nacional
L. Ciccolini,Defensores de Belgrano,Argentina,21,CAM,Left,176,31,62,,61,62,62,69,34,52,58,60,47,61,56,68,66,60,60,73,64,58,66,61,63,63,52,57,50,65,52,37,65,67,57,69,36,29,24,6,8,12,8,6,7,Primera B Nacional
D. García,Defensores de Belgrano,Argentina,18,CM,Left,174,40,57,,53,53,58,60,50,55,52,50,46,61,47,62,52,55,56,60,55,51,58,60,57,58,47,57,54,57,57,50,51,60,48,59,47,56,49,7,7,13,7,11,6,Primera B Nacional
B. Gómez,Defensores de Belgrano,Argentina,11,LM,Left,182,32,62,,62,56,62,60,42,60,65,55,44,59,58,56,63,51,60,62,61,63,68,63,67,59,54,65,58,54,58,42,59,69,56,60,41,43,38,9,10,12,8,8,10,Primera B Nacional
I. Gutiérrez,Defensores de Belgrano,Argentina,20,"CAM, ST",Right,168,24,64,,69,65,66,67,39,57,63,65,53,68,64,67,68,61,67,68,68,70,70,67,66,63,56,62,56,69,54,43,66,65,57,63,37,36,34,8,7,15,11,9,6,Primera B Nacional
D. Acosta,Defensores de Belgrano,Argentina,23,"LM, LW",Right,178,20,56,,64,52,57,59,36,50,65,51,36,54,46,59,53,60,54,61,66,63,56,54,61,57,46,56,46,49,51,41,51,55,50,52,29,40,34,10,7,6,12,12,9,Primera B Nacional
L. Jerez Silva,Defensores de Belgrano,Argentina,5,CDM,Right,177,37,65,,57,56,61,62,68,64,54,50,65,63,46,60,54,58,66,62,56,57,63,68,67,64,65,62,64,62,68,72,59,63,54,70,64,70,65,15,8,12,13,10,11,Primera B Nacional
L. Landriel,Defensores de Belgrano,Argentina,7,"RM, LM",Right,172,32,58,,61,53,59,58,41,51,62,53,45,60,48,60,56,45,57,55,59,63,61,59,63,57,48,60,47,52,49,38,55,58,49,55,40,45,35,10,6,9,7,8,10,Primera B Nacional
P. Moyano,Defensores de Belgrano,Argentina,8,CM,Right,174,23,65,,62,58,65,64,57,61,66,56,56,64,53,62,60,62,68,68,58,66,60,63,65,63,55,72,56,56,62,64,60,64,59,69,52,59,54,8,6,8,13,11,14,Primera B Nacional
L. Rodríguez,Defensores de Belgrano,Argentina,17,CM,Right,181,20,57,,60,52,60,56,48,52,55,50,49,68,49,56,53,55,62,59,63,58,53,56,57,55,51,59,48,56,56,55,51,55,51,48,45,49,43,12,9,12,15,11,8,Primera B Nacional
E. Aguirre,Defensores de Belgrano,Argentina,9,"ST, RW",Right,171,34,65,,59,65,54,67,30,66,51,67,61,57,64,67,57,57,47,69,60,59,63,74,63,62,62,67,70,61,58,27,69,57,68,64,29,23,26,13,9,11,12,10,14,Primera B Nacional
J. Ardaiz,Defensores de Belgrano,Argentina,29,"ST, CAM",Left,175,27,63,,63,65,54,62,30,62,57,66,64,58,63,58,55,57,49,66,66,61,64,60,59,69,60,60,67,58,53,30,62,46,67,69,26,25,23,7,13,9,15,11,12,Primera B Nacional
M. Gómez,Defensores de Belgrano,Argentina,25,"ST, RW",Right,187,18,55,,60,55,45,51,21,52,36,56,57,49,54,53,44,46,40,50,62,58,53,49,45,61,54,49,55,46,49,17,60,51,56,54,19,14,19,8,12,7,14,9,13,Primera B Nacional
E. González,Defensores de Belgrano,Argentina,19,ST,Right,181,26,68,,72,71,57,67,35,68,59,75,68,59,62,67,64,53,52,67,66,76,65,74,65,67,69,63,71,66,65,31,80,54,69,71,33,33,24,14,11,7,9,15,9,Primera B Nacional
I. Lavergne,Defensores de Belgrano,Argentina,22,RW,Left,166,20,56,,59,54,54,61,26,44,52,52,42,57,60,59,54,51,52,64,65,54,60,55,66,57,50,55,40,53,40,33,58,53,54,53,26,20,19,15,14,11,7,9,11,Primera B Nacional
F. Tcherkaski,Defensores de Belgrano,Argentina,31,ST,Left,178,21,57,,58,58,48,55,24,58,45,58,55,53,62,54,49,44,43,56,59,58,54,54,51,64,62,55,60,51,54,24,62,47,53,62,21,19,21,9,7,8,6,12,12,Primera B Nacional
Y. Bonnin,Deportivo Madryn,Argentina,1,GK,Right,185,36,69,,41,26,35,35,26,55,20,18,27,41,16,24,22,24,38,38,39,43,43,67,49,50,58,43,65,21,44,35,21,44,28,47,23,22,24,68,70,61,66,71,40,Primera B Nacional
R. León,Deportivo Madryn,Argentina,31,GK,Left,179,25,58,,32,16,28,22,14,42,10,10,22,38,10,10,14,10,25,23,37,27,37,56,36,35,48,36,48,15,34,22,10,38,16,42,12,11,10,56,56,52,61,61,36,Primera B Nacional
M. Montero,Deportivo Madryn,Argentina,25,GK,Right,188,29,62,,33,21,30,30,17,44,12,16,16,38,10,20,12,16,28,34,31,35,36,57,37,43,52,34,49,17,44,26,11,41,22,44,13,16,17,63,59,61,65,62,39,Primera B Nacional
M. Nievas,Deportivo Madryn,Argentina,30,GK,Right,187,28,61,,35,19,29,29,20,44,16,13,16,33,14,15,17,19,37,36,37,33,37,57,36,38,49,37,49,19,39,27,10,36,20,43,20,17,16,57,62,59,62,65,39,Primera B Nacional
L. Toffoletti,Deportivo Madryn,Argentina,32,GK,Left,194,21,58,,35,15,28,25,15,40,18,10,19,31,10,14,18,13,31,25,31,39,34,56,42,35,46,33,46,11,34,21,10,35,14,39,10,14,13,60,62,52,60,63,31,Primera B Nacional
F. Bersano,Deportivo Madryn,Argentina,27,LB,Left,171,28,63,,69,50,59,62,61,61,64,43,55,63,48,62,56,51,56,59,65,72,68,62,62,60,58,68,58,55,62,59,51,51,50,61,63,62,63,6,10,14,13,15,8,Primera B Nacional
V. Cabrera,Deportivo Madryn,Argentina,20,"CB, CDM",Right,190,33,61,,49,41,48,47,62,59,45,34,66,54,40,41,45,39,48,49,45,53,49,54,50,53,69,54,60,44,60,63,36,41,42,60,59,63,61,13,14,12,11,8,7,Primera B Nacional
C. Corvalán,Deportivo Madryn,Argentina,6,CB,Right,179,37,63,,49,41,54,56,69,66,45,36,70,59,41,55,45,47,58,55,52,47,53,65,54,56,68,61,68,38,69,67,42,53,46,62,67,69,74,15,8,8,11,10,8,Primera B Nacional
L. Diarte,Deportivo Madryn,Argentina,4,RB,Right,175,33,70,,74,55,67,65,68,65,76,52,64,73,47,61,62,54,59,65,73,74,71,71,76,64,65,69,63,56,64,63,57,60,53,68,72,67,70,10,7,10,9,9,12,Primera B Nacional
Á. Dionisio,Deportivo Madryn,Argentina,11,"RB, LB",Right,175,28,63,,63,47,58,61,61,59,64,44,53,62,49,60,53,46,55,59,66,61,64,63,70,56,57,62,58,44,59,61,52,52,46,61,60,63,68,11,9,8,13,14,6,Primera B Nacional
F. Giacopuzzi,Deportivo Madryn,Argentina,2,"CB, RB",Right,183,25,69,,61,45,55,56,70,73,47,39,71,62,48,51,43,53,64,58,62,61,55,70,60,62,72,64,79,42,69,71,41,49,53,67,74,65,67,13,8,14,9,8,9,Primera B Nacional
F. Godoy,Deportivo Madryn,Argentina,15,RB,Left,175,26,64,,73,49,58,63,63,62,59,44,57,60,48,58,53,53,57,65,74,72,68,63,71,60,62,66,61,50,60,61,48,55,48,67,62,66,63,12,14,12,14,6,9,Primera B Nacional
A. Gutiérrez,Deportivo Madryn,Argentina,3,"LB, RB",Left,175,31,63,,67,48,59,58,62,60,68,43,58,63,48,57,52,52,56,59,66,67,61,62,59,54,53,63,60,49,59,61,52,51,51,56,62,64,66,13,15,11,15,6,12,Primera B Nacional
D. Martínez,Deportivo Madryn,Argentina,13,"CB, RB",Right,185,34,63,,54,43,52,51,68,65,50,38,61,62,40,45,39,39,52,54,52,55,51,61,53,52,64,61,66,48,70,63,35,44,43,61,70,71,68,7,9,6,8,12,13,Primera B Nacional
N. Ortíz,Deportivo Madryn,Argentina,14,RB,Left,173,31,67,,69,54,62,66,65,66,69,49,62,63,49,63,59,55,65,67,73,66,72,68,70,64,60,71,66,57,62,66,56,55,57,66,62,68,64,14,9,12,8,8,12,Primera B Nacional
A. Sosa,Deportivo Madryn,Argentina,26,"RB, RM",Left,173,26,66,,72,51,60,64,63,63,69,47,58,58,50,63,56,54,63,67,71,72,61,64,65,60,62,65,62,49,65,58,52,54,51,60,62,67,71,8,6,11,12,14,13,Primera B Nacional
T. Yossen,Deportivo Madryn,Argentina,24,"CB, CDM",Left,188,22,58,,53,39,46,50,63,60,40,33,59,52,34,49,42,36,50,49,54,53,50,54,49,53,57,56,62,44,62,66,31,43,39,53,66,61,56,10,8,10,13,13,13,Primera B Nacional
J. Cosi,Deportivo Madryn,Argentina,17,"RM, RW",Right,170,28,67,,75,64,68,66,47,61,70,64,51,71,58,63,68,54,63,68,74,75,73,61,73,66,59,71,56,64,63,50,62,66,65,62,46,46,46,7,8,14,8,10,14,Primera B Nacional
T. González,Deportivo Madryn,Argentina,22,CAM,Right,166,22,59,,59,59,60,66,34,49,55,61,49,63,56,65,59,60,58,69,58,59,67,65,64,59,50,58,46,59,46,38,60,63,52,60,36,27,27,6,8,6,6,6,9,Primera B Nacional
G. Gudiño,Deportivo Madryn,Argentina,18,CM,Right,180,34,62,,56,60,63,61,53,59,57,61,52,69,55,61,63,55,63,62,55,56,59,65,59,58,53,66,57,61,59,58,60,62,60,63,52,50,54,14,12,13,15,14,6,Primera B Nacional
E. Jara,Deportivo Madryn,Argentina,21,RM,Right,166,27,61,,70,59,60,62,40,52,66,59,45,57,49,62,60,54,57,61,69,70,69,59,61,65,50,62,48,58,51,39,54,61,55,55,40,40,40,9,11,15,10,13,11,Primera B Nacional
C. Machado,Deportivo Madryn,Argentina,16,CDM,Right,177,27,64,,59,55,61,62,64,72,54,55,63,68,49,63,52,52,63,63,63,55,60,61,57,59,60,70,75,54,71,62,51,61,54,66,64,65,64,13,7,14,6,13,9,Primera B Nacional
L. Marinucci,Deportivo Madryn,Argentina,7,RM,Right,169,33,69,,69,63,68,72,49,64,69,63,56,72,60,72,68,62,63,72,73,65,71,77,72,68,59,73,63,58,59,51,70,67,68,68,49,49,42,6,8,13,9,10,11,Primera B Nacional
A. Martínez,Deportivo Madryn,Argentina,28,LM,Left,163,21,59,,64,54,59,63,42,54,64,56,45,61,47,68,58,49,54,58,63,64,62,60,66,55,51,65,51,49,51,43,53,57,50,62,40,42,41,7,15,13,14,9,12,Primera B Nacional
M. Meli,Deportivo Madryn,Argentina,8,"CM, CAM",Left,178,34,67,,54,62,67,69,58,63,62,59,54,69,53,69,64,65,70,68,52,56,72,72,67,66,55,72,58,64,66,61,70,69,58,71,59,57,59,8,14,8,14,12,13,Primera B Nacional
E. Montagna,Deportivo Madryn,Argentina,10,CAM,Right,175,32,63,,59,64,64,65,36,52,64,61,49,62,58,64,66,61,60,66,59,59,64,66,66,66,47,55,50,69,53,36,65,69,60,63,35,34,33,14,15,7,12,15,9,Primera B Nacional
F. Recalde,Deportivo Madryn,Argentina,5,"CDM, CB",Right,177,30,65,,56,53,64,60,65,69,55,45,60,71,50,57,57,59,67,62,55,57,55,61,64,61,66,65,71,62,71,72,58,60,58,66,63,64,66,12,11,10,11,10,10,Primera B Nacional
Y. García,Deportivo Madryn,Argentina,23,"LW, LM",Left,174,24,60,,67,58,56,63,31,52,58,58,51,55,57,66,64,53,50,59,67,67,69,58,63,61,49,60,52,53,43,29,67,59,56,54,32,27,26,9,12,6,8,9,7,Primera B Nacional
J. Peinipil,Deportivo Madryn,Argentina,12,RW,Right,168,24,60,,68,60,58,65,28,52,59,59,43,62,58,70,68,53,50,62,72,64,65,55,64,63,51,59,51,62,46,29,59,57,58,59,27,24,24,8,8,6,6,11,10,Primera B Nacional
N. Servetto,Deportivo Madryn,Argentina,29,ST,Left,180,30,68,,71,69,58,64,37,69,55,72,77,66,71,62,58,58,50,68,75,67,61,66,65,70,66,65,75,61,58,32,73,54,66,65,34,31,32,13,13,7,9,13,10,Primera B Nacional
L. Silba,Deportivo Madryn,Argentina,19,"ST, CAM",Right,178,36,69,,63,72,61,69,36,67,58,76,73,65,69,67,65,60,55,71,64,63,66,74,66,71,71,67,70,63,59,29,76,61,66,68,31,35,30,8,7,8,10,7,15,Primera B Nacional
N. Solís,Deportivo Madryn,Argentina,9,ST,Right,181,31,69,,69,69,59,66,34,69,57,70,71,58,66,65,61,57,57,68,69,69,65,67,63,72,70,66,72,64,66,30,80,64,68,67,29,28,33,7,8,12,7,12,14,Primera B Nacional
N. Galardi,Deportivo Maipú,Argentina,1,GK,Right,193,24,68,,47,25,36,32,24,52,17,18,23,45,22,20,30,19,38,31,46,47,44,69,46,46,56,40,60,22,46,27,18,43,28,54,27,23,18,75,65,62,67,73,48,Primera B Nacional
A. Pavón,Deportivo Maipú,Argentina,30,GK,Right,180,22,56,,32,17,26,24,15,37,10,10,15,33,10,13,10,15,30,27,33,32,37,49,34,34,40,30,42,18,32,23,10,33,15,35,15,10,10,58,56,58,53,55,36,Primera B Nacional
L. Peraggini,Deportivo Maipú,Argentina,25,GK,Right,187,24,61,,37,18,31,27,20,44,12,12,24,40,10,17,18,12,35,30,36,38,33,59,37,36,48,36,50,18,39,26,10,37,18,39,17,20,13,61,58,54,64,57,42,Primera B Nacional
A. Agüero,Deportivo Maipú,Argentina,2,CB,Left,188,23,70,,65,50,58,58,72,70,53,42,73,67,48,53,51,49,57,62,63,66,54,68,62,67,75,61,74,50,68,70,46,51,51,67,73,74,65,10,10,14,6,6,13,Primera B Nacional
L. Arnijas,Deportivo Maipú,Argentina,4,"CB, CDM",Left,181,23,64,,58,43,54,51,70,68,48,40,70,61,37,43,42,47,58,55,59,57,54,61,56,53,63,62,70,43,73,72,41,47,46,61,70,69,66,6,11,15,15,9,9,Primera B Nacional
J. De La Reta,Deportivo Maipú,Argentina,3,LB,Left,180,21,67,,73,52,62,63,66,66,65,47,63,62,52,61,63,48,63,63,70,75,71,67,65,56,63,73,62,55,68,64,58,61,54,59,68,68,64,11,14,9,15,14,12,Primera B Nacional
L. Faggioli,Deportivo Maipú,Argentina,6,CB,Left,187,29,70,,65,51,60,59,74,72,57,46,70,66,46,55,50,49,63,61,63,67,58,67,62,67,73,67,76,49,68,73,45,58,46,69,73,78,73,7,15,15,13,12,13,Primera B Nacional
N. Fernández,Deportivo Maipú,Argentina,13,"CB, CDM",Right,179,24,63,,61,42,50,54,68,70,50,36,65,54,36,50,44,39,54,58,60,62,52,61,50,56,69,60,75,42,68,70,42,44,46,57,68,67,67,11,7,9,15,11,12,Primera B Nacional
T. Ferreyra,Deportivo Maipú,Argentina,14,"RB, LB",Left,185,24,61,,65,45,57,56,60,56,63,41,49,59,37,50,56,49,60,58,66,64,66,60,59,58,51,60,57,43,52,56,52,48,40,61,63,61,62,9,7,14,15,7,6,Primera B Nacional
A. Leiva,Deportivo Maipú,Argentina,21,CB,Right,184,21,57,,53,38,46,47,61,56,44,32,59,51,30,44,36,40,50,50,53,53,44,56,47,57,59,55,54,38,63,58,32,40,39,54,61,64,59,15,13,13,10,8,13,Primera B Nacional
M. Ortale,Deportivo Maipú,Argentina,24,"CB, RB",Left,186,24,60,,54,41,47,50,62,64,43,38,62,53,34,45,38,42,57,53,55,53,48,59,47,59,59,58,66,37,68,63,29,37,39,62,58,65,68,6,10,12,8,11,10,Primera B Nacional
T. Silva,Deportivo Maipú,Argentina,15,LB,Left,175,25,67,,73,52,62,66,66,67,72,47,59,63,46,66,61,59,62,66,72,73,70,67,70,63,63,76,65,52,61,69,58,52,54,62,65,69,66,12,7,12,8,9,11,Primera B Nacional
J. Cruz Arno,Deportivo Maipú,Argentina,28,"LM, RM",Left,176,22,55,,58,51,53,56,34,47,55,49,41,51,45,56,60,53,55,55,61,55,57,53,62,55,42,53,45,55,47,37,53,51,49,48,31,35,32,11,11,11,15,9,6,Primera B Nacional
M. Bonfigli,Deportivo Maipú,Argentina,10,"CAM, ST",Right,173,22,69,,72,67,71,73,42,61,68,67,58,74,61,75,72,64,64,72,75,69,71,67,74,66,54,67,63,68,50,42,68,76,67,68,44,37,39,13,8,12,9,7,12,Primera B Nacional
D. Gaitán,Deportivo Maipú,Argentina,23,"LM, RM",Left,168,21,60,,62,54,59,62,42,55,62,53,47,60,50,64,64,56,55,60,63,61,64,61,58,57,47,59,56,56,51,43,55,58,54,57,42,41,41,11,13,12,11,7,9,Primera B Nacional
J. Cruz Giacone,Deportivo Maipú,Argentina,18,CM,Left,178,22,65,,61,58,65,64,59,61,58,55,55,68,54,67,64,59,63,60,59,62,66,63,65,61,57,66,58,62,61,62,60,70,60,64,56,61,56,7,13,15,6,13,6,Primera B Nacional
J. Gobetto,Deportivo Maipú,Argentina,7,RM,Left,173,30,68,,69,63,67,70,49,61,68,62,54,73,57,69,67,62,58,69,70,69,77,67,68,67,56,73,56,63,60,53,61,62,61,66,50,46,46,8,11,10,6,10,15,Primera B Nacional
L. Landriel,Deportivo Maipú,Argentina,27,CAM,Left,177,21,56,,57,54,57,60,29,47,55,52,42,59,48,61,54,53,54,60,58,56,60,55,62,59,50,57,44,54,40,32,61,59,56,52,31,22,25,7,12,11,9,7,12,Primera B Nacional
G. Mansilla,Deportivo Maipú,Argentina,8,"CM, CDM",Right,177,29,68,,65,65,68,68,61,68,65,62,57,72,59,68,69,59,67,69,66,64,67,69,68,71,53,74,67,65,65,61,67,66,64,68,58,65,59,10,10,13,13,14,8,Primera B Nacional
F. Montero,Deportivo Maipú,Argentina,11,"LM, RM",Left,170,37,60,,60,54,61,60,40,56,61,53,41,61,53,55,66,52,55,64,59,61,62,63,65,58,50,68,54,53,50,41,55,66,51,59,40,40,39,11,14,15,10,8,7,Primera B Nacional
J. Nazar,Deportivo Maipú,Argentina,20,CDM,Right,182,20,58,,52,45,56,54,59,61,50,39,52,64,42,50,43,48,63,57,49,54,51,58,52,54,52,65,60,51,61,62,50,46,46,62,59,61,56,13,13,15,8,13,10,Primera B Nacional
B. Orosco,Deportivo Maipú,Argentina,9,CDM,Right,173,28,64,,62,53,60,58,64,64,49,47,57,69,46,59,54,53,58,56,59,65,56,67,61,67,63,68,61,53,66,69,54,58,58,60,62,66,64,11,7,9,11,8,12,Primera B Nacional
S. Paulini,Deportivo Maipú,Argentina,16,CM,Right,183,24,67,,68,62,67,70,59,66,66,58,57,72,60,71,62,60,69,71,69,67,65,66,66,69,58,73,64,67,64,60,62,63,59,64,62,59,52,13,10,12,6,13,10,Primera B Nacional
E. Pérez,Deportivo Maipú,Argentina,22,CDM,Right,172,40,63,,51,55,60,63,62,66,52,53,64,64,50,66,53,48,64,63,51,51,55,66,54,63,64,69,65,56,66,65,53,62,50,65,61,58,64,11,10,14,10,14,11,Primera B Nacional
F. Saccone,Deportivo Maipú,Argentina,5,CDM,Left,185,24,68,,60,61,64,64,69,70,60,58,66,70,54,62,56,56,68,64,59,60,65,72,66,68,62,74,70,64,68,75,61,61,52,68,71,67,63,15,10,6,14,6,9,Primera B Nacional
I. Sambueza,Deportivo Maipú,Argentina,26,CDM,Left,181,22,57,,50,46,53,55,58,59,50,45,48,55,41,52,47,46,57,57,51,50,53,54,54,48,49,63,59,48,56,62,53,55,47,62,57,58,60,6,12,13,12,8,9,Primera B Nacional
J. Vera,Deportivo Maipú,Argentina,17,"RM, RW",Right,174,23,64,,73,56,62,67,46,60,67,51,48,60,55,70,64,56,59,65,72,73,70,63,64,64,54,68,56,57,60,48,62,62,62,65,45,48,39,7,6,14,8,7,11,Primera B Nacional
M. Viguet,Deportivo Maipú,Argentina,12,CDM,Right,170,28,59,,50,49,55,56,61,62,52,42,57,57,41,52,50,53,55,60,46,53,59,59,56,61,55,61,64,56,62,59,46,55,48,61,60,66,61,11,10,15,11,12,11,Primera B Nacional
V. Barrera,Deportivo Maipú,Argentina,29,ST,Left,180,19,55,,56,57,44,54,22,56,43,60,53,47,54,50,44,43,37,60,57,56,52,56,47,60,57,52,59,47,51,21,57,43,58,54,23,13,19,12,7,12,14,8,8,Primera B Nacional
L. Cabrera,Deportivo Maipú,Argentina,19,ST,Left,173,28,65,,68,65,56,64,28,64,47,67,67,63,66,60,56,58,49,69,70,66,63,68,59,65,69,58,67,60,61,27,72,60,65,65,26,21,23,11,12,13,13,6,11,Primera B Nacional
M. Casalnuovo,Deportivo Morón,Argentina,30,GK,Left,186,18,58,,36,17,27,22,15,40,13,10,17,35,12,13,18,15,28,24,34,37,27,43,41,37,44,27,48,16,36,24,11,31,18,40,14,10,14,61,57,56,61,59,39,Primera B Nacional
F. Díaz,Deportivo Morón,Argentina,12,GK,Left,185,34,64,,38,23,31,30,24,47,16,18,17,38,19,15,17,14,37,35,32,43,41,61,47,46,54,42,51,16,42,37,14,39,24,51,19,24,18,69,62,59,65,64,40,Primera B Nacional
J. Mancuso,Deportivo Morón,Argentina,25,GK,Right,189,20,61,,39,20,30,28,18,44,14,15,22,40,12,18,15,15,35,32,43,36,34,52,40,45,44,35,53,14,33,26,12,34,15,35,16,12,17,61,61,53,70,60,40,Primera B Nacional
J. Salvá,Deportivo Morón,Argentina,1,GK,Right,185,39,68,,34,24,34,39,27,53,19,15,30,41,21,30,24,22,40,40,29,38,42,69,49,51,52,45,59,19,46,32,18,40,29,54,22,30,21,73,65,61,67,71,39,Primera B Nacional
L. Cardozo,Deportivo Morón,Argentina,27,"LB, RB",Right,171,22,66,,68,53,61,64,64,63,66,53,61,66,39,69,57,47,59,58,71,66,64,62,70,58,64,72,60,50,61,65,57,54,49,65,64,65,64,11,8,8,11,11,14,Primera B Nacional
F. Flores,Deportivo Morón,Argentina,26,RB,Left,174,24,64,,72,52,61,59,61,61,64,48,62,63,43,59,62,54,63,58,68,75,63,56,65,63,57,67,60,53,59,57,47,56,49,58,62,61,65,14,10,10,12,7,6,Primera B Nacional
E. Iñiguez,Deportivo Morón,Argentina,14,"RB, LB",Right,189,30,66,,68,50,61,62,62,60,66,47,60,66,49,62,64,52,60,61,69,68,68,66,67,55,67,67,58,49,56,62,55,51,50,58,58,65,66,12,8,6,9,6,13,Primera B Nacional
E. Lazza,Deportivo Morón,Argentina,4,RB,Right,177,32,70,,72,55,67,67,68,67,74,52,57,65,54,70,60,58,70,62,66,76,74,70,67,68,64,67,66,49,68,67,56,67,50,68,67,72,75,10,13,8,11,6,10,Primera B Nacional
J. Livera,Deportivo Morón,Argentina,15,LB,Left,174,27,70,,72,55,65,69,66,66,71,49,62,65,51,69,63,55,66,69,69,74,73,62,68,65,67,75,58,58,72,67,56,62,53,67,65,64,72,13,8,8,13,15,6,Primera B Nacional
L. Ramírez,Deportivo Morón,Argentina,18,"LB, LM",Left,176,22,57,,61,42,52,55,55,57,54,38,49,57,36,54,53,42,49,53,60,61,65,50,65,50,50,62,56,44,54,56,44,48,43,53,56,54,61,12,12,9,12,7,15,Primera B Nacional
B. Salvareschi,Deportivo Morón,Argentina,3,LB,Left,170,27,71,,78,57,67,69,71,70,71,54,64,72,56,67,65,57,64,69,76,79,72,70,73,62,71,72,67,56,73,70,62,60,62,68,70,74,72,10,14,11,14,8,6,Primera B Nacional
I. Vaquero,Deportivo Morón,Argentina,2,CB,Left,188,23,64,,62,46,52,51,66,68,53,42,65,58,37,46,42,46,52,54,58,65,52,62,56,61,71,65,69,46,66,63,31,45,45,60,65,68,68,15,6,12,13,6,14,Primera B Nacional
M. Bíttolo,Deportivo Morón,Argentina,5,CDM,Right,171,36,68,,59,58,63,63,67,69,57,53,60,67,51,59,59,60,68,65,60,59,58,71,69,66,66,75,65,66,70,65,56,62,56,72,68,69,66,14,15,8,13,7,13,Primera B Nacional
M. Burruchaga,Deportivo Morón,Argentina,11,LM,Left,172,28,70,,78,67,71,71,51,66,77,69,59,72,66,69,72,61,70,72,76,79,75,72,70,62,58,71,64,67,67,52,66,64,64,63,49,50,52,15,14,11,10,6,14,Primera B Nacional
E. Contreras,Deportivo Morón,Argentina,10,CAM,Left,170,29,67,,70,66,70,69,38,57,70,65,59,70,64,71,66,65,66,68,71,69,72,63,65,69,55,66,55,64,52,41,69,75,69,66,32,35,37,8,10,12,15,11,11,Primera B Nacional
L. Disanto,Deportivo Morón,Argentina,20,CAM,Right,165,28,62,,61,59,65,66,34,54,60,59,49,69,57,64,64,60,63,67,62,60,70,69,63,58,48,59,55,60,48,33,67,67,57,70,31,33,31,7,11,10,8,11,15,Primera B Nacional
E. Franco,Deportivo Morón,Argentina,6,LM,Right,173,31,63,,70,60,60,64,44,58,64,62,50,60,63,69,64,54,55,60,69,70,69,55,61,60,55,63,58,58,50,44,54,62,59,61,43,42,47,13,10,14,8,15,9,Primera B Nacional
G. González,Deportivo Morón,Argentina,7,RM,Right,175,38,63,,63,60,63,63,45,59,63,61,52,63,54,58,69,57,59,67,62,64,65,67,68,58,55,71,55,59,55,47,65,67,61,58,45,41,43,11,9,7,8,9,6,Primera B Nacional
M. González,Deportivo Morón,Argentina,22,"CDM, CB",Right,176,32,64,,53,58,62,63,67,64,58,58,60,67,51,63,45,53,59,64,51,55,61,64,60,62,62,66,63,55,65,68,58,66,62,70,62,73,65,8,14,12,7,7,10,Primera B Nacional
V. Huertas,Deportivo Morón,Argentina,21,CDM,Left,181,19,57,,53,48,54,52,60,59,48,43,53,59,41,49,44,49,57,56,56,50,52,54,53,53,55,54,63,55,54,61,52,52,47,55,61,60,59,10,10,6,8,9,15,Primera B Nacional
S. Kubiszyn,Deportivo Morón,Argentina,8,"CM, CAM",Right,176,24,70,,71,66,74,70,60,69,65,63,62,81,62,68,66,67,74,72,72,71,73,71,71,69,67,73,69,75,66,62,63,72,61,72,61,59,55,11,8,9,10,10,6,Primera B Nacional
J. Manuel Olivares,Deportivo Morón,Argentina,16,CM,Right,165,38,69,,62,60,67,72,61,66,64,54,58,66,59,72,63,65,71,73,61,63,64,73,74,68,59,74,62,63,66,63,68,71,67,72,61,60,66,13,8,11,13,15,7,Primera B Nacional
M. Badur,Deportivo Morón,Argentina,17,RW,Right,180,21,58,,62,56,57,62,27,50,59,56,39,58,57,61,61,48,57,63,63,62,63,56,68,56,46,56,50,58,43,28,59,55,53,59,22,29,20,11,13,9,10,14,11,Primera B Nacional
M. Benítez,Deportivo Morón,Argentina,28,LW,Left,172,25,62,,68,63,62,62,31,55,60,65,49,69,59,62,60,56,54,60,67,68,68,66,66,60,54,63,54,61,49,39,66,58,59,57,28,24,28,11,14,6,6,8,10,Primera B Nacional
G. Berterame,Deportivo Morón,Argentina,19,ST,Right,176,30,66,,70,65,54,64,31,65,49,67,70,56,65,59,56,57,47,69,73,67,61,70,62,65,69,63,68,60,60,25,68,58,67,65,26,25,35,8,14,10,13,10,9,Primera B Nacional
J. Cruz Esquivel,Deportivo Morón,Argentina,31,"ST, RW",Left,185,26,63,,66,65,54,61,30,62,47,69,60,61,63,61,56,47,45,60,65,67,63,67,58,65,62,59,67,57,53,30,64,57,64,63,30,20,25,8,8,13,8,14,15,Primera B Nacional
F. Fagundez,Deportivo Morón,Argentina,9,"ST, RW",Right,180,27,73,,71,76,64,73,42,73,64,83,73,64,69,69,68,61,61,80,72,70,67,76,69,73,77,74,74,65,68,37,75,64,73,72,41,39,31,7,9,10,13,14,12,Primera B Nacional
M. Levato,Deportivo Morón,Argentina,29,ST,Right,175,30,64,,66,67,54,63,29,64,51,71,63,60,68,61,60,53,49,65,64,67,62,64,58,63,66,58,67,62,61,24,74,51,61,66,28,25,24,7,15,12,8,15,13,Primera B Nacional
F. Toloza,Deportivo Morón,Argentina,23,LW,Left,168,32,63,,65,65,60,64,31,55,63,67,50,59,58,67,58,56,57,60,68,63,64,67,69,62,50,62,53,64,51,25,69,62,63,61,32,28,30,8,9,13,15,11,10,Primera B Nacional
J. Zappacosta,Deportivo Morón,Argentina,13,"ST, CAM",Left,184,22,60,,64,62,51,60,26,61,50,65,63,56,66,60,49,47,41,61,61,67,57,60,56,59,60,52,68,56,57,25,65,50,59,62,22,20,17,15,15,8,11,7,7,Primera B Nacional
R. Fumo,Estudiantes,Argentina,30,GK,Right,194,25,59,,37,16,26,27,17,43,13,11,19,31,10,19,10,12,28,26,38,37,36,56,40,37,50,35,48,10,37,26,10,34,21,38,14,15,12,53,57,53,59,59,39,Primera B Nacional
J. Manuel Lungarzo,Estudiantes,Argentina,1,GK,Left,177,33,66,,35,22,33,29,24,48,16,15,23,39,11,11,18,20,39,36,37,34,42,65,48,40,50,39,54,23,43,36,16,41,26,45,21,21,21,66,67,57,61,69,48,Primera B Nacional
F. Vila,Estudiantes,Argentina,12,GK,Right,190,23,61,,40,21,27,29,18,41,11,15,21,33,10,20,12,15,33,32,39,40,32,49,38,44,46,34,46,19,37,22,10,33,22,36,18,16,17,65,64,57,63,64,34,Primera B Nacional
J. Pablo Zozaya,Estudiantes,Argentina,25,GK,Right,182,25,60,,40,20,31,25,17,45,16,15,20,37,13,14,16,16,33,29,37,42,30,53,37,41,43,37,53,13,34,25,11,40,21,41,12,16,17,60,59,50,63,59,40,Primera B Nacional
M. Albarracín,Estudiantes,Argentina,6,"CB, CDM",Right,190,26,66,,60,47,56,57,71,66,55,40,67,64,40,53,49,50,56,60,57,62,52,63,63,63,71,56,69,47,70,75,43,47,49,65,73,68,67,12,12,15,15,15,6,Primera B Nacional
F. Ardiles,Estudiantes,Argentina,3,LB,Right,178,28,67,,74,52,62,64,64,62,65,46,60,62,45,62,54,51,61,64,72,76,65,66,64,64,61,69,58,55,61,63,54,62,53,67,66,63,68,12,8,9,13,13,9,Primera B Nacional
G. Barca,Estudiantes,Argentina,33,LB,Right,175,19,55,,61,42,51,54,52,53,63,40,43,51,32,54,46,42,44,55,60,61,54,49,57,50,52,54,56,42,46,53,45,46,42,53,51,54,52,13,13,11,8,10,14,Primera B Nacional
J. Benítez,Estudiantes,Argentina,2,"CB, CDM",Right,184,32,70,,63,50,57,55,74,74,54,46,75,62,47,51,52,49,63,53,61,64,58,69,63,64,73,72,73,47,77,74,43,48,53,65,74,76,71,11,13,15,13,11,6,Primera B Nacional
A. Berizovsky,Estudiantes,Argentina,27,LB,Right,180,21,56,,57,40,52,54,55,53,54,34,52,54,36,54,50,43,51,54,54,60,59,47,62,52,53,57,51,41,51,57,41,50,44,48,50,58,57,14,9,9,10,12,14,Primera B Nacional
B. Bernardi,Estudiantes,Argentina,13,CB,Right,182,25,65,,60,46,52,56,70,67,45,40,62,59,41,53,48,46,63,59,61,59,58,59,48,66,70,64,68,43,66,71,42,41,44,64,75,69,64,10,14,13,13,14,7,Primera B Nacional
N. Caro Torres,Estudiantes,Argentina,15,"LB, LM",Left,175,31,67,,71,52,61,64,64,65,65,48,57,60,50,62,54,50,67,65,71,71,63,63,73,60,60,77,58,53,70,70,56,58,53,63,65,61,63,10,8,12,10,8,6,Primera B Nacional
T. Núñez Pérez,Estudiantes,Argentina,24,CB,Right,176,24,61,,58,42,51,52,62,66,43,36,66,59,38,48,41,40,57,56,55,61,49,59,53,60,69,61,69,43,66,65,38,45,38,56,59,61,65,13,8,9,12,14,14,Primera B Nacional
F. Quinteros,Estudiantes,Argentina,4,RB,Right,177,27,64,,72,48,60,61,62,60,69,43,55,62,46,59,51,49,60,62,67,77,67,63,67,54,60,70,54,50,60,63,51,55,55,57,68,57,64,14,6,10,7,6,15,Primera B Nacional
E. Acosta,Estudiantes,Argentina,16,CDM,Right,179,29,68,,61,60,66,63,70,68,59,56,65,71,54,60,62,60,68,67,62,60,62,64,60,63,62,68,69,65,68,74,60,65,60,63,72,70,66,6,14,15,12,15,10,Primera B Nacional
I. Bonus,Estudiantes,Argentina,31,"CM, CAM",Right,176,20,56,,59,52,55,57,52,51,53,48,44,56,46,59,56,50,54,57,63,55,52,51,56,56,47,56,50,56,48,52,58,55,50,56,52,55,47,6,6,6,11,8,9,Primera B Nacional
S. Camacho,Estudiantes,Argentina,10,RM,Right,168,29,62,,68,54,59,62,43,57,59,51,49,60,51,60,64,55,54,62,67,68,66,61,64,61,51,62,56,57,55,41,55,61,53,61,41,45,42,12,6,6,12,15,7,Primera B Nacional
T. Cohen,Estudiantes,Argentina,32,RM,Right,172,21,56,,61,52,55,60,38,54,58,53,42,56,50,64,57,49,48,58,62,61,55,55,61,54,48,57,55,49,47,35,47,56,49,52,36,42,35,15,12,13,12,12,14,Primera B Nacional
B. Degregorio,Estudiantes,Argentina,18,"CM, CDM",Right,176,22,59,,59,55,61,61,52,53,62,54,39,64,51,61,51,54,65,59,57,60,60,67,62,62,49,64,48,55,53,55,52,56,52,65,51,55,50,15,9,9,12,11,8,Primera B Nacional
F. Duré,Estudiantes,Argentina,8,"RM, LM",Right,173,29,63,,69,56,64,66,41,57,63,54,45,67,53,71,64,60,61,63,68,69,67,60,65,56,56,60,55,61,57,36,61,64,61,59,41,42,40,12,8,7,6,9,9,Primera B Nacional
J. Román Giménez,Estudiantes,Argentina,28,CDM,Right,182,20,59,,54,50,56,50,58,60,45,43,51,66,45,48,45,49,57,50,53,55,53,52,54,60,56,62,59,57,59,53,51,51,47,63,60,63,58,13,7,6,13,10,6,Primera B Nacional
R. Melo,Estudiantes,Argentina,5,CDM,Right,185,31,70,,67,60,68,67,73,71,59,54,65,76,59,64,57,60,68,69,66,68,66,72,66,71,68,78,64,62,79,75,63,67,56,69,74,73,71,6,11,9,14,8,11,Primera B Nacional
M. Núñez,Estudiantes,Argentina,34,"CAM, ST",Right,165,17,54,,61,54,56,55,26,47,57,51,37,54,57,60,55,50,53,52,63,60,55,49,51,58,43,53,45,55,44,29,56,62,52,55,22,23,28,6,9,7,14,11,12,Primera B Nacional
R. Rodríguez,Estudiantes,Argentina,20,CM,Right,184,23,63,,54,57,63,62,54,61,59,56,53,62,54,64,62,60,68,58,57,51,63,64,62,61,52,66,59,57,60,59,60,67,59,64,54,52,53,12,6,13,6,9,15,Primera B Nacional
T. Salas,Estudiantes,Argentina,14,CM,Right,169,21,58,,54,52,58,57,48,58,48,50,53,65,44,54,56,53,57,61,55,54,60,53,57,56,49,69,54,51,59,52,60,59,50,56,50,44,43,10,9,13,9,9,11,Primera B Nacional
J. Manuel Sánchez de León,Estudiantes,Argentina,21,LM,Left,172,27,62,,65,56,61,62,40,60,65,54,46,63,53,65,57,59,60,57,64,66,65,61,63,59,50,70,59,56,55,42,59,58,59,62,35,43,36,15,8,12,13,10,11,Primera B Nacional
F. Sena,Estudiantes,Argentina,7,RM,Right,179,29,66,,72,62,66,69,47,64,67,63,54,70,58,68,69,59,61,73,74,71,67,62,71,62,57,75,61,60,62,48,65,64,57,62,41,53,37,9,6,14,15,14,13,Primera B Nacional
L. Silva,Estudiantes,Argentina,26,"LM, RM",Right,175,23,60,,66,55,61,61,44,53,66,55,49,60,46,62,63,54,61,61,64,68,64,52,63,60,47,62,51,53,50,48,60,58,52,58,43,42,40,7,9,9,9,9,10,Primera B Nacional
T. Squie,Estudiantes,Argentina,17,"RM, LM",Right,168,28,68,,73,61,67,68,46,62,67,57,58,68,60,68,66,62,68,65,75,71,72,70,74,65,57,71,59,66,58,45,68,64,64,65,46,44,42,9,7,9,12,7,12,Primera B Nacional
I. Vera,Estudiantes,Argentina,22,"CDM, CB",Right,176,22,57,,50,48,52,55,60,59,46,43,52,58,52,54,48,52,54,56,52,48,50,60,55,57,53,58,61,51,58,57,44,47,48,57,62,64,57,12,14,14,12,12,7,Primera B Nacional
M. Acosta,Estudiantes,Argentina,11,LW,Left,180,34,66,,67,66,64,69,37,58,67,67,51,65,65,71,66,57,60,65,69,66,69,70,77,65,52,68,55,68,56,39,69,64,58,68,38,32,27,7,15,11,10,9,7,Primera B Nacional
E. Almirón,Estudiantes,Argentina,23,LW,Left,171,24,63,,69,57,60,65,32,55,60,56,50,58,57,65,61,67,58,65,72,66,67,61,61,56,56,63,53,57,51,35,63,61,64,61,32,25,29,12,13,15,15,11,8,Primera B Nacional
J. Correa,Estudiantes,Argentina,9,"ST, CAM",Right,177,33,66,,64,67,56,66,32,65,55,68,67,60,66,67,56,57,45,64,66,63,66,67,65,64,61,60,68,68,63,30,70,56,67,66,28,27,23,7,14,6,11,15,7,Primera B Nacional
D. Rostagno,Estudiantes,Argentina,19,ST,Right,180,25,66,,64,68,58,66,32,65,53,72,66,65,65,62,56,59,46,72,65,64,63,72,60,67,66,59,68,62,63,31,69,61,64,71,28,27,23,8,8,13,12,6,10,Primera B Nacional
J. Cruz Vergara,Estudiantes,Argentina,29,"ST, CAM",Right,179,20,57,,59,59,45,56,23,52,42,61,64,51,58,52,50,42,41,61,59,59,60,60,54,59,54,48,55,55,48,18,60,41,58,53,23,17,12,13,15,15,9,15,11,Primera B Nacional
A. Álvarez,Ferro Carril Oeste,Argentina,33,GK,Right,183,19,57,,37,17,26,22,12,39,12,10,12,35,10,13,15,15,24,23,37,37,31,46,32,43,49,30,47,11,28,19,12,32,16,35,10,10,10,55,55,49,58,57,37,Primera B Nacional
F. Monetti,Ferro Carril Oeste,Argentina,1,GK,Left,182,37,68,,39,25,38,36,27,51,22,18,30,44,16,22,22,25,36,44,43,35,41,63,46,48,59,41,58,22,43,37,20,50,27,51,25,22,21,70,65,60,70,65,46,Primera B Nacional
L. Ruiz,Ferro Carril Oeste,Argentina,25,GK,Right,185,24,62,,40,22,29,27,18,48,17,14,21,36,12,12,21,19,29,32,40,40,35,53,44,48,52,41,55,15,40,26,18,34,22,45,13,17,21,59,57,55,57,60,46,Primera B Nacional
G. Canto,Ferro Carril Oeste,Argentina,3,"LB, LM",Left,174,32,68,,64,54,64,63,63,66,72,49,60,65,56,64,60,55,59,59,60,68,71,66,68,60,67,73,59,54,73,64,62,60,57,66,60,65,69,9,11,9,15,11,14,Primera B Nacional
S. Corda,Ferro Carril Oeste,Argentina,14,"RB, LB",Right,183,31,68,,75,53,62,67,65,64,71,49,60,67,56,65,61,46,62,66,72,78,74,63,70,60,66,69,61,53,65,68,60,51,53,68,67,63,65,10,14,13,12,14,9,Primera B Nacional
N. Kihm,Ferro Carril Oeste,Argentina,2,CB,Right,179,21,68,,65,50,55,57,75,70,52,44,73,60,51,54,43,47,65,57,67,64,59,69,63,66,72,61,72,50,75,72,44,46,52,64,74,77,76,12,15,15,8,12,6,Primera B Nacional
L. Lucero,Ferro Carril Oeste,Argentina,26,"CB, RB",Right,184,21,61,,54,40,50,51,66,66,49,36,63,59,33,45,39,42,48,57,56,53,50,55,54,56,62,59,71,38,64,65,36,41,39,57,65,68,70,12,6,10,10,9,13,Primera B Nacional
J. Orellana,Ferro Carril Oeste,Argentina,6,CB,Right,186,29,66,,57,47,56,56,68,68,50,43,72,64,34,49,45,49,59,61,58,57,55,69,57,65,67,64,69,43,72,71,38,51,51,70,70,66,63,6,14,13,11,6,9,Primera B Nacional
E. Ozuna,Ferro Carril Oeste,Argentina,4,"RB, LB",Right,179,30,71,,78,57,66,68,70,67,70,55,62,66,56,67,61,52,66,68,74,81,66,70,72,67,68,73,64,52,67,70,58,65,59,65,69,72,71,12,10,10,8,9,11,Primera B Nacional
L. Peña Biafore,Ferro Carril Oeste,Argentina,7,LB,Left,169,23,63,,68,51,56,65,61,60,60,51,50,55,43,65,55,45,55,66,65,70,66,59,68,55,59,69,55,51,61,57,52,55,46,62,62,66,62,7,15,12,13,11,8,Primera B Nacional
M. Tarón,Ferro Carril Oeste,Argentina,27,LB,Left,173,26,65,,67,51,63,67,66,66,71,46,61,65,48,69,56,50,59,67,68,66,65,62,67,56,58,72,67,59,59,62,53,58,49,60,66,71,65,9,11,10,11,15,12,Primera B Nacional
F. Tévez,Ferro Carril Oeste,Argentina,15,LB,Left,177,27,68,,72,54,64,67,65,64,70,51,61,67,46,67,58,54,66,69,71,72,61,64,74,62,67,63,63,56,65,66,58,53,53,61,63,66,68,10,9,13,10,14,14,Primera B Nacional
F. Torrent,Ferro Carril Oeste,Argentina,21,LB,Left,170,35,60,,62,43,56,60,58,57,60,38,55,59,41,57,49,49,54,63,61,63,62,60,60,58,56,65,53,40,59,60,49,53,42,57,58,57,62,15,15,10,12,7,8,Primera B Nacional
M. Zubowicz,Ferro Carril Oeste,Argentina,13,LB,Left,172,23,61,,64,46,58,58,59,61,63,41,51,61,43,56,56,44,63,58,66,62,61,61,60,55,56,69,58,49,62,66,51,48,41,56,59,57,63,12,9,6,15,15,15,Primera B Nacional
M. Campos,Ferro Carril Oeste,Argentina,12,"CM, CAM",Right,185,24,64,,60,56,66,67,57,61,58,54,51,74,51,65,61,58,63,69,62,59,67,70,67,59,54,61,61,60,63,60,56,64,58,62,55,59,53,8,10,8,10,7,12,Primera B Nacional
G. Castellani,Ferro Carril Oeste,Argentina,10,"LM, RM",Right,184,39,62,,62,57,60,64,43,58,63,57,52,61,52,66,64,58,53,62,69,57,67,66,68,57,54,70,54,58,53,41,54,62,57,57,51,32,45,7,11,12,8,11,9,Primera B Nacional
F. Cuzzani,Ferro Carril Oeste,Argentina,17,"RM, RW",Right,175,20,59,,66,53,60,60,43,54,63,51,45,61,53,63,65,55,54,60,67,65,61,54,59,56,49,59,54,53,49,46,61,60,53,49,41,42,41,12,14,7,6,14,15,Primera B Nacional
T. Esidín,Ferro Carril Oeste,Argentina,31,"RM, RW",Right,169,20,60,,70,58,58,61,42,50,60,59,48,56,57,63,58,51,55,61,69,70,59,58,58,59,50,60,46,58,49,44,55,61,59,53,39,43,37,11,10,15,13,11,14,Primera B Nacional
S. García,Ferro Carril Oeste,Argentina,28,"CM, CAM",Left,164,24,61,,55,56,60,65,54,58,57,51,57,63,55,67,56,53,59,67,54,56,56,65,59,64,56,62,56,58,60,56,61,60,55,56,52,56,50,13,12,13,14,9,15,Primera B Nacional
N. Gómez,Ferro Carril Oeste,Argentina,22,CDM,Left,185,30,65,,58,56,63,62,65,68,57,50,65,69,51,62,56,50,68,64,60,57,56,60,59,62,68,70,67,62,68,63,60,62,53,65,65,68,62,11,10,14,12,11,6,Primera B Nacional
Á. González,Ferro Carril Oeste,Argentina,8,"CM, CAM",Right,170,32,71,,65,66,73,70,61,68,67,65,61,79,59,72,67,70,72,69,64,66,66,73,70,68,61,70,67,69,69,62,67,73,66,75,61,60,61,15,13,15,11,13,7,Primera B Nacional
E. Hoyos,Ferro Carril Oeste,Argentina,16,CDM,Right,165,26,70,,68,62,67,66,71,69,57,62,68,74,59,69,58,60,68,64,69,68,61,71,66,63,71,72,68,65,69,71,63,69,56,64,73,71,71,6,14,9,14,14,15,Primera B Nacional
M. Kabalin,Ferro Carril Oeste,Argentina,5,CDM,Right,181,27,73,,65,64,69,68,74,77,61,60,67,72,59,65,61,63,78,73,63,66,66,69,67,70,76,83,76,69,74,76,65,67,61,70,73,76,74,8,13,7,7,14,15,Primera B Nacional
L. Marra,Ferro Carril Oeste,Argentina,18,"CM, CAM",Right,172,23,63,,60,57,64,63,57,58,63,55,52,67,50,64,60,57,64,63,59,61,64,64,61,58,51,65,55,63,57,54,58,62,55,63,58,60,53,12,10,14,8,8,8,Primera B Nacional
J. Menéndez,Ferro Carril Oeste,Argentina,24,LM,Right,169,32,63,,62,57,65,62,45,58,69,55,43,65,59,64,60,62,63,58,61,63,67,64,62,62,53,62,57,56,56,44,59,64,58,57,48,45,42,12,14,8,13,15,9,Primera B Nacional
F. Obradovich,Ferro Carril Oeste,Argentina,11,"LM, LW",Right,183,19,67,,74,61,67,68,47,63,66,61,51,72,60,72,66,57,62,64,75,73,70,61,67,64,56,67,63,56,58,53,63,66,59,65,42,47,48,10,14,8,13,14,8,Primera B Nacional
G. Olguín,Ferro Carril Oeste,Argentina,20,CAM,Right,177,26,64,,68,60,68,69,38,57,64,58,47,67,62,72,68,58,66,68,69,67,68,62,60,64,50,64,57,59,52,42,64,76,61,61,41,30,35,10,8,10,7,15,10,Primera B Nacional
E. Dening,Ferro Carril Oeste,Argentina,23,"LW, LM",Left,171,38,69,,71,71,66,70,39,60,71,74,57,67,60,72,70,64,57,66,66,75,72,73,76,69,59,70,58,71,52,41,73,67,68,67,34,38,32,13,14,7,12,15,11,Primera B Nacional
F. García,Ferro Carril Oeste,Argentina,19,"ST, CAM",Right,180,28,63,,69,64,51,63,29,62,48,65,63,53,63,62,55,58,49,66,70,69,59,64,58,62,61,60,65,63,57,24,66,49,60,65,26,27,19,12,14,14,15,8,13,Primera B Nacional
N. Montiel,Ferro Carril Oeste,Argentina,29,ST,Right,173,21,61,,64,60,54,61,29,62,51,60,62,61,61,58,51,51,46,64,66,63,63,65,52,62,65,59,65,57,57,25,62,51,59,64,26,26,19,15,6,10,6,12,11,Primera B Nacional
L. Parisi,Ferro Carril Oeste,Argentina,9,ST,Right,179,32,69,,67,70,63,70,37,69,60,71,66,69,70,68,59,66,55,72,67,67,73,76,63,69,72,72,72,67,57,32,70,60,69,70,38,34,26,13,6,10,13,11,13,Primera B Nacional
U. Pepe,Ferro Carril Oeste,Argentina,32,LW,Right,187,17,59,,69,59,56,62,28,48,54,61,44,56,57,63,59,49,53,61,69,69,66,58,66,60,49,59,43,58,47,28,57,59,53,59,30,25,20,14,7,12,11,14,13,Primera B Nacional
N. Reniero,Ferro Carril Oeste,Argentina,30,LW,Right,179,31,61,,68,57,57,64,31,53,57,57,46,58,56,62,56,54,53,66,72,65,67,58,65,60,49,64,50,52,46,34,63,59,58,58,31,24,28,10,14,12,14,10,12,Primera B Nacional
L. Escobar,Ferrocarril Midland,Argentina,25,GK,Right,187,24,58,,33,17,27,27,15,42,11,12,13,35,10,11,10,16,34,34,33,33,36,59,40,35,40,37,48,14,34,20,10,33,16,38,11,17,13,60,51,49,55,56,33,Primera B Nacional
S. García,Ferrocarril Midland,Argentina,30,GK,Left,189,21,58,,34,16,26,25,14,43,12,10,16,28,13,17,15,10,30,26,34,34,28,53,41,37,41,33,51,10,36,24,10,38,18,36,10,11,16,57,54,50,64,61,30,Primera B Nacional
M. Leguiza,Ferrocarril Midland,Argentina,1,GK,Right,187,33,71,,44,26,43,37,27,54,27,17,30,54,15,25,28,27,45,43,41,46,40,68,48,52,52,47,60,23,50,30,27,47,32,51,24,26,26,75,71,65,74,71,49,Primera B Nacional
I. Andrada,Ferrocarril Midland,Argentina,14,RB,Right,172,23,60,,68,45,55,58,58,58,59,37,52,57,45,55,47,48,59,60,64,71,61,62,61,53,54,64,56,53,59,53,54,48,46,60,59,60,63,11,8,13,7,14,12,Primera B Nacional
J. Canalda,Ferrocarril Midland,Argentina,32,CB,Right,183,21,56,,53,37,42,45,59,55,44,32,65,45,32,41,38,36,45,46,51,54,45,51,49,53,55,52,57,36,56,61,32,34,38,59,53,60,64,15,13,10,14,9,11,Primera B Nacional
P. Castorani,Ferrocarril Midland,Argentina,2,"CB, RB",Right,187,23,64,,57,44,52,54,65,65,49,39,62,58,41,53,44,45,57,53,54,59,50,61,56,56,61,60,69,44,64,67,37,44,42,59,63,65,68,10,8,7,15,13,14,Primera B Nacional
B. Lamosa,Ferrocarril Midland,Argentina,21,"RB, RM",Right,176,21,58,,63,46,54,55,55,60,63,43,48,53,41,57,55,41,53,51,63,63,57,54,61,53,50,58,61,48,60,51,48,53,46,56,54,58,62,7,8,13,10,6,14,Primera B Nacional
T. Muia,Ferrocarril Midland,Argentina,15,"LB, RB",Left,177,22,59,,64,45,56,59,59,58,63,42,53,60,39,59,54,46,51,59,66,62,60,53,61,57,54,60,56,38,59,58,52,47,49,55,61,59,61,9,10,9,15,12,9,Primera B Nacional
M. Olavarría,Ferrocarril Midland,Argentina,27,LB,Left,170,21,57,,64,43,53,50,55,54,58,39,52,54,38,46,49,39,52,51,62,65,55,55,60,53,54,62,51,43,54,51,41,50,44,51,57,57,55,11,7,9,8,10,7,Primera B Nacional
E. Porro,Ferrocarril Midland,Argentina,26,RB,Right,175,30,59,,64,43,57,56,55,59,56,37,46,62,46,50,51,45,57,59,58,68,62,60,64,52,56,65,58,45,54,50,47,52,43,59,61,54,59,14,7,11,7,7,14,Primera B Nacional
L. Recalde,Ferrocarril Midland,Argentina,4,RB,Right,174,31,67,,73,53,64,63,64,66,70,48,57,67,51,62,57,52,62,61,73,73,64,69,70,65,65,69,63,52,68,62,52,57,50,62,62,69,63,6,10,9,6,14,14,Primera B Nacional
M. Abbruzzesse,Ferrocarril Midland,Argentina,6,CM,Right,164,25,61,,58,56,62,62,51,58,59,56,50,62,51,64,65,60,63,59,61,55,64,61,61,60,53,64,57,57,53,56,53,63,54,60,46,52,50,14,15,13,15,15,6,Primera B Nacional
D. Aguilar,Ferrocarril Midland,Argentina,22,"CDM, CM",Left,184,22,57,,49,48,55,53,60,62,52,42,56,58,44,51,44,44,60,55,49,49,52,54,54,55,58,62,63,55,61,59,52,55,44,61,61,61,58,6,13,6,10,13,7,Primera B Nacional
T. Borgogno,Ferrocarril Midland,Argentina,28,RM,Right,164,20,57,,62,52,56,59,38,51,59,54,43,59,53,58,66,51,50,61,64,60,59,54,61,52,53,58,50,48,46,39,54,52,44,55,39,35,36,7,10,11,9,15,14,Primera B Nacional
J. Camaño,Ferrocarril Midland,Argentina,20,"CAM, ST",Right,174,24,69,,74,70,70,73,42,60,67,72,52,71,64,73,68,65,69,75,72,76,71,67,71,66,59,67,61,70,48,44,70,74,70,73,40,38,45,6,8,7,6,7,11,Primera B Nacional
P. Casarico,Ferrocarril Midland,Argentina,11,LM,Right,175,25,66,,71,59,69,67,46,61,74,57,51,73,53,67,66,58,67,67,75,68,67,68,64,63,59,72,56,59,58,50,61,63,61,66,46,43,39,9,11,8,14,10,9,Primera B Nacional
G. Cepeda,Ferrocarril Midland,Argentina,16,"CDM, CB",Right,184,26,67,,59,56,63,64,68,70,57,50,67,69,50,64,58,59,64,65,58,60,58,69,69,66,67,69,70,60,74,72,58,62,57,66,64,72,62,7,8,9,13,9,13,Primera B Nacional
L. Díaz Laharque,Ferrocarril Midland,Argentina,8,"CM, CDM",Right,176,31,70,,68,66,70,73,63,67,63,64,56,75,64,76,68,63,71,72,70,66,71,63,72,68,57,71,66,68,67,62,62,70,64,73,63,68,61,12,9,11,7,15,13,Primera B Nacional
M. Frattini,Ferrocarril Midland,Argentina,12,"CDM, CM",Right,176,36,61,,50,52,58,58,64,64,49,49,57,63,47,54,51,47,63,61,53,47,57,69,57,55,57,65,66,56,62,59,50,59,50,63,68,66,62,8,15,6,10,12,14,Primera B Nacional
R. Luna,Ferrocarril Midland,Argentina,18,CM,Right,165,31,64,,59,61,63,62,55,62,61,57,48,63,60,59,61,56,65,66,58,60,63,60,63,69,59,69,58,64,62,52,64,67,56,63,54,59,55,10,12,9,12,10,14,Primera B Nacional
F. Marín,Ferrocarril Midland,Argentina,3,"LM, RM",Right,170,25,63,,67,56,62,66,44,59,64,53,51,64,58,67,62,55,56,64,65,69,67,63,71,60,50,69,57,59,55,44,60,63,57,58,45,39,45,11,6,11,7,13,6,Primera B Nacional
M. Penepil,Ferrocarril Midland,Argentina,7,"RM, RW",Right,177,23,61,,63,54,62,62,43,57,67,54,49,63,46,62,65,50,55,63,64,62,69,57,65,58,48,65,54,53,56,43,58,63,53,52,42,44,38,7,6,12,14,11,13,Primera B Nacional
M. Roseti,Ferrocarril Midland,Argentina,5,CDM,Left,166,29,70,,65,59,67,67,72,77,62,52,64,71,54,64,55,65,70,72,64,65,61,66,69,68,63,77,80,63,75,73,64,68,62,65,70,74,74,11,15,7,10,15,12,Primera B Nacional
N. Violini,Ferrocarril Midland,Argentina,10,CAM,Right,168,26,70,,68,69,70,74,43,58,67,68,58,69,64,75,71,64,71,73,66,69,75,70,80,69,57,65,57,70,53,48,71,75,69,68,40,39,41,10,8,14,6,12,10,Primera B Nacional
E. Bulacio,Ferrocarril Midland,Argentina,19,ST,Right,186,24,66,,68,68,55,64,34,64,53,69,65,59,63,63,58,54,53,64,61,73,66,71,61,71,63,63,70,62,52,31,71,49,68,70,34,28,24,12,14,11,8,11,10,Primera B Nacional
S. Cani,Ferrocarril Midland,Argentina,24,"RW, ST",Right,182,23,58,,68,53,56,60,28,52,57,50,42,58,54,63,61,55,48,55,66,70,67,60,65,55,50,60,49,55,48,31,64,56,52,56,25,26,25,15,13,13,15,6,7,Primera B Nacional
R. Cao,Ferrocarril Midland,Argentina,29,ST,Left,183,25,61,,66,63,50,60,26,64,51,65,66,53,62,62,52,52,45,60,63,68,56,62,51,64,64,59,69,55,56,27,65,48,65,65,20,22,18,6,14,10,9,10,12,Primera B Nacional
M. Flores,Ferrocarril Midland,Argentina,23,"LW, ST",Right,179,26,65,,72,63,63,73,34,58,67,65,51,66,58,72,65,54,50,77,71,72,75,61,68,61,56,65,56,65,55,34,59,64,59,60,34,29,27,6,7,11,9,14,6,Primera B Nacional
U. Guzmán,Ferrocarril Midland,Argentina,17,RW,Right,172,20,57,,65,56,54,59,31,50,53,58,44,55,53,58,54,52,49,61,62,67,62,56,65,54,48,58,49,54,42,31,62,59,50,53,31,30,22,6,14,11,11,8,15,Primera B Nacional
V. Madalón,Ferrocarril Midland,Argentina,13,RW,Right,178,21,60,,66,56,56,67,28,51,60,55,46,56,58,69,55,54,48,68,67,66,66,61,68,57,48,65,45,56,47,34,62,61,55,54,24,22,27,7,13,6,12,14,9,Primera B Nacional
J. Perales,Ferrocarril Midland,Argentina,9,ST,Left,177,25,64,,63,65,53,64,31,65,50,65,60,57,63,63,61,55,47,65,62,63,59,68,60,66,62,60,72,64,56,35,67,49,70,66,29,23,25,6,12,6,14,12,14,Primera B Nacional
S. Primante,Ferrocarril Midland,Argentina,31,RW,Right,174,21,57,,65,55,58,60,29,52,62,56,46,63,56,58,56,54,46,64,67,64,58,58,61,60,49,65,47,49,48,33,60,56,50,54,28,23,24,10,15,15,11,7,12,Primera B Nacional
M. Álvarez,Gimnasia (Jujuy),Argentina,1,GK,Right,187,37,67,,39,22,34,34,25,48,26,11,24,41,13,22,21,22,30,38,36,41,45,61,40,50,57,40,54,22,40,31,19,41,30,53,24,23,24,68,65,62,68,68,44,Primera B Nacional
G. Gómez,Gimnasia (Jujuy),Argentina,25,GK,Right,183,40,60,,35,16,27,30,17,44,12,10,17,34,10,18,19,14,28,34,34,36,37,62,43,37,48,37,50,10,38,26,10,35,21,41,11,18,16,60,62,54,58,66,41,Primera B Nacional
M. Ramos Mingo,Gimnasia (Jujuy),Argentina,12,GK,Right,188,26,61,,41,20,28,28,16,44,16,14,17,32,10,14,17,12,28,33,42,40,34,56,41,41,50,33,53,15,36,25,15,38,17,42,12,14,14,63,62,56,64,65,37,Primera B Nacional
A. Subirats,Gimnasia (Jujuy),Argentina,30,GK,Left,194,20,59,,36,17,28,28,20,45,17,13,23,34,10,17,17,12,32,33,37,35,32,51,42,37,52,36,50,10,40,31,10,34,16,35,20,16,11,61,54,52,58,65,43,Primera B Nacional
F. Camargo,Gimnasia (Jujuy),Argentina,26,RB,Right,175,26,63,,70,53,59,61,62,59,65,52,56,62,49,60,49,53,53,60,68,71,62,62,66,58,63,64,55,53,63,65,51,58,49,59,65,61,57,13,13,6,7,10,6,Primera B Nacional
G. Cosaro,Gimnasia (Jujuy),Argentina,2,"CB, CDM",Left,184,37,69,,62,49,59,58,75,72,58,44,71,64,46,54,49,52,64,60,60,64,54,73,59,65,76,59,79,47,70,73,43,53,47,66,73,80,71,13,9,10,7,6,15,Primera B Nacional
N. Dematei,Gimnasia (Jujuy),Argentina,4,"RB, RM",Right,181,38,68,,72,54,63,66,67,65,66,50,63,66,49,64,60,58,65,66,73,71,72,64,70,57,67,74,60,57,64,72,59,57,56,62,67,67,63,11,10,15,13,15,14,Primera B Nacional
E. Endrizzi,Gimnasia (Jujuy),Argentina,13,CB,Right,179,32,66,,56,48,54,55,69,68,48,42,64,64,42,52,47,45,57,55,54,57,54,64,58,65,71,62,70,46,71,69,45,45,52,68,69,71,71,6,6,11,15,12,7,Primera B Nacional
M. Lazarte,Gimnasia (Jujuy),Argentina,3,LB,Left,180,21,66,,71,52,62,61,62,63,65,50,53,64,45,58,62,51,58,63,70,71,63,65,68,62,63,72,59,50,62,60,53,61,50,61,62,66,68,9,7,12,10,8,14,Primera B Nacional
D. López,Gimnasia (Jujuy),Argentina,24,CB,Right,189,34,63,,53,45,52,51,64,63,56,40,64,57,35,44,43,42,58,54,50,55,52,65,54,62,66,53,64,45,70,56,37,39,45,67,66,67,61,9,11,14,8,15,13,Primera B Nacional
F. Maldonado,Gimnasia (Jujuy),Argentina,27,LB,Right,169,24,60,,64,46,55,57,59,61,63,43,54,55,41,56,50,42,53,57,66,63,59,56,61,56,59,63,59,46,64,62,46,53,47,60,63,55,58,12,15,10,7,6,10,Primera B Nacional
D. Minervino,Gimnasia (Jujuy),Argentina,6,CB,Right,185,30,69,,63,50,57,60,70,73,54,44,69,64,41,59,53,52,60,62,61,65,56,64,54,65,73,66,76,51,72,70,44,47,50,67,69,73,65,11,12,13,15,7,10,Primera B Nacional
J. Varela,Gimnasia (Jujuy),Argentina,14,RB,Right,166,29,63,,70,47,59,59,60,64,67,42,55,55,44,61,53,48,61,54,71,69,68,64,64,57,63,66,62,48,69,58,51,60,49,59,60,63,65,15,15,15,12,11,12,Primera B Nacional
G. Villarreal Umpierrez,Gimnasia (Jujuy),Argentina,15,LB,Right,184,28,63,,67,52,59,61,60,61,61,49,50,65,43,64,55,48,53,58,64,70,66,59,63,57,60,67,58,54,60,61,54,54,48,55,63,61,59,8,6,7,6,13,8,Primera B Nacional
J. Bautista,Gimnasia (Jujuy),Argentina,22,"CDM, CB",Right,175,24,61,,53,56,59,58,63,64,56,55,52,63,47,54,50,53,59,62,52,53,56,64,56,62,59,66,64,55,64,67,47,57,53,60,62,66,61,6,14,11,8,10,13,Primera B Nacional
M. Cachi,Gimnasia (Jujuy),Argentina,17,RM,Right,178,28,69,,74,64,68,69,48,63,67,65,53,70,55,71,68,59,69,65,72,76,75,67,71,65,58,75,57,62,63,55,67,65,67,63,46,43,46,6,14,8,11,6,13,Primera B Nacional
D. Gallardo,Gimnasia (Jujuy),Argentina,16,"CM, CAM",Right,174,31,69,,67,66,68,73,64,68,67,63,60,69,59,71,67,58,71,78,68,67,70,73,71,73,64,75,66,68,64,62,68,69,66,68,67,63,63,6,10,10,12,7,14,Primera B Nacional
F. Maidana,Gimnasia (Jujuy),Argentina,8,CM,Right,174,24,70,,69,66,68,71,62,69,62,60,65,70,61,72,65,63,75,70,73,65,65,74,72,67,65,68,70,76,70,63,74,68,65,71,65,59,57,13,13,9,9,7,9,Primera B Nacional
F. Molina,Gimnasia (Jujuy),Argentina,7,"RM, RW",Right,170,35,67,,68,62,64,69,50,61,72,61,53,63,58,72,67,65,56,65,70,66,70,74,68,64,60,68,58,62,60,50,69,62,60,60,48,52,42,8,7,6,10,12,14,Primera B Nacional
F. Paradela,Gimnasia (Jujuy),Argentina,10,"CAM, CM",Right,175,25,59,,60,60,59,62,32,51,59,60,43,61,55,59,60,55,53,65,61,60,64,59,68,60,47,59,49,64,48,34,61,60,57,60,30,30,32,14,6,10,9,13,6,Primera B Nacional
C. Pombo,Gimnasia (Jujuy),Argentina,18,"CM, CAM",Right,162,32,62,,56,56,62,66,54,60,56,52,57,67,51,69,60,51,65,63,50,60,66,68,56,58,50,69,58,60,58,53,64,62,61,68,50,56,54,13,11,13,14,10,8,Primera B Nacional
H. Soria,Gimnasia (Jujuy),Argentina,5,"CDM, CB",Left,178,36,67,,55,56,64,65,68,70,59,51,64,69,54,64,56,55,61,67,54,56,67,65,57,67,65,76,68,58,69,70,62,65,54,69,65,70,68,14,9,6,15,14,14,Primera B Nacional
P. Toledo,Gimnasia (Jujuy),Argentina,33,"CDM, CM",Right,179,21,57,,50,46,54,54,59,60,49,42,61,55,45,52,48,45,59,56,47,52,53,58,57,51,55,60,62,51,57,62,49,55,45,57,56,61,57,11,15,6,14,8,8,Primera B Nacional
E. Zambrano,Gimnasia (Jujuy),Argentina,34,"CAM, CM",Left,175,19,56,,61,56,58,58,30,47,52,54,38,62,49,61,62,53,51,56,58,64,62,51,59,62,43,52,45,55,46,30,59,63,51,53,31,27,30,11,14,9,10,14,6,Primera B Nacional
H. Zapatiel,Gimnasia (Jujuy),Argentina,21,RM,Left,171,22,58,,62,53,58,59,38,53,61,52,46,58,43,62,55,54,54,55,60,63,64,57,60,52,48,52,53,58,56,38,51,58,51,58,36,38,34,9,10,12,6,10,10,Primera B Nacional
A. Alonso,Gimnasia (Jujuy),Argentina,29,"ST, RW",Right,187,25,62,,66,62,52,61,30,64,52,61,65,56,65,59,53,47,45,63,64,68,59,65,59,69,61,59,69,57,56,23,62,52,55,61,30,27,22,11,11,11,13,9,15,Primera B Nacional
A. Argañaraz,Gimnasia (Jujuy),Argentina,11,"LW, LM",Left,178,28,67,,77,65,61,71,36,57,64,67,55,59,64,74,64,64,55,68,76,77,72,70,71,67,55,69,54,59,52,41,63,65,59,68,27,36,32,15,9,9,8,13,6,Primera B Nacional
O. Bianchi,Gimnasia (Jujuy),Argentina,23,LW,Right,171,31,60,,66,59,55,63,34,51,59,62,51,53,55,64,61,53,54,63,68,65,67,57,61,57,53,58,51,57,44,32,59,55,56,54,32,34,23,15,13,8,7,8,12,Primera B Nacional
M. Casa,Gimnasia (Jujuy),Argentina,9,ST,Right,179,33,60,,58,62,51,61,28,57,47,64,60,55,58,64,53,47,47,60,61,55,57,63,55,66,61,55,59,53,53,25,62,52,60,65,22,26,21,15,12,6,12,11,13,Primera B Nacional
A. Cisneros,Gimnasia (Jujuy),Argentina,32,"RW, RM",Left,176,21,58,,64,56,55,63,28,48,59,54,40,57,57,64,59,58,44,62,66,63,66,58,64,58,45,53,48,56,43,27,62,54,51,52,30,22,27,8,11,6,12,7,8,Primera B Nacional
N. Denis,Gimnasia (Jujuy),Argentina,31,ST,Right,166,23,60,,59,65,51,56,26,57,49,70,60,56,58,51,51,46,40,59,58,59,57,62,58,65,58,55,61,55,49,25,66,56,57,59,22,22,17,14,6,15,14,7,14,Primera B Nacional
J. Cruz Franzoni,Gimnasia (Jujuy),Argentina,28,"LW, LM",Left,169,26,62,,68,62,58,66,32,54,57,64,47,61,60,69,58,52,53,64,68,68,66,60,68,61,54,60,53,59,51,36,66,61,58,58,25,34,28,11,15,11,6,10,7,Primera B Nacional
A. Leiva,Gimnasia (Jujuy),Argentina,20,"RW, RM",Right,177,18,59,,65,59,59,61,28,48,59,64,43,62,56,60,55,54,57,63,67,64,69,57,66,56,48,52,48,54,41,27,58,57,57,46,29,25,19,8,8,7,11,15,13,Primera B Nacional
C. Menéndez,Gimnasia (Jujuy),Argentina,19,"RW, ST",Left,169,38,66,,69,62,65,68,34,55,68,63,55,67,62,70,67,62,59,65,75,64,76,65,66,62,53,65,51,59,54,39,69,63,63,68,33,26,33,7,10,14,6,6,9,Primera B Nacional
F. Cosentino,Gimnasia y Tiro (Salta),Argentina,1,GK,Right,182,39,66,,38,22,35,32,24,47,24,13,26,42,18,18,20,24,36,37,40,36,40,60,45,46,60,36,55,22,39,25,15,39,27,45,21,25,28,71,62,58,67,67,41,Primera B Nacional
S. Nogales,Gimnasia y Tiro (Salta),Argentina,25,GK,Left,185,28,61,,37,21,31,30,20,43,15,13,21,39,12,18,23,17,35,35,37,37,42,54,38,47,48,34,49,16,36,24,10,37,27,45,17,19,19,61,58,54,62,60,42,Primera B Nacional
J. Papaleo,Gimnasia y Tiro (Salta),Argentina,12,GK,Left,176,32,65,,32,23,32,29,22,50,16,13,23,37,15,16,24,19,36,33,31,32,37,62,42,48,53,39,58,26,41,27,16,41,21,49,20,19,22,67,62,61,68,66,44,Primera B Nacional
V. Yampa,Gimnasia y Tiro (Salta),Argentina,30,GK,Left,186,17,55,,33,15,25,23,14,36,11,10,18,31,10,10,10,10,29,28,31,34,29,48,36,34,43,30,42,10,28,22,10,33,17,38,10,11,11,56,53,51,56,59,35,Primera B Nacional
I. Cháves,Gimnasia y Tiro (Salta),Argentina,9,CB,Right,182,33,62,,51,41,51,50,65,65,53,31,66,57,33,43,38,44,53,54,47,55,51,63,54,58,65,58,69,50,63,64,41,41,41,67,64,66,65,7,6,7,11,10,15,Primera B Nacional
G. Díaz,Gimnasia y Tiro (Salta),Argentina,13,"CB, CDM",Right,180,36,65,,60,45,51,55,70,66,48,42,72,56,40,50,49,42,52,57,56,64,57,67,54,57,64,56,69,41,71,72,41,48,43,67,69,71,66,11,7,6,13,11,15,Primera B Nacional
J. Galetto,Gimnasia y Tiro (Salta),Argentina,14,RB,Left,177,30,67,,70,56,62,62,63,66,64,52,55,67,52,65,59,57,63,58,70,70,66,58,71,64,63,72,63,59,67,63,53,54,53,61,65,61,68,6,15,9,8,10,15,Primera B Nacional
J. Gordillo,Gimnasia y Tiro (Salta),Argentina,20,"LB, RB",Left,173,20,55,,66,41,52,54,52,54,56,38,45,53,38,53,53,39,53,54,62,69,58,50,61,47,50,61,51,41,55,51,44,50,41,46,54,55,51,10,7,13,10,6,15,Primera B Nacional
M. Guanini,Gimnasia y Tiro (Salta),Argentina,2,"CB, CDM",Right,186,30,71,,65,48,56,61,75,74,55,41,72,59,44,57,52,53,58,64,63,66,62,71,63,67,74,71,76,48,71,73,43,52,54,66,78,74,76,11,7,9,15,14,9,Primera B Nacional
L. Montoya,Gimnasia y Tiro (Salta),Argentina,6,CB,Right,190,31,64,,63,44,49,53,67,64,51,37,65,52,36,53,48,47,55,53,67,60,51,62,54,57,65,59,67,47,63,74,44,40,45,56,65,66,65,6,12,15,11,7,14,Primera B Nacional
J. Oviedo,Gimnasia y Tiro (Salta),Argentina,27,LB,Left,171,20,60,,69,46,52,57,57,58,58,41,49,54,43,57,52,48,48,56,68,69,61,58,65,58,60,64,55,46,57,56,45,46,45,51,57,60,60,6,13,8,6,12,10,Primera B Nacional
G. Soto,Gimnasia y Tiro (Salta),Argentina,15,"LB, LM",Right,173,36,63,,63,48,58,61,60,59,64,44,53,60,46,61,57,49,56,59,60,65,65,62,64,53,56,66,56,51,59,66,49,54,47,56,64,56,60,11,8,9,9,8,12,Primera B Nacional
A. Tallura,Gimnasia y Tiro (Salta),Argentina,10,CB,Right,181,39,62,,52,43,49,51,65,65,46,38,63,53,35,44,41,42,57,57,50,54,49,58,59,55,61,60,67,44,66,64,40,43,45,63,69,64,58,10,9,8,10,11,8,Primera B Nacional
R. Villarreal,Gimnasia y Tiro (Salta),Argentina,24,CB,Right,191,36,63,,54,43,49,54,66,64,49,40,62,54,37,50,41,42,55,56,54,54,57,63,54,54,68,62,66,42,58,66,40,41,43,57,65,67,65,6,10,13,9,8,12,Primera B Nacional
J. Aguirre,Gimnasia y Tiro (Salta),Argentina,3,LM,Left,171,34,67,,65,62,69,71,48,60,69,59,53,70,61,73,64,60,66,70,66,65,74,66,72,64,55,72,56,65,56,46,62,71,67,64,48,47,50,10,11,13,13,15,13,Primera B Nacional
T. Banega,Gimnasia y Tiro (Salta),Argentina,5,"CDM, CB",Right,172,27,67,,57,57,64,64,67,69,56,51,65,71,53,64,61,55,69,66,58,57,59,63,60,68,66,69,68,57,70,70,67,61,59,68,67,68,63,15,12,7,10,7,11,Primera B Nacional
I. Batista,Gimnasia y Tiro (Salta),Argentina,21,"LM, LW",Left,170,19,55,,62,52,56,56,34,52,60,50,40,56,48,58,57,50,57,51,63,62,65,54,56,50,42,64,51,57,42,38,56,51,48,49,34,31,34,9,9,14,9,6,12,Primera B Nacional
M. Birge,Gimnasia y Tiro (Salta),Argentina,16,"CM, CDM",Right,178,37,63,,60,58,65,65,56,57,55,57,53,67,48,61,59,55,68,69,65,55,65,68,63,60,59,63,55,62,56,56,56,74,55,64,56,57,52,7,6,8,8,14,14,Primera B Nacional
T. Borquez,Gimnasia y Tiro (Salta),Argentina,19,CM,Left,175,20,59,,56,54,60,62,51,59,54,49,44,60,51,61,60,56,65,66,58,54,55,52,63,64,51,62,59,56,55,50,60,61,53,56,56,48,51,6,14,12,10,9,12,Primera B Nacional
J. Ignacio Capano,Gimnasia y Tiro (Salta),Argentina,18,"LM, LW",Right,174,22,58,,60,52,59,57,40,52,64,51,48,60,48,56,60,49,53,56,61,60,65,56,58,53,52,61,51,54,42,43,52,61,54,53,36,39,36,10,13,11,15,9,9,Primera B Nacional
W. Montoya,Gimnasia y Tiro (Salta),Argentina,4,"LM, LW",Left,174,33,67,,67,60,66,72,47,59,68,55,50,66,62,74,64,62,63,73,68,67,71,66,68,66,54,71,53,63,58,47,60,69,65,69,48,45,44,6,12,13,7,6,11,Primera B Nacional
N. Rinaldi,Gimnasia y Tiro (Salta),Argentina,11,LM,Right,175,33,70,,71,64,72,75,50,64,75,60,54,70,59,77,72,62,70,73,70,72,73,71,76,67,56,74,62,72,61,51,66,74,63,72,47,52,44,8,11,15,11,9,14,Primera B Nacional
A. Rodríguez,Gimnasia y Tiro (Salta),Argentina,22,"CDM, CB",Left,190,21,57,,50,47,53,54,61,63,43,44,53,61,37,52,44,43,57,58,50,50,46,60,50,52,55,64,63,50,66,64,53,50,46,60,63,59,60,12,10,10,6,7,15,Primera B Nacional
F. Sivetti,Gimnasia y Tiro (Salta),Argentina,8,CM,Right,172,28,66,,59,62,65,65,59,65,65,57,60,63,60,67,70,57,65,62,61,57,63,64,66,66,60,75,61,68,63,60,65,67,56,66,58,60,59,7,8,10,8,14,6,Primera B Nacional
N. Contín,Gimnasia y Tiro (Salta),Argentina,17,RW,Right,180,30,63,,72,60,59,64,33,55,67,58,47,58,57,64,61,58,48,64,74,70,68,58,67,61,52,62,55,64,49,34,66,62,53,64,31,32,28,8,7,13,9,9,11,Primera B Nacional
L. Gordillo,Gimnasia y Tiro (Salta),Argentina,7,"RW, ST",Right,176,27,69,,74,70,68,73,38,62,70,73,49,71,67,71,65,63,59,76,73,75,74,67,73,70,58,68,62,66,58,35,73,69,65,69,37,36,37,9,10,9,11,13,7,Primera B Nacional
F. Karabulut,Gimnasia y Tiro (Salta),Argentina,29,ST,Right,181,18,56,,62,61,47,55,20,52,47,64,59,53,58,56,51,44,39,53,60,64,55,59,50,60,64,50,53,59,49,17,61,41,57,54,18,13,14,6,8,10,11,7,9,Primera B Nacional
J. Rocca,Gimnasia y Tiro (Salta),Argentina,28,LW,Left,170,26,68,,77,66,67,73,38,60,70,64,55,68,63,74,65,60,67,75,76,78,74,69,68,67,54,69,58,70,57,40,70,66,66,66,36,35,29,10,6,7,8,12,14,Primera B Nacional
F. Rojas,Gimnasia y Tiro (Salta),Argentina,23,"LW, LM",Left,170,25,68,,78,66,64,72,38,58,70,70,54,61,62,74,70,65,60,69,77,78,72,72,73,61,57,64,56,64,56,35,68,66,63,69,40,36,30,13,13,9,8,10,10,Primera B Nacional
J. Turletti,Gimnasia y Tiro (Salta),Argentina,31,ST,Right,175,21,56,,60,56,45,55,22,55,43,58,57,46,56,58,50,44,40,52,57,62,55,62,52,56,55,51,61,51,47,20,56,49,58,53,17,18,13,15,8,14,11,8,12,Primera B Nacional
N. Cláa,Godoy Cruz,Argentina,25,GK,Right,190,22,59,,34,18,27,25,19,40,11,12,18,32,10,12,12,14,32,28,33,35,35,55,39,41,53,28,49,14,30,25,10,37,21,37,16,18,19,57,59,56,60,58,41,Primera B Nacional
R. Ramírez,Godoy Cruz,Argentina,1,GK,Left,189,30,70,,44,28,40,37,27,54,28,21,33,44,18,25,23,25,46,39,41,47,49,68,50,52,55,44,62,22,45,33,24,49,36,49,25,23,28,71,68,65,72,70,45,Primera B Nacional
J. Strumia,Godoy Cruz,Argentina,12,GK,Left,187,26,67,,38,24,36,35,22,52,25,14,22,43,20,20,24,25,33,42,34,42,42,58,44,46,55,44,59,23,44,26,20,42,28,52,23,18,24,68,68,62,66,69,44,Primera B Nacional
C. Alessandria,Godoy Cruz,Argentina,13,"CB, RB",Right,184,26,60,,55,41,47,48,65,62,45,36,60,54,38,41,38,42,50,54,52,57,46,56,53,61,63,50,65,36,67,65,31,39,39,60,64,66,68,8,8,10,6,13,9,Primera B Nacional
L. Arce,Godoy Cruz,Argentina,2,"CB, CDM",Right,190,29,68,,61,49,54,58,71,71,52,47,74,59,46,57,47,45,62,57,62,61,56,72,60,59,73,66,73,45,73,69,49,45,45,66,72,72,68,12,9,9,15,8,9,Primera B Nacional
N. Brunet,Godoy Cruz,Argentina,4,RB,Right,181,26,67,,73,53,64,61,65,66,73,50,58,68,51,57,59,54,63,60,69,76,74,61,76,56,62,68,62,55,73,64,57,53,57,65,67,67,65,8,13,15,12,14,12,Primera B Nacional
E. Burgos,Godoy Cruz,Argentina,26,RB,Left,171,34,63,,64,45,60,63,59,62,68,38,56,63,42,61,50,49,53,65,63,64,64,60,68,57,61,71,60,47,57,60,50,57,45,69,59,57,64,14,13,10,9,14,15,Primera B Nacional
F. Gerometta,Godoy Cruz,Argentina,3,LB,Left,181,27,68,,74,51,62,66,69,67,74,44,52,61,47,65,56,56,57,68,72,76,68,62,72,63,63,72,67,54,63,66,54,56,54,64,72,71,73,14,11,11,6,14,13,Primera B Nacional
F. Milo,Godoy Cruz,Argentina,27,"LB, RB",Left,180,34,64,,65,48,64,58,62,65,67,42,55,71,46,58,52,49,62,56,66,64,62,65,64,59,63,70,63,52,65,62,55,59,44,61,62,64,68,8,8,13,14,7,6,Primera B Nacional
G. Montivero,Godoy Cruz,Argentina,20,"CB, CDM",Right,192,21,58,,53,37,46,46,60,60,40,31,58,52,35,42,40,41,55,48,55,52,48,57,44,51,59,55,62,41,61,57,27,39,38,54,61,61,63,7,6,13,13,6,12,Primera B Nacional
J. Morán,Godoy Cruz,Argentina,15,LB,Left,171,20,63,,70,47,59,62,62,63,68,43,55,62,43,57,54,53,55,68,69,71,66,55,63,54,56,70,60,49,62,61,52,51,46,54,61,65,61,9,11,15,7,11,9,Primera B Nacional
L. Quiroz,Godoy Cruz,Argentina,24,CB,Right,186,22,61,,59,40,48,50,66,65,43,32,63,57,35,44,43,39,55,56,59,59,52,60,47,56,61,54,72,43,62,64,35,38,40,54,69,66,63,9,10,9,9,7,10,Primera B Nacional
T. Rossi,Godoy Cruz,Argentina,14,"RB, RM",Right,167,27,66,,69,47,62,61,63,64,67,39,61,62,47,59,56,52,64,60,66,72,66,63,67,55,59,70,61,54,67,63,58,58,52,59,65,60,72,10,12,12,7,12,9,Primera B Nacional
D. Viera,Godoy Cruz,Argentina,6,CB,Right,184,35,63,,51,44,50,55,63,68,48,37,67,52,40,50,49,46,58,60,50,51,54,58,49,59,67,62,70,44,70,63,39,43,49,63,65,60,60,10,6,11,6,9,14,Primera B Nacional
J. Alberti,Godoy Cruz,Argentina,22,CDM,Right,173,20,61,,55,53,59,57,64,64,55,51,59,64,50,56,50,50,63,60,56,55,56,58,54,58,60,65,63,53,68,66,53,55,52,55,62,67,60,11,7,11,11,6,15,Primera B Nacional
J. Andrada,Godoy Cruz,Argentina,10,CAM,Right,179,31,65,,64,63,66,69,38,57,59,62,46,69,62,71,68,59,58,67,68,61,71,67,68,61,50,64,55,63,55,39,70,75,64,66,39,37,31,11,10,15,12,12,8,Primera B Nacional
F. Cairus,Godoy Cruz,Argentina,11,LM,Left,181,26,62,,63,56,60,66,42,56,65,52,51,60,53,69,61,58,60,61,68,59,69,66,69,62,54,65,52,57,57,42,59,57,58,61,42,40,40,7,12,12,10,7,10,Primera B Nacional
G. Gil Romero,Godoy Cruz,Argentina,8,"CM, CAM",Right,182,33,68,,62,64,71,68,62,64,63,63,53,77,62,68,63,64,71,67,63,61,66,77,66,65,64,74,59,68,65,59,67,71,61,71,62,67,61,7,10,13,14,14,12,Primera B Nacional
S. Martínez,Godoy Cruz,Argentina,18,CM,Right,171,22,60,,56,53,64,60,53,60,62,49,51,70,45,54,61,56,65,66,59,54,63,59,57,53,51,58,61,59,61,51,60,59,61,65,52,56,52,13,6,14,6,8,8,Primera B Nacional
V. Poggi,Godoy Cruz,Argentina,7,RM,Right,170,24,69,,72,64,68,72,48,62,72,63,54,66,61,73,69,61,70,74,74,71,73,67,71,71,58,77,57,63,59,50,64,67,62,60,42,51,51,6,7,8,8,15,15,Primera B Nacional
B. Rojas,Godoy Cruz,Argentina,30,"CM, CDM",Right,168,19,57,,56,53,57,60,50,57,49,50,48,64,52,57,49,56,61,65,60,53,58,52,63,55,56,62,54,59,60,53,55,51,46,50,50,51,46,10,8,6,15,13,14,Primera B Nacional
B. Schamine,Godoy Cruz,Argentina,16,"CM, CDM",Right,178,22,62,,59,55,65,61,56,59,64,52,51,67,53,66,53,59,70,57,58,59,58,65,61,58,56,64,57,54,59,58,66,62,57,59,56,55,56,7,8,9,11,11,12,Primera B Nacional
A. Valverde,Godoy Cruz,Argentina,17,CM,Right,173,24,61,,59,54,60,62,54,62,53,50,49,63,57,63,57,59,63,63,64,55,61,61,65,59,52,66,62,56,57,58,58,63,55,57,52,56,50,8,6,14,11,8,6,Primera B Nacional
R. Fernández,Godoy Cruz,Argentina,28,"LW, LM",Left,167,19,59,,65,53,59,60,27,48,61,55,39,59,51,59,61,55,50,60,66,65,61,58,64,53,46,53,48,49,43,34,61,64,51,57,27,21,19,9,14,13,15,6,11,Primera B Nacional
O. González,Godoy Cruz,Argentina,32,"ST, RW",Right,177,20,57,,62,54,49,55,22,56,48,53,55,54,60,53,54,47,43,57,62,62,55,53,55,56,57,51,61,50,49,17,59,46,53,50,22,16,18,7,15,8,15,15,13,Primera B Nacional
A. Guerrero,Godoy Cruz,Argentina,23,"LW, ST",Left,172,18,60,,65,60,56,62,32,49,55,64,46,58,54,65,63,59,49,60,69,62,65,58,60,59,49,60,46,53,44,31,62,54,55,58,31,32,20,9,10,13,7,11,6,Primera B Nacional
F. Oviedo,Godoy Cruz,Argentina,21,ST,Left,171,22,58,,59,58,47,59,25,57,51,61,58,51,58,62,50,43,42,55,57,60,56,61,56,58,61,53,61,53,50,17,61,39,52,61,25,21,23,14,8,12,10,7,11,Primera B Nacional
M. Pino,Godoy Cruz,Argentina,9,"ST, RW",Left,181,28,72,,73,75,60,68,41,73,59,78,75,61,76,69,69,61,52,67,70,75,68,76,62,76,78,65,79,66,66,33,80,61,73,74,45,35,26,6,7,12,9,6,6,Primera B Nacional
W. Riquelme,Godoy Cruz,Argentina,5,"LW, ST",Left,179,24,64,,70,62,64,68,33,56,66,62,48,65,58,69,69,56,62,67,71,70,70,67,65,64,58,61,58,62,46,34,60,64,62,61,33,29,28,6,8,10,8,6,15,Primera B Nacional
A. Rodríguez,Godoy Cruz,Argentina,29,ST,Right,180,29,65,,65,65,54,64,31,64,45,65,65,62,69,64,61,53,48,62,63,66,67,65,63,65,64,59,68,63,58,26,68,53,64,67,28,28,22,10,7,6,13,8,13,Primera B Nacional
M. Sosa,Godoy Cruz,Argentina,31,ST,Right,188,24,60,,63,60,50,59,28,56,50,61,62,54,62,55,54,48,44,63,64,62,52,64,63,66,65,54,57,52,54,18,65,46,58,67,27,25,24,10,14,10,8,15,8,Primera B Nacional
N. Ulariaga,Godoy Cruz,Argentina,19,"ST, CAM",Right,178,24,64,,65,69,53,63,32,63,53,72,67,53,63,59,57,53,51,66,67,64,66,67,63,71,62,63,65,60,57,32,75,52,65,66,30,26,23,9,7,9,6,6,6,Primera B Nacional
K. Valdez,Godoy Cruz,Argentina,33,RW,Right,179,18,56,,66,52,57,55,26,49,61,53,41,60,55,57,56,48,50,51,69,63,66,51,58,54,47,54,46,49,50,29,55,57,49,52,24,22,24,14,13,9,11,14,11,Primera B Nacional
M. Brey,Los Andes,Argentina,30,GK,Left,182,21,57,,31,17,25,26,15,45,10,10,20,33,10,13,11,10,26,30,32,31,36,51,42,39,49,41,51,13,35,20,10,33,13,38,10,14,14,50,52,52,60,57,34,Primera B Nacional
J. Bustillos,Los Andes,Argentina,12,GK,Right,189,29,63,,37,21,30,28,21,46,17,10,27,40,15,16,18,16,28,32,40,34,32,61,43,45,56,39,53,22,33,30,16,36,24,44,20,17,16,61,63,57,67,67,41,Primera B Nacional
S. López,Los Andes,Argentina,1,GK,Right,189,41,67,,36,22,37,33,24,50,27,16,31,39,11,24,20,25,38,32,35,37,42,65,40,42,62,43,56,18,43,29,20,49,26,51,24,20,21,65,68,62,64,67,47,Primera B Nacional
G. Carrasco,Los Andes,Argentina,26,"RB, LB",Left,182,29,64,,68,51,61,60,61,63,63,49,57,65,46,55,60,50,60,63,65,70,69,62,64,56,62,67,61,54,64,63,47,54,51,60,60,60,64,9,11,13,12,8,6,Primera B Nacional
N. Fernández Colombo,Los Andes,Argentina,13,"CB, RB",Left,182,29,61,,56,44,47,52,65,65,44,41,62,52,36,45,40,38,54,56,59,54,53,63,50,59,57,58,70,42,64,63,36,42,43,61,70,62,63,15,7,15,7,12,13,Primera B Nacional
D. Franco,Los Andes,Argentina,4,RB,Right,174,35,66,,65,52,65,64,62,65,65,50,55,73,47,62,54,51,59,63,65,65,67,71,68,57,68,70,64,52,59,58,56,61,51,61,64,64,68,9,6,15,7,8,12,Primera B Nacional
P. Grance Martínez,Los Andes,Argentina,3,LB,Left,167,26,67,,70,51,63,65,62,65,70,45,59,63,51,66,62,56,62,64,69,70,70,64,65,66,67,72,61,50,66,61,57,57,51,62,63,60,66,11,13,10,11,10,11,Primera B Nacional
B. Leizza,Los Andes,Argentina,6,CB,Right,178,6,56,,52,35,44,45,59,59,38,28,59,51,30,40,28,38,48,50,51,52,42,51,42,48,59,51,63,42,60,62,27,38,35,54,58,59,60,11,6,6,8,13,10,Primera B Nacional
C. Linares,Los Andes,Argentina,34,"LB, LM",Left,176,18,55,,59,38,51,49,55,52,55,32,46,53,36,45,46,42,52,49,55,63,60,52,56,53,50,57,51,36,50,55,43,44,41,57,57,56,57,9,13,14,14,13,10,Primera B Nacional
J. Navas,Los Andes,Argentina,15,LB,Left,171,32,65,,67,51,61,59,62,63,61,45,55,66,45,55,60,50,61,61,63,70,61,65,67,63,63,69,59,51,66,61,51,57,54,63,61,65,64,14,7,12,10,13,9,Primera B Nacional
J. Rodríguez Vuotto,Los Andes,Argentina,14,"RB, LB",Right,177,26,68,,72,52,63,64,68,67,68,46,60,65,51,63,66,47,65,63,72,72,67,67,68,65,68,70,64,52,70,67,56,58,55,58,67,72,73,12,12,11,8,11,12,Primera B Nacional
L. Alegre,Los Andes,Argentina,36,"CDM, CB",Left,182,17,54,,49,46,49,50,58,61,41,43,50,53,39,50,45,42,52,49,46,52,52,51,52,50,50,61,64,50,55,60,47,52,44,48,55,62,54,10,13,8,11,6,13,Primera B Nacional
L. Álvarez,Los Andes,Argentina,32,CM,Left,187,22,57,,57,51,59,56,49,54,49,49,49,65,44,56,56,48,56,58,55,58,55,56,51,51,46,58,52,57,55,49,54,63,54,52,47,51,45,15,13,15,11,10,6,Primera B Nacional
T. Arancibia,Los Andes,Argentina,22,LM,Right,176,24,60,,65,55,58,59,42,55,63,56,42,55,54,60,63,53,57,58,65,65,66,57,58,55,52,65,51,56,55,41,55,60,52,56,42,43,37,9,7,6,7,6,14,Primera B Nacional
G. Cañete,Los Andes,Argentina,10,CAM,Left,176,27,66,,67,66,68,70,38,60,67,62,45,68,60,72,67,64,62,70,68,67,73,64,70,71,56,68,58,69,54,40,67,73,66,64,40,35,32,8,15,14,13,8,8,Primera B Nacional
T. Cicerone,Los Andes,Argentina,35,"CDM, CM",Right,170,20,55,,54,45,50,53,54,61,45,40,47,55,36,50,46,44,51,57,55,54,56,50,44,58,57,60,62,45,61,53,47,50,45,51,54,57,51,9,13,9,12,10,11,Primera B Nacional
G. Cozzoni,Los Andes,Argentina,33,"CDM, CB",Right,176,38,56,,46,45,51,50,58,58,46,38,53,52,39,48,47,48,58,50,45,47,50,60,44,52,55,59,57,53,60,60,49,49,50,60,57,60,59,11,10,13,7,7,9,Primera B Nacional
T. Díaz,Los Andes,Argentina,5,CDM,Right,176,25,60,,52,51,58,55,60,65,51,45,57,62,48,56,49,50,62,53,53,52,57,57,58,58,53,66,68,57,59,61,48,61,52,57,57,62,59,11,12,9,8,15,15,Primera B Nacional
M. Gómez,Los Andes,Argentina,21,CAM,Right,171,23,61,,61,62,58,64,35,55,53,63,47,61,52,65,62,57,55,63,59,62,67,58,62,58,49,62,52,69,54,31,59,61,62,62,34,37,29,11,15,15,10,10,11,Primera B Nacional
S. Ortiz,Los Andes,Argentina,8,CM,Right,182,25,65,,64,61,66,66,57,62,64,58,57,68,52,67,67,58,64,65,65,63,66,65,67,65,60,68,58,66,64,63,59,69,59,65,54,58,54,9,10,14,7,15,6,Primera B Nacional
F. Rodríguez,Los Andes,Argentina,23,LM,Left,162,27,64,,68,59,63,66,43,58,57,57,47,65,55,65,68,56,61,67,72,64,70,63,68,61,57,66,54,62,58,45,58,67,60,58,40,46,38,8,7,12,14,9,6,Primera B Nacional
A. Sandoval,Los Andes,Argentina,16,CM,Left,184,21,58,,54,54,59,60,51,56,52,49,48,62,44,60,49,56,59,60,57,51,59,58,61,58,53,66,51,62,57,50,61,62,51,55,50,53,49,15,11,12,10,11,8,Primera B Nacional
A. Valdez Chamorro,Los Andes,Argentina,11,LM,Right,175,20,63,,68,60,63,66,46,60,65,61,51,64,57,68,60,62,66,64,66,70,66,63,68,59,56,68,55,57,63,47,62,59,59,57,43,46,43,13,15,9,10,6,8,Primera B Nacional
J. Manuel Vázquez,Los Andes,Argentina,20,CAM,Right,171,32,59,,55,61,62,64,30,52,58,60,41,68,54,61,62,58,58,70,60,51,59,62,60,62,44,57,53,64,46,35,58,62,59,61,25,30,25,15,8,9,8,11,10,Primera B Nacional
F. Villarreal,Los Andes,Argentina,2,"LM, LW",Left,169,21,60,,65,56,58,60,41,56,57,54,45,61,53,60,60,52,57,57,63,67,68,54,67,60,49,66,52,60,55,45,58,58,51,59,40,37,42,13,6,11,13,12,8,Primera B Nacional
M. Asenjo,Los Andes,Argentina,7,"RW, ST",Right,179,32,69,,75,67,67,69,37,64,65,69,55,68,65,67,67,65,61,70,75,75,73,71,72,68,58,72,63,64,57,34,72,70,63,67,38,34,32,11,10,11,9,7,11,Primera B Nacional
T. Benardoni,Los Andes,Argentina,24,ST,Right,186,20,58,,62,57,47,59,24,57,41,60,52,53,61,58,47,48,43,59,61,62,64,63,55,53,58,54,61,54,51,23,56,45,63,59,18,20,24,8,13,6,6,10,10,Primera B Nacional
T. Blanco,Los Andes,Argentina,31,"ST, CAM",Left,173,27,62,,62,64,51,61,29,61,50,65,63,55,60,58,53,51,45,64,64,61,65,64,57,67,60,57,67,59,52,28,68,50,59,66,28,22,18,9,13,11,12,7,6,Primera B Nacional
F. Echevarría,Los Andes,Argentina,29,"ST, CAM",Left,181,24,61,,60,64,51,59,28,60,51,66,66,56,56,54,51,51,42,65,63,57,58,64,53,64,65,56,65,59,53,22,67,50,62,67,27,24,22,10,11,11,7,11,9,Primera B Nacional
M. Galeano,Los Andes,Argentina,19,"ST, RW",Right,179,24,63,,64,64,53,62,29,63,52,68,65,54,62,60,58,54,47,64,63,64,61,68,50,59,67,64,63,62,59,25,66,54,62,67,32,21,19,9,10,14,10,11,13,Primera B Nacional
B. Garay,Los Andes,Argentina,25,LW,Left,178,20,58,,66,57,55,60,28,52,59,56,42,52,59,63,58,49,53,58,65,67,65,49,62,61,50,60,50,54,47,28,59,59,57,55,31,21,21,10,7,11,15,11,11,Primera B Nacional
A. González,Los Andes,Argentina,27,ST,Right,179,21,58,,60,59,48,58,24,59,48,61,55,47,60,52,51,47,43,63,58,61,58,59,59,59,52,61,63,54,48,19,63,51,60,59,25,20,13,10,6,15,15,13,11,Primera B Nacional
M. González,Los Andes,Argentina,9,ST,Right,177,27,63,,64,62,50,62,30,62,50,65,59,50,62,60,55,52,47,64,63,64,61,62,62,57,66,60,64,58,58,23,71,50,63,64,28,31,21,15,13,15,7,8,8,Primera B Nacional
T. Modlin,Los Andes,Argentina,18,LW,Right,174,20,58,,68,58,56,60,27,49,62,59,49,60,56,57,56,49,45,63,72,64,63,58,63,55,47,62,45,59,44,27,59,54,54,52,25,23,22,7,10,8,11,12,10,Primera B Nacional
F. Tisera,Los Andes,Argentina,28,"LW, ST",Right,174,36,61,,62,58,56,62,28,52,60,60,52,53,49,66,60,54,52,56,61,63,66,63,68,58,48,58,51,55,47,25,63,60,56,62,26,24,23,13,13,13,8,11,7,Primera B Nacional
C. Viganoni,Los Andes,Argentina,17,RW,Right,176,22,58,,64,58,56,61,26,49,56,62,43,58,53,61,57,55,49,60,67,61,65,59,65,56,45,60,47,51,43,26,57,59,55,58,26,23,21,9,14,7,13,10,10,Primera B Nacional
J. Ledesma,Mitre (Santiago),Argentina,12,GK,Right,190,37,62,,37,18,29,27,19,42,15,10,20,36,18,15,15,18,31,29,34,39,38,61,44,43,48,32,48,11,38,26,10,36,17,41,20,14,15,63,60,56,64,59,37,Primera B Nacional
I. Pietrobono,Mitre (Santiago),Argentina,1,GK,Right,186,35,62,,27,19,29,27,19,45,12,10,21,35,10,16,11,16,31,29,23,30,36,57,42,45,54,38,50,14,39,32,15,41,25,45,10,21,16,66,60,55,65,67,38,Primera B Nacional
G. Unrein,Mitre (Santiago),Argentina,25,GK,Right,185,22,58,,27,17,27,22,14,42,12,10,16,32,10,10,19,17,28,24,28,27,27,58,35,39,44,34,49,15,33,22,10,38,17,35,12,12,10,59,56,51,57,62,38,Primera B Nacional
D. Abello,Mitre (Santiago),Argentina,15,LB,Left,177,32,65,,65,49,60,58,61,62,64,44,55,61,45,55,58,53,60,54,66,65,73,62,66,59,59,68,60,51,59,58,60,55,48,63,62,61,69,6,15,10,6,8,13,Primera B Nacional
Y. Cabral,Mitre (Santiago),Argentina,14,RB,Right,182,34,63,,67,50,62,56,60,64,68,47,50,65,44,52,54,48,64,55,65,69,62,69,65,60,59,68,62,49,64,62,54,53,47,56,59,61,64,7,8,15,6,8,9,Primera B Nacional
J. Celiz,Mitre (Santiago),Argentina,34,"CB, RB",Right,174,18,54,,48,37,40,45,59,56,37,34,56,43,32,41,32,37,51,50,49,47,41,48,44,47,57,49,58,35,60,59,34,30,35,47,56,65,52,15,11,12,11,6,15,Primera B Nacional
L. Correa,Mitre (Santiago),Argentina,24,CB,Right,177,24,58,,55,39,45,49,61,61,47,38,65,51,29,44,39,39,48,52,54,55,50,52,51,52,63,55,65,37,57,61,27,32,33,55,60,64,55,15,10,12,14,13,10,Primera B Nacional
F. Ferrari,Mitre (Santiago),Argentina,3,"LB, RB",Right,169,34,67,,66,50,65,65,62,66,66,46,54,68,44,63,58,53,67,66,65,67,68,66,66,60,66,76,62,48,65,63,59,60,48,62,62,62,70,6,8,6,10,7,10,Primera B Nacional
M. Godoy,Mitre (Santiago),Argentina,28,RB,Right,173,21,56,,65,41,51,53,56,57,59,35,46,53,37,50,50,38,48,55,62,67,49,56,58,52,53,66,55,46,53,54,43,46,41,54,57,60,57,14,13,7,8,6,15,Primera B Nacional
G. Lillo Herdt,Mitre (Santiago),Argentina,26,"RB, LB",Right,178,27,59,,62,47,54,60,56,56,60,46,49,55,36,60,52,46,56,59,62,62,64,56,62,52,52,61,53,48,57,59,51,48,40,55,59,53,59,6,6,9,10,12,13,Primera B Nacional
M. Maldonado,Mitre (Santiago),Argentina,6,CB,Left,181,21,61,,56,41,50,52,64,64,51,36,61,55,35,48,39,50,53,56,55,57,51,58,48,57,61,63,67,38,60,62,37,43,35,65,60,71,59,11,15,10,11,10,11,Primera B Nacional
B. Mieres,Mitre (Santiago),Argentina,27,LB,Left,184,31,61,,66,49,53,58,59,57,60,46,55,51,43,57,52,46,53,56,68,65,64,57,60,55,52,63,54,50,59,56,56,52,46,59,55,65,60,12,13,7,6,15,15,Primera B Nacional
P. Minissale,Mitre (Santiago),Argentina,2,"CB, RB",Right,184,25,64,,62,45,53,56,66,66,54,43,64,60,38,53,46,43,52,57,63,61,56,61,54,57,66,64,69,43,61,68,33,45,41,63,63,64,77,8,7,14,8,11,10,Primera B Nacional
T. Peralta,Mitre (Santiago),Argentina,35,"CB, CDM",Right,182,19,52,,49,30,38,41,53,53,31,24,58,46,23,33,31,29,42,47,49,49,44,54,42,42,57,51,55,35,51,53,31,33,27,49,48,55,58,13,6,11,7,13,10,Primera B Nacional
S. Rodríguez,Mitre (Santiago),Argentina,18,"CB, RB",Right,182,22,58,,57,36,45,47,63,61,40,31,64,52,35,43,41,36,47,48,58,57,51,57,45,51,59,57,64,33,58,62,26,38,36,56,61,66,65,8,7,7,15,10,11,Primera B Nacional
M. Romero,Mitre (Santiago),Argentina,13,CB,Right,189,31,61,,57,43,49,52,62,64,44,37,66,59,41,49,40,43,53,56,57,57,50,50,50,62,62,58,65,41,67,67,33,35,42,63,58,60,65,10,9,8,12,15,15,Primera B Nacional
G. Valdivia,Mitre (Santiago),Argentina,21,"RB, RM",Right,177,25,58,,62,42,52,54,54,55,56,37,53,58,41,52,54,44,52,53,62,62,57,55,61,52,56,61,53,43,54,54,44,41,41,54,56,53,55,11,7,6,12,10,15,Primera B Nacional
M. Vázquez,Mitre (Santiago),Argentina,4,RB,Right,170,23,64,,68,50,58,61,63,61,65,47,53,58,46,59,59,52,54,60,65,70,71,65,68,60,57,68,58,49,60,63,56,53,46,56,63,64,67,8,9,7,14,10,8,Primera B Nacional
Z. Adid,Mitre (Santiago),Argentina,36,CM,Right,177,18,52,,53,46,52,54,44,49,46,45,33,58,39,51,48,45,51,60,53,53,53,47,52,48,42,58,44,50,54,49,45,51,45,49,48,43,40,9,7,10,14,14,9,Primera B Nacional
J. Alesandroni,Mitre (Santiago),Argentina,8,CM,Right,184,37,68,,59,63,66,69,61,66,66,64,59,67,59,68,63,61,66,71,59,59,71,70,67,59,60,75,64,64,59,60,68,67,63,66,61,62,58,7,13,11,11,15,12,Primera B Nacional
E. Avaro,Mitre (Santiago),Argentina,7,RM,Left,180,27,66,,69,62,65,69,48,60,71,63,55,66,55,68,69,56,59,73,67,71,61,68,69,59,62,70,55,64,59,49,63,65,59,66,42,53,44,15,9,9,8,15,15,Primera B Nacional
M. Ferrari,Mitre (Santiago),Argentina,20,RM,Left,182,30,61,,64,57,60,63,41,57,63,59,46,62,54,66,59,54,61,59,64,64,67,53,66,57,51,64,56,56,54,44,53,57,51,60,40,41,37,10,11,6,7,11,10,Primera B Nacional
O. Garrido,Mitre (Santiago),Argentina,16,"CM, CAM",Right,175,29,61,,59,55,60,62,53,58,53,52,53,62,51,64,54,54,67,62,62,57,61,58,61,60,54,62,56,59,60,55,58,59,54,60,56,50,51,8,13,7,7,6,11,Primera B Nacional
F. Gorla,Mitre (Santiago),Argentina,22,CDM,Right,176,21,57,,51,46,52,55,60,59,43,40,56,56,45,53,48,38,56,58,49,52,55,57,51,53,54,63,58,53,58,56,51,53,46,51,65,59,63,9,7,12,6,15,15,Primera B Nacional
A. López,Mitre (Santiago),Argentina,10,CAM,Right,177,24,59,,60,60,61,60,31,50,58,60,40,64,55,59,64,54,56,60,61,60,62,57,65,61,48,58,50,61,41,37,63,65,60,64,30,27,28,7,6,11,10,6,14,Primera B Nacional
S. Lugones,Mitre (Santiago),Argentina,30,RM,Right,169,18,55,,67,50,53,56,37,50,55,49,42,56,43,52,57,52,47,61,70,65,62,48,58,50,43,57,50,53,43,36,49,51,48,54,38,38,29,12,6,11,7,8,6,Primera B Nacional
M. Montenegro,Mitre (Santiago),Argentina,5,CDM,Right,179,28,61,,55,51,60,60,61,62,58,44,58,62,47,59,46,58,61,61,59,52,61,58,58,54,54,63,63,62,61,60,52,60,53,58,62,59,66,11,8,11,10,7,6,Primera B Nacional
N. Ruiz Paz,Mitre (Santiago),Argentina,32,"CDM, CM",Right,171,20,55,,54,41,51,50,53,55,46,35,51,53,38,45,47,44,54,55,57,51,50,47,50,50,44,61,51,46,58,57,45,51,45,50,54,50,50,10,15,15,7,6,9,Primera B Nacional
M. Federico Batule Santillán,Mitre (Santiago),Argentina,33,"ST, RW",Right,185,20,55,,57,55,47,56,22,51,46,57,56,47,54,56,45,48,43,58,55,59,51,53,47,54,57,48,54,49,45,18,56,49,57,55,20,19,10,12,8,10,12,14,10,Primera B Nacional
F. Cabral,Mitre (Santiago),Argentina,9,"ST, CAM",Left,177,25,62,,65,65,55,59,29,60,51,68,67,62,64,56,52,50,47,62,63,66,61,63,59,67,62,60,62,55,54,24,69,53,64,59,27,24,22,7,15,6,13,15,13,Primera B Nacional
R. González,Mitre (Santiago),Argentina,23,LW,Left,164,26,63,,74,60,61,67,33,53,63,62,50,62,51,71,70,52,55,63,75,73,69,64,66,60,57,61,50,57,49,35,63,61,59,59,30,30,27,11,15,15,10,6,8,Primera B Nacional
M. Machado,Mitre (Santiago),Argentina,11,LW,Right,179,25,69,,79,71,67,71,38,59,73,75,56,66,67,73,67,63,64,70,80,78,70,69,74,68,59,66,58,68,51,42,78,68,65,65,36,32,36,13,14,8,10,15,6,Primera B Nacional
L. Mendoza,Mitre (Santiago),Argentina,29,ST,Right,172,23,61,,62,63,52,60,27,59,46,66,60,59,64,59,54,53,49,62,63,61,57,61,62,55,57,56,61,60,57,23,68,47,67,62,23,24,20,6,11,8,9,13,12,Primera B Nacional
A. Ramírez,Mitre (Santiago),Argentina,17,RW,Left,172,26,61,,69,58,60,61,29,49,62,60,51,59,62,61,63,53,58,61,70,69,66,62,66,54,50,58,45,57,47,27,64,62,54,54,26,27,26,15,10,10,10,7,15,Primera B Nacional
S. Rosales,Mitre (Santiago),Argentina,19,ST,Right,192,31,64,,68,68,56,64,29,64,50,72,63,62,64,61,52,55,46,71,61,74,55,57,63,71,61,61,68,59,61,24,64,58,61,67,30,23,19,15,14,9,15,15,6,Primera B Nacional
J. Pablo Zárate,Mitre (Santiago),Argentina,31,ST,Left,178,35,60,,57,63,50,58,28,60,45,66,64,57,63,58,50,52,41,59,52,61,55,62,57,61,64,61,63,59,50,25,69,51,60,64,25,22,24,7,13,9,9,7,10,Primera B Nacional
L. Bersce,Nueva Chicago,Argentina,43,GK,Right,190,21,54,,30,15,24,23,14,39,10,10,16,35,10,10,11,12,24,26,31,30,32,55,42,34,41,30,46,12,31,17,10,26,13,35,14,10,16,52,51,47,57,55,34,Primera B Nacional
L. Jachfe,Nueva Chicago,Argentina,12,GK,Right,190,25,64,,41,20,29,30,23,44,11,14,24,38,10,19,17,17,33,33,37,45,38,55,42,45,47,40,49,13,37,28,13,35,26,40,23,20,22,69,64,55,65,63,42,Primera B Nacional
F. Masuero,Nueva Chicago,Argentina,1,GK,Right,192,26,63,,36,20,34,28,22,45,17,10,22,46,17,17,18,15,34,27,38,34,38,65,46,46,48,35,50,20,45,31,12,40,27,44,21,17,22,64,63,57,63,65,47,Primera B Nacional
I. Antunes,Nueva Chicago,Argentina,3,LB,Left,173,28,68,,74,52,62,65,65,64,67,44,63,63,53,66,56,56,62,61,70,77,70,66,69,64,65,74,58,55,67,69,54,57,55,62,64,63,70,8,15,8,7,15,8,Primera B Nacional
D. Arroyo,Nueva Chicago,Argentina,24,"CB, CDM",Left,182,23,62,,62,46,51,49,67,66,51,40,74,55,39,46,44,45,54,49,57,66,48,59,55,63,62,55,71,46,68,66,38,45,44,62,66,68,65,8,12,6,6,15,13,Primera B Nacional
S. Callegari,Nueva Chicago,Argentina,31,"CB, RB",Left,188,29,60,,55,40,50,47,61,62,44,39,64,60,31,41,46,42,51,48,55,55,51,61,53,51,64,57,64,33,62,54,34,41,38,57,65,62,61,8,11,13,6,13,14,Primera B Nacional
E. Carrizo,Nueva Chicago,Argentina,30,"RB, RM",Left,179,18,55,,61,44,50,51,52,55,58,41,52,52,37,47,51,45,46,54,57,64,57,51,59,50,49,60,56,44,49,51,43,40,45,44,53,49,59,10,12,6,6,10,12,Primera B Nacional
G. Ferracuti,Nueva Chicago,Argentina,13,"CB, CDM",Left,181,35,59,,49,41,45,49,62,60,40,36,64,48,32,43,38,44,47,50,44,53,52,61,50,55,62,55,62,43,59,61,33,45,44,64,68,59,55,10,15,12,15,6,6,Primera B Nacional
D. Gissi,Nueva Chicago,Argentina,6,"CB, CDM",Right,183,35,64,,53,45,53,54,67,66,46,39,67,61,37,48,47,48,56,58,51,54,54,62,55,63,69,63,67,46,69,70,37,47,44,68,66,68,60,12,8,12,14,6,10,Primera B Nacional
B. Palazzo,Nueva Chicago,Argentina,4,"RB, RM",Right,169,25,67,,71,53,62,63,67,65,67,50,60,63,48,61,61,52,65,60,70,72,73,66,68,60,66,70,62,52,66,64,58,55,49,63,66,70,71,15,12,12,15,15,14,Primera B Nacional
G. Paz,Nueva Chicago,Argentina,2,CB,Left,176,32,65,,57,43,54,55,68,67,47,36,64,61,41,53,49,46,57,54,57,57,62,65,53,56,69,60,69,47,69,71,40,51,42,62,66,70,66,6,9,15,6,7,11,Primera B Nacional
G. Reta,Nueva Chicago,Argentina,32,CB,Right,180,23,59,,57,40,47,50,63,64,42,34,60,53,34,46,41,37,53,54,54,59,46,55,51,56,60,62,66,38,62,64,32,41,43,54,59,66,64,14,7,6,14,8,13,Primera B Nacional
E. Ian Silveira,Nueva Chicago,Argentina,35,CB,Right,178,20,57,,50,34,44,46,59,59,47,28,55,49,25,43,37,32,50,47,43,56,45,53,46,45,61,54,63,38,57,64,24,34,39,52,61,54,61,7,13,13,13,8,14,Primera B Nacional
G. Trindade,Nueva Chicago,Argentina,26,"RB, LB",Right,170,22,58,,60,44,51,56,55,58,56,40,49,54,38,54,50,42,52,58,60,60,59,53,62,53,54,60,59,47,55,56,43,44,40,52,54,57,54,9,11,10,8,11,8,Primera B Nacional
G. Velozo,Nueva Chicago,Argentina,33,CB,Right,183,23,58,,56,36,43,48,60,60,34,30,57,48,28,45,33,44,45,49,53,59,48,56,47,54,59,55,62,36,63,60,34,42,38,57,60,61,61,13,8,6,7,12,11,Primera B Nacional
M. Vera,Nueva Chicago,Argentina,15,"LB, LM",Right,169,28,63,,67,50,61,60,64,61,70,45,55,64,46,60,53,46,62,58,64,70,69,65,62,62,59,66,59,50,62,60,54,54,47,58,65,65,71,8,15,8,7,10,14,Primera B Nacional
R. Balbuena,Nueva Chicago,Argentina,19,"CM, CAM",Right,172,26,62,,61,55,64,64,55,60,60,55,56,68,56,64,57,56,62,66,62,60,61,62,58,59,56,62,59,54,62,57,54,67,51,62,53,54,59,8,10,9,10,15,13,Primera B Nacional
D. Barros,Nueva Chicago,Argentina,18,"CDM, CB",Right,177,20,60,,58,48,56,57,60,63,49,41,50,59,45,55,51,47,64,61,60,57,53,57,55,57,55,61,65,53,62,61,54,53,50,56,65,60,58,15,6,12,10,13,13,Primera B Nacional
M. Bergara,Nueva Chicago,Argentina,28,CDM,Left,174,22,57,,52,48,53,52,57,60,46,45,52,60,35,53,49,46,51,51,54,51,50,56,53,55,53,63,58,49,62,62,50,51,49,58,57,58,51,15,12,8,7,7,7,Primera B Nacional
E. Cardozo,Nueva Chicago,Argentina,16,CDM,Right,180,25,63,,56,53,60,57,66,66,55,49,53,66,49,53,52,50,66,61,55,56,54,66,58,60,60,66,64,52,71,68,55,57,58,66,69,67,60,6,13,15,11,7,7,Primera B Nacional
A. González,Nueva Chicago,Argentina,22,CDM,Right,174,19,59,,56,49,57,56,60,59,50,41,52,66,43,55,45,49,59,57,57,55,55,54,55,61,53,62,57,52,60,60,52,51,56,54,61,62,61,14,13,12,8,13,14,Primera B Nacional
J. González,Nueva Chicago,Argentina,41,CDM,Left,178,18,55,,48,41,51,51,56,56,43,34,51,55,41,48,44,46,56,54,49,48,51,51,54,51,43,62,54,46,59,60,46,52,40,50,56,53,58,11,6,13,14,14,6,Primera B Nacional
G. Lusicic,Nueva Chicago,Argentina,42,"CDM, CM",Right,175,22,55,,45,47,52,51,56,59,45,43,48,57,37,51,43,44,53,52,44,46,46,57,48,53,56,61,57,52,62,54,53,53,45,56,59,58,50,10,10,15,9,8,8,Primera B Nacional
G. Mansilla,Nueva Chicago,Argentina,34,"CAM, ST",Right,168,28,58,,60,56,60,59,32,50,55,54,44,66,57,59,67,58,52,59,60,60,64,62,56,53,52,59,48,59,45,37,65,60,56,54,29,32,24,9,12,12,7,15,9,Primera B Nacional
E. Méndez,Nueva Chicago,Argentina,5,CDM,Right,170,37,65,,56,55,62,59,66,63,53,51,59,67,51,57,52,52,69,61,55,57,57,62,60,65,64,71,58,55,63,63,63,63,55,65,70,65,70,10,8,11,12,8,14,Primera B Nacional
T. Ocampo,Nueva Chicago,Argentina,20,"CAM, CM",Right,167,18,62,,61,63,64,63,36,52,58,62,47,69,61,62,65,54,63,64,65,57,64,56,64,61,52,66,46,64,50,35,69,64,62,59,36,34,31,14,12,12,15,8,6,Primera B Nacional
T. Orqueida,Nueva Chicago,Argentina,40,"CAM, CM",Left,179,23,56,,53,57,56,61,29,48,53,56,36,60,56,62,58,55,48,61,50,56,60,53,66,57,40,54,47,58,43,26,59,59,56,59,31,28,27,13,15,11,12,11,13,Primera B Nacional
L. Ortíz,Nueva Chicago,Argentina,36,"CDM, CB",Right,182,20,57,,50,46,55,54,56,60,49,40,51,59,39,54,45,44,59,54,51,50,53,55,59,57,51,62,59,51,64,56,44,55,52,56,51,60,60,13,15,7,9,8,15,Primera B Nacional
J. Pereyra,Nueva Chicago,Argentina,37,"LM, RM",Left,172,25,57,,62,49,54,60,38,55,55,48,43,56,48,60,58,51,47,61,60,64,56,60,60,52,50,60,55,48,49,39,55,57,54,59,37,36,38,15,15,6,10,14,7,Primera B Nacional
R. Ramírez,Nueva Chicago,Argentina,14,CDM,Left,182,26,61,,56,52,59,55,61,62,54,50,56,66,44,55,47,49,56,50,48,62,58,62,56,61,61,61,64,51,61,63,56,60,52,67,62,62,60,6,8,10,7,10,12,Primera B Nacional
T. Rodríguez,Nueva Chicago,Argentina,21,"CAM, CM",Right,176,24,62,,65,58,62,66,37,50,59,56,52,61,56,64,64,60,60,70,62,67,65,61,62,58,43,58,47,61,47,36,67,67,59,65,37,34,32,12,14,14,7,15,12,Primera B Nacional
M. Rogoski,Nueva Chicago,Argentina,10,"CAM, ST",Right,171,32,66,,65,65,66,70,38,56,68,64,53,66,60,69,69,58,64,72,62,67,69,69,71,67,47,57,56,65,56,37,67,69,64,65,38,36,33,6,11,10,12,10,12,Primera B Nacional
E. Roldán,Nueva Chicago,Argentina,25,CDM,Right,187,25,58,,54,51,57,53,59,61,49,49,59,64,45,49,46,47,57,56,58,50,51,61,61,60,54,61,62,50,58,57,44,58,45,57,61,60,57,9,10,7,8,15,11,Primera B Nacional
A. Ruiz,Nueva Chicago,Argentina,27,"CM, CAM",Right,182,33,58,,52,54,60,60,51,58,55,54,49,63,50,61,58,56,61,58,51,53,60,62,63,52,49,60,57,54,60,46,62,60,52,63,51,56,47,8,11,6,15,10,7,Primera B Nacional
J. Sardinas,Nueva Chicago,Argentina,38,"RM, RW",Right,172,20,57,,61,51,55,58,36,50,60,49,36,56,46,58,58,45,51,60,59,62,61,50,61,52,48,56,47,52,49,38,55,55,58,50,34,37,35,9,14,8,7,9,9,Primera B Nacional
B. Toloza,Nueva Chicago,Argentina,39,CM,Right,170,21,57,,53,50,59,57,47,57,53,43,47,62,50,59,55,54,61,54,52,54,63,60,55,58,51,65,54,54,57,54,53,60,55,55,44,45,49,7,10,14,7,7,13,Primera B Nacional
G. Vega,Nueva Chicago,Argentina,8,LM,Right,179,24,63,,66,58,63,66,44,58,70,58,49,64,58,66,61,54,56,65,64,68,72,62,66,56,56,66,57,60,52,44,61,61,64,55,44,42,41,14,7,9,7,12,10,Primera B Nacional
R. Zalazar,Nueva Chicago,Argentina,7,RM,Right,172,20,60,,67,53,58,62,40,54,55,51,44,62,59,62,56,57,56,61,69,65,67,57,61,59,52,60,52,51,53,40,57,56,51,58,37,41,39,8,11,10,14,14,14,Primera B Nacional
L. Ambrogio,Nueva Chicago,Argentina,23,LW,Left,174,27,65,,67,64,61,72,34,55,63,65,54,62,55,71,60,56,58,75,65,69,72,64,70,68,59,63,54,60,47,34,68,61,62,62,28,34,27,11,14,9,8,11,13,Primera B Nacional
F. Castro,Nueva Chicago,Argentina,17,RW,Right,183,30,61,,68,59,59,64,29,49,59,60,51,60,57,69,60,51,54,62,73,64,65,60,58,62,52,65,44,56,42,34,60,61,60,56,28,21,28,7,13,7,7,6,7,Primera B Nacional
S. Cocimano,Nueva Chicago,Argentina,11,"LW, LM",Left,176,26,64,,73,60,62,66,30,58,64,58,49,63,69,67,64,58,57,65,75,71,68,66,64,59,52,65,57,60,53,31,69,65,63,65,27,30,22,12,14,12,13,11,15,Primera B Nacional
T. Pasquarelli,Nueva Chicago,Argentina,44,RW,Right,171,17,54,,63,53,53,56,21,44,54,54,40,55,46,57,54,47,47,58,67,59,56,46,59,54,41,53,43,50,36,28,56,52,55,51,17,15,18,10,10,8,9,9,14,Primera B Nacional
S. Pérez,Nueva Chicago,Argentina,9,ST,Right,185,23,60,,63,60,51,61,25,60,48,60,58,56,59,63,48,54,43,58,61,65,59,60,57,63,60,55,65,55,55,20,63,51,61,66,22,23,18,7,10,15,15,14,13,Primera B Nacional
N. Petrecca Vargas,Nueva Chicago,Argentina,29,ST,Right,177,20,56,,60,56,48,50,20,54,46,56,54,54,54,43,49,46,41,57,62,58,55,54,52,58,56,53,57,54,49,19,61,45,53,50,13,18,16,8,14,14,10,7,12,Primera B Nacional
M. Caballero,Patronato (Paraná),Argentina,30,GK,Right,189,22,57,,32,16,25,22,16,39,10,11,16,28,10,10,12,11,31,22,30,33,35,56,35,37,41,31,46,10,33,24,10,36,15,39,16,12,15,59,59,56,57,60,35,Primera B Nacional
R. Ulises Peralta,Patronato (Paraná),Argentina,28,GK,Right,187,22,57,,34,16,25,22,16,41,12,10,19,31,10,10,20,16,26,26,33,35,32,51,31,39,44,29,50,10,33,26,10,28,17,37,16,10,11,57,54,52,57,58,35,Primera B Nacional
F. Rivasseau,Patronato (Paraná),Argentina,32,GK,Right,188,28,57,,31,16,26,22,16,38,15,10,16,34,10,10,11,11,29,25,29,32,31,53,33,35,44,32,43,14,34,23,11,26,22,39,16,11,16,56,56,49,58,58,35,Primera B Nacional
A. Sosa,Patronato (Paraná),Argentina,1,GK,Left,189,30,68,,41,25,36,36,26,51,22,18,31,42,14,24,24,24,43,39,39,43,41,65,52,45,59,42,58,24,44,35,13,39,32,49,20,23,30,70,67,62,63,71,47,Primera B Nacional
G. Díaz,Patronato (Paraná),Argentina,6,"CB, RB",Right,186,23,62,,58,43,51,50,65,63,49,37,65,55,32,47,41,45,52,51,57,58,45,62,48,59,68,59,66,46,59,70,39,48,41,61,63,64,67,8,7,12,13,7,6,Primera B Nacional
F. Díaz,Patronato (Paraná),Argentina,24,CB,Right,182,25,59,,58,41,46,50,62,62,40,35,59,52,43,46,38,44,51,53,55,61,48,59,52,52,62,60,65,43,57,66,36,39,37,56,59,65,61,9,6,12,10,12,6,Primera B Nacional
F. Evangelista,Patronato (Paraná),Argentina,13,"CB, CDM",Right,186,34,60,,51,38,49,47,66,64,43,32,68,54,33,45,42,35,52,47,48,53,46,54,47,52,63,64,62,40,67,62,36,48,41,57,69,63,68,10,11,9,12,7,10,Primera B Nacional
N. Genez,Patronato (Paraná),Argentina,14,RB,Right,176,23,57,,65,41,51,54,54,55,59,35,45,54,35,55,46,46,47,53,61,68,56,52,59,49,52,63,53,43,53,52,44,44,52,52,53,59,58,14,8,8,14,8,7,Primera B Nacional
N. Mendoza,Patronato (Paraná),Argentina,33,CB,Right,186,20,57,,57,38,45,47,59,62,40,31,60,54,35,47,41,31,51,46,56,57,42,51,50,55,58,57,64,37,65,56,37,36,40,53,60,62,56,6,8,8,13,8,6,Primera B Nacional
F. Meritello,Patronato (Paraná),Argentina,2,CB,Right,189,30,69,,62,50,57,58,76,71,56,46,73,68,46,55,51,51,54,60,64,61,56,65,59,62,76,70,69,54,74,75,40,46,45,66,77,78,70,15,11,8,6,8,13,Primera B Nacional
F. Moreyra,Patronato (Paraná),Argentina,3,"LB, RB",Left,181,36,63,,64,48,58,59,60,63,65,44,54,63,47,55,63,47,51,61,61,66,56,63,63,56,61,73,60,46,60,58,53,51,47,66,63,60,58,11,9,13,13,13,10,Primera B Nacional
S. Piccioni,Patronato (Paraná),Argentina,15,LB,Left,178,23,61,,63,48,59,58,61,63,67,49,59,63,43,58,58,47,57,57,65,62,61,62,62,54,56,70,61,41,62,58,52,51,47,59,58,65,64,14,8,6,8,8,8,Primera B Nacional
J. Salas,Patronato (Paraná),Argentina,4,"CB, CDM",Right,185,27,67,,64,48,53,60,70,69,52,43,72,60,36,56,44,49,57,64,63,64,55,65,56,67,72,66,69,45,71,68,40,44,48,66,72,69,74,11,12,15,15,10,12,Primera B Nacional
J. Barinaga,Patronato (Paraná),Argentina,10,CAM,Right,170,26,64,,66,64,63,67,37,55,59,65,51,66,58,68,65,68,62,67,67,65,74,60,63,62,52,68,50,64,51,38,67,63,66,63,34,36,30,14,11,6,11,15,10,Primera B Nacional
B. Bravo,Patronato (Paraná),Argentina,18,CM,Right,173,23,61,,60,55,62,62,51,58,58,52,52,64,53,65,53,47,66,59,62,58,64,64,63,62,57,64,55,54,58,55,61,65,60,56,43,55,56,8,8,7,10,12,9,Primera B Nacional
F. Bravo,Patronato (Paraná),Argentina,16,CM,Right,182,33,62,,54,56,63,63,55,60,53,50,50,73,52,62,52,54,64,65,61,48,59,56,65,60,57,65,59,63,57,59,61,60,58,69,52,56,54,14,6,14,8,10,10,Primera B Nacional
M. Brugevin,Patronato (Paraná),Argentina,36,LM,Left,169,19,51,,55,48,52,52,30,43,54,50,35,52,43,51,54,46,48,53,57,54,50,48,58,50,40,55,36,45,47,33,47,52,41,45,32,25,30,15,15,15,10,8,7,Primera B Nacional
F. Heredia,Patronato (Paraná),Argentina,11,CDM,Right,186,27,61,,55,52,58,59,62,62,55,49,52,65,42,59,47,52,59,60,53,57,53,62,58,59,54,65,61,55,62,66,52,51,51,63,63,63,63,9,14,8,11,12,14,Primera B Nacional
A. Miró,Patronato (Paraná),Argentina,22,"CDM, CB",Left,178,21,61,,57,50,57,57,60,63,50,44,53,61,45,59,52,49,66,54,58,57,53,61,56,58,61,64,62,55,64,63,52,52,49,60,59,59,63,10,6,11,6,11,13,Primera B Nacional
L. Pacco,Patronato (Paraná),Argentina,23,"CAM, CM",Right,183,22,55,,56,55,57,59,26,45,52,55,35,63,51,63,59,53,50,57,55,56,54,54,54,56,42,52,41,56,45,32,57,59,56,56,26,20,26,9,11,6,9,10,15,Primera B Nacional
V. Pereyra,Patronato (Paraná),Argentina,8,"CM, CDM",Left,164,24,67,,66,61,67,71,58,62,65,60,60,70,54,72,61,63,70,71,65,66,69,67,70,60,54,67,61,64,60,55,66,64,59,74,56,62,51,15,14,14,7,14,6,Primera B Nacional
A. Picco,Patronato (Paraná),Argentina,20,CAM,Right,178,23,60,,60,58,60,61,33,52,57,58,48,62,60,57,62,64,54,66,59,60,64,59,62,58,48,57,50,59,54,31,59,62,60,56,32,31,28,7,9,9,8,12,12,Primera B Nacional
M. Rueda,Patronato (Paraná),Argentina,5,CDM,Right,183,28,71,,62,62,69,69,72,69,67,56,69,72,53,68,64,61,67,71,63,61,70,68,69,70,63,74,66,67,73,77,64,72,65,68,71,74,67,9,12,11,9,13,15,Primera B Nacional
G. Salega,Patronato (Paraná),Argentina,21,CDM,Right,178,27,60,,56,51,57,57,61,64,53,47,54,60,41,52,47,48,59,64,56,56,53,61,51,59,57,64,65,53,65,61,56,61,57,63,63,61,58,12,6,8,15,9,8,Primera B Nacional
L. Strey,Patronato (Paraná),Argentina,25,RM,Right,170,26,60,,61,54,58,59,42,56,56,53,51,63,52,60,59,57,53,56,58,63,66,61,63,57,50,67,54,54,50,42,55,55,58,58,42,41,39,13,14,8,11,14,15,Primera B Nacional
B. Velásquez,Patronato (Paraná),Argentina,34,CDM,Right,177,22,56,,48,49,52,54,58,59,49,47,53,52,40,56,49,44,58,52,49,48,54,55,54,56,52,63,58,52,59,60,46,54,45,54,57,61,58,11,10,12,10,15,7,Primera B Nacional
V. Villarreal,Patronato (Paraná),Argentina,35,CAM,Left,179,21,53,,55,52,57,57,24,44,53,50,33,60,51,56,60,56,55,58,53,56,57,53,56,57,43,46,45,51,41,31,58,55,47,56,24,19,18,14,10,6,8,11,11,Primera B Nacional
T. Attis,Patronato (Paraná),Argentina,31,ST,Left,178,27,59,,60,64,48,60,25,58,41,69,60,54,57,59,49,47,40,62,58,62,62,57,51,62,54,54,61,60,57,19,58,49,59,59,25,21,16,15,11,12,7,12,7,Primera B Nacional
J. Barolín,Patronato (Paraná),Argentina,12,RW,Left,165,23,62,,67,62,58,67,32,55,58,62,52,58,57,69,60,55,56,65,67,67,66,58,71,67,50,61,56,57,44,34,67,62,64,66,30,28,24,9,15,13,13,15,14,Primera B Nacional
A. Cardoso,Patronato (Paraná),Argentina,26,ST,Left,184,26,60,,62,60,53,60,25,57,53,60,67,57,65,60,52,54,46,61,60,63,60,63,57,56,63,53,60,62,55,20,64,52,59,60,21,18,24,8,10,9,13,9,15,Primera B Nacional
B. Cortés,Patronato (Paraná),Argentina,9,"ST, RW",Right,167,25,64,,63,63,54,64,32,64,54,64,69,54,67,62,51,57,49,66,61,64,60,68,57,66,64,60,68,59,59,31,65,57,61,72,27,28,26,9,6,7,14,8,15,Primera B Nacional
D. Díaz,Patronato (Paraná),Argentina,17,RW,Right,168,24,61,,65,59,58,69,28,52,62,60,46,58,54,71,61,52,49,68,67,63,74,64,68,62,49,61,49,55,48,30,63,61,55,63,27,24,21,6,13,13,13,12,12,Primera B Nacional
I. Giacinti,Patronato (Paraná),Argentina,27,"ST, RW",Right,187,21,58,,60,60,47,57,23,58,46,63,58,46,61,57,49,45,39,57,58,62,55,65,55,56,55,56,61,57,54,23,63,56,62,64,18,17,19,6,8,10,11,13,6,Primera B Nacional
R. Reynaga,Patronato (Paraná),Argentina,19,"ST, CAM",Right,177,27,61,,67,60,53,60,28,57,51,62,63,56,58,61,52,51,47,56,62,71,63,62,64,60,59,51,61,54,53,25,64,56,61,62,26,24,16,13,11,7,15,13,13,Primera B Nacional
H. Rivero,Patronato (Paraná),Argentina,29,ST,Right,180,34,59,,57,57,50,58,23,58,43,60,60,55,60,56,55,50,45,61,52,61,58,61,55,59,61,54,62,48,52,26,60,53,58,60,19,16,15,6,14,13,14,10,7,Primera B Nacional
F. Soldano,Patronato (Paraná),Argentina,7,"RW, RM",Right,172,32,63,,67,62,59,66,31,54,64,61,49,60,60,67,65,52,50,65,69,66,67,68,65,61,54,64,51,64,50,34,72,60,60,62,24,31,28,12,12,11,13,13,11,Primera B Nacional
J. Canadell,Quilmes,Argentina,25,GK,Left,195,23,59,,35,19,25,25,19,43,14,13,22,29,10,13,14,10,30,26,34,36,36,60,38,36,45,36,51,19,31,26,12,32,20,39,18,16,17,59,57,57,63,67,40,Primera B Nacional
E. Glellel,Quilmes,Argentina,12,GK,Right,185,27,60,,36,19,28,28,19,44,15,11,18,30,11,16,16,14,37,31,38,34,35,59,36,43,46,31,54,19,36,25,10,35,21,40,20,16,17,56,61,52,56,59,40,Primera B Nacional
G. Marinelli,Quilmes,Argentina,1,GK,Left,194,37,62,,32,20,30,28,22,47,16,10,24,35,21,12,19,20,33,34,33,32,38,60,43,49,49,36,55,16,39,31,10,36,26,40,15,22,19,64,65,56,66,63,43,Primera B Nacional
M. Rodríguez,Quilmes,Argentina,30,GK,Right,188,26,61,,33,17,28,27,17,46,18,10,21,28,13,16,14,16,35,30,33,33,32,56,38,38,46,37,53,15,42,23,11,40,20,42,15,17,10,61,57,51,61,62,39,Primera B Nacional
A. Bindella,Quilmes,Argentina,6,"CB, CDM",Right,184,25,62,,58,43,52,51,64,63,51,38,65,58,38,48,43,45,54,51,58,58,53,63,52,59,61,58,66,41,64,59,39,43,45,63,66,67,62,12,11,7,12,14,10,Primera B Nacional
A. Kippes,Quilmes,Argentina,2,CB,Right,184,32,67,,61,49,56,55,68,69,45,44,71,66,46,51,50,47,57,54,57,64,57,69,59,65,65,66,71,48,69,68,40,52,47,65,68,68,68,8,6,14,13,15,15,Primera B Nacional
I. Lescano,Quilmes,Argentina,27,"LB, RB",Right,171,20,57,,62,40,54,55,54,55,55,33,49,58,45,53,49,45,53,55,60,63,61,53,58,49,56,59,53,44,54,55,41,48,44,49,52,58,53,7,8,13,14,15,15,Primera B Nacional
S. Luna,Quilmes,Argentina,10,"CB, CDM",Left,180,21,59,,56,38,47,48,62,65,45,30,63,54,26,40,39,38,51,51,52,59,50,59,56,57,65,56,69,39,64,63,36,40,36,59,58,64,61,12,14,8,13,12,12,Primera B Nacional
J. Novillo,Quilmes,Argentina,14,"RB, LB",Right,176,28,62,,66,48,57,58,61,61,62,44,59,60,48,53,49,54,58,62,64,68,59,62,66,56,55,62,60,46,62,59,47,50,54,58,60,64,62,14,7,7,7,6,14,Primera B Nacional
A. Ortega,Quilmes,Argentina,24,CB,Right,181,21,61,,56,40,49,49,65,64,46,33,66,56,36,43,34,42,50,54,52,60,44,59,51,56,66,61,65,38,66,67,36,43,48,57,64,65,66,8,14,10,6,12,13,Primera B Nacional
T. Ortega,Quilmes,Argentina,3,"LB, LM",Right,178,25,63,,66,49,56,60,62,59,56,43,56,61,53,57,55,53,56,63,66,66,62,68,64,57,61,62,57,53,62,56,48,48,48,52,65,63,64,11,8,14,8,9,6,Primera B Nacional
L. Romeo,Quilmes,Argentina,13,CB,Left,184,22,60,,53,42,51,52,63,61,47,39,61,60,34,50,37,42,55,56,50,55,46,49,49,53,65,54,63,42,63,67,37,43,45,56,60,65,62,14,8,12,15,9,14,Primera B Nacional
M. Vallejos,Quilmes,Argentina,4,RB,Right,177,25,66,,66,53,64,63,65,65,73,49,59,67,53,58,60,51,56,67,64,67,71,59,66,65,64,73,61,52,67,65,55,59,50,64,65,67,68,9,11,12,14,15,7,Primera B Nacional
J. Guillermo Aimale,Quilmes,Argentina,33,CM,Right,174,16,53,,56,47,52,53,46,55,49,46,41,54,41,55,44,44,56,52,57,55,55,54,45,49,52,57,56,49,51,49,58,55,42,46,45,46,45,10,13,14,12,7,9,Primera B Nacional
A. Batista,Quilmes,Argentina,5,"CDM, CM",Right,180,24,69,,64,62,65,65,67,72,59,59,60,71,55,61,60,53,66,67,66,63,65,70,68,70,72,72,71,65,77,66,62,63,55,67,70,67,66,10,12,14,6,6,15,Primera B Nacional
A. Bolívar,Quilmes,Argentina,16,CM,Right,172,30,70,,68,63,71,72,63,65,64,59,58,76,57,73,69,72,70,73,73,64,68,66,71,70,57,68,63,63,67,67,70,71,67,70,62,64,58,15,7,9,14,14,12,Primera B Nacional
N. Colazo,Quilmes,Argentina,17,RM,Right,178,36,61,,64,58,60,61,40,58,60,57,45,65,56,60,60,57,55,60,60,68,64,59,64,60,53,67,57,58,53,42,60,57,57,61,42,36,39,7,11,8,11,13,10,Primera B Nacional
T. Marghetich,Quilmes,Argentina,21,CM,Right,178,21,56,,48,51,58,55,50,52,53,49,46,65,49,54,57,47,54,58,52,45,57,52,54,51,43,58,50,56,51,49,54,56,49,48,55,48,48,10,10,10,10,10,12,Primera B Nacional
R. Martínez,Quilmes,Argentina,7,RM,Right,172,23,65,,67,57,65,64,48,58,69,54,47,66,53,67,70,63,61,60,71,64,66,68,62,59,55,66,55,61,58,46,59,63,56,60,50,48,43,9,8,12,9,10,8,Primera B Nacional
M. Paredes,Quilmes,Argentina,22,RM,Right,169,21,56,,62,51,55,58,38,48,58,49,41,55,50,55,55,53,57,62,60,64,55,53,63,58,43,59,45,48,44,44,54,52,54,50,43,31,33,6,11,10,13,13,14,Primera B Nacional
B. Rocha,Quilmes,Argentina,28,"CAM, ST",Right,174,18,54,,59,55,56,60,24,49,54,57,36,58,52,61,58,54,53,61,60,59,61,54,59,56,44,53,49,50,45,23,52,56,54,54,15,31,22,7,8,15,6,15,9,Primera B Nacional
S. Rodríguez,Quilmes,Argentina,26,"LM, RM",Left,160,20,56,,60,52,57,60,37,50,59,51,45,61,55,57,57,53,52,67,58,61,60,53,59,57,50,56,48,49,49,37,53,53,50,52,37,37,29,15,10,7,9,12,15,Primera B Nacional
U. Vera,Quilmes,Argentina,8,"CM, CAM",Right,168,22,66,,63,61,65,69,58,65,61,59,52,70,53,67,58,58,67,73,61,65,70,66,61,64,57,69,64,63,63,61,58,62,62,72,57,57,60,6,15,8,12,15,12,Primera B Nacional
J. Yangali,Quilmes,Argentina,18,CM,Right,182,26,63,,62,57,64,62,57,60,59,56,51,67,49,60,56,60,62,64,70,55,62,61,67,55,56,65,59,63,58,58,62,67,60,65,57,58,54,14,9,13,9,8,8,Primera B Nacional
F. Yozwiak,Quilmes,Argentina,15,CM,Left,179,19,54,,54,46,54,55,45,52,44,40,47,60,47,58,48,51,53,53,51,56,50,51,54,54,42,56,52,48,49,45,46,59,51,54,45,45,46,14,13,6,13,13,15,Primera B Nacional
S. Arias,Quilmes,Argentina,32,"ST, CAM",Left,184,19,54,,59,55,44,56,20,53,43,57,50,46,50,52,39,46,42,63,60,59,50,48,54,56,55,49,57,49,46,16,60,46,53,51,17,17,13,7,11,11,6,6,7,Primera B Nacional
P. Bonacci,Quilmes,Argentina,31,ST,Right,176,28,60,,63,65,51,60,29,62,48,69,61,54,56,59,53,49,44,60,64,63,60,61,56,65,60,57,68,58,54,25,63,52,59,67,30,22,21,8,9,9,12,7,15,Primera B Nacional
J. Coronel,Quilmes,Argentina,29,"ST, CAM",Right,172,22,60,,61,58,48,60,27,61,50,57,65,51,59,60,50,47,40,61,60,62,58,61,56,62,62,54,66,53,58,29,68,48,59,63,19,23,21,13,7,15,9,6,14,Primera B Nacional
M. Fernández,Quilmes,Argentina,19,"ST, RW",Right,181,36,59,,54,59,47,60,26,59,45,58,59,47,59,56,51,49,44,66,56,53,62,61,54,61,63,59,61,58,55,24,60,50,60,59,24,23,15,12,14,12,9,15,8,Primera B Nacional
A. Lavezzi,Quilmes,Argentina,11,"LW, ST",Right,178,30,65,,72,64,63,68,35,56,64,61,54,64,59,69,69,58,56,66,73,72,72,60,71,75,61,66,54,64,47,31,66,64,59,61,32,35,33,9,10,12,10,13,14,Primera B Nacional
A. Spetale,Quilmes,Argentina,9,"ST, RW",Right,179,26,65,,67,66,55,65,31,66,51,69,66,58,66,68,53,54,50,62,68,66,62,64,63,61,70,55,72,65,66,28,69,59,68,67,27,30,21,13,7,11,8,6,11,Primera B Nacional
G. Vázquez,Quilmes,Argentina,20,ST,Right,175,18,53,,57,51,39,50,20,50,35,51,53,41,55,52,46,47,34,47,58,57,48,55,49,55,52,47,53,45,45,19,54,41,53,50,21,10,17,15,13,10,13,8,11,Primera B Nacional
G. Vega,Quilmes,Argentina,23,LW,Left,160,19,58,,68,58,55,60,26,50,59,59,44,58,53,60,56,53,42,62,62,73,61,59,59,57,44,55,50,59,45,28,59,57,49,56,27,20,19,13,14,8,9,11,6,Primera B Nacional
V. Dutruel,Racing de Córdoba,Argentina,39,GK,Right,189,23,56,,29,16,24,24,14,38,10,10,18,30,10,12,16,10,27,28,28,30,32,57,38,38,40,32,43,12,33,17,10,33,15,36,10,16,12,54,49,47,60,59,34,Primera B Nacional
G. Laborda,Racing de Córdoba,Argentina,12,GK,Right,190,31,61,,37,17,31,26,17,44,18,10,18,35,10,11,13,23,36,31,38,37,36,61,39,40,54,34,53,12,31,25,10,38,25,38,16,12,20,61,61,56,61,63,42,Primera B Nacional
B. Olivera,Racing de Córdoba,Argentina,1,GK,Right,196,32,69,,43,24,40,36,27,51,25,17,32,44,15,24,22,21,47,39,42,44,45,70,47,48,58,45,59,20,39,36,14,52,30,54,25,22,25,70,68,66,71,69,46,Primera B Nacional
L. Soto,Racing de Córdoba,Argentina,25,GK,Left,185,27,60,,35,18,29,25,19,45,16,10,18,33,12,13,17,20,33,26,38,33,37,59,41,41,45,38,53,16,36,30,10,38,23,40,14,16,20,61,55,56,60,60,38,Primera B Nacional
G. Aranda,Racing de Córdoba,Argentina,4,"RB, LB",Right,172,25,63,,68,50,59,60,60,60,63,46,53,59,47,62,60,50,63,55,69,68,67,60,67,54,59,68,56,54,60,57,57,55,44,53,64,57,69,10,12,8,10,6,15,Primera B Nacional
J. Bay,Racing de Córdoba,Argentina,13,"CB, CDM",Right,182,33,61,,55,42,48,50,62,61,41,37,62,56,34,46,39,40,51,51,51,58,51,64,53,57,61,57,64,43,57,63,42,42,33,61,65,60,59,10,11,7,9,12,13,Primera B Nacional
R. Chamorro,Racing de Córdoba,Argentina,2,CB,Left,184,27,66,,64,46,51,54,69,69,47,39,64,57,36,52,44,47,58,52,63,65,55,65,59,63,71,61,72,47,73,73,43,40,43,66,65,71,70,8,6,12,15,12,14,Primera B Nacional
E. Díaz,Racing de Córdoba,Argentina,24,CB,Left,179,24,65,,58,45,53,53,67,68,51,40,70,60,42,50,46,47,57,55,57,58,49,63,54,63,69,67,68,43,68,64,34,42,41,62,68,67,67,12,15,7,9,7,10,Primera B Nacional
L. Flores,Racing de Córdoba,Argentina,20,"CB, CDM",Right,184,25,58,,50,40,45,46,61,63,38,34,63,51,36,40,30,33,56,50,51,50,47,56,50,57,66,57,64,39,67,60,36,42,34,57,60,60,63,15,13,8,9,7,13,Primera B Nacional
M. Gómez Pereyra,Racing de Córdoba,Argentina,27,LB,Left,178,26,65,,65,53,62,63,65,63,64,49,59,67,55,61,56,54,61,66,67,63,67,56,67,60,60,69,61,54,61,66,57,54,51,60,62,71,64,14,13,13,11,10,9,Primera B Nacional
T. Kummer,Racing de Córdoba,Argentina,5,LB,Left,179,21,59,,63,44,53,58,58,59,60,41,48,55,38,59,51,49,55,58,65,61,58,52,61,53,55,69,55,45,59,57,46,44,44,53,62,56,59,7,11,9,9,7,15,Primera B Nacional
M. Machado,Racing de Córdoba,Argentina,3,"LB, LM",Left,182,25,66,,70,53,63,64,65,63,72,49,60,64,49,63,55,52,61,64,70,70,66,64,66,60,57,68,61,57,65,69,54,60,51,59,59,69,64,15,6,10,9,6,10,Primera B Nacional
L. Márquez,Racing de Córdoba,Argentina,26,RB,Right,171,22,59,,63,44,55,56,58,58,57,43,50,59,36,58,47,43,54,53,61,64,63,56,59,48,52,62,55,46,62,59,47,50,41,53,57,63,55,12,15,13,7,13,6,Primera B Nacional
F. Martín,Racing de Córdoba,Argentina,34,CB,Right,182,20,57,,54,40,44,45,60,59,45,35,58,47,35,39,38,35,47,48,52,56,48,53,48,57,64,55,60,38,62,61,31,38,37,51,59,62,56,12,7,12,12,7,13,Primera B Nacional
G. Pache,Racing de Córdoba,Argentina,21,"CB, RB",Left,193,22,58,,52,35,46,49,62,60,43,27,58,54,28,46,33,38,52,51,54,50,47,61,49,50,60,57,60,41,65,62,30,35,40,55,61,62,66,13,11,10,6,13,8,Primera B Nacional
A. Rébola,Racing de Córdoba,Argentina,14,CB,Right,186,38,58,,49,36,46,49,61,63,42,30,60,52,37,45,33,37,52,52,44,53,47,60,49,55,60,62,64,33,62,58,33,42,34,56,58,67,58,6,12,11,14,10,7,Primera B Nacional
S. Rinaudo,Racing de Córdoba,Argentina,6,CB,Right,177,28,66,,63,46,51,53,67,72,46,38,72,63,40,48,45,43,49,55,62,63,55,60,54,64,69,67,75,49,70,68,34,39,46,66,61,71,68,9,8,6,8,8,7,Primera B Nacional
M. Sánchez,Racing de Córdoba,Argentina,15,"LB, RB",Right,169,27,68,,71,55,65,60,67,66,62,50,59,71,57,57,65,59,67,61,72,70,65,67,68,63,64,72,62,58,69,70,52,58,48,61,69,64,71,9,7,7,8,15,13,Primera B Nacional
L. Ávila,Racing de Córdoba,Argentina,22,"CDM, CB",Right,175,20,59,,56,48,56,58,61,62,48,43,54,61,39,55,51,47,63,63,56,56,52,59,57,55,57,64,62,52,59,64,54,56,54,53,58,63,64,8,13,13,14,7,11,Primera B Nacional
A. Bustos,Racing de Córdoba,Argentina,30,"CM, CAM",Right,182,27,58,,58,50,60,59,50,56,55,45,47,65,45,60,55,48,64,58,58,58,53,62,61,55,53,63,52,54,56,53,56,58,53,59,50,49,51,7,13,10,13,15,15,Primera B Nacional
L. Mamut,Racing de Córdoba,Argentina,35,CAM,Right,176,22,57,,57,55,60,62,32,49,58,54,38,64,56,62,59,53,50,62,52,61,60,56,63,56,43,57,45,55,49,30,61,64,55,63,30,35,22,7,9,9,14,9,12,Primera B Nacional
F. Monticelli,Racing de Córdoba,Argentina,16,"CM, CAM",Right,177,23,61,,59,55,61,60,54,58,58,50,54,64,51,55,60,55,65,63,58,60,63,64,61,58,51,66,55,66,57,51,54,58,57,60,59,52,51,6,8,12,10,15,6,Primera B Nacional
A. Olinick,Racing de Córdoba,Argentina,8,"CM, CAM",Right,173,26,69,,66,62,68,68,60,68,65,58,58,68,59,67,70,61,73,69,62,69,67,66,67,70,62,74,67,66,65,60,60,67,62,69,62,60,58,15,9,10,12,11,12,Primera B Nacional
E. Oviedo,Racing de Córdoba,Argentina,36,CM,Right,173,20,57,,55,54,57,60,48,58,53,54,45,60,43,62,55,48,58,63,62,50,50,51,55,58,45,65,56,57,57,51,50,58,47,49,51,45,49,8,13,10,6,7,15,Primera B Nacional
C. Peña,Racing de Córdoba,Argentina,17,CDM,Left,179,19,54,,49,45,51,50,56,58,42,39,58,54,44,48,45,46,58,52,51,48,49,56,58,55,60,61,55,50,59,62,50,53,42,49,53,57,53,13,8,11,15,9,7,Primera B Nacional
G. Rivilli,Racing de Córdoba,Argentina,31,CDM,Right,178,21,58,,54,48,54,55,61,60,50,43,52,61,38,55,44,46,55,56,56,52,53,57,53,57,60,58,61,51,58,63,51,52,51,56,61,64,55,12,12,6,12,9,8,Primera B Nacional
M. Szumik,Racing de Córdoba,Argentina,41,"CM, CAM",Left,174,22,53,,48,43,55,52,47,50,58,37,37,58,42,54,54,50,52,51,50,46,51,54,48,49,39,59,48,47,47,53,50,51,55,51,45,49,45,11,13,7,11,9,11,Primera B Nacional
F. Tossen,Racing de Córdoba,Argentina,32,"CAM, ST",Right,171,21,58,,55,57,59,64,30,49,58,60,36,62,55,65,59,53,56,65,59,52,59,61,61,54,45,52,49,57,46,34,55,58,53,58,29,26,33,11,14,7,7,12,7,Primera B Nacional
C. Vega,Racing de Córdoba,Argentina,7,"RM, LM",Right,166,33,60,,61,58,61,61,39,58,61,58,50,63,58,58,65,52,55,64,61,61,63,62,70,61,52,64,56,57,57,41,55,61,53,58,34,39,43,6,8,10,8,11,6,Primera B Nacional
G. Vega,Racing de Córdoba,Argentina,18,CM,Right,176,34,60,,55,57,60,60,52,60,55,56,50,62,52,60,55,49,61,62,52,57,52,56,63,61,52,67,58,55,58,55,59,65,52,63,52,50,50,15,11,10,14,12,15,Primera B Nacional
L. Viano,Racing de Córdoba,Argentina,10,CAM,Left,166,23,64,,62,64,65,71,35,59,61,61,39,64,64,71,67,68,64,73,63,62,67,64,67,67,52,60,62,68,52,39,57,68,60,70,36,31,30,12,15,13,12,10,6,Primera B Nacional
P. Chavarría,Racing de Córdoba,Argentina,9,"ST, CAM",Right,177,38,66,,61,69,55,64,32,66,49,73,61,59,71,63,60,61,48,62,62,61,69,67,61,68,70,57,73,60,60,25,71,56,71,66,31,29,25,6,10,6,8,10,6,Primera B Nacional
L. Córdoba,Racing de Córdoba,Argentina,11,"LW, ST",Left,171,21,63,,68,61,60,63,36,53,64,62,44,59,59,60,61,61,55,65,67,68,67,64,69,60,55,63,50,60,46,30,66,62,60,63,35,39,33,13,9,8,13,11,7,Primera B Nacional
S. González,Racing de Córdoba,Argentina,19,"ST, RW",Left,183,31,64,,67,68,54,65,32,62,48,72,64,59,65,67,54,61,50,66,69,65,58,66,59,65,62,59,66,62,56,30,71,52,67,64,31,25,23,8,10,6,10,11,15,Primera B Nacional
A. James,Racing de Córdoba,Argentina,37,"RW, ST",Right,176,20,57,,66,52,55,63,24,51,59,51,40,56,45,65,55,48,48,63,67,65,60,54,61,51,44,61,51,53,42,21,60,56,52,56,23,23,23,15,7,14,15,9,7,Primera B Nacional
R. Jara,Racing de Córdoba,Argentina,40,"ST, RW",Right,177,18,55,,61,57,48,54,20,52,47,60,54,52,54,56,51,48,42,52,59,62,53,53,54,53,56,46,55,54,49,20,58,44,55,52,13,17,13,7,14,9,12,9,12,Primera B Nacional
F. Juárez,Racing de Córdoba,Argentina,28,LW,Left,164,32,59,,64,57,55,61,30,50,53,57,46,52,49,61,62,55,54,60,62,65,68,62,56,59,47,58,48,56,47,32,60,62,53,57,34,24,19,15,6,13,13,10,13,Primera B Nacional
A. Ortíz,Racing de Córdoba,Argentina,33,ST,Right,177,22,58,,61,60,48,54,25,55,44,64,67,51,63,55,45,48,47,49,58,64,58,62,54,56,61,50,59,56,51,23,60,50,60,58,20,20,16,9,15,15,15,10,7,Primera B Nacional
N. Sandrone,Racing de Córdoba,Argentina,38,"ST, CAM",Right,179,22,57,,58,58,48,56,26,58,46,58,59,51,58,57,49,45,41,55,56,59,55,59,50,60,62,53,60,56,56,27,64,49,54,58,21,21,17,6,11,15,6,9,14,Primera B Nacional
F. Taborda,Racing de Córdoba,Argentina,29,ST,Right,179,25,63,,62,63,53,64,27,62,52,62,60,54,59,66,56,51,48,64,63,62,63,66,57,68,66,57,68,60,54,22,68,54,65,61,24,25,22,9,15,8,13,12,12,Primera B Nacional
I. Valsangiácomo,Racing de Córdoba,Argentina,23,LW,Right,176,30,64,,73,66,61,67,33,53,60,66,49,62,55,65,66,59,58,71,76,71,69,61,68,71,51,62,52,64,46,37,70,62,66,65,31,30,20,15,6,15,8,10,12,Primera B Nacional
S. Díaz Robles,San Martín (San Juan),Argentina,1,GK,Right,185,22,68,,43,26,36,35,28,50,23,22,28,40,16,23,25,26,41,39,41,45,40,62,51,46,56,40,58,18,40,35,19,45,33,50,28,24,25,69,61,62,68,68,45,Primera B Nacional
L. Garzón,San Martín (San Juan),Argentina,37,GK,Right,191,23,56,,34,17,25,21,14,38,11,11,18,33,10,10,10,10,28,22,36,33,30,48,36,40,46,22,48,11,29,21,10,32,13,41,10,15,10,60,55,47,56,57,34,Primera B Nacional
L. Tejada,San Martín (San Juan),Argentina,34,GK,Right,183,20,57,,33,16,27,23,16,43,10,10,10,34,12,14,18,15,31,23,34,33,34,50,41,36,45,36,49,10,34,25,10,32,20,33,16,13,11,58,54,50,57,56,33,Primera B Nacional
F. Valenzuela,San Martín (San Juan),Argentina,35,GK,Right,188,21,57,,31,16,25,24,14,39,19,10,14,30,10,10,12,10,24,28,30,32,34,53,38,37,45,28,45,10,34,16,10,32,16,35,10,17,10,60,56,49,59,61,37,Primera B Nacional
M. Velazco,San Martín (San Juan),Argentina,12,GK,Right,192,31,60,,34,18,29,26,18,43,17,12,21,36,12,16,21,19,31,27,37,31,36,58,40,40,40,37,49,14,34,29,10,31,23,42,16,13,11,61,56,54,56,63,36,Primera B Nacional
E. Aguilera,San Martín (San Juan),Argentina,13,"CB, CDM",Right,178,37,62,,52,44,52,47,65,65,48,36,63,57,39,39,42,45,60,51,48,56,47,65,51,65,64,62,66,43,65,66,36,44,42,57,62,69,61,15,12,13,13,11,8,Primera B Nacional
L. Álvarez,San Martín (San Juan),Argentina,14,RB,Right,175,30,60,,68,44,54,56,58,59,56,39,54,56,42,55,51,47,50,53,69,67,67,63,68,53,53,70,55,44,57,53,50,52,46,52,58,61,65,10,13,8,14,13,9,Primera B Nacional
M. Cocca,San Martín (San Juan),Argentina,3,"LB, LM",Right,173,23,66,,70,51,65,61,64,62,69,45,57,69,43,59,56,57,63,60,69,70,65,57,66,62,63,64,59,52,69,71,57,61,52,67,64,60,71,13,8,14,8,11,12,Primera B Nacional
J. Marchio,San Martín (San Juan),Argentina,24,CB,Right,180,25,60,,56,44,51,50,64,63,48,42,67,62,40,45,34,40,48,54,57,56,50,59,56,59,63,56,65,36,65,62,36,43,44,53,63,63,67,13,6,10,8,15,12,Primera B Nacional
F. Nadalín,San Martín (San Juan),Argentina,4,CB,Left,184,29,66,,59,45,55,56,68,69,52,38,72,63,39,53,45,42,58,57,55,63,56,62,56,65,64,62,71,44,75,72,44,46,47,63,65,69,66,7,7,7,7,11,13,Primera B Nacional
M. Osores,San Martín (San Juan),Argentina,6,CB,Left,179,29,67,,61,46,55,55,74,69,53,40,71,62,43,47,46,53,61,58,62,61,57,68,61,59,70,68,69,50,72,74,40,43,46,68,74,77,68,8,13,8,8,11,14,Primera B Nacional
N. Paz,San Martín (San Juan),Argentina,17,CB,Right,183,23,61,,55,39,48,51,63,64,48,33,61,51,38,45,39,41,53,56,53,57,52,58,52,52,68,63,65,40,63,62,34,42,40,57,62,64,64,15,15,12,12,8,14,Primera B Nacional
S. Pereyra,San Martín (San Juan),Argentina,36,"CB, CDM",Left,183,20,57,,56,36,44,48,62,61,44,30,60,50,31,47,38,38,50,51,59,54,42,52,45,53,61,56,62,33,63,64,32,33,39,52,62,63,57,7,8,12,12,6,12,Primera B Nacional
J. Sotomayor,San Martín (San Juan),Argentina,30,CB,Left,186,23,59,,54,35,47,48,61,62,40,27,62,57,31,44,41,41,51,52,51,57,47,58,44,52,67,58,61,37,66,60,31,38,38,51,58,62,65,10,11,14,8,13,14,Primera B Nacional
L. Verón,San Martín (San Juan),Argentina,38,CB,Left,176,21,56,,52,35,43,47,62,58,43,30,61,47,31,42,36,40,48,50,53,52,44,57,49,47,58,51,62,38,58,61,26,35,40,55,63,63,55,10,10,11,6,13,12,Primera B Nacional
H. Zuliani,San Martín (San Juan),Argentina,2,CB,Right,181,23,67,,61,48,53,57,68,68,53,44,66,59,43,49,44,49,56,61,62,60,57,69,63,63,74,59,73,49,66,70,42,43,41,66,66,71,68,10,8,7,11,15,10,Primera B Nacional
G. Acosta,San Martín (San Juan),Argentina,18,CM,Right,164,37,66,,62,58,65,66,60,64,61,54,59,66,55,65,63,54,72,69,62,62,64,68,62,65,61,72,61,61,63,58,63,66,57,66,65,59,54,12,13,7,14,11,9,Primera B Nacional
L. Ferreyra,San Martín (San Juan),Argentina,15,"CAM, ST",Right,180,24,60,,61,59,62,64,33,51,65,56,42,62,56,63,67,58,56,64,59,62,69,63,63,61,54,62,47,66,48,38,62,62,59,62,31,29,29,7,10,9,7,15,15,Primera B Nacional
I. Flores,San Martín (San Juan),Argentina,39,"CM, CDM",Right,182,22,56,,50,53,55,55,48,54,49,52,45,58,46,56,55,49,58,56,47,53,56,53,51,55,47,60,53,56,52,52,50,53,50,52,47,49,42,7,13,10,13,11,9,Primera B Nacional
M. Galván,San Martín (San Juan),Argentina,26,RM,Left,160,25,60,,64,53,60,59,40,56,66,48,46,64,55,57,56,55,52,59,61,66,62,61,64,60,49,64,54,55,52,40,57,56,55,61,40,38,35,11,6,8,15,8,8,Primera B Nacional
S. González,San Martín (San Juan),Argentina,8,"CM, CAM",Left,169,34,67,,62,62,63,66,59,65,58,58,57,66,57,63,67,58,62,67,60,64,66,69,66,66,65,70,62,69,66,63,67,65,61,70,53,63,56,8,12,7,6,6,9,Primera B Nacional
G. Hachen,San Martín (San Juan),Argentina,21,"CAM, CM",Right,170,35,62,,59,63,62,65,35,56,59,64,42,66,61,68,59,60,57,62,60,58,63,64,66,64,52,63,53,61,56,34,61,65,64,61,34,34,35,10,14,9,7,8,8,Primera B Nacional
S. Jaurena,San Martín (San Juan),Argentina,16,CM,Right,176,27,68,,65,63,65,69,59,64,57,61,61,65,62,67,66,65,69,71,66,64,71,69,69,65,58,67,63,64,64,61,65,70,61,76,56,61,56,12,12,7,10,11,11,Primera B Nacional
C. Lattanzio,San Martín (San Juan),Argentina,5,"CDM, CB",Right,184,29,61,,54,49,58,59,62,64,52,44,52,62,46,57,52,54,60,61,52,56,55,64,59,58,60,66,64,54,64,67,48,59,50,62,64,61,58,13,7,10,8,11,6,Primera B Nacional
G. Lucero,San Martín (San Juan),Argentina,25,"CAM, ST",Left,174,22,57,,59,57,58,60,29,50,54,54,43,55,61,64,63,56,60,57,60,59,57,61,58,61,45,55,51,61,44,30,54,65,56,58,31,25,19,12,10,6,9,15,11,Primera B Nacional
D. Mercado,San Martín (San Juan),Argentina,23,LM,Left,175,29,66,,71,63,68,70,43,62,72,61,54,69,61,71,68,62,68,70,71,71,73,65,72,64,50,69,60,64,59,42,66,65,64,65,44,41,40,7,13,8,11,14,10,Primera B Nacional
L. Monje,San Martín (San Juan),Argentina,7,RM,Right,175,24,64,,69,60,64,65,42,59,68,59,45,67,59,63,63,57,61,66,73,65,67,63,69,63,53,66,58,60,55,44,61,59,60,59,43,41,39,10,11,14,13,13,10,Primera B Nacional
F. Murillo,San Martín (San Juan),Argentina,10,CAM,Right,174,29,65,,68,63,66,68,37,55,64,61,55,65,71,66,62,63,63,72,72,64,64,65,69,64,53,61,52,66,55,40,64,72,63,69,34,35,31,11,14,6,13,8,8,Primera B Nacional
N. Pelaitay,San Martín (San Juan),Argentina,20,"CAM, ST",Left,176,33,65,,63,64,66,68,38,59,64,63,48,65,63,66,66,65,62,70,65,61,73,62,69,70,47,64,61,60,50,43,65,72,65,66,36,36,31,13,9,10,12,7,8,Primera B Nacional
T. Romero,San Martín (San Juan),Argentina,40,"CAM, CM",Right,163,22,56,,58,54,56,57,28,48,55,53,44,58,54,54,57,56,55,59,58,58,63,58,55,53,44,57,46,57,44,35,54,56,57,58,27,19,26,14,14,9,6,10,14,Primera B Nacional
R. Rúmbolo,San Martín (San Juan),Argentina,22,CM,Right,168,22,59,,51,52,59,60,49,58,54,49,47,62,50,58,54,56,62,63,54,49,60,56,64,53,52,65,57,57,55,53,55,58,47,60,49,50,44,11,7,9,9,14,15,Primera B Nacional
N. Yevcin,San Martín (San Juan),Argentina,33,CM,Right,185,21,58,,59,54,59,59,52,55,53,50,49,62,51,58,52,52,62,59,60,58,59,61,57,57,52,63,51,59,54,56,57,59,54,58,54,50,45,12,13,14,7,10,14,Primera B Nacional
L. Acosta,San Martín (San Juan),Argentina,42,ST,Right,179,21,55,,58,58,47,53,20,58,46,60,58,52,52,51,49,41,42,55,57,59,53,56,48,59,59,53,64,52,49,17,59,46,60,59,17,14,13,15,10,9,10,11,9,Primera B Nacional
N. Acosta Da Silva,San Martín (San Juan),Argentina,27,"LW, ST",Left,168,27,60,,66,59,59,64,29,52,57,59,46,60,56,66,57,56,56,65,64,67,59,60,61,62,51,62,48,56,51,29,64,62,55,63,27,27,22,11,13,10,7,6,8,Primera B Nacional
L. Agüero,San Martín (San Juan),Argentina,31,ST,Left,186,23,60,,62,59,47,60,25,59,44,60,63,49,59,60,48,43,44,59,64,61,57,61,56,59,61,60,60,55,56,26,64,50,61,66,24,15,17,9,6,12,13,14,15,Primera B Nacional
F. Coronel,San Martín (San Juan),Argentina,19,"ST, RW",Left,179,33,61,,59,61,52,61,25,62,51,64,62,54,60,63,51,50,46,57,55,63,60,64,62,58,66,61,64,55,56,18,64,55,60,65,23,21,24,11,6,15,8,12,6,Primera B Nacional
N. Funez,San Martín (San Juan),Argentina,11,"LW, LM",Left,175,25,70,,77,69,67,73,38,66,70,68,55,68,68,72,71,62,67,75,80,75,77,67,72,66,59,73,65,71,59,41,79,62,67,66,38,35,29,8,7,11,7,8,7,Primera B Nacional
N. Iachetti,San Martín (San Juan),Argentina,29,"ST, CAM",Right,183,26,62,,63,65,52,59,29,64,53,68,66,51,60,58,55,48,49,62,58,67,52,63,53,67,63,57,70,59,57,25,63,53,56,66,24,25,27,14,15,13,13,13,15,Primera B Nacional
B. Juncos,San Martín (San Juan),Argentina,28,"LW, ST",Right,173,24,66,,77,65,68,66,33,59,67,65,53,72,57,65,68,58,55,66,74,79,67,66,69,66,53,64,58,68,55,33,64,72,64,66,31,28,34,13,15,9,6,13,14,Primera B Nacional
R. Nieva,San Martín (San Juan),Argentina,41,"LW, ST",Left,172,20,56,,62,52,52,62,26,49,55,51,45,52,53,66,54,50,48,58,62,62,67,51,61,55,47,56,47,52,44,29,55,53,51,54,28,18,23,9,6,15,10,6,15,Primera B Nacional
L. Riveros,San Martín (San Juan),Argentina,43,ST,Right,174,22,55,,56,58,47,54,23,52,47,59,51,51,58,55,50,47,45,53,55,57,51,53,49,57,52,49,54,57,53,26,54,43,55,55,17,18,19,14,15,14,9,11,7,Primera B Nacional
G. Rossi,San Martín (San Juan),Argentina,9,ST,Right,192,24,64,,63,65,55,64,31,62,53,66,65,58,67,61,52,55,48,68,61,65,64,69,55,66,69,58,66,61,54,33,71,56,66,70,22,26,32,6,6,15,11,7,13,Primera B Nacional
N. Tejada,San Martín (San Juan),Argentina,32,"ST, CAM",Right,178,23,59,,59,62,49,60,26,62,48,66,63,54,61,59,48,47,40,60,55,63,65,62,57,65,62,61,64,52,57,24,57,48,57,58,25,20,12,12,8,8,7,7,11,Primera B Nacional
J. Jaime,San Martín (Tucumán),Argentina,30,GK,Right,191,28,59,,33,18,29,25,17,41,17,10,21,40,10,12,17,11,29,29,35,31,32,58,35,41,48,36,44,16,37,22,10,31,17,41,16,14,14,62,60,60,61,59,36,Primera B Nacional
N. Manganelli,San Martín (Tucumán),Argentina,12,GK,Right,182,25,64,,38,23,32,33,23,46,18,17,24,38,10,25,13,24,34,33,35,41,37,63,40,46,53,39,52,21,37,32,19,41,19,47,21,20,23,62,65,60,66,62,46,Primera B Nacional
D. Sand,San Martín (Tucumán),Argentina,1,GK,Right,182,38,63,,30,22,33,30,20,46,16,13,25,40,12,20,22,18,37,31,30,30,39,63,41,49,51,41,51,22,36,26,13,42,21,49,17,17,19,67,59,57,63,66,43,Primera B Nacional
R. Ayala,San Martín (Tucumán),Argentina,14,"RB, RM",Right,171,32,65,,68,49,61,61,65,61,65,44,58,64,46,60,56,53,58,59,66,69,64,63,66,62,63,69,56,49,65,64,51,59,49,63,67,67,65,6,12,11,11,10,11,Primera B Nacional
N. Gallardo,San Martín (Tucumán),Argentina,13,CB,Left,183,28,63,,61,43,50,52,65,67,52,39,68,52,38,49,41,47,56,53,59,62,49,61,52,59,64,57,72,41,70,65,37,44,42,56,62,66,66,15,6,11,10,12,12,Primera B Nacional
A. Galván,San Martín (Tucumán),Argentina,24,CB,Right,181,24,63,,60,42,50,55,67,68,47,32,64,53,39,52,43,47,55,56,57,62,55,63,55,59,65,60,73,48,68,69,38,44,38,60,65,71,64,11,6,14,11,13,13,Primera B Nacional
J. Juárez,San Martín (Tucumán),Argentina,6,CB,Left,186,30,61,,55,43,52,52,64,65,48,43,66,59,40,47,38,44,57,56,52,57,50,57,52,50,67,55,70,42,63,66,36,45,36,58,65,60,68,9,11,8,11,13,9,Primera B Nacional
E. Parnisari,San Martín (Tucumán),Argentina,4,RB,Right,177,36,66,,64,53,63,65,63,64,68,51,58,65,46,62,64,49,69,65,62,66,72,67,66,60,59,71,60,52,67,63,56,55,52,64,63,66,61,10,13,13,15,8,9,Primera B Nacional
V. Salazar,San Martín (Tucumán),Argentina,2,"CB, CDM",Right,179,33,67,,56,49,58,58,70,70,50,45,70,65,46,57,45,51,60,61,54,57,49,61,60,62,73,63,75,50,68,70,42,55,46,68,67,72,69,15,11,12,6,9,6,Primera B Nacional
M. Altamiranda,San Martín (Tucumán),Argentina,32,"LM, RM",Left,174,22,58,,65,53,56,57,39,56,59,54,40,56,43,59,62,52,50,55,62,68,58,58,63,55,48,59,56,49,52,41,57,57,54,52,41,36,39,13,7,15,8,9,15,Primera B Nacional
S. Briñone,San Martín (Tucumán),Argentina,8,CM,Right,196,29,70,,68,68,70,73,62,66,65,67,56,69,62,73,70,59,74,74,72,65,73,69,74,71,61,70,64,71,66,68,66,74,61,72,58,66,55,11,13,8,7,11,12,Primera B Nacional
G. Carabajal,San Martín (Tucumán),Argentina,17,"RM, RW",Right,186,34,63,,64,57,63,63,44,56,67,57,48,60,52,62,67,54,58,62,68,61,67,66,66,60,50,66,52,57,53,42,58,67,58,65,46,43,42,9,8,6,10,14,10,Primera B Nacional
N. Castro,San Martín (Tucumán),Argentina,5,"CDM, CB",Right,181,36,63,,52,54,61,61,66,65,56,49,61,64,47,56,50,54,61,66,49,55,60,68,55,64,65,67,64,57,66,71,55,65,54,69,68,63,62,11,6,8,8,7,15,Primera B Nacional
A. Cisnero,San Martín (Tucumán),Argentina,10,"CAM, CM",Right,169,22,61,,60,59,59,64,35,50,50,58,44,66,57,65,59,54,51,64,64,57,65,64,64,57,49,55,50,64,46,36,59,65,56,55,38,31,31,14,15,13,9,15,12,Primera B Nacional
M. García,San Martín (Tucumán),Argentina,15,"CM, CDM",Left,177,34,61,,55,58,62,62,54,58,55,57,58,64,54,64,59,55,62,62,52,58,58,62,64,61,52,62,59,59,54,57,60,69,55,60,54,50,52,11,7,7,14,11,12,Primera B Nacional
M. Ignacio García,San Martín (Tucumán),Argentina,22,CDM,Right,172,30,60,,52,50,59,52,61,64,51,43,59,63,43,47,45,53,64,56,56,49,52,57,56,62,60,68,62,54,65,64,54,61,44,61,63,58,56,6,13,12,13,9,9,Primera B Nacional
A. Graneros,San Martín (Tucumán),Argentina,18,"CM, CDM",Right,171,25,65,,62,61,67,66,54,64,64,56,53,69,55,64,58,61,69,68,61,62,68,62,65,66,63,67,62,70,63,58,62,68,59,67,54,50,56,13,11,6,9,15,6,Primera B Nacional
K. López,San Martín (Tucumán),Argentina,20,"CAM, ST",Right,172,24,60,,62,58,61,61,35,50,56,54,46,62,56,59,63,57,59,64,62,62,64,61,61,62,47,57,48,62,46,36,64,65,61,59,37,31,26,13,14,8,9,7,13,Primera B Nacional
L. Monroy,San Martín (Tucumán),Argentina,26,LM,Right,171,26,62,,69,57,59,64,42,56,67,55,44,57,54,66,58,55,57,61,68,69,65,65,63,60,51,67,51,58,54,41,61,58,54,60,41,45,37,8,9,10,14,14,10,Primera B Nacional
L. Ovando,San Martín (Tucumán),Argentina,21,CM,Right,174,23,61,,58,59,62,62,52,59,56,54,52,68,53,61,54,56,59,64,58,58,62,65,64,64,56,64,58,65,57,53,67,64,54,55,53,52,51,10,13,9,9,11,10,Primera B Nacional
A. Paz,San Martín (Tucumán),Argentina,25,CDM,Right,173,23,59,,56,49,56,56,60,58,51,44,58,62,42,55,51,50,53,56,58,54,55,66,54,56,57,58,59,53,55,59,47,55,50,59,60,62,61,8,7,7,9,9,13,Primera B Nacional
T. Polli,San Martín (Tucumán),Argentina,34,RM,Right,173,21,57,,61,54,57,58,40,52,56,50,46,61,52,55,59,46,54,61,63,59,55,65,63,60,45,64,50,56,46,45,52,55,53,49,36,38,39,9,13,13,14,10,12,Primera B Nacional
M. Ríos,San Martín (Tucumán),Argentina,23,LM,Right,174,22,57,,64,51,54,61,36,51,61,51,39,52,45,64,56,54,50,60,60,67,63,55,57,52,46,63,47,52,49,45,55,54,50,52,32,33,34,13,8,10,8,10,7,Primera B Nacional
G. Rodríguez,San Martín (Tucumán),Argentina,16,CM,Left,179,24,64,,62,60,67,65,56,62,72,56,55,69,54,68,58,57,66,62,62,62,64,67,67,61,59,62,65,68,57,63,53,66,64,64,54,55,57,10,14,9,6,9,12,Primera B Nacional
L. Rodríguez,San Martín (Tucumán),Argentina,11,LM,Left,170,23,62,,66,57,63,63,42,53,72,58,47,62,50,66,58,58,59,58,68,64,64,64,66,60,54,60,51,53,49,44,58,59,55,60,40,41,44,7,12,9,11,10,9,Primera B Nacional
D. Ruscitti,San Martín (Tucumán),Argentina,33,"CAM, ST",Right,170,20,58,,62,60,59,62,32,51,58,61,43,61,52,60,62,55,55,65,63,62,62,56,63,58,49,56,50,61,47,33,61,61,56,57,35,26,24,8,14,7,7,15,11,Primera B Nacional
J. Soraire,San Martín (Tucumán),Argentina,37,"RM, RW",Right,174,37,56,,56,52,56,59,37,49,60,52,41,54,50,62,59,51,56,56,49,61,63,57,56,53,49,57,48,52,43,32,49,55,44,55,37,37,41,6,12,11,7,15,14,Primera B Nacional
J. Bautista Valdez,San Martín (Tucumán),Argentina,35,CM,Right,181,19,57,,56,53,56,56,50,56,54,50,50,58,46,53,51,48,59,61,56,56,58,56,59,57,52,60,52,58,62,53,49,57,59,48,50,49,42,13,6,6,9,14,14,Primera B Nacional
O. Zamora,San Martín (Tucumán),Argentina,27,LM,Left,174,31,62,,66,56,63,64,43,59,64,55,48,66,53,64,56,52,63,63,62,70,73,60,64,57,51,69,56,58,54,50,59,63,55,60,41,40,40,6,7,9,8,7,12,Primera B Nacional
L. Arfaras,San Martín (Tucumán),Argentina,9,ST,Right,186,20,64,,65,66,53,65,32,63,51,66,66,57,66,66,54,54,50,66,64,65,62,59,63,64,67,62,67,66,55,32,68,48,68,60,28,27,26,8,15,12,12,11,8,Primera B Nacional
B. Cabrera,San Martín (Tucumán),Argentina,7,RW,Right,176,23,67,,75,68,63,72,36,58,65,70,52,64,64,77,70,64,60,68,73,77,75,66,73,66,60,66,55,68,57,34,68,60,62,67,34,35,36,12,6,10,12,7,11,Primera B Nacional
D. Diellos,San Martín (Tucumán),Argentina,3,RW,Right,165,33,62,,67,59,61,65,31,53,61,58,49,61,60,65,61,56,58,65,66,68,70,61,67,59,49,64,49,61,51,33,62,63,51,64,31,27,24,14,7,15,15,13,8,Primera B Nacional
N. Moreno,San Martín (Tucumán),Argentina,31,"ST, RW",Right,174,25,60,,62,61,50,58,28,60,45,64,66,52,58,59,52,48,45,58,63,62,55,60,59,61,60,57,64,55,55,25,66,54,61,63,26,22,18,7,15,11,15,6,14,Primera B Nacional
G. Rodríguez,San Martín (Tucumán),Argentina,28,"LW, LM",Left,171,36,59,,63,58,55,62,27,52,56,60,46,55,51,61,57,53,48,61,61,65,69,62,62,59,45,65,49,55,46,28,64,61,54,58,27,24,19,8,8,7,13,8,7,Primera B Nacional
L. Sir,San Martín (Tucumán),Argentina,36,LW,Left,167,17,57,,67,56,53,58,26,49,55,55,40,54,56,56,58,51,48,59,67,67,67,51,60,56,40,56,50,57,40,29,59,54,50,56,25,22,20,8,9,11,8,13,8,Primera B Nacional
Á. Veliez,San Martín (Tucumán),Argentina,19,ST,Left,180,31,66,,67,66,58,65,34,64,50,69,75,65,66,62,59,61,52,68,67,67,66,65,66,64,67,60,68,61,57,34,70,55,65,69,31,26,28,10,11,12,12,15,15,Primera B Nacional
M. Verón,San Martín (Tucumán),Argentina,29,ST,Right,187,27,64,,63,67,50,63,29,64,49,72,63,51,64,61,54,55,42,66,60,65,60,62,62,66,68,58,70,59,57,27,67,54,61,69,28,22,26,15,15,7,6,8,8,Primera B Nacional
M. Escobar,San Miguel,Argentina,25,GK,Right,184,23,56,,33,16,25,22,16,37,10,10,14,29,10,13,10,16,31,23,34,33,27,50,34,38,45,33,44,10,24,16,10,33,18,37,13,20,12,57,54,49,56,57,35,Primera B Nacional
M. Reynoso,San Miguel,Argentina,12,GK,Right,187,22,55,,31,16,21,22,15,40,10,10,21,26,10,13,11,13,22,23,29,33,31,50,34,38,47,30,47,10,34,26,10,29,16,33,10,12,10,54,53,50,56,55,34,Primera B Nacional
D. Sappa,San Miguel,Argentina,1,GK,Right,179,31,61,,34,18,28,26,15,44,15,10,24,33,10,14,14,16,33,26,33,35,37,62,44,42,49,37,49,17,39,19,10,35,17,41,10,14,18,60,59,54,64,65,38,Primera B Nacional
A. Sosa,San Miguel,Argentina,30,GK,Right,189,21,53,,30,15,23,24,14,40,15,10,16,27,10,12,10,10,21,31,27,33,24,52,34,32,40,33,48,10,30,24,10,30,15,34,10,10,12,56,53,49,55,55,31,Primera B Nacional
D. Adín,San Miguel,Argentina,6,CB,Right,180,29,65,,60,47,54,58,70,65,53,44,66,61,40,52,51,48,58,63,59,60,56,67,52,58,63,58,68,46,66,70,37,40,48,64,69,72,66,6,12,8,9,10,8,Primera B Nacional
F. Aguirre,San Miguel,Argentina,26,RB,Right,177,24,60,,64,45,56,57,57,59,57,42,53,57,41,53,52,51,64,58,65,63,64,61,62,53,54,63,57,43,60,61,49,50,41,59,55,56,62,11,12,7,9,14,14,Primera B Nacional
F. Cardozo,San Miguel,Argentina,2,CB,Left,179,31,66,,62,47,52,54,69,70,47,43,66,61,42,48,45,41,53,57,65,60,51,64,57,60,62,70,70,43,70,68,44,45,47,64,71,70,69,8,11,14,6,15,11,Primera B Nacional
K. Ceceri,San Miguel,Argentina,4,RB,Right,176,30,67,,70,53,64,60,66,62,67,54,57,68,51,55,60,56,65,63,73,68,69,63,67,55,66,72,57,51,63,67,54,56,54,60,67,67,69,9,8,6,12,15,12,Primera B Nacional
A. Cruz,San Miguel,Argentina,3,LB,Right,168,26,65,,68,47,62,63,63,67,72,41,56,63,48,65,55,52,63,61,67,69,67,60,68,55,56,74,65,52,65,64,54,55,48,55,61,66,69,10,9,13,15,11,15,Primera B Nacional
L. Ortiz,San Miguel,Argentina,21,"RB, RM",Left,165,19,54,,58,38,48,52,52,57,52,36,42,51,36,51,43,42,45,52,60,57,54,50,56,45,46,63,57,36,53,49,39,44,37,50,51,56,55,9,7,8,15,11,12,Primera B Nacional
L. Pérez,San Miguel,Argentina,15,"LB, LM",Left,181,29,64,,69,48,60,62,65,63,64,43,59,63,46,62,55,47,57,59,68,69,66,62,68,56,62,68,60,48,63,65,51,56,54,63,68,64,64,11,11,10,6,15,13,Primera B Nacional
D. Rentería,San Miguel,Argentina,13,CB,Right,179,31,66,,58,46,52,56,68,67,49,41,70,56,42,51,50,46,60,58,56,59,56,69,57,58,73,61,69,49,67,67,41,42,47,64,67,68,67,8,14,9,15,10,8,Primera B Nacional
F. Almeida,San Miguel,Argentina,17,RM,Right,173,24,59,,62,58,59,59,41,54,65,63,43,58,53,61,59,57,53,56,64,60,66,50,56,52,46,59,55,55,49,41,56,62,50,55,41,42,40,6,14,14,10,7,9,Primera B Nacional
S. Bevilacqua,San Miguel,Argentina,22,CDM,Left,181,20,55,,53,46,50,50,59,55,44,42,56,57,38,48,46,43,51,52,50,55,46,51,51,53,50,55,56,52,55,58,42,48,47,55,60,60,55,13,7,10,7,11,7,Primera B Nacional
T. Carosio,San Miguel,Argentina,23,CAM,Right,179,22,52,,51,52,52,57,28,43,48,52,35,53,46,55,56,49,43,61,55,47,54,54,52,53,39,51,41,50,39,26,58,59,50,56,30,25,23,13,11,7,13,9,15,Primera B Nacional
A. De La Cruz,San Miguel,Argentina,20,"CAM, ST",Right,172,21,56,,56,58,56,63,29,47,56,60,38,56,57,61,57,49,56,68,58,55,64,61,59,57,48,56,45,56,41,29,62,58,51,56,27,30,22,11,6,10,7,11,15,Primera B Nacional
L. Desábato,San Miguel,Argentina,10,CAM,Right,175,36,62,,56,62,64,68,36,54,61,62,48,68,56,68,64,60,59,69,57,55,66,66,62,63,45,59,51,65,56,39,66,64,57,65,35,33,29,11,11,13,8,9,11,Primera B Nacional
I. Ramírez,San Miguel,Argentina,5,"CDM, CM",Right,180,36,65,,54,56,63,62,68,66,52,51,65,73,50,62,54,52,62,62,52,55,60,64,64,60,59,65,67,64,67,67,53,60,58,68,72,66,66,9,13,11,11,14,11,Primera B Nacional
M. Serra,San Miguel,Argentina,16,CDM,Right,179,22,60,,53,49,58,57,60,65,50,41,55,64,42,55,52,53,61,59,51,54,53,60,60,60,60,63,65,57,68,66,46,55,50,54,58,62,57,7,6,14,15,11,7,Primera B Nacional
L. Brochero,San Miguel,Argentina,8,ST,Right,192,27,61,,61,62,53,61,29,64,47,62,64,60,56,64,50,53,47,59,65,58,57,60,58,64,65,58,69,58,57,21,66,50,66,58,29,24,22,7,15,12,7,13,10,Primera B Nacional
L. Delgado,San Miguel,Argentina,19,ST,Right,180,31,65,,64,70,55,64,34,67,52,70,70,58,68,65,59,58,47,61,63,64,61,71,62,73,62,63,72,66,61,29,67,55,70,70,31,30,25,11,14,14,6,14,6,Primera B Nacional
T. Díaz Grassano,San Miguel,Argentina,14,ST,Right,175,29,62,,62,62,52,62,27,59,46,63,65,59,63,62,51,54,47,63,61,62,61,58,60,61,61,62,60,60,53,26,71,49,60,64,21,23,23,8,14,11,6,15,14,Primera B Nacional
G. Fernández,San Miguel,Argentina,31,"ST, CAM",Right,177,36,60,,61,61,50,57,28,59,45,64,63,52,60,55,49,55,44,56,59,62,59,66,58,65,60,54,65,52,52,25,63,54,57,60,24,23,21,8,9,7,6,7,10,Primera B Nacional
J. Ferrero,San Miguel,Argentina,9,"ST, RW",Right,193,34,65,,59,65,56,65,32,70,53,68,65,59,66,67,49,58,54,62,57,61,63,68,61,65,71,65,75,57,62,32,65,55,67,70,29,26,22,7,12,10,12,14,13,Primera B Nacional
T. Jérez,San Miguel,Argentina,18,ST,Right,183,22,55,,55,56,44,52,24,54,41,54,59,46,52,47,43,43,38,57,58,53,52,55,55,63,56,47,60,54,47,22,58,48,54,59,23,16,17,12,6,9,12,15,6,Primera B Nacional
D. Juárez,San Miguel,Argentina,11,"LW, LM",Left,180,25,64,,77,66,63,70,33,55,65,68,53,63,65,71,64,58,59,69,76,77,75,62,72,67,51,61,53,60,54,38,67,64,68,60,26,31,28,13,14,11,7,10,15,Primera B Nacional
B. Nasta,San Miguel,Argentina,7,RW,Right,171,33,64,,68,63,63,67,33,52,59,62,50,65,62,72,65,61,55,62,64,71,65,67,70,65,55,59,50,61,50,31,69,71,66,66,31,34,22,13,6,13,11,14,15,Primera B Nacional
M. Oses,San Miguel,Argentina,29,ST,Right,183,21,60,,60,61,49,62,26,55,46,64,63,55,60,63,53,47,45,61,57,62,59,62,57,66,62,50,58,50,54,23,67,46,62,62,24,19,23,15,10,10,11,15,9,Primera B Nacional
J. Enrico,San Telmo,Argentina,1,GK,Right,181,25,65,,42,22,34,33,22,47,23,14,24,39,10,20,17,20,37,38,36,46,40,58,44,47,51,32,55,22,43,29,11,42,25,46,20,21,18,66,69,60,60,67,40,Primera B Nacional
J. Pablo Rial,San Telmo,Argentina,33,GK,Right,181,22,54,,31,16,22,23,14,35,10,10,16,28,10,10,10,13,26,28,30,31,34,49,33,37,39,26,42,10,30,23,10,25,16,34,11,10,10,55,55,46,60,56,31,Primera B Nacional
E. Álvarez,San Telmo,Argentina,22,"RB, RM",Left,173,22,56,,59,42,52,53,53,54,56,39,44,53,42,53,49,41,57,50,58,59,58,59,63,48,51,58,52,43,53,57,45,46,43,54,55,52,53,11,6,10,7,11,7,Primera B Nacional
L. Brítez,San Telmo,Argentina,13,"CB, RB",Right,182,22,59,,54,38,48,51,62,63,44,29,59,54,37,50,38,42,56,50,50,57,53,58,50,54,66,59,66,39,60,63,36,40,44,54,66,59,60,7,10,9,15,12,13,Primera B Nacional
L. Buteler,San Telmo,Argentina,18,CB,Right,175,20,57,,56,37,44,47,63,60,41,31,63,49,37,43,37,39,49,53,55,57,42,55,39,52,55,53,63,40,61,59,31,37,33,51,62,67,61,12,6,10,10,6,15,Primera B Nacional
C. Casas Sánchez,San Telmo,Argentina,26,"RB, RM",Right,174,22,57,,60,40,52,53,55,54,60,38,51,52,38,49,47,46,54,55,58,62,58,57,58,44,57,60,51,42,53,50,43,47,42,54,59,56,57,13,7,9,6,14,12,Primera B Nacional
E. Díaz,San Telmo,Argentina,14,"RB, LB",Left,166,28,67,,74,54,64,65,64,66,70,51,59,68,49,64,61,50,65,63,71,76,70,62,71,60,63,73,62,54,66,62,54,55,52,65,65,66,65,15,6,12,13,9,9,Primera B Nacional
R. Dinocco,San Telmo,Argentina,16,"CB, CDM",Right,189,24,58,,53,37,45,44,57,60,47,34,57,50,33,39,35,40,48,45,50,55,48,58,50,54,64,51,63,28,61,61,34,36,36,57,54,55,64,6,10,8,14,11,13,Primera B Nacional
M. González,San Telmo,Argentina,24,CB,Left,185,25,57,,53,36,45,45,60,59,37,32,64,55,31,39,38,34,50,50,50,56,42,54,51,50,59,53,62,34,61,64,35,36,35,53,57,57,61,7,9,9,14,11,11,Primera B Nacional
A. Jazbec,San Telmo,Argentina,32,CB,Right,189,19,55,,52,35,41,42,59,59,37,31,62,47,26,35,36,36,51,46,52,52,45,50,48,47,54,57,65,32,50,55,29,31,41,49,59,62,51,9,15,7,14,6,7,Primera B Nacional
J. Ignacio Motroni,San Telmo,Argentina,2,"CB, RB",Right,188,27,68,,64,48,55,57,69,71,53,45,67,62,40,51,49,49,58,60,65,64,60,68,58,63,69,65,74,47,72,67,41,47,41,66,73,68,68,10,11,8,14,6,11,Primera B Nacional
I. Pardo,San Telmo,Argentina,27,"LB, RB",Right,180,23,59,,66,47,54,55,57,55,57,43,55,59,42,55,53,52,51,52,63,68,60,50,64,57,51,62,52,49,55,55,51,46,36,58,58,59,55,9,7,10,7,13,9,Primera B Nacional
G. Paredes,San Telmo,Argentina,15,LB,Right,179,22,63,,69,48,61,61,60,60,67,44,57,63,48,61,56,45,60,57,67,71,67,67,63,56,57,66,55,49,65,57,48,57,46,63,62,60,66,9,9,15,14,15,7,Primera B Nacional
L. Pollacchi,San Telmo,Argentina,4,RB,Right,171,23,65,,68,50,60,59,63,65,67,46,60,64,40,59,55,55,57,56,65,70,66,62,65,58,59,71,64,53,60,63,54,49,50,65,59,67,65,8,9,14,10,15,15,Primera B Nacional
P. Romero,San Telmo,Argentina,3,LB,Left,179,33,65,,66,49,61,63,64,63,70,45,62,62,52,58,55,54,59,66,68,65,69,64,72,52,58,70,60,51,62,60,57,54,51,62,65,66,66,11,15,15,11,8,13,Primera B Nacional
F. Roncaglia,San Telmo,Argentina,6,"CB, RB",Right,183,39,62,,49,45,53,53,65,69,47,41,64,63,38,53,42,39,57,52,46,52,50,60,56,62,66,59,75,45,68,68,35,46,38,59,67,63,61,15,9,15,7,6,12,Primera B Nacional
E. Brítez,San Telmo,Argentina,10,"CAM, CM",Right,168,25,66,,69,64,67,69,42,58,66,62,50,69,63,65,71,60,62,73,70,69,74,69,71,67,56,60,56,66,59,46,70,71,61,68,44,37,32,11,13,9,12,10,13,Primera B Nacional
R. Gamarra,San Telmo,Argentina,20,CAM,Right,162,24,65,,65,68,66,68,36,56,60,72,48,68,63,67,67,63,63,68,66,64,71,59,69,64,56,60,54,67,55,42,62,70,69,70,35,33,28,8,14,13,14,14,11,Primera B Nacional
J. González,San Telmo,Argentina,23,LM,Right,183,24,61,,63,57,58,64,42,56,64,57,46,58,56,68,57,55,58,61,61,64,66,65,61,57,50,62,53,56,55,41,59,54,51,55,41,45,36,15,10,9,10,14,12,Primera B Nacional
J. Iritier,San Telmo,Argentina,5,CDM,Right,174,31,64,,57,56,58,60,66,66,55,51,59,62,48,61,52,53,65,60,54,59,56,62,53,67,62,73,61,58,72,69,54,53,52,63,68,64,66,10,12,14,6,10,9,Primera B Nacional
M. Ledesma,San Telmo,Argentina,21,"CAM, ST",Right,173,27,62,,61,61,62,67,35,56,62,61,46,66,60,72,62,62,61,63,61,61,63,61,64,61,55,59,55,62,55,39,65,58,53,63,37,30,29,7,12,15,15,9,15,Primera B Nacional
N. Ortiz,San Telmo,Argentina,12,"CAM, CM",Left,170,21,55,,55,55,56,57,25,48,50,58,38,59,52,58,58,55,49,58,53,57,57,55,53,50,42,54,46,56,45,28,59,60,50,52,26,19,24,11,6,14,8,6,9,Primera B Nacional
R. Uriburu,San Telmo,Argentina,7,"RM, RW",Right,173,23,68,,75,63,69,70,49,66,68,63,51,71,58,71,67,63,72,69,74,75,73,64,67,62,58,81,61,63,62,49,63,66,63,65,46,51,47,12,6,8,6,10,8,Primera B Nacional
F. Báez,San Telmo,Argentina,8,"RW, ST",Left,175,22,58,,62,55,56,61,28,49,57,56,48,57,50,62,55,51,51,60,60,63,65,56,65,53,50,55,48,55,44,26,61,59,55,58,26,27,23,15,9,12,11,12,8,Primera B Nacional
M. Batallini,San Telmo,Argentina,9,ST,Left,176,35,65,,64,66,56,63,33,63,55,70,66,59,65,60,53,53,53,67,60,68,61,71,56,67,62,56,69,56,58,26,69,56,59,69,35,27,25,13,13,12,6,13,10,Primera B Nacional
R. González,San Telmo,Argentina,25,ST,Right,181,20,56,,58,59,49,56,20,55,48,63,60,52,51,54,48,40,42,59,58,58,61,51,49,62,58,53,59,51,49,20,59,51,55,53,14,14,18,10,10,13,9,6,6,Primera B Nacional
I. Larthirigoyen,San Telmo,Argentina,11,"LW, ST",Left,173,22,58,,65,55,55,63,27,50,61,52,46,56,56,63,54,54,49,64,62,67,61,63,59,59,51,62,48,56,42,25,60,53,53,57,27,24,21,10,10,15,12,12,13,Primera B Nacional
N. Molina,San Telmo,Argentina,17,RW,Right,172,27,66,,74,65,61,69,38,58,63,63,50,57,62,70,62,58,60,72,67,79,67,62,63,67,55,67,58,68,50,42,72,66,60,63,35,36,29,12,10,10,11,6,10,Primera B Nacional
I. Molinari,San Telmo,Argentina,30,"ST, CAM",Right,181,21,56,,63,58,45,56,22,55,41,63,58,49,56,54,46,44,39,58,64,62,51,59,52,54,59,54,57,52,49,19,59,47,59,60,17,17,20,14,14,12,12,14,6,Primera B Nacional
C. Núñez,San Telmo,Argentina,29,"ST, RW",Right,180,26,61,,58,61,52,59,29,62,52,60,62,55,63,58,52,50,47,60,61,56,57,65,54,61,62,53,68,61,56,24,68,51,55,67,29,24,20,11,8,10,15,11,6,Primera B Nacional
J. Porto Lapegüe,San Telmo,Argentina,19,ST,Right,179,25,64,,68,66,54,61,31,66,53,70,66,57,68,62,59,45,53,62,70,67,60,57,59,62,66,60,73,61,55,24,69,52,62,63,29,28,24,9,13,15,13,10,10,Primera B Nacional
M. Salerno,San Telmo,Argentina,31,ST,Right,181,22,57,,59,58,48,56,25,58,46,62,53,53,54,55,51,44,42,57,55,62,56,57,54,59,54,53,63,52,52,21,58,44,53,64,27,19,19,12,6,14,13,10,12,Primera B Nacional
J. Cruz Zurbriggen,San Telmo,Argentina,28,LW,Right,168,26,61,,68,62,61,64,31,53,65,62,49,64,59,69,62,57,48,59,67,69,69,58,62,62,47,64,49,63,52,32,65,61,52,57,36,23,23,12,15,13,15,8,12,Primera B Nacional
E. Mastrolía,Temperley,Argentina,1,GK,Right,189,35,70,,38,26,41,38,26,54,27,19,32,47,19,23,25,26,44,47,37,38,42,70,51,44,59,46,60,25,50,31,20,50,31,50,25,22,21,67,68,64,73,70,50,Primera B Nacional
L. Morrone,Temperley,Argentina,25,GK,Right,191,20,62,,44,20,33,28,17,48,22,14,21,39,10,16,19,16,33,33,44,44,36,53,43,44,47,34,60,10,37,26,18,39,21,36,15,14,10,62,63,61,61,64,42,Primera B Nacional
J. Pourtau,Temperley,Argentina,30,GK,Right,185,26,59,,34,18,26,24,14,43,13,10,22,31,10,14,14,11,31,23,36,32,34,56,38,37,48,37,48,17,35,23,14,34,21,39,10,10,12,65,50,54,60,63,32,Primera B Nacional
V. Aguiñagalde,Temperley,Argentina,3,"LB, RB",Left,172,21,67,,69,51,65,68,64,66,72,45,59,69,48,68,60,50,62,68,72,67,70,60,69,63,63,74,63,54,66,67,55,58,51,64,63,65,67,10,14,8,10,6,11,Primera B Nacional
L. Angelini,Temperley,Argentina,4,RB,Right,164,31,74,,80,60,70,71,73,71,72,56,70,73,58,72,63,55,68,68,81,80,76,68,75,69,75,76,68,61,73,72,59,70,60,72,73,74,78,10,13,12,8,9,6,Primera B Nacional
M. Calzón,Temperley,Argentina,13,CB,Right,180,21,60,,53,39,47,49,64,64,43,31,60,54,34,40,44,33,55,57,49,56,40,65,49,56,62,55,70,41,63,65,32,35,39,58,66,64,64,7,11,9,10,6,12,Primera B Nacional
I. Iriarte,Temperley,Argentina,24,CB,Right,184,26,62,,54,43,49,50,69,60,46,39,70,53,36,48,41,40,58,51,52,56,48,52,47,54,65,53,61,42,67,68,44,43,42,61,70,70,62,9,9,10,11,6,8,Primera B Nacional
R. Mazur,Temperley,Argentina,19,LB,Right,174,34,62,,63,49,57,63,58,59,63,46,52,59,47,64,53,50,55,61,65,62,63,58,66,57,55,62,57,49,63,55,49,52,44,63,55,61,65,10,8,9,6,14,10,Primera B Nacional
O. Pacheco,Temperley,Argentina,15,LB,Left,177,25,68,,73,56,64,63,64,63,67,52,57,68,48,60,64,55,63,64,70,75,69,65,67,62,63,69,59,60,64,65,59,57,48,64,64,64,71,7,6,7,12,9,9,Primera B Nacional
P. Souto,Temperley,Argentina,2,"CB, RB",Right,182,26,69,,65,48,55,62,71,72,52,42,73,65,47,58,52,49,52,67,63,66,56,65,58,63,70,69,73,47,74,66,43,47,44,64,70,75,74,15,14,15,10,11,7,Primera B Nacional
F. Tirotta,Temperley,Argentina,26,LB,Right,169,21,60,,64,43,58,60,56,56,61,40,48,62,39,60,51,48,55,59,66,63,63,53,66,46,56,63,54,49,54,56,48,55,39,55,57,57,62,8,6,8,12,15,11,Primera B Nacional
V. Werro,Temperley,Argentina,27,"LB, RB",Left,172,24,63,,70,48,58,59,62,67,61,43,59,58,43,54,61,53,57,63,72,68,59,61,61,57,60,67,68,49,65,63,50,56,49,63,60,64,65,10,14,7,11,13,14,Primera B Nacional
A. Arregui,Temperley,Argentina,16,CM,Right,187,34,67,,56,60,68,69,58,64,62,55,56,69,60,70,63,61,76,69,59,53,67,69,71,66,54,69,62,68,63,58,59,69,59,67,54,61,61,9,14,9,15,12,14,Primera B Nacional
N. Ávalos,Temperley,Argentina,12,"LM, RM",Left,171,20,61,,67,53,58,60,43,57,60,50,50,56,51,61,57,56,56,57,67,67,68,49,69,58,49,65,54,57,55,46,53,62,54,58,41,40,44,14,9,15,15,6,15,Primera B Nacional
F. Benítez,Temperley,Argentina,10,CAM,Left,166,24,71,,76,70,76,76,44,59,72,69,57,76,71,82,78,68,75,73,77,75,75,71,67,68,60,65,59,72,53,42,73,80,69,72,44,42,39,6,9,11,10,12,9,Primera B Nacional
F. Brandan,Temperley,Argentina,6,CM,Right,169,36,60,,50,53,58,62,51,58,56,52,50,59,52,60,57,56,57,64,55,46,64,56,57,54,57,64,56,55,54,52,52,60,51,67,53,48,52,7,12,12,9,11,10,Primera B Nacional
J. Carrasco,Temperley,Argentina,14,LM,Right,177,24,63,,67,56,65,66,41,58,65,54,47,66,60,66,58,57,60,66,68,67,69,64,68,61,49,63,57,52,58,45,61,69,63,63,41,36,40,10,11,11,15,11,13,Primera B Nacional
F. Díaz,Temperley,Argentina,5,"LM, RM",Right,178,26,67,,74,60,67,66,47,59,70,59,52,66,54,67,65,61,62,63,76,73,72,65,64,64,59,68,54,57,60,48,62,70,59,65,46,48,43,10,12,9,6,12,12,Primera B Nacional
J. Díaz,Temperley,Argentina,28,"CM, CDM",Right,166,21,60,,60,54,58,62,51,57,57,47,48,55,49,61,55,51,63,64,59,61,64,59,63,62,53,59,55,60,59,53,60,63,51,59,53,51,48,14,12,15,9,14,14,Primera B Nacional
S. Grecco,Temperley,Argentina,20,"CDM, CM",Right,170,20,61,,57,53,59,55,65,66,52,47,59,62,42,51,55,47,66,61,58,57,51,57,56,64,55,68,65,57,69,67,51,61,51,54,69,63,58,14,14,13,14,14,6,Primera B Nacional
M. Lugo,Temperley,Argentina,31,"CM, CDM",Right,172,22,59,,54,54,60,61,50,54,59,51,47,60,44,61,52,54,63,63,55,54,60,57,59,56,48,61,49,58,57,53,55,60,56,56,49,49,49,9,9,13,10,11,13,Primera B Nacional
S. Maldonado,Temperley,Argentina,29,CAM,Right,171,26,60,,62,63,60,66,34,50,55,65,47,61,55,69,62,61,59,64,63,61,65,58,63,65,46,57,48,59,46,29,61,64,63,63,34,35,28,10,15,11,13,6,15,Primera B Nacional
L. Monti Azpiazu,Temperley,Argentina,8,CM,Right,173,28,68,,68,63,67,70,62,67,62,60,58,68,58,71,65,67,71,69,70,67,71,69,60,66,61,72,66,70,66,65,68,66,58,73,64,59,59,6,15,14,10,6,15,Primera B Nacional
L. Nieto,Temperley,Argentina,7,RM,Right,174,35,62,,62,58,63,64,43,58,65,56,45,65,51,60,63,59,60,65,65,59,73,62,69,63,47,64,56,59,56,44,57,59,62,59,45,41,39,15,12,14,6,8,7,Primera B Nacional
E. Quiroga,Temperley,Argentina,32,CDM,Right,183,19,59,,54,47,53,55,60,60,42,43,57,57,45,53,53,52,57,58,52,55,57,51,53,52,55,60,63,50,56,64,51,53,48,56,62,57,58,7,10,11,6,9,13,Primera B Nacional
L. Richarte,Temperley,Argentina,22,"CDM, CM",Left,182,21,61,,56,51,59,60,63,62,49,46,60,65,43,59,58,54,62,62,53,59,52,63,59,61,58,67,61,54,61,65,51,56,53,63,63,62,61,7,15,13,11,12,10,Primera B Nacional
R. Stocco,Temperley,Argentina,21,"LM, RM",Right,173,20,61,,68,55,59,64,41,58,63,54,50,59,57,68,57,52,59,60,69,67,65,57,62,60,53,64,55,50,57,38,54,55,54,59,43,39,42,7,10,12,8,11,12,Primera B Nacional
G. Tomasetti,Temperley,Argentina,18,"CM, CAM",Left,170,26,67,,68,64,65,67,61,66,63,63,57,65,57,67,70,58,71,67,67,68,65,72,71,62,62,74,63,69,63,65,66,61,62,67,59,61,60,11,11,8,12,8,13,Primera B Nacional
L. Trebotic,Temperley,Argentina,34,"CAM, CM",Left,174,20,58,,65,57,60,62,31,47,53,54,44,66,56,61,57,56,56,67,67,63,66,50,56,57,48,55,44,63,45,34,54,63,56,54,29,27,28,15,11,9,8,7,13,Primera B Nacional
M. Echeverría,Temperley,Argentina,9,ST,Right,174,23,67,,73,69,55,68,31,68,55,70,69,60,67,69,56,63,45,69,71,75,68,72,63,71,68,66,73,63,57,30,68,53,71,62,24,29,25,12,6,7,15,8,11,Primera B Nacional
B. Fernández,Temperley,Argentina,36,ST,Left,175,20,56,,59,57,46,54,24,57,47,58,54,49,56,54,49,49,42,55,57,60,49,56,55,58,60,52,62,54,52,23,58,43,55,56,23,19,14,12,13,15,10,9,10,Primera B Nacional
G. Hauche,Temperley,Argentina,23,"LW, ST",Left,169,39,66,,70,65,65,69,34,58,67,65,45,64,62,70,63,60,58,69,72,68,69,61,74,69,52,64,59,61,52,34,75,70,63,65,32,35,30,6,8,13,6,6,14,Primera B Nacional
F. Kruger,Temperley,Argentina,11,LW,Right,173,26,67,,71,65,67,71,35,58,70,68,50,66,58,72,64,62,56,69,68,74,75,71,71,63,61,67,58,61,48,37,74,75,63,69,32,34,31,11,12,15,6,10,13,Primera B Nacional
N. Melgarejo,Temperley,Argentina,33,"ST, CAM",Right,181,22,59,,63,59,47,57,24,60,40,60,57,52,53,55,49,52,42,58,61,65,55,56,58,62,64,53,63,51,60,20,68,49,65,66,22,18,20,8,10,10,9,13,11,Primera B Nacional
A. Melo,Temperley,Argentina,17,RW,Left,175,30,64,,74,62,62,67,32,56,65,62,46,63,54,71,66,54,56,62,71,76,72,64,66,64,51,63,54,62,52,34,68,62,61,65,32,30,24,15,15,14,15,9,9,Primera B Nacional
F. Silva,Temperley,Argentina,35,LW,Right,179,21,58,,64,58,55,59,26,48,58,61,44,60,51,59,61,50,47,59,65,64,66,55,57,58,48,54,46,54,45,21,59,48,51,54,29,21,24,7,7,6,12,6,12,Primera B Nacional
J. Bigo,Tristán Suárez,Argentina,1,GK,Right,184,28,70,,43,29,39,38,30,53,26,21,31,43,17,23,27,27,45,45,44,42,47,63,49,53,54,38,62,27,51,33,22,46,27,49,30,30,26,70,72,64,68,72,47,Primera B Nacional
M. Funes,Tristán Suárez,Argentina,25,GK,Right,184,27,61,,37,20,32,26,19,44,22,11,21,35,10,12,15,15,34,31,35,38,36,61,36,44,54,37,49,18,40,27,12,43,21,39,19,14,13,57,61,54,60,60,42,Primera B Nacional
J. Mendive,Tristán Suárez,Argentina,17,GK,Right,183,30,60,,36,17,30,28,17,42,16,10,18,36,10,15,15,13,30,33,34,38,34,51,45,35,45,38,45,16,38,29,10,39,19,40,12,16,14,60,58,52,62,63,33,Primera B Nacional
D. Monllor,Tristán Suárez,Argentina,30,GK,Left,181,42,61,,31,17,28,29,17,43,11,10,24,34,12,17,13,17,31,32,32,31,38,58,42,37,53,36,47,17,39,22,13,37,18,46,16,14,12,64,63,59,60,65,42,Primera B Nacional
A. Baldi,Tristán Suárez,Argentina,2,CB,Right,181,24,69,,64,47,57,58,73,71,58,38,74,62,44,54,55,50,59,60,62,65,58,65,59,66,64,69,72,51,72,69,43,47,49,67,70,77,73,9,7,14,11,9,8,Primera B Nacional
N. Fernández,Tristán Suárez,Argentina,6,"CB, RB",Left,180,31,72,,65,54,60,59,73,73,56,46,73,64,42,58,53,52,69,56,60,69,57,74,69,73,75,72,72,56,74,74,43,56,58,69,73,73,73,15,9,13,11,12,6,Primera B Nacional
M. Guillén,Tristán Suárez,Argentina,3,LB,Right,171,25,68,,74,53,61,67,66,66,67,47,55,61,51,66,58,58,60,68,72,75,67,64,68,60,67,73,61,56,68,68,57,56,58,65,63,72,68,13,9,11,15,7,12,Primera B Nacional
M. Guzmán,Tristán Suárez,Argentina,14,"RB, RM",Left,179,27,67,,71,51,63,63,64,67,67,45,59,70,43,61,61,51,64,65,67,75,68,63,66,66,63,74,63,51,67,62,54,50,52,61,66,65,62,15,7,13,15,9,12,Primera B Nacional
D. Mastrángelo,Tristán Suárez,Argentina,26,"RB, RM",Right,176,23,62,,71,49,58,60,60,61,66,47,58,60,50,61,52,47,56,57,75,67,64,60,66,57,61,68,55,45,65,64,51,52,42,58,58,61,61,11,12,6,13,11,12,Primera B Nacional
A. Molina,Tristán Suárez,Argentina,13,CB,Right,189,29,69,,62,51,57,58,70,72,51,47,73,63,42,51,49,46,63,65,63,61,56,65,60,69,77,70,73,50,73,65,35,52,51,67,69,73,68,6,15,15,15,10,10,Primera B Nacional
M. Olguin,Tristán Suárez,Argentina,4,"RB, LB",Right,177,25,67,,72,53,64,65,66,65,68,47,57,70,48,65,59,50,63,62,75,70,68,66,69,66,65,72,61,58,67,67,50,53,51,70,65,66,71,8,8,7,11,15,14,Primera B Nacional
M. Pérez,Tristán Suárez,Argentina,15,LB,Left,177,25,62,,66,48,58,58,61,60,62,47,54,59,42,53,51,42,59,61,63,68,58,60,65,51,58,70,59,49,52,60,46,55,51,58,57,68,63,13,10,11,10,8,15,Primera B Nacional
A. Sánchez,Tristán Suárez,Argentina,24,CB,Right,181,26,62,,56,42,50,48,64,61,46,39,60,57,35,46,37,38,56,47,56,56,52,58,48,55,64,57,61,42,66,66,30,43,42,59,66,64,60,12,15,12,10,7,11,Primera B Nacional
B. Aguilar,Tristán Suárez,Argentina,5,CDM,Right,179,23,72,,67,63,69,67,72,74,56,61,65,75,53,65,61,60,74,68,70,65,67,75,69,67,72,81,71,67,71,72,61,70,63,69,75,73,71,8,7,7,9,13,13,Primera B Nacional
F. Álvarez,Tristán Suárez,Argentina,31,CDM,Right,174,22,59,,52,47,56,57,61,60,47,43,55,61,44,54,49,46,59,60,53,51,53,59,56,55,59,60,60,49,60,64,52,58,50,60,60,62,59,12,9,13,9,7,13,Primera B Nacional
S. Aquino,Tristán Suárez,Argentina,20,CAM,Right,174,21,60,,64,56,59,62,32,50,61,50,42,59,55,63,63,58,55,63,68,61,59,59,62,61,48,54,50,63,48,35,67,61,58,61,32,29,28,8,11,11,8,12,13,Primera B Nacional
D. Becker,Tristán Suárez,Argentina,7,RM,Right,168,28,69,,72,62,70,69,49,66,71,62,56,71,59,69,67,65,63,67,70,74,72,70,73,59,65,73,63,65,64,47,70,76,63,65,50,48,47,14,10,13,8,14,7,Primera B Nacional
M. Bustamante,Tristán Suárez,Argentina,21,CDM,Right,167,26,60,,56,53,56,56,63,63,49,50,52,60,41,53,49,50,60,59,53,58,54,59,57,60,53,67,60,58,70,65,55,56,45,62,62,68,59,10,7,13,9,9,8,Primera B Nacional
K. Colli,Tristán Suárez,Argentina,8,"CM, CDM",Right,172,23,67,,66,63,67,69,59,65,60,60,63,70,60,65,66,56,65,74,67,65,73,68,68,67,60,67,67,67,61,62,64,72,64,60,57,57,58,11,6,12,10,14,12,Primera B Nacional
N. del Priore,Tristán Suárez,Argentina,11,"LM, LW",Right,174,30,70,,74,68,68,70,50,66,73,67,53,65,62,69,72,63,66,70,73,74,74,68,72,69,57,81,60,73,66,49,70,69,60,66,49,52,44,6,14,13,15,8,13,Primera B Nacional
M. Enrique,Tristán Suárez,Argentina,22,"CDM, CM",Right,176,26,66,,58,58,61,60,69,69,57,54,68,61,51,59,59,63,66,60,57,59,60,60,58,62,68,74,67,63,69,73,62,63,60,71,63,76,62,12,8,14,13,15,14,Primera B Nacional
M. Ferulano,Tristán Suárez,Argentina,32,"CAM, CM",Right,174,22,59,,61,57,61,62,34,49,55,57,51,66,54,63,61,63,58,62,60,62,64,59,65,58,50,51,47,57,49,39,64,61,56,57,32,28,33,9,12,14,12,15,10,Primera B Nacional
M. Luayza,Tristán Suárez,Argentina,18,CM,Right,170,24,62,,57,56,62,61,55,59,60,54,56,66,55,61,55,57,62,62,56,58,63,61,59,63,54,63,58,54,60,56,62,61,53,61,59,52,52,12,8,11,11,12,12,Primera B Nacional
T. Noriega,Tristán Suárez,Argentina,33,CM,Right,170,23,59,,57,55,60,59,50,56,57,54,48,59,48,58,60,55,66,60,54,60,58,59,58,60,49,59,55,54,56,52,54,59,57,64,47,53,46,14,6,14,8,15,10,Primera B Nacional
S. Ramírez,Tristán Suárez,Argentina,10,"LM, LW",Left,175,26,63,,66,61,62,64,44,58,67,64,40,63,55,63,64,56,59,66,63,69,64,61,68,60,54,65,59,57,49,48,59,60,56,57,43,43,41,8,14,15,6,10,14,Primera B Nacional
C. Romero,Tristán Suárez,Argentina,27,CAM,Right,167,23,60,,60,63,63,63,32,51,55,62,48,64,60,60,61,61,60,68,64,57,63,61,58,63,48,57,49,63,49,35,68,71,64,58,31,27,30,9,15,8,9,8,11,Primera B Nacional
N. Sánchez,Tristán Suárez,Argentina,16,"CDM, CM",Right,179,34,61,,54,53,58,56,64,64,48,48,61,64,46,50,54,55,59,62,51,56,57,61,60,66,57,62,67,56,63,64,55,59,46,59,64,66,58,7,15,15,9,15,8,Primera B Nacional
M. Álvarez,Tristán Suárez,Argentina,23,"LW, LM",Left,172,30,66,,77,65,64,72,37,58,63,63,44,68,63,76,66,64,59,70,75,78,72,70,68,69,57,67,55,65,55,41,72,62,60,68,38,32,32,8,12,10,11,15,15,Primera B Nacional
G. Banuera,Tristán Suárez,Argentina,29,ST,Right,177,20,59,,60,62,48,57,27,58,46,64,56,48,64,57,52,49,41,58,60,60,55,62,52,60,66,55,63,57,49,26,65,52,60,62,24,20,26,15,8,6,12,15,14,Primera B Nacional
J. Berón,Tristán Suárez,Argentina,28,"LW, LM",Right,173,24,62,,74,60,59,59,30,52,63,60,46,59,59,61,57,57,54,54,75,74,62,60,67,65,47,62,49,54,49,32,64,61,56,65,30,24,29,12,13,14,10,14,13,Primera B Nacional
A. Berrondo,Tristán Suárez,Argentina,12,"LW, ST",Left,168,26,63,,69,63,61,65,33,55,60,66,47,58,59,65,61,63,62,65,70,68,75,62,62,54,54,65,54,65,44,36,67,64,61,58,30,31,25,10,8,13,7,14,12,Primera B Nacional
R. Conechny,Tristán Suárez,Argentina,19,ST,Right,182,25,64,,69,66,55,64,31,64,53,67,63,61,64,62,55,51,50,68,65,72,58,66,60,68,64,62,68,62,59,25,67,51,62,64,26,31,24,14,11,6,15,15,9,Primera B Nacional
A. Gallo,Tristán Suárez,Argentina,9,ST,Right,180,27,67,,69,69,58,68,35,66,49,71,64,65,66,69,59,56,57,69,70,69,57,66,70,69,70,64,70,64,59,29,75,55,69,69,34,33,26,9,9,15,10,15,8,Primera B Nacional
S. Magnotta,Tristán Suárez,Argentina,34,ST,Right,168,23,59,,61,62,47,58,28,61,47,65,63,50,56,58,49,52,46,58,57,64,56,62,54,58,61,56,66,63,57,27,62,42,63,54,31,20,13,11,8,14,7,14,7,Primera B Nacional
J. Romero,Tristán Suárez,Argentina,35,ST,Right,182,20,59,,58,59,48,58,26,58,43,61,60,51,60,58,56,47,42,61,55,61,57,54,54,61,57,53,62,52,56,25,67,49,57,53,21,23,22,14,6,12,9,9,13,Primera B Nacional
