short_name,club_name,nationality_name,club_jersey_number,player_positions,preferred_foot,height_cm,age,overall,seleccion,pace,shooting,passing,dribbling,defending,physic,attacking_crossing,attacking_finishing,attacking_heading_accuracy,attacking_short_passing,attacking_volleys,skill_dribbling,skill_curve,skill_fk_accuracy,skill_long_passing,skill_ball_control,movement_acceleration,movement_sprint_speed,movement_agility,movement_reactions,movement_balance,power_shot_power,power_jumping,power_stamina,power_strength,power_long_shots,mentality_aggression,mentality_interceptions,mentality_positioning,mentality_vision,mentality_penalties,mentality_composure,defending_marking_awareness,defending_standing_tackle,defending_sliding_tackle,goalkeeping_diving,goalkeeping_handling,goalkeeping_kicking,goalkeeping_positioning,goalkeeping_reflexes,goalkeeping_speed,league_name
J. Goyeneche,GV San José,Argentina,55,"RW, ST",Right,168,25,63,,72,63,61,65,32,53,60,62,45,68,58,65,58,50,52,64,77,67,67,61,68,66,46,61,51,62,51,33,69,61,60,62,33,26,30,7,14,15,6,9,13,División Profesional de Bolivia
G. Tapia,GV San José,Bolivia,39,ST,Right,189,21,53,,54,56,45,52,18,54,43,61,56,49,57,51,53,42,35,54,52,55,52,54,47,56,56,49,60,43,45,13,57,45,53,55,16,13,11,12,10,11,14,8,14,División Profesional de Bolivia
A. Aramayo,GV San José,Bolivia,34,RM,Right,173,21,52,,55,46,51,53,34,47,57,46,41,55,41,53,47,47,43,52,55,55,57,53,57,49,46,57,42,41,45,37,50,48,49,50,33,32,27,8,9,7,10,10,14,División Profesional de Bolivia
L. Zeballos,GV San José,Bolivia,30,"RW, LW, LM",Left,171,24,60,,67,58,60,64,30,52,59,58,44,63,57,64,60,54,52,63,69,65,64,65,61,61,51,65,47,56,50,30,60,61,57,63,31,25,26,8,8,6,14,12,6,División Profesional de Bolivia
S. Pinto,GV San José,Bolivia,18,"RW, RM",Right,167,19,51,,63,51,49,53,21,40,51,52,39,51,49,58,47,44,45,48,66,60,61,46,58,53,39,49,37,50,34,24,50,50,50,42,21,15,16,12,7,12,15,8,8,División Profesional de Bolivia
M. Calero,GV San José,Bolivia,14,"LW, ST",Left,177,28,61,,67,57,59,64,33,54,61,57,47,62,57,63,58,57,53,66,66,67,68,63,66,54,54,65,53,56,44,35,60,59,63,56,31,31,30,9,8,9,12,11,8,División Profesional de Bolivia
Moresche,GV San José,Brasil,11,"LM, RM",Left,180,28,63,,68,60,62,64,44,60,71,63,47,60,56,61,56,55,58,69,70,66,65,59,62,56,65,69,56,61,57,41,57,61,56,56,48,42,41,14,7,7,10,7,9,División Profesional de Bolivia
R. Ferrufino,GV San José,Bolivia,10,ST,Left,187,25,63,,63,66,52,63,31,60,51,69,64,56,64,64,56,51,43,61,63,63,64,60,63,66,63,53,67,59,53,28,64,53,66,64,31,23,25,15,15,8,12,7,8,División Profesional de Bolivia
R. Monteiro,GV San José,Bolivia,9,ST,Right,191,28,63,,68,65,51,62,30,64,49,68,73,52,63,63,58,58,47,61,67,68,62,63,53,70,68,61,68,55,58,27,66,51,62,65,26,25,18,12,8,11,11,15,9,División Profesional de Bolivia
A. Cáceres,GV San José,Paraguay,7,"ST, LW",Right,170,30,62,,67,63,52,62,27,57,52,64,60,53,60,62,51,53,49,61,69,65,66,58,62,67,54,53,59,57,59,25,62,54,60,63,24,23,21,13,11,8,6,11,6,División Profesional de Bolivia
D. Ribera,GV San José,Bolivia,15,"ST, CF",Right,174,25,61,,59,64,53,61,28,58,51,67,62,52,62,58,52,55,51,64,59,59,64,62,59,63,58,60,60,57,52,29,67,56,64,62,26,21,24,7,12,10,15,9,8,División Profesional de Bolivia
L. Vargas,GV San José,Bolivia,38,"CM, CAM",Right,183,30,64,,55,59,65,61,56,60,61,56,52,69,54,58,58,59,65,63,57,54,63,60,63,65,56,59,62,61,59,59,60,65,55,64,56,55,54,13,8,9,12,10,13,División Profesional de Bolivia
C. Ribera,GV San José,Bolivia,35,CM,Right,177,29,62,,62,60,62,64,55,62,58,61,56,63,50,61,55,54,67,69,59,64,64,64,61,63,50,64,63,59,59,59,58,64,63,57,55,54,49,9,8,7,12,10,8,División Profesional de Bolivia
S. Galindo,GV San José,Bolivia,29,"CAM, LB",Right,178,26,63,,66,62,65,66,40,56,61,59,49,66,62,64,64,62,61,69,68,65,66,64,68,65,47,62,57,67,49,44,60,70,59,63,38,37,34,9,12,14,9,13,8,División Profesional de Bolivia
D. Saavedra,GV San José,Bolivia,26,"LB, RB",Left,179,21,52,,56,38,47,50,49,51,51,34,47,47,33,50,45,38,46,49,55,57,51,51,58,47,45,56,52,36,46,49,40,45,44,50,49,51,49,9,6,14,15,9,8,División Profesional de Bolivia
A. Mamani,GV San José,Bolivia,24,"RW, RM",Right,178,21,52,,60,53,48,55,20,43,54,53,41,48,52,60,51,53,39,51,62,59,59,47,52,54,44,51,39,51,41,21,58,49,49,51,19,14,21,15,14,9,7,6,8,División Profesional de Bolivia
W. Araújo,GV San José,Paraguay,22,"CAM, CDM, RW",Right,173,31,63,,63,63,65,67,33,53,63,64,45,65,56,67,65,65,59,65,62,63,73,65,69,65,48,58,53,62,48,32,66,71,61,69,30,33,33,13,12,8,6,6,14,División Profesional de Bolivia
S. Valdez,GV San José,Bolivia,21,"CDM, CM",Left,191,20,54,,52,44,49,52,55,60,43,41,56,52,40,57,47,43,52,50,49,55,47,50,43,48,50,62,61,45,58,60,45,49,47,51,52,54,58,11,8,8,10,9,9,División Profesional de Bolivia
R. Orihuela,GV San José,Bolivia,8,RM,Right,172,23,55,,61,49,53,59,33,48,51,49,40,51,50,59,59,45,50,58,60,62,62,54,63,50,46,57,44,49,46,36,51,60,50,53,32,30,31,11,12,13,9,9,15,División Profesional de Bolivia
L. Serrano,GV San José,Bolivia,6,"CDM, CB",Right,180,28,62,,55,54,59,61,64,66,52,52,58,65,49,61,57,49,59,61,52,58,57,58,59,60,66,71,64,54,67,67,52,58,60,68,63,65,62,11,12,11,7,7,11,División Profesional de Bolivia
M. Avilés,GV San José,Venezuela,5,"CDM, CM",Right,180,39,64,,46,54,63,60,66,69,57,50,64,69,44,55,55,51,65,62,42,49,64,64,62,65,62,70,71,57,65,72,51,64,52,65,62,66,65,13,15,11,6,7,13,División Profesional de Bolivia
R. Reyes,GV San José,Bolivia,3,CM,Right,180,18,48,,46,42,45,49,40,46,40,39,39,50,38,44,46,38,47,56,45,46,45,44,47,46,39,50,47,45,41,40,43,41,43,49,41,40,37,11,11,15,12,10,14,División Profesional de Bolivia
D. Paredes,GV San José,Bolivia,3,CM,Right,175,28,53,,50,48,54,55,46,52,51,44,42,57,43,55,50,47,52,57,50,50,51,54,54,55,44,58,48,50,55,48,54,56,52,59,43,48,48,12,8,9,6,11,8,División Profesional de Bolivia
J. Cardozo,GV San José,Bolivia,41,RB,Right,179,17,52,,64,39,48,51,50,50,51,36,41,53,32,49,42,40,43,53,61,66,54,48,53,49,46,56,49,41,48,52,37,46,36,43,51,48,55,14,12,14,7,13,6,División Profesional de Bolivia
J. Vargas,GV San José,Bolivia,40,RB,Right,185,21,51,,56,37,48,48,50,48,54,31,43,49,32,48,43,37,47,47,55,57,48,47,50,49,47,52,46,38,50,51,47,44,35,48,51,50,49,13,6,7,12,11,14,División Profesional de Bolivia
B. Huayllani,GV San José,Bolivia,40,"CB, RB",Right,194,19,53,,48,32,42,41,54,55,41,29,53,50,27,38,35,34,44,46,47,49,35,43,42,43,62,55,56,31,53,51,24,33,31,46,55,55,55,8,13,12,12,10,7,División Profesional de Bolivia
Z. Teran,GV San José,Bolivia,39,"CM, CDM",Right,173,19,51,,51,47,49,50,44,49,46,47,44,49,39,52,49,48,56,49,54,48,50,46,56,46,42,60,47,48,43,44,49,45,44,46,46,43,40,12,8,14,6,10,14,División Profesional de Bolivia
G. Justiniano,GV San José,Bolivia,36,CB,Right,186,37,62,,45,43,51,52,65,65,47,38,57,59,40,48,43,37,53,55,49,42,51,62,53,59,66,61,68,45,64,67,32,43,35,59,64,67,62,12,13,6,9,9,10,División Profesional de Bolivia
N. Landa,GV San José,Bolivia,33,"CB, CDM",Right,183,30,53,,49,32,41,43,58,54,40,25,61,48,27,42,36,33,47,43,45,52,39,50,44,48,53,47,57,34,55,55,27,30,31,52,54,63,56,10,13,7,13,11,15,División Profesional de Bolivia
J. Lencinas,GV San José,Argentina,26,"CB, RB",Right,182,38,65,,49,45,56,57,68,66,55,39,68,65,40,52,48,41,55,61,45,52,54,68,54,62,70,61,66,44,72,70,43,48,47,66,67,67,71,15,6,10,14,8,7,División Profesional de Bolivia
M. Castro,GV San José,Bolivia,24,CB,Left,180,17,51,,48,28,38,37,53,52,36,22,50,43,24,32,31,33,44,39,48,48,38,47,44,42,52,49,53,31,55,53,28,28,27,45,53,56,50,8,9,13,6,14,13,División Profesional de Bolivia
F. Aguilar,GV San José,Bolivia,20,CB,Right,181,29,60,,56,40,49,47,62,63,44,33,58,57,32,41,40,40,49,51,52,59,49,52,52,59,65,57,66,41,64,63,34,44,41,51,65,59,59,11,6,13,10,13,6,División Profesional de Bolivia
S. Villarroel,GV San José,Bolivia,19,LB,Left,173,19,61,,66,48,57,58,59,56,68,47,51,59,45,54,59,43,55,58,67,66,67,56,69,53,55,58,53,46,61,56,48,48,47,54,58,63,64,13,10,15,7,6,10,División Profesional de Bolivia
E. Pardo,GV San José,Bolivia,16,"RB, RM",Right,180,20,60,,66,46,56,58,60,57,61,44,53,60,42,61,55,42,50,56,67,65,56,54,60,55,54,63,53,41,59,61,47,54,44,53,64,57,60,10,8,7,11,8,10,División Profesional de Bolivia
J. Condori,GV San José,Bolivia,12,"RB, LB",Right,179,19,49,,54,32,46,44,45,47,43,27,43,51,30,47,43,32,50,39,52,56,51,42,51,44,47,52,44,32,48,45,39,39,34,37,42,49,46,15,10,11,7,6,12,División Profesional de Bolivia
N. Ajhuacho,GV San José,Bolivia,6,"RB, RM",Right,179,19,52,,57,36,49,48,49,48,55,28,41,49,34,43,43,40,50,48,55,58,58,52,58,48,51,52,46,38,48,48,46,44,40,51,48,55,47,7,13,7,11,14,13,División Profesional de Bolivia
G. Vaca,GV San José,Bolivia,4,"LB, LM",Left,172,24,64,,70,49,61,58,63,63,66,46,56,65,48,56,57,50,54,56,69,71,64,64,64,55,62,73,59,49,59,66,57,57,51,61,63,62,70,12,15,6,8,14,14,División Profesional de Bolivia
J. Ramallo,GV San José,Bolivia,2,RB,Right,185,22,53,,54,37,47,50,52,54,55,33,50,46,34,49,46,37,44,51,57,52,55,52,54,44,55,56,53,41,55,47,43,46,35,44,51,56,52,8,7,9,8,8,7,División Profesional de Bolivia
D. Akólogo,GV San José,Bolivia,66,GK,Right,184,29,55,,29,16,24,21,15,40,10,10,16,31,11,10,10,13,26,23,30,29,26,57,37,36,42,35,46,10,33,24,10,28,20,32,15,10,10,56,52,50,53,60,34,División Profesional de Bolivia
R. Villacorta,GV San José,Bolivia,35,GK,Left,180,21,54,,26,15,24,22,12,34,16,10,10,26,10,10,10,10,27,27,23,28,29,53,32,36,47,28,38,10,29,16,10,32,10,38,13,11,10,52,53,50,58,60,35,División Profesional de Bolivia
R. Rivas,GV San José,Bolivia,25,GK,Right,186,41,66,,28,25,35,33,24,50,19,19,24,44,15,27,22,20,38,30,27,28,38,61,47,49,56,45,56,21,41,33,14,40,28,48,22,20,24,68,65,58,67,70,47,División Profesional de Bolivia
G. Araúz,GV San José,Bolivia,13,GK,Left,181,31,63,,36,21,31,31,20,42,21,11,23,34,11,22,16,23,34,31,33,38,43,59,40,47,50,35,49,20,32,27,11,38,22,42,15,20,18,62,59,57,62,65,43,División Profesional de Bolivia
João Pedro,San Antonio Bulo Bulo,Brasil,40,LW,Right,175,23,53,,58,51,49,56,20,46,51,51,42,49,52,56,59,47,44,57,56,59,57,52,57,49,45,62,42,52,38,18,58,49,50,54,19,16,17,15,7,15,14,12,7,División Profesional de Bolivia
F. Arispe,San Antonio Bulo Bulo,Bolivia,37,RW,Left,168,17,50,,59,49,49,53,18,45,53,52,33,48,44,52,53,41,42,52,63,56,61,49,65,44,40,54,42,48,41,21,48,53,44,42,18,15,11,10,15,8,9,10,10,División Profesional de Bolivia
R. Bustos,San Antonio Bulo Bulo,Bolivia,31,"LW, ST",Right,172,22,64,,70,64,62,66,34,57,60,67,45,67,57,67,64,58,55,66,67,72,64,67,69,64,51,63,56,61,52,32,69,62,60,59,35,32,28,11,13,10,13,12,8,División Profesional de Bolivia
M. De Lima,San Antonio Bulo Bulo,Bolivia,19,LW,Left,175,21,63,,67,61,61,68,34,56,65,63,50,57,59,70,63,58,58,66,66,68,74,64,69,67,57,68,55,52,45,39,64,65,59,58,36,28,25,14,15,13,15,7,15,División Profesional de Bolivia
R. Menacho,San Antonio Bulo Bulo,Bolivia,18,ST,Right,183,25,63,,65,66,54,62,31,62,49,70,64,58,64,61,57,54,54,65,63,66,58,55,61,64,65,58,65,58,57,27,66,51,63,62,32,25,17,11,7,7,6,8,9,División Profesional de Bolivia
H. Cardoso,San Antonio Bulo Bulo,Cabo Verde,16,"RW, RM",Right,175,27,60,,64,57,58,61,29,51,61,54,42,59,59,60,63,51,53,60,65,64,68,56,65,59,52,60,50,59,44,30,64,59,60,57,27,27,27,9,6,13,8,15,14,División Profesional de Bolivia
A. Medina,San Antonio Bulo Bulo,Argentina,13,"RW, ST",Left,171,31,58,,64,55,56,61,28,52,55,54,47,59,56,58,61,53,48,64,60,67,70,55,66,55,44,55,52,58,50,31,59,57,47,54,25,27,20,13,7,7,8,6,10,División Profesional de Bolivia
C. Preciado,San Antonio Bulo Bulo,Colombia,11,"LW, RW",Left,170,30,55,,64,50,52,56,24,46,56,45,39,52,50,54,55,49,49,54,65,64,65,56,67,55,40,49,45,52,45,30,53,49,56,53,19,22,15,8,15,8,15,9,9,División Profesional de Bolivia
A. Univaso,San Antonio Bulo Bulo,Uruguay,9,"ST, LW",Right,187,25,62,,61,65,53,61,28,65,53,66,62,56,64,59,53,49,48,64,64,59,60,61,55,69,59,62,69,61,62,26,71,53,58,59,24,26,20,6,15,15,10,13,9,División Profesional de Bolivia
K. Merida,San Antonio Bulo Bulo,Bolivia,8,"RW, RB, CDM",Right,176,19,52,,64,50,50,52,21,43,49,51,31,51,51,53,50,48,45,52,65,63,55,48,49,50,43,51,39,47,43,24,50,53,46,51,22,18,15,13,9,12,12,9,6,División Profesional de Bolivia
D. Mercado,San Antonio Bulo Bulo,Bolivia,6,"RW, RM",Left,178,20,52,,58,50,49,54,21,44,55,48,37,49,45,55,54,42,40,55,60,56,55,43,58,52,43,52,45,52,33,19,56,49,49,48,20,20,12,14,11,9,6,15,13,División Profesional de Bolivia
E. Aguilar,San Antonio Bulo Bulo,Bolivia,77,"LM, LW",Right,184,19,52,,57,45,53,53,32,48,57,41,36,56,46,53,50,50,42,54,54,60,51,50,53,48,40,52,46,48,50,34,50,52,50,44,31,31,32,13,15,13,15,13,13,División Profesional de Bolivia
S. Villamíl,San Antonio Bulo Bulo,Bolivia,45,"CDM, CM, CAM",Right,185,31,55,,46,43,53,50,57,57,47,36,54,58,39,48,43,45,53,53,44,48,43,56,47,54,58,62,54,48,59,61,46,55,43,60,57,57,52,8,9,9,8,15,7,División Profesional de Bolivia
J. Magallanes,San Antonio Bulo Bulo,Bolivia,33,"CM, CDM, CAM",Right,176,23,62,,63,58,61,64,54,61,56,55,52,62,50,61,60,56,60,68,66,61,64,60,60,64,55,66,59,62,59,52,59,67,55,62,56,53,54,10,6,12,13,14,8,División Profesional de Bolivia
R. Vargas,San Antonio Bulo Bulo,Bolivia,20,"CAM, CM",Left,169,31,65,,61,63,67,71,37,55,66,61,46,66,58,69,68,63,62,72,67,56,72,70,75,63,51,67,51,69,49,38,65,72,57,71,33,40,33,7,9,6,13,6,14,División Profesional de Bolivia
S. Guerra,San Antonio Bulo Bulo,Bolivia,17,"CAM, CM",Right,175,34,65,,61,67,66,67,37,55,62,68,47,70,58,67,66,59,64,68,60,61,65,67,67,68,50,66,51,65,51,37,71,67,69,64,39,33,34,9,6,8,15,6,6,División Profesional de Bolivia
C. Machado,San Antonio Bulo Bulo,Bolivia,15,"CM, CDM, CB",Right,173,36,56,,45,50,57,56,48,55,54,47,41,57,49,56,56,50,59,57,44,45,51,51,54,52,50,58,54,54,54,49,53,60,57,58,48,49,48,10,15,10,12,8,14,División Profesional de Bolivia
A. Terrazas,San Antonio Bulo Bulo,Bolivia,10,"CAM, ST, LM",Left,177,26,65,,72,64,64,66,40,59,61,62,51,68,63,68,67,58,60,64,69,74,70,63,63,67,55,70,56,68,53,42,65,66,59,64,40,34,38,6,15,11,13,12,10,División Profesional de Bolivia
A. Polo,San Antonio Bulo Bulo,Bolivia,2,"CM, CAM",Right,168,22,51,,49,46,52,50,42,48,48,40,37,56,40,48,44,46,56,51,50,48,49,52,50,54,39,55,46,51,46,41,51,50,42,51,38,48,42,8,7,6,9,10,11,División Profesional de Bolivia
P. Vidal,San Antonio Bulo Bulo,Bolivia,35,CB,Left,187,18,50,,47,29,36,37,55,54,32,25,53,36,25,34,27,29,45,37,48,46,38,48,38,43,51,49,59,26,51,55,26,36,26,41,57,53,54,15,15,12,7,10,14,División Profesional de Bolivia
J. Villamíl,San Antonio Bulo Bulo,Bolivia,30,LB,Left,175,34,64,,64,50,59,60,61,62,59,44,57,62,49,61,59,51,55,55,57,69,71,64,69,61,60,70,59,51,59,57,56,57,47,54,62,64,59,12,12,8,14,10,7,División Profesional de Bolivia
Hallysson Padilha,San Antonio Bulo Bulo,Brasil,29,"CB, RB",Left,181,32,64,,57,45,53,53,67,65,47,41,65,61,40,49,42,42,56,55,54,59,49,65,52,60,65,58,70,44,62,69,42,47,41,63,68,66,64,12,13,10,11,11,9,División Profesional de Bolivia
C. Romero,San Antonio Bulo Bulo,Bolivia,26,"CB, LB",Right,187,25,55,,51,36,43,44,58,57,40,31,53,54,30,36,37,30,44,52,49,53,40,51,45,50,56,48,61,40,58,58,27,31,33,51,57,58,61,6,8,15,11,13,6,División Profesional de Bolivia
H. Sánchez,San Antonio Bulo Bulo,Colombia,25,CB,Right,193,28,54,,48,36,42,45,58,60,40,32,57,46,27,40,38,34,46,50,50,46,42,56,42,45,58,50,65,39,58,61,34,39,34,54,56,58,59,9,14,9,6,8,12,División Profesional de Bolivia
R. Ballivián,San Antonio Bulo Bulo,Bolivia,21,RB,Right,170,34,63,,64,46,57,58,62,60,62,40,55,59,37,53,56,47,60,61,62,65,63,61,65,57,54,65,58,50,58,62,53,51,47,64,62,63,61,13,11,7,6,15,14,División Profesional de Bolivia
I. Rodríguez,San Antonio Bulo Bulo,Bolivia,16,"CM, CDM",Right,168,17,50,,48,45,50,53,41,46,46,44,34,55,43,54,47,45,45,54,46,49,47,47,53,49,35,53,42,45,49,49,45,50,39,47,40,40,36,14,6,10,7,12,6,División Profesional de Bolivia
L. Yanarico,San Antonio Bulo Bulo,Bolivia,14,"CB, LB",Right,183,19,63,,59,45,54,54,69,65,51,38,71,58,43,50,48,43,57,57,54,63,52,57,58,64,66,65,64,44,67,66,41,50,42,58,72,69,68,15,10,12,7,7,12,División Profesional de Bolivia
Wagner Vidal,San Antonio Bulo Bulo,Brasil,5,CB,Right,187,28,53,,49,34,40,42,56,56,36,31,58,48,26,39,32,35,43,43,47,51,45,47,35,48,59,47,60,32,57,54,26,30,29,52,53,60,55,12,13,7,10,15,8,División Profesional de Bolivia
F. Rodríguez,San Antonio Bulo Bulo,Bolivia,4,LB,Right,173,32,64,,65,49,58,63,62,62,63,43,52,59,45,57,55,47,56,67,68,63,69,68,66,62,58,69,61,49,59,64,49,56,57,61,62,65,62,9,10,13,8,12,6,División Profesional de Bolivia
J. Párraga,San Antonio Bulo Bulo,Ecuador,3,"RB, LB",Right,180,28,54,,58,42,50,49,51,52,56,38,49,52,35,47,44,43,49,52,57,59,48,49,54,49,58,55,49,45,52,50,39,47,43,43,49,54,56,11,7,8,8,11,9,División Profesional de Bolivia
L. Zambrano,San Antonio Bulo Bulo,Bolivia,71,GK,Right,190,17,50,,26,14,20,18,10,30,10,10,10,26,10,10,10,10,21,19,24,28,24,43,26,29,37,25,36,10,20,12,10,25,10,31,10,10,10,49,53,45,55,52,29,División Profesional de Bolivia
L. Galarza,San Antonio Bulo Bulo,Bolivia,22,GK,Left,193,25,62,,42,20,29,28,22,46,21,16,25,35,18,16,13,18,32,31,40,43,41,57,46,41,46,36,52,11,41,25,10,31,22,34,23,21,16,70,61,56,61,64,42,División Profesional de Bolivia
L. Guzmán,San Antonio Bulo Bulo,Bolivia,12,GK,Right,176,22,54,,33,15,21,20,12,38,10,10,10,23,10,10,10,10,29,21,32,33,30,50,29,35,41,28,45,10,33,20,10,26,15,30,10,10,11,57,57,51,56,60,32,División Profesional de Bolivia
L. Giossa,San Antonio Bulo Bulo,Uruguay,1,GK,Right,179,26,63,,38,22,30,28,19,44,18,16,22,36,15,16,23,24,31,31,35,40,35,60,45,44,55,38,45,17,45,24,10,35,25,47,15,19,17,63,63,57,65,66,40,División Profesional de Bolivia
Jefferson Ferreira,Independiente Petrolero,Brasil,99,LW,Left,176,24,54,,61,53,50,56,24,50,53,53,47,49,51,57,58,52,48,54,61,61,57,56,58,56,46,57,50,52,40,22,48,49,50,50,22,22,22,8,7,6,12,14,12,División Profesional de Bolivia
G. Álvarez,Independiente Petrolero,Bolivia,91,ST,Left,187,34,66,,63,67,57,65,35,70,52,68,70,60,67,63,56,55,51,67,65,62,62,68,62,68,69,66,76,61,62,31,69,60,69,68,34,32,23,11,13,7,14,7,9,División Profesional de Bolivia
D. Sejas,Independiente Petrolero,Bolivia,82,"LW, ST",Left,175,21,52,,61,52,49,57,22,41,51,52,32,51,51,60,45,44,46,55,58,64,55,56,61,51,43,49,39,52,36,17,53,48,46,51,24,20,22,10,12,7,14,8,9,División Profesional de Bolivia
R. Villavicencio,Independiente Petrolero,Bolivia,59,"RW, RM",Right,173,19,50,,59,46,46,52,17,42,47,45,35,45,50,56,51,48,45,49,59,59,59,40,52,44,41,50,41,46,36,19,49,46,47,47,13,14,15,9,9,10,13,8,15,División Profesional de Bolivia
D. Chuipa,Independiente Petrolero,Bolivia,35,RW,Right,176,19,53,,60,51,50,56,22,46,52,53,44,52,46,59,52,45,47,52,57,63,60,53,54,50,46,58,40,49,45,26,54,48,50,48,19,18,17,8,13,11,8,11,11,División Profesional de Bolivia
L. Sánchez,Independiente Petrolero,Bolivia,26,LW,Left,176,20,53,,63,50,52,58,22,42,52,50,44,55,48,61,52,52,49,56,64,62,57,54,58,50,44,52,39,48,39,18,54,48,47,47,21,20,14,11,6,15,10,12,13,División Profesional de Bolivia
Wagner Pinote,Independiente Petrolero,Brasil,21,LW,Left,186,26,61,,66,61,58,64,30,56,64,60,48,60,61,68,55,53,49,62,67,65,61,57,59,62,57,59,58,62,45,28,65,58,58,61,30,28,26,14,10,14,10,14,13,División Profesional de Bolivia
A. Mercado,Independiente Petrolero,Bolivia,20,LW,Left,175,33,65,,68,63,65,66,33,57,66,64,55,66,64,69,60,67,55,63,68,68,71,65,65,67,52,68,53,56,53,33,61,69,60,60,35,25,29,10,11,13,8,13,7,División Profesional de Bolivia
Sheylams Moisés,Independiente Petrolero,Brasil,17,"ST, LW",Right,189,24,54,,54,57,45,54,20,55,42,58,56,50,55,55,47,44,40,53,54,54,51,53,48,57,54,50,57,52,55,18,56,43,62,57,21,12,14,8,9,14,7,11,8,División Profesional de Bolivia
Thomaz Santos,Independiente Petrolero,Brasil,10,"LW, LM",Left,177,40,65,,61,62,62,69,33,59,63,59,52,64,58,65,67,57,52,74,63,60,65,69,70,68,58,73,56,63,50,29,68,67,58,67,31,32,33,6,8,14,12,9,10,División Profesional de Bolivia
Gean,Independiente Petrolero,Brasil,9,"ST, CF",Right,185,23,53,,53,57,43,48,21,53,43,59,57,44,51,46,47,45,36,48,54,53,47,54,43,58,57,51,55,54,50,23,55,44,49,56,20,10,14,13,6,11,13,14,10,División Profesional de Bolivia
J. Montaño,Independiente Petrolero,Bolivia,11,RM,Right,179,20,51,,56,46,51,52,32,46,53,47,43,53,46,54,53,43,43,52,57,56,49,45,53,47,45,53,44,46,41,36,48,52,40,39,33,27,28,6,8,9,15,10,12,División Profesional de Bolivia
Willie,Independiente Petrolero,Brasil,93,"CM, CAM, ST",Right,169,33,66,,58,62,69,68,59,58,65,55,51,71,58,70,66,60,72,65,58,58,66,66,71,72,50,71,51,66,61,64,64,68,61,71,57,60,56,13,11,14,10,6,8,División Profesional de Bolivia
S. Vargas,Independiente Petrolero,Bolivia,90,CAM,Right,185,24,55,,57,53,59,58,29,54,56,51,42,64,53,63,58,58,52,53,59,55,59,53,56,56,44,56,56,54,48,30,57,59,53,56,35,21,23,11,14,7,15,7,13,División Profesional de Bolivia
J. Velasco,Independiente Petrolero,Bolivia,89,"CAM, CF",Left,179,23,52,,52,52,53,53,25,41,52,49,34,50,51,53,54,47,56,53,51,53,51,55,54,60,43,46,38,54,40,33,48,58,50,48,23,22,17,9,14,9,11,10,8,División Profesional de Bolivia
Adelan,Independiente Petrolero,Brasil,88,CDM,Right,178,25,55,,48,44,52,54,56,53,44,38,53,58,42,51,47,46,56,57,50,46,54,55,47,52,53,54,51,47,58,62,45,48,49,58,54,58,47,8,10,8,11,7,12,División Profesional de Bolivia
J. Hurtado,Independiente Petrolero,Bolivia,66,CAM,Right,175,22,53,,55,52,54,55,26,41,48,50,38,57,51,53,53,51,49,54,57,54,62,56,56,53,38,45,41,53,36,26,57,57,55,56,24,23,27,8,11,11,8,8,12,División Profesional de Bolivia
N. Huanca,Independiente Petrolero,Bolivia,33,"CDM, CB",Right,181,22,50,,40,39,44,45,49,54,31,35,51,50,31,43,42,38,49,47,38,42,42,50,49,46,47,52,55,41,58,52,43,46,36,46,46,51,48,9,8,9,15,13,10,División Profesional de Bolivia
R. Rocabado,Independiente Petrolero,Bolivia,22,"CDM, CM",Right,175,22,54,,47,44,50,51,58,55,44,41,49,52,38,47,40,44,59,54,45,49,56,51,49,48,52,57,55,47,53,61,46,51,41,51,59,60,55,15,15,9,12,8,9,División Profesional de Bolivia
G. Cristaldo,Independiente Petrolero,Paraguay,19,"CM, RW, CAM",Right,169,37,63,,52,56,61,65,55,56,55,52,49,63,55,67,59,55,61,64,53,51,67,64,62,59,55,68,49,60,59,50,60,64,56,60,56,60,57,11,11,8,6,13,9,División Profesional de Bolivia
J. Bejarano,Independiente Petrolero,Bolivia,15,CDM,Right,182,30,58,,53,49,58,55,59,62,51,44,52,67,45,52,48,51,60,57,56,51,55,60,51,58,58,61,61,51,65,61,51,52,48,59,60,59,60,9,8,10,15,8,10,División Profesional de Bolivia
C. Urdininea,Independiente Petrolero,Bolivia,14,"CM, CDM",Right,173,33,57,,51,48,58,54,49,54,56,43,48,62,48,52,52,55,58,53,51,51,57,57,55,54,47,56,53,55,55,50,49,56,48,58,50,48,46,11,13,13,8,14,14,División Profesional de Bolivia
J. Gutiérrez,Independiente Petrolero,Estados Unidos,8,CM,Right,178,21,52,,54,47,53,54,43,52,48,42,48,57,41,52,49,50,57,56,53,54,52,51,54,54,40,59,52,51,45,45,45,52,47,54,43,41,44,12,12,14,6,11,11,División Profesional de Bolivia
R. Cardozo,Independiente Petrolero,Bolivia,7,"LW, RW, CM",Left,171,36,64,,65,64,64,66,33,55,63,67,49,66,62,64,65,56,57,67,64,66,67,69,67,57,56,59,54,64,50,35,68,66,62,60,31,29,27,9,13,15,13,9,14,División Profesional de Bolivia
D. Rojas,Independiente Petrolero,Bolivia,6,"CM, CDM",Right,169,26,63,,60,59,63,62,56,58,58,59,48,65,48,62,63,57,66,61,65,55,66,61,63,62,53,69,51,58,62,55,57,66,60,59,58,59,54,10,6,8,15,14,10,División Profesional de Bolivia
L. Rodríguez,Independiente Petrolero,Bolivia,4,"LM, LB",Right,174,23,62,,65,58,61,62,44,58,62,56,50,64,51,59,61,56,55,62,64,65,68,63,71,64,50,67,57,60,52,41,59,61,58,58,43,44,42,11,7,6,10,9,11,División Profesional de Bolivia
R. Zamora,Independiente Petrolero,Bolivia,77,RB,Right,174,20,51,,56,38,46,47,48,48,49,37,38,49,36,46,40,37,47,47,54,58,51,49,48,44,47,55,45,34,49,51,44,40,32,46,47,51,44,12,6,6,11,7,13,División Profesional de Bolivia
D. Morales,Independiente Petrolero,Bolivia,68,RB,Left,176,21,52,,57,38,47,51,48,50,53,35,44,49,35,52,44,44,42,48,59,55,55,48,54,44,45,56,49,43,48,53,35,41,36,49,46,49,49,8,8,13,10,13,10,División Profesional de Bolivia
P. Grass,Independiente Petrolero,Bolivia,39,CDM,Right,185,21,52,,47,41,48,45,54,57,39,38,54,55,39,44,42,42,49,46,46,48,39,53,45,46,51,57,59,45,54,54,43,47,39,57,57,50,53,12,10,9,6,10,6,División Profesional de Bolivia
K. Taborga,Independiente Petrolero,Bolivia,38,CB,Right,194,21,54,,48,34,40,40,59,56,36,26,65,50,30,33,33,29,44,45,50,46,41,45,42,52,58,49,59,35,58,57,27,30,32,50,63,57,54,13,6,13,7,9,11,División Profesional de Bolivia
G. Mendoza,Independiente Petrolero,Bolivia,34,LB,Right,178,22,62,,65,46,58,60,59,62,68,38,48,60,44,56,56,47,52,64,69,62,61,57,65,60,56,67,58,51,66,63,49,50,49,56,61,56,63,13,7,13,11,9,6,División Profesional de Bolivia
H. Leaños,Independiente Petrolero,Argentina,32,LB,Right,175,36,64,,60,48,63,60,63,61,70,46,53,65,44,57,56,50,64,60,59,60,67,64,64,53,59,68,60,48,57,66,53,59,48,64,66,62,65,7,14,15,7,7,9,División Profesional de Bolivia
W. Soleto,Independiente Petrolero,Bolivia,28,CB,Left,178,30,66,,60,46,55,56,69,66,51,44,73,60,40,56,45,38,63,54,60,60,56,64,59,59,65,65,66,42,70,72,35,50,45,58,66,71,66,15,13,15,11,6,13,División Profesional de Bolivia
D. Navarro,Independiente Petrolero,Bolivia,27,"CB, CDM",Right,179,33,56,,48,36,43,46,55,54,39,31,50,50,31,39,40,34,45,51,46,49,47,57,49,45,58,50,54,38,59,58,30,35,42,57,55,56,54,13,11,15,13,15,13,División Profesional de Bolivia
Eduardo,Independiente Petrolero,Brasil,25,"CB, CDM",Right,190,25,52,,48,34,42,41,54,56,33,33,56,52,24,33,32,35,48,48,45,51,43,52,44,44,54,48,61,32,56,58,28,34,33,46,46,59,52,11,8,10,14,9,6,División Profesional de Bolivia
D. Aponte,Independiente Petrolero,Bolivia,23,LB,Left,181,21,62,,64,48,56,59,59,60,60,46,58,56,40,58,51,48,56,58,62,65,60,62,62,52,57,61,59,50,61,59,50,54,47,59,57,61,60,15,11,12,10,9,11,División Profesional de Bolivia
L. Montenegro,Independiente Petrolero,Bolivia,13,"RB, CB",Left,177,21,60,,63,46,57,56,57,58,60,43,49,58,44,54,57,46,61,58,66,60,57,58,60,54,56,66,55,46,55,57,54,53,43,58,57,58,58,7,11,8,9,14,11,División Profesional de Bolivia
L. Palma,Independiente Petrolero,Paraguay,5,CB,Right,188,32,55,,49,35,44,42,60,60,43,29,62,51,29,37,35,33,49,45,48,49,41,52,47,47,62,51,64,37,60,61,26,35,39,52,61,58,56,15,13,8,9,12,9,División Profesional de Bolivia
L. Crescencio,Independiente Petrolero,Bolivia,3,"CB, CDM",Right,183,23,60,,57,41,47,48,62,59,40,35,59,55,30,45,40,41,49,48,58,56,43,56,56,54,61,61,58,44,59,63,37,40,39,59,63,61,65,12,11,7,9,10,9,División Profesional de Bolivia
S. Torres,Independiente Petrolero,Bolivia,2,RB,Left,170,36,65,,63,50,59,63,61,61,65,46,52,61,51,59,55,48,55,60,62,63,72,76,73,59,59,66,58,48,61,62,56,55,46,66,63,61,66,13,12,12,8,12,10,División Profesional de Bolivia
L. Morales,Independiente Petrolero,Bolivia,40,GK,Right,189,21,53,,32,15,24,22,13,36,10,10,16,29,10,10,10,10,29,27,26,36,31,42,34,34,40,31,43,10,26,20,10,30,16,33,10,10,10,56,55,45,54,54,30,División Profesional de Bolivia
J. Vera,Independiente Petrolero,Bolivia,12,GK,Right,183,23,61,,37,20,29,30,18,44,12,12,22,37,18,18,16,22,29,34,39,36,36,60,41,39,53,32,52,20,35,24,16,39,22,42,17,16,12,62,64,52,64,62,39,División Profesional de Bolivia
J. Gutiérrez,Independiente Petrolero,Bolivia,1,GK,Right,180,30,63,,37,22,32,32,19,44,18,15,21,37,13,23,22,20,33,32,35,39,38,57,44,47,52,39,51,15,33,25,12,42,26,48,15,16,22,62,58,58,64,63,41,División Profesional de Bolivia
S. García,CDT Real Oruro,Bolivia,55,"RW, LW, RM",Left,164,18,51,,61,49,47,54,18,37,49,47,31,49,50,53,46,43,39,57,60,61,57,45,58,49,47,48,32,50,34,15,57,48,45,40,20,14,14,8,15,8,11,15,6,División Profesional de Bolivia
L. Apaza,CDT Real Oruro,Bolivia,51,"RW, RM",Right,177,18,52,,61,49,52,54,22,46,53,48,42,53,48,57,52,48,48,52,62,61,59,47,56,50,45,54,45,50,37,24,55,52,46,49,20,19,17,7,13,12,14,12,6,División Profesional de Bolivia
J. Montenegro,CDT Real Oruro,Bolivia,50,"LW, RW",Right,165,29,62,,68,60,58,64,31,52,61,61,39,60,59,65,56,50,53,61,65,71,74,62,76,63,51,57,51,53,46,32,67,59,56,57,32,25,34,7,13,10,9,7,14,División Profesional de Bolivia
J. Velez Nina,CDT Real Oruro,Bolivia,37,RW,Left,167,19,51,,61,52,49,55,22,43,49,57,35,50,44,58,54,44,41,51,58,63,58,53,60,47,36,56,38,49,39,20,54,51,50,50,19,22,19,14,12,7,12,12,14,División Profesional de Bolivia
A. Jimenez,CDT Real Oruro,Bolivia,28,"ST, LW",Right,171,20,50,,55,50,43,51,16,45,40,52,48,45,47,54,44,44,37,48,54,56,49,47,53,51,43,48,44,45,45,10,59,45,51,49,13,15,10,7,11,7,12,8,6,División Profesional de Bolivia
Y. Vallejos,CDT Real Oruro,Bolivia,19,ST,Left,180,31,60,,63,61,53,59,28,62,49,64,64,58,62,59,59,53,42,61,62,64,57,60,57,61,63,59,65,54,58,22,67,54,63,56,32,17,21,8,8,14,12,9,9,División Profesional de Bolivia
D. Pinto,CDT Real Oruro,Bolivia,9,ST,Right,182,31,64,,68,66,55,64,29,63,49,66,63,64,61,60,52,53,47,68,67,68,67,70,59,68,64,57,67,66,61,24,65,54,64,71,26,26,24,9,6,7,8,13,14,División Profesional de Bolivia
A. Barrón,CDT Real Oruro,Bolivia,7,ST,Left,178,27,64,,65,68,56,64,32,63,57,71,64,62,68,65,56,56,51,62,60,69,64,67,59,66,67,65,65,65,54,24,66,50,67,67,29,32,28,7,7,13,10,12,13,División Profesional de Bolivia
J. Gómez,CDT Real Oruro,Bolivia,70,"CAM, CF",Right,173,34,54,,48,54,56,56,28,43,55,54,37,56,50,53,54,53,55,60,46,50,57,52,56,59,43,53,38,49,44,32,58,60,54,54,29,25,21,9,8,6,10,6,15,División Profesional de Bolivia
A. Bravo,CDT Real Oruro,Argentina,65,"CM, CAM, ST",Left,183,42,66,,52,65,68,67,58,67,61,62,52,70,59,69,63,63,70,67,54,51,61,67,61,68,58,69,68,71,64,54,69,70,60,67,55,67,53,15,15,6,7,10,6,División Profesional de Bolivia
C. Siles,CDT Real Oruro,Bolivia,47,CAM,Left,172,20,52,,56,53,52,55,25,41,50,53,37,50,46,57,59,51,52,54,61,52,60,46,53,48,42,51,38,57,36,26,57,58,53,54,28,21,14,15,8,7,7,12,13,División Profesional de Bolivia
T. Castedo,CDT Real Oruro,Bolivia,46,"CM, CAM",Right,166,18,51,,50,45,51,52,42,48,47,42,38,53,48,49,48,46,55,54,49,50,58,48,53,44,42,53,44,52,52,45,48,51,48,45,41,41,48,11,8,14,8,10,8,División Profesional de Bolivia
H. Tifner,CDT Real Oruro,Argentina,26,"CM, CDM",Right,175,30,54,,49,51,56,56,47,50,49,52,45,60,39,57,48,46,60,57,52,47,54,55,54,51,45,55,49,53,49,54,51,57,43,56,43,47,44,6,12,14,10,7,12,División Profesional de Bolivia
E. Rivera,CDT Real Oruro,Bolivia,22,"CM, CAM",Right,180,37,66,,58,62,68,67,58,63,60,56,60,70,58,70,62,63,68,63,59,57,66,70,65,67,57,70,62,72,56,57,67,73,62,69,56,59,58,9,11,11,9,11,11,División Profesional de Bolivia
Y. Calle,CDT Real Oruro,Bolivia,18,CAM,Right,167,21,53,,55,50,53,53,26,41,52,52,31,58,40,53,49,53,51,51,53,56,56,52,57,51,39,48,36,46,44,32,56,49,47,54,23,22,25,9,11,10,15,6,7,División Profesional de Bolivia
L. Rey,CDT Real Oruro,Bolivia,17,CM,Left,182,20,51,,48,44,54,51,41,51,54,41,43,54,41,49,47,47,55,54,51,45,55,54,42,46,48,58,51,49,45,43,48,57,45,49,41,40,39,6,8,11,9,15,6,División Profesional de Bolivia
B. Puma,CDT Real Oruro,Bolivia,14,CM,Right,179,23,54,,51,48,54,53,46,55,49,47,48,61,41,49,45,45,53,59,54,49,49,55,52,53,47,60,54,49,53,48,49,54,44,57,45,46,42,11,14,15,15,15,8,División Profesional de Bolivia
Á. Quiñónez,CDT Real Oruro,Ecuador,10,"LM, LW, RM",Left,182,30,63,,71,59,62,63,45,62,64,60,54,62,58,60,63,56,59,66,72,70,67,58,63,57,59,67,63,59,55,43,61,62,52,62,41,47,47,15,15,10,9,9,10,División Profesional de Bolivia
A. Rivera,CDT Real Oruro,Bolivia,6,"CM, CDM, CB",Right,179,30,57,,56,50,58,57,50,51,59,47,45,61,45,58,51,45,55,56,57,56,61,64,54,57,48,53,50,49,50,56,55,60,49,51,49,51,48,12,10,9,6,12,6,División Profesional de Bolivia
J. Lizarraga,CDT Real Oruro,Bolivia,48,LB,Right,181,20,52,,58,35,49,50,51,53,56,29,45,52,34,54,40,35,52,45,57,59,54,48,52,45,54,61,50,36,48,45,42,41,37,44,51,56,51,10,12,8,9,15,11,División Profesional de Bolivia
R. Ardaya,CDT Real Oruro,Bolivia,42,"CB, RB",Left,186,28,56,,54,36,45,45,59,60,44,30,58,51,32,40,38,35,50,47,56,52,47,52,49,54,65,53,61,34,63,60,28,36,34,54,55,63,60,13,13,11,14,14,11,División Profesional de Bolivia
F. Vargas,CDT Real Oruro,Bolivia,40,LB,Right,175,22,62,,68,49,56,58,59,60,61,45,51,57,41,54,52,44,55,58,68,68,69,60,66,59,60,66,56,49,65,59,57,53,51,59,60,61,58,15,15,13,11,11,14,División Profesional de Bolivia
F. Gatti,CDT Real Oruro,Argentina,33,RB,Right,180,32,65,,64,51,62,61,66,64,68,47,60,63,47,61,60,53,62,59,64,64,63,61,70,59,60,76,59,50,63,66,53,56,52,64,67,67,63,14,9,12,10,14,11,División Profesional de Bolivia
R. Méndez,CDT Real Oruro,Bolivia,32,LB,Left,176,23,61,,67,51,56,58,58,58,62,49,53,58,45,56,58,52,49,58,63,70,63,59,65,62,61,61,56,49,60,59,50,53,44,57,62,55,62,6,11,9,12,15,6,División Profesional de Bolivia
R. Balceras,CDT Real Oruro,Bolivia,31,"LB, LM",Right,184,20,52,,59,40,46,49,50,52,47,38,48,50,38,47,46,36,48,50,58,59,54,52,48,46,50,54,53,40,47,52,36,38,36,46,50,49,54,7,14,6,15,7,15,División Profesional de Bolivia
N. Marzana,CDT Real Oruro,Bolivia,24,CB,Right,177,20,51,,45,31,38,40,54,53,37,23,54,45,30,37,34,27,38,41,44,45,38,48,42,43,54,48,55,35,54,54,29,31,34,47,51,57,52,13,14,14,14,12,9,División Profesional de Bolivia
Y. Villegas,CDT Real Oruro,Bolivia,23,"CB, LB",Right,177,29,56,,59,36,44,46,60,53,39,30,53,47,31,41,36,40,50,49,54,63,50,54,51,55,58,50,53,31,55,61,34,43,38,53,59,62,59,8,9,13,7,13,13,División Profesional de Bolivia
C. Chore,CDT Real Oruro,Bolivia,16,"CB, CDM",Right,184,26,64,,59,43,50,53,66,66,49,40,72,57,42,44,45,42,53,58,62,56,57,60,59,54,64,54,72,41,66,66,37,42,50,62,61,69,63,10,12,6,10,15,6,División Profesional de Bolivia
D. Castellón,CDT Real Oruro,Bolivia,15,"RB, CB",Right,182,30,63,,65,48,57,61,59,62,64,42,57,57,44,61,55,49,56,62,62,68,61,62,64,59,64,66,60,54,64,59,47,54,48,58,61,56,63,14,11,8,12,7,13,División Profesional de Bolivia
L. Corulo,CDT Real Oruro,Argentina,5,CB,Left,181,37,64,,48,50,54,56,68,65,48,48,68,59,43,52,44,45,60,58,44,52,54,67,60,60,65,60,68,52,63,69,38,51,44,64,67,67,68,14,12,11,10,12,11,División Profesional de Bolivia
A. Colque,CDT Real Oruro,Bolivia,20,"CAM, CM",Right,174,18,51,,53,52,53,57,21,41,51,55,34,57,45,61,49,50,48,57,52,53,53,47,56,48,40,48,37,50,43,24,51,54,47,53,19,18,18,12,14,7,12,9,15,División Profesional de Bolivia
J. Aztete,CDT Real Oruro,Bolivia,66,GK,Right,187,19,50,,26,14,21,20,11,32,10,10,12,25,10,10,10,10,30,23,28,25,28,43,33,31,40,27,37,10,25,16,10,26,10,30,10,10,10,50,50,47,51,48,29,División Profesional de Bolivia
I. Peña,CDT Real Oruro,Bolivia,13,GK,Right,185,27,63,,34,20,32,29,23,46,17,10,30,40,14,18,21,18,35,29,35,34,43,55,50,44,51,43,49,20,40,34,10,36,22,43,19,17,21,66,61,58,63,70,41,División Profesional de Bolivia
Á. Arancibia,CDT Real Oruro,Bolivia,1,GK,Right,188,36,63,,33,23,30,28,22,45,15,18,21,34,10,15,20,22,31,29,35,32,40,57,48,40,55,34,52,21,40,33,16,41,25,43,22,17,18,62,67,54,63,67,41,División Profesional de Bolivia
N. Molina,ABB,Bolivia,50,RW,Right,172,19,53,,64,51,51,56,20,44,53,52,39,51,48,58,48,46,50,56,66,62,58,55,53,52,41,52,44,46,36,21,57,50,46,41,13,20,21,12,9,15,13,15,12,División Profesional de Bolivia
F. Abastoflor,ABB,Bolivia,27,ST,Left,169,33,65,,65,66,57,63,33,62,59,70,62,61,63,63,53,59,51,61,62,67,60,69,66,68,58,58,67,58,54,36,68,55,61,66,26,32,26,14,11,12,9,8,7,División Profesional de Bolivia
J. Rojas,ABB,Bolivia,24,ST,Right,169,20,52,,57,52,42,53,16,50,36,55,43,50,50,51,44,37,34,54,58,56,58,51,58,49,48,48,51,50,52,20,51,42,55,50,11,10,15,8,9,7,10,12,11,División Profesional de Bolivia
A. Camacho,ABB,Bolivia,19,"CAM, CF",Left,173,18,51,,52,52,49,55,23,42,50,54,38,46,46,55,51,49,47,58,55,50,56,48,53,55,38,53,39,45,35,32,50,56,51,48,23,16,15,12,9,12,12,12,6,División Profesional de Bolivia
G. Rea,ABB,Bolivia,18,"LW, LM",Left,176,23,53,,59,54,50,56,21,45,50,58,37,48,49,57,62,44,46,55,57,60,58,49,60,54,48,51,44,44,40,19,57,53,50,52,22,19,16,13,14,9,8,8,8,División Profesional de Bolivia
R. Perozo,ABB,Venezuela,17,"RW, LW, ST",Right,164,32,57,,65,56,56,60,27,47,64,55,36,54,54,59,58,51,51,59,64,66,68,57,71,62,46,60,43,51,40,29,63,55,54,54,27,25,19,8,15,7,14,14,9,División Profesional de Bolivia
J. Fajardo,ABB,Colombia,11,ST,Right,173,30,54,,55,54,42,54,25,53,39,57,51,46,52,54,46,37,34,53,58,53,52,57,50,52,50,51,57,48,45,16,56,45,59,60,23,27,14,14,13,9,7,15,15,División Profesional de Bolivia
E. Paniagua,ABB,Bolivia,10,"RW, ST",Right,175,20,61,,73,61,57,66,28,59,65,62,49,56,60,67,62,59,50,66,65,80,66,58,65,64,54,65,58,55,55,36,63,54,59,57,20,27,22,13,10,13,6,8,6,División Profesional de Bolivia
J. Briceño,ABB,Bolivia,9,ST,Right,178,24,62,,62,62,51,63,28,64,53,62,62,50,64,61,51,51,45,64,58,65,66,67,55,63,63,59,70,64,57,28,60,53,56,62,26,22,14,13,7,10,6,7,15,División Profesional de Bolivia
L. Figueroa,ABB,Bolivia,7,LW,Right,172,27,60,,65,57,59,60,29,49,60,54,48,61,56,61,56,55,51,58,66,65,64,58,67,61,53,53,49,59,43,32,62,60,55,56,25,27,22,13,14,8,13,13,11,División Profesional de Bolivia
J. Catuy,ABB,Panamá,29,ST,Right,182,34,66,,65,67,60,62,34,66,54,71,67,68,68,59,57,55,54,64,64,65,69,66,58,64,70,65,69,62,59,30,72,57,65,63,35,30,18,13,12,10,8,9,13,División Profesional de Bolivia
C. Ngantsui,ABB,Congo,14,ST,Left,171,20,53,,57,57,44,52,18,51,44,61,54,46,55,50,46,40,37,55,58,57,53,50,53,55,57,50,53,51,47,17,56,45,53,46,12,17,10,10,14,14,15,8,12,División Profesional de Bolivia
A. Guillermo,ABB,Bolivia,35,"LB, LM",Left,178,18,54,,63,41,49,53,53,53,54,36,47,53,35,51,43,39,54,56,61,65,54,51,56,52,52,65,48,41,53,50,40,38,41,49,57,52,55,8,15,12,10,13,8,División Profesional de Bolivia
B. Espinoza,ABB,Bolivia,31,"CAM, ST",Right,167,23,61,,64,59,65,63,33,53,64,57,40,69,63,60,69,58,62,65,63,64,69,63,68,62,46,58,49,59,57,35,60,62,59,61,33,32,29,7,9,8,12,12,14,División Profesional de Bolivia
A. Bejarano,ABB,Bolivia,30,"CDM, CM, RM",Right,169,42,67,,50,56,64,64,65,67,62,49,57,67,48,61,56,58,68,63,52,48,67,69,68,66,66,71,64,63,70,69,57,61,59,72,66,63,66,6,8,12,9,15,7,División Profesional de Bolivia
P. Añez,ABB,Bolivia,22,"LM, RM",Right,171,21,58,,61,51,59,61,42,47,60,51,48,60,54,58,60,49,56,64,59,63,68,55,57,48,50,54,42,54,51,46,58,62,47,54,39,42,33,9,9,9,14,13,8,División Profesional de Bolivia
I. Mollinedo,ABB,Bolivia,20,"CAM, CF",Right,179,20,52,,54,54,54,53,27,44,49,54,42,59,55,48,48,50,51,58,61,49,57,48,55,56,45,48,43,55,40,30,48,56,45,45,25,24,23,12,9,9,12,7,8,División Profesional de Bolivia
M. Salazar,ABB,Bolivia,16,"CAM, CF",Right,171,21,61,,60,58,62,63,34,51,62,58,46,64,54,64,68,65,51,61,61,60,68,59,66,59,49,58,51,60,44,35,57,64,58,63,35,29,29,12,12,6,8,10,11,División Profesional de Bolivia
A. Guillermo,ABB,Bolivia,6,"CAM, CF",Right,175,20,53,,57,51,52,57,24,43,48,48,38,54,45,54,53,53,49,60,58,56,60,50,59,49,39,54,40,58,40,29,56,54,50,50,22,18,19,10,11,13,15,10,15,División Profesional de Bolivia
A. Chumacero,ABB,Bolivia,3,"CM, CAM, CDM",Right,164,35,67,,56,60,69,67,58,59,60,56,51,70,52,67,63,63,75,65,56,56,72,66,74,65,52,68,54,64,62,59,65,77,57,69,57,62,58,11,14,11,12,12,9,División Profesional de Bolivia
N. Biafri,ABB,Costa de Marfil,8,CDM,Right,172,23,54,,48,46,53,52,53,53,43,42,49,63,45,52,44,42,53,54,52,45,48,52,49,51,54,52,53,48,56,54,48,50,44,56,54,52,52,9,9,12,13,6,12,División Profesional de Bolivia
D. Ebengue,ABB,Congo,15,CAM,Right,179,21,52,,54,50,55,54,26,44,50,51,41,57,45,55,49,47,55,54,55,53,54,48,53,48,47,52,43,50,37,25,57,60,47,50,27,25,17,7,9,8,14,10,8,División Profesional de Bolivia
D. Valda,ABB,Bolivia,75,"RB, RM, RW",Right,177,29,64,,72,52,61,62,61,62,64,52,54,65,43,62,57,50,59,63,74,70,63,62,66,56,55,71,58,49,63,59,55,56,50,57,61,65,64,11,15,13,15,15,11,División Profesional de Bolivia
A. Bharti,ABB,India,44,CB,Left,182,28,53,,46,36,41,42,57,51,34,33,52,46,27,38,30,38,48,42,45,47,42,55,49,50,61,47,51,33,54,55,25,37,32,44,57,59,59,6,8,15,15,9,10,División Profesional de Bolivia
Z. La Fuente,ABB,Bolivia,42,"LB, LM",Right,179,21,62,,67,48,58,58,60,62,60,46,56,65,42,59,53,51,54,56,67,67,63,61,62,58,60,68,59,44,61,57,54,52,44,55,60,61,62,15,7,12,7,14,8,División Profesional de Bolivia
O. Preciado,ABB,Colombia,37,"CB, CDM",Left,187,27,57,,51,38,44,47,59,61,37,34,62,54,34,43,34,37,52,51,49,53,46,53,43,50,58,57,64,36,60,57,32,34,39,57,59,60,57,15,8,8,12,9,10,División Profesional de Bolivia
D. Gutiérrez,ABB,Bolivia,34,"LB, RB, LM",Left,170,28,61,,67,47,57,56,58,58,57,47,48,60,43,54,49,50,60,54,69,66,66,58,70,54,56,63,54,42,60,60,46,51,45,55,60,59,59,14,10,14,7,12,10,División Profesional de Bolivia
F. Zamora,ABB,Bolivia,33,CB,Right,180,20,50,,49,30,39,38,51,54,38,23,51,46,28,31,31,35,39,43,52,46,41,39,38,46,51,51,57,28,52,55,36,30,26,47,48,50,53,9,10,15,8,11,9,División Profesional de Bolivia
S. Reyes,ABB,Bolivia,22,"CB, CDM",Right,189,29,60,,54,42,47,47,64,61,46,39,62,55,34,40,40,40,51,53,50,57,49,57,46,56,66,57,63,42,62,61,29,34,37,56,66,65,63,13,8,14,10,11,7,División Profesional de Bolivia
P. Vaca,ABB,Bolivia,21,CB,Right,181,24,67,,60,50,55,55,71,67,51,45,68,61,45,48,48,42,62,60,59,60,56,64,59,65,66,60,71,49,68,73,47,46,47,69,68,72,72,9,14,12,9,8,10,División Profesional de Bolivia
C. Jemio,ABB,Bolivia,13,CB,Right,180,29,54,,50,35,41,46,58,54,42,30,58,46,29,41,30,37,46,50,48,51,39,57,50,54,55,53,55,32,55,60,27,31,30,51,58,60,53,14,13,10,6,12,9,División Profesional de Bolivia
S. Claure,ABB,Bolivia,5,CB,Right,182,26,63,,54,43,52,52,65,66,42,40,64,61,34,48,43,40,59,57,52,55,46,57,57,54,68,60,70,43,63,64,39,48,45,60,66,63,70,14,13,12,7,14,12,División Profesional de Bolivia
A. Seimandi,ABB,Argentina,4,CB,Left,195,31,63,,55,42,53,52,67,67,46,35,71,58,42,49,48,41,62,55,51,59,47,61,49,58,71,56,73,40,65,60,39,49,43,59,68,70,65,12,6,13,8,13,8,División Profesional de Bolivia
J. Riascos,ABB,Ecuador,2,"CB, RB",Left,180,34,58,,50,35,47,48,61,63,40,29,58,55,30,46,37,35,51,46,47,52,49,59,53,52,64,64,62,33,64,63,36,41,37,62,58,64,59,9,7,7,12,15,12,División Profesional de Bolivia
J. Cuéllar,ABB,Bolivia,25,GK,Left,182,26,54,,31,15,24,23,14,35,11,10,12,31,10,10,11,11,25,27,32,31,33,46,35,35,40,25,44,10,26,22,10,30,16,35,13,10,10,47,53,46,56,53,33,División Profesional de Bolivia
S. Delgadillo,ABB,Bolivia,23,GK,Right,193,22,53,,27,14,22,21,12,39,10,10,13,28,10,10,10,10,28,24,29,26,26,52,30,31,44,26,50,10,25,18,10,25,12,39,10,10,13,52,56,45,59,56,33,División Profesional de Bolivia
S. Paz,ABB,Bolivia,12,GK,Right,191,22,52,,32,14,19,20,11,36,10,10,10,22,10,10,10,10,25,22,29,34,24,54,34,29,43,28,40,10,34,15,10,24,14,33,10,10,10,54,49,47,56,50,32,División Profesional de Bolivia
A. Riascos,ABB,Perú,1,GK,Right,187,31,57,,31,16,29,24,15,45,13,10,19,39,10,10,11,16,32,31,29,32,29,58,38,38,48,33,54,11,35,18,10,33,21,37,12,17,10,59,57,54,56,61,36,División Profesional de Bolivia
A. Cervantes,Real Tomayapo,Bolivia,99,"ST, LW",Right,177,23,60,,62,63,51,59,27,60,49,65,58,54,59,56,56,50,44,60,60,63,62,63,59,61,60,59,61,62,59,26,60,51,56,63,27,18,25,9,6,12,7,15,11,División Profesional de Bolivia
J. Velásquez,Real Tomayapo,Bolivia,64,"LW, ST",Right,177,20,55,,67,53,54,56,26,44,56,57,44,55,53,58,50,52,48,51,72,63,60,56,61,48,45,53,40,50,41,29,57,56,53,54,23,22,22,7,15,9,12,12,7,División Profesional de Bolivia
Y. Álvarez,Real Tomayapo,República Dominicana,50,ST,Right,166,20,51,República Dominicana,55,53,40,50,17,46,40,55,43,42,56,52,39,43,33,46,54,56,56,50,58,57,48,48,45,46,43,11,51,39,50,47,14,14,17,11,13,10,15,14,12,División Profesional de Bolivia
F. López,Real Tomayapo,Bolivia,45,RW,Right,169,18,51,,62,51,53,52,22,41,51,55,38,59,43,51,50,37,44,52,65,60,59,45,54,50,38,49,39,46,39,19,45,54,48,44,22,20,20,11,8,14,10,15,7,División Profesional de Bolivia
D. Flores,Real Tomayapo,Bolivia,34,RW,Right,176,18,51,,61,49,48,53,21,43,54,51,35,48,43,55,49,42,41,52,61,61,58,46,54,48,42,50,43,49,36,17,48,50,51,46,27,15,18,11,15,11,10,9,13,División Profesional de Bolivia
R. Cuéllar,Real Tomayapo,Bolivia,22,"CM, LW",Right,170,29,63,,58,57,64,64,57,58,60,55,54,65,56,66,61,56,65,63,58,58,64,62,64,58,49,65,56,60,58,57,58,68,57,66,59,59,52,13,6,14,9,11,7,División Profesional de Bolivia
R. Eguez,Real Tomayapo,Bolivia,18,"ST, LW",Right,187,22,62,,62,64,52,62,28,62,50,64,64,53,61,62,54,48,44,65,59,65,58,62,56,65,64,60,65,64,56,20,69,57,64,64,25,28,22,7,7,11,7,10,14,División Profesional de Bolivia
M. Barbery,Real Tomayapo,Bolivia,13,"RW, CAM, ST",Left,182,24,53,,61,52,52,54,22,46,52,52,41,56,50,55,53,44,43,55,63,59,56,49,48,56,43,53,47,51,35,23,55,55,47,49,22,16,19,14,14,11,11,13,13,División Profesional de Bolivia
J. Orozco,Real Tomayapo,Bolivia,9,ST,Right,178,26,61,,64,60,53,63,27,59,53,60,61,58,60,62,48,53,44,64,63,64,65,59,59,63,61,55,63,53,53,27,68,51,64,63,24,20,19,11,7,11,6,9,12,División Profesional de Bolivia
Y. Espíndola,Real Tomayapo,Bolivia,40,CAM,Right,168,19,52,,57,50,54,57,22,42,49,50,32,59,50,57,54,51,52,56,59,56,58,50,63,51,36,51,37,46,45,29,53,52,54,57,21,15,20,8,9,12,15,14,12,División Profesional de Bolivia
J. Castillo,Real Tomayapo,Bolivia,35,"CM, ST",Left,175,22,62,,54,57,64,63,55,57,56,54,52,63,50,62,59,55,71,67,50,58,65,57,57,64,48,65,55,60,55,58,58,71,57,57,55,55,55,8,10,11,12,12,9,División Profesional de Bolivia
B. Loroño,Real Tomayapo,Bolivia,31,CAM,Right,168,20,51,,52,50,50,54,24,38,48,49,31,50,45,55,47,49,48,55,53,52,54,44,54,51,34,49,32,53,38,27,56,56,46,52,26,19,17,15,6,11,11,14,6,División Profesional de Bolivia
D. Wayar,Real Tomayapo,Bolivia,28,CM,Right,169,32,63,,58,54,64,65,56,60,62,50,49,66,52,65,62,56,67,66,56,59,61,64,67,54,54,68,56,60,63,63,66,65,60,69,55,57,53,10,13,8,6,8,11,División Profesional de Bolivia
A. Verdugo,Real Tomayapo,Argentina,26,"CM, CDM",Right,169,29,54,,53,49,54,54,47,50,50,44,38,59,46,52,52,45,55,56,50,55,54,56,50,53,47,56,45,57,54,54,51,53,48,56,42,51,43,9,9,15,11,7,9,División Profesional de Bolivia
D. Ramallo,Real Tomayapo,Bolivia,21,"CM, CDM",Right,177,28,59,,55,54,58,61,51,58,55,48,50,63,44,63,55,49,57,61,58,53,56,57,58,63,48,60,57,61,59,53,60,57,49,59,55,47,52,12,6,14,7,10,9,División Profesional de Bolivia
C. Padilla,Real Tomayapo,Bolivia,20,"CB, RB",Right,175,22,64,,59,42,52,54,67,64,51,36,59,57,39,51,40,44,61,54,59,59,55,63,60,56,62,61,64,43,69,64,38,41,45,60,68,71,66,9,14,9,13,15,10,División Profesional de Bolivia
A. Ribera,Real Tomayapo,Bolivia,12,"CM, CAM, ST",Right,182,31,64,,58,61,64,66,56,62,62,59,59,68,49,63,64,54,66,71,58,58,66,67,57,64,54,66,61,64,60,53,64,62,57,73,59,57,50,8,6,10,14,14,13,División Profesional de Bolivia
F. Nouet,Real Tomayapo,Argentina,11,"LM, LW, CDM",Left,173,28,62,,68,56,62,63,45,57,68,58,47,62,51,65,64,54,56,57,67,68,73,59,65,56,55,67,54,53,53,44,58,61,58,64,45,48,40,10,12,14,13,15,11,División Profesional de Bolivia
J. Mamani,Real Tomayapo,Bolivia,8,"CDM, CM",Right,178,26,62,,57,51,60,62,61,63,58,50,56,66,49,59,47,53,56,67,59,55,59,61,52,52,55,66,62,55,66,62,52,62,50,61,62,61,62,12,9,12,12,15,11,División Profesional de Bolivia
C. Árabe,Real Tomayapo,Bolivia,7,"RM, ST",Right,170,34,67,,69,66,67,68,48,62,68,66,54,67,58,70,68,61,64,65,68,69,71,67,72,71,63,72,58,65,57,49,67,68,58,63,45,47,49,12,15,9,8,7,8,División Profesional de Bolivia
V. Melgar,Real Tomayapo,Bolivia,6,ST,Right,171,38,65,,60,65,56,65,30,64,52,68,59,57,61,60,60,60,51,69,58,62,65,75,69,66,61,63,68,57,58,28,68,59,63,68,31,21,25,9,11,15,9,15,8,División Profesional de Bolivia
L. Montenegro,Real Tomayapo,Argentina,5,CM,Right,173,23,60,,56,53,60,62,52,57,53,48,51,64,49,63,59,56,62,63,58,55,63,59,63,57,54,61,56,58,57,53,56,59,62,56,50,55,48,10,14,10,14,11,9,División Profesional de Bolivia
C. Aguilera,Real Tomayapo,Bolivia,77,RB,Right,180,22,53,,56,37,51,47,49,52,52,33,46,57,32,42,43,37,48,51,55,57,52,51,51,46,47,60,49,36,52,45,44,46,38,50,52,49,52,14,11,11,12,15,14,División Profesional de Bolivia
G. Barbieri,Real Tomayapo,Argentina,55,CB,Right,183,27,63,,59,46,50,55,67,68,43,44,66,57,34,52,42,47,56,58,58,59,50,60,55,56,68,60,69,47,73,68,39,42,38,59,67,70,61,10,13,9,9,13,13,División Profesional de Bolivia
D. Torrez,Real Tomayapo,Bolivia,48,RB,Right,179,19,52,,60,41,47,49,50,53,50,39,45,51,34,46,43,38,49,49,63,58,56,48,52,47,45,59,51,39,54,49,41,38,42,49,47,53,53,11,14,13,10,7,11,División Profesional de Bolivia
K. Mamani,Real Tomayapo,Bolivia,33,"RB, RM",Right,182,21,64,,72,51,60,60,63,64,61,50,60,62,44,59,59,50,60,59,69,74,68,58,61,54,60,68,66,51,56,64,49,56,51,58,60,67,64,9,15,8,6,15,6,División Profesional de Bolivia
R. Suárez,Real Tomayapo,Bolivia,32,"CB, RB",Right,170,32,64,,55,45,53,53,66,64,52,38,61,57,40,45,51,44,54,57,52,58,57,62,57,62,68,63,62,47,70,68,37,49,45,59,70,63,62,15,11,9,10,15,8,División Profesional de Bolivia
D. Robles,Real Tomayapo,Paraguay,24,CB,Right,185,35,65,,52,47,50,54,71,68,48,44,71,58,41,51,47,44,51,54,49,55,53,62,55,63,72,63,71,39,65,72,42,42,45,65,71,72,69,7,15,9,12,7,8,División Profesional de Bolivia
Robson dos Santos,Real Tomayapo,Brasil,19,"CB, RB",Left,180,34,65,,55,45,56,58,64,64,49,37,61,64,41,52,43,50,58,60,58,52,62,66,62,61,64,60,65,48,67,64,40,51,45,70,61,67,64,11,10,11,8,10,13,División Profesional de Bolivia
M. Bejarano,Real Tomayapo,Bolivia,17,"LB, CB",Left,172,38,67,,67,51,63,64,66,64,67,46,55,64,50,62,58,56,64,63,64,70,72,68,71,62,67,72,60,49,63,63,61,61,51,63,71,66,69,12,14,14,14,9,8,División Profesional de Bolivia
J. Guerra,Real Tomayapo,Bolivia,15,RB,Left,178,22,63,,69,51,59,62,59,60,65,50,53,62,48,65,59,50,55,58,70,69,62,62,58,56,56,67,58,48,57,63,52,52,52,60,61,56,62,9,13,15,7,14,12,División Profesional de Bolivia
V. Gálvez,Real Tomayapo,Bolivia,14,"LB, LM, CM",Left,165,20,61,,68,47,56,60,60,58,59,44,45,57,46,59,57,47,57,62,65,70,66,56,63,53,54,63,58,47,54,59,51,50,44,53,63,62,59,13,15,12,6,12,8,División Profesional de Bolivia
A. Barrionuevo,Real Tomayapo,Bolivia,36,GK,Right,185,21,52,,28,15,20,21,13,35,10,10,16,25,10,10,10,10,25,24,26,30,30,52,28,33,35,26,42,10,28,20,10,20,11,32,12,10,10,54,44,41,52,53,31,División Profesional de Bolivia
C. Adorno,Real Tomayapo,Bolivia,25,GK,Right,181,25,62,,37,19,30,29,20,46,11,10,20,36,14,18,15,17,34,31,34,39,40,58,38,38,51,40,52,23,35,28,10,45,18,42,17,17,21,57,64,58,62,63,41,División Profesional de Bolivia
L. Cárdenas,Real Tomayapo,Bolivia,1,GK,Right,179,35,58,,27,16,26,25,14,41,16,10,17,30,10,10,10,10,30,30,30,24,37,56,31,34,45,34,47,13,32,20,10,35,22,40,11,12,12,63,59,49,57,58,36,División Profesional de Bolivia
Pedro Augusto,Guabirá,Brasil,99,"ST, CF",Right,185,27,54,,59,55,43,52,21,53,43,56,51,46,56,48,47,39,40,56,58,59,52,55,50,58,59,47,58,49,48,20,55,42,57,51,19,15,19,12,15,14,15,8,11,División Profesional de Bolivia
M. Pinto,Guabirá,Bolivia,40,RW,Right,176,23,54,,63,54,54,56,23,46,59,54,39,55,47,57,53,45,47,56,61,64,57,55,55,58,43,52,47,52,39,21,56,54,49,53,20,21,22,8,13,13,11,6,9,División Profesional de Bolivia
D. Fernandez,Guabirá,Bolivia,33,ST,Right,182,24,66,,68,67,53,63,34,66,45,71,65,56,67,59,58,52,52,68,70,66,61,68,56,69,69,58,70,58,64,29,64,54,69,65,31,31,27,12,13,15,7,11,10,División Profesional de Bolivia
A. Paredes,Guabirá,Bolivia,30,"ST, LW",Right,171,22,53,,54,58,43,52,18,49,44,64,50,42,52,53,51,49,37,51,51,57,56,50,50,57,47,49,51,52,46,14,52,43,54,51,14,14,16,9,11,12,6,6,13,División Profesional de Bolivia
M. Tellez,Guabirá,Bolivia,22,ST,Right,184,23,52,,56,51,41,51,18,49,36,52,53,42,52,46,45,42,35,55,60,52,50,55,53,51,53,45,51,49,47,12,59,47,49,59,17,14,11,7,11,9,12,9,12,División Profesional de Bolivia
M. Maciel,Guabirá,Paraguay,17,LW,Left,162,27,61,,66,59,59,64,31,47,57,62,50,63,60,67,60,56,53,57,67,66,74,63,69,59,47,56,44,55,44,28,59,60,53,58,27,31,26,9,13,9,10,8,12,División Profesional de Bolivia
S. Garzón,Guabirá,Bolivia,11,"ST, LW",Right,175,27,61,,65,64,52,60,29,59,56,67,60,58,62,60,54,53,39,61,63,66,61,59,57,64,59,55,64,57,50,28,65,45,59,63,26,27,15,15,8,11,7,9,15,División Profesional de Bolivia
G. Peredo,Guabirá,Bolivia,7,"RW, RM, ST",Right,170,26,64,,73,62,61,66,32,56,61,62,48,62,60,64,69,56,53,67,74,72,75,61,67,64,51,64,54,61,52,28,69,63,60,57,35,28,25,15,6,11,13,7,12,División Profesional de Bolivia
V. Ábrego,Guabirá,Bolivia,9,"ST, LW",Right,176,29,65,,67,70,56,62,31,65,53,76,61,59,64,56,59,51,50,66,65,69,66,63,68,68,65,66,68,60,57,26,73,58,65,66,30,26,26,15,6,8,14,15,12,División Profesional de Bolivia
F. Alarcón,Guabirá,Argentina,4,"ST, CF",Right,184,23,55,,56,58,46,54,24,58,38,63,54,53,53,54,45,48,44,55,57,55,56,48,52,52,57,57,63,55,46,26,59,45,54,54,24,17,16,12,12,12,14,10,12,División Profesional de Bolivia
L. Ursino,Guabirá,Bolivia,88,"CM, CAM, CDM",Right,180,37,63,,55,60,64,62,58,61,56,59,56,68,53,60,59,56,61,62,54,55,62,68,65,62,52,67,59,64,62,62,59,68,60,64,58,59,52,8,12,6,15,14,12,División Profesional de Bolivia
Thiago Ribeiro,Guabirá,Brasil,77,"CDM, CM",Right,181,41,67,,47,60,63,63,67,69,54,59,63,69,54,65,52,61,65,60,48,47,58,72,64,67,62,69,68,60,75,72,55,62,56,65,61,71,68,8,14,13,10,9,13,División Profesional de Bolivia
Ó. Ríos,Guabirá,Bolivia,42,"CAM, CF",Right,173,17,49,,53,51,52,50,22,39,45,50,32,54,46,50,53,48,53,49,52,53,54,49,50,52,37,47,38,52,31,25,47,54,53,47,21,20,13,13,12,7,12,7,11,División Profesional de Bolivia
T. Chávez,Guabirá,Bolivia,37,CM,Right,172,18,53,,54,48,54,52,47,47,52,43,39,57,47,52,51,43,57,52,53,54,58,55,51,53,40,54,44,52,47,41,56,51,51,41,56,46,40,13,13,9,15,9,14,División Profesional de Bolivia
D. Da Silva,Guabirá,Bolivia,35,"LM, LW",Left,177,21,54,,57,49,52,56,34,50,56,47,43,51,50,53,58,48,46,60,55,58,53,62,55,54,46,59,49,49,42,34,55,53,47,54,32,35,32,7,8,10,12,7,8,División Profesional de Bolivia
M. Aguilera,Guabirá,Bolivia,18,"CAM, CF",Right,169,21,52,,53,52,53,58,22,43,48,53,37,54,54,58,58,50,51,58,54,53,59,52,56,52,37,54,40,50,39,26,54,57,44,59,24,16,16,11,8,11,12,15,8,División Profesional de Bolivia
Rafinha,Guabirá,Bolivia,15,"CAM, LM, CM",Right,174,34,65,,62,66,64,69,38,55,64,67,51,61,53,71,61,66,62,68,64,61,73,63,65,64,56,58,54,68,54,36,66,70,65,70,41,31,36,8,9,13,11,9,7,División Profesional de Bolivia
J. Parada,Guabirá,Bolivia,14,"CDM, CB",Right,180,29,60,,58,48,54,54,60,64,49,42,50,59,51,49,49,50,59,58,57,59,55,59,54,56,65,68,62,53,65,64,53,51,49,59,60,63,57,15,13,11,6,8,13,División Profesional de Bolivia
A. Moreno,Guabirá,Bolivia,8,CM,Right,181,23,60,,57,53,61,57,51,56,54,52,53,65,50,56,60,57,64,60,62,53,55,56,59,54,49,66,53,54,54,53,52,62,57,54,47,54,48,7,13,7,13,11,12,División Profesional de Bolivia
Y. Baigorria,Guabirá,Bolivia,3,LW,Right,171,20,61,,68,59,60,64,32,54,66,57,48,61,58,61,61,55,56,69,72,65,66,58,64,65,48,61,51,59,52,29,61,58,59,52,32,31,27,7,15,15,7,14,13,División Profesional de Bolivia
P. Luján,Guabirá,Bolivia,10,"CAM, CM",Right,171,23,51,,54,52,53,54,24,40,48,54,30,54,50,55,61,54,46,53,56,53,55,50,60,51,38,46,39,50,34,26,51,58,45,51,25,21,18,7,8,9,14,11,13,División Profesional de Bolivia
M. Nacif,Guabirá,Bolivia,20,CAM,Left,170,20,50,,54,50,50,57,21,39,46,48,36,51,47,59,53,50,45,57,57,51,55,45,56,52,42,45,36,54,38,21,52,54,47,50,19,19,21,15,10,11,9,7,10,División Profesional de Bolivia
A. Ruiz,Guabirá,Bolivia,5,"LW, ST",Left,183,19,52,,64,50,49,55,20,47,52,49,44,50,47,57,50,42,43,56,63,65,55,49,47,49,49,56,46,54,37,21,58,50,48,50,19,15,14,9,11,7,12,9,12,División Profesional de Bolivia
S. Gil,Guabirá,Bolivia,97,"RB, LB, RM",Left,174,29,60,,64,44,55,59,59,60,61,40,50,57,37,56,51,45,53,59,66,63,69,59,65,57,52,63,59,41,62,58,47,52,47,59,59,64,57,13,14,7,9,7,7,División Profesional de Bolivia
N. Masskooni,Guabirá,Bolivia,29,"LB, LW",Left,175,23,54,,58,40,47,52,53,57,54,40,43,46,34,51,40,43,51,51,62,55,57,51,59,42,45,59,58,43,53,57,39,42,37,46,54,52,52,15,15,12,13,13,7,División Profesional de Bolivia
R. Corrales,Guabirá,Bolivia,27,"CB, CDM",Left,190,21,58,,54,39,43,52,62,61,35,34,66,50,33,51,34,37,53,54,55,54,46,57,41,50,63,59,63,39,60,64,35,35,42,56,58,64,61,11,10,12,11,8,15,División Profesional de Bolivia
M. Portillo,Guabirá,Paraguay,21,"CB, RB",Right,185,34,66,,56,46,57,56,70,69,49,40,69,67,44,57,47,50,62,53,54,58,54,67,58,60,67,60,73,48,69,67,38,48,47,66,72,70,71,14,10,8,7,9,8,División Profesional de Bolivia
J. Flores,Guabirá,Bolivia,19,"LB, RB",Left,175,32,64,Bolivia,65,50,61,59,63,61,67,48,57,62,45,56,58,51,57,58,66,65,64,63,68,59,57,65,59,49,62,68,51,58,48,58,63,60,65,9,13,6,8,10,12,División Profesional de Bolivia
C. Áñez,Guabirá,Bolivia,6,"CB, CM, CDM",Right,195,31,63,,56,44,51,51,68,66,44,37,76,55,39,47,45,43,59,54,56,56,45,63,49,62,68,56,71,46,68,68,37,49,41,58,66,70,65,14,13,15,14,12,12,División Profesional de Bolivia
J. Barro,Guabirá,Argentina,2,"CB, RB",Right,185,25,55,,52,34,42,45,57,56,39,25,56,44,30,41,37,36,46,47,53,52,44,53,45,56,61,55,56,34,58,61,31,39,28,49,57,56,54,14,9,7,10,7,10,División Profesional de Bolivia
P. Melgar,Guabirá,Bolivia,16,"RB, LW",Right,178,19,50,,54,40,46,44,47,47,48,39,38,47,30,39,44,38,44,47,52,56,53,42,54,47,48,54,43,41,46,45,36,45,33,42,49,49,51,6,9,6,14,8,7,División Profesional de Bolivia
R. Coronado,Guabirá,Bolivia,25,GK,Right,194,22,58,,32,17,27,25,15,40,10,10,21,38,10,12,12,14,33,29,31,32,33,55,36,41,43,37,44,10,33,15,10,27,18,37,14,14,16,53,52,54,52,56,38,División Profesional de Bolivia
J. Araúz,Guabirá,Bolivia,13,GK,Right,185,32,56,,28,15,26,23,13,38,13,10,11,33,10,13,10,10,29,24,27,29,33,55,35,36,45,31,45,10,28,22,10,33,14,39,10,10,14,58,54,53,61,57,32,División Profesional de Bolivia
M. Ferrel,Guabirá,Bolivia,1,GK,Right,187,25,63,,37,19,34,31,19,43,19,10,20,42,13,20,26,16,33,33,37,37,39,62,40,42,53,36,48,18,38,31,15,44,21,43,17,14,16,63,56,55,57,68,40,División Profesional de Bolivia
L. Cuellar,Blooming,Bolivia,92,RW,Right,172,24,55,,66,54,52,54,26,48,59,53,42,49,53,52,56,47,48,53,64,67,67,55,60,54,41,61,45,55,43,26,59,54,56,50,26,23,21,8,9,9,9,12,12,División Profesional de Bolivia
G. Centella,Blooming,Bolivia,88,"LW, RW, RM",Left,160,21,58,Bolivia,67,54,54,64,27,47,55,54,41,58,58,63,50,49,46,63,65,69,70,55,70,52,43,61,42,55,41,29,61,54,53,60,27,22,20,15,8,11,12,8,8,División Profesional de Bolivia
G. Cuasace,Blooming,Bolivia,79,"LW, LM",Left,169,16,50,,59,45,46,54,17,41,41,45,34,50,47,56,57,46,40,52,59,59,60,48,53,47,37,50,39,42,37,16,51,46,48,41,15,15,11,9,9,9,7,9,12,División Profesional de Bolivia
G. Cadore,Blooming,Bolivia,40,"ST, LW",Right,183,20,52,,54,53,44,52,17,54,43,56,53,50,53,53,41,41,38,55,56,52,43,51,45,53,50,50,58,44,48,17,56,42,57,50,10,14,12,6,14,13,6,13,15,División Profesional de Bolivia
B. Garcés,Blooming,Colombia,29,"ST, CF",Right,174,33,67,,65,69,59,64,33,66,58,73,64,62,64,62,63,56,53,63,60,69,65,77,71,70,64,64,68,59,62,31,69,60,70,69,32,28,27,10,6,15,9,11,10,División Profesional de Bolivia
C. Menacho,Blooming,Bolivia,11,"ST, LW",Right,182,27,64,,66,66,55,63,30,62,53,71,68,59,65,62,53,50,52,65,69,63,56,67,61,64,63,60,66,57,55,30,71,53,66,68,27,23,22,7,9,9,12,12,12,División Profesional de Bolivia
M. Villarroel,Blooming,Bolivia,7,"RW, RM, RB",Right,170,23,60,,67,58,59,65,30,52,67,61,44,56,55,65,60,52,54,66,66,67,68,61,64,57,50,61,48,53,49,35,64,62,58,55,28,26,21,14,12,8,13,15,8,División Profesional de Bolivia
J. Chávez,Blooming,Bolivia,91,CDM,Right,181,18,51,,45,38,46,47,52,53,38,33,48,53,39,44,48,41,49,52,46,44,41,50,46,46,46,57,53,42,51,57,42,41,34,49,55,48,53,8,8,13,11,12,10,División Profesional de Bolivia
S. Espechi,Blooming,Bolivia,87,LM,Left,174,18,50,,56,42,51,52,30,44,54,40,34,54,36,55,50,44,46,51,63,51,55,44,53,51,42,54,42,38,39,33,51,48,45,37,29,28,30,12,13,9,8,14,10,División Profesional de Bolivia
M. Rodas,Blooming,Bolivia,53,CDM,Right,170,17,50,,43,42,48,44,48,53,42,37,37,56,36,39,38,36,50,46,44,42,51,45,47,48,39,55,53,47,53,48,41,45,43,47,46,53,53,8,6,12,8,12,7,División Profesional de Bolivia
A. Oliveros,Blooming,Colombia,33,"CAM, RW",Left,170,25,63,,64,62,64,65,37,54,66,64,46,64,61,68,62,55,64,63,60,67,64,63,63,59,52,60,53,61,51,39,65,65,61,61,35,38,31,10,12,12,6,8,10,División Profesional de Bolivia
H. Suárez,Blooming,Bolivia,30,CM,Left,180,22,54,,54,50,56,54,48,53,49,48,50,62,45,52,53,47,56,57,52,56,53,60,50,51,47,58,53,56,46,49,43,55,49,54,46,52,42,14,12,13,7,9,7,División Profesional de Bolivia
L. Chávez,Blooming,Bolivia,27,RM,Left,179,20,52,,57,43,51,54,33,47,57,40,38,53,45,57,49,45,48,52,54,59,56,47,56,43,43,53,46,45,44,41,51,47,44,40,30,31,28,9,9,15,6,12,9,División Profesional de Bolivia
R. Melgar,Blooming,Bolivia,25,"LM, LB",Left,172,20,53,,61,48,52,53,34,46,55,49,43,52,44,52,47,49,50,54,60,61,57,49,56,50,36,59,42,45,43,34,51,50,49,44,33,32,35,6,13,8,7,9,13,División Profesional de Bolivia
J. Chura,Blooming,Bolivia,23,"CAM, CM",Left,176,24,66,,65,64,66,72,40,60,62,62,53,66,64,75,68,64,64,71,66,64,69,68,66,65,54,64,59,68,58,46,61,72,62,70,38,36,33,7,10,7,7,11,7,División Profesional de Bolivia
P. Loza,Blooming,Bolivia,20,"RW, CAM, RM",Right,174,29,53,,59,49,49,57,24,45,54,48,43,47,44,59,58,43,46,56,60,59,56,53,55,45,41,54,44,56,37,28,50,50,47,51,24,19,17,7,6,8,11,11,12,División Profesional de Bolivia
M. Abisab,Blooming,Uruguay,19,"CDM, CM, CAM",Right,171,33,63,,50,54,60,59,63,65,50,52,55,63,52,53,52,58,65,62,52,48,60,67,65,59,54,70,62,53,67,69,56,63,56,67,60,65,58,10,13,15,15,9,12,División Profesional de Bolivia
D. Bejarano,Blooming,Bolivia,16,"CDM, CM",Right,182,32,63,,54,55,62,60,63,62,56,51,57,65,48,59,54,53,66,60,53,54,53,66,60,62,58,61,62,60,62,65,57,62,51,66,61,65,63,7,6,15,6,12,10,División Profesional de Bolivia
J. Mercado,Blooming,Bolivia,14,CDM,Right,177,29,63,,54,52,59,60,66,64,55,48,60,62,43,57,52,53,64,62,55,53,61,65,62,61,70,65,63,54,63,66,56,55,51,68,66,68,68,6,6,12,9,8,7,División Profesional de Bolivia
R. Hinojoza,Blooming,Colombia,10,"CAM, LW",Right,177,27,63,,63,65,65,64,37,50,62,64,53,66,58,63,62,61,59,65,65,61,66,63,68,65,57,60,47,67,44,39,67,71,66,56,34,36,32,12,9,12,12,14,14,División Profesional de Bolivia
M. Villarroel,Blooming,Bolivia,8,"CM, CDM, LB",Right,177,28,64,,60,59,65,62,57,62,61,53,58,68,56,62,60,54,68,63,64,56,58,67,60,65,56,74,60,65,56,59,61,67,61,64,57,57,54,15,13,12,9,6,9,División Profesional de Bolivia
R. Spenhay,Blooming,Bolivia,6,"CM, CDM",Right,167,29,63,,55,60,63,64,56,58,63,58,48,67,55,66,61,51,62,62,63,49,67,63,64,61,52,63,56,66,59,52,60,61,52,64,58,58,58,10,15,11,14,7,7,División Profesional de Bolivia
R. Orozco,Blooming,Bolivia,89,RB,Right,179,29,52,,55,38,47,49,52,53,54,35,46,47,36,48,47,40,45,49,55,55,52,52,55,40,49,63,50,42,51,49,44,45,36,46,52,57,46,14,7,14,14,15,11,División Profesional de Bolivia
J. Rivero,Blooming,Bolivia,85,"RB, RM",Right,178,18,51,,61,37,46,45,50,48,52,34,48,49,35,45,41,42,45,43,59,62,51,45,53,46,49,54,47,34,44,49,41,40,40,43,47,54,46,6,14,9,7,8,7,División Profesional de Bolivia
A. Cronenbold,Blooming,Bolivia,84,LB,Right,176,16,51,,57,37,47,43,50,52,48,33,46,51,37,40,45,34,45,43,59,56,53,45,53,41,50,57,50,41,52,55,46,42,38,42,48,50,54,11,8,11,15,14,7,División Profesional de Bolivia
T. Molina,Blooming,Bolivia,83,RB,Right,171,19,54,,63,38,49,50,51,53,53,34,46,49,35,47,49,41,47,50,65,61,58,53,58,50,42,61,49,35,57,51,40,47,37,57,52,51,53,6,13,12,9,6,8,División Profesional de Bolivia
M. Herera,Blooming,Bolivia,76,RB,Right,176,19,52,,60,38,46,48,51,50,50,35,44,46,33,50,48,43,50,43,61,59,55,47,59,44,57,56,47,37,49,54,46,40,39,43,51,49,56,12,7,11,8,6,14,División Profesional de Bolivia
M. Ocampo,Blooming,Bolivia,75,"LB, LM",Left,176,17,48,,55,35,42,44,43,45,47,31,35,43,32,41,39,34,40,46,53,57,53,42,57,45,48,51,41,32,45,44,37,38,36,35,43,43,49,9,13,14,9,11,6,División Profesional de Bolivia
J. Carrasco,Blooming,Bolivia,55,CB,Right,187,29,53,,51,35,39,41,56,51,35,32,50,45,22,38,34,37,45,41,52,51,38,53,43,49,53,45,52,33,56,53,30,32,35,52,56,58,60,12,12,14,14,10,8,División Profesional de Bolivia
M. Enoumba,Blooming,Bolivia,44,"CB, RB",Right,183,33,64,,55,46,53,53,64,67,49,40,60,58,34,47,46,41,62,55,57,53,53,64,55,64,64,60,70,44,67,62,43,46,45,65,63,65,67,12,13,6,10,8,6,División Profesional de Bolivia
E. Álvarez,Blooming,Bolivia,28,CB,Right,188,23,53,,46,35,40,46,59,56,39,28,53,44,28,43,39,34,42,51,47,46,41,47,41,49,50,47,60,37,57,62,29,34,39,44,62,56,59,14,11,11,7,9,10,División Profesional de Bolivia
E. Justiniano,Blooming,Bolivia,24,LB,Left,179,21,52,,57,39,48,51,50,50,52,39,42,49,33,50,39,40,46,54,55,58,51,49,50,45,54,53,49,36,50,48,39,46,35,49,49,53,54,15,8,8,7,7,13,División Profesional de Bolivia
J. Vila,Blooming,Argentina,22,"CB, CDM",Left,183,30,63,,59,45,51,52,66,62,43,42,67,59,41,42,42,43,58,60,58,59,53,63,51,58,66,60,63,44,61,65,33,44,40,63,65,68,63,8,9,7,8,11,10,División Profesional de Bolivia
J. Gonzáles,Blooming,Bolivia,18,RB,Right,166,20,51,,59,38,47,49,48,48,55,34,44,49,29,48,41,32,43,46,58,59,58,47,61,46,39,58,43,43,51,50,39,42,33,47,48,49,47,10,10,14,9,11,14,División Profesional de Bolivia
D. Giménez,Blooming,Argentina,17,"CB, LB",Right,187,29,60,,51,45,49,48,62,66,47,40,64,53,36,41,40,42,57,52,52,51,48,56,52,63,64,57,70,42,68,62,38,44,39,56,62,61,61,7,7,8,12,7,6,División Profesional de Bolivia
D. Durán,Blooming,Bolivia,4,"LB, LM",Right,171,23,65,,71,50,59,61,62,64,69,47,55,58,46,60,56,55,58,57,70,72,74,63,75,56,64,73,57,51,68,60,55,53,49,63,64,62,70,6,11,10,9,9,14,División Profesional de Bolivia
G. Valverde,Blooming,Bolivia,3,CB,Right,180,36,64,,50,44,51,56,69,65,42,39,64,57,38,53,47,47,55,58,51,50,54,67,57,59,61,61,67,43,68,68,43,49,44,67,71,71,65,10,8,15,10,15,13,División Profesional de Bolivia
M. Cabral,Blooming,Bolivia,2,"RB, LB",Left,175,25,63,,65,50,58,61,62,60,62,49,59,60,45,62,55,46,56,58,65,65,67,59,65,54,58,68,54,48,63,63,54,54,45,52,65,58,62,6,6,11,12,14,15,División Profesional de Bolivia
L. Antelo,Blooming,Bolivia,5,RB,Right,175,17,49,,53,36,45,49,46,46,49,34,41,48,31,50,39,37,44,49,51,55,51,45,50,44,44,53,45,34,42,46,41,41,32,46,42,51,52,13,15,8,12,6,11,División Profesional de Bolivia
G. Almada,Blooming,Bolivia,71,GK,Right,182,32,63,,34,24,32,27,20,47,22,17,24,38,10,17,21,21,28,29,32,36,33,59,37,46,49,42,54,25,36,26,17,40,20,44,18,16,19,63,60,57,65,64,37,División Profesional de Bolivia
J. Camacho,Blooming,Bolivia,13,GK,Right,189,20,53,,27,15,20,19,12,35,10,10,14,25,10,12,10,10,20,18,23,30,28,43,34,35,42,30,39,10,30,18,10,25,18,29,10,10,10,53,50,52,55,59,31,División Profesional de Bolivia
E. Jiménez,Blooming,Bolivia,12,GK,Left,185,17,54,,30,16,22,24,15,34,10,10,15,24,10,14,10,10,25,28,30,30,30,49,37,38,40,24,40,11,29,28,10,32,17,32,10,13,10,57,48,49,52,49,33,División Profesional de Bolivia
C. Jiménez,Blooming,Bolivia,12,GK,Right,184,24,55,,30,15,25,21,14,37,10,10,16,34,10,12,10,10,27,21,31,30,33,50,36,35,45,30,42,10,33,20,10,30,12,33,12,12,13,53,52,48,55,55,35,División Profesional de Bolivia
B. Uraezaña,Blooming,Bolivia,1,GK,Right,186,31,62,,33,19,30,25,20,46,16,10,21,38,14,15,19,16,35,24,35,32,37,59,45,42,49,34,53,19,42,31,20,34,21,43,17,17,18,62,61,59,63,63,46,División Profesional de Bolivia
F. Vasquez,Universitario de Vinto,Bolivia,80,LW,Right,167,23,61,,69,59,56,65,30,49,57,60,51,59,56,67,60,51,51,62,71,67,69,65,66,57,47,59,45,58,46,33,60,56,59,63,27,25,25,13,8,13,9,9,12,División Profesional de Bolivia
O. Blanco,Universitario de Vinto,Colombia,79,ST,Right,184,36,65,,60,67,56,64,34,66,51,70,69,60,65,63,59,57,48,65,60,60,62,69,62,66,69,63,71,62,59,32,70,59,62,74,28,32,30,9,15,8,9,15,7,División Profesional de Bolivia
F. Pasadore,Universitario de Vinto,Argentina,32,ST,Right,180,26,61,,63,63,50,63,28,60,46,66,56,55,59,63,49,57,46,64,65,61,64,61,53,64,63,59,61,60,58,24,60,49,60,59,29,23,21,14,8,12,14,6,12,División Profesional de Bolivia
J. Abrego,Universitario de Vinto,Bolivia,25,"ST, LW",Right,169,22,55,,56,58,48,54,22,53,42,60,51,54,58,55,45,41,40,49,57,56,60,59,58,60,50,51,56,52,48,21,59,51,53,54,19,19,15,13,7,8,14,13,7,División Profesional de Bolivia
G. Cuellar,Universitario de Vinto,Bolivia,21,"RB, RW, ST",Right,170,27,60,,64,46,56,58,57,60,58,43,49,61,46,55,56,45,56,58,63,65,64,55,67,55,55,68,59,44,53,57,44,49,47,57,57,57,61,6,10,11,8,7,8,División Profesional de Bolivia
R. Llano,Universitario de Vinto,Colombia,9,"ST, LM",Right,189,33,57,,58,62,47,56,25,60,41,62,59,54,57,57,46,41,40,53,57,58,56,64,46,63,58,52,67,60,51,23,70,47,56,62,19,24,17,12,11,7,8,12,6,División Profesional de Bolivia
H. Dorrego,Universitario de Vinto,Uruguay,7,"ST, LW",Right,175,33,67,,62,69,58,67,33,62,58,74,67,59,59,67,58,61,53,66,62,62,72,68,61,70,63,63,64,58,57,29,71,60,73,76,31,29,21,14,9,15,8,9,8,División Profesional de Bolivia
D. Vargas,Universitario de Vinto,Bolivia,50,"CDM, CM",Right,187,23,62,,54,53,59,56,64,65,51,50,60,65,47,52,48,55,65,61,53,54,53,58,58,57,65,63,64,57,68,69,55,56,53,62,64,64,59,8,6,9,11,9,7,División Profesional de Bolivia
D. Callaú,Universitario de Vinto,Bolivia,47,"RM, LM",Left,172,21,51,,59,45,49,51,34,46,53,45,40,50,46,51,50,44,43,49,63,55,53,49,61,45,38,52,44,44,43,42,43,48,47,52,28,34,28,14,11,12,14,11,8,División Profesional de Bolivia
Y. Mamani,Universitario de Vinto,Bolivia,45,"CM, CAM",Right,164,21,59,,53,55,59,60,52,52,52,52,46,63,47,56,58,55,60,65,56,50,62,56,63,58,44,63,47,59,55,55,57,59,55,56,53,52,48,6,13,15,6,13,10,División Profesional de Bolivia
L. Cabrera,Universitario de Vinto,Bolivia,37,CDM,Right,180,19,51,,48,42,47,48,50,55,44,38,50,52,38,46,45,35,51,52,53,43,41,48,48,53,46,51,57,42,58,50,41,41,46,48,51,49,49,12,11,9,10,15,10,División Profesional de Bolivia
M. Fernández,Universitario de Vinto,Bolivia,30,CDM,Left,182,20,52,,47,43,49,48,56,53,40,40,45,55,35,43,45,47,51,54,48,46,43,53,48,49,51,51,54,47,53,61,44,48,40,47,59,53,52,8,13,9,11,7,9,División Profesional de Bolivia
J. Rivero,Universitario de Vinto,Bolivia,29,"LM, LW",Left,169,19,51,,61,46,52,53,32,44,53,45,40,57,42,52,52,42,46,53,61,61,59,50,58,52,40,56,40,43,40,36,48,48,49,49,30,30,32,7,13,13,15,14,14,División Profesional de Bolivia
M. Rinaldi,Universitario de Vinto,Bolivia,25,"CDM, CM",Right,176,19,50,,46,39,47,44,52,51,46,33,41,51,33,42,39,38,44,44,47,46,49,47,45,48,51,53,50,44,50,57,43,47,37,48,49,53,57,12,6,7,12,7,13,División Profesional de Bolivia
J. Villarreal,Universitario de Vinto,Bolivia,24,LM,Right,177,20,54,,62,51,52,52,34,47,50,50,39,51,46,56,55,50,52,48,61,63,53,51,50,51,43,54,45,53,42,33,58,54,44,47,34,35,30,13,8,14,12,15,7,División Profesional de Bolivia
H. Rodríguez,Universitario de Vinto,Bolivia,24,"CM, CAM, CDM",Right,175,30,56,,54,50,54,58,50,52,50,47,44,53,47,56,52,57,61,61,52,55,58,57,55,51,46,61,47,53,56,57,52,56,58,49,50,49,47,7,7,10,6,15,12,División Profesional de Bolivia
E. Straccia,Universitario de Vinto,Argentina,23,"CDM, CB",Right,174,35,63,,50,52,61,58,63,64,50,49,60,68,41,56,51,54,60,59,49,51,59,65,53,63,61,66,63,51,65,63,55,65,50,64,62,65,62,7,14,9,13,9,13,División Profesional de Bolivia
J. Calicho,Universitario de Vinto,Bolivia,22,"CM, LW, LM",Right,176,31,62,,57,54,61,67,52,58,55,50,49,63,55,66,54,63,63,69,58,56,62,66,73,58,55,57,59,57,57,53,64,61,52,66,52,52,50,7,10,11,9,14,7,División Profesional de Bolivia
D. Torrico,Universitario de Vinto,Bolivia,17,"CB, CDM, CM",Right,176,38,65,,52,45,54,53,65,66,52,41,61,61,38,49,48,43,61,54,54,50,53,66,58,61,62,63,65,42,71,64,43,44,47,64,63,69,67,8,9,13,9,15,12,División Profesional de Bolivia
M. Morales,Universitario de Vinto,Bolivia,16,"CDM, CM",Right,176,18,50,,47,41,49,46,52,49,47,38,41,53,37,47,42,42,51,45,44,49,47,42,47,51,43,56,47,41,49,53,40,46,39,51,53,55,52,8,6,10,8,6,14,División Profesional de Bolivia
J. Veizaga,Universitario de Vinto,Bolivia,14,"CAM, CM",Right,177,29,61,,63,62,63,67,31,53,58,62,47,67,60,73,65,63,58,62,64,62,66,63,62,61,56,61,50,61,52,32,61,65,64,60,29,32,20,6,9,9,11,8,10,División Profesional de Bolivia
S. Pardo,Universitario de Vinto,Bolivia,13,"CDM, CM",Right,188,25,54,,46,46,54,50,57,58,51,44,56,59,35,44,51,43,55,57,44,48,43,55,44,51,54,57,60,50,57,59,49,51,42,62,57,56,56,6,13,7,11,7,6,División Profesional de Bolivia
D. Camacho,Universitario de Vinto,Bolivia,8,"CAM, ST, CM",Right,180,27,59,,63,55,60,62,34,49,52,52,44,63,56,60,60,54,55,66,66,60,62,53,58,59,45,56,48,58,43,38,59,66,51,59,34,29,26,11,6,6,14,6,7,División Profesional de Bolivia
M. Gómez,Universitario de Vinto,Bolivia,6,"CM, CDM",Right,191,29,54,,53,49,54,54,48,56,50,46,50,58,46,53,52,50,56,57,52,54,55,55,42,52,54,56,57,51,53,45,54,50,50,52,49,48,44,6,7,9,11,12,8,División Profesional de Bolivia
G. Mendoza,Universitario de Vinto,Bolivia,10,"CAM, CM",Left,167,20,59,,61,56,61,64,31,50,62,57,43,59,51,67,62,57,60,63,60,62,62,56,69,59,45,63,45,49,47,35,60,66,60,62,27,28,29,9,12,8,13,11,9,División Profesional de Bolivia
F. Gil,Universitario de Vinto,Bolivia,3,RM,Right,173,23,53,,57,48,57,55,34,46,57,48,35,65,45,54,51,45,51,55,59,55,57,54,61,50,41,54,45,47,41,36,51,54,44,55,34,32,31,13,11,12,6,8,11,División Profesional de Bolivia
E. Mendoza,Universitario de Vinto,Bolivia,76,"RB, RM",Left,183,22,59,,64,43,56,55,56,56,60,37,57,60,37,52,56,46,54,59,67,62,55,52,58,49,58,60,55,50,54,53,46,51,43,54,59,56,56,11,6,13,6,12,7,División Profesional de Bolivia
J. Lazarte,Universitario de Vinto,Bolivia,70,"LB, LM",Left,171,18,51,,58,35,48,48,49,46,52,30,44,52,32,47,45,37,44,47,58,58,58,46,54,43,49,49,43,40,50,47,34,42,36,43,51,49,50,9,11,9,10,14,9,División Profesional de Bolivia
Á. Cuestas,Universitario de Vinto,Bolivia,66,LB,Left,174,31,63,,67,48,60,60,60,63,71,44,53,60,45,57,57,45,57,60,69,65,65,66,67,56,59,64,64,49,59,63,47,55,44,58,57,61,65,13,7,12,11,9,8,División Profesional de Bolivia
A. Jara,Universitario de Vinto,Argentina,34,CB,Right,178,34,63,,52,44,54,51,67,63,52,41,64,60,41,45,41,40,62,52,51,53,55,61,57,53,61,59,62,42,71,67,36,45,47,63,65,71,60,9,14,15,8,13,7,División Profesional de Bolivia
V. Machaca,Universitario de Vinto,Bolivia,33,CB,Right,170,32,55,,48,35,44,45,58,52,34,29,57,52,32,36,39,34,47,48,45,50,51,54,53,50,53,47,51,37,58,57,34,39,31,60,60,58,59,9,7,7,11,8,8,División Profesional de Bolivia
J. Pinto,Universitario de Vinto,Bolivia,28,"LB, CB",Left,175,26,53,,56,41,48,49,49,50,56,39,40,49,37,48,47,44,46,49,57,55,54,52,59,49,49,56,48,39,47,51,40,42,39,43,45,53,54,12,9,11,9,14,10,División Profesional de Bolivia
B. Calderón,Universitario de Vinto,Bolivia,27,"CB, CDM",Right,190,28,55,,51,37,46,45,58,59,41,31,61,58,31,38,33,37,46,50,49,52,46,57,42,53,52,48,66,37,59,56,35,36,29,52,56,62,54,11,15,9,8,11,8,División Profesional de Bolivia
C. Pessoa,Universitario de Vinto,Bolivia,23,"RB, RM",Right,176,20,53,,56,39,49,53,53,48,51,36,45,53,35,52,43,37,46,55,59,53,57,45,53,43,49,57,43,43,48,51,42,45,36,49,55,54,60,15,8,7,15,15,12,División Profesional de Bolivia
P. Alcocer,Universitario de Vinto,Bolivia,5,CB,Left,181,26,63,,60,43,52,54,66,64,50,38,64,61,38,52,48,46,51,57,58,61,48,57,55,60,63,62,66,43,62,64,33,43,43,66,66,69,62,6,9,13,12,10,13,División Profesional de Bolivia
B. López,Universitario de Vinto,República Dominicana,4,"CB, CDM",Left,182,26,63,República Dominicana,57,43,52,50,64,61,49,39,65,55,36,44,40,40,59,52,56,58,49,63,55,59,62,57,60,38,70,68,40,48,43,62,63,62,65,13,12,12,11,6,9,División Profesional de Bolivia
G. Visalla,Universitario de Vinto,Bolivia,2,RB,Right,174,23,61,,65,46,57,57,61,58,60,38,51,55,41,56,55,51,59,57,66,65,62,58,61,57,55,64,54,50,60,59,50,57,49,58,60,65,65,7,15,15,12,9,11,División Profesional de Bolivia
S. Rojas,Universitario de Vinto,Bolivia,99,GK,Left,185,19,53,,30,14,23,21,12,35,10,10,15,30,10,10,10,10,24,25,26,33,32,43,33,31,41,30,41,10,25,18,10,31,11,28,10,11,11,53,52,49,50,51,30,División Profesional de Bolivia
P. García,Universitario de Vinto,Bolivia,77,GK,Right,191,24,62,,40,19,28,26,19,44,14,14,23,32,10,13,19,20,35,28,37,42,38,57,44,34,49,36,49,18,42,26,21,34,22,37,16,18,15,67,60,48,62,64,39,División Profesional de Bolivia
J. Careaga,Universitario de Vinto,Bolivia,12,GK,Left,184,29,56,,32,16,24,25,15,42,11,10,22,31,10,11,13,10,28,30,31,33,30,59,36,37,42,28,52,12,37,16,13,29,14,38,11,15,15,58,58,51,57,64,37,División Profesional de Bolivia
B. Poveda,Universitario de Vinto,Bolivia,1,GK,Right,180,22,63,,39,18,31,30,23,48,20,10,23,36,17,16,16,19,30,34,39,39,41,64,42,34,49,35,58,19,37,31,10,39,25,42,22,20,23,62,60,57,64,66,38,División Profesional de Bolivia
N. Nacif,Oriente Petrolero,Bolivia,91,"ST, RW",Right,176,17,50,,53,52,41,52,18,46,39,54,48,44,43,56,40,39,36,51,50,56,45,44,46,52,54,42,52,47,36,17,57,40,53,49,18,11,16,11,15,14,7,6,6,División Profesional de Bolivia
A. Peña,Oriente Petrolero,Bolivia,90,"ST, LW",Right,185,22,61,,61,65,50,60,30,63,51,69,62,51,62,59,57,48,45,59,61,61,61,64,55,65,60,57,67,56,59,26,68,51,63,67,26,28,22,11,13,11,8,7,8,División Profesional de Bolivia
R. Nahuel Roldán,Oriente Petrolero,Uruguay,79,"ST, RW",Right,169,27,63,,62,63,56,59,29,60,52,62,56,60,61,54,59,53,51,61,61,62,66,60,63,65,63,59,60,61,59,29,70,55,67,60,26,26,17,6,8,8,7,10,8,División Profesional de Bolivia
R. Anagua,Oriente Petrolero,Bolivia,46,ST,Right,180,21,52,,52,53,44,50,19,50,49,56,53,48,54,49,44,49,32,50,53,51,53,54,47,54,54,48,52,44,48,18,57,39,54,53,20,10,10,9,11,15,8,15,10,División Profesional de Bolivia
J. Escobar,Oriente Petrolero,Ecuador,29,"ST, LW",Right,180,29,64,,68,63,56,62,31,62,51,65,66,63,68,62,60,56,44,62,65,70,66,66,57,61,58,63,66,59,54,25,68,55,61,65,22,33,25,8,12,14,13,14,12,División Profesional de Bolivia
M. Roskopf,Oriente Petrolero,Argentina,9,ST,Right,186,28,62,,61,65,52,62,27,63,52,68,63,54,64,61,52,58,44,64,62,61,56,65,56,64,67,56,70,60,53,27,70,53,63,64,23,23,17,11,7,8,15,8,6,División Profesional de Bolivia
J. Flores,Oriente Petrolero,Bolivia,7,LW,Left,179,23,52,Bolivia,59,53,49,54,21,44,53,53,43,49,44,57,50,55,40,48,60,58,62,54,55,55,46,52,43,55,36,24,53,51,43,51,15,18,16,13,13,7,13,6,10,División Profesional de Bolivia
J. Herrera,Oriente Petrolero,Bolivia,77,"CDM, CAM, CM",Left,174,27,62,,55,53,59,60,64,64,57,49,58,63,46,58,50,50,61,63,56,55,56,62,56,59,60,67,64,59,60,67,53,59,56,61,61,66,63,10,14,15,13,11,12,División Profesional de Bolivia
A. Bailaba,Oriente Petrolero,Bolivia,53,CDM,Right,179,18,53,,50,45,48,46,56,54,40,41,46,55,41,41,46,45,48,52,51,49,43,49,44,49,52,58,51,50,59,59,45,47,49,51,55,58,53,11,11,9,9,7,9,División Profesional de Bolivia
O. Perdomo,Oriente Petrolero,Uruguay,40,CM,Right,173,26,64,,64,61,64,66,57,59,60,61,48,69,49,63,57,57,59,69,66,63,65,62,67,66,55,65,58,59,57,56,63,65,57,67,60,61,50,15,13,7,14,6,15,División Profesional de Bolivia
J. Salas,Oriente Petrolero,Bolivia,31,CAM,Right,167,19,50,,54,51,53,57,23,38,47,48,29,56,48,60,56,50,50,57,55,53,57,41,56,52,39,46,36,55,33,25,55,56,48,44,24,20,18,10,15,8,12,11,8,División Profesional de Bolivia
J. Berdecio,Oriente Petrolero,Bolivia,30,"CAM, RB, CDM",Right,174,24,59,,60,58,60,63,34,53,54,57,46,63,53,64,65,62,50,62,58,62,67,58,64,58,44,60,52,58,49,35,67,64,60,65,35,30,25,9,9,14,12,12,9,División Profesional de Bolivia
J. Caraballo,Oriente Petrolero,Bolivia,23,CDM,Right,193,21,53,,45,47,52,48,54,60,45,45,49,57,41,47,42,48,60,50,47,44,39,49,47,53,52,54,65,47,59,59,46,49,46,55,52,55,54,15,12,11,13,11,13,División Profesional de Bolivia
J. Lovera,Oriente Petrolero,Bolivia,20,"CDM, CM",Right,180,29,61,,58,51,56,56,62,65,51,45,59,61,45,53,48,48,58,57,56,60,56,64,56,61,59,62,66,58,67,64,54,56,48,60,60,64,66,15,13,13,11,9,12,División Profesional de Bolivia
S. Galindo,Oriente Petrolero,Bolivia,17,"CAM, CM",Right,190,34,65,,62,66,67,68,40,61,62,65,54,69,61,72,67,61,63,65,63,61,65,66,62,68,56,69,60,67,57,45,65,74,59,71,36,37,34,10,14,9,9,14,8,División Profesional de Bolivia
F. Gonzales,Oriente Petrolero,Bolivia,15,"CAM, CM",Right,176,26,63,,66,63,65,64,35,54,62,63,52,64,55,63,66,57,59,66,65,67,66,63,65,65,51,63,51,65,52,31,66,74,60,63,36,32,29,8,10,10,11,9,10,División Profesional de Bolivia
L. Vaca,Oriente Petrolero,Bolivia,11,"RW, RM, CAM",Left,170,30,62,,69,64,61,66,30,54,60,69,48,65,64,69,65,53,52,63,62,74,70,66,68,57,47,63,54,59,42,29,62,61,60,59,30,26,26,8,6,15,7,11,7,División Profesional de Bolivia
M. Mamani,Oriente Petrolero,Bolivia,10,"RW, RM",Left,173,21,50,,56,48,50,53,20,41,51,47,35,54,44,60,48,47,46,48,61,51,54,51,44,51,38,51,39,46,33,21,48,47,48,46,20,16,12,6,13,8,15,7,11,División Profesional de Bolivia
L. Sabja,Oriente Petrolero,Bolivia,16,CDM,Right,177,18,49,,44,37,45,46,49,51,37,30,44,51,32,46,38,40,47,46,46,43,45,42,43,45,50,51,51,46,51,43,41,45,38,50,50,54,51,12,11,6,7,9,13,División Profesional de Bolivia
M. Velasco,Oriente Petrolero,Bolivia,52,"RB, LB",Right,183,19,50,,56,38,47,49,46,47,50,34,41,53,36,45,42,33,49,54,58,55,50,45,51,50,54,51,44,36,49,48,35,37,33,43,42,50,48,15,12,14,15,15,9,División Profesional de Bolivia
J. Quinteros,Oriente Petrolero,Bolivia,44,"CB, CDM",Right,180,25,62,,58,42,53,53,64,65,48,38,59,61,34,51,48,43,56,52,56,59,58,62,54,61,60,61,68,35,63,62,35,44,39,62,67,65,60,8,14,6,12,8,15,División Profesional de Bolivia
F. López,Oriente Petrolero,Uruguay,44,CB,Right,182,25,55,,48,35,45,42,58,58,41,28,54,53,27,37,36,36,46,43,49,48,43,51,49,56,58,51,63,34,54,57,32,38,37,56,58,59,61,10,13,10,8,12,9,División Profesional de Bolivia
D. Roca,Oriente Petrolero,Bolivia,42,"LB, LM",Right,172,29,61,,64,47,57,59,56,60,60,43,50,59,40,56,56,46,58,62,65,63,60,52,65,54,55,64,59,49,60,57,50,52,50,55,57,53,61,7,7,7,10,14,12,División Profesional de Bolivia
M. Reyes,Oriente Petrolero,Bolivia,36,CB,Right,179,18,52,,49,33,40,40,54,55,36,29,52,47,21,36,31,37,43,44,50,48,40,43,42,50,51,51,57,32,57,51,29,33,30,46,54,56,51,8,6,7,8,7,7,División Profesional de Bolivia
C. Saucedo,Oriente Petrolero,Bolivia,33,CB,Right,179,20,52,,51,34,41,40,54,54,37,30,53,49,27,34,37,37,43,45,48,53,40,43,43,51,50,51,56,31,55,54,25,30,34,50,58,51,56,15,6,9,9,7,11,División Profesional de Bolivia
J. Velasco,Oriente Petrolero,Bolivia,28,LB,Left,174,22,66,,69,55,62,62,61,61,66,55,52,64,40,61,57,56,60,61,68,70,66,66,71,60,61,69,58,54,60,62,53,58,50,66,63,61,64,12,10,11,11,12,11,División Profesional de Bolivia
R. Diez,Oriente Petrolero,Colombia,22,"RB, RM",Right,177,22,59,,66,45,55,56,60,60,59,41,55,58,38,55,56,46,51,57,66,66,60,63,57,50,57,63,59,49,57,56,45,49,46,50,63,61,59,14,9,6,15,12,15,División Profesional de Bolivia
E. Taborga,Oriente Petrolero,Bolivia,14,CB,Right,183,24,65,,59,43,49,54,68,67,44,33,67,53,38,46,43,44,56,59,55,62,56,62,58,61,66,61,67,51,75,69,41,45,44,63,65,69,69,13,6,6,14,7,7,División Profesional de Bolivia
O. Siles,Oriente Petrolero,Bolivia,8,"CB, CDM",Left,184,33,66,,54,48,56,58,70,70,49,41,69,64,42,55,46,46,59,59,55,54,55,69,58,64,65,63,74,49,71,64,47,52,47,66,69,76,69,12,6,9,9,10,8,División Profesional de Bolivia
D. Rodríguez,Oriente Petrolero,Bolivia,6,LB,Left,179,23,53,,57,38,48,48,50,52,53,36,45,50,36,48,49,36,48,44,58,57,56,51,51,44,51,59,48,35,53,53,38,44,42,47,52,48,52,10,12,8,9,10,9,División Profesional de Bolivia
J. Virreira,Oriente Petrolero,Bolivia,5,CB,Right,184,29,61,,58,40,50,51,64,62,46,35,63,57,32,45,41,46,57,55,58,58,52,62,56,53,63,58,63,42,65,70,30,40,36,61,65,61,59,8,13,15,9,11,12,División Profesional de Bolivia
M. Bonilla,Oriente Petrolero,Bolivia,4,LB,Left,176,21,51,,53,36,44,47,46,49,46,33,36,47,33,46,41,30,46,45,56,51,54,52,56,42,42,54,46,37,54,50,41,38,40,45,46,45,49,7,6,6,14,12,10,División Profesional de Bolivia
Mizael,Oriente Petrolero,Brasil,3,CB,Left,184,25,55,,48,35,43,42,59,59,42,29,59,48,24,35,32,33,48,46,49,47,48,51,49,53,53,57,63,34,55,57,27,35,39,51,59,62,58,6,11,8,15,15,10,División Profesional de Bolivia
C. García,Oriente Petrolero,República Dominicana,2,"CB, CDM",Right,185,33,57,,47,38,44,43,62,60,43,34,61,51,27,37,35,33,51,45,48,47,46,59,46,55,66,55,61,36,61,62,30,34,34,59,59,66,63,11,14,15,6,14,11,División Profesional de Bolivia
R. Rivero,Oriente Petrolero,Bolivia,25,GK,Right,188,20,51,,29,14,22,20,12,36,10,10,10,29,10,10,10,10,25,24,33,26,25,46,29,31,40,23,46,10,27,18,10,24,10,28,10,10,10,51,53,45,50,57,28,División Profesional de Bolivia
J. Bernal,Oriente Petrolero,Bolivia,13,GK,Left,184,23,53,,29,16,23,20,11,38,10,10,14,29,10,10,10,11,28,24,31,27,25,49,33,36,39,31,46,10,27,13,10,28,16,26,10,10,10,48,48,44,54,57,28,División Profesional de Bolivia
A. Torrez,Oriente Petrolero,Bolivia,1,GK,Left,192,28,56,,29,15,23,22,14,40,10,10,12,29,10,11,12,10,26,25,31,28,32,46,36,35,39,28,49,10,31,22,10,30,16,34,10,13,10,59,56,53,56,61,34,División Profesional de Bolivia
D. Caballero,Oriente Petrolero,Bolivia,12,GK,Left,192,20,49,,21,13,19,19,11,34,10,10,12,26,10,10,10,10,19,23,22,21,22,41,26,24,38,24,43,10,22,14,10,22,12,25,10,10,10,51,47,42,47,50,29,División Profesional de Bolivia
S. Plaza,Real Potosí,Ecuador,91,ST,Right,187,27,61,,64,62,52,57,31,63,48,63,65,60,58,56,47,46,43,56,62,66,61,62,53,63,67,56,68,57,57,25,69,50,57,67,30,27,21,9,11,11,13,7,8,División Profesional de Bolivia
H. Rojas,Real Potosí,Bolivia,77,"RW, RM, LW",Right,170,32,63,,66,60,63,66,34,57,67,62,51,60,60,65,65,60,57,66,68,64,76,61,67,57,51,65,58,58,47,34,60,70,59,62,29,34,27,12,13,6,14,9,7,División Profesional de Bolivia
L. Alí,Real Potosí,Bolivia,23,ST,Right,170,32,64,,61,65,54,64,29,63,58,68,60,54,60,63,52,53,49,64,62,60,67,69,63,68,63,61,66,55,56,31,72,55,66,65,24,24,24,15,10,14,8,11,9,División Profesional de Bolivia
J. Rivas,Real Potosí,Colombia,18,ST,Right,180,29,64,,68,65,54,62,32,64,51,63,64,57,68,59,53,51,53,65,70,66,66,62,60,70,65,60,68,63,57,28,66,52,66,67,32,29,21,8,13,11,13,13,13,División Profesional de Bolivia
V. Castellón,Real Potosí,Bolivia,10,ST,Left,178,37,68,,62,69,60,67,35,64,58,68,62,62,69,67,54,62,55,69,60,64,61,73,64,74,69,68,64,64,59,39,74,63,70,66,31,30,30,8,15,9,15,9,9,División Profesional de Bolivia
F. Suárez,Real Potosí,Bolivia,7,"RW, ST",Right,176,23,53,,63,53,51,60,21,44,57,52,42,50,53,60,51,48,45,64,63,63,60,60,49,59,43,55,40,53,38,21,53,54,47,51,24,14,13,10,13,12,12,15,15,División Profesional de Bolivia
L. Giménez,Real Potosí,Argentina,90,"RM, LM",Right,178,27,60,,66,54,60,61,42,52,67,55,48,62,57,62,53,54,57,59,60,71,66,61,61,56,55,62,47,49,51,43,62,56,55,57,44,39,39,14,12,12,13,12,12,División Profesional de Bolivia
Igor Soares,Real Potosí,Brasil,41,CM,Right,180,31,64,,62,58,64,65,59,62,62,55,58,64,51,65,55,60,68,66,60,63,63,63,62,64,64,69,61,61,55,56,65,66,58,69,62,57,59,10,9,8,12,13,6,División Profesional de Bolivia
F. Rodríguez,Real Potosí,Bolivia,37,"CM, CDM",Right,172,30,63,,58,55,63,62,55,58,55,50,49,67,53,60,55,56,68,63,57,58,64,65,60,59,56,66,55,59,57,57,59,63,57,58,55,56,54,11,12,7,7,7,9,División Profesional de Bolivia
M. Somoya,Real Potosí,Bolivia,36,"CDM, CB",Right,168,22,53,,44,45,49,51,54,51,41,43,45,55,40,50,42,43,52,53,44,44,48,51,52,47,47,52,47,50,59,54,44,47,40,49,58,54,54,12,8,9,11,8,15,División Profesional de Bolivia
R. Terrazas,Real Potosí,Bolivia,31,"CDM, CM",Right,175,20,52,,49,42,47,48,51,52,48,40,50,50,36,45,44,39,48,52,51,48,46,47,48,45,51,55,48,49,58,56,40,44,37,52,45,54,49,9,8,7,9,10,11,División Profesional de Bolivia
J. Alipaz,Real Potosí,Bolivia,30,"RM, RW",Right,171,23,61,,67,56,61,60,43,54,65,53,47,61,48,63,63,52,58,57,66,67,61,55,67,58,49,66,52,61,47,45,61,60,59,61,40,43,40,15,15,14,15,11,9,División Profesional de Bolivia
J. Vargas,Real Potosí,Bolivia,13,"CDM, CM",Right,183,26,53,,52,43,51,50,52,59,46,43,51,57,36,49,43,46,50,51,52,52,52,54,49,48,50,53,63,42,59,55,43,51,43,51,53,48,51,6,6,9,13,14,14,División Profesional de Bolivia
B. Condori,Real Potosí,Bolivia,12,"LW, LM, CAM",Right,178,29,52,,61,52,51,54,22,46,52,55,42,53,49,56,47,51,46,50,59,62,55,61,55,52,43,56,44,45,40,24,54,52,49,53,22,17,13,14,9,7,13,12,15,División Profesional de Bolivia
M. Gómez,Real Potosí,Argentina,11,"LM, LW, RW",Right,180,38,56,,47,54,55,60,36,54,57,58,41,59,43,61,61,49,51,58,45,48,61,62,60,55,53,62,53,51,46,36,47,51,51,53,39,33,34,7,15,15,7,13,6,División Profesional de Bolivia
I. Cárdenas,Real Potosí,Bolivia,8,"CM, CDM, CAM",Right,185,26,60,,57,55,61,59,53,58,57,52,49,64,52,57,58,54,61,62,59,55,60,58,52,60,49,62,59,58,53,54,55,60,53,62,54,56,47,6,10,10,12,13,14,División Profesional de Bolivia
J. Thomas,Real Potosí,Bolivia,6,"CM, CDM",Right,179,26,63,,56,57,64,65,56,62,61,54,50,65,48,66,60,58,69,66,55,56,60,65,60,62,51,70,62,63,55,58,57,65,56,60,53,61,55,8,9,15,11,7,13,División Profesional de Bolivia
S. Severiche,Real Potosí,Bolivia,44,CM,Left,178,24,54,,48,51,55,59,46,52,54,48,46,59,42,60,48,48,58,61,51,46,56,53,50,54,48,63,49,55,48,44,59,48,48,57,46,48,43,15,11,12,15,6,13,División Profesional de Bolivia
C. López,Real Potosí,Bolivia,35,"LB, LM",Left,174,21,54,,63,39,50,53,51,50,55,39,50,50,34,51,44,43,50,54,61,64,57,54,59,45,44,55,47,34,55,52,44,46,39,50,52,50,53,10,8,12,15,13,7,División Profesional de Bolivia
A. Lino,Real Potosí,Bolivia,24,CB,Right,186,19,52,,49,32,39,40,56,54,39,25,52,46,30,40,29,30,40,38,48,50,37,50,49,47,56,51,57,32,52,51,26,33,34,49,55,60,57,15,8,9,11,10,12,División Profesional de Bolivia
F. Supayabe,Real Potosí,Bolivia,22,"CB, RB",Right,177,30,63,,58,44,50,50,68,65,51,40,61,56,39,42,43,41,53,55,55,60,55,60,53,54,62,63,67,47,65,69,40,40,39,62,67,71,71,6,13,15,12,10,13,División Profesional de Bolivia
W. Fernández,Real Potosí,Bolivia,21,"RB, RM",Right,184,21,54,,59,42,47,50,52,57,48,41,49,51,36,48,45,39,46,48,55,63,56,58,50,53,55,63,56,38,52,53,37,42,42,54,48,56,52,14,11,10,9,7,14,División Profesional de Bolivia
A. Brito,Real Potosí,Bolivia,19,RB,Right,173,21,53,,59,40,49,49,49,49,50,35,39,55,35,53,42,38,48,39,59,59,60,52,61,53,48,58,45,38,49,51,41,42,40,49,50,51,48,7,14,13,14,10,15,División Profesional de Bolivia
D. Cuellar,Real Potosí,Bolivia,17,"RB, RM",Right,179,19,51,,57,41,47,48,49,47,50,38,42,53,35,48,46,37,45,47,58,56,55,49,48,50,49,55,43,40,48,50,44,40,38,41,49,50,47,11,11,11,12,10,14,División Profesional de Bolivia
E. Velásquez,Real Potosí,Bolivia,14,"CB, RB",Right,185,27,54,,50,36,41,44,57,54,38,35,57,45,28,44,30,34,45,45,48,52,38,52,39,46,57,51,54,33,55,55,28,37,33,50,60,55,57,6,15,11,14,7,15,División Profesional de Bolivia
B. Agrón,Real Potosí,Colombia,5,CB,Left,184,25,61,,54,40,47,50,66,62,41,35,68,56,36,48,40,35,48,52,57,52,49,58,48,56,62,56,65,38,62,66,31,39,43,58,66,68,63,11,9,8,8,12,9,División Profesional de Bolivia
G. Añasgo,Real Potosí,Argentina,3,"LB, CM",Left,173,29,55,,64,40,53,53,52,49,62,33,47,57,38,55,46,40,46,50,62,65,57,51,58,50,51,57,45,43,50,55,43,47,42,54,50,53,56,10,13,14,11,9,6,División Profesional de Bolivia
J. Rioja,Real Potosí,Bolivia,2,"CB, CDM",Left,178,38,65,,51,46,55,55,66,66,52,39,66,62,43,49,46,46,57,57,52,51,58,66,61,62,66,61,66,46,74,66,45,47,47,66,65,68,65,14,15,13,11,14,6,División Profesional de Bolivia
J. Carvajal,Real Potosí,Colombia,29,GK,Right,183,29,55,,31,16,25,21,13,38,11,10,19,25,10,11,14,16,32,23,31,31,26,52,37,36,43,33,44,12,29,19,10,38,15,29,10,10,11,52,53,50,58,59,31,División Profesional de Bolivia
D. Sandy,Real Potosí,Bolivia,25,GK,Right,184,24,63,,38,22,33,31,23,44,22,18,21,36,13,20,25,18,35,35,34,42,37,60,49,37,47,38,50,20,38,30,16,41,21,38,21,24,18,60,58,61,64,67,40,División Profesional de Bolivia
C. Martínez,Real Potosí,Argentina,1,GK,Right,184,29,55,,34,16,22,23,14,38,12,10,18,28,10,10,11,10,24,26,37,32,31,58,36,38,45,34,43,10,31,18,10,28,17,34,12,13,10,55,51,49,56,60,35,División Profesional de Bolivia
M. Rangel,Aurora,Colombia,90,"ST, CF",Right,187,35,67,,61,70,55,67,34,68,56,73,67,54,65,64,66,58,46,72,61,61,65,66,62,67,71,64,73,66,60,30,71,59,66,72,31,29,29,9,12,7,12,12,12,División Profesional de Bolivia
A. Terrazas,Aurora,Argentina,69,"CAM, RW, ST",Right,169,27,55,,59,56,57,57,25,48,53,57,39,60,49,57,55,55,54,55,66,53,65,57,59,57,41,50,47,55,51,31,56,59,50,59,20,23,20,14,10,14,12,15,9,División Profesional de Bolivia
J. Segovia,Aurora,Bolivia,34,"RW, ST",Right,183,23,54,,60,52,52,55,24,48,58,54,42,54,50,53,47,45,50,58,63,58,57,52,50,52,45,63,46,49,37,23,51,47,51,51,23,22,14,12,11,10,11,14,11,División Profesional de Bolivia
D. Villca,Aurora,Bolivia,26,RW,Right,174,17,51,,59,48,48,55,21,42,47,46,38,48,52,59,51,47,44,53,58,59,58,47,53,52,43,53,38,49,37,21,49,51,44,46,26,14,10,7,7,9,14,12,6,División Profesional de Bolivia
S. Ferreira,Aurora,Bolivia,18,"LW, LM",Left,181,22,52,,62,45,49,54,23,43,51,40,38,51,54,52,50,42,46,57,64,60,58,55,52,49,43,52,41,49,35,15,54,48,47,52,25,24,18,15,9,14,14,14,8,División Profesional de Bolivia
R. Ramallo,Aurora,Bolivia,10,"ST, LW, LM",Right,178,35,57,,56,60,49,59,25,55,48,61,58,52,58,61,50,47,44,58,58,54,55,56,59,64,55,52,58,59,50,16,54,50,57,59,24,22,22,12,11,9,10,8,6,División Profesional de Bolivia
L. Viviani,Aurora,Bolivia,8,"RW, LW, LM",Right,174,19,59,Bolivia,62,58,56,62,28,52,60,60,45,57,55,61,58,49,48,64,64,61,63,52,64,58,53,61,50,53,44,35,63,59,53,55,26,22,26,14,8,12,15,13,14,División Profesional de Bolivia
A. Pacheco,Aurora,Bolivia,29,ST,Left,185,21,52,,50,50,38,52,19,56,35,52,51,41,58,51,42,47,33,55,53,48,51,46,46,51,57,57,59,44,46,19,53,38,50,51,18,11,11,8,15,14,12,7,10,División Profesional de Bolivia
S. Carrasco,Aurora,Bolivia,81,CDM,Right,185,19,52,,46,42,49,48,53,55,46,35,51,53,32,49,40,40,50,48,50,43,45,48,44,52,55,55,54,49,59,54,45,49,36,45,55,52,54,10,10,6,10,12,15,División Profesional de Bolivia
C. Abastoflor,Aurora,Bolivia,51,RM,Right,177,25,63,,70,59,63,66,43,56,60,60,47,65,57,67,62,59,60,66,67,72,67,60,64,60,51,64,52,56,56,43,59,66,59,59,42,43,42,8,9,7,12,7,14,División Profesional de Bolivia
E. Troncoso,Aurora,Bolivia,33,CM,Right,186,25,63,,60,57,64,62,57,63,58,54,57,69,51,61,59,55,65,64,62,59,57,64,59,60,56,68,63,64,59,54,62,63,52,57,60,56,55,13,11,14,6,8,11,División Profesional de Bolivia
M. Gonzales,Aurora,Bolivia,30,ST,Right,189,20,58,,63,58,51,52,26,63,43,60,62,56,62,52,52,45,46,52,62,63,55,54,43,56,65,55,69,53,58,18,60,55,56,54,29,18,17,10,12,6,7,7,14,División Profesional de Bolivia
A. Flores,Aurora,Bolivia,27,CM,Right,175,21,61,,59,55,63,62,52,60,59,49,52,65,46,61,61,58,68,64,59,59,62,58,58,66,55,69,55,60,60,52,60,62,58,66,52,52,52,8,11,10,9,13,10,División Profesional de Bolivia
E. Sánchez,Aurora,Bolivia,19,"CDM, CM, CAM",Right,182,34,65,,56,54,62,59,67,68,53,49,64,69,50,57,56,59,65,59,55,56,58,67,61,59,67,70,68,57,67,67,59,58,58,63,68,69,65,10,14,12,8,13,13,División Profesional de Bolivia
J. Cornejo,Aurora,Bolivia,17,"CM, CDM",Left,175,32,65,,59,60,63,65,57,65,55,56,56,64,58,62,58,66,71,65,59,59,66,69,71,63,54,64,66,68,66,61,60,66,63,68,58,55,51,7,6,9,10,9,8,División Profesional de Bolivia
L. Barro,Aurora,Argentina,16,"CDM, RB, CM",Right,179,23,51,,48,44,46,47,52,52,41,41,42,52,35,42,40,39,47,53,47,48,46,51,45,55,44,52,53,43,54,54,42,42,41,47,54,53,49,12,9,13,8,15,10,División Profesional de Bolivia
A. Amarilla,Aurora,Paraguay,5,"CM, CDM",Right,170,25,62,,60,57,62,64,55,60,62,57,48,64,50,62,62,53,61,67,63,58,66,60,61,62,51,65,60,55,58,57,58,62,56,62,54,56,56,13,14,9,14,13,10,División Profesional de Bolivia
I. Huayhuata,Aurora,Bolivia,14,"CM, CDM",Right,171,37,62,,47,57,62,64,53,57,56,53,48,68,53,60,53,58,59,68,48,47,60,67,63,60,46,65,54,63,55,59,59,63,58,64,55,50,53,7,9,13,7,6,11,División Profesional de Bolivia
H. Vaca,Aurora,Bolivia,9,RM,Right,166,28,61,,64,55,60,62,41,53,62,53,48,62,53,59,64,54,56,63,64,64,67,59,67,61,52,67,46,54,52,38,60,58,58,58,41,42,34,9,14,11,10,12,13,División Profesional de Bolivia
H. Sánchez,Aurora,Bolivia,11,CM,Left,175,29,60,,55,53,61,62,54,58,59,46,42,62,51,62,58,56,56,62,57,54,65,59,63,57,54,63,57,63,56,61,54,66,54,58,54,54,52,12,11,6,9,6,9,División Profesional de Bolivia
H. Mojica,Aurora,Colombia,20,CAM,Right,168,33,64,,63,61,66,67,39,52,60,60,46,68,61,69,68,63,61,65,65,62,71,65,67,62,48,56,52,65,49,41,62,70,55,63,37,38,33,6,15,11,14,8,15,División Profesional de Bolivia
F. Pinedo,Aurora,Argentina,13,"CAM, CM",Right,175,22,54,,57,54,57,59,28,46,54,57,41,59,51,59,59,50,55,60,59,56,56,59,57,46,42,56,44,54,39,29,62,60,46,55,28,26,18,13,12,9,7,10,14,División Profesional de Bolivia
A. Rios,Aurora,Bolivia,23,CM,Right,177,22,54,,50,52,55,55,46,54,48,52,47,61,44,58,47,48,54,55,57,45,53,56,43,57,47,59,53,50,51,47,52,55,49,55,45,48,44,11,14,15,13,12,12,División Profesional de Bolivia
M. Reyes,Aurora,Bolivia,52,"RB, LB",Right,178,24,56,,58,43,49,51,52,56,53,39,49,49,40,51,45,44,50,47,60,56,56,54,60,53,51,63,54,46,56,48,41,48,32,51,56,51,52,11,11,13,9,8,15,División Profesional de Bolivia
S. Altamirano,Aurora,Bolivia,32,RB,Right,173,20,58,,61,44,52,57,56,55,55,36,43,56,43,54,48,42,56,61,69,55,57,56,63,57,52,58,52,46,60,60,46,43,45,50,54,58,58,7,6,14,15,7,6,División Profesional de Bolivia
R. Peña,Aurora,Bolivia,22,LB,Left,170,18,51,,57,33,46,49,49,47,54,28,42,46,32,43,45,38,46,51,58,56,60,46,56,42,44,48,45,36,52,51,40,41,27,51,50,49,52,9,6,11,15,9,7,División Profesional de Bolivia
M. Ortiz,Aurora,Bolivia,21,LB,Left,174,24,61,,66,47,56,58,60,60,65,45,55,57,38,56,54,48,49,58,65,67,64,55,63,49,57,69,53,48,65,62,50,52,50,59,60,61,58,6,8,9,11,14,15,División Profesional de Bolivia
J. Córdova,Aurora,Bolivia,15,"LB, RB",Left,181,24,54,,61,38,52,51,54,51,53,33,48,64,31,48,43,37,52,52,63,60,56,52,52,52,51,62,43,35,57,56,44,37,41,49,50,58,52,8,14,11,11,15,7,División Profesional de Bolivia
I. Vidaurre,Aurora,Bolivia,4,CB,Right,178,39,63,,50,45,51,54,65,62,46,42,65,63,40,51,45,45,54,56,43,55,49,68,58,57,65,56,63,42,67,64,34,38,45,64,67,65,62,13,6,11,13,13,11,División Profesional de Bolivia
R. Barbosa,Aurora,Bolivia,3,CB,Left,175,33,56,,46,38,44,47,59,56,43,36,52,48,33,45,37,35,51,48,47,46,42,59,48,55,51,53,58,29,57,64,29,37,34,62,57,59,60,12,11,8,8,14,10,División Profesional de Bolivia
Ó. Vaca,Aurora,Bolivia,3,LB,Left,169,37,65,,64,54,62,64,64,63,66,49,60,67,47,60,54,52,58,66,63,64,66,64,74,65,59,74,57,58,67,61,54,56,54,62,60,69,68,11,8,14,7,6,12,División Profesional de Bolivia
M. Aguada,Aurora,Bolivia,2,CB,Left,187,20,53,,49,36,43,42,55,60,43,32,56,49,27,35,36,34,41,48,50,48,47,49,43,50,66,52,66,35,53,51,27,36,30,46,56,59,48,7,11,7,12,14,10,División Profesional de Bolivia
A. Rey,Aurora,Bolivia,2,CB,Right,194,32,65,,56,47,56,53,68,66,53,44,72,63,42,48,40,43,57,57,57,56,49,64,53,60,66,59,69,43,66,69,33,54,49,65,66,68,64,9,9,13,11,13,9,División Profesional de Bolivia
J. Velázquez,Aurora,Argentina,7,CB,Right,181,35,65,,53,46,55,57,71,67,51,43,68,64,41,53,47,42,58,59,56,51,55,69,54,56,71,60,69,44,68,73,40,44,46,69,68,73,71,15,8,13,13,14,8,División Profesional de Bolivia
J. Torrico,Aurora,Bolivia,6,"LB, LW, RB",Left,173,40,67,,61,55,61,67,64,65,68,54,63,61,50,66,58,52,62,68,65,57,72,65,70,63,65,74,62,50,62,63,60,57,51,65,65,65,66,7,13,11,14,11,13,División Profesional de Bolivia
M. Barba,Aurora,Bolivia,99,GK,Right,182,20,51,,30,13,22,18,11,35,11,10,13,24,10,10,10,10,26,18,29,31,27,45,38,26,38,23,45,10,24,13,10,31,13,26,10,10,11,53,52,45,54,52,31,División Profesional de Bolivia
C. Chilo Rojas,Aurora,Bolivia,61,GK,Right,184,32,56,,28,14,25,22,12,39,11,10,15,33,10,10,10,16,24,24,31,25,28,47,40,31,43,33,44,10,31,11,10,34,15,40,16,10,10,56,53,52,60,55,34,División Profesional de Bolivia
R. Cordano,Aurora,Bolivia,12,GK,Right,184,27,60,,35,18,31,27,17,44,15,11,20,38,10,14,17,17,35,29,32,38,41,56,39,41,49,34,53,15,33,19,12,41,21,39,16,13,23,57,55,52,62,60,33,División Profesional de Bolivia
J. Terrázas,Aurora,Bolivia,1,GK,Right,182,22,51,,29,14,20,20,11,30,10,10,16,20,10,10,10,10,24,25,30,29,22,47,25,30,34,22,35,10,26,14,10,34,10,34,10,10,10,53,50,48,50,52,34,División Profesional de Bolivia
D. Villalba,Nacional Potosí,Argentina,99,ST,Right,176,35,64,,56,70,57,62,29,66,57,74,63,63,65,61,58,54,45,63,59,54,58,65,65,68,60,62,71,67,61,24,70,54,66,59,26,26,23,7,13,9,6,12,12,División Profesional de Bolivia
Weslen Júnior,Nacional Potosí,Brasil,29,"RW, LW, ST",Right,175,26,63,,70,62,60,64,33,53,59,60,46,63,57,64,66,54,58,63,68,71,67,63,66,64,54,60,51,66,49,32,66,56,60,57,32,33,29,7,12,13,13,15,12,División Profesional de Bolivia
S. Peña,Nacional Potosí,Bolivia,28,"LM, RW, RM",Right,182,22,61,,68,55,60,63,42,60,61,54,49,60,54,65,60,59,56,63,69,67,61,63,60,56,54,68,59,59,55,40,55,63,54,59,48,36,39,11,9,7,14,8,13,División Profesional de Bolivia
C. Abastoflor,Nacional Potosí,Bolivia,27,"ST, CF",Right,170,24,56,,57,56,44,54,22,50,48,56,51,46,57,55,48,46,35,53,57,57,57,56,55,55,50,52,51,55,45,17,61,41,61,54,16,24,15,12,8,6,13,7,7,División Profesional de Bolivia
W. Álvarez,Nacional Potosí,Bolivia,19,ST,Right,184,31,64,,65,66,54,64,33,62,51,68,69,57,65,64,55,52,46,67,61,69,59,66,59,70,62,56,66,59,61,28,67,56,66,66,31,29,23,12,9,6,8,10,12,División Profesional de Bolivia
A. García,Nacional Potosí,Bolivia,17,"LW, LM",Right,172,24,55,,61,54,53,59,24,45,53,59,36,53,50,58,58,48,46,61,62,60,63,58,59,53,50,57,43,46,35,22,56,56,52,50,26,20,22,15,10,6,6,12,12,División Profesional de Bolivia
M. Núñez,Nacional Potosí,Argentina,10,"RW, RM, LW",Left,169,40,65,,63,62,63,68,34,57,62,63,47,67,68,71,67,53,57,63,66,61,71,65,71,63,54,70,53,59,50,32,68,64,58,67,37,27,32,7,7,13,9,10,7,División Profesional de Bolivia
T. Tobar,Nacional Potosí,Colombia,9,"ST, LW",Right,183,39,65,,57,66,56,64,32,63,55,71,71,61,63,64,59,52,46,66,61,53,59,70,61,62,63,58,68,62,59,31,67,57,63,64,28,26,28,13,8,7,8,11,12,División Profesional de Bolivia
M. Solís,Nacional Potosí,Ecuador,7,"ST, LW, LM",Right,173,32,66,,61,67,58,63,30,63,58,70,63,61,63,59,59,55,50,68,60,61,60,68,62,65,64,58,67,63,60,29,73,60,60,61,25,25,25,13,13,12,15,11,8,División Profesional de Bolivia
E. Cano,Nacional Potosí,Bolivia,77,"LM, RM",Left,177,27,62,,71,56,64,64,42,57,72,56,49,62,52,65,63,55,58,66,71,71,56,60,68,61,49,68,55,55,51,43,61,64,47,63,39,41,40,13,11,8,8,11,14,División Profesional de Bolivia
Y. Martínez,Nacional Potosí,Bolivia,30,"CM, CDM",Right,168,24,65,,66,62,64,68,58,59,62,61,56,63,53,67,60,55,71,68,67,65,73,67,71,64,56,70,54,68,59,63,60,64,59,65,51,62,58,13,9,9,13,10,15,División Profesional de Bolivia
K. Quiroz,Nacional Potosí,Bolivia,26,"CM, CAM",Right,171,21,52,,51,45,51,54,43,47,44,43,44,55,43,54,50,47,54,53,51,51,55,53,56,50,43,54,43,46,50,41,45,49,38,54,42,44,47,10,11,15,10,8,7,División Profesional de Bolivia
D. Hoyos,Nacional Potosí,Bolivia,22,"CM, CDM",Left,186,34,66,,57,62,63,66,57,68,57,61,60,62,60,64,63,56,73,69,61,54,61,71,68,63,62,73,69,65,63,59,66,67,56,70,55,58,56,6,14,9,7,13,10,División Profesional de Bolivia
P. Azogue,Nacional Potosí,Bolivia,18,"CM, CAM, CDM",Left,176,31,61,,54,56,63,64,54,58,55,51,49,67,54,64,61,54,59,64,56,53,60,64,62,58,56,62,59,64,51,54,62,70,56,65,56,54,49,9,7,9,15,13,11,División Profesional de Bolivia
J. Arce,Nacional Potosí,Bolivia,15,"CM, CAM",Right,174,20,51,,52,46,52,50,45,49,46,43,47,55,41,51,47,44,49,48,51,53,51,46,52,52,44,56,46,49,49,46,48,59,47,47,46,47,33,7,8,15,12,15,15,División Profesional de Bolivia
M. Tomianovic,Nacional Potosí,Bolivia,11,"CAM, ST",Right,167,25,63,,61,63,65,65,34,54,58,61,41,69,59,68,63,62,58,59,63,59,70,66,76,70,48,61,51,63,53,34,61,71,60,61,31,37,31,9,8,7,14,7,14,División Profesional de Bolivia
L. Pavia,Nacional Potosí,Bolivia,8,"CM, CAM",Left,170,27,60,,58,58,60,63,51,57,56,55,49,63,47,62,57,52,63,65,61,56,64,63,65,63,46,57,57,64,58,47,56,57,52,60,52,52,54,11,7,13,15,11,13,División Profesional de Bolivia
K. Bailaba,Nacional Potosí,Bolivia,34,"RB, LB",Right,174,19,50,,56,37,44,45,48,48,50,34,39,46,31,40,43,40,41,48,58,54,55,44,53,46,48,54,45,37,46,47,34,37,29,42,50,51,47,9,14,13,13,12,12,División Profesional de Bolivia
L. Demiquel,Nacional Potosí,Bolivia,33,CB,Right,185,26,53,,52,34,41,40,56,53,37,29,53,48,31,34,31,30,46,43,53,52,43,47,40,47,55,49,55,35,53,58,27,34,32,49,54,60,53,6,8,8,12,7,13,División Profesional de Bolivia
J. Orellana,Nacional Potosí,Bolivia,25,CB,Right,179,28,55,,48,34,43,44,57,57,41,27,49,51,31,38,35,34,45,50,49,47,41,50,44,52,58,51,61,36,53,63,30,33,31,53,58,56,57,7,11,8,9,6,8,División Profesional de Bolivia
Ó. Baldomar,Nacional Potosí,Bolivia,21,"RB, LB",Left,179,30,64,,73,51,60,61,60,62,58,50,57,62,44,58,55,47,66,61,72,73,66,61,71,56,64,63,61,56,62,53,45,56,42,63,65,59,63,13,14,11,12,6,12,División Profesional de Bolivia
A. Torrico,Nacional Potosí,Bolivia,16,LB,Left,176,22,66,,71,50,61,64,62,64,62,47,61,67,48,65,63,46,56,60,68,74,69,64,69,63,67,68,62,45,65,63,51,56,53,62,59,64,69,13,13,11,11,7,12,División Profesional de Bolivia
S. Álvarez,Nacional Potosí,Bolivia,5,CB,Left,189,25,61,,57,40,50,49,62,65,49,34,60,56,39,47,43,40,52,51,55,58,43,58,53,60,67,56,70,36,63,61,29,44,39,55,61,66,62,10,9,6,15,14,7,División Profesional de Bolivia
A. Patzi,Nacional Potosí,Bolivia,4,LB,Right,179,22,61,,68,48,58,59,58,59,61,43,55,60,45,57,49,50,58,60,66,70,63,60,62,57,61,61,59,49,56,54,53,54,46,59,58,61,61,11,8,10,14,15,7,División Profesional de Bolivia
N. Amarilla,Nacional Potosí,Paraguay,3,CB,Left,181,39,62,,47,42,53,55,64,64,47,36,60,61,39,51,42,44,53,58,50,45,52,64,51,59,66,59,67,42,60,68,36,48,44,61,69,60,58,12,13,9,11,9,14,División Profesional de Bolivia
R. Ávila,Nacional Potosí,Bolivia,2,CB,Left,178,31,55,,44,34,46,45,57,54,38,29,56,56,30,39,37,33,48,48,42,45,48,50,51,44,51,48,56,38,58,53,29,43,38,62,58,61,54,13,15,13,7,15,14,División Profesional de Bolivia
J. Mejía,Nacional Potosí,Bolivia,31,GK,Right,178,24,55,,26,16,24,21,15,38,10,10,13,32,10,11,10,12,20,23,27,26,27,48,36,35,40,32,43,10,33,19,13,31,18,32,11,16,14,60,56,49,53,56,35,División Profesional de Bolivia
P. Galindo,Nacional Potosí,Bolivia,23,GK,Right,180,31,64,,34,24,31,30,21,48,18,20,22,35,14,19,19,21,36,32,32,35,38,63,41,46,51,42,58,15,32,24,16,38,25,48,19,20,21,62,63,55,65,62,42,División Profesional de Bolivia
R. Saigua,Nacional Potosí,Bolivia,12,GK,Right,182,21,52,,27,14,23,20,11,35,10,10,12,29,10,10,10,13,23,22,28,27,27,47,27,31,41,26,43,10,25,13,10,30,10,29,10,10,10,48,51,49,48,53,26,División Profesional de Bolivia
E. Arauz,Nacional Potosí,Bolivia,1,GK,Right,175,36,66,,30,23,33,32,22,51,16,13,21,39,16,20,25,19,37,35,32,29,42,68,40,44,54,43,57,25,46,28,15,42,31,49,18,23,17,67,66,60,70,64,43,División Profesional de Bolivia
S. Suárez,Always Ready,Bolivia,55,RW,Right,171,17,48,,59,46,45,52,18,40,45,47,31,45,45,53,50,37,36,51,58,59,55,40,55,45,33,45,41,46,34,17,50,51,46,46,18,15,13,9,8,15,11,10,15,División Profesional de Bolivia
N. Cabrera,Always Ready,Bolivia,44,RW,Right,182,16,51,,58,50,48,56,22,47,50,49,43,51,46,60,47,42,44,55,59,58,56,44,54,54,45,55,47,49,37,17,59,47,48,47,20,20,19,14,11,12,8,7,10,División Profesional de Bolivia
C. Collazo,Always Ready,Bolivia,33,"LW, CAM",Right,172,17,51,,58,48,48,52,21,42,45,49,38,50,45,52,56,46,43,53,59,57,55,48,54,49,38,51,39,45,37,21,56,50,46,42,22,16,12,12,15,12,7,8,7,División Profesional de Bolivia
C. Algarañaz,Always Ready,Bolivia,24,ST,Right,176,30,63,,64,62,54,62,30,61,52,65,63,56,62,59,53,54,51,64,65,63,63,65,58,61,66,60,63,56,57,25,67,54,66,68,31,25,23,9,11,7,12,9,11,División Profesional de Bolivia
J. Godoy,Always Ready,Bolivia,23,ST,Right,171,33,66,,57,67,56,65,30,64,52,70,62,63,66,61,53,57,45,68,58,57,65,75,68,71,63,65,66,55,58,28,69,57,67,64,28,23,25,11,13,13,13,8,9,División Profesional de Bolivia
J. Maraude,Always Ready,Bolivia,10,"LW, CAM",Left,165,18,51,Bolivia,61,51,50,54,19,44,51,52,29,54,53,55,51,42,39,52,63,59,57,50,61,50,35,54,40,49,43,24,53,52,46,47,17,16,16,14,8,9,7,12,12,División Profesional de Bolivia
E. Triverio,Always Ready,Argentina,9,"ST, LW",Right,184,37,68,,65,70,59,70,34,65,55,73,77,62,68,68,60,54,53,71,69,61,71,72,66,68,66,62,68,64,61,28,69,64,74,74,30,28,28,13,7,12,14,7,7,División Profesional de Bolivia
J. Amoroso,Always Ready,Argentina,7,"RW, RM",Right,185,38,66,,63,62,65,70,36,64,67,64,59,64,63,72,67,66,64,70,59,66,67,69,68,62,55,65,68,56,54,33,68,66,67,64,34,32,33,12,9,14,8,15,13,División Profesional de Bolivia
S. Mamani,Always Ready,Bolivia,43,"RW, ST",Left,184,16,48,,59,47,44,53,15,41,50,46,38,41,40,53,47,45,37,55,58,59,50,43,51,47,39,50,40,47,33,13,55,47,46,51,15,10,10,15,7,12,13,15,13,División Profesional de Bolivia
S. Cuestas,Always Ready,Bolivia,38,CB,Left,187,18,49,,45,30,40,39,50,50,38,25,46,48,23,37,28,29,44,41,41,48,37,39,40,44,53,48,51,32,51,47,23,31,28,49,50,55,49,15,10,8,15,8,9,División Profesional de Bolivia
R. Pérez,Always Ready,Bolivia,34,RM,Right,171,16,49,,60,43,46,54,30,45,48,41,35,47,41,56,47,42,48,52,61,60,57,44,57,49,38,54,42,42,41,30,48,44,46,47,33,27,28,14,9,10,14,12,10,División Profesional de Bolivia
Ramon,Always Ready,Brasil,29,"CAM, CM",Right,173,29,59,,60,57,60,65,32,51,54,59,46,63,55,66,60,51,57,66,61,59,64,54,63,53,47,60,48,58,49,30,56,67,57,57,30,32,23,11,9,15,15,9,7,División Profesional de Bolivia
F. Saucedo,Always Ready,Bolivia,20,"CAM, CDM, CM",Left,174,36,65,,60,63,66,68,34,57,64,62,47,67,59,69,67,65,63,68,59,60,64,59,68,63,55,63,54,63,56,39,67,69,65,70,31,31,32,12,12,15,10,7,10,División Profesional de Bolivia
D. Torrico,Always Ready,Bolivia,19,"CAM, RW, CDM",Left,165,25,64,,66,62,64,69,38,54,63,58,48,62,62,66,69,51,66,74,72,62,71,64,69,67,50,63,51,66,51,36,64,69,65,67,39,34,38,14,12,7,9,6,12,División Profesional de Bolivia
J. Uzeda,Always Ready,Bolivia,11,"CAM, CM",Left,175,24,62,,62,62,63,66,34,52,65,63,44,66,55,66,67,56,56,67,62,62,67,66,68,61,54,64,47,62,50,38,61,63,64,62,27,34,34,15,12,6,11,9,9,División Profesional de Bolivia
P. Lima,Always Ready,Bolivia,6,"CDM, CAM, CM",Right,163,26,56,,48,50,53,54,55,56,48,49,46,58,40,53,47,47,57,52,49,48,55,60,60,55,47,62,53,49,60,54,49,50,47,56,57,58,54,10,11,12,13,6,9,División Profesional de Bolivia
Á. Quiroga,Always Ready,Bolivia,5,"CDM, CM",Right,176,31,64,,56,57,61,62,68,65,52,56,60,66,43,58,53,57,64,65,57,55,61,63,62,60,61,70,62,60,68,73,53,64,54,70,61,73,69,9,7,11,9,11,10,División Profesional de Bolivia
N. Mamani,Always Ready,Bolivia,55,CB,Right,190,17,50,,45,30,39,35,53,54,36,26,54,43,24,29,31,32,43,40,42,47,34,49,38,44,57,49,59,29,49,51,30,38,29,42,56,50,55,13,11,12,9,14,11,División Profesional de Bolivia
S. Somoya,Always Ready,Bolivia,53,"LB, RB",Right,175,17,49,,56,34,46,49,48,48,48,29,38,50,35,47,44,34,46,51,57,56,57,43,55,46,46,54,43,33,51,45,38,38,31,38,50,50,49,13,14,12,15,10,9,División Profesional de Bolivia
M. Cuellar,Always Ready,Bolivia,52,"RB, RM",Right,173,17,54,,60,40,47,52,52,55,49,36,46,47,39,50,50,40,49,52,63,58,63,44,57,47,48,60,53,42,54,56,39,43,37,48,47,55,54,10,14,7,13,8,9,División Profesional de Bolivia
M. Rodríguez,Always Ready,Bolivia,46,CB,Left,180,15,52,,52,32,42,41,56,54,42,24,55,48,27,36,28,34,51,43,52,52,42,47,44,48,49,49,56,36,54,59,26,32,31,47,56,55,56,11,12,7,13,14,9,División Profesional de Bolivia
A. Huanaco,Always Ready,Bolivia,31,LB,Left,172,15,51,,59,37,47,47,50,49,48,33,46,49,37,45,43,35,47,49,58,60,46,45,55,49,49,56,44,36,54,52,40,46,34,43,49,52,52,13,15,10,11,14,8,División Profesional de Bolivia
E. Restrepo,Always Ready,Colombia,26,"CB, LB",Right,177,29,60,,54,41,46,51,64,61,42,37,56,54,37,51,42,42,46,48,52,55,47,66,53,54,64,57,62,39,63,68,35,39,40,55,63,66,61,12,15,15,9,8,12,División Profesional de Bolivia
R. Gómez,Always Ready,Bolivia,22,"CB, RB",Right,175,27,61,Bolivia,56,41,48,54,63,60,43,34,59,52,32,48,46,40,55,60,54,58,49,66,57,63,65,55,61,40,63,65,35,42,41,57,58,67,70,14,14,15,6,9,11,División Profesional de Bolivia
A. Rambal,Always Ready,Colombia,21,CB,Left,183,34,67,,61,48,58,55,70,68,54,44,67,63,42,48,50,49,63,58,57,64,59,64,57,61,71,69,65,45,73,76,44,52,46,69,69,66,71,13,11,8,7,6,9,División Profesional de Bolivia
C. Rodriguez,Always Ready,Bolivia,18,"RB, RW",Right,164,21,62,,69,49,56,60,59,56,66,48,49,55,43,59,53,48,58,57,70,68,71,59,70,58,46,69,51,45,57,62,48,49,47,61,61,58,59,15,14,6,6,7,14,División Profesional de Bolivia
C. Medina,Always Ready,Bolivia,14,"LB, RB",Left,170,21,52,,58,41,49,50,49,45,53,40,39,50,38,48,41,45,46,51,57,59,55,50,61,45,43,56,40,43,44,50,40,48,38,45,48,52,51,12,6,11,12,10,15,División Profesional de Bolivia
N. Villarroel,Always Ready,Bolivia,4,"CB, RB",Right,182,19,50,,49,33,37,41,53,53,34,28,53,45,24,36,28,25,38,45,46,51,39,47,42,48,51,48,54,33,55,56,29,30,26,41,49,56,51,14,15,8,6,8,12,División Profesional de Bolivia
J. Herrera,Always Ready,Bolivia,2,"CB, CDM",Right,180,23,55,,54,35,44,48,58,56,37,29,55,56,34,43,31,31,50,51,55,54,42,56,51,53,60,49,58,31,60,57,33,34,31,59,58,57,62,8,11,6,8,7,10,División Profesional de Bolivia
E. Rodriguez,Always Ready,Bolivia,99,GK,Right,181,22,53,,25,15,23,20,11,34,10,10,10,27,10,11,10,10,24,21,23,27,25,49,35,33,37,28,39,10,27,16,10,33,13,36,10,10,10,50,51,49,51,55,30,División Profesional de Bolivia
R. Taborga,Always Ready,Bolivia,30,GK,Right,177,17,52,,27,15,22,20,12,36,10,10,13,28,10,10,10,10,26,23,23,30,28,42,27,32,37,27,43,11,29,17,10,28,16,28,10,10,10,54,50,45,55,53,31,División Profesional de Bolivia
N. Salazar,Always Ready,Bolivia,13,GK,Right,185,27,56,,34,15,27,23,16,40,13,10,22,33,10,13,13,15,28,25,37,31,27,51,39,33,44,31,47,11,31,25,10,37,21,34,12,11,15,56,52,53,59,57,28,División Profesional de Bolivia
S. Mustafá,Always Ready,Bolivia,12,GK,Right,187,36,63,,32,20,32,28,20,46,19,12,24,39,12,18,13,16,33,28,29,34,36,63,48,45,48,40,52,13,37,28,16,41,26,45,17,16,22,67,68,58,62,67,40,División Profesional de Bolivia
A. Baroja,Always Ready,Venezuela,1,GK,Right,184,36,63,,33,20,32,31,20,46,19,10,28,39,12,18,18,22,33,34,30,35,40,64,39,46,52,32,57,16,36,30,16,39,26,46,15,20,12,64,60,61,66,65,39,División Profesional de Bolivia
Pachu,The Strongest,Brasil,99,ST,Right,185,30,65,,70,66,54,66,33,67,54,69,62,56,66,67,59,57,50,66,72,69,65,68,62,64,69,61,72,61,60,36,73,51,66,69,32,27,18,12,8,8,12,8,9,División Profesional de Bolivia
P. Espíritu,The Strongest,Bolivia,37,ST,Right,177,19,54,,60,55,44,55,20,51,41,59,53,50,52,53,48,39,40,58,61,60,53,51,55,54,53,46,54,45,49,20,58,40,56,50,15,17,12,12,10,6,8,6,10,División Profesional de Bolivia
J. Cuellar,The Strongest,Bolivia,31,"LW, ST, LM",Left,179,19,51,,61,49,50,53,23,43,54,47,40,54,44,51,46,44,40,55,60,62,58,52,54,55,43,54,40,48,36,24,51,51,45,51,22,20,14,12,13,15,11,11,15,División Profesional de Bolivia
G. Sotomayor,The Strongest,Bolivia,26,"ST, LW",Right,175,27,64,,65,67,52,64,30,64,50,67,61,56,66,64,55,53,45,64,62,67,62,69,63,73,65,64,66,61,58,24,70,52,67,63,28,29,24,7,14,7,12,11,12,División Profesional de Bolivia
A. Estacio,The Strongest,Colombia,17,"RW, RM",Right,178,28,64,,72,62,64,65,33,59,67,63,49,64,60,66,67,58,59,63,75,70,71,62,73,59,56,66,58,64,52,34,67,63,59,55,35,26,30,13,6,9,8,13,11,División Profesional de Bolivia
D. Lom,The Strongest,Guatemala,14,"ST, CF",Right,184,29,57,Guatemala,60,62,48,55,24,56,49,67,62,50,59,51,53,50,43,58,63,57,53,64,55,62,59,51,63,53,46,25,62,43,61,56,19,17,15,6,9,8,10,10,12,División Profesional de Bolivia
C. Ventura,The Strongest,República Dominicana,9,"LW, RW, ST",Left,182,29,54,,58,53,53,56,20,45,54,55,36,53,48,59,54,49,41,51,60,57,59,59,55,51,48,48,45,50,39,18,54,60,57,55,20,18,17,13,7,11,12,8,14,División Profesional de Bolivia
R. Ribertt,The Strongest,Bolivia,36,"LM, RM",Left,169,20,54,,62,48,53,55,34,48,58,46,38,55,46,58,56,41,48,52,61,62,58,45,58,50,46,54,45,50,48,34,52,50,49,46,32,36,31,6,7,7,12,14,14,División Profesional de Bolivia
G. Buezo,The Strongest,Bolivia,35,"CM, CDM",Right,174,22,55,,54,50,57,56,47,50,56,45,50,61,48,57,49,43,53,53,55,53,57,53,62,58,44,56,49,56,48,52,50,59,45,54,40,48,48,7,6,6,15,8,9,División Profesional de Bolivia
S. Melgar,The Strongest,Bolivia,34,"ST, CF",Right,180,21,61,,67,63,50,58,24,60,49,64,56,52,60,55,51,52,44,61,68,67,56,65,58,65,59,60,62,57,54,23,67,51,61,64,18,20,20,13,7,12,14,15,6,División Profesional de Bolivia
J. Arrascaita,The Strongest,Bolivia,30,"CAM, CM, CDM",Right,175,33,66,,62,66,67,69,40,56,61,65,52,69,64,67,68,64,67,72,64,60,69,70,64,66,50,63,54,68,52,38,68,72,57,74,35,42,37,12,13,11,9,13,12,División Profesional de Bolivia
J. Michel,The Strongest,Bolivia,25,"CDM, CB",Right,175,18,52,,48,40,48,47,53,54,42,35,43,49,36,49,42,48,47,44,49,47,50,50,50,47,50,55,53,47,57,55,43,54,38,44,52,56,55,13,15,10,10,11,9,División Profesional de Bolivia
V. Cuellar,The Strongest,Bolivia,16,CM,Right,174,26,62,,58,56,64,63,56,60,58,52,54,68,55,64,59,59,61,62,59,57,62,63,65,61,52,67,57,57,59,53,58,68,57,63,55,60,53,9,9,7,8,15,11,División Profesional de Bolivia
S. Arce,The Strongest,Bolivia,15,"CDM, CM",Right,183,26,62,,56,50,59,57,66,65,51,43,62,60,51,57,51,53,68,57,55,57,52,67,55,61,61,71,61,55,67,68,53,60,53,61,63,69,66,11,15,10,10,6,7,División Profesional de Bolivia
R. Castro,The Strongest,Bolivia,10,"CM, CDM, CAM",Right,181,37,65,,55,60,66,64,56,61,62,60,57,68,53,62,59,57,63,67,53,57,62,71,63,63,56,68,59,58,60,61,64,71,62,65,55,54,55,14,10,6,10,11,15,División Profesional de Bolivia
K. Salvatierra,The Strongest,Bolivia,8,"CAM, ST, CDM",Right,183,25,61,,63,61,62,65,33,51,60,60,51,62,62,66,64,56,60,68,64,63,56,62,63,61,50,60,47,63,48,40,64,64,59,66,25,31,28,8,12,14,6,12,15,División Profesional de Bolivia
J. Welch,The Strongest,Panamá,6,"CDM, CM",Left,186,26,61,,55,51,58,58,63,69,51,47,57,63,48,58,45,46,63,59,54,55,53,67,55,55,59,68,72,56,67,58,56,61,51,60,63,69,65,15,14,7,12,10,10,División Profesional de Bolivia
Y. Portuncho,The Strongest,Bolivia,29,"LB, LM",Left,185,20,51,,59,40,46,46,50,54,47,39,48,49,31,42,48,34,48,50,56,62,50,47,48,49,49,53,57,38,47,53,36,43,36,44,50,49,50,13,9,7,15,10,11,División Profesional de Bolivia
D. Saavedra,The Strongest,Bolivia,27,RB,Left,177,20,53,,61,39,48,50,52,50,52,39,45,50,32,49,38,37,49,49,62,60,54,42,56,41,44,56,48,37,51,54,41,44,39,50,49,52,59,12,11,14,10,12,15,División Profesional de Bolivia
W. Saucedo,The Strongest,Bolivia,22,RB,Right,171,29,60,,65,47,54,56,57,59,57,44,52,54,41,55,56,50,54,54,63,66,60,61,61,57,51,64,56,47,64,56,47,52,47,56,59,56,61,6,8,6,10,11,6,División Profesional de Bolivia
F. Quaglio,The Strongest,Bolivia,21,"LB, LW",Left,172,23,63,,66,51,58,61,64,65,66,49,55,59,43,58,53,52,58,60,65,67,70,60,69,57,59,74,64,51,60,64,50,52,49,58,64,66,63,14,11,13,6,8,14,División Profesional de Bolivia
C. Roca,The Strongest,Bolivia,19,LB,Right,168,29,63,,67,47,60,64,60,60,62,45,54,62,44,65,55,52,66,62,65,69,68,60,71,54,59,66,57,44,59,56,49,52,48,60,59,66,64,14,7,9,8,6,14,División Profesional de Bolivia
K. Romay,The Strongest,Bolivia,7,"LB, RB",Right,176,32,59,,61,42,55,57,57,56,55,38,50,63,37,58,54,46,52,52,61,61,61,61,60,53,53,66,51,42,59,55,45,48,42,60,60,58,59,6,6,7,9,11,15,División Profesional de Bolivia
A. Jusino,The Strongest,Bolivia,5,CB,Right,186,34,65,,56,43,52,53,66,69,51,39,71,58,38,44,42,43,56,58,56,56,54,63,56,54,71,65,70,44,70,67,38,44,44,70,67,66,61,13,10,6,8,13,12,División Profesional de Bolivia
M. Chiatti,The Strongest,Argentina,4,CB,Right,185,33,64,,57,47,52,52,68,67,46,47,68,61,38,45,44,44,58,57,58,56,55,66,50,56,65,64,71,43,62,67,39,44,43,63,72,66,63,7,14,13,14,11,7,División Profesional de Bolivia
P. Pedraza,The Strongest,Bolivia,3,"CB, RB",Right,189,31,63,,57,43,53,51,64,64,50,37,68,58,38,46,43,49,58,56,55,59,46,61,52,58,63,61,66,42,65,65,41,48,43,63,66,63,60,9,14,11,9,9,9,División Profesional de Bolivia
K. Mendoza,The Strongest,Bolivia,33,GK,Right,191,20,53,,27,14,20,20,13,38,10,10,11,21,10,10,10,10,29,21,26,28,29,50,32,31,40,26,48,10,28,18,10,26,13,28,10,13,10,52,52,47,56,57,35,División Profesional de Bolivia
S. Arismendi,The Strongest,Bolivia,23,GK,Left,184,21,52,,25,14,19,20,12,35,10,10,13,25,10,10,10,10,19,21,27,24,24,48,35,31,39,26,43,10,25,16,10,21,13,37,10,10,10,53,52,48,54,60,32,División Profesional de Bolivia
D. Valdivia,The Strongest,Bolivia,12,GK,Right,189,25,61,,37,20,28,28,19,43,12,10,19,33,14,20,16,12,37,27,39,36,34,54,46,41,51,32,51,24,36,29,10,34,17,41,17,14,16,60,64,52,57,62,34,División Profesional de Bolivia
R. Banegas,The Strongest,Bolivia,1,GK,Right,186,30,62,Bolivia,36,21,33,28,22,46,18,15,26,40,10,15,22,19,35,31,37,35,37,59,38,43,53,39,50,19,42,27,12,41,22,43,19,20,22,62,58,57,59,64,38,División Profesional de Bolivia
D. Batallini,Bolívar,Argentina,99,"ST, LW",Left,174,30,64,,69,67,54,62,32,61,53,66,66,60,65,59,57,54,49,62,67,71,65,72,64,68,57,64,61,68,58,29,78,50,59,66,31,26,27,9,15,10,14,10,8,División Profesional de Bolivia
D. Romero,Bolívar,República Dominicana,77,"ST, RW, RM",Right,173,28,56,República Dominicana,54,58,46,52,23,54,45,57,50,48,54,49,52,48,34,51,55,54,57,57,54,61,53,48,57,56,53,17,60,50,59,57,23,18,19,9,13,12,12,10,10,División Profesional de Bolivia
D. Asprilla,Bolívar,Colombia,27,ST,Right,180,34,66,,68,69,59,66,33,66,55,71,64,67,68,64,65,55,47,69,66,69,66,69,61,72,67,60,71,62,61,27,68,58,64,67,34,27,30,6,13,13,6,8,8,División Profesional de Bolivia
L. Chávez,Bolívar,Bolivia,19,"ST, CAM",Right,167,23,55,,56,55,44,55,19,52,37,55,44,50,55,58,52,48,34,52,53,59,52,55,60,61,54,56,50,50,52,22,60,47,53,59,18,12,10,10,9,7,10,8,9,División Profesional de Bolivia
B. Miranda,Bolívar,Bolivia,11,"ST, LW",Right,178,28,68,,65,68,58,67,34,66,52,70,62,59,66,65,63,57,56,68,62,68,67,72,66,70,69,67,66,60,63,33,73,64,71,66,28,33,30,8,13,12,12,6,7,División Profesional de Bolivia
M. Cauteruccio,Bolívar,Uruguay,9,ST,Right,179,39,68,,61,69,59,67,34,70,57,71,63,61,72,68,65,53,53,67,62,60,64,67,65,66,72,67,72,69,66,34,67,61,66,73,31,29,31,14,15,9,14,6,7,División Profesional de Bolivia
C. Melgar,Bolívar,Bolivia,80,"CM, CAM, CDM",Right,170,31,66,Bolivia,63,58,66,67,60,65,63,55,56,68,60,68,64,59,71,65,61,65,68,73,67,59,54,65,67,61,63,59,63,66,59,71,62,61,55,13,6,7,11,15,6,División Profesional de Bolivia
E. Saavedra,Bolívar,Bolivia,26,"CM, CAM, RB",Right,173,30,63,,58,61,64,64,54,58,60,59,53,70,53,64,62,55,66,63,62,55,67,63,64,63,57,64,55,64,59,58,61,61,59,58,51,54,55,11,11,14,10,13,13,División Profesional de Bolivia
M. Galindo,Bolívar,Bolivia,24,"CM, CDM",Left,175,20,59,,58,54,58,59,52,56,54,52,50,59,52,59,53,53,60,62,59,57,56,57,56,55,50,61,55,60,56,47,60,62,45,58,51,58,47,8,12,10,8,6,13,División Profesional de Bolivia
L. Justiniano,Bolívar,Bolivia,23,"CM, CDM",Right,172,34,65,,54,61,66,65,58,58,59,59,54,71,54,63,62,63,68,67,55,54,64,72,65,63,52,67,52,64,61,64,61,65,61,67,60,55,51,7,13,14,14,9,12,División Profesional de Bolivia
A. Ayhuana,Bolívar,Bolivia,22,"CM, CDM",Right,172,20,50,,47,48,51,49,43,48,47,47,42,58,42,47,45,44,50,49,53,42,52,49,56,50,47,54,46,49,44,47,47,46,43,49,45,41,40,6,9,10,6,12,15,División Profesional de Bolivia
J. Velásquez,Bolívar,Bolivia,21,"RM, RW, LM",Right,162,23,65,,68,60,62,70,49,58,61,60,43,62,51,70,65,57,61,68,66,69,75,67,80,62,55,71,53,59,55,52,64,65,56,64,46,50,52,15,11,9,14,13,14,División Profesional de Bolivia
C. Sejas,Bolívar,Bolivia,20,"CM, CDM",Right,174,22,64,,61,59,65,65,57,61,61,58,55,68,58,61,61,58,71,69,60,62,63,66,68,59,52,65,61,63,59,59,55,60,57,68,55,57,59,13,14,12,8,6,12,División Profesional de Bolivia
P. Rodríguez,Bolívar,Argentina,17,"LM, LW, ST",Left,172,36,67,,64,63,68,70,45,66,69,65,48,70,57,67,69,61,62,74,65,63,70,66,73,62,54,72,67,62,58,45,63,70,59,59,43,46,45,7,6,9,10,6,11,División Profesional de Bolivia
R. Matheus,Bolívar,Bolivia,14,"CM, CAM, RM",Right,174,24,53,Bolivia,52,46,53,50,44,49,43,39,41,57,47,47,51,50,61,52,57,47,51,54,51,55,42,58,45,52,49,45,47,52,48,52,45,43,40,6,10,6,6,11,8,División Profesional de Bolivia
B. Arce,Bolívar,Ecuador,10,"ST, LM",Right,180,28,63,,67,66,55,64,27,62,55,70,59,59,67,65,56,53,45,62,65,69,64,62,64,63,64,58,66,61,56,25,67,57,60,66,28,20,17,8,9,10,14,10,14,División Profesional de Bolivia
J. García,Bolívar,Bolivia,7,"LM, LW",Left,170,26,63,,67,57,63,66,40,61,70,54,44,68,60,70,63,57,56,61,67,67,71,57,70,65,53,64,61,58,57,42,56,56,54,64,38,42,36,12,10,14,6,10,13,División Profesional de Bolivia
E. Vaca,Bolívar,Bolivia,6,"CM, LB, CDM",Right,176,22,64,,63,59,65,66,57,60,60,56,55,66,56,63,61,59,67,71,62,64,60,63,65,64,53,69,56,62,60,62,58,68,59,63,54,59,52,15,8,12,10,8,7,División Profesional de Bolivia
E. Freita,Bolívar,Bolivia,35,"RB, LB, CB",Right,180,19,50,,55,34,46,45,49,49,44,29,42,51,32,39,40,38,45,51,54,56,48,41,45,44,48,53,47,31,47,47,38,45,40,41,49,51,52,10,9,8,7,10,10,División Profesional de Bolivia
F. Mena,Bolívar,Bolivia,33,CB,Right,182,18,53,,53,34,42,42,55,54,39,29,55,51,37,38,32,39,45,46,56,51,36,50,43,50,51,47,56,30,58,56,30,32,34,48,53,57,57,13,14,11,6,13,8,División Profesional de Bolivia
H. Butrón,Bolívar,Bolivia,31,"LB, RB",Left,177,20,55,,62,38,52,51,53,54,55,32,47,54,35,49,44,39,49,51,58,65,56,52,57,47,46,63,52,42,49,49,46,51,37,55,54,58,52,14,8,12,15,9,10,División Profesional de Bolivia
L. Zabala,Bolívar,Bolivia,16,"CB, RB",Right,188,24,62,,54,42,48,51,65,63,47,37,67,53,35,44,46,36,54,58,54,54,44,65,44,57,64,57,67,43,61,66,38,37,36,62,68,60,66,7,12,15,11,11,11,División Profesional de Bolivia
L. Paz,Bolívar,Bolivia,8,"RB, LB",Right,167,22,61,,64,48,55,58,58,58,61,44,54,56,48,57,55,43,57,56,65,64,65,55,69,55,53,65,55,47,58,59,51,50,50,55,56,61,60,11,10,9,10,11,12,División Profesional de Bolivia
S. Echeverría,Bolívar,Argentina,5,CB,Left,187,36,66,,52,47,54,55,70,67,52,44,69,59,38,54,49,50,58,55,52,52,52,65,56,61,74,66,63,42,75,73,43,49,48,64,69,71,67,8,13,13,13,10,8,División Profesional de Bolivia
J. Sagredo,Bolívar,Bolivia,4,"LB, CB",Left,179,32,65,,68,52,62,61,62,62,67,50,59,66,48,60,54,49,59,58,65,70,66,65,63,58,62,65,60,52,62,62,54,58,48,68,59,66,67,14,6,8,7,13,12,División Profesional de Bolivia
X. Arreaga,Bolívar,Ecuador,3,"CB, RB",Left,184,32,69,,65,51,57,58,71,68,55,49,73,64,44,54,54,51,64,57,61,68,59,76,57,60,69,65,67,50,73,68,47,46,46,69,72,74,65,10,14,13,12,8,10,División Profesional de Bolivia
J. Sagredo,Bolívar,Bolivia,2,"RB, CB, LB",Right,180,32,54,,54,39,49,52,52,50,55,34,46,49,30,47,40,37,52,54,54,54,58,55,57,48,53,58,46,42,47,55,38,47,37,53,55,50,52,13,7,11,13,6,13,División Profesional de Bolivia
L. Hidalgo,Bolívar,Bolivia,25,GK,Right,197,20,52,,30,13,22,20,11,37,10,10,12,28,10,10,10,10,23,23,32,28,31,44,27,26,37,32,44,11,28,13,10,28,11,29,10,10,11,52,57,47,43,53,30,División Profesional de Bolivia
D. Méndez,Bolívar,Bolivia,25,GK,Right,174,36,65,,33,23,35,30,20,46,21,17,24,42,19,21,25,20,39,30,32,34,36,60,45,42,55,40,52,20,36,25,18,38,23,45,13,25,16,64,65,62,68,64,44,División Profesional de Bolivia
C. Lampe,Bolívar,Bolivia,1,GK,Right,192,39,66,,34,23,38,33,23,50,27,12,26,41,18,22,28,19,42,34,36,33,41,60,45,48,51,41,59,25,38,28,15,46,24,53,21,22,21,69,66,63,67,69,47,División Profesional de Bolivia
