short_name,club_name,nationality_name,club_jersey_number,player_positions,preferred_foot,height_cm,age,overall,seleccion,pace,shooting,passing,dribbling,defending,physic,attacking_crossing,attacking_finishing,attacking_heading_accuracy,attacking_short_passing,attacking_volleys,skill_dribbling,skill_curve,skill_fk_accuracy,skill_long_passing,skill_ball_control,movement_acceleration,movement_sprint_speed,movement_agility,movement_reactions,movement_balance,power_shot_power,power_jumping,power_stamina,power_strength,power_long_shots,mentality_aggression,mentality_interceptions,mentality_positioning,mentality_vision,mentality_penalties,mentality_composure,defending_marking_awareness,defending_standing_tackle,defending_sliding_tackle,goalkeeping_diving,goalkeeping_handling,goalkeeping_kicking,goalkeeping_positioning,goalkeeping_reflexes,goalkeeping_speed,league_name
Carlos Miguel,SE Palmeiras,Brasil,1,GK,Left,204,27,77,,52,36,46,45,34,59,37,28,32,50,27,33,27,34,49,49,50,54,56,77,50,60,64,46,68,35,51,39,24,55,34,56,32,36,30,76,77,75,78,79,56,Brasileirao Serie A
Marcelo Lomba,SE Palmeiras,Brasil,14,GK,Right,189,39,62,,26,19,31,29,18,46,19,12,16,39,14,15,15,11,33,34,25,27,38,60,43,40,53,31,55,16,43,27,12,36,21,46,17,16,16,62,63,51,64,62,37,Brasileirao Serie A
Bruno Bertinato,SE Palmeiras,Brasil,21,GK,Left,194,28,65,,39,23,35,31,24,48,23,11,26,42,24,19,16,22,36,33,38,40,42,59,53,49,48,45,52,26,43,30,16,42,21,46,23,20,23,69,61,57,65,66,41,Brasileirao Serie A
Murilo,SE Palmeiras,Brasil,26,"CB, CDM",Right,188,29,72,,68,52,62,61,75,74,60,45,75,71,48,59,51,47,60,63,70,67,57,66,63,66,76,65,79,54,73,78,49,54,51,65,70,79,72,11,14,7,11,11,9,Brasileirao Serie A
A. Barboza,SE Palmeiras,Uruguay,2,"CB, CDM",Left,193,31,77,,71,57,64,63,80,81,60,50,77,68,51,56,62,56,72,66,70,72,63,71,68,73,82,77,83,58,79,78,53,56,60,80,79,82,79,13,10,9,14,10,11,Brasileirao Serie A
Bruno Fuchs,SE Palmeiras,Brasil,3,"CB, RB",Right,190,27,72,,67,52,60,62,76,74,56,49,81,65,49,60,51,52,67,62,63,71,60,77,56,65,77,68,77,48,74,78,49,54,50,67,71,77,75,8,12,13,13,12,12,Brasileirao Serie A
Luis Benedetti,SE Palmeiras,Brasil,43,"CB, CDM",Left,197,20,67,,66,46,53,56,73,72,49,40,77,63,40,55,50,47,54,57,61,70,52,58,51,60,75,63,76,48,74,70,38,42,45,66,73,74,71,7,6,14,10,15,12,Brasileirao Serie A
G. Gómez,SE Palmeiras,Paraguay,15,CB,Right,185,33,76,Paraguay,67,58,64,67,80,75,64,56,77,71,51,61,57,55,68,71,65,68,65,79,72,69,79,72,76,56,77,78,48,55,58,78,82,81,77,8,13,9,14,14,15,Brasileirao Serie A
J. Piquerez,SE Palmeiras,Uruguay,22,LB,Left,185,28,76,Uruguay,80,59,70,72,74,76,70,52,67,71,63,71,72,65,74,73,79,80,68,77,73,69,83,85,75,61,67,75,62,66,62,69,75,76,70,12,6,10,8,8,6,Brasileirao Serie A
Jefté,SE Palmeiras,Brasil,6,LB,Left,183,22,69,,72,53,65,67,69,67,71,48,62,67,53,65,62,60,68,68,75,70,73,66,69,66,66,75,64,52,66,66,60,56,52,66,77,65,72,8,11,15,8,12,8,Brasileirao Serie A
Arthur Gabriel,SE Palmeiras,Brasil,56,LB,Left,177,21,68,,70,54,61,62,63,71,60,49,61,65,52,61,59,58,59,60,71,70,68,70,69,66,64,77,70,52,66,59,57,58,55,64,68,62,65,15,8,11,13,15,6,Brasileirao Serie A
A. Giay,SE Palmeiras,Argentina,4,RB,Right,180,22,77,Argentina,79,63,73,75,74,78,78,61,65,78,59,77,68,60,71,73,78,79,75,77,75,68,77,83,76,67,76,71,63,65,56,71,74,76,79,12,11,13,8,10,7,Brasileirao Serie A
Khellven,SE Palmeiras,Brasil,12,"RB, LB",Right,176,25,75,,80,62,69,71,70,73,77,59,65,70,60,68,68,61,67,73,77,83,79,71,75,71,73,73,73,63,74,70,62,61,55,66,68,73,71,9,9,14,13,15,8,Brasileirao Serie A
Marlon Freitas,SE Palmeiras,Brasil,17,"CDM, CM",Right,185,31,77,,70,67,75,74,76,81,72,63,73,79,62,75,70,67,75,74,73,67,67,80,69,73,76,80,82,71,81,79,68,75,65,82,78,76,72,10,6,15,12,10,8,Brasileirao Serie A
E. Martínez,SE Palmeiras,Uruguay,32,CDM,Right,184,27,74,Uruguay,66,66,71,70,74,74,66,58,71,71,56,69,64,71,73,72,62,69,62,73,66,74,70,77,71,77,81,76,65,75,63,73,74,73,75,14,7,9,12,12,13,Brasileirao Serie A
Luis Pacheco,SE Palmeiras,Brasil,50,"CDM, CM",Right,180,18,65,,60,55,63,62,68,67,55,52,65,71,48,61,57,55,64,65,58,62,60,62,62,64,69,71,64,56,71,65,54,59,51,63,70,68,66,15,13,14,12,10,10,Brasileirao Serie A
Andreas Pereira,SE Palmeiras,Brasil,8,CM,Right,178,30,79,,78,71,80,84,71,75,76,70,76,83,66,79,79,69,82,91,77,78,82,79,84,76,73,84,71,71,72,79,70,80,71,86,64,71,73,14,10,9,15,8,6,Brasileirao Serie A
Lucas Evangelista,SE Palmeiras,Brasil,30,CM,Left,181,31,75,,70,72,76,80,66,75,76,67,74,79,61,82,70,71,75,81,75,66,75,74,76,77,67,81,74,80,73,68,74,74,73,73,65,65,64,9,7,14,11,11,9,Brasileirao Serie A
Larson,SE Palmeiras,Brasil,48,"CM, CAM",Right,183,21,67,,64,61,66,67,59,65,61,57,62,67,53,67,64,66,68,69,62,66,68,63,62,68,60,67,65,64,62,59,62,69,63,65,62,56,57,7,6,15,9,11,10,Brasileirao Serie A
Mauricio,SE Palmeiras,Paraguay,18,"CAM, CF",Left,175,25,79,Paraguay,79,78,79,79,50,70,74,78,65,78,78,75,79,81,75,82,78,80,86,80,79,78,69,77,68,77,67,53,80,86,71,77,49,45,45,8,13,14,9,15,9,Brasileirao Serie A
Erick Belé,SE Palmeiras,Brasil,33,"CAM, CF",Left,184,19,61,,62,61,60,64,34,54,59,62,50,59,57,62,62,54,55,68,61,63,66,55,66,58,50,60,55,64,47,38,63,69,63,60,32,32,27,7,12,13,7,15,14,Brasileirao Serie A
R. Sosa,SE Palmeiras,Paraguay,19,LW,Left,178,27,75,Paraguay,83,75,74,77,45,64,75,79,62,73,72,81,77,68,71,73,80,85,84,74,73,72,68,72,61,71,59,46,73,76,72,70,41,45,39,6,6,7,11,10,14,Brasileirao Serie A
Felipe Anderson,SE Palmeiras,Brasil,7,LW,Left,175,33,73,,78,71,74,75,43,67,78,72,62,75,67,72,72,70,64,79,76,79,80,72,71,72,60,73,66,66,64,43,81,75,70,76,40,39,42,13,12,15,9,14,9,Brasileirao Serie A
J. Arias,SE Palmeiras,Colombia,11,RW,Right,168,29,81,Colombia,88,79,80,82,51,74,84,80,65,79,72,79,79,78,73,84,85,91,84,82,92,77,74,79,75,81,65,48,86,85,73,80,50,51,48,10,10,13,10,7,15,Brasileirao Serie A
Paulinho,SE Palmeiras,Brasil,10,"CAM, CF",Right,177,26,73,,73,74,73,76,47,66,70,73,63,73,69,77,83,71,67,75,77,70,76,74,69,77,66,72,64,76,61,57,73,79,76,76,43,39,44,10,12,14,6,10,11,Brasileirao Serie A
Vitor Roque,SE Palmeiras,Brasil,9,ST,Right,174,21,77,,78,76,67,76,45,76,63,77,79,70,79,69,67,60,71,81,81,75,81,76,75,76,75,74,80,71,70,41,80,66,82,82,44,38,42,15,9,7,15,7,12,Brasileirao Serie A
J. Manuel López,SE Palmeiras,Argentina,42,"ST, LW",Left,190,25,82,Argentina,82,85,72,81,48,82,71,86,84,78,88,82,77,72,61,81,80,83,75,86,70,87,85,80,86,81,76,42,88,70,85,86,46,45,39,7,6,6,10,6,15,Brasileirao Serie A
A. Rossi,CR Flamengo,Argentina,1,GK,Right,193,31,81,,54,38,50,48,40,64,36,27,45,54,29,38,28,40,55,48,55,54,56,74,62,62,68,58,70,40,58,45,31,60,39,63,38,38,36,85,77,79,78,82,61,Brasileirao Serie A
Andrew,CR Flamengo,Brasil,42,GK,Right,189,25,73,,51,32,42,36,28,56,32,26,36,49,23,23,30,35,41,39,50,52,48,71,53,56,64,48,62,27,48,38,21,47,32,47,22,25,31,72,68,65,67,74,54,Brasileirao Serie A
Dyogo Alves,CR Flamengo,Brasil,49,GK,Right,188,22,64,,40,20,31,31,21,45,18,11,27,36,12,21,14,17,30,33,41,39,41,57,42,47,48,35,52,17,39,23,12,42,23,43,19,21,19,66,62,58,65,65,41,Brasileirao Serie A
Léo Ortiz,CR Flamengo,Brasil,3,CB,Right,185,30,77,,73,56,65,68,79,77,61,50,80,75,55,62,55,55,65,75,71,74,63,75,69,71,77,73,79,57,79,83,49,58,57,74,78,77,79,10,10,7,9,11,9,Brasileirao Serie A
Léo Pereira,CR Flamengo,Brasil,4,CB,Left,189,30,79,,72,61,67,68,81,82,64,58,82,75,56,60,59,58,70,73,74,71,70,81,66,77,81,76,86,56,79,88,53,56,57,73,75,83,82,6,11,6,8,7,9,Brasileirao Serie A
Vitão,CR Flamengo,Brasil,44,CB,Right,185,26,77,,70,57,63,68,79,80,60,51,87,68,53,64,60,55,68,74,71,70,61,76,61,71,81,75,82,58,81,82,47,55,59,79,77,76,79,8,13,13,15,10,13,Brasileirao Serie A
Danilo,CR Flamengo,Brasil,13,"CB, RB",Right,184,35,73,,62,53,63,62,77,73,54,45,76,72,50,56,55,57,65,66,62,62,58,80,66,70,72,70,74,55,73,77,49,57,55,74,79,75,74,10,11,8,6,11,12,Brasileirao Serie A
João Souza,CR Flamengo,Brasil,61,"CB, RB",Right,187,19,60,,57,39,49,49,64,61,50,37,61,54,36,43,42,40,54,56,54,60,47,56,45,51,61,58,63,34,61,60,37,38,38,54,63,69,60,12,11,14,13,9,15,Brasileirao Serie A
Ayrton Lucas,CR Flamengo,Brasil,6,LB,Left,180,29,74,,76,64,70,70,71,74,79,62,69,71,60,65,67,59,66,71,80,73,77,75,80,70,69,75,74,65,73,71,65,66,56,72,73,69,77,11,15,13,14,12,13,Brasileirao Serie A
Alex Sandro,CR Flamengo,Brasil,26,LB,Left,180,35,71,,70,57,66,70,69,70,69,52,64,68,50,67,58,53,65,72,69,70,72,67,73,65,66,77,68,61,69,69,53,63,58,69,70,69,71,13,12,12,13,15,15,Brasileirao Serie A
Emerson Royal,CR Flamengo,Brasil,22,RB,Right,183,27,73,,78,60,68,65,73,75,74,56,68,71,54,63,59,59,72,64,77,79,74,68,69,72,70,74,78,58,71,76,65,59,61,72,73,71,74,7,13,13,10,11,8,Brasileirao Serie A
G. Varela,CR Flamengo,Uruguay,2,RB,Right,174,33,72,Uruguay,70,57,69,70,70,70,69,53,62,74,48,69,64,52,68,72,69,70,70,70,74,61,66,76,68,62,66,70,62,65,60,69,71,72,73,14,11,14,10,11,9,Brasileirao Serie A
Evertton Araújo,CR Flamengo,Brasil,52,CDM,Right,184,23,77,,68,66,75,74,78,80,68,63,75,80,63,72,67,70,72,76,70,66,74,75,72,71,75,86,78,69,81,80,68,78,68,73,76,81,77,14,14,15,6,15,7,Brasileirao Serie A
E. Pulgar,CR Flamengo,Chile,5,"CDM, CM",Right,188,32,74,,64,65,71,71,76,78,61,59,70,78,52,67,62,67,74,75,67,61,64,77,69,74,76,77,77,72,81,78,65,70,64,80,77,77,75,15,6,13,7,15,7,Brasileirao Serie A
Jorginho,CR Flamengo,Italia,21,CDM,Right,180,34,75,,63,65,73,72,76,75,65,62,70,78,62,70,64,67,74,74,65,62,71,79,69,73,75,81,72,65,77,76,67,76,67,78,78,77,74,7,10,14,6,8,13,Brasileirao Serie A
N. de la Cruz,CR Flamengo,Uruguay,18,CM,Right,167,29,75,,72,72,75,77,67,69,70,72,60,80,62,75,73,67,76,78,69,75,81,75,85,77,66,82,64,72,66,68,70,75,67,75,69,67,62,7,14,7,11,8,13,Brasileirao Serie A
S. Ñíguez,CR Flamengo,España,8,CM,Left,184,31,70,,68,65,72,70,62,63,68,61,63,73,56,75,70,65,74,67,66,70,68,70,66,70,68,72,57,70,66,66,68,73,63,68,65,57,59,6,14,6,7,8,15,Brasileirao Serie A
Lucas Paquetá,CR Flamengo,Brasil,11,"CAM, CM",Left,183,29,83,,81,82,85,84,55,78,77,81,64,89,83,83,81,83,83,86,85,77,79,83,84,81,73,78,81,82,72,59,86,90,80,82,52,52,55,6,15,15,14,13,11,Brasileirao Serie A
J. Carrascal,CR Flamengo,Colombia,15,CAM,Right,180,28,77,,77,78,77,81,51,67,73,79,68,79,75,84,75,79,73,80,76,78,77,81,78,76,66,77,62,77,67,57,85,79,69,77,50,46,44,8,15,12,15,6,10,Brasileirao Serie A
G. de Arrascaeta,CR Flamengo,Uruguay,10,"CAM, CM",Right,177,32,83,Uruguay,82,82,86,84,56,74,81,79,75,91,76,83,89,80,80,85,84,80,84,86,83,85,74,78,73,89,73,56,86,89,81,87,54,54,51,8,15,14,8,6,11,Brasileirao Serie A
Samuel Lino,CR Flamengo,Brasil,16,"LW, LM",Left,177,26,78,Brasil,84,80,75,80,48,71,78,83,68,76,78,82,75,71,71,77,86,83,79,80,82,80,68,80,71,74,59,51,77,74,75,75,46,43,42,12,6,9,8,9,15,Brasileirao Serie A
G. Plata,CR Flamengo,Ecuador,19,"RW, ST",Left,178,25,76,,83,73,75,83,47,70,78,72,70,78,73,83,77,71,68,85,82,84,83,74,82,78,66,81,69,72,60,49,77,71,69,71,44,44,39,12,13,9,11,13,9,Brasileirao Serie A
Luiz Araújo,CR Flamengo,Brasil,7,RW,Left,175,30,79,,86,75,76,83,52,69,79,74,69,78,72,82,77,77,69,85,88,85,89,75,89,76,69,78,66,78,63,54,76,75,71,68,55,44,41,12,6,11,11,13,10,Brasileirao Serie A
A. Valencia,CR Flamengo,Ecuador,14,RW,Left,173,23,69,Ecuador,71,67,66,73,40,61,67,67,57,70,66,74,69,61,62,73,68,73,78,72,76,68,60,74,58,67,51,42,71,62,65,62,41,35,29,12,7,6,7,13,12,Brasileirao Serie A
Pedro,CR Flamengo,Brasil,9,ST,Right,185,29,79,Brasil,80,80,68,77,46,81,61,81,80,69,76,76,77,71,68,78,77,82,76,81,76,83,87,75,87,78,73,48,81,71,80,74,43,37,39,12,12,12,13,12,14,Brasileirao Serie A
J. Freitas,CR Flamengo,Argentina,30,"ST, CF",Right,177,19,66,,69,68,60,63,32,64,63,70,66,62,62,62,59,54,49,64,67,71,65,62,65,72,64,64,66,63,60,31,67,61,67,65,26,28,25,9,8,6,11,7,6,Brasileirao Serie A
Bruno Henrique,CR Flamengo,Brasil,27,"ST, CF",Right,184,35,72,,65,74,61,68,39,69,55,73,71,62,76,67,65,65,61,67,63,67,67,73,71,78,71,66,72,71,65,39,79,65,71,76,34,35,33,10,15,14,8,13,8,Brasileirao Serie A
Otávio,Cruzeiro Esporte Clube,Brasil,81,GK,Right,192,20,73,Brasil,49,31,42,40,28,56,26,24,28,48,23,26,29,26,50,46,51,48,47,65,52,53,59,46,62,26,55,33,27,48,37,49,26,26,27,73,74,69,74,77,53,Brasileirao Serie A
Léo Aragão,Cruzeiro Esporte Clube,Brasil,41,GK,Right,192,24,65,,40,23,34,33,23,49,20,15,21,40,11,24,20,22,41,35,38,41,36,61,47,46,54,37,57,23,42,32,18,37,23,40,23,18,24,67,63,60,64,68,44,Brasileirao Serie A
Cássio,Cruzeiro Esporte Clube,Brasil,1,GK,Left,196,39,66,,28,23,33,33,26,50,19,15,26,40,14,22,18,18,32,35,32,24,44,61,45,45,58,44,55,24,43,34,13,44,18,48,22,25,25,67,65,59,65,71,47,Brasileirao Serie A
Jonathan Jesus,Cruzeiro Esporte Clube,Brasil,34,CB,Right,187,22,76,,74,55,63,67,79,80,61,51,83,69,53,69,55,52,68,64,71,77,66,81,68,68,75,78,82,55,81,78,46,56,58,67,78,79,78,13,14,8,12,15,11,Brasileirao Serie A
Fabrício Bruno,Cruzeiro Esporte Clube,Brasil,15,"CB, RB",Right,190,30,78,,75,59,67,69,81,82,59,53,81,75,50,62,60,60,70,74,76,74,67,75,68,79,84,75,86,54,78,82,53,62,62,80,78,85,78,7,12,15,9,6,13,Brasileirao Serie A
João Marcelo,Cruzeiro Esporte Clube,Brasil,43,CB,Right,190,26,69,,66,52,57,58,74,72,52,48,73,63,40,48,49,51,60,66,66,66,58,66,60,67,74,65,76,49,68,74,46,53,51,65,74,76,72,13,10,14,14,10,12,Brasileirao Serie A
L. Villalba,Cruzeiro Esporte Clube,Argentina,25,"CB, RB",Left,181,32,74,,69,54,64,60,78,75,61,50,78,71,53,56,54,58,67,60,63,74,60,70,64,72,76,69,77,50,76,77,45,55,52,83,78,79,73,14,7,12,12,8,8,Brasileirao Serie A
G. Rojas,Cruzeiro Esporte Clube,Argentina,27,LB,Left,173,29,73,,78,57,67,70,70,73,76,50,62,67,54,70,67,55,64,67,75,80,79,70,79,68,66,77,70,60,75,72,60,64,56,65,68,72,70,14,13,9,7,12,9,Brasileirao Serie A
M. Viña,Cruzeiro Esporte Clube,Uruguay,6,LB,Left,180,28,70,,74,55,64,68,67,70,70,53,68,67,47,68,62,62,63,67,70,77,71,67,73,63,63,70,69,56,72,65,54,57,55,67,64,70,67,15,14,12,12,9,15,Brasileirao Serie A
Kauã Moraes,Cruzeiro Esporte Clube,Brasil,2,"RB, RM",Right,174,20,68,,72,55,65,66,67,65,71,50,56,65,48,68,58,52,65,65,73,71,69,66,64,68,60,74,62,56,62,69,61,63,49,63,68,69,66,11,6,9,15,7,11,Brasileirao Serie A
William,Cruzeiro Esporte Clube,Brasil,12,"RB, RM",Right,171,31,74,,80,59,68,73,73,74,73,55,66,69,58,72,68,60,67,70,82,79,82,75,74,71,71,82,69,57,75,71,62,62,57,79,74,75,74,6,13,10,12,12,7,Brasileirao Serie A
Fagner,Cruzeiro Esporte Clube,Brasil,23,"RB, RM",Right,168,37,67,,66,53,61,65,63,64,71,52,50,60,46,64,59,52,58,64,65,66,68,70,70,65,61,72,60,48,63,66,55,56,46,63,61,65,68,12,6,8,6,12,14,Brasileirao Serie A
Zé Lucas,Cruzeiro Esporte Clube,Brasil,5,"CDM, CB",Right,174,18,68,,64,60,67,64,70,69,63,60,59,71,54,65,60,57,74,63,65,64,65,70,66,66,62,76,65,58,74,72,59,65,55,61,68,72,75,11,15,9,7,12,15,Brasileirao Serie A
L. Romero,Cruzeiro Esporte Clube,Argentina,29,"CDM, CB",Right,167,32,75,,63,65,72,73,77,73,67,61,63,75,62,73,69,67,79,72,68,59,74,76,74,70,72,76,70,69,78,80,66,71,71,79,77,81,75,8,7,14,15,15,7,Brasileirao Serie A
Lucas Silva,Cruzeiro Esporte Clube,Brasil,16,"CDM, CB",Right,181,33,69,,61,61,65,66,69,72,58,58,63,70,52,65,59,63,68,67,59,62,64,67,61,65,71,69,74,63,72,68,67,64,58,73,71,70,66,11,9,6,8,7,10,Brasileirao Serie A
Gerson,Cruzeiro Esporte Clube,Brasil,8,CM,Left,184,29,79,,76,75,80,78,72,76,76,71,72,84,68,76,73,76,82,83,78,74,75,80,72,79,65,82,76,80,71,76,81,78,72,78,74,70,65,8,7,8,7,12,12,Brasileirao Serie A
Matheus Henrique,Cruzeiro Esporte Clube,Brasil,7,CM,Right,175,28,75,,68,69,78,74,68,74,72,68,60,85,63,73,75,69,70,72,72,65,78,73,76,70,68,79,72,75,72,71,69,79,61,78,67,68,70,13,13,8,13,8,9,Brasileirao Serie A
F. Peralta,Cruzeiro Esporte Clube,Paraguay,14,CM,Right,176,24,67,,66,64,65,71,58,66,58,60,53,69,61,70,62,58,74,76,65,66,70,60,64,71,60,72,63,66,69,60,61,63,60,65,60,57,58,13,11,6,14,11,15,Brasileirao Serie A
Matheus Pereira,Cruzeiro Esporte Clube,Brasil,10,CAM,Left,175,30,81,,80,81,81,85,53,75,74,79,61,84,75,87,83,76,76,82,81,80,89,82,85,83,69,89,69,83,74,56,86,88,84,78,51,52,50,7,7,14,13,12,13,Brasileirao Serie A
Felipe Morais,Cruzeiro Esporte Clube,Brasil,38,CAM,Right,173,18,64,,63,63,61,66,36,55,56,63,49,65,59,66,66,62,56,67,66,61,68,62,73,68,52,65,52,61,51,35,62,63,63,62,37,34,31,7,13,13,6,8,13,Brasileirao Serie A
L. Sinisterra,Cruzeiro Esporte Clube,Colombia,17,"LW, ST",Left,172,27,76,,81,74,76,77,44,64,74,75,60,82,69,77,77,67,68,77,80,81,78,71,82,75,64,72,61,72,63,45,83,77,69,74,40,43,40,6,12,9,8,10,6,Brasileirao Serie A
Wesley,Cruzeiro Esporte Clube,Brasil,20,"LW, ST",Left,180,21,69,,74,68,68,75,37,62,68,66,54,70,63,79,71,68,62,75,76,73,73,68,67,69,60,67,63,69,55,36,70,69,71,70,37,32,37,11,14,9,7,10,8,Brasileirao Serie A
Kaique Kenji,Cruzeiro Esporte Clube,Brasil,70,LW,Left,178,20,67,,75,67,68,69,37,63,71,66,51,70,60,69,64,58,63,70,75,75,77,62,67,71,59,77,60,66,52,37,67,67,62,63,35,38,29,9,9,15,15,13,14,Brasileirao Serie A
Wanderson,Cruzeiro Esporte Clube,Brasil,94,LW,Left,175,31,76,,79,73,74,77,43,63,79,71,63,74,76,77,82,63,69,77,80,79,80,75,77,78,63,71,60,69,62,43,78,76,71,78,43,39,39,12,13,12,6,8,11,Brasileirao Serie A
Bruno Rodrigues,Cruzeiro Esporte Clube,Brasil,9,LW,Left,177,29,69,,77,67,67,71,40,60,71,68,55,70,70,71,67,63,61,71,79,76,72,70,73,64,61,71,59,66,50,44,78,65,66,73,33,40,35,15,7,10,6,10,12,Brasileirao Serie A
K. Arroyo,Cruzeiro Esporte Clube,Ecuador,99,RW,Left,176,20,72,Ecuador,82,71,70,74,42,64,71,73,60,67,66,77,72,73,65,70,81,82,77,75,75,68,61,75,62,70,54,42,75,75,67,67,42,37,42,15,7,10,8,12,9,Brasileirao Serie A
Gabriel Pec,Cruzeiro Esporte Clube,Brasil,77,RW,Left,178,25,74,,81,72,74,74,43,67,72,72,58,79,71,71,71,68,71,77,81,81,77,75,76,73,68,74,67,70,57,51,79,71,68,68,43,34,37,9,14,9,9,9,11,Brasileirao Serie A
Marquinhos,Cruzeiro Esporte Clube,Brasil,11,RW,Left,175,23,69,,76,66,67,74,36,61,74,65,59,65,63,72,69,59,59,75,75,77,79,70,69,66,58,74,56,69,60,31,70,70,67,72,36,33,36,7,12,15,14,9,10,Brasileirao Serie A
João Costa,Cruzeiro Esporte Clube,Portugal,67,"RW, ST",Left,178,21,66,,75,65,64,70,36,59,68,67,53,67,60,70,64,62,56,69,73,77,74,65,73,69,61,67,59,58,50,40,70,59,60,63,35,31,29,6,8,12,14,15,6,Brasileirao Serie A
Kaio Jorge,Cruzeiro Esporte Clube,Brasil,19,ST,Right,182,24,79,,81,80,69,76,44,77,65,86,81,74,78,76,74,69,60,76,79,82,79,81,75,76,81,78,78,71,74,40,84,70,78,72,43,37,40,11,8,8,14,12,9,Brasileirao Serie A
L. Rodríguez,Cruzeiro Esporte Clube,Uruguay,97,ST,Right,179,23,75,,75,76,66,72,40,71,57,76,70,71,75,72,67,70,64,72,75,75,77,74,70,78,72,65,77,73,64,33,76,66,73,72,40,34,37,14,6,7,12,9,12,Brasileirao Serie A
N. Villarreal,Cruzeiro Esporte Clube,Colombia,22,ST,Right,186,21,71,,71,76,62,68,38,70,57,81,75,69,75,68,64,61,54,69,67,75,64,73,67,72,71,67,74,69,63,33,76,62,71,67,38,31,33,10,9,13,12,15,15,Brasileirao Serie A
Hugo Souza,SC Corinthians,Brasil,1,GK,Right,199,27,77,Brasil,54,36,43,44,36,60,32,30,37,49,28,31,32,25,47,48,52,55,54,69,62,51,68,50,68,36,53,43,29,48,41,53,38,32,31,79,73,71,77,77,57,Brasileirao Serie A
Kauê,SC Corinthians,Brasil,51,GK,Right,192,22,64,,39,22,31,33,23,51,21,15,23,34,13,21,18,19,39,37,37,40,43,60,41,42,55,41,59,20,41,32,13,36,23,45,19,22,19,66,64,55,62,69,36,Brasileirao Serie A
Felipe Longo,SC Corinthians,Brasil,40,GK,Right,189,21,62,,40,20,30,29,19,45,17,10,17,35,10,19,17,19,34,30,37,43,37,55,39,46,51,40,50,19,35,23,10,37,22,43,23,16,12,63,58,57,62,64,39,Brasileirao Serie A
João Pedro Tchoca,SC Corinthians,Brasil,4,CB,Right,192,22,70,,64,51,58,59,72,78,56,47,78,63,42,54,49,54,61,63,65,64,56,64,62,69,72,68,86,47,70,70,46,51,49,69,70,75,71,13,11,7,9,7,6,Brasileirao Serie A
Iago Machado,SC Corinthians,Brasil,55,"CB, CDM",Right,187,17,64,,61,43,53,55,71,66,51,38,71,62,38,49,41,46,60,59,59,62,55,60,58,55,67,59,68,44,69,77,44,41,40,61,69,71,67,15,9,13,13,14,10,Brasileirao Serie A
André Ramalho,SC Corinthians,Brasil,5,"CB, CDM",Both,182,34,69,,56,49,58,55,72,71,56,43,72,62,46,48,55,48,67,57,52,59,59,67,62,63,70,66,73,49,71,72,47,50,47,61,72,75,68,7,6,12,11,13,7,Brasileirao Serie A
Gustavo Henrique,SC Corinthians,Brasil,13,"CB, CDM",Right,194,33,69,,62,48,57,57,72,75,57,44,73,59,41,57,49,49,65,57,62,62,51,69,53,65,73,69,78,43,76,73,37,51,52,70,68,75,70,12,7,8,6,12,7,Brasileirao Serie A
Gabriel Paulista,SC Corinthians,Brasil,3,CB,Right,185,35,68,,56,50,56,55,70,69,53,48,68,59,40,49,48,46,65,58,56,56,57,69,59,59,70,65,71,47,70,73,40,53,57,67,68,70,68,10,15,9,13,7,8,Brasileirao Serie A
Renato Santos,SC Corinthians,Brasil,6,CB,Right,188,21,63,,58,42,51,52,65,63,49,33,66,58,41,50,44,43,56,51,57,59,51,66,56,58,68,57,65,46,66,71,34,43,46,62,65,62,61,10,10,9,14,9,10,Brasileirao Serie A
Matheus Bidu,SC Corinthians,Brasil,21,LB,Left,172,27,74,,76,58,69,69,70,77,74,53,67,71,58,65,62,59,67,71,77,76,80,69,77,68,63,81,76,59,77,67,64,66,57,65,70,70,75,13,14,13,11,9,11,Brasileirao Serie A
Hugo,SC Corinthians,Brasil,46,LB,Left,179,29,67,,73,52,64,62,66,64,69,50,58,65,47,62,56,54,63,61,74,72,64,61,72,59,56,68,61,50,69,66,49,62,49,66,67,70,63,7,15,15,6,7,7,Brasileirao Serie A
F. Angileri,SC Corinthians,Argentina,26,"LB, RB",Left,185,32,65,,68,51,59,62,63,63,63,46,60,61,45,63,54,47,60,60,64,72,69,69,58,59,62,64,64,55,59,60,58,54,48,58,63,64,67,10,15,9,13,10,13,Brasileirao Serie A
Matheuzinho,SC Corinthians,Brasil,2,"RB, RM",Right,171,26,79,Brasil,86,66,74,79,75,78,77,65,66,77,62,81,75,73,69,75,85,86,86,78,88,70,72,83,77,67,78,79,63,69,66,76,71,79,77,13,14,7,12,12,13,Brasileirao Serie A
P. Milans,SC Corinthians,Uruguay,20,RB,Right,171,24,70,,74,56,64,67,68,68,70,56,64,67,48,66,63,54,63,64,74,74,78,67,73,60,68,78,62,54,69,69,55,58,53,63,71,65,73,9,6,9,13,8,11,Brasileirao Serie A
Léo Mana,SC Corinthians,Brasil,16,RB,Right,179,22,64,,68,50,59,60,62,62,59,48,60,66,45,59,54,49,58,61,66,70,64,61,62,56,63,69,59,50,63,66,53,52,43,60,61,61,61,15,14,13,9,13,6,Brasileirao Serie A
Raniele,SC Corinthians,Brasil,14,"CDM, CB",Right,184,29,71,,65,60,67,69,72,76,66,54,67,70,47,68,65,58,69,72,63,66,61,72,71,73,71,72,79,63,74,69,63,66,54,74,76,72,74,14,10,14,9,7,7,Brasileirao Serie A
Allan,SC Corinthians,Brasil,29,"CDM, CB",Left,172,29,72,,67,60,68,67,73,76,65,57,65,70,55,58,61,60,74,72,65,68,73,68,73,66,67,75,77,63,75,74,64,68,61,77,77,70,74,11,13,12,11,12,15,Brasileirao Serie A
Charles,SC Corinthians,Brasil,35,CDM,Right,187,30,68,,63,57,63,63,71,73,55,51,65,68,50,62,58,56,68,63,67,59,63,72,57,68,68,76,72,59,73,75,58,62,58,65,69,74,70,14,11,6,6,15,14,Brasileirao Serie A
Breno Bidon,SC Corinthians,Brasil,7,"CM, CAM",Left,178,21,77,Brasil,73,72,75,78,68,75,72,67,70,78,70,77,74,75,71,79,76,71,76,76,77,82,72,79,74,77,73,68,69,77,71,77,66,71,66,13,14,10,14,10,13,Brasileirao Serie A
André,SC Corinthians,Brasil,49,CM,Right,183,20,77,,80,72,75,76,69,75,67,69,67,77,68,78,77,70,77,77,76,83,75,73,74,79,67,78,75,75,71,73,67,79,71,68,72,65,65,15,9,8,6,9,9,Brasileirao Serie A
Matheus Pereira,SC Corinthians,Brasil,23,"CM, CDM",Left,183,28,68,,65,62,68,72,61,68,67,58,66,68,59,70,66,56,68,78,67,63,65,72,67,67,65,70,67,64,68,62,67,70,60,68,57,64,59,14,7,10,15,12,12,Brasileirao Serie A
Alex Santana,SC Corinthians,Brasil,80,"CM, CAM",Right,182,31,70,,62,63,69,66,60,69,68,58,60,71,58,63,65,62,70,68,63,62,67,69,69,66,65,73,69,69,67,67,68,70,64,69,60,56,57,10,12,13,10,8,14,Brasileirao Serie A
A. Carrillo,SC Corinthians,Perú,19,"CM, CAM",Right,180,35,70,Perú,60,64,72,66,61,72,64,60,61,75,53,66,66,66,74,63,61,60,64,75,64,70,58,75,72,69,70,60,69,75,62,74,62,60,64,7,11,8,7,9,9,Brasileirao Serie A
Bahia,SC Corinthians,Brasil,54,CM,Right,178,20,64,,68,57,63,64,57,64,57,55,57,66,51,65,59,61,67,64,67,69,67,58,59,58,57,70,63,61,59,56,61,64,59,57,57,60,53,9,9,15,7,9,15,Brasileirao Serie A
R. Garro,SC Corinthians,Argentina,8,CAM,Left,174,28,76,,79,76,76,76,48,69,75,76,63,76,74,79,78,76,72,73,78,80,77,76,80,75,68,78,63,78,73,51,74,79,72,77,45,47,43,15,9,13,9,12,8,Brasileirao Serie A
J. Lingard,SC Corinthians,Inglaterra,77,CAM,Right,174,33,74,,74,74,74,76,47,62,72,73,54,76,72,78,78,73,67,74,74,74,76,74,76,70,64,70,59,78,61,50,78,79,71,80,50,40,46,11,13,15,8,11,8,Brasileirao Serie A
Z. Labyad,SC Corinthians,Marruecos,52,CAM,Both,175,33,66,,60,65,68,69,37,56,64,66,54,68,64,71,66,62,65,68,63,58,66,66,69,62,48,66,53,64,54,38,68,77,66,70,34,36,33,8,8,12,15,10,9,Brasileirao Serie A
Kayke,SC Corinthians,Brasil,31,LW,Left,176,22,66,,72,65,66,69,33,58,66,65,48,70,58,72,69,61,56,67,73,71,70,63,68,69,57,66,59,65,48,32,68,65,62,61,32,31,29,7,14,15,15,11,14,Brasileirao Serie A
Vitinho,SC Corinthians,Brasil,11,LW,Left,180,32,69,,75,66,67,73,38,63,71,66,53,67,71,74,68,64,56,74,74,76,74,68,68,64,58,71,65,66,51,40,72,73,58,67,39,33,30,7,9,13,9,6,15,Brasileirao Serie A
Kaio César,SC Corinthians,Brasil,37,RW,Left,168,22,70,,78,67,68,75,35,60,75,65,51,69,66,76,68,67,63,75,74,82,77,73,78,68,55,70,58,70,55,40,70,65,67,70,31,30,36,12,13,15,10,14,8,Brasileirao Serie A
Dieguinho,SC Corinthians,Brasil,61,"RW, RM",Left,170,19,68,,77,68,66,72,37,58,69,65,57,66,63,72,67,59,58,72,80,74,73,67,75,74,56,72,55,69,50,37,73,68,62,64,31,38,31,7,11,9,7,9,8,Brasileirao Serie A
Yuri Alberto,SC Corinthians,Brasil,9,"ST, LW",Right,183,25,81,,85,84,69,81,49,83,70,88,85,72,80,82,78,72,61,79,85,85,81,83,77,84,85,85,85,74,76,44,87,66,81,85,46,44,45,14,11,15,8,6,7,Brasileirao Serie A
M. Depay,SC Corinthians,Países Bajos,10,ST,Right,178,32,76,,75,77,68,72,44,75,65,78,77,73,80,68,70,66,65,76,76,75,70,81,75,81,69,77,77,70,67,41,80,63,76,75,43,39,38,13,13,8,15,7,6,Brasileirao Serie A
Gui Negão,SC Corinthians,Brasil,56,ST,Right,177,19,68,,72,70,58,68,36,66,56,77,69,60,72,69,59,57,52,68,69,74,68,67,69,66,63,65,70,61,59,38,70,63,66,60,33,31,26,13,15,9,9,10,11,Brasileirao Serie A
Pedro Raul,SC Corinthians,Brasil,18,ST,Right,193,29,68,,69,72,56,65,37,69,51,74,81,61,66,60,59,49,45,70,70,69,65,66,60,73,72,69,70,68,64,32,73,59,71,73,36,28,33,12,15,9,6,15,10,Brasileirao Serie A
Léo Jardim,Clube de Regatas Vasco da Gama,Brasil,1,GK,Right,188,31,79,,49,38,49,44,35,63,34,31,40,55,29,33,31,35,52,44,49,49,55,76,62,61,67,59,67,32,58,41,35,58,37,60,30,34,38,76,76,73,80,82,59,Brasileirao Serie A
Daniel Fuzato,Clube de Regatas Vasco da Gama,Brasil,13,GK,Right,190,29,67,,40,25,36,34,25,53,24,18,24,40,15,22,25,21,44,36,39,41,43,60,50,48,57,44,60,21,44,34,21,40,24,50,22,24,16,63,70,66,67,72,45,Brasileirao Serie A
Pablo,Clube de Regatas Vasco da Gama,Brasil,37,GK,Right,188,23,56,,30,15,24,23,13,39,10,10,16,28,10,10,10,12,28,28,31,30,34,52,37,35,45,32,45,10,33,19,10,35,14,34,11,12,10,54,59,48,54,60,34,Brasileirao Serie A
Robert Renan,Clube de Regatas Vasco da Gama,Brasil,30,"CB, CDM",Left,186,22,74,,69,54,59,64,78,76,51,49,76,67,46,61,58,52,62,65,70,69,63,66,65,71,75,73,77,53,79,81,51,54,54,75,78,79,75,13,6,13,6,7,11,Brasileirao Serie A
C. Cuesta,Clube de Regatas Vasco da Gama,Colombia,46,"CB, CDM",Right,179,27,74,,66,53,60,65,80,77,53,46,74,69,52,60,52,51,65,68,64,68,64,72,65,73,76,78,75,50,79,84,49,53,54,76,80,81,80,12,11,12,7,8,12,Brasileirao Serie A
Gabriel Pereira,Clube de Regatas Vasco da Gama,Brasil,55,CB,Right,188,26,73,,68,53,60,63,76,77,57,49,78,69,47,59,54,48,67,65,69,67,61,73,64,67,74,71,81,52,76,75,46,48,56,72,80,72,74,10,6,13,11,13,15,Brasileirao Serie A
Lucas Freitas,Clube de Regatas Vasco da Gama,Brasil,43,CB,Left,186,25,71,,67,49,60,62,71,74,55,43,73,66,44,56,58,53,64,65,69,65,62,74,62,62,78,70,75,50,73,71,46,52,51,70,70,71,71,15,7,8,7,8,11,Brasileirao Serie A
A. Saldivia,Clube de Regatas Vasco da Gama,Uruguay,4,CB,Right,180,24,69,,63,49,56,60,72,72,50,44,66,64,47,57,52,50,59,60,63,63,62,71,61,64,74,72,75,47,66,72,47,47,46,63,69,75,73,15,9,6,10,15,14,Brasileirao Serie A
Walace Falcão,Clube de Regatas Vasco da Gama,Brasil,64,CB,Left,188,21,64,,56,45,55,53,69,66,50,41,71,64,40,52,37,44,58,53,54,57,56,62,48,56,73,63,69,46,63,69,37,50,46,58,63,74,67,10,8,14,13,6,12,Brasileirao Serie A
Cuiabano,Clube de Regatas Vasco da Gama,Brasil,66,LB,Left,179,23,76,,82,61,72,70,75,76,72,57,69,77,51,67,66,62,69,70,79,84,74,71,78,70,74,83,74,63,73,74,66,71,62,71,74,79,78,13,12,6,6,10,12,Brasileirao Serie A
L. Piton,Clube de Regatas Vasco da Gama,Italia,6,LB,Left,175,25,74,,79,58,70,71,73,70,72,53,68,74,56,71,65,55,71,69,77,81,76,71,80,64,72,73,68,59,70,74,68,67,58,69,71,75,74,8,10,14,14,12,12,Brasileirao Serie A
Riquelme,Clube de Regatas Vasco da Gama,Brasil,15,"LB, LM",Left,173,24,64,,72,50,61,62,59,60,63,50,62,64,47,60,62,45,63,62,71,72,68,63,71,53,64,64,59,48,59,56,49,57,53,61,56,62,65,13,6,14,6,13,12,Brasileirao Serie A
Paulinho,Clube de Regatas Vasco da Gama,Brasil,29,"LB, LM",Left,183,22,64,,69,50,60,62,60,66,63,46,55,61,44,63,59,45,57,61,68,69,64,59,66,57,64,67,68,53,61,59,55,60,54,60,62,58,68,15,7,14,11,10,9,Brasileirao Serie A
Paulo Henrique,Clube de Regatas Vasco da Gama,Brasil,96,"RB, RM",Right,175,30,75,,78,61,71,72,74,73,76,57,62,73,58,69,65,58,70,74,79,77,75,73,83,70,72,82,70,62,70,77,64,67,58,73,72,77,74,11,8,10,8,11,12,Brasileirao Serie A
J. Luis Rodríguez,Clube de Regatas Vasco da Gama,Uruguay,2,"RB, RM",Right,183,29,70,,74,56,68,66,70,70,73,52,65,72,57,67,66,50,67,65,77,72,72,60,68,67,66,75,69,54,68,65,55,61,56,65,74,67,77,6,9,12,6,6,13,Brasileirao Serie A
JV Fonseca,Clube de Regatas Vasco da Gama,Brasil,60,"RB, LB",Right,170,21,61,,62,50,59,59,62,57,61,49,46,64,42,55,54,42,56,62,64,60,64,55,70,57,53,66,52,51,59,61,49,55,46,59,69,61,57,12,6,12,10,7,10,Brasileirao Serie A
S. Sosa,Clube de Regatas Vasco da Gama,Argentina,5,CDM,Right,182,27,73,,69,62,70,68,75,74,65,57,72,79,56,63,56,59,72,74,71,68,64,74,65,75,74,74,73,64,76,84,64,65,59,74,77,70,68,11,14,6,14,13,11,Brasileirao Serie A
Cauan Barros,Clube de Regatas Vasco da Gama,Brasil,88,"CDM, CB",Right,183,22,73,,67,63,68,66,75,76,63,55,77,70,57,64,62,62,76,65,68,66,68,77,77,72,67,79,75,70,75,77,67,69,66,69,74,73,74,9,8,11,14,6,9,Brasileirao Serie A
Mateus Carvalho,Clube de Regatas Vasco da Gama,Brasil,85,CDM,Left,184,24,67,,65,57,63,63,66,72,58,53,66,69,57,61,52,57,68,64,67,64,62,67,63,63,67,72,72,58,71,70,60,59,56,66,65,65,68,11,7,11,7,7,14,Brasileirao Serie A
Thiago Mendes,Clube de Regatas Vasco da Gama,Brasil,23,CDM,Right,177,34,73,,60,63,71,69,73,75,56,61,73,78,52,67,68,66,74,71,58,61,69,72,69,74,72,80,72,62,76,77,65,73,57,73,72,71,73,11,9,15,11,10,9,Brasileirao Serie A
Jair,Clube de Regatas Vasco da Gama,Brasil,8,"CDM, CB",Right,178,32,70,,58,61,67,63,71,69,63,59,70,71,53,63,61,62,71,60,59,57,63,73,66,68,64,65,69,59,74,73,66,65,59,69,67,76,66,6,6,15,7,12,15,Brasileirao Serie A
Euder,Clube de Regatas Vasco da Gama,Brasil,70,"CDM, CB",Left,178,21,63,,56,53,59,61,64,62,50,48,59,65,46,58,55,50,64,64,60,52,57,57,61,58,59,67,58,59,64,67,53,58,56,68,63,66,61,13,9,7,6,12,14,Brasileirao Serie A
Ramon Rique,Clube de Regatas Vasco da Gama,Brasil,83,"CM, CAM",Right,180,19,69,,68,64,70,70,62,64,64,62,65,73,57,74,63,62,70,68,67,68,71,68,70,68,65,69,61,66,65,64,71,74,62,59,58,63,60,9,14,13,7,15,7,Brasileirao Serie A
Tchê Tchê,Clube de Regatas Vasco da Gama,Brasil,3,CM,Both,175,34,73,,64,67,74,76,69,69,66,65,63,78,61,78,72,69,76,72,66,63,80,77,73,69,67,74,66,73,71,70,67,73,66,77,68,71,66,6,10,6,9,14,6,Brasileirao Serie A
A. Lescano,Clube de Regatas Vasco da Gama,Argentina,22,CAM,Left,182,24,75,,74,76,75,78,47,70,71,75,65,78,70,77,74,78,71,80,79,69,79,74,78,73,61,77,71,80,62,52,75,76,78,74,47,40,40,14,13,9,8,8,7,Brasileirao Serie A
J. Rojas,Clube de Regatas Vasco da Gama,Colombia,10,"CAM, CM",Right,179,24,71,,73,72,72,75,45,63,71,73,65,74,65,77,67,67,69,75,75,72,75,69,73,68,63,71,61,76,60,50,77,74,73,73,46,37,35,15,14,13,7,10,15,Brasileirao Serie A
Guilherme Estrella,Clube de Regatas Vasco da Gama,Brasil,14,"CAM, CM",Right,176,21,65,,66,63,70,67,39,57,69,62,57,73,61,68,67,61,63,66,72,62,70,66,66,69,55,62,57,60,52,42,65,73,64,69,39,33,33,8,7,10,8,10,6,Brasileirao Serie A
Lukas Zuccarello,Clube de Regatas Vasco da Gama,Brasil,86,"CAM, CF",Right,175,19,61,,68,58,63,63,35,55,58,56,49,65,60,60,64,62,59,66,67,69,63,62,64,63,48,59,56,57,47,42,61,67,54,58,34,29,32,14,9,10,8,7,10,Brasileirao Serie A
A. Gómez,Clube de Regatas Vasco da Gama,Colombia,11,"LW, ST",Left,170,24,78,Colombia,86,76,78,82,50,70,76,80,60,83,69,82,81,71,71,81,90,83,83,80,82,72,65,80,65,73,70,49,79,77,79,84,49,50,44,12,12,8,11,12,12,Brasileirao Serie A
David,Clube de Regatas Vasco da Gama,Brasil,7,"LW, ST",Left,179,30,72,,78,71,70,73,42,66,76,74,62,70,67,73,74,64,65,72,79,78,75,69,72,67,65,75,63,70,60,44,71,66,65,73,43,35,34,10,10,7,8,10,6,Brasileirao Serie A
Nuno Moreira,Clube de Regatas Vasco da Gama,Portugal,17,"RW, RM",Right,175,27,74,,84,71,70,79,44,65,72,69,63,73,69,81,69,66,64,78,89,80,79,78,82,75,66,72,62,73,62,41,77,70,69,75,47,40,38,8,6,9,9,8,13,Brasileirao Serie A
M. Hinestroza,Clube de Regatas Vasco da Gama,Colombia,18,RW,Right,170,24,71,,79,67,70,75,43,64,76,67,63,69,66,77,70,69,66,73,78,80,78,73,77,70,59,66,66,65,59,40,71,67,65,60,46,36,39,13,11,6,11,15,10,Brasileirao Serie A
Adson,Clube de Regatas Vasco da Gama,Brasil,28,RW,Left,171,26,71,,77,69,70,74,40,64,77,67,53,68,69,74,67,69,64,74,76,77,76,73,72,72,64,76,61,72,59,40,70,71,70,73,40,40,31,14,15,7,14,11,11,Brasileirao Serie A
L. Augusto,Clube de Regatas Vasco da Gama,Angola,12,"RW, ST",Right,183,26,68,,72,67,64,71,38,59,62,67,56,65,61,77,71,60,60,68,75,70,68,69,67,66,64,67,56,66,54,35,73,66,69,64,40,34,28,11,6,9,9,7,9,Brasileirao Serie A
F. Colidio,Clube de Regatas Vasco da Gama,Argentina,9,"ST, LW",Right,183,26,75,,80,76,65,74,45,75,65,79,77,66,81,74,65,69,58,76,80,80,68,75,72,79,72,73,80,68,66,44,71,66,74,77,45,41,31,7,11,11,10,14,7,Brasileirao Serie A
Bruno Duarte,Clube de Regatas Vasco da Gama,Brasil,19,"ST, CF",Right,182,30,73,,78,75,65,73,38,72,59,78,68,72,70,72,62,67,57,74,75,80,75,76,67,78,69,68,76,67,68,34,80,67,74,69,36,33,32,7,9,11,11,13,12,Brasileirao Serie A
Brenner,Clube de Regatas Vasco da Gama,Brasil,20,"ST, LW",Right,175,26,73,,74,75,62,73,39,71,59,77,73,67,71,72,62,58,54,73,75,73,77,72,75,76,68,73,72,71,67,35,81,61,71,72,36,35,33,15,15,15,9,13,9,Brasileirao Serie A
C. Spinelli,Clube de Regatas Vasco da Gama,Argentina,77,ST,Right,180,29,74,,77,76,62,72,40,76,63,77,70,67,80,69,69,63,56,74,74,79,76,75,77,77,74,72,79,71,72,36,80,57,75,76,39,37,34,11,7,13,14,15,12,Brasileirao Serie A
Gabriel Batista,Botafogo de Futebol e Regatas,Brasil,12,GK,Right,191,28,72,,44,27,40,39,28,54,32,17,29,45,18,28,27,19,42,44,45,43,43,66,52,50,64,47,59,28,48,36,25,46,35,52,26,27,23,80,72,65,73,72,52,Brasileirao Serie A
Warleson,Botafogo de Futebol e Regatas,Brasil,17,GK,Right,190,30,68,,42,25,38,35,26,51,24,19,35,42,19,22,25,23,42,40,45,39,44,65,44,49,60,46,56,20,43,36,13,49,23,44,20,24,22,69,69,61,68,65,48,Brasileirao Serie A
C. Loor,Botafogo de Futebol e Regatas,Ecuador,40,GK,Right,187,20,58,,38,16,29,24,14,41,14,10,12,36,11,13,10,19,32,27,37,39,32,50,34,34,49,32,46,17,36,24,10,36,14,35,10,10,17,61,56,57,57,55,35,Brasileirao Serie A
Arthur Chaves,Botafogo de Futebol e Regatas,Brasil,3,"CB, RB",Right,188,25,73,,67,55,65,62,75,77,62,51,77,74,50,61,57,53,68,62,64,70,61,74,62,72,78,74,77,52,81,75,43,55,55,69,77,74,73,8,10,12,7,7,9,Brasileirao Serie A
N. Ferraresi,Botafogo de Futebol e Regatas,Venezuela,5,CB,Right,190,27,73,Venezuela,64,51,63,64,76,75,59,44,84,70,47,58,56,54,69,68,65,64,59,76,65,66,81,68,78,52,74,74,52,53,51,76,76,74,73,7,10,11,7,14,14,Brasileirao Serie A
Kaio,Botafogo de Futebol e Regatas,Brasil,31,"CB, CDM",Right,186,31,72,,62,52,56,60,74,74,57,47,74,60,46,54,51,48,60,63,59,64,63,70,58,66,75,69,76,52,77,75,45,49,50,66,75,74,71,8,9,6,6,10,10,Brasileirao Serie A
L. Monzón,Botafogo de Futebol e Regatas,Uruguay,33,CB,Left,185,25,68,,64,50,56,55,70,69,54,47,72,65,41,42,47,45,60,63,62,66,59,73,59,65,77,68,69,48,69,69,43,46,48,67,73,67,68,8,10,14,12,10,6,Brasileirao Serie A
Gabriel Justino,Botafogo de Futebol e Regatas,Brasil,34,"CB, RB",Right,184,20,66,,62,47,55,54,69,69,51,43,69,63,52,51,44,40,58,58,58,65,51,62,49,59,68,68,69,48,69,67,35,50,47,60,70,71,60,9,15,7,10,8,8,Brasileirao Serie A
Anthony,Botafogo de Futebol e Regatas,Brasil,26,CB,Left,192,21,61,,55,41,47,51,67,66,44,38,72,53,36,47,42,42,51,55,57,53,49,60,44,56,67,57,70,37,65,64,30,40,42,55,68,66,64,8,7,14,14,11,10,Brasileirao Serie A
Kawan,Botafogo de Futebol e Regatas,Brasil,15,CB,Right,188,23,66,,62,45,51,57,68,68,51,37,68,59,47,51,45,46,52,64,59,65,52,59,55,59,69,66,68,50,72,69,40,40,45,66,64,73,66,15,6,9,12,7,15,Brasileirao Serie A
Alex Telles,Botafogo de Futebol e Regatas,Brasil,13,LB,Left,181,33,75,,75,59,68,71,73,78,75,58,66,65,55,67,68,63,70,72,72,77,77,79,76,64,73,82,77,59,79,73,62,66,58,76,73,75,78,10,9,11,15,11,6,Brasileirao Serie A
Paulinho,Botafogo de Futebol e Regatas,Brasil,29,LB,Left,178,31,67,,67,52,61,64,64,65,65,52,58,64,48,62,56,51,57,63,69,65,65,65,72,55,66,72,60,52,67,61,52,59,49,66,61,67,72,8,8,7,6,6,6,Brasileirao Serie A
Marçal,Botafogo de Futebol e Regatas,Brasil,21,"LB, LM",Left,178,37,67,,67,54,63,65,65,67,66,51,64,63,46,65,58,57,63,63,67,67,74,64,69,61,65,74,65,54,65,64,52,61,54,62,65,65,68,13,12,9,7,12,15,Brasileirao Serie A
J. Hernández,Botafogo de Futebol e Regatas,Colombia,67,"LB, RB",Left,178,20,54,,59,40,49,54,51,50,52,34,47,53,36,57,46,42,48,51,60,59,55,57,55,50,49,55,46,42,56,48,43,42,38,48,49,55,54,6,15,11,9,7,12,Brasileirao Serie A
Vitinho,Botafogo de Futebol e Regatas,Brasil,2,"RB, RM",Right,174,27,74,,77,59,71,74,70,72,74,52,60,74,56,74,63,60,74,72,76,78,77,76,80,69,68,79,66,62,77,71,63,65,59,66,68,73,74,9,6,9,9,13,11,Brasileirao Serie A
M. Ponte,Botafogo de Futebol e Regatas,Uruguay,4,RB,Right,183,23,70,,82,52,64,68,67,68,66,44,70,67,51,69,68,56,62,69,78,85,67,66,65,59,65,70,65,62,72,63,57,61,50,65,66,69,68,6,11,12,7,13,10,Brasileirao Serie A
Huguinho,Botafogo de Futebol e Regatas,Brasil,75,"CDM, CB",Right,170,19,67,,62,58,66,58,67,69,61,55,62,69,50,58,58,55,70,55,60,64,65,60,70,66,56,68,69,60,72,73,54,68,54,61,66,65,68,7,15,7,6,15,10,Brasileirao Serie A
D. Andrade,Botafogo de Futebol e Regatas,Angola,91,CDM,Right,183,23,70,,64,59,66,66,71,72,58,54,64,73,51,66,60,65,70,64,62,65,64,70,62,68,73,71,73,63,69,74,60,62,57,76,71,71,68,6,11,8,11,6,14,Brasileirao Serie A
Allan,Botafogo de Futebol e Regatas,Brasil,25,CDM,Right,175,35,70,,56,59,69,70,69,72,70,53,62,72,56,67,61,62,69,74,55,56,66,75,65,68,59,71,73,62,76,73,64,66,56,75,73,67,66,10,15,9,13,8,12,Brasileirao Serie A
Wallace Davi,Botafogo de Futebol e Regatas,Brasil,55,"CDM, CM",Right,185,19,62,,57,53,60,58,63,66,47,50,67,66,48,56,52,46,69,63,54,59,53,61,53,60,67,63,68,54,66,67,56,60,49,60,62,60,61,13,14,10,15,6,10,Brasileirao Serie A
Danilo,Botafogo de Futebol e Regatas,Brasil,8,CM,Left,177,25,82,Brasil,81,75,81,82,75,77,76,71,74,81,75,81,84,75,81,83,79,82,83,83,83,82,70,83,75,78,78,76,82,85,69,81,77,73,73,9,14,10,12,9,12,Brasileirao Serie A
C. Medina,Botafogo de Futebol e Regatas,Argentina,6,"CM, CDM",Right,178,24,76,,71,71,76,73,71,73,69,67,67,82,65,73,74,66,74,72,70,71,71,80,78,73,68,80,71,76,71,76,75,78,74,75,70,73,66,6,10,15,6,15,15,Brasileirao Serie A
Edenilson,Botafogo de Futebol e Regatas,Brasil,88,"CM, CAM",Right,175,36,67,,56,62,65,69,58,67,64,59,56,65,56,69,65,62,62,70,58,54,67,71,69,68,59,67,69,62,62,58,65,69,65,72,59,60,56,7,10,6,11,14,13,Brasileirao Serie A
J. Barrera,Botafogo de Futebol e Regatas,Colombia,14,"CAM, CM",Right,180,20,67,,68,67,70,69,38,59,68,69,51,76,62,69,68,68,61,67,72,65,74,67,71,67,62,62,55,66,63,39,63,70,64,65,34,40,34,15,14,11,7,14,7,Brasileirao Serie A
Á. Montoro,Botafogo de Futebol e Regatas,Argentina,10,"LW, LM",Left,170,19,72,,84,70,72,74,43,62,73,68,61,75,67,75,70,67,67,72,83,85,78,67,76,73,65,70,61,74,56,44,73,71,66,68,42,38,38,14,7,10,13,8,14,Brasileirao Serie A
Matheus Martins,Botafogo de Futebol e Regatas,Brasil,11,"LW, ST",Left,183,23,70,,79,70,66,73,40,61,65,72,60,68,67,73,76,65,63,77,83,76,70,68,72,71,64,74,59,66,50,43,70,65,67,66,37,35,35,12,8,10,13,10,13,Brasileirao Serie A
Júnior Santos,Botafogo de Futebol e Regatas,Brasil,7,"RW, ST",Right,188,31,73,,81,72,70,78,44,65,69,73,62,70,73,84,75,67,64,74,80,82,79,74,71,72,66,72,65,69,56,45,76,73,67,71,41,43,35,9,15,14,15,9,12,Brasileirao Serie A
H. Ziyech,Botafogo de Futebol e Regatas,Marruecos,22,"RW, RM",Left,180,33,76,,80,77,73,79,46,67,69,82,65,74,76,82,71,79,66,75,81,79,81,79,79,74,70,74,66,72,61,43,73,78,73,71,43,45,43,13,6,10,15,9,15,Brasileirao Serie A
L. Villalba,Botafogo de Futebol e Regatas,Uruguay,77,"RW, RM",Right,182,25,71,,78,71,67,76,40,65,67,73,61,67,65,75,76,61,64,81,78,78,75,73,71,72,63,72,64,67,59,38,71,70,68,68,37,39,30,14,14,7,8,13,9,Brasileirao Serie A
Kauan Toledo,Botafogo de Futebol e Regatas,Brasil,49,"RW, RM",Right,177,20,64,,73,65,64,67,34,58,68,66,49,68,62,70,62,53,56,65,72,74,66,62,70,66,52,65,58,62,49,35,68,64,61,58,32,34,26,9,14,15,8,14,11,Brasileirao Serie A
Arthur Cabral,Botafogo de Futebol e Regatas,Brasil,19,"ST, CF",Right,186,28,75,,78,78,64,76,40,75,59,82,74,69,71,78,66,66,62,75,76,80,79,76,73,79,77,68,81,70,67,40,81,62,76,71,35,34,37,12,9,10,9,6,14,Brasileirao Serie A
K. Barría,Botafogo de Futebol e Regatas,Panamá,37,ST,Right,183,19,63,,65,67,54,63,31,63,51,68,62,61,62,63,57,55,40,65,67,64,57,64,62,70,68,57,68,60,59,29,75,54,65,58,34,21,29,11,15,6,7,6,11,Brasileirao Serie A
Lucas Emanuel,Botafogo de Futebol e Regatas,Brasil,79,"ST, LW",Right,191,17,64,,67,66,52,63,30,68,50,68,66,57,61,63,62,56,45,65,66,67,59,64,59,69,65,63,75,61,59,32,64,47,67,61,24,24,30,9,11,11,14,12,13,Brasileirao Serie A
Danilo,Botafogo de Futebol e Regatas,Brasil,90,ST,Right,174,27,70,,72,73,60,71,37,69,56,76,70,64,69,71,69,58,52,72,69,74,65,66,71,71,67,69,72,68,63,37,73,62,74,74,32,34,28,7,10,6,10,10,6,Brasileirao Serie A
Tiquinho Soares,Botafogo de Futebol e Regatas,Brasil,9,"ST, CF",Right,187,35,71,,69,71,61,68,38,69,56,75,71,64,67,65,66,60,57,72,69,69,66,71,63,70,72,71,73,62,58,38,79,63,70,76,36,31,33,15,9,10,14,15,6,Brasileirao Serie A
Ronaldo,Esporte Clube Bahia,Brasil,1,GK,Right,194,30,74,,48,32,43,41,30,56,27,25,34,50,27,30,27,29,45,44,49,48,52,72,51,55,59,49,64,28,42,33,23,51,33,54,29,28,32,77,70,69,72,76,49,Brasileirao Serie A
G. Herrera,Esporte Clube Bahia,Argentina,17,GK,Left,187,34,72,,42,29,40,38,28,58,27,19,34,46,26,27,25,27,41,38,44,40,48,73,46,53,58,50,65,30,51,38,26,50,28,58,27,21,31,75,68,67,70,72,50,Brasileirao Serie A
Léo Vieira,Esporte Clube Bahia,Brasil,22,GK,Right,193,36,66,,32,24,35,34,24,49,23,17,24,41,17,24,25,19,34,36,33,32,45,59,43,44,54,41,54,23,44,35,18,44,27,48,20,23,19,67,66,64,65,68,42,Brasileirao Serie A
Victor,Esporte Clube Bahia,Brasil,61,GK,Right,197,20,63,,40,22,33,29,22,49,16,16,22,42,17,23,13,15,34,25,41,40,39,51,45,41,51,41,57,19,39,26,11,41,21,43,19,24,22,67,59,54,66,65,36,Brasileirao Serie A
Kanu,Esporte Clube Bahia,Brasil,4,"CB, RB",Right,186,29,72,,66,52,61,61,79,76,49,45,79,72,43,60,54,56,69,60,64,68,60,68,60,68,78,76,78,56,72,81,52,51,54,70,81,79,70,15,8,10,13,6,10,Brasileirao Serie A
David Duarte,Esporte Clube Bahia,Brasil,33,CB,Right,193,31,71,,68,49,60,60,74,74,53,44,77,68,52,57,54,47,65,62,66,69,53,71,56,62,79,68,77,50,71,75,45,56,48,77,72,77,70,12,11,7,10,7,9,Brasileirao Serie A
M. Moreno,Esporte Clube Bahia,España,3,"CB, CDM",Right,191,25,68,,62,48,55,58,73,71,56,43,74,57,44,54,54,47,59,63,63,62,51,70,58,63,73,62,76,48,70,73,47,50,46,64,71,77,68,13,10,7,7,12,8,Brasileirao Serie A
Luiz Gustavo,Esporte Clube Bahia,Brasil,43,"CB, RB",Left,188,20,60,,59,42,50,49,63,63,45,39,61,58,33,45,42,38,51,51,58,59,48,50,53,60,63,57,64,37,67,66,35,43,41,59,60,65,62,8,15,7,6,8,7,Brasileirao Serie A
Marcos Victor,Esporte Clube Bahia,Brasil,44,"CB, RB",Right,184,24,62,,55,41,48,51,66,67,45,32,62,52,35,43,38,37,56,54,54,56,53,61,57,58,69,60,70,44,66,70,40,43,45,65,63,67,68,12,12,14,9,13,8,Brasileirao Serie A
Fredi Gomes,Esporte Clube Bahia,Brasil,83,CB,Left,178,20,61,,60,42,50,50,66,59,45,38,61,56,36,43,40,37,55,54,57,63,53,56,57,55,62,55,60,41,63,68,36,45,41,54,62,72,64,10,6,9,11,8,8,Brasileirao Serie A
Luciano Juba,Esporte Clube Bahia,Brasil,46,"LB, LM",Left,176,27,80,,83,59,75,79,79,80,78,53,73,79,61,79,69,70,73,79,79,86,81,79,84,65,74,85,78,62,78,77,71,71,64,68,78,83,79,15,13,15,15,9,12,Brasileirao Serie A
Zé Guilherme,Esporte Clube Bahia,Brasil,66,LB,Left,181,21,61,,65,45,55,59,58,59,58,41,51,57,42,59,53,49,56,57,64,66,68,60,59,55,57,67,55,46,60,57,49,52,43,56,57,60,67,9,11,10,12,7,9,Brasileirao Serie A
R. Gómez,Esporte Clube Bahia,Argentina,31,"RB, RM",Right,181,22,65,,72,49,59,62,63,66,69,44,56,57,50,62,62,49,57,60,70,74,62,69,57,58,63,66,65,51,68,60,49,57,47,65,59,69,67,6,14,8,12,15,7,Brasileirao Serie A
N. Acevedo,Esporte Clube Bahia,Uruguay,5,CDM,Right,173,27,77,,73,67,77,73,80,78,72,64,67,80,56,68,69,73,82,78,69,76,72,75,73,69,72,76,78,72,84,84,71,76,67,75,76,89,75,8,12,15,7,13,8,Brasileirao Serie A
Caio Alexandre,Esporte Clube Bahia,Brasil,8,"CDM, CM",Right,174,27,76,,71,66,75,75,77,75,65,61,69,84,63,75,71,67,74,74,68,74,72,72,76,73,70,79,72,71,79,79,64,73,63,84,82,73,76,9,8,9,10,9,6,Brasileirao Serie A
Erick,Esporte Clube Bahia,Brasil,14,"CDM, CM",Right,176,28,74,,67,64,71,67,77,75,61,59,66,78,64,69,62,59,76,65,65,68,66,74,66,72,75,79,71,67,80,78,65,70,69,69,76,82,70,10,14,11,10,10,7,Brasileirao Serie A
L. López,Esporte Clube Bahia,Argentina,2,CDM,Right,185,21,59,,55,48,56,56,61,60,51,42,63,62,45,58,50,53,57,56,52,57,50,56,57,57,60,59,61,53,61,65,51,54,48,59,57,61,61,8,10,9,6,12,15,Brasileirao Serie A
Jean Lucas,Esporte Clube Bahia,Brasil,6,CM,Right,181,28,78,,75,72,80,84,69,77,80,69,71,87,66,81,71,70,79,90,73,76,81,79,74,78,72,79,76,75,76,74,74,74,73,79,64,71,69,14,15,11,6,14,14,Brasileirao Serie A
Rodrigo Nestor,Esporte Clube Bahia,Brasil,11,"CM, CAM",Left,175,26,75,,70,71,77,76,68,74,70,67,62,83,66,75,74,67,74,78,72,68,79,77,79,78,71,79,74,74,69,70,64,78,77,70,67,71,67,8,6,7,13,10,7,Brasileirao Serie A
Everton Ribeiro,Esporte Clube Bahia,Brasil,10,"CAM, CF",Left,174,37,71,,67,73,72,74,47,64,68,74,62,73,70,69,71,67,69,77,65,68,77,79,73,69,59,72,62,73,58,45,74,76,73,81,48,45,40,15,9,8,7,8,15,Brasileirao Serie A
David Martins,Esporte Clube Bahia,Brasil,63,"CAM, CM",Left,184,19,62,,64,63,65,64,34,53,59,63,50,74,56,66,61,55,61,63,62,65,63,60,62,64,53,64,51,63,44,41,63,60,63,59,32,27,29,7,15,6,15,15,14,Brasileirao Serie A
Roger Gabriel,Esporte Clube Bahia,Brasil,80,"CAM, CM",Both,173,19,62,,65,61,64,64,34,53,62,62,46,67,59,66,64,56,62,63,65,65,68,58,64,61,44,63,51,59,49,36,64,63,63,59,32,30,32,13,12,12,13,6,14,Brasileirao Serie A
Erick Pulga,Esporte Clube Bahia,Brasil,16,"LW, LM",Left,169,26,78,,83,80,77,83,43,69,74,82,61,84,72,87,78,73,74,80,81,84,85,81,87,79,66,72,69,81,66,41,82,73,73,75,42,40,45,11,10,11,12,12,6,Brasileirao Serie A
Ruan Pablo,Esporte Clube Bahia,Brasil,52,LW,Both,183,18,69,,78,68,65,69,40,65,70,72,60,67,67,69,72,62,56,68,79,78,77,65,68,64,63,68,65,67,61,41,70,63,58,65,37,39,30,11,13,11,7,15,12,Brasileirao Serie A
M. Sanabria,Esporte Clube Bahia,Argentina,23,"LW, LM",Left,178,22,67,,74,65,64,70,35,59,63,63,52,65,67,69,62,63,58,70,74,74,77,69,69,63,60,61,60,69,56,35,69,68,61,66,36,30,34,10,15,13,7,12,15,Brasileirao Serie A
C. Olivera,Esporte Clube Bahia,Uruguay,99,"RW, RM",Right,170,24,71,,77,68,68,73,38,62,70,66,51,65,66,75,67,67,67,70,73,81,74,70,73,67,66,71,58,72,61,46,70,71,71,71,37,29,37,15,13,12,15,8,6,Brasileirao Serie A
Kauê Furquim,Esporte Clube Bahia,Brasil,57,RW,Left,177,17,64,,74,60,60,66,32,56,60,61,55,63,56,67,62,61,60,65,75,74,70,63,65,62,57,63,55,60,51,35,65,56,48,58,30,27,20,15,9,15,7,13,14,Brasileirao Serie A
M. Araújo,Esporte Clube Bahia,Uruguay,15,"RW, ST",Left,178,30,74,,81,70,70,74,41,65,76,73,60,69,64,74,73,68,64,72,76,85,77,74,75,69,68,69,65,67,57,44,71,72,73,73,38,35,41,14,12,10,7,6,8,Brasileirao Serie A
Ademir,Esporte Clube Bahia,Brasil,7,"RW, RM",Left,172,31,70,,76,69,69,73,39,64,75,67,53,69,69,74,68,62,60,73,75,76,75,70,75,72,60,71,62,72,59,42,71,71,64,68,39,36,32,10,7,10,15,12,11,Brasileirao Serie A
A. Veliz,Esporte Clube Bahia,Argentina,9,"ST, LW",Right,186,23,73,,74,75,63,73,41,74,58,78,79,72,71,73,63,63,55,75,71,77,70,77,65,76,69,71,78,72,69,41,72,60,72,74,38,35,31,11,14,6,14,8,15,Brasileirao Serie A
Dell,Esporte Clube Bahia,Brasil,89,"ST, LW",Right,174,18,66,,71,70,54,66,31,65,48,74,62,62,61,67,52,59,46,65,73,70,67,68,64,70,66,63,67,67,62,35,68,53,65,68,27,23,27,7,13,11,7,6,6,Brasileirao Serie A
Willian José,Esporte Clube Bahia,Brasil,12,"ST, LW",Right,186,34,71,,68,71,61,70,34,73,58,70,74,65,72,70,65,60,54,71,67,68,71,73,63,71,72,61,80,73,73,33,73,61,76,75,26,32,26,13,6,12,8,7,7,Brasileirao Serie A
Everaldo,Esporte Clube Bahia,Brasil,27,"ST, CF",Right,182,35,66,,60,67,56,66,32,64,51,68,68,60,64,67,59,57,50,63,62,59,66,71,59,69,65,60,66,63,63,29,67,59,63,75,32,23,34,14,8,15,10,13,7,Brasileirao Serie A
Vitor Eudes,Fluminense Football Club,Brasil,98,GK,Right,194,27,62,,39,21,33,27,19,44,19,15,17,43,11,15,12,13,37,30,34,43,34,60,42,46,39,41,52,13,31,29,10,37,22,44,16,16,17,68,61,61,64,67,40,Brasileirao Serie A
Marcelo Pitaluga,Fluminense Football Club,Brasil,27,GK,Right,193,23,59,,31,19,29,25,15,41,16,13,19,36,10,16,12,18,30,27,27,34,29,52,41,38,44,32,50,19,31,22,10,37,19,38,12,12,13,60,55,56,58,58,36,Brasileirao Serie A
Fábio,Fluminense Football Club,Brasil,1,GK,Right,188,46,62,,20,21,33,30,20,46,15,15,20,40,16,20,12,19,35,32,20,20,33,58,40,38,53,37,54,20,36,30,12,47,22,43,18,16,16,61,62,54,63,62,38,Brasileirao Serie A
J. Pablo Freytes,Fluminense Football Club,Argentina,22,"CB, CDM",Left,182,26,76,,72,60,63,66,78,77,65,54,73,67,52,60,57,59,64,70,71,72,68,74,69,82,78,76,75,58,83,77,50,58,60,73,78,79,78,12,6,9,11,15,6,Brasileirao Serie A
J. Millán,Fluminense Football Club,Colombia,29,"CB, CDM",Left,187,28,74,,67,53,63,66,78,75,58,47,73,72,46,67,54,50,64,63,64,70,62,71,61,68,79,70,78,55,73,79,49,56,57,78,78,79,82,15,9,12,11,14,11,Brasileirao Serie A
Ignácio,Fluminense Football Club,Brasil,4,"CB, CDM",Right,190,29,73,,69,55,62,62,75,78,59,50,80,70,48,59,58,52,63,65,67,70,58,69,60,70,73,74,82,58,73,71,46,54,50,73,79,72,71,9,10,11,7,12,7,Brasileirao Serie A
Jemmes,Fluminense Football Club,Brasil,44,CB,Right,187,26,71,,67,51,59,57,74,73,59,49,76,64,50,54,50,55,58,58,68,66,56,71,63,59,71,72,74,50,73,81,42,54,54,64,71,74,68,15,11,13,9,14,11,Brasileirao Serie A
Igor Rabello,Fluminense Football Club,Brasil,21,CB,Right,190,31,72,,68,53,61,63,75,73,58,48,75,69,50,61,51,53,67,65,68,68,60,70,59,67,74,68,77,52,71,73,51,52,53,71,75,76,73,12,14,14,14,13,14,Brasileirao Serie A
Thiago Silva,Fluminense Football Club,Brasil,3,"CB, RB",Right,181,42,68,,53,50,55,60,71,71,55,48,75,61,44,56,42,48,55,62,54,52,54,74,64,63,72,66,72,46,74,69,40,50,43,68,71,71,67,12,14,9,7,14,13,Brasileirao Serie A
Guilherme Arana,Fluminense Football Club,Brasil,13,LB,Left,176,29,75,,79,59,68,72,73,73,76,51,71,67,58,72,71,61,70,71,79,79,77,70,74,73,70,75,73,62,73,69,65,63,59,71,75,74,71,14,14,8,7,11,15,Brasileirao Serie A
Renê,Fluminense Football Club,Brasil,6,LB,Left,174,34,67,,63,52,64,65,63,69,66,46,60,65,53,64,58,53,61,63,61,64,74,67,63,65,62,77,66,53,70,65,56,66,51,62,59,66,63,8,13,11,13,9,7,Brasileirao Serie A
Léo Jance,Fluminense Football Club,Brasil,18,LB,Left,175,21,62,,66,48,58,61,59,60,57,41,50,64,39,61,55,46,54,59,64,68,64,60,64,61,57,63,58,53,63,67,51,54,49,58,55,59,62,13,12,8,10,9,13,Brasileirao Serie A
Guga,Fluminense Football Club,Brasil,23,"RB, LB",Right,173,28,68,,75,52,65,66,66,66,69,51,58,69,45,63,55,55,62,67,74,76,73,66,68,53,65,72,63,55,67,61,51,59,56,60,66,71,68,12,15,15,8,14,7,Brasileirao Serie A
Julio Fidelis,Fluminense Football Club,Brasil,46,"RB, RM",Right,179,19,58,,67,44,53,55,56,58,55,40,48,58,38,51,50,42,55,59,65,68,60,54,59,51,52,65,58,46,52,52,43,46,45,49,60,61,50,12,11,8,15,12,11,Brasileirao Serie A
Jhonny,Fluminense Football Club,Brasil,5,RB,Right,179,24,64,,68,52,59,61,62,66,59,49,52,63,47,60,56,55,63,60,67,69,63,61,66,64,61,64,66,51,72,64,53,49,43,64,64,63,62,14,14,10,7,6,10,Brasileirao Serie A
Samuel Xavier,Fluminense Football Club,Brasil,2,RB,Right,166,36,63,,57,49,62,59,60,59,61,45,47,64,44,54,58,52,62,62,58,56,67,58,66,57,56,69,55,51,59,62,50,62,45,59,63,57,67,8,7,6,6,12,14,Brasileirao Serie A
Martinelli,Fluminense Football Club,Brasil,8,"CDM, CB",Right,176,25,77,Brasil,70,66,75,75,82,81,68,62,75,77,59,75,68,68,75,75,71,70,69,74,75,68,78,80,83,74,77,85,66,80,65,79,81,87,75,14,6,14,7,6,7,Brasileirao Serie A
Otávio,Fluminense Football Club,Brasil,94,"CDM, CM",Right,173,32,70,,61,62,68,66,71,73,67,61,61,70,55,62,59,62,72,67,59,63,70,72,71,68,64,73,75,60,70,72,62,68,58,73,70,75,71,8,11,8,7,11,14,Brasileirao Serie A
Luis Fernando,Fluminense Football Club,Brasil,12,CDM,Left,180,21,60,,56,53,60,58,60,63,51,49,53,67,43,57,48,51,61,60,54,57,55,61,56,62,58,70,61,54,59,64,56,59,50,60,58,61,64,10,9,15,7,11,12,Brasileirao Serie A
Hércules,Fluminense Football Club,Brasil,35,CM,Right,178,25,79,,76,72,76,79,74,77,77,68,71,76,73,76,71,67,78,83,79,73,79,80,82,75,65,81,77,78,76,75,79,78,73,79,77,73,67,14,6,8,15,11,14,Brasileirao Serie A
Nonato,Fluminense Football Club,Brasil,16,"CM, CAM",Right,175,28,68,,68,64,70,69,61,62,67,61,56,73,57,70,71,64,70,68,64,71,70,68,68,67,59,73,56,69,66,63,65,67,61,74,64,61,53,12,12,12,12,11,11,Brasileirao Serie A
Alisson,Fluminense Football Club,Brasil,25,"CM, CAM",Right,174,33,70,,62,62,72,73,64,63,63,59,57,80,56,70,69,63,75,77,63,61,68,74,72,65,57,72,59,68,65,65,70,70,60,73,64,66,66,6,10,13,8,10,11,Brasileirao Serie A
J. Savarino,Fluminense Football Club,Venezuela,11,"CAM, CF",Right,168,29,77,,78,74,79,82,49,66,78,77,60,79,73,82,78,74,78,83,76,79,85,72,85,70,59,73,65,71,62,45,72,81,81,78,49,51,43,10,8,12,14,10,15,Brasileirao Serie A
L. Acosta,Fluminense Football Club,Argentina,32,CAM,Right,160,32,75,,71,74,78,81,47,64,73,69,59,84,74,83,78,69,68,79,76,67,83,81,83,79,59,70,65,81,56,48,80,80,74,82,45,45,43,12,15,9,7,8,11,Brasileirao Serie A
Ganso,Fluminense Football Club,Brasil,10,"CAM, CM",Left,184,36,67,,60,67,69,72,39,58,63,70,58,69,63,73,70,66,65,72,61,60,68,73,67,59,62,67,55,68,54,45,68,80,63,66,36,34,34,13,6,11,7,8,12,Brasileirao Serie A
Yago Ferreira,Fluminense Football Club,Brasil,20,CAM,Left,175,25,64,,67,64,67,67,36,55,69,63,53,67,56,67,61,64,66,66,70,65,68,64,70,64,50,60,55,68,52,42,59,69,63,66,31,33,33,6,7,6,8,6,12,Brasileirao Serie A
Y. Soteldo,Fluminense Football Club,Venezuela,30,LW,Left,160,29,73,,80,70,69,75,42,64,73,67,51,67,71,80,71,72,66,70,83,77,82,72,77,71,61,76,60,74,58,47,79,71,62,66,42,37,36,6,9,14,11,8,12,Brasileirao Serie A
Wesley Natã,Fluminense Football Club,Brasil,34,"LW, LM",Left,173,18,60,,68,58,59,62,29,53,65,61,40,61,56,65,70,50,47,59,74,64,64,62,67,61,53,63,50,50,46,32,61,60,54,55,27,27,24,6,13,15,8,6,7,Brasileirao Serie A
M. Reis,Fluminense Football Club,México,15,LW,Left,180,19,60,,68,60,58,61,30,55,60,59,51,57,53,58,60,53,56,66,69,67,63,60,61,65,55,61,55,60,47,31,63,58,56,46,28,26,22,14,12,8,12,8,12,Brasileirao Serie A
A. Canobbio,Fluminense Football Club,Uruguay,17,RW,Right,176,28,75,,87,73,74,79,43,69,76,73,63,75,69,79,78,61,70,79,83,91,85,76,71,76,68,73,69,70,62,49,83,77,70,78,38,39,36,9,8,14,9,6,9,Brasileirao Serie A
Riquelme,Fluminense Football Club,Brasil,28,RW,Left,175,19,69,,78,68,68,73,35,63,72,69,56,71,63,77,70,65,62,70,79,77,78,67,75,73,59,71,65,64,49,33,67,63,61,63,36,30,31,6,13,6,14,6,8,Brasileirao Serie A
K. Serna,Fluminense Football Club,Colombia,90,"RW, RM",Right,182,28,72,,80,68,68,74,39,64,75,68,57,68,72,73,71,66,60,74,84,77,80,76,75,69,64,71,64,68,57,40,70,66,65,63,33,39,39,14,9,14,7,8,9,Brasileirao Serie A
John Kennedy,Fluminense Football Club,Brasil,9,"ST, CF",Right,173,24,78,,81,84,68,78,46,76,62,87,68,76,80,81,69,66,62,72,82,81,85,76,82,83,74,71,80,77,72,44,83,67,88,75,45,44,35,6,8,12,13,9,10,Brasileirao Serie A
R. Castillo,Fluminense Football Club,Argentina,19,"ST, LW",Right,187,27,74,,78,75,67,74,42,79,69,77,76,69,81,71,66,67,63,77,72,83,75,74,68,74,75,72,86,70,70,39,79,64,72,78,45,31,35,6,12,7,10,13,13,Brasileirao Serie A
Hulk,Fluminense Football Club,Brasil,7,ST,Left,180,40,74,,65,71,66,70,42,71,59,72,74,72,70,69,67,64,61,69,63,66,71,77,69,73,71,71,71,68,70,36,76,64,71,77,39,41,36,9,13,6,14,7,9,Brasileirao Serie A
G. Cano,Fluminense Football Club,Argentina,14,"ST, LW",Right,176,38,68,,63,70,62,67,36,67,61,73,63,68,67,66,67,59,53,67,64,63,68,66,67,73,69,64,71,62,60,32,64,59,69,69,36,32,29,10,15,13,7,8,15,Brasileirao Serie A
Gabriel Brazão,Santos FC,Brasil,77,GK,Right,192,26,77,,49,37,46,43,35,62,28,29,38,51,29,29,27,35,55,46,53,46,57,70,58,59,68,53,71,38,48,41,28,54,37,58,32,34,33,78,77,72,78,76,56,Brasileirao Serie A
João Paulo,Santos FC,Brasil,34,GK,Right,188,31,74,,47,31,45,38,31,58,32,21,36,48,24,23,31,30,51,42,46,48,48,66,55,57,58,51,65,28,48,38,26,54,34,55,29,29,28,76,76,68,69,75,54,Brasileirao Serie A
Diógenes,Santos FC,Brasil,1,GK,Right,190,25,61,,39,18,29,26,20,47,16,13,23,34,12,15,14,18,32,29,36,41,27,55,37,37,52,40,56,11,32,28,10,36,22,43,14,21,15,63,59,55,67,63,38,Brasileirao Serie A
João Fernandes,Santos FC,Brasil,12,GK,Left,190,22,65,,44,22,32,32,24,48,18,16,20,39,14,16,18,23,33,41,41,46,40,64,43,43,54,41,54,16,41,30,18,41,27,44,27,20,21,65,63,59,65,66,40,Brasileirao Serie A
Rodrigo Falcão,Santos FC,Brasil,67,GK,Right,191,21,63,,37,21,32,31,20,45,18,12,20,37,19,20,19,18,35,34,35,38,40,54,39,42,49,41,49,24,41,28,17,42,21,43,17,18,21,65,59,54,65,68,39,Brasileirao Serie A
João Ananias,Santos FC,Brasil,26,CB,Left,188,19,70,,66,52,57,59,73,74,56,49,69,61,44,55,48,48,65,61,63,68,59,68,59,66,68,65,78,52,76,72,43,50,50,68,75,75,67,11,14,10,12,7,14,Brasileirao Serie A
Lucas Veríssimo,Santos FC,Brasil,4,"CB, CDM",Right,188,31,75,,69,54,64,66,78,77,63,49,77,71,51,64,58,56,62,70,68,69,59,71,63,65,82,70,80,56,76,80,51,60,56,74,77,77,81,7,15,11,6,11,14,Brasileirao Serie A
A. Duarte,Santos FC,Paraguay,2,CB,Right,185,26,70,,66,48,57,57,72,72,57,41,74,62,37,50,48,48,58,61,61,71,57,71,62,62,74,65,76,53,71,69,48,52,51,69,70,75,77,13,10,10,9,13,8,Brasileirao Serie A
Luan Peres,Santos FC,Brasil,14,"CB, RB",Left,190,32,69,,63,49,61,55,71,74,59,43,74,70,39,52,50,47,59,54,63,63,56,70,56,66,72,71,78,49,67,68,42,54,50,64,68,76,66,11,13,11,15,11,15,Brasileirao Serie A
João Alencar,Santos FC,Brasil,42,CB,Right,187,19,61,,56,43,49,49,62,63,49,37,64,53,40,44,44,39,50,51,57,55,48,56,55,59,59,60,65,43,61,66,33,44,44,56,57,65,62,6,14,11,8,10,12,Brasileirao Serie A
Vinicius Lira,Santos FC,Brasil,3,"LB, RB",Left,187,18,64,,70,50,58,62,67,61,55,47,61,62,47,56,56,45,64,69,77,64,64,56,63,57,65,67,59,49,57,69,56,55,51,57,67,68,62,6,10,14,14,15,7,Brasileirao Serie A
G. Escobar,Santos FC,Argentina,31,LB,Left,171,29,66,,66,51,60,63,61,65,63,45,49,64,46,62,59,57,59,61,67,65,73,64,70,60,54,74,62,55,63,65,52,52,49,63,61,61,66,14,6,14,13,14,13,Brasileirao Serie A
Gabriel Menino,Santos FC,Brasil,25,RB,Right,176,26,74,,81,60,70,70,72,75,73,56,67,74,57,71,71,62,68,66,82,80,75,72,81,67,66,77,75,61,76,72,63,61,61,72,70,73,76,8,7,6,6,12,8,Brasileirao Serie A
Igor Vinícius,Santos FC,Brasil,18,"RB, LB",Right,174,29,70,,74,55,64,70,65,71,70,52,61,64,51,72,70,56,66,69,80,70,75,64,72,64,63,80,68,54,69,67,61,58,53,64,61,68,72,9,9,12,15,9,15,Brasileirao Serie A
Rodinei,Santos FC,Brasil,23,RB,Right,175,34,71,,71,57,67,66,69,72,74,52,61,69,63,62,65,59,64,65,68,73,75,69,73,68,70,79,71,53,68,68,69,60,59,74,70,70,72,13,12,12,11,13,13,Brasileirao Serie A
Arthur Melo,Santos FC,Brasil,6,"CDM, CM",Right,172,30,75,,63,64,73,74,76,74,67,57,64,77,55,72,65,61,77,76,65,62,76,77,74,74,70,77,71,70,77,76,66,76,65,71,78,79,72,11,11,9,11,8,7,Brasileirao Serie A
Gustavinho,Santos FC,Brasil,48,CDM,Right,172,21,66,,62,59,62,60,64,67,54,56,60,65,50,58,58,58,67,58,63,62,65,61,65,65,59,77,64,61,64,58,61,61,59,72,66,64,69,7,15,12,6,15,13,Brasileirao Serie A
C. Oliva,Santos FC,Uruguay,28,CDM,Right,178,30,73,,68,63,70,67,76,76,64,59,71,76,58,62,66,64,73,68,66,69,72,70,71,68,76,77,74,69,80,75,65,66,63,76,80,77,73,7,6,15,15,7,15,Brasileirao Serie A
Willian Arão,Santos FC,Brasil,15,CDM,Right,181,34,69,,54,62,67,66,73,72,64,58,67,72,54,61,56,60,71,72,53,54,62,70,64,69,68,74,71,69,72,70,61,61,57,71,76,74,72,13,12,7,8,13,15,Brasileirao Serie A
João Schmidt,Santos FC,Brasil,5,CDM,Left,183,33,70,,62,62,68,67,71,71,60,59,70,74,53,66,59,56,72,70,64,61,63,68,65,72,71,70,71,61,74,73,61,70,61,72,67,74,71,11,9,14,12,6,8,Brasileirao Serie A
Gabriel Bontempo,Santos FC,Brasil,49,"CM, CDM",Right,181,21,76,Brasil,77,71,76,76,69,75,66,67,65,79,66,73,71,68,88,80,78,76,76,80,78,73,67,80,75,80,70,73,73,77,72,75,67,71,67,8,8,8,8,6,6,Brasileirao Serie A
Neymar,Santos FC,Brasil,10,"CAM, CF",Right,175,34,81,,76,79,82,81,55,72,78,76,62,85,76,83,82,76,83,78,76,76,81,83,90,81,64,87,71,83,57,57,82,82,81,84,55,53,47,14,13,15,8,15,14,Brasileirao Serie A
Miguelito,Santos FC,Bolivia,30,CAM,Left,177,22,74,Bolivia,74,71,77,78,46,64,74,69,58,83,70,80,69,73,69,77,75,74,76,74,77,73,70,72,62,74,59,45,75,78,70,70,46,44,40,11,10,15,8,7,8,Brasileirao Serie A
Philippe Coutinho,Santos FC,Brasil,11,CAM,Right,172,34,77,,75,76,79,80,49,69,79,74,59,81,72,79,78,73,79,80,74,76,81,80,81,81,71,69,70,78,67,56,79,79,75,78,49,45,41,11,14,11,7,6,10,Brasileirao Serie A
Lima,Santos FC,Brasil,45,"CAM, CF",Right,181,30,70,,71,69,69,76,41,63,67,68,59,69,62,79,69,68,69,75,74,69,69,72,74,70,62,69,62,70,59,44,68,69,70,73,43,33,37,10,6,10,6,6,13,Brasileirao Serie A
Thaciano,Santos FC,Brasil,16,CAM,Right,182,31,70,,68,69,70,75,44,64,63,69,60,73,64,78,68,70,66,75,70,66,73,69,64,65,61,71,61,71,61,41,78,75,68,75,41,48,36,8,6,13,9,8,8,Brasileirao Serie A
Nadson,Santos FC,Brasil,57,"CAM, CM",Right,171,17,62,,66,60,60,67,35,55,55,60,50,62,58,68,65,61,58,68,70,63,62,65,67,67,49,63,54,57,51,40,59,63,56,57,33,30,28,11,15,11,7,14,12,Brasileirao Serie A
Pepê Fermino,Santos FC,Brasil,20,"CAM, CM",Right,184,19,60,,66,62,63,62,35,53,58,64,55,64,55,60,59,64,66,66,63,69,64,57,63,61,48,65,49,61,49,35,60,67,63,55,29,34,32,13,15,6,13,10,10,Brasileirao Serie A
Á. Barreal,Santos FC,Argentina,22,LW,Left,172,26,76,,86,75,73,79,44,70,76,75,63,73,71,80,78,68,68,77,86,86,83,75,81,76,65,79,68,75,63,47,79,75,74,73,38,44,40,13,12,11,12,10,15,Brasileirao Serie A
Everton,Santos FC,Brasil,7,"LW, ST",Left,174,30,75,,78,72,72,80,44,66,76,71,61,75,63,83,74,70,66,79,82,75,81,71,74,78,60,77,64,73,57,45,77,66,66,79,42,40,38,10,7,8,6,9,15,Brasileirao Serie A
Moisés,Santos FC,Brasil,21,"LW, LM",Left,177,30,69,,80,67,68,70,38,62,72,68,54,70,67,70,73,62,55,70,81,79,76,69,72,66,62,71,61,63,51,41,77,68,62,65,35,33,37,15,15,7,6,14,12,Brasileirao Serie A
G. Caballero,Santos FC,Paraguay,17,"LW, LM",Left,189,25,68,Paraguay,72,67,67,73,40,62,70,68,59,69,67,75,66,60,61,73,75,69,71,58,67,69,61,66,64,64,52,36,67,69,65,73,42,39,30,8,6,7,11,11,6,Brasileirao Serie A
Mateus Xavier,Santos FC,Brasil,47,LW,Left,170,19,59,,65,55,60,64,26,52,62,55,42,61,54,64,59,54,53,65,64,66,64,59,68,55,48,64,48,55,48,26,59,61,55,52,23,24,21,10,8,13,13,10,8,Brasileirao Serie A
B. Rollheiser,Santos FC,Argentina,32,"RW, RM",Left,172,26,77,,82,79,74,79,46,69,81,82,62,79,77,81,74,73,61,76,81,82,82,72,81,79,64,78,67,74,63,51,80,70,73,77,41,44,42,12,10,14,7,14,11,Brasileirao Serie A
Andrey Quintino,Santos FC,Brasil,19,RW,Right,176,24,64,,70,63,62,69,34,56,68,65,50,63,61,69,62,55,58,69,72,68,74,64,69,60,56,67,54,61,45,34,60,58,62,67,31,34,25,7,7,15,10,15,7,Brasileirao Serie A
Enzo Boer,Santos FC,Brasil,8,"RW, ST",Left,170,21,59,,68,57,58,60,27,48,63,58,44,57,62,61,61,52,52,57,66,69,69,59,66,55,44,57,47,55,40,32,60,58,55,58,23,25,16,12,9,13,8,6,9,Brasileirao Serie A
Gabriel Barbosa,Santos FC,Brasil,9,ST,Left,178,30,74,,76,75,65,72,39,74,64,75,72,67,75,71,71,64,63,73,74,78,73,77,74,79,76,69,77,67,72,37,82,63,75,73,34,34,36,9,15,6,9,7,11,Brasileirao Serie A
Rony,Santos FC,Brasil,11,"ST, CF",Right,167,31,76,,76,77,67,75,40,70,64,82,69,72,80,75,62,65,57,71,74,77,80,81,78,75,74,68,73,70,65,37,76,69,74,79,40,35,34,14,9,15,8,14,7,Brasileirao Serie A
Gabriel Delfim,Clube Atlético Mineiro,Brasil,1,GK,Left,192,24,70,,47,31,38,38,28,53,24,23,36,44,26,32,22,28,44,35,49,46,47,66,49,51,61,50,57,33,47,35,20,45,33,52,29,22,26,70,66,56,70,70,49,Brasileirao Serie A
Everson,Clube Atlético Mineiro,Brasil,22,GK,Right,193,36,70,,39,27,39,37,25,57,25,22,26,46,17,27,23,26,43,36,38,40,49,64,51,49,63,49,64,19,49,27,20,44,27,53,29,20,25,71,73,62,72,73,55,Brasileirao Serie A
Pedro Cobra,Clube Atlético Mineiro,Brasil,46,GK,Right,193,20,60,,39,19,29,27,18,41,13,10,19,38,11,17,15,14,32,30,37,41,34,53,39,43,42,33,48,19,34,23,10,32,18,39,20,14,10,60,61,56,59,62,38,Brasileirao Serie A
Robert,Clube Atlético Mineiro,Brasil,31,GK,Right,191,21,63,,39,21,33,31,19,44,22,16,23,41,13,18,18,21,36,37,37,40,35,61,42,38,47,37,51,17,34,28,12,33,25,44,19,13,14,59,63,55,62,64,41,Brasileirao Serie A
Lyanco,Clube Atlético Mineiro,Brasil,13,"CB, RB",Right,187,29,73,,69,55,61,61,76,73,58,51,81,67,50,53,47,57,70,66,69,69,57,76,67,72,79,70,74,52,75,76,46,53,55,68,72,79,77,9,8,10,11,15,6,Brasileirao Serie A
Ruan,Clube Atlético Mineiro,Brasil,4,CB,Right,187,27,74,,71,52,63,63,76,76,59,46,77,72,55,59,55,57,67,65,69,73,62,75,74,67,81,73,80,51,67,76,54,54,49,69,82,71,77,14,8,9,13,9,14,Brasileirao Serie A
Léo Duarte,Clube Atlético Mineiro,Brasil,3,CB,Right,183,30,71,,67,55,63,59,74,71,56,50,66,74,53,57,57,51,67,58,65,68,58,67,67,70,72,72,70,54,72,76,47,52,53,71,77,73,71,7,13,8,14,6,13,Brasileirao Serie A
Vitão,Clube Atlético Mineiro,Brasil,40,"CB, CDM",Right,194,18,63,,59,42,50,50,67,64,48,37,69,54,39,43,40,43,55,57,57,61,48,62,50,55,68,55,66,42,69,66,42,45,44,57,66,70,64,9,6,10,10,14,6,Brasileirao Serie A
Vitor Hugo,Clube Atlético Mineiro,Brasil,14,"CB, RB",Left,187,35,71,,59,52,60,58,77,72,52,50,74,67,48,54,50,57,63,60,58,59,54,72,69,60,75,65,75,51,75,78,49,58,52,66,80,77,72,15,15,8,13,7,15,Brasileirao Serie A
Renan Lodi,Clube Atlético Mineiro,Brasil,6,"LB, LM",Left,173,28,77,,82,62,74,72,74,77,82,58,70,76,60,68,67,65,72,72,80,83,83,71,81,68,69,83,75,68,76,80,60,70,61,70,74,71,77,9,14,12,14,12,9,Brasileirao Serie A
Kauã Pascini,Clube Atlético Mineiro,Brasil,36,"LB, RB",Left,172,18,65,,69,50,60,60,65,64,69,47,62,64,46,58,60,53,55,60,67,71,66,55,65,56,55,73,60,49,63,65,50,52,53,56,68,66,60,8,11,11,8,8,14,Brasileirao Serie A
Natanael,Clube Atlético Mineiro,Brasil,2,"RB, LB",Right,172,24,71,,76,55,65,67,69,70,66,46,58,68,54,64,60,57,66,65,74,78,78,72,78,70,66,72,69,57,70,71,58,62,58,64,69,72,67,12,8,11,9,8,6,Brasileirao Serie A
A. Preciado,Clube Atlético Mineiro,Ecuador,23,"RB, RM",Right,174,28,71,Ecuador,78,55,67,68,69,69,73,50,61,69,49,66,66,61,66,69,74,81,72,74,67,67,71,76,65,55,68,70,60,60,59,61,67,73,66,8,9,9,13,13,15,Brasileirao Serie A
Alexsander,Clube Atlético Mineiro,Brasil,5,"CDM, CM",Left,178,22,72,,67,62,69,69,72,71,60,60,65,74,56,64,66,63,76,74,66,68,70,76,72,70,66,78,67,61,75,78,68,66,59,69,69,73,76,15,12,13,10,10,7,Brasileirao Serie A
K. Castaño,Clube Atlético Mineiro,Colombia,15,"CDM, CM",Right,179,26,70,Colombia,65,62,67,70,69,73,57,62,67,70,55,69,65,65,76,74,68,63,68,66,67,69,68,71,75,58,74,65,68,65,57,71,66,75,68,14,7,9,12,9,13,Brasileirao Serie A
T. Pérez,Clube Atlético Mineiro,Argentina,25,CDM,Right,182,21,67,,58,58,67,62,70,69,56,52,67,73,46,60,56,63,71,62,61,56,62,63,59,70,67,66,69,61,72,74,60,66,56,71,70,71,67,10,13,10,14,13,6,Brasileirao Serie A
Victor Hugo,Clube Atlético Mineiro,Brasil,30,"CM, CDM",Left,184,22,71,,67,66,69,73,61,69,63,63,59,73,62,70,69,57,69,78,69,65,70,72,67,68,63,70,69,70,69,61,64,73,67,78,60,63,59,15,7,7,6,6,13,Brasileirao Serie A
Fred,Clube Atlético Mineiro,Brasil,7,CM,Both,170,33,78,,77,69,75,80,73,73,71,65,66,76,66,75,70,69,79,84,79,76,80,84,80,74,68,79,68,74,79,78,75,76,71,81,75,73,63,10,11,8,10,11,11,Brasileirao Serie A
A. Franco,Clube Atlético Mineiro,Ecuador,21,CM,Right,175,28,73,Ecuador,71,66,70,74,68,70,67,60,66,74,59,78,62,68,72,71,70,71,74,69,75,74,60,76,66,72,74,71,70,69,67,72,66,68,66,15,13,8,14,9,15,Brasileirao Serie A
M. Cissé,Clube Atlético Mineiro,Guinea,39,"CM, CDM",Right,184,19,62,,61,59,65,61,52,59,56,56,52,70,55,61,58,63,69,62,60,61,61,62,59,65,60,65,57,59,58,54,60,66,56,59,51,54,46,15,15,9,10,11,10,Brasileirao Serie A
Maycon,Clube Atlético Mineiro,Brasil,8,"CM, CAM",Left,175,29,72,,67,68,74,74,66,66,73,68,64,77,67,73,68,65,75,75,71,63,75,73,77,69,60,72,66,67,62,68,65,71,68,75,64,68,64,10,13,14,9,7,15,Brasileirao Serie A
Índio,Clube Atlético Mineiro,Brasil,38,CM,Both,180,18,60,,60,55,63,62,51,61,62,52,50,67,53,62,60,49,59,63,65,56,61,57,60,57,53,71,59,59,54,57,57,64,55,56,52,48,50,14,9,13,7,12,10,Brasileirao Serie A
Gustavo Scarpa,Clube Atlético Mineiro,Brasil,10,"CAM, CF",Left,177,32,76,,75,75,77,79,51,68,73,72,63,80,76,81,72,79,73,78,76,75,76,79,80,82,66,73,67,74,67,48,77,79,76,75,54,47,46,7,10,13,14,7,10,Brasileirao Serie A
Reinier,Clube Atlético Mineiro,Brasil,19,"CAM, CF",Right,185,24,70,,73,70,70,75,46,66,69,73,57,73,65,73,74,67,68,80,75,72,70,71,75,64,58,71,66,70,62,44,74,69,65,65,48,43,37,15,12,7,7,11,12,Brasileirao Serie A
Igor Gomes,Clube Atlético Mineiro,Brasil,17,"CAM, CF",Right,183,27,69,,71,66,71,69,42,62,67,66,59,74,62,70,69,68,70,68,70,72,73,72,68,69,62,70,59,65,59,42,67,72,69,64,40,39,36,15,11,6,13,8,9,Brasileirao Serie A
T. Cuello,Clube Atlético Mineiro,Argentina,28,LW,Left,176,26,77,,81,80,77,81,47,70,82,85,66,78,66,85,76,70,70,78,79,82,84,79,82,77,69,79,69,77,59,48,80,78,71,74,45,43,48,15,8,6,14,12,14,Brasileirao Serie A
Dudu,Clube Atlético Mineiro,Brasil,92,"LW, LM",Left,166,34,72,,74,73,72,74,44,65,74,77,55,73,68,72,72,70,66,73,75,73,84,74,82,68,60,73,65,73,57,45,72,72,67,72,43,42,39,15,6,7,7,12,7,Brasileirao Serie A
Bernard,Clube Atlético Mineiro,Brasil,11,"LW, ST",Left,167,34,71,,74,71,70,74,43,62,73,74,58,71,65,74,72,60,68,74,76,72,76,72,76,69,55,73,60,67,55,46,69,71,67,67,41,39,39,13,7,14,9,12,10,Brasileirao Serie A
A. Minda,Clube Atlético Mineiro,Ecuador,27,"RW, RM",Right,174,23,73,Ecuador,82,72,70,78,43,64,70,75,61,72,69,81,76,63,66,76,73,89,77,73,85,72,63,73,61,65,58,44,80,70,77,71,39,41,39,13,13,8,7,7,8,Brasileirao Serie A
M. Cassierra,Clube Atlético Mineiro,Colombia,9,"ST, LW",Right,186,29,76,,80,78,67,73,44,75,67,82,76,72,74,75,64,67,63,70,81,79,71,83,73,78,80,74,74,71,76,44,76,64,78,76,38,42,33,7,14,11,9,10,8,Brasileirao Serie A
T. Borbas,Clube Atlético Mineiro,Uruguay,18,"ST, CF",Right,186,24,71,,76,74,60,69,37,67,56,75,73,63,69,68,57,62,54,70,77,75,64,71,65,76,73,64,67,71,67,34,74,61,69,75,37,31,29,9,10,13,14,10,9,Brasileirao Serie A
Cauã Soares,Clube Atlético Mineiro,Brasil,29,ST,Right,185,18,64,,67,66,55,64,32,64,55,69,66,59,66,65,61,57,47,66,65,69,64,63,56,66,67,55,70,57,60,30,70,50,65,60,29,28,24,8,15,14,14,15,13,Brasileirao Serie A
Mycael,Club Athletico Paranaense,Brasil,1,GK,Left,191,22,72,,46,27,39,36,28,56,24,22,34,45,17,23,21,27,50,40,47,46,45,66,50,46,64,48,63,21,44,35,23,45,38,52,28,20,30,72,71,67,74,74,50,Brasileirao Serie A
Santos,Club Athletico Paranaense,Brasil,23,GK,Right,188,36,71,,40,30,39,38,30,53,23,24,34,43,19,27,29,25,45,38,40,40,46,74,57,51,58,44,61,26,45,35,24,49,29,52,31,25,25,70,72,59,70,77,49,Brasileirao Serie A
Matheus Soares,Club Athletico Paranaense,Brasil,42,GK,Left,190,21,63,,40,23,32,27,22,44,18,17,26,41,14,22,18,13,33,23,44,37,35,58,43,46,43,40,49,19,37,32,12,40,24,38,22,16,14,65,56,58,63,63,43,Brasileirao Serie A
Arthur Dias,Club Athletico Paranaense,Brasil,4,CB,Left,188,19,73,Brasil,70,52,63,59,78,78,57,47,78,69,51,53,50,58,68,62,69,70,59,76,63,69,74,69,84,48,77,77,49,57,56,65,78,80,75,15,12,12,9,13,8,Brasileirao Serie A
C. Terán,Club Athletico Paranaense,Colombia,22,CB,Right,188,26,70,,63,48,57,58,75,73,52,40,78,61,43,55,45,49,65,56,61,65,63,67,64,63,72,63,79,51,69,72,48,54,53,65,76,75,71,6,9,15,7,14,11,Brasileirao Serie A
J. Felipe Aguirre,Club Athletico Paranaense,Colombia,33,"CB, RB",Right,186,30,72,,70,53,60,66,73,74,56,47,72,67,48,67,61,53,58,66,71,70,56,74,58,67,74,68,78,53,73,76,52,54,56,70,72,73,74,8,14,14,7,9,6,Brasileirao Serie A
Léo,Club Athletico Paranaense,Brasil,3,CB,Left,183,30,69,,66,49,59,59,72,72,55,45,72,65,42,53,47,50,60,61,69,64,61,67,64,63,67,63,76,49,75,70,45,55,48,69,74,72,73,6,11,6,8,9,11,Brasileirao Serie A
Dantas,Club Athletico Paranaense,Brasil,25,CB,Right,189,22,64,,58,44,51,55,64,67,51,38,68,56,39,52,43,48,56,56,60,57,53,66,54,58,69,62,70,47,67,64,41,43,42,58,64,65,61,7,14,12,6,6,6,Brasileirao Serie A
L. Esquivel,Club Athletico Paranaense,Argentina,37,"LB, RB",Left,183,24,75,,80,60,71,71,74,75,76,59,74,74,54,70,62,61,69,71,78,82,73,75,76,67,76,79,70,55,80,74,66,67,61,70,74,73,75,14,14,13,11,15,8,Brasileirao Serie A
Léo Derik,Club Athletico Paranaense,Brasil,6,LB,Left,166,21,66,,69,53,61,65,66,63,67,49,55,63,49,63,63,58,64,67,71,68,67,66,73,61,61,76,56,56,65,67,47,50,49,60,67,68,65,12,9,12,10,13,13,Brasileirao Serie A
Claudinho,Club Athletico Paranaense,Brasil,26,"LB, RB",Left,182,20,61,,69,47,54,58,57,60,51,42,50,60,47,58,56,46,51,57,67,70,60,56,62,57,57,63,60,48,56,60,53,48,48,51,55,60,59,15,13,12,10,13,12,Brasileirao Serie A
G. Benavídez,Club Athletico Paranaense,Argentina,29,"RB, RM",Right,175,30,73,,79,55,66,70,73,70,72,50,58,66,55,67,66,59,65,74,75,82,72,66,77,62,67,78,64,58,74,74,57,63,59,69,77,73,76,14,9,14,10,13,12,Brasileirao Serie A
Gilberto Junior,Club Athletico Paranaense,Brasil,2,"RB, RM",Right,165,21,68,,74,54,63,62,65,63,71,51,55,64,51,59,61,60,64,61,72,76,72,62,75,55,56,74,57,56,65,64,60,56,56,61,66,68,65,9,12,13,7,11,7,Brasileirao Serie A
Gilberto,Club Athletico Paranaense,Brasil,12,"RB, LB",Right,181,33,75,,79,58,70,72,72,71,68,52,70,75,56,74,70,57,71,68,77,80,78,77,71,64,65,78,67,63,75,74,62,68,69,71,72,69,77,8,8,8,6,15,12,Brasileirao Serie A
Luiz Gustavo,Club Athletico Paranaense,Brasil,14,"CDM, CM",Left,187,39,65,,51,56,62,59,67,68,55,50,63,66,53,57,54,53,65,60,49,52,54,65,62,65,62,70,71,61,62,71,58,65,52,69,65,66,69,8,12,9,14,8,14,Brasileirao Serie A
João Cruz,Club Athletico Paranaense,Brasil,8,CM,Right,172,20,71,,71,66,70,69,64,68,69,63,60,70,63,68,67,64,75,69,74,69,72,67,73,70,67,74,68,70,63,68,69,69,61,66,65,64,62,9,9,8,12,11,14,Brasileirao Serie A
J. Portilla,Club Athletico Paranaense,Colombia,27,"CM, CDM",Right,181,28,70,,65,67,70,71,63,67,70,65,63,71,61,66,64,61,73,77,64,65,72,74,67,69,64,73,64,70,66,59,72,69,66,68,64,64,62,10,14,14,10,11,10,Brasileirao Serie A
Felipinho,Club Athletico Paranaense,Brasil,5,CM,Left,183,24,66,,61,60,66,67,62,67,62,57,61,67,57,70,61,62,66,65,63,60,66,64,61,63,59,69,67,64,65,66,61,69,58,65,64,60,57,13,12,13,11,14,13,Brasileirao Serie A
Jádson,Club Athletico Paranaense,Brasil,16,CM,Right,171,33,71,,66,68,72,73,66,67,65,67,64,75,65,71,69,69,68,75,67,66,74,73,74,72,61,75,64,67,65,64,68,76,63,72,67,68,64,14,12,13,7,8,6,Brasileirao Serie A
A. García,Club Athletico Paranaense,Colombia,17,CM,Right,185,25,66,,63,59,66,68,61,61,63,53,61,68,58,67,66,60,71,71,60,65,65,73,60,66,64,71,58,63,54,58,65,65,64,61,61,62,60,13,11,9,15,13,12,Brasileirao Serie A
Dudu,Club Athletico Paranaense,Brasil,53,"CAM, CM",Left,177,20,69,,71,66,68,71,41,63,66,65,50,72,68,69,75,65,63,72,73,69,77,66,75,68,54,67,63,64,58,43,68,67,67,64,42,37,40,12,7,7,13,6,6,Brasileirao Serie A
B. Zapelli,Club Athletico Paranaense,Argentina,10,CAM,Right,183,24,73,,74,73,74,77,47,70,68,77,61,77,70,80,72,66,72,74,76,72,77,79,71,68,62,73,73,73,60,53,68,79,70,75,46,41,42,10,12,9,7,8,13,Brasileirao Serie A
Chiqueti,Club Athletico Paranaense,Brasil,47,CAM,Both,176,21,68,,64,68,68,72,39,56,67,65,54,70,66,74,72,62,64,71,65,64,73,71,71,73,57,66,53,70,52,41,70,71,59,67,37,37,34,10,8,7,13,15,6,Brasileirao Serie A
S. Mendoza,Club Athletico Paranaense,Colombia,7,"LW, LM",Left,171,34,69,,72,67,69,73,39,60,71,68,52,73,64,74,69,58,61,71,74,71,73,71,77,68,54,68,59,67,55,40,70,68,60,68,39,36,30,13,15,7,12,11,11,Brasileirao Serie A
K. Vargas,Club Athletico Paranaense,Colombia,18,RW,Right,180,24,72,,76,70,70,75,40,63,74,69,60,68,75,76,79,68,65,74,75,76,75,72,71,71,64,75,60,68,57,41,74,70,72,73,38,38,32,6,10,7,13,10,8,Brasileirao Serie A
Leozinho,Club Athletico Paranaense,Brasil,21,RW,Left,175,27,68,,69,66,66,72,36,59,63,64,55,70,64,76,64,65,56,69,69,69,72,67,74,69,58,69,59,67,49,37,66,69,67,67,34,33,28,15,14,14,10,14,11,Brasileirao Serie A
K. Viveros,Club Athletico Paranaense,Colombia,9,"ST, LW",Right,180,26,78,Colombia,80,81,68,77,45,77,61,83,76,70,78,81,68,66,67,75,77,83,73,76,75,83,76,75,80,76,70,46,87,72,79,76,44,39,35,14,9,7,7,9,11,Brasileirao Serie A
J. Rivaldo,Club Athletico Paranaense,Colombia,19,"ST, CF",Right,189,23,70,,72,71,60,67,35,70,58,76,70,63,64,66,62,57,52,67,70,73,67,71,65,69,73,64,75,64,62,33,73,64,64,74,30,32,30,14,15,8,11,9,12,Brasileirao Serie A
Renan Peixoto,Club Athletico Paranaense,Brasil,70,ST,Right,185,26,71,,73,74,63,71,40,73,62,76,72,69,75,70,61,63,60,71,70,75,68,71,72,72,76,70,78,71,65,38,76,55,72,77,36,38,31,14,12,13,14,7,11,Brasileirao Serie A
Renan Viana,Club Athletico Paranaense,Brasil,50,"ST, LW",Right,189,23,61,,63,64,53,59,26,63,51,66,65,55,61,57,47,51,50,63,61,65,55,68,52,64,63,56,69,59,55,22,65,54,63,59,24,19,25,7,7,12,12,11,13,Brasileirao Serie A
Cleiton,Red Bull Bragantino,Brasil,1,GK,Right,190,29,74,,50,34,41,41,33,57,25,29,33,48,26,27,32,28,45,45,51,50,51,70,60,53,65,49,61,29,53,39,27,48,35,56,31,31,30,75,69,65,74,73,48,Brasileirao Serie A
Tiago Volpi,Red Bull Bragantino,Brasil,18,GK,Right,189,35,70,,37,29,40,34,29,55,25,23,37,48,18,26,23,22,43,33,38,37,43,69,45,47,59,44,64,27,46,35,25,49,25,49,25,28,24,71,64,65,67,66,47,Brasileirao Serie A
Fabrício,Red Bull Bragantino,Brasil,37,GK,Right,190,26,58,,30,16,28,28,14,41,12,10,20,32,10,16,13,10,36,31,32,29,35,54,38,34,43,34,47,12,32,16,10,38,20,43,11,15,13,60,58,57,59,58,35,Brasileirao Serie A
Gustavo Reis,Red Bull Bragantino,Brasil,56,GK,Right,190,21,66,,38,22,33,33,24,49,20,15,28,39,20,20,23,27,38,39,41,36,36,62,50,43,55,37,59,19,37,33,17,38,28,46,25,15,24,67,66,64,62,67,44,Brasileirao Serie A
Gustavo Marques,Red Bull Bragantino,Brasil,16,"CB, RB",Right,189,24,75,,71,55,63,64,79,77,56,49,78,73,49,59,58,57,65,69,67,74,60,78,63,76,80,70,80,51,78,79,52,55,50,72,79,81,72,6,9,11,13,6,11,Brasileirao Serie A
Alix,Red Bull Bragantino,Brasil,4,"CB, CDM",Right,195,26,72,,68,56,58,63,74,76,50,56,76,64,44,65,53,48,66,59,67,69,59,70,63,68,82,70,80,51,72,77,45,54,50,67,71,76,69,9,14,6,6,7,12,Brasileirao Serie A
G. Rodríguez,Red Bull Bragantino,Uruguay,2,"CB, CDM",Right,185,26,69,,63,47,57,58,72,70,51,40,71,63,43,55,51,47,65,58,63,63,58,63,57,63,65,67,73,48,70,74,45,49,49,68,70,75,70,10,13,13,10,11,10,Brasileirao Serie A
Eduardo,Red Bull Bragantino,Brasil,3,"CB, CDM",Right,196,28,66,,61,45,54,55,68,69,52,38,78,61,44,53,44,38,62,55,59,62,52,67,53,60,69,69,69,47,67,64,41,46,41,66,64,73,66,12,14,13,15,9,10,Brasileirao Serie A
Juninho Capixaba,Red Bull Bragantino,Brasil,29,LB,Left,176,29,76,,81,63,72,73,71,74,81,60,65,76,58,70,60,60,72,72,79,82,81,76,79,68,74,84,71,64,68,69,65,61,62,71,73,72,76,15,14,10,11,14,13,Brasileirao Serie A
Vanderlan,Red Bull Bragantino,Brasil,12,LB,Left,183,24,70,,74,53,66,67,68,72,71,45,59,66,53,67,60,59,71,67,71,76,69,68,66,64,69,73,73,56,69,66,58,61,60,63,70,69,67,14,8,13,13,12,11,Brasileirao Serie A
Cauê Nascimento,Red Bull Bragantino,Brasil,51,"LB, RB",Left,175,19,61,,68,45,57,60,57,57,63,41,48,57,45,58,54,50,57,64,68,68,62,55,63,52,54,64,53,48,58,60,44,53,44,51,59,56,60,10,14,15,14,12,8,Brasileirao Serie A
A. Sant'Anna,Red Bull Bragantino,Uruguay,23,RB,Right,173,29,73,,76,58,70,73,69,72,71,55,64,73,54,72,60,60,70,72,74,78,76,74,78,64,66,78,72,58,68,67,59,68,58,68,69,71,70,6,6,11,7,13,11,Brasileirao Serie A
J. Andrés Hurtado,Red Bull Bragantino,Ecuador,34,RB,Right,178,24,69,Ecuador,77,57,64,66,68,69,65,58,67,68,52,63,60,51,64,68,76,77,71,68,74,58,66,81,64,54,67,68,60,58,52,62,69,67,73,11,11,14,9,7,8,Brasileirao Serie A
Ryan Augusto,Red Bull Bragantino,Brasil,52,RB,Right,179,19,64,,70,49,60,61,62,62,64,40,57,66,49,56,55,46,54,64,70,70,72,59,65,64,62,67,60,51,61,62,53,55,53,54,64,60,67,15,15,7,7,9,14,Brasileirao Serie A
Fabinho,Red Bull Bragantino,Brasil,5,CDM,Right,178,24,73,,64,65,70,66,75,76,58,64,67,78,55,64,62,63,70,67,63,65,71,71,65,67,70,77,75,68,78,80,71,73,67,70,82,68,71,7,7,7,8,13,11,Brasileirao Serie A
Patrick,Red Bull Bragantino,Brasil,10,"CDM, CM",Left,187,22,69,,62,57,65,64,74,75,58,52,69,71,51,62,59,59,68,67,66,59,62,67,62,60,71,77,77,66,70,74,62,63,58,62,74,76,71,12,11,6,11,13,15,Brasileirao Serie A
Matheus Fernandes,Red Bull Bragantino,Brasil,35,"CDM, CB",Right,183,28,69,,63,58,66,64,71,70,59,54,66,66,53,62,59,58,71,66,64,62,66,61,61,63,71,72,69,63,71,76,59,72,65,71,68,72,72,12,11,13,7,12,6,Brasileirao Serie A
Gabriel,Red Bull Bragantino,Brasil,6,"CDM, CM",Right,171,34,71,,61,59,67,70,75,72,59,53,67,70,54,68,61,59,75,72,65,58,70,75,69,66,69,76,69,64,73,79,63,69,56,75,76,74,72,14,10,10,7,9,15,Brasileirao Serie A
I. Sosa,Red Bull Bragantino,Uruguay,15,"CM, CDM",Right,175,23,71,,67,65,71,72,65,72,61,62,57,78,59,69,69,66,71,75,64,69,71,74,68,68,66,77,71,68,69,69,68,72,65,75,64,69,59,15,9,13,13,13,11,Brasileirao Serie A
Eric Ramires,Red Bull Bragantino,Brasil,7,CM,Right,172,26,72,,71,68,70,72,62,68,62,66,60,70,62,71,69,69,75,73,78,66,72,70,75,72,66,79,62,68,68,65,70,75,69,73,58,62,67,8,14,6,11,6,7,Brasileirao Serie A
Gustavo Neves,Red Bull Bragantino,Brasil,22,"CM, CAM",Right,176,22,70,,70,66,71,71,62,67,70,62,55,74,60,71,65,61,72,70,61,78,74,74,73,71,60,76,65,72,64,61,70,71,65,70,65,64,56,15,12,14,11,10,6,Brasileirao Serie A
Praxedes,Red Bull Bragantino,Brasil,25,"CM, CAM",Left,186,24,68,,64,62,69,68,60,66,66,60,59,73,60,72,63,61,65,65,65,64,64,68,60,65,60,70,64,66,66,66,65,71,60,66,54,63,55,12,14,12,12,15,12,Brasileirao Serie A
Rodriguinho,Red Bull Bragantino,Brasil,20,"CAM, CF",Right,186,22,72,,72,68,73,74,48,66,68,64,58,75,69,75,80,71,70,75,74,70,68,75,67,71,65,60,70,71,62,48,75,76,68,74,50,43,43,8,11,9,12,10,9,Brasileirao Serie A
Bruninho,Red Bull Bragantino,Brasil,19,"CAM, CF",Right,174,23,66,,67,69,68,70,39,57,67,69,55,72,63,70,64,66,61,73,65,68,71,59,67,67,52,66,56,74,51,40,69,69,67,64,34,40,35,7,12,15,13,7,10,Brasileirao Serie A
Marcelinho Braz,Red Bull Bragantino,Brasil,57,"CAM, CF",Left,178,22,60,,60,59,63,63,34,55,63,56,45,62,54,67,65,60,61,60,62,59,60,57,58,60,56,57,57,63,49,36,64,65,57,60,37,31,22,13,7,7,9,15,10,Brasileirao Serie A
H. Mosquera,Red Bull Bragantino,Colombia,30,LW,Left,175,24,73,,76,72,70,74,44,63,69,71,61,71,70,71,75,68,60,76,78,75,81,75,73,77,59,72,61,70,59,45,79,78,70,76,47,37,41,10,6,14,6,11,9,Brasileirao Serie A
Vinicinho,Red Bull Bragantino,Brasil,17,LW,Left,174,22,70,,75,68,66,73,40,62,73,67,59,65,68,72,59,69,62,74,73,77,78,70,75,73,58,76,60,66,51,37,73,67,67,66,38,38,38,14,9,6,15,11,15,Brasileirao Serie A
Davi Gomes,Red Bull Bragantino,Brasil,27,"LW, LM",Left,174,21,63,,70,62,58,66,33,52,64,63,43,59,59,65,63,56,56,65,68,72,77,66,68,61,52,66,48,63,46,32,62,53,57,62,34,31,26,11,8,7,9,7,11,Brasileirao Serie A
Lucas Barbosa,Red Bull Bragantino,Brasil,21,RW,Left,194,25,74,,82,72,74,77,43,71,74,69,62,77,70,77,74,66,64,78,80,83,78,77,75,73,72,74,74,78,59,41,77,76,68,68,43,39,40,14,8,6,8,7,14,Brasileirao Serie A
J. Herrera,Red Bull Bragantino,Argentina,32,"RW, RM",Left,172,23,69,,77,69,69,70,38,60,67,71,62,74,67,71,67,63,62,67,75,79,76,68,72,68,65,72,56,66,54,39,74,68,64,69,34,33,36,13,13,11,6,6,13,Brasileirao Serie A
Kawê,Red Bull Bragantino,Brasil,14,RW,Right,175,24,62,,68,62,61,67,33,57,68,64,48,58,59,67,61,53,55,67,69,68,70,63,66,64,51,64,56,55,50,29,63,66,58,58,34,32,23,14,11,10,12,9,9,Brasileirao Serie A
I. Pitta,Red Bull Bragantino,Paraguay,9,ST,Right,185,27,74,,76,77,64,73,40,73,57,77,77,69,73,71,64,61,59,75,76,76,73,80,65,79,76,70,76,74,67,38,83,65,71,74,35,34,35,6,8,11,12,6,14,Brasileirao Serie A
Wallace Yan,Red Bull Bragantino,Brasil,47,ST,Right,182,21,70,,71,71,57,68,38,70,56,72,70,58,68,68,61,62,56,66,72,70,69,69,72,72,70,66,74,66,66,35,77,56,70,66,39,32,31,8,8,13,6,8,15,Brasileirao Serie A
Fernando,Red Bull Bragantino,Brasil,11,"ST, LW",Right,176,27,69,,76,71,61,68,36,68,61,79,68,64,61,67,64,58,59,69,76,76,67,71,73,70,69,67,72,55,61,31,72,57,69,71,32,35,28,12,7,13,10,9,6,Brasileirao Serie A
Gabriel Novaes,Red Bull Bragantino,Brasil,13,"ST, LW",Right,184,27,65,,65,66,58,63,32,65,53,70,68,62,66,66,54,59,54,62,66,64,56,67,57,65,68,62,65,57,68,30,67,58,68,62,32,24,22,9,11,10,11,11,10,Brasileirao Serie A
Eduardo Sasha,Red Bull Bragantino,Brasil,8,ST,Right,173,34,70,,66,68,61,72,37,66,56,68,68,68,73,71,59,64,52,72,66,66,69,72,75,72,62,73,67,62,58,38,76,61,64,78,31,36,29,14,11,10,15,7,13,Brasileirao Serie A
C. Coronel,São Paulo FC,Paraguay,31,GK,Right,192,29,69,,42,26,39,34,26,54,26,18,32,43,23,23,22,29,44,35,38,46,39,67,51,46,54,42,63,25,44,28,20,47,29,51,25,24,22,69,67,60,66,71,47,Brasileirao Serie A
Rafael,São Paulo FC,Brasil,23,GK,Left,192,37,67,,37,22,36,35,22,49,21,16,25,43,18,23,22,22,38,37,37,37,44,66,50,42,52,35,57,19,47,30,15,45,29,51,16,20,22,68,68,60,67,64,44,Brasileirao Serie A
Young,São Paulo FC,Brasil,50,GK,Right,202,24,58,,34,16,26,25,17,41,18,10,21,29,10,15,16,12,27,26,27,39,33,50,41,36,45,38,44,14,35,33,10,35,16,39,13,12,12,55,58,55,52,61,34,Brasileirao Serie A
João Pedro,São Paulo FC,Brasil,41,GK,Right,191,20,62,,36,22,30,28,20,44,18,17,23,34,10,15,18,16,30,32,35,36,43,52,36,44,50,38,48,18,39,27,15,39,23,43,16,20,15,62,62,55,61,64,43,Brasileirao Serie A
Felipe Preis,São Paulo FC,Brasil,52,GK,Right,187,20,60,,35,18,30,28,18,42,11,13,19,37,10,16,19,17,34,32,33,37,38,53,40,37,46,31,52,12,32,26,10,41,21,35,17,13,14,62,59,50,58,64,39,Brasileirao Serie A
Sabino,São Paulo FC,Brasil,35,"CB, RB",Left,185,29,67,,64,48,55,57,71,66,49,45,71,64,40,52,50,44,58,61,66,63,55,65,54,61,67,58,71,46,65,71,45,45,49,65,69,73,69,7,7,6,11,15,6,Brasileirao Serie A
Matheus Belém,São Paulo FC,Brasil,4,"CB, RB",Left,186,23,66,,59,46,56,57,67,68,50,40,65,65,42,52,44,46,57,62,58,60,55,64,59,61,68,58,72,47,68,69,39,49,47,66,67,68,65,14,6,7,10,8,15,Brasileirao Serie A
R. Tolói,São Paulo FC,Italia,2,CB,Right,185,35,72,,61,54,61,61,76,74,59,46,76,67,47,56,53,60,62,63,59,62,60,73,63,72,71,70,76,59,74,74,50,52,51,70,77,78,70,14,14,12,14,7,6,Brasileirao Serie A
Domingos Duarte,São Paulo FC,Portugal,22,"CB, RB",Right,192,31,70,,60,54,59,56,77,71,57,51,76,65,48,52,53,50,65,58,58,62,52,62,58,67,81,66,73,51,71,76,43,50,49,74,79,75,79,9,8,9,10,9,13,Brasileirao Serie A
Luis Osorio,São Paulo FC,Brasil,54,CB,Left,191,20,61,,60,43,51,51,67,67,49,37,68,57,38,50,41,41,55,51,58,61,50,59,47,58,69,57,71,43,69,71,37,43,40,56,62,69,64,10,12,8,6,15,12,Brasileirao Serie A
R. Arboleda,São Paulo FC,Ecuador,5,CB,Right,189,34,65,,55,45,51,54,71,65,49,41,75,55,41,50,42,46,54,57,57,53,53,63,56,57,69,58,68,42,67,72,38,47,49,59,70,70,69,14,10,15,6,15,15,Brasileirao Serie A
Isac,São Paulo FC,Brasil,53,CB,Right,186,20,62,,55,41,51,48,67,65,51,35,60,59,35,45,43,43,47,49,56,54,49,54,52,54,64,58,70,41,63,65,36,44,45,60,69,69,63,8,7,11,11,11,13,Brasileirao Serie A
Iago,São Paulo FC,Brasil,12,LB,Left,181,29,72,,79,58,69,66,68,72,73,54,64,74,50,60,65,57,68,70,81,78,75,71,74,69,70,80,71,56,67,69,61,63,61,63,65,69,73,8,14,7,13,6,9,Brasileirao Serie A
E. Díaz,São Paulo FC,Argentina,13,"LB, RB",Left,177,30,71,,76,53,68,67,70,66,72,47,71,71,57,66,64,55,68,65,79,74,75,72,73,63,62,71,64,55,66,69,59,61,53,67,67,74,72,10,7,12,14,12,13,Brasileirao Serie A
Wendell,São Paulo FC,Brasil,18,"LB, LM",Left,176,33,72,,71,57,69,70,70,70,77,52,62,71,51,67,70,59,62,71,70,72,73,75,81,74,69,79,67,54,66,71,58,65,59,69,70,70,71,14,14,13,14,8,14,Brasileirao Serie A
Nicolas,São Paulo FC,Brasil,56,LB,Left,176,19,61,,66,51,57,57,60,59,64,53,55,60,46,59,48,49,55,54,69,64,62,53,63,55,60,69,55,45,57,60,48,51,48,50,56,63,64,13,12,9,15,15,13,Brasileirao Serie A
Pedro Lima,São Paulo FC,Brasil,32,RB,Right,174,20,69,,75,55,63,65,66,67,70,50,59,63,53,60,58,52,61,66,77,74,78,67,73,64,63,74,62,58,72,71,59,61,53,63,65,64,72,13,8,15,8,7,6,Brasileirao Serie A
Aurélio Buta,São Paulo FC,Portugal,20,"RB, LB",Right,172,29,67,,74,50,63,63,64,65,69,43,58,67,54,63,58,53,64,62,73,75,64,65,69,64,60,72,62,50,65,65,57,55,48,63,62,65,69,15,15,6,7,10,8,Brasileirao Serie A
Lucas Ramon,São Paulo FC,Brasil,19,"RB, RM",Right,180,32,70,,71,55,66,68,68,67,71,49,64,67,54,65,67,54,65,72,74,69,65,67,74,63,68,72,67,59,61,68,57,61,59,70,67,69,72,13,9,14,6,6,11,Brasileirao Serie A
Cédric Soares,São Paulo FC,Portugal,21,"RB, RM",Right,171,35,69,,64,56,65,69,65,67,66,52,59,69,53,64,62,56,64,74,65,63,68,70,75,64,64,79,61,58,69,66,55,61,46,68,63,68,69,14,7,15,9,10,10,Brasileirao Serie A
Igor Felisberto,São Paulo FC,Brasil,40,"RB, LB",Right,175,19,60,,67,46,57,54,57,58,62,44,54,58,35,53,53,46,59,55,66,68,54,52,68,55,53,68,53,45,57,57,47,51,46,48,55,58,61,13,15,9,12,8,9,Brasileirao Serie A
Pablo Maia,São Paulo FC,Brasil,29,CDM,Right,178,24,71,,68,61,68,66,72,73,61,55,67,71,58,64,66,55,72,67,69,68,69,71,69,69,69,68,75,66,73,71,62,68,60,68,75,72,74,7,7,6,7,10,12,Brasileirao Serie A
Newton,São Paulo FC,Brasil,28,CDM,Right,188,26,71,,62,59,70,65,75,74,58,57,70,79,55,62,63,61,67,67,62,62,65,70,69,66,70,76,73,58,77,78,59,70,60,73,72,79,73,13,12,11,11,11,6,Brasileirao Serie A
Marcos Antônio,São Paulo FC,Brasil,8,CM,Right,166,26,76,,71,73,75,76,68,69,69,69,66,78,66,74,75,70,78,76,73,70,84,79,77,77,70,76,66,80,68,75,74,74,70,70,65,68,61,10,14,13,13,6,11,Brasileirao Serie A
D. Bobadilla,São Paulo FC,Paraguay,16,"CM, CAM",Right,181,25,74,,74,68,76,72,67,71,70,67,62,81,64,69,75,65,79,74,73,74,74,75,66,71,72,76,71,71,65,66,66,72,66,77,69,69,64,12,10,8,14,10,15,Brasileirao Serie A
Djhordney,São Paulo FC,Brasil,48,"CM, CAM",Right,174,19,65,,66,58,64,66,58,62,63,56,51,64,52,66,59,59,68,67,65,66,63,64,60,66,52,66,61,58,61,60,59,62,56,70,61,56,56,9,15,13,8,10,13,Brasileirao Serie A
Danielzinho,São Paulo FC,Brasil,94,"CM, CAM",Right,166,31,69,,62,63,68,70,60,61,63,60,52,73,61,71,59,62,64,70,60,63,71,70,69,70,59,71,54,64,68,61,65,73,64,68,58,65,58,15,6,13,11,12,9,Brasileirao Serie A
Cauly,São Paulo FC,Brasil,80,CAM,Both,175,31,72,,70,74,74,74,46,62,69,78,58,77,67,73,71,71,70,73,73,68,77,70,79,72,59,67,60,72,63,54,68,79,67,72,39,43,44,13,10,7,11,6,10,Brasileirao Serie A
Pedro Ferreira,São Paulo FC,Brasil,46,"CAM, CF",Right,175,19,60,,65,61,63,64,32,54,60,65,44,67,62,64,62,64,61,67,68,63,63,57,59,57,47,56,57,60,48,34,56,62,56,61,31,29,30,10,13,6,13,9,15,Brasileirao Serie A
Ferreirinha,São Paulo FC,Brasil,11,LW,Left,176,28,71,,81,69,71,74,41,64,73,69,56,73,64,75,67,68,69,72,78,83,82,70,74,68,64,70,65,72,56,41,78,70,63,70,45,33,35,6,11,12,9,6,11,Brasileirao Serie A
Lucca,São Paulo FC,Brasil,45,"LW, ST",Left,172,19,67,,77,66,66,72,37,55,73,66,52,67,59,76,67,55,56,69,75,79,76,66,77,66,64,65,50,67,52,34,67,65,62,64,38,34,30,11,9,14,11,10,13,Brasileirao Serie A
Victor Sá,São Paulo FC,Brasil,27,"LW, LM",Both,178,32,75,,80,74,74,80,46,68,75,73,64,78,70,78,77,65,65,83,79,81,74,84,81,75,72,79,65,74,60,49,81,74,67,75,45,42,40,9,12,8,14,9,7,Brasileirao Serie A
Tetê,São Paulo FC,Brasil,34,"LW, ST",Both,172,19,62,,72,58,60,65,29,52,64,54,45,60,60,66,65,52,55,67,74,70,67,57,64,62,47,62,48,58,50,31,69,62,64,53,28,26,25,9,11,13,13,15,15,Brasileirao Serie A
Artur,São Paulo FC,Brasil,37,RW,Left,168,28,75,,85,74,73,76,44,63,77,77,64,76,69,76,71,65,66,77,82,87,79,78,84,72,61,72,60,73,61,43,75,70,71,63,42,44,37,14,15,15,15,9,7,Brasileirao Serie A
Lucas Moura,São Paulo FC,Brasil,7,"RW, ST",Right,172,34,74,,76,72,73,75,43,65,79,74,57,72,73,79,77,67,67,69,75,76,81,69,77,72,61,75,64,63,58,41,78,72,76,70,45,39,40,9,10,9,14,11,8,Brasileirao Serie A
Ryan Francisco,São Paulo FC,Brasil,49,ST,Left,175,19,68,,74,70,57,70,35,68,60,75,66,58,67,68,56,55,55,72,70,77,70,68,68,67,69,59,74,64,62,35,71,55,70,68,38,25,26,8,15,6,7,7,10,Brasileirao Serie A
André Silva,São Paulo FC,Brasil,17,"ST, LW",Left,181,29,71,,68,74,65,71,36,74,59,73,73,72,63,73,65,67,58,70,65,71,66,76,68,81,69,73,75,73,72,33,83,64,69,73,37,26,29,10,10,11,13,9,9,Brasileirao Serie A
J. Calleri,São Paulo FC,Argentina,9,ST,Right,181,33,73,,73,73,62,70,40,71,62,75,69,64,72,66,70,64,59,75,67,78,62,82,66,77,76,69,73,66,65,37,73,60,72,74,40,34,31,12,11,7,10,13,14,Brasileirao Serie A
Luciano,São Paulo FC,Brasil,10,ST,Left,181,33,72,,72,74,63,67,40,71,59,77,69,67,71,65,70,60,58,66,73,71,68,76,67,75,73,65,76,68,67,37,80,65,73,75,35,39,30,11,14,9,8,10,9,Brasileirao Serie A
Gustavo Santana,São Paulo FC,Brasil,43,"ST, LW",Right,183,21,63,,63,66,54,63,31,61,51,69,65,61,59,65,57,49,46,63,60,65,59,62,60,67,65,56,64,61,59,28,65,52,63,62,28,27,27,9,14,12,15,10,15,Brasileirao Serie A
Gabriel Grando,Grêmio Foot-Ball Porto Alegrense,Brasil,12,GK,Right,192,26,69,,42,27,37,35,28,48,20,19,28,45,23,24,26,22,41,38,44,40,40,65,43,47,59,43,51,28,42,35,21,42,29,48,24,27,26,72,66,62,68,68,46,Brasileirao Serie A
Weverton,Grêmio Foot-Ball Porto Alegrense,Brasil,1,GK,Right,189,38,68,,37,25,36,37,26,53,21,15,31,42,14,26,21,25,42,40,34,39,44,66,49,49,55,42,62,25,43,33,23,44,26,52,23,24,24,72,64,64,66,69,44,Brasileirao Serie A
Thiago Beltrame,Grêmio Foot-Ball Porto Alegrense,Brasil,24,GK,Right,201,23,65,,46,23,32,30,21,44,17,17,24,42,14,18,18,21,35,33,49,44,39,59,43,49,59,39,49,16,35,27,14,36,28,46,19,19,22,67,63,60,64,68,47,Brasileirao Serie A
Gabriel Menegon,Grêmio Foot-Ball Porto Alegrense,Brasil,31,GK,Right,196,17,61,,34,21,29,27,18,42,12,16,25,37,10,16,16,11,34,29,35,33,34,54,47,43,48,33,49,17,34,25,11,34,23,35,14,17,16,59,61,52,61,59,40,Brasileirao Serie A
Gustavo Martins,Grêmio Foot-Ball Porto Alegrense,Brasil,6,CB,Right,191,24,74,,72,53,60,63,76,76,53,51,79,66,46,61,52,49,67,65,68,76,56,72,62,67,83,73,77,49,73,78,46,55,51,76,79,73,73,10,11,12,8,11,14,Brasileirao Serie A
Wallace,Grêmio Foot-Ball Porto Alegrense,Brasil,82,CB,Right,190,21,68,,61,48,55,58,71,72,52,44,73,63,44,57,43,52,57,59,58,64,50,64,55,60,69,63,79,47,66,73,45,48,47,65,68,74,63,13,7,9,14,13,15,Brasileirao Serie A
Wagner Leonardo,Grêmio Foot-Ball Porto Alegrense,Brasil,3,CB,Left,186,27,72,,67,55,60,62,72,75,55,54,71,71,45,56,52,50,63,66,67,67,61,72,67,66,77,69,75,54,80,75,46,49,52,69,74,68,73,11,8,13,13,12,8,Brasileirao Serie A
F. Balbuena,Grêmio Foot-Ball Porto Alegrense,Paraguay,2,"CB, CDM",Right,188,35,69,,59,49,57,57,72,70,57,44,69,62,45,48,48,45,55,63,61,58,59,66,58,64,74,63,75,49,64,73,46,54,49,64,73,70,72,10,9,14,6,6,6,Brasileirao Serie A
Luis Eduardo,Grêmio Foot-Ball Porto Alegrense,Brasil,43,"CB, RB",Right,188,18,58,,57,38,45,46,60,60,42,32,63,53,35,45,41,39,46,45,56,58,48,48,43,54,72,53,62,37,61,59,31,34,40,54,59,63,51,6,9,10,7,13,8,Brasileirao Serie A
W. Kannemann,Grêmio Foot-Ball Porto Alegrense,Argentina,4,"CB, RB",Left,184,35,69,,61,49,57,61,71,72,48,42,67,66,46,57,57,45,57,63,58,63,58,69,62,67,73,65,74,49,73,71,46,51,51,74,68,76,71,9,15,14,14,9,7,Brasileirao Serie A
Athos Thawan,Grêmio Foot-Ball Porto Alegrense,Brasil,42,CB,Right,188,21,61,,55,43,50,48,64,65,47,37,66,56,33,43,47,36,52,52,56,54,42,62,53,56,66,56,68,48,69,64,33,44,43,57,66,61,67,15,13,9,13,8,15,Brasileirao Serie A
Marlon,Grêmio Foot-Ball Porto Alegrense,Brasil,23,"LB, LM",Left,178,29,73,,77,58,67,70,69,68,72,54,62,71,57,74,58,61,63,65,80,75,72,65,75,63,68,75,64,59,70,70,61,64,58,70,68,70,70,14,12,14,7,8,12,Brasileirao Serie A
Pedro Gabriel,Grêmio Foot-Ball Porto Alegrense,Brasil,54,LB,Left,170,19,64,,70,49,61,62,62,63,64,45,54,60,47,62,61,49,62,59,68,72,69,62,70,62,55,67,63,48,58,67,41,60,51,62,61,61,64,10,10,14,10,15,14,Brasileirao Serie A
Caio Paulista,Grêmio Foot-Ball Porto Alegrense,Brasil,38,"LB, RB",Left,184,28,72,,78,54,66,69,72,74,71,48,64,67,58,69,63,58,66,70,79,78,67,70,65,64,74,75,76,54,68,69,57,60,60,66,78,72,67,15,7,8,10,13,11,Brasileirao Serie A
Diego Caito,Grêmio Foot-Ball Porto Alegrense,Brasil,27,"RB, LB",Right,180,22,67,,72,49,63,63,65,64,68,44,56,65,50,60,58,56,65,63,72,72,67,64,68,58,67,70,60,50,66,61,53,57,53,64,66,69,67,10,7,9,9,12,14,Brasileirao Serie A
João Pedro,Grêmio Foot-Ball Porto Alegrense,Brasil,18,RB,Right,179,29,68,,77,56,64,64,67,68,69,52,61,64,50,63,62,57,64,62,77,77,73,64,68,65,64,76,65,57,68,71,56,59,52,59,65,70,64,8,14,9,11,11,7,Brasileirao Serie A
Marcos Rocha,Grêmio Foot-Ball Porto Alegrense,Brasil,14,RB,Right,176,37,65,,63,48,59,64,64,61,63,46,58,60,42,62,54,48,64,63,63,63,66,64,74,55,65,65,60,46,59,62,55,54,54,64,62,67,71,10,14,13,14,12,15,Brasileirao Serie A
E. Noriega,Grêmio Foot-Ball Porto Alegrense,Perú,8,CDM,Right,185,24,74,Perú,71,63,73,70,76,76,67,58,69,77,57,69,62,68,75,71,72,70,66,70,66,68,74,73,78,68,75,81,64,73,64,74,73,77,77,15,9,12,10,6,11,Brasileirao Serie A
M. Villasanti,Grêmio Foot-Ball Porto Alegrense,Paraguay,20,CDM,Right,178,29,74,Paraguay,69,66,70,70,77,76,61,61,69,77,58,74,64,60,72,64,69,69,67,72,72,72,68,82,77,74,70,75,66,69,65,72,78,80,76,13,11,9,9,7,12,Brasileirao Serie A
Danilo Barbosa,Grêmio Foot-Ball Porto Alegrense,Brasil,15,"CDM, CM",Right,183,30,70,,65,61,64,65,69,77,56,58,67,66,55,67,58,58,76,63,64,65,60,67,63,64,63,78,76,66,80,72,59,64,59,75,68,69,67,14,9,13,11,8,14,Brasileirao Serie A
F. Krovinovic,Grêmio Foot-Ball Porto Alegrense,Croacia,10,"CDM, CB",Right,175,31,71,,62,63,66,68,71,71,59,63,64,70,49,70,60,58,71,64,66,58,62,72,73,66,67,75,69,63,72,77,63,67,61,75,76,65,71,14,7,8,14,8,10,Brasileirao Serie A
Dodi,Grêmio Foot-Ball Porto Alegrense,Brasil,17,CDM,Right,169,30,67,,62,57,64,64,68,63,53,51,60,72,49,64,57,61,72,64,65,59,64,67,69,64,64,67,61,64,65,70,59,59,60,64,73,65,65,10,11,14,11,15,6,Brasileirao Serie A
J. Nardoni,Grêmio Foot-Ball Porto Alegrense,Argentina,5,"CM, CAM",Right,180,24,74,,69,71,75,72,68,73,66,71,68,78,61,73,71,67,80,73,70,68,71,72,68,69,66,78,73,76,67,70,68,78,63,72,65,71,66,8,15,15,7,11,14,Brasileirao Serie A
Tiago Augusto,Grêmio Foot-Ball Porto Alegrense,Brasil,39,"CM, CAM",Both,176,18,57,,59,50,57,56,53,56,49,45,54,62,49,56,47,48,59,56,61,57,55,51,59,58,52,64,54,51,50,54,49,58,52,53,55,52,44,9,13,14,6,15,6,Brasileirao Serie A
Riquelme,Grêmio Foot-Ball Porto Alegrense,Brasil,65,CAM,Right,181,20,66,,67,68,68,68,39,59,64,69,53,71,62,69,69,62,61,66,69,66,74,66,59,66,52,65,59,71,54,42,65,74,68,65,41,33,30,14,9,8,10,6,10,Brasileirao Serie A
F. Amuzu,Grêmio Foot-Ball Porto Alegrense,Ghana,9,"LW, LM",Left,169,27,76,,82,74,71,81,45,64,77,73,61,68,76,82,78,70,67,80,85,80,88,77,81,76,61,72,61,74,63,43,74,73,75,70,45,42,43,10,7,11,13,11,11,Brasileirao Serie A
J. Cabral,Grêmio Foot-Ball Porto Alegrense,Cabo Verde,77,LW,Left,174,28,68,Cabo Verde,77,67,67,74,37,57,69,68,55,67,62,76,68,59,60,73,81,74,77,65,70,70,53,60,59,65,51,39,68,71,59,69,36,32,30,10,11,15,12,10,8,Brasileirao Serie A
Tetê,Grêmio Foot-Ball Porto Alegrense,Brasil,11,"RW, RM",Left,175,26,74,,82,73,72,77,44,68,72,76,57,72,66,79,70,66,70,75,85,80,82,76,79,77,61,79,67,64,59,44,74,75,71,72,42,43,38,6,11,6,13,7,14,Brasileirao Serie A
C. Pavón,Grêmio Foot-Ball Porto Alegrense,Argentina,7,"RW, RM",Right,174,30,73,,83,75,70,78,45,64,70,76,61,70,67,79,78,63,65,77,83,83,80,72,76,76,60,74,60,73,62,47,72,71,72,75,41,45,36,11,14,12,15,13,6,Brasileirao Serie A
J. Enamorado,Grêmio Foot-Ball Porto Alegrense,Colombia,99,RW,Right,170,27,72,,77,64,72,76,40,61,81,61,55,70,68,77,71,65,71,77,77,77,75,68,75,69,63,73,55,62,60,44,73,68,64,75,35,39,37,6,6,14,9,7,9,Brasileirao Serie A
Roger,Grêmio Foot-Ball Porto Alegrense,Brasil,47,RW,Left,169,18,57,,66,55,53,64,26,49,47,54,39,56,60,66,62,46,51,63,65,66,62,58,65,56,47,50,49,51,46,27,64,56,56,54,28,22,21,6,8,7,13,10,11,Brasileirao Serie A
Carlos Vinícius,Grêmio Foot-Ball Porto Alegrense,Brasil,95,"ST, CF",Left,190,31,78,,79,81,68,80,42,78,64,84,81,73,79,78,73,63,61,86,77,80,70,80,68,81,78,72,84,76,72,41,84,67,81,79,40,35,35,7,7,13,12,9,12,Brasileirao Serie A
Matheus Nascimento,Grêmio Foot-Ball Porto Alegrense,Brasil,30,ST,Right,185,22,67,,67,71,59,64,35,71,58,72,76,63,64,61,60,56,51,67,65,69,68,65,63,74,71,68,75,66,64,34,71,60,72,64,32,26,29,13,13,14,9,10,8,Brasileirao Serie A
M. Braithwaite,Grêmio Foot-Ball Porto Alegrense,Dinamarca,22,"ST, CF",Right,177,35,72,,69,74,67,71,38,67,63,80,67,74,68,68,68,57,63,73,70,68,75,72,70,68,70,64,73,70,57,37,79,62,68,77,37,35,28,14,15,12,10,10,12,Brasileirao Serie A
Anthoni,Sport Club Internacional,Brasil,12,GK,Right,193,24,71,,44,29,40,36,29,54,24,22,31,49,22,22,27,27,40,39,45,44,46,65,53,49,62,41,63,28,46,33,20,48,33,51,28,27,25,73,71,64,65,73,51,Brasileirao Serie A
Matheus Cunha,Sport Club Internacional,Brasil,23,GK,Right,193,25,71,,49,27,40,38,28,57,30,17,36,44,22,25,31,30,43,44,49,49,47,66,47,50,59,51,64,26,48,40,21,45,31,53,27,22,22,72,65,65,68,71,48,Brasileirao Serie A
S. Rochet,Sport Club Internacional,Uruguay,1,GK,Right,189,33,72,,44,27,41,39,28,55,26,18,30,46,21,27,26,27,43,41,40,47,51,70,54,50,58,49,63,25,44,35,20,54,29,51,27,24,28,71,67,67,74,75,50,Brasileirao Serie A
Kauan,Sport Club Internacional,Brasil,22,GK,Right,192,23,63,,39,20,30,32,23,47,15,13,22,37,13,20,18,12,32,35,38,39,42,56,42,43,51,33,59,19,34,32,10,37,21,43,18,22,20,62,65,59,67,71,42,Brasileirao Serie A
Diego Esser,Sport Club Internacional,Brasil,32,GK,Left,194,21,62,,39,22,31,27,21,44,19,15,20,36,12,19,14,19,34,28,37,40,31,56,41,45,53,39,50,19,33,35,11,39,24,37,13,21,21,61,63,54,59,66,41,Brasileirao Serie A
Victor Gabriel,Sport Club Internacional,Brasil,41,CB,Left,187,22,69,,62,50,56,58,73,72,51,45,69,65,49,50,57,45,59,63,64,61,58,71,56,66,67,66,75,46,72,72,49,48,49,69,73,76,70,13,10,12,14,12,9,Brasileirao Serie A
G. Maripán,Sport Club Internacional,Chile,3,"CB, RB",Right,193,32,73,,65,54,61,64,77,77,52,47,81,70,52,59,55,50,63,69,63,66,58,73,62,75,82,71,80,51,76,78,49,57,55,80,73,78,80,13,15,12,6,15,9,Brasileirao Serie A
F. Torres,Sport Club Internacional,Ecuador,4,CB,Right,187,29,65,Ecuador,62,47,52,54,66,67,50,45,65,58,31,50,46,45,54,54,61,63,57,66,55,63,75,59,71,42,64,70,39,43,45,62,65,67,64,8,13,9,7,7,6,Brasileirao Serie A
Juninho,Sport Club Internacional,Brasil,18,CB,Left,185,31,69,,65,53,58,58,71,72,58,51,69,63,45,51,50,44,63,62,66,64,59,69,61,63,77,65,75,49,72,66,52,52,50,69,71,75,73,6,6,6,14,15,13,Brasileirao Serie A
G. Mercado,Sport Club Internacional,Argentina,25,"CB, RB",Right,180,39,64,,48,44,52,53,68,66,50,37,68,59,39,46,41,47,59,60,45,50,49,65,53,59,66,64,66,47,68,68,42,42,47,61,65,70,68,13,9,7,13,6,6,Brasileirao Serie A
A. Bernabei,Sport Club Internacional,Argentina,26,"LB, RB",Left,169,26,77,,82,62,77,73,74,72,79,55,66,85,62,72,73,62,70,71,85,79,83,73,77,75,75,84,65,66,76,77,62,72,60,69,74,76,75,12,9,15,9,13,14,Brasileirao Serie A
Matheus Bahia,Sport Club Internacional,Brasil,6,LB,Left,181,27,71,,78,54,66,68,70,70,71,48,63,69,54,71,59,62,63,64,75,81,74,68,69,62,69,75,66,55,75,71,64,61,60,69,70,69,74,10,13,12,7,12,10,Brasileirao Serie A
Bruno Gomes,Sport Club Internacional,Brasil,15,RB,Right,175,25,76,,81,61,73,75,72,77,76,56,67,78,54,76,67,60,74,72,83,79,80,75,82,70,71,80,74,63,82,68,65,66,66,69,75,70,80,13,8,12,7,8,12,Brasileirao Serie A
B. Aguirre,Sport Club Internacional,Argentina,35,RB,Right,175,26,70,,73,55,67,67,70,66,72,54,56,71,52,65,63,53,68,66,75,71,72,69,74,58,62,74,63,55,67,70,59,61,56,67,72,74,68,9,9,14,12,7,11,Brasileirao Serie A
R. Villagra,Sport Club Internacional,Argentina,5,"CDM, CM",Right,178,25,72,,70,64,67,69,72,74,58,63,64,70,58,66,62,61,75,72,67,72,71,72,67,69,75,77,75,65,70,72,62,68,59,61,72,76,73,11,10,13,7,14,15,Brasileirao Serie A
Ronaldo,Sport Club Internacional,Brasil,16,CDM,Right,179,29,71,,64,61,67,63,71,76,57,56,64,71,55,63,58,64,72,61,65,63,62,68,71,68,68,81,76,65,74,73,64,69,61,75,67,76,74,8,8,8,13,7,15,Brasileirao Serie A
Thiago Maia,Sport Club Internacional,Brasil,29,CDM,Left,179,29,70,,61,63,66,66,69,71,56,60,67,70,54,66,63,59,70,66,59,62,68,63,69,67,68,77,66,66,76,69,65,67,65,71,73,68,66,11,14,14,6,8,12,Brasileirao Serie A
Benjamin,Sport Club Internacional,Ghana,33,CDM,Right,168,20,63,,58,55,59,61,63,61,52,53,56,66,48,61,50,56,63,61,61,56,58,58,67,57,61,62,59,58,64,63,56,55,55,60,63,66,57,7,8,11,11,10,13,Brasileirao Serie A
Paulinho Paula,Sport Club Internacional,Brasil,27,CM,Right,173,29,68,,65,64,71,68,59,65,67,59,63,72,58,69,66,63,71,68,66,64,69,66,68,70,58,68,63,73,69,62,67,75,60,70,59,56,58,6,9,10,12,14,8,Brasileirao Serie A
Bruno Henrique,Sport Club Internacional,Brasil,8,"CM, CDM",Right,180,36,68,,60,63,69,66,60,64,60,64,55,74,62,66,65,61,71,66,58,62,66,73,64,58,61,69,60,66,67,62,63,71,63,70,61,60,61,8,13,14,10,10,9,Brasileirao Serie A
N. Eliasson,Sport Club Internacional,Suecia,17,"RM, RW",Left,178,30,74,,81,68,75,77,55,69,73,68,68,79,65,73,75,64,74,83,81,81,81,70,73,69,66,79,66,68,66,59,72,72,68,71,54,50,53,6,14,12,7,13,12,Brasileirao Serie A
Alan Patrick,Sport Club Internacional,Brasil,10,"CAM, CF",Right,177,35,74,,70,70,74,77,46,66,67,70,64,76,69,78,74,69,69,75,75,66,81,77,74,72,63,74,63,69,62,52,71,82,75,76,48,39,34,12,9,9,15,14,15,Brasileirao Serie A
Calebe,Sport Club Internacional,Brasil,30,"CAM, CF",Left,173,26,68,,66,69,68,71,39,59,64,67,46,70,67,71,70,64,64,73,68,65,69,66,69,69,52,66,59,76,54,41,68,72,64,70,43,33,32,12,10,11,7,11,13,Brasileirao Serie A
Allex,Sport Club Internacional,Brasil,31,CAM,Left,164,20,63,,64,61,64,67,37,56,58,61,44,66,58,69,68,61,60,67,61,66,71,53,70,63,48,64,54,60,55,46,60,67,59,63,37,31,31,13,11,14,9,9,12,Brasileirao Serie A
Yago Noal,Sport Club Internacional,Brasil,37,CAM,Right,171,19,59,,61,57,59,61,35,48,56,55,44,62,54,63,58,62,54,57,61,61,68,56,62,59,44,51,46,59,50,34,60,61,58,56,38,32,30,14,12,15,13,8,9,Brasileirao Serie A
J. Carbonero,Sport Club Internacional,Colombia,7,"LW, ST",Left,170,27,74,,82,74,73,77,38,67,74,74,59,77,74,79,73,70,65,75,79,84,79,71,82,72,63,79,63,76,65,38,82,73,65,74,34,34,39,7,13,7,14,14,13,Brasileirao Serie A
Vitinho,Sport Club Internacional,Brasil,28,"LW, ST",Left,180,27,73,,81,72,72,78,43,65,75,74,63,74,70,81,73,64,67,76,81,81,74,78,73,69,59,70,67,72,56,39,72,70,75,75,42,41,36,15,10,13,7,8,11,Brasileirao Serie A
Kayky,Sport Club Internacional,Brasil,11,"RW, RM",Left,172,23,71,,77,68,69,78,40,63,74,67,54,69,64,79,73,66,63,78,77,77,78,73,73,71,64,72,62,68,56,41,75,66,65,70,39,38,38,15,12,11,11,6,8,Brasileirao Serie A
Alerrandro,Sport Club Internacional,Brasil,9,ST,Right,181,26,71,,74,73,63,70,40,71,61,76,78,67,75,70,59,61,54,71,68,79,65,69,71,76,74,63,75,64,69,39,74,65,73,73,42,31,30,12,9,7,11,8,9,Brasileirao Serie A
A. Sanabria,Sport Club Internacional,Paraguay,19,ST,Right,180,30,71,Paraguay,72,74,58,69,38,69,59,76,71,64,69,69,56,56,50,70,75,69,70,66,65,75,71,66,73,69,64,37,74,55,71,69,33,34,31,10,9,13,13,15,14,Brasileirao Serie A
Raykkonen,Sport Club Internacional,Brasil,48,"ST, CF",Right,187,18,60,,67,60,51,59,27,62,47,61,61,57,61,56,56,51,44,66,70,64,53,53,52,63,66,55,67,54,58,21,62,48,62,59,26,22,23,14,7,6,10,8,14,Brasileirao Serie A
Pedro Morisco,Coritiba Foot Ball Club,Brasil,1,GK,Right,191,22,74,Brasil,49,29,41,41,32,56,32,21,33,47,26,26,29,29,42,48,51,48,46,67,56,51,56,46,65,29,46,41,22,45,32,56,30,28,29,73,73,68,73,78,55,Brasileirao Serie A
Pedro Rangel,Coritiba Foot Ball Club,Brasil,22,GK,Right,192,26,67,,40,23,36,32,25,53,25,13,24,39,23,17,19,22,39,37,41,39,43,60,45,50,54,46,62,21,39,34,15,45,25,45,23,23,24,68,65,59,67,64,46,Brasileirao Serie A
Keiller,Coritiba Foot Ball Club,Brasil,13,GK,Right,193,29,65,,42,25,36,33,24,48,22,16,32,40,17,20,20,15,42,39,41,42,36,64,51,51,54,43,52,21,42,22,14,48,31,44,25,20,24,67,61,61,65,71,41,Brasileirao Serie A
Benassi,Coritiba Foot Ball Club,Brasil,67,GK,Right,195,22,55,,31,15,23,20,12,41,10,10,13,27,10,10,10,11,30,20,31,31,31,51,35,34,41,31,49,11,35,18,10,32,17,38,10,11,10,55,55,44,58,58,32,Brasileirao Serie A
Jacy,Coritiba Foot Ball Club,Brasil,55,"CB, CDM",Right,192,29,73,,70,51,62,61,75,77,59,47,73,73,46,59,51,54,65,63,71,69,55,72,59,66,77,68,81,46,76,79,46,49,52,68,74,75,72,9,15,11,13,14,8,Brasileirao Serie A
Tiago Cóser,Coritiba Foot Ball Club,Brasil,23,CB,Right,191,22,66,,62,47,56,54,71,67,52,40,73,64,36,56,49,43,58,51,60,64,46,63,51,66,73,60,70,48,67,68,38,47,46,65,69,73,72,9,8,11,15,14,15,Brasileirao Serie A
Maicon,Coritiba Foot Ball Club,Brasil,3,"CB, RB",Right,191,38,64,,52,45,52,54,68,67,43,39,70,60,44,47,44,47,56,59,49,54,55,68,51,58,68,65,68,48,65,63,40,48,42,66,72,66,66,12,12,6,12,10,8,Brasileirao Serie A
Rodrigo Moledo,Coritiba Foot Ball Club,Brasil,4,CB,Right,188,38,65,,50,46,54,53,65,67,54,43,71,58,38,45,47,45,60,57,48,51,54,71,47,60,69,66,68,46,63,63,32,47,43,69,65,67,60,14,15,10,15,15,8,Brasileirao Serie A
Thiago Santos,Coritiba Foot Ball Club,Brasil,21,"CB, RB",Right,181,37,63,,49,43,53,54,67,62,48,39,61,63,39,50,41,39,54,56,50,48,51,61,52,55,69,61,59,41,70,61,38,44,41,63,67,73,64,6,8,6,12,10,6,Brasileirao Serie A
Felipe Jonatan,Coritiba Foot Ball Club,Brasil,6,"LB, RB",Left,176,28,70,,76,56,65,67,66,67,69,52,60,65,49,61,66,56,68,70,79,74,72,73,76,64,66,76,63,59,68,65,52,62,54,64,69,67,64,8,10,10,10,14,14,Brasileirao Serie A
Rodrigo Gelado,Coritiba Foot Ball Club,Brasil,66,LB,Left,182,23,60,,64,47,55,56,59,59,63,42,56,60,45,55,50,46,48,56,61,67,63,56,56,57,56,65,59,48,54,58,46,49,48,56,61,59,58,8,6,11,14,13,14,Brasileirao Serie A
Bruno Melo,Coritiba Foot Ball Club,Brasil,26,"LB, LM",Left,183,33,65,,68,55,62,64,64,64,64,54,61,66,46,63,60,53,58,64,67,68,68,64,69,61,58,68,64,53,59,66,52,59,51,62,64,63,64,12,8,14,14,7,9,Brasileirao Serie A
F. Bustos,Coritiba Foot Ball Club,Argentina,14,"RB, LB",Right,167,30,70,,72,53,68,70,66,64,68,47,56,75,54,68,63,56,67,68,72,72,78,72,79,61,62,73,59,56,68,69,60,63,55,66,66,65,71,8,15,13,10,13,7,Brasileirao Serie A
Lucas Taverna,Coritiba Foot Ball Club,Brasil,86,RB,Right,175,19,57,,67,45,54,53,57,53,62,40,46,56,41,50,50,40,56,53,65,68,64,55,66,59,48,61,48,42,58,61,47,47,45,46,52,61,60,9,6,15,13,12,15,Brasileirao Serie A
Tinga,Coritiba Foot Ball Club,Brasil,2,RB,Right,179,33,71,,75,53,68,69,69,73,73,48,60,70,51,71,63,62,67,67,75,75,74,67,73,62,68,80,68,54,76,70,59,63,55,63,71,68,72,13,10,14,9,8,8,Brasileirao Serie A
N. Fonseca,Coritiba Foot Ball Club,Uruguay,5,CDM,Right,181,27,71,,66,59,66,66,71,72,55,52,64,72,58,62,59,58,69,71,68,64,63,70,69,67,66,76,68,64,78,71,62,68,60,66,68,78,70,6,15,15,15,15,13,Brasileirao Serie A
Tissi,Coritiba Foot Ball Club,Brasil,50,CDM,Right,175,19,61,,56,52,58,59,62,65,51,49,55,67,45,56,50,53,55,64,55,57,55,57,54,56,57,65,65,58,67,62,54,54,49,62,64,61,66,8,6,8,10,6,12,Brasileirao Serie A
Richard,Coritiba Foot Ball Club,Brasil,25,"CDM, CB",Right,191,32,67,,57,55,64,64,69,76,55,46,70,68,50,66,55,62,68,63,58,57,61,67,61,66,67,73,81,63,67,71,58,65,55,66,69,67,69,9,14,15,15,10,11,Brasileirao Serie A
S. Gómez,Coritiba Foot Ball Club,Colombia,19,"CM, CDM",Left,177,30,69,,64,62,70,69,60,65,68,56,60,76,60,71,67,62,67,67,63,65,70,73,69,69,62,75,61,66,61,56,63,69,65,60,62,62,57,9,13,14,13,6,10,Brasileirao Serie A
Vini Paulista,Coritiba Foot Ball Club,Brasil,36,CM,Right,179,25,64,,57,59,62,65,56,63,57,56,55,66,58,62,62,55,65,70,56,58,67,63,66,62,57,68,60,63,64,57,65,62,58,59,56,56,56,6,15,6,14,9,11,Brasileirao Serie A
Gustavo,Coritiba Foot Ball Club,Brasil,39,"CAM, CM",Right,178,24,64,,67,62,63,66,35,57,69,60,46,59,58,67,70,60,60,65,66,67,64,65,68,65,49,59,60,66,50,37,65,66,56,66,37,29,30,15,9,11,13,15,12,Brasileirao Serie A
Josué,Coritiba Foot Ball Club,Portugal,10,CAM,Left,174,36,69,,64,68,68,74,43,59,65,67,48,67,66,73,74,65,68,75,66,63,72,66,72,69,57,70,55,68,56,44,65,73,73,79,41,43,38,14,6,11,13,9,13,Brasileirao Serie A
J. Lavega,Coritiba Foot Ball Club,Uruguay,7,"LW, LM",Left,172,21,71,,78,70,71,74,40,63,72,73,56,74,69,78,75,66,67,72,74,81,74,69,77,68,56,72,62,68,55,45,70,70,68,67,35,37,35,13,10,6,6,14,13,Brasileirao Serie A
Breno Lopes,Coritiba Foot Ball Club,Brasil,77,"LW, ST",Left,178,30,75,,79,74,71,75,45,68,77,75,66,67,72,75,78,71,72,76,80,79,77,76,75,73,61,78,67,75,60,48,73,70,67,71,44,39,40,11,12,6,9,13,14,Brasileirao Serie A
B. Ocampo,Coritiba Foot Ball Club,Uruguay,17,LW,Left,172,27,68,,73,69,67,69,36,59,69,70,51,65,67,69,70,65,59,67,71,74,74,71,68,73,62,68,55,63,56,39,75,72,64,67,34,32,28,12,11,14,13,14,14,Brasileirao Serie A
Keno,Coritiba Foot Ball Club,Brasil,20,"LW, LM",Left,174,37,68,,68,67,66,68,37,60,72,69,56,65,60,68,62,67,54,63,68,68,80,74,72,66,57,66,61,68,50,36,66,70,62,63,32,39,31,11,9,6,6,14,8,Brasileirao Serie A
Lucas Ronier,Coritiba Foot Ball Club,Brasil,11,"RW, ST",Left,165,21,70,,78,69,69,74,37,63,68,72,52,71,72,78,69,70,61,66,77,79,83,72,81,61,62,69,62,70,56,37,72,71,69,69,36,35,34,10,9,15,14,6,6,Brasileirao Serie A
Fabinho,Coritiba Foot Ball Club,Brasil,28,RW,Left,181,26,69,,79,68,66,76,40,61,71,67,62,64,65,80,70,66,62,74,78,80,74,67,76,71,59,68,61,69,55,40,71,66,63,66,32,40,39,13,9,10,11,15,8,Brasileirao Serie A
Paulo Roberto,Coritiba Foot Ball Club,Brasil,18,"ST, CF",Right,185,21,65,,66,67,56,65,30,65,54,69,71,60,65,71,53,57,44,60,64,67,58,67,59,71,63,60,70,59,59,27,68,63,66,67,30,20,25,14,7,7,10,9,15,Brasileirao Serie A
Pedro Rocha,Coritiba Foot Ball Club,Brasil,32,"ST, CF",Right,175,32,74,,74,75,66,72,38,72,63,78,73,71,70,71,65,63,63,69,73,75,76,80,73,80,69,71,73,64,69,34,78,64,77,78,38,32,31,12,13,7,6,8,8,Brasileirao Serie A
Renato Marques,Coritiba Foot Ball Club,Brasil,78,"ST, CF",Right,180,22,66,,69,70,57,62,32,65,53,73,67,62,69,57,54,58,55,66,68,70,63,67,66,68,65,65,65,65,63,32,70,53,65,63,29,26,25,10,10,12,14,10,8,Brasileirao Serie A
Rodrigo Rodrigues,Coritiba Foot Ball Club,Brasil,99,ST,Right,191,30,67,,71,69,56,68,34,68,49,71,79,64,70,69,57,50,49,70,70,72,63,70,53,71,73,63,74,61,59,31,70,55,68,66,30,29,25,9,14,15,15,11,15,Brasileirao Serie A
Éberth,Coritiba Foot Ball Club,Brasil,9,"ST, CF",Left,193,23,59,,60,63,48,56,26,60,47,65,63,51,61,57,48,49,42,56,61,59,51,58,51,60,64,55,68,61,47,28,65,47,59,59,24,16,20,13,7,8,11,13,10,Brasileirao Serie A
Lucas Arcanjo,Esporte Clube Vitória,Brasil,1,GK,Right,189,28,71,,47,29,41,40,28,51,31,21,37,43,21,29,27,26,46,43,49,46,44,70,53,52,63,44,55,27,47,38,19,52,36,52,20,28,20,72,69,65,70,77,47,Brasileirao Serie A
Fintelman,Esporte Clube Vitória,Brasil,35,GK,Right,195,25,59,,36,17,27,27,16,45,12,10,15,33,10,18,18,11,31,28,38,34,32,54,37,41,50,35,53,12,35,24,11,36,18,41,13,12,17,61,60,52,56,63,34,Brasileirao Serie A
Yuri Sena,Esporte Clube Vitória,Brasil,71,GK,Right,190,25,64,,37,22,32,33,22,51,15,15,22,40,19,20,19,16,39,39,36,38,40,61,41,41,52,40,60,20,40,25,22,35,23,46,22,19,21,64,65,62,62,67,41,Brasileirao Serie A
Riccieli,Esporte Clube Vitória,Brasil,5,CB,Right,187,28,70,,68,54,56,59,71,74,56,48,67,61,42,55,53,50,58,63,66,70,60,63,58,70,72,68,78,58,73,78,40,49,50,66,70,70,71,15,14,14,9,13,14,Brasileirao Serie A
Cacá,Esporte Clube Vitória,Brasil,25,CB,Right,187,27,70,,64,49,58,60,74,75,54,44,72,65,41,55,47,52,61,66,60,67,52,65,56,63,73,70,81,49,66,72,45,52,49,69,80,72,70,11,11,8,15,15,6,Brasileirao Serie A
Zé Marcos,Esporte Clube Vitória,Brasil,14,"CB, CDM",Left,188,28,67,,59,48,53,55,70,70,54,42,66,59,43,49,46,50,54,59,61,58,52,63,53,65,74,67,70,49,73,73,39,43,44,66,70,71,64,13,9,11,7,11,9,Brasileirao Serie A
Edu Ribeiro,Esporte Clube Vitória,Brasil,43,CB,Right,185,26,65,,59,47,56,56,66,68,51,43,64,66,42,56,45,42,55,54,54,63,53,62,54,61,66,62,74,46,60,64,39,48,45,66,66,68,64,7,12,12,11,12,8,Brasileirao Serie A
E. Brítez,Esporte Clube Vitória,Argentina,2,CB,Right,178,34,70,,58,48,57,63,75,70,54,41,71,64,43,61,52,52,57,61,61,55,66,70,63,66,75,68,70,48,73,74,49,50,47,73,80,72,73,11,11,14,11,14,15,Brasileirao Serie A
Camutanga,Esporte Clube Vitória,Brasil,4,"CB, RB",Right,189,33,66,,56,46,54,56,69,69,56,39,69,58,43,53,43,46,59,58,56,56,50,63,58,62,71,62,71,48,70,72,39,46,47,66,67,72,63,14,6,11,9,14,10,Brasileirao Serie A
Darlan,Esporte Clube Vitória,Brasil,3,"CB, RB",Right,190,23,61,,53,42,47,48,68,66,48,36,63,51,35,46,38,45,50,49,50,56,47,59,44,59,64,60,70,42,66,64,37,41,45,57,70,70,65,14,14,9,13,15,7,Brasileirao Serie A
Luan Cândido,Esporte Clube Vitória,Brasil,36,LB,Left,187,25,73,,78,60,69,72,71,72,76,55,70,71,57,71,65,55,68,74,80,77,69,75,71,68,72,71,72,62,73,71,62,62,57,74,67,75,75,12,7,9,14,8,12,Brasileirao Serie A
Ramon,Esporte Clube Vitória,Brasil,13,LB,Left,179,25,69,,72,54,65,67,66,66,74,50,62,69,54,66,65,54,64,68,78,68,72,68,65,59,65,72,63,56,66,64,58,53,60,62,66,65,72,13,13,7,7,12,14,Brasileirao Serie A
Jamerson,Esporte Clube Vitória,Brasil,83,LB,Left,177,28,65,,75,51,62,60,65,63,63,47,54,68,48,55,54,55,65,63,73,77,67,60,65,60,57,70,60,50,62,66,49,52,53,57,65,68,66,10,13,14,6,10,6,Brasileirao Serie A
Nathan Mendes,Esporte Clube Vitória,Brasil,45,RB,Right,182,24,67,,73,54,61,66,65,68,71,51,57,62,48,66,60,55,56,63,71,74,71,70,68,63,64,69,69,51,65,68,58,56,53,62,64,66,71,7,12,12,7,12,9,Brasileirao Serie A
Fabiano,Esporte Clube Vitória,Brasil,70,"RB, LB",Right,175,26,69,,74,57,64,65,65,67,65,57,53,67,52,63,63,56,71,64,74,74,75,73,71,65,65,71,67,51,64,64,54,53,52,63,68,66,71,6,13,9,6,10,14,Brasileirao Serie A
Mateus Silva,Esporte Clube Vitória,Brasil,98,RB,Right,175,27,65,,70,51,60,63,64,64,66,47,56,62,52,60,50,54,60,65,69,70,66,62,66,60,59,67,64,50,59,68,58,54,53,56,64,62,68,8,14,14,13,13,8,Brasileirao Serie A
Baralhas,Esporte Clube Vitória,Brasil,44,"CDM, CM",Right,178,27,71,,63,64,66,66,72,71,60,58,62,71,58,65,64,61,68,68,62,63,62,73,68,74,68,76,67,72,77,70,66,66,59,63,80,70,71,11,14,8,11,14,9,Brasileirao Serie A
Walace,Esporte Clube Vitória,Brasil,15,"CDM, CB",Right,188,31,72,,63,65,70,67,77,77,61,61,77,79,59,68,60,63,70,66,59,67,61,74,67,75,74,77,79,67,72,79,68,67,62,76,77,78,72,12,8,15,6,7,13,Brasileirao Serie A
Rúben Ismael,Esporte Clube Vitória,Portugal,16,CDM,Right,184,27,67,,63,57,66,66,68,70,66,54,62,70,44,66,60,57,66,67,59,66,61,69,63,65,66,73,68,59,71,68,59,61,55,69,66,71,67,15,14,7,15,10,10,Brasileirao Serie A
Dudu,Esporte Clube Vitória,Brasil,21,"CDM, CB",Left,186,27,65,,60,56,63,62,63,69,59,52,60,67,51,62,54,56,67,62,61,59,53,64,63,65,62,75,67,57,66,67,57,63,56,69,59,65,61,15,7,12,10,11,6,Brasileirao Serie A
Caíque Gonçalves,Esporte Clube Vitória,Brasil,95,CDM,Right,178,30,67,,55,57,63,61,69,69,56,53,69,68,53,55,54,63,67,67,54,55,63,63,57,64,68,69,70,57,69,67,60,61,57,69,67,72,66,7,12,6,14,10,12,Brasileirao Serie A
Zé Vitor,Esporte Clube Vitória,Brasil,88,CM,Right,194,26,65,,61,57,66,65,58,67,57,52,63,70,56,67,64,59,69,66,62,61,59,70,54,64,63,71,68,61,62,58,61,67,58,64,58,57,60,7,12,14,8,12,7,Brasileirao Serie A
Matheuzinho,Esporte Clube Vitória,Brasil,10,CAM,Left,165,28,70,,70,68,73,74,43,61,72,66,49,73,67,72,74,69,71,78,68,71,74,69,76,73,54,69,58,66,58,43,72,74,73,71,45,39,43,13,12,8,9,6,6,Brasileirao Serie A
T. Pochettino,Esporte Clube Vitória,Argentina,8,CAM,Right,180,30,73,,71,75,72,76,43,65,67,79,59,71,61,75,73,72,71,79,74,69,75,74,74,75,67,70,63,71,61,44,74,80,73,76,37,41,46,11,13,15,10,14,13,Brasileirao Serie A
E. Martínez,Esporte Clube Vitória,Argentina,6,CAM,Right,169,32,71,,70,72,71,76,44,60,65,73,48,74,66,78,71,64,68,74,72,68,78,74,74,71,51,65,59,74,59,43,73,75,68,67,45,44,44,13,9,15,12,15,15,Brasileirao Serie A
Renê,Esporte Clube Vitória,Brasil,91,LW,Left,183,22,71,,78,68,70,74,40,62,73,69,61,72,66,74,76,64,61,76,82,74,70,68,76,72,65,71,61,65,51,36,68,70,64,66,42,35,34,10,11,9,11,10,12,Brasileirao Serie A
D. Tarzia,Esporte Clube Vitória,Argentina,12,"LW, ST",Left,174,23,67,,77,65,66,71,37,59,73,62,56,67,62,72,69,61,53,70,75,78,76,63,68,71,56,65,59,64,52,34,76,69,59,63,39,33,28,10,9,15,9,11,10,Brasileirao Serie A
Anderson Pato,Esporte Clube Vitória,Brasil,28,LW,Left,178,24,61,,64,60,60,66,31,53,56,61,49,62,56,67,62,53,55,66,66,63,68,55,65,61,55,58,53,57,47,29,66,64,55,60,30,27,29,15,14,7,14,13,13,Brasileirao Serie A
Erick,Esporte Clube Vitória,Brasil,33,"RW, RM",Left,173,28,73,,80,71,70,78,42,63,71,73,59,72,66,77,73,69,63,80,76,83,84,67,77,72,64,74,61,66,56,44,75,71,70,69,42,38,34,6,15,13,14,7,8,Brasileirao Serie A
I. Laquintana,Esporte Clube Vitória,Uruguay,17,"RW, RM",Right,173,27,69,,76,66,67,70,38,60,70,63,57,63,67,70,70,62,64,71,79,73,72,70,73,70,59,69,59,70,54,35,70,72,66,66,37,34,36,10,11,10,14,11,10,Brasileirao Serie A
Lucas Silva,Esporte Clube Vitória,Brasil,20,RW,Right,182,27,66,,72,64,66,69,36,60,70,67,51,66,59,72,67,56,62,66,70,73,69,68,70,64,60,65,62,57,47,37,67,68,67,64,35,35,24,14,8,8,12,15,7,Brasileirao Serie A
Marinho,Esporte Clube Vitória,Brasil,7,"RW, RM",Left,169,36,67,,64,66,66,70,36,55,69,65,49,67,68,69,69,59,56,71,70,60,74,66,66,65,58,65,51,66,53,36,71,70,64,68,34,33,36,10,12,8,6,9,15,Brasileirao Serie A
Osvaldo,Esporte Clube Vitória,Brasil,11,RW,Right,170,39,64,,60,64,61,66,35,54,63,64,50,60,59,65,57,58,56,64,61,60,73,67,66,66,56,61,52,62,49,38,73,64,57,68,35,31,24,11,7,11,6,8,7,Brasileirao Serie A
Renato Kayzer,Esporte Clube Vitória,Brasil,79,"ST, LW",Right,176,30,68,,75,65,59,67,33,65,53,64,66,63,70,70,57,58,57,64,73,77,65,67,63,66,68,66,65,65,63,30,71,58,62,69,35,25,26,15,11,10,11,13,7,Brasileirao Serie A
Fabri,Esporte Clube Vitória,Brasil,23,"ST, LW",Right,186,25,68,,72,69,57,68,34,66,51,72,71,61,67,67,58,56,53,69,72,72,65,72,64,72,72,61,68,62,64,37,71,59,64,71,28,26,32,7,13,13,15,14,7,Brasileirao Serie A
Alex Bruno,Esporte Clube Vitória,Brasil,9,"ST, LW",Left,190,27,62,,60,65,52,59,28,62,49,68,61,54,62,58,53,59,50,58,61,60,61,66,55,66,62,55,70,58,53,25,65,51,67,62,25,23,24,7,10,8,15,6,12,Brasileirao Serie A
Walter,Mirassol Futebol Clube (SP),Brasil,22,GK,Right,188,38,66,,32,20,35,34,23,47,21,10,23,40,14,22,20,20,35,38,31,32,41,68,48,46,53,37,55,20,39,29,13,49,22,47,20,23,22,68,65,58,67,73,41,Brasileirao Serie A
Alex Muralha,Mirassol Futebol Clube (SP),Brasil,23,GK,Right,189,36,63,,28,21,32,31,18,50,20,14,20,41,15,20,17,12,34,34,26,29,38,63,50,42,51,40,60,17,39,27,14,38,20,42,16,15,18,66,58,61,58,64,36,Brasileirao Serie A
Georgemy,Mirassol Futebol Clube (SP),Brasil,1,GK,Right,197,31,58,,31,18,27,28,13,42,10,11,17,36,12,16,14,14,28,33,24,36,29,60,37,42,46,34,47,11,36,17,10,33,20,43,13,10,14,60,59,49,53,64,43,Brasileirao Serie A
Thomazella,Mirassol Futebol Clube (SP),Brasil,90,GK,Right,192,36,66,,35,22,32,35,24,49,23,15,18,37,12,25,23,18,35,37,32,38,40,64,44,44,51,41,56,18,42,32,17,38,27,49,24,20,21,66,64,61,67,65,44,Brasileirao Serie A
Willian Machado,Mirassol Futebol Clube (SP),Brasil,3,CB,Left,186,29,72,,64,52,60,65,76,76,51,48,75,72,47,62,55,54,64,65,67,62,69,68,63,65,76,72,78,50,74,76,48,49,51,74,76,77,75,8,13,15,13,8,12,Brasileirao Serie A
João Victor,Mirassol Futebol Clube (SP),Brasil,34,"CB, CDM",Right,188,29,69,,65,50,57,61,70,72,56,48,73,60,40,55,51,49,60,67,62,67,56,71,61,61,75,70,73,49,70,68,44,52,50,70,72,68,70,10,15,8,15,9,7,Brasileirao Serie A
Lucas Oliveira,Mirassol Futebol Clube (SP),Brasil,2,"CB, CDM",Right,187,30,69,,61,52,56,59,74,71,57,48,72,59,44,55,50,51,62,60,61,61,59,68,61,61,77,63,75,55,71,76,45,46,51,73,72,78,66,11,15,12,6,9,11,Brasileirao Serie A
Gabriel,Mirassol Futebol Clube (SP),Brasil,44,"CB, CDM",Right,185,22,62,,59,43,50,52,64,62,50,40,59,59,35,48,41,45,51,56,58,59,51,55,51,52,63,55,65,45,63,65,38,38,45,61,61,68,65,13,13,13,9,7,14,Brasileirao Serie A
Reinaldo,Mirassol Futebol Clube (SP),Brasil,6,LB,Left,178,37,66,,62,50,64,65,63,64,64,45,61,69,51,65,60,54,65,63,60,63,67,65,71,56,64,70,61,52,66,67,53,58,51,62,60,64,66,14,15,8,7,9,14,Brasileirao Serie A
Victor Luís,Mirassol Futebol Clube (SP),Brasil,12,"LB, LM",Left,177,33,65,,67,49,63,63,62,61,64,44,54,69,46,62,59,52,61,62,67,67,68,66,65,56,61,67,59,51,59,62,56,56,52,63,62,64,64,8,6,15,15,15,13,Brasileirao Serie A
Igor Formiga,Mirassol Futebol Clube (SP),Brasil,32,RB,Right,177,27,71,,79,57,67,69,69,73,73,53,65,67,55,69,64,57,65,68,83,76,74,67,70,62,69,77,72,59,70,67,62,65,57,63,73,68,70,8,13,7,14,12,15,Brasileirao Serie A
Elias,Mirassol Futebol Clube (SP),Brasil,18,"RB, LB",Right,181,27,66,,74,53,62,64,65,62,67,50,56,64,49,62,58,58,58,64,74,74,71,58,70,59,62,73,57,55,62,65,50,57,53,63,66,67,66,10,6,7,10,7,15,Brasileirao Serie A
Daniel Borges,Mirassol Futebol Clube (SP),Brasil,20,RB,Right,174,33,66,,69,52,63,63,65,64,69,50,64,61,47,62,54,57,62,62,67,71,67,73,70,65,61,68,62,47,65,69,48,66,53,62,64,64,64,15,6,15,7,7,6,Brasileirao Serie A
Wesley Santos,Mirassol Futebol Clube (SP),Brasil,16,RB,Right,170,22,55,,60,39,50,52,54,54,51,30,46,53,40,51,49,42,48,50,63,57,61,56,60,52,45,59,52,42,55,56,48,45,42,48,56,53,57,10,14,12,7,13,12,Brasileirao Serie A
Neto Moura,Mirassol Futebol Clube (SP),Brasil,25,"CDM, CM",Right,176,30,72,,64,64,66,69,73,74,55,62,65,71,56,63,61,59,73,75,63,65,65,75,73,73,66,74,73,64,77,76,59,67,59,69,71,77,71,12,13,8,9,11,13,Brasileirao Serie A
Wallisson,Mirassol Futebol Clube (SP),Brasil,80,CDM,Right,184,29,70,,68,60,68,67,71,75,62,55,68,73,55,68,59,61,69,68,67,69,63,62,64,62,66,75,80,68,66,73,65,67,64,71,74,68,74,12,12,14,12,8,15,Brasileirao Serie A
Gustavo Cazonatti,Mirassol Futebol Clube (SP),Brasil,55,"CDM, CB",Both,176,30,66,,55,55,63,65,68,67,52,51,62,69,46,62,57,63,64,69,53,56,66,66,61,62,65,69,67,58,65,74,62,62,61,66,65,70,61,10,10,9,15,12,13,Brasileirao Serie A
Denilson,Mirassol Futebol Clube (SP),Brasil,8,"CM, CAM",Right,180,25,67,,61,61,66,73,59,68,62,60,59,66,57,74,62,58,68,75,60,62,67,68,69,66,53,70,69,60,67,61,66,73,61,65,59,58,56,15,7,10,14,12,12,Brasileirao Serie A
Aldo Filho,Mirassol Futebol Clube (SP),Brasil,21,"CM, CDM",Both,175,28,71,,63,63,72,70,60,67,64,61,60,77,61,67,71,65,75,70,64,62,75,74,77,66,61,68,66,61,72,61,66,71,70,71,59,62,58,14,6,15,14,9,11,Brasileirao Serie A
Japa,Mirassol Futebol Clube (SP),Brasil,5,CM,Left,177,22,64,,61,57,63,62,56,63,58,53,59,66,52,62,58,54,68,61,62,60,62,67,61,60,57,67,63,59,61,58,62,64,65,67,57,53,52,15,15,11,8,7,14,Brasileirao Serie A
Shaylon,Mirassol Futebol Clube (SP),Brasil,7,CAM,Left,178,29,70,,70,68,70,73,44,64,64,68,59,72,69,73,71,68,69,74,69,71,72,71,72,66,55,69,62,68,63,46,74,73,71,69,40,40,45,11,6,15,9,11,11,Brasileirao Serie A
Eduardo,Mirassol Futebol Clube (SP),Brasil,33,"CAM, CF",Right,184,36,70,,63,70,71,69,42,64,73,70,58,69,63,67,73,63,71,73,66,61,65,75,70,69,57,73,62,70,60,41,73,73,68,65,41,39,45,9,6,14,8,10,15,Brasileirao Serie A
Chico Kim,Mirassol Futebol Clube (SP),Brasil,10,CAM,Right,175,35,63,,58,61,64,67,35,55,65,57,41,62,58,66,69,59,63,68,57,59,64,67,67,62,47,58,55,66,51,39,65,68,64,66,35,32,30,14,8,11,9,15,14,Brasileirao Serie A
Alesson,Mirassol Futebol Clube (SP),Brasil,77,LW,Left,167,27,72,,75,68,68,76,42,62,69,66,59,66,67,79,74,67,67,73,73,76,82,72,76,69,62,70,59,74,61,38,76,72,60,71,45,37,40,15,8,12,12,13,6,Brasileirao Serie A
Fernandinho,Mirassol Futebol Clube (SP),Brasil,17,LW,Left,175,29,66,,74,64,62,68,35,56,64,65,54,62,60,71,66,60,51,67,75,74,66,62,73,65,58,63,53,63,53,37,65,67,59,58,29,36,25,14,8,13,7,8,10,Brasileirao Serie A
Negueba,Mirassol Futebol Clube (SP),Brasil,11,RW,Right,173,26,72,,75,69,68,73,42,65,73,71,55,68,63,77,72,62,63,69,72,78,71,72,76,71,66,71,64,67,60,43,69,69,63,70,39,42,39,10,11,9,15,11,15,Brasileirao Serie A
Gustavo Silva,Mirassol Futebol Clube (SP),Brasil,19,RW,Right,168,29,69,,77,68,66,71,36,61,71,68,53,66,61,71,70,60,54,71,77,77,72,66,72,70,60,68,60,66,55,37,73,69,69,69,39,31,28,10,8,6,11,12,11,Brasileirao Serie A
Carlos Eduardo,Mirassol Futebol Clube (SP),Brasil,96,"RW, RM",Right,173,29,66,,70,62,64,72,35,54,66,60,57,65,64,77,62,60,61,68,71,69,72,64,70,63,56,68,50,60,47,32,72,64,63,65,37,28,32,8,15,8,6,13,7,Brasileirao Serie A
Luiz Filipe,Mirassol Futebol Clube (SP),Brasil,4,"RW, RM",Right,174,25,58,,65,56,54,61,29,51,57,58,40,56,56,62,59,51,45,60,66,65,66,56,66,57,47,61,49,52,43,32,59,55,53,51,32,21,25,14,12,8,9,10,11,Brasileirao Serie A
Edson Carioca,Mirassol Futebol Clube (SP),Brasil,95,"ST, LW",Right,179,29,71,,75,75,63,73,39,70,60,76,73,64,74,73,67,69,56,74,71,78,75,74,68,79,75,67,73,71,66,40,78,65,71,68,34,35,29,7,15,14,9,11,9,Brasileirao Serie A
André Luis,Mirassol Futebol Clube (SP),Brasil,9,"ST, LW",Right,184,32,72,,73,73,63,75,37,71,59,76,71,66,70,76,69,64,52,76,69,76,72,77,69,70,69,65,76,70,66,39,79,67,70,75,31,34,29,7,15,13,8,12,6,Brasileirao Serie A
Zé Roberto,Mirassol Futebol Clube (SP),Brasil,99,ST,Right,184,33,64,,64,64,55,62,31,65,52,66,63,56,59,64,57,51,53,61,60,68,58,66,57,66,62,63,70,60,58,29,71,56,62,66,29,27,25,12,12,12,13,11,6,Brasileirao Serie A
Bruno Santos,Mirassol Futebol Clube (SP),Brasil,30,"ST, LW",Right,185,29,61,,59,65,51,59,29,63,52,70,66,53,60,57,53,50,43,59,59,59,63,60,54,65,61,57,68,59,58,28,62,52,60,63,24,24,25,6,15,14,8,8,11,Brasileirao Serie A
Ivan,Clube do Remo (PA),Brasil,97,GK,Right,197,29,67,,41,25,38,35,27,49,26,18,29,43,19,21,22,26,44,40,39,42,45,61,47,45,52,39,58,23,37,35,19,45,26,47,23,26,23,66,68,61,68,67,47,Brasileirao Serie A
Marcelo Rangel,Clube do Remo (PA),Brasil,88,GK,Right,186,38,60,,27,19,31,27,19,42,18,16,20,35,10,14,21,11,33,31,31,24,41,55,39,35,48,33,50,16,33,28,10,41,19,39,14,19,13,58,57,55,53,64,35,Brasileirao Serie A
Ygor Vinhas,Clube do Remo (PA),Brasil,94,GK,Right,192,32,58,,28,16,27,24,16,42,15,10,23,33,10,10,14,15,28,27,26,29,32,60,37,40,50,36,46,10,39,21,10,33,17,40,14,14,13,62,59,50,59,64,34,Brasileirao Serie A
Zé Ivaldo,Clube do Remo (PA),Brasil,27,CB,Right,185,29,71,,69,53,58,61,74,73,53,48,72,68,49,54,48,52,62,69,66,71,58,65,57,63,70,64,77,57,76,78,50,49,52,70,74,71,72,14,13,12,7,13,14,Brasileirao Serie A
Tchamba,Clube do Remo (PA),Camerún,18,"CB, RB",Left,191,28,66,Camerún,63,47,54,56,68,68,51,40,70,60,38,55,46,48,60,57,61,64,52,62,53,65,68,65,71,48,66,66,42,44,46,64,67,70,68,11,8,12,13,10,9,Brasileirao Serie A
Matheus Felipe,Clube do Remo (PA),Brasil,4,CB,Right,184,27,67,,67,48,54,57,68,68,48,39,67,60,40,51,47,49,62,58,65,69,60,75,62,68,68,62,71,51,67,70,37,49,50,63,65,69,70,14,10,11,8,12,13,Brasileirao Serie A
Léo Andrade,Clube do Remo (PA),Brasil,5,CB,Left,191,28,65,,59,41,54,55,70,70,50,31,72,61,42,48,51,44,60,60,58,59,54,61,54,64,68,61,75,38,69,68,37,47,51,66,67,72,70,10,7,11,11,15,11,Brasileirao Serie A
Marllon,Clube do Remo (PA),Brasil,13,"CB, CDM",Right,186,34,67,,58,49,56,56,68,70,56,43,72,64,39,50,48,45,55,59,60,57,55,71,58,61,68,65,73,52,69,71,48,49,47,74,67,66,70,7,7,15,15,13,15,Brasileirao Serie A
C. Tassano,Clube do Remo (PA),Uruguay,17,CB,Right,186,30,64,,59,47,50,51,66,66,49,40,63,55,44,49,44,44,54,50,58,59,48,58,59,65,69,61,67,45,71,65,46,44,44,61,63,68,69,14,15,15,14,11,15,Brasileirao Serie A
Mayk,Clube do Remo (PA),Brasil,98,"LB, RB",Left,172,27,63,,69,48,57,59,63,61,65,46,54,59,45,54,63,52,55,64,70,69,62,61,65,51,57,68,59,51,60,64,49,47,41,56,60,68,62,8,15,14,6,7,8,Brasileirao Serie A
Marlon,Clube do Remo (PA),Brasil,6,"LB, RB",Left,177,32,66,,68,52,60,61,65,62,61,46,54,62,48,55,53,52,62,64,71,66,67,68,67,61,64,71,57,54,61,63,59,58,49,64,65,67,71,7,12,7,12,6,14,Brasileirao Serie A
Edson Kauã,Clube do Remo (PA),Brasil,3,"LB, LM",Left,175,22,64,,72,50,60,58,61,64,61,45,55,66,50,54,57,51,57,58,70,73,64,64,66,56,64,70,62,52,60,63,57,56,49,62,59,65,56,7,13,8,15,10,15,Brasileirao Serie A
João Lucas,Clube do Remo (PA),Brasil,16,RB,Right,181,28,70,,76,55,64,66,70,69,71,49,69,63,49,64,64,55,68,67,73,78,68,75,75,66,70,75,67,59,67,68,59,60,48,61,70,74,65,9,6,7,15,6,10,Brasileirao Serie A
Matheus Alexandre,Clube do Remo (PA),Brasil,2,"RB, RM",Right,188,27,65,,68,49,61,60,64,64,67,44,69,65,48,59,58,50,59,59,67,68,60,60,64,65,62,67,61,48,66,64,49,55,40,66,59,66,68,6,11,14,10,6,13,Brasileirao Serie A
Marcelinho,Clube do Remo (PA),Brasil,79,RB,Right,174,28,65,,67,52,60,62,63,63,68,48,57,59,49,61,57,52,60,60,68,67,65,65,67,60,57,68,61,51,65,67,54,58,54,63,62,63,62,10,6,11,14,7,14,Brasileirao Serie A
Caio Magalhães,Clube do Remo (PA),Brasil,7,"RB, RM",Right,172,21,62,,67,46,58,62,59,59,60,44,50,62,43,64,57,50,57,60,66,67,61,60,66,52,57,64,58,46,57,61,50,50,46,59,61,57,65,13,10,15,14,15,14,Brasileirao Serie A
L. Picco,Clube do Remo (PA),Argentina,14,CDM,Right,192,27,74,,68,64,71,73,77,78,61,58,71,79,51,71,60,67,74,76,71,65,67,78,72,75,72,75,80,71,78,81,66,68,58,74,74,79,75,8,7,6,9,14,13,Brasileirao Serie A
Zé Welison,Clube do Remo (PA),Brasil,28,"CDM, CM",Right,177,31,69,,61,60,65,67,68,70,56,59,65,70,52,61,58,59,67,74,57,65,61,66,67,65,62,74,68,60,74,70,63,68,62,71,67,67,69,10,13,15,11,15,13,Brasileirao Serie A
David Braga,Clube do Remo (PA),Brasil,26,"CDM, CM",Left,186,24,66,,60,58,64,63,66,69,57,54,66,69,48,61,55,58,64,65,63,57,58,68,59,66,69,69,69,59,71,68,64,66,57,66,65,67,67,12,9,14,12,6,14,Brasileirao Serie A
Zé Ricardo,Clube do Remo (PA),Brasil,55,CDM,Right,180,27,64,,56,54,63,63,64,66,53,50,59,70,46,66,57,60,65,64,55,57,57,62,58,60,62,70,64,58,67,68,59,62,50,59,64,62,62,15,11,6,9,15,12,Brasileirao Serie A
Edson Fernando,Clube do Remo (PA),Brasil,35,CDM,Right,178,28,63,,62,55,59,59,63,68,53,52,55,62,45,57,58,55,63,61,60,63,60,60,56,58,58,68,69,60,68,64,57,56,49,63,65,61,68,10,14,6,6,12,7,Brasileirao Serie A
Patrick,Clube do Remo (PA),Brasil,8,CM,Left,176,34,67,,58,61,69,67,60,65,63,57,60,73,58,71,66,60,66,63,60,57,66,67,65,71,55,69,65,61,62,64,67,71,59,67,55,61,60,11,8,13,13,12,14,Brasileirao Serie A
F. Catarozzi,Clube do Remo (PA),Uruguay,23,CM,Left,179,26,63,,60,60,64,62,54,60,58,59,51,68,54,59,61,59,62,64,56,64,60,68,65,61,59,66,59,66,57,54,58,64,57,65,50,59,54,6,12,14,11,9,8,Brasileirao Serie A
Vitor Bueno,Clube do Remo (PA),Brasil,15,CAM,Right,183,32,72,,72,75,73,73,45,63,70,77,57,77,70,72,73,65,68,74,73,71,75,77,68,73,62,67,63,73,59,51,76,76,69,75,47,38,40,7,9,13,7,9,7,Brasileirao Serie A
Jajá,Clube do Remo (PA),Brasil,37,"LW, ST",Left,175,27,69,,75,66,67,73,37,63,69,64,56,70,65,74,64,62,64,74,80,71,77,70,67,74,59,69,63,65,56,36,66,63,67,64,32,37,31,11,9,14,6,8,8,Brasileirao Serie A
Jáderson,Clube do Remo (PA),Brasil,10,LW,Left,170,26,65,,72,64,63,67,35,55,64,66,51,63,62,67,63,64,59,64,71,73,78,66,70,63,54,65,53,65,50,31,67,65,55,64,37,30,36,6,10,15,13,10,15,Brasileirao Serie A
Alef Manga,Clube do Remo (PA),Brasil,11,"LW, ST",Left,190,31,67,,70,68,65,71,35,64,70,68,61,62,61,69,71,61,63,75,71,70,67,72,71,65,62,63,68,71,55,37,71,67,65,68,29,33,27,15,13,6,15,13,8,Brasileirao Serie A
A. Galeano,Clube do Remo (PA),Paraguay,21,"RW, RM",Right,170,26,72,,78,67,74,76,40,64,79,66,55,77,68,78,69,63,69,75,81,76,79,77,74,69,58,75,62,66,55,42,74,72,69,68,37,38,34,7,9,7,7,7,9,Brasileirao Serie A
Yago Pikachu,Clube do Remo (PA),Brasil,22,"RW, RM",Right,172,34,69,,74,68,67,72,36,55,68,71,56,64,65,73,70,58,60,69,77,71,79,72,77,65,56,67,52,67,49,37,66,77,64,65,34,29,38,14,14,12,6,8,9,Brasileirao Serie A
Tico,Clube do Remo (PA),Brasil,61,RW,Left,163,20,61,,72,61,58,64,28,50,62,65,43,59,61,64,61,57,49,63,70,73,76,59,72,58,45,55,48,57,52,30,62,60,58,52,24,28,23,6,11,7,9,8,12,Brasileirao Serie A
Gabriel Taliari,Clube do Remo (PA),Brasil,19,"ST, CF",Right,177,29,69,,70,69,58,70,33,66,55,72,65,60,64,70,63,59,55,73,68,71,64,74,71,68,67,64,69,66,60,30,70,58,65,65,32,28,27,6,12,8,15,9,6,Brasileirao Serie A
Gabriel Poveda,Clube do Remo (PA),Brasil,99,"ST, LW",Right,183,28,63,,66,65,55,60,28,62,52,69,65,61,62,59,50,52,49,62,62,69,58,66,55,65,64,57,66,56,57,29,71,54,61,61,26,20,20,13,7,13,13,6,15,Brasileirao Serie A
Eduardo Melo,Clube do Remo (PA),Brasil,39,ST,Right,185,25,56,,58,59,48,54,24,56,39,63,63,53,58,52,49,46,45,57,57,58,54,57,51,53,55,54,58,57,53,20,62,49,57,53,23,18,15,6,11,12,12,12,6,Brasileirao Serie A
Anderson,Associação Chapecoense de Futebol,Brasil,98,GK,Left,190,28,64,,39,20,32,33,19,46,18,10,21,39,19,24,21,19,33,34,37,40,36,62,48,46,50,37,50,17,46,25,17,38,23,44,17,17,18,62,64,58,62,68,46,Brasileirao Serie A
Matheus Aurélio,Associação Chapecoense de Futebol,Brasil,30,GK,Right,185,27,61,,36,19,28,28,20,43,12,12,21,38,14,21,15,14,30,27,39,34,38,52,39,39,46,36,49,19,34,26,10,31,23,40,17,18,17,63,60,53,61,64,40,Brasileirao Serie A
Rafael Santos,Associação Chapecoense de Futebol,Brasil,1,GK,Right,191,37,61,,29,18,28,29,18,45,15,10,21,34,15,14,22,15,34,34,31,27,35,63,47,37,52,39,52,19,32,26,12,31,20,43,15,14,15,61,59,56,60,65,42,Brasileirao Serie A
Gabriel Werner,Associação Chapecoense de Futebol,Brasil,13,GK,Right,191,23,64,,38,24,31,28,20,48,17,20,22,37,18,17,19,20,31,29,40,37,41,60,42,42,50,42,54,19,40,28,14,39,24,43,17,20,15,63,62,54,63,66,41,Brasileirao Serie A
Doma,Associação Chapecoense de Futebol,Brasil,3,CB,Right,187,28,66,,61,46,54,56,72,69,52,42,74,60,40,53,48,49,56,58,57,64,54,62,55,60,69,63,71,45,70,76,37,48,48,59,70,72,67,13,6,12,14,10,10,Brasileirao Serie A
João Paulo,Associação Chapecoense de Futebol,Brasil,4,CB,Left,187,29,64,,58,44,51,52,67,65,47,38,73,58,47,48,46,45,58,55,58,58,54,60,51,58,71,63,65,44,66,65,41,39,44,59,67,66,65,6,11,13,12,12,9,Brasileirao Serie A
Victor Caetano,Associação Chapecoense de Futebol,Brasil,25,CB,Right,186,28,66,,63,50,56,56,68,68,53,46,71,63,41,53,39,47,63,59,60,66,52,64,55,65,70,66,68,48,68,67,45,48,50,66,68,71,62,10,6,14,11,11,7,Brasileirao Serie A
Kauan Faria,Associação Chapecoense de Futebol,Brasil,21,CB,Right,191,23,60,,56,42,48,49,65,62,50,37,69,53,40,47,42,42,53,49,54,58,46,52,50,56,66,53,66,40,64,64,35,36,38,59,67,64,59,12,10,11,9,13,14,Brasileirao Serie A
Rafael Thyere,Associação Chapecoense de Futebol,Brasil,15,CB,Right,190,33,67,,60,47,55,59,70,72,51,42,73,62,40,58,49,46,59,58,59,60,56,64,58,60,72,66,76,46,69,70,42,47,50,68,69,71,68,11,9,10,13,13,14,Brasileirao Serie A
Vinicius Eduardo,Associação Chapecoense de Futebol,Brasil,35,CB,Right,188,21,62,,55,40,47,52,67,64,46,31,67,56,40,45,40,38,50,57,55,55,50,64,52,60,69,60,65,39,66,65,39,36,40,58,69,69,61,14,14,11,6,13,14,Brasileirao Serie A
Mancha,Associação Chapecoense de Futebol,Brasil,6,LB,Left,180,25,63,,68,46,59,61,60,64,61,41,63,64,46,62,53,46,58,59,67,68,63,62,64,54,60,68,64,48,58,62,47,53,51,59,58,59,65,9,7,10,12,7,7,Brasileirao Serie A
Fernando,Associação Chapecoense de Futebol,Brasil,12,LB,Left,181,27,63,,69,48,59,62,57,62,61,45,56,63,44,62,59,45,57,62,70,68,66,55,61,60,52,66,61,45,64,58,50,53,48,54,55,57,61,10,10,15,13,15,10,Brasileirao Serie A
Bruno Pacheco,Associação Chapecoense de Futebol,Brasil,91,"LB, RB",Left,175,34,67,,65,55,63,65,62,63,67,53,49,67,48,61,58,56,63,68,66,65,68,71,68,66,67,68,60,51,63,64,53,56,52,58,65,64,61,6,7,14,10,7,6,Brasileirao Serie A
Da Silva,Associação Chapecoense de Futebol,Brasil,18,"LB, LM",Left,178,26,62,,66,50,58,61,57,60,59,48,59,64,34,60,58,42,54,62,64,68,66,58,63,57,55,68,57,51,58,58,54,54,45,53,58,52,61,13,9,6,9,10,8,Brasileirao Serie A
Dudu,Associação Chapecoense de Futebol,Brasil,23,"RB, LB",Right,175,29,68,,74,55,62,66,67,64,67,50,61,65,48,65,54,55,60,65,70,77,72,64,72,67,63,70,59,57,68,68,59,55,56,62,66,69,64,11,15,10,6,13,13,Brasileirao Serie A
Heitor,Associação Chapecoense de Futebol,Brasil,5,"RB, LB",Right,174,25,64,,68,49,59,62,61,59,61,46,55,62,43,61,57,52,61,61,70,67,66,60,67,56,56,64,55,52,64,64,53,54,46,60,58,63,64,11,8,10,15,15,14,Brasileirao Serie A
Everton,Associação Chapecoense de Futebol,Brasil,26,RB,Right,181,31,65,,67,49,61,62,64,64,63,46,64,64,41,62,62,51,63,61,70,65,62,64,63,56,68,71,60,52,62,65,52,54,49,68,62,65,63,11,10,13,11,13,8,Brasileirao Serie A
Gustavo Talles,Associação Chapecoense de Futebol,Brasil,23,RB,Right,177,23,63,,64,50,59,60,61,60,66,43,53,62,47,57,56,47,51,61,65,64,66,59,65,59,54,65,56,55,63,58,52,57,49,54,61,66,60,10,7,15,7,10,8,Brasileirao Serie A
Carvalheira,Associação Chapecoense de Futebol,Brasil,99,"CDM, CB",Left,176,27,71,,64,63,68,70,70,72,62,58,63,75,50,69,60,60,65,71,68,60,67,70,67,71,65,71,71,68,75,77,64,69,59,76,73,65,71,11,11,8,10,14,7,Brasileirao Serie A
Camilo,Associação Chapecoense de Futebol,Brasil,27,"CDM, CM",Right,176,27,70,,66,56,68,65,69,73,58,49,61,74,53,64,57,63,72,64,65,66,64,68,65,67,64,77,71,60,76,73,62,66,53,70,67,71,70,6,14,13,15,14,15,Brasileirao Serie A
Vinicius Balieiro,Associação Chapecoense de Futebol,Brasil,17,"CDM, CM",Right,178,27,64,,59,56,62,61,64,64,55,55,58,71,42,59,52,57,64,63,62,57,62,61,64,62,61,67,63,58,64,73,51,58,54,66,62,61,65,14,10,6,9,9,11,Brasileirao Serie A
Rosivan,Associação Chapecoense de Futebol,Brasil,55,"CDM, CB",Right,175,26,63,,55,55,60,59,64,64,55,54,54,62,47,57,55,54,64,61,54,56,57,58,61,62,62,64,65,54,64,63,56,61,53,68,67,65,61,10,9,7,15,12,12,Brasileirao Serie A
Yago Felipe,Associação Chapecoense de Futebol,Brasil,88,CM,Right,174,31,70,,63,62,70,72,62,67,64,59,60,72,62,69,67,61,74,76,66,61,70,71,74,68,59,69,70,60,59,64,63,73,67,71,61,63,63,10,6,10,13,13,6,Brasileirao Serie A
Bruno Matias,Associação Chapecoense de Futebol,Brasil,16,"CM, CAM",Right,172,27,64,,62,58,65,63,55,59,64,55,52,69,54,61,66,57,61,62,64,60,69,64,63,61,62,64,54,61,63,59,59,62,59,67,56,52,55,15,8,6,10,14,6,Brasileirao Serie A
David Antunes,Associação Chapecoense de Futebol,Brasil,19,"CM, CDM",Right,178,21,58,,53,56,60,62,50,58,56,56,47,63,45,64,58,52,62,62,54,52,61,58,58,58,49,60,59,58,55,51,48,60,54,58,48,53,46,9,12,8,6,6,15,Brasileirao Serie A
Robert Santos,Associação Chapecoense de Futebol,Brasil,8,"CAM, CM",Left,180,23,65,,63,63,67,68,39,57,62,61,47,72,59,69,66,60,61,67,63,63,69,66,62,68,52,62,58,62,51,31,66,71,66,65,42,39,34,9,10,14,12,9,9,Brasileirao Serie A
Max,Associação Chapecoense de Futebol,Brasil,22,"CAM, CM",Left,185,25,64,,67,64,63,67,40,59,61,62,55,67,64,69,58,63,62,67,65,68,64,63,58,69,53,63,60,65,51,43,67,62,61,68,38,36,33,15,15,14,12,8,7,Brasileirao Serie A
M. Carvalho,Associação Chapecoense de Futebol,España,80,CAM,Left,183,21,60,,62,59,62,64,33,50,58,56,46,64,58,65,64,63,52,63,62,62,66,62,60,62,48,57,49,61,46,32,63,68,57,59,33,32,29,10,12,10,10,7,10,Brasileirao Serie A
Giovanni Augusto,Associação Chapecoense de Futebol,Brasil,10,"CAM, CM",Right,177,37,63,,56,60,65,67,36,55,62,61,48,68,61,65,66,62,60,70,61,51,63,62,64,59,55,67,52,58,48,42,64,65,56,69,31,34,31,13,7,7,11,11,9,Brasileirao Serie A
D. Borrero,Associação Chapecoense de Futebol,Colombia,77,LW,Left,181,24,67,,74,67,64,69,37,59,66,73,55,65,63,67,65,56,60,71,77,71,71,67,70,62,57,68,58,61,51,35,62,66,57,66,36,37,30,9,14,14,14,6,10,Brasileirao Serie A
Maurício Garcez,Associação Chapecoense de Futebol,Brasil,31,LW,Left,183,29,68,,75,63,64,70,36,58,61,63,59,65,63,72,71,62,58,69,77,74,69,72,68,66,62,65,57,61,50,32,65,69,64,63,36,32,33,12,9,12,6,9,9,Brasileirao Serie A
K. Ramírez,Associação Chapecoense de Futebol,Uruguay,94,"LW, ST",Left,179,32,67,,69,64,66,67,37,58,65,63,59,67,61,66,70,61,62,67,71,67,70,69,66,65,59,67,56,65,52,37,69,66,59,69,39,30,27,11,6,6,14,9,12,Brasileirao Serie A
Marcinho,Associação Chapecoense de Futebol,Brasil,7,"RW, RM",Right,176,31,69,,75,69,69,73,36,62,70,71,49,73,65,74,71,64,59,72,77,74,72,76,69,69,61,72,61,67,53,36,68,68,63,73,38,32,29,6,7,6,14,6,13,Brasileirao Serie A
Rubens,Associação Chapecoense de Futebol,Brasil,70,RW,Left,178,23,64,,69,62,62,70,32,57,64,62,48,64,60,74,62,51,59,68,68,70,73,68,68,63,54,65,56,61,50,35,67,64,59,59,31,27,28,10,13,8,8,7,15,Brasileirao Serie A
Bruno Tubarão,Associação Chapecoense de Futebol,Brasil,20,"RW, ST",Right,180,31,66,,73,67,64,70,34,62,65,69,53,67,66,73,66,64,55,67,75,72,73,69,71,63,55,69,61,68,55,34,68,63,56,64,31,33,29,14,11,9,13,12,12,Brasileirao Serie A
Tulio Eduardo,Associação Chapecoense de Futebol,Brasil,9,"ST, LW",Left,187,21,67,,64,70,57,66,33,68,55,69,67,60,70,63,59,56,51,67,64,64,71,69,60,68,71,59,75,71,62,31,74,56,71,72,27,28,32,9,14,10,13,13,10,Brasileirao Serie A
F. Rossi,Associação Chapecoense de Futebol,Uruguay,29,ST,Right,179,24,67,,66,68,58,68,35,67,51,69,66,66,67,68,63,56,51,70,68,65,65,67,63,70,64,65,70,63,63,40,72,56,68,64,31,29,27,6,8,13,8,14,13,Brasileirao Serie A
Y. Bolasie,Associação Chapecoense de Futebol,RD del Congo,11,ST,Right,185,37,63,,55,61,58,63,30,65,57,61,62,62,66,62,57,53,49,64,56,54,58,68,57,64,67,59,70,54,58,29,68,60,70,69,29,22,25,12,11,12,10,11,8,Brasileirao Serie A
