short_name,club_name,nationality_name,club_jersey_number,player_positions,preferred_foot,height_cm,age,overall,seleccion,pace,shooting,passing,dribbling,defending,physic,attacking_crossing,attacking_finishing,attacking_heading_accuracy,attacking_short_passing,attacking_volleys,skill_dribbling,skill_curve,skill_fk_accuracy,skill_long_passing,skill_ball_control,movement_acceleration,movement_sprint_speed,movement_agility,movement_reactions,movement_balance,power_shot_power,power_jumping,power_stamina,power_strength,power_long_shots,mentality_aggression,mentality_interceptions,mentality_positioning,mentality_vision,mentality_penalties,mentality_composure,defending_marking_awareness,defending_standing_tackle,defending_sliding_tackle,goalkeeping_diving,goalkeeping_handling,goalkeeping_kicking,goalkeeping_positioning,goalkeeping_reflexes,goalkeeping_speed,league_name
Brandão,Ponte Preta,Brasil,99,ST,Right,191,22,62,,66,62,53,60,31,60,52,61,73,58,58,60,56,55,43,58,64,67,63,62,56,65,65,54,65,60,55,29,69,52,59,62,28,25,19,10,8,8,14,10,6,Brasileirao Serie B
Jonathan Cafú,Ponte Preta,Brasil,19,RW,Right,173,35,67,,69,68,64,72,36,59,66,70,55,65,61,74,68,59,58,72,70,68,76,68,69,64,56,69,57,71,54,38,64,66,64,64,33,33,31,14,9,15,8,11,9,Brasileirao Serie B
David da Hora,Ponte Preta,Brasil,18,"ST, LW, CAM",Left,179,26,64,,65,66,54,62,32,60,51,66,60,61,65,59,57,51,45,63,67,64,64,68,64,68,61,53,63,64,60,30,67,53,65,65,31,28,22,12,12,11,11,15,11,Brasileirao Serie B
Miguel,Ponte Preta,Brasil,17,"LW, LM",Left,185,21,59,,72,56,59,61,28,54,59,53,47,64,62,61,60,53,50,63,72,72,63,56,58,60,53,62,55,58,42,29,57,58,57,55,26,23,27,9,9,6,11,6,11,Brasileirao Serie B
João Damião,Ponte Preta,Brasil,9,"ST, CF",Right,179,18,56,,57,56,44,52,22,56,42,56,55,49,51,47,50,47,37,55,55,59,53,59,52,58,58,48,61,54,51,20,61,39,59,52,18,20,16,14,14,12,7,9,11,Brasileirao Serie B
Vítor Ribeiro,Ponte Preta,Brasil,21,"LW, ST",Left,182,27,61,,71,58,60,67,31,56,61,58,46,61,55,71,65,59,56,65,74,68,65,57,63,59,55,60,56,56,50,35,62,58,56,63,30,25,26,12,12,8,12,14,11,Brasileirao Serie B
Thevyn dos Anjos Souza,Ponte Preta,Brasil,29,"RW, ST",Right,168,20,57,,66,56,55,60,26,50,59,59,39,59,54,61,55,55,46,58,66,66,67,55,60,56,48,58,47,49,46,34,56,51,54,52,22,24,18,11,8,14,6,11,13,Brasileirao Serie B
Danilo Peu,Ponte Preta,Brasil,27,"LW, ST",Left,182,23,60,,66,59,56,61,30,53,55,62,51,56,56,63,56,54,51,57,68,64,66,61,62,53,47,58,53,58,46,29,63,63,55,58,33,23,22,15,12,8,11,11,15,Brasileirao Serie B
Caca,Ponte Preta,Brasil,31,RW,Left,170,20,57,,65,58,55,58,24,49,59,61,38,57,57,57,59,49,51,59,62,68,65,50,62,56,44,56,52,52,35,22,59,52,57,50,26,21,20,12,8,14,11,13,10,Brasileirao Serie B
Pedrinho,Ponte Preta,Brasil,80,CM,Left,170,19,59,,60,54,58,60,52,53,52,50,49,60,48,60,55,50,60,62,60,60,62,55,64,61,49,58,51,58,55,56,56,61,56,51,51,50,51,13,9,12,14,8,8,Brasileirao Serie B
Gustavo Teles,Ponte Preta,Brasil,35,"CM, CDM",Right,174,21,59,,55,54,61,59,53,53,57,51,49,63,51,55,53,52,65,66,56,54,56,62,57,58,52,61,49,57,53,53,60,62,51,56,58,53,42,8,15,6,14,12,14,Brasileirao Serie B
Murilo,Ponte Preta,Brasil,20,"CM, CDM, CAM",Left,173,27,60,,58,54,61,60,55,57,56,50,53,64,47,58,64,49,65,63,57,58,61,60,65,63,52,68,53,55,54,57,58,59,50,57,55,56,54,13,6,10,15,11,9,Brasileirao Serie B
Chicão,Ponte Preta,Brasil,20,CM,Right,169,18,57,,59,50,55,60,49,51,52,46,47,59,48,58,52,48,56,62,59,59,63,53,61,49,45,61,48,58,49,55,54,55,51,52,47,49,45,10,9,13,14,11,8,Brasileirao Serie B
Danilo Barcelos,Ponte Preta,Brasil,14,"CM, CB, LB",Right,179,35,64,,55,60,64,64,58,57,57,56,49,65,54,66,65,58,64,62,56,55,62,71,65,69,55,63,56,63,53,58,61,73,59,65,57,61,57,9,6,13,14,11,13,Brasileirao Serie B
Élvis,Ponte Preta,Brasil,10,"CAM, ST",Right,175,36,64,,59,63,67,70,35,55,62,61,45,70,61,69,63,66,66,74,61,57,70,62,69,70,51,63,53,61,49,41,68,70,59,68,34,31,27,14,13,12,7,6,6,Brasileirao Serie B
Diogo Mora,Ponte Preta,Brasil,8,"RM, RW",Right,182,24,59,,67,54,58,60,42,56,62,48,44,57,53,62,59,52,52,58,68,67,60,62,60,59,52,59,58,63,50,42,54,61,56,56,45,39,37,15,12,12,7,12,12,Brasileirao Serie B
André Lima,Ponte Preta,Brasil,8,"CDM, CM, CAM",Left,179,26,62,,55,52,61,59,63,63,48,44,62,71,44,58,50,51,62,59,57,54,55,66,62,61,57,67,61,59,64,71,56,60,57,58,61,60,63,15,8,8,11,12,6,Brasileirao Serie B
Nicolas Silva,Ponte Preta,Brasil,7,"CAM, CM",Right,183,20,56,,58,56,57,60,30,50,55,58,53,55,55,62,59,54,59,59,60,57,59,52,61,56,50,56,48,54,46,30,54,63,55,53,31,25,20,14,11,8,8,11,13,Brasileirao Serie B
Juan,Ponte Preta,Brasil,6,"CM, CDM",Right,175,20,58,,58,54,56,58,51,53,54,49,49,55,55,56,56,48,58,62,62,54,57,56,64,55,48,64,49,60,49,52,61,59,56,53,51,50,50,7,12,6,11,14,6,Brasileirao Serie B
Rodrigo Souza,Ponte Preta,Brasil,5,"CDM, CM",Right,186,38,65,,50,57,61,64,65,68,51,56,66,65,45,64,54,55,65,67,49,50,54,63,57,60,63,68,68,60,69,63,55,66,50,71,66,64,68,8,10,14,6,11,7,Brasileirao Serie B
Julio,Ponte Preta,Brasil,2,"RB, RM",Right,176,19,55,,62,41,51,53,50,52,51,39,44,53,37,51,44,45,53,56,69,57,54,48,56,43,46,55,50,43,55,49,48,48,41,47,48,53,54,6,13,10,10,13,13,Brasileirao Serie B
Gabriel Cicala,Ponte Preta,Brasil,2,CM,Left,186,18,55,,55,51,57,57,48,53,50,47,51,60,48,61,52,55,58,54,54,56,51,59,51,56,46,54,55,53,50,48,57,60,54,53,49,49,38,10,13,7,11,11,11,Brasileirao Serie B
Ryan Andrade,Ponte Preta,Brasil,33,RW,Left,174,18,57,,66,55,55,62,26,48,58,53,44,58,54,61,57,54,45,66,67,65,63,52,63,55,44,55,48,58,42,22,55,52,54,49,21,29,22,8,9,10,14,9,6,Brasileirao Serie B
Karl,Ponte Preta,Brasil,11,"CM, CAM",Left,182,33,62,,57,57,61,62,56,62,60,50,54,58,56,65,62,57,66,57,58,57,60,68,65,59,53,67,64,69,55,56,62,62,57,64,55,57,55,7,12,9,7,11,14,Brasileirao Serie B
Guilherme Martins,Ponte Preta,Brasil,16,LM,Left,175,21,59,,68,54,61,61,39,54,64,54,41,67,55,61,59,53,56,60,65,71,66,59,64,53,48,60,52,52,53,43,56,54,53,56,39,38,34,12,15,13,12,9,12,Brasileirao Serie B
Gabriel Henrique,Ponte Preta,Brasil,34,CAM,Right,171,20,57,,59,57,55,59,28,45,52,56,36,52,47,61,57,60,55,58,62,57,59,63,59,64,47,54,44,57,37,30,54,60,56,50,26,26,26,15,7,7,14,14,11,Brasileirao Serie B
Emanuell Ferreira,Ponte Preta,Brasil,24,CAM,Right,169,20,59,,64,56,60,61,32,52,54,54,45,62,53,62,63,56,59,60,66,62,69,55,60,59,49,59,50,58,49,31,59,66,60,55,34,26,32,14,12,7,14,12,14,Brasileirao Serie B
Denis,Ponte Preta,Brasil,22,CAM,Right,179,22,61,,64,60,63,66,33,51,65,59,42,60,55,65,69,61,60,70,65,63,62,61,53,61,48,57,49,61,50,36,63,69,53,63,36,28,28,9,12,8,12,13,7,Brasileirao Serie B
Caio Vinícius,Ponte Preta,Brasil,25,"RM, LM",Right,170,18,59,,63,54,58,58,40,54,56,56,41,62,53,60,61,48,56,57,64,62,60,55,59,53,50,59,54,49,48,42,56,55,51,50,42,38,38,11,11,10,8,13,9,Brasileirao Serie B
Kevyson,Ponte Preta,Brasil,37,"LB, LM, CAM",Left,176,22,66,,70,53,62,65,65,65,59,52,59,70,52,62,62,55,60,65,69,71,73,64,71,55,64,78,58,53,66,69,55,54,55,63,65,64,69,14,7,9,10,7,9,Brasileirao Serie B
Di Mauro,Ponte Preta,Brasil,32,"LB, LM",Left,168,20,58,,64,42,54,55,54,56,61,37,45,58,40,55,51,43,49,53,69,60,65,50,64,49,52,62,53,46,55,55,45,46,51,52,50,58,60,14,10,13,9,15,7,Brasileirao Serie B
S. Palacios,Ponte Preta,Colombia,23,"CB, RB",Right,187,21,65,,63,45,51,56,68,65,48,38,64,52,43,54,50,47,58,58,64,62,53,56,55,61,67,62,65,47,66,65,34,50,46,63,67,72,67,12,14,15,12,13,15,Brasileirao Serie B
Gustavo Almeida,Ponte Preta,Brasil,15,"CB, RB",Right,182,20,61,,61,41,46,49,60,62,50,36,60,48,39,47,38,42,51,48,58,63,51,58,53,55,66,55,61,41,70,60,33,40,41,58,59,61,63,15,9,10,7,6,14,Brasileirao Serie B
Diego Porfírio,Ponte Preta,Brasil,13,LB,Left,182,27,62,,67,49,56,56,61,59,60,48,55,60,46,52,51,48,52,59,67,67,59,57,59,58,61,62,57,42,61,63,50,53,50,60,63,60,61,15,15,15,8,15,10,Brasileirao Serie B
Diego Leão,Ponte Preta,Brasil,4,CB,Right,187,21,59,,53,41,45,49,61,66,43,38,60,51,32,44,34,42,52,53,57,49,46,55,52,56,64,60,68,36,69,62,36,35,42,55,60,63,56,6,14,8,15,7,9,Brasileirao Serie B
Lucas Cunha,Ponte Preta,Brasil,3,"CB, RB",Right,186,29,68,,63,50,59,54,73,67,53,45,63,71,46,49,50,49,59,56,64,63,56,67,62,60,68,62,67,52,71,74,43,48,49,65,75,75,67,15,12,13,9,7,14,Brasileirao Serie B
Matheus Souza,Ponte Preta,Brasil,38,LB,Right,174,18,56,,64,40,54,53,55,53,61,38,42,54,41,49,52,40,52,56,62,66,59,50,61,44,47,58,49,42,56,58,42,53,39,44,57,56,55,10,13,14,15,15,8,Brasileirao Serie B
Kawann,Ponte Preta,Brasil,36,"LB, LM",Right,180,21,57,,58,43,53,55,55,56,57,39,53,54,43,53,48,40,57,57,55,61,56,58,57,51,57,63,53,41,53,56,47,47,43,54,54,55,57,6,15,8,11,11,14,Brasileirao Serie B
Jonathan,Ponte Preta,Brasil,12,"LB, LM",Left,179,23,61,,66,45,55,57,58,62,56,42,57,59,39,54,55,52,56,58,63,68,63,62,61,55,58,60,61,45,66,61,50,48,42,56,56,58,60,11,13,7,15,14,7,Brasileirao Serie B
Gabriel Caran,Ponte Preta,Brasil,26,CB,Right,186,28,59,,56,41,47,49,64,60,50,37,63,50,32,44,38,36,56,52,50,61,47,58,48,53,60,55,62,41,63,59,39,38,41,56,71,65,55,13,15,15,11,14,7,Brasileirao Serie B
Gabriel,Ponte Preta,Brasil,28,RB,Right,170,22,59,Brasil,60,47,53,54,57,56,53,45,49,60,37,51,57,48,49,53,57,63,66,59,64,57,49,62,53,46,56,57,50,45,44,55,54,59,65,12,8,9,13,7,11,Brasileirao Serie B
Vinicius,Ponte Preta,Brasil,30,GK,Right,193,23,59,,38,18,28,27,18,41,12,12,18,37,10,14,10,14,30,32,37,39,34,48,42,41,48,35,47,14,31,23,10,33,21,43,12,18,21,63,60,51,65,63,40,Brasileirao Serie B
Guilherme Viana,Ponte Preta,Brasil,30,GK,Left,188,23,59,,36,16,28,27,16,44,16,10,20,35,10,19,16,17,29,27,36,36,32,57,41,36,49,31,53,12,35,25,15,35,22,40,10,14,13,63,59,57,57,62,39,Brasileirao Serie B
Marcelo Maçola,América-MG,Brasil,99,"ST, CF",Right,185,23,60,,66,61,49,54,26,61,47,64,58,53,57,48,48,48,43,57,68,65,58,60,54,61,61,61,64,53,54,22,63,50,66,58,22,23,23,11,12,14,12,12,8,Brasileirao Serie B
Geovane,América-MG,Brasil,80,ST,Right,180,19,57,,60,59,47,54,21,56,47,61,58,49,56,55,50,48,42,54,57,63,52,49,57,60,59,51,58,54,58,17,60,47,61,56,19,14,20,9,7,7,9,7,15,Brasileirao Serie B
M. Segovia,América-MG,Paraguay,77,"RW, CAM, RM",Right,167,23,61,,68,59,57,66,30,51,59,61,49,58,55,69,61,56,52,63,69,67,67,63,65,60,49,59,49,54,48,30,60,57,53,63,30,26,21,12,12,6,15,13,13,Brasileirao Serie B
Kaique Zizero,América-MG,Brasil,70,ST,Right,178,19,57,,58,55,50,59,26,55,51,54,55,52,59,64,58,48,44,58,55,60,53,55,55,58,51,51,61,52,48,24,63,51,56,52,25,20,19,14,9,12,7,13,10,Brasileirao Serie B
Ítalo Charbaje,América-MG,Brasil,39,"LW, ST",Left,175,16,57,,68,59,53,58,28,50,54,57,47,54,53,59,51,55,47,56,71,65,62,58,63,64,52,58,48,62,42,30,57,56,49,54,24,25,22,15,8,10,10,7,12,Brasileirao Serie B
Júlio,América-MG,Brasil,37,"RW, RM",Right,174,20,56,,63,55,55,58,25,48,55,55,42,56,52,61,61,55,45,54,61,65,61,53,64,57,41,54,48,55,42,26,55,58,50,49,26,21,17,8,15,10,9,7,13,Brasileirao Serie B
Paulo Victor,América-MG,Brasil,20,"ST, RW",Left,180,25,61,,64,60,48,61,27,62,52,62,64,50,58,56,54,54,41,64,59,68,61,65,62,59,65,61,63,53,60,22,64,45,63,68,28,20,21,15,8,10,7,6,10,Brasileirao Serie B
G. Mastriani,América-MG,Uruguay,17,"ST, LW",Right,180,33,70,,70,72,59,69,37,69,58,72,69,62,73,68,66,60,53,68,66,73,67,76,67,74,73,69,70,68,66,34,70,59,71,75,37,29,32,7,7,13,9,15,14,Brasileirao Serie B
R. Piñeiro,América-MG,Uruguay,14,LW,Left,175,27,63,,66,61,62,65,33,56,64,61,47,65,55,64,62,56,56,67,67,65,67,66,64,61,55,62,56,61,48,35,69,60,56,63,33,29,28,6,15,12,12,7,6,Brasileirao Serie B
Willian,América-MG,Brasil,9,"ST, LW, CAM",Right,171,39,69,,63,69,58,66,34,68,51,70,64,64,71,63,66,62,47,67,62,64,70,70,65,70,65,59,73,64,68,30,69,59,69,71,29,33,28,10,6,14,12,12,7,Brasileirao Serie B
Guilherme Parede,América-MG,Brasil,7,"LW, RW",Right,178,31,65,,74,63,65,68,36,56,69,64,50,66,63,69,61,60,58,65,72,75,74,70,70,65,58,64,53,61,51,34,64,66,61,69,36,35,31,10,9,11,9,12,9,Brasileirao Serie B
J. Jiménez,América-MG,Paraguay,93,"CDM, CM",Right,181,33,66,,55,59,62,62,68,71,52,55,60,69,54,62,52,57,62,63,59,52,56,71,62,66,59,72,72,62,69,67,59,64,54,67,74,68,60,8,12,14,10,11,8,Brasileirao Serie B
Barreto,América-MG,Brasil,88,"CDM, ST",Left,181,30,63,,55,55,60,59,64,65,51,54,56,64,50,52,57,56,62,66,52,58,54,63,56,56,59,71,63,58,63,68,54,62,54,70,62,67,60,9,7,10,12,12,9,Brasileirao Serie B
Otávio Gonçalves,América-MG,Brasil,55,"CDM, CB",Right,185,20,58,,52,48,57,52,59,62,52,44,60,66,46,50,47,45,54,53,55,50,53,55,55,54,57,64,61,53,62,62,42,56,49,60,58,60,56,7,8,7,7,15,12,Brasileirao Serie B
Murilo Povoa,América-MG,Brasil,38,"CM, CAM",Right,182,20,59,,57,54,59,59,50,60,54,52,48,63,50,57,57,57,58,62,55,58,59,55,62,58,52,64,60,55,58,51,61,60,51,57,49,50,54,12,9,6,9,12,11,Brasileirao Serie B
Eduardo Person,América-MG,Brasil,21,"CAM, CM, LW",Right,174,29,62,,57,60,62,67,32,53,57,59,48,62,56,70,65,60,63,67,59,56,69,61,59,60,51,62,50,63,48,33,67,65,60,57,30,29,32,6,13,11,14,10,12,Brasileirao Serie B
Alê,América-MG,Brasil,16,"CDM, CAM",Right,184,36,65,,53,54,63,62,68,70,52,47,67,70,44,61,53,56,65,63,55,52,60,68,59,62,66,68,72,63,68,67,55,65,53,62,68,69,66,7,7,8,8,11,11,Brasileirao Serie B
Felipe Amaral,América-MG,Brasil,8,"CM, CDM, CAM",Right,174,23,66,,62,61,70,67,56,61,66,59,48,72,58,67,64,58,74,69,63,62,67,65,68,66,57,67,59,57,61,57,63,71,67,61,61,56,51,14,14,14,10,10,10,Brasileirao Serie B
Gabriel Domingos,América-MG,Brasil,6,"CM, CAM",Right,180,25,63,,57,61,65,68,56,61,60,59,55,72,59,66,64,56,60,71,59,55,71,64,63,63,56,64,61,64,59,59,63,62,61,65,53,60,50,6,14,15,13,7,12,Brasileirao Serie B
F. Elizari,América-MG,Argentina,5,CAM,Left,173,35,63,,58,61,64,69,36,53,63,58,50,65,60,73,61,59,60,66,56,60,69,65,65,65,45,59,52,65,52,39,62,70,61,70,35,31,29,15,7,13,13,9,12,Brasileirao Serie B
Luiz Felipe,América-MG,Brasil,18,CM,Right,170,19,59,,59,55,59,61,52,55,57,50,46,59,50,60,57,51,60,62,56,61,63,55,67,64,50,61,55,61,51,57,56,62,52,54,47,54,54,6,10,6,7,11,10,Brasileirao Serie B
Gabriel Oliveira,América-MG,Brasil,11,"LM, RM",Left,168,20,60,,70,54,61,61,38,53,61,54,40,61,50,63,68,54,56,57,70,70,68,54,68,56,47,65,50,57,48,37,57,63,45,52,37,39,38,7,12,13,15,6,12,Brasileirao Serie B
Derick,América-MG,Brasil,28,"CM, CDM",Left,180,17,56,,58,55,56,55,49,54,48,55,48,60,48,56,55,47,56,57,58,58,54,48,58,55,51,55,56,56,50,52,53,59,53,48,45,53,43,15,7,12,15,12,15,Brasileirao Serie B
Cristian,América-MG,Brasil,71,CB,Right,193,19,58,,57,40,46,49,60,62,42,34,62,54,34,46,38,37,52,50,55,59,51,56,47,50,60,53,65,45,65,60,39,38,34,62,62,59,60,7,9,11,11,14,11,Brasileirao Serie B
Gabriel Oliveira,América-MG,Brasil,61,LB,Right,179,18,56,,64,42,50,54,50,52,54,39,46,54,37,54,47,36,51,54,65,64,52,51,56,53,54,58,47,40,55,53,48,45,42,51,46,53,55,11,7,6,14,11,15,Brasileirao Serie B
Ricardo Silva,América-MG,Brasil,45,CB,Right,190,34,67,,59,49,57,57,69,72,53,45,69,61,41,55,49,50,62,59,59,59,50,68,56,59,73,69,74,51,68,66,38,52,48,66,72,68,67,11,14,14,12,14,11,Brasileirao Serie B
Thallyson,América-MG,Brasil,44,"LB, RB",Left,173,20,54,,61,40,53,55,52,50,60,38,44,55,38,56,44,45,53,54,60,61,56,52,61,43,52,53,48,44,51,51,39,45,39,44,57,53,49,14,13,8,14,12,15,Brasileirao Serie B
Filipe Dahora,América-MG,Brasil,32,RB,Right,179,20,58,,66,44,51,53,55,57,58,38,48,50,39,52,51,48,50,53,67,65,56,51,63,53,56,60,57,47,53,50,46,47,43,48,60,53,61,13,10,9,13,15,11,Brasileirao Serie B
Fábio,América-MG,Brasil,31,RB,Right,177,25,62,,67,48,58,59,60,62,63,49,54,61,44,58,59,47,58,58,66,68,65,61,65,53,59,68,60,43,59,59,49,50,47,57,59,64,56,10,8,9,11,8,15,Brasileirao Serie B
Luidy,América-MG,Brasil,30,"LB, LM",Left,178,17,56,,67,41,51,56,53,55,59,38,48,50,39,56,49,43,50,56,65,68,55,49,60,49,53,60,54,41,51,54,43,47,43,54,51,53,58,14,14,8,10,6,6,Brasileirao Serie B
Manoel,América-MG,Brasil,26,CB,Right,180,36,64,,51,41,51,53,66,67,46,36,65,58,41,47,40,42,56,55,46,55,55,71,56,58,68,70,65,37,69,67,39,44,44,63,67,66,64,12,13,9,9,15,15,Brasileirao Serie B
T. Ostchega,América-MG,Argentina,25,"LB, LM",Left,182,28,61,,70,46,56,57,58,63,61,45,54,56,40,54,51,48,55,59,62,76,58,63,60,51,60,66,62,42,62,58,48,54,47,54,57,58,61,11,14,10,10,11,8,Brasileirao Serie B
Alex Silva,América-MG,Brasil,15,RB,Right,183,32,68,,66,54,64,66,66,67,71,50,65,64,50,66,64,60,65,64,65,67,71,67,70,68,67,77,65,48,61,66,58,59,49,69,68,63,68,7,9,11,14,8,9,Brasileirao Serie B
Heitor,América-MG,Brasil,13,"CDM, CM",Right,185,22,57,,55,48,55,54,60,62,50,41,59,60,38,50,46,48,57,60,53,56,49,53,54,58,52,65,61,53,65,59,46,55,53,61,58,63,56,10,8,9,14,15,8,Brasileirao Serie B
Rafa Barcelos,América-MG,Brasil,4,CB,Left,183,22,61,,57,43,49,50,64,64,44,41,60,55,37,46,44,43,49,51,61,53,49,62,53,52,62,58,65,42,70,59,31,44,41,57,66,66,64,15,14,9,15,12,6,Brasileirao Serie B
L. Sosa,América-MG,Argentina,3,"CB, RB",Right,185,32,68,,60,46,56,57,72,69,51,39,67,64,43,53,51,49,59,59,57,62,53,67,65,63,70,69,69,46,70,80,37,50,56,71,67,72,73,11,7,8,8,12,15,Brasileirao Serie B
Emerson,América-MG,Brasil,2,"CB, RB",Right,184,31,63,,55,41,52,54,68,65,49,34,66,59,40,48,45,44,58,60,54,56,52,59,54,53,61,54,70,46,65,68,40,43,44,61,69,69,62,7,14,13,13,13,11,Brasileirao Serie B
Ruan Victor,América-MG,Brasil,12,CB,Left,195,19,58,,49,37,45,45,60,58,44,33,68,49,32,42,40,38,49,45,50,49,44,51,53,47,61,47,61,40,63,59,27,37,40,55,59,57,66,12,7,7,6,12,8,Brasileirao Serie B
Rian Henrique,América-MG,Brasil,10,CB,Left,188,18,59,,57,39,46,49,62,60,38,34,59,55,36,43,39,41,54,55,54,59,51,58,45,50,65,56,60,41,62,66,35,37,38,53,56,64,65,6,13,7,15,11,14,Brasileirao Serie B
Pedro Vinicius,América-MG,Brasil,22,CB,Right,186,19,58,,54,40,45,46,59,61,39,35,55,49,37,40,30,44,48,52,55,54,43,48,49,53,60,53,67,40,57,58,32,44,42,55,58,62,55,12,11,8,7,14,12,Brasileirao Serie B
Bruno Brígido,América-MG,Brasil,91,GK,Right,188,35,64,,33,21,33,30,24,45,15,13,24,38,18,18,24,19,38,33,32,34,37,57,44,47,49,35,53,16,37,32,10,45,19,46,23,21,16,68,66,59,62,68,41,Brasileirao Serie B
Italo Brito,América-MG,Brasil,52,GK,Left,189,20,57,,31,16,26,23,15,39,14,11,15,30,10,10,13,11,35,28,29,33,34,51,37,37,44,30,45,10,35,22,10,29,17,35,13,14,14,57,55,47,57,61,37,Brasileirao Serie B
Cássio,América-MG,Brasil,27,GK,Right,187,24,63,,39,20,31,32,20,47,17,10,19,36,10,21,22,15,41,35,38,40,39,56,45,49,52,38,53,17,40,33,10,37,20,46,12,19,24,60,57,60,65,62,38,Brasileirao Serie B
William,América-MG,Brasil,19,GK,Right,193,28,60,,34,17,29,27,18,46,15,10,24,39,14,16,13,16,28,30,32,35,33,54,42,38,43,37,53,12,39,26,10,32,19,48,10,17,18,61,62,56,64,64,39,Brasileirao Serie B
Gustavo,América-MG,Brasil,1,GK,Right,186,33,60,,30,18,29,28,20,42,12,10,24,37,10,16,13,12,30,32,32,28,35,56,42,40,43,36,48,17,35,27,13,39,18,42,17,20,14,59,61,59,60,60,38,Brasileirao Serie B
Matheus Simões,América-MG,Brasil,23,GK,Right,188,19,58,,36,18,27,24,14,41,12,13,17,35,10,10,11,10,30,29,33,38,36,54,39,36,45,30,50,14,31,18,10,32,14,33,12,14,14,58,60,54,63,61,37,Brasileirao Serie B
Gabriel Sena,América-MG,Brasil,24,GK,Right,189,20,57,,32,16,25,24,15,42,10,10,10,29,10,11,10,11,28,30,35,29,30,52,36,38,50,31,51,11,30,24,10,37,20,36,11,17,12,63,57,50,55,60,37,Brasileirao Serie B
Gaspar,Avaí,Brasil,70,"LM, LW",Left,178,24,60,,63,55,59,60,43,50,65,56,46,60,53,60,57,54,55,58,64,63,67,55,56,54,48,56,50,53,45,46,54,58,54,60,49,37,35,6,15,7,14,10,7,Brasileirao Serie B
Tucão,Avaí,Brasil,60,ST,Right,188,21,58,,58,58,50,56,27,58,46,63,64,56,57,54,55,54,42,59,61,56,55,59,57,59,62,56,61,49,52,19,59,46,51,56,26,22,21,12,9,13,13,6,12,Brasileirao Serie B
Filipe,Avaí,Brasil,59,ST,Right,181,20,56,,57,59,48,54,22,55,45,64,58,52,58,54,45,50,41,54,55,59,53,62,49,52,54,49,62,51,47,21,66,49,59,53,21,16,14,10,11,13,8,13,12,Brasileirao Serie B
Gabriel Cipriano,Avaí,Brasil,39,"RW, RM",Right,172,26,58,,66,55,55,61,25,47,59,55,41,53,53,61,60,50,53,61,67,66,61,64,65,52,51,58,45,58,39,29,60,54,54,56,24,21,20,10,7,9,15,13,8,Brasileirao Serie B
Rildo,Avaí,Brasil,37,"LW, ST",Left,178,26,61,,67,60,60,63,32,54,61,61,50,64,54,62,59,55,49,65,66,67,62,63,61,65,56,59,53,55,50,37,67,61,48,58,26,31,22,13,13,11,9,8,9,Brasileirao Serie B
Kauã Gabriel,Avaí,Brasil,30,ST,Left,181,19,58,,62,59,47,54,23,57,46,62,60,47,53,54,54,46,46,55,61,63,55,51,54,56,56,57,61,54,48,14,65,47,62,53,20,21,19,13,10,7,11,6,11,Brasileirao Serie B
Marcio Vitor,Avaí,Brasil,29,ST,Right,178,20,58,,63,61,48,57,25,58,48,68,54,54,61,54,46,45,43,61,58,67,58,51,57,61,54,61,60,48,48,23,59,40,59,55,23,20,18,11,13,6,6,7,12,Brasileirao Serie B
Isaías Pereira,Avaí,Brasil,20,"ST, CF",Right,189,21,58,,60,61,46,55,26,56,44,65,60,48,60,52,44,46,45,59,63,58,53,57,54,59,58,55,59,57,50,25,64,47,54,58,21,23,20,9,11,8,7,9,11,Brasileirao Serie B
Caio Suassuna,Avaí,Brasil,19,ST,Right,184,19,57,,64,58,45,59,22,55,46,59,56,47,59,59,47,45,40,62,63,65,53,57,58,63,63,50,60,52,49,18,60,44,55,49,19,18,16,6,13,6,6,9,14,Brasileirao Serie B
Juan Rocha,Avaí,Brasil,17,ST,Left,180,22,59,,61,60,54,59,24,58,57,63,55,56,57,60,50,53,45,58,60,62,61,57,54,61,53,52,63,54,54,21,66,53,58,59,20,20,20,10,13,15,10,12,15,Brasileirao Serie B
Daniel Penha,Avaí,Brasil,14,"CAM, ST, RW",Right,170,27,62,,61,60,64,66,32,56,64,59,42,64,56,68,63,67,58,65,63,59,65,61,68,61,46,60,57,64,50,34,62,66,54,57,28,33,32,9,13,15,8,6,9,Brasileirao Serie B
Felipe Vizeu,Avaí,Brasil,11,ST,Right,185,29,66,,67,66,55,64,34,66,56,69,67,59,62,64,57,62,45,66,63,71,61,66,58,67,65,67,68,60,59,29,72,54,65,70,34,31,22,11,9,6,14,11,15,Brasileirao Serie B
Jean Lucas,Avaí,Brasil,10,"LW, CAM, ST",Right,174,31,63,,62,60,61,65,31,53,66,58,48,61,56,66,64,59,54,61,64,60,69,67,69,68,52,64,50,59,45,33,66,62,53,65,30,27,24,13,13,6,9,15,14,Brasileirao Serie B
Léo Gamalho,Avaí,Brasil,9,"ST, CF",Right,188,40,68,,58,70,58,66,35,67,57,70,68,58,64,64,65,60,55,69,63,54,69,71,55,71,74,60,71,68,62,28,74,61,69,68,35,31,28,15,9,9,10,13,15,Brasileirao Serie B
Léo Chú,Avaí,Brasil,7,LW,Left,178,26,68,,76,64,66,69,36,57,66,65,57,67,61,71,75,64,61,69,73,78,70,69,68,62,57,69,53,63,54,36,74,66,67,61,36,29,32,15,12,15,12,11,10,Brasileirao Serie B
Samuel,Avaí,Brasil,12,LW,Right,170,18,58,,66,55,58,60,28,48,60,56,41,65,53,62,54,52,47,57,69,64,68,53,64,55,43,55,46,53,43,31,61,55,56,49,28,23,22,6,11,12,7,14,13,Brasileirao Serie B
Caio Brazil,Avaí,Brasil,16,ST,Right,181,18,57,,63,59,46,54,24,57,46,64,57,52,58,51,41,41,40,56,61,64,63,54,52,60,58,53,63,49,49,18,61,42,57,53,24,19,17,9,12,6,9,15,12,Brasileirao Serie B
Wenderson,Avaí,Brasil,95,"LW, CAM, CM",Left,174,27,66,,74,63,64,71,36,57,69,59,51,66,67,75,66,62,57,66,75,74,72,66,71,64,53,65,55,67,53,37,69,62,66,68,34,34,35,9,15,12,15,13,9,Brasileirao Serie B
Kevin,Avaí,Brasil,90,CAM,Left,179,19,57,,59,58,57,57,30,50,54,59,46,60,58,57,59,56,52,58,59,59,54,57,63,59,48,54,51,57,41,30,55,56,57,57,26,31,22,15,11,8,7,13,8,Brasileirao Serie B
Zé Ricardo,Avaí,Brasil,77,"CDM, CM, RM",Right,177,30,63,,54,56,61,56,63,65,54,56,59,66,46,52,47,55,60,59,55,54,55,63,62,61,58,70,63,55,66,67,61,64,50,60,62,64,60,7,7,8,9,11,8,Brasileirao Serie B
William Fernando,Avaí,Brasil,56,LM,Left,176,20,58,,66,53,59,63,38,52,59,53,48,61,47,61,56,52,60,67,67,66,65,52,64,58,48,57,49,49,52,42,51,55,49,51,36,35,34,6,15,14,14,13,13,Brasileirao Serie B
Pedro Cuiabá,Avaí,Brasil,27,"CM, CDM",Right,177,24,62,,57,57,59,63,59,59,57,55,58,58,48,60,54,54,65,67,55,58,63,59,62,60,48,64,57,61,59,61,60,60,55,60,56,63,53,15,14,6,11,14,9,Brasileirao Serie B
Paulo Vitor,Avaí,Brasil,25,"CDM, CM",Right,172,22,64,,56,55,64,61,62,62,57,53,54,69,45,57,56,53,65,63,59,53,60,62,62,65,59,67,57,54,68,62,56,66,55,70,65,62,64,14,6,15,13,13,12,Brasileirao Serie B
Hyan,Avaí,Brasil,18,CDM,Right,187,22,59,,53,50,54,56,62,67,47,45,56,57,45,55,52,49,62,58,55,51,50,63,57,56,56,67,71,54,61,62,53,54,49,55,60,66,61,7,11,9,6,9,14,Brasileirao Serie B
Luiz Henrique,Avaí,Brasil,8,"CDM, CM, CAM",Right,180,27,59,,52,49,57,56,58,61,48,45,55,61,44,55,50,49,61,56,53,51,54,60,62,54,56,66,60,54,60,61,51,59,45,60,58,55,59,12,9,15,7,11,15,Brasileirao Serie B
Del Piage,Avaí,Brasil,5,"CDM, CB",Right,183,26,62,,56,52,60,60,61,68,53,47,58,65,51,53,54,53,60,69,56,56,54,63,52,61,62,69,69,56,67,62,52,59,54,65,63,60,60,8,10,7,15,10,9,Brasileirao Serie B
Vinicius,Avaí,Brasil,32,"RM, LM",Right,176,19,56,,65,52,54,60,38,53,53,54,45,58,47,62,57,52,49,60,63,67,57,54,57,52,53,57,53,46,49,34,55,54,52,52,39,40,31,14,11,10,11,13,9,Brasileirao Serie B
Kauan Felipe,Avaí,Brasil,23,CDM,Right,190,18,57,,56,48,54,52,57,64,49,45,61,57,43,52,46,43,63,52,58,54,51,51,50,55,60,64,66,51,59,55,50,51,46,54,56,57,57,7,7,9,15,9,10,Brasileirao Serie B
Juninho,Avaí,Brasil,24,CAM,Right,178,18,57,,61,58,58,60,29,47,51,57,44,61,52,61,62,54,57,62,62,60,62,54,58,61,46,54,44,59,45,34,63,61,54,52,27,27,19,13,12,6,13,9,10,Brasileirao Serie B
Quaresma,Avaí,Brasil,66,"LB, LM",Left,181,30,62,,69,50,55,60,61,61,61,47,51,56,47,58,53,50,58,62,66,72,64,59,61,61,57,60,61,46,61,60,46,49,48,58,60,63,66,8,6,14,14,7,7,Brasileirao Serie B
Reynaldo,Avaí,Brasil,40,"CB, CDM",Right,186,29,66,,54,49,52,56,71,67,51,45,74,58,43,53,44,44,62,57,54,54,60,61,55,60,64,65,67,51,72,65,41,41,41,69,74,72,70,7,12,11,7,7,11,Brasileirao Serie B
Jefferson,Avaí,Brasil,38,CB,Right,193,23,61,,59,43,50,51,64,63,47,42,71,56,33,49,44,38,51,52,59,59,47,63,52,54,69,56,66,42,64,61,34,45,38,60,62,67,60,7,6,9,12,8,14,Brasileirao Serie B
Douglas Teixeira,Avaí,Brasil,36,"LB, LM",Right,169,25,64,,64,47,59,63,62,62,59,42,59,65,44,62,58,52,57,63,65,63,63,61,70,58,52,70,60,49,60,58,46,54,46,58,62,66,66,6,11,11,6,7,7,Brasileirao Serie B
Pedrão,Avaí,Brasil,35,CB,Right,186,22,59,,54,39,46,47,64,63,47,33,64,50,35,40,43,39,52,52,55,54,44,60,52,50,63,56,65,40,68,65,39,36,40,57,65,63,58,7,12,8,10,8,15,Brasileirao Serie B
Vinicius Alemão,Avaí,Brasil,26,"LB, LM",Left,178,20,58,,65,44,56,57,56,56,59,38,44,63,36,61,49,41,53,54,58,70,60,57,57,56,54,67,52,47,55,56,48,47,39,47,58,58,57,15,8,14,10,9,12,Brasileirao Serie B
João Vitor,Avaí,Brasil,22,"RB, RM",Right,172,24,59,,66,47,55,55,57,56,60,46,52,58,39,53,53,45,52,56,62,70,63,54,61,53,51,65,51,47,60,57,44,49,43,51,59,56,62,7,13,15,7,11,10,Brasileirao Serie B
Guilherme Aquino,Avaí,Brasil,15,"CB, CDM",Right,184,22,61,,59,42,48,50,64,64,45,39,59,57,41,46,43,35,54,53,57,60,45,62,51,53,63,55,69,41,65,62,34,37,38,65,65,68,59,8,11,14,6,7,7,Brasileirao Serie B
Gabriel Simples,Avaí,Brasil,4,"RB, CB",Left,179,21,58,,61,42,54,54,57,55,59,38,59,55,38,53,53,41,56,52,60,62,64,52,61,47,48,63,52,46,56,55,46,50,39,54,56,56,61,13,11,8,7,11,11,Brasileirao Serie B
Allyson,Avaí,Brasil,3,CB,Left,185,35,63,,53,42,52,51,64,66,49,35,64,58,37,46,46,45,56,54,49,56,48,62,56,55,64,65,65,47,68,69,36,44,46,67,64,61,68,9,12,12,14,13,15,Brasileirao Serie B
Wallison,Avaí,Brasil,2,RB,Right,173,25,63,,64,47,58,65,60,61,63,41,52,63,44,63,50,39,60,66,65,64,66,67,72,58,60,71,56,50,61,57,57,52,47,61,61,65,60,13,7,11,7,8,9,Brasileirao Serie B
Vinicius Melo,Avaí,Brasil,28,"LB, LM",Left,174,19,57,,64,44,52,54,54,54,59,40,51,54,39,49,48,40,52,57,58,69,58,52,65,54,50,66,48,44,53,53,41,47,44,48,55,52,57,9,6,10,12,13,7,Brasileirao Serie B
Kauã Reis,Avaí,Brasil,6,"LB, RB",Right,180,17,59,,67,43,56,58,58,60,58,35,53,59,41,56,58,47,56,57,65,68,63,63,60,57,59,62,59,46,59,57,46,48,42,54,59,59,59,14,11,14,6,12,11,Brasileirao Serie B
Kauã Fernandes,Avaí,Brasil,13,"LB, LM",Left,176,20,58,,68,42,54,57,54,58,59,35,43,55,41,58,51,38,56,55,66,69,60,54,64,53,55,64,54,47,60,51,48,48,37,56,57,55,63,11,8,15,9,7,9,Brasileirao Serie B
Diego,Avaí,Brasil,31,"CB, CDM",Right,186,19,57,,56,35,44,46,61,59,39,27,59,49,34,41,33,38,53,48,52,59,46,52,51,56,58,52,63,33,57,60,29,37,39,53,60,64,59,6,7,10,8,7,12,Brasileirao Serie B
Bruno Ferreira,Avaí,Brasil,94,GK,Right,197,32,65,,37,24,34,32,24,47,21,15,27,39,20,20,23,22,40,34,37,37,41,62,46,49,55,42,54,23,35,30,10,40,23,51,22,23,21,68,63,58,63,70,43,Brasileirao Serie B
Léo,Avaí,Brasil,33,GK,Right,189,20,60,,41,20,29,27,17,43,20,14,20,34,10,17,18,15,33,28,38,44,38,58,38,43,51,28,50,15,41,21,10,33,15,36,21,11,12,61,60,56,64,61,40,Brasileirao Serie B
Otávio,Avaí,Brasil,21,GK,Right,188,33,65,Brasil,38,20,34,31,25,52,20,12,28,36,19,23,18,28,39,29,32,42,40,54,45,44,50,42,60,17,44,32,10,47,23,47,19,25,24,68,63,56,62,65,40,Brasileirao Serie B
Igor Bohn,Avaí,Brasil,1,GK,Left,193,30,63,,40,20,33,31,19,48,22,13,25,37,16,19,19,23,33,34,43,37,36,55,50,43,46,40,58,18,35,24,11,42,20,46,16,15,21,63,60,56,66,70,41,Brasileirao Serie B
Matheus Millnitz,Avaí,Brasil,34,GK,Left,197,18,56,,34,16,26,21,14,39,13,10,20,35,10,10,10,10,26,21,37,32,34,50,36,37,51,29,46,12,31,23,10,30,14,33,12,10,11,58,58,47,56,53,34,Brasileirao Serie B
Max,Athletic Club MG,Brasil,77,"RW, CAM, ST",Left,184,24,63,,70,60,62,66,34,59,64,58,55,61,57,69,61,59,59,63,71,70,68,63,63,60,59,67,57,61,52,40,73,65,54,60,30,29,26,13,11,6,8,12,12,Brasileirao Serie B
Ronaldo Tavares,Athletic Club MG,Portugal,21,ST,Right,194,29,67,,70,69,58,65,33,72,56,72,75,64,72,66,54,60,48,67,69,70,60,66,59,69,70,64,78,60,65,29,74,57,64,64,32,25,27,9,13,9,6,7,15,Brasileirao Serie B
Yarlen,Athletic Club MG,Brasil,7,"RW, ST",Right,178,20,65,,74,64,65,67,33,60,67,65,51,65,58,68,67,59,61,67,75,74,69,67,62,62,56,67,62,62,48,32,68,67,67,59,30,33,30,14,10,15,7,10,10,Brasileirao Serie B
W. Aponzá,Athletic Club MG,Colombia,19,ST,Right,193,26,62,,66,64,53,60,29,63,44,70,71,58,63,58,51,54,50,62,62,69,57,64,54,61,69,53,69,57,58,29,69,54,56,63,25,24,16,10,12,13,11,7,11,Brasileirao Serie B
Samuca,Athletic Club MG,Brasil,39,ST,Right,180,20,57,,61,56,49,54,20,56,47,55,52,54,61,54,51,51,40,53,62,61,57,50,57,61,56,52,59,53,52,18,60,46,58,50,14,18,20,9,8,9,11,8,9,Brasileirao Serie B
Gustavão,Athletic Club MG,Brasil,37,ST,Right,189,21,58,,62,59,45,55,26,59,45,59,65,43,58,59,46,46,47,50,60,64,53,57,51,66,53,52,66,51,54,23,63,47,59,55,23,20,18,14,13,12,9,6,6,Brasileirao Serie B
D. Vera,Athletic Club MG,Ecuador,11,"LW, RW, CAM",Left,178,23,65,,75,60,64,67,33,58,66,61,53,66,59,68,65,62,60,67,75,75,68,59,70,58,56,62,59,60,53,36,68,62,61,68,31,27,34,8,14,7,12,7,7,Brasileirao Serie B
Cauã,Athletic Club MG,Brasil,29,ST,Right,184,21,60,,60,60,48,60,27,60,44,60,59,51,59,59,44,51,46,63,58,61,57,57,57,61,61,55,67,62,50,19,62,49,57,66,27,24,17,11,13,7,15,12,14,Brasileirao Serie B
Carlinhos,Athletic Club MG,Brasil,9,"ST, LW",Right,195,29,66,,67,69,56,64,35,68,56,71,76,56,62,63,59,56,54,65,63,71,61,74,54,70,71,62,73,64,63,28,69,57,68,67,29,33,30,13,10,13,6,14,15,Brasileirao Serie B
Bruninho,Athletic Club MG,Brasil,17,"RW, ST",Right,181,23,60,,66,59,60,66,29,50,68,59,45,58,62,69,57,57,52,66,70,63,64,63,57,56,54,58,47,58,46,30,66,61,61,60,28,24,25,14,15,12,7,15,7,Brasileirao Serie B
Assis,Athletic Club MG,Brasil,18,"RW, CAM",Right,172,24,60,,65,57,58,65,30,53,59,59,48,60,57,67,61,54,46,64,67,64,65,56,69,56,58,63,49,55,51,32,60,63,57,56,30,25,25,8,11,8,7,8,11,Brasileirao Serie B
Kauan Lindes,Athletic Club MG,Brasil,28,"LW, CDM",Right,180,22,60,,65,58,58,61,27,52,54,56,49,59,54,65,61,57,54,59,68,62,61,59,61,63,55,58,49,58,51,26,61,61,55,54,23,26,19,6,12,12,13,11,13,Brasileirao Serie B
João Miguel,Athletic Club MG,Brasil,20,"CDM, CM, CB",Right,179,22,60,,55,50,57,59,62,60,51,43,53,62,46,58,47,53,65,59,54,55,57,67,56,57,59,62,60,61,58,68,51,54,47,58,59,65,64,12,8,7,15,6,15,Brasileirao Serie B
Fabrício Isidoro,Athletic Club MG,Brasil,14,CDM,Right,172,34,66,,57,59,63,64,66,68,60,55,58,65,54,65,55,59,68,64,56,58,59,66,71,65,58,74,65,61,70,67,59,64,61,67,66,68,65,6,13,14,9,9,11,Brasileirao Serie B
Yago Santos,Athletic Club MG,Brasil,23,"CAM, CM",Left,184,23,60,,61,59,62,62,32,55,65,58,47,63,60,60,57,60,54,65,61,61,62,65,56,60,52,56,55,61,55,36,62,65,53,58,28,31,23,15,15,10,7,6,8,Brasileirao Serie B
Tallyson Carlos,Athletic Club MG,Brasil,40,"CAM, CM",Right,177,19,56,,58,55,57,60,26,44,57,54,42,56,49,62,60,58,55,60,67,51,64,52,60,55,49,49,43,58,39,27,59,57,53,53,26,20,29,8,11,6,12,6,14,Brasileirao Serie B
Pedro Oliveira,Athletic Club MG,Brasil,15,"CAM, CM",Right,176,28,61,,65,61,65,64,35,49,56,59,50,71,52,65,63,62,61,63,62,67,64,63,65,67,48,57,47,60,45,34,67,67,60,63,31,36,27,10,10,7,11,11,14,Brasileirao Serie B
Luiz Fernando,Athletic Club MG,Brasil,38,CM,Right,177,19,58,,56,54,59,59,50,52,60,52,48,60,45,58,55,54,59,63,51,60,53,55,58,56,54,56,50,60,53,51,54,58,53,52,52,48,48,7,13,7,9,11,10,Brasileirao Serie B
Kauan Rodrigues,Athletic Club MG,Brasil,10,"CAM, LW, CDM",Right,173,21,65,,65,65,65,67,39,57,66,65,52,65,60,68,67,65,62,66,66,64,70,62,66,64,53,63,56,68,52,38,66,68,63,60,39,36,36,7,8,14,14,12,8,Brasileirao Serie B
Jota,Athletic Club MG,Brasil,8,"CM, CDM, CAM",Right,180,22,62,,64,55,63,61,52,61,62,51,54,66,53,58,57,58,62,64,63,64,59,67,59,61,50,64,62,60,57,49,56,64,54,65,55,52,46,13,6,9,6,13,15,Brasileirao Serie B
Gustavinho,Athletic Club MG,Brasil,22,CAM,Left,175,24,63,,63,63,64,66,40,53,61,62,48,66,56,68,69,62,56,64,67,60,72,64,63,64,50,61,51,64,51,39,62,71,64,64,43,38,30,12,15,12,11,9,12,Brasileirao Serie B
G. Cabezas,Athletic Club MG,Colombia,16,"CDM, CM, CAM",Right,180,23,63,,58,56,60,58,64,65,55,55,63,65,53,60,50,52,62,56,60,56,51,61,65,63,57,71,62,53,66,67,51,58,53,66,62,62,68,7,13,11,6,12,6,Brasileirao Serie B
Felipe Negrucci,Athletic Club MG,Brasil,33,"CDM, CM",Right,180,22,59,,55,49,57,55,60,61,52,43,58,62,49,50,45,47,57,60,57,53,54,61,55,56,53,59,62,55,61,65,49,61,50,63,60,59,58,9,10,7,10,8,12,Brasileirao Serie B
Dudu,Athletic Club MG,Brasil,24,CM,Right,179,20,60,,60,55,59,59,57,59,60,53,50,56,50,55,55,51,64,64,64,57,61,56,62,60,55,60,59,58,59,59,55,61,53,58,59,56,53,8,12,12,13,8,10,Brasileirao Serie B
Caick,Athletic Club MG,Brasil,41,CM,Right,174,20,56,,62,52,56,54,49,50,55,49,44,57,47,54,58,49,52,51,64,60,58,57,62,57,50,56,46,57,54,54,53,57,53,52,50,50,41,11,15,8,8,14,8,Brasileirao Serie B
Alexandre Pena,Athletic Club MG,Brasil,34,"CDM, CAM",Right,183,21,59,,52,50,55,55,60,64,47,44,58,60,41,52,47,48,62,58,51,52,50,62,53,61,55,65,64,53,65,64,57,54,45,62,58,59,58,13,9,11,10,6,10,Brasileirao Serie B
João Vitor,Athletic Club MG,Brasil,57,"CB, RB",Right,186,20,58,,54,37,44,47,62,59,39,30,64,52,33,39,39,33,48,55,50,57,46,54,50,54,63,53,61,39,62,60,32,36,33,56,59,67,56,7,15,6,8,11,10,Brasileirao Serie B
Felipe Vieira,Athletic Club MG,Brasil,36,"CB, LB",Right,189,21,61,,56,44,50,51,65,64,54,40,60,56,35,48,39,42,50,52,57,56,53,54,56,56,67,61,68,43,56,65,42,39,39,56,68,65,62,6,14,7,15,11,7,Brasileirao Serie B
Sidimar,Athletic Club MG,Brasil,4,CB,Left,186,34,66,,59,47,55,57,67,65,53,41,68,62,39,53,42,46,58,60,53,63,54,64,52,64,68,58,70,48,59,70,41,50,42,68,66,66,65,11,14,8,7,8,9,Brasileirao Serie B
Douglas Pelé,Athletic Club MG,Brasil,2,"RB, RM",Left,175,27,60,,68,45,56,60,57,61,61,38,42,59,44,61,55,48,50,57,69,68,64,59,62,59,56,65,60,48,61,61,46,52,47,56,57,58,58,13,10,13,10,8,13,Brasileirao Serie B
Zeca,Athletic Club MG,Brasil,3,"LB, RB, CB",Left,170,32,66,,69,49,60,66,61,64,67,44,56,61,47,67,60,51,58,62,69,69,72,66,68,57,58,71,59,50,68,64,56,57,50,62,56,64,64,12,7,11,7,13,6,Brasileirao Serie B
Philipe Sampaio,Athletic Club MG,Brasil,5,"CB, RB",Left,191,31,66,,57,46,56,56,66,68,51,40,73,61,38,50,46,48,60,60,54,59,51,65,54,61,65,61,72,49,67,65,43,52,48,71,62,67,72,7,13,6,12,12,12,Brasileirao Serie B
Matheus Pimenta,Athletic Club MG,Brasil,26,RB,Right,177,20,60,,67,47,54,56,57,57,55,45,47,56,43,54,55,42,55,56,64,70,63,56,61,54,52,63,56,44,54,54,44,50,49,52,58,59,61,7,14,9,12,13,8,Brasileirao Serie B
Marcelo Henrique,Athletic Club MG,Brasil,27,"LB, CB",Right,172,21,60,,66,46,56,55,60,57,58,42,53,61,45,46,54,50,51,59,64,67,67,58,70,55,52,65,54,45,56,61,45,50,48,54,57,65,55,13,7,12,11,7,12,Brasileirao Serie B
Lucas Belezi,Athletic Club MG,Brasil,6,CB,Right,186,23,69,,61,51,59,57,73,74,53,46,65,64,45,51,50,45,66,62,61,61,55,69,56,65,75,68,77,54,74,77,42,55,52,64,71,74,73,8,7,7,12,6,14,Brasileirao Serie B
Jhonatan Silva,Athletic Club MG,Brasil,30,CB,Left,186,27,60,,58,43,48,50,65,64,50,41,67,55,38,45,39,39,51,53,54,61,46,57,50,53,60,56,68,39,65,65,38,35,44,65,69,61,62,15,10,8,8,8,8,Brasileirao Serie B
J. Torres,Athletic Club MG,Colombia,31,CB,Right,186,25,60,,55,39,51,47,64,60,47,32,66,62,33,41,36,44,47,50,54,55,49,58,51,56,66,59,60,41,62,63,40,43,35,59,62,69,60,14,15,13,6,8,7,Brasileirao Serie B
Gustavo Morais,Athletic Club MG,Brasil,35,CB,Right,192,20,59,,54,39,46,48,63,61,40,32,68,51,34,41,39,39,53,56,58,51,46,52,47,56,65,58,60,40,64,60,33,39,41,53,61,65,63,14,9,7,9,7,14,Brasileirao Serie B
Enzo,Athletic Club MG,Brasil,32,"LB, LM",Left,178,24,60,,66,45,54,59,55,57,63,40,54,52,42,59,57,48,56,59,67,65,61,56,65,54,56,63,52,47,63,59,47,46,51,55,54,55,55,8,9,9,13,12,14,Brasileirao Serie B
Diogo Batista,Athletic Club MG,Brasil,13,RB,Right,173,23,62,,67,49,55,62,59,58,55,45,53,60,44,62,52,46,58,61,63,70,65,58,65,54,51,64,54,55,60,60,52,49,43,58,58,60,66,14,7,9,15,14,9,Brasileirao Serie B
Eduardo,Athletic Club MG,Brasil,70,GK,Right,187,22,59,,35,16,30,27,17,43,19,10,20,38,14,14,14,11,30,31,34,36,32,59,38,34,50,35,47,14,39,24,10,37,21,41,16,14,11,57,51,55,59,66,39,Brasileirao Serie B
Glauco,Athletic Club MG,Brasil,25,GK,Right,191,31,62,,36,18,32,31,19,45,20,10,23,42,11,19,14,12,31,33,35,36,40,60,44,38,52,35,51,18,40,24,10,38,21,48,19,14,17,64,65,53,61,67,45,Brasileirao Serie B
Tony,Athletic Club MG,Brasil,1,GK,Right,194,34,67,,35,26,35,32,25,46,19,20,24,44,20,18,18,19,38,39,34,35,38,64,43,45,57,45,49,23,37,35,23,42,26,48,21,24,22,68,66,66,66,69,47,Brasileirao Serie B
Luan Polli,Athletic Club MG,Brasil,12,GK,Right,189,33,66,,37,22,31,31,22,51,18,11,29,32,14,18,27,24,39,35,37,37,40,67,45,49,55,39,58,22,46,32,16,41,25,48,19,18,20,65,61,61,65,70,40,Brasileirao Serie B
Igor Bahia,Londrina,Brasil,99,ST,Right,189,33,62,,56,62,50,62,30,66,45,61,69,52,60,66,50,51,50,60,57,55,54,61,55,70,64,59,72,58,62,28,67,51,62,65,24,27,25,15,6,7,13,13,7,Brasileirao Serie B
Kauã Jonathan,Londrina,Brasil,87,"LW, ST",Left,178,19,58,,66,54,56,60,28,47,57,53,45,58,56,61,62,54,55,59,67,66,65,55,62,57,47,50,48,50,41,33,61,53,53,52,27,22,22,11,13,13,13,7,13,Brasileirao Serie B
Raí,Londrina,Brasil,28,"RW, LW",Right,168,28,60,,68,58,58,66,30,50,62,59,51,58,54,67,62,55,47,67,68,68,69,55,59,56,50,64,46,55,45,31,62,62,63,56,29,23,29,14,15,9,13,9,12,Brasileirao Serie B
Caio Maia,Londrina,Brasil,28,ST,Right,175,21,57,,58,58,48,60,23,55,44,59,58,51,58,61,48,44,40,60,53,62,54,62,56,58,59,54,58,52,50,19,67,52,55,59,20,17,21,11,7,13,6,11,7,Brasileirao Serie B
Guilherme Cachoeira,Londrina,Brasil,27,LW,Left,175,24,60,,66,58,58,63,32,53,58,54,49,59,55,63,66,55,54,61,62,69,70,63,60,62,56,63,52,61,44,31,58,57,59,59,33,28,25,8,13,9,15,11,9,Brasileirao Serie B
William Pottker,Londrina,Brasil,23,"ST, RW",Right,180,32,63,,61,65,56,61,29,63,52,65,65,61,63,63,55,49,50,59,63,59,57,62,62,67,65,59,68,62,55,26,69,57,68,65,21,28,24,15,11,12,6,11,11,Brasileirao Serie B
Fabrício,Londrina,Brasil,21,ST,Right,176,22,60,,61,61,52,58,28,56,52,63,59,56,60,57,52,46,48,58,61,61,57,61,59,62,58,57,59,56,49,26,64,48,60,66,23,26,23,14,7,8,7,7,13,Brasileirao Serie B
Pablo Dyego,Londrina,Brasil,19,"RW, LW",Left,177,32,63,,65,61,62,68,32,54,62,60,51,61,60,70,64,62,55,65,67,63,70,68,62,63,53,59,53,61,52,41,61,68,57,65,30,25,20,15,14,9,12,12,9,Brasileirao Serie B
João Andrade,Londrina,Brasil,17,"RW, ST",Right,181,20,57,,65,56,52,59,26,51,55,55,52,49,55,63,58,47,46,56,70,61,58,53,59,57,47,58,52,58,41,28,57,61,51,54,22,22,25,13,8,7,10,10,10,Brasileirao Serie B
Gilberto,Londrina,Brasil,10,ST,Right,178,37,62,,59,65,50,61,30,62,53,69,68,52,66,58,49,49,44,60,59,59,67,71,59,66,62,60,66,55,57,28,64,51,64,66,28,23,24,10,11,11,7,11,11,Brasileirao Serie B
Vitinho,Londrina,Brasil,7,"RW, ST",Right,192,23,60,,66,59,57,59,33,56,63,62,54,53,54,58,62,58,54,60,70,63,62,62,58,58,51,59,57,56,50,31,65,57,54,58,33,30,23,13,12,6,11,9,7,Brasileirao Serie B
Herbert,Londrina,Brasil,11,"LW, ST",Left,178,26,61,,68,62,61,62,30,55,62,60,53,65,62,67,66,54,54,55,65,70,70,57,58,60,49,62,55,69,46,26,60,59,58,56,26,30,24,11,14,11,6,14,6,Brasileirao Serie B
Fellipinho,Londrina,Brasil,9,"RW, ST",Right,170,22,60,,63,57,59,62,30,50,60,58,44,62,60,60,65,59,49,61,61,65,68,64,69,61,53,59,47,49,46,37,66,57,52,57,27,25,25,15,15,14,15,9,6,Brasileirao Serie B
Athyrson,Londrina,Brasil,24,ST,Right,180,22,58,,60,61,48,58,23,58,49,64,55,52,56,59,49,47,44,58,59,60,55,65,54,60,56,61,58,57,54,16,61,45,57,62,21,21,17,12,7,8,14,14,12,Brasileirao Serie B
Asafe,Londrina,Brasil,25,ST,Right,183,20,58,,60,60,48,55,26,58,44,62,59,54,56,53,45,48,37,59,56,63,52,60,55,61,69,54,60,53,53,21,61,49,59,53,20,26,22,10,11,7,12,11,11,Brasileirao Serie B
Thalis,Londrina,Brasil,96,"CAM, CM",Right,175,30,63,,65,63,65,66,38,51,59,62,51,69,56,64,62,68,64,69,63,67,65,65,70,65,49,58,49,65,50,35,70,66,60,62,40,34,33,14,7,11,6,11,12,Brasileirao Serie B
Cainã,Londrina,Brasil,57,"CM, CDM",Left,184,19,60,,64,54,63,57,52,57,59,49,55,69,50,59,53,53,66,55,63,65,57,61,55,63,59,63,53,56,58,50,56,59,55,57,50,55,46,12,9,10,9,13,8,Brasileirao Serie B
Guilherme Portuga,Londrina,Brasil,55,"CM, CAM, CDM",Right,181,28,57,,54,49,58,58,46,54,51,46,44,62,43,59,51,58,62,59,59,49,60,55,49,53,51,63,51,53,52,50,50,59,47,60,43,47,46,8,7,6,12,8,12,Brasileirao Serie B
Chumbinho,Londrina,Brasil,53,"CAM, CM",Right,183,23,58,,59,56,60,63,30,50,52,55,48,64,45,64,60,58,57,64,62,57,61,58,58,60,45,56,50,57,46,28,58,64,58,60,28,28,25,8,12,7,8,13,12,Brasileirao Serie B
João Tavares,Londrina,Brasil,32,"CAM, CM",Right,185,22,58,,55,55,59,60,29,50,59,55,48,62,55,63,61,59,58,58,56,55,61,53,55,54,43,59,48,58,47,35,57,56,53,58,24,27,21,12,15,10,8,9,7,Brasileirao Serie B
Murilo Chico,Londrina,Brasil,27,CDM,Right,181,21,60,,55,51,54,56,62,63,47,48,59,56,39,56,50,46,58,56,57,53,54,63,56,58,60,58,65,55,65,62,53,57,53,62,62,63,58,11,9,10,6,6,10,Brasileirao Serie B
João Vitor,Londrina,Brasil,20,"CAM, CM, CDM",Right,178,28,62,,63,61,63,66,37,58,60,61,50,64,53,65,67,59,57,70,63,63,58,68,62,62,50,63,60,61,49,43,63,68,60,60,35,34,31,15,8,9,7,9,7,Brasileirao Serie B
Juninho,Londrina,Brasil,18,"CM, CDM",Right,172,27,59,,59,52,61,58,54,55,62,47,51,63,50,58,62,50,63,59,58,60,58,59,57,60,46,64,52,57,54,57,53,59,56,58,54,53,52,12,6,11,14,10,12,Brasileirao Serie B
André Cardoso,Londrina,Brasil,17,CM,Right,167,23,58,,55,50,56,59,49,56,52,48,45,60,46,56,54,51,61,63,55,55,60,54,62,56,47,63,54,53,57,55,51,53,44,58,47,50,47,8,8,13,9,8,15,Brasileirao Serie B
Lucas Marques,Londrina,Brasil,8,"CDM, CM, CAM",Right,176,31,61,,53,52,57,55,59,63,54,46,55,58,49,51,52,55,60,55,55,52,58,64,63,58,59,65,63,58,60,60,58,57,51,62,62,57,60,13,6,11,13,10,6,Brasileirao Serie B
Tárik,Londrina,Brasil,5,"CDM, CM",Left,183,33,60,,52,48,56,56,63,64,50,44,63,59,42,50,50,46,55,60,49,55,58,62,55,54,59,66,64,53,62,63,47,60,56,59,63,63,66,11,15,12,13,10,15,Brasileirao Serie B
Victor Feitosa,Londrina,Brasil,3,CDM,Right,180,30,62,,54,55,57,59,64,64,53,52,57,58,40,55,54,46,59,63,57,52,57,58,63,62,56,65,64,60,67,64,58,59,52,67,67,63,66,8,12,11,15,8,14,Brasileirao Serie B
Geovane Meurer,Londrina,Brasil,14,CM,Right,174,24,62,,60,56,62,62,53,57,55,54,52,65,53,60,62,56,67,64,62,59,61,64,58,58,53,63,53,61,60,52,57,61,55,65,54,54,51,8,8,6,11,14,13,Brasileirao Serie B
Kauê Leonardo,Londrina,Brasil,75,RB,Right,177,21,58,,64,43,54,57,54,56,59,40,49,59,39,53,46,42,53,62,65,63,53,60,64,54,56,60,56,39,53,55,50,46,41,53,53,56,57,13,14,9,6,8,7,Brasileirao Serie B
Caio,Londrina,Brasil,44,CB,Right,181,22,59,,49,40,50,50,62,57,48,37,60,57,32,43,37,38,56,54,47,50,53,62,45,54,65,53,56,39,63,62,34,39,37,62,63,64,59,13,6,14,6,7,8,Brasileirao Serie B
Heron,Londrina,Brasil,34,"LB, CB",Right,186,26,59,,63,50,53,57,56,57,57,49,55,55,46,56,49,47,56,58,63,63,58,56,60,59,62,59,57,46,55,58,54,48,49,50,53,58,61,6,8,14,9,15,9,Brasileirao Serie B
Kevyn,Londrina,Brasil,33,LB,Right,178,28,55,,57,38,49,52,56,52,54,36,47,52,34,50,50,38,49,51,58,57,57,52,60,44,48,60,51,37,48,56,43,43,42,53,55,59,55,8,12,14,9,8,10,Brasileirao Serie B
Richarlyson,Londrina,Brasil,29,LB,Right,176,18,57,,63,42,52,54,54,55,60,39,45,51,36,51,45,45,53,56,65,61,61,53,56,48,54,59,53,42,56,57,46,51,38,51,53,57,53,12,15,9,15,11,12,Brasileirao Serie B
Artur,Londrina,Brasil,22,"LB, LM",Left,178,32,64,,66,48,60,62,62,62,63,43,55,61,48,62,60,47,64,60,61,70,65,60,70,59,56,73,57,46,61,69,56,56,52,66,57,65,66,11,10,15,8,14,15,Brasileirao Serie B
Gabriel Lacerda,Londrina,Brasil,15,CB,Right,187,27,57,,52,41,45,49,60,57,43,35,60,54,31,46,42,38,48,54,50,53,43,57,45,56,59,49,60,44,58,57,35,33,38,54,58,65,58,6,8,8,13,12,11,Brasileirao Serie B
André Dhominique,Londrina,Brasil,13,RB,Left,178,22,62,,67,45,58,58,60,60,66,41,52,62,43,57,48,51,57,58,63,71,62,62,58,54,57,61,59,45,63,68,51,49,46,59,58,59,66,8,15,7,9,11,9,Brasileirao Serie B
Rafael Monteiro,Londrina,Brasil,6,"LB, RB",Left,184,22,60,,66,44,55,54,59,63,58,42,58,61,41,56,48,44,56,51,64,67,53,59,62,47,57,71,62,43,55,60,52,43,53,56,55,62,58,13,14,8,14,13,14,Brasileirao Serie B
Wallace,Londrina,Brasil,4,"CB, CDM",Left,186,38,59,,47,39,49,50,65,61,44,35,68,57,36,46,31,41,57,54,46,48,46,57,54,52,59,55,65,39,60,62,35,41,39,58,63,68,67,15,8,10,7,7,13,Brasileirao Serie B
Nino Paraíba,Londrina,Brasil,2,"RB, RM",Right,168,40,61,,56,47,55,60,57,59,64,44,50,53,44,57,53,43,52,59,59,53,65,59,73,54,53,68,55,47,59,56,51,54,47,64,61,56,59,6,10,13,8,8,12,Brasileirao Serie B
Weverton,Londrina,Brasil,26,RB,Right,181,27,58,,66,45,53,57,57,57,63,44,51,51,36,54,46,40,54,60,64,68,59,51,59,52,53,66,52,41,58,55,44,51,45,57,57,60,60,14,10,11,10,13,10,Brasileirao Serie B
Matheus,Londrina,Brasil,16,"RB, RM",Left,179,19,59,,69,44,53,51,56,56,55,39,51,56,39,48,55,45,52,51,70,69,59,54,57,58,53,62,53,43,56,54,49,48,46,55,57,56,58,11,7,10,8,11,7,Brasileirao Serie B
Maurício Kozlinski,Londrina,Brasil,30,GK,Left,191,35,64,,33,26,33,30,20,46,18,23,24,37,13,20,21,22,38,30,31,35,38,59,42,46,54,38,53,21,37,29,17,43,21,43,14,23,12,67,65,58,61,65,43,Brasileirao Serie B
Zanella,Londrina,Brasil,12,GK,Right,188,22,57,,30,16,25,25,13,40,16,10,16,31,13,16,11,10,28,24,31,30,34,53,41,38,48,25,51,10,29,16,10,27,17,33,10,12,15,61,56,51,61,61,35,Brasileirao Serie B
Luan Ribeiro,Londrina,Brasil,1,GK,Right,183,29,60,,36,18,30,27,17,41,10,10,21,41,12,12,16,17,34,32,38,34,37,58,43,36,45,34,45,19,40,23,11,32,22,37,16,15,13,60,63,57,60,65,35,Brasileirao Serie B
Lucca,Ceará,Brasil,99,"ST, CF",Left,180,23,66,,69,65,57,63,34,65,54,64,63,60,63,64,60,59,49,61,68,70,64,70,66,70,68,61,70,60,59,29,74,60,67,64,34,30,28,13,6,6,8,11,9,Brasileirao Serie B
Kauã Ziegler,Ceará,Brasil,90,RW,Right,166,20,60,,69,58,57,61,27,55,65,56,43,54,61,60,61,54,55,61,68,69,70,60,70,58,53,63,52,60,51,24,62,56,51,50,25,25,33,12,15,8,15,6,15,Brasileirao Serie B
Lenny Lobato,Ceará,Brasil,77,"RW, RM",Right,174,25,65,,71,64,65,70,36,58,69,67,53,67,66,72,63,61,59,68,74,69,73,67,75,66,57,63,57,56,53,36,70,64,58,63,35,34,28,14,9,15,6,8,11,Brasileirao Serie B
Saulo Mineiro,Ceará,Brasil,73,"ST, RW",Right,184,29,67,,68,70,57,66,34,69,55,76,70,62,67,67,59,56,50,66,65,71,63,66,64,68,66,63,75,61,60,31,68,57,70,70,31,31,24,11,8,11,10,10,15,Brasileirao Serie B
Melk,Ceará,Brasil,40,"RW, CAM",Right,181,20,58,,66,56,53,59,27,52,57,59,50,53,54,59,61,46,53,61,68,64,58,58,61,52,52,59,52,54,44,30,57,51,56,54,23,22,26,14,15,12,15,7,10,Brasileirao Serie B
N. Ferreira,Ceará,Uruguay,20,"LW, LM, CAM",Left,173,24,62,,68,60,59,65,30,56,58,59,45,60,56,66,66,57,56,65,63,73,66,62,63,65,51,65,54,61,49,31,66,59,51,61,26,30,25,6,10,10,9,10,13,Brasileirao Serie B
Rian Santana,Ceará,Brasil,16,LW,Left,173,25,62,,69,59,59,62,30,53,63,57,51,62,51,67,57,53,51,57,69,69,60,61,66,63,49,67,49,59,48,28,62,57,60,59,32,26,23,8,10,14,8,10,10,Brasileirao Serie B
Wendel,Ceará,Brasil,9,"ST, CF",Left,180,26,73,,74,74,62,72,39,71,65,76,71,62,72,71,67,63,60,71,69,78,75,74,68,76,72,66,77,68,63,37,78,57,72,78,38,34,33,11,11,8,7,6,14,Brasileirao Serie B
Matheus Araújo,Ceará,Brasil,8,"LW, CAM",Left,176,24,68,,74,65,65,70,37,58,67,67,52,67,62,72,71,58,60,66,75,73,74,68,75,62,62,67,56,65,51,36,70,65,60,67,37,34,29,7,7,9,12,9,13,Brasileirao Serie B
R. López,Ceará,Uruguay,19,ST,Right,192,32,68,,65,70,60,67,37,69,56,76,70,66,68,72,60,65,50,64,59,70,63,66,58,70,70,62,76,59,61,38,69,61,69,73,31,34,32,12,13,9,7,11,13,Brasileirao Serie B
Pablo,Ceará,Brasil,7,"ST, LW",Right,188,22,57,,58,56,47,57,25,58,41,58,52,48,53,57,51,51,45,55,62,54,58,59,53,55,56,54,65,55,48,21,54,50,56,62,27,19,20,8,10,12,10,7,12,Brasileirao Serie B
João Gabriel,Ceará,Brasil,81,"CDM, CM, CAM",Right,174,20,57,,52,45,52,53,59,60,47,42,51,53,35,50,49,51,57,55,53,52,50,60,56,51,56,61,61,48,59,66,45,50,44,52,56,60,57,13,15,13,9,12,8,Brasileirao Serie B
Enzo,Ceará,Brasil,60,"RW, CAM",Right,173,20,59,,67,57,58,63,28,46,63,62,41,59,50,63,58,53,55,62,68,66,68,57,70,54,41,58,43,50,38,32,56,56,51,52,27,25,22,12,15,14,8,12,7,Brasileirao Serie B
Vina,Ceará,Brasil,29,"CAM, CM",Right,177,35,67,,61,66,70,72,40,59,66,64,52,73,67,74,66,58,69,69,64,58,74,71,70,67,56,67,56,69,55,44,70,74,64,66,39,34,42,14,12,15,7,13,10,Brasileirao Serie B
Richardson,Ceará,Brasil,26,"CDM, CM",Right,174,35,65,,53,59,62,62,66,65,58,58,58,67,48,56,54,59,59,69,52,54,59,65,63,68,60,63,65,56,69,67,58,62,56,72,69,67,63,15,9,8,10,11,11,Brasileirao Serie B
Zanocelo,Ceará,Brasil,25,"CDM, CM",Right,184,25,69,,65,62,64,67,71,73,55,58,73,67,50,69,59,64,67,68,62,67,59,67,66,72,70,77,70,63,75,71,66,65,65,66,73,70,68,10,7,11,13,15,6,Brasileirao Serie B
L. Mugni,Ceará,Argentina,11,CAM,Right,181,34,67,,64,66,67,74,42,63,58,66,57,71,66,77,69,62,67,74,67,62,62,71,70,64,60,71,61,69,57,44,70,72,60,75,38,41,36,12,9,10,7,6,9,Brasileirao Serie B
Giovanni Pavani,Ceará,Brasil,5,"CDM, CM",Right,178,29,62,,55,51,58,56,62,65,48,42,63,62,45,52,52,52,64,59,57,54,53,60,57,61,61,67,65,58,65,65,60,59,53,65,61,61,62,8,6,11,10,9,11,Brasileirao Serie B
Gabriel Rocha,Ceará,Brasil,71,CB,Right,191,20,59,,56,37,48,48,64,62,43,29,68,57,34,43,41,40,51,52,56,56,45,55,50,52,62,53,66,44,62,66,25,37,34,50,63,60,66,10,14,10,13,8,12,Brasileirao Serie B
Gilmar,Ceará,Brasil,63,CB,Left,193,20,59,,56,43,47,48,63,64,44,40,63,53,30,45,38,42,49,50,55,56,47,60,43,57,68,58,69,40,60,66,37,41,44,49,63,63,56,9,15,13,13,11,6,Brasileirao Serie B
Éder,Ceará,Brasil,33,CB,Right,184,31,63,,57,42,50,52,67,64,49,36,63,58,36,50,41,43,49,50,52,61,55,65,51,58,66,60,64,40,67,68,41,43,39,57,68,67,64,6,11,12,6,9,15,Brasileirao Serie B
Bryan,Ceará,Brasil,31,"RB, LW, LB",Right,176,30,63,,65,49,58,60,61,65,63,44,59,62,48,57,58,47,56,61,67,63,65,58,61,60,62,66,65,50,63,62,49,52,45,59,60,63,62,6,15,9,13,11,6,Brasileirao Serie B
Júlio César,Ceará,Brasil,18,"RB, CB, CDM",Right,185,23,58,,61,42,54,55,56,57,62,39,49,54,40,53,49,47,54,57,58,64,57,54,57,48,55,58,58,46,55,52,42,50,40,53,58,56,61,9,13,10,14,9,15,Brasileirao Serie B
Luiz Otávio,Ceará,Brasil,13,CB,Right,190,38,66,,55,45,54,57,70,65,53,35,72,60,43,57,46,48,60,57,58,53,53,65,53,61,68,61,67,52,66,67,43,44,49,64,72,72,65,12,7,9,11,13,15,Brasileirao Serie B
Sánchez,Ceará,Brasil,12,"LB, LM",Left,178,31,63,,67,46,62,61,61,63,67,38,57,62,52,62,61,47,59,59,68,67,63,61,65,63,64,68,61,46,62,60,50,61,47,59,63,60,61,7,7,12,8,6,7,Brasileirao Serie B
Sávio,Ceará,Brasil,6,"LB, RB",Left,175,31,62,,66,47,57,63,59,59,60,42,51,59,47,62,51,43,56,62,71,62,67,63,67,58,53,67,54,48,64,63,48,56,44,61,61,56,63,7,13,12,6,13,9,Brasileirao Serie B
Luizão,Ceará,Brasil,4,CB,Left,194,33,69,,61,49,58,57,71,71,56,41,70,65,43,51,49,53,65,61,58,63,57,69,50,64,69,69,72,55,73,72,45,48,48,67,72,70,67,15,8,8,9,11,12,Brasileirao Serie B
Thalisson,Ceará,Brasil,3,CB,Right,190,24,65,,61,49,53,51,68,66,48,46,66,60,41,46,45,40,57,54,59,62,51,62,53,61,70,61,67,50,68,69,39,47,45,64,68,72,61,9,15,10,15,13,10,Brasileirao Serie B
Rafael Ramos,Ceará,Portugal,2,"RB, RW, RM",Left,174,31,63,,64,51,59,60,64,58,60,47,57,61,44,60,59,49,59,58,62,66,65,61,69,60,59,66,53,52,62,62,48,57,48,62,68,62,65,7,10,12,14,13,12,Brasileirao Serie B
Caíque França,Ceará,Brasil,23,GK,Right,186,31,69,,46,24,39,37,25,48,27,14,29,47,15,30,21,23,40,36,46,46,43,69,50,52,61,43,52,24,43,35,22,47,22,49,24,17,28,65,70,63,70,75,50,Brasileirao Serie B
Matheus Nogueira,Ceará,Brasil,22,GK,Right,191,29,62,,38,22,30,30,19,43,13,18,24,40,12,18,18,15,34,33,36,39,39,55,42,42,44,37,48,15,37,30,10,35,22,42,15,16,17,64,58,56,58,66,40,Brasileirao Serie B
Richard,Ceará,Brasil,1,GK,Left,186,35,70,,41,28,39,39,28,55,28,21,28,49,11,30,23,23,42,40,41,41,42,71,53,50,59,47,61,26,47,38,22,39,31,52,23,27,27,73,70,63,73,71,49,Brasileirao Serie B
Halerrandrio,Goiás,Brasil,77,"ST, CF",Right,172,20,58,,60,62,48,55,28,54,49,70,57,46,55,60,56,50,41,50,62,59,56,50,56,55,52,50,58,54,52,23,60,55,57,52,26,26,19,14,10,14,13,12,11,Brasileirao Serie B
Kadu,Goiás,Brasil,40,"ST, LW, RW",Right,168,24,58,,59,61,49,56,24,58,51,64,57,50,61,53,48,44,46,59,62,57,57,62,58,62,55,58,61,53,52,22,61,50,55,58,21,20,20,7,6,12,7,6,7,Brasileirao Serie B
Gegê,Goiás,Brasil,28,"LW, CDM, CAM",Left,175,32,65,,68,63,64,68,32,60,69,66,52,66,65,69,65,57,56,66,67,69,71,67,69,59,56,70,58,59,53,30,70,63,56,64,30,29,26,13,7,9,7,12,15,Brasileirao Serie B
Wellington Rato,Goiás,Brasil,27,"RW, ST",Right,172,34,69,,70,66,68,71,39,62,74,69,52,69,60,72,68,65,65,67,68,71,76,76,67,63,50,68,64,65,55,39,68,65,62,74,42,35,32,9,8,8,10,14,8,Brasileirao Serie B
Jean Carlos,Goiás,Brasil,21,"RW, ST, LW",Right,173,21,64,,69,64,61,65,34,57,61,63,52,66,56,65,57,58,49,66,69,69,70,59,69,67,47,66,54,63,55,29,66,61,61,59,37,31,28,8,14,8,13,14,15,Brasileirao Serie B
Willie,Goiás,Brasil,19,ST,Left,190,19,55,,62,56,43,54,20,56,44,57,57,46,48,51,44,43,32,59,61,62,56,45,44,56,55,53,59,54,54,15,64,46,57,54,12,21,15,15,10,7,10,7,11,Brasileirao Serie B
Cadu,Goiás,Brasil,18,"ST, LW",Left,188,22,58,,59,58,50,58,27,61,48,60,68,54,59,60,52,51,47,58,56,62,54,59,47,54,66,51,66,59,58,25,60,46,58,57,20,23,21,14,10,10,7,13,12,Brasileirao Serie B
Pedrinho,Goiás,Brasil,17,LW,Left,182,22,59,,68,58,57,63,29,53,56,60,50,61,50,66,58,47,53,62,67,68,60,57,63,58,56,63,51,54,45,32,61,55,55,58,30,20,24,13,12,12,8,6,14,Brasileirao Serie B
E. García,Goiás,Venezuela,15,ST,Right,163,26,65,,67,66,55,64,30,61,49,67,56,58,63,63,63,58,50,63,68,67,67,66,69,69,58,60,63,61,59,27,68,58,66,66,30,21,33,7,8,12,10,6,14,Brasileirao Serie B
Felipe Clemente,Goiás,Brasil,11,ST,Right,181,27,61,,64,63,52,61,27,63,55,64,59,54,63,62,51,50,46,59,63,65,61,63,58,65,61,58,68,57,56,26,67,52,57,64,24,23,21,15,10,15,7,15,15,Brasileirao Serie B
Anselmo Ramon,Goiás,Brasil,9,ST,Right,176,38,68,,62,70,59,68,33,68,53,73,61,65,70,65,62,55,55,71,61,62,69,75,64,72,64,64,72,63,64,36,70,57,72,64,28,28,29,13,9,9,8,8,11,Brasileirao Serie B
João Camargo,Goiás,Brasil,7,RW,Right,186,19,59,,71,56,54,58,29,52,56,55,51,56,51,56,60,51,40,61,68,73,60,56,58,55,50,54,53,61,48,30,58,58,53,50,26,25,25,6,13,10,7,7,8,Brasileirao Serie B
Lourenço,Goiás,Brasil,97,"CDM, CAM, RW",Left,169,29,69,,66,57,66,65,70,70,58,51,58,71,50,61,60,59,62,66,68,65,65,75,70,67,61,70,69,63,74,72,60,70,57,68,71,70,72,7,9,9,9,7,6,Brasileirao Serie B
Brayann,Goiás,Brasil,88,"RB, LB",Left,176,28,60,,63,49,54,57,58,60,57,51,48,58,40,54,45,50,58,60,61,64,59,55,65,49,53,66,58,45,61,56,53,45,46,50,59,59,63,11,7,14,15,10,9,Brasileirao Serie B
Guilherme Baldória,Goiás,Brasil,55,CDM,Right,181,21,62,,59,53,58,58,63,61,52,53,56,61,46,56,52,57,62,61,57,60,48,58,60,54,57,66,57,56,68,69,52,56,49,62,61,64,64,7,10,9,14,7,10,Brasileirao Serie B
Lucas Rodrigues,Goiás,Brasil,35,"CDM, CAM",Right,178,18,58,,56,50,54,57,59,58,45,47,53,60,43,55,46,52,59,59,56,56,54,59,56,61,56,60,56,48,60,60,52,53,51,56,58,61,58,9,12,14,8,13,13,Brasileirao Serie B
João Assis,Goiás,Brasil,19,CDM,Left,175,17,59,,51,51,56,55,60,60,47,49,57,63,42,50,46,51,59,60,53,50,53,58,56,61,61,57,60,50,65,64,46,56,49,57,61,59,56,13,13,8,9,14,11,Brasileirao Serie B
Hygor,Goiás,Brasil,16,CAM,Right,177,17,58,,62,57,61,62,33,48,61,57,48,63,54,61,60,57,55,64,62,62,63,57,64,57,46,59,45,58,43,29,63,64,53,60,36,29,26,9,7,9,13,12,12,Brasileirao Serie B
Lucas Lima,Goiás,Brasil,10,"CAM, ST, RW",Right,176,36,66,,61,65,67,69,41,58,63,64,58,71,63,69,70,60,61,70,65,58,69,67,70,70,53,62,57,62,55,43,66,70,65,72,41,37,32,15,7,6,12,13,15,Brasileirao Serie B
Juninho,Goiás,Brasil,8,"CDM, CM",Right,173,38,66,,49,54,64,62,66,66,58,49,58,69,55,58,56,56,68,61,51,48,67,73,66,63,57,72,63,55,69,65,59,63,61,69,66,67,74,10,14,13,12,10,7,Brasileirao Serie B
Filipe Machado,Goiás,Brasil,5,"CDM, CB, CM",Right,174,30,70,,65,60,68,70,72,72,59,54,60,75,59,70,56,61,70,72,68,63,65,68,67,70,61,74,71,66,74,75,58,68,59,66,73,74,72,10,15,11,8,12,15,Brasileirao Serie B
Vitinho,Goiás,Brasil,13,CM,Right,172,21,59,,60,56,60,60,50,56,56,53,48,66,47,62,54,51,60,58,58,62,60,49,63,58,50,64,54,62,55,51,56,59,55,65,52,48,54,14,13,15,7,9,12,Brasileirao Serie B
Danilo,Goiás,Brasil,66,"LB, RB",Right,180,19,55,Brasil,60,40,53,50,53,54,57,37,47,54,35,48,52,39,50,50,56,63,52,47,56,46,52,58,52,41,55,52,41,51,38,54,53,55,54,7,10,9,10,14,6,Brasileirao Serie B
Marcos Vinícius,Goiás,Brasil,63,RB,Right,176,29,61,,66,48,55,58,59,60,61,44,53,57,41,61,49,43,50,52,69,64,62,63,57,54,50,68,59,55,57,60,49,54,47,60,58,61,58,8,13,10,7,8,11,Brasileirao Serie B
Djalma Silva,Goiás,Brasil,54,LB,Right,180,32,66,,70,52,62,66,64,65,65,49,55,67,48,67,57,50,61,63,71,70,72,67,70,57,64,68,64,52,63,64,57,55,51,60,64,66,68,8,9,9,15,9,10,Brasileirao Serie B
Murilo Camara,Goiás,Brasil,29,LB,Right,183,19,58,,64,43,54,55,56,59,57,36,50,59,42,54,45,40,57,55,63,65,59,51,61,55,50,55,63,48,55,50,48,44,42,53,61,54,60,13,8,13,9,13,10,Brasileirao Serie B
Luisão,Goiás,Brasil,25,"CB, RB",Right,192,23,64,,60,43,51,54,66,69,48,39,67,58,41,51,42,44,50,57,58,61,55,66,45,56,69,62,73,42,69,67,40,48,45,61,63,69,65,12,10,14,8,7,8,Brasileirao Serie B
Lucas Ribeiro,Goiás,Brasil,14,"CB, CDM",Left,188,27,62,,57,45,50,49,64,64,46,39,64,60,41,45,42,42,52,51,58,57,49,63,54,60,67,59,67,48,63,59,38,40,40,54,62,67,67,11,14,8,12,8,12,Brasileirao Serie B
Nicolas,Goiás,Brasil,6,"LB, RB",Left,182,29,61,,64,45,58,57,58,63,61,41,56,65,43,60,56,46,56,54,61,66,55,60,63,53,55,62,66,47,58,58,48,48,44,49,61,57,57,9,14,8,9,15,9,Brasileirao Serie B
Ramon,Goiás,Brasil,4,CB,Right,186,31,62,,58,41,52,50,65,62,50,36,66,56,33,48,41,43,59,49,59,58,49,63,53,54,67,57,63,44,66,61,38,47,41,66,69,66,61,12,12,14,13,10,9,Brasileirao Serie B
Luiz Felipe,Goiás,Brasil,3,"CB, CDM",Right,187,33,69,,56,48,58,59,73,69,52,44,72,67,44,58,51,53,59,59,58,55,59,65,58,63,73,64,69,47,76,75,41,49,47,68,71,75,71,13,8,7,6,6,14,Brasileirao Serie B
Rodrigo Soares,Goiás,Brasil,2,"RB, RM",Right,176,33,69,,70,55,63,68,65,68,69,52,65,63,51,71,59,52,67,64,71,70,66,72,71,64,66,77,63,52,69,70,57,57,60,65,63,63,68,11,10,12,14,10,12,Brasileirao Serie B
Júlio Gouvêa,Goiás,Brasil,20,"CB, CDM",Right,188,21,58,,53,38,45,46,62,62,46,33,66,50,37,39,34,35,47,50,54,53,47,55,44,53,62,60,64,36,60,57,31,38,33,57,60,65,63,13,13,6,14,9,9,Brasileirao Serie B
Murillo,Goiás,Brasil,32,GK,Left,190,19,57,,38,16,23,25,15,40,10,10,17,29,10,13,10,12,26,30,38,38,32,48,39,38,51,29,45,10,36,23,10,28,19,29,15,10,11,62,57,50,57,58,37,Brasileirao Serie B
Tadeu,Goiás,Brasil,23,GK,Right,185,34,70,,42,26,39,34,28,56,26,18,26,45,26,20,22,24,40,38,45,39,49,64,48,47,55,49,61,27,51,33,19,47,27,49,27,27,25,74,68,67,75,71,52,Brasileirao Serie B
Ezequiel,Goiás,Brasil,12,GK,Right,185,23,59,,37,17,29,25,14,41,10,10,19,36,10,15,14,14,34,26,35,38,34,56,38,36,48,31,47,19,36,24,11,39,18,42,10,10,16,58,60,51,62,62,35,Brasileirao Serie B
Thiago Rodrigues,Goiás,Brasil,1,GK,Right,190,37,66,,36,23,37,32,23,48,23,10,25,42,20,19,21,23,42,35,35,36,42,62,48,50,56,42,54,27,40,34,20,46,24,46,18,20,25,66,65,55,64,68,43,Brasileirao Serie B
Léo Jabá,São Bernardo,Brasil,98,ST,Right,178,28,63,,65,66,54,63,28,63,55,71,59,57,64,63,54,53,48,62,62,67,63,64,63,64,62,59,65,56,63,25,68,54,64,66,24,25,21,15,9,9,12,8,8,Brasileirao Serie B
Daniel Amorim,São Bernardo,Brasil,89,ST,Right,191,37,67,,61,70,58,65,32,69,54,75,69,65,68,66,61,55,49,64,61,61,61,73,63,66,70,56,78,66,63,34,67,55,71,65,29,24,29,10,9,9,7,13,13,Brasileirao Serie B
Lucas Reis,São Bernardo,Brasil,70,"ST, CF",Right,190,25,60,,58,64,53,60,27,61,51,67,66,58,57,60,62,50,46,62,60,57,56,64,51,64,62,55,65,59,56,24,64,48,62,57,21,24,20,15,11,14,11,13,8,Brasileirao Serie B
Daniel Davi,São Bernardo,Brasil,37,LW,Left,178,21,59,,69,60,56,62,30,52,59,60,49,56,53,63,62,54,50,59,71,68,65,66,65,63,51,57,52,56,45,35,62,58,60,54,24,29,23,14,13,11,14,7,9,Brasileirao Serie B
Pedrinho,São Bernardo,Brasil,29,LW,Left,176,26,62,,72,60,59,64,30,53,61,57,49,58,60,65,59,53,56,64,69,74,66,58,72,65,56,64,49,58,50,28,66,62,61,57,26,30,28,10,14,9,11,8,13,Brasileirao Serie B
Echaporã,São Bernardo,Brasil,27,"LW, RW",Right,169,26,61,,67,58,59,65,29,50,66,54,43,57,60,66,59,57,50,64,66,68,67,61,60,63,50,58,48,63,45,37,58,62,59,62,28,20,26,7,10,6,7,15,12,Brasileirao Serie B
Pedro Vitor,São Bernardo,Brasil,11,"RW, ST",Right,177,28,60,,68,59,56,65,27,56,56,53,47,60,56,65,55,53,47,65,69,67,69,63,62,66,53,57,58,65,48,30,65,58,55,57,25,22,26,7,13,15,10,6,8,Brasileirao Serie B
Fabrício Daniel,São Bernardo,Brasil,10,"RW, ST",Right,182,29,60,,65,58,57,64,30,55,58,59,54,61,56,61,58,54,54,70,68,63,66,59,59,57,55,61,55,56,46,28,64,54,56,58,30,23,30,12,13,11,6,12,10,Brasileirao Serie B
Felipe Garcia,São Bernardo,Brasil,9,ST,Right,185,35,61,,58,64,52,61,27,60,52,66,63,54,66,62,55,46,51,60,56,59,62,65,54,64,67,57,63,56,54,25,70,52,60,61,25,22,20,15,12,11,6,14,9,Brasileirao Serie B
Lucas Rian,São Bernardo,Brasil,7,"LW, RW",Right,174,26,59,,64,59,59,63,25,50,64,61,42,62,56,63,63,53,53,65,65,63,60,57,62,53,50,58,47,60,45,25,62,55,62,58,23,24,19,10,6,6,14,11,8,Brasileirao Serie B
Marcão,São Bernardo,Brasil,77,CDM,Right,185,35,61,,48,52,58,58,62,65,50,50,61,61,44,59,49,48,68,59,51,46,51,64,49,54,58,64,66,56,65,64,60,58,53,64,65,59,60,6,11,15,12,6,12,Brasileirao Serie B
Hyoran,São Bernardo,Brasil,42,CAM,Right,174,33,68,,64,66,72,72,42,60,69,65,55,74,68,70,74,61,71,72,62,65,77,69,74,65,56,70,58,68,53,42,77,77,65,69,41,40,35,10,8,10,8,8,12,Brasileirao Serie B
Galdino,São Bernardo,Brasil,36,"CAM, CF",Right,176,21,58,,56,57,61,59,31,49,61,55,43,64,57,59,68,59,56,61,54,58,59,55,56,57,42,54,49,63,45,31,60,59,57,55,28,32,28,7,14,14,7,9,14,Brasileirao Serie B
Rodrigo Andrade,São Bernardo,Brasil,32,CM,Right,174,29,61,,59,59,60,64,52,58,55,55,50,65,51,64,59,52,60,67,56,62,58,60,57,65,56,61,56,62,58,54,61,59,57,60,51,54,48,6,11,15,12,11,7,Brasileirao Serie B
Lucas Fernandes,São Bernardo,Brasil,31,LB,Right,175,29,63,,71,47,58,60,60,62,62,43,56,62,46,56,52,50,58,61,72,70,63,64,66,55,54,65,62,47,61,61,55,53,45,59,58,63,61,9,15,12,9,6,6,Brasileirao Serie B
Breno Melo,São Bernardo,Brasil,30,"CM, CDM",Left,177,21,59,,59,54,61,60,53,57,57,52,50,65,49,59,59,52,62,62,57,61,59,61,61,56,53,65,55,57,54,55,59,58,50,59,56,52,45,9,8,11,10,12,14,Brasileirao Serie B
Dudu Miraíma,São Bernardo,Brasil,26,"CDM, CM, CAM",Right,173,26,59,,53,49,56,54,57,59,52,47,49,63,42,51,49,48,56,56,51,54,50,58,55,52,56,63,56,52,63,59,47,52,49,62,54,62,59,8,11,11,8,8,12,Brasileirao Serie B
Felipe Rodrigues,São Bernardo,Brasil,20,"CM, CAM",Left,180,18,58,,58,52,58,57,50,56,53,44,51,60,48,53,52,54,60,63,57,59,57,51,59,55,51,59,58,67,51,52,58,59,53,55,50,49,44,9,6,10,9,11,7,Brasileirao Serie B
Romisson,São Bernardo,Brasil,17,"CAM, CM, CDM",Left,178,30,61,,60,59,62,65,34,54,56,57,49,64,58,69,60,63,59,62,65,55,61,59,67,62,48,58,55,63,48,35,58,66,58,67,30,31,33,9,6,13,11,9,9,Brasileirao Serie B
Lucas Lima,São Bernardo,Brasil,14,"CDM, CM",Right,188,26,60,,52,51,58,51,60,62,49,47,61,64,48,49,43,47,65,52,49,54,49,55,54,55,55,60,65,55,61,59,56,57,46,59,58,62,56,15,13,12,13,6,13,Brasileirao Serie B
Foguinho,São Bernardo,Brasil,8,"CDM, CM",Right,180,34,65,,55,55,64,63,69,69,56,53,64,66,49,61,57,52,70,65,57,53,60,65,58,59,63,74,66,55,73,66,55,67,54,65,72,70,64,6,13,14,7,7,7,Brasileirao Serie B
Hwaskar,São Bernardo,Brasil,18,"CM, CDM",Right,174,20,60,,60,56,60,60,49,58,52,52,44,65,48,60,61,50,61,62,59,61,62,50,59,62,49,59,58,61,59,52,57,62,54,58,47,52,48,7,12,15,8,12,7,Brasileirao Serie B
Caio,São Bernardo,Brasil,4,RM,Left,177,22,58,,64,54,55,61,39,53,57,55,48,55,48,62,58,52,54,62,66,63,56,53,64,54,50,61,54,53,42,40,55,54,50,57,37,39,35,15,13,13,6,13,8,Brasileirao Serie B
Augusto,São Bernardo,Brasil,97,CB,Right,186,29,62,,56,41,49,55,64,66,48,38,68,54,37,49,44,43,55,61,54,58,51,58,53,52,62,59,70,38,67,63,36,39,40,64,63,65,65,10,13,6,9,14,10,Brasileirao Serie B
Luizão,São Bernardo,Brasil,90,CB,Right,187,24,59,,54,40,49,47,65,61,46,34,65,54,40,42,38,37,52,47,52,55,50,61,49,53,60,52,66,44,61,64,35,45,35,61,64,68,65,13,13,7,10,12,14,Brasileirao Serie B
Jemerson,São Bernardo,Brasil,35,CB,Right,184,34,64,,51,47,55,53,68,64,52,44,72,63,40,49,45,43,53,53,51,51,54,65,54,58,69,63,64,47,64,69,41,50,47,65,70,65,61,8,7,7,11,13,9,Brasileirao Serie B
Mário Sérgio,São Bernardo,Brasil,33,"LB, LM",Right,179,32,60,,62,45,58,59,56,61,58,43,55,67,44,55,52,46,53,60,61,63,66,61,62,53,54,64,61,43,58,54,48,50,43,56,56,56,59,7,11,10,6,13,10,Brasileirao Serie B
Wellington Manzoli,São Bernardo,Brasil,25,CB,Left,194,25,59,,55,38,47,47,62,64,46,33,64,54,37,45,34,42,55,47,56,55,43,60,46,52,65,59,67,39,61,59,31,35,38,56,61,63,66,13,11,9,13,6,8,Brasileirao Serie B
Hugo Sanches,São Bernardo,Brasil,21,"RB, RM",Right,167,32,61,,64,47,57,58,58,56,60,44,50,61,41,55,55,43,56,56,63,64,67,66,67,56,58,61,52,47,59,61,49,52,45,59,57,61,59,10,7,8,13,12,7,Brasileirao Serie B
João Pedro,São Bernardo,Brasil,16,LB,Left,179,21,59,,63,44,59,57,57,56,63,41,51,64,37,58,56,47,57,54,65,61,59,59,64,51,53,66,52,44,53,58,50,50,42,58,55,62,56,13,13,12,15,12,9,Brasileirao Serie B
Pará,São Bernardo,Brasil,6,LB,Left,167,31,58,,61,39,52,55,55,51,54,33,50,56,45,48,48,47,50,57,64,59,62,56,72,49,50,61,45,38,54,55,44,46,46,56,56,56,58,6,13,6,6,10,8,Brasileirao Serie B
Matheus Salustiano,São Bernardo,Brasil,5,CB,Right,182,33,62,,52,41,49,51,64,67,44,34,64,53,37,45,43,41,57,52,54,51,54,59,58,55,64,66,69,44,64,64,39,46,39,64,63,66,65,12,13,8,9,15,11,Brasileirao Serie B
Hélder,São Bernardo,Brasil,3,CB,Right,188,36,62,,48,44,52,51,64,64,45,43,68,56,34,46,48,40,63,56,45,50,43,61,49,57,63,61,66,40,64,58,39,46,42,64,66,63,64,9,9,13,10,12,9,Brasileirao Serie B
Rodrigo Ferreira,São Bernardo,Brasil,2,"RB, RM",Right,178,31,62,,67,49,60,60,58,58,67,44,55,63,44,55,47,48,58,63,64,69,62,67,64,60,54,59,58,51,58,57,50,56,46,56,56,58,66,8,7,6,9,11,12,Brasileirao Serie B
Arthur,São Bernardo,Brasil,23,GK,Right,193,18,55,,32,17,24,24,12,37,13,10,14,28,10,15,13,14,24,27,32,32,29,44,36,37,39,32,43,16,29,15,10,31,15,31,10,12,10,60,53,49,59,57,37,Brasileirao Serie B
Léo Lang,São Bernardo,Brasil,22,GK,Left,190,28,58,,31,17,27,24,14,42,13,10,17,34,10,10,18,11,31,29,33,30,36,54,42,40,40,33,51,15,32,21,10,34,17,37,11,11,13,59,55,53,56,61,37,Brasileirao Serie B
Júnior Oliveira,São Bernardo,Brasil,12,GK,Right,197,36,62,,29,19,29,27,22,47,15,10,24,31,10,17,16,14,28,27,30,29,38,61,39,43,55,39,54,21,37,29,10,48,18,44,24,15,18,64,60,56,60,65,41,Brasileirao Serie B
Alex Alves,São Bernardo,Brasil,1,GK,Right,189,39,63,,27,19,32,28,20,46,17,13,27,37,17,17,17,20,37,31,31,24,35,56,44,44,46,44,50,12,39,28,13,41,18,40,16,16,22,62,63,57,63,70,41,Brasileirao Serie B
Pablo,Operário-PR,Brasil,92,ST,Right,187,34,70,,66,70,60,68,39,72,58,69,68,66,67,69,57,63,54,65,67,66,67,74,62,74,79,65,79,66,63,35,74,57,73,80,39,34,30,15,15,15,11,12,14,Brasileirao Serie B
Maxwell,Operário-PR,Brasil,77,"LW, RW, LM",Right,178,31,62,,69,61,58,67,31,55,60,62,50,55,58,70,62,57,50,64,68,70,72,65,64,61,57,61,57,61,44,36,64,65,60,62,25,30,26,11,9,15,9,12,11,Brasileirao Serie B
João Victor,Operário-PR,Brasil,34,"ST, LW",Right,176,17,56,,57,57,47,57,21,53,48,59,56,54,53,56,54,48,35,59,54,59,53,56,59,60,53,52,56,51,48,18,61,43,60,59,19,16,17,8,11,9,10,9,10,Brasileirao Serie B
Pedro Vilhena,Operário-PR,Brasil,30,LW,Left,166,24,63,,71,65,61,64,32,56,65,71,49,62,60,65,62,54,54,61,73,69,69,65,70,62,53,63,59,56,43,29,62,63,58,63,33,27,28,15,10,13,9,13,12,Brasileirao Serie B
Dudu Mosconi,Operário-PR,Brasil,28,RW,Right,168,20,57,,69,56,56,60,23,47,59,58,43,60,53,61,61,48,51,59,70,68,65,50,63,56,44,59,44,51,42,28,60,52,56,52,20,18,19,15,14,8,14,11,10,Brasileirao Serie B
Caio Dantas,Operário-PR,Brasil,25,ST,Right,177,33,66,,62,65,57,67,29,64,57,66,59,61,63,68,59,58,47,67,65,59,67,70,63,66,71,60,67,63,59,26,69,58,65,68,28,23,27,15,6,13,9,11,6,Brasileirao Serie B
Hildeberto,Operário-PR,Cabo Verde,14,"RW, LW, RM",Right,177,30,64,,73,63,60,67,32,54,60,64,54,61,65,66,62,56,55,67,72,74,73,70,65,60,56,60,52,61,51,31,67,60,63,59,33,26,29,11,9,13,10,7,6,Brasileirao Serie B
Aylon,Operário-PR,Brasil,11,"LW, RW, LM",Right,180,34,69,,72,69,71,74,40,61,69,72,61,74,65,75,76,63,63,74,74,70,72,77,77,68,54,64,61,65,58,41,71,74,66,69,39,37,32,13,10,14,13,12,8,Brasileirao Serie B
Vinícius Mingotti,Operário-PR,Brasil,9,"ST, LW",Left,184,26,64,,63,67,54,62,30,61,54,69,66,52,63,57,59,59,53,68,61,65,63,60,61,67,67,53,65,65,60,27,70,57,67,65,28,25,25,14,14,14,14,15,6,Brasileirao Serie B
Á. Torres,Operário-PR,Colombia,7,"RW, RM",Right,182,26,64,,70,63,62,66,33,55,68,66,48,65,62,67,60,60,54,65,74,67,66,65,69,63,52,61,53,57,51,35,65,60,61,66,27,36,24,15,7,9,8,11,15,Brasileirao Serie B
Leonardo Erig,Operário-PR,Brasil,32,ST,Right,177,19,57,,63,57,44,54,21,54,42,59,62,48,55,48,45,46,39,58,65,62,55,57,58,62,60,53,53,48,56,18,59,43,61,57,14,17,18,7,7,8,11,11,12,Brasileirao Serie B
Jonas,Operário-PR,Brasil,15,"LW, LM",Right,179,18,58,,65,57,56,62,27,51,60,59,44,59,52,63,55,51,47,63,66,64,65,56,60,52,48,58,50,58,46,28,65,56,50,55,28,22,23,13,12,14,11,11,8,Brasileirao Serie B
Jhow Torres,Operário-PR,Brasil,18,LW,Left,182,21,58,,66,57,56,57,27,49,58,60,47,61,51,58,64,53,49,57,65,66,56,57,56,56,45,55,51,54,37,29,61,50,54,58,24,25,20,11,12,12,15,11,6,Brasileirao Serie B
Germano,Operário-PR,Brasil,19,ST,Right,187,17,58,,59,62,46,56,24,58,49,64,65,49,62,54,47,43,42,61,63,55,52,60,51,64,63,56,61,55,52,21,57,42,59,54,23,14,19,12,6,13,9,10,11,Brasileirao Serie B
Gabriel Cardozo,Operário-PR,Brasil,29,"ST, LW",Right,179,19,58,,59,61,48,58,26,57,42,63,61,48,59,59,49,47,46,59,60,59,57,54,59,57,59,57,58,61,54,24,62,55,57,53,23,21,14,6,6,6,11,14,14,Brasileirao Serie B
Bruno Iago,Operário-PR,Brasil,37,"LW, ST",Left,177,20,56,,66,55,56,60,24,49,57,56,41,60,53,66,56,51,49,56,66,66,60,56,58,53,46,58,47,56,42,24,63,53,49,53,25,19,21,14,13,14,11,11,10,Brasileirao Serie B
Neto Paraíba,Operário-PR,Brasil,88,"CM, CDM",Right,183,34,67,,61,61,66,68,59,67,65,57,57,67,60,68,64,59,62,70,60,61,66,70,62,65,61,73,65,67,65,57,67,72,58,71,56,66,57,11,9,8,6,11,8,Brasileirao Serie B
Matheus Trindade,Operário-PR,Brasil,39,"CM, CDM, CB",Right,181,30,63,,60,57,64,63,57,62,62,53,50,69,53,63,62,50,63,64,55,64,61,60,59,60,57,67,61,61,61,59,61,62,59,65,60,58,49,15,8,11,11,8,9,Brasileirao Serie B
Brenno,Operário-PR,Brasil,21,"CDM, CM",Right,172,21,59,,55,47,55,56,60,60,47,42,52,60,41,53,47,48,59,58,59,51,53,56,60,53,56,62,57,53,67,61,55,56,51,58,62,59,68,14,10,10,10,8,15,Brasileirao Serie B
Vinícius Diniz,Operário-PR,Brasil,20,"CDM, CAM, CM",Right,182,27,64,,61,56,61,60,67,69,56,51,64,70,55,57,49,55,59,63,60,61,62,65,55,64,70,69,69,58,67,65,53,57,59,64,68,69,65,15,12,10,11,7,10,Brasileirao Serie B
Boschilia,Operário-PR,Brasil,10,"CAM, CM, RW",Right,172,30,70,,68,70,70,73,43,61,71,67,57,71,68,72,68,64,70,76,70,67,78,65,68,69,61,68,57,77,60,48,69,71,71,71,37,44,38,7,15,7,6,6,13,Brasileirao Serie B
J. Zuluaga,Operário-PR,Colombia,8,"CM, CDM",Left,176,33,68,,52,62,70,69,62,66,62,60,60,75,56,67,68,59,75,71,54,51,69,74,67,66,54,71,66,65,65,59,62,68,60,69,63,63,59,15,11,8,7,11,15,Brasileirao Serie B
Índio,Operário-PR,Brasil,5,"CDM, CM, CB",Right,185,33,65,,55,56,60,62,67,69,55,55,68,61,51,61,56,57,65,63,53,57,56,70,58,64,71,72,70,51,63,69,57,62,56,69,65,68,65,9,9,7,7,14,12,Brasileirao Serie B
Charles,Operário-PR,Brasil,3,CB,Right,184,31,62,,53,44,50,53,64,63,43,40,64,59,36,51,45,40,55,52,55,52,55,62,57,56,60,57,64,45,67,69,39,41,44,63,63,61,65,8,10,6,14,13,8,Brasileirao Serie B
Marcos Otávio,Operário-PR,Brasil,35,CAM,Right,177,19,57,,62,57,57,59,27,48,60,55,40,59,58,59,53,51,54,61,62,62,58,54,62,57,48,56,45,61,48,32,58,54,56,49,28,21,23,15,6,11,14,14,9,Brasileirao Serie B
Kaua Lucas,Operário-PR,Brasil,36,"RM, LM",Right,172,19,57,,65,50,56,58,38,50,63,50,41,56,50,56,62,50,53,61,68,63,62,50,66,50,47,62,45,50,47,39,53,51,51,53,36,40,31,6,14,6,7,11,7,Brasileirao Serie B
Jaaziel,Operário-PR,Brasil,24,CM,Right,175,20,58,,58,54,59,60,51,55,55,52,47,60,48,59,53,54,61,62,57,58,64,52,64,59,48,60,53,53,56,52,52,62,54,48,50,52,49,8,15,7,12,9,10,Brasileirao Serie B
Klaus,Operário-PR,Brasil,44,CB,Right,187,32,66,,57,45,56,54,70,69,53,40,69,65,41,52,45,44,60,53,56,58,58,64,53,64,68,67,70,41,71,66,38,48,49,69,68,77,67,6,9,12,7,14,13,Brasileirao Serie B
Joseph,Operário-PR,Brasil,43,CB,Right,189,31,64,,61,42,54,53,68,66,51,35,66,60,37,50,41,45,59,55,62,61,51,61,49,61,69,58,67,43,73,69,38,49,40,58,69,69,60,7,14,7,12,15,15,Brasileirao Serie B
Renan Gustavo,Operário-PR,Brasil,34,CB,Right,185,21,58,,59,39,46,47,63,61,42,37,59,50,34,43,38,37,58,48,56,61,47,60,52,53,61,56,63,35,60,63,33,38,35,57,64,63,66,9,15,8,9,6,6,Brasileirao Serie B
Gabriel Feliciano,Operário-PR,Brasil,27,LB,Right,168,25,61,,66,46,58,57,60,56,63,43,52,62,44,53,48,49,53,56,64,67,64,64,67,55,53,59,53,45,62,59,48,55,45,59,64,59,56,8,15,11,15,8,6,Brasileirao Serie B
Maguinho,Operário-PR,Brasil,26,"RB, RM",Right,169,34,65,,66,52,59,62,61,63,60,48,45,62,43,58,53,49,57,66,65,66,66,57,68,63,59,73,59,53,61,60,54,58,47,62,65,65,58,8,15,9,13,10,10,Brasileirao Serie B
João Gabriel,Operário-PR,Brasil,23,"RB, RM",Right,172,20,59,,64,47,54,57,56,55,62,42,52,59,40,56,50,41,53,56,63,64,70,49,63,57,51,63,51,49,58,58,49,43,48,54,57,54,61,14,15,13,12,9,13,Brasileirao Serie B
J. Cuenú,Operário-PR,Colombia,22,"CB, CDM",Right,192,31,65,,56,48,52,55,70,66,46,44,70,63,43,53,41,42,58,56,54,58,50,66,53,63,72,60,67,44,68,67,42,42,50,61,74,69,70,6,7,11,6,12,8,Brasileirao Serie B
Nicolas,Operário-PR,Brasil,17,LB,Left,184,26,59,,62,44,55,54,58,57,57,41,54,58,42,57,57,43,60,49,61,63,61,59,55,51,53,64,55,43,55,58,49,46,46,52,55,62,60,11,12,7,11,15,11,Brasileirao Serie B
Miranda,Operário-PR,Brasil,16,CB,Right,181,26,66,,64,48,55,55,71,65,50,41,66,68,40,48,43,43,54,60,62,66,56,61,61,65,69,62,65,49,67,69,42,44,48,65,70,76,65,14,11,7,10,15,8,Brasileirao Serie B
Moraes,Operário-PR,Brasil,6,"LB, LW",Left,170,29,63,,70,48,56,62,62,58,56,43,55,60,51,59,51,47,55,62,72,69,68,62,69,57,55,70,53,49,58,57,45,51,50,60,62,68,66,6,13,14,11,15,6,Brasileirao Serie B
Doka,Operário-PR,Brasil,2,"RB, RM",Left,176,26,66,,73,53,60,63,65,63,67,49,59,58,51,64,60,53,60,60,77,70,68,63,70,63,63,66,61,53,64,63,52,57,50,65,63,70,70,11,15,8,13,6,11,Brasileirao Serie B
Kayo,Operário-PR,Brasil,31,CB,Right,190,20,58,,57,38,45,52,62,60,43,34,63,56,30,47,31,40,51,59,55,59,44,57,47,52,60,54,62,36,62,60,34,30,43,51,59,66,60,12,9,11,15,14,13,Brasileirao Serie B
Anthony,Operário-PR,Brasil,38,"RB, RM",Right,175,19,56,,64,41,51,54,55,57,57,37,52,55,31,48,49,40,51,57,66,62,58,55,66,52,51,59,55,41,60,59,48,43,43,51,58,53,51,9,10,13,11,8,7,Brasileirao Serie B
André Dantas,Operário-PR,Brasil,4,CB,Right,185,27,59,,59,41,48,48,60,61,45,37,63,57,36,46,40,40,50,50,57,60,44,55,47,54,60,61,60,38,64,58,35,37,39,59,59,63,57,8,12,11,8,10,12,Brasileirao Serie B
Diego Monteiro,Operário-PR,Brasil,41,GK,Right,185,26,58,,36,17,28,26,18,38,12,10,15,36,10,13,14,12,30,29,39,33,37,58,41,40,45,35,43,12,30,25,10,35,22,40,17,17,14,56,60,53,63,61,36,Brasileirao Serie B
Vágner,Operário-PR,Brasil,33,GK,Right,186,40,66,,30,24,33,33,22,51,18,19,23,39,20,22,22,16,39,34,32,28,37,65,50,46,52,38,61,19,41,29,11,41,21,48,21,18,17,63,65,57,67,65,44,Brasileirao Serie B
Talles,Operário-PR,Brasil,12,GK,Right,185,29,59,,31,18,27,27,16,43,14,10,17,35,12,17,10,18,30,32,30,31,32,48,42,43,50,32,49,15,39,23,10,31,15,35,12,13,17,57,60,50,59,57,38,Brasileirao Serie B
Elias Curzel,Operário-PR,Brasil,1,GK,Right,186,31,60,,32,21,31,26,16,47,17,14,20,30,13,13,11,21,39,30,33,31,34,59,37,42,43,38,57,21,34,23,10,46,14,36,15,11,15,64,61,55,57,61,41,Brasileirao Serie B
Paulo Guilherme,Operário-PR,Brasil,13,GK,Right,192,19,61,,39,17,31,27,20,44,13,10,19,42,14,13,19,13,35,34,37,41,38,51,38,39,45,32,55,13,33,30,10,36,19,35,18,17,17,62,62,60,60,66,41,Brasileirao Serie B
Janderson,Vila Nova,Brasil,99,LW,Right,161,27,65,,70,65,63,67,37,51,68,67,44,62,57,65,63,59,59,65,66,73,77,68,71,64,50,69,44,61,48,39,72,66,65,67,40,33,28,9,12,10,13,6,12,Brasileirao Serie B
Emerson Urso,Vila Nova,Brasil,70,LW,Right,169,25,58,,65,56,53,61,24,47,58,58,41,53,53,61,57,51,45,63,62,67,59,56,62,58,49,54,43,51,47,28,59,55,56,54,19,22,23,10,11,13,12,11,10,Brasileirao Serie B
Dellatorre,Vila Nova,Brasil,49,"ST, CF",Right,186,34,68,,64,67,58,67,34,69,56,67,66,61,69,68,54,51,49,67,67,62,66,66,62,68,71,66,72,61,63,32,74,62,72,73,32,29,29,14,10,6,12,15,14,Brasileirao Serie B
Bruno Xavier,Vila Nova,Brasil,33,LW,Left,177,29,63,,67,63,60,66,32,54,59,63,43,63,61,66,58,59,53,69,67,67,67,63,64,61,54,63,53,63,47,34,69,61,61,58,30,31,26,13,13,11,14,12,10,Brasileirao Serie B
Everton Galdino,Vila Nova,Brasil,17,"RW, ST",Right,177,29,66,,74,64,63,70,38,58,68,66,55,62,65,72,66,57,57,67,75,73,75,66,70,62,49,67,57,60,52,39,68,65,61,64,41,33,29,14,15,8,15,7,8,Brasileirao Serie B
Ryan Lima,Vila Nova,Brasil,11,RW,Right,171,25,59,,67,60,53,60,27,54,57,61,47,52,54,57,61,51,51,61,67,67,69,60,63,57,48,61,55,62,45,32,59,50,59,59,25,20,26,11,10,13,15,9,15,Brasileirao Serie B
Rafa Silva,Vila Nova,Brasil,9,"ST, LW",Right,179,34,68,,65,69,58,66,34,68,59,71,67,62,67,65,62,61,53,66,65,65,71,63,58,71,71,62,72,61,63,34,75,53,68,69,30,30,28,6,10,12,8,10,15,Brasileirao Serie B
Gustavo Puskas,Vila Nova,Brasil,9,ST,Right,186,18,56,,61,56,44,57,21,57,41,56,57,49,60,57,44,46,35,59,63,59,54,50,54,61,58,56,60,52,50,18,65,42,49,51,22,12,13,8,10,13,8,11,11,Brasileirao Serie B
André Luís,Vila Nova,Brasil,7,"ST, RW, LW",Right,179,29,64,,67,68,53,62,32,64,53,69,60,55,67,58,53,51,46,65,68,66,70,67,58,71,65,58,70,63,57,28,70,53,64,63,29,31,19,14,6,6,6,13,6,Brasileirao Serie B
Warley,Vila Nova,Brasil,34,ST,Right,178,19,57,,62,57,47,56,23,58,45,59,58,53,63,55,44,47,38,59,64,60,53,56,46,57,53,57,63,51,46,20,59,45,55,58,21,16,17,6,7,12,12,7,11,Brasileirao Serie B
Rian Lucas Santos Alves,Vila Nova,Brasil,25,"ST, LW",Left,172,20,58,,62,60,48,57,24,57,45,59,61,55,58,53,46,44,41,61,59,65,59,53,60,64,56,58,59,57,51,16,64,45,58,61,22,22,19,13,14,14,9,11,15,Brasileirao Serie B
Matheus João Santos Silva,Vila Nova,Brasil,35,RW,Right,172,16,57,,66,56,55,57,28,49,66,56,39,55,54,58,61,50,45,57,65,66,61,54,61,53,48,59,47,59,43,25,56,53,54,47,28,27,22,13,7,14,13,11,8,Brasileirao Serie B
Lucas Soares,Vila Nova,Brasil,27,"LW, ST",Left,175,20,60,,72,55,59,64,31,52,56,55,49,65,55,64,57,50,52,64,75,70,69,55,64,60,51,61,50,50,44,31,56,61,63,56,32,25,24,14,13,15,12,11,14,Brasileirao Serie B
Lincoln,Vila Nova,Brasil,19,"ST, LW",Left,175,25,61,,61,64,52,60,28,58,51,67,60,55,61,57,56,50,47,61,58,63,61,63,62,66,55,59,59,54,54,24,65,49,66,61,24,24,24,15,13,10,9,12,6,Brasileirao Serie B
Leonardo Alves Monteiro,Vila Nova,Brasil,36,"LW, ST",Left,179,18,57,,63,56,54,61,26,51,59,56,41,52,55,64,58,52,52,60,62,64,59,59,58,54,47,57,52,60,40,25,58,53,54,53,24,24,27,15,10,12,11,12,13,Brasileirao Serie B
Jonas Santos de Barros,Vila Nova,Brasil,37,"RW, ST",Right,175,19,57,,65,53,53,60,25,49,53,54,39,56,54,59,54,51,48,61,69,62,65,52,65,48,42,56,49,53,42,26,55,54,53,55,25,22,18,8,9,13,12,13,11,Brasileirao Serie B
João Pedro,Vila Nova,Brasil,38,"RW, RM",Right,180,18,57,,67,55,54,59,26,51,57,56,41,53,51,61,54,49,53,56,71,64,59,53,63,57,49,60,50,52,43,25,56,54,52,57,28,23,18,11,10,9,14,13,8,Brasileirao Serie B
Jackson,Vila Nova,Brasil,39,RW,Right,180,19,57,,68,55,54,59,27,47,57,55,44,49,57,60,57,50,47,60,68,68,62,53,58,58,48,57,44,54,43,29,58,63,51,48,22,26,23,10,13,9,7,12,8,Brasileirao Serie B
Davi Frota Nunes,Vila Nova,Brasil,48,RW,Right,179,16,56,,66,53,55,59,23,47,62,56,39,54,48,62,57,47,49,59,68,64,57,48,56,51,47,54,45,49,43,22,56,55,54,57,26,17,18,6,15,10,15,12,8,Brasileirao Serie B
Dodô,Vila Nova,Brasil,31,CAM,Right,178,32,66,,62,65,66,70,39,60,68,66,52,68,60,67,67,67,57,74,61,63,69,69,65,63,59,67,57,66,57,45,65,69,63,69,33,37,35,13,7,13,11,13,13,Brasileirao Serie B
Higor Meritão,Vila Nova,Brasil,21,"CDM, CM",Right,186,32,70,,57,64,66,69,69,76,61,61,65,72,57,66,57,59,71,74,56,58,60,68,61,72,70,75,78,66,73,70,59,61,60,79,65,72,71,10,11,14,14,9,15,Brasileirao Serie B
Nathan Camargo,Vila Nova,Brasil,20,"RB, CDM",Right,177,21,61,,69,47,52,56,60,58,57,44,62,55,47,56,53,40,53,52,70,68,65,58,68,54,59,65,53,48,61,62,48,46,48,58,58,61,61,9,13,7,12,8,6,Brasileirao Serie B
Enzo,Vila Nova,Brasil,18,CDM,Right,185,23,63,,58,53,60,55,64,63,52,47,61,64,48,53,52,56,61,55,57,59,57,61,54,60,62,65,60,57,69,72,59,65,56,63,62,65,59,15,6,11,15,9,15,Brasileirao Serie B
Dudu,Vila Nova,Brasil,15,"CDM, CB",Left,184,24,60,,57,52,58,58,60,62,47,49,62,65,43,59,45,53,61,58,58,57,53,63,54,62,61,66,60,53,61,64,53,60,46,67,58,61,58,12,15,13,14,9,7,Brasileirao Serie B
Samuel Frota Nunes,Vila Nova,Brasil,14,RM,Right,170,16,58,,69,56,56,59,38,52,57,58,43,56,48,63,58,58,51,53,68,69,60,55,68,52,42,64,47,57,54,39,55,56,55,57,37,37,42,8,10,14,9,6,9,Brasileirao Serie B
Marquinhos Gabriel,Vila Nova,Brasil,10,"CAM, CM",Right,174,36,67,,63,67,68,73,41,60,64,65,48,72,59,73,73,63,60,74,62,63,78,67,68,74,58,64,61,68,53,44,69,73,67,67,38,41,37,14,9,14,9,15,13,Brasileirao Serie B
Willian Maranhão,Vila Nova,Brasil,8,"CDM, CM",Right,178,30,67,,63,57,64,63,68,70,53,56,65,70,46,62,53,51,70,65,62,64,58,66,64,61,69,73,69,57,69,65,58,65,56,66,68,71,72,11,11,14,15,6,8,Brasileirao Serie B
João Vieira,Vila Nova,Brasil,5,"CDM, CM, CAM",Right,171,28,64,,58,52,62,62,66,64,60,46,58,63,45,61,53,45,71,63,53,62,60,59,61,60,59,67,62,58,64,68,54,60,58,62,69,66,63,11,6,15,9,12,13,Brasileirao Serie B
Wesley Cauã dos Santos Farias,Vila Nova,Brasil,50,CDM,Right,184,19,56,,51,47,56,50,57,62,50,43,54,61,39,49,46,45,57,50,54,49,47,50,54,57,62,62,62,47,61,59,48,56,48,53,58,56,57,12,6,6,7,10,8,Brasileirao Serie B
Rodrigo,Vila Nova,Brasil,53,LM,Left,175,18,55,,60,49,54,58,35,50,55,48,40,57,49,61,58,56,49,56,63,58,61,50,58,50,47,60,47,46,45,33,54,50,55,44,37,35,32,10,8,9,15,6,13,Brasileirao Serie B
Miguel,Vila Nova,Brasil,54,"CAM, CF",Right,171,17,55,,56,54,57,59,27,43,59,57,37,58,52,60,62,51,50,59,58,55,61,48,59,52,45,49,40,51,41,30,54,61,52,49,26,22,25,10,14,13,15,7,11,Brasileirao Serie B
Marllon,Vila Nova,Brasil,26,LM,Left,175,18,58,,61,53,58,56,40,52,59,53,45,61,52,55,58,51,54,56,63,60,65,52,63,56,48,63,49,51,48,40,56,56,51,50,40,40,36,6,8,9,6,12,11,Brasileirao Serie B
Kerlon,Vila Nova,Brasil,2,RM,Left,165,20,59,,69,52,61,59,37,50,61,48,43,66,48,62,58,52,53,55,67,71,62,58,65,55,44,61,46,58,47,36,55,62,50,52,36,37,38,8,11,10,10,9,6,Brasileirao Serie B
Kauã Calixto da Silva Prado,Vila Nova,Brasil,40,RM,Right,175,17,57,,65,52,57,59,38,54,53,51,43,62,49,58,51,54,58,62,63,66,58,52,65,51,53,62,51,55,54,39,52,54,49,48,37,35,40,7,12,9,14,14,12,Brasileirao Serie B
Guilherme Vieira,Vila Nova,Brasil,41,CDM,Right,176,20,57,,50,50,54,50,58,58,51,48,50,58,43,48,47,48,58,50,50,50,51,55,55,55,56,65,53,52,61,61,52,52,44,57,60,58,55,9,11,12,10,14,15,Brasileirao Serie B
Gabriel Dias,Vila Nova,Brasil,42,CM,Right,180,18,57,,58,50,60,56,49,56,55,47,42,65,52,57,52,53,63,57,59,57,54,54,56,56,52,61,55,50,54,54,58,57,49,51,51,48,45,8,9,13,13,12,15,Brasileirao Serie B
Felipe Faria Nascimento,Vila Nova,Brasil,28,"CM, CAM",Right,170,18,58,,56,54,56,58,50,55,50,55,40,58,46,57,58,50,60,59,58,54,60,55,64,57,51,60,52,54,56,51,51,56,46,54,52,50,52,6,13,10,10,6,6,Brasileirao Serie B
Breno,Vila Nova,Brasil,43,"CAM, CF",Right,180,20,57,,58,57,62,60,31,48,57,58,44,64,51,61,55,57,59,61,60,56,55,54,58,54,44,53,48,56,41,34,61,67,61,58,28,29,26,10,14,7,8,14,13,Brasileirao Serie B
Jonathan Costa,Vila Nova,Brasil,23,CB,Right,186,31,61,,57,41,49,50,66,63,45,37,63,56,35,45,40,43,51,50,56,58,53,65,58,55,66,56,65,38,65,70,34,43,39,64,63,69,65,10,13,12,13,15,7,Brasileirao Serie B
Breno,Vila Nova,Brasil,23,CB,Right,183,24,60,,56,39,49,48,66,64,47,35,62,55,38,44,41,43,54,50,55,56,46,59,48,49,64,56,67,42,66,67,34,41,38,61,65,68,63,14,8,10,9,11,6,Brasileirao Serie B
Hayner,Vila Nova,Brasil,22,RB,Left,178,31,64,,67,50,61,63,63,60,63,47,59,60,48,61,58,56,61,64,69,66,66,61,69,58,60,62,60,48,57,61,54,61,49,63,63,64,68,7,11,13,11,15,9,Brasileirao Serie B
Igor Cariús,Vila Nova,Brasil,16,"LB, RB",Left,184,33,67,,66,50,64,63,62,67,65,44,59,67,46,64,58,53,62,59,66,66,67,68,63,60,67,65,67,51,68,65,56,62,49,69,59,63,63,7,11,15,7,11,8,Brasileirao Serie B
Anderson Jesus,Vila Nova,Brasil,14,"CB, RB",Right,185,31,64,,55,43,50,54,67,66,50,36,68,52,43,48,43,49,58,54,53,56,58,68,59,58,71,64,69,44,62,63,47,44,43,65,66,70,65,7,15,14,13,7,15,Brasileirao Serie B
Willian Formiga,Vila Nova,Brasil,13,"LB, CB",Left,185,31,62,,63,48,59,59,60,67,63,45,54,62,44,55,52,54,62,61,60,65,69,64,56,54,64,72,69,48,57,55,55,51,46,59,63,61,62,13,12,11,8,8,12,Brasileirao Serie B
Higor,Vila Nova,Brasil,6,"LB, RB",Left,178,21,63,,66,49,56,62,62,58,63,48,59,59,43,62,54,49,52,62,66,66,61,59,66,58,62,64,54,46,62,65,52,49,42,57,60,62,63,13,12,15,15,10,10,Brasileirao Serie B
Douglas Mendes,Vila Nova,Brasil,4,CB,Right,190,22,65,,58,41,54,53,67,67,53,33,65,61,38,47,47,48,58,57,56,60,50,62,52,58,70,61,70,45,68,71,38,43,42,65,69,65,65,14,15,10,13,15,13,Brasileirao Serie B
Tiago Pagnussat,Vila Nova,Brasil,3,CB,Right,191,36,65,,54,44,55,53,69,67,49,38,70,66,40,49,43,45,59,53,55,54,54,65,48,58,69,65,67,45,70,66,42,44,45,67,70,71,65,7,7,12,11,12,13,Brasileirao Serie B
Samuel Lucas,Vila Nova,Brasil,51,LB,Left,173,19,56,,65,40,50,52,56,53,59,36,49,53,39,49,47,36,49,53,65,65,56,50,60,44,52,60,48,43,55,54,48,43,46,46,54,59,63,13,15,10,13,12,10,Brasileirao Serie B
Luiz Eduardo de Souza,Vila Nova,Brasil,44,"CB, RB",Right,191,18,57,,53,38,44,44,62,62,40,30,58,48,34,39,37,36,50,49,50,55,38,48,44,53,62,60,66,42,57,63,30,41,39,50,64,63,56,11,11,11,15,9,12,Brasileirao Serie B
Lucas Paulino Souza de Oliveira,Vila Nova,Brasil,12,CB,Right,183,18,59,,54,40,45,50,62,58,41,39,67,49,31,47,39,39,49,53,55,54,48,56,51,55,61,56,58,34,62,60,36,42,36,55,59,65,62,10,6,15,12,14,10,Brasileirao Serie B
João Gabriel Carvalho Leão,Vila Nova,Brasil,24,RB,Left,175,17,59,,61,45,54,54,56,56,59,46,51,57,42,50,53,43,49,55,61,61,62,51,65,46,56,60,53,43,61,50,44,51,41,51,59,58,59,8,9,12,7,8,11,Brasileirao Serie B
Gil,Vila Nova,Brasil,52,RB,Right,175,18,56,,62,42,49,54,51,55,55,41,49,49,35,55,46,40,51,54,62,62,55,49,59,46,51,60,52,41,57,50,46,45,41,47,51,54,50,8,8,15,12,9,12,Brasileirao Serie B
Gabriel Delfino,Vila Nova,Brasil,45,CB,Right,194,17,57,,55,39,45,45,59,63,40,37,61,56,37,36,34,34,50,51,53,56,45,53,47,49,65,51,70,37,59,62,29,34,33,58,58,60,51,11,10,9,6,10,7,Brasileirao Serie B
Carlão,Vila Nova,Brasil,32,CB,Right,186,19,58,,58,37,45,47,58,59,48,32,63,48,31,42,40,40,50,48,58,58,56,51,51,50,65,56,60,39,59,60,33,35,38,52,53,61,60,9,11,6,6,15,7,Brasileirao Serie B
Alex,Vila Nova,Brasil,46,"CB, CDM",Right,181,18,57,,55,39,46,48,60,59,49,34,55,52,35,42,43,38,48,52,51,58,47,54,53,53,58,57,61,37,58,59,29,34,41,50,59,61,62,11,12,15,7,9,13,Brasileirao Serie B
Gabriel Átila,Vila Nova,Brasil,30,GK,Right,193,23,58,,34,17,25,27,15,42,13,10,20,27,10,16,11,10,32,32,35,34,32,52,37,34,52,32,50,16,31,21,11,35,22,35,16,11,11,60,59,53,62,58,36,Brasileirao Serie B
Dalberson,Vila Nova,Brasil,29,GK,Right,191,29,59,,33,17,27,27,16,42,13,10,22,34,10,18,13,12,33,28,32,34,33,57,43,35,44,34,49,15,32,24,10,33,21,39,14,13,11,57,60,55,56,64,38,Brasileirao Serie B
Helton Leite,Vila Nova,Brasil,1,GK,Right,196,35,66,,39,27,34,34,22,51,18,21,29,42,16,22,16,17,36,38,37,41,43,67,46,49,51,38,61,25,43,27,16,41,24,45,19,20,20,66,64,56,71,71,45,Brasileirao Serie B
Pedro Bispo Santos,Vila Nova,Brasil,47,GK,Left,195,18,57,,37,16,27,25,14,41,10,10,18,36,10,13,10,15,31,30,36,37,33,54,40,35,46,33,48,11,31,21,10,32,16,34,13,10,11,53,57,49,56,60,37,Brasileirao Serie B
Isaque Ferreira,Náutico,Brasil,99,RW,Right,186,20,59,,67,55,57,59,28,52,63,55,47,57,56,58,56,52,55,61,67,67,61,58,61,55,53,59,52,55,43,30,57,55,54,53,24,24,25,13,8,12,11,10,11,Brasileirao Serie B
Danielzinho,Náutico,Brasil,78,LW,Left,180,25,59,,65,56,56,60,28,53,58,56,53,56,50,59,61,58,49,60,66,65,62,59,63,57,48,65,49,55,49,32,63,58,51,59,24,26,18,8,9,12,13,12,9,Brasileirao Serie B
Derek,Náutico,Brasil,72,"ST, RW, LW",Right,185,28,59,,62,62,49,58,28,62,43,66,67,55,61,58,50,48,42,59,62,62,52,58,56,59,60,60,66,59,53,25,61,50,56,58,26,23,11,7,11,15,7,7,9,Brasileirao Serie B
Rosa,Náutico,Brasil,31,"LW, LM",Left,164,18,59,,66,60,56,59,28,48,59,63,36,57,54,59,58,55,49,58,66,66,64,59,62,57,46,56,43,58,51,30,58,58,56,54,25,28,23,11,11,6,13,8,11,Brasileirao Serie B
Júnior Todinho,Náutico,Brasil,29,"RW, LW",Left,171,32,59,,62,60,58,61,28,50,56,60,47,60,61,63,61,53,52,58,64,61,64,59,70,61,51,60,47,58,45,29,64,63,56,58,28,24,24,13,7,10,15,6,12,Brasileirao Serie B
Everson,Náutico,Brasil,28,"RW, RM",Right,170,20,57,,65,53,54,59,27,45,55,54,46,53,51,61,59,52,50,57,64,66,64,57,59,53,48,58,40,53,41,27,56,57,52,54,23,26,24,10,8,10,7,13,12,Brasileirao Serie B
B. Borasi,Náutico,Argentina,24,"LW, RM, RW",Left,170,28,60,,66,59,57,63,31,51,61,61,40,59,55,63,61,50,51,60,67,65,69,59,69,59,47,60,48,53,48,30,66,55,59,67,33,29,23,13,9,12,8,9,6,Brasileirao Serie B
Maranhão,Náutico,Brasil,19,"ST, LW",Right,180,22,60,,65,64,51,60,27,59,47,71,60,56,58,64,52,48,49,57,66,64,55,60,55,57,63,54,64,55,50,24,66,50,59,65,28,18,26,13,9,11,11,8,13,Brasileirao Serie B
Luiz Claudio,Náutico,Brasil,16,ST,Right,183,21,58,,61,60,48,58,24,53,47,64,59,52,58,58,50,46,41,59,58,64,52,60,52,59,65,50,54,55,53,20,63,48,57,64,24,17,17,14,10,6,14,15,14,Brasileirao Serie B
Victor Andrade,Náutico,Brasil,11,LW,Left,171,31,61,,65,58,58,63,28,51,56,59,45,53,54,60,61,55,57,64,66,65,70,57,69,55,53,60,47,58,51,26,63,67,60,61,29,24,26,8,9,10,15,6,9,Brasileirao Serie B
Paulo Sérgio,Náutico,Brasil,9,ST,Right,181,37,62,,59,64,56,61,27,62,49,68,60,60,65,57,56,51,48,65,56,61,63,65,58,65,59,60,67,57,53,26,63,63,62,67,26,20,21,9,7,15,15,14,14,Brasileirao Serie B
Vinícius,Náutico,Brasil,7,"RW, ST, LW",Left,180,33,67,,67,65,68,70,38,56,69,66,56,68,61,69,68,62,64,70,68,66,74,67,72,62,59,63,52,68,55,43,65,71,61,67,37,31,32,9,11,6,14,14,13,Brasileirao Serie B
Caio,Náutico,Brasil,88,CM,Right,175,21,60,,57,56,58,61,54,57,53,55,55,59,50,62,57,51,61,58,56,57,61,66,63,59,56,65,54,57,54,55,61,60,54,64,53,56,46,9,6,15,12,6,9,Brasileirao Serie B
Hector Silva,Náutico,Brasil,75,CM,Right,176,20,58,,55,51,61,60,51,58,54,48,47,64,48,59,55,51,64,65,56,55,57,56,55,57,54,62,58,52,52,47,56,64,56,52,52,54,52,11,6,9,12,7,7,Brasileirao Serie B
Samuel,Náutico,Brasil,41,"CDM, CM",Right,183,22,60,,57,50,55,57,60,64,45,47,57,64,40,59,49,53,54,57,59,56,51,60,55,60,54,65,65,52,64,59,50,54,47,61,59,61,66,9,12,15,7,14,12,Brasileirao Serie B
Matheus Uchôa,Náutico,Brasil,35,CDM,Right,179,19,55,,49,47,54,51,57,56,46,40,54,60,39,46,44,45,54,56,48,49,51,52,58,54,53,55,55,55,60,61,52,56,46,56,57,54,59,9,10,15,7,8,9,Brasileirao Serie B
Luiz Felipe,Náutico,Brasil,27,"CDM, CM",Right,178,28,58,,51,47,56,55,62,61,49,41,59,60,46,53,40,47,58,57,52,51,49,57,53,55,54,67,58,49,64,63,53,59,51,60,61,64,62,10,12,14,6,12,6,Brasileirao Serie B
P. Núñez,Náutico,Argentina,22,"RW, RM",Right,178,27,58,,66,56,56,59,30,49,61,57,57,54,56,58,61,51,51,59,65,66,61,58,61,54,52,53,48,57,46,28,64,58,50,59,29,26,20,11,7,9,15,10,13,Brasileirao Serie B
Felipe Redaelli,Náutico,Brasil,21,"CM, CDM",Right,180,23,59,,55,55,59,59,50,56,54,57,49,60,47,59,61,52,60,59,62,50,60,58,58,56,49,65,55,52,48,54,55,62,52,60,49,52,45,9,7,9,10,7,9,Brasileirao Serie B
Halan,Náutico,Brasil,18,"CAM, CF",Right,174,20,57,,60,57,57,60,28,52,57,59,47,57,54,63,59,56,54,60,61,59,56,54,56,54,43,61,53,56,40,31,54,58,55,51,27,23,25,14,15,14,8,9,8,Brasileirao Serie B
Wendell,Náutico,Brasil,17,CM,Left,177,18,59,,61,53,59,60,53,56,55,49,50,61,49,56,58,53,59,66,63,60,61,51,58,59,50,60,53,57,58,57,56,61,55,53,54,52,47,8,11,11,8,8,10,Brasileirao Serie B
Wenderson,Náutico,Brasil,8,"CDM, CM",Right,177,28,60,,52,51,56,59,61,61,45,47,60,63,40,60,52,45,58,58,53,52,56,60,58,62,56,66,59,52,61,63,50,57,52,58,61,60,58,7,15,14,10,14,12,Brasileirao Serie B
Auremir,Náutico,Brasil,5,"CDM, CM",Right,174,35,63,,54,52,58,61,64,63,55,47,60,64,44,60,51,53,55,61,54,54,60,61,59,61,61,64,61,55,67,66,51,58,55,68,64,65,61,10,9,15,15,15,6,Brasileirao Serie B
Jean Carlos,Náutico,Brasil,10,"CAM, ST, RW",Right,178,34,67,,62,66,67,70,40,57,64,62,53,66,60,71,68,66,66,69,59,65,70,65,71,71,56,63,56,70,51,35,68,71,72,71,37,41,42,11,13,15,13,12,11,Brasileirao Serie B
Reginaldo,Náutico,Brasil,93,"RB, LB, RW",Left,174,33,63,,65,46,60,62,62,62,61,41,56,67,38,65,52,50,59,56,58,70,68,65,68,49,55,66,61,51,62,59,55,54,49,59,60,66,65,12,12,15,10,9,15,Brasileirao Serie B
Luiz Paulo,Náutico,Brasil,60,CB,Left,179,33,62,,56,45,51,51,63,63,48,42,58,60,34,41,44,39,55,58,54,57,55,58,54,59,62,56,65,46,66,61,32,41,38,61,69,62,60,13,13,7,13,8,9,Brasileirao Serie B
Guilherme,Náutico,Brasil,48,RB,Right,180,21,60,,64,44,53,60,55,60,53,37,55,55,44,59,50,49,57,60,66,62,62,55,62,52,58,64,59,47,60,53,51,48,48,58,57,55,55,8,15,8,11,10,6,Brasileirao Serie B
Gustavo Henrique,Náutico,Brasil,46,"CB, CDM",Left,181,20,58,,54,36,43,46,63,61,40,30,64,51,35,42,39,37,47,50,52,55,48,50,44,50,63,55,63,34,62,58,30,31,40,51,64,65,60,12,12,12,12,12,11,Brasileirao Serie B
Wanderson,Náutico,Brasil,43,"CB, RB",Right,187,31,61,,53,39,49,52,62,61,49,35,61,52,35,51,45,41,55,54,55,51,46,59,48,54,64,55,63,37,65,62,30,40,37,54,65,58,64,15,15,13,8,9,8,Brasileirao Serie B
Juan Rikelme,Náutico,Brasil,37,"CB, CDM",Right,180,20,60,,58,40,49,49,63,60,48,35,59,54,34,45,40,38,54,50,59,57,51,53,52,52,56,58,61,42,61,65,38,43,35,56,63,62,62,14,7,15,14,12,14,Brasileirao Serie B
Mateus Silva,Náutico,Brasil,25,CB,Left,192,31,61,,52,41,49,50,64,65,43,37,69,56,36,44,42,36,53,53,48,56,53,61,45,54,67,56,70,41,64,59,34,44,39,61,66,64,62,7,6,12,6,15,14,Brasileirao Serie B
Igor Fernandes,Náutico,Brasil,23,"LB, CB",Left,183,34,65,,63,49,60,63,64,63,65,41,63,61,49,63,57,56,62,62,64,63,64,67,59,61,59,64,62,53,63,65,49,53,51,59,62,68,62,11,6,15,10,8,9,Brasileirao Serie B
Léo Índio,Náutico,Brasil,15,"CB, CM",Right,187,30,63,,59,41,50,52,64,65,48,36,69,56,37,51,47,37,56,52,57,60,53,58,54,55,68,57,69,41,65,69,40,41,41,60,62,61,61,9,8,7,13,15,15,Brasileirao Serie B
Matheus Ribeiro,Náutico,Brasil,14,"RB, LB",Left,176,33,65,,67,52,62,63,63,63,69,47,56,61,46,62,54,53,65,60,60,73,74,64,70,61,63,69,60,56,63,61,55,59,54,65,65,63,65,12,13,10,11,12,14,Brasileirao Serie B
Gabriel Índio,Náutico,Brasil,13,CB,Right,184,22,57,,53,36,46,47,63,56,48,30,61,52,34,45,33,34,48,49,52,53,45,50,45,50,59,51,58,37,59,58,33,38,42,54,62,69,59,14,6,15,9,8,8,Brasileirao Serie B
Ryan,Náutico,Brasil,6,"LB, LM",Left,172,24,64,,69,52,61,63,63,64,64,48,51,62,45,66,56,52,63,59,68,69,66,64,69,61,61,71,61,53,61,64,52,57,51,57,68,62,63,8,7,14,8,13,13,Brasileirao Serie B
Betão,Náutico,Brasil,3,"CB, RB",Right,182,27,61,,57,41,47,51,65,60,51,37,63,50,36,44,44,45,47,56,56,58,51,59,57,53,61,53,64,38,56,68,35,38,46,62,64,63,67,13,9,14,12,9,8,Brasileirao Serie B
Arnaldo,Náutico,Brasil,2,"RB, RM",Right,173,34,63,,62,48,59,58,59,61,65,43,48,60,43,55,54,52,58,57,61,63,60,64,65,58,54,66,58,46,62,64,54,53,52,70,60,57,63,11,10,9,10,13,6,Brasileirao Serie B
Vinicius Oliveira,Náutico,Brasil,4,"CB, CDM",Right,182,19,57,,52,38,44,44,62,59,45,33,59,48,29,42,36,36,45,45,51,53,45,50,45,53,56,54,62,40,59,57,26,39,37,48,62,67,61,7,9,9,15,14,6,Brasileirao Serie B
Gledson,Náutico,Brasil,12,CB,Left,187,20,57,,54,37,48,46,57,58,44,31,59,53,35,44,36,37,53,45,51,56,44,52,49,53,59,56,57,36,64,57,31,44,44,55,56,56,58,6,12,13,8,8,6,Brasileirao Serie B
Emanuel Minervino,Náutico,Brasil,20,CB,Right,181,17,57,,55,36,44,46,61,57,41,30,55,50,30,38,40,35,48,53,55,55,45,48,46,54,60,57,56,35,57,65,37,35,35,58,63,60,58,9,8,15,15,10,12,Brasileirao Serie B
G. Guruceaga,Náutico,Uruguay,55,GK,Right,194,31,59,,30,17,26,27,16,42,10,10,18,30,10,16,15,12,30,31,31,30,30,53,40,41,42,37,47,10,37,27,10,38,17,36,10,17,10,62,57,53,59,64,38,Brasileirao Serie B
Muriel,Náutico,Brasil,1,GK,Right,190,39,65,,29,23,34,31,23,49,14,14,27,45,17,17,21,25,35,34,32,27,42,63,45,49,54,43,53,22,43,29,14,42,27,53,18,23,18,68,69,61,65,69,46,Brasileirao Serie B
Zé Hugo,Botafogo SP,Brasil,30,RW,Right,178,26,60,,70,59,58,61,31,52,57,61,49,64,55,57,61,52,50,65,67,72,66,57,68,57,57,61,50,58,46,33,63,56,54,60,28,28,24,11,6,12,13,14,15,Brasileirao Serie B
Thiago Moraes,Botafogo SP,Brasil,29,"RW, LW, CDM",Right,175,28,58,,65,55,56,62,29,52,63,53,48,56,58,64,54,50,55,61,65,65,67,57,56,56,47,58,53,56,43,27,62,52,56,48,31,25,23,6,11,15,7,7,14,Brasileirao Serie B
Thalles,Botafogo SP,Brasil,29,"ST, CF",Left,184,21,57,,63,59,48,52,23,55,45,64,56,53,56,51,49,48,41,53,61,64,54,48,54,60,58,50,58,49,53,22,63,48,58,58,26,13,15,14,13,11,6,13,8,Brasileirao Serie B
Wesley,Botafogo SP,Brasil,23,LW,Right,185,26,63,,70,63,62,66,31,62,61,63,53,66,66,67,57,58,54,64,71,70,71,65,57,66,58,62,65,58,55,34,67,62,58,65,30,24,29,15,9,13,7,13,10,Brasileirao Serie B
Jadson,Botafogo SP,Brasil,21,RB,Right,179,21,59,,69,44,56,56,58,58,62,39,54,56,43,53,57,48,55,57,73,65,64,58,62,54,57,59,59,44,55,59,45,54,42,59,57,59,59,14,10,6,9,6,6,Brasileirao Serie B
Márcio Maranhão,Botafogo SP,Brasil,19,LW,Left,168,27,60,,66,58,58,63,31,51,61,56,46,57,58,64,58,56,54,63,65,66,67,59,64,60,44,62,49,59,44,38,56,62,58,57,30,23,26,6,9,10,9,12,9,Brasileirao Serie B
Arthur Caíke,Botafogo SP,Brasil,18,ST,Right,174,34,65,,63,67,57,66,32,65,58,69,66,60,70,67,57,57,46,64,60,65,72,68,63,65,62,63,67,65,63,30,69,59,65,69,28,28,28,11,11,15,13,11,11,Brasileirao Serie B
Guilherme Queiróz,Botafogo SP,Brasil,17,ST,Right,179,36,65,,62,68,52,69,32,62,48,70,65,54,66,69,56,52,44,72,63,62,68,67,63,69,63,59,64,61,58,30,67,57,71,66,30,25,27,8,13,8,6,14,10,Brasileirao Serie B
Jefferson Nem,Botafogo SP,Brasil,11,"RW, LW, CAM",Right,166,30,62,,65,63,58,64,31,51,61,65,38,60,59,67,61,51,55,60,65,65,68,64,65,64,52,56,51,59,44,35,62,56,57,68,30,29,26,11,13,6,6,10,12,Brasileirao Serie B
Hygor,Botafogo SP,Brasil,9,ST,Right,187,34,66,,64,69,56,64,31,66,53,72,68,62,65,61,61,52,45,68,66,63,63,71,58,69,67,63,69,65,60,25,66,59,66,67,24,31,29,15,10,14,12,8,11,Brasileirao Serie B
Kelvin,Botafogo SP,Brasil,7,"LW, CAM",Right,174,29,61,,68,61,59,68,30,54,62,59,46,58,57,69,59,54,58,70,70,67,66,64,69,66,53,62,54,61,46,32,64,60,57,56,28,26,26,7,7,13,12,10,15,Brasileirao Serie B
Kauã Freire,Botafogo SP,Brasil,33,ST,Right,187,19,57,,58,59,47,58,21,56,46,64,57,50,54,55,54,42,42,62,58,58,55,56,55,56,61,46,61,52,55,20,61,47,64,57,15,17,19,12,6,10,8,8,14,Brasileirao Serie B
Iago Morais da Silva,Botafogo SP,Brasil,34,ST,Right,192,19,56,,57,58,47,52,22,56,41,59,57,57,55,51,52,43,35,54,55,59,53,49,50,64,61,48,61,52,51,23,59,44,61,49,17,19,14,11,10,12,12,15,10,Brasileirao Serie B
Marco Antônio,Botafogo SP,Brasil,28,CDM,Right,180,26,64,,53,55,62,62,63,65,53,53,61,69,44,58,59,53,65,66,51,54,60,69,60,58,66,65,65,59,65,62,58,59,47,65,62,67,60,6,6,13,6,13,11,Brasileirao Serie B
Yuri Felipe,Botafogo SP,Brasil,20,"CDM, CB",Right,179,20,59,,56,46,56,55,58,61,47,42,51,62,38,53,46,48,61,58,52,60,53,50,58,54,55,59,62,50,61,52,51,56,44,58,60,61,58,9,7,15,6,6,10,Brasileirao Serie B
Matheus Sales,Botafogo SP,Brasil,16,"CDM, CM",Right,178,31,65,,58,56,63,59,66,65,56,52,64,68,53,61,59,57,63,56,60,56,55,70,58,63,64,65,64,57,67,68,60,62,54,66,67,64,63,15,7,13,11,8,15,Brasileirao Serie B
Rafael Gava,Botafogo SP,Brasil,10,"CAM, CM, CDM",Right,178,33,65,,66,63,66,66,39,57,62,58,50,65,65,63,65,62,70,71,62,69,65,66,65,65,48,64,57,69,52,42,70,72,64,67,38,37,29,11,9,10,7,12,10,Brasileirao Serie B
Everton Morelli,Botafogo SP,Brasil,8,"CAM, CDM, CM",Left,179,28,61,,65,59,62,65,34,52,58,58,45,60,55,66,63,58,61,65,60,69,63,61,64,59,53,56,51,60,50,39,66,69,59,59,33,32,27,11,9,11,8,9,8,Brasileirao Serie B
L. Maciel,Botafogo SP,Argentina,5,"CDM, CM",Right,177,30,64,,57,53,62,60,64,69,58,50,61,66,51,59,56,53,64,59,56,57,57,68,62,58,58,70,70,55,68,66,60,60,53,66,65,62,63,11,12,11,14,9,6,Brasileirao Serie B
Gabriel Cruz,Botafogo SP,Brasil,24,"CDM, CB",Left,187,20,60,,57,49,58,55,63,62,48,43,57,63,36,49,49,47,60,61,59,56,54,55,58,58,59,67,61,55,60,66,54,63,49,55,61,68,54,12,10,9,11,9,13,Brasileirao Serie B
Henrique Teles,Botafogo SP,Brasil,32,LB,Right,186,20,59,,60,43,53,56,57,60,57,38,56,57,37,56,51,43,50,57,62,58,56,55,58,52,61,65,58,46,58,54,48,45,41,53,56,59,59,7,12,15,11,6,11,Brasileirao Serie B
Pedrinho,Botafogo SP,Brasil,31,"RB, LB",Right,177,19,60,,66,45,55,56,57,57,59,41,50,56,45,59,47,53,57,51,71,62,60,56,60,51,57,63,54,45,58,57,48,51,45,51,60,55,58,14,9,14,6,13,7,Brasileirao Serie B
Darlan,Botafogo SP,Brasil,27,CB,Left,186,22,60,,58,39,48,50,60,63,43,33,59,53,35,46,42,45,57,52,55,60,48,58,53,52,67,58,67,40,59,63,36,39,39,58,63,56,61,12,10,15,12,8,14,Brasileirao Serie B
Felipe Vieira,Botafogo SP,Brasil,26,LB,Left,177,27,61,,65,45,57,59,59,60,61,40,54,60,36,59,60,53,58,57,63,66,63,60,64,55,59,68,58,47,56,60,49,46,43,56,61,55,65,6,15,9,10,15,6,Brasileirao Serie B
Gabriel Inocêncio,Botafogo SP,Brasil,22,"RB, LB",Right,175,32,64,,65,47,60,59,63,60,66,45,57,62,47,58,56,49,58,58,63,66,66,60,66,53,56,65,57,45,62,61,51,58,49,59,65,62,66,12,8,11,15,13,12,Brasileirao Serie B
Guilherme Mariano,Botafogo SP,Brasil,15,"CB, CDM",Right,192,26,61,,57,45,50,49,62,66,50,38,63,58,39,46,45,44,51,51,54,60,48,62,45,58,70,60,70,51,61,64,31,40,42,57,64,58,65,14,15,8,9,13,11,Brasileirao Serie B
Carlos Eduardo,Botafogo SP,Brasil,14,"CB, RB",Left,186,25,63,,56,42,50,52,69,70,44,38,64,53,36,48,48,45,57,55,51,60,49,63,51,53,69,63,73,41,69,72,38,46,44,62,69,69,66,9,11,15,9,8,14,Brasileirao Serie B
Wallace,Botafogo SP,Brasil,13,CB,Right,191,31,65,,55,46,56,56,70,68,51,39,71,65,37,51,48,43,58,58,59,52,60,72,54,65,61,61,72,43,68,68,45,49,45,62,66,75,75,15,10,15,13,13,7,Brasileirao Serie B
Patrick Brey,Botafogo SP,Brasil,6,LB,Left,177,29,64,,66,50,57,58,60,62,63,47,59,59,47,56,54,54,57,59,66,66,64,58,60,55,55,65,61,54,63,61,53,51,50,59,61,59,63,10,15,15,12,11,12,Brasileirao Serie B
Vilar,Botafogo SP,Brasil,4,CB,Left,189,26,62,,54,43,50,50,65,64,46,40,73,58,41,43,45,41,55,56,51,56,51,62,52,54,61,60,65,40,65,63,36,42,46,57,63,68,62,7,11,13,9,7,14,Brasileirao Serie B
Ericson,Botafogo SP,Brasil,3,CB,Right,184,27,59,,53,38,47,51,62,63,39,30,61,56,36,46,42,37,51,56,51,55,50,54,47,54,64,57,66,44,63,62,34,38,37,62,63,63,61,12,9,8,7,14,6,Brasileirao Serie B
Jonathan,Botafogo SP,Brasil,2,"RB, CB",Right,179,34,66,,65,54,64,64,65,66,68,51,59,63,46,59,58,52,66,66,66,65,70,67,66,61,65,70,64,56,67,68,59,63,50,63,61,69,61,11,15,6,9,12,7,Brasileirao Serie B
Adriano,Botafogo SP,Brasil,25,GK,Right,190,20,58,,32,17,27,24,15,37,10,10,20,33,10,14,16,16,30,23,30,33,37,51,40,36,46,29,42,18,34,21,10,38,15,38,10,16,11,59,55,51,62,56,34,Brasileirao Serie B
Jordan,Botafogo SP,Brasil,12,GK,Left,190,28,57,,30,17,25,21,16,39,10,10,15,31,10,10,16,13,31,21,31,30,31,53,34,40,49,33,43,14,32,21,10,28,20,37,15,14,12,62,58,50,61,60,38,Brasileirao Serie B
Victor Souza,Botafogo SP,Brasil,1,GK,Right,190,34,67,,40,25,37,36,22,50,25,19,25,42,17,25,18,26,36,38,36,43,45,67,48,49,56,49,56,19,36,30,20,48,27,42,20,18,25,68,68,59,64,66,46,Brasileirao Serie B
Ruan,Sport Recife,Brasil,88,LW,Left,176,16,54,,64,52,53,57,22,47,56,50,40,54,49,59,52,47,50,57,64,64,60,51,56,57,41,57,45,54,41,22,54,54,48,48,20,21,18,9,12,12,13,6,9,Brasileirao Serie B
Fernandinho,Sport Recife,Brasil,84,"RW, RM",Right,170,19,58,,62,55,54,61,25,48,51,55,44,58,56,62,55,52,51,58,59,65,67,55,65,58,45,61,43,53,43,25,57,54,57,55,21,25,17,12,11,14,13,11,7,Brasileirao Serie B
Jefinho,Sport Recife,Brasil,82,ST,Left,183,20,57,,62,60,46,56,22,56,44,61,58,49,54,53,49,47,41,60,60,64,56,55,54,63,56,50,61,54,49,14,60,46,59,57,19,20,16,7,14,8,12,12,9,Brasileirao Serie B
Arthur Moreira,Sport Recife,Brasil,76,LW,Left,179,18,59,,67,57,56,63,28,50,60,58,56,55,52,64,60,52,48,65,65,68,63,55,60,57,47,54,50,55,44,29,61,59,53,53,26,23,24,9,10,15,11,10,11,Brasileirao Serie B
Maron,Sport Recife,Brasil,75,ST,Left,181,19,58,,61,60,48,57,26,59,46,66,57,51,54,58,55,48,42,56,65,58,53,59,57,57,56,57,63,53,52,22,62,48,50,55,29,19,18,12,12,14,10,14,9,Brasileirao Serie B
Lipão,Sport Recife,Brasil,71,RW,Left,172,19,58,,66,57,57,63,27,51,66,58,41,54,52,65,58,51,53,61,61,71,64,60,62,57,54,56,50,56,47,26,58,57,49,55,31,23,17,13,10,8,14,7,15,Brasileirao Serie B
Marlon Douglas,Sport Recife,Brasil,31,"LW, RW, ST",Left,176,29,61,,67,58,58,64,32,51,57,56,46,61,52,66,58,51,58,61,69,65,65,63,64,60,50,56,49,60,48,34,64,55,62,58,35,27,20,14,11,12,7,9,7,Brasileirao Serie B
Chrystian Barletta,Sport Recife,Brasil,30,"RW, CAM",Right,180,25,68,,73,66,68,70,38,61,66,66,57,74,64,73,68,63,60,65,71,75,76,69,69,67,66,73,58,66,52,38,74,66,65,62,37,35,28,14,9,6,15,15,11,Brasileirao Serie B
Clayson,Sport Recife,Brasil,25,"LW, RW",Right,170,31,67,,73,66,64,72,38,58,69,68,53,66,58,74,60,65,58,68,72,74,76,72,74,67,54,68,56,61,50,37,65,62,70,69,39,33,35,10,14,12,14,12,6,Brasileirao Serie B
Neto Pessoa,Sport Recife,Brasil,19,"ST, CF",Right,178,32,67,,66,68,57,65,32,65,54,69,67,60,67,64,60,54,53,65,67,65,64,71,66,73,65,59,70,62,60,35,73,59,67,70,25,28,25,15,11,11,14,9,12,Brasileirao Serie B
Perotti,Sport Recife,Brasil,9,"ST, LW",Right,186,28,67,,71,69,58,62,32,68,59,72,73,61,70,58,60,60,58,63,70,71,64,69,62,74,79,69,71,59,54,30,65,51,68,68,29,27,22,11,8,7,8,10,15,Brasileirao Serie B
Fernando Sobral,Sport Recife,Brasil,88,"CDM, CAM",Right,178,31,68,,60,59,65,65,68,72,58,54,64,70,56,64,51,59,71,64,57,63,64,69,63,68,67,76,70,60,73,68,60,63,57,73,70,66,70,10,9,12,8,15,8,Brasileirao Serie B
Thalis,Sport Recife,Brasil,80,CM,Right,164,21,58,,59,53,58,58,50,53,58,52,41,59,48,56,54,52,55,58,59,59,64,58,61,55,48,64,48,53,52,55,56,61,56,59,50,52,46,9,12,11,8,9,11,Brasileirao Serie B
K. Andrade,Sport Recife,Venezuela,80,"LW, CM, RM",Left,183,21,59,,67,57,59,61,29,52,63,56,46,60,57,61,63,56,50,62,63,70,63,56,62,57,53,57,52,57,46,27,68,59,53,53,31,26,22,10,10,12,8,10,9,Brasileirao Serie B
Dudu Teodora,Sport Recife,Brasil,77,"CAM, ST, RW",Right,179,27,65,,67,64,66,70,36,61,62,68,54,67,57,70,70,65,65,72,62,71,69,71,72,64,56,64,63,58,53,37,65,67,61,62,34,35,30,6,8,10,10,11,7,Brasileirao Serie B
Felipinho Santos,Sport Recife,Brasil,67,CDM,Left,183,19,55,,53,47,51,48,57,58,38,42,58,59,48,47,44,45,51,50,53,53,46,49,50,54,56,55,58,49,60,56,48,54,46,51,59,55,56,11,15,9,12,14,13,Brasileirao Serie B
Adriel,Sport Recife,Brasil,54,"CM, CDM",Right,176,20,60,,59,56,61,60,52,54,59,53,50,62,58,57,60,55,61,64,60,58,63,54,53,59,55,62,51,56,53,49,60,63,55,56,57,51,46,10,11,7,14,6,8,Brasileirao Serie B
Fábio Matheus,Sport Recife,Brasil,47,"CDM, CM",Right,182,23,62,,53,54,58,62,61,64,54,51,61,64,52,61,50,52,61,63,55,52,58,64,58,61,62,62,65,58,64,61,53,53,47,63,62,60,59,14,12,8,8,13,10,Brasileirao Serie B
Willian Oliveira,Sport Recife,Brasil,29,"CDM, CM",Right,183,33,69,,60,59,68,64,68,73,54,54,63,74,50,59,58,57,73,68,59,60,66,69,63,68,68,71,71,65,80,69,62,72,55,73,71,65,73,12,14,13,12,15,6,Brasileirao Serie B
Zé Gabriel,Sport Recife,Brasil,23,"CDM, CM",Right,185,27,59,,53,50,54,54,61,64,48,45,63,56,43,53,51,52,57,55,50,55,53,57,57,61,54,67,64,54,63,62,52,56,45,54,60,61,57,10,15,12,8,7,8,Brasileirao Serie B
D. Hernández,Sport Recife,Uruguay,20,"CAM, RW, LM",Right,175,26,68,,70,69,68,71,40,59,63,68,58,70,57,70,77,67,59,71,71,70,71,67,74,73,53,69,56,69,56,36,69,74,68,73,44,37,31,8,9,14,10,12,9,Brasileirao Serie B
Murilo Rhikman,Sport Recife,Brasil,15,"CM, CDM",Right,184,20,59,,55,53,60,59,51,59,51,51,49,65,52,59,56,57,65,62,59,52,56,57,54,55,50,62,59,54,58,54,53,58,53,58,55,49,40,7,6,10,14,11,6,Brasileirao Serie B
C. de Pena,Sport Recife,Uruguay,10,"CAM, CM",Right,177,34,67,,62,70,71,70,39,59,62,69,53,74,65,71,71,65,70,71,63,61,67,71,69,74,49,66,58,71,57,40,63,78,69,65,39,34,41,8,10,12,10,7,12,Brasileirao Serie B
Juan Alano,Sport Recife,Brasil,8,"CAM, RW, LW",Left,172,30,67,,70,68,67,70,38,57,67,71,45,69,59,69,72,67,61,71,71,70,74,65,73,62,59,66,51,69,60,43,65,69,68,65,34,38,35,13,15,12,8,6,12,Brasileirao Serie B
Patrick de Paula,Sport Recife,Brasil,7,"CAM, CM, CDM",Right,178,27,68,,68,68,70,71,41,61,68,67,61,73,63,70,70,66,63,74,70,67,69,67,69,67,52,66,60,73,58,44,67,72,63,71,35,39,35,8,9,9,12,9,6,Brasileirao Serie B
Biel,Sport Recife,Brasil,6,"CDM, CAM, CM",Right,182,24,65,,59,56,61,60,67,67,50,50,63,64,49,58,57,56,64,63,58,60,54,62,58,63,64,67,65,63,71,71,56,65,53,58,65,68,65,13,13,9,15,12,9,Brasileirao Serie B
Edson Lucas,Sport Recife,Brasil,96,"LB, RB",Left,175,26,64,,68,54,58,62,59,63,64,55,51,59,46,59,56,51,57,60,66,70,71,64,70,61,56,66,60,46,67,67,54,51,51,63,53,58,68,13,8,14,14,7,12,Brasileirao Serie B
Richarlyson,Sport Recife,Brasil,78,"CB, CDM",Right,189,18,54,,52,34,40,45,58,55,39,29,59,48,33,47,28,32,44,46,55,50,37,43,39,46,57,47,58,36,58,56,30,28,30,48,56,62,52,9,11,13,8,10,8,Brasileirao Serie B
Raí Lopes,Sport Recife,Brasil,76,LB,Left,182,26,61,,66,48,57,59,61,62,62,44,56,60,41,60,49,41,62,59,67,66,59,56,56,56,62,69,59,48,62,59,48,48,52,62,64,60,60,10,6,8,12,6,13,Brasileirao Serie B
Matheus Bessa,Sport Recife,Brasil,74,LB,Right,178,18,56,,60,41,53,51,55,56,63,35,48,52,40,52,50,42,52,47,62,59,58,50,56,51,50,60,58,42,47,56,48,47,43,45,56,55,59,6,14,10,15,8,13,Brasileirao Serie B
Caio Moura,Sport Recife,Brasil,73,CB,Left,189,18,57,,51,35,46,47,60,61,42,28,62,53,32,45,37,41,48,49,52,50,45,51,49,53,62,56,62,35,63,60,32,38,36,52,57,61,59,8,8,14,8,7,13,Brasileirao Serie B
Augusto Pucci,Sport Recife,Brasil,68,"RB, RM",Left,175,18,62,,70,50,56,61,60,58,61,49,56,60,43,62,49,48,56,60,71,70,61,54,65,57,58,64,54,49,58,63,49,48,47,54,58,62,61,13,8,15,14,9,7,Brasileirao Serie B
Rafinha,Sport Recife,Brasil,66,RB,Right,180,20,59,,64,48,55,52,55,57,58,43,49,60,42,49,46,47,55,51,64,64,64,57,60,57,55,61,55,50,58,56,51,49,47,55,52,58,56,14,12,9,9,10,11,Brasileirao Serie B
Patrick,Sport Recife,Brasil,63,CB,Right,187,21,58,,52,37,48,48,60,63,44,32,60,54,33,46,37,45,53,49,50,53,46,59,50,51,59,57,66,38,63,61,29,41,40,57,60,58,59,7,10,11,13,15,9,Brasileirao Serie B
Felipinho,Sport Recife,Brasil,60,"LB, LM",Left,177,29,67,,74,53,60,62,65,67,63,49,58,66,54,59,61,56,57,61,72,75,69,66,72,62,56,77,64,52,63,65,57,52,54,63,69,62,69,10,14,6,11,9,8,Brasileirao Serie B
Matheus Baraka,Sport Recife,Brasil,40,CB,Right,185,23,60,,55,39,49,47,62,61,49,30,61,56,33,45,38,41,52,47,56,54,44,57,49,56,71,54,64,43,61,62,37,41,39,61,64,61,65,9,6,15,7,6,10,Brasileirao Serie B
Kayky Almeida,Sport Recife,Brasil,33,"CB, LB",Right,165,21,63,,56,44,51,52,68,62,50,38,62,57,36,44,47,40,55,53,51,61,59,63,61,58,62,66,59,45,64,67,36,42,47,69,67,72,64,11,15,6,12,14,12,Brasileirao Serie B
Habraão,Sport Recife,Brasil,28,CB,Left,187,25,66,,60,46,54,57,69,66,50,41,67,60,38,50,49,43,59,64,58,62,51,66,53,61,69,59,71,45,64,68,38,47,48,64,66,71,72,11,7,15,15,12,11,Brasileirao Serie B
Claudinho,Sport Recife,Brasil,27,"RB, LB",Left,180,26,61,,66,47,58,58,61,60,59,44,52,64,42,56,49,44,57,60,68,64,63,55,59,55,57,68,54,47,65,58,47,55,45,52,61,66,57,10,6,8,9,15,9,Brasileirao Serie B
Benevenuto,Sport Recife,Brasil,5,CB,Right,180,30,66,,64,49,53,51,69,62,53,45,69,58,44,43,48,42,55,55,63,65,56,63,54,61,63,63,62,49,62,66,40,49,47,63,71,69,72,11,14,9,12,8,7,Brasileirao Serie B
Zé Marcos,Sport Recife,Brasil,4,"CB, RB",Left,187,28,68,,64,51,56,59,70,74,52,47,74,62,42,59,42,49,63,57,64,64,58,61,60,64,73,67,78,48,72,67,48,50,49,69,68,73,69,12,10,6,14,7,13,Brasileirao Serie B
Marcelo Ajul,Sport Recife,Brasil,3,"CB, RB",Left,187,24,63,,59,44,53,55,68,68,46,40,69,65,38,53,47,44,56,56,56,62,55,57,51,55,64,67,69,46,66,65,40,41,40,64,68,70,65,11,12,8,12,8,7,Brasileirao Serie B
Erick,Sport Recife,Brasil,90,GK,Right,191,19,59,,34,18,27,26,15,41,11,10,17,38,10,15,15,11,26,29,37,32,34,52,40,41,48,32,49,14,32,21,10,33,20,37,17,11,10,61,64,52,57,61,38,Brasileirao Serie B
Adriano,Sport Recife,Brasil,42,GK,Right,185,23,59,,33,16,25,25,16,44,11,10,19,30,15,13,16,16,30,28,37,30,37,49,42,35,49,35,51,13,34,22,13,33,19,42,14,14,10,61,58,57,62,62,36,Brasileirao Serie B
Thiago Couto,Sport Recife,Brasil,26,GK,Right,188,27,64,,41,20,32,31,23,48,20,11,24,39,10,20,17,20,34,34,40,41,35,65,44,45,51,44,53,19,40,30,17,38,26,46,20,21,20,67,61,58,68,58,43,Brasileirao Serie B
Brenno,Sport Recife,Brasil,21,GK,Right,190,27,62,,37,18,29,26,18,46,14,11,21,37,10,15,15,14,29,28,36,37,34,58,42,38,50,36,53,16,40,19,14,38,24,38,18,15,17,64,62,56,61,68,40,Brasileirao Serie B
Denis,Sport Recife,Brasil,12,GK,Right,188,39,64,,28,22,31,33,22,48,16,15,17,36,15,18,20,21,30,39,29,27,41,66,46,46,49,37,57,18,37,31,11,41,20,42,24,15,19,60,68,58,64,67,40,Brasileirao Serie B
Lucas Alves,Juventude,Brasil,72,"ST, CF",Right,181,24,60,,64,62,50,61,26,57,50,64,59,47,61,61,53,56,47,61,66,62,56,64,62,66,59,53,59,54,55,21,68,55,64,59,24,22,19,7,7,13,10,13,7,Brasileirao Serie B
Juan Christian,Juventude,Brasil,70,LW,Left,177,25,61,,69,55,57,63,32,56,62,52,55,58,55,64,64,61,51,61,71,68,68,56,71,56,45,64,55,56,49,31,66,52,55,55,30,28,27,7,14,8,6,14,6,Brasileirao Serie B
Ray,Juventude,Brasil,27,ST,Right,177,22,58,,56,60,49,56,28,56,45,59,63,55,64,55,49,46,42,56,53,59,59,57,53,63,58,55,59,57,48,22,62,47,58,60,27,24,20,15,14,14,8,8,8,Brasileirao Serie B
Alisson Safira,Juventude,Brasil,25,"ST, RW",Right,185,31,70,,67,71,64,69,35,70,64,74,75,68,67,71,63,59,55,67,64,69,67,73,63,70,74,65,75,65,61,31,81,64,67,72,30,29,34,13,14,12,12,14,8,Brasileirao Serie B
L. Amarilla,Juventude,Paraguay,18,ST,Right,179,31,63,,62,66,54,61,30,62,52,70,63,55,64,59,58,59,47,62,61,63,61,66,64,65,66,50,68,59,60,24,69,58,64,64,28,25,25,13,8,10,8,9,15,Brasileirao Serie B
M. Castro,Juventude,Uruguay,17,"RW, LW, CM",Right,175,31,68,,73,67,67,72,35,59,71,70,50,67,63,71,68,62,62,73,75,71,77,70,70,66,65,68,56,64,56,32,69,67,64,70,35,31,34,9,9,8,6,11,6,Brasileirao Serie B
Fábio Lima,Juventude,Brasil,11,"CAM, RW, ST",Right,176,29,62,,62,62,63,64,37,54,60,61,49,64,58,63,64,56,64,64,65,60,65,61,66,63,50,62,50,65,56,39,66,66,59,64,38,33,31,15,8,6,9,8,8,Brasileirao Serie B
Marcos Paulo MP,Juventude,Portugal,10,"CAM, LW, ST",Right,185,25,63,,64,61,67,68,34,53,64,64,51,69,55,73,64,57,60,65,63,64,64,64,59,56,55,58,54,61,42,36,60,73,64,64,30,32,33,9,8,14,15,12,9,Brasileirao Serie B
Alan Kardec,Juventude,Brasil,9,"ST, CF",Right,185,37,66,,57,68,55,65,34,66,47,70,67,58,66,63,60,55,56,66,58,56,63,68,62,68,65,66,71,66,56,31,64,57,60,69,31,31,27,7,9,10,8,11,7,Brasileirao Serie B
Nathan,Juventude,Brasil,46,ST,Right,191,17,54,,57,55,45,50,23,55,43,59,59,48,53,51,51,41,41,50,54,59,50,46,49,55,53,52,59,44,50,21,59,45,59,47,19,18,14,13,15,7,8,11,14,Brasileirao Serie B
Lucca Amaro,Juventude,Brasil,33,"RW, RM",Right,182,19,58,,67,55,55,61,25,53,58,54,41,53,57,64,60,53,54,60,65,69,60,55,56,56,48,61,52,57,45,29,58,56,54,58,22,21,22,13,10,14,6,9,8,Brasileirao Serie B
Carlinhos,Juventude,Brasil,39,ST,Right,178,19,57,,65,58,50,54,23,55,48,62,62,56,56,52,54,46,41,57,63,67,55,54,54,58,55,49,58,52,53,26,58,48,55,56,15,18,14,10,9,6,8,7,14,Brasileirao Serie B
Caíque Santos,Juventude,Brasil,35,RW,Right,185,21,58,,64,55,55,60,27,52,58,57,48,55,55,61,56,51,52,60,60,68,59,58,54,58,51,58,52,47,43,26,61,57,52,56,32,19,18,14,14,6,7,14,8,Brasileirao Serie B
Davi Góes,Juventude,Brasil,88,CM,Right,185,21,60,,58,56,63,60,52,59,54,56,52,65,48,56,55,56,62,65,57,58,58,56,59,54,57,62,59,59,56,50,62,73,52,60,52,52,54,13,11,9,11,13,14,Brasileirao Serie B
Luiz Henrique,Juventude,Brasil,77,CDM,Right,181,21,58,,49,50,57,56,56,64,50,43,50,65,39,55,48,45,59,58,47,50,51,58,56,61,63,59,69,57,59,56,51,52,45,55,61,53,56,14,15,12,6,6,7,Brasileirao Serie B
Raí,Juventude,Brasil,75,"CAM, CM, CDM",Right,175,24,63,,67,61,66,66,37,55,64,62,48,66,55,65,67,56,62,68,66,67,68,57,65,61,49,58,56,62,50,43,62,74,59,60,36,31,34,15,13,10,7,12,12,Brasileirao Serie B
Kaynan,Juventude,Brasil,53,CDM,Right,187,20,56,,48,47,53,53,58,60,43,43,53,58,39,53,46,45,60,55,50,46,51,52,50,53,60,60,62,52,57,61,49,53,43,51,58,59,57,9,6,6,8,15,10,Brasileirao Serie B
Mandaca,Juventude,Brasil,44,"CM, CDM, CAM",Right,178,25,68,,66,65,69,70,60,66,64,64,58,73,54,73,65,58,69,69,68,64,64,67,70,70,59,72,64,66,65,63,66,70,57,70,58,61,57,15,15,6,9,12,8,Brasileirao Serie B
Patryck,Juventude,Brasil,30,"LB, LM",Right,184,23,66,,71,53,62,63,62,65,68,49,63,66,48,61,63,45,56,67,72,71,59,66,63,61,59,64,67,56,65,59,50,55,47,56,65,62,61,13,10,14,12,12,13,Brasileirao Serie B
Gabriel Pires,Juventude,Brasil,29,"CM, CDM, CAM",Right,187,33,66,,58,60,68,63,58,67,63,55,65,69,55,63,65,67,69,62,59,58,63,66,62,64,66,66,69,65,64,60,65,72,60,68,57,56,59,11,6,8,10,9,7,Brasileirao Serie B
Alan Ruschel,Juventude,Brasil,28,"LB, LM",Right,175,37,65,,63,50,62,62,65,63,64,49,57,66,45,61,55,45,63,60,63,63,68,71,60,59,62,70,61,47,61,63,46,58,47,60,67,64,71,8,8,8,6,9,14,Brasileirao Serie B
I. Ly,Juventude,Senegal,26,"CM, CDM",Right,175,23,61,,58,53,64,61,52,57,59,49,49,68,49,56,57,58,64,65,59,58,64,63,67,59,54,61,52,54,63,59,65,65,57,63,50,51,51,9,14,13,11,14,14,Brasileirao Serie B
Nathan,Juventude,Brasil,22,"RB, RM",Left,185,25,67,,72,54,66,63,64,69,70,54,63,71,54,57,63,59,62,69,68,75,60,67,71,58,64,77,65,49,69,66,54,59,57,61,63,64,63,13,10,9,7,10,7,Brasileirao Serie B
João Trevisol,Juventude,Brasil,20,"RM, RW",Left,185,21,57,,60,48,58,58,37,57,61,48,48,57,46,59,60,53,52,58,64,56,55,59,55,46,48,66,56,47,49,37,57,60,48,52,36,36,36,8,11,7,10,9,10,Brasileirao Serie B
Allanzinho,Juventude,Brasil,20,CAM,Left,175,26,64,,64,63,65,68,35,56,64,64,50,70,62,68,65,58,59,70,65,63,70,64,66,61,52,62,55,64,53,32,63,62,59,63,34,34,29,6,7,15,9,15,9,Brasileirao Serie B
Diogo Barbosa,Juventude,Brasil,16,"LM, LB",Left,179,34,67,,67,63,65,69,48,64,69,62,51,65,58,70,70,57,66,70,66,67,67,66,69,63,60,72,64,64,55,45,61,63,66,64,50,47,47,10,14,13,8,6,9,Brasileirao Serie B
Aderlan,Juventude,Brasil,13,"RB, RM",Left,180,36,67,,64,52,64,64,63,70,70,49,58,67,42,61,60,55,64,64,63,64,70,70,72,58,64,74,71,54,66,62,53,55,53,62,64,64,67,9,9,10,15,14,9,Brasileirao Serie B
Lucas Mineiro,Juventude,Brasil,8,"CDM, CM",Right,188,30,66,,61,56,65,63,64,72,55,50,62,75,47,63,58,53,68,64,59,63,57,66,58,65,66,75,70,63,73,64,55,61,56,64,67,61,65,8,6,13,7,10,6,Brasileirao Serie B
Pablo Roberto,Juventude,Brasil,7,"CM, LM",Right,183,26,63,,61,58,65,62,53,61,64,53,53,68,51,62,62,52,67,64,62,60,56,68,59,64,55,62,65,65,53,57,64,63,56,57,48,57,52,11,8,11,7,15,14,Brasileirao Serie B
Luan Gonçalves,Juventude,Brasil,5,"CM, CDM, CB",Right,188,26,61,,55,57,61,62,53,61,62,52,54,63,53,66,62,54,65,61,56,55,56,62,57,61,53,61,65,64,52,54,58,56,60,62,48,58,53,10,15,14,10,6,7,Brasileirao Serie B
Raí Ramos,Juventude,Brasil,2,"RB, RM",Left,179,32,66,,68,48,63,64,65,66,70,42,54,65,53,67,56,50,61,61,66,69,64,67,69,56,65,70,64,48,67,65,53,58,51,63,66,68,66,14,12,11,9,10,7,Brasileirao Serie B
Yarlei,Juventude,Brasil,36,CDM,Right,182,20,58,,53,49,56,54,60,59,48,47,56,61,40,52,47,46,60,57,50,56,51,52,53,60,57,59,57,44,63,61,51,55,47,57,63,59,54,10,10,9,13,12,9,Brasileirao Serie B
Schroeder,Juventude,Brasil,19,"CDM, CB",Right,185,19,59,,56,47,59,52,62,61,46,40,63,68,41,48,52,44,63,55,54,58,49,60,57,59,57,65,59,52,60,62,49,59,45,58,57,68,59,11,14,10,9,7,10,Brasileirao Serie B
Sasso,Juventude,Brasil,23,CAM,Right,171,20,59,,62,58,59,65,32,50,59,57,42,57,59,67,69,57,56,67,61,62,63,56,62,61,52,57,48,58,45,30,62,64,58,59,36,30,22,13,13,7,15,12,10,Brasileirao Serie B
Pedro,Juventude,Brasil,40,CM,Right,180,20,57,Brasil,58,53,58,59,49,53,51,50,52,62,49,60,54,51,60,62,58,58,58,52,57,55,51,59,52,61,47,52,51,58,48,47,50,47,44,12,6,6,13,13,10,Brasileirao Serie B
Paulo Vitor,Juventude,Brasil,41,CAM,Left,175,18,57,,59,54,57,59,30,48,55,51,43,60,55,57,58,53,53,60,61,57,63,56,61,55,44,55,48,60,41,30,60,59,54,59,32,26,21,12,8,14,8,11,15,Brasileirao Serie B
Nicolas Begliardi,Juventude,Brasil,15,CAM,Right,177,18,60,,57,61,62,63,35,51,58,61,47,62,58,60,66,57,59,66,62,53,65,59,59,59,47,53,49,66,53,35,59,70,56,63,35,32,32,12,14,10,11,14,13,Brasileirao Serie B
Lucas Borges,Juventude,Brasil,37,"CAM, CM",Right,180,19,58,,65,57,59,62,31,52,53,57,45,61,53,64,62,55,51,62,66,64,61,63,57,58,50,56,52,60,46,29,56,69,54,54,32,29,24,13,8,6,8,11,6,Brasileirao Serie B
Kaua,Juventude,Brasil,99,CB,Right,186,20,60,,59,42,48,48,65,62,48,37,63,55,33,44,37,38,51,50,56,61,43,54,54,56,60,61,64,41,61,64,35,39,42,56,64,68,66,12,13,7,15,6,10,Brasileirao Serie B
Gabriel Pinheiro,Juventude,Brasil,97,CB,Right,187,29,61,,55,40,50,49,65,62,48,35,67,57,38,42,44,44,51,50,53,57,52,63,51,57,64,60,64,37,59,65,33,42,41,68,61,70,64,14,8,12,10,14,13,Brasileirao Serie B
Marcos Paulo,Juventude,Brasil,47,"CB, LB",Right,183,23,67,,65,46,55,54,69,69,50,42,68,63,43,51,46,43,64,54,59,70,54,69,57,57,68,69,69,49,67,71,37,46,48,66,68,68,70,15,6,9,8,13,13,Brasileirao Serie B
Bernardo,Juventude,Brasil,43,CB,Right,187,21,59,,52,41,47,48,60,57,45,34,61,53,32,44,41,42,52,50,50,53,48,54,52,57,61,52,58,45,62,63,37,39,38,54,62,59,52,7,15,9,13,11,7,Brasileirao Serie B
Rodrigo Sam,Juventude,Brasil,34,CB,Right,182,31,65,,57,43,51,56,68,67,50,35,70,56,33,50,47,45,56,58,57,57,59,69,59,60,66,62,69,44,68,67,46,40,49,66,68,67,66,7,9,9,6,7,8,Brasileirao Serie B
Mateus Schaffer,Juventude,Brasil,14,"LB, RB",Right,185,19,57,,63,43,53,53,55,54,60,41,50,54,37,53,46,44,56,54,62,64,54,50,55,51,59,59,51,38,54,56,50,48,41,53,55,55,62,8,9,11,12,14,11,Brasileirao Serie B
Wadson,Juventude,Brasil,6,"LB, LM",Left,183,26,61,,64,45,59,58,58,60,61,39,53,61,43,55,54,50,58,61,67,62,62,58,59,59,54,66,58,45,60,58,51,57,46,57,57,62,58,11,15,11,9,10,8,Brasileirao Serie B
Messias,Juventude,Brasil,4,"CB, RB",Left,190,31,68,,58,50,58,56,69,70,58,45,74,64,47,50,45,48,63,60,57,59,55,72,53,65,68,65,73,50,70,64,41,51,44,64,68,70,70,9,13,9,10,8,7,Brasileirao Serie B
Titi,Juventude,Brasil,3,CB,Right,188,38,65,,50,45,52,56,66,66,50,43,68,58,40,54,48,46,56,56,48,51,53,66,58,60,74,57,70,37,64,65,39,42,43,66,64,67,67,8,14,13,7,13,9,Brasileirao Serie B
Luiz Eduardo,Juventude,Brasil,24,"RB, LB",Right,172,21,59,,63,47,53,55,57,57,60,45,49,56,45,54,52,39,53,52,62,64,68,57,59,51,55,66,51,49,61,59,49,45,46,56,57,56,64,11,8,8,10,13,8,Brasileirao Serie B
Henzo Felipe,Juventude,Brasil,42,LB,Left,171,18,57,,62,45,51,53,54,56,53,41,44,59,42,49,44,38,47,56,59,64,57,50,63,56,52,61,54,45,56,57,43,44,34,42,56,55,52,7,8,13,11,11,7,Brasileirao Serie B
Gabriel Borges,Juventude,Brasil,38,"CB, CDM",Left,176,20,58,,55,40,45,45,64,59,45,38,56,50,39,43,32,39,50,43,50,59,48,52,53,50,62,55,57,35,68,63,33,36,37,54,61,71,64,15,7,12,11,13,6,Brasileirao Serie B
Clébio,Juventude,Brasil,32,RB,Right,186,22,59,,65,43,55,56,57,62,56,38,56,59,38,57,45,46,56,54,66,65,62,62,55,51,59,66,61,45,61,56,49,51,46,55,57,56,65,12,9,15,7,6,15,Brasileirao Serie B
Jandrei,Juventude,Brasil,93,GK,Right,187,33,70,,39,25,38,38,28,55,30,16,30,43,20,28,23,19,41,40,38,39,44,69,52,47,59,46,64,26,41,33,23,42,30,55,25,25,33,69,71,63,67,76,46,Brasileirao Serie B
Zé Henrique,Juventude,Brasil,31,GK,Right,199,21,56,,32,16,27,24,13,39,19,10,15,32,10,10,16,11,26,29,33,32,34,55,33,38,47,34,44,10,30,23,10,34,21,39,11,10,10,58,56,48,54,60,33,Brasileirao Serie B
Ruan Carneiro,Juventude,Brasil,21,GK,Right,195,36,66,,37,24,35,35,23,51,21,14,26,43,17,23,21,18,32,39,34,40,41,63,45,48,54,41,60,23,41,35,17,44,29,52,16,23,19,63,63,57,64,70,42,Brasileirao Serie B
Pedro Rocha,Juventude,Brasil,12,GK,Right,196,28,61,,33,17,29,29,18,42,14,12,25,34,10,22,12,15,37,29,34,32,31,56,47,38,47,35,49,11,34,27,10,36,20,44,12,18,16,66,60,59,63,67,38,Brasileirao Serie B
Léo Agliardi,Juventude,Brasil,1,GK,Right,193,20,57,,35,16,23,23,13,41,10,10,21,28,10,10,11,12,29,28,39,32,34,48,36,39,46,33,46,10,37,21,10,29,16,41,10,10,10,55,55,48,59,57,38,Brasileirao Serie B
Joaquim,Juventude,Brasil,45,GK,Right,189,19,56,,35,16,24,22,13,40,10,10,13,29,10,12,13,10,30,23,38,32,33,45,39,37,43,33,46,11,33,22,10,32,17,37,11,10,10,58,55,50,55,58,31,Brasileirao Serie B
Chico da Costa,Fortaleza,Brasil,91,ST,Right,184,31,68,,70,68,60,67,36,68,56,69,66,65,70,70,60,60,53,61,68,72,69,72,64,69,70,62,73,63,64,32,71,60,72,70,36,32,23,10,14,14,10,6,7,Brasileirao Serie B
Paulo Baya,Fortaleza,Brasil,77,"LW, LM",Left,184,27,58,,64,56,55,61,23,49,57,55,49,53,58,61,60,50,57,63,63,65,59,60,58,60,51,60,48,55,39,25,63,57,51,53,17,21,19,9,10,6,8,10,12,Brasileirao Serie B
Luiz Fernando,Fortaleza,Brasil,32,"LW, ST, CAM",Left,178,29,70,,78,67,68,71,37,60,64,64,53,73,65,71,70,65,61,70,79,77,71,72,70,68,62,70,57,71,57,38,73,70,67,72,33,37,32,13,14,14,10,8,15,Brasileirao Serie B
Welliton,Fortaleza,Brasil,31,"RW, RM, CAM",Right,180,26,62,,68,60,60,64,32,55,64,61,48,59,60,63,60,56,55,65,64,71,63,67,61,60,58,60,56,58,45,34,59,63,57,58,36,23,27,10,12,15,10,10,6,Brasileirao Serie B
J. Cantillo,Fortaleza,Colombia,21,ST,Right,187,23,58,,58,58,48,58,24,61,47,62,58,52,54,57,49,47,44,59,60,56,54,58,55,58,68,59,67,50,48,23,61,47,59,62,22,20,13,8,13,15,10,11,13,Brasileirao Serie B
Lucas Emanoel,Fortaleza,Brasil,19,ST,Right,193,20,58,,60,59,50,51,24,58,47,61,62,53,63,51,45,47,40,50,63,58,52,52,53,57,64,54,62,56,53,25,62,56,55,55,22,17,15,9,15,11,8,7,9,Brasileirao Serie B
Nathan Fogaça,Fortaleza,Brasil,17,ST,Right,178,27,69,,71,71,60,64,35,70,56,74,68,64,75,62,64,58,54,65,73,70,65,69,69,71,62,68,76,65,62,30,74,63,63,67,30,36,25,15,14,10,7,7,10,Brasileirao Serie B
Pedro Henrique,Fortaleza,Brasil,16,"RW, LW, ST",Right,181,36,69,,69,66,65,73,36,62,66,64,63,64,65,74,74,66,60,72,72,67,72,72,70,69,55,66,64,68,55,39,70,65,66,73,33,31,31,11,13,10,14,11,11,Brasileirao Serie B
Vitinho,Fortaleza,Brasil,11,"RW, CAM, RM",Right,169,25,70,,78,69,68,74,39,59,67,69,57,73,62,77,69,65,62,72,79,77,72,74,72,70,53,70,54,68,57,41,75,67,67,70,37,35,33,10,8,6,11,9,8,Brasileirao Serie B
J. Miritello,Fortaleza,Argentina,9,ST,Right,183,27,68,,68,70,60,65,38,70,58,74,72,63,67,64,59,59,55,66,63,72,66,69,61,70,75,70,73,65,63,34,69,59,68,69,37,33,26,15,14,10,12,12,12,Brasileirao Serie B
Lucas Sasha,Fortaleza,Brasil,88,"CDM, CM",Right,172,36,67,,53,58,64,62,68,68,61,51,61,67,53,59,54,63,66,62,52,54,67,66,66,70,65,73,66,61,70,67,57,64,61,68,70,67,69,9,7,9,11,9,9,Brasileirao Serie B
Rodriguinho,Fortaleza,Brasil,75,"CAM, CM, RB",Right,171,23,66,,63,68,67,73,38,56,61,69,49,71,58,72,69,68,65,77,65,62,68,63,72,69,51,59,55,65,58,40,72,69,65,71,38,36,34,11,15,9,10,10,13,Brasileirao Serie B
Lucca Prior,Fortaleza,Brasil,38,RW,Right,173,22,59,,70,58,56,59,29,54,55,58,49,57,59,57,65,52,50,60,72,68,62,58,62,60,49,63,54,56,42,30,60,61,57,60,31,22,23,12,12,15,7,8,11,Brasileirao Serie B
Ryan Gustavo,Fortaleza,Brasil,37,"CDM, CM",Right,170,23,60,,55,50,58,55,58,63,56,42,54,64,47,49,45,53,56,59,56,54,59,62,60,63,55,66,62,54,64,61,54,55,56,58,57,57,59,13,11,8,6,13,9,Brasileirao Serie B
Bruninho,Fortaleza,Brasil,35,"CM, CDM",Right,177,21,60,,56,55,57,59,50,56,52,49,49,59,54,57,60,55,62,62,54,58,57,60,62,58,52,58,55,62,55,49,62,56,56,60,50,52,52,6,10,15,12,8,8,Brasileirao Serie B
Rodrigo,Fortaleza,Brasil,29,"CDM, CM, CAM",Left,178,26,66,,58,57,63,61,65,66,57,54,59,66,53,57,53,56,66,64,63,54,57,68,65,62,64,69,63,60,68,68,63,64,56,64,61,69,63,6,9,13,13,13,6,Brasileirao Serie B
Lucas Crispim,Fortaleza,Brasil,10,CAM,Right,180,32,65,,62,63,67,67,42,58,70,63,55,69,54,67,63,62,60,68,64,60,69,66,66,60,54,65,56,67,53,43,67,68,63,67,39,41,34,8,15,13,12,9,7,Brasileirao Serie B
Ronald,Fortaleza,Brasil,8,"CDM, CM, CB",Right,186,23,58,,50,49,53,53,58,63,43,48,54,60,41,50,46,49,57,57,53,47,49,59,53,56,57,64,64,47,63,59,52,52,46,58,55,59,66,14,15,12,6,13,7,Brasileirao Serie B
Pierre,Fortaleza,Brasil,5,"CM, CDM",Right,183,24,66,,62,60,66,64,58,66,67,57,58,68,59,66,62,62,70,62,63,62,59,62,61,60,59,71,65,64,64,59,65,59,63,73,63,56,51,15,11,8,15,11,6,Brasileirao Serie B
Jailson,Fortaleza,Brasil,14,CM,Right,187,31,66,,59,63,66,66,58,67,66,62,60,65,55,67,64,61,72,67,61,57,61,63,65,69,61,70,69,61,61,58,66,66,59,67,58,60,52,10,9,12,13,13,6,Brasileirao Serie B
Guilherme,Fortaleza,Brasil,36,RB,Left,185,21,56,,59,44,51,50,56,56,53,45,56,52,43,47,51,40,54,48,59,59,57,53,55,52,57,52,59,36,55,59,39,46,48,60,53,57,58,13,12,7,12,13,7,Brasileirao Serie B
Kauã,Fortaleza,Brasil,33,"CB, RB",Right,185,19,56,,54,36,46,44,63,58,46,29,59,50,29,39,34,33,54,46,49,58,43,53,50,54,59,48,64,41,56,61,24,39,30,48,60,68,64,13,13,13,8,8,15,Brasileirao Serie B
Paulinho,Fortaleza,Brasil,28,RB,Right,175,21,60,,63,46,59,59,57,60,62,42,50,63,39,55,45,42,59,64,64,63,61,56,57,54,58,64,58,48,61,54,50,57,40,59,59,58,62,9,13,7,11,13,6,Brasileirao Serie B
Neris,Fortaleza,Brasil,23,"CB, CDM",Right,189,34,68,,58,48,59,58,71,74,51,45,76,69,40,56,50,46,60,56,56,59,58,70,64,65,69,68,78,42,73,72,41,54,53,66,72,69,69,9,6,6,7,12,8,Brasileirao Serie B
Maílton,Fortaleza,Brasil,22,"RB, RM",Right,176,28,69,,72,55,61,64,69,65,64,51,58,61,56,61,63,59,59,66,68,76,69,60,71,64,68,75,60,51,62,72,62,59,58,60,68,71,69,14,11,14,15,7,14,Brasileirao Serie B
G. Fuentes,Fortaleza,Colombia,18,"LB, RB",Left,181,29,69,,72,58,66,68,66,69,74,55,63,69,57,67,53,51,63,68,73,71,67,65,76,67,69,78,64,56,68,67,56,64,57,69,66,68,64,14,11,12,6,11,13,Brasileirao Serie B
Maurício Mucuri,Fortaleza,Brasil,13,"LB, RB",Left,170,25,60,,67,45,57,61,56,60,59,41,50,64,45,63,54,43,55,59,65,69,62,57,60,59,55,61,60,42,58,59,48,50,43,59,55,54,61,14,10,12,6,6,8,Brasileirao Serie B
Kaio Henrique,Fortaleza,Brasil,12,LB,Right,169,20,64,,69,50,61,60,62,61,70,47,52,63,43,59,56,52,63,58,70,69,67,61,67,58,56,66,57,52,64,65,52,49,50,61,65,61,64,13,8,6,13,6,13,Brasileirao Serie B
T. Cardona,Fortaleza,Argentina,6,"CB, CDM",Right,186,30,66,,63,50,55,55,71,68,46,46,72,65,48,51,44,46,59,56,61,64,56,64,59,64,67,59,74,49,67,69,41,49,45,62,71,72,68,11,8,13,10,8,12,Brasileirao Serie B
Luan Freitas,Fortaleza,Brasil,4,"CB, CDM",Right,184,25,65,,61,42,53,54,65,66,47,34,65,58,44,45,47,46,60,59,58,63,56,62,59,60,68,60,73,43,56,64,40,50,43,65,65,66,67,9,12,15,8,12,8,Brasileirao Serie B
Gazal,Fortaleza,Brasil,3,CB,Right,188,27,68,,61,48,57,58,70,70,52,42,73,65,44,56,44,45,64,58,60,61,56,64,61,61,66,60,75,51,69,68,43,48,48,64,71,70,67,7,10,15,13,8,12,Brasileirao Serie B
Bastos,Fortaleza,Angola,2,"CB, CDM",Left,184,35,62,,51,44,50,53,61,64,43,42,58,58,35,49,43,42,53,54,49,53,52,62,55,56,65,61,65,43,63,63,33,44,41,61,61,60,64,9,10,15,15,7,8,Brasileirao Serie B
Vinícius Silvestre,Fortaleza,Brasil,25,GK,Right,194,32,65,,38,21,32,33,24,47,15,14,24,39,14,24,20,21,34,34,37,38,38,64,48,42,53,39,54,19,37,27,17,41,26,43,20,26,28,63,65,63,65,67,44,Brasileirao Serie B
Magrão,Fortaleza,Brasil,15,GK,Right,197,26,58,,33,17,25,24,14,41,12,10,18,25,13,12,26,13,30,27,33,33,31,58,36,37,47,32,47,14,35,21,10,36,19,42,10,12,14,53,56,53,58,59,40,Brasileirao Serie B
João Ricardo,Fortaleza,Brasil,1,GK,Right,185,38,67,,36,26,36,34,25,49,24,21,28,42,22,24,23,24,45,35,34,38,42,67,45,46,57,43,54,22,40,34,15,39,23,50,27,18,19,69,68,60,66,70,48,Brasileirao Serie B
R. Otero,Criciúma,Venezuela,91,"RW, CAM, LW",Right,166,33,68,,70,67,68,70,32,59,65,66,46,70,69,71,71,64,59,68,67,72,72,71,74,66,56,72,54,69,54,42,71,72,60,69,33,22,29,6,14,11,13,8,14,Brasileirao Serie B
Thales,Criciúma,Brasil,39,"ST, CF",Right,182,19,59,,59,63,49,60,28,57,45,64,60,57,62,61,48,50,41,60,55,63,54,59,59,63,62,57,60,60,47,27,65,47,57,58,25,23,17,12,13,7,6,7,11,Brasileirao Serie B
Yuri Tanque,Criciúma,Brasil,33,ST,Right,185,28,61,,60,61,52,57,25,65,51,62,58,59,63,56,57,51,41,60,61,59,58,55,55,63,64,60,71,56,56,30,64,47,60,53,26,13,17,11,14,14,7,8,7,Brasileirao Serie B
Cauê,Criciúma,Brasil,27,ST,Right,184,23,65,,64,62,54,62,32,65,51,64,67,59,63,59,59,50,50,65,63,65,62,65,60,57,64,62,67,58,66,30,69,52,63,59,28,30,23,13,11,8,8,6,9,Brasileirao Serie B
João Carlos,Criciúma,Brasil,21,ST,Right,176,25,61,,60,65,51,63,26,60,52,68,65,54,61,65,49,54,45,61,56,64,58,61,68,60,64,60,59,61,59,23,68,48,67,61,24,20,22,13,11,9,7,11,13,Brasileirao Serie B
Waguininho,Criciúma,Brasil,13,"ST, LW, RB",Right,178,36,69,,66,69,61,67,36,66,56,70,70,67,69,68,62,59,55,64,67,65,63,68,70,67,66,63,69,68,61,29,72,61,69,76,31,36,31,14,9,8,11,10,10,Brasileirao Serie B
Nicolas,Criciúma,Brasil,9,"ST, CF",Right,183,37,68,,59,74,61,67,34,64,58,81,67,63,68,65,66,59,57,70,60,59,64,68,60,69,64,56,71,66,59,30,71,62,68,71,34,29,21,7,9,11,15,8,12,Brasileirao Serie B
Diego Gonçalves,Criciúma,Brasil,77,"CAM, ST, LW",Right,181,32,60,,58,64,63,61,34,51,53,65,48,72,50,57,52,55,57,64,60,57,60,65,60,63,50,59,50,65,43,29,63,67,60,62,36,35,26,11,7,11,11,15,9,Brasileirao Serie B
Thiaguinho,Criciúma,Brasil,50,"CDM, CM",Right,180,20,61,,56,51,58,56,60,65,49,46,52,60,46,51,55,54,65,62,56,56,57,54,58,63,60,68,64,53,67,63,50,60,50,58,59,60,66,6,12,8,10,15,11,Brasileirao Serie B
Jean Irmer,Criciúma,Brasil,41,"CM, CDM",Right,183,32,61,,59,54,62,63,54,61,56,52,54,63,52,61,62,54,61,67,62,57,55,61,59,55,56,64,61,60,59,59,58,70,52,67,52,53,53,7,12,10,6,11,9,Brasileirao Serie B
Hiago Alves,Criciúma,Brasil,31,CDM,Left,188,21,62,,58,51,58,56,63,66,52,46,62,64,45,55,49,50,61,55,54,61,51,67,58,58,60,62,68,56,65,67,51,58,51,61,60,65,62,11,13,10,10,9,8,Brasileirao Serie B
Gui Lobo,Criciúma,Brasil,25,"CM, CDM",Right,171,26,62,,59,59,61,62,56,59,54,57,50,65,53,62,61,53,59,62,61,57,64,61,65,60,56,64,57,62,59,57,67,65,52,60,56,58,49,11,11,12,12,14,9,Brasileirao Serie B
Marcelo Hermes,Criciúma,Brasil,22,"LB, LM",Right,177,31,68,,65,57,65,64,68,65,67,53,58,66,52,65,64,52,66,61,63,66,68,67,71,66,67,70,61,58,67,64,58,62,52,67,68,72,71,13,10,6,13,15,9,Brasileirao Serie B
Fabrício,Criciúma,Brasil,18,CDM,Right,175,20,56,,52,49,51,52,57,60,46,46,53,54,36,53,46,43,51,54,52,52,48,52,52,54,55,61,60,54,62,62,54,56,43,48,58,55,56,12,13,11,12,6,12,Brasileirao Serie B
Lucas Bugs,Criciúma,Brasil,17,CM,Right,174,20,59,,58,57,58,60,54,54,54,58,50,56,54,60,56,57,67,63,58,58,61,56,58,57,52,59,52,56,52,52,55,58,58,50,56,55,49,14,6,11,12,8,9,Brasileirao Serie B
Ronald,Criciúma,Brasil,14,"CM, CDM",Right,171,29,66,,63,58,68,68,59,64,65,55,55,73,58,67,61,65,66,69,61,64,67,67,67,62,56,66,64,60,61,57,58,66,63,67,63,60,53,14,6,15,10,9,10,Brasileirao Serie B
Romarinho,Criciúma,Brasil,11,"LW, CAM, LM",Left,168,32,68,,73,67,67,72,38,57,67,70,54,67,68,75,69,57,63,70,75,72,70,72,72,62,61,68,53,66,52,37,72,72,61,65,34,40,35,10,9,10,10,6,10,Brasileirao Serie B
Jhonata Robert,Criciúma,Brasil,10,"CAM, RW, CM",Right,179,26,67,,69,69,65,72,41,56,61,71,53,66,61,74,68,67,61,73,68,69,68,71,66,70,56,65,54,68,51,40,68,71,64,64,41,38,37,8,13,13,9,11,7,Brasileirao Serie B
Fellipe Mateus,Criciúma,Brasil,7,"LW, CAM, CDM",Left,178,35,68,,67,67,68,74,40,60,72,69,52,67,61,78,69,62,60,72,66,67,68,73,67,62,59,63,60,68,56,37,70,71,61,66,38,41,35,14,11,12,8,7,11,Brasileirao Serie B
Marcinho,Criciúma,Brasil,6,"RB, RM",Right,177,30,63,,66,51,60,61,63,61,60,48,55,64,46,57,57,45,59,61,71,62,70,63,67,60,55,71,58,48,59,62,47,56,54,63,66,63,63,8,9,13,10,8,15,Brasileirao Serie B
Eduardo,Criciúma,Brasil,5,"CM, CDM",Right,178,29,61,,61,57,60,60,53,58,55,55,49,62,48,59,55,57,60,62,61,61,60,60,58,62,54,64,56,58,57,54,58,66,56,63,53,54,50,10,8,7,12,6,10,Brasileirao Serie B
Willean Lepo,Criciúma,Brasil,2,"RM, RB, LB",Left,182,29,67,,72,60,65,67,48,61,67,59,53,63,59,66,62,64,65,69,73,71,66,64,68,61,58,74,56,59,57,54,64,68,62,64,48,45,45,9,15,10,11,14,11,Brasileirao Serie B
Ruan,Criciúma,Brasil,80,CB,Right,185,19,61,,58,42,48,50,64,64,42,37,60,54,34,47,44,40,52,51,55,60,53,56,46,63,67,57,67,38,64,64,34,42,44,58,62,67,61,7,15,8,10,6,7,Brasileirao Serie B
Rômulo,Criciúma,Brasil,47,CB,Right,183,22,59,,58,38,47,47,60,60,45,34,62,54,40,42,37,32,51,48,55,60,50,53,56,52,62,54,63,36,59,63,29,41,40,55,61,59,57,15,15,15,8,11,6,Brasileirao Serie B
Erick Garcia,Criciúma,Brasil,41,"RB, RM",Right,176,21,57,,62,43,53,54,54,55,61,42,51,57,41,52,46,44,50,53,59,64,64,59,59,43,50,60,54,43,54,51,49,45,41,55,55,55,56,15,10,9,9,9,13,Brasileirao Serie B
César Martins,Criciúma,Brasil,37,CB,Right,190,33,66,,52,44,57,57,68,71,50,38,63,69,38,53,49,49,62,62,50,53,48,70,52,63,75,56,76,43,74,68,37,44,44,65,72,65,70,9,15,10,13,13,6,Brasileirao Serie B
Bruno Alves,Criciúma,Brasil,34,CB,Left,184,35,67,,54,48,58,57,70,68,52,42,65,66,42,55,52,52,59,57,51,56,58,63,61,63,73,59,71,47,70,71,47,50,47,62,70,72,69,6,10,15,15,8,7,Brasileirao Serie B
Octávio Henrique,Criciúma,Brasil,30,LB,Right,181,21,59,,61,45,56,54,56,58,55,42,51,61,42,53,57,49,53,53,61,61,64,59,56,52,58,64,56,44,55,55,45,53,45,48,57,56,60,11,10,13,14,10,10,Brasileirao Serie B
Léo Mana,Criciúma,Brasil,15,"RM, LM",Left,175,22,65,,69,59,66,69,45,58,68,60,53,73,61,69,62,61,60,70,73,65,71,62,66,59,49,69,54,55,55,47,62,61,55,62,42,45,41,7,14,10,12,7,6,Brasileirao Serie B
Luciano Castán,Criciúma,Brasil,4,CB,Right,187,37,65,,52,45,52,55,68,67,52,40,75,60,36,51,46,44,56,58,50,54,53,63,58,61,70,63,70,44,66,65,37,40,40,63,70,66,70,15,13,10,12,14,8,Brasileirao Serie B
Rodrigo,Criciúma,Brasil,3,"CB, RB",Right,187,39,66,,52,43,54,56,70,67,53,37,66,62,42,50,41,43,54,60,56,49,56,64,59,55,66,66,67,45,67,68,41,47,49,73,75,68,72,10,14,15,14,7,8,Brasileirao Serie B
Lucas Soratto,Criciúma,Brasil,93,GK,Left,184,19,59,,35,19,26,26,17,46,13,10,23,30,13,16,13,15,36,26,34,36,40,50,43,43,46,38,53,20,38,25,10,33,18,34,13,15,12,61,56,49,59,62,40,Brasileirao Serie B
Pedro,Criciúma,Brasil,70,GK,Right,194,21,58,Brasil,30,17,28,25,15,42,19,10,21,35,11,12,12,11,25,30,29,31,32,53,36,40,49,37,48,13,33,23,10,34,23,36,15,10,10,59,55,56,56,63,32,Brasileirao Serie B
Airton,Criciúma,Brasil,32,GK,Right,188,32,64,,41,20,32,32,20,48,18,10,19,44,13,22,13,16,29,34,42,41,38,63,40,47,52,36,57,19,37,28,15,36,25,41,16,21,17,64,61,58,63,66,40,Brasileirao Serie B
Kauã Moroso,Criciúma,Brasil,12,GK,Right,180,22,62,,34,20,32,30,19,45,16,10,21,40,15,16,19,19,31,38,30,37,36,58,38,45,54,38,52,18,33,27,16,41,23,39,15,20,13,63,62,57,64,65,41,Brasileirao Serie B
Alisson,Criciúma,Brasil,1,GK,Right,190,31,63,,35,21,32,29,19,47,21,15,18,35,10,17,16,22,35,31,34,35,37,58,43,41,49,37,55,18,41,29,10,40,22,54,15,16,22,68,61,54,70,66,39,Brasileirao Serie B
Nathan Cruz,Cuiabá,Brasil,99,ST,Left,182,19,59,,62,62,49,55,25,62,45,64,59,51,59,54,51,47,44,55,62,62,55,59,56,66,57,56,69,54,54,19,66,52,53,59,27,18,22,11,8,12,12,11,14,Brasileirao Serie B
Pedro Henrique,Cuiabá,Brasil,96,"ST, LW",Right,188,29,67,,68,71,59,67,32,70,55,76,68,69,69,69,56,53,45,67,73,63,58,67,65,69,71,62,78,63,59,30,72,60,58,71,31,26,26,14,13,8,10,7,7,Brasileirao Serie B
Fábio Gomes,Cuiabá,Brasil,90,"ST, LW",Left,178,29,64,,67,64,53,66,30,62,53,67,59,57,65,66,57,55,44,68,65,69,60,71,63,62,61,62,64,56,57,27,65,51,66,70,31,24,22,11,15,6,8,6,6,Brasileirao Serie B
Mansano,Cuiabá,Brasil,39,LW,Left,170,19,58,,67,56,54,61,28,48,56,57,44,55,57,60,59,53,45,64,65,68,61,55,59,54,47,56,47,54,43,23,59,56,49,48,29,28,21,11,14,14,9,6,15,Brasileirao Serie B
Vinicius Peixoto,Cuiabá,Brasil,29,"ST, RW",Right,180,22,58,,61,59,47,58,24,55,40,59,58,54,57,60,51,54,37,57,64,59,53,58,57,60,57,50,59,58,51,23,64,47,63,56,23,15,22,8,9,14,8,14,14,Brasileirao Serie B
Rodrigo Rodrigues,Cuiabá,Brasil,27,"LW, ST, CAM",Left,178,26,62,,67,61,58,64,29,58,60,65,48,60,60,66,63,54,53,62,67,67,66,66,64,58,48,65,59,55,47,31,62,57,56,66,25,27,27,12,15,15,10,11,6,Brasileirao Serie B
Ramon,Cuiabá,Brasil,7,"LM, RM",Right,176,26,60,,64,58,59,65,40,54,53,60,48,65,53,70,58,56,54,63,64,64,64,55,64,59,54,64,50,55,54,42,55,58,50,54,31,44,46,12,15,10,8,13,15,Brasileirao Serie B
Widney Magalhães da Silva Almeida,Cuiabá,Brasil,47,ST,Right,188,18,56,,60,54,47,58,24,58,42,58,62,52,53,57,50,43,43,61,57,62,56,54,56,50,59,56,60,49,56,22,59,46,53,54,21,16,22,13,11,8,10,9,15,Brasileirao Serie B
Mateus Patolino,Cuiabá,Brasil,21,"LW, ST",Left,176,21,59,,65,56,56,60,28,51,58,59,43,57,59,58,61,57,47,61,67,64,66,59,59,54,52,51,53,50,46,25,64,58,56,61,28,26,24,6,12,11,15,9,15,Brasileirao Serie B
Diodato,Cuiabá,Brasil,19,"ST, LW",Right,178,19,57,,58,61,47,57,23,57,40,68,58,56,54,57,45,46,38,56,57,59,61,56,54,59,52,53,60,52,54,18,61,46,54,54,21,21,11,10,10,15,12,8,15,Brasileirao Serie B
Arthur Braz Dias,Cuiabá,Brasil,24,ST,Left,182,17,57,,60,58,46,55,22,59,49,61,59,47,63,52,46,46,39,60,61,59,53,56,55,59,54,61,63,48,49,22,64,46,57,55,15,19,16,12,6,9,14,13,14,Brasileirao Serie B
Luiz Otávio,Cuiabá,Brasil,97,CM,Right,174,29,61,,61,56,59,61,54,62,58,50,48,61,49,62,55,53,67,61,63,60,62,57,63,63,55,64,62,64,60,54,53,53,53,61,55,57,48,9,13,8,7,6,15,Brasileirao Serie B
Jean Dias,Cuiabá,Brasil,77,"CAM, LW, RW",Right,170,35,67,,63,69,68,71,39,56,61,70,53,70,62,70,67,62,65,73,62,64,71,68,71,71,48,61,55,69,52,41,70,74,61,65,35,39,35,7,11,9,10,8,13,Brasileirao Serie B
Wesley Dias,Cuiabá,Brasil,70,CDM,Right,178,31,62,,56,55,59,56,62,61,51,51,54,64,45,50,54,49,60,59,57,55,58,66,60,65,59,65,58,57,65,65,51,63,56,60,60,63,66,14,7,7,11,6,14,Brasileirao Serie B
Weverson,Cuiabá,Brasil,53,LM,Right,178,23,59,,64,55,58,65,38,54,60,55,43,58,49,67,57,59,54,65,65,64,63,65,64,57,51,63,50,55,55,39,55,59,52,55,37,38,33,12,15,12,8,13,6,Brasileirao Serie B
Pedro Felipetto,Cuiabá,Brasil,50,CAM,Left,173,17,55,,57,53,57,57,28,45,55,50,38,59,50,56,59,51,54,60,60,55,57,51,54,57,44,51,43,55,41,31,58,60,53,50,32,21,24,14,14,9,6,7,13,Brasileirao Serie B
João Vitor,Cuiabá,Brasil,42,"CM, CDM",Right,179,21,60,,58,53,59,64,51,55,58,51,51,60,49,66,57,53,62,65,59,57,59,59,59,53,50,63,52,57,52,54,54,60,56,57,50,53,44,14,11,14,9,10,7,Brasileirao Serie B
Kauan Cristtyan,Cuiabá,Brasil,41,"CAM, RB",Right,178,20,57,,57,57,57,60,30,50,50,57,40,60,49,61,57,48,53,62,60,54,57,49,63,55,46,56,49,61,46,29,54,62,55,55,33,26,30,7,7,10,11,11,6,Brasileirao Serie B
Railan,Cuiabá,Brasil,37,"RB, RM",Right,167,26,63,,65,49,58,61,59,59,64,46,53,57,42,58,55,47,59,61,66,65,65,65,71,55,53,71,54,51,57,58,57,56,47,59,59,61,65,12,7,14,7,10,14,Brasileirao Serie B
Lorenzo,Cuiabá,Brasil,36,LB,Left,179,19,62,,70,48,60,57,62,59,62,45,52,68,40,57,53,53,57,55,69,71,60,65,58,55,60,65,58,49,56,63,53,50,51,51,62,67,58,11,11,13,15,12,15,Brasileirao Serie B
Raul,Cuiabá,Brasil,30,"CDM, CM, CB",Left,177,30,67,,64,54,65,67,69,70,58,46,60,73,54,66,53,61,69,68,63,65,61,69,67,63,64,68,70,61,72,79,56,61,58,78,66,69,64,9,13,11,6,10,9,Brasileirao Serie B
Marcos Júnior,Cuiabá,Brasil,23,"LW, ST",Left,167,33,63,,67,63,62,66,33,51,58,64,46,64,59,70,62,57,59,62,66,67,68,65,72,65,49,64,45,61,48,31,68,67,58,63,34,30,26,6,8,7,12,7,12,Brasileirao Serie B
Pedro Alemão,Cuiabá,Brasil,22,CDM,Right,188,17,54,,50,45,52,49,55,59,50,43,50,58,38,46,39,45,49,52,47,52,50,48,47,55,53,57,61,40,56,60,47,50,48,47,54,55,52,14,13,14,10,11,8,Brasileirao Serie B
David Miguel,Cuiabá,Brasil,20,"CDM, CM, CAM",Left,178,19,64,,60,54,62,59,65,66,58,51,63,63,43,57,57,59,67,61,62,59,58,58,55,61,63,69,65,55,65,68,59,65,49,64,63,67,62,7,9,11,12,6,6,Brasileirao Serie B
Eliel,Cuiabá,Brasil,11,"CAM, RW",Right,175,23,61,,63,61,61,66,34,53,56,62,45,65,55,67,62,56,55,67,65,61,63,64,60,68,51,58,51,56,51,38,58,64,56,63,34,29,31,13,9,11,8,14,13,Brasileirao Serie B
Pepê,Cuiabá,Brasil,8,"CDM, CM, RW",Right,177,28,64,,59,56,59,57,64,67,50,50,59,65,46,49,52,58,63,63,62,57,63,58,67,67,61,67,69,61,65,65,53,57,58,63,66,63,64,10,7,12,8,11,14,Brasileirao Serie B
Calebe,Cuiabá,Brasil,5,"CB, CM, CDM",Left,187,23,64,,56,45,52,55,66,68,52,41,69,58,37,50,43,43,53,58,53,59,56,64,51,58,64,60,74,44,63,63,36,43,45,62,66,66,71,12,6,13,14,15,15,Brasileirao Serie B
Víctor Gabriel de Paula Silva,Cuiabá,Brasil,25,"CM, CDM",Right,169,16,57,,60,54,59,62,50,54,54,50,45,61,53,61,56,54,62,64,62,58,60,59,62,61,45,58,53,60,52,48,48,58,50,54,51,51,49,10,14,10,10,10,13,Brasileirao Serie B
Marcos Vinicius Guilherme Barbosa,Cuiabá,Brasil,28,CAM,Right,176,19,57,,62,55,59,57,31,51,56,54,46,60,53,60,55,55,60,54,62,62,56,55,60,57,46,57,50,57,46,34,59,63,54,53,25,31,24,12,10,9,15,6,11,Brasileirao Serie B
Mackenzi Gabriel Nascimento Melhado,Cuiabá,Brasil,16,CDM,Left,175,16,58,,56,46,57,55,60,60,47,40,56,64,48,49,50,49,59,60,57,55,59,56,58,54,58,62,58,51,64,60,46,59,47,57,60,62,60,14,8,6,12,9,7,Brasileirao Serie B
Luiz Felipe,Cuiabá,Brasil,18,CM,Right,178,22,60,,57,58,63,61,53,57,57,57,51,64,47,58,58,54,68,64,61,54,63,62,57,62,57,62,56,61,53,55,50,66,54,59,53,55,45,10,13,15,13,10,12,Brasileirao Serie B
Lucas de Souza Santos Oliveira,Cuiabá,Brasil,52,"LM, RM",Left,179,16,55,,60,52,57,56,36,50,60,55,41,55,43,59,56,52,58,53,60,60,59,57,60,45,48,60,45,52,49,37,55,56,49,52,38,33,33,6,14,13,9,14,6,Brasileirao Serie B
Lucas Cauã de Magalhães Perne,Cuiabá,Brasil,32,CAM,Right,171,17,57,,60,57,55,60,30,48,51,58,37,57,49,63,61,52,52,59,62,58,61,52,67,57,45,57,44,57,46,31,61,58,55,52,28,28,29,14,10,8,9,10,10,Brasileirao Serie B
Kauan,Cuiabá,Brasil,10,CAM,Right,175,20,58,,60,57,61,59,32,55,58,60,39,60,56,60,61,59,58,60,57,62,54,59,62,55,48,56,56,55,55,35,58,67,54,53,32,31,25,11,13,11,7,12,12,Brasileirao Serie B
Gustavo Vieira dos Santos,Cuiabá,Brasil,35,CM,Right,177,18,57,,56,53,58,58,46,54,58,49,51,60,50,58,53,54,57,57,57,55,61,59,50,57,51,55,54,58,54,41,51,56,51,56,46,49,46,15,7,7,15,14,14,Brasileirao Serie B
Erick Vitor Campos da Silva,Cuiabá,Brasil,48,CM,Right,178,17,56,,55,50,59,56,50,57,53,46,45,65,52,57,51,55,57,56,57,53,54,60,53,54,49,60,56,53,57,53,55,57,51,50,49,50,48,9,8,13,12,9,8,Brasileirao Serie B
Caio Rafael Muniz de Souza,Cuiabá,Brasil,6,CDM,Left,184,19,59,,55,51,56,55,59,61,46,45,52,65,46,57,53,46,62,54,54,56,51,55,54,64,61,66,58,55,62,55,55,51,47,59,61,60,62,14,11,11,8,10,10,Brasileirao Serie B
Arthur Souza Borges,Cuiabá,Brasil,38,"RM, RW",Left,171,16,57,,63,53,55,62,38,50,56,50,38,53,52,65,58,50,56,62,58,67,57,52,64,59,49,64,46,54,45,40,58,58,51,53,37,37,37,11,12,15,8,11,10,Brasileirao Serie B
André Fernando de Siqueira Almeida,Cuiabá,Brasil,43,"CAM, CM",Right,173,17,57,,55,57,62,60,31,46,59,57,39,65,53,58,60,57,58,64,62,49,61,54,65,58,36,51,45,56,43,31,62,62,56,54,32,28,30,10,15,15,7,15,8,Brasileirao Serie B
Luís Soares,Cuiabá,Brasil,91,"CB, CDM",Right,191,21,58,,56,38,48,46,60,62,44,34,65,56,31,45,35,39,52,46,57,56,41,53,43,48,66,54,65,40,65,58,32,38,32,57,62,57,60,12,8,15,13,10,10,Brasileirao Serie B
Alan Empereur,Cuiabá,Brasil,33,CB,Left,186,32,64,,56,46,53,54,67,68,50,40,61,58,42,54,46,43,57,51,52,59,54,66,56,64,62,63,71,43,69,64,46,47,41,63,66,71,68,8,10,13,13,6,9,Brasileirao Serie B
João Victor,Cuiabá,Brasil,26,"CB, RB",Left,184,20,58,,56,38,48,46,62,59,42,31,58,56,32,43,40,45,52,47,55,57,44,59,40,55,54,54,60,38,65,61,34,38,38,54,63,65,58,15,8,7,15,12,11,Brasileirao Serie B
Eric Melo,Cuiabá,Brasil,14,"CB, LB",Left,180,26,62,,58,43,49,53,65,63,49,37,63,54,31,50,42,45,50,53,56,60,52,64,53,58,62,61,61,47,69,64,38,40,43,63,65,67,64,8,14,8,14,6,6,Brasileirao Serie B
João Basso,Cuiabá,Brasil,13,CB,Right,187,29,66,,58,47,54,56,71,68,48,43,70,63,43,56,49,46,61,55,59,58,57,65,55,59,67,63,70,47,70,67,40,44,48,62,75,71,71,7,15,7,11,12,10,Brasileirao Serie B
Vitor Mendes,Cuiabá,Brasil,4,CB,Left,186,27,64,,58,43,55,50,68,67,47,39,65,60,40,49,44,48,63,50,55,60,50,65,44,53,66,59,69,43,70,69,34,52,43,58,68,68,70,6,10,11,8,6,10,Brasileirao Serie B
Igor Inocêncio,Cuiabá,Brasil,2,"RB, LB",Right,185,28,63,,67,47,59,62,60,62,64,39,59,60,38,61,51,47,54,62,71,64,64,61,64,60,58,72,57,52,63,63,48,60,49,58,59,59,60,10,7,7,11,6,13,Brasileirao Serie B
Oscar,Cuiabá,Brasil,44,"LB, LM",Left,185,18,57,,61,40,53,53,55,58,55,36,56,59,40,52,47,44,52,54,58,64,54,53,60,49,60,59,59,40,54,52,43,47,37,51,58,54,54,15,12,8,15,14,9,Brasileirao Serie B
Mateusinho,Cuiabá,Brasil,15,CB,Right,175,20,59,,57,40,46,48,61,61,39,40,54,54,35,39,41,34,52,52,58,56,56,52,60,49,63,61,61,35,60,56,33,41,36,53,64,66,58,6,13,9,9,8,15,Brasileirao Serie B
Mateus Henrique Arruda de Magalhães,Cuiabá,Brasil,45,"RB, RM",Right,171,16,57,,61,40,53,54,52,52,56,34,47,58,41,51,52,49,52,57,61,61,65,48,58,50,48,58,48,42,56,59,42,44,39,43,52,49,57,9,6,12,11,13,14,Brasileirao Serie B
Marcus Vinicius dos Santos Nascimento,Cuiabá,Brasil,54,"LB, RB",Right,177,17,55,,64,39,52,52,53,55,58,33,47,52,36,49,47,40,52,52,63,64,61,50,60,49,51,61,56,39,48,49,48,50,42,51,51,60,54,7,15,7,15,10,13,Brasileirao Serie B
Luiz Phellipe da Silva Souza,Cuiabá,Brasil,9,LB,Left,174,18,58,,68,42,56,57,58,58,64,36,48,61,38,56,50,47,52,58,67,69,64,50,60,59,51,64,56,40,57,62,44,45,42,49,60,57,62,8,11,14,11,11,9,Brasileirao Serie B
Lucas Silva Barbosa,Cuiabá,Brasil,49,LB,Right,180,20,56,,61,42,53,54,56,54,57,35,48,56,37,52,50,37,55,56,64,58,57,56,55,56,50,60,51,43,54,58,49,49,39,50,53,58,64,7,9,8,6,8,14,Brasileirao Serie B
Lázaro,Cuiabá,Brasil,17,RB,Right,181,19,58,,66,45,50,53,57,58,55,42,53,54,42,52,53,44,51,54,64,67,57,50,55,47,58,65,55,50,58,56,50,37,39,49,53,62,57,11,6,14,13,6,7,Brasileirao Serie B
Gustavo Ferreira da Silva,Cuiabá,Brasil,51,LB,Left,175,17,56,,65,40,54,56,55,55,54,36,52,57,40,58,50,38,58,54,66,64,61,48,64,53,55,62,54,35,51,55,44,53,45,48,58,50,62,9,8,6,12,9,7,Brasileirao Serie B
Lucas Moraes,Cuiabá,Brasil,40,GK,Right,190,19,59,,37,18,26,27,16,40,17,11,23,30,10,16,13,18,29,32,39,36,34,51,39,38,43,27,48,16,35,29,10,32,23,38,11,10,13,59,55,53,62,62,34,Brasileirao Serie B
Jean Carlos,Cuiabá,Brasil,34,GK,Right,196,26,63,,39,24,29,32,24,45,18,19,22,33,11,20,20,17,34,35,36,41,36,62,46,45,48,40,50,22,36,32,17,36,23,48,23,21,17,63,61,58,65,63,41,Brasileirao Serie B
Marcelo Carné,Cuiabá,Brasil,31,GK,Right,188,36,68,,38,26,35,33,26,50,20,18,27,39,19,23,22,24,40,32,38,38,45,66,52,50,57,45,55,25,43,33,20,45,26,46,21,25,26,68,68,57,67,69,46,Brasileirao Serie B
Busatto,Cuiabá,Brasil,12,GK,Right,189,35,61,,31,18,28,28,17,45,10,10,28,37,11,15,14,15,36,31,29,33,36,58,44,43,50,32,53,15,40,23,16,32,20,45,18,10,16,62,59,55,60,62,38,Brasileirao Serie B
João Carlos,Cuiabá,Brasil,1,GK,Right,190,38,64,,31,23,33,30,23,46,20,14,29,39,18,15,18,22,32,37,33,30,36,61,40,48,47,39,52,22,37,30,14,43,20,49,18,22,18,62,61,58,65,61,41,Brasileirao Serie B
Luiz Diogo da Silva,Cuiabá,Brasil,46,GK,Right,187,17,57,,33,15,26,23,15,39,15,10,16,32,11,11,17,10,27,28,30,36,28,49,35,34,44,30,46,12,32,21,10,30,11,33,13,13,10,53,61,45,54,62,33,Brasileirao Serie B
João Chaves,Cuiabá,Brasil,3,GK,Right,193,17,59,,36,19,29,26,17,43,12,10,15,35,10,18,12,15,34,26,35,37,31,53,41,42,47,30,53,21,33,20,11,40,18,37,19,12,18,61,57,50,65,58,37,Brasileirao Serie B
Nathan,Atlético-GO,Brasil,35,ST,Right,173,18,58,,61,58,48,56,25,56,47,59,57,52,54,54,49,49,42,60,59,63,55,59,56,65,52,54,59,49,51,27,56,46,62,51,23,18,13,10,8,6,8,15,8,Brasileirao Serie B
Matheusinho,Atlético-GO,Brasil,7,"RW, RM, LW",Right,165,28,67,,72,65,64,71,38,54,65,64,48,67,61,73,65,64,63,68,74,71,79,68,75,67,56,64,53,66,46,40,66,58,60,66,37,36,34,8,9,8,14,6,9,Brasileirao Serie B
Léo Tocantins,Atlético-GO,Brasil,6,RW,Right,174,27,62,,70,61,57,66,31,54,58,59,51,60,53,70,59,50,50,64,71,70,66,60,63,69,51,58,55,62,46,31,63,57,53,56,33,24,23,14,9,10,9,13,13,Brasileirao Serie B
K. Lenis,Atlético-GO,Panamá,27,"LW, ST",Left,180,25,63,,74,60,61,67,31,53,62,60,51,63,55,71,57,60,54,64,72,75,69,70,64,65,52,63,49,54,51,33,58,65,65,60,26,30,27,13,15,11,7,13,10,Brasileirao Serie B
J. Pedro,Atlético-GO,Guinea-Bisáu,19,"ST, CF",Right,185,29,67,,65,69,57,64,32,65,60,72,69,59,64,64,61,54,49,64,67,64,62,69,63,71,74,63,68,61,59,31,72,54,70,65,26,30,26,11,7,13,14,7,15,Brasileirao Serie B
Gustavo Maia,Atlético-GO,Brasil,21,LW,Left,168,25,65,,72,65,63,70,34,56,65,66,50,67,63,72,66,59,54,68,74,71,76,65,74,70,51,65,54,62,53,32,65,59,55,65,33,31,35,9,8,7,7,14,8,Brasileirao Serie B
Gustavo Coutinho,Atlético-GO,Brasil,9,ST,Right,187,27,69,,70,71,61,69,34,70,61,75,69,66,63,67,63,57,53,72,69,70,63,73,69,72,70,62,79,66,60,37,67,59,71,70,31,25,29,11,15,6,13,13,7,Brasileirao Serie B
Guilherme Henrique,Atlético-GO,Brasil,50,CAM,Right,172,19,56,,64,56,58,60,29,47,48,56,40,64,47,60,60,53,53,62,61,66,59,53,61,54,43,56,43,58,47,34,59,63,56,56,25,29,24,6,15,12,13,7,8,Brasileirao Serie B
Geovany Soares,Atlético-GO,Brasil,36,"LW, RW, LM",Left,168,26,58,,65,55,55,62,27,50,59,56,40,56,53,62,60,55,49,62,67,63,62,59,71,56,44,65,43,51,50,29,61,51,52,57,25,25,22,8,12,15,10,9,13,Brasileirao Serie B
Gabriel Maranhão,Atlético-GO,Brasil,41,"ST, LW",Right,178,19,57,,63,60,50,55,23,55,42,65,52,58,57,56,47,56,37,56,66,60,52,52,52,60,54,49,59,52,53,21,57,52,51,49,18,21,15,11,11,12,9,12,13,Brasileirao Serie B
Gabriel Dias,Atlético-GO,Brasil,42,LW,Left,173,19,57,,63,57,57,58,26,48,59,59,47,56,56,60,56,54,54,55,64,63,61,56,67,60,46,62,45,49,40,25,57,58,57,51,24,23,20,6,10,6,7,8,11,Brasileirao Serie B
Gabriel Antonio,Atlético-GO,Brasil,43,ST,Left,178,16,57,,63,58,47,57,24,56,48,61,56,51,57,57,47,48,37,58,67,60,62,52,54,58,53,52,60,51,50,26,62,47,53,54,17,24,14,8,13,14,9,6,7,Brasileirao Serie B
Gabriel Adão,Atlético-GO,Brasil,37,ST,Right,179,20,58,,63,61,50,58,25,55,50,62,56,52,58,60,52,52,41,58,60,66,58,52,52,63,59,52,57,55,52,27,63,50,63,55,20,21,21,9,8,13,13,8,11,Brasileirao Serie B
Eduardo Taumaturgo,Atlético-GO,Brasil,44,"ST, CF",Right,177,18,57,,64,59,48,55,24,56,46,59,52,51,54,54,50,44,45,57,66,62,53,53,49,63,58,54,58,58,53,18,58,48,56,53,27,17,20,6,13,9,6,13,8,Brasileirao Serie B
Bruno José,Atlético-GO,Brasil,14,RW,Right,173,28,60,,69,56,57,63,31,53,58,53,43,57,58,64,63,50,57,61,67,70,67,66,67,59,50,57,52,58,49,30,63,55,50,54,32,29,23,13,14,15,11,12,14,Brasileirao Serie B
Brenno,Atlético-GO,Brasil,45,"LW, LM",Left,181,19,57,,68,58,54,54,28,50,54,61,45,54,52,52,59,51,53,55,72,64,61,51,58,60,51,55,50,53,42,23,62,53,54,50,30,25,19,7,9,13,14,15,6,Brasileirao Serie B
Alan,Atlético-GO,Brasil,51,"LW, LM",Left,170,18,56,,69,54,54,56,23,47,57,52,41,57,57,58,56,47,45,53,67,70,63,56,64,54,46,55,44,57,44,21,58,56,46,48,22,22,19,8,6,10,8,6,13,Brasileirao Serie B
Peixoto,Atlético-GO,Brasil,22,"CDM, CM, LM",Right,181,29,60,,50,50,55,54,62,62,47,46,52,64,46,50,50,46,53,58,49,51,50,59,57,54,65,60,63,55,62,69,53,54,46,59,63,60,57,9,12,7,7,14,6,Brasileirao Serie B
Netinho,Atlético-GO,Brasil,24,"CAM, CM, CDM",Left,180,28,60,,63,58,60,61,33,53,61,57,49,59,59,58,65,52,57,63,62,63,66,60,63,60,55,56,54,59,47,36,63,63,50,58,29,30,30,10,11,9,13,12,7,Brasileirao Serie B
Mateus Aires,Atlético-GO,Brasil,52,CM,Right,181,18,56,,54,54,55,56,48,54,43,52,51,63,49,58,52,47,57,56,54,54,56,51,52,61,51,56,56,53,49,49,51,55,48,53,45,50,45,14,11,12,10,12,15,Brasileirao Serie B
Marrony,Atlético-GO,Brasil,20,"CAM, LW, CM",Right,181,27,62,,62,64,62,64,37,57,59,67,47,62,58,65,61,57,61,63,59,64,65,62,63,61,55,61,58,65,52,37,59,65,55,61,36,36,31,10,11,12,10,12,14,Brasileirao Serie B
Leandro Vilela,Atlético-GO,Brasil,5,CDM,Right,178,31,64,,57,52,63,60,63,67,59,47,58,68,48,55,57,51,62,63,54,59,62,66,56,60,62,67,66,53,70,70,58,62,54,65,58,66,58,9,7,6,10,12,12,Brasileirao Serie B
Klebert,Atlético-GO,Brasil,38,"CDM, CB",Right,178,18,58,,53,51,54,53,57,62,46,46,49,59,38,52,44,47,56,58,49,57,45,55,51,63,58,62,63,56,60,59,48,54,45,51,54,62,55,15,6,7,15,10,10,Brasileirao Serie B
Kauan Alves,Atlético-GO,Brasil,53,"LM, LW",Left,175,19,56,,67,50,56,56,37,51,58,46,44,55,51,53,59,54,53,59,65,68,63,50,57,56,50,62,45,50,52,40,55,58,46,53,34,36,36,7,6,11,14,10,15,Brasileirao Serie B
Kaio Gois,Atlético-GO,Brasil,54,CDM,Right,182,18,56,,53,47,54,50,58,57,46,40,54,63,48,46,55,41,54,52,53,53,49,63,51,59,56,59,56,50,57,63,51,50,47,55,59,54,56,7,8,7,9,12,12,Brasileirao Serie B
João Gabriel de Sousa Sancho,Atlético-GO,Brasil,46,LM,Left,175,18,57,,60,51,54,55,38,54,55,51,47,56,47,52,56,51,49,58,62,59,61,51,62,53,42,61,53,50,51,38,53,56,55,51,38,36,38,14,10,15,7,12,12,Brasileirao Serie B
Jampierre,Atlético-GO,Brasil,39,CAM,Right,176,19,58,,63,57,61,62,31,51,56,57,51,67,53,62,63,53,58,63,61,65,63,56,62,60,51,53,50,57,49,35,59,57,56,56,28,29,18,7,6,11,12,11,14,Brasileirao Serie B
Henrique Freitas,Atlético-GO,Brasil,25,"CAM, RW",Right,172,27,60,,59,60,63,62,34,53,59,58,42,66,60,63,62,59,59,58,61,57,70,59,65,66,42,63,51,59,46,41,60,64,56,57,33,29,28,8,10,12,6,11,11,Brasileirao Serie B
Guilherme Marques,Atlético-GO,Brasil,17,"RW, CAM, CM",Right,174,35,64,,67,61,62,65,35,53,62,59,48,61,64,63,62,61,57,65,65,69,72,68,71,60,53,65,50,64,47,37,68,67,60,65,33,32,29,10,12,13,10,7,8,Brasileirao Serie B
D. Terans,Atlético-GO,Uruguay,10,"CAM, CM",Right,172,32,72,,68,72,74,74,45,63,70,71,55,73,65,70,74,71,71,78,72,65,76,75,74,76,57,66,62,72,61,49,77,83,72,83,39,44,46,13,6,6,6,11,11,Brasileirao Serie B
Cristiano,Atlético-GO,Brasil,28,"CDM, CM",Right,175,26,59,,53,51,58,57,62,60,55,49,55,64,45,56,47,44,61,60,55,52,52,54,60,59,52,59,59,50,64,63,49,54,49,61,60,67,57,13,6,10,8,10,8,Brasileirao Serie B
Anthony Matheus,Atlético-GO,Brasil,56,CDM,Right,172,19,55,,50,43,50,52,59,55,44,35,46,55,36,53,46,42,54,53,50,50,44,54,54,52,50,60,52,51,56,65,51,45,52,54,60,60,56,6,7,6,14,13,7,Brasileirao Serie B
Yuri Silva,Atlético-GO,Brasil,18,"LB, CB",Left,173,30,61,,64,45,57,58,62,59,63,43,52,59,43,54,52,52,54,59,62,66,65,58,64,51,60,66,58,45,54,67,47,53,46,61,61,61,64,14,6,8,6,8,9,Brasileirao Serie B
Warley,Atlético-GO,Brasil,16,RB,Right,172,27,61,,64,47,58,56,57,59,65,43,53,62,42,60,48,44,55,49,63,65,62,55,65,59,56,70,55,47,55,57,40,52,51,59,60,55,62,10,9,11,6,15,11,Brasileirao Serie B
Tito,Atlético-GO,Brasil,13,"CB, RB",Right,184,26,61,,56,39,51,54,65,64,48,32,59,57,31,50,41,42,58,59,54,57,50,59,56,55,68,60,66,42,62,66,35,45,46,51,65,68,63,10,7,10,6,13,13,Brasileirao Serie B
Natã Felipe,Atlético-GO,Brasil,2,RB,Left,180,25,65,,75,50,62,65,64,67,66,46,58,64,47,66,63,49,61,64,76,75,67,62,68,59,65,74,65,49,63,63,58,56,54,63,65,64,65,15,10,13,7,7,11,Brasileirao Serie B
Mateus Macedo,Atlético-GO,Brasil,47,RB,Right,187,21,57,,59,42,55,54,54,55,60,38,52,59,40,53,54,47,51,54,57,61,57,57,59,51,56,58,56,43,50,51,49,49,41,56,50,58,59,9,10,10,10,11,9,Brasileirao Serie B
Marcão,Atlético-GO,Brasil,15,"CB, RB",Right,192,25,62,,60,42,51,49,66,64,50,35,67,56,36,46,44,46,58,49,57,62,49,59,48,60,68,57,68,44,64,66,36,39,42,55,66,68,64,12,13,14,10,12,6,Brasileirao Serie B
Kauã Henrique,Atlético-GO,Brasil,48,"RB, LB",Right,177,19,57,,58,42,51,57,50,56,52,40,48,58,39,57,45,37,49,57,65,53,61,55,62,49,47,59,55,41,56,48,44,45,45,45,52,48,57,8,6,7,12,12,15,Brasileirao Serie B
Kaio Cavalo,Atlético-GO,Brasil,29,"LB, LM",Left,177,18,59,,64,44,54,57,56,56,62,36,51,53,41,58,50,45,50,55,61,66,61,53,59,58,54,64,53,46,52,57,50,52,43,49,54,60,58,7,14,12,11,12,10,Brasileirao Serie B
J. Barreto,Atlético-GO,Paraguay,8,"CB, CDM",Left,185,28,62,,58,45,50,53,63,62,44,41,63,61,42,49,41,38,52,58,55,60,47,58,52,57,65,53,66,43,62,64,41,40,46,61,62,64,59,10,13,10,9,10,9,Brasileirao Serie B
Isaac,Atlético-GO,Brasil,30,LB,Left,169,19,59,,68,41,54,55,56,57,58,34,52,56,36,50,52,42,59,58,65,70,66,51,61,53,56,61,53,46,60,58,44,48,47,54,55,56,58,9,13,14,7,6,7,Brasileirao Serie B
Gustavo Daniel,Atlético-GO,Brasil,40,"LB, RB",Right,175,21,58,,65,44,54,54,56,57,57,40,47,57,41,52,47,47,50,53,66,65,58,51,63,55,51,67,51,43,60,53,44,52,39,54,55,60,59,7,15,7,15,11,15,Brasileirao Serie B
Guillermo,Atlético-GO,Brasil,31,CB,Right,180,19,59,,60,40,46,47,64,62,43,34,58,52,38,40,39,44,50,53,54,64,48,57,49,52,61,51,68,45,62,64,33,39,35,53,63,68,61,9,12,7,7,12,6,Brasileirao Serie B
Guilherme Lopes,Atlético-GO,Brasil,3,"LB, RB",Left,178,24,69,,75,52,63,64,67,69,65,47,60,65,48,63,61,53,67,63,77,74,69,68,71,65,69,75,66,53,67,69,53,59,51,68,66,68,67,13,15,11,15,12,14,Brasileirao Serie B
Geovane,Atlético-GO,Brasil,11,LW,Right,179,37,66,,68,65,63,64,32,58,66,64,51,65,64,63,68,56,57,65,71,65,67,63,68,66,57,68,56,65,50,38,70,63,60,64,30,26,28,11,6,8,11,9,8,Brasileirao Serie B
Felipe Guimarães,Atlético-GO,Brasil,32,"CB, CDM",Right,183,22,59,,59,41,49,46,62,58,45,33,58,57,35,38,38,40,52,49,52,64,54,55,55,62,60,56,56,39,63,59,38,42,42,52,62,65,60,11,14,15,13,8,7,Brasileirao Serie B
Ewerthon,Atlético-GO,Brasil,26,"RB, RW",Left,171,25,60,,63,46,54,57,60,56,66,42,51,56,39,55,53,47,50,54,65,62,69,55,66,54,47,61,52,46,62,58,47,46,52,54,63,62,55,8,6,9,9,14,15,Brasileirao Serie B
Bebeto,Atlético-GO,Brasil,49,RB,Left,187,20,57,,65,42,54,57,53,58,57,36,48,60,32,55,47,42,53,60,64,65,58,50,55,49,59,63,56,49,56,50,45,46,42,50,56,52,59,6,13,13,9,7,12,Brasileirao Serie B
Adriano Martins,Atlético-GO,Brasil,4,CB,Right,192,29,65,,58,44,54,54,70,70,52,37,68,60,42,54,45,43,63,54,61,56,52,62,57,59,71,64,73,44,72,70,40,45,47,57,71,70,68,6,14,8,10,10,9,Brasileirao Serie B
Yuri,Atlético-GO,Brasil,55,GK,Right,196,18,56,,32,18,25,23,15,38,15,10,16,31,10,13,11,10,25,22,34,31,38,49,37,40,36,27,48,15,29,25,15,30,19,38,13,11,11,56,56,46,55,59,36,Brasileirao Serie B
Vladimir,Atlético-GO,Brasil,1,GK,Right,190,37,66,,35,25,35,33,24,51,23,20,28,42,20,23,24,23,39,35,37,33,37,63,49,43,58,42,59,25,42,33,10,39,23,44,19,21,25,63,63,60,71,64,43,Brasileirao Serie B
Railson,Atlético-GO,Brasil,33,GK,Left,184,19,59,,34,16,29,23,17,43,19,10,20,33,10,11,12,12,36,28,35,34,35,46,36,38,45,32,52,13,35,23,10,34,13,31,14,16,10,55,60,53,58,63,39,Brasileirao Serie B
Paulo Vítor,Atlético-GO,Brasil,12,GK,Right,195,37,66,,33,23,34,32,24,46,21,17,26,38,14,19,19,20,38,36,34,33,41,63,43,43,53,38,49,24,45,28,16,45,18,47,21,24,22,66,66,62,63,66,40,Brasileirao Serie B
Paulo Henrique,Atlético-GO,Brasil,23,GK,Right,184,32,61,,36,17,30,27,18,45,16,10,18,36,10,19,11,23,36,27,37,35,37,49,37,40,53,32,54,13,37,23,14,37,22,43,13,18,22,58,62,53,58,67,41,Brasileirao Serie B
Léo Rosa,Atlético-GO,Brasil,34,GK,Left,187,24,59,,37,17,27,25,14,43,18,10,18,33,10,17,14,10,28,24,38,37,36,52,32,38,43,32,51,14,37,16,10,33,21,40,11,16,13,60,61,51,60,62,35,Brasileirao Serie B
Dadá Belmonte,CRB,Brasil,97,"LW, LM",Left,166,29,64,,65,61,60,68,31,53,65,61,53,60,62,67,66,60,54,71,62,67,68,59,71,65,49,62,50,57,50,31,63,60,60,59,33,25,23,7,9,6,12,9,6,Brasileirao Serie B
Ygor Catatau,CRB,Brasil,95,"ST, LW",Right,183,31,63,,63,64,54,60,29,65,53,65,65,55,67,55,55,53,50,63,70,58,61,69,61,65,64,57,73,59,56,25,60,55,63,67,25,26,19,11,6,12,6,10,13,Brasileirao Serie B
Mikael,CRB,Brasil,28,ST,Right,184,27,65,,65,63,57,66,32,66,51,63,64,62,70,64,54,59,50,70,66,64,61,69,62,61,68,58,72,61,59,29,67,60,63,67,29,27,27,15,7,8,15,11,14,Brasileirao Serie B
Vinicius Barata,CRB,Brasil,20,"RW, RM",Right,177,27,61,,70,62,58,65,28,56,62,65,49,59,59,69,57,54,53,61,70,70,62,63,65,58,53,59,57,61,48,29,62,59,61,63,26,24,25,10,12,11,7,12,11,Brasileirao Serie B
Luiz Phellype,CRB,Brasil,19,"ST, CF",Right,188,33,65,,64,64,56,65,30,65,52,66,63,62,62,66,57,59,49,63,62,66,65,72,61,67,68,58,72,58,57,30,69,55,61,69,23,25,28,7,9,9,8,9,13,Brasileirao Serie B
Thiaguinho,CRB,Brasil,17,"RW, ST",Right,180,25,67,,77,66,64,68,35,57,73,70,59,62,60,70,63,61,62,66,75,79,71,66,68,64,53,64,58,62,48,34,66,62,64,65,36,28,30,10,6,14,11,13,12,Brasileirao Serie B
Guilherme Kauan,CRB,Brasil,16,"ST, LW",Left,176,20,60,,63,62,50,59,28,57,46,63,60,55,58,59,52,50,47,58,59,67,59,60,59,64,55,55,60,58,54,26,63,48,56,56,26,24,22,14,8,13,9,12,10,Brasileirao Serie B
Guilherme Pato,CRB,Brasil,11,RW,Right,161,25,61,,70,62,60,61,30,52,62,62,42,61,57,58,68,61,46,60,72,68,72,64,71,64,48,61,49,61,49,31,66,63,54,56,30,28,25,6,7,8,11,8,7,Brasileirao Serie B
João Neto,CRB,Brasil,9,ST,Right,181,23,61,,63,63,52,62,28,60,46,63,57,57,56,63,54,54,49,63,64,63,60,65,56,63,58,56,64,66,56,25,59,52,64,62,30,19,22,7,12,14,15,9,14,Brasileirao Serie B
Douglas Baggio,CRB,Brasil,7,"RW, LW",Right,170,31,64,,66,63,62,67,34,54,64,63,48,62,54,68,64,57,54,67,66,66,69,63,67,60,49,64,51,66,51,42,71,65,59,62,30,29,26,6,6,10,9,12,11,Brasileirao Serie B
Saymom,CRB,Brasil,29,ST,Right,171,22,59,,62,61,50,57,27,57,46,65,56,54,54,53,47,47,46,59,63,61,64,60,58,62,56,58,59,52,50,21,67,50,57,61,28,23,17,14,9,11,14,6,9,Brasileirao Serie B
Rodriguinho,CRB,Brasil,3,ST,Right,174,21,59,,58,58,48,57,22,54,44,61,49,53,58,55,53,46,38,57,56,59,60,56,65,58,56,55,54,51,54,22,59,52,59,59,18,21,14,6,8,8,10,10,7,Brasileirao Serie B
Anthony Matheus,CRB,Brasil,25,"ST, CF",Right,175,19,57,,58,57,46,55,24,54,40,60,62,51,54,53,50,44,40,54,57,59,64,58,58,51,56,52,56,54,53,20,64,48,58,51,21,20,11,13,7,14,6,9,9,Brasileirao Serie B
Luizão,CRB,Brasil,50,"CDM, CM",Right,184,28,59,,51,48,57,55,59,62,49,41,54,61,42,51,52,49,62,59,53,49,51,59,56,59,58,63,63,50,60,65,54,57,52,55,55,60,62,7,13,12,11,13,12,Brasileirao Serie B
De Lucca,CRB,Brasil,45,"CM, CB, CDM",Left,180,26,62,,57,54,59,60,55,60,56,50,53,58,48,61,58,56,63,58,55,59,63,67,62,57,53,63,60,62,58,55,59,60,54,61,56,56,51,9,7,11,6,15,8,Brasileirao Serie B
Eduardo Mecena,CRB,Brasil,34,"CM, CDM",Right,183,19,58,,57,53,59,57,48,55,56,51,52,61,48,56,52,59,56,59,58,57,55,53,56,57,48,67,52,55,51,52,59,61,49,56,49,45,46,15,7,13,8,10,8,Brasileirao Serie B
Estêvão,CRB,Brasil,26,"CAM, CM",Right,176,24,61,Brasil,67,61,64,66,33,53,57,64,49,72,57,70,59,60,63,62,70,64,71,57,66,60,49,55,53,59,52,36,59,60,59,64,30,31,27,13,14,10,9,6,12,Brasileirao Serie B
Pedro Castro,CRB,Brasil,21,"CDM, CM, CAM",Right,180,33,65,,55,55,63,62,65,68,54,51,57,69,48,61,54,50,67,64,58,53,57,66,60,63,66,72,65,58,71,66,56,63,57,70,66,67,62,13,8,9,12,6,9,Brasileirao Serie B
Geovane,CRB,Brasil,18,CAM,Left,175,27,60,,63,57,62,65,33,52,60,53,45,62,54,67,65,59,56,64,62,64,66,60,60,59,50,62,50,62,44,31,63,69,60,61,34,31,27,9,15,11,15,15,6,Brasileirao Serie B
Danielzinho,CRB,Brasil,10,"CAM, CM",Left,173,30,67,,67,67,66,68,41,59,63,68,55,67,66,67,69,64,62,70,70,65,70,68,69,65,57,66,57,68,56,50,65,72,63,67,38,37,34,12,13,14,15,14,8,Brasileirao Serie B
Crystopher,CRB,Brasil,8,"CAM, CM, CDM",Right,175,28,65,,65,66,68,68,37,58,70,70,53,68,63,71,64,64,62,65,67,63,72,60,66,62,54,64,58,65,53,41,63,71,66,67,34,34,32,9,15,15,14,14,11,Brasileirao Serie B
Rian,CRB,Brasil,33,CM,Right,169,19,56,,59,49,57,57,49,50,50,46,45,66,39,54,52,51,58,60,59,59,63,50,60,52,48,61,44,55,54,53,47,52,52,51,55,44,46,10,12,10,15,13,6,Brasileirao Serie B
Lucas Pinheiro,CRB,Brasil,30,"CAM, CM",Right,174,18,57,,60,58,58,59,27,49,52,59,35,60,53,60,56,53,52,60,55,65,58,51,58,60,44,56,49,58,43,30,59,65,49,53,26,26,22,10,15,8,13,12,6,Brasileirao Serie B
Lucas Kallyel,CRB,Brasil,4,"CAM, CM",Left,183,22,59,,59,58,59,62,33,54,55,56,46,64,56,63,62,60,51,59,60,58,62,62,60,61,48,57,57,61,43,34,62,61,55,67,31,31,32,8,10,6,15,7,6,Brasileirao Serie B
Cauã Carvalho,CRB,Brasil,13,LM,Left,174,19,59,,66,54,60,60,40,54,60,53,40,60,51,61,60,58,56,57,66,66,67,55,69,57,45,67,51,56,47,41,54,61,48,52,42,41,33,9,14,13,6,11,9,Brasileirao Serie B
Anderson Santos,CRB,Brasil,5,CDM,Right,181,21,60,,50,50,58,57,62,62,49,48,57,62,42,54,50,56,61,59,50,50,53,62,59,59,56,66,61,49,62,64,49,59,50,60,59,65,65,14,6,13,15,7,7,Brasileirao Serie B
Léo Campos,CRB,Brasil,77,"LB, RB",Left,180,34,63,,63,50,57,61,61,61,63,48,55,57,48,57,59,46,52,64,61,65,59,62,67,55,61,66,59,50,59,64,50,58,45,63,60,61,64,7,8,12,14,9,14,Brasileirao Serie B
Maycon,CRB,Brasil,60,"LB, RB",Left,170,20,59,,64,45,56,57,56,55,58,41,48,57,35,54,50,51,56,59,66,63,63,56,57,54,51,65,50,47,58,55,49,54,45,55,57,58,58,7,8,12,14,8,8,Brasileirao Serie B
Henri,CRB,Brasil,44,"CB, RB",Left,188,24,67,,62,47,54,57,71,70,54,40,74,60,38,53,47,51,57,60,60,63,53,60,57,62,72,61,75,50,68,69,42,46,46,65,70,72,70,7,6,6,8,10,14,Brasileirao Serie B
Lucas Lovat,CRB,Brasil,36,"LB, LM",Right,184,29,63,,65,51,61,61,64,62,64,48,61,67,47,61,54,51,51,61,63,67,58,57,65,59,62,66,61,53,62,62,48,60,49,60,67,63,66,14,10,11,14,15,12,Brasileirao Serie B
Lyncon,CRB,Brasil,34,CB,Right,186,21,59,,53,38,48,45,64,63,46,32,68,53,32,38,42,41,51,48,52,53,47,60,49,55,63,56,67,38,62,64,34,44,40,63,62,64,62,8,7,14,14,12,9,Brasileirao Serie B
Hereda,CRB,Brasil,32,RB,Left,178,28,64,,69,50,56,59,64,62,61,46,59,56,50,57,53,50,57,59,68,70,64,58,66,61,63,71,60,51,56,65,49,50,46,54,68,63,61,10,6,15,13,13,8,Brasileirao Serie B
Ruy,CRB,Brasil,31,RB,Right,173,20,56,,61,42,51,52,55,52,53,37,48,51,41,51,46,40,56,51,59,63,55,55,64,56,55,59,50,42,49,52,41,48,40,47,56,58,60,6,14,15,9,11,15,Brasileirao Serie B
Fábio Alemão,CRB,Brasil,27,"CB, RB",Right,184,29,60,,57,41,45,52,62,62,44,39,63,47,40,50,38,44,51,54,55,59,46,61,50,55,64,55,66,36,59,59,35,38,39,59,65,60,66,9,10,6,12,8,11,Brasileirao Serie B
Bressan,CRB,Brasil,22,CB,Left,185,33,69,,62,49,56,58,73,71,53,45,69,61,43,50,43,54,61,66,62,62,56,65,58,64,71,65,73,47,73,75,42,52,47,64,75,72,74,8,8,13,10,8,15,Brasileirao Serie B
João Pin,CRB,Brasil,14,"LB, RB",Right,176,20,60,,64,47,56,58,57,57,62,42,50,60,40,58,52,47,57,55,65,63,66,54,62,61,63,60,54,51,58,56,41,46,41,57,57,60,55,10,15,8,12,15,15,Brasileirao Serie B
Reverson,CRB,Brasil,6,LB,Left,175,29,63,,67,52,58,58,61,60,63,49,57,56,42,56,55,52,61,57,64,69,62,66,71,62,64,63,57,52,64,57,51,59,43,58,62,63,62,13,7,15,11,6,9,Brasileirao Serie B
Kevin,CRB,Brasil,2,"RB, RM",Right,174,29,62,,65,46,59,58,60,57,64,40,58,62,48,57,59,50,57,59,67,63,64,57,63,58,56,65,51,48,61,60,49,53,48,53,59,62,62,9,10,11,14,14,10,Brasileirao Serie B
Heitor Brissantt,CRB,Brasil,24,CB,Right,190,19,58,,58,36,46,47,59,61,42,29,63,53,30,40,36,41,56,54,58,58,44,54,43,52,67,54,64,39,61,60,32,32,40,51,62,54,62,14,6,8,13,11,15,Brasileirao Serie B
Darlisson,CRB,Brasil,15,CB,Right,189,22,59,,58,39,48,52,63,60,51,34,63,54,34,47,30,35,52,56,57,59,45,59,51,51,64,57,62,42,60,62,32,40,38,62,61,66,64,9,13,6,13,13,9,Brasileirao Serie B
Cauã Ávila,CRB,Brasil,37,"CB, RB",Left,179,19,55,,50,35,41,47,53,53,44,30,53,46,32,43,38,31,41,51,51,50,47,49,51,47,57,48,54,36,55,57,30,31,35,50,54,50,54,15,9,6,6,8,15,Brasileirao Serie B
Anderson,CRB,Brasil,35,"RB, RM",Right,171,19,56,,65,43,54,54,54,54,57,40,44,56,32,55,54,45,55,49,64,65,66,48,60,49,52,59,51,44,54,55,52,47,41,49,57,55,52,8,15,6,14,12,8,Brasileirao Serie B
Fábio Henrique,CRB,Brasil,23,GK,Right,200,23,60,,34,18,29,27,17,44,21,10,21,35,10,19,12,15,35,27,31,36,35,53,43,41,45,40,49,17,37,23,10,32,20,36,16,15,10,62,61,56,64,63,41,Brasileirao Serie B
Matheus Albino,CRB,Brasil,12,GK,Right,192,31,66,,38,23,36,34,24,49,20,16,28,44,17,26,26,23,39,33,37,39,40,66,47,49,55,42,54,15,42,33,16,42,23,51,22,18,24,65,60,62,63,67,45,Brasileirao Serie B
Vitor Caetano,CRB,Brasil,1,GK,Right,190,27,62,,39,22,30,30,19,43,13,14,20,38,14,18,18,15,38,35,38,39,33,62,43,47,49,30,54,16,32,27,18,35,22,37,14,18,16,64,58,56,70,64,42,Brasileirao Serie B
Cândido,CRB,Brasil,38,GK,Left,190,20,55,,30,15,27,20,12,35,10,10,17,37,10,10,10,13,26,19,31,30,34,47,35,33,44,30,41,11,23,17,10,34,16,34,10,10,10,55,52,49,52,57,36,Brasileirao Serie B
Hélio Borges,Novorizontino,Brasil,77,RW,Left,174,26,64,,73,62,60,68,35,55,58,64,54,61,61,73,68,56,55,64,72,73,68,59,70,62,54,59,55,57,52,33,62,61,60,64,32,37,26,11,7,15,15,10,11,Brasileirao Serie B
Kayque,Novorizontino,Brasil,61,LW,Left,181,18,56,,62,52,55,57,27,46,55,54,41,54,45,60,58,51,52,55,66,59,59,53,52,53,46,57,43,49,42,28,58,57,50,50,27,24,24,11,13,7,9,14,13,Brasileirao Serie B
M. Luduena,Novorizontino,Argentina,56,"RW, RM",Right,178,20,58,,66,60,56,59,29,50,59,61,50,60,58,60,57,52,42,57,68,64,66,57,58,61,45,60,48,58,42,32,60,57,51,59,26,25,22,11,9,6,6,9,14,Brasileirao Serie B
Leonardo Goncalves,Novorizontino,Brasil,55,"ST, LW",Left,183,19,57,,59,57,47,57,25,58,48,61,57,48,58,55,48,47,39,61,55,63,56,57,50,56,59,53,63,49,51,24,60,48,55,57,24,20,14,14,14,8,11,14,6,Brasileirao Serie B
Kaio Teixeira,Novorizontino,Brasil,45,RW,Right,183,20,57,,66,55,54,62,28,54,54,56,48,59,51,68,59,50,45,59,65,67,61,47,56,54,54,60,53,53,49,28,57,54,54,52,25,26,25,14,12,12,14,8,9,Brasileirao Serie B
Reidiney,Novorizontino,Brasil,41,"RW, ST",Right,163,19,58,,71,54,55,65,32,49,56,52,41,57,56,63,56,55,49,66,72,71,78,56,71,55,42,51,48,56,49,34,66,53,54,51,31,29,27,15,13,6,9,14,13,Brasileirao Serie B
Hector,Novorizontino,Brasil,35,"ST, CF",Left,179,21,57,,58,57,48,56,26,57,42,59,62,50,57,56,54,52,42,57,55,60,52,61,56,54,62,57,57,55,57,22,60,50,61,60,23,21,17,6,14,12,7,11,13,Brasileirao Serie B
Nicolas Careca,Novorizontino,Brasil,30,LW,Left,187,29,62,,69,61,60,66,32,55,63,60,55,63,57,65,64,53,53,68,71,67,66,64,60,62,56,63,54,61,49,30,70,60,59,63,26,32,26,8,8,10,15,10,10,Brasileirao Serie B
Diego Mathias,Novorizontino,Brasil,27,RW,Left,182,27,62,,71,60,58,65,33,57,61,58,52,61,59,67,58,62,51,63,72,70,69,66,60,63,52,59,60,62,50,31,68,55,58,59,30,35,20,7,11,14,8,13,13,Brasileirao Serie B
Diego Galo,Novorizontino,Brasil,19,"LW, LM",Right,176,21,63,,68,64,60,64,33,53,62,67,53,59,57,62,64,60,55,64,71,65,76,63,63,62,51,68,48,60,45,33,66,60,61,59,32,28,28,10,14,9,11,10,11,Brasileirao Serie B
Vinícius Paiva,Novorizontino,Brasil,16,"LW, RW",Right,170,25,61,,66,61,54,62,33,51,58,60,53,52,56,65,61,56,48,59,71,62,69,57,69,64,51,59,49,61,47,30,60,57,60,53,31,31,27,9,15,8,10,15,15,Brasileirao Serie B
Tavinho,Novorizontino,Brasil,15,"RW, LW, RM",Right,171,22,59,,65,57,55,60,29,49,58,57,46,53,54,59,56,55,50,59,66,65,69,60,60,57,45,54,50,55,42,30,64,58,54,56,25,27,30,11,15,7,15,13,13,Brasileirao Serie B
Robson,Novorizontino,Brasil,11,ST,Right,175,35,70,,65,70,61,68,34,68,62,73,69,63,71,69,61,59,50,65,65,65,72,70,65,70,67,65,72,61,64,30,75,66,68,69,37,23,30,15,15,11,8,12,12,Brasileirao Serie B
Carlão,Novorizontino,Brasil,9,ST,Right,183,34,68,,66,69,59,66,36,66,56,71,67,62,72,65,57,54,55,66,64,67,67,71,59,68,68,61,71,64,59,31,70,63,72,69,34,32,29,6,7,6,10,6,12,Brasileirao Serie B
C. Ortíz,Novorizontino,Argentina,8,"LW, CAM",Left,169,34,65,,66,63,64,70,33,55,65,65,46,66,62,70,62,58,56,71,62,69,71,67,73,62,52,65,52,58,50,36,68,65,61,69,29,32,31,14,13,6,9,12,9,Brasileirao Serie B
Ronald Barcellos,Novorizontino,Brasil,7,"ST, RW",Right,174,24,61,,61,67,50,62,30,57,49,71,60,51,62,64,56,51,46,59,59,62,64,62,59,66,58,62,55,61,54,27,67,48,62,65,25,29,21,9,9,6,7,14,13,Brasileirao Serie B
Tiago,Novorizontino,Brasil,72,CAM,Right,174,19,58,,60,56,59,60,31,49,55,54,44,61,52,59,57,56,56,61,62,59,64,55,65,60,48,57,47,57,46,31,60,65,59,60,28,27,35,12,9,12,11,10,6,Brasileirao Serie B
Geres,Novorizontino,Brasil,70,CAM,Right,177,20,57,,59,55,58,61,28,50,58,53,41,57,52,64,59,55,51,60,61,58,59,52,56,53,47,59,47,61,48,29,57,64,56,57,24,27,28,7,15,14,11,6,8,Brasileirao Serie B
Bruno Santos,Novorizontino,Brasil,54,RM,Right,174,19,57,,64,54,59,60,37,53,64,55,38,56,51,59,60,52,59,63,62,65,66,47,58,55,49,63,50,52,50,36,52,59,53,48,37,40,33,9,14,7,12,9,13,Brasileirao Serie B
Juninho,Novorizontino,Brasil,50,"CAM, CDM",Right,174,25,67,,67,65,68,71,41,60,65,63,55,73,59,70,73,65,61,74,65,69,67,69,68,66,58,67,59,69,54,46,75,67,61,71,39,38,33,8,6,6,13,9,7,Brasileirao Serie B
Kawe,Novorizontino,Brasil,47,"CM, CDM",Right,173,20,56,,54,51,55,56,49,56,52,49,45,59,49,58,49,52,55,56,53,55,55,51,56,56,47,57,59,49,52,49,56,51,45,53,48,53,48,11,8,12,15,7,14,Brasileirao Serie B
Jardiel,Novorizontino,Brasil,40,"CM, CDM",Left,186,21,62,,61,58,62,65,55,62,59,51,57,64,56,68,59,55,64,66,64,59,53,57,57,67,56,66,63,63,57,55,60,64,57,65,53,60,48,13,9,9,13,7,13,Brasileirao Serie B
Esquerda,Novorizontino,Brasil,37,LM,Left,176,20,58,,65,53,57,55,39,53,57,55,48,62,51,53,58,56,52,55,61,68,61,57,58,53,45,67,47,51,52,47,51,54,49,48,36,35,38,8,7,14,6,8,9,Brasileirao Serie B
Miguel Contiero,Novorizontino,Brasil,36,"CM, CDM",Left,174,21,59,,58,54,57,59,51,55,51,53,49,59,44,60,50,48,60,57,57,58,58,58,66,58,47,64,52,52,54,58,57,62,56,58,52,47,51,10,13,8,12,7,15,Brasileirao Serie B
Nogueira,Novorizontino,Brasil,34,"CM, CAM",Right,182,17,57,,56,54,55,59,49,53,47,51,46,59,47,59,49,45,59,62,52,60,53,59,54,60,50,57,51,58,54,49,53,59,58,54,49,50,49,11,10,14,15,13,13,Brasileirao Serie B
Marlon,Novorizontino,Brasil,28,CM,Right,175,36,65,,55,58,68,65,58,60,58,52,55,75,52,66,62,59,72,64,53,56,59,69,65,65,57,67,57,65,58,60,60,66,52,68,60,58,54,14,15,11,15,9,10,Brasileirao Serie B
Bruno Santana,Novorizontino,Brasil,27,CDM,Right,187,19,57,,53,46,56,52,59,59,49,41,60,63,37,52,46,46,54,54,54,53,49,58,47,58,58,57,60,48,57,59,49,55,45,51,59,60,58,11,13,6,10,15,9,Brasileirao Serie B
Jhones Kauê,Novorizontino,Brasil,23,CM,Right,175,17,56,,53,50,55,60,47,54,54,46,45,57,48,62,50,44,57,62,56,51,53,51,54,57,48,57,53,49,53,49,54,57,50,49,46,46,48,12,9,12,15,7,13,Brasileirao Serie B
Léo Naldi,Novorizontino,Brasil,18,CDM,Left,170,25,67,,62,57,64,63,68,68,58,52,58,63,50,60,64,56,68,63,64,61,65,68,68,67,62,74,65,58,70,66,56,69,62,66,67,71,72,7,8,8,15,7,15,Brasileirao Serie B
Matheus Bianqui,Novorizontino,Brasil,17,"CDM, CM, RW",Right,187,28,62,,56,55,60,59,63,63,57,52,63,60,49,60,49,57,65,58,59,54,56,64,56,63,59,68,62,58,60,68,53,61,50,65,59,64,66,9,14,11,9,13,8,Brasileirao Serie B
Antony,Novorizontino,Brasil,16,CDM,Left,176,21,59,,55,48,59,56,62,61,50,45,53,67,38,55,54,49,58,57,56,55,53,58,56,53,61,62,61,53,62,57,52,57,50,57,62,68,59,7,15,8,7,8,12,Brasileirao Serie B
Rômulo,Novorizontino,Brasil,10,"CAM, ST, RW",Right,175,24,71,,72,69,71,72,42,61,68,65,55,74,63,71,74,71,63,72,71,72,75,77,69,72,58,66,60,74,60,44,73,75,72,74,40,41,39,14,12,13,11,11,10,Brasileirao Serie B
Luís Oyama,Novorizontino,Brasil,6,"CDM, CM",Right,183,29,63,,57,56,60,59,64,62,56,50,61,66,45,51,54,50,61,66,60,55,59,66,58,67,60,63,59,62,67,65,53,56,54,63,62,65,67,10,6,6,9,10,7,Brasileirao Serie B
Arthur Barbosa,Novorizontino,Brasil,78,"RB, RM",Right,186,20,59,,68,43,55,53,58,61,62,36,58,59,45,48,45,44,54,55,66,70,60,54,59,54,61,62,63,45,55,54,46,48,42,52,60,58,59,8,6,9,9,9,12,Brasileirao Serie B
Maykon Jesus,Novorizontino,Brasil,66,"LB, LW",Left,178,20,59,,64,43,55,55,59,61,57,37,52,59,46,52,56,46,48,58,65,64,58,51,62,53,55,65,61,46,57,56,50,53,42,52,59,64,60,8,7,6,7,14,11,Brasileirao Serie B
Luiz Otávio,Novorizontino,Brasil,60,"LB, RB",Right,176,19,56,,62,41,52,56,56,56,50,39,47,60,34,57,48,43,54,53,62,62,61,53,66,48,52,57,57,42,51,57,45,42,31,49,56,57,59,12,12,15,9,11,8,Brasileirao Serie B
Renato Palm,Novorizontino,Brasil,33,CB,Right,190,34,65,,53,46,54,54,66,68,48,41,65,60,34,49,47,49,57,56,53,53,53,67,51,65,72,63,72,43,65,64,42,51,43,64,66,66,66,11,9,13,14,6,12,Brasileirao Serie B
Gabriel Bahia,Novorizontino,Brasil,26,CB,Right,184,27,61,,55,42,51,50,65,65,45,39,65,60,35,45,42,39,50,53,54,56,46,59,50,56,65,57,69,41,66,62,33,45,41,61,66,66,66,10,13,6,15,10,14,Brasileirao Serie B
J. Lora,Novorizontino,Perú,24,RB,Right,176,25,60,,67,46,56,58,58,58,58,43,47,62,42,52,46,47,61,62,65,69,66,56,66,58,57,65,52,43,62,58,45,47,47,57,59,61,56,14,14,15,6,12,7,Brasileirao Serie B
A. Iván Alvariño,Novorizontino,Argentina,22,"RB, CB",Right,184,25,62,,69,50,58,60,61,61,63,46,56,59,48,59,53,47,57,61,67,71,61,61,62,56,58,70,58,52,60,57,49,54,47,57,61,65,58,14,10,6,7,13,8,Brasileirao Serie B
Alemão,Novorizontino,Brasil,21,CB,Left,189,19,60,,55,39,49,48,64,63,37,33,69,58,36,44,38,41,53,52,53,56,47,58,47,53,65,59,66,41,61,66,31,47,42,53,66,61,61,9,15,13,7,6,15,Brasileirao Serie B
Gabriel Correia,Novorizontino,Brasil,14,"LB, RB",Right,184,20,58,,66,42,55,54,56,57,54,34,53,61,44,52,53,42,55,57,67,66,55,54,56,52,53,61,59,46,46,55,46,51,45,48,60,52,61,15,11,10,12,9,6,Brasileirao Serie B
Eduardo Brock,Novorizontino,Brasil,14,CB,Left,185,35,68,,58,45,55,54,71,72,52,39,77,59,38,50,49,46,59,53,57,59,54,67,58,63,69,62,76,43,77,71,43,54,49,67,71,68,72,9,15,10,9,13,15,Brasileirao Serie B
Sander,Novorizontino,Brasil,5,"CB, LB",Right,176,36,67,,57,44,57,60,67,69,57,37,62,62,39,53,45,51,59,64,55,58,62,68,58,56,63,68,71,48,68,66,41,49,45,70,65,71,68,14,12,9,9,6,15,Brasileirao Serie B
Patrick,Novorizontino,Brasil,4,"CB, LB",Right,189,27,66,,62,44,54,58,69,71,52,38,68,63,36,59,49,50,51,57,62,62,53,62,52,58,70,68,73,47,70,69,41,45,48,65,71,68,66,14,13,10,7,13,13,Brasileirao Serie B
Carlinhos,Novorizontino,Brasil,3,"CB, CDM",Right,175,31,62,,57,41,50,52,64,63,49,36,59,55,39,47,42,41,56,52,56,57,57,64,50,55,60,61,65,38,60,62,37,44,47,69,67,63,63,8,8,7,15,11,15,Brasileirao Serie B
Madson,Novorizontino,Brasil,2,"RB, CB",Right,183,34,66,,63,54,63,62,66,65,67,54,60,67,45,60,55,54,62,63,67,60,63,62,64,59,59,66,66,52,64,63,56,58,48,59,63,70,70,7,9,8,15,14,10,Brasileirao Serie B
Pedro Henrique,Novorizontino,Brasil,94,GK,Left,192,18,58,,37,18,26,28,15,40,14,10,17,32,10,18,16,10,27,33,34,39,33,47,32,42,50,32,46,18,31,24,10,31,20,33,14,10,16,61,53,48,59,61,37,Brasileirao Serie B
Jordi,Novorizontino,Brasil,93,GK,Right,192,33,69,,43,25,38,35,27,53,20,16,30,45,22,23,29,24,41,38,42,44,40,71,53,48,56,43,60,24,47,35,17,46,27,51,26,22,26,64,70,62,71,74,47,Brasileirao Serie B
Gustavo,Novorizontino,Brasil,80,GK,Right,189,20,57,,33,16,24,22,15,40,10,10,20,31,10,10,10,10,28,27,37,29,32,50,34,33,44,39,44,17,32,21,10,29,14,33,13,14,10,54,58,50,56,58,35,Brasileirao Serie B
César Augusto,Novorizontino,Brasil,31,GK,Left,191,31,66,,39,22,37,33,24,51,20,13,23,48,17,19,21,24,40,39,42,36,38,63,49,44,55,41,61,22,39,38,13,41,32,47,19,18,27,68,65,64,70,65,40,Brasileirao Serie B
Paulo Henrique,Novorizontino,Brasil,29,GK,Right,187,35,61,,31,18,28,30,18,42,17,10,22,34,13,23,13,17,29,30,29,32,34,58,42,44,49,37,47,10,35,25,10,36,22,46,16,14,15,62,61,56,56,62,39,Brasileirao Serie B
João Scapin,Novorizontino,Brasil,12,GK,Left,190,22,58,,29,19,27,25,16,41,10,15,16,38,10,14,20,10,31,27,25,32,37,50,34,38,47,32,48,15,33,23,10,29,17,45,14,16,10,60,54,47,60,56,36,Brasileirao Serie B
Lucas Ribeiro,Novorizontino,Brasil,1,GK,Right,191,28,61,,36,19,28,31,20,44,15,10,21,36,12,19,11,16,32,36,33,39,32,55,44,45,51,40,49,13,33,27,15,32,24,46,13,21,18,62,62,55,63,66,40,Brasileirao Serie B
