short_name,club_name,nationality_name,club_jersey_number,player_positions,preferred_foot,height_cm,age,overall,seleccion,pace,shooting,passing,dribbling,defending,physic,attacking_crossing,attacking_finishing,attacking_heading_accuracy,attacking_short_passing,attacking_volleys,skill_dribbling,skill_curve,skill_fk_accuracy,skill_long_passing,skill_ball_control,movement_acceleration,movement_sprint_speed,movement_agility,movement_reactions,movement_balance,power_shot_power,power_jumping,power_stamina,power_strength,power_long_shots,mentality_aggression,mentality_interceptions,mentality_positioning,mentality_vision,mentality_penalties,mentality_composure,defending_marking_awareness,defending_standing_tackle,defending_sliding_tackle,goalkeeping_diving,goalkeeping_handling,goalkeeping_kicking,goalkeeping_positioning,goalkeeping_reflexes,goalkeeping_speed,league_name
B. Muñoz,Ñublense,Chile,36,"RW, ST",Right,177,17,55,,64,51,54,59,24,46,58,50,44,52,53,58,57,51,50,60,62,65,64,52,60,57,45,54,44,48,41,27,55,56,49,51,25,18,16,10,10,8,7,10,15,Primera División de Chile
F. Chavarría,Ñublense,Chile,34,LW,Left,168,28,59,,63,59,57,64,28,49,64,60,47,60,59,60,52,53,51,69,62,64,70,58,67,61,51,61,44,53,46,31,65,53,51,58,23,26,25,9,10,6,8,9,15,Primera División de Chile
G. Ávalos,Ñublense,Chile,29,"LW, ST",Right,173,21,62,,70,61,60,64,30,52,59,64,50,64,58,65,61,56,56,63,68,71,68,59,66,64,55,63,50,54,45,29,61,60,58,58,30,25,25,8,9,14,14,6,15,Primera División de Chile
G. Segura,Ñublense,Chile,26,"LW, ST",Right,174,17,57,,66,55,56,60,25,48,54,53,42,58,56,61,57,50,53,59,67,66,63,57,60,59,51,55,47,54,40,30,62,58,51,52,27,16,21,11,14,12,8,7,8,Primera División de Chile
E. Calderón,Ñublense,Chile,26,"ST, CF",Right,183,22,61,,66,62,52,60,28,64,51,64,62,56,63,61,54,53,46,60,63,68,56,65,59,57,63,59,70,60,56,22,70,51,69,62,31,21,21,8,6,12,15,15,7,Primera División de Chile
A. Valdés,Ñublense,Chile,22,"ST, LW",Right,175,24,62,,62,60,51,61,28,59,51,62,63,56,65,59,54,54,37,63,58,65,61,66,54,57,66,57,61,56,53,23,65,53,62,65,28,24,19,15,11,11,13,6,9,Primera División de Chile
I. Jeraldino,Ñublense,Chile,20,ST,Right,184,30,67,,69,68,57,64,35,69,49,68,71,61,62,64,60,59,53,63,67,70,63,76,58,74,69,65,74,63,63,33,70,59,67,69,32,29,27,9,10,13,9,14,13,Primera División de Chile
I. Tapia,Ñublense,Argentina,19,"LW, ST, RW",Left,168,22,59,,65,60,57,63,29,50,58,61,45,62,52,63,60,55,46,60,69,62,66,60,71,61,49,64,47,58,39,31,64,54,59,63,30,25,19,15,8,8,7,7,13,Primera División de Chile
P. Toledo,Ñublense,Chile,17,ST,Right,178,20,58,,65,61,49,57,25,55,44,62,61,53,56,56,51,52,42,59,65,65,55,57,55,60,55,52,57,58,53,22,66,51,60,57,24,19,15,13,13,10,7,14,14,Primera División de Chile
L. Molina,Ñublense,Chile,11,"LW, ST, LM",Left,170,20,59,,70,57,56,64,26,51,60,56,44,55,53,66,62,56,51,63,67,73,66,55,61,59,53,59,48,56,46,26,64,55,57,56,29,18,25,8,10,13,12,8,13,Primera División de Chile
F. Rami,Ñublense,Argentina,9,ST,Right,192,23,64,,69,66,55,61,32,64,54,68,64,56,62,59,55,55,48,65,68,69,54,74,53,71,67,62,68,58,54,29,71,58,68,64,29,30,19,14,7,15,6,13,8,Primera División de Chile
G. Graciani,Ñublense,Argentina,8,"RM, RW, ST",Left,180,32,67,,72,62,70,69,49,65,72,59,54,72,57,70,70,64,66,69,70,73,71,65,66,67,53,68,69,67,55,46,65,70,58,71,44,54,46,15,7,8,12,14,6,Primera División de Chile
F. Ovelar,Ñublense,Paraguay,7,RW,Right,170,22,63,,72,63,60,67,32,55,63,63,48,59,60,65,63,60,57,69,71,72,71,64,69,67,61,62,52,59,51,28,69,60,57,63,31,31,26,8,7,10,15,15,15,Primera División de Chile
C. Mansilla,Ñublense,Chile,35,CM,Right,172,20,58,,58,54,61,60,50,51,58,52,40,67,44,62,58,50,63,60,54,61,60,59,60,58,46,61,47,57,49,58,54,57,52,53,51,46,51,10,7,7,12,6,7,Primera División de Chile
M. Araneda,Ñublense,Chile,33,CAM,Right,168,19,59,,63,58,62,60,30,47,56,56,42,66,54,60,61,56,61,58,66,60,67,50,63,60,43,53,44,60,47,34,61,63,57,58,26,28,26,6,14,6,8,9,8,Primera División de Chile
J. Poblete,Ñublense,Chile,31,CAM,Right,175,18,57,,58,56,60,60,32,45,58,58,45,63,54,62,60,53,54,59,64,53,61,58,63,56,43,55,42,51,41,35,59,62,51,56,29,30,24,6,12,14,11,6,15,Primera División de Chile
M. Rivera,Ñublense,Chile,28,"CM, CDM, CAM",Left,176,30,61,,55,56,62,62,53,56,54,54,55,65,54,64,62,55,61,60,55,55,60,58,58,61,48,57,54,58,61,57,53,68,58,67,50,55,48,8,7,11,15,7,14,Primera División de Chile
C. Montecinos,Ñublense,Chile,24,CM,Right,167,19,58,,60,52,59,56,52,54,49,49,46,65,42,56,56,50,54,56,62,59,59,54,63,56,48,66,49,56,52,51,50,63,56,54,56,52,49,6,14,10,10,14,8,Primera División de Chile
J. González,Ñublense,Chile,23,RM,Left,180,25,60,,68,55,59,61,43,56,64,55,54,58,52,60,65,51,55,62,70,66,67,60,59,56,52,63,57,54,48,46,55,58,54,58,40,43,36,10,9,10,13,14,15,Primera División de Chile
L. Reyes,Ñublense,Chile,21,"CM, LM",Right,180,35,67,,56,63,67,70,60,66,63,60,65,64,60,72,68,64,72,69,55,56,68,72,63,67,59,73,63,67,66,56,67,72,64,72,57,64,64,6,15,10,13,7,11,Primera División de Chile
D. Céspedes,Ñublense,Chile,18,"CM, CB, CDM",Right,181,28,63,,59,58,64,66,56,58,62,59,54,66,50,65,59,56,65,70,57,61,64,56,62,60,61,61,55,56,63,58,62,67,54,67,56,59,50,9,10,13,10,14,15,Primera División de Chile
D. Sanhueza,Ñublense,Chile,16,"RM, RB",Right,173,24,65,,71,62,68,67,46,58,71,64,50,68,58,68,65,58,62,66,69,73,72,63,61,63,56,71,53,57,54,45,60,71,63,59,44,47,43,14,6,11,10,13,11,Primera División de Chile
J. Campusano,Ñublense,Chile,14,"LM, LB, LW",Left,164,33,66,,68,60,67,68,45,58,68,59,50,68,58,68,62,64,66,68,76,62,75,64,69,59,48,65,55,64,58,48,59,66,61,66,42,42,48,14,13,8,15,14,9,Primera División de Chile
D. Saavedra,Ñublense,Chile,13,"CM, CDM",Right,177,22,60,,57,56,62,61,51,55,61,56,51,65,47,60,57,52,59,60,57,57,62,61,61,57,54,63,51,59,53,55,52,66,54,65,53,46,52,15,11,11,11,10,13,Primera División de Chile
M. Plaza,Ñublense,Chile,10,"CM, CAM, ST",Left,169,25,64,,56,59,63,67,57,62,58,56,49,64,50,63,66,56,61,72,57,56,69,69,65,63,58,74,55,61,64,55,69,70,64,59,60,56,61,14,7,11,14,13,10,Primera División de Chile
M. Muñoz,Ñublense,Chile,32,RB,Right,170,25,60,,66,47,53,61,57,58,55,44,51,55,45,59,55,43,57,63,65,66,63,56,71,57,58,63,55,43,60,56,49,48,43,58,59,60,54,8,9,12,10,15,6,Primera División de Chile
V. Guzmán,Ñublense,Chile,27,LB,Right,187,18,58,,65,43,54,54,55,58,57,40,50,55,41,51,53,46,55,56,64,65,55,60,56,51,50,58,57,42,61,55,45,51,44,46,51,59,59,8,6,13,8,12,15,Primera División de Chile
S. Valencia,Ñublense,Chile,15,CB,Right,178,26,62,,59,43,52,53,64,64,48,39,63,60,39,47,41,44,55,58,56,61,51,65,50,56,61,55,66,40,69,65,36,43,45,59,63,65,65,8,8,7,7,8,9,Primera División de Chile
P. Calderón,Ñublense,Argentina,6,"CB, CDM",Right,176,28,61,,58,42,48,48,60,63,44,34,59,53,40,45,41,35,53,48,60,56,51,62,53,57,63,65,60,44,67,61,40,42,43,57,60,58,65,12,9,11,8,14,12,Primera División de Chile
F. Campos,Ñublense,Chile,5,"CB, RB",Right,179,32,62,,58,43,49,52,63,63,49,37,58,51,36,47,38,44,58,52,57,59,54,64,53,60,58,57,65,42,65,57,35,44,43,69,66,66,60,8,12,11,15,7,14,Primera División de Chile
O. Bosso,Ñublense,Chile,4,CB,Right,177,32,64,,57,45,52,53,66,66,49,38,61,59,42,48,46,44,55,56,59,55,53,69,51,58,68,62,68,50,67,70,40,44,42,59,64,67,67,9,14,11,9,14,7,Primera División de Chile
C. Salomón,Ñublense,Chile,3,"CB, CDM",Right,179,26,62,,59,40,52,50,63,59,47,34,61,59,30,40,46,44,54,54,55,63,59,59,54,52,62,55,58,44,68,65,40,45,40,65,61,63,66,7,15,15,7,7,9,Primera División de Chile
F. Reyes,Ñublense,Chile,2,"CB, CDM",Right,196,30,60,,52,41,49,48,62,63,47,36,67,57,31,43,39,39,53,52,50,54,45,60,49,58,62,57,66,39,61,62,29,39,45,57,59,62,65,6,11,10,14,13,13,Primera División de Chile
J. Ríos,Ñublense,Chile,30,GK,Right,191,19,57,,36,15,26,22,15,41,12,10,18,36,10,12,10,11,35,24,38,34,30,50,32,35,41,27,51,12,35,20,10,26,11,30,16,10,10,54,54,52,56,59,37,Primera División de Chile
H. Muñoz,Ñublense,Chile,25,GK,Left,182,38,65,,30,23,34,34,22,48,17,18,26,42,12,25,21,19,40,36,29,30,34,64,46,48,54,40,55,14,38,26,17,41,24,46,21,18,21,68,64,57,64,65,41,Primera División de Chile
C. Chandía,Ñublense,Chile,12,GK,Right,183,19,57,,34,17,23,24,15,44,10,10,17,31,10,11,12,10,27,30,38,31,30,47,38,38,48,32,51,13,39,22,12,27,19,31,13,13,10,60,56,52,56,57,35,Primera División de Chile
N. Pérez,Ñublense,Uruguay,1,GK,Right,180,36,65,,31,23,33,34,23,46,18,14,23,40,12,23,21,15,35,38,29,33,38,72,42,45,53,42,53,25,33,27,13,43,28,46,24,22,18,62,63,57,64,67,35,Primera División de Chile
M. Suazo,Universidad de Concepción,Chile,36,"RW, ST",Right,165,20,58,,68,56,57,62,24,48,55,54,36,60,59,60,61,50,53,63,69,68,71,54,69,57,46,55,46,57,44,22,59,59,52,56,23,25,21,6,9,10,7,9,7,Primera División de Chile
M. Ramírez,Universidad de Concepción,Chile,35,"RB, RM",Left,180,21,56,,58,40,53,55,54,54,54,39,43,59,38,57,54,42,53,54,59,58,54,54,58,40,55,60,53,40,49,57,47,42,48,55,56,54,54,15,13,6,9,8,10,Primera División de Chile
D. Sabando,Universidad de Concepción,Chile,29,ST,Left,193,21,57,,59,58,44,57,26,56,46,60,63,45,58,59,48,46,43,56,55,62,52,61,48,58,60,53,62,54,43,24,59,42,56,55,24,19,16,12,12,10,10,11,14,Primera División de Chile
T. Roco,Universidad de Concepción,Chile,26,"RW, ST",Right,178,20,58,,65,57,54,61,29,51,61,57,41,52,49,59,61,52,51,64,67,64,66,51,55,58,53,52,54,58,40,29,64,53,59,53,29,27,22,11,15,10,9,12,11,Primera División de Chile
H. Salgado,Universidad de Concepción,Chile,25,LW,Left,172,26,61,,66,59,58,62,31,51,60,60,49,59,54,63,66,54,52,61,66,66,67,58,65,58,52,57,49,59,46,32,59,58,55,60,30,27,22,8,12,12,7,8,15,Primera División de Chile
R. Funes Mori,Universidad de Concepción,México,22,ST,Right,190,35,69,,62,68,63,68,37,70,57,69,71,67,64,67,60,64,60,71,61,62,62,70,60,72,74,65,75,64,65,34,72,64,67,69,37,32,27,14,8,12,14,13,12,Primera División de Chile
C. Waterman,Universidad de Concepción,Panamá,18,"ST, CF",Right,181,35,68,,64,67,58,67,35,67,62,67,69,57,68,68,65,64,50,66,67,62,64,69,63,69,73,67,69,61,61,35,74,59,69,74,34,28,25,12,10,12,10,14,6,Primera División de Chile
A. Díaz,Universidad de Concepción,Chile,11,"LW, LM, LB",Left,176,26,63,,68,61,57,65,30,57,62,63,47,55,58,62,62,53,56,67,71,65,70,64,67,59,53,63,59,60,47,34,63,58,59,57,30,25,25,9,15,9,6,7,6,Primera División de Chile
J. Fuentealba,Universidad de Concepción,Chile,10,"LW, CM, ST",Left,169,23,64,,70,61,62,66,34,56,60,60,48,65,56,64,61,59,57,67,72,68,73,64,67,66,56,66,53,56,51,35,69,65,66,66,35,28,31,13,14,14,10,14,13,Primera División de Chile
D. Barrea,Universidad de Concepción,Argentina,9,"RM, LM",Left,183,25,61,,69,55,58,63,42,60,61,55,50,59,55,62,61,53,54,68,68,69,58,60,57,57,52,67,61,52,53,47,55,58,54,56,39,41,36,14,14,12,11,15,10,Primera División de Chile
I. González,Universidad de Concepción,Chile,7,LW,Left,171,22,60,,65,60,59,65,30,51,64,60,46,57,53,68,59,59,52,62,66,65,66,61,67,61,49,58,50,58,44,27,69,63,57,59,32,26,24,14,15,7,11,10,7,Primera División de Chile
A. Neira,Universidad de Concepción,Chile,38,CAM,Right,176,20,58,,61,58,60,60,31,47,56,60,38,61,49,61,58,57,59,60,62,60,64,58,57,59,46,53,44,55,46,32,60,63,60,54,30,29,31,14,6,12,9,9,14,Primera División de Chile
F. Herrera,Universidad de Concepción,Chile,34,CM,Right,184,21,59,,57,53,60,61,52,56,56,48,59,63,48,64,53,51,60,60,56,58,59,57,54,60,54,60,54,59,56,54,58,63,53,61,53,47,50,13,7,13,7,8,6,Primera División de Chile
R. Medina,Universidad de Concepción,Chile,33,CM,Right,175,18,57,,58,51,58,59,51,51,52,47,48,62,49,56,51,52,60,62,58,58,57,58,61,54,46,56,48,58,53,52,51,61,50,57,56,46,49,15,9,10,12,6,6,Primera División de Chile
A. Ther,Universidad de Concepción,Chile,30,"CDM, CM",Right,187,19,59,,58,50,53,57,60,61,48,43,61,56,46,59,43,50,62,59,61,56,46,61,53,57,58,63,60,57,62,68,53,50,50,54,56,58,62,13,12,7,8,7,8,Primera División de Chile
L. Rojas,Universidad de Concepción,Chile,20,"CM, CDM",Right,180,24,63,,64,56,60,64,58,62,52,50,53,63,59,65,62,59,65,66,65,64,57,66,59,63,61,68,60,61,58,57,62,61,55,65,59,59,55,8,14,13,12,6,7,Primera División de Chile
C. Mesías,Universidad de Concepción,Chile,19,"CM, CAM",Right,180,28,64,,57,59,65,62,56,62,61,56,52,67,53,58,63,58,63,66,59,55,63,62,62,63,57,66,62,61,60,56,63,67,57,64,53,61,57,8,15,11,6,13,12,Primera División de Chile
B. Ogaz,Universidad de Concepción,Chile,16,"CM, CDM",Right,177,26,63,,59,58,64,64,56,60,58,55,55,66,54,62,60,50,69,66,57,61,60,62,68,68,57,65,58,59,59,57,59,67,54,62,54,59,52,15,10,10,6,15,8,Primera División de Chile
P. Parra,Universidad de Concepción,Chile,14,CM,Right,175,32,65,,60,62,68,65,56,61,63,61,55,71,56,61,60,55,66,70,61,60,64,72,66,62,56,64,60,66,63,59,60,72,53,59,60,51,55,11,12,6,11,9,14,Primera División de Chile
F. Mater,Universidad de Concepción,Siria,8,"CM, CAM, RM",Right,164,28,63,,63,59,63,67,57,57,57,61,53,66,53,65,57,52,66,67,62,64,74,62,68,55,48,65,52,60,64,58,60,64,58,66,54,60,56,9,13,8,10,15,8,Primera División de Chile
B. Sáez,Universidad de Concepción,Chile,32,"CB, RB",Right,185,21,59,,52,36,47,46,60,60,40,29,61,55,32,43,40,36,51,46,51,53,46,58,49,56,61,52,63,35,63,58,34,41,32,52,63,60,57,13,11,13,14,11,9,Primera División de Chile
P. Romero,Universidad de Concepción,Chile,23,LB,Left,174,21,58,,61,42,54,53,56,53,57,37,49,59,41,49,49,46,53,53,60,62,61,52,63,52,52,58,49,43,58,58,50,45,39,57,53,59,56,13,14,8,8,14,8,Primera División de Chile
J. Espejo,Universidad de Concepción,Chile,21,"RB, CB, CM",Left,178,26,62,,66,47,56,59,64,62,66,44,51,54,41,57,52,48,57,59,64,67,67,58,61,52,63,63,60,50,66,62,45,52,46,57,64,71,63,10,15,6,13,6,8,Primera División de Chile
M. González,Universidad de Concepción,Chile,17,"CB, RB",Right,181,25,61,,59,42,47,50,64,63,41,38,62,54,36,47,43,40,54,51,55,63,48,62,51,55,60,61,64,41,64,67,37,40,39,63,62,66,61,9,6,14,10,10,15,Primera División de Chile
Y. Oyanedel,Universidad de Concepción,Chile,15,LB,Left,170,26,63,,68,48,60,60,60,62,64,46,48,61,49,59,57,50,59,60,69,67,64,64,64,54,61,67,61,47,56,59,50,56,49,56,61,61,64,14,7,15,12,15,9,Primera División de Chile
B. Ubal,Universidad de Concepción,Chile,6,CB,Right,174,24,66,,64,48,56,61,68,64,52,47,65,62,45,53,42,47,59,68,61,67,60,66,60,60,63,64,66,43,58,66,41,51,49,70,70,70,68,14,8,8,12,9,12,Primera División de Chile
D. Retamal,Universidad de Concepción,Chile,5,CB,Right,180,23,63,,55,46,51,54,62,70,46,43,61,58,42,51,40,43,52,55,57,54,56,59,58,59,71,64,74,44,66,64,37,49,45,63,64,60,61,12,9,9,13,6,7,Primera División de Chile
O. González,Universidad de Concepción,Chile,4,CB,Right,182,42,63,,45,42,51,53,64,64,54,38,67,52,37,50,42,42,53,52,46,45,54,63,60,59,63,62,64,37,68,67,36,47,43,58,58,67,62,9,9,14,12,14,10,Primera División de Chile
M. Barbieri,Universidad de Concepción,Argentina,3,"CB, CDM",Right,181,33,67,,58,49,56,56,72,66,51,45,69,64,41,48,47,44,61,60,56,59,54,64,68,66,66,63,65,47,71,66,43,50,45,71,74,75,73,12,15,6,13,9,7,Primera División de Chile
E. Páez,Universidad de Concepción,Chile,2,"RB, LB",Right,181,17,59,,68,45,55,57,57,59,53,43,51,60,43,55,45,43,59,61,66,69,55,47,57,51,58,63,58,42,58,57,50,50,49,55,60,55,59,13,9,6,12,12,12,Primera División de Chile
J. Sanhueza,Universidad de Concepción,Chile,13,GK,Right,178,25,62,,38,18,29,29,21,47,16,10,28,35,12,19,23,18,30,30,36,40,36,58,44,42,50,35,55,17,42,27,12,37,15,42,20,16,17,62,64,55,63,67,37,Primera División de Chile
D. Matamala,Universidad de Concepción,Chile,12,GK,Right,185,23,60,,32,19,27,26,18,42,16,14,21,31,10,13,13,15,31,29,33,32,39,58,41,38,49,31,51,13,34,22,13,35,19,35,17,15,15,56,61,51,63,63,40,Primera División de Chile
J. Broun,Universidad de Concepción,Argentina,1,GK,Right,190,40,70,,33,31,37,35,29,55,24,23,34,44,19,21,20,24,38,41,29,36,43,64,43,57,51,45,64,28,44,41,21,45,26,56,28,22,26,73,71,63,68,75,49,Primera División de Chile
D. Pereira,Coquimbo Unido,Chile,31,LW,Right,174,19,58,,63,53,54,60,26,46,59,51,41,51,56,63,59,51,52,58,65,61,62,55,66,54,47,51,45,52,44,31,63,56,53,51,25,20,25,13,10,7,10,7,14,Primera División de Chile
B. Chandía,Coquimbo Unido,Chile,30,"LW, LM, RW",Left,164,23,59,,62,56,56,62,27,51,54,57,44,59,59,65,61,51,52,58,63,61,69,59,64,55,50,64,45,55,49,30,57,57,50,55,25,22,21,14,14,15,15,11,13,Primera División de Chile
R. Holgado,Coquimbo Unido,Malasia,29,ST,Right,180,31,63,,62,65,54,64,28,64,53,70,61,57,65,66,56,57,50,63,58,65,59,70,66,60,61,60,68,59,58,24,70,53,66,65,21,27,28,9,6,14,15,7,9,Primera División de Chile
F. Pons,Coquimbo Unido,Argentina,29,ST,Left,195,30,64,,64,66,54,63,33,68,54,67,72,55,63,62,54,52,53,65,61,66,64,64,57,68,67,63,75,59,55,37,73,52,66,61,25,30,20,13,12,7,8,10,9,Primera División de Chile
L. Riveros,Coquimbo Unido,Paraguay,27,"RW, LW, ST",Right,178,28,61,,68,60,58,62,34,55,63,58,52,55,58,62,65,57,52,60,68,68,66,57,67,61,55,59,56,61,47,36,68,62,59,60,29,33,26,14,7,14,11,9,6,Primera División de Chile
M. Mundaca,Coquimbo Unido,Chile,20,"LW, RW, LM",Right,174,19,55,,62,54,53,59,25,45,55,53,45,52,53,58,53,50,46,61,60,64,65,54,58,54,44,58,41,55,40,28,57,58,47,46,22,20,21,10,9,11,12,11,12,Primera División de Chile
C. Zavala,Coquimbo Unido,Chile,15,"RW, RM",Right,170,27,64,,69,62,62,65,36,56,60,64,49,63,59,70,68,65,56,60,72,66,71,66,65,62,52,61,56,59,51,29,65,63,60,56,40,34,27,9,6,14,9,12,14,Primera División de Chile
L. Pratto,Coquimbo Unido,Argentina,12,"ST, CF",Right,188,38,66,,60,69,57,65,34,66,56,71,68,61,67,62,59,57,52,68,55,64,62,72,66,67,72,62,71,66,58,30,72,56,73,70,33,30,22,12,14,6,7,11,9,Primera División de Chile
A. Azócar,Coquimbo Unido,Chile,11,"LW, LM",Left,181,25,67,,71,68,64,69,35,57,67,69,51,70,64,68,65,55,56,71,70,72,71,66,66,69,62,64,55,67,52,39,73,60,59,63,32,30,32,11,13,14,6,14,7,Primera División de Chile
N. Johansen,Coquimbo Unido,Argentina,9,ST,Right,181,27,68,,72,69,59,66,36,69,56,70,70,63,68,65,58,57,55,66,71,72,67,68,66,72,68,63,73,63,65,35,73,58,70,68,35,30,25,9,7,10,14,10,6,Primera División de Chile
Y. Blanco,Coquimbo Unido,Chile,39,"CM, CAM",Left,177,17,58,,59,53,57,56,50,53,57,52,46,59,44,57,53,54,62,55,63,55,55,54,67,52,52,57,52,58,50,52,58,52,52,58,50,51,47,10,12,11,11,14,14,Primera División de Chile
L. Saavedra,Coquimbo Unido,Chile,38,RM,Right,174,20,59,,66,54,61,64,39,52,62,53,39,62,46,66,55,53,61,64,66,66,65,61,62,56,51,60,49,56,49,44,51,60,56,51,39,36,37,12,7,8,9,7,8,Primera División de Chile
J. Rojas,Coquimbo Unido,Chile,36,CM,Right,182,16,56,,57,51,56,59,48,56,51,49,47,60,48,60,49,46,58,60,59,56,56,56,61,54,52,60,57,53,52,54,51,58,46,51,48,46,47,8,9,7,7,8,7,Primera División de Chile
G. Alfaro,Coquimbo Unido,Chile,35,"LM, LW",Right,171,19,59,,70,51,58,60,40,55,65,49,47,56,51,62,57,61,52,56,70,70,66,53,66,54,49,65,53,49,50,46,55,59,55,56,36,40,37,12,10,13,7,13,8,Primera División de Chile
D. Chávez,Coquimbo Unido,Chile,33,CDM,Right,191,20,58,,56,47,54,54,58,64,46,43,63,58,41,51,46,52,59,58,54,58,51,55,49,53,53,64,65,52,62,57,42,55,47,51,54,59,61,8,12,9,8,10,7,Primera División de Chile
P. Torres Rojas,Coquimbo Unido,Chile,27,CM,Right,177,18,57,,54,52,59,56,47,53,55,49,46,65,46,56,56,48,56,57,54,54,55,54,57,60,48,61,52,53,49,49,51,60,51,54,48,47,44,6,12,14,6,13,14,Primera División de Chile
M. Zepeda,Coquimbo Unido,Chile,23,CM,Right,178,22,64,,58,62,62,65,56,62,54,61,55,66,52,61,58,51,68,69,65,53,65,64,65,64,62,66,60,66,63,57,64,62,59,63,60,54,53,11,11,7,11,7,7,Primera División de Chile
P. Rodríguez,Coquimbo Unido,Chile,18,"CAM, ST, CM",Right,179,19,58,,60,56,58,63,33,51,50,54,45,61,53,68,57,55,59,59,62,58,64,51,60,57,43,55,54,58,42,38,55,60,58,55,30,32,27,11,7,11,6,10,14,Primera División de Chile
S. Cordero,Coquimbo Unido,Chile,14,"CDM, CM",Right,178,30,65,,60,54,61,61,65,66,56,47,61,64,50,60,58,54,60,63,60,60,59,63,61,65,61,71,62,57,70,66,61,63,56,65,66,65,66,15,10,9,9,9,7,Primera División de Chile
G. Vadalá,Coquimbo Unido,Argentina,10,"CAM, LM, ST",Right,168,29,64,,66,64,64,64,36,55,63,63,47,64,61,64,67,58,59,62,70,63,74,58,73,66,49,58,56,66,49,39,64,68,62,65,35,35,30,6,15,10,7,13,13,Primera División de Chile
A. Camargo,Coquimbo Unido,Argentina,8,"CDM, CM",Left,170,37,65,,51,57,62,62,64,68,59,52,53,66,51,59,55,54,64,65,49,52,66,65,57,66,62,75,65,64,66,72,58,61,52,63,62,61,71,13,6,13,6,11,10,Primera División de Chile
S. Galani,Coquimbo Unido,Chile,7,"CDM, CM",Right,179,29,65,,55,58,64,58,66,66,62,54,60,66,48,54,55,57,66,59,56,55,59,60,61,66,58,70,64,61,66,69,55,64,57,66,67,65,67,13,14,7,9,14,15,Primera División de Chile
D. Calderon,Coquimbo Unido,Chile,37,CB,Right,184,18,57,,50,36,43,47,59,57,38,27,58,50,32,45,38,38,46,50,50,50,42,45,46,59,57,51,59,32,60,58,33,36,38,55,61,58,58,13,9,12,13,7,8,Primera División de Chile
S. Cabrera,Coquimbo Unido,Chile,28,"LB, RB",Right,175,28,66,,71,53,62,62,63,64,67,52,51,66,50,62,55,49,60,62,69,73,66,63,63,59,61,69,62,50,63,65,53,55,51,60,64,63,64,11,9,10,15,7,14,Primera División de Chile
L. Soza,Coquimbo Unido,Chile,26,"CB, RB",Right,177,28,59,,56,39,51,49,62,60,48,35,59,62,32,44,38,44,55,51,59,54,51,60,51,48,56,59,62,43,59,64,34,38,34,58,62,64,56,9,12,15,9,14,10,Primera División de Chile
J. Arancibia,Coquimbo Unido,Chile,19,CB,Right,183,21,58,,49,38,49,47,61,60,51,33,62,57,30,44,40,35,55,47,47,51,47,59,51,54,57,52,61,38,67,63,31,35,30,51,63,58,61,6,7,11,10,8,10,Primera División de Chile
F. Salinas,Coquimbo Unido,Chile,17,RB,Right,179,26,69,Chile,73,56,65,65,68,66,68,54,68,68,52,65,63,57,64,64,70,75,63,68,69,58,60,77,59,58,70,65,57,59,56,65,66,73,68,10,15,14,14,8,12,Primera División de Chile
J. Cornejo,Coquimbo Unido,Chile,16,LB,Left,177,36,65,,62,51,62,62,63,61,67,48,56,62,46,63,56,57,62,58,60,63,67,67,67,61,59,65,57,51,68,63,50,60,50,59,65,62,66,13,10,12,12,14,11,Primera División de Chile
E. Hernández,Coquimbo Unido,Argentina,4,"CB, CDM",Right,180,27,62,,61,39,50,49,65,64,44,33,68,55,31,47,44,42,57,48,60,62,50,58,58,54,64,59,67,37,63,71,35,45,46,61,64,64,60,13,10,6,10,10,9,Primera División de Chile
M. Fernández,Coquimbo Unido,Uruguay,3,"CB, RB",Right,180,37,66,,54,45,58,55,69,68,54,36,66,67,42,49,43,50,60,58,55,54,59,61,61,65,66,64,68,48,73,69,38,49,42,70,69,71,63,13,13,9,8,7,11,Primera División de Chile
B. Gazzolo,Coquimbo Unido,Chile,2,CB,Right,186,29,63,,56,41,52,52,68,68,43,33,69,63,32,48,36,43,54,55,58,55,44,64,54,56,67,61,72,45,67,64,42,48,42,65,70,71,65,13,13,6,6,8,10,Primera División de Chile
J. Zambra,Coquimbo Unido,Chile,5,"LB, RB",Right,181,19,59,,63,44,55,54,56,55,52,38,54,64,40,53,56,44,50,52,61,64,60,50,65,54,58,58,55,48,52,57,49,49,38,52,55,56,62,8,6,8,8,6,7,Primera División de Chile
V. Villegas,Coquimbo Unido,Chile,25,GK,Right,181,17,57,,33,16,27,23,14,41,16,10,21,32,10,14,10,18,28,23,32,34,32,50,39,35,46,35,48,14,30,22,10,35,17,33,11,11,12,61,59,52,58,60,32,Primera División de Chile
C. Dorador,Coquimbo Unido,Chile,21,GK,Left,186,20,56,,32,16,26,23,14,37,10,10,27,34,10,10,10,20,24,28,32,32,36,49,32,35,43,27,42,13,34,21,10,33,20,27,10,11,12,57,59,48,58,56,32,Primera División de Chile
D. Sánchez,Coquimbo Unido,Chile,13,GK,Right,184,39,66,,31,23,36,33,24,48,19,14,28,43,21,26,23,21,38,31,32,30,43,61,45,51,55,39,54,18,40,32,19,44,27,51,22,20,23,70,65,58,66,69,45,Primera División de Chile
G. Flores,Coquimbo Unido,Chile,1,GK,Right,184,26,61,,34,22,27,28,18,45,16,13,23,32,10,18,11,11,31,32,36,33,31,57,41,47,52,39,49,21,39,22,14,35,22,39,15,17,18,59,63,56,63,61,43,Primera División de Chile
N. Ferreyra,Unión La Calera,Argentina,32,ST,Right,189,29,65,,69,69,55,61,30,66,53,72,71,60,67,58,58,60,51,63,67,70,60,65,58,67,67,61,71,64,61,29,66,48,66,64,29,21,23,8,10,14,13,6,11,Primera División de Chile
M. Fernández,Unión La Calera,Chile,30,"CDM, CB",Right,180,18,54,,55,47,51,51,56,58,48,42,47,55,37,47,45,40,53,57,55,55,49,50,47,56,57,55,58,52,60,56,44,48,47,47,59,56,54,15,11,7,6,13,13,Primera División de Chile
M. Campos López,Unión La Calera,Chile,19,"ST, CF",Right,177,35,65,,59,64,55,68,32,62,49,66,65,63,60,67,53,58,46,69,60,59,68,67,58,65,64,60,66,57,54,31,70,55,66,71,27,32,20,11,9,13,11,13,11,Primera División de Chile
A. Encinas,Unión La Calera,Argentina,18,LW,Right,165,22,60,,66,58,57,65,30,51,58,58,42,59,55,61,58,57,50,69,63,69,67,62,70,55,50,62,49,60,43,29,64,58,59,58,29,29,23,6,11,15,6,11,9,Primera División de Chile
M. Hiriart,Unión La Calera,Chile,17,"LW, RW, RM",Left,165,21,59,,69,56,55,62,28,52,55,57,34,57,57,64,60,52,50,58,67,71,69,60,67,56,44,64,49,55,46,29,60,57,51,54,26,28,24,11,6,11,9,14,13,Primera División de Chile
S. Sáez,Unión La Calera,Argentina,11,"ST, CAM",Right,178,41,69,,60,69,58,69,36,68,56,70,70,60,67,67,63,56,53,71,61,59,70,69,68,73,66,64,73,65,61,35,68,59,60,73,33,30,30,10,14,6,6,15,9,Primera División de Chile
K. Méndez,Unión La Calera,Uruguay,10,"RW, RM, CM",Left,176,30,62,,66,62,61,64,30,54,64,64,46,63,62,61,62,57,61,68,67,66,67,58,63,60,53,58,52,61,53,29,64,56,59,59,30,28,27,9,6,7,14,7,13,Primera División de Chile
F. Pozzo,Unión La Calera,Argentina,9,"ST, LW",Right,185,23,63,,65,63,52,65,32,62,52,66,71,52,63,68,51,51,47,64,66,65,57,69,58,61,71,60,63,58,60,20,66,58,63,65,30,31,24,9,14,12,8,7,6,Primera División de Chile
B. Oyarzo,Unión La Calera,Chile,7,"LW, RM, LM",Right,167,31,63,,66,65,66,69,33,54,66,69,50,69,57,69,64,58,57,68,66,66,70,68,73,60,50,64,52,65,50,34,62,68,61,66,32,29,29,11,11,11,9,12,9,Primera División de Chile
J. Soto,Unión La Calera,Chile,29,"CM, CDM, CAM",Left,179,19,63,,63,57,63,63,56,62,58,53,55,65,54,67,61,55,64,59,67,59,65,58,64,59,51,65,62,65,59,58,61,65,57,56,54,58,54,6,13,14,11,6,12,Primera División de Chile
C. Lindermann,Unión La Calera,Chile,28,CAM,Right,175,21,57,,58,56,57,58,32,51,51,55,39,61,51,54,60,54,49,59,59,57,63,60,64,57,45,60,50,61,45,35,56,61,55,60,35,28,26,15,6,13,12,13,7,Primera División de Chile
R. Pérez,Unión La Calera,Uruguay,23,"CDM, CM",Right,181,30,64,,57,54,60,59,64,69,58,46,59,65,51,51,53,51,64,65,54,60,57,71,65,66,63,67,71,61,67,70,61,54,54,69,60,66,64,7,12,6,9,13,11,Primera División de Chile
V. Torrente,Unión La Calera,Argentina,21,LB,Left,172,21,59,,66,45,53,56,57,56,55,39,48,53,43,57,50,44,56,51,68,64,63,56,64,56,54,61,54,48,57,60,53,53,46,54,54,61,57,11,14,15,15,10,9,Primera División de Chile
B. Argandoña,Unión La Calera,Argentina,21,CM,Right,186,21,57,,56,54,57,58,51,60,52,53,55,60,47,58,52,49,60,60,58,54,51,58,50,55,52,58,64,58,52,53,53,60,45,60,49,52,42,13,13,11,7,6,8,Primera División de Chile
J. Cruz,Unión La Calera,Chile,20,LM,Right,174,23,59,,64,53,58,58,38,54,59,50,42,60,49,57,57,51,50,59,64,64,65,53,61,58,49,64,50,55,54,38,60,61,52,56,39,38,32,6,15,13,10,6,11,Primera División de Chile
C. Villanueva,Unión La Calera,Chile,14,"CAM, LM",Left,185,27,62,,61,58,64,65,35,58,59,56,49,66,54,64,61,62,62,67,60,62,63,68,62,63,51,63,59,59,49,41,64,66,53,67,33,30,29,15,7,15,8,9,10,Primera División de Chile
P. Valero,Unión La Calera,Chile,13,CM,Right,182,19,57,,56,53,56,57,46,56,51,49,51,59,52,55,46,51,57,58,58,55,58,61,55,57,58,61,54,57,52,46,56,61,49,56,45,47,41,7,7,6,13,10,12,Primera División de Chile
Y. Leiva,Unión La Calera,Chile,8,"CM, CAM, CDM",Right,162,28,63,,58,58,64,63,54,55,59,56,46,68,55,59,63,59,65,66,61,56,68,57,66,61,53,62,48,61,63,55,60,63,56,60,57,54,52,13,13,8,13,15,10,Primera División de Chile
C. Moya,Unión La Calera,Chile,5,"CM, CDM",Right,169,28,61,,59,56,63,62,52,56,58,51,51,66,48,61,57,59,66,61,61,57,62,59,65,63,50,64,52,61,58,51,57,63,59,67,54,53,48,9,10,8,12,8,6,Primera División de Chile
Y. Andía,Unión La Calera,Chile,2,"CM, CDM, RB",Right,175,34,68,,61,62,68,68,61,67,63,59,54,69,61,70,67,63,69,68,67,56,63,72,70,69,64,75,62,62,68,62,63,73,64,65,63,62,60,8,12,9,13,6,7,Primera División de Chile
D. Gutiérrez,Unión La Calera,Chile,27,"CB, LB",Right,181,23,64,,55,42,55,53,66,67,50,34,67,61,42,48,47,45,64,59,57,54,50,60,51,61,68,63,69,42,65,61,39,49,47,61,65,71,68,14,11,12,9,13,13,Primera División de Chile
M. Maturana,Unión La Calera,Chile,26,RB,Right,180,22,61,,65,47,57,57,60,59,63,45,56,60,41,55,51,46,60,57,66,65,62,62,66,50,60,66,55,46,62,64,58,49,50,57,60,57,60,9,8,12,10,9,12,Primera División de Chile
C. Díaz,Unión La Calera,Chile,25,"RB, CB, LB",Left,175,31,65,,70,51,61,62,63,65,63,46,53,62,50,59,53,51,60,62,66,74,66,71,67,61,62,72,62,53,65,62,52,62,53,63,62,66,72,14,9,9,10,8,10,Primera División de Chile
M. Álvarez,Unión La Calera,Chile,16,"RB, LB",Right,173,26,59,,65,44,53,60,54,57,63,42,49,55,38,63,53,39,51,56,62,68,61,59,66,48,55,64,52,48,59,57,41,46,45,55,51,54,61,8,15,13,6,7,10,Primera División de Chile
J. Salomoni,Unión La Calera,Argentina,15,CB,Right,181,28,63,,61,47,50,55,64,66,48,42,62,56,42,56,38,48,51,53,60,61,51,62,56,61,60,59,70,47,67,65,31,46,48,66,65,64,65,14,13,9,13,15,11,Primera División de Chile
G. Saavedra,Unión La Calera,Chile,15,CB,Right,185,18,57,,53,36,45,44,59,61,43,29,61,49,33,40,37,36,48,47,51,54,47,53,40,51,61,55,65,37,59,59,36,41,39,50,58,60,57,12,10,11,14,6,14,Primera División de Chile
V. Lavín,Unión La Calera,Chile,6,"CB, LB",Right,185,23,61,,59,42,49,50,66,61,51,34,60,50,36,42,40,37,55,57,55,62,49,62,48,58,57,57,62,46,63,65,36,45,45,56,67,70,63,13,7,7,8,9,12,Primera División de Chile
R. Cáseres,Unión La Calera,Argentina,6,"CB, RB",Right,186,29,63,,60,44,49,51,67,65,45,38,67,54,40,46,43,50,57,55,54,64,52,57,51,62,70,60,68,40,62,62,42,39,39,60,68,69,64,14,8,7,14,7,15,Primera División de Chile
C. Gutiérrez,Unión La Calera,Canadá,4,LB,Right,180,29,62,,69,48,56,58,59,61,61,46,58,60,48,59,49,48,58,57,66,71,61,60,63,57,55,67,59,46,59,59,53,48,43,54,59,59,62,12,13,12,14,7,10,Primera División de Chile
N. Palma,Unión La Calera,Chile,3,CB,Left,185,24,61,,54,39,50,49,63,63,50,32,62,55,37,48,40,46,52,46,52,56,49,66,51,54,56,56,65,41,67,67,38,45,38,53,60,64,65,12,6,13,11,12,8,Primera División de Chile
J. Núñez,Unión La Calera,Chile,24,"LB, LM",Left,174,24,58,,63,45,54,57,56,55,56,41,57,55,42,55,49,45,56,55,55,70,66,57,63,52,53,61,52,45,55,51,46,50,46,57,58,57,58,12,15,13,13,11,9,Primera División de Chile
S. Córdova,Unión La Calera,Chile,31,GK,Right,194,29,62,,37,21,30,32,19,46,17,12,19,33,14,21,16,19,36,36,36,38,36,58,42,44,45,38,51,20,42,30,11,38,23,45,15,17,15,70,63,56,63,68,41,Primera División de Chile
B. Astudillo,Unión La Calera,Chile,22,GK,Right,183,19,56,,34,15,25,24,14,40,10,10,16,31,10,10,14,13,31,32,32,36,29,53,35,35,47,30,48,10,33,20,10,32,18,33,12,10,13,56,54,45,55,55,39,Primera División de Chile
N. Espinoza,Unión La Calera,Chile,12,GK,Left,190,31,63,,33,20,31,29,20,49,15,11,25,34,10,16,22,20,36,33,37,29,42,58,43,44,51,37,60,17,38,29,10,42,27,42,16,18,19,62,64,58,66,65,42,Primera División de Chile
N. Avellaneda,Unión La Calera,Argentina,1,GK,Right,191,33,66,,35,26,36,33,22,48,20,21,21,45,14,25,22,20,39,34,35,35,35,63,45,44,54,42,53,22,42,32,19,42,28,53,22,17,23,68,67,60,70,68,44,Primera División de Chile
T. Vecino,O'Higgins,Uruguay,32,ST,Left,184,27,64,,62,64,57,63,31,63,56,66,69,63,58,62,57,55,53,65,65,60,61,65,61,63,65,61,66,61,56,30,75,52,60,63,28,24,24,6,10,14,7,15,13,Primera División de Chile
J. Tapia,O'Higgins,Chile,30,"RW, RM",Right,177,22,58,,64,55,57,62,30,49,57,54,41,60,50,59,60,53,49,64,63,64,70,62,62,60,49,58,47,54,41,31,61,58,55,54,33,25,22,11,12,9,11,13,13,Primera División de Chile
B. Yáñez,O'Higgins,Chile,29,"LW, RW, LM",Left,177,25,64,,71,63,62,68,34,54,70,63,52,67,56,67,58,58,54,70,69,72,69,67,66,68,55,67,50,59,50,34,71,55,63,58,31,34,21,12,14,15,12,6,10,Primera División de Chile
W. Bou,O'Higgins,Argentina,28,"ST, CAM, RW",Right,174,33,71,,69,73,62,71,37,69,63,76,71,63,69,71,65,59,55,70,70,69,72,71,72,74,69,68,70,69,67,34,69,62,72,74,34,31,32,12,12,10,9,8,12,Primera División de Chile
R. Godoy,O'Higgins,Chile,26,"LW, ST",Left,173,21,62,,73,59,60,64,32,55,64,60,50,63,61,68,58,60,48,61,75,72,66,60,65,58,53,63,56,58,44,35,67,61,56,58,30,29,21,11,10,6,14,12,9,Primera División de Chile
I. Schor,O'Higgins,Argentina,25,"RW, LW",Right,183,26,63,,70,62,62,66,32,57,65,64,49,64,56,68,62,58,57,65,70,70,63,62,61,63,51,65,57,58,47,33,66,59,61,62,33,27,28,6,11,12,6,12,13,Primera División de Chile
E. Moreira,O'Higgins,Chile,18,"ST, CF",Right,188,24,62,,68,65,56,63,29,61,54,68,66,63,63,62,53,56,45,68,67,68,55,60,57,62,65,56,67,60,52,25,69,57,65,62,30,24,16,9,15,11,9,6,9,Primera División de Chile
A. Castillo,O'Higgins,Paraguay,9,"ST, CF",Right,186,29,62,,61,66,52,59,30,60,48,68,65,54,63,57,55,46,47,61,63,60,55,61,53,65,61,55,64,64,54,25,65,56,59,66,21,31,25,8,10,8,15,11,11,Primera División de Chile
D. Fernández,O'Higgins,Paraguay,19,"ST, CF",Right,184,20,60,,61,63,50,56,28,60,41,67,62,57,56,57,50,42,47,55,60,62,58,53,51,64,63,62,62,56,53,26,65,50,60,60,25,25,17,8,11,10,11,8,8,Primera División de Chile
B. Pérez,O'Higgins,Chile,34,CM,Left,174,19,58,,59,54,56,57,51,55,55,51,56,56,48,54,55,47,56,62,61,58,58,53,59,57,47,56,56,57,52,55,58,61,51,54,54,47,45,11,12,7,6,14,14,Primera División de Chile
M. Maturana,O'Higgins,Chile,14,"CAM, CM",Right,175,22,62,,63,63,64,65,35,50,58,64,51,66,60,61,59,60,63,71,64,63,62,59,69,60,51,58,47,64,49,37,58,67,64,60,36,31,28,13,10,13,7,15,15,Primera División de Chile
J. Muñoz,O'Higgins,Chile,13,CM,Right,180,17,57,,51,49,56,56,52,56,52,46,44,62,46,56,55,47,58,58,54,49,57,56,55,53,52,59,55,54,57,53,51,53,49,51,51,55,48,8,15,13,7,15,10,Primera División de Chile
J. Leiva,O'Higgins,Chile,11,"CDM, CM, CAM",Right,180,32,65,,58,58,67,59,66,64,56,55,63,74,48,57,56,63,68,59,59,57,60,66,64,63,61,67,63,62,65,72,55,68,55,66,62,66,64,15,9,13,8,11,11,Primera División de Chile
B. Rabello,O'Higgins,Chile,10,"CAM, LW",Right,168,32,65,,66,66,66,73,38,56,60,68,53,66,58,76,71,64,62,71,69,63,74,71,73,67,52,62,52,63,57,41,71,72,59,66,34,37,36,15,12,8,15,10,8,Primera División de Chile
F. Ogaz,O'Higgins,Chile,8,"CDM, CM",Right,174,23,66,,58,56,66,62,69,67,59,52,63,71,48,60,58,57,72,63,57,59,58,68,63,61,62,69,67,64,68,72,55,62,56,70,66,70,72,12,11,8,15,14,15,Primera División de Chile
S. Toloza,O'Higgins,Argentina,7,"CAM, CF",Right,171,23,62,,62,61,64,70,38,53,64,59,48,61,63,71,67,59,63,70,63,62,68,62,73,64,51,58,53,61,47,40,63,69,61,66,36,35,35,11,6,8,13,12,8,Primera División de Chile
G. Pinto,O'Higgins,Chile,5,"CM, CDM",Right,164,21,59,,56,55,61,58,53,58,56,56,46,62,47,56,60,54,64,59,57,55,66,60,55,57,47,64,57,50,58,52,56,64,56,59,57,55,47,6,9,8,12,11,14,Primera División de Chile
M. Brizuela,O'Higgins,Argentina,33,"CB, LB",Right,182,29,64,,56,46,51,53,68,70,50,39,64,58,40,46,46,41,56,59,59,54,52,61,50,61,65,68,71,48,70,69,38,38,46,61,64,71,69,15,9,14,9,7,7,Primera División de Chile
J. Movillo,O'Higgins,Chile,27,CB,Right,185,19,57,,54,41,47,47,61,58,47,36,61,58,35,42,27,35,45,53,56,53,40,46,46,56,58,53,61,40,56,63,35,35,40,55,64,59,57,10,9,9,8,8,8,Primera División de Chile
A. Robledo,O'Higgins,Argentina,22,CB,Right,183,28,63,,58,45,52,56,64,66,48,38,61,60,39,56,44,49,53,57,58,58,51,58,59,61,67,63,68,47,65,66,37,44,47,61,64,63,68,9,6,10,12,15,9,Primera División de Chile
N. Garrido,O'Higgins,Chile,21,CB,Right,184,24,65,,58,44,51,55,66,66,53,39,61,56,41,47,44,42,52,64,56,60,48,66,55,55,71,61,66,49,73,70,36,45,43,64,66,66,66,12,8,6,6,10,12,Primera División de Chile
L. Díaz,O'Higgins,Chile,20,LB,Left,173,27,61,,67,51,56,54,58,61,61,54,57,57,45,52,55,47,58,51,63,70,65,56,65,54,60,68,57,44,61,61,47,51,45,55,57,55,62,10,11,13,8,14,11,Primera División de Chile
T. Avilés,O'Higgins,Argentina,17,"CB, CM, RB",Right,186,22,70,,67,52,58,56,73,73,53,46,73,64,50,52,47,55,58,57,65,69,54,70,63,66,75,67,75,54,73,70,46,54,44,65,73,74,73,13,14,8,14,14,10,Primera División de Chile
B. Rojas,O'Higgins,Chile,15,RB,Right,179,25,62,,68,49,57,59,60,61,57,49,55,62,46,55,48,50,61,60,66,70,64,61,66,53,56,64,62,47,54,60,50,51,40,57,60,60,60,6,9,10,13,6,14,Primera División de Chile
L. Pavez,O'Higgins,Chile,6,"LB, CB",Right,175,31,63,,68,46,60,59,58,63,66,41,50,62,41,56,50,48,57,59,68,68,67,65,61,59,60,67,60,47,64,58,49,57,43,59,59,57,66,6,7,15,11,7,8,Primera División de Chile
F. Faúndez,O'Higgins,Chile,3,"RB, RW",Right,175,20,64,Chile,74,51,57,63,61,60,62,48,56,61,42,60,56,48,52,64,71,76,71,59,73,57,60,67,57,53,60,62,56,52,48,58,62,61,64,8,15,6,10,10,12,Primera División de Chile
C. Morales,O'Higgins,Chile,2,RB,Right,177,19,60,,68,44,57,60,59,56,63,38,52,63,42,64,46,45,52,57,70,66,60,54,65,52,61,65,51,47,57,59,49,52,42,54,62,56,66,7,6,9,15,6,13,Primera División de Chile
O. Carabalí,O'Higgins,Chile,31,GK,Left,186,29,68,,43,30,37,34,26,50,24,23,25,45,18,20,20,20,45,39,44,42,47,67,48,53,55,40,57,26,43,34,21,39,30,47,26,23,24,67,65,63,67,67,47,Primera División de Chile
D. Carreño,O'Higgins,Chile,23,GK,Right,189,24,63,,39,19,31,32,19,45,19,12,22,35,14,24,18,16,38,35,38,39,33,59,45,42,50,36,52,14,39,28,10,36,23,40,19,13,16,64,67,59,65,63,43,Primera División de Chile
J. Peña,O'Higgins,Chile,1,GK,Left,184,26,63,,41,22,30,26,20,50,16,14,24,35,15,15,17,19,37,28,38,44,35,59,43,45,51,40,59,19,39,29,10,35,23,40,18,14,18,64,64,56,60,70,41,Primera División de Chile
A. Perlaza,Huachipato,Colombia,54,"ST, CF",Right,184,19,56,,59,59,46,54,24,55,42,61,58,51,59,54,44,48,41,56,58,59,51,51,49,63,58,54,56,51,53,19,57,43,50,54,23,17,19,14,9,12,15,14,11,Primera División de Chile
F. Alegría,Huachipato,Colombia,53,ST,Left,177,17,56,,59,60,46,58,23,54,41,64,54,52,53,59,52,42,38,58,60,58,56,56,53,56,53,55,54,56,53,20,58,47,58,52,19,20,15,6,8,9,14,15,11,Primera División de Chile
M. Torrejón,Huachipato,Chile,51,"LW, LM",Left,181,18,58,,67,59,54,60,28,51,54,61,47,57,54,64,54,51,45,60,67,67,57,49,61,56,54,54,51,58,47,27,63,57,57,51,27,25,18,8,13,13,13,6,12,Primera División de Chile
P. Bohle,Huachipato,Chile,42,RW,Left,172,16,57,,65,54,54,58,24,45,58,53,44,52,51,64,56,51,53,50,64,66,64,52,62,57,40,55,44,53,36,25,61,52,50,48,19,24,21,13,13,14,13,12,15,Primera División de Chile
Á. Abarzúa,Huachipato,Chile,33,LW,Right,175,19,59,,73,61,57,63,29,53,63,66,47,54,52,63,56,56,54,64,75,72,63,55,64,61,46,59,53,53,45,26,61,61,58,54,29,28,17,13,7,11,11,13,7,Primera División de Chile
E. Morales,Huachipato,Chile,32,"ST, LW",Right,187,20,58,,61,59,48,54,25,54,46,59,60,53,56,55,46,47,34,55,61,61,52,51,54,60,59,56,58,60,42,22,60,50,58,50,24,20,15,12,13,6,7,13,7,Primera División de Chile
C. Torres,Huachipato,Chile,29,LW,Right,178,23,62,,68,61,59,64,31,55,61,64,49,58,53,66,61,57,56,61,68,68,70,60,67,60,55,61,54,54,49,31,64,59,64,60,28,28,28,9,15,8,10,14,8,Primera División de Chile
C. Martínez,Huachipato,Paraguay,23,"LW, ST, LM",Left,170,33,68,,74,65,65,73,38,59,70,64,52,59,60,74,73,65,64,72,72,76,77,70,72,68,57,73,55,65,50,40,74,69,58,66,38,36,29,6,11,11,14,9,7,Primera División de Chile
S. Núñez,Huachipato,Uruguay,19,ST,Right,177,26,62,,63,63,52,63,30,64,54,63,56,53,64,62,53,55,45,64,65,62,64,60,59,65,65,59,69,59,55,32,70,52,60,65,25,27,21,11,6,9,9,6,14,Primera División de Chile
L. Arriagada,Huachipato,Chile,16,ST,Right,184,24,64,,64,68,55,62,31,67,54,74,66,57,59,59,54,54,51,65,67,62,57,63,65,68,69,62,71,56,62,25,66,56,67,64,32,24,23,12,12,12,12,14,8,Primera División de Chile
M. Rodríguez,Huachipato,Chile,15,"ST, CAM",Right,190,26,63,,67,64,52,59,28,64,52,66,72,55,63,55,57,54,36,64,70,65,57,63,56,66,60,55,72,56,57,27,68,56,63,64,21,22,24,8,15,7,13,14,9,Primera División de Chile
J. Figueroa,Huachipato,Chile,11,RW,Right,170,23,57,,62,56,52,60,25,50,57,54,37,52,50,63,58,51,48,60,62,62,55,55,60,59,46,62,46,59,46,27,61,51,57,52,27,20,15,11,12,13,9,12,9,Primera División de Chile
L. Altamirano,Huachipato,Argentina,9,ST,Right,176,33,69,,68,68,60,68,34,66,53,67,64,66,65,64,62,59,57,70,68,68,73,74,71,72,65,60,72,63,61,32,74,59,72,75,32,29,29,10,15,10,7,9,15,Primera División de Chile
M. Briceño,Huachipato,Chile,7,"RW, RM, LW",Right,173,30,67,,72,65,67,68,36,60,70,62,53,68,65,69,68,66,63,65,75,69,73,67,69,70,52,70,60,64,50,40,68,67,71,64,35,32,30,10,11,6,15,8,10,Primera División de Chile
D. Larrahondo,Huachipato,Colombia,52,CM,Right,186,18,54,,54,51,54,54,45,52,49,50,52,58,47,52,53,45,57,58,58,51,51,52,51,55,48,56,52,50,49,43,52,54,47,49,47,43,45,9,11,8,10,10,12,Primera División de Chile
S. Melgarejo,Huachipato,Chile,38,"RB, LB",Left,173,17,55,,62,41,54,52,56,50,53,38,46,62,40,52,48,40,51,49,60,63,64,51,58,53,46,55,47,38,51,57,44,49,38,47,55,60,52,8,15,10,6,13,15,Primera División de Chile
A. Salazar,Huachipato,Chile,31,CDM,Right,185,19,58,,53,47,56,55,59,63,45,44,57,62,45,56,48,51,61,58,54,52,45,55,51,55,59,64,63,47,64,62,46,54,50,54,57,59,60,8,10,15,14,6,14,Primera División de Chile
K. Altez,Huachipato,Uruguay,30,"CM, RW, LW",Right,169,21,58,,54,53,58,58,52,54,52,50,43,61,49,58,58,50,65,57,55,54,58,58,59,55,45,53,54,58,59,48,52,57,50,58,57,55,47,6,11,6,10,11,9,Primera División de Chile
H. Antiñirre,Huachipato,Chile,26,"LM, LB",Left,170,24,61,,66,54,61,62,43,52,64,54,47,63,50,61,63,51,59,63,64,68,70,52,67,54,51,63,47,52,51,48,58,57,56,56,44,39,39,13,8,13,10,14,10,Primera División de Chile
M. León,Huachipato,Chile,24,"RB, CM, CAM",Right,177,23,60,,63,43,56,57,57,60,59,40,50,61,52,56,49,46,55,57,64,63,59,59,59,48,54,65,57,43,61,58,46,50,46,55,59,56,62,12,9,8,7,6,12,Primera División de Chile
N. Cárcamo,Huachipato,Chile,22,CDM,Right,175,21,60,,55,51,56,56,62,61,49,48,57,59,43,53,51,51,60,57,59,52,56,59,57,57,53,64,59,53,66,65,49,57,47,62,61,65,58,14,8,13,12,13,11,Primera División de Chile
C. Herrera,Huachipato,Chile,21,CDM,Right,192,26,60,,54,53,57,57,61,64,50,48,66,62,41,52,47,52,58,65,50,58,46,62,57,60,60,62,65,59,65,59,55,57,52,55,62,59,62,13,12,12,14,6,11,Primera División de Chile
B. Ampuero,Huachipato,Chile,18,"CM, CAM",Right,175,20,57,,58,51,56,58,50,54,51,47,48,58,44,60,57,47,58,58,57,58,55,51,56,55,47,61,52,53,52,53,56,60,55,52,55,45,46,8,8,15,14,14,8,Primera División de Chile
E. Cañete,Huachipato,Argentina,10,"CM, CAM, CDM",Right,175,27,60,,56,53,59,61,53,56,55,49,51,59,51,58,64,56,61,64,58,54,62,63,59,56,47,60,56,59,53,56,58,61,57,59,51,56,47,8,10,6,10,11,8,Primera División de Chile
C. Sepúlveda,Huachipato,Chile,6,"CDM, CM",Right,174,34,67,,55,57,62,62,67,71,56,53,60,66,50,60,59,50,67,63,57,54,61,67,65,67,61,70,74,57,68,69,58,62,58,69,68,67,66,7,6,6,15,13,9,Primera División de Chile
J. Cáceres,Huachipato,Chile,40,RB,Right,176,18,55,,64,39,51,52,54,54,56,32,47,54,39,51,47,45,50,49,62,65,57,50,62,50,49,55,53,42,58,55,43,42,43,54,59,52,49,11,15,13,13,15,6,Primera División de Chile
S. Urzúa,Huachipato,Chile,39,"CB, RB",Right,190,17,57,,55,37,46,45,60,60,45,32,61,53,31,43,38,38,45,47,53,57,43,52,45,54,60,55,60,32,64,65,33,37,36,51,60,55,61,11,8,11,9,15,14,Primera División de Chile
B. Leiva,Huachipato,Chile,37,LB,Right,172,17,56,,58,40,52,55,54,54,54,33,43,57,33,55,47,46,50,54,57,59,57,53,61,52,55,61,50,46,54,52,44,46,41,55,54,57,55,6,12,8,12,7,14,Primera División de Chile
M. Osorio,Huachipato,Chile,36,CB,Right,190,21,58,,54,38,45,51,64,61,39,32,63,52,29,47,40,38,48,56,49,59,48,53,46,52,55,50,67,39,62,63,33,41,37,58,57,71,62,11,13,6,7,8,14,Primera División de Chile
L. Velásquez,Huachipato,Chile,27,"LB, LM",Left,171,20,62,,69,49,56,60,57,60,67,46,52,60,46,55,51,51,50,65,68,69,62,56,67,57,52,68,55,48,64,56,48,46,47,56,57,57,60,6,10,15,13,15,10,Primera División de Chile
C. Toro,Huachipato,Chile,20,"CB, RB",Right,183,25,65,,59,44,52,54,68,69,47,39,70,60,45,46,48,45,55,60,62,56,56,64,56,58,69,63,71,44,70,69,39,45,45,62,66,69,64,12,7,12,10,11,14,Primera División de Chile
N. Vargas,Huachipato,Chile,8,"CB, CDM",Right,175,33,66,,59,47,54,57,70,66,50,41,69,63,42,52,44,48,58,62,61,58,57,59,58,61,66,62,64,48,76,67,40,44,46,62,68,73,69,15,9,8,10,11,13,Primera División de Chile
R. Caroca,Huachipato,Chile,5,CB,Right,172,37,66,,54,46,53,58,69,67,49,43,62,57,38,52,46,44,55,62,53,54,60,66,62,58,62,65,66,42,71,63,43,51,43,66,72,71,69,8,14,13,10,15,15,Primera División de Chile
J. Castro,Huachipato,Chile,4,LB,Left,176,24,61,,67,48,53,60,60,60,54,44,52,59,45,60,49,45,52,57,68,67,65,62,69,61,60,65,58,48,59,54,51,46,42,58,63,64,63,6,15,10,13,12,9,Primera División de Chile
B. Mellado,Huachipato,Chile,3,CB,Right,186,22,60,,52,41,49,51,63,65,42,36,58,59,33,44,40,42,51,55,53,51,50,63,56,57,63,61,69,39,61,61,35,41,43,58,64,67,57,9,9,6,6,12,12,Primera División de Chile
N. Guaiquil,Huachipato,Chile,2,"RB, RM",Right,175,23,59,,61,45,53,53,56,57,54,43,52,59,39,51,42,46,50,50,64,59,63,57,69,51,53,64,54,45,56,55,45,50,43,58,60,51,63,13,13,15,14,14,8,Primera División de Chile
I. Cruzat,Huachipato,Chile,49,GK,Left,190,19,57,,34,17,25,23,16,43,15,10,17,33,10,13,12,10,27,26,36,33,31,50,38,37,46,33,52,16,33,24,10,28,17,30,17,11,14,57,56,55,56,59,36,Primera División de Chile
R. Odriozola,Huachipato,Uruguay,25,GK,Right,184,38,68,,30,24,37,34,25,49,27,18,28,42,18,21,22,23,38,39,25,34,35,65,55,44,58,43,54,23,42,31,17,44,24,51,20,26,21,69,66,65,67,66,43,Primera División de Chile
C. Bravo,Huachipato,Chile,12,GK,Right,189,20,62,Chile,40,21,31,30,21,42,17,15,25,39,10,21,23,19,34,31,42,39,39,57,39,38,51,37,45,22,40,26,13,35,21,38,18,19,23,65,61,55,56,64,42,Primera División de Chile
S. Mella,Huachipato,Chile,1,GK,Right,186,21,59,,34,17,28,25,16,43,11,10,16,35,10,13,13,19,35,31,32,35,34,49,33,40,47,33,50,13,36,23,11,34,18,36,14,15,12,64,60,55,61,63,42,Primera División de Chile
J. Morales,Cobresal,Panamá,39,"LW, RW, LM",Left,174,28,61,,67,58,58,63,32,54,62,58,46,61,60,62,54,57,51,63,65,68,71,59,65,60,53,67,51,57,43,37,63,54,54,57,32,24,30,8,7,13,14,11,13,Primera División de Chile
M. Espinoza,Cobresal,Chile,37,"ST, CF",Right,190,20,59,,64,61,49,58,27,58,47,66,65,52,64,61,56,49,43,56,63,64,51,58,55,59,59,52,62,53,53,23,61,47,59,55,27,20,22,12,9,13,9,8,14,Primera División de Chile
F. Frías,Cobresal,Argentina,32,ST,Right,174,24,65,,70,66,52,64,28,62,54,68,67,53,66,64,60,55,43,65,69,70,67,59,61,70,59,61,64,58,57,26,68,54,70,67,24,23,25,10,9,15,8,6,11,Primera División de Chile
F. Moreno,Cobresal,Chile,28,"LW, LM",Right,175,21,60,,66,61,58,63,29,50,65,63,44,58,51,61,64,55,56,67,63,68,63,57,69,64,54,58,48,59,42,28,61,52,51,57,27,30,20,10,11,13,13,12,11,Primera División de Chile
B. Ramírez,Cobresal,Chile,24,RW,Right,165,20,62,,70,59,61,66,31,50,66,58,49,63,59,67,63,56,54,66,69,71,75,56,73,61,52,59,47,57,46,33,65,58,58,53,26,29,26,6,8,14,12,15,10,Primera División de Chile
Y. Guzmán,Cobresal,Chile,23,LW,Right,175,18,58,,66,61,57,62,26,52,61,64,47,60,57,63,60,54,48,62,70,62,66,58,64,58,50,60,52,58,44,27,58,54,56,56,21,24,19,14,9,9,15,9,15,Primera División de Chile
M. Sepúlveda,Cobresal,Chile,21,"ST, LW",Right,183,20,60,Chile,63,63,49,61,27,58,49,67,62,53,57,64,54,48,43,61,61,65,60,54,53,62,61,64,57,54,50,25,67,47,61,58,22,24,18,9,7,11,9,11,6,Primera División de Chile
S. Carrasco,Cobresal,Chile,19,"ST, LW",Right,191,21,58,,65,57,52,58,24,56,47,58,65,59,61,64,51,50,47,55,62,67,54,56,51,56,57,48,62,53,53,21,64,50,55,58,21,19,16,13,14,13,7,14,8,Primera División de Chile
J. Brea,Cobresal,Argentina,11,"ST, LW, RW",Right,175,26,60,,65,59,52,57,26,59,50,58,56,55,61,56,51,50,47,56,64,65,59,61,54,63,57,57,63,55,53,23,66,53,58,61,24,21,22,9,6,9,9,7,9,Primera División de Chile
S. Pino,Cobresal,Chile,8,ST,Right,199,32,67,,64,69,58,66,36,70,54,74,79,59,62,69,62,58,49,64,66,62,56,73,57,68,72,67,76,62,58,32,74,64,66,69,32,30,26,7,11,8,9,15,6,Primera División de Chile
F. Villagrán,Cobresal,Chile,38,"CAM, CDM",Right,178,29,61,,66,61,63,62,32,52,58,59,53,65,58,61,64,57,58,62,65,66,65,59,70,64,48,60,50,63,47,32,64,70,59,63,29,28,30,9,7,15,6,10,12,Primera División de Chile
M. Contreras,Cobresal,Chile,35,ST,Left,192,21,58,,57,61,47,56,23,61,51,63,64,47,64,57,51,50,36,57,58,57,51,60,50,66,60,52,68,54,56,19,56,50,58,62,21,17,18,13,10,11,7,14,13,Primera División de Chile
A. Gajardo,Cobresal,Chile,34,CAM,Right,179,21,60,,61,60,61,66,34,52,61,59,49,59,56,67,62,60,60,70,63,59,59,57,64,61,49,61,49,63,47,36,62,63,61,63,36,26,31,6,6,10,14,7,8,Primera División de Chile
D. Leyton,Cobresal,Chile,31,CM,Right,174,18,58,,63,53,58,62,50,55,58,51,43,57,50,64,53,45,61,60,65,61,62,61,57,53,50,64,51,58,54,55,57,60,50,59,54,46,47,8,15,9,10,11,9,Primera División de Chile
M. Roki,Cobresal,Chile,27,"CDM, CM",Right,172,18,58,,53,50,56,53,57,58,48,45,47,61,47,52,51,47,61,53,51,54,54,59,57,58,56,59,58,54,59,61,54,56,46,56,56,57,62,14,15,10,9,9,13,Primera División de Chile
J. Fuentes,Cobresal,Chile,17,"CM, CB, CDM",Right,173,31,63,,60,59,63,64,55,58,59,55,51,65,53,67,60,57,64,62,60,60,63,63,62,65,56,66,55,63,56,61,61,64,52,65,49,60,51,14,12,15,9,9,10,Primera División de Chile
R. Huerta,Cobresal,Chile,14,CAM,Right,169,22,60,,63,57,60,63,34,50,56,55,39,60,56,61,61,62,60,63,63,63,68,65,66,61,51,57,47,56,47,36,65,64,54,61,34,32,30,14,10,13,14,7,15,Primera División de Chile
B. Valenzuela,Cobresal,Chile,13,"CM, RB, CDM",Right,171,21,63,,59,56,63,63,55,61,54,55,52,68,55,60,64,56,65,66,59,59,59,68,72,61,56,64,60,53,62,57,63,64,61,62,55,53,58,10,13,13,6,9,7,Primera División de Chile
B. Carvallo,Cobresal,Chile,10,"CM, CAM",Right,168,30,62,,60,58,63,65,55,59,59,57,45,65,54,65,61,54,63,65,63,58,64,66,64,61,54,61,56,58,66,58,63,65,57,60,55,56,53,6,6,6,8,7,8,Primera División de Chile
C. Yanis,Cobresal,Panamá,7,"CM, CAM, RM",Right,160,30,66,,65,61,66,67,58,61,67,61,48,67,58,66,56,60,66,69,69,61,68,62,68,64,48,73,57,60,60,61,65,67,60,64,60,59,53,15,8,8,8,15,9,Primera División de Chile
E. Valencia,Cobresal,Chile,6,"CDM, CM",Left,176,27,63,,57,55,60,61,66,62,54,52,61,63,44,59,56,58,66,64,56,58,59,66,62,64,57,66,62,55,60,71,58,57,56,61,67,64,62,12,12,9,15,11,10,Primera División de Chile
V. Campos,Cobresal,Chile,43,RB,Right,180,20,56,,60,42,49,51,56,55,46,42,47,52,36,53,48,40,48,47,57,63,58,52,60,47,44,63,54,40,50,59,40,51,34,46,53,58,61,10,12,7,11,13,14,Primera División de Chile
V. Belmar,Cobresal,Chile,26,LB,Left,174,17,57,,61,45,52,57,56,54,56,43,45,52,42,56,46,39,48,58,60,61,62,53,56,51,51,55,51,46,59,53,41,54,43,53,56,61,55,9,7,8,10,13,12,Primera División de Chile
A. Fuentes,Cobresal,Chile,24,CB,Right,188,20,57,,59,35,46,45,59,63,42,26,59,55,30,47,39,36,50,43,57,60,41,49,45,54,62,51,71,37,57,59,31,33,33,49,58,60,56,7,8,14,15,6,11,Primera División de Chile
G. Pacheco,Cobresal,Chile,23,RB,Right,182,37,66,,61,50,63,64,64,64,68,43,53,64,43,63,62,48,63,64,60,62,67,68,64,63,64,66,64,52,64,63,54,61,52,63,65,67,66,7,15,10,6,11,7,Primera División de Chile
A. Astudillo,Cobresal,Venezuela,22,"RB, CM, CDM",Right,177,26,62,,63,47,58,58,60,61,67,43,48,58,44,54,54,49,55,62,62,63,62,62,60,56,53,64,60,47,61,68,53,52,49,57,60,60,58,8,11,8,14,6,6,Primera División de Chile
J. Tiznado,Cobresal,Chile,20,"CB, CDM",Right,182,32,66,,55,42,54,56,68,63,44,37,68,65,41,47,45,39,56,62,53,57,55,74,59,55,65,56,61,40,76,70,42,51,41,63,67,68,66,11,15,10,10,8,14,Primera División de Chile
C. Moreno,Cobresal,Argentina,18,"CB, RB",Right,188,30,62,,54,41,50,50,64,66,49,36,67,60,36,46,38,46,52,54,50,58,41,64,49,56,67,59,69,41,65,64,39,36,39,58,64,63,66,11,9,14,6,9,15,Primera División de Chile
F. Bechtholdt,Cobresal,Argentina,16,"CB, CDM",Right,179,33,63,,54,42,52,51,67,63,48,37,61,55,38,49,47,46,56,48,54,54,54,61,56,59,62,61,63,41,65,70,37,50,39,66,62,72,66,13,6,10,14,13,12,Primera División de Chile
A. Castillo,Cobresal,Chile,15,LB,Left,175,27,59,,64,44,55,59,57,57,60,41,51,60,38,57,54,40,52,60,66,62,62,59,62,53,52,61,56,44,58,59,43,47,42,57,57,59,55,11,9,11,13,12,12,Primera División de Chile
R. Sandoval,Cobresal,Chile,4,"LB, CB",Left,182,25,62,,65,48,57,61,60,58,64,45,58,60,39,60,54,45,53,60,69,62,68,61,62,57,59,60,57,48,58,59,50,50,43,55,58,61,64,12,10,12,10,6,10,Primera División de Chile
B. Villarroel,Cobresal,Chile,3,"CB, CDM",Right,189,17,59,,53,39,48,51,63,64,46,34,65,54,36,47,41,37,50,55,50,56,46,53,52,54,67,57,68,35,61,66,29,45,46,55,66,59,61,9,11,11,7,15,6,Primera División de Chile
C. Sepúlveda,Cobresal,Chile,44,GK,Right,188,24,62,,38,21,30,28,17,48,14,16,16,38,10,13,19,20,32,34,37,39,34,54,48,42,54,43,54,18,36,24,11,35,22,41,15,14,17,63,61,51,65,66,36,Primera División de Chile
M. Olguín,Cobresal,Chile,36,GK,Left,190,30,63,,38,19,32,27,20,45,19,14,24,37,11,15,20,23,34,29,34,42,35,56,49,38,51,40,50,17,38,23,10,39,19,38,16,21,17,67,64,62,68,64,38,Primera División de Chile
M. Vásquez,Cobresal,Chile,25,GK,Left,186,19,61,,37,19,30,27,19,43,14,10,21,37,10,13,19,17,36,34,37,37,34,57,40,40,48,32,51,21,37,25,11,35,24,38,18,14,19,65,58,53,63,59,40,Primera División de Chile
A. Santander,Cobresal,Chile,12,GK,Right,180,23,62,,35,22,31,28,18,42,15,15,20,35,14,16,18,23,35,33,37,34,32,59,45,46,47,31,51,17,33,27,16,40,18,39,15,16,17,60,59,54,62,63,38,Primera División de Chile
R. González,Cobresal,Chile,1,GK,Right,188,16,57,,34,17,26,24,13,42,10,10,16,32,10,10,16,10,25,31,35,34,34,50,32,42,45,34,50,11,30,20,10,37,20,34,10,11,14,56,54,53,54,59,32,Primera División de Chile
D. Jara,Audax Italiano,Chile,34,"RW, RM",Right,169,18,56,,67,54,54,59,23,44,57,52,42,54,58,61,60,51,49,57,68,67,61,52,61,55,45,57,38,56,41,24,58,56,54,54,17,23,18,13,9,8,12,8,9,Primera División de Chile
D. Pizarro,Audax Italiano,Chile,22,"ST, CF",Right,187,21,67,,69,68,57,66,34,65,54,70,67,60,64,63,53,58,54,69,66,72,60,72,63,67,67,57,72,63,57,29,75,58,69,68,36,28,25,13,13,15,10,11,11,Primera División de Chile
G. Chiaverano,Audax Italiano,Argentina,21,"ST, RW, LM",Right,173,21,62,,60,64,53,60,30,60,52,66,57,59,61,57,53,53,45,60,63,57,63,64,65,64,58,59,62,61,56,33,72,49,60,62,32,22,20,9,7,6,15,15,14,Primera División de Chile
F. Troyansky,Audax Italiano,Argentina,11,"ST, LW",Left,178,29,66,,64,72,57,65,31,65,53,74,69,66,70,64,56,58,48,65,61,66,71,66,64,75,64,67,67,65,57,34,67,54,71,67,23,24,29,8,15,10,15,6,11,Primera División de Chile
D. Coelho,Audax Italiano,Uruguay,9,"ST, CF",Right,182,31,70,,73,69,58,71,36,68,57,71,72,59,68,71,68,54,56,72,76,71,64,80,64,73,68,65,72,62,61,36,71,58,63,74,37,26,25,11,13,8,9,14,10,Primera División de Chile
B. Soto,Audax Italiano,Chile,32,"CM, CDM",Right,175,25,63,,60,58,64,68,51,57,58,54,46,71,49,71,62,57,64,66,63,58,65,63,69,64,54,61,54,61,60,53,61,62,61,66,53,49,49,9,11,10,12,7,11,Primera División de Chile
A. Uribe,Audax Italiano,Chile,30,"CAM, ST",Right,175,27,66,,69,65,68,70,39,54,61,64,51,67,59,69,70,64,69,70,71,68,75,62,69,66,44,62,51,66,53,40,71,74,69,68,40,36,32,14,8,9,11,12,8,Primera División de Chile
F. Mateos,Audax Italiano,Argentina,28,"CM, CDM, CAM",Right,177,33,65,,56,61,65,65,55,63,63,60,52,62,50,66,63,59,69,64,61,52,65,75,62,64,53,71,62,61,58,54,66,69,58,66,57,55,51,9,9,6,10,11,15,Primera División de Chile
M. Fuentes,Audax Italiano,Chile,27,"CAM, LM, LW",Right,177,28,66,,67,67,66,66,41,59,63,66,52,68,59,65,66,60,59,64,63,70,72,68,61,70,59,66,58,67,53,39,69,70,62,72,42,39,34,8,11,15,13,12,11,Primera División de Chile
B. Torres,Audax Italiano,Chile,26,CM,Right,178,21,59,,59,55,60,60,50,57,55,52,53,65,48,59,59,54,57,63,59,59,58,57,59,62,51,62,55,57,57,49,53,58,55,58,51,50,50,6,15,8,9,15,14,Primera División de Chile
N. Orellana,Audax Italiano,Chile,24,CM,Right,180,31,63,,59,58,63,63,56,61,59,57,59,63,48,60,67,60,65,66,59,59,59,68,63,57,60,63,60,60,60,58,65,67,56,71,55,55,51,9,9,10,12,6,14,Primera División de Chile
M. Valdés,Audax Italiano,Chile,22,"ST, CF",Left,175,20,57,,57,59,47,57,22,56,44,58,53,49,65,56,50,44,45,57,60,54,58,57,56,64,56,53,59,55,50,18,61,50,61,61,18,21,19,11,7,11,7,8,7,Primera División de Chile
T. Leyton,Audax Italiano,Chile,19,CAM,Right,174,20,59,,62,58,61,65,35,48,57,56,47,62,60,66,61,61,55,66,61,62,64,55,65,61,44,57,46,59,43,37,54,66,55,57,34,33,26,13,11,12,7,7,13,Primera División de Chile
C. Pinares,Audax Italiano,Chile,19,"CM, CAM, CDM",Right,178,35,66,,60,61,65,66,55,64,63,61,51,68,55,64,65,60,64,68,65,55,66,70,67,61,54,76,60,64,64,60,64,66,60,69,54,54,56,7,11,8,9,7,13,Primera División de Chile
N. Aedo,Audax Italiano,Chile,18,"CAM, CM, RB",Right,168,25,60,,59,59,60,64,32,52,52,57,43,64,49,60,63,59,60,68,57,60,70,57,63,61,41,60,50,63,50,37,67,63,62,60,31,29,26,13,12,14,15,12,7,Primera División de Chile
F. Loyola,Audax Italiano,Chile,17,"RW, CM",Right,178,21,59,Chile,68,59,57,62,29,48,59,60,52,58,55,60,61,52,51,65,66,69,61,61,61,60,54,57,45,55,45,28,64,58,57,56,23,29,27,15,15,7,6,7,7,Primera División de Chile
R. Cabral,Audax Italiano,Argentina,10,"RM, CAM, ST",Right,174,26,63,,68,57,61,65,46,56,67,57,49,59,55,67,62,60,58,64,67,68,66,62,66,61,56,64,48,54,64,49,58,62,58,63,42,49,41,6,12,6,9,6,9,Primera División de Chile
M. Collao,Audax Italiano,Chile,8,"CM, CDM",Right,173,28,63,,63,56,64,61,55,60,64,52,51,68,55,59,59,59,64,59,65,61,68,65,68,60,52,68,56,62,62,56,62,62,56,61,53,57,56,14,11,6,10,9,6,Primera División de Chile
P. Guajardo,Audax Italiano,Chile,7,"RM, RW, RB",Right,177,23,65,,70,57,64,66,46,62,66,54,54,61,62,68,67,58,61,65,66,74,65,63,70,58,53,68,61,62,59,45,57,68,59,64,49,40,46,9,9,12,15,6,11,Primera División de Chile
M. Sandoval,Audax Italiano,Chile,6,"CM, CDM",Right,177,19,58,,57,50,61,59,51,54,60,44,50,66,46,59,57,51,57,60,58,56,58,57,66,59,51,60,49,54,59,55,56,61,51,51,52,52,42,15,10,8,11,9,10,Primera División de Chile
V. Zenteno,Audax Italiano,Chile,2,"CM, CAM, RW",Right,183,19,61,,60,55,63,64,53,59,61,51,51,66,51,62,57,55,62,68,56,64,69,62,59,54,53,60,62,67,53,57,57,65,53,58,50,56,51,9,13,6,10,11,9,Primera División de Chile
Í. Pastén,Audax Italiano,Chile,37,RB,Right,178,20,58,,64,44,53,56,54,56,57,42,49,55,38,54,47,44,53,58,64,64,62,46,56,52,56,61,53,44,56,55,43,51,38,46,53,54,57,12,9,6,11,7,13,Primera División de Chile
T. González,Audax Italiano,Chile,36,"LB, LM",Left,176,16,57,,61,43,52,55,56,56,58,42,51,50,36,54,50,46,52,57,61,61,59,54,57,48,54,63,54,40,51,57,49,51,47,48,58,57,54,8,11,15,9,7,14,Primera División de Chile
R. Rebolledo,Audax Italiano,Chile,35,"RB, CAM, CB",Right,172,29,62,,69,46,58,61,60,59,62,40,51,61,43,63,50,50,58,57,67,70,65,58,65,56,59,66,56,48,57,61,52,55,44,61,58,62,63,6,10,8,14,11,11,Primera División de Chile
M. Ortiz,Audax Italiano,Argentina,29,CB,Right,186,32,65,,56,45,54,56,71,67,53,38,67,60,40,52,48,57,57,57,55,57,56,60,60,59,75,55,71,48,69,69,40,43,45,68,73,73,68,9,7,8,15,7,10,Primera División de Chile
M. Jiménez,Audax Italiano,Chile,20,"RB, RM",Right,181,18,59,,69,45,54,60,56,58,61,41,50,55,43,59,48,46,56,62,69,69,63,55,60,55,55,60,58,46,54,56,46,46,43,53,53,61,56,11,11,9,11,7,13,Primera División de Chile
O. Rojas,Audax Italiano,Chile,16,"CB, LB",Right,179,26,64,,62,44,52,56,68,66,50,41,64,55,35,54,41,47,62,56,62,62,52,63,58,58,62,59,69,43,68,63,33,44,42,63,72,70,69,14,10,15,13,12,6,Primera División de Chile
T. Cayuqueo,Audax Italiano,Chile,15,"RB, RM",Left,176,20,59,,60,39,54,52,57,60,59,31,49,55,42,46,56,44,57,58,57,63,57,52,58,49,52,63,57,43,64,59,45,47,46,50,56,59,58,10,10,12,7,13,11,Primera División de Chile
D. Monreal,Audax Italiano,Chile,14,CB,Left,185,24,61,,57,41,49,53,64,61,46,36,61,58,33,51,42,38,52,53,56,58,55,60,50,55,61,55,64,41,61,68,40,40,45,59,64,63,63,10,14,9,11,7,13,Primera División de Chile
E. Ferrario,Audax Italiano,Chile,13,CB,Right,182,26,65,,59,47,53,54,68,68,51,45,61,60,42,52,51,47,55,54,55,62,49,63,51,60,71,62,71,44,69,70,40,41,46,71,64,71,71,11,10,8,15,14,12,Primera División de Chile
C. Muñoz,Audax Italiano,Chile,5,RB,Right,184,26,62,,67,50,58,55,62,61,61,50,61,63,50,52,56,48,53,53,65,69,63,62,59,53,56,65,61,51,59,60,46,51,45,62,63,63,63,15,15,7,8,13,15,Primera División de Chile
M. González,Audax Italiano,Chile,3,"CB, CDM",Right,182,19,58,,57,39,44,46,61,59,39,36,58,49,33,43,38,40,49,46,56,57,45,54,48,47,57,54,62,44,60,58,33,37,35,53,62,64,62,13,13,15,12,11,6,Primera División de Chile
F. Salomoni,Audax Italiano,Argentina,3,"LB, LM",Right,180,23,66,,72,51,60,66,64,64,67,46,58,61,46,65,60,53,58,66,73,71,69,66,67,60,64,73,62,54,59,74,55,55,49,66,61,63,64,6,9,7,8,10,11,Primera División de Chile
P. Garrido,Audax Italiano,Chile,25,GK,Right,188,22,58,,36,16,27,24,16,43,13,10,21,36,10,10,17,11,23,28,37,36,36,57,45,37,48,34,51,11,32,22,10,33,26,38,14,14,15,58,56,54,58,58,34,Primera División de Chile
C. Piña,Audax Italiano,Chile,12,GK,Left,185,19,58,,35,18,28,26,14,40,14,10,21,36,10,14,12,10,30,33,36,35,28,49,35,46,44,33,47,14,30,19,10,33,19,37,14,11,11,59,52,52,58,57,31,Primera División de Chile
T. Ahumada,Audax Italiano,Chile,1,GK,Right,181,25,66,,41,22,35,36,25,46,22,12,26,44,19,26,19,21,34,39,40,41,45,61,44,45,52,39,53,21,38,30,15,42,32,42,25,22,20,65,65,58,70,70,41,Primera División de Chile
T. Carrillo,Deportes Concepción,Chile,42,"ST, CF",Right,184,19,57,,57,60,47,55,24,59,48,62,57,52,58,53,51,50,37,58,53,61,54,58,52,60,57,56,65,58,50,21,57,42,59,56,23,18,21,13,11,15,14,8,15,Primera División de Chile
B. Escobar,Deportes Concepción,Chile,39,"RW, ST",Right,172,20,57,,64,55,54,59,25,48,54,55,40,56,59,57,58,51,47,60,62,66,64,51,59,54,40,57,45,55,47,25,61,56,53,58,25,21,19,7,10,13,7,11,15,Primera División de Chile
J. Larrivey,Deportes Concepción,Argentina,32,"ST, CAM",Right,185,42,69,,59,72,58,68,35,70,57,77,68,60,70,65,61,59,56,72,59,59,65,70,66,68,77,68,73,69,63,36,70,58,69,75,29,32,31,15,9,15,7,12,15,Primera División de Chile
E. Espinoza,Deportes Concepción,Chile,30,"LW, LM",Left,177,25,61,,67,58,57,67,32,51,62,57,49,59,58,70,58,53,50,67,69,66,62,62,64,57,53,54,51,57,45,38,64,55,59,61,34,24,26,12,15,14,6,10,10,Primera División de Chile
D. Acosta,Deportes Concepción,Paraguay,27,"ST, LW",Left,175,23,63,,62,62,55,58,32,62,50,62,60,58,65,62,60,58,48,51,62,62,63,62,59,67,61,57,68,58,55,27,63,59,60,70,26,33,24,13,12,10,11,12,12,Primera División de Chile
M. Cavalleri,Deportes Concepción,Chile,24,"LW, RW, LM",Left,168,28,60,,67,61,56,62,32,53,56,60,41,58,56,60,59,49,53,63,68,67,65,61,66,65,55,61,52,60,45,34,62,58,58,53,31,32,22,10,13,10,14,6,13,Primera División de Chile
A. Jara,Deportes Concepción,Chile,19,"RW, RM",Left,175,26,59,,64,56,55,60,28,52,58,59,47,57,53,63,66,51,47,54,67,61,67,56,67,54,53,60,51,51,45,30,64,53,58,55,29,20,23,7,6,12,9,11,14,Primera División de Chile
C. Zambrano,Deportes Concepción,Chile,17,"RW, ST",Right,179,18,59,,67,60,57,58,30,50,57,60,44,60,61,59,54,58,46,56,68,67,58,58,63,61,56,50,52,60,42,28,64,60,45,59,29,29,22,9,14,12,10,10,6,Primera División de Chile
J. Montecinos,Deportes Concepción,Chile,15,"RW, RM",Right,170,30,64,,72,63,60,67,33,58,63,64,47,60,62,70,61,60,52,63,74,71,72,62,62,63,55,64,57,61,52,34,66,63,62,67,31,31,28,13,11,9,7,10,11,Primera División de Chile
C. Escobar,Deportes Concepción,Chile,9,ST,Right,185,36,66,,64,71,56,64,32,66,53,77,70,60,63,65,58,55,51,63,63,64,60,71,63,68,67,62,72,64,58,30,69,57,67,67,29,27,26,15,7,11,15,15,14,Primera División de Chile
F. Romero,Deportes Concepción,Paraguay,7,"ST, RW, CAM",Right,175,26,63,,65,60,52,60,28,58,47,59,62,59,63,58,53,49,46,59,63,66,65,66,60,63,59,58,57,58,59,23,70,52,60,58,20,28,27,12,10,13,8,9,8,Primera División de Chile
M. Ramírez,Deportes Concepción,Chile,2,LW,Right,177,21,59,,64,55,58,62,29,49,58,50,44,60,51,65,55,59,51,58,62,66,65,59,59,60,49,59,47,62,43,32,59,60,51,58,28,26,19,11,15,8,9,6,12,Primera División de Chile
F. Cáceres,Deportes Concepción,Chile,40,"LM, RM",Right,172,19,58,,63,54,57,61,37,55,58,54,50,57,51,66,64,53,57,57,68,59,62,48,62,57,49,63,54,54,50,34,51,57,49,54,38,35,31,13,11,10,7,14,13,Primera División de Chile
C. Toro,Deportes Concepción,Chile,34,"CDM, CB",Right,180,19,57,,51,48,53,53,56,60,45,43,52,54,40,49,51,51,60,57,53,49,52,55,53,57,53,60,59,54,62,51,53,53,44,51,60,56,53,11,14,6,15,13,13,Primera División de Chile
N. Fuentes,Deportes Concepción,Chile,31,"CM, CAM",Right,164,21,58,,54,53,56,59,50,54,53,47,44,56,48,57,57,58,56,59,53,55,64,60,65,61,51,61,53,60,49,52,56,56,50,58,44,57,46,7,9,9,8,7,11,Primera División de Chile
L. Romero,Deportes Concepción,Venezuela,26,CM,Right,168,19,57,,58,55,58,63,49,55,54,52,45,61,42,63,60,51,57,65,55,61,62,59,57,59,47,58,54,60,54,52,54,57,52,52,50,47,48,7,14,11,8,9,12,Primera División de Chile
M. Dávila,Deportes Concepción,Chile,22,"LB, CDM, CM",Left,174,35,66,,67,50,58,66,65,61,63,48,56,58,48,61,58,50,59,70,63,71,65,70,73,54,60,68,57,50,64,62,57,53,52,62,67,66,69,13,8,8,14,13,9,Primera División de Chile
J. Henríquez,Deportes Concepción,Chile,20,"CAM, CM, ST",Right,176,32,65,,65,63,67,72,37,57,64,65,45,70,57,74,66,72,60,72,68,63,72,70,66,66,48,62,57,59,51,39,65,71,59,68,38,34,31,11,7,6,6,15,6,Primera División de Chile
Y. Rodríguez,Deportes Concepción,Uruguay,18,"CDM, CM",Right,175,33,66,,55,55,67,61,67,70,55,50,57,72,52,55,57,49,72,66,53,57,60,70,63,62,56,74,69,59,70,67,58,72,51,71,69,66,70,15,9,8,14,14,11,Primera División de Chile
M. Sandoval,Deportes Concepción,Chile,16,"CM, CDM",Right,165,35,65,,61,60,64,65,55,60,61,58,51,62,56,64,65,55,70,64,60,61,68,66,67,66,51,68,56,59,64,54,62,68,60,64,55,57,53,14,13,14,11,15,14,Primera División de Chile
S. Martínez,Deportes Concepción,Chile,14,CM,Right,176,33,65,,58,56,66,66,57,63,62,50,59,65,61,63,62,62,62,71,59,57,61,68,66,66,52,69,61,58,64,57,61,75,57,69,56,57,57,9,6,12,7,7,6,Primera División de Chile
F. Martínez,Deportes Concepción,Paraguay,8,"CM, CDM, CAM",Right,176,32,65,,61,60,65,66,56,66,64,60,53,65,53,65,62,65,65,66,60,62,68,65,64,63,62,69,66,58,65,60,64,67,60,65,57,54,58,9,10,7,12,14,9,Primera División de Chile
F. Manzo,Deportes Concepción,Chile,8,"CM, CAM",Right,174,28,60,,57,52,62,61,50,58,60,49,45,67,48,63,56,55,62,60,57,57,59,61,63,57,53,66,55,55,56,52,59,59,49,58,50,51,52,8,14,7,13,15,14,Primera División de Chile
M. Bordón,Deportes Concepción,Chile,43,LB,Left,172,18,56,,62,43,50,54,52,54,55,42,44,52,36,56,48,42,53,50,61,62,61,53,62,48,49,59,51,41,55,53,43,44,38,50,54,51,58,11,10,15,14,12,10,Primera División de Chile
F. Grillo,Deportes Concepción,Argentina,37,"CB, RB",Right,181,33,66,,53,51,53,56,67,66,49,48,61,60,39,55,45,46,61,54,53,53,56,64,55,62,69,60,67,53,68,67,39,44,42,62,65,71,65,6,14,6,15,7,6,Primera División de Chile
D. Varas,Deportes Concepción,Chile,29,"LB, LM",Left,180,21,58,,60,46,54,58,54,57,55,44,51,56,36,62,50,43,59,55,58,62,55,54,63,53,51,62,54,48,58,55,46,47,40,54,53,55,56,7,15,12,10,12,10,Primera División de Chile
M. González,Deportes Concepción,Chile,28,"CB, RB",Right,187,21,59,,55,38,45,50,66,60,40,33,62,47,33,42,38,40,54,56,51,59,51,56,45,51,62,51,64,40,60,71,33,42,43,67,65,65,61,12,8,13,7,7,11,Primera División de Chile
C. Riquelme,Deportes Concepción,Chile,23,LB,Left,173,22,61,,66,46,56,59,59,61,62,44,55,58,40,56,52,42,56,60,66,66,66,59,62,52,57,66,59,47,59,58,47,53,47,57,57,65,56,11,14,13,7,15,14,Primera División de Chile
N. Rodríguez,Deportes Concepción,Uruguay,21,"CB, RB",Right,184,28,61,,59,42,48,48,64,61,45,37,55,55,29,42,36,44,51,49,56,61,53,61,55,60,67,59,59,41,66,65,28,42,45,53,64,67,61,9,9,15,6,8,14,Primera División de Chile
B. Véjar,Deportes Concepción,Chile,11,RB,Right,169,31,64,,71,50,59,61,63,55,64,44,50,59,48,60,56,46,59,60,74,69,68,66,69,62,55,65,48,52,58,63,54,57,50,58,67,62,64,10,7,15,11,14,13,Primera División de Chile
A. Cáceres,Deportes Concepción,Chile,4,"RB, RM",Right,177,26,64,,66,50,60,60,62,63,61,46,50,65,45,56,56,50,58,61,64,68,62,68,72,58,64,69,60,52,64,56,54,55,50,61,64,67,65,8,15,7,12,11,14,Primera División de Chile
D. Carrasco,Deportes Concepción,Chile,3,"CB, LB",Right,176,31,63,,57,41,51,53,65,61,48,34,65,63,34,45,42,37,51,58,56,57,47,67,61,59,64,60,60,41,62,64,40,41,37,69,68,64,62,13,14,9,12,11,6,Primera División de Chile
B. Sepúlveda,Deportes Concepción,Chile,36,GK,Left,188,19,57,,34,18,25,23,14,42,11,10,18,28,10,10,10,10,35,30,37,32,27,52,33,40,44,36,49,17,33,22,10,32,18,38,10,11,10,61,56,50,53,58,35,Primera División de Chile
N. Araya,Deportes Concepción,Chile,25,GK,Right,177,27,62,,39,20,30,27,21,45,10,16,27,42,14,13,14,20,34,32,41,37,41,56,39,34,50,40,54,17,29,26,14,30,23,41,20,18,20,60,58,57,64,69,37,Primera División de Chile
N. Veloso,Deportes Concepción,Chile,12,GK,Right,181,39,62,,28,22,30,30,20,44,18,16,26,34,10,18,18,16,36,35,28,28,37,57,41,41,56,38,49,19,36,28,12,38,25,48,17,18,18,62,62,53,63,63,39,Primera División de Chile
B. Guzmán,Deportes Limache,Chile,29,LW,Left,173,22,58,,66,58,54,62,26,51,54,60,46,57,57,63,56,56,48,60,70,62,64,67,62,52,50,62,51,58,36,32,65,53,50,54,24,20,21,12,15,12,9,7,12,Primera División de Chile
M. Arturia,Deportes Limache,Argentina,26,ST,Right,187,28,63,,62,60,53,61,29,66,53,63,67,55,55,58,59,53,43,62,59,65,62,64,61,60,69,61,72,55,59,24,66,54,62,66,26,22,27,12,8,10,15,11,9,Primera División de Chile
D. Castro,Deportes Limache,Chile,19,"LW, RW, LM",Left,181,32,66,,73,65,64,69,37,61,65,64,48,67,62,69,69,60,59,69,74,73,70,65,68,70,57,68,62,61,52,40,69,63,60,69,37,35,26,11,9,9,8,8,14,Primera División de Chile
G. Abán,Deportes Limache,Argentina,18,"ST, CF",Right,177,16,56,,62,57,49,57,22,56,43,57,54,55,54,57,49,53,46,60,63,62,56,56,50,63,55,48,61,55,54,21,54,48,50,53,22,13,18,14,9,13,7,10,8,Primera División de Chile
V. Álvarez,Deportes Limache,Chile,15,"RW, CM",Right,175,19,61,,70,59,60,63,28,53,63,59,51,62,55,63,62,61,51,63,71,69,67,54,62,61,52,62,49,58,52,31,62,61,58,60,25,22,28,11,11,14,7,14,6,Primera División de Chile
G. Sosa,Deportes Limache,Argentina,9,"ST, LW",Right,183,37,65,,55,68,55,65,31,66,50,70,62,60,69,67,58,58,52,63,56,54,61,70,66,64,67,58,71,65,61,30,73,53,64,67,31,24,27,15,10,8,14,10,9,Primera División de Chile
C. Morales,Deportes Limache,Chile,7,RW,Right,177,26,58,,65,56,58,60,28,50,66,57,45,57,51,62,59,50,51,59,67,64,62,53,58,55,43,55,52,55,42,31,57,58,51,60,23,26,21,10,11,11,6,9,9,Primera División de Chile
G. Poblete,Deportes Limache,Chile,35,CAM,Left,169,20,63,,66,62,63,69,36,56,56,60,45,64,58,71,69,61,61,69,69,63,69,61,69,65,46,64,53,65,54,44,64,70,62,64,37,29,32,15,9,15,9,10,14,Primera División de Chile
V. Cárcamo,Deportes Limache,Chile,32,"RW, ST",Right,176,21,63,,71,62,62,65,33,54,60,63,50,67,55,67,62,62,56,65,72,70,68,57,65,60,54,63,52,67,48,31,63,61,57,60,36,31,19,8,9,6,11,11,6,Primera División de Chile
G. Hernandez,Deportes Limache,Chile,30,CDM,Right,187,16,58,,54,45,56,55,60,61,48,38,51,63,40,52,49,43,61,60,51,56,49,56,47,52,62,60,61,52,62,65,48,52,51,56,59,63,56,9,15,11,9,12,9,Primera División de Chile
F. Oyarzún,Deportes Limache,Chile,29,CAM,Left,178,16,58,,64,55,58,62,30,50,58,56,35,59,49,61,64,54,55,64,64,64,65,54,59,56,43,54,49,51,51,32,59,59,56,55,32,25,26,12,11,11,11,8,14,Primera División de Chile
V. Vargas,Deportes Limache,Chile,28,CDM,Right,176,20,58,,55,48,55,55,61,59,54,46,53,57,43,49,47,50,60,63,54,55,49,52,54,56,52,63,56,47,63,64,41,51,48,58,59,64,57,8,6,12,14,6,7,Primera División de Chile
T. Galletto,Deportes Limache,Uruguay,27,"CM, CDM",Right,181,24,59,,58,55,61,58,51,54,63,54,52,63,51,60,52,50,60,57,59,57,57,60,53,59,53,61,50,55,53,52,60,62,54,57,50,51,50,6,11,6,7,9,12,Primera División de Chile
R. Martínez,Deportes Limache,Paraguay,27,"CM, CDM",Right,186,30,62,,57,58,62,61,55,62,56,57,59,66,54,59,56,57,66,64,58,57,57,62,59,61,54,67,60,60,61,57,57,62,58,63,53,56,52,9,15,6,11,12,8,Primera División de Chile
M. Llantén,Deportes Limache,Chile,25,"CM, CDM, CAM",Right,180,27,60,,58,51,60,61,53,58,60,49,52,62,51,64,60,48,61,59,61,55,59,56,60,54,55,61,58,53,55,58,57,61,52,62,54,52,48,13,7,6,8,14,9,Primera División de Chile
F. Moya,Deportes Limache,Chile,21,"CM, CAM",Left,171,20,62,,64,56,60,64,53,61,56,52,52,61,50,63,59,56,62,66,65,63,64,58,62,61,51,63,60,59,62,54,62,64,62,58,53,53,54,8,6,6,15,13,7,Primera División de Chile
J. Meneses,Deportes Limache,Chile,16,"CM, CAM, LW",Right,165,33,70,,64,63,70,69,61,65,68,60,53,70,58,65,67,67,73,69,68,60,72,73,79,65,59,73,60,70,68,63,62,73,61,75,61,62,66,7,11,9,15,15,14,Primera División de Chile
H. Martínez,Deportes Limache,Paraguay,14,"CM, CAM",Right,170,26,64,,63,58,64,62,52,59,61,55,49,67,54,59,65,58,68,64,60,65,67,63,64,63,60,67,55,62,60,52,62,62,57,61,50,55,52,6,14,15,12,6,9,Primera División de Chile
L. Valencia,Deportes Limache,Chile,10,"CAM, ST",Right,173,35,65,,61,68,68,67,36,58,63,66,52,71,61,66,70,63,59,68,58,64,68,65,66,73,52,68,55,69,55,37,65,75,65,70,36,31,33,6,7,13,12,7,7,Primera División de Chile
C. Fuentes,Deportes Limache,Chile,6,"CM, CDM",Right,173,33,65,,54,61,65,63,54,60,66,59,50,64,52,61,58,61,61,63,55,54,62,68,67,66,60,67,56,62,60,50,65,70,63,70,60,55,50,15,8,6,11,7,11,Primera División de Chile
D. Escobar,Deportes Limache,Chile,33,RB,Left,183,25,62,,64,49,58,57,60,61,66,43,58,62,46,53,52,48,57,57,63,65,64,61,63,58,59,67,59,53,59,56,52,46,47,63,63,63,56,9,6,6,12,6,10,Primera División de Chile
A. Parot,Deportes Limache,Chile,24,"CB, RB",Right,181,36,65,,50,47,53,54,68,68,54,39,61,59,39,47,44,46,57,56,47,52,55,71,61,66,67,65,71,45,66,68,47,44,50,64,68,70,71,6,12,14,13,8,12,Primera División de Chile
Y. González,Deportes Limache,Chile,23,"RB, CB",Left,174,25,62,,68,47,57,58,62,62,62,45,51,60,46,58,56,45,57,55,69,68,65,60,63,51,62,63,60,48,64,64,51,49,43,62,61,65,59,7,11,13,13,14,15,Primera División de Chile
J. Rojas,Deportes Limache,Chile,11,"LB, RW",Left,169,21,61,,67,46,58,59,58,58,61,41,49,63,52,56,53,45,58,59,66,67,70,60,64,55,53,67,53,45,63,63,46,51,48,54,57,59,57,14,6,6,7,7,15,Primera División de Chile
A. Alfonzo,Deportes Limache,Paraguay,5,CB,Right,180,22,63,,58,46,50,53,69,62,49,43,61,55,38,47,43,43,62,56,55,60,54,65,54,59,59,61,62,45,66,69,41,37,44,64,72,70,67,10,14,13,6,10,8,Primera División de Chile
M. Flores,Deportes Limache,Chile,4,"LB, LM",Left,176,24,61,,61,47,55,57,60,61,61,44,50,56,39,58,56,49,55,54,60,61,59,64,61,54,60,64,60,50,62,59,52,50,46,59,62,62,65,8,6,13,10,8,15,Primera División de Chile
B. Molina,Deportes Limache,Chile,3,"LB, RB",Left,179,20,60,,73,46,58,58,57,60,65,43,52,61,41,61,46,46,55,55,68,77,64,52,63,53,55,62,60,48,61,55,49,52,41,54,60,58,56,13,12,12,10,10,13,Primera División de Chile
A. Aguirre,Deportes Limache,Argentina,2,"CB, RB",Right,184,27,66,,59,44,54,55,70,68,56,39,67,55,45,46,46,48,57,61,62,57,57,61,60,58,74,62,69,42,69,71,44,51,42,62,71,72,65,11,10,7,10,8,9,Primera División de Chile
César,Deportes Limache,Brasil,23,GK,Left,194,34,66,,31,24,36,32,25,49,26,16,25,43,13,19,19,17,37,34,32,30,43,65,43,45,54,43,53,25,45,31,14,42,32,46,23,24,20,65,63,58,71,66,50,Primera División de Chile
C. González,Deportes Limache,Chile,17,GK,Left,176,36,65,,33,23,33,30,21,51,23,14,28,34,16,19,18,23,36,31,31,34,40,68,46,46,57,40,59,24,44,27,11,43,32,47,16,22,17,68,65,58,62,69,46,Primera División de Chile
M. Smith,Deportes Limache,Chile,12,GK,Right,179,17,57,,35,17,24,24,16,43,10,10,22,26,10,10,14,13,32,29,39,31,34,50,39,40,47,34,53,12,28,24,10,32,21,40,15,10,10,51,56,53,60,61,38,Primera División de Chile
M. Bórquez,Deportes Limache,Chile,1,GK,Right,187,28,61,,35,17,30,31,16,46,17,11,22,35,11,25,13,13,41,28,42,29,40,57,46,41,51,42,50,10,41,29,10,32,22,34,13,12,10,60,56,56,58,63,34,Primera División de Chile
J. Grueso,Palestino,Ecuador,41,LW,Left,180,20,59,,69,57,59,58,29,51,61,57,46,61,57,55,61,54,55,60,67,70,61,56,63,57,51,61,51,59,40,32,62,56,51,57,26,25,27,7,12,6,6,13,13,Primera División de Chile
L. Diaz,Palestino,Chile,33,ST,Left,171,19,57,,57,60,46,59,22,57,46,63,52,51,60,57,51,47,41,61,55,58,64,59,57,61,57,58,58,52,52,23,57,41,56,55,18,20,12,7,9,15,15,8,12,Primera División de Chile
I. Alegría,Palestino,Chile,30,"LW, LM",Left,177,18,60,,66,59,59,61,28,50,61,59,48,61,53,61,60,53,51,60,65,67,63,58,65,62,49,58,49,57,42,33,65,63,61,58,25,22,25,9,10,9,13,8,14,Primera División de Chile
C. Munder,Palestino,Chile,27,"LW, ST, RW",Left,166,26,67,,76,64,65,71,35,59,65,65,47,68,60,72,70,63,55,69,74,77,78,69,68,63,50,67,56,63,57,43,66,67,62,65,34,32,23,9,15,9,14,13,9,Primera División de Chile
M. Araya,Palestino,Chile,21,RW,Right,181,21,60,,70,58,62,63,28,55,67,60,52,63,54,69,61,59,53,60,67,72,60,56,63,54,51,57,58,59,45,24,67,63,53,58,28,23,27,11,6,9,9,11,14,Primera División de Chile
G. Tapia,Palestino,Chile,20,"ST, CM, CAM",Right,176,30,66,Chile,65,68,56,65,31,65,58,71,67,60,62,63,59,56,53,65,63,67,65,69,66,71,64,62,68,58,62,29,70,47,71,67,25,27,26,11,9,11,7,6,8,Primera División de Chile
N. da Silva,Palestino,Argentina,19,ST,Right,187,30,66,,70,67,54,64,32,65,51,69,70,61,61,63,59,54,49,67,68,71,61,67,58,67,66,57,70,64,64,29,70,48,66,68,31,23,25,13,10,7,11,8,11,Primera División de Chile
M. Eggel,Palestino,Argentina,17,"RW, CM, RM",Right,179,27,61,,71,60,59,66,32,53,59,61,50,58,59,70,64,52,53,63,71,71,68,65,64,62,56,61,51,56,49,33,64,65,56,59,30,30,29,12,11,6,11,8,9,Primera División de Chile
A. Gómez,Palestino,Chile,13,ST,Right,182,18,58,,60,60,52,58,25,55,51,61,63,58,57,58,50,44,47,60,58,61,54,56,61,65,55,57,55,55,53,22,59,49,58,57,21,20,21,6,12,10,9,12,12,Primera División de Chile
J. Benítez,Palestino,Argentina,11,"LW, LM",Left,176,35,65,,68,63,64,69,34,60,63,62,53,64,60,74,66,64,59,65,67,68,70,64,67,66,60,65,58,65,57,29,68,69,59,69,33,34,24,12,15,9,12,11,10,Primera División de Chile
R. Fernández,Palestino,Chile,9,ST,Left,179,35,67,,62,71,58,67,31,68,62,73,63,57,65,64,61,59,52,70,59,65,66,71,64,69,70,66,71,70,62,30,68,61,68,72,26,29,26,11,8,15,11,7,15,Primera División de Chile
B. Carrasco,Palestino,Chile,7,"RW, RM, RB",Right,171,35,69,,70,65,69,74,34,62,68,65,58,67,69,78,71,70,68,69,70,70,80,70,73,68,55,73,59,62,59,35,70,73,62,66,31,29,31,8,13,8,8,14,15,Primera División de Chile
M. Cardenas,Palestino,Chile,39,"CM, CDM",Right,170,19,58,,57,53,60,60,51,57,53,50,45,64,51,61,56,52,62,58,61,53,61,58,62,55,49,59,56,56,57,52,54,61,53,56,53,50,50,6,11,8,11,14,15,Primera División de Chile
A. Cardenas,Palestino,Chile,38,"CDM, CM",Right,171,18,56,,52,47,54,52,55,58,45,42,48,59,42,47,44,44,57,56,52,52,54,52,51,56,48,63,54,49,62,56,48,56,47,53,55,54,62,7,12,7,15,10,8,Primera División de Chile
J. Oñate,Palestino,Chile,37,"RM, RW",Right,171,20,57,,60,52,58,58,35,49,60,52,38,63,46,61,59,53,56,56,61,60,62,50,55,54,44,56,45,54,53,37,48,50,46,48,38,29,39,8,14,12,13,10,6,Primera División de Chile
C. Rojel,Palestino,Chile,36,CAM,Left,170,19,56,,61,54,55,60,28,49,51,50,39,54,54,61,60,53,59,61,63,59,63,47,66,56,43,53,49,63,44,32,52,57,51,56,27,22,25,9,12,13,12,10,7,Primera División de Chile
V. Lehue,Palestino,Chile,35,CDM,Right,184,17,58,,53,46,56,55,59,61,47,40,64,64,39,52,48,49,59,61,53,53,55,53,50,53,61,64,61,52,58,60,46,50,52,50,55,61,56,13,6,15,12,7,14,Primera División de Chile
C. Salvo,Palestino,Chile,32,"CAM, CF",Left,165,18,56,,62,54,59,57,30,44,54,54,38,64,53,55,58,57,55,59,61,62,55,59,59,55,42,50,40,52,46,35,57,60,56,51,27,30,26,13,9,10,14,9,14,Primera División de Chile
S. Gallegos,Palestino,Uruguay,18,"CM, CAM, CDM",Right,170,34,69,,61,62,67,71,62,67,66,59,51,68,60,68,64,60,71,74,60,62,75,70,70,67,58,75,64,66,66,61,66,67,57,72,62,65,64,7,8,11,13,15,11,Primera División de Chile
F. Montes,Palestino,Chile,15,"CAM, CM, CDM",Left,168,22,62,,64,57,61,64,35,52,58,53,39,60,60,64,61,61,62,64,65,63,67,58,66,63,46,56,51,60,51,38,60,66,58,68,34,35,29,6,10,14,10,7,13,Primera División de Chile
J. Abrigo,Palestino,Chile,14,"CAM, ST, CM",Right,169,31,65,,67,66,66,70,35,58,64,69,45,66,66,68,66,70,56,75,66,67,69,63,71,62,48,68,54,65,57,35,68,76,65,61,36,32,32,14,10,11,9,15,14,Primera División de Chile
A. Martínez,Palestino,Chile,10,"CDM, CB",Right,175,32,64,,50,54,61,59,63,64,55,52,55,66,48,59,52,52,61,60,52,49,58,63,56,57,65,61,63,56,69,65,59,61,58,61,62,64,63,12,10,9,15,8,9,Primera División de Chile
N. Meza,Palestino,Chile,8,"CM, CDM",Right,172,24,63,,58,58,63,65,54,61,54,56,52,65,61,66,59,57,67,63,58,58,65,65,63,63,53,70,58,58,58,52,59,68,56,66,55,54,59,12,11,7,15,14,15,Primera División de Chile
D. Glaby,Palestino,Argentina,5,"CDM, CM",Right,180,30,65,,61,59,63,58,69,71,55,56,59,72,47,57,55,56,66,59,63,59,57,69,58,68,64,70,70,63,75,70,56,58,55,60,65,74,71,6,10,11,6,9,6,Primera División de Chile
V. Silva,Palestino,Chile,40,LB,Left,176,18,55,,62,41,53,52,52,54,56,39,47,59,38,49,46,42,51,53,65,60,61,50,57,46,52,57,53,43,53,54,43,46,39,47,53,51,56,7,14,9,7,6,15,Primera División de Chile
M. Cienfuegos,Palestino,Chile,34,RB,Right,183,20,57,,64,42,50,55,56,54,54,40,54,56,39,54,51,47,47,57,62,66,52,52,59,47,56,56,53,42,55,48,47,40,40,52,58,58,59,8,12,9,13,15,6,Primera División de Chile
G. Ruz,Palestino,Chile,31,"CB, RB",Left,181,18,57,,53,34,45,46,61,62,41,27,55,53,30,40,34,34,47,49,54,53,45,52,52,49,60,58,64,40,62,60,30,39,31,55,63,60,64,6,9,8,12,15,10,Primera División de Chile
I. Garguez,Palestino,Chile,29,"RB, CAM, CB",Right,181,21,60,,64,48,56,59,60,61,62,46,55,58,47,62,57,44,58,56,65,64,59,56,67,50,64,61,60,51,61,57,46,48,51,55,62,63,61,8,13,12,15,8,9,Primera División de Chile
D. Zúñiga,Palestino,Chile,28,"LB, CB, RM",Right,172,30,67,,75,51,62,66,66,60,65,48,56,63,45,68,58,54,63,65,77,74,66,69,69,61,60,69,53,51,67,70,57,57,47,59,66,68,63,10,9,12,15,14,10,Primera División de Chile
D. Salgado,Palestino,Chile,24,RB,Left,175,23,61,,64,47,54,59,58,60,59,42,51,58,48,58,53,49,54,61,66,63,58,59,63,58,55,67,59,44,53,64,49,42,51,58,57,56,59,13,12,13,15,10,13,Primera División de Chile
J. León,Palestino,Chile,23,"LB, CAM",Left,187,26,65,,70,52,61,64,66,67,72,48,58,60,43,64,58,52,61,63,73,68,64,65,63,59,59,74,65,55,63,64,50,57,52,62,68,69,65,8,7,14,14,9,9,Primera División de Chile
S. Pinto,Palestino,Chile,22,CB,Right,183,21,61,,60,44,48,51,64,64,40,40,58,58,39,42,43,42,53,56,61,59,57,62,53,60,60,55,69,43,62,67,35,39,44,60,62,66,63,7,9,15,8,9,13,Primera División de Chile
J. Bizama,Palestino,Chile,16,"CB, RB",Left,181,32,66,,59,48,54,57,67,66,50,45,71,62,39,53,47,45,59,59,55,62,55,65,62,64,72,63,65,42,71,69,45,44,49,65,68,64,69,11,15,13,9,12,8,Primera División de Chile
A. Ceza,Palestino,Chile,4,"CB, RB",Left,182,23,58,,53,36,47,50,63,60,46,29,58,53,34,44,34,33,46,53,51,54,55,54,53,49,67,55,63,39,58,59,26,44,37,58,61,72,58,12,14,6,15,11,10,Primera División de Chile
E. Roco,Palestino,Chile,3,CB,Left,192,34,65,,53,45,56,53,71,66,50,43,69,65,41,51,48,48,56,53,53,53,49,65,50,56,69,57,69,39,70,71,42,49,50,72,74,69,68,13,6,15,14,11,11,Primera División de Chile
V. Espinoza,Palestino,Chile,2,"CB, RB",Right,175,22,59,,56,38,45,49,63,58,39,33,60,54,31,44,39,37,52,49,54,58,53,61,54,53,56,60,58,38,55,59,34,35,38,58,69,61,60,11,9,10,11,9,15,Primera División de Chile
M. Mateluna,Palestino,Chile,26,GK,Right,186,18,56,,33,16,26,24,14,38,13,10,15,32,10,14,14,10,32,27,35,32,32,50,34,33,47,29,44,14,32,19,11,31,15,35,10,15,10,56,59,53,57,59,33,Primera División de Chile
S. Pérez,Palestino,Chile,25,GK,Right,187,35,67,,36,25,35,35,26,48,23,17,30,40,18,18,21,24,34,43,32,39,43,64,47,50,51,38,56,21,39,34,17,44,32,51,24,24,19,65,67,58,67,71,43,Primera División de Chile
R. Canto,Palestino,Chile,12,GK,Right,183,20,59,,35,16,30,29,16,45,15,10,14,37,10,16,16,17,33,33,35,35,37,55,46,39,56,37,52,10,33,22,10,35,23,43,13,15,13,61,61,54,57,59,36,Primera División de Chile
S. Salas,Palestino,Chile,1,GK,Right,192,25,60,,36,17,26,27,16,41,14,10,20,33,11,17,16,17,26,29,38,35,33,53,41,42,46,29,49,11,33,19,10,31,21,45,16,12,20,57,55,56,57,64,35,Primera División de Chile
P. Allende,Colo Colo,Chile,51,ST,Right,182,16,56,,60,56,47,56,24,55,46,60,55,50,58,54,47,46,42,60,57,62,52,52,51,51,54,54,57,49,50,22,60,47,58,53,18,23,16,13,11,6,8,6,15,Primera División de Chile
F. Raipán,Colo Colo,Chile,50,"ST, CF",Right,179,16,56,,60,59,48,54,23,55,40,64,62,57,55,50,53,42,40,60,60,60,51,48,58,57,56,53,59,51,49,22,57,48,58,57,19,17,13,11,15,8,12,8,14,Primera División de Chile
J. Astudillo,Colo Colo,Chile,35,RW,Right,186,19,57,,67,53,56,59,27,52,63,50,46,54,51,59,59,50,52,60,69,66,58,52,61,55,50,58,54,55,42,28,62,54,50,52,23,25,26,15,8,11,14,15,8,Primera División de Chile
R. Catalán,Colo Colo,Chile,34,"CM, CDM",Left,181,17,55,,56,49,55,55,48,54,52,47,44,57,44,53,49,50,57,57,59,54,58,50,52,56,46,56,56,48,51,48,55,57,49,52,47,53,43,15,13,7,6,7,12,Primera División de Chile
V. Martínez,Colo Colo,Chile,32,CM,Left,160,18,57,,58,54,58,57,51,52,55,50,41,64,49,56,53,52,59,58,62,55,60,52,68,58,37,57,51,62,53,49,52,55,51,52,50,55,54,6,13,12,7,9,8,Primera División de Chile
Y. Cuevas,Colo Colo,Chile,30,ST,Right,175,18,62,,64,65,52,62,28,60,52,68,55,55,65,60,53,50,46,64,67,61,61,61,59,63,61,63,59,60,56,26,66,53,64,62,29,21,24,7,9,6,15,9,13,Primera División de Chile
G. Garrido,Colo Colo,Chile,27,ST,Right,174,18,57,,58,59,46,57,23,52,45,64,58,50,55,58,46,47,37,56,57,58,58,55,58,60,57,50,53,50,51,21,64,47,54,55,20,19,13,8,10,10,10,9,14,Primera División de Chile
L. Hernández,Colo Colo,Chile,24,"RW, CAM, LW",Left,168,21,65,Chile,71,63,62,68,34,53,63,61,45,66,59,69,66,56,52,66,69,73,71,61,71,66,51,66,49,63,49,33,70,62,60,65,38,30,28,7,10,13,15,8,7,Primera División de Chile
C. Aquino,Colo Colo,Argentina,22,"LW, ST",Right,178,35,66,,65,62,62,68,36,58,60,62,51,64,58,66,65,59,55,68,65,65,74,68,69,67,55,66,57,57,50,42,66,64,61,62,36,29,26,6,6,10,15,11,7,Primera División de Chile
M. Romero,Colo Colo,Argentina,19,"ST, RW",Right,179,27,70,,70,73,61,70,37,70,65,74,68,65,74,67,60,56,48,71,70,70,74,71,65,76,73,67,73,69,64,39,71,60,64,74,37,29,27,12,8,7,13,9,8,Primera División de Chile
D. Saavedra,Colo Colo,Chile,14,RW,Right,173,19,59,,66,58,57,65,30,51,61,58,47,57,59,66,57,52,50,66,64,67,66,57,63,60,45,59,50,54,45,30,65,59,55,51,27,28,27,14,12,15,6,15,10,Primera División de Chile
M. Bolados,Colo Colo,Chile,11,ST,Right,172,30,62,,66,64,50,62,27,62,48,66,60,53,63,60,53,52,46,67,66,66,62,58,59,65,58,58,65,56,58,18,67,51,62,60,24,26,21,11,13,6,11,11,12,Primera División de Chile
L. Pastrán,Colo Colo,Chile,10,"LW, CAM, ST",Left,173,24,67,,72,65,63,70,37,58,68,65,51,61,63,74,64,65,61,67,74,71,72,66,71,62,57,69,55,66,53,36,74,64,64,58,35,35,33,8,6,8,12,15,11,Primera División de Chile
J. Correa,Colo Colo,Argentina,9,ST,Right,184,33,71,,70,69,64,69,37,69,62,68,73,66,75,69,62,65,58,68,68,71,67,79,63,74,74,65,71,64,68,30,74,67,69,77,34,33,35,8,14,14,9,11,14,Primera División de Chile
F. Marchant,Colo Colo,Chile,7,"LW, RW",Right,170,20,66,,76,64,65,69,38,57,65,63,52,69,63,69,68,65,55,71,74,77,72,61,70,65,54,60,56,63,56,37,75,63,60,60,39,36,26,7,15,12,15,10,12,Primera División de Chile
G. Díaz,Colo Colo,Venezuela,54,"LB, LM",Left,174,18,58,,62,45,52,55,57,52,53,41,47,58,40,50,47,40,46,59,57,67,63,51,63,54,53,61,47,47,54,57,44,49,46,48,58,61,56,8,8,15,9,9,14,Primera División de Chile
C. Díaz,Colo Colo,Chile,42,"CDM, CB",Left,172,18,57,,57,49,53,53,58,59,45,47,50,59,38,51,47,47,53,52,54,59,56,60,54,53,53,66,56,55,58,62,46,52,44,59,60,55,56,14,13,8,9,8,8,Primera División de Chile
S. Vega,Colo Colo,Chile,39,"CM, CAM",Right,168,19,58,,59,55,59,57,50,56,51,54,42,64,51,59,57,51,61,55,61,58,61,55,62,60,51,65,53,55,52,56,60,57,47,52,50,51,48,15,7,13,7,7,11,Primera División de Chile
M. Orellana,Colo Colo,Chile,37,LB,Left,176,18,58,,63,44,55,52,58,54,59,41,51,58,40,50,48,45,52,50,65,62,57,53,63,52,50,58,53,41,52,54,49,50,42,50,59,61,60,14,7,15,6,15,12,Primera División de Chile
J. Rojas,Colo Colo,Chile,28,"RB, RM, CB",Right,185,24,63,,70,48,58,57,58,62,63,45,59,61,46,57,58,50,57,53,73,68,63,65,57,54,64,66,61,49,60,62,51,51,42,56,54,58,65,6,12,8,8,14,14,Primera División de Chile
Á. Madrid,Colo Colo,Chile,8,"CM, CAM, RW",Right,179,31,67,,61,64,69,68,60,62,67,63,54,72,54,68,58,64,73,68,62,61,65,69,68,69,60,66,60,69,65,63,59,67,58,68,57,62,60,6,11,8,13,10,14,Primera División de Chile
T. Alarcón,Colo Colo,Chile,6,"CDM, CM, CAM",Right,174,27,65,,55,53,64,64,66,68,58,49,61,68,56,62,52,61,65,69,56,55,55,62,63,58,54,71,69,54,67,67,56,64,57,67,68,67,63,15,10,6,8,11,11,Primera División de Chile
F. Méndez,Colo Colo,Chile,5,"CAM, CM, CDM",Left,172,27,67,,69,66,67,72,40,58,66,63,52,69,60,73,67,65,68,72,70,68,75,66,69,69,55,62,57,71,56,41,67,64,67,65,39,38,38,10,13,10,14,15,14,Primera División de Chile
Á. Díaz,Colo Colo,Chile,15,LM,Left,186,19,58,,63,54,58,60,38,54,60,48,46,60,52,59,58,48,59,63,67,60,64,53,56,60,49,63,52,60,51,44,55,53,56,51,33,36,41,15,8,15,12,13,13,Primera División de Chile
M. Moya,Colo Colo,Chile,36,"LW, ST",Left,177,19,58,,64,58,54,64,27,47,58,57,39,53,54,66,58,48,53,64,63,65,64,59,60,64,45,58,45,58,40,41,62,51,51,49,22,20,19,7,6,15,11,6,15,Primera División de Chile
B. Torres,Colo Colo,Chile,31,"CB, RB",Right,183,18,55,,56,37,42,44,58,57,39,30,59,52,26,40,33,36,40,47,57,55,44,52,47,52,55,49,58,41,63,57,32,33,33,53,59,58,57,12,14,6,8,13,14,Primera División de Chile
D. Ulloa,Colo Colo,Chile,26,"LB, LM, LW",Right,183,23,66,Chile,72,52,62,66,63,65,68,47,55,67,49,64,58,51,58,69,70,74,68,62,65,61,58,65,64,56,67,60,54,55,51,63,66,64,63,6,14,15,10,9,9,Primera División de Chile
A. Vidal,Colo Colo,Chile,23,"CB, CDM",Right,180,39,64,,51,43,52,56,67,67,49,37,69,56,42,51,47,43,53,60,51,51,53,61,58,55,67,61,69,44,69,66,45,49,44,64,70,64,63,12,7,8,12,11,6,Primera División de Chile
E. Wiemberg,Colo Colo,Chile,21,"CB, LB, LM",Right,178,32,67,,57,46,56,55,70,68,55,41,61,63,38,49,46,45,59,57,47,65,58,61,64,66,62,60,72,42,72,71,40,49,43,71,71,72,68,6,12,7,8,13,8,Primera División de Chile
J. Méndez,Colo Colo,Uruguay,20,CB,Left,185,31,65,,56,46,53,53,69,69,50,40,62,58,41,44,38,40,65,59,53,59,55,68,54,62,69,67,68,46,72,78,41,47,45,68,65,69,70,7,7,6,9,8,10,Primera División de Chile
I. Román,Colo Colo,Chile,17,"CB, RB",Right,183,20,65,Chile,59,46,53,55,68,67,50,41,72,57,45,52,48,41,56,57,58,60,54,59,60,58,65,63,70,50,67,66,37,49,43,61,66,72,64,9,13,6,9,13,15,Primera División de Chile
M. Fernández,Colo Colo,Chile,13,"RB, RM, CAM",Right,171,31,64,,67,47,60,62,61,63,62,43,57,63,43,63,60,50,58,57,66,68,73,65,69,55,59,69,60,48,64,57,51,58,46,57,63,63,64,12,7,11,8,10,7,Primera División de Chile
J. Sosa,Colo Colo,Uruguay,4,"CB, CDM",Left,189,24,67,,63,46,53,55,68,71,46,43,69,63,39,53,40,46,56,55,65,61,58,63,54,54,75,63,74,47,72,71,42,47,41,65,65,67,68,12,13,14,7,12,13,Primera División de Chile
A. Olguín,Colo Colo,Chile,3,CB,Right,181,18,57,,50,38,44,47,59,59,42,33,56,47,40,43,38,33,52,48,52,49,48,52,52,52,59,52,62,37,58,60,34,38,38,53,63,55,57,9,12,14,10,8,7,Primera División de Chile
J. Villagra,Colo Colo,Chile,2,CB,Left,180,25,67,Chile,61,48,55,57,68,70,54,41,68,62,42,50,47,43,61,61,63,60,56,68,59,68,67,67,72,46,70,66,42,44,47,70,67,67,74,15,6,11,6,13,13,Primera División de Chile
B. Silva,Colo Colo,Chile,18,"CM, CAM",Right,164,22,59,,58,55,59,62,51,59,56,53,38,59,46,64,53,58,63,58,59,58,63,62,68,62,51,61,60,54,55,54,52,61,56,59,51,53,50,13,14,9,15,10,12,Primera División de Chile
S. Tapia,Colo Colo,Chile,40,GK,Right,183,18,56,,33,16,23,22,13,39,11,10,18,30,10,10,10,15,24,29,34,33,26,50,34,39,45,35,45,11,27,21,10,29,14,31,11,10,11,56,54,49,55,60,29,Primera División de Chile
Vozinha,Colo Colo,Cabo Verde,29,GK,Right,189,40,65,Cabo Verde,32,21,35,31,24,50,25,11,27,41,13,21,24,18,36,31,35,29,45,65,44,48,53,44,58,21,36,28,13,41,25,43,25,20,20,62,63,59,60,66,45,Primera División de Chile
G. Maureira,Colo Colo,Chile,25,GK,Right,192,19,58,,36,17,25,26,18,38,11,10,14,32,10,19,14,11,27,28,36,36,31,42,41,38,42,33,43,15,32,26,10,32,20,31,18,16,10,59,60,48,53,61,38,Primera División de Chile
E. Villanueva,Colo Colo,Chile,12,GK,Right,187,21,61,,35,18,32,26,19,43,20,10,20,36,13,16,23,15,31,28,38,33,34,58,35,40,46,37,48,12,35,19,16,43,26,39,18,18,20,61,59,53,61,61,46,Primera División de Chile
F. De Paul,Colo Colo,Chile,1,GK,Right,183,35,65,,35,22,34,30,22,50,21,17,22,40,11,16,24,22,35,33,32,37,45,61,45,47,59,44,56,12,39,28,18,39,26,47,24,17,22,63,62,62,65,65,41,Primera División de Chile
D. Cofré,Universidad de Chile,Chile,38,ST,Right,179,18,55,,56,56,44,55,23,52,46,54,54,46,55,56,47,44,38,53,55,57,56,56,54,61,55,53,53,58,49,24,58,42,54,55,20,20,10,14,11,13,15,8,13,Primera División de Chile
V. Ramírez,Universidad de Chile,Chile,34,ST,Right,173,19,58,,59,60,46,56,25,56,45,62,53,49,59,53,51,50,40,57,56,61,62,58,59,61,53,53,58,53,54,22,63,43,58,58,17,28,20,14,9,12,15,9,15,Primera División de Chile
G. Reyna,Universidad de Chile,Argentina,32,"RW, LW",Right,167,20,62,,70,61,60,67,30,53,60,64,47,60,58,66,64,58,61,68,69,70,71,58,67,62,51,64,50,55,45,31,63,61,58,60,32,21,30,10,13,9,11,8,10,Primera División de Chile
A. Bolaño,Universidad de Chile,Venezuela,27,"ST, LW",Right,173,18,57,,60,56,46,57,24,54,44,58,53,46,56,57,57,50,42,57,61,60,56,55,56,61,53,53,57,47,49,20,64,47,56,58,24,19,15,6,15,12,13,6,7,Primera División de Chile
I. Vásquez,Universidad de Chile,Chile,23,"LW, ST",Left,171,20,63,,73,64,60,66,31,53,66,66,44,57,59,67,64,58,53,65,72,73,69,61,66,68,52,66,48,60,50,36,61,65,58,59,29,27,29,10,9,9,14,7,14,Primera División de Chile
J. Lucero,Universidad de Chile,Argentina,18,ST,Right,179,34,67,,64,70,57,65,34,67,50,71,60,61,65,62,59,57,48,66,65,64,65,69,69,74,65,67,69,63,63,33,73,61,71,65,30,32,29,8,8,7,6,12,6,Primera División de Chile
E. Vargas,Universidad de Chile,Chile,11,"ST, RW, LW",Right,174,36,69,,62,71,59,69,38,67,61,74,71,58,67,70,59,62,54,69,61,63,67,73,64,65,57,70,70,71,60,32,78,62,69,70,38,36,26,10,12,8,7,6,10,Primera División de Chile
O. Rivero,Universidad de Chile,Uruguay,9,ST,Right,184,34,68,,67,71,59,66,33,68,53,72,71,65,70,65,62,54,57,68,69,66,63,72,65,72,74,62,73,67,60,29,73,57,73,65,28,28,29,8,7,13,6,12,15,Primera División de Chile
M. Guerrero,Universidad de Chile,Chile,7,"RW, RM, CAM",Right,173,26,67,,75,64,65,72,37,60,70,63,52,64,66,75,65,62,55,72,74,76,74,63,65,68,51,66,57,63,60,35,71,68,58,64,34,39,32,9,6,15,15,14,14,Primera División de Chile
B. Salas,Universidad de Chile,Chile,39,"LM, LW",Left,181,19,57,,67,53,56,61,40,53,58,52,42,58,50,59,58,51,49,64,66,68,65,55,57,56,47,61,49,50,53,39,56,54,56,53,37,42,40,14,10,13,7,12,15,Primera División de Chile
L. Barrera,Universidad de Chile,Chile,29,"CDM, CM",Right,180,20,60,,56,50,56,56,61,62,48,46,55,62,44,54,45,48,59,57,52,60,56,58,53,56,59,63,63,52,60,62,44,54,56,58,59,64,61,11,11,12,6,14,10,Primera División de Chile
A. Arce,Universidad de Chile,Chile,28,"CAM, ST, CM",Right,179,21,66,Chile,66,66,67,70,38,61,67,66,51,64,62,70,65,66,68,70,71,61,71,67,63,65,55,66,62,67,52,45,68,72,72,69,33,35,38,15,12,9,10,10,11,Primera División de Chile
M. Riquelme,Universidad de Chile,Chile,26,"CM, CDM",Left,180,19,58,,56,52,56,58,48,57,53,45,50,54,48,61,57,51,54,56,59,53,60,50,61,60,48,64,54,60,57,47,48,63,51,57,48,49,46,15,8,11,6,13,12,Primera División de Chile
M. Díaz,Universidad de Chile,Chile,21,CM,Right,166,39,65,,50,64,66,63,54,58,60,65,51,67,51,63,61,58,70,61,51,50,66,67,69,67,51,69,55,68,55,58,56,68,56,67,53,54,57,7,8,8,7,15,11,Primera División de Chile
C. Aránguiz,Universidad de Chile,Chile,20,"CM, CDM",Left,171,37,66,,55,62,66,66,58,65,63,60,55,65,61,66,62,59,65,64,57,54,68,70,70,64,52,70,65,66,64,57,61,72,61,68,57,61,54,12,9,15,7,14,9,Primera División de Chile
J. Altamirano,Universidad de Chile,Chile,19,"CAM, CM, LW",Right,173,27,67,,69,65,69,72,37,59,69,64,53,72,60,72,72,67,63,74,70,69,69,65,72,68,56,64,57,68,58,43,62,69,67,70,33,36,26,6,14,15,13,12,9,Primera División de Chile
E. Rojas,Universidad de Chile,Chile,16,"CM, CAM",Right,175,18,57,,56,51,59,55,52,54,54,50,49,63,49,52,58,46,56,57,59,54,58,58,57,59,49,56,55,47,52,53,54,62,50,48,49,55,48,6,15,11,11,7,15,Primera División de Chile
T. Reinhart,Universidad de Chile,Argentina,15,"CM, CDM",Left,176,26,63,,63,57,64,64,56,61,63,54,45,66,49,64,58,58,69,66,61,64,64,60,62,65,52,62,64,60,55,58,55,59,58,62,58,55,56,8,7,11,7,14,7,Primera División de Chile
J. Cortés,Universidad de Chile,Chile,13,LW,Left,172,18,57,,69,55,57,59,25,52,63,55,44,58,55,58,58,57,52,60,71,67,65,55,63,57,43,65,51,54,42,27,57,51,48,56,22,23,16,13,9,9,11,12,8,Primera División de Chile
I. Poblete,Universidad de Chile,Chile,8,"CDM, CM, CAM",Right,172,31,69,,59,57,67,68,72,72,55,52,65,74,51,67,67,59,68,69,58,59,68,68,66,69,67,73,71,59,75,71,56,69,58,68,72,75,68,6,6,6,15,14,15,Primera División de Chile
D. Vargas,Universidad de Chile,Chile,4,"LB, RB",Left,174,20,61,,65,46,56,59,56,57,57,42,54,60,40,56,58,46,50,60,63,66,67,57,63,54,56,62,54,47,60,52,46,54,47,50,58,57,59,13,12,9,11,11,9,Primera División de Chile
C. Gutiérrez,Universidad de Chile,Chile,40,LB,Left,176,26,60,,64,42,54,56,59,59,58,37,54,56,51,56,48,42,54,53,64,64,63,59,64,54,57,61,59,39,59,62,50,50,42,56,58,59,57,7,12,6,8,15,7,Primera División de Chile
A. Torres,Universidad de Chile,Chile,40,CB,Right,189,19,58,,55,39,44,45,60,59,39,32,62,51,31,40,33,37,46,48,54,55,41,55,45,53,64,55,60,40,58,66,45,41,41,60,56,59,65,8,8,11,14,10,7,Primera División de Chile
S. Rozas,Universidad de Chile,Chile,36,CB,Right,185,20,58,,54,37,48,46,60,58,45,34,62,53,28,43,35,38,53,48,52,55,46,51,51,48,56,52,62,35,57,60,34,42,36,54,62,58,60,13,10,11,14,10,14,Primera División de Chile
F. Fernández,Universidad de Chile,Chile,36,RB,Right,177,20,56,,62,42,51,54,52,51,53,42,45,52,33,53,45,39,51,54,63,62,56,49,58,46,59,58,46,42,53,50,45,51,41,52,54,54,52,10,12,13,9,9,6,Primera División de Chile
B. Garcés,Universidad de Chile,Chile,33,"LB, RB",Left,178,18,58,,64,43,55,56,55,56,61,40,50,57,35,57,53,42,59,53,63,64,63,55,61,55,64,64,52,40,56,59,50,48,42,48,53,57,56,6,15,11,11,12,10,Primera División de Chile
B. Tamayo,Universidad de Chile,Venezuela,31,"CB, RB",Right,185,21,61,Venezuela,56,41,48,51,64,61,44,33,66,55,40,44,41,40,53,54,49,62,56,56,56,55,60,55,63,43,65,61,39,39,44,60,65,66,61,11,14,14,11,15,14,Primera División de Chile
M. Zaldivia,Universidad de Chile,Chile,22,"CB, CDM",Right,184,35,67,,58,47,56,56,71,67,53,44,73,64,45,50,53,49,54,58,59,58,55,65,63,63,70,65,67,40,68,70,43,51,51,67,69,72,71,7,11,8,10,7,11,Primera División de Chile
F. Hormazábal,Universidad de Chile,Chile,17,"RB, CB, RM",Right,176,30,70,,74,55,65,66,70,67,69,49,61,64,54,67,64,58,69,63,76,73,63,71,72,64,69,74,65,59,64,70,53,63,52,69,71,76,61,15,6,7,12,14,14,Primera División de Chile
M. Morales,Universidad de Chile,Chile,14,"LB, RB",Left,175,23,68,Chile,70,53,65,65,66,68,70,49,64,66,47,69,59,53,69,60,68,71,68,64,71,62,63,75,63,55,71,64,56,61,54,65,70,62,69,6,9,10,6,10,8,Primera División de Chile
N. Fernández,Universidad de Chile,Chile,6,"RB, CB",Left,176,27,64,,71,49,60,61,60,59,65,46,56,62,48,66,59,50,59,55,64,76,58,61,65,55,62,56,59,49,62,56,52,54,51,62,62,60,64,10,11,12,15,14,6,Primera División de Chile
N. Ramírez,Universidad de Chile,Chile,5,CB,Left,185,29,63,,59,43,53,54,66,66,53,37,65,56,37,52,43,46,57,56,57,61,49,58,57,60,68,56,73,42,61,68,35,49,44,58,68,63,63,15,7,12,12,11,7,Primera División de Chile
I. Lichnovsky,Universidad de Chile,Chile,3,CB,Right,188,32,69,Chile,63,52,57,59,74,70,54,47,70,64,49,55,48,49,61,62,57,68,58,67,59,70,76,69,70,49,70,71,47,47,47,69,76,77,71,7,11,6,8,8,15,Primera División de Chile
A. Korn,Universidad de Chile,Chile,3,CB,Right,175,19,57,,55,37,45,50,56,59,39,30,55,55,35,45,32,40,47,54,56,55,48,57,51,55,56,55,61,38,62,52,31,35,41,52,58,60,52,11,7,15,14,13,10,Primera División de Chile
M. Oteiza,Universidad de Chile,Chile,38,GK,Right,185,18,55,,33,17,23,22,14,35,10,10,17,31,11,11,13,10,24,23,29,37,32,53,35,37,39,31,41,15,23,20,10,29,20,30,14,12,10,53,54,50,59,53,34,Primera División de Chile
G. Castellón,Universidad de Chile,Chile,25,GK,Right,187,33,70,,38,29,42,38,26,53,28,23,31,47,29,29,22,26,49,37,33,42,51,68,43,51,60,41,64,24,41,35,17,49,34,54,23,22,23,69,68,65,72,72,46,Primera División de Chile
C. Toselli,Universidad de Chile,Chile,1,GK,Left,183,38,62,,28,21,31,28,20,45,13,14,26,41,13,17,17,14,36,30,29,27,35,63,45,44,48,31,57,17,34,31,10,36,20,45,17,15,12,62,57,62,61,65,41,Primera División de Chile
J. Alburquenque,Universidad de Chile,Chile,12,GK,Left,190,19,57,,36,16,25,25,14,38,15,10,19,31,10,17,12,13,29,25,33,39,35,51,41,38,42,33,42,11,35,22,10,29,18,34,14,10,10,58,58,47,55,62,32,Primera División de Chile
B. Contreras,La Serena,Chile,36,"ST, CF",Right,194,18,56,,61,59,47,57,24,58,44,63,60,52,56,61,52,47,39,56,59,62,49,56,47,55,58,57,63,53,48,20,63,45,56,59,21,22,14,8,8,14,11,13,12,Primera División de Chile
N. Stefanelli,La Serena,Argentina,34,"LW, RW, ST",Left,166,31,65,,71,62,60,69,34,55,62,61,44,57,58,74,64,63,56,64,72,71,68,67,73,60,47,67,50,64,55,40,66,62,61,68,33,30,31,6,13,13,11,11,14,Primera División de Chile
Á. Carvajal,La Serena,Chile,30,CB,Left,185,20,58,,50,38,46,48,61,60,43,33,64,53,33,45,35,38,49,50,51,50,48,53,50,54,64,53,64,39,59,61,29,37,33,55,59,61,63,12,10,13,8,13,15,Primera División de Chile
F. Díaz,La Serena,Argentina,24,"LM, RM",Left,179,20,60,,63,55,59,58,40,53,66,56,50,60,49,58,55,53,55,59,62,64,59,56,60,54,51,61,50,53,52,39,56,56,54,56,36,45,34,11,10,9,8,8,8,Primera División de Chile
B. Sandoval,La Serena,Chile,19,CM,Right,183,18,62,,61,56,64,60,59,61,59,53,58,69,53,62,66,55,66,60,65,58,56,59,57,60,60,68,59,58,56,56,55,62,55,61,62,58,56,6,9,6,6,12,10,Primera División de Chile
G. Roco,La Serena,Chile,18,LW,Left,169,29,62,,69,57,59,66,31,51,62,56,47,57,56,73,61,55,52,58,71,68,68,64,65,59,46,60,48,56,48,31,67,63,56,57,26,34,24,14,11,15,11,8,7,Primera División de Chile
B. Contreras,La Serena,Chile,15,"RW, ST",Right,173,20,59,,67,57,57,63,29,53,56,57,46,59,57,63,59,44,51,65,65,68,64,55,65,60,53,62,52,55,43,27,59,63,60,55,30,26,23,11,10,8,11,14,11,Primera División de Chile
D. Rubio,La Serena,Chile,11,"ST, CF",Right,180,33,69,,64,71,57,66,36,68,52,73,69,62,73,63,61,55,52,68,65,64,69,71,64,69,71,65,71,66,63,33,72,58,75,72,34,32,27,7,13,12,9,10,13,Primera División de Chile
J. Vargas,La Serena,Chile,10,"LW, ST, CAM",Right,170,29,64,,68,60,60,66,32,54,60,58,44,65,59,67,64,58,55,65,67,69,68,64,67,61,55,62,52,62,49,39,67,55,65,63,32,28,23,14,8,13,12,14,13,Primera División de Chile
Á. Henríquez,La Serena,Chile,9,"ST, RW",Left,180,32,65,,63,65,53,68,31,66,50,67,65,57,59,70,58,52,52,65,62,64,68,67,61,63,69,64,69,63,61,28,71,51,70,71,27,25,29,6,11,6,10,7,7,Primera División de Chile
A. Oroz,La Serena,Chile,7,RW,Right,172,23,60,,67,57,56,66,29,51,58,57,48,58,57,67,56,56,50,67,65,68,58,61,70,57,46,58,50,56,44,24,63,54,57,59,28,27,27,8,13,13,10,14,14,Primera División de Chile
G. Figueroa,La Serena,Argentina,2,ST,Right,183,26,59,,56,58,51,58,27,61,47,56,61,56,64,58,53,52,44,59,58,54,59,61,53,59,56,59,65,55,54,32,68,50,63,56,22,20,23,14,10,9,6,12,8,Primera División de Chile
A. Bitancurt,La Serena,Argentina,37,CAM,Right,169,19,56,,60,56,58,56,30,45,60,55,41,57,56,57,60,56,53,53,59,61,61,58,60,58,36,56,41,56,44,32,56,62,57,57,28,29,28,8,15,14,9,11,8,Primera División de Chile
M. Zepeda,La Serena,Chile,28,CAM,Right,183,19,58,,58,57,59,62,31,51,55,56,47,61,57,65,54,60,58,63,67,51,58,52,58,56,49,58,49,61,46,30,55,59,54,53,28,29,29,7,9,10,12,6,13,Primera División de Chile
J. Orellana,La Serena,Chile,28,CM,Right,169,21,60,,61,55,62,64,50,56,54,54,48,65,47,64,64,47,65,66,62,60,60,62,65,58,46,62,54,56,57,49,56,64,56,63,53,50,49,8,12,13,15,14,6,Primera División de Chile
C. Sepúlveda,La Serena,Chile,27,RW,Left,172,18,58,,64,58,54,62,28,50,62,58,41,52,54,65,58,55,48,61,69,60,61,53,58,61,45,64,48,57,40,24,64,53,51,51,28,29,24,12,6,14,15,10,7,Primera División de Chile
M. Marín,La Serena,Chile,23,"CAM, CDM, RW",Right,170,26,60,,65,56,61,65,32,48,58,55,38,64,49,66,60,59,58,66,62,67,65,61,68,56,46,59,42,59,49,34,63,62,56,59,34,29,26,14,15,7,7,6,7,Primera División de Chile
M. Velásquez,La Serena,Chile,20,"CM, CDM",Left,184,19,57,,58,54,57,56,50,60,53,53,53,59,49,56,52,57,62,58,62,55,50,55,49,59,50,58,62,55,60,53,49,53,52,55,48,51,47,15,11,8,7,15,6,Primera División de Chile
F. Chamorro,La Serena,Chile,14,"CAM, ST, CM",Right,187,25,67,,70,66,65,71,40,59,62,66,58,66,58,75,69,65,66,69,69,71,63,67,66,67,60,62,60,66,54,42,71,64,65,71,40,32,40,14,14,8,10,14,13,Primera División de Chile
G. Escalante,La Serena,Argentina,8,"CDM, CM, CAM",Left,182,33,66,,53,57,62,62,66,71,57,54,62,65,51,60,52,60,66,63,56,50,58,66,61,65,60,71,70,58,74,68,59,64,55,67,70,62,66,7,14,13,12,15,7,Primera División de Chile
S. Díaz,La Serena,Chile,6,"CDM, CM",Right,173,30,64,,58,56,61,59,65,67,52,51,54,68,50,56,57,54,69,60,60,57,58,68,69,66,59,73,65,61,68,68,56,56,56,65,66,67,65,15,7,14,7,9,9,Primera División de Chile
F. Mac Allister,La Serena,Argentina,4,"CDM, CB, CM",Right,176,30,63,,57,54,57,59,61,65,50,47,53,60,46,56,55,56,62,60,59,55,61,61,62,69,58,66,64,58,67,64,55,55,52,59,65,56,66,13,9,10,9,15,7,Primera División de Chile
V. Cisternas,La Serena,Chile,13,"CAM, CF",Right,170,30,62,,65,62,63,68,32,52,55,63,45,69,58,69,63,60,57,68,67,64,64,67,67,61,47,56,50,63,51,34,61,66,61,63,31,27,32,7,15,9,11,14,8,Primera División de Chile
C. Michea,La Serena,Chile,25,"CM, CAM",Right,175,26,61,,58,56,61,62,54,59,53,52,51,64,53,65,58,52,64,62,59,58,60,55,63,62,53,66,56,59,57,57,60,64,52,58,53,53,52,11,7,11,7,13,15,Primera División de Chile
I. Rasso,La Serena,Argentina,34,"CB, RB",Right,181,26,64,,61,45,52,54,67,66,50,41,67,57,43,50,48,47,55,57,63,59,54,62,57,61,72,62,66,39,67,68,39,44,43,63,64,71,63,9,12,13,13,11,7,Primera División de Chile
R. Delgado,La Serena,Argentina,33,CB,Right,175,36,63,,50,43,52,52,68,65,48,39,64,60,39,47,43,42,54,51,47,52,53,68,60,60,63,63,66,38,66,62,36,43,46,67,70,71,68,8,8,9,6,11,7,Primera División de Chile
M. Pinto,La Serena,Chile,29,"RW, RB",Right,175,22,60,,68,59,58,62,30,54,62,60,50,60,57,66,61,49,54,59,66,69,65,64,56,59,48,66,51,59,49,30,61,55,55,55,25,29,25,14,11,13,10,7,9,Primera División de Chile
F. Dinamarca,La Serena,Chile,26,"LB, LM",Left,179,22,61,,65,47,56,59,56,58,61,43,54,59,45,59,53,44,52,58,65,65,57,56,63,60,56,63,55,45,58,55,50,51,46,61,57,56,62,6,13,7,8,15,9,Primera División de Chile
B. Gutiérrez,La Serena,Chile,21,"RB, CB",Right,184,24,60,,64,44,54,59,58,60,57,40,54,55,42,58,52,44,58,61,63,65,57,59,56,56,59,62,61,40,56,55,45,48,46,55,53,62,66,13,9,12,8,10,15,Primera División de Chile
Y. Salazar,La Serena,Chile,17,"LB, CB",Left,179,21,61,,66,45,57,58,58,60,61,43,56,59,36,55,52,50,55,59,65,66,64,54,58,55,59,62,59,42,58,56,47,52,48,59,63,56,56,12,14,14,14,13,13,Primera División de Chile
J. Gutiérrez,La Serena,Chile,16,"RW, RB",Right,172,24,65,,71,63,63,69,36,56,62,59,52,63,59,69,68,58,58,69,68,73,68,65,73,70,52,69,53,67,50,39,66,66,56,63,34,34,26,15,10,14,12,6,8,Primera División de Chile
L. Alarcón,La Serena,Chile,5,"CB, CDM",Left,189,26,63,,59,44,50,54,65,66,47,39,61,57,45,49,47,48,49,59,58,60,53,61,54,59,63,60,67,42,70,63,40,43,37,59,67,67,64,12,9,11,11,7,10,Primera División de Chile
M. Pérez,La Serena,Chile,3,"RB, RM",Right,192,21,65,,70,49,61,58,64,68,64,42,58,65,46,59,61,50,61,56,71,70,61,61,59,60,68,72,69,52,62,63,51,56,49,60,67,63,68,12,8,6,10,6,10,Primera División de Chile
A. Zanini,La Serena,Argentina,2,CB,Right,193,29,61,,55,44,51,52,63,64,48,40,65,56,36,47,35,39,59,57,55,55,43,60,51,58,69,59,66,41,64,62,36,44,44,61,66,62,57,13,11,10,10,12,9,Primera División de Chile
I. Sáez,La Serena,Chile,38,GK,Left,181,21,59,,36,15,30,27,16,46,19,10,21,36,10,13,18,16,34,33,37,36,30,60,40,34,49,35,55,10,34,22,10,32,21,37,13,16,11,66,57,52,60,64,30,Primera División de Chile
J. Tapia,La Serena,Chile,31,GK,Left,186,24,62,,35,21,28,31,21,45,15,14,22,36,14,18,21,13,28,35,39,32,39,54,41,38,47,34,54,20,38,29,11,34,29,50,18,19,16,69,61,56,59,61,41,Primera División de Chile
E. Sanhueza,La Serena,Chile,22,GK,Right,183,30,62,,35,21,31,31,20,46,16,15,22,39,14,18,15,20,34,36,37,33,39,56,38,43,51,38,55,13,34,28,14,35,25,45,22,14,16,63,64,57,59,65,42,Primera División de Chile
M. Hernández,La Serena,Chile,12,GK,Right,186,16,56,,33,16,23,24,14,42,10,10,19,29,10,10,14,10,27,31,35,32,29,52,36,34,39,34,51,12,29,17,10,27,18,33,14,10,10,60,57,52,55,62,36,Primera División de Chile
F. Lanzillotta,La Serena,Argentina,1,GK,Right,184,33,67,,38,27,37,35,24,50,21,21,28,45,16,25,19,23,41,37,45,32,36,67,50,48,56,42,56,24,43,34,20,44,23,48,22,18,23,70,67,59,62,71,42,Primera División de Chile
N. Montiel,Everton CD,Argentina,40,ST,Right,176,21,61,,64,59,53,58,29,60,51,59,60,57,58,57,53,54,48,57,64,64,59,60,61,62,61,58,63,53,54,32,67,52,66,60,26,23,18,9,15,13,8,10,8,Primera División de Chile
S. Sosa,Everton CD,Uruguay,33,"ST, CF",Right,183,32,66,,67,68,55,65,31,66,55,69,64,57,67,61,57,54,51,71,64,70,63,65,59,69,68,62,69,67,62,26,69,55,65,69,25,30,29,8,7,14,6,10,8,Primera División de Chile
C. Palacios,Everton CD,Uruguay,30,ST,Left,173,36,66,,60,67,57,63,31,64,55,66,64,63,66,61,54,53,52,63,58,62,68,71,62,71,72,62,65,63,61,29,70,56,65,68,27,27,25,11,15,7,11,8,12,Primera División de Chile
J. Alfaro,Everton CD,Chile,9,"ST, RM, RW",Right,166,25,61,,62,61,52,62,25,58,48,59,57,54,61,63,52,49,49,61,63,61,62,63,67,65,52,62,59,58,53,25,71,55,60,60,21,22,18,8,14,11,11,7,8,Primera División de Chile
B. Martínez,Everton CD,Argentina,29,"LM, RW, CM",Left,170,27,65,,69,62,64,67,44,60,66,61,48,66,57,63,56,59,62,69,72,66,74,66,69,65,48,71,56,66,58,47,60,65,60,61,42,42,47,12,11,12,8,9,11,Primera División de Chile
A. León,Everton CD,Chile,28,"RM, LM",Right,174,19,60,,69,56,60,63,39,57,61,56,43,65,48,62,60,46,59,63,65,72,69,58,65,57,51,67,55,54,50,44,57,55,59,55,37,38,35,13,9,10,15,14,15,Primera División de Chile
S. Reinoso,Everton CD,Chile,27,"CM, CDM",Right,179,17,57,,55,52,58,58,49,57,54,47,46,63,43,62,53,52,60,58,56,54,49,54,52,57,56,60,56,59,57,43,54,55,52,55,48,54,51,7,13,6,8,6,9,Primera División de Chile
J. Hernandez,Everton CD,Chile,26,"LB, RB",Left,179,19,58,,64,47,54,54,56,54,51,45,51,59,39,54,52,43,52,53,63,64,60,54,62,57,54,63,51,43,52,54,46,53,43,50,59,57,58,13,12,8,12,8,7,Primera División de Chile
B. Berríos,Everton CD,Chile,21,"CM, CDM, RB",Right,168,28,64,,63,56,67,64,56,61,64,52,48,68,47,64,62,60,68,62,63,63,70,66,73,58,59,68,59,64,60,59,55,72,60,64,53,58,57,13,10,12,11,6,10,Primera División de Chile
J. Ovalle,Everton CD,Chile,20,"CAM, CM, LM",Right,167,26,63,,61,64,62,67,35,56,55,61,43,67,57,67,62,61,58,67,60,61,71,62,73,69,49,67,54,69,50,40,63,65,66,65,35,30,31,14,9,15,10,15,12,Primera División de Chile
R. Rebolledo,Everton CD,Chile,16,CDM,Right,182,19,57,,54,47,56,53,60,61,47,44,58,64,38,51,47,52,57,56,52,55,50,56,50,51,52,58,61,48,65,59,51,55,50,50,65,58,54,15,8,10,7,8,12,Primera División de Chile
E. Ramos,Everton CD,Chile,11,"LM, LW, ST",Right,179,21,61,,71,54,58,63,39,57,60,52,54,57,51,69,57,57,53,57,72,70,62,62,61,60,54,70,53,54,52,36,53,62,51,61,37,37,39,15,12,15,14,6,15,Primera División de Chile
A. Medina,Everton CD,Uruguay,10,"CAM, ST, CM",Left,171,28,68,,68,68,68,72,39,55,66,68,51,69,67,70,66,66,66,74,68,68,76,69,74,67,55,63,49,69,62,40,72,72,66,69,39,35,35,14,15,7,9,10,15,Primera División de Chile
J. Moya,Everton CD,Chile,7,"CM, CDM, RM",Right,181,32,67,,61,61,66,68,60,65,64,57,61,67,59,68,63,62,71,68,63,59,68,65,64,67,59,75,61,68,64,64,60,66,54,73,59,57,58,6,8,7,13,12,11,Primera División de Chile
G. Charrupí,Everton CD,Colombia,6,"CDM, CM",Right,182,22,61,,52,52,58,57,61,63,51,47,58,61,43,55,49,56,63,57,53,52,55,66,56,63,60,67,61,53,63,63,51,60,51,63,57,63,63,11,14,11,8,15,7,Primera División de Chile
V. Vidal,Everton CD,Chile,37,"CB, RB",Right,183,22,61,,60,43,49,49,67,61,48,38,66,58,35,45,39,39,53,51,57,63,48,59,54,56,58,62,63,42,56,67,42,37,41,54,65,70,61,15,14,14,11,10,9,Primera División de Chile
D. Oyarzún,Everton CD,Chile,24,CB,Right,185,33,66,,59,48,54,53,69,69,49,46,71,61,44,47,46,51,57,55,60,58,53,65,59,59,63,66,71,46,67,64,40,47,49,66,72,65,76,10,7,8,7,14,11,Primera División de Chile
M. Guzmán,Everton CD,Chile,23,RB,Right,173,22,61,,65,45,56,57,60,60,65,43,49,57,45,55,53,46,56,56,66,65,61,62,63,52,57,63,57,43,64,56,50,50,43,55,62,64,61,15,14,12,14,9,13,Primera División de Chile
V. Vega,Everton CD,Chile,19,"RB, CB",Right,174,22,59,,61,46,50,56,55,58,46,42,49,55,35,51,50,46,51,60,61,61,62,57,59,55,50,70,54,49,56,57,44,48,49,54,55,54,63,12,13,13,15,10,7,Primera División de Chile
C. Barrera,Everton CD,Chile,17,"RM, RB",Right,176,28,61,,66,58,58,62,42,54,60,57,46,58,51,61,59,58,57,61,72,61,68,57,68,57,50,65,48,60,55,48,61,58,59,58,38,41,46,9,12,10,6,13,10,Primera División de Chile
V. Fernández,Everton CD,Chile,15,"LB, LM",Left,179,27,61,,66,48,56,60,59,62,59,47,54,58,40,59,53,46,57,60,64,68,67,60,61,56,56,66,63,46,55,58,44,52,50,52,58,61,61,9,13,7,11,9,7,Primera División de Chile
N. Baeza,Everton CD,Chile,14,"LB, CM, CDM",Left,178,29,61,,69,44,56,60,60,56,61,40,53,58,41,55,46,48,56,64,66,72,67,60,61,49,56,61,52,46,60,58,47,52,45,56,60,61,68,8,7,6,14,10,8,Primera División de Chile
L. Soto,Everton CD,Chile,8,"RB, CAM, RM",Right,173,23,64,,69,52,57,64,60,59,58,48,54,62,51,61,53,49,57,67,64,73,67,65,70,60,59,69,56,52,56,55,52,52,50,58,64,61,65,10,11,15,9,12,14,Primera División de Chile
R. González,Everton CD,Argentina,5,"CB, CDM",Right,183,35,65,,56,48,52,52,69,67,49,45,68,60,37,45,45,47,55,54,53,59,52,66,61,60,71,60,68,47,70,69,42,40,43,68,70,71,64,12,12,6,14,15,11,Primera División de Chile
H. Magallanes,Everton CD,Uruguay,4,"CB, CDM",Right,190,29,63,,55,41,49,52,65,69,42,33,61,55,34,47,49,46,53,55,54,55,52,63,48,59,65,61,73,43,69,63,41,41,49,59,65,68,64,10,7,8,8,11,14,Primera División de Chile
Ó. Opazo,Everton CD,Chile,2,RB,Left,169,35,64,,62,48,57,60,60,62,62,42,48,58,46,59,59,48,56,56,60,63,73,67,65,59,58,65,61,48,62,61,51,53,52,65,62,62,60,8,11,13,15,11,7,Primera División de Chile
E. Bustamante,Everton CD,Chile,34,GK,Right,187,18,57,,37,16,26,24,15,38,13,11,12,31,10,16,10,12,30,23,40,35,36,50,40,33,46,29,44,15,31,20,10,33,15,36,15,13,10,52,55,49,50,60,32,Primera División de Chile
E. Kirkman,Everton CD,Chile,25,GK,Right,184,24,62,,35,22,32,31,20,50,20,15,23,38,17,20,19,17,39,36,32,37,38,54,38,42,44,42,59,20,38,26,15,34,22,46,18,20,16,59,63,55,59,63,39,Primera División de Chile
I. Esquenazi,Everton CD,Chile,12,GK,Right,182,22,58,,37,17,28,25,15,43,19,10,24,33,11,15,19,12,35,28,34,39,30,55,32,39,46,35,49,15,38,23,10,31,17,40,11,13,10,57,56,50,54,64,33,Primera División de Chile
I. González,Everton CD,Chile,1,GK,Right,184,36,66,,35,22,34,33,23,53,14,14,24,44,14,22,18,26,35,37,32,37,34,65,46,48,56,43,60,18,49,33,16,40,26,44,20,20,22,69,65,57,67,68,45,Primera División de Chile
M. Moreno,Universidad Católica,Argentina,51,RW,Right,179,19,55,,65,55,53,58,24,51,54,55,40,56,51,58,53,48,48,59,63,66,61,49,56,58,45,55,53,51,43,26,60,52,50,55,23,18,24,14,12,8,11,7,6,Primera División de Chile
M. Langenbach,Universidad Católica,Chile,50,ST,Right,178,29,62,,62,63,53,62,29,61,52,66,61,56,65,64,55,52,50,59,62,62,65,66,61,59,62,61,64,59,52,29,65,50,60,61,25,24,21,11,7,15,10,8,8,Primera División de Chile
A. Pérez,Universidad Católica,Chile,43,"ST, CF",Right,177,17,56,,58,60,46,52,20,58,45,64,55,52,60,51,48,43,39,51,58,58,57,50,53,57,62,52,64,52,51,20,58,42,61,56,19,13,13,6,12,10,6,8,15,Primera División de Chile
N. Pino,Universidad Católica,Chile,42,"CB, CDM",Right,185,19,57,,52,39,48,47,61,59,43,32,60,57,34,41,36,41,54,53,53,51,47,46,54,55,59,57,60,40,58,62,33,36,38,51,63,62,55,7,12,11,7,15,10,Primera División de Chile
N. Girón,Universidad Católica,Colombia,38,RW,Left,167,19,57,,65,60,54,62,23,49,53,64,33,57,46,64,55,50,50,63,69,62,61,55,69,65,44,58,48,54,43,21,57,56,54,49,23,22,21,7,14,15,11,12,10,Primera División de Chile
D. Valencia,Universidad Católica,Chile,30,"RW, ST",Left,184,26,62,,69,58,59,64,33,56,61,56,53,60,55,66,60,54,51,63,68,69,63,61,61,61,52,62,56,59,49,34,65,60,56,62,31,31,25,8,9,8,15,6,9,Primera División de Chile
D. Corral,Universidad Católica,Chile,25,RW,Right,173,21,62,,72,65,60,63,31,53,62,69,47,61,59,66,67,56,54,59,74,70,63,68,67,61,46,66,47,61,54,31,66,59,58,57,32,26,23,11,11,14,8,6,13,Primera División de Chile
M. Gómez,Universidad Católica,Argentina,22,LW,Right,178,20,58,,65,61,58,61,28,49,56,68,46,62,61,64,59,57,52,58,61,69,66,56,58,56,45,57,48,53,43,31,64,58,52,53,23,25,29,10,14,15,14,15,12,Primera División de Chile
J. Rossel,Universidad Católica,Chile,18,"ST, LW",Left,182,21,60,,63,61,48,59,29,60,48,61,64,50,59,57,54,56,36,62,59,66,60,64,59,65,63,55,65,58,55,27,65,48,63,55,28,22,21,8,8,13,8,14,6,Primera División de Chile
C. Montes,Universidad Católica,Chile,11,"RW, LW, CAM",Right,178,25,68,,76,66,67,71,38,61,68,67,58,72,68,71,68,60,62,72,75,76,70,70,71,67,54,70,61,63,52,37,73,64,64,69,31,39,37,6,11,7,7,6,14,Primera División de Chile
F. Zampedri,Universidad Católica,Chile,9,"ST, CF",Right,184,38,70,,59,73,60,68,38,68,59,77,72,62,72,67,64,53,55,68,62,56,71,75,69,76,65,61,72,64,66,34,75,60,69,71,39,30,35,11,15,6,13,15,11,Primera División de Chile
J. Giani,Universidad Católica,Argentina,7,"LW, ST, RW",Left,180,27,71,,78,71,68,74,42,67,70,72,57,68,59,78,65,66,61,71,75,81,76,74,71,72,67,75,66,68,59,47,75,70,69,68,42,37,37,11,9,15,13,8,11,Primera División de Chile
L. Barraza,Universidad Católica,Chile,52,"RM, RW",Right,175,18,58,,67,52,56,55,39,50,60,54,41,57,51,52,59,49,57,58,64,69,56,53,62,52,50,60,43,48,55,37,56,51,51,50,36,43,37,9,14,8,7,15,14,Primera División de Chile
V. Olivares,Universidad Católica,Chile,48,CDM,Right,178,19,58,,54,49,53,54,59,63,48,47,54,55,36,48,50,47,64,60,51,57,52,55,56,57,53,65,64,50,62,59,43,50,49,60,60,61,59,14,14,8,6,10,6,Primera División de Chile
V. León,Universidad Católica,Chile,28,CAM,Right,178,20,59,,59,57,58,62,32,53,54,54,45,57,61,61,61,57,58,63,60,59,64,60,63,62,51,58,52,58,48,32,62,65,56,56,32,27,29,11,8,10,8,11,14,Primera División de Chile
J. Valencia,Universidad Católica,Colombia,20,"CDM, CM, CAM",Right,172,30,69,,59,60,64,68,70,70,54,54,61,68,53,68,61,61,73,67,63,55,66,72,69,69,64,69,69,63,76,73,63,63,60,72,71,71,69,12,15,9,9,14,11,Primera División de Chile
G. Medel,Universidad Católica,Chile,17,CDM,Right,171,39,65,,45,59,60,62,67,68,51,59,55,67,44,60,57,51,62,63,45,45,65,65,60,63,58,71,67,58,71,69,58,57,59,67,69,70,63,12,15,6,10,13,11,Primera División de Chile
C. Cuevas,Universidad Católica,Chile,15,"LB, CAM, CM",Left,172,31,67,,72,55,63,66,64,64,71,53,54,65,47,65,57,53,62,64,73,71,75,68,72,63,64,71,62,55,62,62,59,58,49,67,64,66,70,14,11,8,12,7,9,Primera División de Chile
J. Martínez,Universidad Católica,Chile,14,"CAM, CM, CDM",Right,178,29,64,,62,65,65,70,37,53,64,66,49,64,63,73,62,65,63,69,63,61,68,62,67,62,50,57,52,66,53,43,66,68,62,64,36,33,31,10,9,8,10,8,11,Primera División de Chile
A. Canales,Universidad Católica,Chile,13,"CAM, CM",Right,189,26,64,,67,64,64,68,38,61,64,67,53,64,56,71,62,64,57,68,65,69,64,62,62,64,49,63,65,57,53,40,69,70,64,64,37,37,27,9,11,9,12,15,9,Primera División de Chile
M. Palavecino,Universidad Católica,Argentina,10,"CAM, CM",Right,180,28,66,,71,66,67,68,39,58,67,64,57,66,62,66,69,64,62,71,69,72,69,65,67,71,54,62,57,69,55,45,65,74,63,69,36,34,35,13,13,12,8,8,7,Primera División de Chile
F. Zuqui,Universidad Católica,Argentina,8,"CAM, CDM, CM",Left,170,34,65,,60,66,67,70,35,53,62,64,46,67,53,73,67,66,66,67,67,55,74,65,68,70,52,58,50,71,54,38,68,71,64,66,31,33,34,10,6,15,12,9,9,Primera División de Chile
A. Farías,Universidad Católica,Argentina,5,"CB, CDM, CM",Right,178,38,64,,53,46,51,55,64,64,51,38,63,56,43,51,40,43,53,55,53,53,59,67,60,66,61,63,65,50,65,66,40,47,37,64,64,62,72,7,10,12,13,12,13,Primera División de Chile
R. Vega,Universidad Católica,Chile,49,LB,Right,178,20,58,,67,44,55,56,56,56,57,39,51,62,43,58,44,40,52,52,63,70,60,53,66,53,60,60,55,45,53,55,47,51,45,49,58,55,60,11,10,7,7,6,8,Primera División de Chile
J. Sekgota,Universidad Católica,Chile,46,CB,Right,182,19,58,,55,36,49,48,64,63,44,30,64,59,33,45,39,33,51,49,54,56,47,57,50,52,59,55,68,32,63,64,33,40,40,52,63,67,63,11,12,7,12,8,9,Primera División de Chile
J. Salas,Universidad Católica,Chile,44,"LB, RB",Right,182,18,56,,64,43,52,52,54,57,55,42,47,56,37,51,49,45,54,52,63,64,54,55,57,49,50,61,58,39,53,52,41,43,45,51,56,55,55,13,11,7,11,8,15,Primera División de Chile
N. L'Huillier,Universidad Católica,Chile,39,LB,Left,176,21,61,,69,48,56,59,59,57,60,42,53,55,44,57,54,51,57,59,67,70,61,63,60,60,58,62,55,49,56,60,52,55,43,62,59,59,59,9,6,10,6,14,7,Primera División de Chile
J. Meneses,Universidad Católica,Chile,37,CB,Right,176,18,57,,54,36,45,46,56,54,39,32,56,54,32,43,40,35,49,46,55,54,49,52,52,49,61,52,53,35,55,57,32,37,37,52,55,57,56,8,7,12,10,15,13,Primera División de Chile
F. Daza,Universidad Católica,Chile,34,"CB, RB",Left,180,18,55,,49,36,44,43,59,57,40,31,61,53,32,35,40,30,44,49,51,48,43,49,46,52,65,52,58,35,61,58,30,36,32,52,57,63,55,8,6,13,6,6,13,Primera División de Chile
B. Cerezo,Universidad Católica,Chile,28,RB,Right,177,31,64,,63,52,61,63,62,65,63,49,54,63,48,64,56,45,65,59,62,64,71,65,67,62,64,66,64,50,65,70,51,56,47,68,60,61,68,15,8,6,11,9,11,Primera División de Chile
J. Díaz,Universidad Católica,Argentina,26,"CB, RB",Right,182,28,61,,53,42,48,51,64,63,44,37,63,55,33,44,42,40,51,57,56,51,46,58,55,56,60,62,63,42,67,63,33,39,39,61,65,64,64,8,14,11,11,9,14,Primera División de Chile
T. Asta-Buruaga,Universidad Católica,Chile,23,"RB, CB",Right,187,29,63,,68,50,56,59,62,60,65,48,58,58,45,53,53,51,54,62,65,70,64,60,61,55,59,63,60,52,57,58,46,46,46,64,65,63,61,9,7,9,9,8,8,Primera División de Chile
A. García Basso,Universidad Católica,Argentina,21,"CB, LB",Right,178,34,65,,53,45,52,55,70,66,54,39,65,58,42,50,46,43,55,58,53,53,55,65,58,62,64,62,69,42,65,69,36,42,46,64,73,71,66,11,13,14,13,8,14,Primera División de Chile
B. Ampuero,Universidad Católica,Chile,19,CB,Right,180,33,68,,58,49,56,56,70,68,49,41,70,63,46,53,49,43,63,54,56,60,58,69,66,65,65,63,71,52,67,69,47,53,48,70,72,72,64,8,6,10,10,15,14,Primera División de Chile
S. Arancibia,Universidad Católica,Chile,6,RB,Right,172,20,66,,73,50,61,63,60,64,66,46,53,64,47,60,58,53,58,65,69,76,69,61,70,58,67,74,59,51,63,55,52,54,52,58,66,56,67,13,6,10,10,14,14,Primera División de Chile
I. Pérez,Universidad Católica,Chile,4,"CDM, CB",Left,182,20,59,,56,49,57,55,60,64,48,45,57,63,47,55,52,50,60,55,58,54,50,53,58,58,59,65,62,51,67,60,51,58,50,56,58,61,61,13,13,8,10,6,11,Primera División de Chile
E. Mena,Universidad Católica,Chile,3,"LB, LM",Right,173,38,66,,58,52,62,66,64,59,63,48,59,66,45,64,57,52,62,65,58,58,72,69,76,61,59,65,54,51,62,65,55,56,52,69,62,66,64,15,14,9,6,14,15,Primera División de Chile
D. Gónzalez,Universidad Católica,Chile,2,"CB, RB",Right,184,24,67,,65,46,54,59,69,68,51,39,67,58,45,57,45,47,61,58,61,69,58,67,67,59,67,65,68,49,74,69,44,51,44,71,65,74,68,11,12,9,12,11,15,Primera División de Chile
M. Meza,Universidad Católica,Chile,50,GK,Right,184,19,58,,35,16,28,23,15,41,16,10,16,33,10,14,18,16,27,23,37,33,31,56,38,35,50,29,50,16,32,22,10,40,13,35,14,13,12,54,60,46,60,61,37,Primera División de Chile
D. Melo,Universidad Católica,Chile,27,GK,Left,179,33,64,,36,21,34,32,20,49,20,11,30,39,14,21,17,23,35,34,40,33,40,61,39,47,55,44,55,16,40,28,19,45,32,51,15,17,16,65,61,58,65,70,46,Primera División de Chile
M. Contreras,Universidad Católica,Chile,24,GK,Right,188,21,58,,33,17,26,24,15,39,14,10,16,33,10,13,10,11,30,27,32,33,35,52,39,42,45,32,43,10,37,21,10,33,20,34,18,10,12,59,57,49,59,58,36,Primera División de Chile
F. Valdés,Universidad Católica,Chile,12,GK,Right,185,20,54,,30,16,23,22,14,35,10,10,18,29,10,10,11,10,22,27,30,30,31,45,33,39,42,29,41,10,28,21,10,31,17,33,13,10,10,57,52,47,57,55,35,Primera División de Chile
V. Bernedo,Universidad Católica,Chile,1,GK,Right,187,25,67,,40,25,38,35,24,52,25,18,29,46,13,23,22,21,40,39,41,40,43,60,42,52,49,44,60,21,44,34,18,46,23,47,19,22,20,68,65,62,69,66,42,Primera División de Chile
