short_name,club_name,nationality_name,club_jersey_number,player_positions,preferred_foot,height_cm,age,overall,seleccion,pace,shooting,passing,dribbling,defending,physic,attacking_crossing,attacking_finishing,attacking_heading_accuracy,attacking_short_passing,attacking_volleys,skill_dribbling,skill_curve,skill_fk_accuracy,skill_long_passing,skill_ball_control,movement_acceleration,movement_sprint_speed,movement_agility,movement_reactions,movement_balance,power_shot_power,power_jumping,power_stamina,power_strength,power_long_shots,mentality_aggression,mentality_interceptions,mentality_positioning,mentality_vision,mentality_penalties,mentality_composure,defending_marking_awareness,defending_standing_tackle,defending_sliding_tackle,goalkeeping_diving,goalkeeping_handling,goalkeeping_kicking,goalkeeping_positioning,goalkeeping_reflexes,goalkeeping_speed,league_name
G. Ramírez,CD Jaguares,Colombia,31,"ST, LW",Right,175,18,59,,64,62,48,56,24,58,44,66,51,51,60,58,50,49,41,55,63,65,55,55,60,62,62,59,59,54,51,24,65,53,57,51,19,20,23,13,14,12,6,14,13,Primera A de Colombia
S. Cubides,CD Jaguares,Colombia,24,RW,Right,194,26,65,,75,62,62,66,34,59,65,60,60,61,59,65,67,57,56,70,78,73,65,65,53,64,59,65,59,64,52,35,65,66,61,64,26,34,26,6,11,12,9,13,7,Primera A de Colombia
F. Gil,CD Jaguares,Colombia,20,"RW, RM",Right,178,31,67,,72,64,65,69,36,59,68,65,53,64,63,69,68,66,61,69,68,75,71,66,67,67,57,70,56,59,53,33,74,64,60,75,37,33,31,14,12,7,13,6,6,Primera A de Colombia
D. López,CD Jaguares,Colombia,17,"RW, ST",Left,176,34,68,,71,67,66,72,36,57,71,66,49,66,62,77,64,65,57,70,72,71,69,68,65,70,57,64,55,64,53,39,71,67,70,63,35,33,30,10,14,6,12,13,15,Primera A de Colombia
A. Rentería,CD Jaguares,Colombia,11,"ST, LW",Right,181,33,68,,68,73,57,65,35,68,54,80,70,59,68,61,55,58,45,67,68,68,69,67,61,69,71,67,71,64,60,30,74,65,59,73,31,33,30,13,14,13,6,11,7,Primera A de Colombia
J. Mejía,CD Jaguares,Colombia,9,"LW, ST",Left,183,26,63,,70,60,60,65,32,56,60,64,52,61,59,66,62,59,62,65,67,72,64,66,62,55,59,66,52,56,51,30,61,58,59,58,27,34,26,7,11,6,6,6,13,Primera A de Colombia
D. Rodríguez,CD Jaguares,Colombia,8,"RW, RM",Right,165,30,65,,72,63,64,70,30,55,71,62,48,65,60,72,67,64,59,66,76,68,74,66,72,66,51,60,53,61,53,31,68,58,62,68,29,26,30,13,15,6,15,7,9,Primera A de Colombia
W. De La Rosa,CD Jaguares,Colombia,7,"RW, RM, LW",Left,166,33,66,,71,63,64,66,33,58,67,61,41,64,60,62,64,61,61,67,72,70,75,67,73,68,52,69,55,60,54,34,70,63,60,65,32,35,24,10,8,10,7,13,10,Primera A de Colombia
R. Pérez,CD Jaguares,Colombia,30,CM,Left,183,19,59,,58,54,60,60,52,61,54,47,50,61,47,61,55,58,62,60,60,56,60,60,57,55,53,63,64,68,51,53,54,64,56,59,48,57,52,13,13,15,9,12,7,Primera A de Colombia
D. Zuluaga,CD Jaguares,Colombia,28,CM,Right,178,20,60,,57,53,62,61,51,56,55,50,48,65,52,61,59,56,62,62,61,53,58,59,64,57,53,61,54,54,56,50,55,67,53,59,52,52,48,15,7,7,9,15,15,Primera A de Colombia
F. Gracia,CD Jaguares,Colombia,27,CDM,Right,165,19,59,,58,49,55,58,60,60,53,44,52,58,45,56,52,49,59,59,60,56,59,59,58,58,49,67,54,55,68,64,48,49,46,55,62,59,57,7,15,8,11,7,10,Primera A de Colombia
R. Bustamante,CD Jaguares,Colombia,21,"CDM, CM",Left,179,27,63,,57,53,60,62,66,68,53,48,58,61,54,61,52,51,66,62,55,59,58,68,60,63,62,66,69,56,67,70,53,64,51,64,68,64,64,11,9,10,6,12,15,Primera A de Colombia
C. Cantillo,CD Jaguares,Colombia,19,LB,Left,177,23,61,,68,46,57,59,60,60,58,45,53,59,44,56,55,53,58,59,63,72,68,58,63,53,53,67,57,43,63,62,51,53,42,56,58,63,62,6,15,6,14,11,8,Primera A de Colombia
E. Beltrán,CD Jaguares,Colombia,16,"CAM, ST",Right,176,26,62,,66,62,63,65,36,57,61,61,47,66,58,69,63,58,56,64,60,70,60,64,61,62,54,66,57,65,48,35,66,67,62,63,34,35,31,6,8,14,6,8,9,Primera A de Colombia
J. Maza,CD Jaguares,Colombia,15,"LB, LW, LM",Left,174,31,66,,69,50,64,62,65,62,67,45,55,70,49,60,58,51,59,61,70,69,68,68,67,56,61,72,57,53,62,61,55,61,52,62,68,68,69,11,9,10,8,9,11,Primera A de Colombia
J. Hinestroza,CD Jaguares,Colombia,13,"CDM, CM",Right,176,24,64,,61,56,61,61,66,64,50,53,59,66,46,62,59,56,63,58,60,62,60,64,60,67,59,66,62,56,68,73,61,62,51,68,62,69,61,12,14,11,7,9,8,Primera A de Colombia
C. Álvarez,CD Jaguares,Argentina,10,"CAM, ST",Right,173,34,66,,62,65,64,66,39,57,54,65,52,66,59,69,68,66,61,64,63,61,66,66,66,63,53,62,55,69,56,43,68,72,60,63,37,38,29,8,15,11,7,12,13,Primera A de Colombia
R. Colpa,CD Jaguares,Colombia,5,"CDM, CB, CM",Right,180,31,66,,54,55,65,63,69,66,57,50,63,70,50,63,56,59,64,64,55,53,60,68,59,64,62,67,68,57,62,68,62,68,57,63,68,73,69,10,10,10,14,8,6,Primera A de Colombia
A. Alfonso,CD Jaguares,Colombia,2,RB,Right,173,21,61,,67,47,57,60,58,60,63,45,50,59,42,61,56,46,57,58,66,67,67,56,70,55,56,63,58,47,62,61,46,51,45,54,56,61,55,8,14,12,8,10,10,Primera A de Colombia
C. Henao,CD Jaguares,Colombia,29,CB,Right,187,37,70,,57,52,58,60,71,74,55,48,69,64,43,55,49,47,62,65,51,62,61,61,60,68,74,67,78,52,75,73,46,50,48,67,68,72,71,8,14,9,8,9,11,Primera A de Colombia
M. Flórez,CD Jaguares,Colombia,25,CB,Right,180,21,59,,51,41,45,47,63,58,42,38,59,53,33,42,36,36,48,50,54,49,43,49,53,55,56,60,56,39,62,63,31,38,37,58,62,66,62,8,14,15,12,15,10,Primera A de Colombia
J. Arcila,CD Jaguares,Colombia,23,LB,Left,174,26,62,,67,47,58,59,59,62,64,45,54,62,41,57,51,46,57,57,63,71,66,63,67,55,58,65,60,45,65,59,48,50,46,60,60,60,61,14,9,15,6,10,8,Primera A de Colombia
N. Giraldo,CD Jaguares,Colombia,22,LB,Left,171,33,67,,67,52,62,65,65,64,60,50,57,64,48,59,58,52,66,69,68,66,70,65,70,56,65,71,61,54,63,66,54,63,45,68,64,67,64,15,7,7,6,8,14,Primera A de Colombia
L. Jiménez,CD Jaguares,Colombia,18,"RB, LB",Right,169,29,64,,68,52,57,61,59,59,67,49,51,57,46,59,54,52,57,59,70,66,66,64,68,60,55,69,54,50,62,62,50,49,54,63,57,61,60,15,12,6,8,10,6,Primera A de Colombia
E. Martinez,CD Jaguares,Colombia,14,"RB, LB",Left,182,22,59,,63,46,54,53,57,59,56,41,56,56,38,52,46,49,57,52,62,63,55,56,60,56,53,63,58,46,56,58,54,50,45,59,56,57,60,6,7,14,14,12,13,Primera A de Colombia
J. Lovera,CD Jaguares,Colombia,6,CB,Right,184,21,60,,57,37,47,48,66,63,44,30,69,53,36,42,40,38,54,51,58,57,50,57,48,50,66,60,64,38,62,65,34,36,41,56,63,70,61,10,14,9,15,11,10,Primera A de Colombia
J. Franco,CD Jaguares,Colombia,4,"RB, LB",Right,179,24,65,,68,53,63,61,64,66,69,49,59,67,50,58,58,57,60,62,69,68,66,60,69,59,63,69,67,58,61,61,53,53,53,62,63,68,64,6,9,14,14,7,9,Primera A de Colombia
J. Malagón,CD Jaguares,Colombia,3,"CB, RB",Right,185,33,68,,57,47,57,59,70,68,55,40,72,63,39,54,47,53,59,61,53,61,60,70,58,66,70,64,69,47,69,69,45,51,52,71,67,72,72,13,10,14,13,14,13,Primera A de Colombia
Y. Mosquera,CD Jaguares,Colombia,26,"CB, CDM",Right,192,31,64,,55,43,51,56,67,67,48,39,67,55,39,53,48,41,57,60,54,56,52,64,52,57,65,62,69,41,69,65,40,45,41,62,70,65,66,13,11,9,10,14,6,Primera A de Colombia
F. Mosquera,CD Jaguares,Colombia,12,GK,Right,190,27,62,,37,18,30,30,19,43,15,10,26,36,10,17,17,16,40,35,39,35,36,59,41,40,50,31,51,15,38,31,15,33,18,43,14,14,15,63,56,54,61,62,39,Primera A de Colombia
D. Martínez,CD Jaguares,Colombia,1,GK,Left,180,36,66,,38,24,36,31,22,54,22,15,20,41,22,19,17,21,45,34,36,40,40,65,46,48,51,45,63,20,42,33,12,45,29,48,24,17,16,71,65,60,68,71,45,Primera A de Colombia
E. López,CD Jaguares,Colombia,32,GK,Right,193,22,60,,35,18,28,27,18,44,15,10,22,35,10,17,15,17,32,28,37,34,33,56,40,42,45,41,49,13,34,28,10,33,21,42,11,18,18,59,56,58,57,61,37,Primera A de Colombia
M. Gómez,Chicó FC,Colombia,30,"ST, LW",Right,182,29,61,,67,62,51,58,29,59,51,64,58,51,63,56,55,56,48,58,66,67,63,59,57,61,58,54,64,56,53,23,68,51,57,66,28,30,15,9,10,8,12,11,12,Primera A de Colombia
J. Castillo,Chicó FC,Colombia,19,ST,Left,186,20,60,,67,62,51,57,26,61,51,67,59,58,61,58,47,46,41,55,63,71,63,55,54,60,64,58,65,53,54,21,62,49,62,65,23,24,21,12,15,12,14,6,13,Primera A de Colombia
S. Mera,Chicó FC,Colombia,16,"LM, LW, ST",Left,170,25,64,,70,59,64,68,44,57,70,58,47,64,57,69,68,53,60,66,70,70,75,59,69,59,50,67,56,58,51,45,66,61,57,63,44,41,45,8,7,13,14,6,9,Primera A de Colombia
Y. Martínez,Chicó FC,Colombia,13,LW,Left,173,26,64,,73,61,61,65,32,50,63,62,46,62,58,65,64,62,51,64,72,74,71,67,68,60,57,56,49,60,43,35,69,64,59,64,30,30,28,13,10,13,12,15,10,Primera A de Colombia
I. Camargo,Chicó FC,Colombia,9,"ST, CF",Left,184,26,62,,61,64,50,60,29,63,51,65,61,52,62,58,49,49,39,61,64,59,58,68,59,65,64,62,67,61,54,24,63,56,60,60,27,25,24,10,13,10,9,6,12,Primera A de Colombia
F. Cifuentes,Chicó FC,Colombia,7,"ST, CF",Right,170,24,62,,62,62,52,64,30,61,47,65,62,58,54,62,54,56,44,64,62,62,73,62,69,61,58,63,61,56,58,30,64,49,63,64,29,25,19,10,10,11,14,13,14,Primera A de Colombia
Y. Cabrera,Chicó FC,Colombia,10,"CAM, ST, RW",Right,170,36,66,,58,64,67,70,40,57,63,62,49,68,57,72,65,62,62,68,60,57,70,68,74,71,53,62,54,64,57,42,65,73,67,68,39,38,37,9,12,13,8,10,11,Primera A de Colombia
O. Caicedo,Chicó FC,Colombia,37,RW,Right,171,20,58,,69,56,57,60,29,51,57,56,44,60,52,60,57,58,52,59,67,70,66,55,62,59,47,61,50,55,41,35,64,56,54,54,27,26,18,7,12,13,8,8,15,Primera A de Colombia
L. Carabalí,Chicó FC,Venezuela,36,ST,Right,179,19,59,,59,59,50,58,27,56,46,62,59,60,56,57,47,42,41,59,57,60,57,57,60,58,56,57,55,55,55,23,65,47,58,55,25,23,22,8,9,9,12,9,13,Primera A de Colombia
J. Campo,Chicó FC,Colombia,39,LW,Left,168,18,57,,66,54,50,60,27,47,53,52,42,47,59,57,53,52,44,63,64,68,63,53,65,58,47,56,44,53,44,28,58,57,50,52,27,24,16,14,15,12,6,7,11,Primera A de Colombia
E. Sarria,Chicó FC,Colombia,17,"RW, RM",Right,173,26,64,,75,62,62,66,32,54,64,64,49,62,57,65,62,54,60,66,68,81,71,63,69,59,55,63,51,58,49,34,67,62,62,61,27,31,26,12,12,12,9,10,9,Primera A de Colombia
A. Maya,Chicó FC,Colombia,29,ST,Right,183,22,61,,63,61,52,58,28,60,49,64,68,59,59,55,55,50,42,58,62,64,61,66,59,55,64,56,61,56,60,23,65,50,68,66,25,22,21,6,7,9,11,12,9,Primera A de Colombia
J. Peñaloza,Chicó FC,Colombia,23,"CB, CDM",Right,170,26,64,,57,42,55,53,65,62,55,35,62,63,38,51,45,45,51,51,59,56,56,61,60,55,65,62,60,48,66,65,35,47,44,60,66,68,59,14,7,13,6,7,8,Primera A de Colombia
J. Pimentel,Chicó FC,Colombia,21,"CAM, ST",Right,176,24,62,,63,59,62,70,35,51,58,56,47,64,62,72,65,63,55,69,64,63,70,64,65,62,45,58,49,62,49,36,64,67,59,65,36,31,34,7,8,14,14,6,11,Primera A de Colombia
S. Viveros,Chicó FC,Colombia,20,ST,Right,170,29,61,,63,62,52,61,29,59,52,64,57,54,61,57,53,51,47,64,64,63,66,64,62,63,65,55,60,56,58,26,64,50,62,65,28,24,23,12,14,13,8,15,7,Primera A de Colombia
J. Romana,Chicó FC,Colombia,15,LW,Left,174,20,58,,67,59,52,61,30,49,58,62,46,50,57,64,61,47,44,58,70,65,65,58,59,57,47,56,48,56,45,32,62,56,49,56,28,29,24,8,14,14,9,6,10,Primera A de Colombia
D. Ramírez,Chicó FC,Colombia,11,"RM, LM, CAM",Left,161,25,63,,71,59,61,68,44,58,63,58,40,65,56,71,65,50,55,66,68,74,70,68,67,56,45,69,53,64,58,46,60,57,55,55,44,44,41,7,14,11,15,11,14,Primera A de Colombia
S. Salazar,Chicó FC,Colombia,8,"CM, CAM, CDM",Left,180,31,67,,62,63,68,71,59,65,65,62,59,69,52,73,59,64,69,70,61,62,69,70,61,62,64,73,62,68,64,63,62,70,58,72,57,57,59,14,14,11,7,6,12,Primera A de Colombia
J. Díaz,Chicó FC,Colombia,26,"CM, CDM",Right,183,25,62,,60,57,62,61,53,63,59,55,55,65,51,62,56,57,64,61,60,60,58,61,61,61,55,68,62,58,61,52,63,62,54,60,52,53,53,7,13,12,7,15,11,Primera A de Colombia
J. Mena,Chicó FC,Colombia,5,CAM,Right,181,24,63,,70,63,65,67,36,58,62,64,54,67,56,64,65,61,59,70,71,69,69,68,64,65,58,59,60,61,53,42,70,71,57,69,34,30,30,8,13,11,12,8,11,Primera A de Colombia
F. Arroyo,Chicó FC,Colombia,31,CDM,Left,175,26,61,,53,52,57,58,62,63,47,49,57,64,45,54,48,56,60,61,55,52,56,62,60,60,57,66,60,53,70,64,53,55,52,63,63,61,62,11,14,12,7,12,14,Primera A de Colombia
J. Cárdenas,Chicó FC,Colombia,28,"RB, LB",Right,176,30,61,,68,45,58,58,60,59,65,44,53,63,38,57,45,45,55,57,68,68,65,57,61,52,58,65,55,41,60,57,45,53,48,57,61,64,58,9,8,9,9,15,13,Primera A de Colombia
S. Palma,Chicó FC,Colombia,25,CB,Right,188,27,62,,58,42,47,50,64,65,45,36,67,54,30,47,40,37,50,52,57,58,47,59,48,54,71,58,69,45,64,61,38,39,43,55,68,60,63,9,15,14,8,14,8,Primera A de Colombia
A. Banguero,Chicó FC,Colombia,24,CB,Right,184,26,64,,59,43,52,53,68,66,47,40,67,60,40,49,41,43,54,55,55,63,49,62,54,56,70,61,67,42,69,61,33,46,44,61,72,69,63,15,12,15,12,11,12,Primera A de Colombia
J. Díaz,Chicó FC,Colombia,22,RB,Right,175,26,61,,66,47,58,60,57,61,66,44,52,59,41,60,53,45,53,59,61,70,64,60,63,54,59,68,58,50,62,56,51,55,44,60,60,54,61,13,15,7,7,9,7,Primera A de Colombia
J. Palacios,Chicó FC,Colombia,18,"CM, CAM",Right,185,30,63,,63,61,67,62,55,62,61,60,58,73,53,58,58,55,67,66,66,61,60,64,63,63,57,64,66,63,51,58,63,68,52,64,51,56,54,15,13,7,8,7,9,Primera A de Colombia
A. Aedo,Chicó FC,Colombia,6,"RB, CDM, CB",Right,173,22,60,,66,48,56,59,56,54,58,45,49,59,40,62,47,44,56,54,63,69,62,58,64,55,54,64,48,49,59,58,45,52,46,61,55,59,58,6,7,10,12,14,8,Primera A de Colombia
J. Mena,Chicó FC,Colombia,4,CB,Right,183,37,68,,55,46,54,57,70,70,51,41,74,61,42,48,50,44,54,64,57,54,59,71,61,60,67,64,73,47,70,71,43,50,45,66,70,68,69,8,7,8,8,12,15,Primera A de Colombia
J. Quiceno,Chicó FC,Colombia,3,LB,Left,173,22,62,,66,44,57,59,62,58,58,38,54,61,47,60,48,45,59,55,61,70,68,56,63,52,54,68,53,47,61,63,50,52,47,60,63,62,64,12,6,13,9,7,9,Primera A de Colombia
A. Saldaña,Chicó FC,Colombia,2,"CB, RB",Left,184,23,62,,57,42,49,53,65,62,47,38,60,57,33,48,42,41,57,57,56,58,51,63,53,52,63,59,63,47,63,63,39,34,38,60,67,67,65,6,10,8,11,11,8,Primera A de Colombia
S. Navarro,Chicó FC,Colombia,14,"RB, RM",Right,178,23,63,,68,49,59,61,62,62,64,48,53,61,47,58,56,50,63,64,65,70,66,58,68,56,62,68,59,45,64,62,49,51,54,57,61,64,65,15,6,7,7,6,6,Primera A de Colombia
J. Alomía,Chicó FC,Colombia,40,CB,Left,205,27,57,,53,41,45,44,61,62,41,37,70,49,28,42,39,38,50,47,49,57,38,53,38,53,69,49,69,43,61,59,32,43,39,57,61,61,57,11,15,7,13,12,12,Primera A de Colombia
J. Pimentel,Chicó FC,Colombia,38,RB,Right,179,18,58,,60,45,54,53,56,58,57,42,59,56,36,46,47,44,56,59,61,59,63,49,61,58,56,63,58,42,54,53,43,49,35,50,53,59,61,8,11,7,11,9,8,Primera A de Colombia
D. Polanco,Chicó FC,Colombia,32,"RB, LB",Right,186,27,61,,67,47,58,58,61,59,63,42,60,57,39,58,54,46,56,55,69,66,59,60,63,56,56,58,62,52,53,59,50,59,44,62,63,59,63,6,12,12,11,10,15,Primera A de Colombia
C. Mosquera,Chicó FC,Colombia,27,RB,Left,172,25,62,,63,46,58,61,61,60,57,41,54,62,46,64,59,47,58,57,61,65,66,60,69,56,58,68,57,43,57,61,55,53,45,55,64,60,65,12,6,7,10,9,7,Primera A de Colombia
C. Blanco,Chicó FC,Colombia,33,"LB, RB",Left,174,27,61,,70,47,56,58,58,57,62,41,47,60,43,58,53,51,53,55,65,74,64,62,67,62,57,62,53,45,59,62,46,49,46,60,57,59,58,13,11,15,12,8,15,Primera A de Colombia
B. Zapata,Chicó FC,Colombia,12,GK,Right,191,26,61,,39,18,29,29,16,48,14,10,23,34,20,21,21,15,30,30,42,37,35,54,43,39,51,39,57,15,38,20,13,38,24,41,15,12,12,67,61,55,65,61,35,Primera A de Colombia
R. Caicedo,Chicó FC,Colombia,1,GK,Left,187,32,66,Colombia,35,25,36,34,25,47,25,19,20,44,11,20,25,19,37,40,37,34,44,61,45,47,54,41,51,20,44,33,15,40,28,50,22,26,18,63,68,57,69,68,48,Primera A de Colombia
L. Quintero,Chicó FC,Colombia,34,GK,Right,190,28,60,,34,17,28,28,18,42,12,10,20,37,13,16,13,21,33,32,33,34,34,52,42,43,46,36,49,10,31,28,11,32,23,40,15,11,21,61,58,56,55,58,39,Primera A de Colombia
D. Agudelo,Chicó FC,Colombia,35,GK,Right,191,29,60,,37,16,31,27,16,41,23,12,19,36,10,15,10,14,32,32,38,36,30,52,41,31,46,29,49,14,36,17,11,38,21,46,15,16,15,63,63,52,61,65,42,Primera A de Colombia
J. Agudelo,Cúcuta,Colombia,32,ST,Right,180,33,66,,62,69,56,64,32,63,53,74,67,57,60,65,56,52,51,61,63,61,63,69,62,68,65,58,66,63,63,26,67,61,68,69,32,27,25,6,13,9,12,6,12,Primera A de Colombia
J. Díaz,Cúcuta,Colombia,31,"RW, ST",Right,183,27,65,,73,64,63,68,36,61,64,64,57,67,63,67,73,62,54,69,76,70,69,68,72,62,58,68,60,67,56,31,67,60,62,62,34,36,33,12,6,14,14,13,12,Primera A de Colombia
G. Torres,Cúcuta,Colombia,11,"ST, RW",Right,181,30,66,,69,68,54,67,34,66,54,73,67,57,66,66,55,55,48,68,70,68,63,66,69,66,72,62,71,61,59,30,71,54,66,66,30,32,28,13,7,15,7,10,9,Primera A de Colombia
J. Peralta,Cúcuta,Colombia,9,ST,Right,188,21,60,,64,62,50,57,27,62,52,63,57,51,62,56,51,52,46,58,66,63,54,65,53,62,59,56,69,60,51,24,69,50,60,62,24,23,20,15,14,9,8,15,12,Primera A de Colombia
H. Beltrán,Cúcuta,Colombia,6,LW,Left,177,20,60,,65,59,56,59,28,53,60,58,42,54,58,59,56,48,53,58,72,59,66,61,63,58,48,54,54,64,51,33,61,59,54,55,28,21,28,12,10,11,14,12,14,Primera A de Colombia
Neneco,Cúcuta,Colombia,77,"CM, CB, CDM",Left,188,31,64,,62,61,65,64,56,63,62,56,55,68,62,65,63,59,64,63,65,60,63,67,58,67,62,68,65,63,54,54,66,65,61,64,52,61,56,6,10,7,10,15,10,Primera A de Colombia
S. Támara,Cúcuta,Colombia,33,RB,Right,175,30,63,,69,47,57,58,59,65,65,43,50,54,44,54,54,53,60,60,66,71,63,62,65,56,56,70,62,45,67,59,52,54,49,59,61,57,66,14,7,11,9,15,15,Primera A de Colombia
L. Ríos,Cúcuta,Argentina,29,"CM, LM",Right,176,28,60,,54,56,60,60,50,61,57,53,54,63,51,53,55,52,59,65,54,54,63,64,62,63,52,67,61,57,54,52,57,61,50,63,48,50,53,14,11,15,7,14,7,Primera A de Colombia
S. Mayo,Cúcuta,Colombia,23,CM,Right,174,23,64,,63,59,64,62,55,62,65,53,53,64,52,60,62,60,68,62,61,64,62,65,64,69,56,69,60,62,59,61,65,62,60,67,54,54,52,15,10,10,12,12,9,Primera A de Colombia
M. Carabalí,Cúcuta,Colombia,21,"LW, LM",Right,169,23,60,,65,58,57,64,28,50,55,58,43,60,55,66,61,48,56,60,62,68,69,60,67,60,49,61,46,54,46,31,60,56,57,59,26,27,19,9,12,6,14,15,13,Primera A de Colombia
D. Pérez,Cúcuta,Colombia,20,LM,Left,178,18,58,,60,53,59,58,41,52,61,50,43,60,50,61,63,52,55,55,61,60,65,49,62,56,44,57,51,57,52,45,53,60,55,50,40,39,37,7,8,6,11,14,11,Primera A de Colombia
K. Londoño,Cúcuta,Colombia,16,"CM, CAM",Right,174,26,63,,60,57,63,64,54,59,56,52,52,65,53,65,59,56,63,63,63,57,62,66,68,68,54,63,55,56,63,53,63,68,52,58,56,52,53,12,8,14,9,6,15,Primera A de Colombia
S. Vásquez,Cúcuta,Colombia,15,CM,Right,177,21,58,,56,52,60,56,47,53,60,49,48,63,48,52,54,55,61,57,60,52,60,60,57,53,51,62,50,57,51,49,50,59,55,59,47,44,48,11,8,10,13,7,7,Primera A de Colombia
B. Rodríguez,Cúcuta,Colombia,13,ST,Right,181,19,59,,59,60,53,58,25,59,50,62,60,58,62,56,53,51,46,61,58,60,55,59,56,60,61,58,62,54,51,27,63,51,58,53,20,22,12,15,12,12,13,7,8,Primera A de Colombia
L. Berdugo,Cúcuta,Colombia,10,"CM, RM, ST",Right,176,24,65,,65,58,63,64,58,58,58,54,51,66,56,60,61,57,65,68,67,63,63,66,64,59,55,65,55,65,56,58,57,63,61,64,60,58,56,7,12,15,14,14,11,Primera A de Colombia
D. Ceballos,Cúcuta,Colombia,8,"CM, CDM",Left,170,27,61,,57,54,59,61,53,57,51,51,48,61,54,61,64,55,59,61,57,57,66,60,62,58,50,62,55,56,56,53,58,64,57,53,54,56,50,8,14,9,6,12,13,Primera A de Colombia
J. Manyoma,Cúcuta,Colombia,7,RM,Right,167,22,61,,67,58,60,65,43,53,56,60,42,64,47,64,66,57,55,66,67,67,68,62,69,55,51,60,52,56,49,45,62,59,58,62,46,40,37,8,13,12,9,11,6,Primera A de Colombia
V. Mejía,Cúcuta,Colombia,5,"CM, CDM, CB",Right,184,33,67,,63,62,69,67,59,65,65,58,60,73,55,64,68,60,71,68,65,61,68,72,67,69,57,69,66,65,61,63,63,69,63,69,59,57,59,13,9,9,13,9,12,Primera A de Colombia
B. Montaño,Cúcuta,Colombia,30,"CB, LB, CM",Right,176,24,63,,57,43,53,54,67,68,48,41,62,60,38,48,45,43,60,58,53,61,53,59,54,55,60,67,69,42,68,70,37,47,37,63,67,67,66,11,14,8,6,11,15,Primera A de Colombia
M. Duarte,Cúcuta,Colombia,27,LB,Left,171,34,68,,68,52,65,67,65,65,67,48,59,70,52,62,60,53,64,69,63,73,74,68,72,60,62,68,63,54,68,67,55,61,50,67,65,65,70,8,7,10,12,7,12,Primera A de Colombia
J. Abonía,Cúcuta,Colombia,26,RB,Right,169,26,64,,73,50,59,64,61,57,63,46,51,62,44,65,49,51,58,61,76,71,67,61,70,60,59,66,53,52,56,65,52,57,52,60,59,63,59,6,7,10,11,8,14,Primera A de Colombia
L. Ochoa,Cúcuta,Colombia,17,"CB, CDM",Right,185,26,62,,59,44,50,54,65,67,48,40,65,56,43,52,44,43,49,54,52,64,59,60,56,55,65,59,69,46,72,67,40,46,39,61,65,66,62,9,14,13,15,15,10,Primera A de Colombia
K. Tamayo,Cúcuta,Colombia,14,"LB, LM",Left,184,26,62,,70,46,60,60,62,63,66,43,59,64,46,59,57,50,56,62,69,70,59,62,60,50,58,70,61,48,62,60,53,54,45,58,61,64,61,15,9,9,10,12,13,Primera A de Colombia
J. Quiñónes,Cúcuta,Colombia,4,CB,Left,188,22,58,,56,38,49,41,61,63,46,32,59,56,39,34,33,42,56,46,57,56,40,56,40,52,66,62,64,37,59,59,31,41,41,55,63,61,60,6,12,13,13,12,7,Primera A de Colombia
D. Calcaterra,Cúcuta,Argentina,3,"CB, CM",Right,188,25,63,,55,42,51,50,66,65,44,38,67,61,35,46,42,41,60,51,52,57,50,61,52,54,68,59,69,44,63,65,39,39,40,61,70,64,62,12,7,6,13,6,10,Primera A de Colombia
H. Lópes,Cúcuta,Argentina,2,"CB, LB",Left,180,35,68,,59,47,58,57,71,70,53,40,72,63,48,54,54,52,63,58,57,61,56,71,59,61,71,66,73,50,65,69,43,53,46,67,73,70,74,11,10,12,7,8,10,Primera A de Colombia
F. Abadía,Cúcuta,Argentina,24,GK,Right,188,28,64,,39,24,32,31,19,50,21,17,19,35,12,18,16,19,33,36,36,41,40,63,47,47,49,42,56,22,43,25,16,45,26,43,22,14,16,65,63,61,63,63,45,Primera A de Colombia
D. Muñoz,Cúcuta,Colombia,12,GK,Right,193,25,60,Colombia,33,18,25,25,18,40,13,11,18,34,11,12,15,16,25,32,36,31,30,54,37,37,48,35,45,17,32,30,14,26,20,38,16,13,18,61,60,58,61,63,42,Primera A de Colombia
J. Ramírez,Cúcuta,Colombia,1,GK,Right,185,29,64,,38,22,33,30,23,47,20,16,27,36,11,17,20,20,35,33,42,35,41,61,41,41,53,38,54,23,37,29,11,44,22,40,18,28,10,66,63,57,67,64,46,Primera A de Colombia
E. Gutiérrez,Internacional de Bogotá,Colombia,27,"ST, CF",Right,176,20,61,,62,63,51,61,28,60,49,65,59,55,61,59,52,53,47,64,61,63,60,64,53,67,64,60,61,58,56,21,64,49,56,61,25,27,25,14,7,9,13,11,7,Primera A de Colombia
J. Caballero,Internacional de Bogotá,Colombia,23,"RW, RM, LW",Right,177,28,65,,67,64,63,68,35,56,69,63,50,64,61,68,67,56,56,68,66,68,68,66,66,63,53,64,55,66,48,32,67,63,59,64,35,34,28,15,6,12,9,15,9,Primera A de Colombia
S. Giraldo,Internacional de Bogotá,Colombia,22,"ST, CF",Left,174,22,64,,69,64,54,61,30,60,50,65,67,56,74,59,55,56,50,62,68,70,59,69,69,65,65,55,62,58,61,24,69,58,63,65,30,25,25,13,8,10,6,12,13,Primera A de Colombia
Y. García,Internacional de Bogotá,Colombia,19,"ST, LW",Right,186,19,58,,65,59,47,57,24,58,43,58,64,51,56,57,53,50,40,59,62,68,55,60,50,59,61,56,61,62,52,18,65,47,55,53,18,23,12,7,14,10,11,15,6,Primera A de Colombia
E. Arboleda,Internacional de Bogotá,Colombia,18,RW,Left,167,30,61,,67,62,60,63,30,54,61,65,45,61,61,65,67,59,53,59,70,65,71,60,71,57,53,61,53,59,48,35,64,59,57,59,30,24,24,12,10,9,8,14,6,Primera A de Colombia
F. Chaverra,Internacional de Bogotá,Colombia,17,"RM, RW",Right,180,23,61,,66,58,59,60,42,55,63,58,53,60,56,58,62,50,59,63,67,66,60,60,56,60,53,62,52,56,52,44,55,55,59,56,40,39,38,14,15,14,9,10,10,Primera A de Colombia
C. Dájome,Internacional de Bogotá,Colombia,11,"RW, LW, CDM",Right,172,32,70,,72,68,67,72,38,64,72,70,58,65,67,74,70,61,60,69,71,73,78,71,74,67,58,75,63,64,56,36,72,70,67,70,37,35,31,8,14,10,7,14,10,Primera A de Colombia
D. Duarte,Internacional de Bogotá,Paraguay,9,"ST, LW, RW",Right,176,24,63,,63,65,52,61,28,60,51,67,61,57,73,59,56,52,44,64,59,67,59,65,57,67,63,57,66,54,49,31,70,51,64,66,20,26,22,8,7,9,7,8,6,Primera A de Colombia
F. Sanguinetti,Internacional de Bogotá,Uruguay,7,"ST, LM, LW",Right,187,26,66,,70,68,57,65,31,68,57,71,70,60,63,67,60,62,52,64,72,69,61,69,60,66,69,69,71,63,58,25,74,55,66,66,30,26,25,13,11,9,6,15,11,Primera A de Colombia
J. Palomeque,Internacional de Bogotá,Colombia,32,"CAM, CM",Right,173,18,56,,62,57,59,59,31,47,55,57,42,61,52,58,60,49,60,61,65,60,60,48,58,52,43,54,46,66,44,36,57,59,52,54,31,28,23,8,7,15,6,11,8,Primera A de Colombia
R. Manjarrés,Internacional de Bogotá,Colombia,24,"CDM, CM",Right,177,26,64,,57,53,59,60,64,66,49,45,62,62,45,56,62,53,60,64,56,57,58,63,62,63,69,72,62,61,69,64,54,66,53,62,60,69,68,7,9,6,7,11,10,Primera A de Colombia
M. Santamaria,Internacional de Bogotá,Colombia,14,CAM,Right,187,21,58,,58,57,58,62,31,51,51,54,49,57,55,62,60,53,58,63,61,56,60,59,56,60,49,49,55,62,46,34,56,67,55,60,29,28,25,11,6,8,10,12,9,Primera A de Colombia
F. Boné,Internacional de Bogotá,Uruguay,10,"CAM, CM, ST",Right,178,30,67,,70,65,71,70,41,60,64,65,54,78,59,68,73,70,65,72,71,69,70,71,73,63,57,64,60,70,55,45,66,71,63,71,41,36,32,15,8,8,8,15,14,Primera A de Colombia
D. Victoria,Internacional de Bogotá,Colombia,8,"CDM, CM",Right,176,25,65,,60,55,62,61,64,70,60,50,59,62,42,56,61,54,64,64,64,57,66,66,61,60,58,71,72,62,66,69,55,65,57,73,63,63,68,6,9,12,13,12,15,Primera A de Colombia
L. Vásquez,Internacional de Bogotá,Colombia,5,"CM, CDM",Left,185,35,68,,61,63,68,68,61,70,64,63,67,69,58,70,61,66,69,68,60,62,67,68,60,67,63,70,71,62,67,60,60,71,62,71,60,62,61,12,12,14,11,7,12,Primera A de Colombia
A. Irazoque,Internacional de Bogotá,Argentina,26,"CB, RB",Left,187,26,65,,61,45,52,52,66,66,52,39,65,59,38,48,46,47,53,52,66,57,53,72,52,61,69,60,68,46,70,63,36,43,48,60,67,67,67,14,10,13,8,13,10,Primera A de Colombia
R. Julio,Internacional de Bogotá,Colombia,25,"RB, RW",Right,173,21,60,,65,45,55,59,60,59,58,41,61,56,44,57,55,51,59,59,63,67,67,58,57,53,57,65,56,46,59,55,46,47,46,55,61,62,63,6,13,8,11,11,10,Primera A de Colombia
J. Castro,Internacional de Bogotá,Colombia,20,"RB, CB",Left,176,29,63,,70,49,60,61,59,61,66,47,53,61,44,57,56,51,61,65,68,71,65,57,65,55,59,64,59,49,62,58,56,54,49,55,60,59,64,7,12,8,6,6,7,Primera A de Colombia
Y. Gómez,Internacional de Bogotá,Colombia,16,LB,Left,182,29,64,,72,51,58,61,59,64,60,50,56,60,44,59,53,50,57,60,68,76,66,62,69,59,60,68,63,47,60,58,51,58,49,57,57,62,64,11,13,11,14,12,15,Primera A de Colombia
M. Pernía,Internacional de Bogotá,Venezuela,13,"LB, LM",Left,177,25,64,,69,47,58,63,61,64,63,42,58,61,46,60,53,53,56,65,70,68,67,68,63,57,62,71,62,47,59,63,50,54,55,64,57,64,66,10,13,15,15,14,12,Primera A de Colombia
M. Amaya,Internacional de Bogotá,Colombia,6,"CB, RB",Right,183,22,59,,54,37,47,49,64,59,38,31,62,57,34,38,38,33,54,59,55,54,47,58,51,52,63,55,61,37,58,66,34,38,41,60,65,65,61,6,15,8,6,14,6,Primera A de Colombia
M. Rodas,Internacional de Bogotá,Colombia,4,"CB, CDM",Right,186,28,65,,57,42,54,53,70,68,49,36,61,63,49,48,45,43,56,58,53,61,50,62,47,53,68,61,71,44,68,74,43,47,46,66,69,72,63,8,7,11,6,15,8,Primera A de Colombia
E. Valencia,Internacional de Bogotá,Colombia,3,LB,Left,179,21,58,,67,45,50,55,56,57,52,39,52,55,40,53,50,41,50,55,66,67,62,59,62,53,56,64,55,52,55,55,46,42,44,53,55,56,60,13,9,14,11,6,10,Primera A de Colombia
C. Vivas,Internacional de Bogotá,Venezuela,2,CB,Left,183,24,68,Venezuela,64,48,57,56,72,71,56,44,73,65,45,51,44,49,58,59,58,68,52,66,56,62,72,65,74,48,70,68,39,50,48,65,77,70,72,12,6,13,6,13,10,Primera A de Colombia
K. Cataño,Internacional de Bogotá,Colombia,33,GK,Left,188,23,59,,32,17,29,26,15,41,10,10,17,39,10,13,10,11,33,30,34,30,36,55,44,36,50,33,48,15,32,20,10,37,18,36,16,10,18,59,55,55,55,60,35,Primera A de Colombia
S. Zapata,Internacional de Bogotá,Colombia,30,GK,Right,187,20,60,,39,16,29,27,17,40,14,10,20,35,10,18,16,15,33,26,35,43,39,47,41,36,48,32,47,12,32,23,10,36,22,39,13,16,14,63,59,55,60,60,34,Primera A de Colombia
I. Carrasco,Internacional de Bogotá,Colombia,12,GK,Right,198,19,58,,37,15,28,26,18,42,11,10,22,35,11,13,20,12,31,32,41,34,36,50,40,32,42,37,46,10,37,28,10,39,18,32,16,14,15,56,55,51,58,59,34,Primera A de Colombia
W. Fariñez,Internacional de Bogotá,Venezuela,1,GK,Right,180,28,66,,42,25,34,34,24,48,23,17,27,37,14,21,19,20,36,38,40,43,40,65,46,49,55,42,53,24,40,32,19,44,27,48,19,24,19,65,73,63,66,68,43,Primera A de Colombia
M. Martínez,Alianza FC,Colombia,77,"ST, CF",Right,175,28,62,,67,62,50,61,26,60,45,63,61,54,67,60,57,51,43,62,66,68,62,62,58,66,66,57,63,54,57,21,66,49,60,68,25,21,22,12,11,7,6,10,12,Primera A de Colombia
J. Valoyes,Alianza FC,Colombia,30,CM,Right,182,17,58,,55,54,58,56,50,57,55,53,50,59,50,55,56,50,56,58,55,55,54,53,57,55,51,63,56,55,53,52,56,62,54,52,50,51,43,11,14,13,11,6,12,Primera A de Colombia
J. Pérez,Alianza FC,Colombia,25,"LW, ST",Right,169,27,63,,73,60,60,67,32,55,64,59,44,58,59,69,66,59,55,64,73,73,66,67,70,61,51,63,53,60,52,36,64,60,63,64,35,25,27,8,6,7,6,15,13,Primera A de Colombia
F. Fiorelli,Alianza FC,Uruguay,19,"ST, CF",Right,182,21,58,,60,61,50,60,24,56,45,63,57,56,59,56,52,49,45,65,58,61,62,56,52,60,60,48,59,57,56,20,65,47,62,60,24,18,17,9,9,12,10,8,10,Primera A de Colombia
C. Vergara,Alianza FC,Colombia,18,ST,Left,184,26,62,,62,63,51,58,29,58,48,64,62,52,64,56,55,51,48,58,63,62,59,65,64,64,63,53,61,58,53,25,68,55,64,61,26,24,26,11,14,15,14,15,11,Primera A de Colombia
F. Pardo,Alianza FC,Colombia,17,"RW, CM, ST",Right,178,36,67,,66,66,65,70,35,61,68,68,52,65,58,70,67,60,59,69,65,67,75,73,72,62,55,65,61,66,57,37,70,67,67,65,33,32,31,13,14,7,13,12,8,Primera A de Colombia
C. Villegas,Alianza FC,Colombia,14,LB,Right,175,21,61,,64,44,56,56,59,57,67,40,57,53,40,55,52,47,58,52,65,63,66,65,64,53,55,66,52,43,59,61,49,53,43,50,62,54,64,9,15,12,12,6,15,Primera A de Colombia
B. Stiven Viafara Aponza,Alianza FC,Colombia,11,"ST, LW",Right,191,19,61,,64,62,51,59,29,59,50,65,63,56,63,59,55,51,45,60,60,68,56,60,51,62,68,50,65,56,54,31,65,49,58,61,25,23,25,6,15,13,14,15,9,Primera A de Colombia
J. Muñoz,Alianza FC,Colombia,8,"LW, RW, LM",Left,170,24,64,,73,61,62,67,32,56,65,59,52,63,61,66,64,54,59,68,77,70,70,67,70,66,50,58,56,61,55,38,65,63,64,64,26,26,34,14,14,12,13,12,14,Primera A de Colombia
E. Pérez,Alianza FC,Colombia,4,"RW, ST",Right,166,20,59,,66,57,57,64,29,47,59,57,40,59,55,67,60,54,49,60,69,63,69,55,71,59,41,57,41,54,50,34,58,57,53,54,27,26,24,10,11,11,12,6,15,Primera A de Colombia
S. Nieto,Alianza FC,Colombia,31,"RW, RM",Right,173,20,59,,68,56,55,66,25,46,57,53,45,55,56,69,56,56,52,66,65,71,67,50,59,60,46,51,45,55,42,25,71,57,55,53,27,19,21,10,10,11,8,10,6,Primera A de Colombia
H. Rada,Alianza FC,Colombia,26,"RW, RM",Left,174,23,60,,66,58,59,61,28,56,65,55,46,58,57,59,62,51,50,63,64,67,61,61,67,56,48,63,57,66,49,28,64,61,59,55,27,26,23,11,10,15,6,12,15,Primera A de Colombia
L. Palacios,Alianza FC,Colombia,88,"LB, LM",Right,170,22,59,,64,45,52,58,58,54,53,45,54,56,39,57,47,41,52,58,66,63,63,55,62,54,55,61,47,38,60,55,51,49,44,56,60,57,64,12,7,9,13,10,6,Primera A de Colombia
W. Fernández,Alianza FC,Uruguay,55,"CAM, CM, RW",Right,182,28,60,,61,60,59,65,33,49,61,60,44,55,58,66,63,55,58,68,60,62,62,60,59,58,49,57,44,64,52,32,62,65,57,59,34,29,29,13,11,13,14,13,9,Primera A de Colombia
J. Rojas,Alianza FC,Colombia,29,"CM, CAM",Left,178,17,56,,55,50,56,59,48,52,46,48,44,60,47,58,52,48,65,62,57,54,54,53,60,55,47,56,49,53,54,51,46,53,52,55,46,53,41,13,12,8,6,6,8,Primera A de Colombia
J. Osorio,Alianza FC,Colombia,28,"RM, LM",Right,175,19,58,,66,52,55,60,42,49,61,50,45,56,47,59,56,56,52,61,67,66,64,58,63,54,43,57,45,54,49,41,55,50,47,47,43,42,36,14,14,6,15,11,10,Primera A de Colombia
Y. Londoño,Alianza FC,Colombia,27,"RM, RW",Right,173,25,63,,71,62,62,62,42,58,68,64,45,63,53,62,63,57,61,60,70,71,66,59,64,60,57,63,58,62,54,47,62,57,60,60,40,43,37,11,10,9,6,13,7,Primera A de Colombia
F. Cantillo,Alianza FC,Colombia,21,"CDM, CM, CAM",Right,183,29,66,,66,57,65,58,68,68,56,53,63,72,48,53,57,57,65,62,64,67,59,60,61,60,61,67,70,64,67,70,58,64,62,64,67,68,67,8,7,13,15,12,10,Primera A de Colombia
L. Villa,Alianza FC,Colombia,20,"CAM, CF",Right,183,19,59,,63,59,60,61,30,53,59,58,46,61,54,61,63,57,59,62,67,60,57,57,61,65,47,61,51,59,48,33,60,62,53,58,29,26,26,12,13,8,13,14,10,Primera A de Colombia
C. Esparragoza,Alianza FC,Colombia,15,"CM, CDM, CAM",Right,178,27,62,,57,58,62,62,55,58,62,57,49,66,51,59,56,58,60,62,61,54,68,68,62,57,56,65,57,63,54,61,58,57,55,61,53,55,53,11,13,11,7,11,8,Primera A de Colombia
D. Quiñónes,Alianza FC,Colombia,10,"CAM, ST, RW",Right,173,31,65,,63,65,68,71,36,53,62,64,44,71,59,75,65,60,66,70,65,62,69,66,66,68,57,65,48,67,50,37,59,72,63,66,38,34,31,15,10,10,13,7,6,Primera A de Colombia
J. Castillo,Alianza FC,Colombia,7,"CDM, CM",Right,175,29,63,,56,53,59,60,63,66,56,52,58,63,42,56,51,55,60,66,54,57,53,63,57,54,59,69,64,58,68,65,57,59,50,64,59,66,63,10,10,12,12,13,14,Primera A de Colombia
E. Meza,Alianza FC,Colombia,6,"CDM, CM",Right,187,26,66,,61,61,63,63,66,67,58,59,64,69,55,58,57,52,64,70,60,61,59,64,58,66,63,73,63,61,72,64,58,63,59,68,65,69,65,13,13,9,10,11,11,Primera A de Colombia
J. Lasso,Alianza FC,Colombia,33,"LB, CDM",Right,173,24,63,,68,50,59,61,64,62,68,46,53,62,43,58,54,49,54,61,68,68,68,62,60,63,58,67,62,48,59,65,48,53,44,62,65,65,63,10,14,10,8,13,8,Primera A de Colombia
J. Viveros,Alianza FC,Colombia,32,"CB, LB",Right,186,22,61,,55,44,49,51,63,64,46,39,65,58,39,48,40,43,52,53,56,54,49,62,46,58,61,57,66,45,67,64,38,38,39,57,64,62,57,12,6,15,14,9,8,Primera A de Colombia
J. Mosquera,Alianza FC,Colombia,30,"LB, LM",Right,183,20,58,,65,39,54,56,54,58,55,34,49,57,42,53,50,48,55,61,65,65,53,49,55,49,56,66,54,38,56,58,47,49,42,53,50,55,56,8,6,7,15,14,10,Primera A de Colombia
E. Banguero,Alianza FC,Colombia,24,"RB, LB",Right,177,25,64,,67,50,61,61,63,63,65,46,57,63,46,63,56,48,60,58,65,69,65,64,63,59,63,72,58,50,62,60,58,59,44,56,65,63,65,12,10,14,9,7,6,Primera A de Colombia
I. Alba,Alianza FC,Colombia,23,RB,Right,178,31,67,,70,51,64,64,61,68,66,46,62,70,43,59,58,49,60,66,71,70,70,67,70,60,64,77,65,54,64,63,57,60,53,66,55,66,60,13,10,6,12,12,15,Primera A de Colombia
J. Figueroa,Alianza FC,Colombia,22,"CB, CDM",Right,180,30,65,,61,47,52,54,67,66,50,45,70,59,34,45,41,43,59,60,64,59,53,63,57,61,65,63,67,43,67,66,38,39,43,64,65,70,66,7,11,7,15,8,7,Primera A de Colombia
Y. Rosales,Alianza FC,Colombia,16,RB,Right,183,25,64,,71,49,61,61,60,66,66,43,57,64,50,59,55,52,54,63,73,69,63,60,63,55,65,67,65,55,68,58,52,58,49,58,64,56,63,6,9,15,8,10,9,Primera A de Colombia
P. Franco,Alianza FC,Colombia,5,CB,Right,184,35,67,,58,47,54,57,70,76,51,39,70,62,38,55,43,46,60,57,58,58,53,68,56,63,70,72,78,50,77,70,46,41,51,66,71,69,67,15,6,13,6,14,8,Primera A de Colombia
K. Moreno,Alianza FC,Colombia,3,"CB, RB",Right,187,26,63,,58,41,51,54,66,68,47,36,68,58,38,47,44,40,55,59,59,58,55,63,54,54,68,64,70,40,67,68,39,45,39,59,65,65,63,10,9,7,8,6,12,Primera A de Colombia
S. Quiñones,Alianza FC,Colombia,2,"RB, LB",Right,192,20,57,,62,41,50,54,54,58,55,37,56,53,35,51,41,41,48,56,60,64,60,55,56,54,58,62,56,39,56,53,42,47,45,49,58,51,52,13,13,12,10,9,10,Primera A de Colombia
A. Simancas,Alianza FC,Colombia,13,GK,Right,186,19,59,,34,16,26,26,18,43,11,10,23,31,10,14,16,13,32,32,33,35,29,51,39,40,50,30,50,10,40,29,10,34,19,30,14,14,13,62,56,50,62,58,40,Primera A de Colombia
J. Chaverra,Alianza FC,Colombia,12,GK,Right,185,33,64,,37,20,32,33,18,47,17,14,24,39,14,24,18,22,34,33,39,35,41,60,46,38,51,40,54,17,36,27,20,39,21,44,11,15,19,66,65,55,62,69,42,Primera A de Colombia
J. Wallens,Alianza FC,Colombia,1,GK,Right,190,34,69,,37,28,39,32,25,53,23,21,29,44,18,21,27,27,43,34,35,39,40,62,45,54,57,43,63,22,41,33,16,50,25,55,21,23,23,70,69,65,73,72,49,Primera A de Colombia
E. Esteban,Alianza FC,Colombia,9,GK,Right,186,26,61,,33,21,29,25,17,46,10,14,16,39,10,11,18,13,30,31,31,35,33,54,39,42,51,43,50,20,39,20,10,37,18,45,14,19,14,61,59,56,59,66,36,Primera A de Colombia
J. Vásquez,Llaneros FC,Colombia,95,"RW, LW, ST",Right,176,31,66,,71,64,65,72,37,58,65,64,55,69,59,75,66,62,62,73,70,71,69,65,68,66,60,66,56,63,54,30,72,63,60,64,35,39,33,11,6,7,15,12,12,Primera A de Colombia
J. Contreras,Llaneros FC,Colombia,70,"LW, LM",Left,175,27,64,,73,61,64,66,34,56,70,56,51,64,61,67,61,60,55,67,71,74,68,60,67,63,55,63,53,66,54,32,70,67,61,61,35,32,29,13,10,9,8,11,13,Primera A de Colombia
A. Garay,Llaneros FC,Colombia,34,ST,Right,185,25,61,,63,64,51,59,29,63,47,71,64,54,64,57,56,47,46,61,61,64,61,64,54,59,58,61,70,55,51,25,65,52,59,54,26,24,23,9,8,7,14,15,12,Primera A de Colombia
F. Castañeda,Llaneros FC,Colombia,32,"LW, RW, RM",Left,172,32,70,,77,70,70,71,42,59,73,72,57,70,71,70,67,65,62,70,78,77,76,70,72,68,64,70,55,69,53,42,73,73,67,70,41,39,35,15,7,11,15,8,14,Primera A de Colombia
D. Mantilla,Llaneros FC,Colombia,19,"LW, RW",Left,172,29,66,,76,64,64,68,36,57,65,64,55,66,64,69,66,63,58,68,76,76,76,63,65,67,54,64,55,59,56,38,72,63,59,61,33,34,33,12,15,7,9,11,13,Primera A de Colombia
Y. Mena,Llaneros FC,Colombia,17,"ST, CF",Right,178,35,67,,61,73,56,70,33,64,60,77,67,56,69,70,60,60,45,72,58,63,66,68,65,70,59,67,65,67,58,28,74,56,69,71,32,30,21,14,10,11,6,13,11,Primera A de Colombia
C. Cortés,Llaneros FC,Colombia,9,"ST, CF",Right,185,25,62,,61,62,54,63,29,61,50,63,63,60,63,63,55,54,51,64,66,57,59,65,55,63,67,59,64,58,54,28,70,48,65,63,22,27,24,10,6,15,15,8,10,Primera A de Colombia
K. Osorio,Llaneros FC,Colombia,33,"CDM, CAM, LW",Left,181,32,66,,56,54,62,63,69,68,56,47,69,68,52,60,56,56,62,65,55,57,60,65,65,63,64,71,66,60,69,73,55,61,54,66,66,68,71,6,9,7,14,8,11,Primera A de Colombia
K. Rincón,Llaneros FC,Colombia,25,"CDM, CM",Left,182,20,59,,51,54,57,56,56,61,50,51,56,62,41,49,45,52,63,65,50,51,51,59,60,66,57,63,60,50,64,56,58,56,48,56,60,51,55,7,8,6,12,10,6,Primera A de Colombia
B. Churi,Llaneros FC,Colombia,20,"RB, RM",Left,175,21,59,,63,46,55,56,57,58,60,42,53,58,39,53,53,47,59,59,67,60,59,56,63,59,53,64,55,46,61,57,47,45,42,51,56,59,58,9,9,6,11,6,11,Primera A de Colombia
J. Castilla,Llaneros FC,Colombia,13,"CDM, CM",Right,177,22,64,,57,56,62,58,65,67,55,50,62,67,47,54,58,56,62,61,59,56,63,60,54,65,62,73,65,61,67,67,53,61,56,63,64,67,64,13,8,14,9,14,14,Primera A de Colombia
L. Marimón,Llaneros FC,Colombia,11,"CAM, CM",Right,180,22,65,,68,64,66,70,38,58,64,66,54,67,60,71,59,63,67,69,69,67,71,65,67,63,51,62,57,63,56,39,65,69,62,71,36,37,34,7,12,13,14,10,6,Primera A de Colombia
N. Ospina,Llaneros FC,Colombia,10,"CAM, RW, ST",Right,171,23,62,,65,58,61,64,34,50,59,56,51,58,60,65,62,61,61,64,66,64,62,61,69,59,53,62,44,62,51,36,65,66,55,64,33,30,27,8,11,7,10,8,9,Primera A de Colombia
J. Ramírez,Llaneros FC,Colombia,8,"CAM, CM",Right,179,24,66,,68,61,68,69,40,59,62,60,50,69,61,69,65,63,64,72,69,68,67,65,68,60,60,66,58,61,54,41,72,75,67,58,42,35,35,9,9,14,7,14,8,Primera A de Colombia
L. Miranda,Llaneros FC,Colombia,7,"CAM, LW, CM",Right,175,29,63,,66,61,64,66,36,55,62,60,52,66,63,67,70,60,57,64,64,67,65,66,66,62,54,60,54,62,51,35,65,68,60,65,37,32,29,9,15,12,14,6,15,Primera A de Colombia
M. Sierra,Llaneros FC,Colombia,6,"CDM, CAM",Right,175,32,66,,59,55,63,63,66,67,54,50,57,66,53,63,60,56,62,60,60,58,62,73,66,61,59,66,67,57,68,72,61,71,56,71,66,67,64,10,14,8,11,15,7,Primera A de Colombia
E. Restrepo,Llaneros FC,Colombia,5,"CAM, CDM",Right,170,27,66,,70,68,69,71,38,55,69,68,47,72,62,72,64,65,64,72,73,67,70,63,70,68,51,60,53,70,54,42,66,68,63,67,36,36,29,15,7,6,9,10,7,Primera A de Colombia
D. Quiñones,Llaneros FC,Colombia,99,RB,Right,167,27,62,,69,48,54,57,58,62,61,44,51,57,44,56,53,46,52,55,68,69,64,53,73,60,56,69,62,47,56,57,46,46,45,58,57,62,61,9,8,7,13,11,13,Primera A de Colombia
J. Medranda,Llaneros FC,Estados Unidos,94,"LB, RB",Left,165,32,66,,66,51,60,65,62,64,67,50,53,62,46,62,49,50,61,65,68,65,69,67,73,57,57,74,57,48,69,65,61,55,50,67,64,62,64,11,15,10,11,13,9,Primera A de Colombia
A. Sánchez,Llaneros FC,Colombia,36,RB,Right,176,19,59,,64,45,55,55,55,59,58,45,49,59,43,55,55,50,55,54,65,63,60,57,60,51,56,62,56,43,62,56,45,44,39,50,58,52,57,10,15,14,14,11,6,Primera A de Colombia
E. Pardo,Llaneros FC,Colombia,31,LB,Right,176,20,59,,64,41,56,53,58,59,64,35,54,56,41,48,51,46,56,56,66,63,58,53,60,54,56,65,58,39,55,59,46,53,43,49,57,59,63,15,10,15,8,14,8,Primera A de Colombia
J. Beltrán,Llaneros FC,Colombia,30,LB,Left,176,18,58,,66,42,54,56,58,56,58,38,54,56,40,58,50,44,50,55,65,67,55,52,62,50,56,62,53,42,58,56,43,51,48,50,62,60,53,10,7,12,13,7,12,Primera A de Colombia
L. Riascos,Llaneros FC,Colombia,29,RB,Right,160,26,62,,68,49,57,58,59,57,58,44,49,64,49,51,51,45,55,62,63,72,68,63,68,58,48,66,51,50,61,59,51,49,46,52,60,62,61,14,6,11,15,12,12,Primera A de Colombia
D. Quintero,Llaneros FC,Ecuador,26,"CB, LB, RB",Right,180,29,65,,59,48,51,55,66,63,47,42,66,56,41,53,47,47,56,54,58,59,58,61,56,61,70,65,60,50,67,65,40,44,48,63,66,66,65,12,15,10,12,14,6,Primera A de Colombia
A. Moralez,Llaneros FC,Colombia,23,CB,Right,190,25,65,,59,43,57,53,68,70,56,37,73,65,40,48,46,47,53,59,55,63,46,62,53,59,72,63,74,42,66,68,42,52,43,57,69,66,68,14,7,6,15,8,7,Primera A de Colombia
F. Meza,Llaneros FC,Colombia,21,CB,Right,187,35,69,,59,53,55,59,74,74,53,49,77,59,50,49,51,51,60,67,57,60,59,71,56,66,69,65,78,53,76,74,45,48,48,72,75,72,71,11,6,6,10,9,6,Primera A de Colombia
J. Escobar,Llaneros FC,Colombia,16,"LB, LM",Right,175,26,62,,69,49,56,61,61,60,63,46,58,56,45,55,52,44,56,68,68,69,61,58,70,54,56,60,60,51,63,64,53,51,52,57,58,63,58,9,9,6,12,9,10,Primera A de Colombia
J. Pertúz,Llaneros FC,Colombia,4,"RB, LB",Left,175,22,62,,68,46,59,58,58,62,64,40,53,64,48,56,53,51,55,57,69,67,61,63,64,58,57,69,57,47,67,60,48,51,49,59,58,58,59,12,14,9,15,6,10,Primera A de Colombia
V. Vidal,Llaneros FC,Colombia,3,"CB, CDM",Left,193,19,59,,49,40,48,46,62,60,43,35,58,56,33,40,37,40,51,52,46,52,42,57,46,54,62,47,67,41,59,63,35,40,36,59,63,63,61,8,9,14,12,9,9,Primera A de Colombia
H. Mena,Llaneros FC,Colombia,2,"CB, RB",Right,185,25,64,,61,44,53,53,66,64,53,38,64,58,39,49,43,45,57,53,60,61,57,62,55,66,69,60,66,41,64,63,37,44,43,65,69,66,62,7,14,10,10,13,14,Primera A de Colombia
R. Romaña,Llaneros FC,Colombia,22,GK,Left,180,29,65,,37,23,35,31,24,49,24,14,23,42,18,20,20,18,39,33,36,38,40,62,50,48,58,47,53,21,37,31,12,40,28,45,23,21,21,65,61,64,63,66,44,Primera A de Colombia
J. Loaiza,Llaneros FC,Colombia,12,GK,Right,185,24,62,,35,20,32,27,20,42,19,13,20,37,10,16,18,19,34,29,38,33,35,57,45,45,48,34,48,16,37,28,16,39,19,42,22,17,11,68,62,60,62,63,43,Primera A de Colombia
A. Calderón,Deportivo Pereira,Colombia,31,"ST, LW",Left,188,17,59,,63,61,48,57,27,60,47,65,64,51,62,54,48,49,42,63,59,66,54,57,53,58,60,58,63,55,54,24,62,49,58,53,25,22,18,7,11,11,6,8,10,Primera A de Colombia
M. Diaz,Deportivo Pereira,Colombia,29,ST,Right,185,21,58,,61,62,52,57,26,61,49,66,61,59,52,58,45,50,44,57,62,60,54,57,57,63,61,58,67,53,50,19,65,49,60,62,24,24,19,14,9,7,8,13,15,Primera A de Colombia
J. Morales,Deportivo Pereira,Colombia,27,ST,Right,181,21,59,,63,63,51,56,25,59,50,68,59,56,57,59,52,46,45,52,61,64,54,61,56,63,55,54,64,54,54,23,67,48,61,54,26,15,23,6,15,12,8,15,10,Primera A de Colombia
J. Montoya,Deportivo Pereira,Colombia,26,"LW, LM",Left,179,20,60,,70,58,57,64,29,54,57,59,51,60,51,67,57,53,53,63,69,70,67,58,63,58,53,60,54,55,48,28,61,55,56,54,28,27,19,6,10,10,9,7,7,Primera A de Colombia
M. Aguirre,Deportivo Pereira,Colombia,19,"RW, CAM, LW",Right,182,21,59,,68,59,58,61,29,50,55,56,50,64,53,60,57,53,51,63,74,63,65,60,57,61,52,55,50,64,41,29,66,56,55,57,28,25,25,6,13,6,8,7,13,Primera A de Colombia
M. Pérez,Deportivo Pereira,Colombia,18,ST,Right,186,36,67,,63,71,60,61,34,66,59,76,71,66,64,58,58,51,51,62,60,65,61,66,67,66,71,63,70,65,57,30,73,62,73,65,30,33,23,10,10,15,14,8,11,Primera A de Colombia
Y. Quiñones,Deportivo Pereira,Colombia,13,"LW, ST, CM",Right,171,23,65,,73,65,61,70,33,57,62,66,53,61,66,70,61,62,56,72,70,76,69,70,67,63,62,63,54,64,55,32,71,63,62,65,30,31,27,6,6,11,14,12,15,Primera A de Colombia
J. Largacha,Deportivo Pereira,Colombia,11,"ST, LW, RW",Right,182,25,61,,60,65,50,57,26,61,50,69,62,55,66,55,52,54,37,56,64,57,60,64,57,63,63,54,65,57,57,27,66,49,59,60,22,20,20,15,8,8,12,13,15,Primera A de Colombia
Á. Plata,Deportivo Pereira,Colombia,7,RW,Right,172,35,66,,66,64,66,69,34,59,70,64,47,64,61,72,73,55,59,65,68,64,77,68,71,62,56,69,56,68,56,39,68,70,61,62,34,31,25,15,11,11,12,6,9,Primera A de Colombia
S. Álzate,Deportivo Pereira,Colombia,30,"CB, CDM",Right,183,19,57,,51,37,44,43,62,55,40,35,56,49,32,37,35,34,56,46,50,52,41,54,46,45,59,51,56,32,57,59,38,37,42,55,63,64,60,14,12,15,12,15,9,Primera A de Colombia
J. Urrea,Deportivo Pereira,Colombia,4,CM,Right,173,20,60,,61,54,63,59,53,57,57,53,46,64,51,58,55,59,65,60,59,63,57,53,65,56,53,66,52,53,60,53,58,68,57,55,57,51,51,15,8,11,9,12,14,Primera A de Colombia
J. Jordán,Deportivo Pereira,Colombia,9,"LW, LM",Left,177,25,60,,69,59,56,64,31,50,58,63,47,55,60,69,58,50,52,58,74,65,66,59,65,57,49,58,47,54,46,28,60,58,58,59,30,31,26,6,13,14,15,10,13,Primera A de Colombia
J. Belalcazar,Deportivo Pereira,Colombia,38,LM,Left,175,18,57,,65,53,57,62,34,52,63,53,41,59,50,65,55,55,51,62,66,64,60,55,59,58,46,59,49,47,51,37,57,54,50,51,30,33,34,10,11,8,9,6,8,Primera A de Colombia
M. Palacios,Deportivo Pereira,Colombia,24,"CM, CDM",Left,176,21,59,,56,54,57,58,52,60,53,53,42,59,51,57,56,49,64,58,53,59,60,53,67,58,49,64,59,53,60,56,57,53,59,59,55,52,49,10,10,8,9,9,11,Primera A de Colombia
J. Monroy,Deportivo Pereira,Armenia,20,"RW, CM, RM",Right,185,30,62,,71,61,59,66,31,55,60,62,54,58,62,69,66,56,51,64,69,73,65,62,62,58,59,63,55,59,44,28,70,63,61,58,31,27,26,9,11,6,8,12,13,Primera A de Colombia
E. Moreno,Deportivo Pereira,Colombia,14,"CM, CDM",Right,176,32,64,,62,59,66,65,57,62,56,54,52,72,56,62,66,56,67,68,60,64,64,64,58,65,54,66,61,63,61,62,62,68,58,71,55,58,52,15,13,12,9,11,12,Primera A de Colombia
S. Acosta,Deportivo Pereira,Colombia,10,"CAM, ST, CM",Right,180,31,66,,64,64,69,70,40,57,66,64,48,69,65,67,72,67,68,72,67,61,71,67,74,62,51,66,54,64,56,42,67,72,67,69,36,41,32,11,9,15,11,12,8,Primera A de Colombia
L. Mosquera,Deportivo Pereira,Colombia,8,"CAM, CF",Right,174,24,64,,66,63,67,68,36,55,62,59,45,72,65,68,65,60,61,69,69,64,69,68,64,65,54,60,53,68,52,41,68,69,59,62,38,30,31,8,7,8,11,13,9,Primera A de Colombia
J. Bermúdez,Deportivo Pereira,Colombia,5,"CDM, CM",Right,181,25,64,,60,54,62,61,64,66,56,49,58,67,45,57,56,57,68,64,64,56,60,60,60,60,59,70,65,59,66,70,54,58,54,68,65,60,67,6,9,15,7,9,8,Primera A de Colombia
N. Rengifo,Deportivo Pereira,Colombia,3,"CDM, CM, CB",Left,184,22,63,,58,54,57,57,65,66,50,51,60,60,46,56,55,53,60,59,57,59,55,56,56,59,62,68,66,58,66,68,58,56,55,62,65,63,70,10,15,13,14,14,10,Primera A de Colombia
J. Mosquera,Deportivo Pereira,Colombia,28,CDM,Right,172,17,58,,52,48,55,55,58,54,45,43,52,62,45,55,48,43,57,57,50,53,56,52,49,56,49,62,51,50,51,58,53,56,50,55,59,60,55,14,14,6,8,10,15,Primera A de Colombia
J. Rodríguez,Deportivo Pereira,Guatemala,40,CB,Right,189,19,57,,55,37,46,46,58,62,42,30,62,54,32,44,33,39,54,46,57,54,45,55,45,51,61,54,65,43,66,58,32,35,38,51,56,60,58,11,10,9,6,7,7,Primera A de Colombia
F. Delgado,Deportivo Pereira,Colombia,25,LB,Left,174,27,60,,68,42,54,54,59,56,54,38,53,61,42,52,54,48,55,54,62,72,60,57,60,49,50,65,53,43,56,59,52,45,40,58,59,60,63,9,9,9,8,12,10,Primera A de Colombia
T. Bovone,Deportivo Pereira,Argentina,23,"LB, LM",Right,172,26,64,,68,50,60,60,62,61,65,47,54,65,45,55,56,54,59,62,70,67,66,66,71,61,53,72,57,48,61,61,51,52,49,58,61,64,66,8,9,13,14,9,13,Primera A de Colombia
W. Pacheco,Deportivo Pereira,Colombia,21,"RB, CM",Right,172,31,65,,66,54,62,63,61,63,65,53,58,66,48,57,55,50,59,68,70,63,64,71,71,61,56,72,60,51,62,61,51,61,48,65,60,61,70,15,11,10,10,14,11,Primera A de Colombia
R. Rentería,Deportivo Pereira,Colombia,17,"CB, RB",Right,183,30,65,,61,47,52,55,67,64,50,44,66,59,39,48,47,45,61,60,61,61,56,67,61,57,66,60,66,47,66,68,36,37,44,58,69,65,67,6,12,10,8,10,13,Primera A de Colombia
E. Moreno,Deportivo Pereira,Colombia,16,"CB, RB, LB",Left,181,24,62,,58,43,50,50,64,64,53,39,59,55,33,44,42,38,54,54,56,60,53,61,47,55,65,56,67,43,65,67,40,42,40,59,62,68,61,9,14,15,13,12,10,Primera A de Colombia
S. Aguilar,Deportivo Pereira,Colombia,15,"CB, RB",Left,183,28,62,,58,39,51,50,66,65,47,35,70,56,35,41,44,45,53,57,56,59,48,64,50,57,62,60,67,31,66,68,31,49,40,58,67,63,60,14,14,12,7,10,9,Primera A de Colombia
D. Ortiz,Deportivo Pereira,Paraguay,6,CB,Left,188,34,68,,61,49,57,55,74,70,50,45,72,67,38,48,48,51,63,60,63,59,54,66,54,64,75,67,70,48,70,70,44,48,42,70,75,75,75,8,12,8,9,6,14,Primera A de Colombia
S. Urrea,Deportivo Pereira,Colombia,2,"CB, RB",Left,190,24,64,,59,44,53,53,68,67,50,35,70,62,44,49,42,40,56,56,57,60,54,60,51,58,70,58,71,48,67,67,43,43,49,64,66,71,65,14,9,9,6,8,12,Primera A de Colombia
S. Atehortua,Deportivo Pereira,Colombia,41,GK,Right,194,19,58,,33,16,27,25,16,38,16,10,22,33,10,20,11,10,27,23,33,33,30,49,37,36,48,32,44,13,27,21,10,36,17,36,15,14,12,59,59,51,60,62,38,Primera A de Colombia
J. Martínez,Deportivo Pereira,Colombia,12,GK,Right,188,20,59,,39,17,27,25,18,41,19,10,21,31,14,12,17,14,26,29,43,35,33,50,39,37,50,34,45,15,38,24,10,35,18,38,16,17,12,57,57,54,62,58,38,Primera A de Colombia
Y. Gómez,Deportivo Pereira,Colombia,1,GK,Left,185,27,67,,46,25,37,35,24,46,25,16,24,43,16,24,22,20,40,38,45,46,43,64,48,48,53,37,52,26,41,32,19,43,28,46,17,27,21,70,61,66,69,69,43,Primera A de Colombia
J. Betancourth,Deportivo Pereira,Colombia,22,GK,Right,189,22,59,,31,18,26,29,17,41,11,13,24,33,10,15,14,10,27,35,33,29,35,59,40,40,47,29,50,11,30,27,11,34,19,46,15,12,12,62,59,50,61,59,39,Primera A de Colombia
C. Bacca,Deportivo Cali,Colombia,70,ST,Right,181,40,70,,63,69,60,67,37,71,56,70,71,68,67,65,62,65,46,67,64,62,68,73,70,68,72,66,77,65,62,35,72,61,72,71,33,32,33,7,10,7,11,13,15,Primera A de Colombia
M. Botero,Deportivo Cali,Colombia,45,ST,Right,192,17,56,,64,56,46,56,25,59,42,60,64,54,56,59,50,43,42,54,62,65,54,57,50,56,62,53,64,48,54,23,54,41,52,55,21,21,11,6,12,9,12,8,11,Primera A de Colombia
S. Rodríguez,Deportivo Cali,Colombia,23,"ST, LW, LM",Right,177,27,70,,74,72,61,69,37,67,56,74,67,68,72,66,62,64,50,71,71,76,71,71,62,73,72,67,67,66,65,36,73,60,73,73,29,36,33,11,13,7,11,8,15,Primera A de Colombia
N. Benedetti,Deportivo Cali,Colombia,21,"RW, CAM, ST",Right,177,29,68,,75,67,65,70,37,62,68,69,55,67,59,69,67,60,57,70,75,75,74,67,73,67,62,69,60,66,60,37,64,66,62,62,34,38,29,15,11,7,7,9,10,Primera A de Colombia
E. Bello,Deportivo Cali,Venezuela,20,"RW, LW, CAM",Left,176,31,68,,76,65,65,68,38,61,73,62,55,62,68,70,69,51,58,63,71,81,75,69,68,67,57,71,60,69,52,36,72,68,61,64,36,36,36,9,13,6,11,13,8,Primera A de Colombia
A. Hurtado,Deportivo Cali,Colombia,18,"ST, CAM, CM",Right,172,39,67,,56,68,59,67,34,64,58,71,61,64,68,64,58,53,53,68,54,57,65,71,69,71,63,66,65,59,60,27,67,57,64,75,32,34,28,9,6,14,7,13,6,Primera A de Colombia
A. Manyoma,Deportivo Cali,Colombia,14,"LW, LM",Left,169,23,67,,76,64,67,71,37,59,68,64,49,66,63,70,70,59,65,73,74,77,74,68,72,65,57,69,55,64,55,39,72,71,62,64,38,32,32,6,11,8,11,13,10,Primera A de Colombia
J. Dinenno,Deportivo Cali,Argentina,9,"ST, CM",Right,186,32,70,,70,69,62,72,36,70,62,68,71,64,69,73,69,61,58,72,72,68,65,73,65,75,73,64,74,66,67,32,71,61,70,79,36,31,29,9,7,13,9,12,14,Primera A de Colombia
S. Martínez,Deportivo Cali,Colombia,43,CM,Right,178,20,60,,62,55,60,57,53,56,54,53,48,60,52,56,61,55,63,58,65,59,54,54,59,57,51,63,53,56,58,54,59,67,58,57,55,53,47,13,14,10,11,8,6,Primera A de Colombia
M. Correa,Deportivo Cali,Colombia,36,"CM, CAM",Right,177,22,61,,55,55,60,62,54,57,59,53,49,58,56,62,59,55,66,64,57,54,57,64,61,58,53,63,54,57,58,53,56,60,52,61,55,55,52,14,12,9,15,6,6,Primera A de Colombia
K. Suárez,Deportivo Cali,Colombia,29,CM,Right,180,19,59,,59,51,57,59,50,55,53,47,50,58,51,56,57,49,60,63,60,59,58,59,58,57,50,60,53,55,56,51,54,58,51,55,49,52,50,13,6,7,12,12,11,Primera A de Colombia
S. Colonia,Deportivo Cali,Estados Unidos,20,CAM,Right,176,19,62,,65,60,62,65,35,58,59,59,45,64,58,65,62,56,61,65,67,63,66,63,65,60,51,68,56,64,52,32,61,65,56,60,37,33,31,15,10,13,12,13,11,Primera A de Colombia
J. Martínez,Deportivo Cali,Colombia,19,"CAM, LM, RW",Right,181,24,61,,63,61,62,62,35,56,61,60,45,64,58,64,65,54,58,62,59,66,61,65,55,66,51,58,57,57,50,35,66,64,58,62,36,32,30,11,15,8,15,12,12,Primera A de Colombia
E. Reynoso,Deportivo Cali,Argentina,10,"RM, ST, CM",Right,176,30,68,,74,59,67,67,51,62,71,57,49,71,56,68,70,65,57,64,73,74,69,65,72,62,61,73,59,61,57,53,60,62,67,64,51,51,45,8,6,15,10,9,6,Primera A de Colombia
D. Giraldo,Deportivo Cali,Colombia,8,"CM, CDM",Right,178,34,66,,60,58,67,66,60,64,57,52,62,73,57,64,60,56,66,65,61,60,68,71,68,67,58,64,66,61,59,61,61,72,63,70,60,61,54,8,13,10,7,8,15,Primera A de Colombia
R. Pájaro,Deportivo Cali,Colombia,6,"CM, CDM",Right,181,24,69,,63,67,70,68,61,67,61,66,60,73,60,66,64,67,70,70,64,63,67,63,65,73,66,70,68,67,62,69,70,74,58,71,59,59,57,15,10,11,15,6,8,Primera A de Colombia
G. Cuéllar,Deportivo Cali,Colombia,5,"CDM, CM",Left,177,33,72,,61,65,68,69,73,72,66,61,68,68,59,68,61,61,70,71,63,60,64,73,69,70,64,78,68,70,75,71,68,72,62,75,73,77,74,11,11,9,12,6,14,Primera A de Colombia
M. Benítez,Deportivo Cali,Colombia,41,RB,Right,187,20,59,,67,43,56,57,58,61,61,38,58,60,43,58,51,45,58,56,70,65,59,52,55,53,67,62,60,44,60,59,51,47,42,55,61,55,61,14,7,13,10,8,14,Primera A de Colombia
J. Gómez,Deportivo Cali,Colombia,34,"LB, RB",Left,184,19,59,,68,45,54,57,59,61,54,42,56,58,41,59,58,46,51,55,66,69,59,55,53,53,57,65,60,44,59,59,53,50,43,51,59,60,57,9,9,13,15,6,15,Primera A de Colombia
E. Velasco,Deportivo Cali,Colombia,28,"LB, CB",Left,179,34,71,,72,58,66,69,69,73,65,56,63,68,48,67,65,54,67,71,73,71,74,70,70,67,69,69,77,59,69,71,61,65,53,65,69,70,69,13,6,15,13,13,7,Primera A de Colombia
F. Viáfara,Deportivo Cali,Colombia,27,RB,Right,167,34,67,,69,52,63,67,66,63,62,50,53,67,49,64,58,52,64,66,67,70,73,69,76,59,56,68,59,51,67,68,53,60,54,66,68,69,65,12,10,11,14,14,10,Primera A de Colombia
J. Tello,Deportivo Cali,Colombia,26,"LB, LM",Left,179,24,65,,72,50,60,61,62,63,67,48,54,63,47,61,59,50,61,60,71,73,69,60,67,60,67,67,60,46,65,58,55,52,48,55,68,62,64,11,13,15,14,10,11,Primera A de Colombia
K. Suárez,Deportivo Cali,Colombia,24,LB,Left,174,24,64,,64,48,59,63,62,62,65,44,55,59,43,62,52,54,60,62,63,64,73,62,64,56,63,75,55,51,65,57,54,55,46,59,65,62,65,10,14,8,7,11,13,Primera A de Colombia
K. Sandoval,Deportivo Cali,Colombia,16,CB,Right,185,21,64,,62,46,53,56,68,67,48,40,65,59,37,51,45,46,59,61,61,62,54,60,54,63,63,59,71,46,67,65,42,49,39,58,71,69,64,14,9,8,6,7,15,Primera A de Colombia
L. Chaverra,Deportivo Cali,Colombia,15,"CB, RB, CM",Right,195,29,70,,65,52,56,58,73,72,54,49,75,62,45,54,50,52,63,61,66,65,58,71,49,62,75,67,74,56,74,72,41,46,51,66,74,74,71,6,11,7,6,14,7,Primera A de Colombia
J. Caldera,Deportivo Cali,Colombia,12,"CB, RB",Right,185,24,66,,68,48,54,56,68,69,47,44,69,66,40,49,48,47,55,60,67,68,55,67,60,57,67,63,73,48,69,68,50,40,46,62,67,68,67,7,6,8,14,13,7,Primera A de Colombia
F. Álvarez,Deportivo Cali,Colombia,4,"CB, CDM",Right,187,23,69,,61,49,57,61,68,74,56,45,66,60,39,56,50,51,60,66,58,64,57,66,57,65,77,68,74,45,82,67,41,55,47,65,65,71,69,14,15,12,15,13,8,Primera A de Colombia
J. Moya,Deportivo Cali,Colombia,2,CB,Right,184,34,69,,58,49,57,58,72,75,54,44,69,66,41,51,47,50,62,64,57,59,57,66,59,63,72,65,79,51,76,70,42,47,48,69,76,73,69,14,8,9,6,11,15,Primera A de Colombia
S. Vallecilla,Deportivo Cali,Colombia,3,"CB, CDM",Right,187,17,56,,54,37,44,45,57,59,41,33,53,50,31,42,35,38,55,48,52,55,46,47,44,50,56,49,66,35,54,53,30,33,33,50,59,60,58,11,12,12,15,7,13,Primera A de Colombia
A. Rodríguez,Deportivo Cali,Colombia,38,GK,Right,181,25,66,,40,28,32,32,23,53,19,22,23,38,14,20,22,24,33,35,38,41,40,60,45,49,53,42,60,27,49,31,12,39,22,47,20,20,27,67,64,58,65,66,48,Primera A de Colombia
S. Mondragón,Deportivo Cali,Colombia,32,GK,Right,184,18,58,,35,15,29,24,14,40,16,10,15,37,10,12,16,12,25,27,33,36,35,56,39,33,47,31,48,10,30,19,11,37,16,31,12,12,14,57,55,52,54,63,34,Primera A de Colombia
A. Rojo,Deportivo Cali,España,32,GK,Right,185,20,58,,32,17,27,24,16,39,10,11,18,33,10,11,17,13,33,29,32,32,36,51,42,36,43,31,45,13,34,20,10,34,21,33,18,13,10,57,61,44,57,61,36,Primera A de Colombia
P. Gallese,Deportivo Cali,Perú,1,GK,Right,188,36,69,Perú,36,28,40,36,27,52,28,23,32,46,21,24,23,28,43,38,37,35,45,64,54,50,62,44,59,22,44,32,13,45,29,54,26,25,20,70,66,65,67,75,46,Primera A de Colombia
J. Ávalo,Águilas Doradas,Colombia,24,"ST, CDM, RW",Right,178,25,63,,62,66,54,64,29,61,52,72,64,56,64,63,57,54,47,66,59,64,62,62,61,67,60,64,62,54,57,23,64,57,63,63,23,29,23,8,13,13,12,7,6,Primera A de Colombia
R. Márquez,Águilas Doradas,Colombia,21,ST,Right,170,28,62,,62,64,53,61,28,60,52,66,61,55,62,58,54,47,52,65,65,59,61,60,64,66,57,59,64,57,51,29,65,54,58,61,28,20,21,15,12,11,12,14,15,Primera A de Colombia
A. Carreño,Águilas Doradas,Colombia,18,"ST, CF",Right,174,23,63,,65,66,54,61,27,61,49,70,57,58,61,60,54,53,55,60,63,67,62,65,67,67,59,60,62,57,60,25,70,54,62,62,25,20,24,7,12,13,6,12,10,Primera A de Colombia
T. Blandón,Águilas Doradas,Colombia,17,RB,Left,182,19,59,,68,44,51,54,57,58,57,43,52,51,42,55,48,46,53,53,69,68,58,51,59,53,62,58,58,39,57,63,49,44,40,47,53,56,65,10,10,15,12,14,10,Primera A de Colombia
M. Ramírez,Águilas Doradas,Argentina,16,"LW, LM",Right,178,27,59,,65,56,55,62,31,52,57,60,49,56,57,64,57,48,48,60,66,64,64,62,74,56,48,58,51,48,49,27,60,59,50,51,33,28,25,14,12,15,8,6,13,Primera A de Colombia
F. Charales,Águilas Doradas,Colombia,15,"RW, ST, LW",Right,177,22,61,,68,61,58,62,32,53,60,62,51,60,55,66,59,55,53,57,70,67,64,63,65,61,58,59,49,60,53,36,57,57,61,58,27,30,24,15,9,12,10,15,12,Primera A de Colombia
A. Vásquez,Águilas Doradas,Colombia,9,"ST, RW",Right,173,24,62,,67,63,52,62,27,58,49,66,61,54,59,60,52,47,51,63,69,65,65,63,57,62,60,60,58,60,57,33,63,54,62,60,21,20,22,11,15,7,14,11,8,Primera A de Colombia
E. Arízalas,Águilas Doradas,Colombia,7,"LW, LM, RW",Left,167,24,64,,70,64,63,68,36,51,70,66,45,63,61,71,69,57,54,67,74,67,72,58,69,63,53,60,48,60,49,37,67,62,62,59,44,30,22,12,9,8,12,7,7,Primera A de Colombia
J. Quintero,Águilas Doradas,Colombia,14,LW,Right,169,19,58,,64,57,57,66,25,49,60,62,37,57,53,66,58,54,54,69,65,64,67,55,62,54,49,60,46,51,41,26,58,55,55,51,20,25,26,6,12,12,15,8,15,Primera A de Colombia
C. Londoño,Águilas Doradas,Colombia,27,CM,Right,180,19,59,,61,55,55,58,51,57,53,54,54,57,48,55,57,50,57,64,60,61,58,54,52,55,51,70,55,61,47,50,54,55,53,57,57,45,50,8,9,13,13,12,10,Primera A de Colombia
J. Roa,Águilas Doradas,Colombia,25,"CM, CDM, ST",Right,178,31,65,,63,56,68,65,57,64,60,49,52,72,51,63,66,65,72,66,66,60,68,68,66,64,56,68,65,61,61,59,61,68,64,61,54,58,60,13,12,7,9,8,12,Primera A de Colombia
A. Higgins,Águilas Doradas,Colombia,20,RM,Right,171,21,61,,67,53,59,58,39,56,59,53,44,60,48,54,62,55,60,60,66,67,63,58,62,55,50,68,52,54,55,45,53,56,53,57,36,37,41,10,15,10,6,10,12,Primera A de Colombia
F. Lozano,Águilas Doradas,Colombia,19,"CM, CDM, CB",Right,175,33,69,,56,66,70,72,62,65,63,64,58,76,57,71,67,65,78,74,60,53,68,74,71,72,65,77,61,69,58,64,67,65,59,73,62,65,58,7,8,15,10,13,9,Primera A de Colombia
J. Noguera,Águilas Doradas,Paraguay,10,"LM, RW, CAM",Left,177,24,64,,68,58,64,67,47,58,73,57,47,64,56,68,66,60,53,66,71,65,68,60,69,57,58,66,54,60,57,50,62,66,61,62,47,48,37,15,8,14,12,6,10,Primera A de Colombia
A. Ricaurte,Águilas Doradas,Colombia,8,"CAM, CM, ST",Right,184,35,67,,62,69,68,72,40,61,61,68,51,67,64,71,73,65,65,75,59,65,71,68,69,70,59,65,62,71,54,39,65,76,70,73,42,37,31,6,12,12,7,11,10,Primera A de Colombia
I. Rojas,Águilas Doradas,Colombia,6,"CDM, CM",Right,180,29,63,,54,55,60,58,66,63,49,50,67,64,45,56,52,55,69,58,54,54,57,63,64,66,59,64,62,59,63,68,58,61,51,63,62,68,64,8,8,11,8,13,10,Primera A de Colombia
G. Cadavid,Águilas Doradas,Colombia,33,CB,Right,182,19,58,,54,39,49,44,62,61,48,34,55,57,30,39,35,37,51,46,56,53,47,54,50,55,61,54,62,37,65,63,36,43,35,51,64,62,58,10,9,12,8,12,10,Primera A de Colombia
J. Mena,Águilas Doradas,Colombia,32,"LB, LM, CB",Left,181,21,59,,63,45,54,57,59,56,58,42,55,57,43,57,55,40,54,58,59,66,58,56,63,53,57,61,53,47,55,58,45,46,43,51,58,61,64,9,9,12,7,11,11,Primera A de Colombia
N. Lara,Águilas Doradas,Colombia,30,"CB, LB",Left,183,23,63,,53,44,51,52,65,65,54,41,64,58,41,47,39,38,57,55,54,52,53,65,49,55,67,55,69,45,68,69,40,38,39,60,61,66,65,7,8,7,7,7,12,Primera A de Colombia
S. Rodríguez,Águilas Doradas,Colombia,28,"CB, RB",Left,185,25,62,,54,41,52,53,66,64,48,35,67,61,37,51,43,45,52,56,51,57,49,56,51,58,65,59,66,39,66,67,34,45,44,62,67,66,65,6,9,13,15,12,7,Primera A de Colombia
D. Lozano,Águilas Doradas,Colombia,26,"RB, RM",Right,174,24,65,,70,50,60,60,64,63,66,43,62,60,45,55,60,55,58,62,71,69,70,67,65,59,62,68,60,56,63,62,53,59,49,62,63,65,69,15,8,12,13,8,8,Primera A de Colombia
J. Meléndez,Águilas Doradas,Colombia,13,RB,Right,179,24,63,,68,47,60,61,62,61,61,41,59,65,48,61,57,52,58,60,69,67,67,62,63,56,55,63,61,50,61,62,52,53,47,61,57,68,64,11,10,7,6,14,8,Primera A de Colombia
L. Vásquez,Águilas Doradas,Colombia,5,CM,Right,192,23,60,,50,58,61,57,56,57,55,56,55,64,54,55,55,50,60,61,52,49,50,57,53,62,65,59,55,61,56,60,54,66,47,60,55,56,50,9,8,14,15,6,13,Primera A de Colombia
A. Mosquera,Águilas Doradas,Colombia,4,CB,Left,182,36,69,,57,51,58,59,70,72,51,48,68,69,41,59,48,50,61,56,56,57,54,72,64,63,72,70,70,52,77,70,50,47,46,72,71,70,70,9,10,12,12,7,6,Primera A de Colombia
J. Ontaneda,Águilas Doradas,Ecuador,3,"CB, RB",Right,187,30,73,,68,51,59,61,76,77,55,44,84,66,46,59,51,54,64,62,66,69,61,66,59,71,78,70,81,52,77,73,45,52,48,70,76,76,73,8,15,15,14,11,13,Primera A de Colombia
J. García,Águilas Doradas,Colombia,2,CB,Right,186,37,68,,59,50,56,60,70,70,55,47,68,62,39,58,48,45,61,62,60,58,48,69,60,66,68,63,72,48,74,69,42,47,43,69,68,74,68,8,13,10,13,9,10,Primera A de Colombia
E. Betancur,Águilas Doradas,Colombia,11,CB,Left,185,24,62,,58,43,50,50,65,67,48,39,64,58,41,50,43,36,53,48,59,58,51,57,54,57,57,64,69,39,69,71,37,43,48,59,63,65,63,11,11,6,6,10,15,Primera A de Colombia
A. Salazar,Águilas Doradas,Colombia,12,GK,Right,186,32,66,,38,22,36,30,23,47,20,12,29,44,17,17,22,22,39,36,41,36,37,59,45,46,52,39,51,22,47,28,17,42,33,44,25,18,19,69,63,63,67,71,44,Primera A de Colombia
J. Soto,Águilas Doradas,Colombia,1,GK,Left,187,33,67,,40,25,36,37,24,50,24,16,23,41,17,25,21,29,39,42,36,43,44,61,46,47,53,43,56,24,41,35,13,44,35,51,19,22,20,67,67,61,67,69,44,Primera A de Colombia
J. Hurtado,Águilas Doradas,Colombia,22,GK,Right,184,19,58,,35,17,23,26,15,39,14,10,12,26,10,13,10,14,30,32,34,35,30,50,40,38,45,29,43,12,38,19,11,29,22,33,12,17,14,59,56,53,59,54,32,Primera A de Colombia
H. Arango,Águilas Doradas,Colombia,23,GK,Left,194,24,60,,34,19,30,24,18,43,17,12,22,43,11,11,15,12,29,28,35,33,30,60,38,44,45,36,52,13,31,25,10,30,20,36,13,17,17,64,63,51,63,62,38,Primera A de Colombia
M. Vázquez,Fortaleza FC,Argentina,32,CAM,Right,173,33,64,,66,64,65,68,37,55,61,66,46,67,60,65,62,63,62,72,65,66,70,66,70,62,54,63,52,63,51,45,63,69,62,67,33,35,31,7,11,14,11,7,9,Primera A de Colombia
J. Solís,Fortaleza FC,Colombia,30,"LW, RW",Left,171,27,64,Colombia,72,61,61,65,36,55,62,61,49,64,63,68,59,57,55,61,68,75,66,60,74,57,51,60,56,62,48,41,69,60,59,57,32,37,26,9,9,7,13,15,15,Primera A de Colombia
T. Wilke,Fortaleza FC,México,29,ST,Right,182,24,63,,65,66,57,60,31,59,58,69,62,62,61,59,53,58,48,58,65,65,63,66,58,66,64,56,62,58,53,27,69,55,63,68,30,26,28,7,13,8,8,15,14,Primera A de Colombia
R. Rivas,Fortaleza FC,Colombia,26,"LW, ST, RW",Left,173,21,61,,63,58,59,66,33,54,60,56,45,61,56,69,61,56,49,65,67,59,69,64,59,59,50,59,53,58,49,33,60,64,62,60,31,32,26,10,11,11,8,15,12,Primera A de Colombia
J. Garcia,Fortaleza FC,Colombia,25,RW,Right,172,18,58,,66,56,57,63,27,47,61,57,40,58,53,65,55,58,51,61,65,66,68,53,66,56,51,57,47,55,34,23,62,54,53,57,27,28,23,9,10,11,8,7,8,Primera A de Colombia
J. Salas,Fortaleza FC,Colombia,24,"LW, ST",Left,169,22,59,,67,59,56,64,29,48,60,61,43,58,54,63,60,50,49,64,66,68,70,61,62,61,49,61,41,55,48,22,60,54,57,60,32,27,23,15,12,11,8,8,11,Primera A de Colombia
J. Blanco,Fortaleza FC,Colombia,20,"ST, LW",Right,186,25,65,,68,66,55,63,31,66,50,70,66,58,64,61,55,54,47,66,66,69,62,64,56,67,61,60,74,58,57,30,72,60,61,65,27,27,24,7,7,15,7,10,15,Primera A de Colombia
F. Pulicastro,Fortaleza FC,Argentina,19,ST,Right,185,27,62,,63,62,52,63,28,59,48,62,68,55,60,62,54,50,47,67,63,63,63,58,57,70,66,60,59,55,55,28,65,53,64,62,22,25,16,14,7,6,6,15,6,Primera A de Colombia
A. Batioja,Fortaleza FC,Colombia,11,LW,Left,179,20,61,,64,59,57,63,30,52,60,60,42,59,58,65,57,47,51,61,65,64,64,62,61,62,48,58,53,52,43,28,64,56,58,58,28,30,29,12,13,12,8,6,10,Primera A de Colombia
J. Velásquez,Fortaleza FC,Colombia,10,"RW, LW, CAM",Right,174,31,64,,70,60,62,67,34,58,62,59,48,65,62,70,66,57,56,65,72,69,68,62,67,64,59,65,58,59,47,36,61,60,60,64,38,26,31,8,9,8,9,7,7,Primera A de Colombia
S. Herrera,Fortaleza FC,Colombia,9,"ST, CF",Left,180,31,66,,65,69,59,66,32,69,58,73,64,63,71,64,57,53,53,66,69,61,67,71,66,69,64,63,73,62,67,28,67,58,64,74,29,30,24,9,8,15,14,15,15,Primera A de Colombia
Í. Montaño,Fortaleza FC,Colombia,7,"ST, RW, CDM",Right,188,27,63,,64,67,57,60,33,65,57,72,67,63,66,59,54,53,47,61,62,66,57,69,55,67,65,57,71,58,60,31,64,54,62,66,28,30,23,7,12,15,6,9,10,Primera A de Colombia
J. Sinisterra,Fortaleza FC,Colombia,27,RW,Right,177,17,57,,67,56,54,60,26,51,56,56,41,52,59,63,60,49,51,61,65,68,56,51,59,61,50,59,51,49,43,26,62,57,50,53,27,22,20,7,14,10,8,11,7,Primera A de Colombia
S. Vivas,Fortaleza FC,Colombia,28,"CM, CAM, CDM",Right,178,20,61,,63,53,60,62,53,59,58,50,50,66,53,64,54,52,61,59,62,63,62,65,59,52,50,67,57,59,57,52,59,56,56,60,54,54,55,15,6,15,11,15,7,Primera A de Colombia
J. Candelo,Fortaleza FC,Colombia,21,CDM,Right,187,18,57,,52,47,54,53,56,59,43,40,55,61,42,51,47,43,53,56,50,54,49,58,53,62,57,58,60,51,57,57,44,56,45,52,55,58,53,6,14,13,7,10,13,Primera A de Colombia
K. Balanta,Fortaleza FC,Colombia,17,"CDM, CM",Right,174,22,63,,57,52,62,61,64,63,52,48,55,70,47,59,53,51,62,62,59,55,64,60,58,61,61,62,62,54,65,66,55,61,52,62,67,61,66,10,6,12,10,9,11,Primera A de Colombia
L. Pico,Fortaleza FC,Colombia,14,"CDM, CM",Right,180,35,69,,54,60,64,62,70,70,59,58,64,68,49,59,59,56,66,63,56,52,63,72,64,64,70,72,68,64,71,73,67,64,56,68,71,68,70,12,8,12,14,7,9,Primera A de Colombia
B. Mejía,Fortaleza FC,Colombia,13,CDM,Right,176,20,61,,55,51,55,57,65,62,48,46,56,60,46,53,50,49,58,62,59,52,57,58,63,61,55,63,61,52,66,71,53,56,51,56,64,65,65,9,8,11,7,8,11,Primera A de Colombia
S. Navarro,Fortaleza FC,Colombia,8,"CM, CAM, LW",Left,186,26,65,,63,60,65,63,59,64,59,57,60,66,53,59,63,57,68,66,63,63,63,68,64,67,64,63,64,61,63,61,57,69,58,71,56,62,53,13,11,14,14,12,13,Primera A de Colombia
A. Mosquera,Fortaleza FC,Colombia,35,"CB, CDM",Right,184,16,57,,50,38,48,51,60,59,40,32,64,59,27,48,39,34,49,57,50,50,49,47,51,52,64,51,64,39,57,61,28,41,44,50,59,57,61,12,13,15,13,8,14,Primera A de Colombia
J. Castillo,Fortaleza FC,Colombia,23,LB,Left,180,24,59,,64,48,55,56,58,59,66,48,52,55,37,52,49,43,59,59,60,68,60,58,57,53,62,64,57,47,57,62,47,45,44,58,59,58,53,15,13,10,7,11,11,Primera A de Colombia
J. Balanta,Fortaleza FC,Colombia,18,CB,Right,182,28,62,,56,44,50,50,66,64,47,40,66,55,39,45,45,40,55,54,57,56,49,58,56,60,64,62,65,43,65,60,36,44,42,59,71,67,65,8,15,8,8,12,13,Primera A de Colombia
J. Cajares,Fortaleza FC,Colombia,16,RB,Left,181,23,63,,67,48,58,58,63,64,62,45,58,60,45,57,55,51,60,55,68,66,66,60,65,55,60,70,61,46,63,62,49,52,49,62,62,64,66,9,6,8,11,10,13,Primera A de Colombia
S. Cuero,Fortaleza FC,Colombia,15,"LB, LM",Right,177,22,66,,69,49,61,65,64,66,66,40,62,61,44,65,59,53,60,65,71,67,68,65,70,63,58,72,65,55,65,67,54,58,50,57,62,64,66,6,14,10,12,12,15,Primera A de Colombia
Y. Díaz,Fortaleza FC,Colombia,6,"CB, RB",Right,188,29,64,,59,43,54,54,68,68,53,37,72,58,37,48,42,41,55,58,58,59,50,62,58,60,68,58,72,44,68,67,36,51,37,61,69,71,59,9,15,15,14,10,7,Primera A de Colombia
J. Medina,Fortaleza FC,Colombia,5,CB,Left,184,20,59,,58,38,47,48,62,61,45,31,59,55,36,40,35,38,54,55,57,58,47,55,55,54,63,58,61,38,66,59,34,37,40,56,56,68,66,11,14,7,8,7,11,Primera A de Colombia
J. Marulanda,Fortaleza FC,Colombia,4,"RB, RM",Left,178,30,63,,69,49,59,62,59,63,60,47,55,61,42,64,57,48,59,61,69,69,65,60,60,59,59,66,61,45,63,64,49,58,48,58,55,58,67,10,13,6,9,11,11,Primera A de Colombia
E. Cabezas,Fortaleza FC,Colombia,4,"RB, LB",Right,180,21,59,,61,45,55,52,59,61,56,42,53,64,41,49,46,43,52,52,59,63,55,54,64,51,50,63,61,45,63,59,46,47,42,57,64,57,54,14,11,13,12,6,8,Primera A de Colombia
D. Ramírez,Fortaleza FC,Colombia,3,"CB, LB",Right,190,24,62,,56,42,49,52,65,68,49,36,71,56,40,49,45,41,48,54,57,56,49,67,48,54,64,61,72,44,66,60,39,39,40,62,67,63,71,13,14,13,8,7,12,Primera A de Colombia
A. Copete,Fortaleza FC,Colombia,2,"CB, LB",Right,190,26,61,,53,42,52,50,63,64,49,37,63,60,32,42,37,38,58,57,51,55,50,61,51,58,68,60,66,43,61,62,35,42,43,59,62,62,67,7,8,12,14,9,11,Primera A de Colombia
M. Barragán,Fortaleza FC,Colombia,22,GK,Right,186,22,58,,32,17,28,24,15,44,20,10,15,35,10,14,13,10,27,27,30,34,28,51,37,38,44,37,50,15,37,22,10,35,18,34,13,12,16,58,58,53,57,60,36,Primera A de Colombia
C. Santander,Fortaleza FC,Colombia,12,GK,Right,188,23,65,,43,20,34,31,24,50,21,10,28,40,15,19,19,18,35,35,46,40,38,59,43,45,54,40,58,23,41,31,11,41,22,48,17,27,19,70,62,62,64,70,42,Primera A de Colombia
W. Barlasina,Fortaleza FC,Argentina,1,GK,Right,196,28,65,,38,23,34,32,25,48,23,17,23,42,13,21,22,12,38,34,41,35,41,66,47,42,54,44,53,20,41,31,14,34,25,39,25,22,23,63,62,60,67,66,44,Primera A de Colombia
E. Gómez,Deportivo Pasto,Colombia,42,RW,Right,180,18,58,,69,55,55,60,30,50,58,56,44,54,56,58,58,53,54,62,69,69,64,54,62,55,48,54,51,54,43,33,55,52,53,57,29,26,22,15,13,13,9,10,8,Primera A de Colombia
D. Chillambo,Deportivo Pasto,Colombia,37,LW,Left,184,16,59,,67,57,58,59,28,51,63,59,48,60,59,64,64,48,55,55,68,67,58,64,57,58,51,53,55,55,40,23,54,55,53,51,27,26,25,12,9,6,12,11,10,Primera A de Colombia
S. Córdoba,Deportivo Pasto,Colombia,29,"ST, CF",Right,183,29,64,,66,67,53,62,30,64,52,69,63,56,66,61,51,49,47,63,63,69,63,63,63,67,63,59,69,65,58,29,67,55,56,67,24,29,24,9,9,10,15,9,6,Primera A de Colombia
T. Blandón,Deportivo Pasto,Colombia,28,RW,Right,173,28,61,,69,61,60,66,29,53,66,60,49,62,61,68,62,54,55,65,72,67,65,64,64,61,44,60,52,61,50,26,66,57,57,59,34,20,29,8,15,12,10,14,11,Primera A de Colombia
Y. Tolosa,Deportivo Pasto,Colombia,22,LW,Right,177,27,62,,72,61,61,64,34,51,60,60,49,67,59,66,65,54,56,63,69,75,64,59,69,65,55,60,47,58,50,33,63,57,57,57,32,36,25,6,11,10,8,8,11,Primera A de Colombia
P. Preciado,Deportivo Pasto,Colombia,19,ST,Right,185,21,61,,61,63,50,59,27,63,40,65,58,54,59,61,49,53,45,58,57,65,56,64,57,65,62,59,67,57,59,24,70,56,58,58,26,23,21,13,9,14,13,13,13,Primera A de Colombia
J. Micolta,Deportivo Pasto,Colombia,18,"RW, RM, ST",Left,173,24,65,,75,60,60,70,34,57,65,57,50,59,53,74,62,62,53,65,74,75,78,69,66,59,59,64,56,66,50,36,61,62,64,61,32,32,28,14,9,7,9,12,10,Primera A de Colombia
A. Ibargüen,Deportivo Pasto,Colombia,11,ST,Right,168,34,69,,66,70,60,69,36,66,56,71,62,65,73,67,59,62,48,70,66,66,72,73,71,73,62,65,70,62,59,32,68,62,74,70,35,33,29,14,6,8,15,6,9,Primera A de Colombia
J. Obregón,Deportivo Pasto,Colombia,9,"ST, LW",Left,182,29,62,,64,65,53,60,26,61,48,68,60,61,57,59,53,59,46,60,62,65,64,61,57,66,64,60,64,59,53,25,63,49,64,65,25,18,23,12,6,8,6,13,9,Primera A de Colombia
J. Perlaza,Deportivo Pasto,Colombia,7,"ST, LW, RW",Right,177,25,63,,68,62,51,62,29,58,51,63,64,53,62,62,60,57,43,59,69,67,64,65,67,67,63,57,58,55,58,30,69,52,64,62,28,21,15,14,11,6,14,12,12,Primera A de Colombia
M. Pisano,Deportivo Pasto,Argentina,32,"CAM, CM, RM",Right,161,34,66,,62,67,69,71,40,57,60,69,42,73,59,70,71,65,69,73,59,65,69,70,79,68,50,64,54,69,56,38,62,72,59,68,39,41,38,12,12,6,6,8,13,Primera A de Colombia
D. Guerrero,Deportivo Pasto,Colombia,30,"CDM, CB",Left,173,30,61,,56,52,58,56,59,65,51,50,53,65,40,55,51,52,57,58,54,58,57,57,56,60,54,67,64,54,67,58,53,59,47,57,62,59,58,10,13,8,9,12,6,Primera A de Colombia
F. Leys,Deportivo Pasto,Argentina,25,"CM, CDM",Right,177,32,68,,66,68,69,68,61,65,64,64,66,74,65,67,66,62,69,69,65,67,68,66,67,68,60,72,63,76,62,59,70,67,66,73,59,64,60,11,7,15,7,14,6,Primera A de Colombia
Y. Góez,Deportivo Pasto,Colombia,23,"CM, CDM, RW",Right,179,26,61,,60,56,63,61,54,58,59,52,56,65,52,59,61,55,61,64,61,60,60,60,61,60,52,66,56,63,54,55,63,67,54,60,51,58,49,12,14,10,15,14,9,Primera A de Colombia
W. Ordóñez,Deportivo Pasto,Colombia,18,RW,Right,174,22,64,,68,62,63,67,31,56,66,64,50,61,60,70,64,55,59,63,70,67,70,65,69,61,60,64,53,59,51,33,61,66,61,66,32,26,24,9,9,11,13,12,6,Primera A de Colombia
J. Méndez,Deportivo Pasto,Colombia,17,CM,Right,174,22,62,,57,52,61,65,56,60,61,44,54,63,48,64,59,53,62,65,58,57,70,67,62,61,56,65,57,58,61,57,67,60,54,62,59,54,48,9,12,7,10,6,10,Primera A de Colombia
M. Gil,Deportivo Pasto,El Salvador,16,"LM, LW",Left,175,23,63,El Salvador,70,59,62,64,45,59,62,59,49,62,58,64,62,61,57,64,70,70,69,62,67,61,52,68,57,57,55,51,61,67,54,59,43,44,40,9,10,8,15,8,6,Primera A de Colombia
H. Mancilla,Deportivo Pasto,Colombia,15,"CM, CDM, CB",Right,174,34,66,,56,62,69,69,59,59,69,60,54,69,51,67,60,59,68,71,56,56,66,72,69,67,63,71,54,64,57,56,67,73,64,70,63,57,61,12,8,10,11,15,13,Primera A de Colombia
F. Martínez,Deportivo Pasto,Colombia,13,"CAM, CF",Left,173,19,59,,61,56,62,64,32,48,61,54,37,63,53,68,60,56,59,64,62,61,59,57,66,55,47,52,47,60,45,30,59,67,56,57,35,30,23,8,12,8,6,7,6,Primera A de Colombia
D. Chávez,Deportivo Pasto,Argentina,10,"CM, CAM, ST",Right,180,29,65,,64,60,67,68,57,62,62,55,56,71,49,65,65,53,67,73,64,64,68,69,65,66,56,71,57,65,64,57,64,69,60,66,53,60,59,10,15,15,14,8,12,Primera A de Colombia
E. Serje,Deportivo Pasto,Colombia,8,"CM, CB, CDM",Right,180,30,67,,64,64,68,70,61,63,64,62,64,70,61,69,60,62,70,72,67,61,68,69,64,71,60,70,62,62,58,60,60,73,59,65,63,60,61,6,14,15,11,14,8,Primera A de Colombia
K. Santacruz,Deportivo Pasto,Colombia,14,"CM, CDM",Right,181,18,58,,58,51,57,58,48,56,56,47,57,59,48,54,54,52,56,62,54,61,62,61,61,56,51,60,57,51,52,48,59,57,54,54,41,51,47,15,7,14,12,15,15,Primera A de Colombia
M. Mosquera,Deportivo Pasto,Colombia,38,"LB, LM",Left,168,18,59,,61,43,53,55,55,54,62,39,49,53,44,56,53,41,50,51,64,59,63,52,63,52,56,62,48,40,60,51,48,50,45,51,57,58,57,6,11,14,14,8,9,Primera A de Colombia
J. Quiñónes,Deportivo Pasto,Colombia,36,"CB, RW",Right,195,36,69,,56,51,59,59,72,75,53,47,77,66,43,54,51,52,66,64,54,58,52,72,59,65,74,67,81,53,71,67,41,52,45,69,70,76,70,9,12,8,6,9,11,Primera A de Colombia
M. Garavito,Deportivo Pasto,Colombia,33,"RB, LB",Right,176,25,66,,72,50,60,66,62,63,64,46,59,60,44,67,58,52,62,64,73,72,71,60,70,55,62,72,59,53,63,61,56,55,56,59,65,62,62,14,14,8,13,6,6,Primera A de Colombia
H. Goyes,Deportivo Pasto,Colombia,27,"LB, LM, CDM",Right,186,20,60,,68,44,56,56,60,59,58,40,59,62,46,54,50,51,55,56,64,72,63,57,64,52,59,65,56,43,59,61,45,48,45,53,54,66,59,14,13,14,7,15,13,Primera A de Colombia
H. Moreno,Deportivo Pasto,Colombia,26,LB,Left,175,18,57,,62,42,53,55,57,53,55,40,50,62,34,49,41,44,50,61,61,62,59,55,60,46,50,58,51,44,54,54,44,45,37,45,61,57,57,11,11,10,14,13,14,Primera A de Colombia
D. Osede,Deportivo Pasto,España,21,CB,Left,183,33,66,,57,46,56,58,68,68,54,39,67,63,38,54,44,52,63,60,56,57,61,66,62,66,68,57,72,46,72,67,38,47,44,65,65,70,71,15,13,6,9,8,12,Primera A de Colombia
S. Jiménez,Deportivo Pasto,Colombia,6,RB,Right,180,28,63,,63,46,59,64,65,64,67,40,57,58,47,63,55,50,60,63,60,66,71,64,64,59,63,71,60,43,66,69,47,55,53,59,66,65,62,11,9,9,15,15,13,Primera A de Colombia
N. Gil,Deportivo Pasto,Colombia,5,CB,Right,182,29,65,,64,47,51,57,66,69,45,42,65,59,40,57,50,42,56,56,63,64,53,63,57,59,66,61,74,50,67,63,39,40,44,61,68,67,63,7,6,8,12,6,12,Primera A de Colombia
J. Ossa,Deportivo Pasto,Colombia,3,"CB, LB",Right,184,28,61,,52,43,52,51,65,64,46,39,63,60,35,48,42,40,56,54,48,56,49,58,54,56,59,60,69,45,60,65,36,45,40,55,64,67,63,13,6,7,12,13,14,Primera A de Colombia
F. Torijano,Deportivo Pasto,Colombia,2,CB,Left,181,38,69,,59,48,57,56,74,71,50,42,69,68,46,45,48,49,62,63,62,56,60,74,64,63,71,66,71,51,76,72,43,45,44,66,71,82,70,14,9,12,14,12,15,Primera A de Colombia
L. Marquínez,Deportivo Pasto,Colombia,24,GK,Right,185,18,58,,37,15,24,26,17,41,11,10,22,28,10,14,18,11,29,28,39,36,35,52,42,32,50,34,47,11,32,26,10,32,15,40,13,15,12,59,58,54,62,58,33,Primera A de Colombia
G. Banguera,Deportivo Pasto,Colombia,12,GK,Right,187,30,64,,39,23,32,31,21,49,17,16,21,36,14,21,21,22,42,35,43,36,37,59,39,44,54,42,53,23,45,28,17,37,23,42,18,22,14,66,62,58,63,64,42,Primera A de Colombia
E. Cabezas,Deportivo Pasto,Colombia,1,GK,Left,193,26,62,,36,19,35,29,21,45,17,10,24,44,11,16,19,17,35,34,38,35,38,61,40,41,47,32,53,19,41,29,10,44,21,39,22,14,21,65,63,54,61,63,40,Primera A de Colombia
E. Torres,Once Caldas,Colombia,29,"RW, LW",Right,179,28,60,,66,58,56,60,32,54,60,58,46,54,54,62,57,56,53,56,70,63,68,65,62,59,54,61,56,58,39,35,64,57,55,59,33,27,22,10,7,8,14,14,10,Primera A de Colombia
M. Zuleta,Once Caldas,Colombia,28,"LW, LM, RM",Right,170,24,68,,75,67,67,73,38,57,65,66,55,72,64,74,67,65,59,72,76,74,76,65,72,65,54,65,56,70,49,41,67,66,69,70,32,38,37,13,7,8,8,6,7,Primera A de Colombia
H. Guzman,Once Caldas,Colombia,21,LW,Left,166,19,57,,66,57,54,58,26,47,60,59,36,53,54,58,55,52,49,54,65,66,67,57,65,61,42,57,42,52,48,27,60,54,52,55,23,26,19,11,10,11,15,13,11,Primera A de Colombia
D. Moreno,Once Caldas,Colombia,17,"ST, LW",Right,178,41,70,,60,73,62,70,34,65,62,76,68,65,70,67,60,60,53,74,59,60,70,77,66,72,67,63,67,68,64,31,70,62,74,72,31,28,34,9,11,12,7,15,7,Primera A de Colombia
J. Zapata,Once Caldas,Colombia,14,"RW, ST",Right,172,26,68,,77,65,64,69,39,62,63,63,55,67,65,68,71,61,60,69,74,79,70,65,74,67,61,73,59,69,55,41,68,63,64,65,38,35,35,9,15,15,6,14,13,Primera A de Colombia
P. Gómez,Once Caldas,Colombia,9,LW,Right,173,26,66,,75,67,62,67,39,60,66,68,53,61,58,67,65,66,58,66,73,77,71,67,69,70,55,70,57,64,54,37,66,62,59,61,38,39,31,9,8,15,11,12,6,Primera A de Colombia
M. Barrios,Once Caldas,Colombia,7,"RW, LW, RM",Right,163,35,67,,68,68,65,74,35,55,74,70,48,61,60,76,65,60,60,73,70,67,76,66,81,64,53,65,51,66,53,37,73,66,68,61,31,35,28,6,13,10,12,6,13,Primera A de Colombia
J. Quiñónes,Once Caldas,Colombia,42,"CAM, CM, CDM",Right,170,25,65,,65,63,65,68,39,56,64,61,47,67,65,68,67,62,61,68,64,66,72,62,67,66,51,56,57,63,56,42,69,66,70,61,36,40,35,14,7,11,6,7,6,Primera A de Colombia
R. Acuña,Once Caldas,Colombia,36,"CDM, CB",Right,176,20,59,,56,50,57,55,59,58,43,46,49,67,44,55,53,47,56,54,55,57,58,57,58,56,51,59,57,54,60,65,49,57,58,59,61,57,58,12,13,15,12,11,14,Primera A de Colombia
J. Beltran,Once Caldas,Colombia,31,CDM,Left,186,19,59,,54,50,54,54,60,63,52,47,60,57,42,55,50,47,63,54,52,55,50,53,55,57,62,64,63,50,61,61,55,48,51,55,55,66,58,12,12,11,6,11,13,Primera A de Colombia
A. Colorado,Once Caldas,Colombia,23,"CM, CDM, CAM",Left,182,27,66,,60,60,68,63,58,64,66,56,55,70,54,58,59,59,70,68,61,59,64,62,60,64,58,67,65,66,57,58,60,67,58,69,56,61,54,8,15,9,9,6,14,Primera A de Colombia
A. Roa,Once Caldas,Colombia,20,"CM, CAM, CDM",Right,175,33,67,,58,63,68,67,57,64,60,58,55,73,60,66,65,60,69,66,61,56,67,69,72,68,63,66,65,68,61,54,62,70,62,68,60,58,53,6,7,14,6,10,6,Primera A de Colombia
T. García,Once Caldas,Colombia,19,CM,Left,184,20,60,,59,54,59,60,53,62,53,50,51,60,50,58,65,57,62,63,62,57,61,58,57,60,56,65,61,56,60,53,52,60,56,54,56,51,50,13,15,13,15,8,15,Primera A de Colombia
J. Alvarado,Once Caldas,Colombia,15,"CM, CDM, ST",Right,172,27,64,,62,60,64,63,54,66,54,56,59,68,52,63,59,60,64,62,61,62,63,65,62,69,50,70,66,62,64,49,52,69,58,66,52,57,54,15,11,12,10,8,7,Primera A de Colombia
D. Marmolejo,Once Caldas,Colombia,6,"RM, LM",Left,167,22,60,,65,53,57,60,39,51,60,52,45,55,49,59,53,49,56,61,66,64,65,57,65,54,44,58,50,53,48,42,62,59,55,58,40,35,36,6,10,13,8,15,14,Primera A de Colombia
J. Nieto,Once Caldas,Colombia,5,CDM,Right,178,33,63,,54,53,61,56,66,65,49,48,60,67,45,51,56,56,63,58,57,52,59,65,66,62,59,68,64,60,66,70,50,62,51,62,67,63,65,7,10,6,11,8,11,Primera A de Colombia
H. Rincon,Once Caldas,Colombia,39,"LB, LM",Left,183,18,59,,66,41,54,56,59,61,55,35,57,59,37,56,53,47,54,56,63,69,62,49,55,51,58,65,60,45,57,58,46,48,39,51,53,64,64,8,11,11,13,6,14,Primera A de Colombia
J. Patiño,Once Caldas,Colombia,33,LB,Left,183,28,64,,68,50,60,62,63,61,66,46,62,64,46,62,57,50,57,59,65,70,68,62,69,60,61,66,57,50,66,63,54,52,49,63,60,67,61,7,8,10,11,14,14,Primera A de Colombia
D. Londoño,Once Caldas,Colombia,30,"CB, LB",Right,185,31,66,,57,47,54,54,70,72,53,40,73,60,39,47,42,48,53,57,51,62,56,67,54,61,68,64,75,50,73,68,46,48,45,66,71,71,68,15,10,15,15,8,14,Primera A de Colombia
J. Cuesta,Once Caldas,Colombia,22,"RB, LB",Right,179,28,59,,62,45,54,56,58,54,55,38,51,59,40,53,51,47,51,56,61,63,62,56,58,59,54,59,53,47,52,58,47,47,44,61,58,61,58,12,12,6,6,11,10,Primera A de Colombia
J. Riquett,Once Caldas,Colombia,18,CB,Left,188,36,69,,55,50,58,58,71,73,59,44,78,67,46,53,45,45,61,62,51,58,57,67,60,66,75,70,77,52,67,70,47,48,44,68,71,69,70,13,15,14,13,15,13,Primera A de Colombia
J. Castaño,Once Caldas,Colombia,16,CB,Right,182,28,65,,57,45,52,53,69,65,52,41,67,57,39,48,46,44,54,56,54,60,50,64,57,58,67,58,68,45,65,70,44,43,45,65,66,72,66,14,7,9,6,10,13,Primera A de Colombia
E. Navarro,Once Caldas,Colombia,4,CB,Right,185,27,62,,61,43,50,50,65,63,46,37,66,56,36,50,44,43,51,49,59,63,45,60,56,61,63,58,65,43,66,63,37,44,43,61,66,65,65,14,13,6,15,15,13,Primera A de Colombia
A. Correa,Once Caldas,Colombia,3,LB,Left,178,32,69,,73,53,67,65,65,68,68,49,61,70,51,62,61,54,63,66,71,74,68,64,76,57,64,76,65,58,69,63,55,68,57,72,65,67,65,10,11,14,13,10,12,Primera A de Colombia
J. Cardona,Once Caldas,Colombia,2,"CB, LB",Right,186,27,64,,59,43,53,51,68,66,48,37,69,60,44,45,42,48,56,54,60,59,50,62,58,53,66,55,69,47,70,71,39,46,41,63,69,66,65,8,9,7,12,15,7,Primera A de Colombia
J. Parra,Once Caldas,Colombia,99,GK,Right,184,26,67,,41,23,36,33,24,51,19,17,28,44,20,23,21,21,39,35,44,38,40,65,47,44,57,42,59,19,43,30,18,42,26,48,21,23,18,68,63,65,69,72,48,Primera A de Colombia
E. Gallego,Once Caldas,Colombia,25,GK,Right,187,21,59,,35,18,26,26,13,42,10,14,19,29,10,13,17,10,33,30,35,35,35,57,39,35,47,33,50,13,34,15,10,37,18,34,12,10,17,59,59,57,60,61,34,Primera A de Colombia
M. Gonzalez,Once Caldas,Colombia,12,GK,Right,190,16,57,,37,17,25,25,16,43,10,10,20,33,10,13,12,12,33,30,39,36,36,46,37,38,41,32,52,16,34,23,10,28,15,37,15,12,13,57,60,52,55,55,34,Primera A de Colombia
J. Camargo,Once Caldas,Venezuela,1,GK,Right,185,28,65,,41,24,35,33,23,49,20,16,26,42,19,19,15,16,42,38,40,42,44,62,45,47,52,38,58,21,40,26,18,41,27,45,27,17,20,61,66,60,60,64,49,Primera A de Colombia
S. Mosquera,Millonarios,Colombia,35,CB,Right,187,19,58,,56,39,46,45,62,60,39,32,66,53,34,40,42,38,51,47,54,57,48,61,46,55,59,50,63,42,64,59,31,39,35,51,64,63,58,8,12,11,10,9,11,Primera A de Colombia
S. Giordana,Millonarios,Argentina,32,ST,Right,181,31,66,,65,68,55,66,33,68,49,70,66,59,70,67,59,52,51,65,63,66,60,71,69,72,65,69,69,58,63,27,66,56,64,71,33,29,22,10,8,6,10,13,10,Primera A de Colombia
R. Contreras,Millonarios,Argentina,27,"ST, CF",Left,182,30,69,,71,69,60,68,38,69,58,69,71,67,71,70,62,50,53,67,69,72,67,70,66,70,65,61,76,65,63,33,73,59,71,69,36,35,29,11,7,11,15,15,9,Primera A de Colombia
J. Angulo,Millonarios,Colombia,24,"RW, CAM, CM",Right,183,24,63,,70,64,62,68,35,57,65,67,55,63,55,70,63,56,58,67,70,70,65,62,63,65,57,66,56,58,48,37,65,62,59,66,31,33,32,9,11,15,14,15,7,Primera A de Colombia
L. Castro,Millonarios,Colombia,23,"ST, RW",Right,174,34,71,,66,74,63,72,37,70,68,76,64,66,64,70,62,58,50,72,62,69,76,75,70,77,65,71,71,69,65,36,73,64,71,76,32,37,30,7,9,11,14,13,8,Primera A de Colombia
A. Estupiñán,Millonarios,Colombia,11,"ST, LW",Right,177,32,69,,67,70,61,69,36,70,59,70,69,64,69,71,64,57,56,68,65,69,66,67,65,72,70,66,74,68,64,35,74,60,64,73,33,30,29,8,10,15,7,14,11,Primera A de Colombia
D. Ruiz,Millonarios,Colombia,10,"ST, LM",Right,171,25,63,,64,66,53,64,30,60,48,68,53,59,63,66,59,47,41,63,62,65,59,61,60,64,66,56,61,63,61,30,63,56,64,68,28,25,24,13,10,6,12,10,15,Primera A de Colombia
R. Falcao,Millonarios,Colombia,9,ST,Right,177,40,65,,57,68,59,66,31,62,58,73,64,66,69,64,59,55,47,67,58,57,67,69,64,65,69,65,64,62,54,28,74,58,62,69,31,25,25,9,12,8,6,15,11,Primera A de Colombia
Leonai,Millonarios,Brasil,55,"CDM, CM",Left,176,31,66,,58,55,62,63,68,71,55,51,59,67,44,61,60,56,69,64,56,59,59,68,64,63,60,71,73,61,68,72,52,59,55,71,69,67,66,6,11,8,14,9,13,Primera A de Colombia
S. Viveros,Millonarios,Ecuador,30,"RM, RB",Left,185,21,63,,66,57,64,64,43,64,70,56,47,66,50,66,59,60,57,62,69,63,65,61,63,60,61,70,65,56,57,45,58,60,59,58,45,37,44,11,9,9,7,11,13,Primera A de Colombia
S. Vega,Millonarios,Colombia,28,"CDM, CM",Right,176,28,63,,55,57,59,58,63,65,51,50,56,62,51,56,55,56,64,57,54,56,58,68,63,66,59,70,63,66,67,63,58,58,53,65,69,60,64,12,7,10,12,6,14,Primera A de Colombia
D. Quintero,Millonarios,Colombia,25,"CAM, LW",Right,164,39,67,,61,66,69,69,37,58,68,65,54,71,57,70,67,62,63,66,63,60,74,67,76,69,56,67,57,68,52,40,67,71,71,68,34,33,38,11,11,13,11,15,9,Primera A de Colombia
M. García,Millonarios,Colombia,19,"CM, CDM",Right,176,28,69,,66,61,69,70,59,69,66,57,60,68,56,64,68,63,72,75,66,66,70,71,73,65,66,73,69,67,67,60,61,71,65,74,59,57,60,14,13,8,8,12,11,Primera A de Colombia
R. Ureña,Millonarios,Chile,18,"CM, CDM",Left,179,33,70,,61,66,72,70,64,66,65,64,62,76,61,69,67,61,73,72,62,60,69,71,67,71,56,71,62,68,73,63,71,73,61,70,64,66,60,9,11,8,14,6,9,Primera A de Colombia
Y. Romero,Millonarios,Colombia,15,"RM, RW",Right,168,18,59,,65,54,58,61,39,49,62,51,39,58,52,62,60,53,60,59,66,64,64,56,67,56,46,58,44,55,52,37,57,54,58,53,40,41,37,8,12,14,15,12,9,Primera A de Colombia
D. Silva,Millonarios,Colombia,14,"CM, CAM, LM",Right,175,39,69,,53,62,72,71,60,67,64,58,60,77,63,69,62,68,72,75,55,51,63,67,70,64,60,68,67,68,68,64,67,74,62,74,61,55,62,15,6,7,8,13,6,Primera A de Colombia
F. Chaverra,Millonarios,Colombia,13,"LB, LM, ST",Left,172,26,66,,70,53,62,60,64,63,70,51,58,63,49,55,57,55,62,60,68,71,67,65,73,56,58,68,62,56,61,67,54,54,47,64,62,65,64,6,6,13,13,11,10,Primera A de Colombia
J. Cuadrado,Millonarios,Colombia,7,RM,Right,176,38,69,,67,61,68,70,51,62,72,59,57,68,58,71,66,65,67,71,69,65,71,64,69,62,61,70,60,64,58,59,65,64,63,66,47,50,45,6,14,9,12,14,14,Primera A de Colombia
C. Uparela,Millonarios,Colombia,43,"LB, LM",Left,180,19,57,,64,42,51,53,56,56,57,40,49,51,37,52,44,42,54,52,64,64,65,52,55,49,56,60,54,40,56,61,45,48,35,48,56,56,54,7,10,9,11,12,7,Primera A de Colombia
J. Guerrero,Millonarios,Colombia,34,"RB, RW, RM",Right,172,25,67,,74,50,63,65,66,62,66,48,56,66,44,63,60,52,61,63,72,75,76,60,74,56,62,69,60,52,58,65,50,62,50,62,65,72,67,13,8,9,8,14,7,Primera A de Colombia
A. Moreno,Millonarios,Colombia,29,CB,Left,185,24,65,,61,46,53,58,67,68,49,43,71,63,41,57,46,41,52,57,58,63,57,65,56,55,71,59,71,49,70,70,42,46,43,70,65,68,63,10,13,9,10,15,14,Primera A de Colombia
A. Llinás,Millonarios,Colombia,26,CB,Left,187,29,62,,55,41,49,51,65,63,45,33,62,58,41,45,41,41,51,58,51,59,46,60,52,56,65,58,67,42,61,62,38,42,46,57,68,64,67,11,7,7,15,10,7,Primera A de Colombia
S. Valencia,Millonarios,Colombia,22,"LB, LM",Left,174,30,69,,76,54,63,67,67,66,68,52,58,65,54,64,62,53,63,69,72,79,68,67,73,58,64,74,63,54,64,70,58,56,60,67,66,69,71,14,12,15,8,12,8,Primera A de Colombia
D. Banguero,Millonarios,Colombia,20,"LB, CB",Right,178,36,65,,60,51,61,64,62,62,66,47,58,61,51,60,56,54,64,68,65,56,65,63,64,61,58,69,58,48,64,60,53,57,49,65,62,64,66,11,15,6,13,6,9,Primera A de Colombia
J. Arias,Millonarios,Colombia,17,CB,Left,184,33,69,Colombia,60,51,56,59,71,69,55,46,68,58,46,57,54,49,60,59,57,62,58,66,61,68,69,62,71,47,73,66,42,53,53,65,74,72,68,6,14,15,8,12,7,Primera A de Colombia
S. Mosquera,Millonarios,Colombia,6,CB,Right,185,32,62,,48,42,51,54,67,65,42,38,66,61,35,51,47,37,56,58,48,48,45,62,56,55,66,58,70,42,62,63,35,43,44,55,69,68,65,7,15,14,6,15,11,Primera A de Colombia
S. Barreiro,Millonarios,Colombia,4,CB,Right,185,32,73,,68,50,61,63,75,74,56,47,73,70,46,56,55,55,61,69,66,70,60,71,63,59,72,69,74,50,79,73,46,54,48,73,78,74,78,12,13,7,8,12,6,Primera A de Colombia
S. Martín,Millonarios,Colombia,3,RB,Right,175,20,58,,63,42,52,55,54,56,60,33,46,56,37,52,47,40,53,57,63,63,61,48,63,58,57,62,55,44,53,49,47,42,43,49,56,58,59,6,11,7,10,12,11,Primera A de Colombia
C. Sarabia,Millonarios,Colombia,2,"RB, LB",Right,182,21,65,,69,50,59,61,65,65,63,47,64,63,46,62,55,56,56,60,71,67,66,63,57,56,64,65,66,50,65,63,57,53,43,54,66,64,67,15,7,13,13,9,14,Primera A de Colombia
D. Rodríguez,Millonarios,Colombia,38,GK,Right,193,18,59,,33,18,26,24,16,41,17,10,20,32,10,15,13,11,31,24,33,33,37,54,35,40,50,33,48,17,32,26,10,30,17,33,11,15,12,62,59,55,61,62,37,Primera A de Colombia
J. Diaz,Millonarios,Colombia,31,GK,Right,187,19,58,,34,17,27,24,15,39,16,11,16,33,10,13,12,15,33,26,35,33,31,52,37,39,49,33,44,11,32,21,10,30,19,36,13,13,14,61,54,48,57,60,39,Primera A de Colombia
J. Aguirre,Millonarios,Colombia,12,GK,Right,181,34,68,,38,25,38,34,23,53,27,20,27,42,16,22,20,23,41,35,43,34,38,66,53,44,60,43,60,20,45,27,15,47,26,54,19,21,26,71,65,59,73,71,45,Primera A de Colombia
J. Burrai,Millonarios,Ecuador,1,GK,Right,188,35,69,,38,28,38,36,25,51,22,20,28,43,14,26,20,22,46,36,40,37,42,67,48,53,65,40,58,24,44,35,24,48,26,54,23,20,23,68,73,66,71,71,43,Primera A de Colombia
H. Vallecilla,Independiente Medellín,Colombia,80,"LW, ST",Right,170,18,59,,70,58,56,59,26,48,62,58,42,54,54,59,61,51,55,58,68,71,64,57,65,57,48,57,46,58,43,26,61,56,54,56,28,20,22,9,14,6,14,11,6,Primera A de Colombia
J. Córdoba,Independiente Medellín,Colombia,70,"RW, RM",Right,171,23,65,,69,66,62,67,34,59,71,66,51,61,60,68,69,56,56,66,67,71,68,69,70,64,55,61,61,67,51,37,69,61,67,58,34,29,27,11,13,14,12,9,7,Primera A de Colombia
K. Klinger,Independiente Medellín,Colombia,34,"RW, RM",Right,167,18,60,,66,60,61,63,30,49,65,61,44,65,53,63,58,51,53,61,68,64,67,57,63,63,49,54,48,58,46,31,58,61,60,66,30,25,27,11,10,15,6,6,14,Primera A de Colombia
C. Lucumí,Independiente Medellín,Colombia,32,ST,Right,188,26,64,,67,64,56,60,32,65,51,60,70,61,64,58,60,56,51,61,63,70,61,67,52,70,65,59,70,68,62,27,63,56,58,68,31,30,16,9,7,6,11,15,8,Primera A de Colombia
A. Dávila,Independiente Medellín,Colombia,28,ST,Right,181,19,58,,62,59,49,57,25,56,44,59,59,56,59,56,53,48,44,59,65,59,57,59,50,57,55,51,60,60,54,25,60,47,55,57,26,15,22,9,13,10,8,10,8,Primera A de Colombia
J. Montaño,Independiente Medellín,Colombia,20,"LW, LM, ST",Left,175,20,65,,74,66,62,66,36,60,63,67,52,65,59,66,65,56,54,67,76,72,67,61,69,67,55,67,61,64,49,32,67,61,65,62,38,35,24,7,6,10,9,7,10,Primera A de Colombia
G. Mancilla,Independiente Medellín,Colombia,17,CB,Right,190,17,61,,55,40,47,50,66,68,44,31,67,55,35,44,36,43,46,55,52,57,50,53,50,59,65,60,75,42,62,69,36,41,39,59,61,68,66,8,9,11,11,13,10,Primera A de Colombia
D. Cataño,Independiente Medellín,Colombia,10,"ST, CAM, LW",Right,174,34,68,,64,68,59,67,35,65,58,72,70,65,71,62,57,55,48,71,66,63,70,70,66,65,60,64,67,63,63,30,68,61,71,76,30,33,29,11,14,11,9,15,11,Primera A de Colombia
J. Medina,Independiente Medellín,Colombia,9,"ST, RW",Right,180,31,68,,68,72,59,64,34,70,52,75,71,65,69,62,58,55,58,63,70,66,69,73,64,72,67,70,72,68,66,37,71,58,66,71,27,32,23,6,10,6,7,6,7,Primera A de Colombia
E. Larrosa,Independiente Medellín,Uruguay,9,"ST, LW",Right,185,25,63,,68,65,55,61,29,58,55,68,63,60,65,59,54,49,45,63,66,69,56,64,57,66,65,54,60,57,54,26,66,54,59,65,24,26,28,6,10,8,9,11,8,Primera A de Colombia
A. Murillo,Independiente Medellín,Colombia,3,"ST, CF",Right,173,17,60,,64,65,50,59,28,56,49,67,60,51,65,57,54,53,48,61,60,67,60,57,62,69,59,51,61,57,51,24,66,50,67,60,24,26,20,7,7,11,12,6,10,Primera A de Colombia
N. Erazo,Independiente Medellín,Colombia,36,RW,Right,175,19,61,,67,60,61,67,30,55,61,61,50,65,58,70,61,52,55,66,68,66,70,58,60,61,51,59,56,55,48,31,65,60,57,51,27,27,26,7,6,7,8,6,12,Primera A de Colombia
D. Moreno,Independiente Medellín,Colombia,31,"CM, CAM",Right,185,30,66,,68,60,67,65,58,68,61,55,59,73,58,61,62,61,65,70,71,65,63,67,66,68,55,71,68,64,65,53,61,66,58,68,61,60,54,10,14,8,6,14,9,Primera A de Colombia
E. Mena,Independiente Medellín,Colombia,26,"RM, RB, LB",Right,177,28,66,,70,62,66,68,46,58,70,63,51,65,58,71,64,62,60,67,73,68,67,62,73,63,57,65,56,60,57,51,60,68,62,60,49,39,45,15,12,13,13,7,15,Primera A de Colombia
A. Martegani,Independiente Medellín,Argentina,21,"CAM, CDM, CM",Right,182,26,64,,61,64,66,67,37,58,60,64,54,67,58,66,66,55,62,66,60,62,73,69,68,66,53,62,60,62,49,42,66,74,61,65,35,31,34,9,9,8,6,15,14,Primera A de Colombia
H. Loboa,Independiente Medellín,Colombia,16,"CDM, CM",Right,179,20,67,,63,56,64,62,69,71,57,52,66,67,50,62,59,55,73,61,66,61,63,64,62,64,60,72,71,61,72,71,54,60,55,62,69,71,65,7,13,12,11,6,12,Primera A de Colombia
B. Perlaza,Independiente Medellín,Colombia,14,"CM, CDM",Right,187,34,67,,57,62,69,68,60,68,61,63,63,74,59,66,63,60,72,73,55,59,57,68,64,59,66,72,69,64,63,55,63,69,59,69,63,60,57,12,8,14,8,9,11,Primera A de Colombia
Y. González,Independiente Medellín,Colombia,11,"LM, RW, ST",Left,184,32,68,,69,61,68,71,48,63,71,61,55,68,58,71,71,59,59,71,65,72,72,69,67,57,64,72,59,66,62,48,64,71,65,67,47,49,41,8,7,11,13,7,10,Primera A de Colombia
J. Fernando Quintero,Independiente Medellín,Colombia,8,"CAM, RW",Right,167,33,71,,63,71,71,77,43,60,71,70,54,71,68,79,65,68,70,76,65,62,80,73,78,70,55,71,57,74,57,43,74,76,73,72,43,41,38,10,10,9,6,13,6,Primera A de Colombia
L. Berrío,Independiente Medellín,Colombia,7,"CAM, CM, RW",Right,173,28,66,,66,69,70,71,38,54,63,72,50,75,63,70,73,66,66,74,64,67,72,66,72,64,47,60,55,70,47,40,68,73,66,63,41,32,32,10,14,13,12,9,13,Primera A de Colombia
D. Moreno,Independiente Medellín,Colombia,6,"CM, CDM, RW",Left,181,35,68,,62,64,69,68,61,66,60,62,59,74,60,66,61,58,72,69,63,61,68,74,67,67,60,72,64,64,67,64,67,74,61,68,61,60,56,13,6,7,6,7,13,Primera A de Colombia
Y. Rodallega,Independiente Medellín,Colombia,2,"CM, CDM",Right,176,18,60,,57,55,59,60,51,59,51,54,46,62,56,58,52,58,65,65,60,55,54,55,60,58,55,65,57,55,59,49,60,60,52,56,49,55,50,13,9,12,15,10,11,Primera A de Colombia
L. Escorcia,Independiente Medellín,Colombia,39,CB,Right,183,22,64,,61,45,50,54,68,67,49,38,67,54,39,51,44,42,61,57,59,62,51,60,55,61,66,64,68,45,70,68,42,41,45,63,68,66,70,14,6,13,9,9,9,Primera A de Colombia
H. Palacios,Independiente Medellín,Colombia,30,"RB, RM, CAM",Left,181,27,65,,69,48,55,62,61,62,59,44,56,57,43,64,56,48,54,59,68,69,63,62,64,54,63,63,63,53,60,63,51,52,51,59,60,59,67,6,13,13,6,10,13,Primera A de Colombia
A. Simarra,Independiente Medellín,Colombia,19,"CB, CDM",Right,190,26,66,,61,46,54,54,69,71,53,40,66,61,41,48,48,50,57,58,57,65,57,59,58,61,70,62,76,47,72,66,38,43,41,66,71,70,70,10,11,11,6,13,8,Primera A de Colombia
F. Fabra,Independiente Medellín,Colombia,18,"LB, LM, LW",Left,174,35,68,,68,55,63,67,65,66,67,54,61,63,47,67,61,57,65,64,62,73,77,68,75,60,60,70,64,54,66,63,59,60,49,64,66,65,68,11,7,8,9,9,8,Primera A de Colombia
L. Maturana,Independiente Medellín,Colombia,15,LB,Right,177,17,55,,57,39,51,53,54,53,54,37,49,54,35,52,47,42,51,53,55,59,55,52,60,46,54,60,49,36,55,55,45,47,41,50,55,55,56,15,15,12,9,6,10,Primera A de Colombia
J. Mena,Independiente Medellín,Colombia,13,"LB, RB",Left,177,20,60,,68,46,54,56,55,56,57,44,52,59,47,56,54,44,53,54,72,65,64,58,61,53,58,66,50,44,58,52,52,48,47,52,60,51,60,8,11,9,15,14,14,Primera A de Colombia
J. Varela,Independiente Medellín,Uruguay,5,"CB, CDM",Right,190,28,64,,60,43,53,54,66,68,43,39,69,62,40,49,44,49,60,59,64,56,48,59,49,56,66,62,71,40,69,63,40,43,49,64,65,69,65,7,11,15,11,13,14,Primera A de Colombia
K. Mantilla,Independiente Medellín,Colombia,4,CB,Right,191,23,69,,64,51,58,57,72,74,57,48,68,67,45,53,49,52,60,61,63,65,55,63,55,67,71,75,74,45,73,74,45,45,53,66,70,73,70,11,11,7,13,6,12,Primera A de Colombia
E. Chaux,Independiente Medellín,Colombia,25,GK,Right,189,34,67,,37,24,38,35,25,49,26,19,29,47,14,22,24,23,44,39,36,37,44,64,46,46,50,41,56,16,43,31,24,39,30,50,23,24,18,70,64,62,69,72,44,Primera A de Colombia
S. Romero,Independiente Medellín,Colombia,12,GK,Right,183,20,57,,36,16,28,25,15,38,10,10,18,36,10,15,10,14,31,28,33,38,32,47,39,36,43,31,44,11,30,21,10,36,19,34,15,10,13,60,58,50,58,57,34,Primera A de Colombia
S. Ichazo,Independiente Medellín,Uruguay,1,GK,Right,187,34,68,,42,24,38,35,24,49,26,14,27,42,19,27,31,20,37,34,41,42,41,67,50,54,59,44,52,19,47,34,18,51,29,53,19,22,22,65,67,65,69,68,44,Primera A de Colombia
B. Castrillón,Junior FC,Colombia,88,"LW, LM, RW",Left,169,27,65,,76,61,64,69,33,56,67,59,50,65,57,71,65,58,58,66,80,73,76,67,72,65,52,67,52,61,54,31,65,64,64,59,34,28,34,15,11,10,15,14,13,Primera A de Colombia
C. Barrios,Junior FC,Colombia,77,"RW, LW, RM",Right,163,28,66,,73,64,64,69,34,57,67,63,53,65,65,70,65,60,58,65,74,72,78,68,76,64,48,67,55,66,54,33,68,67,60,65,32,30,30,12,6,10,15,9,15,Primera A de Colombia
T. Gutiérrez,Junior FC,Colombia,29,"ST, CAM",Right,181,41,69,,62,71,61,70,38,69,60,74,73,65,71,67,63,55,52,73,63,61,76,72,61,69,72,65,71,65,67,33,70,64,71,71,36,33,35,11,8,9,6,13,8,Primera A de Colombia
D. Caicedo,Junior FC,Colombia,25,RW,Right,168,26,67,,73,64,65,70,34,57,64,65,52,66,60,67,77,61,60,72,70,75,79,65,72,66,57,67,54,61,51,34,71,66,61,66,35,31,27,7,8,15,6,14,13,Primera A de Colombia
J. Canchimbo,Junior FC,Colombia,21,"RW, LW",Right,177,21,66,,71,68,64,70,32,58,64,69,51,66,64,71,68,58,56,72,72,71,71,70,68,66,54,64,56,67,56,34,73,65,62,57,29,30,29,14,8,6,10,10,13,Primera A de Colombia
F. Fydriszewski,Junior FC,Argentina,19,ST,Right,186,33,71,,67,71,64,68,40,70,61,73,73,66,70,68,61,66,58,68,65,68,68,73,64,69,75,66,73,66,68,35,70,67,74,72,41,32,34,7,12,7,9,9,10,Primera A de Colombia
L. Muriel,Junior FC,Colombia,10,"ST, CAM",Right,179,35,73,,66,74,66,73,40,74,67,75,74,71,74,74,63,63,56,72,65,67,70,79,69,73,71,67,79,71,73,35,75,66,79,74,40,33,39,6,9,11,15,6,12,Primera A de Colombia
G. Paiva,Junior FC,Paraguay,9,"ST, LW, RW",Right,181,29,70,,74,74,61,68,32,68,59,78,70,65,69,70,62,61,54,66,73,75,72,69,61,77,70,63,70,65,68,24,75,63,73,70,32,26,28,8,13,8,9,6,12,Primera A de Colombia
F. Ángel,Junior FC,Colombia,80,"CDM, CM",Left,180,25,65,,59,52,62,61,66,66,55,45,64,68,45,56,52,53,65,65,61,57,60,63,65,64,63,63,67,52,66,67,60,62,57,67,69,64,67,13,10,11,8,7,12,Primera A de Colombia
A. Shmalbach,Junior FC,Colombia,38,CAM,Left,174,19,58,,62,58,60,62,29,48,54,59,43,62,56,63,59,55,58,63,61,62,64,56,62,55,47,59,43,59,45,29,60,65,58,58,26,30,20,12,15,7,14,14,8,Primera A de Colombia
G. Celis,Junior FC,Colombia,28,"CDM, CM",Right,177,33,69,,59,60,65,64,70,67,59,59,66,72,55,59,59,58,64,70,62,57,63,66,63,65,66,68,66,60,69,72,63,63,60,70,71,70,64,12,11,14,6,7,12,Primera A de Colombia
J. Rivas,Junior FC,Colombia,22,"CDM, CAM, CM",Right,172,29,67,,59,57,65,61,66,69,60,56,59,70,54,57,56,56,67,63,57,60,63,66,64,58,61,73,68,56,67,68,62,62,61,69,66,70,60,7,7,7,7,8,9,Primera A de Colombia
J. Sarmiento,Junior FC,Colombia,20,"CAM, RW",Left,179,26,67,,65,66,68,71,42,59,67,63,56,68,61,69,67,63,67,72,67,64,73,72,71,70,53,70,54,69,60,44,64,73,64,71,39,39,37,13,7,8,6,9,7,Primera A de Colombia
K. Pérez,Junior FC,Colombia,18,"CAM, LW, RW",Right,170,29,66,,68,64,69,70,41,56,64,62,53,72,62,70,68,69,65,71,72,65,72,66,70,67,46,65,54,65,50,35,65,73,65,70,42,42,35,13,14,6,8,8,13,Primera A de Colombia
J. Ríos,Junior FC,Colombia,14,"CDM, CM",Right,175,34,67,,55,59,65,65,69,68,57,54,62,69,56,65,61,61,64,66,57,54,58,69,65,64,59,71,69,64,66,71,57,68,63,69,68,72,63,8,14,8,7,11,7,Primera A de Colombia
Y. Chará,Junior FC,Colombia,8,"CAM, RW, CM",Right,168,35,67,,62,66,66,69,39,58,62,65,53,67,63,69,71,64,62,68,63,61,69,69,78,69,51,65,55,66,57,40,66,73,60,71,37,37,31,6,7,8,9,15,12,Primera A de Colombia
H. Rivera,Junior FC,Colombia,7,"CDM, CM",Left,174,33,67,,56,53,67,64,69,69,63,46,61,72,56,60,56,58,67,67,52,59,62,71,67,62,62,74,67,57,71,69,54,65,60,60,68,72,69,10,6,8,6,13,6,Primera A de Colombia
D. Villarreal,Junior FC,Colombia,6,"RM, LM",Right,182,18,58,,66,55,59,60,38,53,59,55,51,60,49,63,60,52,57,61,60,70,58,57,58,56,48,57,52,54,52,38,54,59,54,46,38,36,33,7,13,13,9,14,8,Primera A de Colombia
F. Correa,Junior FC,Colombia,99,RB,Right,176,20,57,,63,41,51,56,56,54,57,34,53,54,44,58,44,44,53,55,61,64,59,50,61,52,51,61,49,45,57,60,45,42,41,48,58,53,55,14,15,15,10,12,7,Primera A de Colombia
J. Peña,Junior FC,Colombia,98,"CB, RB",Right,183,26,67,,63,45,56,56,71,66,54,38,67,63,41,51,49,45,62,58,62,64,58,65,57,65,67,65,68,43,64,70,46,48,47,65,70,74,67,9,8,11,8,12,13,Primera A de Colombia
D. Socarras,Junior FC,Colombia,34,"RB, LB",Right,182,19,59,,66,47,51,55,56,59,53,43,49,52,47,54,54,44,52,56,68,65,55,52,58,58,60,59,61,47,53,58,43,48,40,56,56,56,61,6,7,11,12,13,14,Primera A de Colombia
Y. Suárez,Junior FC,Colombia,26,"LB, RB",Left,174,29,67,,71,52,60,65,66,65,61,49,61,64,53,63,53,53,61,66,69,73,65,61,70,57,61,75,61,50,65,70,54,54,57,65,63,68,69,6,15,11,8,14,14,Primera A de Colombia
J. Pestaña,Junior FC,Colombia,24,"CB, CDM",Left,186,29,64,,64,43,50,53,67,67,47,36,69,58,36,49,39,40,53,54,62,66,57,64,51,60,64,61,70,43,68,72,45,43,48,63,61,69,66,13,11,8,6,13,8,Primera A de Colombia
P. Ortíz,Junior FC,Colombia,23,CB,Left,190,26,65,,63,46,56,58,69,68,51,41,68,68,44,55,45,47,58,63,62,63,53,66,52,59,73,62,72,45,65,71,44,46,45,58,68,70,65,10,12,7,7,14,10,Primera A de Colombia
C. Pérez,Junior FC,Colombia,16,"CB, CDM",Right,186,19,57,,55,40,42,46,60,59,33,33,62,46,34,44,37,37,53,47,54,55,47,49,52,59,62,56,60,39,60,63,29,36,38,54,60,58,61,6,11,8,11,10,10,Primera A de Colombia
J. Munive,Junior FC,Colombia,15,CB,Right,194,19,59,,55,39,45,47,62,62,45,33,64,50,34,40,38,39,50,54,53,57,47,61,43,56,62,56,65,37,61,59,34,37,38,53,66,59,61,11,9,9,8,8,14,Primera A de Colombia
D. Rivera,Junior FC,Colombia,5,"CB, RB",Right,181,27,67,,63,51,57,56,69,66,59,49,62,60,40,50,52,49,59,60,62,63,58,66,60,63,65,65,66,48,69,70,46,50,46,68,71,71,66,11,12,6,15,8,11,Primera A de Colombia
E. Herrera,Junior FC,Colombia,3,"RB, LB, CB",Right,170,28,64,,67,49,61,60,59,62,64,43,49,63,46,59,53,52,61,59,68,66,68,59,70,59,62,67,59,51,63,60,54,57,49,59,57,60,66,10,8,13,7,6,6,Primera A de Colombia
J. Martínez,Junior FC,Colombia,30,GK,Right,185,33,66,,38,24,37,33,26,52,31,14,26,42,12,18,17,22,39,38,42,35,42,63,54,50,52,45,59,26,44,27,12,42,31,49,31,20,25,63,67,61,68,67,44,Primera A de Colombia
J. Acosta,Junior FC,Colombia,12,GK,Right,191,24,62,,37,23,29,29,19,44,18,18,17,33,17,15,18,18,34,32,38,37,40,61,44,43,49,34,52,19,34,25,11,36,19,45,17,20,12,63,65,53,62,63,38,Primera A de Colombia
D. Castro,Junior FC,Colombia,12,GK,Left,187,20,56,,33,16,26,24,15,38,18,10,16,34,10,15,10,12,27,26,34,33,31,51,37,39,46,31,44,10,31,24,10,28,18,35,13,12,10,56,59,46,55,53,35,Primera A de Colombia
M. Silveira,Junior FC,Uruguay,1,GK,Left,187,26,70,,45,28,38,35,26,54,24,22,30,47,22,27,24,25,39,34,47,44,43,65,48,48,57,46,62,25,42,34,10,41,29,45,23,22,25,71,71,64,71,72,48,Primera A de Colombia
L. Pons,Bucaramanga,Argentina,27,ST,Right,181,36,70,,64,69,62,69,36,72,57,70,78,69,70,68,64,65,53,69,63,64,67,71,72,67,74,67,75,68,69,34,76,59,67,68,30,34,26,10,13,11,13,7,15,Primera A de Colombia
E. Batalla,Bucaramanga,Colombia,17,"RW, LW, CAM",Right,171,25,71,,76,66,68,73,40,58,69,66,58,70,66,76,73,66,61,69,78,75,76,69,78,65,59,72,54,65,51,39,71,67,66,63,41,35,34,13,11,13,14,12,14,Primera A de Colombia
J. Mosquera,Bucaramanga,Colombia,14,"LW, ST",Left,187,24,61,,70,55,59,64,30,55,59,56,51,64,57,63,60,53,49,66,72,68,67,61,58,54,52,56,60,54,44,32,63,58,53,56,28,26,19,13,12,8,12,11,12,Primera A de Colombia
J. Salazar,Bucaramanga,Colombia,11,"RW, LW, ST",Right,174,31,62,,66,64,59,67,32,53,61,62,50,58,60,70,57,58,53,64,64,67,68,64,65,68,56,58,53,66,44,27,65,62,55,64,32,32,19,10,9,8,12,15,15,Primera A de Colombia
B. Caicedo,Bucaramanga,Colombia,9,ST,Right,191,25,64,,65,66,54,63,32,67,55,66,73,56,66,64,59,56,49,66,63,66,58,63,55,68,70,58,74,66,61,25,70,51,63,61,33,26,21,12,6,7,11,13,14,Primera A de Colombia
K. Londoño,Bucaramanga,Colombia,7,"LW, RW, LM",Left,180,32,68,,73,66,66,73,37,62,68,64,58,66,65,77,68,58,55,70,72,73,73,72,64,67,60,75,60,70,51,38,72,73,65,70,36,32,35,15,15,7,11,6,9,Primera A de Colombia
A. Murillo,Bucaramanga,Colombia,5,"LW, LM",Left,179,20,60,,69,59,58,63,27,52,61,59,47,61,51,64,59,53,50,64,73,66,63,57,61,62,44,62,52,58,44,30,61,57,56,53,23,21,30,12,14,6,8,11,10,Primera A de Colombia
F. Charrupí,Bucaramanga,Colombia,70,"CDM, CM",Left,182,25,64,,56,56,57,59,67,67,53,53,59,60,43,52,55,58,59,67,57,56,57,58,56,65,62,74,66,59,64,70,58,56,56,65,66,70,60,12,14,14,15,8,8,Primera A de Colombia
N. Ramírez,Bucaramanga,Colombia,32,CB,Right,191,21,60,,56,38,49,51,66,64,46,31,65,58,34,48,43,42,53,53,55,57,47,59,51,52,62,56,69,43,62,63,33,38,41,53,64,71,64,12,10,11,15,13,6,Primera A de Colombia
V. Cantillo,Bucaramanga,Colombia,30,"CDM, CM",Right,180,32,67,,57,58,66,62,66,74,60,54,61,73,48,58,66,57,73,64,55,58,56,67,66,67,69,74,74,63,74,69,53,59,60,75,69,62,65,6,9,9,9,11,15,Primera A de Colombia
S. Velásquez,Bucaramanga,Colombia,29,CDM,Right,178,19,60,Colombia,60,49,56,56,60,64,47,46,57,60,40,52,54,56,63,59,58,61,56,60,53,53,56,72,61,55,66,56,48,52,48,62,66,58,56,6,11,10,10,15,6,Primera A de Colombia
L. Flores,Bucaramanga,Venezuela,28,"CDM, CM",Right,176,31,66,,58,53,64,63,68,66,57,46,61,71,47,61,54,52,62,64,57,59,61,65,66,61,67,71,62,60,70,64,58,66,52,72,71,70,67,6,14,7,14,9,13,Primera A de Colombia
F. Castro,Bucaramanga,Colombia,22,"CM, CDM",Right,183,34,66,,60,62,67,67,58,65,65,61,57,70,57,68,62,56,68,67,62,58,62,65,60,66,60,70,62,62,66,60,65,68,57,69,57,59,58,8,11,8,9,9,7,Primera A de Colombia
A. Zárate,Bucaramanga,Colombia,20,"CDM, CM",Right,175,27,65,,58,56,62,63,66,67,56,54,58,70,52,61,55,50,66,65,55,60,62,61,64,62,62,69,67,57,67,64,54,58,58,68,61,74,70,8,12,9,8,8,15,Primera A de Colombia
K. Quinto,Bucaramanga,Colombia,13,CM,Right,180,27,60,,56,56,60,60,52,61,57,53,51,61,54,60,54,55,65,60,58,55,58,56,58,61,54,67,60,58,56,52,58,62,55,64,51,53,57,11,9,14,11,9,6,Primera A de Colombia
F. Sambueza,Bucaramanga,Argentina,10,"CAM, ST, RW",Right,170,38,67,,57,66,68,71,41,56,66,66,52,66,62,70,66,69,64,71,60,54,73,66,74,67,58,63,54,67,52,45,74,76,60,71,37,41,33,6,15,10,15,13,14,Primera A de Colombia
O. Albornoz,Bucaramanga,Colombia,80,"LB, LM",Right,182,31,66,,72,51,57,61,62,69,59,47,57,56,54,62,60,45,62,58,73,72,67,69,61,61,59,71,74,51,58,67,53,53,50,62,57,64,64,14,6,6,8,11,8,Primera A de Colombia
J. Ortiz,Bucaramanga,Colombia,24,"CB, RB",Right,180,27,68,,64,48,56,59,74,70,57,43,67,60,42,56,49,46,58,62,66,63,52,70,61,64,66,67,72,47,71,72,40,50,46,68,77,78,62,15,6,8,7,6,11,Primera A de Colombia
C. Romaña,Bucaramanga,Colombia,23,"CB, RB",Right,185,26,66,,65,46,55,56,66,66,48,40,65,64,45,49,43,47,59,63,63,66,53,65,57,60,69,63,65,45,72,66,41,47,45,66,63,69,67,8,12,11,8,13,10,Primera A de Colombia
A. Gutiérrez,Bucaramanga,Colombia,19,RB,Right,176,28,62,,63,49,57,62,58,60,61,46,55,57,50,64,59,47,54,58,61,65,65,64,70,54,56,63,59,50,59,67,52,55,46,59,53,57,58,14,11,15,13,9,11,Primera A de Colombia
E. Largacha,Bucaramanga,Colombia,18,LB,Left,176,18,58,,62,40,52,58,52,60,54,31,47,55,39,58,55,45,50,57,64,60,67,51,59,52,52,69,55,44,63,50,48,48,43,53,51,53,57,14,8,6,6,8,9,Primera A de Colombia
F. Hinestroza,Bucaramanga,Colombia,8,"LB, LM",Right,178,36,69,,67,54,64,69,66,66,69,49,66,65,49,71,64,53,63,67,68,67,71,71,69,60,66,72,63,57,68,69,61,60,54,68,70,60,70,7,8,13,11,10,15,Primera A de Colombia
N. Castrillón,Bucaramanga,Colombia,6,"RB, RM",Right,183,30,64,,67,53,58,63,60,61,64,52,59,60,45,67,55,54,54,60,64,70,64,60,66,61,63,65,59,51,61,63,52,54,50,58,60,58,65,11,10,15,14,13,14,Primera A de Colombia
J. García,Bucaramanga,Colombia,4,"CB, RB",Right,190,23,67,,64,47,55,55,70,72,50,42,72,64,42,48,50,48,59,60,62,66,55,59,54,63,70,63,76,46,74,69,40,43,44,70,66,72,72,11,10,10,11,14,6,Primera A de Colombia
M. Rea,Bucaramanga,Uruguay,3,"CB, RB",Right,184,28,64,,59,42,54,53,67,65,49,36,67,61,35,49,39,44,61,55,61,58,54,60,54,61,71,60,65,40,72,69,40,47,44,61,68,64,67,7,14,8,7,9,7,Primera A de Colombia
C. Fiermarín,Bucaramanga,Uruguay,25,GK,Left,189,28,71,Uruguay,45,29,41,38,28,57,27,24,34,49,25,26,28,25,42,40,48,42,48,67,49,48,61,48,64,24,48,34,27,48,31,51,25,26,24,76,70,69,75,73,49,Primera A de Colombia
L. Mateus,Bucaramanga,Colombia,16,GK,Right,194,20,59,,38,17,26,24,16,44,15,10,17,33,10,13,17,12,31,26,42,35,37,51,40,39,44,29,56,15,34,17,10,27,17,37,12,19,13,63,57,52,55,67,37,Primera A de Colombia
L. Vásquez,Bucaramanga,Colombia,12,GK,Right,186,30,66,,39,23,35,32,25,47,14,15,21,45,12,20,19,19,41,34,39,39,44,63,45,45,56,39,51,21,47,30,16,42,27,49,26,24,20,68,62,56,69,66,47,Primera A de Colombia
D. Novoa,Bucaramanga,Colombia,1,GK,Right,186,37,68,,37,24,37,37,24,48,24,16,27,40,20,26,31,24,48,39,39,35,44,70,52,45,57,41,51,19,48,28,23,42,31,46,18,26,23,68,68,63,68,68,45,Primera A de Colombia
J. Obrian,Santa Fe,Colombia,77,RW,Right,165,31,70,,76,68,66,73,39,57,67,66,50,67,60,75,72,65,58,69,74,77,80,73,77,69,60,70,54,71,49,42,74,67,66,69,40,35,31,6,8,6,10,12,15,Primera A de Colombia
A. Amaya,Santa Fe,Colombia,49,"RW, RM",Right,168,25,62,,67,62,57,65,27,52,56,63,42,56,55,68,63,50,49,62,66,68,68,63,64,60,46,63,50,63,44,39,64,66,60,65,27,16,25,6,12,9,14,13,7,Primera A de Colombia
Y. Vega,Santa Fe,Colombia,41,RW,Right,177,21,60,,67,59,56,63,28,51,60,60,47,54,55,65,63,52,49,62,68,67,67,64,60,61,49,61,49,56,42,24,62,58,59,54,26,25,30,12,8,9,6,6,6,Primera A de Colombia
M. Palacios,Santa Fe,Colombia,40,LW,Left,168,19,60,,69,56,58,64,30,49,59,57,43,59,55,64,62,57,51,64,68,70,64,60,64,54,50,57,46,57,45,30,59,62,56,59,33,27,22,15,7,7,8,7,6,Primera A de Colombia
J. Tenorio,Santa Fe,Colombia,36,"RW, RM",Right,171,19,59,,71,57,57,61,28,51,58,56,44,60,55,64,55,52,51,57,73,69,74,53,68,57,48,60,50,57,44,29,67,59,51,49,27,23,23,12,13,8,13,7,7,Primera A de Colombia
E. Rodríguez,Santa Fe,Colombia,25,"RW, LW",Left,174,26,68,,70,65,64,72,37,57,68,63,51,63,66,77,68,65,57,67,71,70,77,66,71,67,55,65,56,64,50,38,69,66,67,68,37,36,26,14,15,8,12,7,15,Primera A de Colombia
L. Palacios,Santa Fe,Colombia,14,"RW, RM, LW",Right,181,25,68,,74,65,66,71,38,60,71,66,53,66,65,73,72,65,59,70,72,76,74,64,69,70,61,69,59,59,51,39,68,65,61,69,36,36,36,15,8,14,15,7,7,Primera A de Colombia
H. Rodallega,Santa Fe,Colombia,11,ST,Right,181,41,71,,60,75,63,71,37,69,61,82,67,68,70,72,63,59,57,71,55,65,68,74,63,73,70,64,73,66,65,35,77,63,67,73,33,34,34,9,15,10,15,8,8,Primera A de Colombia
A. Zapata,Santa Fe,Colombia,10,"LW, CAM",Right,176,31,67,,74,67,65,72,36,59,66,67,53,65,64,71,65,61,58,73,76,72,69,71,72,66,54,68,59,67,49,38,73,69,64,70,34,34,30,9,8,10,15,15,15,Primera A de Colombia
O. Fernández,Santa Fe,Colombia,8,"LW, RW, CAM",Left,166,33,71,,71,69,69,74,42,63,71,68,55,72,64,73,74,70,64,74,68,73,78,69,85,72,63,70,62,67,58,41,70,65,71,75,47,36,33,10,9,11,6,13,9,Primera A de Colombia
J. Zúñiga,Santa Fe,Colombia,42,"CM, CAM",Right,168,19,57,,55,51,58,56,50,51,47,47,49,63,42,53,52,50,61,61,54,56,57,55,57,56,42,60,49,59,48,56,59,59,44,53,45,52,50,12,12,13,11,11,8,Primera A de Colombia
C. Portocarrero,Santa Fe,Colombia,39,CDM,Right,174,19,57,,57,49,54,56,59,56,42,44,51,63,39,49,46,45,58,64,55,58,59,53,56,57,55,59,54,56,58,62,51,49,45,53,63,55,57,6,9,13,10,7,15,Primera A de Colombia
M. Balanta,Santa Fe,Colombia,34,ST,Right,170,18,59,,63,62,49,58,24,56,46,67,57,50,58,55,52,47,43,60,62,64,62,66,59,58,52,54,58,54,53,26,67,55,58,47,24,15,12,11,8,9,15,11,6,Primera A de Colombia
E. Murillo,Santa Fe,Colombia,21,"CDM, CM",Right,180,26,66,,59,58,67,60,66,67,59,57,63,76,49,58,57,51,68,58,61,57,67,68,58,59,63,66,67,63,68,70,54,63,56,72,67,64,66,12,12,6,6,6,9,Primera A de Colombia
Y. Velásquez,Santa Fe,Colombia,20,"CAM, CDM, CM",Right,184,27,67,,68,67,68,70,43,59,64,69,58,70,56,73,72,63,67,70,70,66,63,68,72,69,53,65,59,66,55,49,68,72,62,62,45,35,38,11,8,10,7,12,15,Primera A de Colombia
N. Bustos,Santa Fe,Argentina,19,"CAM, ST, CM",Right,176,28,67,,67,66,69,70,38,58,65,67,55,72,70,70,72,64,63,69,69,65,70,70,72,65,58,67,55,65,53,41,65,73,65,70,33,34,37,11,6,9,7,6,14,Primera A de Colombia
M. Lovera,Santa Fe,Argentina,17,"CAM, LM, LW",Right,170,27,65,,63,65,66,71,37,58,61,65,51,64,65,72,67,65,66,73,64,63,71,62,68,63,52,65,58,68,50,39,66,72,65,68,32,37,37,15,13,9,10,12,11,Primera A de Colombia
D. Torres,Santa Fe,Colombia,16,"CDM, CM",Left,183,36,67,,58,56,65,63,68,71,64,52,64,67,54,59,56,62,67,65,54,61,60,73,61,60,65,72,69,61,75,75,59,64,56,73,66,67,66,14,11,11,13,11,11,Primera A de Colombia
F. Fagúndez,Santa Fe,Uruguay,9,"CAM, ST",Left,187,26,68,,69,68,70,73,42,60,68,68,59,71,60,75,67,71,68,74,71,68,66,70,68,71,54,66,61,68,53,39,66,71,65,66,43,41,34,12,14,7,13,14,7,Primera A de Colombia
J. Torres,Santa Fe,Colombia,7,"CDM, CM, RM",Right,178,23,67,,64,57,64,65,68,68,60,53,65,71,52,60,50,55,67,70,63,64,64,70,67,62,66,72,68,64,66,70,61,60,53,70,69,67,68,12,12,15,11,9,6,Primera A de Colombia
K. Toscano,Santa Fe,Colombia,6,"CDM, CM",Right,180,22,60,,55,54,58,57,62,62,55,50,50,62,44,56,48,56,61,59,53,56,54,58,59,60,59,60,61,59,69,62,49,56,51,51,62,64,63,7,7,11,13,15,15,Primera A de Colombia
J. Caicedo,Santa Fe,Colombia,43,"CB, RB",Right,191,19,60,,56,41,50,47,64,69,46,37,72,60,31,42,43,38,52,49,54,58,49,56,46,54,68,60,73,44,71,60,34,40,38,56,66,64,56,11,11,9,14,12,15,Primera A de Colombia
K. Balanta,Santa Fe,Colombia,35,"CB, RB",Right,179,29,69,,66,50,56,59,73,69,49,47,76,61,45,54,46,49,65,63,61,70,58,65,60,62,69,62,70,46,76,72,50,50,46,65,74,72,70,13,8,6,9,12,7,Primera A de Colombia
C. Mafla,Santa Fe,Colombia,32,"LB, LM",Left,175,33,71,,68,55,69,65,68,68,70,50,61,71,51,60,70,61,68,66,69,67,68,76,76,64,62,76,65,59,69,66,57,69,52,69,65,75,70,14,10,14,12,9,15,Primera A de Colombia
J. Angulo,Santa Fe,Colombia,24,LB,Left,184,30,65,,69,48,60,62,64,67,66,41,61,61,38,67,61,54,60,57,68,69,63,61,65,54,57,71,67,58,63,64,55,52,54,61,65,64,63,10,15,10,9,10,8,Primera A de Colombia
E. Olivera,Santa Fe,Argentina,18,"CB, CDM",Left,180,36,65,,52,43,52,55,70,67,50,38,70,60,39,50,46,42,55,56,51,52,58,69,56,61,68,66,65,42,71,70,36,43,40,69,69,71,69,15,9,10,9,6,14,Primera A de Colombia
I. Scarpeta,Santa Fe,Colombia,15,"CB, RB",Right,180,30,64,,60,43,52,57,66,62,49,36,61,58,39,51,38,49,58,61,61,59,58,64,58,58,62,56,64,45,64,67,38,44,43,65,65,65,72,7,10,12,13,6,12,Primera A de Colombia
H. Palacios,Santa Fe,Colombia,13,RB,Right,177,33,68,,66,53,64,68,66,68,69,47,54,63,52,67,60,53,63,66,68,65,75,72,72,60,63,74,68,56,60,64,56,66,61,69,69,67,71,9,6,8,6,14,14,Primera A de Colombia
M. Puerta,Santa Fe,Colombia,4,RB,Right,174,29,63,,72,49,57,58,63,60,71,47,58,55,41,55,56,51,55,58,73,72,68,61,66,56,56,65,59,49,59,63,51,52,48,60,65,61,64,8,13,10,11,15,11,Primera A de Colombia
V. Moreno,Santa Fe,Colombia,3,"CB, CDM",Left,184,31,67,,63,47,55,58,70,66,52,41,70,59,45,54,46,47,59,57,60,65,62,72,61,62,73,61,66,45,69,70,46,51,48,64,69,72,72,7,11,6,15,12,15,Primera A de Colombia
J. Quintero,Santa Fe,Colombia,2,"CB, RB",Right,183,31,65,,60,50,54,57,68,66,48,47,63,59,42,53,42,48,59,60,59,60,50,62,59,62,64,58,68,50,70,65,37,53,52,69,63,76,68,11,13,7,12,12,14,Primera A de Colombia
C. Nemocón,Santa Fe,Colombia,33,GK,Left,193,18,58,,37,16,28,26,16,44,14,10,16,37,10,13,11,13,32,31,36,37,34,53,39,38,42,36,51,10,38,21,10,32,21,35,16,15,13,61,54,49,59,60,33,Primera A de Colombia
J. Espitia,Santa Fe,Colombia,31,GK,Right,189,26,59,,35,16,30,27,18,41,14,10,17,38,10,16,11,15,33,32,39,31,35,53,37,39,46,30,48,11,37,26,10,37,17,37,19,13,13,60,58,55,58,60,40,Primera A de Colombia
E. Contreras,Santa Fe,Colombia,30,GK,Right,184,19,60,,39,19,28,27,17,43,10,12,20,36,13,14,19,20,35,34,41,37,34,52,42,45,48,37,48,11,36,22,12,33,26,32,13,20,10,64,59,50,60,60,37,Primera A de Colombia
W. Asprilla,Santa Fe,Colombia,12,GK,Right,187,27,65,,39,21,35,32,24,49,27,14,25,40,13,16,19,19,41,40,41,37,38,62,45,41,54,38,58,17,41,34,14,40,29,43,22,19,20,64,65,61,66,67,43,Primera A de Colombia
A. Mosquera,Santa Fe,Colombia,1,GK,Right,187,35,66,,34,22,35,34,26,50,20,13,29,41,17,23,21,23,38,35,32,35,38,69,46,45,54,43,58,21,36,37,20,45,26,52,22,24,20,69,63,56,65,65,47,Primera A de Colombia
E. Tortolero,América de Cali,Venezuela,77,"LW, LM, CAM",Left,162,28,63,Venezuela,67,62,60,66,29,54,68,65,41,58,63,65,63,62,54,64,70,65,74,63,72,61,55,62,49,58,54,25,66,61,60,61,29,28,25,6,14,11,13,8,12,Primera A de Colombia
J. Camacho,América de Cali,Colombia,36,LW,Right,176,20,57,,65,58,56,61,26,45,60,59,40,60,57,61,60,48,49,61,63,67,61,57,65,57,44,59,40,56,42,26,58,52,57,52,26,23,21,11,12,6,14,7,11,Primera A de Colombia
K. Angulo,América de Cali,Colombia,35,ST,Right,188,18,59,,63,61,50,57,27,59,51,65,64,52,57,58,48,52,47,57,61,64,52,55,52,59,61,54,65,56,51,19,63,47,60,61,29,21,16,8,12,15,14,14,9,Primera A de Colombia
L. Quiñones,América de Cali,Colombia,23,"RW, CAM, RM",Right,178,35,68,,68,66,66,68,39,61,69,67,59,69,61,71,70,60,57,65,69,68,72,71,67,63,64,66,58,68,60,42,67,66,68,65,37,35,31,7,15,12,12,10,12,Primera A de Colombia
T. Ángel,América de Cali,Colombia,21,"ST, RW, RM",Right,174,23,66,,65,64,56,66,34,63,53,65,70,63,66,67,57,56,48,65,66,65,66,67,68,66,70,61,63,59,64,27,71,54,67,65,34,28,31,15,11,11,7,11,10,Primera A de Colombia
A. Ramos,América de Cali,Colombia,20,ST,Right,186,40,66,,53,67,59,65,33,64,60,71,70,65,62,64,61,51,50,66,55,52,65,66,58,70,62,62,67,56,58,33,71,58,65,71,33,22,28,13,13,8,7,14,14,Primera A de Colombia
T. Palacios,América de Cali,Colombia,19,"LW, LM",Left,170,21,67,,74,67,66,70,37,56,66,68,53,66,63,72,70,62,62,68,75,74,76,63,72,65,56,72,50,65,53,34,69,69,67,65,40,35,26,9,14,6,7,15,6,Primera A de Colombia
J. Lucumí,América de Cali,Colombia,17,"RW, ST, RM",Right,178,22,64,Colombia,72,63,64,70,33,54,67,63,51,68,67,73,64,57,55,68,71,73,70,64,65,67,58,63,52,58,48,38,71,61,64,61,32,27,30,14,14,8,6,9,11,Primera A de Colombia
Y. Guzmán,América de Cali,Colombia,10,"ST, CAM",Right,170,28,70,,73,72,60,69,36,68,58,74,68,59,69,67,69,60,57,69,72,74,72,77,71,73,65,71,69,68,64,41,70,62,67,72,29,31,35,13,14,9,9,9,9,Primera A de Colombia
J. Valencia,América de Cali,Ecuador,9,ST,Right,180,30,68,,67,72,57,66,34,68,52,77,71,61,69,59,58,57,51,75,71,63,64,73,66,70,65,64,71,64,66,32,73,59,67,65,30,27,32,11,12,13,14,12,15,Primera A de Colombia
J. Murillo,América de Cali,Venezuela,7,"LW, LM",Left,170,30,66,,71,65,66,71,36,58,65,65,50,68,64,70,66,64,62,73,71,71,78,62,68,67,48,63,59,63,52,37,66,66,67,63,38,29,30,8,15,12,8,13,9,Primera A de Colombia
Y. Garcés,América de Cali,Colombia,4,"ST, LW",Right,174,20,58,,59,61,48,57,22,56,46,66,55,54,57,55,50,51,38,59,58,59,62,52,53,61,56,52,57,52,57,15,60,47,63,59,19,19,19,6,6,12,9,6,11,Primera A de Colombia
J. Balanta,América de Cali,Colombia,32,CAM,Right,178,18,56,,56,55,61,60,32,46,53,54,43,68,58,59,59,51,58,62,59,54,62,57,63,60,50,59,44,54,35,33,51,62,52,55,32,30,20,9,6,14,10,15,15,Primera A de Colombia
C. Amu,América de Cali,Colombia,29,CDM,Right,178,18,59,,56,48,58,56,61,61,53,42,58,62,45,54,47,55,58,58,60,53,54,59,57,54,58,61,62,54,60,63,52,57,49,56,63,60,58,11,12,10,13,6,12,Primera A de Colombia
J. Aponzá,América de Cali,Colombia,25,CDM,Right,174,18,56,,53,48,52,50,58,55,41,44,53,59,41,49,46,44,55,51,57,49,49,52,57,56,47,58,55,51,55,63,45,51,42,52,58,59,51,8,9,11,12,12,7,Primera A de Colombia
Y. Quintero,América de Cali,Colombia,18,"CDM, RB, CM",Right,182,24,63,,55,55,60,57,64,68,52,49,63,66,46,54,55,54,65,60,55,55,55,59,64,61,59,67,71,65,63,61,49,56,58,62,66,64,67,11,7,6,8,6,10,Primera A de Colombia
R. Carrascal,América de Cali,Colombia,15,"CM, CDM, CAM",Right,173,33,70,,65,67,70,73,61,65,69,68,56,75,57,71,62,71,68,77,67,64,73,69,70,65,62,68,62,73,69,62,67,67,61,77,62,62,58,13,13,15,7,10,6,Primera A de Colombia
J. Cavadía,América de Cali,Colombia,6,CM,Right,177,21,63,,61,56,63,63,54,61,63,50,50,62,57,60,60,58,65,66,58,63,62,59,67,61,54,69,56,64,63,52,62,63,53,62,58,51,55,14,15,13,14,15,8,Primera A de Colombia
J. Escobar,América de Cali,Colombia,5,"CDM, CM",Right,175,21,68,,62,58,64,63,68,72,56,52,63,71,54,61,54,58,67,66,57,67,56,75,68,63,60,74,71,67,73,76,59,62,61,64,66,68,68,8,9,15,13,14,6,Primera A de Colombia
B. Córdoba,América de Cali,Colombia,44,"CB, RB",Right,191,27,64,,58,43,49,52,68,66,46,39,68,54,37,47,43,43,54,55,57,59,52,61,59,54,70,62,66,43,69,68,37,43,43,62,67,67,69,8,13,12,9,15,8,Primera A de Colombia
O. Bertel,América de Cali,Colombia,30,"LB, RB",Left,174,30,68,,77,54,62,65,65,66,72,50,59,63,51,63,65,58,61,66,77,77,70,64,71,63,59,66,65,53,68,66,60,53,53,60,69,63,67,13,12,10,11,12,10,Primera A de Colombia
Y. Hurtado,América de Cali,Colombia,26,"RB, LB",Right,173,29,63,,62,49,58,58,58,61,65,43,50,61,44,57,51,46,55,55,65,59,64,64,65,60,58,66,61,53,57,60,55,52,49,60,57,58,61,10,15,12,12,11,13,Primera A de Colombia
C. Tovar,América de Cali,Colombia,24,"CB, LB",Right,182,28,61,,53,41,48,51,63,66,45,35,65,58,38,47,39,39,52,51,50,55,50,61,56,54,61,60,68,44,70,64,35,36,40,62,63,61,66,8,12,6,15,10,15,Primera A de Colombia
N. Hernández,América de Cali,Colombia,22,CB,Right,185,28,66,,61,46,53,58,68,70,49,41,67,60,41,55,44,44,59,59,57,65,56,59,61,62,71,67,72,44,67,69,37,44,45,67,66,71,61,7,6,7,11,9,9,Primera A de Colombia
B. Correa,América de Cali,Colombia,16,"RB, RM",Right,184,22,61,,66,47,60,57,61,59,65,44,55,65,38,54,60,48,55,60,66,66,58,61,60,54,62,63,57,48,58,61,48,54,42,51,60,60,71,15,12,13,6,13,7,Primera A de Colombia
M. Mina,América de Cali,Colombia,14,LB,Left,177,27,61,,64,49,56,59,63,60,62,45,56,60,40,57,54,44,57,61,65,64,61,59,63,58,55,67,60,51,55,64,51,46,53,53,65,61,67,15,10,14,6,13,8,Primera A de Colombia
M. Castillo,América de Cali,Colombia,13,"RB, RM",Right,177,23,70,,75,55,67,69,67,68,72,51,60,73,54,67,63,50,65,69,74,75,72,67,74,64,61,75,65,53,69,72,61,60,50,70,65,67,72,13,8,6,8,8,9,Primera A de Colombia
D. Rosero,América de Cali,Colombia,3,CB,Right,187,33,70,,62,52,59,59,76,73,57,48,72,66,51,54,50,53,65,62,66,59,59,67,58,67,62,69,77,50,73,76,48,48,49,74,75,78,72,14,6,8,6,11,12,Primera A de Colombia
M. Torres,América de Cali,Colombia,2,"CB, RB",Right,180,30,67,,60,50,56,58,70,69,46,46,66,63,42,52,51,52,60,62,61,60,58,71,58,62,69,66,70,53,68,69,43,52,45,64,72,74,63,14,8,12,13,13,11,Primera A de Colombia
A. Benítez,América de Cali,Colombia,37,GK,Right,187,18,57,,35,16,24,25,16,39,12,10,20,32,10,14,14,14,22,28,35,35,31,50,38,39,42,28,47,11,32,23,10,26,17,34,12,14,12,56,60,48,56,61,33,Primera A de Colombia
J. Montoya,América de Cali,Colombia,12,GK,Right,186,27,63,,38,22,33,30,22,46,21,16,21,41,13,18,13,17,37,34,41,36,45,54,39,41,44,37,54,22,40,24,10,36,22,44,21,23,24,60,62,60,59,65,41,Primera A de Colombia
Jean,América de Cali,Brasil,1,GK,Right,188,30,67,,41,24,38,34,23,53,22,20,25,47,15,22,19,26,40,36,42,41,46,60,45,45,51,47,62,18,39,35,16,43,27,47,21,18,22,66,69,59,72,67,48,Primera A de Colombia
I. Poveda,Atlético Nacional,Colombia,99,RW,Right,167,26,69,,74,66,66,70,37,59,65,64,56,66,66,71,65,63,60,66,77,72,77,67,72,63,55,65,58,71,56,34,74,71,67,69,36,34,33,12,8,12,14,10,12,Primera A de Colombia
E. Benitez,Atlético Nacional,Colombia,32,RW,Right,171,25,62,,71,60,59,65,32,53,62,59,47,60,55,64,62,57,51,63,72,70,73,65,68,63,52,61,51,58,49,31,60,58,64,59,33,28,26,7,7,11,10,12,11,Primera A de Colombia
K. Parra,Atlético Nacional,Colombia,30,"LW, LM",Right,168,23,68,,78,67,65,73,34,60,65,66,46,65,63,76,71,69,59,71,85,73,73,73,75,72,63,66,59,64,55,33,69,69,65,66,37,30,30,6,7,11,12,11,10,Primera A de Colombia
A. Sarmiento,Atlético Nacional,Colombia,29,"LW, RW, CAM",Right,176,28,67,,76,67,62,71,36,61,68,68,53,61,61,74,65,62,54,69,77,76,73,73,66,69,57,67,61,63,55,36,65,65,65,62,37,32,31,14,6,10,8,11,14,Primera A de Colombia
Y. Perlaza,Atlético Nacional,Colombia,27,"RW, RB, RM",Right,180,23,65,,72,66,62,68,34,60,63,67,55,63,64,70,61,55,60,65,74,70,73,68,70,67,61,66,61,64,49,36,70,64,59,62,31,31,29,8,12,7,7,11,10,Primera A de Colombia
J. Rosa,Atlético Nacional,Colombia,24,LM,Left,177,19,58,,67,50,56,63,39,55,56,46,49,58,52,63,60,52,53,66,67,67,64,53,63,55,44,69,51,53,48,36,54,57,51,53,38,40,35,11,14,14,10,13,15,Primera A de Colombia
J. Rodríguez,Atlético Nacional,Colombia,23,"CAM, RW, ST",Left,180,35,71,,64,72,73,78,45,62,66,70,60,78,66,79,70,71,62,81,62,66,72,74,72,75,61,65,60,73,61,45,73,81,72,75,42,45,40,13,9,15,6,11,9,Primera A de Colombia
C. Arango,Atlético Nacional,Colombia,17,ST,Left,178,31,74,,74,76,65,74,41,74,64,80,75,69,77,75,65,62,59,75,72,75,72,73,66,74,74,72,76,69,70,37,82,62,76,75,39,37,33,10,9,11,7,13,9,Primera A de Colombia
N. Rodríguez,Atlético Nacional,Colombia,13,"RW, LW",Right,172,22,68,,75,69,66,73,39,59,65,72,55,70,68,76,71,60,58,70,75,75,75,69,77,71,57,66,57,62,58,39,68,64,68,66,39,37,28,10,13,6,6,9,10,Primera A de Colombia
A. Morelos,Atlético Nacional,Colombia,9,"ST, CF",Right,177,30,70,,71,73,57,70,38,64,55,77,66,59,72,68,62,60,52,73,69,72,71,71,66,73,67,61,65,66,67,33,72,58,67,67,35,36,32,14,9,6,10,7,6,Primera A de Colombia
M. Moreno,Atlético Nacional,Colombia,7,"LW, RW",Left,175,30,66,,72,64,63,73,36,61,67,65,52,59,66,72,64,57,64,75,71,73,74,69,69,61,54,67,62,65,51,38,63,66,66,66,33,34,32,11,13,12,11,11,13,Primera A de Colombia
J. Zapata,Atlético Nacional,Colombia,80,CDM,Right,178,26,68,,61,56,63,65,71,70,57,52,59,67,52,65,57,55,68,66,64,59,62,64,67,66,64,70,68,56,74,77,55,63,56,64,69,73,70,14,6,12,12,11,7,Primera A de Colombia
M. Lozano,Atlético Nacional,Colombia,35,"CAM, CM",Right,181,18,56,,58,56,59,59,29,47,53,56,44,65,50,61,56,46,55,59,56,59,61,50,56,57,43,54,46,56,41,34,57,62,51,56,22,28,24,10,15,13,15,9,12,Primera A de Colombia
X. Rios,Atlético Nacional,Colombia,31,CM,Left,172,20,59,,59,55,60,58,51,59,58,50,47,60,50,57,54,56,61,58,54,63,62,57,60,59,50,63,59,61,58,53,58,62,53,58,52,50,53,6,11,7,9,10,14,Primera A de Colombia
S. Rojas,Atlético Nacional,Colombia,28,CDM,Left,179,17,57,,52,51,54,55,59,59,51,47,56,55,45,53,50,50,54,61,50,54,49,52,53,59,49,63,56,57,62,60,49,56,46,53,59,62,55,9,6,12,8,11,6,Primera A de Colombia
E. Rivero,Atlético Nacional,Colombia,26,CM,Left,175,20,58,,53,51,56,60,52,56,52,49,49,59,46,62,57,56,58,60,55,52,59,52,60,56,47,65,52,52,55,55,56,55,46,56,49,56,43,9,14,10,10,15,9,Primera A de Colombia
A. Marín,Atlético Nacional,Colombia,26,CDM,Right,180,19,59,,59,49,55,54,59,58,52,45,54,59,44,51,46,54,53,59,57,60,52,55,55,56,49,58,57,52,63,59,47,53,49,52,61,59,59,12,7,8,11,6,12,Primera A de Colombia
E. Cabrera,Atlético Nacional,Argentina,22,"LM, LW, CAM",Left,172,23,68,,71,64,66,69,47,63,65,63,53,72,54,72,59,64,62,66,72,70,72,69,69,67,59,75,59,67,57,47,62,64,60,63,45,49,44,10,10,15,7,8,11,Primera A de Colombia
J. Campuzano,Atlético Nacional,Colombia,21,CDM,Right,175,30,70,,62,61,65,65,68,71,58,58,63,70,62,63,55,56,72,65,63,61,67,71,69,62,58,83,68,65,66,68,61,63,61,67,71,68,69,9,11,9,10,8,11,Primera A de Colombia
J. Rengifo,Atlético Nacional,Colombia,19,"CAM, RW, CDM",Right,173,21,61,,61,63,60,65,35,54,54,63,48,62,58,64,62,65,58,67,62,60,63,60,65,65,52,62,50,63,52,34,65,62,59,63,33,35,27,10,7,10,12,8,14,Primera A de Colombia
E. Cardona,Atlético Nacional,Colombia,10,"CAM, LW, CDM",Right,182,33,67,,67,67,68,70,44,60,65,68,58,68,66,69,73,64,65,74,69,66,70,68,65,66,58,66,59,67,56,48,61,73,70,66,43,41,38,12,13,11,10,9,13,Primera A de Colombia
M. Uribe,Atlético Nacional,Colombia,8,"CDM, CAM, CM",Left,182,35,68,,60,58,64,63,70,70,53,53,68,69,52,61,60,54,73,64,58,61,61,72,65,66,67,72,69,63,71,74,57,65,58,74,69,69,69,13,10,10,15,14,8,Primera A de Colombia
R. García,Atlético Nacional,Colombia,36,"CB, RB",Right,190,21,58,,53,39,46,48,62,60,49,35,63,52,32,42,42,40,44,53,52,53,47,59,47,52,62,57,60,37,64,60,34,36,34,54,64,61,60,15,9,15,10,13,9,Primera A de Colombia
S. Velásquez,Atlético Nacional,Colombia,33,"LB, RB",Left,174,23,67,Colombia,66,52,63,64,64,63,69,47,56,66,45,63,59,48,62,64,67,65,66,65,70,65,64,72,59,51,63,61,48,57,58,64,65,66,68,15,12,8,8,13,9,Primera A de Colombia
M. Casco,Atlético Nacional,Argentina,20,LB,Left,170,38,67,,62,50,62,66,66,62,68,43,60,64,52,64,63,51,61,67,59,65,70,67,66,59,58,69,58,54,65,66,56,55,47,65,68,65,68,6,13,8,10,7,14,Primera A de Colombia
W. Tesillo,Atlético Nacional,Colombia,16,CB,Right,185,36,67,,57,48,56,56,69,71,54,42,67,61,47,50,50,49,56,58,55,59,55,71,61,62,68,66,72,51,76,71,40,52,45,68,70,67,66,15,10,8,7,9,9,Primera A de Colombia
A. Reyes,Atlético Nacional,Colombia,15,CB,Left,191,27,64,,60,47,53,53,67,69,47,42,71,59,40,48,41,42,56,57,54,64,48,62,54,61,72,62,71,47,70,63,43,52,47,66,66,70,68,13,10,10,8,6,15,Primera A de Colombia
A. Román,Atlético Nacional,Colombia,6,"RB, RM",Right,173,31,72,,72,57,68,70,72,69,68,54,60,73,54,69,66,58,64,69,70,74,73,72,80,66,61,76,67,55,68,68,53,67,55,68,72,76,77,10,14,10,10,9,15,Primera A de Colombia
C. Haydar,Atlético Nacional,Colombia,4,"CB, CDM",Right,183,25,65,,58,46,51,54,67,68,46,43,69,58,38,52,46,43,55,57,58,58,49,62,57,57,70,61,70,46,69,61,42,44,42,58,74,65,64,14,11,14,7,7,11,Primera A de Colombia
N. Parra,Atlético Nacional,Colombia,3,"CB, CDM",Right,183,21,64,,59,46,50,54,69,65,48,40,69,54,38,53,40,46,51,53,59,59,53,61,59,61,67,62,65,51,67,66,39,48,43,66,71,71,66,8,11,12,12,12,11,Primera A de Colombia
F. Armani,Atlético Nacional,Argentina,34,GK,Right,189,39,68,,35,27,36,36,28,49,15,21,30,45,18,25,24,18,38,40,31,38,42,73,45,47,56,38,57,26,42,38,16,45,30,48,24,25,23,69,71,63,66,71,45,Primera A de Colombia
E. Zea,Atlético Nacional,Colombia,34,GK,Right,190,19,60,,40,19,30,26,16,44,19,10,18,37,10,16,16,15,26,28,41,39,34,48,40,43,54,31,54,18,35,22,10,40,17,40,13,15,13,64,59,53,56,61,38,Primera A de Colombia
L. Marquínez,Atlético Nacional,Colombia,25,GK,Left,187,23,63,,35,20,31,30,21,49,17,16,21,35,13,23,19,20,38,29,34,35,36,59,38,41,47,38,60,13,38,29,13,38,24,45,17,20,18,67,60,56,61,64,40,Primera A de Colombia
Y. Moreno,Tolima,Colombia,31,"RW, RM",Right,184,18,57,,67,56,53,55,25,47,53,57,48,53,58,57,53,53,47,50,64,70,61,51,57,54,54,51,47,58,39,23,60,58,47,55,26,19,22,12,6,11,13,15,15,Primera A de Colombia
N. Sánchez,Tolima,Colombia,29,ST,Right,174,19,58,,62,60,49,56,22,56,47,61,56,58,57,58,51,47,34,55,62,62,52,55,58,64,55,59,58,52,49,18,58,47,63,56,24,13,20,6,8,11,11,13,14,Primera A de Colombia
E. López,Tolima,Colombia,28,"LW, RB, RW",Left,179,31,68,,76,67,66,71,38,60,69,68,52,68,64,71,68,59,56,71,74,78,70,74,65,67,60,69,60,66,51,38,69,69,67,67,38,35,29,11,14,15,7,13,9,Primera A de Colombia
A. Parra,Tolima,Colombia,24,"ST, RW, LW",Right,178,29,67,,67,67,57,64,33,65,52,66,64,61,67,61,62,59,51,66,63,70,65,69,67,70,65,64,68,62,57,31,76,58,67,67,29,30,26,11,11,11,10,12,15,Primera A de Colombia
S. Urrutia,Tolima,Colombia,22,LW,Left,169,19,59,,67,57,59,59,31,51,62,61,47,66,52,59,59,53,46,58,71,63,68,51,67,54,42,64,48,54,45,32,58,57,55,57,30,28,25,12,7,15,10,13,15,Primera A de Colombia
Y. Parra,Tolima,Colombia,21,"CAM, CM",Right,179,19,59,,66,58,62,61,33,53,59,59,46,67,59,62,63,55,55,62,65,66,59,52,60,62,46,59,54,54,44,34,57,61,58,54,35,30,24,6,10,7,14,11,15,Primera A de Colombia
S. Joven,Tolima,Colombia,19,CAM,Right,172,18,60,,67,60,62,65,35,51,60,63,43,65,55,65,60,61,58,65,67,67,71,62,62,55,49,60,46,59,54,36,63,65,55,60,37,31,29,14,9,9,10,13,9,Primera A de Colombia
K. Flórez,Tolima,Colombia,18,"LW, RW, LM",Right,177,22,65,,73,65,64,65,35,55,65,67,52,66,59,66,64,60,61,62,68,77,71,63,65,65,55,64,52,63,49,37,64,65,61,60,32,34,29,7,6,13,6,14,7,Primera A de Colombia
S. Aguayo,Tolima,México,15,"ST, CF",Right,181,23,59,,60,60,49,57,23,57,42,61,63,54,63,55,55,49,44,59,61,59,54,59,51,67,59,57,58,51,52,24,63,49,57,61,17,17,20,9,10,13,6,14,15,Primera A de Colombia
J. Valencia,Tolima,Colombia,11,ST,Left,192,26,63,,65,66,53,60,31,69,56,68,66,54,62,61,56,53,44,59,63,66,61,68,53,70,70,64,77,59,57,31,66,54,69,59,29,24,26,13,13,7,14,6,11,Primera A de Colombia
L. Sandoval,Tolima,Colombia,9,"ST, CAM, LW",Left,184,27,70,,73,73,61,68,38,73,54,75,73,69,64,69,58,60,53,68,72,74,67,66,65,74,70,65,80,71,66,32,71,62,69,72,36,35,27,11,7,12,6,6,12,Primera A de Colombia
J. Hurtado,Tolima,Colombia,7,"RW, ST",Left,185,23,64,,70,61,62,68,33,55,66,59,52,62,62,70,67,60,54,67,71,70,66,66,66,60,50,67,54,63,46,33,68,63,63,66,33,29,27,9,9,7,13,9,13,Primera A de Colombia
B. Rovira,Tolima,Colombia,80,"CDM, CM, CB",Right,182,29,64,,56,53,61,64,67,65,55,48,62,65,47,61,51,52,63,69,54,58,63,61,63,61,64,62,66,58,67,70,58,62,50,66,66,69,67,15,15,9,15,15,15,Primera A de Colombia
S. Guzmán,Tolima,Colombia,32,"CDM, CM",Right,187,29,67,,61,57,64,63,68,69,60,54,63,69,42,65,56,56,68,61,62,61,61,69,58,64,66,70,68,59,72,70,56,62,55,73,65,72,68,15,15,13,10,8,13,Primera A de Colombia
V. Reyes,Tolima,Colombia,16,RM,Right,174,19,58,,64,55,59,59,37,53,63,55,51,59,49,57,56,53,58,62,67,61,63,55,52,60,51,61,52,52,47,40,56,60,49,54,36,33,31,15,11,14,14,11,10,Primera A de Colombia
H. Martínez,Tolima,Colombia,14,"CDM, CM, CAM",Right,185,29,68,,59,60,65,65,69,70,59,55,61,68,52,69,54,57,65,61,61,58,61,63,63,71,68,68,72,60,70,72,60,70,60,69,70,71,66,13,8,7,7,12,10,Primera A de Colombia
E. Alvarez,Tolima,Colombia,13,"CM, CDM",Left,186,18,58,,55,54,57,57,54,59,57,51,50,59,45,55,57,52,56,62,57,54,57,52,51,58,56,62,61,58,52,54,56,57,51,55,56,55,47,8,9,15,10,13,11,Primera A de Colombia
L. Sánchez,Tolima,Colombia,10,"CAM, CM, RW",Right,171,26,67,,65,66,70,74,40,57,64,67,52,71,59,77,74,64,69,72,69,62,72,64,72,63,52,63,54,68,56,45,67,75,68,72,39,34,34,8,13,14,12,11,11,Primera A de Colombia
E. Valencia,Tolima,Colombia,8,"CAM, LW, RW",Right,175,29,65,,65,66,66,69,36,58,66,68,53,67,57,68,69,65,63,70,65,65,70,62,71,64,56,62,57,66,55,38,62,65,60,65,32,35,32,8,10,13,8,10,11,Primera A de Colombia
C. Trujillo,Tolima,Colombia,6,"CDM, CM",Left,174,28,60,,55,50,55,54,62,59,51,46,55,59,47,53,55,44,59,54,52,58,58,54,60,57,52,63,54,50,69,65,53,54,52,58,62,64,57,7,14,8,15,7,15,Primera A de Colombia
Y. Osorio,Tolima,Venezuela,71,CB,Right,189,32,67,Venezuela,58,51,53,58,70,74,50,46,69,56,47,55,47,43,61,58,59,57,57,69,57,63,75,66,78,52,73,75,47,49,47,64,70,70,66,9,8,10,11,9,14,Primera A de Colombia
J. Mosquera,Tolima,Colombia,33,"RB, LB",Right,173,27,66,,71,52,63,66,64,65,68,47,57,69,50,66,58,49,59,65,74,69,71,65,68,66,61,78,60,47,61,68,58,56,51,64,67,61,64,6,12,7,14,10,8,Primera A de Colombia
S. Barbosa,Tolima,Colombia,30,"LB, CB",Left,173,22,60,,65,47,56,59,60,56,62,43,49,56,42,62,59,41,54,54,64,65,70,59,65,58,51,60,55,45,54,64,49,54,53,51,59,61,60,8,10,12,11,7,11,Primera A de Colombia
M. Martínez,Tolima,Colombia,27,"RB, LB",Right,177,20,59,,67,42,55,55,58,57,62,35,58,55,41,56,52,46,56,53,64,69,60,52,61,55,55,63,53,42,58,55,48,51,42,50,55,62,60,12,11,6,13,7,12,Primera A de Colombia
S. Cabezas,Tolima,Colombia,26,"LB, RB",Right,170,19,59,,64,44,55,56,56,58,63,42,53,58,42,52,52,50,54,57,66,63,64,55,67,53,52,67,55,38,57,54,41,45,46,52,61,52,57,7,7,12,8,8,9,Primera A de Colombia
N. Zapata,Tolima,Colombia,25,"LB, RB",Left,179,18,57,,64,41,54,53,56,53,54,39,50,56,37,53,54,45,58,51,63,64,63,49,57,50,52,59,50,38,53,55,38,49,45,45,56,57,58,15,13,11,8,13,12,Primera A de Colombia
J. Hernández,Tolima,Colombia,20,"LB, LW",Left,172,27,68,,74,55,64,65,67,62,67,54,62,70,48,66,59,47,63,64,75,73,67,58,72,60,59,70,58,54,62,63,58,58,55,67,70,69,65,8,14,11,13,9,13,Primera A de Colombia
C. Arrieta,Tolima,Colombia,17,"RB, LB, CB",Right,172,30,65,,71,53,61,59,63,60,67,51,54,63,48,59,56,51,59,56,70,71,67,65,66,62,60,70,57,54,56,63,49,59,40,55,66,62,68,6,7,14,12,11,8,Primera A de Colombia
J. Mera,Tolima,Colombia,5,"CB, RB",Right,185,24,61,,55,38,48,50,63,62,45,33,65,51,30,46,48,47,55,51,55,55,54,62,48,53,65,54,65,36,63,64,42,39,43,58,61,64,64,14,6,7,6,6,14,Primera A de Colombia
D. Pedrozo,Tolima,Colombia,4,"CB, CDM",Right,184,22,63,,57,44,51,51,65,67,50,39,62,56,34,47,39,42,58,53,56,58,53,59,52,59,68,64,68,45,68,64,40,42,47,61,64,67,64,13,8,9,6,7,10,Primera A de Colombia
J. Angulo,Tolima,Colombia,3,"CB, RB",Right,190,25,66,,61,48,51,53,69,68,54,45,69,57,43,48,48,46,53,56,60,61,50,63,50,54,66,58,75,51,65,68,40,38,47,64,68,70,70,13,13,8,8,14,7,Primera A de Colombia
A. Angulo,Tolima,Colombia,2,CB,Right,188,30,69,Colombia,63,50,56,55,72,72,56,44,75,61,43,49,53,48,59,59,61,64,55,66,54,62,73,64,76,53,73,72,43,49,51,66,71,72,67,14,12,10,15,6,12,Primera A de Colombia
A. Ibargüen,Tolima,Colombia,34,CB,Right,183,18,59,,51,39,49,47,61,65,43,31,58,58,36,43,39,41,52,50,50,52,40,56,54,58,61,60,65,37,70,64,38,43,38,47,61,59,60,9,13,14,11,13,8,Primera A de Colombia
G. Balanta,Tolima,Colombia,23,GK,Left,193,24,61,,37,20,30,29,17,43,16,10,21,36,13,13,15,16,35,36,35,39,39,59,43,42,48,31,50,22,38,27,12,35,25,35,11,15,14,62,59,57,59,64,38,Primera A de Colombia
M. Ortega,Tolima,México,13,GK,Right,193,31,65,,38,23,34,30,24,45,18,14,22,41,17,16,23,21,34,35,31,43,42,62,39,47,56,34,50,22,42,28,17,43,26,51,22,24,20,67,60,64,67,64,43,Primera A de Colombia
J. Covilla,Tolima,Colombia,12,GK,Right,181,18,59,,38,18,29,27,15,48,22,10,15,34,10,18,10,10,33,27,35,41,39,54,44,44,46,38,59,12,36,24,17,36,12,39,10,16,13,63,50,45,63,62,32,Primera A de Colombia
Neto Volpi,Tolima,Brasil,1,GK,Right,191,34,68,,36,24,37,31,24,49,23,16,24,44,17,18,23,27,43,33,37,36,44,64,49,51,58,44,56,19,35,35,16,42,29,50,21,19,22,68,71,65,70,75,47,Primera A de Colombia
