short_name,club_name,nationality_name,club_jersey_number,player_positions,preferred_foot,height_cm,age,overall,seleccion,pace,shooting,passing,dribbling,defending,physic,attacking_crossing,attacking_finishing,attacking_heading_accuracy,attacking_short_passing,attacking_volleys,skill_dribbling,skill_curve,skill_fk_accuracy,skill_long_passing,skill_ball_control,movement_acceleration,movement_sprint_speed,movement_agility,movement_reactions,movement_balance,power_shot_power,power_jumping,power_stamina,power_strength,power_long_shots,mentality_aggression,mentality_interceptions,mentality_positioning,mentality_vision,mentality_penalties,mentality_composure,defending_marking_awareness,defending_standing_tackle,defending_sliding_tackle,goalkeeping_diving,goalkeeping_handling,goalkeeping_kicking,goalkeeping_positioning,goalkeeping_reflexes,goalkeeping_speed,league_name
L. Tenorio,Delfín,Ecuador,99,ST,Right,177,18,57,,57,57,49,55,24,58,46,53,59,53,59,52,43,49,46,57,59,55,59,55,54,64,57,54,62,56,53,23,60,48,57,52,19,21,15,8,15,9,10,12,15,LigaPro Ecuador
E. Caicedo,Delfín,Ecuador,39,ST,Left,195,35,66,,61,68,55,65,32,71,54,70,70,55,66,66,62,55,51,66,62,60,60,69,58,67,75,63,78,64,62,25,73,59,68,65,27,31,25,14,7,12,8,9,14,LigaPro Ecuador
J. Arce,Delfín,Ecuador,37,LW,Left,176,26,61,,70,59,61,63,29,55,63,59,51,63,57,68,67,54,54,58,71,69,63,64,65,60,53,64,54,57,45,35,61,62,61,58,28,20,25,14,10,8,7,14,6,LigaPro Ecuador
E. Yépez,Delfín,Ecuador,27,"LW, LM",Left,170,33,63,,70,63,60,66,32,53,57,66,48,62,65,64,61,56,57,67,68,71,69,65,64,61,53,69,46,59,49,35,67,62,58,64,31,27,26,15,6,9,8,7,10,LigaPro Ecuador
F. Perinciolo,Delfín,Argentina,11,"LW, LM",Left,174,29,64,,73,61,61,65,35,58,64,61,54,63,61,64,66,57,55,64,74,73,69,61,72,64,54,66,57,56,50,37,69,59,56,62,36,28,28,11,15,15,6,14,10,LigaPro Ecuador
F. Ayunta,Delfín,Argentina,9,ST,Right,173,23,67,,68,69,58,66,34,69,55,73,68,60,68,67,62,55,56,64,67,68,69,69,68,67,62,66,72,65,68,25,70,60,66,67,32,32,25,15,7,7,14,15,9,LigaPro Ecuador
K. Ushiña,Delfín,Ecuador,78,"RM, RW, CAM",Right,172,30,64,,69,60,64,64,46,56,67,62,48,67,53,62,67,62,57,63,67,71,72,63,64,61,49,65,53,57,52,47,57,61,59,64,45,48,38,15,10,13,7,10,9,LigaPro Ecuador
T. Ozaeta,Delfín,Ecuador,45,"LM, LW",Left,187,19,61,,64,53,61,59,44,60,61,49,55,62,60,65,60,55,59,54,61,67,61,57,62,61,56,67,58,54,55,41,57,63,50,48,44,43,43,12,7,14,9,8,8,LigaPro Ecuador
G. Heredia,Delfín,Argentina,34,"CM, CDM, CAM",Right,178,21,63,,60,58,65,62,56,61,60,55,53,73,53,63,64,56,63,61,61,60,65,64,56,59,47,65,60,67,61,58,57,61,55,64,53,58,55,6,9,13,10,14,12,LigaPro Ecuador
L. Cornejo,Delfín,Argentina,23,CM,Left,174,21,59,,58,53,59,59,51,53,53,51,50,63,47,59,54,53,57,60,57,58,53,53,65,55,52,63,48,58,53,50,55,61,56,63,51,51,52,14,9,9,6,14,13,LigaPro Ecuador
J. Morocho,Delfín,Ecuador,18,"CM, CDM, CAM",Right,178,24,63,,60,60,63,64,55,57,56,60,58,70,53,61,56,64,66,68,58,61,68,65,58,63,56,65,53,61,58,53,62,59,59,64,57,55,54,8,14,8,9,10,15,LigaPro Ecuador
L. Castro,Delfín,Ecuador,16,"CM, CDM, CAM",Right,183,30,63,,62,58,62,61,54,60,54,58,52,65,51,63,57,53,66,59,62,62,59,67,59,54,57,65,60,65,56,57,61,65,55,59,54,55,52,15,8,9,11,7,7,LigaPro Ecuador
D. Luna,Delfín,Ecuador,10,"CAM, ST",Right,165,35,65,,56,64,68,70,36,54,63,64,42,73,61,68,68,65,60,70,62,51,76,68,79,63,44,67,50,68,51,43,67,73,62,69,38,29,30,12,15,9,12,13,14,LigaPro Ecuador
K. Moreno,Delfín,Colombia,8,"CM, CDM",Left,186,26,62,,58,56,60,61,55,61,61,49,54,62,55,61,56,51,61,62,60,57,62,58,60,61,55,64,59,63,62,53,61,59,58,63,53,57,56,7,10,12,14,9,14,LigaPro Ecuador
K. Álvarez,Delfín,Ecuador,7,CM,Right,172,25,61,,58,52,61,63,53,56,59,46,46,62,52,63,59,54,63,62,60,57,61,64,66,57,57,62,53,57,58,55,59,60,52,62,51,57,52,13,11,8,6,10,11,LigaPro Ecuador
B. Hernández,Delfín,Ecuador,77,RB,Right,169,27,63,,62,48,59,63,61,59,65,43,52,62,48,59,58,50,62,64,61,63,70,58,73,57,57,66,55,49,59,62,50,49,49,60,62,61,68,7,11,13,6,9,7,LigaPro Ecuador
M. Salvatierra,Delfín,Ecuador,61,"CB, CDM",Left,183,19,59,,54,39,46,49,63,62,43,35,59,52,32,44,33,38,49,55,55,54,48,51,51,51,66,59,64,37,58,60,39,40,41,51,63,65,66,7,10,14,8,6,8,LigaPro Ecuador
M. Reyes,Delfín,Ecuador,55,RB,Right,167,23,60,,65,46,54,59,55,58,61,42,50,52,40,58,51,49,57,58,66,64,66,58,68,57,54,69,52,46,61,57,47,49,45,59,53,56,62,15,11,11,9,7,11,LigaPro Ecuador
L. Castillo,Delfín,Ecuador,40,"LB, LM",Left,180,27,60,,64,47,56,57,58,60,60,43,53,58,43,57,55,43,58,56,64,64,60,57,63,56,58,64,58,50,58,62,49,52,45,59,56,60,54,7,6,14,9,10,15,LigaPro Ecuador
E. Cabeza,Delfín,Ecuador,33,CB,Right,187,24,62,,57,40,52,51,64,62,51,36,64,58,38,45,40,44,55,55,56,57,52,54,56,48,65,57,63,43,65,64,38,46,39,63,62,66,62,11,7,6,10,9,8,LigaPro Ecuador
A. Bedoya,Delfín,Ecuador,32,"CB, CDM",Right,183,30,63,,58,42,49,53,66,67,49,36,68,55,37,46,39,41,54,57,60,57,58,57,55,55,65,64,67,47,69,64,36,41,40,66,66,69,60,12,13,10,12,10,13,LigaPro Ecuador
I. Molano,Delfín,Ecuador,20,CB,Right,189,19,57,,54,38,46,48,64,60,44,35,66,50,37,46,36,36,54,50,48,59,45,54,43,51,58,55,66,36,54,60,29,39,35,49,67,64,56,13,15,10,14,13,7,LigaPro Ecuador
E. Rubio,Delfín,Argentina,17,"RB, CB, LB",Right,175,23,62,,65,51,57,59,59,58,65,49,54,57,43,60,49,49,58,56,67,64,65,60,67,57,53,65,55,54,60,61,54,52,44,57,57,58,68,15,12,10,8,8,15,LigaPro Ecuador
E. Zúñiga,Delfín,Ecuador,14,"LB, RB",Left,178,23,61,,65,48,59,59,56,60,61,46,56,62,41,56,50,45,58,59,62,67,69,60,62,54,60,65,60,49,54,56,45,57,45,60,56,54,61,12,11,14,12,6,10,LigaPro Ecuador
O. Medina,Delfín,Ecuador,5,CB,Right,191,21,62,,54,44,47,51,66,66,48,38,74,50,35,44,41,41,51,57,51,56,50,58,55,60,66,63,70,46,60,69,33,39,37,60,66,63,57,8,15,15,15,10,10,LigaPro Ecuador
J. Parrales,Delfín,Ecuador,3,"CB, CDM",Right,186,29,60,,54,42,49,52,60,62,52,41,62,56,38,46,38,37,49,57,55,53,51,60,53,51,63,55,63,37,66,57,33,38,41,56,59,63,60,8,12,6,7,10,12,LigaPro Ecuador
D. Aimar,Delfín,Ecuador,3,CB,Right,186,31,61,,54,41,48,53,62,65,47,38,61,56,34,50,42,36,49,53,52,55,53,61,50,56,66,60,65,39,69,60,36,40,34,66,66,60,60,6,15,12,11,7,15,LigaPro Ecuador
A. Cisneros,Delfín,Ecuador,2,CB,Right,186,29,59,,56,39,46,48,64,62,39,32,63,53,36,42,36,33,50,53,53,59,44,57,50,54,62,59,65,43,60,62,30,43,38,66,63,68,62,7,13,12,9,14,14,LigaPro Ecuador
J. Cárdenas,Delfín,Ecuador,22,GK,Right,188,31,62,,36,21,32,30,20,44,20,17,21,37,14,19,22,20,35,33,39,34,35,60,41,38,55,33,52,18,35,32,13,38,20,43,16,18,17,62,62,54,63,69,41,LigaPro Ecuador
B. Heras,Delfín,Ecuador,21,GK,Right,181,31,66,,42,25,35,34,22,48,21,19,24,40,21,22,24,19,37,37,44,40,40,65,48,47,53,39,56,19,39,30,15,47,27,47,21,17,25,66,64,65,66,72,42,LigaPro Ecuador
B. Cárdenas,Delfín,Ecuador,13,GK,Right,186,27,60,,33,17,27,28,19,44,10,10,16,34,11,16,12,18,27,33,36,30,37,55,42,41,51,38,50,11,34,27,10,39,18,40,16,17,17,64,60,54,60,60,40,LigaPro Ecuador
M. Vera,Manta,Ecuador,47,"RW, ST",Right,179,16,57,,67,57,57,61,26,51,60,56,46,60,54,65,55,46,52,57,65,68,62,54,60,59,47,60,49,56,44,23,62,57,57,55,25,24,19,7,12,13,7,6,9,LigaPro Ecuador
Á. Ledesma,Manta,Ecuador,28,"ST, LW",Right,174,33,69,,65,71,60,71,36,70,54,75,62,63,68,69,62,60,58,73,67,64,72,73,65,70,67,72,70,66,69,33,73,64,66,75,33,35,33,15,14,6,14,12,8,LigaPro Ecuador
A. Castillo,Manta,Ecuador,26,"ST, LW",Right,174,22,60,,58,60,50,59,27,59,45,60,58,56,60,58,51,49,42,60,54,61,57,57,59,62,61,58,61,57,57,25,63,53,59,62,25,21,23,8,9,11,11,14,12,LigaPro Ecuador
J. Alman,Manta,Ecuador,19,"ST, LW, RM",Right,192,31,67,,71,68,58,66,35,68,60,71,69,57,65,66,63,56,58,67,65,76,62,69,51,69,73,66,72,59,58,28,70,57,66,72,32,34,27,12,7,12,12,15,15,LigaPro Ecuador
E. Beltramone,Manta,Argentina,18,RW,Left,160,27,60,,69,58,58,61,31,45,65,59,42,60,50,59,63,55,47,62,68,70,68,56,67,58,43,62,36,56,47,33,62,53,53,54,31,29,26,15,8,15,11,8,7,LigaPro Ecuador
J. Angulo,Manta,Ecuador,17,ST,Left,183,31,65,,61,66,56,65,32,64,57,69,71,56,63,60,61,51,52,71,59,63,56,70,66,64,70,61,65,65,62,31,66,56,62,67,27,29,24,7,12,6,13,11,13,LigaPro Ecuador
F. Asagidigbi,Manta,Nigeria,11,LW,Right,178,27,61,,69,59,60,65,30,54,57,59,54,64,60,65,56,50,56,66,69,69,70,63,64,56,50,66,54,59,42,34,66,61,57,56,27,24,21,15,6,15,14,10,10,LigaPro Ecuador
J. Blanco,Manta,Colombia,9,"ST, CF",Right,185,34,65,,57,67,57,66,32,66,55,67,68,60,65,67,55,57,49,67,56,58,62,66,61,67,70,59,72,65,57,27,72,58,65,71,28,27,29,8,7,9,6,11,14,LigaPro Ecuador
W. Chalá,Manta,Ecuador,7,"RM, LM",Right,183,34,64,,63,60,62,64,42,59,66,59,56,61,56,67,65,61,57,62,64,63,64,65,63,63,56,70,57,59,53,41,66,62,59,62,37,45,37,10,7,14,6,7,13,LigaPro Ecuador
J. Nazareno,Manta,Ecuador,70,"CM, CDM, RM",Right,173,28,60,,59,56,59,63,54,56,55,54,46,58,47,62,56,51,60,65,55,62,60,63,63,62,52,63,55,60,53,56,52,66,55,55,55,57,42,10,14,10,11,15,10,LigaPro Ecuador
S. Burbano,Manta,Ecuador,57,CM,Left,187,20,57,,55,53,58,56,51,56,57,51,46,64,52,56,57,52,54,56,58,53,52,51,57,52,54,59,55,57,57,53,58,52,48,58,55,48,46,8,13,11,12,7,8,LigaPro Ecuador
J. Vergés,Manta,Uruguay,55,"CAM, RM",Right,169,34,67,,62,65,70,70,38,55,66,63,53,71,65,69,75,69,69,70,59,64,75,69,73,65,50,72,48,67,54,43,72,73,64,68,35,37,27,15,11,14,6,10,12,LigaPro Ecuador
J. Rialpe,Manta,Ecuador,52,CDM,Right,177,18,58,,56,48,53,55,59,61,48,43,44,54,43,52,47,48,58,58,54,58,54,51,58,58,59,66,57,52,63,58,46,55,47,53,59,66,58,9,12,11,15,6,8,LigaPro Ecuador
D. Cabezas,Manta,Ecuador,51,CAM,Right,176,33,66,,62,64,67,68,38,57,59,65,50,70,59,69,66,64,66,69,64,61,66,65,69,65,49,64,55,63,54,40,63,70,67,68,37,35,31,14,9,8,11,13,13,LigaPro Ecuador
J. Troya,Manta,Ecuador,27,"RM, LM, RB",Left,174,25,63,,68,57,63,65,44,57,61,56,47,69,58,65,58,60,59,66,70,67,70,58,69,59,52,70,50,57,58,48,61,60,56,56,39,46,39,15,12,11,6,14,8,LigaPro Ecuador
R. Burbano,Manta,Ecuador,10,"RW, LM, CAM",Right,180,31,64,,77,59,62,67,32,56,61,54,51,64,60,70,67,57,55,66,75,78,64,68,70,66,61,59,56,60,52,34,64,63,61,60,30,30,24,13,8,13,7,12,10,LigaPro Ecuador
M. Valencia,Manta,Ecuador,8,"CM, CAM, CDM",Right,180,26,60,,62,56,64,56,52,58,58,54,50,67,51,54,55,54,67,58,61,62,60,60,56,58,49,58,59,62,56,52,54,66,52,55,51,56,44,15,13,15,8,13,9,LigaPro Ecuador
J. Jiménez,Manta,Colombia,6,"CM, CAM, CDM",Left,176,32,63,,59,58,65,63,54,60,58,56,52,69,55,61,63,56,65,65,60,59,63,68,64,61,50,62,61,59,56,57,63,67,54,63,53,56,51,14,6,10,12,6,7,LigaPro Ecuador
B. Ramírez,Manta,Argentina,5,"CM, CDM",Right,175,26,61,,57,56,58,62,52,57,52,55,53,62,51,63,59,59,61,63,55,59,61,58,59,62,56,60,58,53,53,54,51,55,55,62,52,52,51,15,13,11,7,14,11,LigaPro Ecuador
L. Angulo,Manta,Ecuador,4,CM,Left,178,29,61,,61,55,61,62,53,58,60,52,50,65,51,58,57,58,60,66,59,62,66,61,63,61,55,65,54,54,58,55,57,59,55,59,52,54,51,14,13,12,14,9,11,LigaPro Ecuador
L. Navarrete,Manta,Ecuador,50,RB,Left,175,22,57,,63,44,52,57,54,54,56,41,46,53,43,56,48,41,57,57,65,61,57,51,69,49,52,58,52,45,52,54,44,48,40,54,53,56,60,10,10,13,7,8,8,LigaPro Ecuador
M. Ortíz,Manta,Ecuador,38,"CB, CDM",Right,182,26,63,,57,43,49,55,67,64,46,37,63,57,38,54,44,40,51,55,60,54,48,63,54,56,63,57,66,45,68,65,40,40,44,65,71,65,70,8,12,7,10,7,8,LigaPro Ecuador
G. Mina,Manta,Ecuador,31,"LB, CB",Right,178,30,61,,67,48,58,59,59,59,60,44,53,66,37,54,52,48,51,63,71,64,62,57,63,61,62,68,54,43,61,59,50,49,51,58,61,58,65,9,9,15,9,10,8,LigaPro Ecuador
J. Monaga,Manta,Ecuador,25,LB,Left,179,28,60,,64,45,53,57,60,61,60,41,51,55,40,59,54,48,53,55,66,62,57,58,59,57,61,67,60,44,54,56,52,43,41,52,64,63,60,6,12,15,11,10,14,LigaPro Ecuador
O. Moscarelli,Manta,Argentina,24,CB,Left,184,25,63,,59,42,51,54,64,67,49,36,69,56,35,54,41,45,56,54,61,58,49,63,56,57,66,62,71,41,65,66,35,44,44,59,60,65,61,12,8,14,15,9,7,LigaPro Ecuador
A. Medina,Manta,Ecuador,23,"RB, CB",Right,177,27,60,,64,46,54,59,59,59,59,45,46,58,42,60,46,44,54,59,65,64,59,57,60,49,57,70,55,48,55,53,50,47,44,53,61,62,65,7,11,14,15,15,15,LigaPro Ecuador
G. Bartora,Manta,Uruguay,21,LB,Left,177,24,63,,68,49,58,61,58,62,62,44,50,56,45,62,58,50,58,58,64,72,71,59,61,57,58,65,60,51,65,57,54,60,46,56,60,56,65,15,15,6,12,10,12,LigaPro Ecuador
J. Chalá,Manta,Ecuador,20,"LB, LM",Left,180,21,59,,65,48,53,55,58,58,58,43,52,57,49,54,50,41,48,54,66,65,59,53,59,57,57,64,57,49,54,60,50,49,48,54,57,59,58,15,14,15,8,8,10,LigaPro Ecuador
D. Quintero,Manta,Ecuador,16,CB,Right,182,26,64,,59,44,50,57,66,67,50,38,67,54,40,50,43,45,53,63,58,60,57,61,57,61,63,58,71,43,71,62,38,42,44,61,65,70,64,13,11,10,7,8,13,LigaPro Ecuador
J. Mina,Manta,Ecuador,14,RB,Right,170,25,60,,64,44,55,57,57,58,59,41,47,58,40,54,50,42,58,58,68,60,64,57,60,53,51,67,53,40,60,60,45,46,45,54,55,59,58,9,6,11,7,12,14,LigaPro Ecuador
J. Nazareno,Manta,Ecuador,4,"CB, RB",Right,180,27,60,,55,40,50,50,64,62,49,36,59,57,32,47,38,43,56,51,55,55,51,63,53,52,64,55,66,42,61,65,35,41,43,55,63,68,63,9,13,14,14,13,8,LigaPro Ecuador
E. Pico,Manta,Ecuador,99,GK,Right,185,25,60,,34,17,29,27,18,41,15,10,20,38,10,16,15,16,31,30,37,31,39,52,47,35,49,32,48,15,31,24,11,34,21,34,17,16,10,62,63,55,64,61,41,LigaPro Ecuador
F. Zambrano,Manta,Ecuador,12,GK,Right,186,29,63,,36,21,30,32,20,46,15,12,19,37,10,20,17,20,35,35,37,36,39,61,45,47,56,40,51,19,37,25,10,36,22,42,16,23,18,58,64,58,67,66,43,LigaPro Ecuador
W. Chávez,Manta,Ecuador,1,GK,Right,183,32,62,,35,20,30,32,18,46,18,14,23,35,10,18,15,23,36,38,31,39,35,61,43,39,46,40,54,17,34,25,13,36,25,46,17,15,13,62,58,56,63,66,38,LigaPro Ecuador
R. Saya,Emelec,Ecuador,59,ST,Right,178,18,56,,58,57,49,54,22,56,50,58,59,51,54,56,44,49,42,52,57,59,56,51,52,57,56,52,59,55,53,18,56,49,52,52,20,18,14,10,11,12,9,9,13,LigaPro Ecuador
A. Viteri,Emelec,Ecuador,24,"ST, CF",Right,180,21,58,,61,61,50,56,25,58,51,61,61,52,56,53,50,47,42,59,60,61,55,58,54,67,62,52,60,57,57,20,66,53,62,60,21,23,17,15,10,7,6,14,12,LigaPro Ecuador
J. Gonzaga,Emelec,Ecuador,20,"RW, RM",Left,178,20,61,,70,58,58,64,31,53,61,59,49,59,59,63,61,56,51,68,72,68,63,60,66,56,47,63,50,57,50,37,65,58,57,55,29,25,25,12,8,6,12,7,15,LigaPro Ecuador
J. Ruíz,Emelec,Argentina,19,"LM, RW, LW",Right,169,32,62,,70,57,61,62,42,56,62,56,45,62,55,58,63,55,58,62,67,72,68,62,68,58,53,70,52,60,48,40,58,60,52,67,44,41,38,15,10,6,9,9,12,LigaPro Ecuador
J. Ayoví,Emelec,Ecuador,17,ST,Right,186,38,66,,61,68,56,65,31,66,51,73,68,61,69,66,59,54,51,64,62,61,61,69,67,64,65,61,70,63,61,26,68,54,66,64,29,25,27,8,15,10,14,10,6,LigaPro Ecuador
L. Fragozo,Emelec,Ecuador,15,"ST, LW",Right,171,16,57,,60,60,49,56,22,52,46,65,49,55,56,58,50,44,41,54,59,60,57,53,56,60,52,52,52,48,52,24,65,48,54,56,18,17,19,8,6,8,7,8,10,LigaPro Ecuador
S. Arce,Emelec,Paraguay,11,"RW, RM",Right,172,26,61,,67,61,59,66,29,56,59,65,46,61,55,64,61,56,52,68,69,66,71,61,67,55,53,63,57,60,47,31,66,59,56,56,26,27,25,6,15,14,14,14,13,LigaPro Ecuador
F. Pizzini,Emelec,Argentina,10,"LW, RW, CAM",Left,177,33,73,,77,71,70,74,38,67,71,69,58,68,66,79,73,63,68,67,77,77,80,77,70,73,59,68,69,75,62,36,76,73,73,72,38,35,30,10,15,9,8,11,11,LigaPro Ecuador
R. Carrillo,Emelec,Ecuador,9,ST,Left,188,30,67,,70,69,58,67,34,66,55,70,71,60,63,69,57,60,50,66,71,69,61,68,60,68,72,68,68,67,59,31,74,65,73,69,28,33,25,7,8,9,12,15,6,LigaPro Ecuador
L. Klimowicz,Emelec,Argentina,7,"ST, CAM",Left,180,22,65,,67,67,56,57,30,57,49,72,60,63,63,55,58,54,49,57,63,70,60,62,60,60,67,53,58,63,59,29,68,57,61,67,26,27,22,8,15,7,6,11,15,LigaPro Ecuador
J. Valverde,Emelec,Ecuador,39,CM,Right,181,22,59,,56,56,60,63,53,62,57,52,52,62,57,64,54,50,60,67,57,55,54,59,56,58,51,68,63,61,55,54,54,62,55,58,52,54,50,8,14,8,10,7,11,LigaPro Ecuador
J. Valverde,Emelec,Ecuador,32,"CDM, CM",Right,176,27,61,,59,53,57,58,60,65,47,49,53,65,42,54,49,54,59,64,60,59,56,63,57,59,61,72,61,56,68,63,58,53,50,55,59,62,62,14,8,6,12,7,11,LigaPro Ecuador
B. Tobar,Emelec,Ecuador,28,"CM, CDM",Right,175,18,58,,55,53,54,60,51,53,47,48,49,56,48,55,54,47,63,65,57,54,60,55,61,60,46,57,53,58,49,53,61,54,56,59,51,52,49,12,13,13,11,14,15,LigaPro Ecuador
R. Narváez,Emelec,Ecuador,25,CAM,Right,182,18,57,,61,55,57,58,28,49,53,54,40,58,53,58,62,53,53,59,63,60,57,53,58,55,51,54,48,57,46,30,57,60,51,54,28,23,26,8,14,14,15,11,11,LigaPro Ecuador
J. Cevallos,Emelec,Ecuador,21,"CM, CAM",Left,186,31,61,,52,58,62,62,54,60,59,55,57,66,50,64,57,52,60,63,55,50,56,62,57,62,54,62,59,64,60,56,64,65,56,60,54,53,51,10,10,14,10,15,14,LigaPro Ecuador
S. Quintero,Emelec,Ecuador,16,"CM, CDM, CB",Right,167,27,64,,61,60,67,65,56,59,68,58,46,68,57,65,58,55,72,66,61,61,63,61,71,63,52,65,55,64,64,59,57,68,55,64,58,58,53,6,13,7,10,15,15,LigaPro Ecuador
G. Nápoli,Emelec,Uruguay,8,"CAM, CDM",Left,178,26,68,,70,67,69,71,40,63,66,67,52,75,64,73,68,69,61,70,71,70,71,70,72,65,59,63,67,69,55,43,69,68,67,70,44,33,34,14,11,11,8,9,10,LigaPro Ecuador
V. Griffith,Emelec,Panamá,6,"CDM, CM",Right,174,25,61,Panamá,54,52,59,61,60,63,51,46,54,62,47,58,56,52,66,65,52,55,58,60,62,64,58,65,62,56,65,60,50,59,54,58,58,65,57,13,11,7,9,7,11,LigaPro Ecuador
A. Mina,Emelec,Ecuador,5,"CM, CAM, CDM",Right,179,27,67,,65,61,68,67,57,66,66,57,58,70,57,64,64,64,66,70,69,61,69,65,66,67,58,70,65,64,64,58,63,71,55,68,59,56,55,11,15,11,13,12,8,LigaPro Ecuador
A. Arboleda,Emelec,Ecuador,99,"CB, RB",Right,192,18,57,,55,36,45,47,60,66,44,30,59,51,34,45,36,37,45,48,55,55,48,52,43,51,64,59,69,37,66,61,27,38,35,47,56,64,58,13,6,8,6,7,11,LigaPro Ecuador
O. Herrera,Emelec,Ecuador,80,"RB, LB",Right,175,22,60,,66,47,53,56,56,60,56,43,50,51,40,54,55,49,60,55,64,68,62,55,62,54,56,66,60,48,56,54,51,51,45,54,60,54,61,6,14,10,9,10,9,LigaPro Ecuador
M. Cuero,Emelec,Ecuador,58,CB,Right,185,21,59,,49,41,48,49,62,63,45,40,62,54,34,43,36,37,54,54,50,49,47,62,46,51,59,56,65,38,69,57,37,43,39,60,64,63,62,6,6,15,14,14,11,LigaPro Ecuador
S. Valencia,Emelec,Ecuador,51,CB,Right,180,22,61,,55,41,48,51,66,64,46,34,64,54,40,47,45,43,54,50,56,55,55,62,54,61,57,62,64,41,67,59,31,37,39,62,66,74,61,8,11,6,10,6,6,LigaPro Ecuador
A. Mina,Emelec,Ecuador,30,"LB, LW",Left,169,23,60,,66,49,55,55,54,60,55,47,43,58,44,49,56,52,55,58,68,65,66,55,63,55,49,63,59,51,59,58,46,51,45,60,53,55,61,6,14,8,6,15,12,LigaPro Ecuador
F. León,Emelec,Ecuador,27,CB,Right,185,33,67,,53,50,53,57,70,69,44,46,72,59,47,53,49,46,59,58,54,52,57,70,63,66,66,62,70,45,75,72,39,49,46,67,69,69,66,11,15,7,12,12,7,LigaPro Ecuador
I. Cuero,Emelec,Ecuador,26,RB,Right,180,21,60,,64,44,55,57,59,56,56,39,55,60,42,55,52,48,53,56,65,64,65,58,58,54,60,62,53,44,57,64,47,48,42,63,55,60,63,10,13,10,8,15,15,LigaPro Ecuador
M. Carabalí,Emelec,Ecuador,18,"CB, CDM",Right,186,20,57,,56,36,46,44,62,58,43,31,59,55,30,38,30,42,52,49,58,54,49,47,50,52,60,55,61,32,54,60,33,35,42,47,63,63,64,11,12,9,10,7,13,LigaPro Ecuador
L. Gómez,Emelec,Ecuador,13,RB,Right,170,26,64,,70,51,60,62,59,61,67,46,52,60,49,58,56,52,60,63,68,72,71,59,69,58,51,68,59,53,61,64,51,54,54,58,56,60,63,11,6,6,12,7,12,LigaPro Ecuador
E. Segura,Emelec,Ecuador,4,"CB, LB",Right,185,26,64,,63,43,52,55,65,66,49,37,65,56,37,50,47,50,54,61,61,64,48,60,60,60,67,61,69,42,67,65,45,47,41,62,62,68,69,7,14,14,10,12,8,LigaPro Ecuador
I. Guerrico,Emelec,Argentina,3,LB,Left,175,28,61,,66,47,53,59,57,57,57,43,45,54,47,57,53,43,57,61,62,70,65,59,62,55,54,67,55,47,51,60,47,46,45,53,58,60,55,11,10,10,11,10,6,LigaPro Ecuador
A. Leguizamón,Emelec,Argentina,2,CB,Right,182,34,65,,55,46,50,54,69,68,49,40,69,56,40,54,47,45,52,54,53,56,48,58,55,62,62,65,71,45,66,67,42,43,45,68,72,69,68,15,6,13,12,9,13,LigaPro Ecuador
A. Cortez,Emelec,Ecuador,14,"CB, CDM",Right,183,19,58,,56,40,45,45,61,59,41,36,57,52,40,41,34,38,55,45,51,61,49,55,51,54,59,54,63,35,57,60,37,35,38,57,60,64,63,14,6,15,7,15,14,LigaPro Ecuador
E. Bores,Emelec,Ecuador,90,GK,Right,185,23,66,,44,26,33,32,25,50,22,20,28,38,15,18,21,20,36,37,46,42,42,61,45,48,52,41,58,22,42,35,13,41,31,43,22,21,21,66,65,63,66,68,43,LigaPro Ecuador
M. Valero,Emelec,Ecuador,33,GK,Right,183,30,62,,41,19,30,25,20,45,14,10,23,37,14,10,22,11,37,30,42,40,38,60,37,41,52,33,55,17,34,25,14,36,24,43,15,23,18,63,61,55,63,62,41,LigaPro Ecuador
E. Castañeda,Emelec,Ecuador,22,GK,Right,183,22,58,,32,17,26,25,19,43,14,12,16,28,12,10,19,11,32,32,31,32,32,55,38,31,46,35,51,16,34,23,10,33,18,42,18,18,17,58,55,55,62,64,29,LigaPro Ecuador
P. Ortíz,Emelec,Ecuador,12,GK,Right,188,36,66,,35,28,35,34,24,49,20,23,26,42,21,20,24,19,35,39,36,35,41,64,51,47,60,42,53,24,46,27,16,43,27,47,24,22,20,67,57,61,69,70,39,LigaPro Ecuador
J. Sánchez,Orense,Ecuador,95,"ST, CF",Right,173,18,56,,61,59,45,57,23,56,44,60,54,47,59,59,48,49,41,56,58,64,58,52,54,60,56,55,59,55,50,21,60,45,58,52,18,21,16,13,13,6,15,7,13,LigaPro Ecuador
J. Valencia,Orense,Colombia,88,RW,Left,183,24,62,,67,60,62,65,34,59,60,63,52,65,56,67,63,57,56,63,71,63,68,63,63,61,58,63,61,51,51,33,67,62,60,62,33,31,25,15,8,6,6,7,7,LigaPro Ecuador
J. Solano,Orense,Ecuador,60,ST,Right,182,18,57,,62,60,48,53,24,57,44,60,66,56,58,51,48,46,38,54,60,64,53,57,60,65,60,54,59,55,53,21,61,47,51,55,19,20,19,14,13,7,11,6,6,LigaPro Ecuador
A. Suárez,Orense,Ecuador,57,"ST, CF",Left,177,22,59,,60,60,48,60,23,55,41,63,53,53,56,55,51,54,42,64,59,61,64,62,61,58,62,51,57,56,53,21,66,47,59,61,21,20,15,13,15,15,10,13,7,LigaPro Ecuador
E. Zambrano,Orense,Ecuador,54,"RW, RM",Right,172,18,56,,62,52,54,57,25,44,49,52,44,59,51,60,54,53,46,55,65,60,62,52,58,59,44,51,41,47,45,29,56,57,49,47,22,22,19,10,11,12,6,11,12,LigaPro Ecuador
L. Garcés,Orense,Ecuador,53,RW,Left,166,19,57,,68,53,55,60,24,44,57,52,40,55,59,62,54,45,50,55,68,68,68,59,70,57,51,54,40,51,41,26,56,60,53,51,23,20,21,9,14,7,12,13,6,LigaPro Ecuador
M. Bermúdez,Orense,Ecuador,19,"ST, CAM, LW",Right,177,20,63,,66,67,56,59,30,62,55,69,56,59,65,55,59,58,48,60,65,66,64,58,66,72,64,59,65,62,58,25,68,56,59,66,30,26,21,9,11,15,7,15,10,LigaPro Ecuador
Á. Mena,Orense,Ecuador,13,"CAM, ST, RW",Right,168,38,66,,56,68,67,69,38,57,63,68,50,69,61,70,68,62,62,67,58,54,76,62,74,70,52,67,53,67,56,43,69,70,60,68,34,39,30,6,8,10,15,11,15,LigaPro Ecuador
A. Herrera,Orense,Argentina,11,"ST, LW, LM",Right,184,28,67,,70,69,58,64,36,68,52,73,71,62,66,61,62,58,52,65,68,71,66,77,63,69,64,59,75,62,61,33,72,59,67,64,36,31,25,10,15,13,9,8,6,LigaPro Ecuador
M. Parrales,Orense,Ecuador,10,ST,Right,182,30,67,,66,70,56,67,34,64,51,73,71,60,70,64,58,58,49,70,62,70,65,68,62,66,70,62,67,66,60,31,69,60,71,71,31,26,31,13,14,9,11,15,11,LigaPro Ecuador
S. Quiñónez,Orense,Ecuador,80,CM,Left,177,20,58,,56,52,58,59,49,52,62,50,45,59,46,62,51,52,59,57,54,58,59,53,62,54,49,56,49,57,54,52,58,55,48,55,49,51,38,6,15,6,12,12,6,LigaPro Ecuador
B. Viñán,Orense,Ecuador,77,"LM, LW",Right,176,26,62,,67,59,60,60,42,54,62,60,46,65,52,61,64,56,53,57,65,68,69,60,64,62,54,65,48,58,57,43,59,52,55,57,42,41,44,9,10,9,11,13,15,LigaPro Ecuador
J. Hurtado,Orense,Ecuador,59,CM,Right,169,19,59,,57,52,60,59,53,58,54,45,47,61,49,58,53,52,64,61,59,55,64,55,58,61,49,65,56,60,55,52,57,63,54,57,52,57,48,15,13,15,13,6,12,LigaPro Ecuador
S. Mairongo,Orense,Ecuador,57,CAM,Left,176,17,57,,60,56,58,60,29,50,58,56,43,60,54,61,58,58,50,58,60,60,65,56,68,56,44,59,48,56,44,36,54,63,55,54,24,25,26,12,12,12,7,13,6,LigaPro Ecuador
A. Cordova,Orense,Ecuador,56,"CAM, CM",Right,168,19,57,,61,56,57,62,32,45,51,55,39,58,51,65,65,59,50,57,61,61,70,54,61,55,42,52,43,61,42,34,47,62,54,56,34,29,20,10,10,12,6,12,9,LigaPro Ecuador
C. Ortíz,Orense,Ecuador,51,"CM, CAM",Right,171,18,58,,57,54,57,56,52,52,53,50,48,58,48,56,55,50,61,55,59,56,57,51,61,64,45,64,46,57,55,60,54,59,52,53,56,46,49,12,6,9,6,13,6,LigaPro Ecuador
E. Hernandez,Orense,Ecuador,50,"CAM, CM",Left,184,19,59,,63,57,59,60,36,53,56,59,46,58,60,62,62,58,54,60,61,64,56,56,52,56,52,58,51,56,53,33,55,66,50,62,37,34,31,10,10,7,12,8,11,LigaPro Ecuador
E. Zhingre,Orense,Ecuador,44,CAM,Right,175,19,57,,61,55,54,62,30,49,50,51,43,52,54,68,58,52,53,57,65,58,64,54,59,58,50,51,48,61,49,33,58,62,53,53,29,28,21,12,14,9,14,8,14,LigaPro Ecuador
V. Burgoa,Orense,Argentina,30,"LW, LM, CM",Left,175,26,64,,71,66,63,70,33,56,66,68,48,64,57,74,65,62,57,66,73,70,71,66,71,67,50,62,55,65,50,30,63,61,60,61,34,30,31,7,8,9,11,12,10,LigaPro Ecuador
N. Molina,Orense,Ecuador,26,"CM, CDM",Left,186,33,64,,55,59,65,64,58,68,63,57,58,64,56,64,59,64,65,65,56,54,62,67,61,60,59,68,67,62,71,53,61,70,56,55,61,59,53,10,10,15,13,10,7,LigaPro Ecuador
R. Jaramillo,Orense,Ecuador,25,"CM, CDM, CAM",Right,177,28,65,,62,59,64,67,55,63,63,55,58,63,54,69,61,58,68,67,60,64,60,66,68,64,53,69,61,65,63,55,63,67,57,69,57,53,55,10,8,7,15,10,12,LigaPro Ecuador
W. Chuchuca,Orense,Ecuador,23,"ST, CF",Right,181,23,62,,64,64,51,59,30,59,50,67,69,56,63,57,53,52,44,60,62,65,59,61,59,63,59,58,61,58,57,19,66,49,63,64,29,27,29,7,13,9,12,14,11,LigaPro Ecuador
G. Rostagno,Orense,Argentina,21,"CM, CDM",Right,170,24,60,,56,56,61,62,54,53,59,52,47,65,51,60,54,53,59,62,58,55,65,58,65,62,51,56,51,60,54,54,61,61,61,65,52,58,53,6,15,14,8,10,10,LigaPro Ecuador
E. Plúas,Orense,Ecuador,14,CDM,Left,175,24,63,,62,54,59,59,63,67,52,49,56,66,51,55,56,55,62,60,62,62,61,66,62,58,66,63,68,62,70,64,59,55,51,63,60,65,69,14,11,12,14,14,14,LigaPro Ecuador
J. Guerrero,Orense,Ecuador,70,CB,Right,182,21,57,,53,35,43,49,60,59,45,27,58,46,28,48,34,35,46,50,56,51,39,58,48,47,59,56,61,39,59,58,30,40,47,53,63,59,63,6,13,7,8,10,9,LigaPro Ecuador
Y. Bravo,Orense,Ecuador,52,LM,Right,173,19,59,,70,52,57,59,38,55,54,51,41,63,53,60,60,54,53,57,69,70,62,62,67,51,56,63,53,53,51,39,57,54,51,52,44,32,30,12,7,6,11,13,11,LigaPro Ecuador
Ó. Quiñónez,Orense,Ecuador,45,"CB, RB",Right,184,25,63,,58,45,51,52,68,65,46,40,66,58,43,47,45,45,54,57,56,59,47,61,54,57,64,61,66,47,67,66,38,46,45,62,66,70,70,14,13,10,8,7,6,LigaPro Ecuador
P. Velasco,Orense,Ecuador,31,RB,Left,173,33,68,,66,55,64,63,66,66,66,52,61,67,53,59,57,56,63,63,65,66,72,63,70,63,64,72,61,58,71,65,55,60,48,63,72,64,63,11,10,13,13,15,15,LigaPro Ecuador
G. Achilier,Orense,Ecuador,24,CB,Left,183,41,66,,48,45,56,57,68,66,55,38,69,62,45,49,45,49,55,65,45,50,53,65,57,64,72,64,67,43,67,67,40,53,49,66,72,64,66,6,13,6,11,15,9,LigaPro Ecuador
B. Caicedo,Orense,Ecuador,15,"LB, CB",Left,180,34,66,,64,50,61,61,64,64,65,46,57,61,49,61,60,57,60,57,67,62,66,67,69,56,69,63,64,53,65,67,56,58,53,64,67,62,67,11,14,9,12,15,11,LigaPro Ecuador
S. Callegari,Orense,Argentina,6,"CB, RB",Right,188,29,61,,58,44,48,51,64,61,38,42,68,58,35,48,46,43,49,54,58,58,45,61,46,53,65,52,66,45,61,58,37,39,38,66,65,66,58,11,10,13,11,12,15,LigaPro Ecuador
A. Lorenzo,Orense,Argentina,5,"CB, RB",Left,179,28,62,,56,43,50,50,64,64,50,40,62,54,32,44,48,45,53,53,61,51,50,61,56,55,55,60,64,42,69,67,37,41,43,60,62,66,65,15,13,12,9,11,13,LigaPro Ecuador
S. Quiñonez,Orense,Ecuador,4,"CB, CDM",Right,190,25,60,,53,39,48,47,62,62,43,34,64,53,29,44,42,47,59,49,49,57,45,56,44,56,61,55,66,37,62,57,36,39,41,55,63,64,63,10,12,12,6,11,14,LigaPro Ecuador
S. Mina,Orense,Ecuador,3,CB,Left,183,26,65,,60,45,52,55,66,66,50,39,66,60,43,50,47,50,52,56,60,60,55,62,62,60,66,63,66,44,72,63,40,44,44,65,64,71,66,8,8,6,14,8,11,LigaPro Ecuador
B. Quiñonez,Orense,Ecuador,2,"RB, CB",Right,177,23,60,,66,49,52,59,58,56,61,46,52,52,43,56,50,46,53,62,64,68,60,58,65,56,54,61,54,49,57,59,51,46,50,61,57,60,61,9,12,15,13,11,8,LigaPro Ecuador
C. Velásquez,Orense,Ecuador,80,GK,Right,188,18,55,,32,15,22,21,12,37,10,10,17,27,10,11,10,12,25,22,30,34,34,48,37,32,40,27,45,12,31,19,10,30,14,34,10,10,10,54,56,48,53,55,34,LigaPro Ecuador
J. Cobos,Orense,Ecuador,60,GK,Right,184,18,60,,39,16,30,28,17,40,20,10,18,36,10,18,14,15,33,32,40,38,32,54,44,36,47,36,44,10,35,29,10,37,22,38,12,17,11,65,56,52,59,65,38,LigaPro Ecuador
G. Toledo,Orense,Ecuador,58,GK,Right,179,19,58,,33,16,27,25,17,40,14,10,21,32,10,10,18,16,35,33,35,32,30,52,36,37,44,29,49,10,28,26,10,32,15,35,13,14,12,62,58,54,62,60,37,LigaPro Ecuador
J. Ortiz,Orense,Ecuador,22,GK,Right,185,23,62,,36,20,28,29,21,45,16,11,21,31,12,16,13,20,36,31,38,35,41,56,49,44,47,36,51,20,42,35,12,36,21,44,14,21,18,62,63,57,65,64,34,LigaPro Ecuador
R. Silva,Orense,Ecuador,12,GK,Left,186,31,70,,43,29,39,36,26,53,28,21,25,41,20,24,24,28,43,39,45,42,45,69,51,52,61,41,61,26,46,32,24,48,27,53,26,24,24,71,70,66,74,69,49,LigaPro Ecuador
W. Caicedo,Técnico Universitario,Ecuador,90,"ST, LW",Right,186,26,58,,62,59,51,55,23,57,52,63,60,56,62,53,54,43,39,59,59,64,54,55,51,56,61,55,60,53,51,17,63,52,55,55,21,19,19,8,14,8,6,11,15,LigaPro Ecuador
S. Freire,Técnico Universitario,Ecuador,60,ST,Right,184,22,60,,64,63,49,57,23,64,44,66,58,57,63,62,48,50,37,53,63,64,53,57,53,62,63,59,69,57,58,22,66,50,66,60,21,17,18,13,11,11,10,9,8,LigaPro Ecuador
A. Castillo,Técnico Universitario,Ecuador,19,RW,Right,175,19,59,,64,59,57,63,29,52,61,60,43,57,52,66,65,57,50,65,66,63,59,54,61,60,45,59,53,55,45,28,65,54,58,52,26,30,25,7,12,14,6,13,9,LigaPro Ecuador
E. Carabalí,Técnico Universitario,Ecuador,11,ST,Right,191,26,63,,66,66,54,58,29,67,53,69,65,57,63,54,52,50,51,60,66,66,59,63,55,64,68,57,76,64,59,26,69,51,62,68,25,25,23,10,14,12,13,6,8,LigaPro Ecuador
C. Arteaga,Técnico Universitario,Ecuador,11,ST,Right,180,26,61,,60,63,52,58,29,61,47,65,64,60,64,56,53,50,47,61,59,60,57,59,59,65,60,63,64,58,51,25,60,48,62,63,25,27,24,10,12,8,10,6,9,LigaPro Ecuador
H. Guardia,Técnico Universitario,Panamá,9,ST,Right,177,24,61,,64,61,51,60,27,61,52,64,60,56,62,56,47,54,39,63,63,64,64,57,56,57,61,57,62,57,63,22,63,50,55,65,25,24,21,10,9,13,11,12,7,LigaPro Ecuador
M. Noroña,Técnico Universitario,Ecuador,17,"RW, RM",Right,171,21,57,,62,53,55,59,28,46,57,54,42,54,51,60,61,52,51,59,59,65,65,51,63,52,47,54,42,51,46,29,52,55,55,52,23,29,21,13,6,13,7,7,13,LigaPro Ecuador
C. Estupiñán,Técnico Universitario,Ecuador,77,CDM,Right,175,31,64,,54,54,63,59,63,66,54,47,55,65,52,56,57,57,70,61,52,56,57,63,58,63,58,75,64,60,64,63,55,65,53,69,63,65,61,9,11,12,12,15,14,LigaPro Ecuador
M. Castaño,Técnico Universitario,Colombia,70,"CM, CDM",Right,175,27,64,,64,55,65,64,56,59,62,53,54,69,50,61,59,56,66,67,61,66,62,61,68,63,58,67,57,51,56,53,64,65,62,63,58,56,55,15,10,10,6,14,8,LigaPro Ecuador
M. Carrasco,Técnico Universitario,Ecuador,67,"RB, RM",Right,170,33,63,,64,46,60,60,60,58,61,46,56,62,41,53,63,52,56,63,63,64,67,69,67,49,55,66,55,42,57,57,55,62,48,60,60,62,67,11,8,14,11,13,11,LigaPro Ecuador
R. Chala,Técnico Universitario,Ecuador,33,CDM,Right,182,20,58,,57,48,55,50,59,62,47,46,55,62,40,46,46,45,58,53,61,53,51,56,51,51,58,58,65,50,61,59,51,51,45,56,60,60,59,7,6,12,12,6,11,LigaPro Ecuador
J. Majao,Técnico Universitario,Ecuador,33,"CM, CDM, CAM",Right,166,23,59,,55,55,59,59,52,54,52,53,47,66,50,57,53,53,64,60,57,54,61,56,65,57,48,63,51,59,52,57,58,55,56,57,53,51,48,15,15,9,6,6,15,LigaPro Ecuador
A. Cela,Técnico Universitario,Ecuador,29,"CDM, CM",Right,178,29,63,,54,53,58,58,62,61,51,46,57,63,44,56,55,49,60,58,55,54,57,66,61,61,60,65,57,60,64,67,54,59,55,62,58,63,63,12,14,7,7,9,11,LigaPro Ecuador
B. Delgado,Técnico Universitario,Ecuador,25,"LM, LW, ST",Left,171,30,62,,69,59,59,61,41,53,59,60,47,59,58,62,55,55,59,59,68,69,69,57,63,60,53,65,47,54,55,45,65,63,59,57,38,38,44,14,11,6,13,12,10,LigaPro Ecuador
A. Pazmiño,Técnico Universitario,Ecuador,21,CAM,Right,175,20,57,,60,55,56,60,27,50,55,54,40,57,55,59,62,58,50,59,61,59,66,55,64,53,45,62,48,57,40,30,58,60,56,56,25,25,21,11,9,10,11,6,14,LigaPro Ecuador
F. Castillo,Técnico Universitario,Ecuador,15,"CAM, CF",Right,182,19,56,,60,58,56,55,32,47,50,55,49,60,49,51,54,54,50,59,63,57,60,52,57,63,43,51,45,61,48,26,56,61,54,55,30,32,28,13,12,12,9,13,8,LigaPro Ecuador
B. Oña,Técnico Universitario,Ecuador,14,"CM, CAM",Right,180,32,64,,57,58,66,66,55,59,60,54,52,68,52,66,58,63,70,67,58,57,61,66,60,63,51,69,56,63,55,65,58,68,56,72,48,57,53,14,14,14,15,8,6,LigaPro Ecuador
J. Bocanegra,Técnico Universitario,Colombia,10,"RM, ST, RW",Right,179,27,62,,65,60,61,64,43,59,66,63,50,66,56,65,61,55,51,64,61,68,68,55,63,60,55,72,52,56,59,41,58,57,57,59,48,38,42,8,13,8,15,6,8,LigaPro Ecuador
D. Armas,Técnico Universitario,Ecuador,8,"ST, CAM",Left,172,36,64,,57,68,54,63,30,60,51,72,61,56,68,59,55,55,45,64,55,58,70,71,63,68,60,62,59,62,62,25,67,59,64,64,27,28,22,8,11,11,7,7,7,LigaPro Ecuador
L. Estupiñán,Técnico Universitario,Ecuador,7,"LM, LW, RM",Left,179,27,63,,69,59,62,65,45,57,62,59,51,67,55,68,62,51,60,62,72,66,69,60,63,60,50,69,53,59,54,45,59,57,59,63,43,44,44,12,8,15,15,12,11,LigaPro Ecuador
Y. Arce,Técnico Universitario,Ecuador,85,"CB, LB, CDM",Right,183,25,62,,55,42,51,49,63,64,54,37,62,56,37,43,47,45,52,52,55,55,48,58,58,57,59,61,67,43,64,63,39,41,40,59,65,60,65,7,12,8,14,11,8,LigaPro Ecuador
C. Cuero,Técnico Universitario,Ecuador,79,LB,Right,170,30,62,,70,45,59,61,61,60,69,40,54,60,40,60,44,49,57,61,67,72,62,59,66,56,54,66,58,46,60,58,44,53,46,62,65,60,64,6,7,9,12,15,8,LigaPro Ecuador
R. Chila,Técnico Universitario,Ecuador,53,CB,Right,178,20,60,,57,42,47,47,64,58,47,38,56,54,35,45,42,36,55,46,60,55,53,53,48,58,56,54,60,38,61,61,34,34,37,56,65,65,67,11,8,7,12,14,14,LigaPro Ecuador
K. Arce,Técnico Universitario,Ecuador,30,CM,Right,178,38,63,,52,60,64,62,56,59,61,56,56,67,55,60,59,56,66,65,54,50,58,63,64,67,52,64,56,66,62,55,53,65,59,67,56,57,51,8,10,7,12,7,13,LigaPro Ecuador
E. Mesa,Técnico Universitario,Ecuador,23,"RB, RM",Right,180,28,64,,69,48,60,60,60,64,68,45,55,59,48,60,57,49,57,60,65,72,56,63,61,57,64,68,62,44,65,60,52,60,51,64,59,60,66,8,13,10,7,14,6,LigaPro Ecuador
J. Caicedo,Técnico Universitario,Ecuador,16,"LB, RB",Left,178,22,60,Ecuador,62,44,55,60,57,58,57,39,53,57,48,60,47,50,55,59,58,66,59,53,65,52,59,64,56,47,57,59,47,52,44,61,54,59,63,8,15,12,7,7,10,LigaPro Ecuador
J. Anaya,Técnico Universitario,Colombia,13,"CB, RB",Right,190,27,62,,57,41,50,52,67,68,43,34,66,62,34,49,49,39,52,56,60,54,48,61,48,58,66,62,73,43,63,69,37,38,40,59,66,65,71,7,15,12,9,6,13,LigaPro Ecuador
L. Torres,Técnico Universitario,Ecuador,6,CM,Right,186,24,64,,60,59,66,62,57,62,63,59,57,69,53,61,64,53,70,63,66,55,60,65,61,64,62,68,62,58,56,64,63,67,51,64,55,55,53,10,7,7,8,7,6,LigaPro Ecuador
M. Cagua,Técnico Universitario,Ecuador,5,CB,Right,180,22,61,,57,41,48,53,63,64,41,38,65,56,38,47,44,44,52,58,54,59,51,58,51,52,58,63,63,39,69,61,39,40,37,62,63,64,60,13,11,13,14,12,10,LigaPro Ecuador
L. Córdova,Técnico Universitario,Ecuador,4,CB,Right,186,23,60,,54,42,47,52,64,63,40,38,66,58,35,48,35,39,47,56,52,55,47,60,48,56,63,59,63,40,66,62,34,38,38,60,64,64,65,7,9,15,10,14,6,LigaPro Ecuador
S. Mena,Técnico Universitario,Colombia,2,CB,Left,187,32,63,,56,43,53,56,65,65,49,40,64,59,38,54,47,45,54,57,58,55,51,65,54,55,65,58,68,40,65,69,39,47,45,59,64,65,64,13,6,12,12,8,13,LigaPro Ecuador
E. Viveros,Técnico Universitario,Ecuador,32,GK,Right,196,30,66,,44,23,33,35,24,50,20,15,28,39,14,22,19,21,38,41,42,45,41,66,50,47,52,41,58,19,43,31,15,40,26,48,24,19,20,69,64,60,68,65,42,LigaPro Ecuador
O. Gelvez,Técnico Universitario,Ecuador,24,GK,Right,191,19,57,,36,16,25,23,14,40,11,10,14,36,10,13,10,10,30,23,37,36,37,51,34,38,41,36,46,12,31,24,10,25,16,32,11,11,12,65,55,56,57,57,35,LigaPro Ecuador
A. Morales,Técnico Universitario,Ecuador,12,GK,Right,186,31,62,,34,23,32,29,17,45,18,20,20,40,14,17,13,16,33,34,31,36,34,60,38,42,50,34,55,18,33,28,11,38,23,44,11,15,17,67,63,56,62,65,39,LigaPro Ecuador
S. Razzeto,Técnico Universitario,Argentina,1,GK,Right,193,25,64,,38,21,33,32,22,47,18,12,23,41,18,16,23,24,34,37,40,37,47,58,46,43,48,41,54,20,37,27,18,40,28,46,25,17,21,67,63,56,68,64,39,LigaPro Ecuador
E. Esterilla,Barcelona SC,Ecuador,93,ST,Right,197,22,58,,62,56,49,57,28,59,45,56,68,54,55,56,48,48,39,61,60,63,49,54,48,54,61,54,65,57,50,27,57,51,52,59,23,23,20,13,13,11,7,12,11,LigaPro Ecuador
M. Mejía,Barcelona SC,Ecuador,70,"LM, LW, RW",Left,177,28,61,,67,55,61,63,43,60,56,51,51,67,48,65,65,58,59,60,66,67,65,67,62,62,59,68,60,57,52,44,56,58,56,56,38,45,41,10,12,6,7,13,12,LigaPro Ecuador
K. Caicedo,Barcelona SC,Ecuador,63,"ST, LW",Right,185,21,59,,61,62,45,59,23,60,40,63,60,51,63,58,49,47,40,61,59,62,58,55,55,64,62,53,65,58,58,24,60,43,62,63,17,17,17,15,15,7,14,10,8,LigaPro Ecuador
J. Wila,Barcelona SC,Ecuador,51,"LW, ST",Left,178,20,63,,71,59,59,66,36,56,56,60,52,62,56,66,64,57,51,70,72,71,66,64,62,55,53,64,55,60,47,33,61,63,55,53,38,33,26,13,10,9,10,9,10,LigaPro Ecuador
P. Calle,Barcelona SC,Ecuador,41,"ST, LW",Right,172,18,57,,58,56,48,57,23,51,43,56,60,50,62,56,50,46,44,58,60,57,59,54,63,63,53,50,52,49,51,18,65,50,51,59,24,13,19,13,10,7,9,7,6,LigaPro Ecuador
B. Castillo,Barcelona SC,Ecuador,26,"RW, RB",Right,170,31,65,,73,65,62,69,34,56,65,64,47,61,63,69,68,61,57,67,70,76,73,66,74,68,55,64,54,63,49,36,68,64,60,66,35,28,31,12,7,8,8,12,12,LigaPro Ecuador
H. Villalba,Barcelona SC,Paraguay,21,"LW, ST, CAM",Right,172,32,67,,74,67,63,72,34,56,62,67,56,64,57,71,61,60,60,72,71,76,73,70,78,65,58,68,53,71,50,37,70,68,62,71,32,29,32,12,9,10,7,6,10,LigaPro Ecuador
C. Medina,Barcelona SC,Ecuador,20,"LW, LM",Left,180,17,57,,69,56,56,56,25,49,60,57,50,56,47,54,61,56,51,58,70,69,58,54,55,54,47,56,49,56,40,27,56,54,54,51,19,23,21,14,6,12,9,7,6,LigaPro Ecuador
L. Cano,Barcelona SC,Ecuador,16,"RW, ST",Right,167,27,67,,70,66,64,71,35,58,67,65,51,66,59,72,65,61,58,69,74,67,75,72,73,72,60,67,55,62,52,33,67,62,63,60,34,33,32,11,10,9,15,11,15,LigaPro Ecuador
T. Rodríguez,Barcelona SC,Panamá,11,"ST, LM, CM",Right,183,27,68,Panamá,71,72,61,69,34,70,60,74,71,66,71,67,57,57,58,72,67,75,64,71,63,69,67,64,78,69,59,28,75,58,72,71,31,29,29,14,12,15,15,12,13,LigaPro Ecuador
D. Benedetto,Barcelona SC,Argentina,9,ST,Left,177,36,66,,58,67,59,64,30,61,52,73,65,63,65,64,58,55,52,64,57,58,61,70,64,68,67,62,61,56,59,30,67,64,62,69,25,25,26,7,13,11,8,10,11,LigaPro Ecuador
J. Gómez,Barcelona SC,Ecuador,7,"RW, RM",Right,179,20,63,,70,61,60,64,30,57,61,64,48,60,58,63,70,62,58,65,69,70,67,59,66,56,56,57,61,60,46,33,69,59,62,61,28,27,26,15,7,6,15,7,15,LigaPro Ecuador
E. Mendoza,Barcelona SC,Ecuador,7,"ST, RW",Right,187,24,65,,66,68,54,63,34,66,49,73,69,61,60,61,54,54,49,65,68,64,62,62,58,69,67,59,71,58,64,32,70,53,68,64,27,30,31,13,9,13,14,13,6,LigaPro Ecuador
Y. Muñoz,Barcelona SC,Ecuador,62,CM,Right,179,17,53,,51,50,54,54,43,50,52,48,45,58,48,53,48,47,55,56,52,51,51,50,53,50,47,57,46,58,52,39,47,52,50,49,44,43,44,14,9,10,7,11,11,LigaPro Ecuador
A. Arroyo,Barcelona SC,Ecuador,61,CAM,Right,182,17,56,,63,55,56,60,31,50,53,54,37,58,56,62,60,56,52,61,65,61,60,57,58,54,41,51,53,55,42,27,55,57,59,51,34,31,26,12,13,9,13,12,15,LigaPro Ecuador
E. Mendoza,Barcelona SC,Ecuador,60,CDM,Right,181,17,56,,56,48,54,53,57,61,49,42,60,59,41,57,44,47,56,51,58,55,44,50,52,55,55,60,62,56,59,60,42,52,45,53,50,60,57,6,11,11,11,7,12,LigaPro Ecuador
J. Santillan,Barcelona SC,Ecuador,55,"CM, CAM",Right,171,18,59,,62,53,57,61,46,54,50,51,44,64,52,60,57,48,57,64,60,64,61,60,55,57,54,64,49,52,53,44,53,56,51,54,50,45,46,14,11,6,11,11,14,LigaPro Ecuador
J. García,Barcelona SC,Ecuador,50,"CAM, CM",Left,176,18,59,,63,57,59,64,32,49,55,54,39,62,58,66,63,64,58,65,60,65,62,52,59,60,46,60,47,59,41,32,67,55,50,54,31,32,32,12,11,6,6,14,7,LigaPro Ecuador
P. Rodriguez,Barcelona SC,Ecuador,45,CM,Right,176,21,60,,56,56,62,63,52,61,56,51,53,66,49,65,57,56,65,62,57,56,64,55,64,63,52,68,58,60,63,53,57,60,57,56,55,49,48,9,11,7,9,11,9,LigaPro Ecuador
J. Intriago,Barcelona SC,Ecuador,35,"CDM, CM",Left,170,30,66,,55,56,61,62,66,63,56,51,58,65,50,60,49,59,64,63,59,52,60,72,62,64,58,64,61,57,69,72,57,61,62,62,62,69,68,14,6,14,14,13,8,LigaPro Ecuador
M. Lugo,Barcelona SC,Argentina,32,"CDM, CM",Right,170,25,66,,60,56,67,62,64,67,60,51,58,74,50,60,54,60,66,63,59,60,63,68,66,67,62,75,61,60,71,70,53,67,56,68,64,64,63,6,12,9,10,15,14,LigaPro Ecuador
J. Medina,Barcelona SC,Ecuador,29,"LM, RM",Right,180,26,64,,72,57,66,65,47,58,66,51,49,67,55,60,62,64,65,72,74,71,66,60,70,64,53,65,56,61,56,52,61,67,56,59,48,44,40,15,14,13,9,13,8,LigaPro Ecuador
J. Quiñónez,Barcelona SC,Ecuador,28,"CDM, CAM, CM",Right,182,28,66,,60,57,65,64,67,69,56,53,63,71,49,64,55,60,70,65,64,57,60,67,64,60,73,69,70,64,66,70,56,63,56,66,66,69,64,6,7,9,8,7,8,LigaPro Ecuador
T. Martínez,Barcelona SC,Argentina,23,"CAM, CM",Right,172,31,66,,66,68,64,69,38,57,62,69,52,62,66,65,70,62,61,72,65,67,73,66,68,70,56,62,54,66,58,38,64,70,63,73,41,34,32,9,10,9,10,6,6,LigaPro Ecuador
D. Gaspar,Barcelona SC,Ecuador,17,CAM,Right,176,20,59,,65,56,62,58,33,53,59,55,43,65,55,58,61,56,58,56,64,65,63,60,62,59,46,56,54,56,47,31,58,62,61,56,33,33,26,12,9,7,9,13,10,LigaPro Ecuador
J. Rojas,Barcelona SC,Ecuador,11,"CAM, LW, ST",Right,175,29,64,,63,63,65,69,38,55,64,62,49,66,65,73,62,61,61,68,61,65,65,72,61,65,52,65,52,61,53,44,68,68,59,59,37,31,34,12,8,13,12,8,8,LigaPro Ecuador
D. Díaz,Barcelona SC,Ecuador,10,"CAM, LW",Right,174,40,67,,58,63,70,71,42,57,68,63,49,70,63,69,70,64,65,72,57,59,72,72,73,64,54,67,53,62,54,45,67,75,62,67,39,42,34,10,9,12,7,6,9,LigaPro Ecuador
S. Díaz,Barcelona SC,Paraguay,8,"CAM, RW, ST",Left,170,28,65,,66,62,64,69,38,58,58,62,48,61,60,75,69,64,65,61,71,61,70,66,74,64,51,65,57,57,56,44,68,71,63,68,41,30,31,6,8,9,6,11,9,LigaPro Ecuador
G. Garaicoa,Barcelona SC,Ecuador,58,"RB, LB",Right,172,19,57,,64,43,51,58,56,54,59,38,49,52,44,58,45,44,52,58,63,64,61,57,62,57,53,64,48,40,58,53,45,44,41,46,57,56,64,12,10,7,12,13,9,LigaPro Ecuador
N. Castañeda,Barcelona SC,Ecuador,54,"CB, CDM",Right,187,18,58,,53,37,49,48,64,61,46,34,61,58,34,44,34,38,50,48,60,48,53,53,48,50,59,55,64,35,60,64,31,40,37,57,64,67,58,12,13,15,13,13,11,LigaPro Ecuador
J. Chalá,Barcelona SC,Ecuador,44,"CB, CDM",Right,189,26,63,,56,42,52,48,66,65,48,34,66,59,38,45,46,47,58,48,59,53,48,59,48,58,67,62,65,46,66,66,33,41,42,57,61,70,66,12,7,10,11,15,7,LigaPro Ecuador
J. Báez,Barcelona SC,Paraguay,33,CB,Left,180,36,68,,59,50,57,58,72,71,59,46,69,62,36,53,47,49,56,58,54,63,61,74,62,67,69,70,72,48,69,72,49,52,44,74,72,72,70,6,13,15,11,12,11,LigaPro Ecuador
W. Vargas,Barcelona SC,Ecuador,27,"RB, LB",Right,173,29,58,,61,43,53,54,58,57,56,34,43,55,41,50,53,45,46,57,54,66,61,52,67,56,54,61,55,46,57,53,49,53,49,46,61,63,61,11,10,15,7,9,14,LigaPro Ecuador
R. Perlaza,Barcelona SC,Ecuador,25,LB,Left,175,21,59,,61,46,57,59,57,54,59,41,51,59,41,55,51,43,58,63,63,60,61,56,60,56,57,63,49,48,57,59,43,54,42,56,57,59,57,14,14,7,14,15,13,LigaPro Ecuador
B. Carabalí,Barcelona SC,Ecuador,18,RB,Right,167,28,64,,69,50,60,69,61,59,61,47,49,64,46,71,62,47,61,68,69,69,69,60,69,54,60,63,55,54,62,58,53,55,50,62,64,60,71,15,7,12,11,14,14,LigaPro Ecuador
J. Perlaza,Barcelona SC,Ecuador,15,"LB, RB",Left,175,29,66,,71,54,62,63,64,67,69,52,54,65,48,60,55,53,61,64,69,73,71,63,70,60,61,70,65,52,68,62,55,54,54,66,61,69,67,15,6,11,8,9,6,LigaPro Ecuador
Á. Rangel,Barcelona SC,Ecuador,14,"CB, CDM",Right,181,24,71,,67,50,61,60,73,75,55,44,66,70,43,56,52,55,65,61,67,67,61,70,66,65,71,73,74,52,79,72,41,50,53,69,77,72,77,13,8,8,14,11,10,LigaPro Ecuador
B. Quintero,Barcelona SC,Ecuador,6,"LB, RB",Left,190,20,59,,66,43,54,56,57,62,56,40,54,56,43,56,51,47,51,56,66,66,60,57,55,48,65,65,62,41,56,55,48,52,44,48,51,64,61,9,12,6,9,14,7,LigaPro Ecuador
G. Vallecilla,Barcelona SC,Ecuador,4,"LB, CB",Left,188,27,67,,72,50,63,62,64,65,67,43,62,65,49,64,57,55,64,59,73,72,66,62,63,64,65,71,62,51,65,63,53,58,51,62,66,64,66,9,11,9,8,11,10,LigaPro Ecuador
K. Pinargote,Barcelona SC,Ecuador,77,GK,Right,187,23,62,,38,21,28,28,19,45,20,16,23,32,14,17,12,19,29,30,40,37,40,56,41,39,57,38,51,17,38,30,13,34,25,38,13,14,24,60,59,59,61,63,41,LigaPro Ecuador
K. Angulo,Barcelona SC,Ecuador,24,GK,Right,189,22,58,,31,16,25,29,17,43,12,10,16,30,10,19,16,12,30,31,35,28,36,53,40,34,45,37,52,12,29,28,10,30,18,40,17,10,13,61,58,58,53,61,35,LigaPro Ecuador
J. Cevallos,Barcelona SC,Ecuador,22,GK,Right,183,28,60,,33,18,27,26,19,41,12,10,19,38,16,15,17,13,27,28,32,34,33,55,41,44,50,38,46,13,30,29,10,31,23,42,16,16,18,58,56,53,58,65,41,LigaPro Ecuador
J. Luis Angulo,Barcelona SC,Ecuador,13,GK,Right,189,28,61,,37,17,29,30,20,47,11,10,18,37,10,20,15,15,33,32,40,34,37,55,45,41,54,36,55,14,40,29,10,35,16,43,16,19,20,62,61,56,56,61,35,LigaPro Ecuador
J. Contreras,Barcelona SC,Venezuela,1,GK,Right,189,31,69,Venezuela,45,24,37,37,27,53,15,15,27,45,18,26,24,18,48,40,44,46,39,66,46,50,56,42,61,20,48,35,18,45,26,56,29,21,23,68,69,61,69,72,46,LigaPro Ecuador
S. Bueno,Libertad,Ecuador,55,RW,Right,175,21,61,,72,57,58,62,33,56,62,56,51,58,59,67,60,55,50,56,71,72,67,64,63,56,50,62,54,58,53,33,61,60,52,59,30,32,25,15,13,11,8,11,7,LigaPro Ecuador
A. Chére,Libertad,Ecuador,33,ST,Right,189,30,65,,70,68,57,60,30,68,54,74,69,63,69,56,59,56,52,63,69,70,58,69,57,64,65,67,71,61,60,23,71,55,60,66,30,24,20,12,13,14,9,15,7,LigaPro Ecuador
J. Guisamano,Libertad,Ecuador,23,"LW, LM",Right,184,29,61,,66,62,60,65,31,53,59,61,52,60,60,65,60,54,55,68,69,64,62,57,56,64,50,67,51,62,40,30,66,65,61,62,30,29,22,8,7,8,11,15,12,LigaPro Ecuador
J. Cifuente,Libertad,Ecuador,16,"ST, LW",Right,180,34,66,,61,67,59,65,33,68,58,71,69,62,64,62,59,55,52,67,60,61,68,67,65,62,72,58,76,62,61,35,71,63,63,68,29,24,30,6,9,8,13,9,7,LigaPro Ecuador
A. Batioja,Libertad,Ecuador,13,ST,Left,180,28,62,,61,65,52,62,25,63,49,69,60,55,63,60,56,52,43,64,63,60,66,63,55,59,61,57,69,63,58,19,66,56,60,66,21,21,28,12,7,8,12,13,8,LigaPro Ecuador
G. Cortéz,Libertad,Ecuador,10,"ST, LM",Right,179,30,65,,67,67,55,66,32,62,55,69,64,58,63,61,50,62,46,70,65,69,72,70,64,67,64,60,63,64,61,33,68,57,63,65,29,27,26,10,12,12,11,12,13,LigaPro Ecuador
E. Caicedo,Libertad,Ecuador,9,"ST, CF",Left,176,23,61,,58,61,53,61,27,58,45,63,59,61,64,60,55,56,46,62,59,58,62,61,62,62,63,59,60,57,51,28,63,52,59,59,21,24,22,8,12,8,15,8,12,LigaPro Ecuador
C. Orejuela,Libertad,Ecuador,7,"RM, ST, RW",Right,173,33,67,,70,61,66,71,49,65,75,59,58,65,56,72,67,63,57,71,74,67,71,70,70,62,51,76,62,64,64,49,62,66,61,65,48,47,46,13,7,14,15,9,9,LigaPro Ecuador
E. Pineda,Libertad,Ecuador,80,CM,Right,175,26,63,,58,60,61,62,53,57,53,59,50,65,47,61,56,64,59,61,59,57,72,66,63,67,62,54,58,58,59,54,62,65,59,62,53,53,51,10,10,11,9,15,13,LigaPro Ecuador
V. Branda,Libertad,Ecuador,70,"RM, RW, LW",Right,173,24,66,,69,61,65,69,47,63,70,59,53,68,59,69,67,64,63,68,70,68,74,64,71,61,55,73,62,66,54,51,62,57,60,65,48,42,42,9,7,11,10,12,10,LigaPro Ecuador
J. Estacio,Libertad,Ecuador,66,CM,Right,180,21,59,,52,55,61,59,48,58,60,52,47,66,53,59,61,52,63,63,53,51,52,58,56,60,54,64,59,56,51,48,54,56,52,58,48,47,51,15,11,14,10,6,13,LigaPro Ecuador
C. Valencia,Libertad,Ecuador,63,"CM, CDM",Left,171,27,61,,59,55,64,60,56,56,62,53,48,69,51,59,56,55,63,59,63,56,63,64,65,61,51,64,54,56,54,59,59,63,53,63,55,58,56,11,12,12,8,11,11,LigaPro Ecuador
D. Coronel,Libertad,Ecuador,49,"LM, ST",Left,183,24,64,,68,57,61,65,46,59,66,57,53,59,52,67,69,55,57,64,69,68,70,61,67,57,53,70,54,56,58,51,59,64,57,57,40,48,39,6,9,6,14,8,9,LigaPro Ecuador
J. Bravo,Libertad,Ecuador,30,"CM, CAM",Right,179,25,64,,62,59,62,65,58,63,58,54,50,63,59,61,57,58,63,69,64,60,68,65,59,67,54,66,63,60,61,56,60,64,60,65,63,57,55,8,6,7,13,8,9,LigaPro Ecuador
H. Batalla,Libertad,Ecuador,11,"RW, RM, CM",Left,178,28,60,,67,57,58,63,28,53,58,59,49,61,55,64,62,43,50,61,70,65,65,57,68,51,53,61,51,58,47,29,62,60,60,60,27,25,22,9,9,6,12,15,10,LigaPro Ecuador
C. Ramírez,Libertad,Colombia,99,CB,Right,184,24,59,,54,38,47,49,61,60,44,33,63,58,32,45,37,39,48,52,49,58,48,58,49,55,56,59,60,38,63,62,31,36,37,59,61,61,60,6,9,6,7,15,6,LigaPro Ecuador
W. Bardales,Libertad,Ecuador,54,CB,Right,180,22,61,,56,41,47,52,65,63,43,32,66,53,36,48,44,38,50,55,54,57,50,61,52,62,59,54,65,44,70,68,35,42,43,61,66,61,65,6,9,15,8,7,12,LigaPro Ecuador
R. Zambrano,Libertad,Ecuador,29,CB,Right,175,33,63,,56,44,53,55,66,65,54,40,54,58,38,55,42,50,61,54,49,61,53,60,58,59,66,59,69,41,62,68,33,40,45,64,69,65,70,14,13,11,6,6,12,LigaPro Ecuador
M. Lucas,Libertad,Ecuador,25,"CB, RB",Left,188,33,65,,56,44,54,55,68,68,56,38,67,56,39,54,39,48,60,53,57,56,54,62,52,62,69,64,68,44,73,68,33,47,47,67,69,65,70,9,10,14,15,14,8,LigaPro Ecuador
J. Rodríguez,Libertad,Ecuador,20,"LB, CB",Left,180,27,60,,63,46,55,56,58,60,59,40,54,57,46,53,50,46,54,57,63,63,57,58,62,57,58,62,58,48,64,58,51,50,46,56,59,56,64,14,12,13,7,14,14,LigaPro Ecuador
O. Quiñónez,Libertad,Ecuador,19,"CB, LB",Right,178,32,64,,62,43,52,53,67,63,51,36,61,57,36,49,46,40,56,56,59,64,49,64,56,65,63,59,63,40,68,65,43,46,43,63,67,71,69,14,13,9,11,13,9,LigaPro Ecuador
Y. Quiñonez,Libertad,Ecuador,18,LB,Left,188,20,59,,67,46,54,56,59,62,57,41,51,55,42,55,53,44,60,57,65,69,56,54,62,58,61,65,62,48,58,59,42,50,45,45,62,59,62,7,8,13,14,12,8,LigaPro Ecuador
E. Patta,Libertad,Ecuador,17,"RB, RM",Left,167,35,65,,63,50,59,62,63,63,64,45,55,62,41,59,58,57,58,60,62,63,72,65,72,57,55,67,62,54,64,64,51,52,50,64,61,65,65,6,6,12,6,12,14,LigaPro Ecuador
C. Castro,Libertad,Ecuador,8,RB,Left,176,27,59,,63,46,54,56,56,57,58,42,50,56,43,54,52,45,53,56,63,63,64,60,59,54,55,64,53,46,61,49,47,50,46,54,55,61,59,9,14,6,11,6,13,LigaPro Ecuador
B. Caicedo,Libertad,Ecuador,6,"CB, RB",Right,188,25,64,,59,48,53,51,70,68,49,47,65,60,37,43,48,45,61,57,61,58,53,64,53,58,66,59,76,45,61,68,40,44,44,62,69,74,65,11,11,8,8,11,9,LigaPro Ecuador
C. Gruezo,Libertad,Ecuador,5,CB,Left,186,26,62,,61,42,51,54,65,67,48,37,65,58,34,52,41,48,55,58,56,65,47,62,47,57,62,60,70,41,69,65,30,40,43,62,69,61,67,8,8,8,15,10,12,LigaPro Ecuador
A. Bao,Libertad,Ecuador,52,GK,Left,181,20,59,,34,17,29,24,16,39,19,10,18,40,10,14,10,14,31,25,34,34,34,54,39,42,43,34,43,10,32,27,10,28,18,35,14,11,14,62,57,55,58,62,38,LigaPro Ecuador
D. Cabezas,Libertad,Ecuador,12,GK,Right,186,31,66,,41,23,37,32,22,51,25,13,26,42,16,17,22,25,37,36,38,44,42,70,45,48,58,40,58,22,46,30,14,47,35,47,23,16,18,65,68,55,65,66,43,LigaPro Ecuador
J. Caicedo,Mushuc Runa,Ecuador,61,"LM, RM",Left,183,31,61,Ecuador,62,56,60,59,43,55,58,54,44,62,52,58,58,53,55,59,64,60,63,63,63,56,50,63,52,61,56,48,60,63,56,58,42,42,39,6,10,8,7,6,9,LigaPro Ecuador
R. Ibarra,Mushuc Runa,Ecuador,30,"ST, RW, CAM",Right,173,35,66,,66,67,56,65,30,66,57,69,64,60,67,63,59,53,48,67,65,66,67,67,60,67,65,66,68,64,60,24,69,56,63,66,28,25,32,6,10,15,14,8,13,LigaPro Ecuador
E. Caicedo,Mushuc Runa,Ecuador,14,ST,Right,175,21,64,,64,61,54,65,29,61,57,59,65,56,66,63,59,55,49,66,67,61,65,67,66,65,61,51,66,60,60,22,65,50,63,65,27,26,23,11,9,14,14,10,12,LigaPro Ecuador
N. Bazán,Mushuc Runa,Argentina,11,ST,Left,181,27,61,,62,64,52,61,26,59,45,66,62,55,67,60,54,49,48,63,63,62,56,67,57,66,64,57,61,56,55,22,68,57,61,60,25,20,21,13,9,7,14,8,13,LigaPro Ecuador
D. Mina,Mushuc Runa,Ecuador,10,"ST, CAM, RM",Left,171,28,64,,63,67,54,59,31,64,52,71,54,55,66,55,62,53,49,61,60,65,62,65,65,65,68,64,66,60,58,30,65,57,69,57,29,26,27,12,6,10,10,7,13,LigaPro Ecuador
D. Gómez,Mushuc Runa,Ecuador,52,"LM, LW",Left,185,19,55,,61,52,55,57,36,56,53,52,44,57,47,61,53,51,58,57,60,62,54,52,52,52,51,59,56,51,52,34,55,54,54,49,37,34,33,13,7,9,13,7,7,LigaPro Ecuador
J. Shulqui,Mushuc Runa,Ecuador,51,CDM,Right,169,22,59,,59,49,53,54,60,58,45,46,55,59,47,56,50,49,57,51,58,59,56,55,63,57,56,63,56,47,55,65,55,51,49,55,56,60,62,10,10,6,14,10,13,LigaPro Ecuador
M. Perea,Mushuc Runa,Ecuador,28,"LM, LB, LW",Right,167,26,61,,67,55,60,63,41,53,63,55,45,59,55,65,61,55,55,63,68,67,62,57,67,53,47,63,48,55,56,43,55,63,57,58,42,38,38,13,8,9,7,13,10,LigaPro Ecuador
L. Lemos,Mushuc Runa,Uruguay,23,"CM, CDM",Right,184,26,62,,60,56,63,63,53,60,60,54,50,66,49,68,52,53,66,61,62,58,59,63,54,58,52,68,58,60,55,52,63,63,54,63,55,53,49,8,14,14,13,8,7,LigaPro Ecuador
B. Corozo,Mushuc Runa,Ecuador,19,"CAM, CM, CDM",Right,175,26,62,,61,62,62,64,35,56,63,62,47,62,61,61,60,62,58,68,62,61,64,62,67,66,53,61,56,56,50,40,65,65,59,67,34,28,34,12,7,15,9,15,13,LigaPro Ecuador
J. González,Mushuc Runa,Ecuador,18,CM,Right,184,27,61,,61,54,60,59,54,59,53,49,50,63,50,59,63,55,63,59,62,60,50,62,64,61,61,59,59,60,59,56,58,62,50,63,55,52,58,9,14,12,6,11,8,LigaPro Ecuador
R. Tufiño,Mushuc Runa,Ecuador,9,"CM, CAM",Right,181,26,59,,56,55,59,59,52,58,58,52,48,60,46,59,55,50,63,60,57,56,53,60,59,61,53,62,57,60,59,49,55,59,53,59,52,55,54,8,6,6,10,13,9,LigaPro Ecuador
A. Zambrano,Mushuc Runa,Ecuador,8,"CM, CDM",Right,168,24,61,,61,55,60,63,53,59,57,51,50,61,49,61,57,55,63,66,60,61,68,55,65,60,53,62,57,57,60,52,63,62,61,61,53,57,48,10,6,7,10,7,14,LigaPro Ecuador
T. Minda,Mushuc Runa,Ecuador,7,"RM, ST, RW",Left,177,25,63,,72,56,64,65,47,55,70,55,47,66,50,65,63,62,57,66,72,72,65,62,61,56,52,67,51,59,53,48,57,63,61,59,48,46,43,14,13,6,9,13,13,LigaPro Ecuador
N. Dávila,Mushuc Runa,Ecuador,5,"CM, CDM",Right,176,30,64,,61,59,64,65,55,63,62,57,55,64,50,62,63,61,66,70,63,60,60,63,63,66,59,67,63,61,61,59,62,68,53,63,53,56,54,13,13,12,13,15,12,LigaPro Ecuador
J. Carcelén,Mushuc Runa,Ecuador,3,"CM, CDM",Left,176,24,60,,58,59,63,62,51,58,63,57,48,66,53,62,56,48,62,64,59,58,58,56,57,65,47,69,55,59,54,52,61,63,49,60,51,54,47,8,15,11,9,12,9,LigaPro Ecuador
C. Angulo,Mushuc Runa,Ecuador,99,"RB, RM, RW",Right,180,25,62,,67,47,59,61,59,60,61,43,52,62,45,62,54,46,61,60,65,69,67,54,61,58,59,61,60,44,59,62,48,54,46,54,56,61,61,8,6,8,11,12,14,LigaPro Ecuador
J. Cusme,Mushuc Runa,Ecuador,50,CB,Right,185,22,58,,52,40,47,46,60,62,45,33,58,55,36,40,39,37,48,49,50,53,50,59,50,59,61,57,64,39,62,59,37,37,37,53,62,59,64,7,13,15,15,8,10,LigaPro Ecuador
J. Quiñones,Mushuc Runa,Ecuador,37,CB,Right,190,24,63,,61,42,50,54,67,69,45,34,71,56,37,50,46,44,56,57,61,61,49,60,51,61,69,61,71,43,72,62,39,42,39,67,67,69,64,11,9,14,6,15,11,LigaPro Ecuador
J. Hernández,Mushuc Runa,Ecuador,33,LB,Right,171,29,64,,69,49,61,62,59,65,64,46,52,63,46,63,55,53,60,58,67,70,68,68,67,54,57,72,62,52,64,64,48,61,47,60,60,58,60,8,13,7,14,15,10,LigaPro Ecuador
K. Peralta,Mushuc Runa,Ecuador,26,"RB, RM",Left,183,29,63,,69,50,57,58,63,66,63,49,58,56,41,55,54,52,60,58,68,70,64,62,61,51,65,66,67,52,62,65,52,53,50,64,63,64,58,11,14,7,11,12,7,LigaPro Ecuador
F. Carabalí,Mushuc Runa,Ecuador,12,"CB, RB",Right,184,30,62,,56,44,48,51,64,68,45,43,62,54,36,44,41,40,56,56,52,59,55,61,52,52,65,63,73,43,64,67,36,39,42,58,61,66,62,15,7,11,9,15,9,LigaPro Ecuador
R. Biojó,Mushuc Runa,Ecuador,4,"CB, RB",Right,181,27,64,,64,44,52,54,67,68,52,39,68,55,36,48,44,44,58,60,66,62,51,65,49,59,63,61,71,43,70,73,38,48,42,58,64,68,64,11,6,15,15,8,15,LigaPro Ecuador
J. Flor,Mushuc Runa,Ecuador,2,CB,Right,184,28,62,,58,42,52,50,63,63,49,35,66,54,39,44,40,41,58,54,59,57,47,62,52,63,63,57,67,37,62,65,35,51,44,61,65,60,62,6,8,13,6,13,8,LigaPro Ecuador
A. Pabón,Mushuc Runa,Ecuador,42,GK,Right,185,31,61,,34,17,28,29,18,44,18,10,21,31,10,17,14,21,31,33,32,36,34,64,36,38,49,33,54,12,34,24,14,34,25,43,15,17,16,58,58,58,65,62,37,LigaPro Ecuador
R. Formento,Mushuc Runa,Uruguay,25,GK,Right,182,27,65,,39,25,33,31,26,45,22,20,24,35,17,16,16,23,33,38,40,39,40,59,42,46,55,36,52,23,37,32,16,45,20,48,29,21,21,68,65,63,63,71,42,LigaPro Ecuador
J. Collaguazo,Mushuc Runa,Ecuador,22,GK,Right,182,20,57,,36,16,23,23,14,41,13,10,17,24,10,10,15,17,28,29,33,39,30,51,36,34,46,31,49,15,33,22,10,29,16,33,10,11,13,59,58,51,55,62,36,LigaPro Ecuador
C. Tapia,Mushuc Runa,Ecuador,1,GK,Right,184,24,59,,30,19,27,25,16,47,16,14,16,31,10,15,15,20,33,26,29,31,32,50,39,36,39,36,55,16,42,24,14,33,20,42,14,14,10,60,59,55,57,61,37,LigaPro Ecuador
J. Vivar,Guayaquil City,Ecuador,28,"LW, LM",Left,167,28,63,,70,63,62,65,31,52,63,64,46,62,61,64,60,53,56,64,72,69,70,60,73,62,48,64,48,65,50,35,60,66,61,63,30,25,26,14,10,9,7,8,7,LigaPro Ecuador
M. Bolaños,Guayaquil City,Ecuador,23,"RW, CAM, LW",Right,174,36,66,,67,64,64,70,34,57,64,62,50,66,63,70,74,56,57,69,66,68,74,69,68,67,52,64,57,67,51,33,69,65,60,70,30,34,33,14,14,10,15,8,8,LigaPro Ecuador
E. Mero,Guayaquil City,Ecuador,11,"ST, CF",Right,173,28,68,,68,72,58,68,35,64,57,75,67,61,69,68,63,58,54,69,69,67,66,68,63,72,69,63,69,64,54,29,78,57,72,72,35,28,32,11,10,8,12,15,11,LigaPro Ecuador
M. Palma,Guayaquil City,Paraguay,9,"RW, RM",Right,176,28,61,,70,59,62,63,30,52,65,56,46,65,55,61,62,56,51,65,67,72,65,61,70,61,54,64,48,61,44,31,64,63,62,58,28,29,25,7,14,9,15,12,15,LigaPro Ecuador
J. Caicedo,Guayaquil City,Ecuador,7,ST,Right,183,27,58,Ecuador,58,61,47,59,23,59,43,66,63,51,53,57,51,42,39,61,62,54,62,65,51,62,57,53,66,50,50,25,62,52,63,65,16,19,14,15,7,14,8,9,7,LigaPro Ecuador
D. Dorregaray,Guayaquil City,Argentina,2,"RW, ST",Left,187,34,64,,68,62,62,66,36,58,66,62,62,60,61,66,68,59,59,68,67,68,64,66,61,60,57,67,57,64,50,37,62,63,57,61,36,29,24,12,9,10,7,10,7,LigaPro Ecuador
P. González,Guayaquil City,Uruguay,80,"CAM, RW, RM",Right,167,30,65,,65,63,65,69,39,54,60,62,50,72,64,68,72,61,64,70,65,65,73,71,69,64,47,64,50,64,54,45,67,60,62,65,34,39,34,7,6,12,13,10,8,LigaPro Ecuador
P. Mancilla,Guayaquil City,Ecuador,70,"LB, LM",Left,170,34,63,,61,45,60,62,61,59,67,40,51,60,46,61,54,46,59,61,62,61,73,65,64,54,59,67,54,47,63,58,46,59,44,58,66,62,63,9,8,7,10,9,6,LigaPro Ecuador
E. Angulo,Guayaquil City,Ecuador,23,"CAM, CF",Right,182,25,62,,65,61,63,67,33,57,62,61,49,65,55,66,66,60,62,69,67,63,69,63,64,59,57,62,57,62,50,34,63,61,64,59,38,24,31,15,8,10,10,8,9,LigaPro Ecuador
S. Laurino,Guayaquil City,Uruguay,20,"CDM, CM",Right,181,23,62,,51,53,60,59,65,65,53,49,56,67,44,60,50,49,60,57,54,49,58,62,57,63,63,69,63,53,64,69,57,62,53,59,63,68,62,6,11,8,6,10,15,LigaPro Ecuador
A. Naula,Guayaquil City,Ecuador,19,"CAM, LW, LM",Right,164,28,61,,66,62,61,64,32,50,54,64,41,66,57,62,58,60,62,67,65,66,64,57,67,61,43,59,47,62,46,38,59,58,55,64,33,28,24,8,10,13,13,10,12,LigaPro Ecuador
A. Draper,Guayaquil City,Ecuador,18,"LW, LM",Right,173,25,62,,73,59,60,63,32,53,62,59,44,62,59,62,61,57,54,62,71,74,67,63,65,58,55,64,49,60,48,33,67,62,54,63,32,29,25,15,14,10,7,14,11,LigaPro Ecuador
J. Ayoví,Guayaquil City,Ecuador,17,"RB, RM",Left,171,24,64,,67,47,58,63,64,63,63,41,54,59,48,62,54,49,59,62,64,69,74,59,74,57,63,69,61,50,60,66,48,53,53,57,67,65,60,11,15,13,10,8,15,LigaPro Ecuador
J. Ordóñez,Guayaquil City,Ecuador,16,"LB, RB",Left,179,25,59,,61,45,58,55,58,60,61,40,51,64,36,53,46,46,54,55,60,62,64,56,63,53,56,59,61,50,60,60,43,51,43,51,59,58,61,6,12,10,8,6,13,LigaPro Ecuador
K. Sambonino,Guayaquil City,Ecuador,15,CDM,Right,182,26,63,,56,53,60,60,63,63,55,51,57,63,45,55,50,46,63,64,59,54,59,67,57,62,65,70,58,53,68,68,54,64,48,63,61,65,63,9,10,15,14,13,15,LigaPro Ecuador
D. Arroyo,Guayaquil City,Ecuador,14,"CDM, CM",Right,179,34,67,,53,56,64,64,68,71,65,51,66,65,53,61,54,51,70,66,54,53,61,69,67,67,67,68,75,59,67,71,57,61,56,70,69,67,68,7,8,6,9,8,11,LigaPro Ecuador
M. Julio,Guayaquil City,Ecuador,5,CM,Left,175,28,61,,58,56,61,60,54,59,54,52,50,63,58,61,61,57,61,58,58,58,59,62,65,59,53,62,58,59,60,53,60,64,57,61,54,58,50,13,12,8,12,7,7,LigaPro Ecuador
E. Castillo,Guayaquil City,Ecuador,52,LB,Left,179,19,58,,60,44,53,56,56,59,60,38,51,55,38,54,51,39,55,57,62,59,58,50,60,53,53,64,59,48,54,59,49,45,46,54,50,59,59,13,10,13,8,8,15,LigaPro Ecuador
E. Cabezas,Guayaquil City,Ecuador,51,"CB, CDM",Right,180,27,62,,56,41,50,50,66,60,47,34,68,56,40,48,43,42,56,48,55,57,53,63,57,57,64,57,61,43,61,64,35,42,42,61,67,65,64,15,7,10,9,8,13,LigaPro Ecuador
R. Caicedo,Guayaquil City,Ecuador,33,RB,Right,182,36,67,,68,51,62,62,65,66,68,45,56,61,53,63,57,50,63,56,65,70,68,67,72,62,66,70,66,53,63,61,56,59,53,64,72,63,65,10,10,15,13,6,8,LigaPro Ecuador
J. Quiñónez,Guayaquil City,Ecuador,29,CB,Left,183,25,62,,57,40,52,51,64,65,45,36,59,61,37,50,39,42,58,47,58,57,55,55,55,52,65,62,65,40,67,68,33,42,39,66,65,65,60,8,8,6,9,11,13,LigaPro Ecuador
R. Arias,Guayaquil City,Ecuador,6,"CB, LB",Left,177,26,63,,58,44,52,53,67,65,45,38,63,61,44,47,42,44,57,56,59,57,54,58,62,63,61,60,68,43,66,66,36,45,44,63,70,65,67,10,6,10,6,7,9,LigaPro Ecuador
E. Ladines,Guayaquil City,Ecuador,4,"CB, RB",Right,185,24,62,,60,43,48,50,65,64,43,37,62,54,39,43,43,48,55,55,55,64,50,64,55,63,64,59,66,38,63,64,34,40,45,51,63,71,59,12,7,11,15,14,12,LigaPro Ecuador
J. Rodríguez,Guayaquil City,Ecuador,3,CB,Right,181,31,60,,49,39,49,50,62,62,45,34,64,57,31,43,40,40,55,54,49,49,55,57,50,53,62,57,64,39,64,68,31,41,41,62,64,56,63,8,8,14,6,9,12,LigaPro Ecuador
J. Pinos,Guayaquil City,Ecuador,30,GK,Right,187,37,67,,35,25,36,38,22,52,25,22,29,41,14,27,22,19,40,42,31,39,40,66,42,45,55,44,61,18,41,26,19,44,26,57,19,20,23,67,65,63,68,71,41,LigaPro Ecuador
E. Sánchez,Guayaquil City,Ecuador,25,GK,Right,183,23,60,,35,18,29,24,20,42,19,10,20,35,11,10,14,13,28,30,38,33,33,54,38,39,46,32,49,15,35,27,12,38,21,37,15,21,20,60,62,54,60,62,34,LigaPro Ecuador
R. Perea,Guayaquil City,Ecuador,12,GK,Left,179,36,61,,29,18,30,24,19,44,16,13,24,31,14,11,18,17,36,27,29,29,37,55,40,37,50,35,52,12,35,25,11,44,19,40,15,19,14,64,54,49,60,61,37,LigaPro Ecuador
G. Napa,Guayaquil City,Ecuador,1,GK,Right,184,23,63,,36,21,29,28,19,48,15,18,21,36,11,13,14,18,31,31,37,36,42,59,43,42,53,41,56,12,35,30,13,35,17,45,13,20,11,68,62,57,63,64,36,LigaPro Ecuador
C. Solano,Leones del Norte,Ecuador,99,"LW, ST, RW",Left,186,27,64,,69,62,62,65,35,62,66,67,55,61,60,68,67,66,59,65,69,69,62,61,62,62,58,64,65,54,52,35,63,60,54,60,33,32,27,11,12,15,6,7,8,LigaPro Ecuador
J. Anangonó,Leones del Norte,Ecuador,40,"ST, CF",Left,185,37,69,,60,70,61,69,37,66,57,74,76,63,68,69,63,54,55,72,62,58,60,74,66,67,71,63,68,66,64,36,72,66,71,70,34,31,29,11,9,7,6,6,14,LigaPro Ecuador
E. Pepinós,Leones del Norte,Ecuador,19,"RW, CM, ST",Right,180,25,59,,70,58,56,61,27,50,57,59,45,58,59,60,60,50,48,62,66,73,67,58,63,59,51,56,51,55,40,36,60,60,63,56,21,22,25,9,6,15,11,12,14,LigaPro Ecuador
T. Amilivia,Leones del Norte,Argentina,17,ST,Right,178,28,60,,63,61,51,60,24,57,46,65,59,57,63,59,52,46,46,62,58,67,58,62,51,59,62,46,62,53,55,22,64,50,59,61,22,16,24,11,15,15,7,6,8,LigaPro Ecuador
M. Caramuto,Leones del Norte,Argentina,11,"RW, RM",Right,178,26,65,,67,66,63,68,34,60,60,68,53,68,63,68,60,63,54,69,70,65,67,66,70,69,55,69,59,61,52,34,69,65,62,61,34,30,24,15,10,15,7,14,6,LigaPro Ecuador
A. Mansilla,Leones del Norte,Argentina,10,"RW, ST",Right,170,28,58,,63,59,57,61,23,47,58,61,44,57,55,59,56,56,50,63,65,61,62,60,65,56,42,60,45,58,38,23,61,61,55,56,16,21,25,15,12,14,14,7,13,LigaPro Ecuador
S. Arrieta,Leones del Norte,Argentina,9,"RM, RW",Right,172,19,58,,66,52,57,63,40,53,61,51,43,58,52,64,57,50,57,66,65,67,58,58,59,55,43,64,50,52,51,47,55,52,52,50,40,35,33,11,7,7,14,12,6,LigaPro Ecuador
J. Rivera,Leones del Norte,Ecuador,21,RW,Right,170,30,61,,64,60,61,64,28,54,60,61,40,65,57,63,62,59,52,64,61,66,68,59,62,61,49,66,52,61,45,32,62,60,53,64,26,25,28,7,14,10,7,12,14,LigaPro Ecuador
D. Pazmiño,Leones del Norte,Ecuador,70,"CAM, LW",Left,171,26,62,,63,62,62,65,34,54,61,58,45,64,58,64,68,62,57,63,64,63,70,66,67,64,51,66,51,68,46,39,65,64,61,67,34,29,32,7,13,8,7,10,12,LigaPro Ecuador
R. Borja,Leones del Norte,Ecuador,55,CDM,Right,166,21,60,,52,52,54,57,64,61,49,50,50,58,45,54,52,47,59,58,51,53,61,59,58,53,56,60,59,56,68,64,50,53,49,58,66,67,66,7,10,15,9,10,10,LigaPro Ecuador
A. Chacón,Leones del Norte,Ecuador,33,CM,Right,179,30,61,,58,53,61,61,54,58,54,49,54,63,47,57,56,54,66,65,62,55,60,65,56,57,50,63,57,60,58,60,55,62,58,60,49,55,51,13,14,14,13,10,13,LigaPro Ecuador
C. Barreto,Leones del Norte,Ecuador,30,CDM,Left,185,21,59,,52,49,57,54,58,64,53,44,59,65,43,53,44,44,56,54,53,52,52,62,53,59,60,62,64,50,66,58,52,55,51,63,56,59,59,12,13,13,12,12,7,LigaPro Ecuador
P. Madero,Leones del Norte,Argentina,29,"CAM, CDM, CM",Right,185,27,57,,62,57,58,56,31,51,48,57,43,61,46,57,57,54,56,54,59,64,58,61,54,57,54,52,54,58,43,26,55,63,56,58,30,31,28,13,8,15,7,14,10,LigaPro Ecuador
M. Méndez,Leones del Norte,Ecuador,20,"CM, CAM",Right,176,25,61,,56,54,62,64,54,54,59,50,54,65,56,62,55,54,66,66,58,55,64,60,59,57,54,63,51,59,49,57,60,62,57,68,52,57,48,7,9,9,11,9,7,LigaPro Ecuador
I. Burneo,Leones del Norte,Ecuador,15,CDM,Left,193,18,58,,58,47,54,53,61,65,45,44,59,59,42,55,47,46,56,53,60,57,49,56,51,54,58,65,67,48,62,59,49,57,47,53,64,60,59,10,9,14,6,11,12,LigaPro Ecuador
J. Cabeza,Leones del Norte,Ecuador,13,CM,Right,178,23,62,,58,58,62,63,55,59,60,54,56,63,52,62,62,49,64,64,60,57,61,65,65,62,54,65,57,66,59,52,58,62,53,61,53,58,57,14,7,9,14,11,6,LigaPro Ecuador
A. Borja,Leones del Norte,Ecuador,8,"CDM, CM",Left,175,21,58,,57,46,55,54,58,61,48,40,47,58,42,55,46,51,59,53,55,58,54,61,51,53,61,65,61,56,58,58,44,57,46,56,58,61,56,10,7,13,11,15,8,LigaPro Ecuador
E. Griffa,Leones del Norte,Argentina,6,"CM, CAM, CDM",Left,175,27,64,,57,62,64,64,58,61,61,62,57,65,58,64,57,57,66,64,54,59,65,65,66,60,58,73,56,64,61,63,60,65,58,60,64,52,49,10,7,8,7,6,13,LigaPro Ecuador
T. Coppo,Leones del Norte,Argentina,5,"CDM, CM, CAM",Left,178,25,65,,57,57,63,60,65,67,55,55,55,68,49,59,56,52,62,60,54,59,59,67,58,61,62,67,68,59,68,64,58,69,54,65,66,68,64,9,6,6,8,14,9,LigaPro Ecuador
C. Vélez,Leones del Norte,Ecuador,12,"CM, CDM",Left,177,33,67,,60,60,69,66,59,64,61,55,58,71,50,64,64,64,73,69,61,60,63,69,66,66,64,70,60,67,64,64,61,72,59,65,55,60,62,9,8,9,6,15,12,LigaPro Ecuador
M. Caicedo,Leones del Norte,Ecuador,50,LB,Left,184,26,62,,63,46,62,58,59,61,67,43,60,68,43,55,57,47,62,61,61,65,60,58,63,51,60,65,61,45,58,57,52,54,44,61,62,55,62,11,10,7,10,14,14,LigaPro Ecuador
S. Portocarrero,Leones del Norte,Ecuador,34,"LM, LB",Left,170,29,66,,75,59,66,70,48,60,69,56,54,68,61,68,69,63,63,71,73,76,73,63,74,63,54,67,58,59,57,54,60,64,60,68,45,48,43,14,9,7,10,13,10,LigaPro Ecuador
A. Aguas,Leones del Norte,Ecuador,32,"CB, RM, RB",Right,180,27,62,,56,44,50,50,63,63,44,40,60,56,37,45,47,42,52,52,54,58,52,54,52,58,67,55,66,42,65,68,34,45,44,56,63,61,64,10,12,10,8,14,8,LigaPro Ecuador
B. Kreiman,Leones del Norte,Argentina,25,"CB, RB",Right,186,24,62,,58,42,49,52,65,62,47,38,65,55,33,48,44,39,53,53,58,58,49,62,58,55,70,59,62,40,66,70,41,42,45,63,64,65,59,13,9,11,12,11,6,LigaPro Ecuador
N. Monserrat,Leones del Norte,Argentina,23,CB,Right,188,30,66,,63,47,53,54,69,68,55,41,73,57,42,51,46,46,55,59,62,64,49,58,51,58,67,62,72,49,64,71,43,46,50,61,66,71,68,9,6,7,10,11,11,LigaPro Ecuador
J. Arellano,Leones del Norte,Ecuador,18,"CB, RB",Right,195,18,60,,60,40,49,48,64,63,44,36,65,57,33,43,39,40,50,52,54,65,46,57,43,54,70,50,68,39,64,60,37,44,34,52,66,65,61,12,14,13,14,15,6,LigaPro Ecuador
M. de La Cruz,Leones del Norte,Ecuador,16,"LB, LM",Left,168,22,62,,65,48,58,57,60,58,66,44,45,58,44,57,55,46,57,52,68,63,64,57,67,56,54,66,55,52,59,60,50,53,41,64,61,63,62,14,15,14,14,12,6,LigaPro Ecuador
A. Folleco,Leones del Norte,Ecuador,14,"CB, RB",Left,192,18,58,,56,43,47,46,63,62,43,42,62,54,30,40,40,35,52,51,53,59,47,52,49,53,61,60,63,40,62,65,31,41,41,52,64,59,65,14,6,10,8,8,6,LigaPro Ecuador
M. Luque,Leones del Norte,Argentina,7,"RB, RW, LW",Right,182,27,63,,69,51,59,58,60,62,62,48,56,61,48,55,53,50,61,60,68,70,64,59,62,54,60,68,58,51,67,59,58,53,52,57,61,61,63,6,13,14,10,14,15,LigaPro Ecuador
J. Arroyo,Leones del Norte,Ecuador,4,"RB, RM",Right,179,23,64,,69,52,60,61,64,63,64,52,56,63,46,63,54,48,59,59,67,70,62,66,67,55,63,64,63,49,61,60,56,54,44,54,65,68,67,8,9,15,13,6,14,LigaPro Ecuador
F. Vargas,Leones del Norte,Ecuador,3,"CB, RB",Left,188,24,61,,57,41,48,52,62,63,47,37,69,53,31,48,43,43,53,54,56,57,49,61,54,56,61,56,65,39,69,59,30,41,40,55,64,60,63,15,10,15,6,7,6,LigaPro Ecuador
J. Morán,Leones del Norte,Ecuador,2,"CB, CDM",Left,180,24,64,,62,45,54,51,65,66,52,40,62,62,39,45,38,42,58,54,60,63,52,57,58,61,65,64,66,42,68,64,34,44,47,65,66,67,62,11,13,10,15,13,11,LigaPro Ecuador
L. Nazareno,Leones del Norte,Ecuador,45,GK,Right,194,32,67,,40,20,38,36,24,50,34,11,32,42,18,23,20,23,37,42,43,38,44,67,44,42,55,40,56,16,48,30,16,43,30,48,24,20,18,68,64,59,70,68,41,LigaPro Ecuador
J. Arroyo,Leones del Norte,Ecuador,22,GK,Right,183,23,60,,35,18,30,28,22,43,19,10,19,37,18,16,12,15,29,32,31,38,34,56,40,38,51,38,47,15,36,31,13,37,18,34,22,18,18,59,54,56,60,63,38,LigaPro Ecuador
J. Congo,Leones del Norte,Ecuador,1,GK,Right,185,30,62,,37,19,31,32,19,44,17,11,22,36,12,22,21,18,35,35,40,35,38,61,39,42,52,34,53,18,33,23,15,37,18,39,19,15,18,58,67,57,61,62,34,LigaPro Ecuador
C. Benalcazar,Deportivo Cuenca,Ecuador,88,"ST, LW",Right,185,25,60,,64,61,50,56,28,62,53,66,65,52,57,52,49,54,46,59,60,67,60,61,55,59,61,61,64,53,57,26,64,46,62,60,21,26,19,13,7,7,12,11,6,LigaPro Ecuador
M. Sigüenza,Deportivo Cuenca,Ecuador,50,RW,Left,172,17,55,,60,56,52,56,24,48,56,57,41,49,55,57,52,51,47,55,61,60,63,51,58,56,47,56,48,52,39,24,60,57,52,54,19,23,22,15,15,6,14,12,10,LigaPro Ecuador
J. Ordóñez,Deportivo Cuenca,Ecuador,43,"RW, LW, LM",Right,182,31,67,,71,64,65,69,38,62,65,63,60,68,63,71,68,60,59,69,73,70,69,62,63,65,55,68,64,65,51,45,69,67,57,62,35,32,29,10,12,14,9,8,6,LigaPro Ecuador
M. Klimowicz,Deportivo Cuenca,Ecuador,29,ST,Right,185,19,64,,67,64,57,61,31,65,60,69,66,58,66,57,57,51,53,66,69,66,62,64,56,63,63,57,69,55,64,22,65,57,65,61,30,28,26,10,9,7,6,6,10,LigaPro Ecuador
M. Díaz,Deportivo Cuenca,Ecuador,19,"RW, LW, CAM",Right,177,24,66,,72,66,62,67,36,61,69,67,55,60,59,63,65,58,62,71,71,73,71,66,70,65,60,68,60,64,54,36,77,60,68,65,35,32,30,13,13,6,8,13,11,LigaPro Ecuador
J. Mejía,Deportivo Cuenca,Ecuador,16,"ST, RB",Right,172,20,61,,62,63,50,56,27,59,48,66,57,53,61,50,54,50,41,58,63,62,65,56,59,63,54,58,62,56,55,24,69,54,64,60,24,25,19,10,7,9,14,8,9,LigaPro Ecuador
M. Solís,Deportivo Cuenca,Ecuador,15,RW,Right,168,21,61,,68,61,56,67,29,51,61,62,40,56,55,66,58,54,52,70,70,67,70,62,66,62,47,60,45,60,55,34,58,54,57,61,25,26,25,9,14,13,9,10,13,LigaPro Ecuador
J. Valencia,Deportivo Cuenca,Ecuador,13,"LW, ST",Right,176,19,58,,69,56,54,62,25,49,50,56,46,57,56,60,56,53,47,64,73,66,68,57,65,57,49,63,46,53,41,29,53,59,57,57,23,19,20,14,10,11,7,12,15,LigaPro Ecuador
G. Rivero,Deportivo Cuenca,Argentina,11,ST,Right,182,34,66,,65,66,56,66,30,64,55,63,63,61,66,64,61,55,45,67,63,66,62,71,69,72,65,62,65,64,62,28,70,57,73,72,26,25,25,12,12,7,11,15,14,LigaPro Ecuador
R. Ibarra,Deportivo Cuenca,Ecuador,10,LW,Left,175,32,64,,70,63,60,68,35,56,60,64,51,61,65,66,57,61,55,69,68,71,70,68,72,64,53,65,56,59,47,37,69,64,54,65,35,31,27,12,6,10,7,6,15,LigaPro Ecuador
L. Mancinelli,Deportivo Cuenca,Argentina,7,"RW, RM, LW",Right,168,37,69,,67,67,69,71,39,61,68,66,54,73,70,72,64,65,60,70,66,68,70,74,81,69,55,74,57,68,57,41,68,70,61,66,37,36,33,15,11,7,14,15,14,LigaPro Ecuador
D. González,Deportivo Cuenca,Argentina,49,"CAM, LW, LM",Left,167,23,59,,60,58,62,63,31,48,58,55,44,65,56,64,59,56,57,63,62,58,62,62,70,62,40,62,42,59,47,36,56,65,59,56,29,28,24,13,7,9,8,14,9,LigaPro Ecuador
M. Maccari,Deportivo Cuenca,Argentina,30,"CDM, CM",Right,182,25,67,,61,60,62,64,69,73,61,56,69,66,51,58,53,52,67,71,63,60,65,67,61,64,65,68,76,65,74,69,61,59,60,66,71,67,69,14,8,9,13,15,14,LigaPro Ecuador
S. Morocho,Deportivo Cuenca,Ecuador,21,"CAM, CF",Left,184,28,61,,58,63,62,64,33,56,61,68,48,61,54,64,65,56,59,65,59,58,64,64,59,59,52,63,57,57,48,35,67,67,60,57,34,29,19,11,13,13,12,10,14,LigaPro Ecuador
B. García,Deportivo Cuenca,Ecuador,20,"CDM, CM, CAM",Left,176,25,62,,58,52,60,58,64,63,48,49,59,69,46,53,56,52,63,64,56,60,55,63,59,56,60,63,62,56,64,64,52,58,54,62,66,65,62,15,14,13,11,9,11,LigaPro Ecuador
J. Chacón,Deportivo Cuenca,Ecuador,14,"CAM, CDM",Right,176,23,63,,65,60,64,67,36,55,60,56,46,66,61,69,63,59,63,65,64,65,66,69,63,67,53,56,57,63,49,40,65,68,60,67,34,33,30,14,11,13,15,6,11,LigaPro Ecuador
É. Vega,Deportivo Cuenca,Ecuador,8,"CDM, CM, CAM",Right,169,36,66,,54,56,65,60,67,66,56,48,57,68,52,56,59,54,65,61,56,52,61,66,69,68,58,70,64,62,66,71,59,75,53,69,69,67,66,10,12,11,8,6,13,LigaPro Ecuador
D. Noboa,Deportivo Cuenca,Ecuador,5,"CDM, CM",Right,185,31,64,,56,54,62,60,66,66,60,49,65,63,49,57,58,55,64,63,58,55,53,65,64,64,63,66,67,56,66,70,56,62,56,69,66,64,64,6,8,6,9,12,6,LigaPro Ecuador
F. Angüisaca,Deportivo Cuenca,Ecuador,55,CB,Right,192,21,62,,58,43,50,52,68,63,50,41,74,57,36,49,41,44,54,54,55,60,50,61,54,52,69,52,66,42,68,60,40,40,40,59,67,73,62,15,14,12,7,15,15,LigaPro Ecuador
Y. Erique,Deportivo Cuenca,Ecuador,53,"LB, CB",Left,172,23,60,,60,45,56,57,59,58,59,42,51,59,40,54,49,51,58,58,61,60,65,59,61,54,56,64,56,43,57,57,49,47,49,61,58,62,61,12,11,13,7,12,7,LigaPro Ecuador
C. Arboleda,Deportivo Cuenca,Ecuador,37,"LB, LM, LW",Right,173,35,69,,68,56,66,67,66,70,68,53,59,70,52,65,67,48,64,65,68,68,74,74,73,61,64,71,69,59,73,63,59,64,52,70,68,68,71,11,9,14,14,7,7,LigaPro Ecuador
P. Boolsen,Deportivo Cuenca,Argentina,28,CB,Right,185,28,63,,58,44,51,51,65,67,54,35,70,57,37,48,40,43,54,53,60,57,48,63,53,64,67,63,71,44,60,66,46,41,46,60,65,64,65,14,8,12,6,8,13,LigaPro Ecuador
A. López,Deportivo Cuenca,Ecuador,25,"RB, RM",Left,167,33,63,,66,51,57,61,60,60,59,49,48,58,49,62,54,48,61,57,63,68,66,65,72,59,53,65,58,47,62,63,51,53,50,64,59,64,62,13,15,10,6,6,10,LigaPro Ecuador
E. Guevara,Deportivo Cuenca,Ecuador,23,"CB, RB, CM",Left,190,36,66,,53,47,55,55,68,69,53,41,73,64,42,47,45,48,53,60,53,53,56,69,55,63,73,58,73,48,72,67,36,47,45,66,65,67,72,7,9,6,13,7,7,LigaPro Ecuador
M. Piedra,Deportivo Cuenca,Ecuador,18,"CB, LB",Left,185,26,62,,56,42,50,54,64,65,46,37,61,60,35,50,41,42,54,57,52,59,51,64,49,63,72,57,68,38,67,66,34,40,42,59,65,63,66,13,15,12,13,13,13,LigaPro Ecuador
S. Postel,Deportivo Cuenca,Argentina,6,CB,Right,186,23,63,,54,43,49,53,67,66,49,37,66,54,45,45,41,44,54,60,55,54,50,59,53,62,70,64,65,38,69,69,41,42,40,64,69,67,62,11,7,6,11,13,8,LigaPro Ecuador
G. Nardelli,Deportivo Cuenca,Argentina,3,"CB, RB",Right,172,26,61,,56,41,50,50,63,58,48,37,53,55,37,51,44,43,50,46,55,56,51,57,56,54,61,50,61,40,59,58,38,44,43,58,66,67,58,15,8,15,13,11,13,LigaPro Ecuador
A. Mosquera,Deportivo Cuenca,Ecuador,2,"RB, RM",Right,176,22,60,,66,46,55,58,58,58,63,42,51,57,48,55,54,51,57,60,67,65,59,60,61,55,61,66,55,42,57,59,53,45,46,60,57,61,58,11,6,7,8,15,14,LigaPro Ecuador
J. Méndez,Deportivo Cuenca,Ecuador,22,GK,Right,185,20,57,,35,16,24,25,15,43,12,10,16,29,10,15,12,16,31,27,36,34,34,51,41,31,50,34,51,14,31,24,10,29,20,36,13,11,13,56,52,48,58,62,37,LigaPro Ecuador
E. Minda,Deportivo Cuenca,Ecuador,12,GK,Right,185,22,60,,37,19,28,27,17,45,14,10,26,32,10,17,14,21,34,28,38,36,33,51,43,43,49,39,51,17,35,24,10,34,21,41,14,14,16,64,56,56,59,61,38,LigaPro Ecuador
F. Ferrero,Deportivo Cuenca,Argentina,1,GK,Right,187,30,66,,39,24,35,35,24,49,19,15,26,41,19,25,23,18,40,39,42,37,43,62,41,44,51,42,55,26,42,32,19,42,25,41,22,23,19,67,68,58,70,64,41,LigaPro Ecuador
M. Alonso,Universidad Católica,Uruguay,32,"LW, RW, LM",Left,171,32,69,,67,67,67,70,41,62,64,69,53,70,64,69,66,59,59,69,66,67,77,66,80,67,55,70,60,63,57,40,72,72,64,72,44,35,38,12,8,8,8,7,6,LigaPro Ecuador
E. Mejía,Universidad Católica,Ecuador,30,"LB, LW, RW",Right,168,26,67,,69,53,60,64,63,66,64,50,56,57,50,66,63,50,65,59,66,71,71,64,71,58,60,69,65,53,64,58,56,59,51,63,66,65,67,13,8,13,15,10,6,LigaPro Ecuador
B. Palacios,Universidad Católica,Ecuador,18,"ST, CF",Left,185,31,69,,66,69,60,67,34,72,59,71,73,61,72,66,54,54,56,66,64,67,73,68,62,66,72,64,78,66,65,29,72,64,67,75,32,27,27,14,8,11,8,11,11,LigaPro Ecuador
R. Troya,Universidad Católica,Ecuador,17,"CM, CAM",Right,175,20,58,,58,52,54,58,51,53,47,51,52,56,43,58,51,48,64,58,60,57,61,56,54,54,49,62,49,56,51,51,51,54,55,54,50,53,50,7,15,11,8,9,8,LigaPro Ecuador
J. Evans,Universidad Católica,Nigeria,11,"RW, RM",Left,183,27,62,,69,63,57,64,32,57,64,66,52,56,62,67,62,54,51,61,67,70,69,58,65,63,60,64,56,57,50,33,60,55,58,60,28,31,30,8,7,11,10,7,14,LigaPro Ecuador
A. Londoño,Universidad Católica,Panamá,9,"RW, CAM",Right,185,25,65,Panamá,72,66,64,65,34,59,67,68,57,64,61,65,66,61,59,66,69,74,63,66,65,68,57,63,62,63,47,34,66,67,63,66,34,28,31,11,10,13,11,10,11,LigaPro Ecuador
J. Fajardo,Universidad Católica,Panamá,7,ST,Right,181,33,70,Panamá,65,73,61,70,36,70,64,78,71,64,69,66,58,61,54,75,64,65,73,71,64,72,73,64,74,69,65,32,67,59,64,70,29,34,31,15,15,10,13,15,8,LigaPro Ecuador
K. Poveda,Universidad Católica,Ecuador,52,"CM, CDM",Left,184,16,58,,59,51,58,58,53,56,54,47,53,62,41,57,53,49,56,62,62,56,57,46,49,59,49,57,60,55,48,53,54,62,54,59,51,55,53,14,7,11,12,12,7,LigaPro Ecuador
J. Chalá,Universidad Católica,Ecuador,50,CM,Left,170,19,58,,57,53,58,58,52,55,54,48,47,60,50,55,48,53,60,62,58,56,57,54,67,57,47,67,50,61,55,52,56,61,52,57,49,57,48,6,9,9,15,11,15,LigaPro Ecuador
M. Díaz,Universidad Católica,Argentina,28,"CAM, CF",Right,170,35,65,,61,64,66,70,40,54,63,60,44,64,66,70,66,66,65,69,61,61,73,68,67,66,52,61,51,69,51,41,64,71,64,66,37,42,37,6,7,11,10,7,13,LigaPro Ecuador
Á. Rodríguez,Universidad Católica,Ecuador,23,CAM,Left,165,22,59,,60,59,60,63,30,48,55,61,40,64,55,63,63,58,56,61,59,61,66,63,66,54,43,57,44,61,47,34,59,63,55,61,29,26,26,7,13,15,13,11,7,LigaPro Ecuador
L. Moreno,Universidad Católica,Ecuador,15,"CDM, CAM",Right,178,21,60,,51,49,57,55,58,62,44,41,53,66,43,51,51,48,62,56,52,50,62,60,59,59,55,67,60,58,64,54,54,56,50,56,62,58,55,11,6,12,8,6,12,LigaPro Ecuador
F. Martínez,Universidad Católica,Ecuador,10,"CDM, CAM",Right,180,41,66,,46,57,62,64,66,71,54,53,62,66,49,63,55,62,64,65,45,47,61,64,58,64,62,75,70,63,73,64,59,65,53,70,66,67,69,13,10,12,13,13,10,LigaPro Ecuador
E. Clavijo,Universidad Católica,Ecuador,8,"CDM, CAM, CM",Right,180,26,65,,65,54,61,62,64,68,55,47,62,64,50,58,59,57,61,66,62,67,62,69,63,63,68,70,67,59,69,70,60,64,53,66,63,63,61,15,8,9,12,14,11,LigaPro Ecuador
J. Cacciabue,Universidad Católica,Argentina,5,"CDM, CM",Right,173,28,66,,62,58,63,65,66,68,60,55,55,65,55,63,53,54,69,69,58,65,60,68,68,65,67,65,69,61,67,70,56,61,59,64,65,66,70,12,13,10,13,14,6,LigaPro Ecuador
E. Valencia,Universidad Católica,Ecuador,44,LB,Left,180,23,63,,68,46,59,57,59,61,59,44,56,66,42,53,59,44,54,57,66,69,65,62,61,54,60,66,59,45,62,58,51,53,44,61,60,59,61,15,10,10,8,11,10,LigaPro Ecuador
C. Medina,Universidad Católica,Ecuador,37,CB,Right,190,24,63,,57,42,51,52,66,65,50,35,72,56,39,45,43,43,57,58,57,57,49,56,52,61,66,57,68,39,66,62,38,45,38,66,69,66,58,8,7,12,14,7,12,LigaPro Ecuador
L. Cangá,Universidad Católica,Ecuador,33,CB,Right,191,31,67,,62,46,56,58,71,74,54,41,71,60,42,53,50,44,64,64,62,62,49,65,57,62,75,64,82,45,66,64,38,52,38,66,74,72,69,8,15,10,12,6,14,LigaPro Ecuador
G. Anangonó,Universidad Católica,Ecuador,29,RB,Left,180,28,67,,70,52,63,63,64,66,68,51,60,65,44,62,58,52,62,65,66,74,65,55,67,57,63,73,62,50,68,69,53,58,57,64,63,61,68,14,6,7,8,7,12,LigaPro Ecuador
J. Mina,Universidad Católica,Ecuador,14,"LB, LM, LW",Right,178,31,66,,71,52,62,66,65,62,66,44,60,66,50,65,56,49,62,65,71,71,65,71,69,66,58,69,58,56,66,68,52,54,48,67,65,65,66,10,9,6,8,13,7,LigaPro Ecuador
D. Palacios,Universidad Católica,Ecuador,6,LB,Left,169,27,64,,72,50,57,63,62,62,61,45,51,63,52,63,46,50,53,61,73,71,69,64,67,60,58,68,60,50,59,66,54,49,50,61,58,66,64,12,7,7,14,9,11,LigaPro Ecuador
J. Chancellor,Universidad Católica,Venezuela,4,"CB, CDM",Right,197,34,68,,58,49,58,57,72,72,53,44,75,64,41,52,48,49,61,63,58,58,51,68,48,67,72,66,76,47,67,69,45,55,48,67,70,74,71,6,15,6,11,15,7,LigaPro Ecuador
J. García,Universidad Católica,México,3,"CB, CDM",Right,184,30,65,,57,44,55,53,69,65,50,36,65,64,43,43,45,42,56,61,58,56,53,64,53,61,71,60,67,42,67,69,44,47,47,63,73,67,67,10,11,10,10,14,14,LigaPro Ecuador
J. Lara,Universidad Católica,Ecuador,12,GK,Right,188,27,64,,40,22,33,30,21,47,18,16,30,44,13,16,17,16,37,34,37,42,40,65,40,39,51,38,53,22,40,26,17,36,25,44,15,21,19,65,63,56,67,65,44,LigaPro Ecuador
J. Klinger,CSD Macará,Ecuador,87,"LW, LM",Left,169,21,59,,69,57,55,62,30,50,55,60,45,59,53,63,60,52,48,60,70,69,67,60,68,50,45,59,47,59,45,35,63,54,55,54,27,26,26,13,14,12,6,12,13,LigaPro Ecuador
A. Campana,CSD Macará,Argentina,28,"RW, RM, LW",Right,177,28,64,,70,62,62,65,35,58,62,62,56,64,59,65,70,61,54,66,69,71,63,65,66,68,55,66,60,59,45,36,64,61,57,63,35,27,35,14,11,15,6,6,6,LigaPro Ecuador
N. Caicedo,CSD Macará,Ecuador,23,ST,Right,184,23,64,,62,67,53,64,32,65,50,66,70,57,60,63,52,55,50,65,58,65,62,69,59,72,65,59,71,61,56,27,72,52,73,62,31,25,25,7,14,10,10,9,10,LigaPro Ecuador
L. Ferro,CSD Macará,Argentina,22,ST,Right,185,25,64,,64,68,54,63,29,63,48,72,65,57,66,61,58,55,54,65,65,63,61,66,64,66,64,61,69,62,52,33,65,51,66,63,23,21,25,6,7,11,12,9,9,LigaPro Ecuador
M. Viera,CSD Macará,Ecuador,20,"RW, LW",Left,173,21,57,,66,59,54,59,27,46,57,63,44,58,52,59,54,48,51,57,65,66,68,57,62,57,52,55,43,56,42,27,61,49,54,51,26,25,19,14,14,14,13,8,7,LigaPro Ecuador
P. Ramos,CSD Macará,Ecuador,19,ST,Left,188,22,59,,61,58,48,59,26,61,41,59,59,59,54,57,50,47,34,63,64,58,51,64,49,59,65,56,65,55,54,29,67,47,60,62,23,21,16,9,12,9,9,8,8,LigaPro Ecuador
M. Cabeza,CSD Macará,Ecuador,18,"LW, ST",Left,177,20,58,,67,58,53,56,30,50,55,59,43,52,53,59,57,52,48,52,66,67,56,58,62,61,52,59,47,57,46,29,58,56,45,54,29,28,26,12,12,12,14,12,13,LigaPro Ecuador
F. Posse,CSD Macará,Uruguay,9,"ST, LW",Left,185,26,66,,72,67,58,63,33,65,54,72,68,63,67,64,60,54,52,63,69,74,63,67,55,66,66,59,71,58,55,31,65,60,65,67,30,28,26,13,14,11,13,15,10,LigaPro Ecuador
F. Paz,CSD Macará,Argentina,7,"LW, RW",Left,172,31,65,,67,65,63,69,33,55,66,68,50,65,58,70,58,61,54,70,70,65,68,64,67,64,54,66,50,59,54,35,69,64,63,61,34,26,32,10,14,6,11,7,14,LigaPro Ecuador
J. Chalá,CSD Macará,Ecuador,77,"LB, RW, RB",Left,182,31,65,,68,50,59,59,63,64,65,47,64,60,47,57,54,51,58,58,69,67,65,64,64,54,64,68,63,54,62,59,53,57,47,60,65,64,64,11,6,6,9,11,9,LigaPro Ecuador
C. Caicedo,CSD Macará,Ecuador,50,CDM,Right,182,19,60,,58,52,57,54,63,64,53,49,62,59,44,51,49,51,64,54,57,59,55,57,61,55,62,64,63,59,65,69,52,57,50,56,60,62,60,10,12,6,15,12,11,LigaPro Ecuador
T. Chamba,CSD Macará,Ecuador,30,CAM,Right,170,21,57,,57,59,59,62,28,49,63,60,42,56,54,63,62,50,57,62,58,57,61,61,62,57,43,53,48,61,47,31,58,62,57,59,25,24,27,14,7,13,9,10,8,LigaPro Ecuador
J. Zambrano,CSD Macará,Ecuador,17,"RM, LM",Right,156,23,58,,62,55,59,61,39,48,59,54,31,61,52,60,61,53,54,61,61,62,70,61,65,56,42,60,42,55,52,38,56,58,53,51,44,40,34,7,12,15,14,9,11,LigaPro Ecuador
J. Cazares,CSD Macará,Ecuador,16,"CDM, CM",Right,175,35,65,,51,54,62,62,64,65,59,50,60,66,47,57,52,59,60,66,53,49,63,71,60,63,61,68,60,56,73,70,59,64,52,62,65,61,57,6,12,7,6,8,15,LigaPro Ecuador
M. Tello,CSD Macará,Ecuador,15,"CAM, CDM, CM",Right,182,22,59,,59,58,59,66,33,54,62,58,48,60,59,68,67,53,54,65,62,57,66,59,62,56,49,58,54,58,49,34,60,59,57,59,31,32,28,14,7,6,15,14,10,LigaPro Ecuador
M. Miranda,CSD Macará,Argentina,10,"CAM, CM, LB",Right,174,26,62,,61,61,62,65,37,55,58,60,44,63,61,67,64,55,62,64,62,61,62,59,63,62,49,66,52,62,48,41,64,67,67,62,36,36,31,6,6,11,12,14,14,LigaPro Ecuador
G. Blanc,CSD Macará,Argentina,8,"CDM, CAM",Right,181,30,64,,59,52,64,57,63,69,58,45,55,73,48,50,55,56,65,62,61,58,55,70,59,59,61,72,69,60,65,69,52,59,55,65,61,66,57,7,6,8,6,12,11,LigaPro Ecuador
J. Estacio,CSD Macará,Ecuador,5,"CAM, CDM, RB",Right,173,28,61,,60,59,62,62,33,53,59,63,46,63,59,59,64,58,56,64,62,59,64,65,65,55,47,58,52,54,50,38,60,69,57,67,31,29,30,12,11,15,8,15,14,LigaPro Ecuador
J. Mohor,CSD Macará,Ecuador,27,"LB, LM",Right,170,25,63,,66,50,60,61,61,58,65,48,50,63,44,63,53,51,59,58,67,65,64,62,72,55,55,67,54,52,58,61,50,55,48,53,60,66,61,14,12,9,11,7,14,LigaPro Ecuador
M. Medranda,CSD Macará,Ecuador,26,"CB, CDM",Right,182,27,59,,56,40,48,50,62,61,44,35,60,55,37,48,42,37,56,52,52,60,46,55,48,54,60,55,62,37,64,61,37,40,44,60,63,64,60,6,12,15,10,12,8,LigaPro Ecuador
D. Bolaños,CSD Macará,Ecuador,25,RB,Right,175,26,62,,64,47,58,59,61,60,68,44,56,60,46,55,57,45,54,60,65,63,65,66,63,52,59,60,59,48,64,59,44,49,50,53,61,63,62,11,13,9,9,7,14,LigaPro Ecuador
S. Etchebarne,CSD Macará,Uruguay,21,CB,Right,185,32,68,,60,48,57,60,71,73,52,45,71,63,43,55,47,50,59,61,61,60,66,69,58,63,71,66,76,43,76,67,44,54,51,68,73,73,66,14,6,7,13,6,14,LigaPro Ecuador
J. Marrufo,CSD Macará,Venezuela,14,CB,Right,183,30,64,,62,45,52,53,66,66,45,39,65,59,36,51,43,49,54,52,65,59,53,68,55,61,70,60,68,46,69,68,42,49,45,64,67,66,65,9,7,8,6,11,15,LigaPro Ecuador
L. Ayala,CSD Macará,Ecuador,13,"LB, RB",Left,171,33,68,,70,54,62,64,63,65,69,48,59,64,49,61,56,54,59,65,67,72,72,65,70,65,63,70,61,56,67,61,57,58,58,65,64,62,68,7,9,15,15,6,6,LigaPro Ecuador
L. Espinoza,CSD Macará,Ecuador,11,RB,Left,183,30,62,,66,47,58,61,59,63,62,41,51,66,43,61,58,46,53,61,65,66,62,58,60,58,60,66,64,50,57,62,50,47,47,66,55,62,68,12,7,15,7,8,14,LigaPro Ecuador
J. Jiménez,CSD Macará,Ecuador,4,CB,Right,186,31,64,,56,47,52,53,69,66,44,40,72,65,44,49,38,42,55,57,57,56,45,62,46,66,71,59,70,47,66,64,37,41,44,62,74,68,62,7,6,15,7,8,15,LigaPro Ecuador
J. Espinoza,CSD Macará,Ecuador,3,"RB, RM",Left,182,23,61,,69,46,56,56,58,60,60,42,58,59,42,54,49,43,53,55,68,69,65,59,55,54,57,69,56,47,58,56,49,55,47,60,57,59,63,15,13,7,14,11,13,LigaPro Ecuador
M. Quiñonez,CSD Macará,Ecuador,55,GK,Left,186,19,60,,39,16,31,27,19,46,20,10,23,37,11,19,21,17,31,28,38,40,33,51,33,38,45,34,55,10,37,27,14,37,20,37,12,21,11,62,63,57,61,65,36,LigaPro Ecuador
J. Cárdenas,CSD Macará,Ecuador,33,GK,Right,184,26,61,,37,18,30,29,19,41,13,10,22,36,13,19,22,14,35,33,38,37,30,48,40,40,52,32,47,14,35,31,16,40,20,46,13,16,15,60,61,57,61,58,35,LigaPro Ecuador
D. Cuero,CSD Macará,Ecuador,12,GK,Right,190,31,65,,34,20,34,33,23,48,19,12,31,39,13,23,21,18,40,34,35,34,37,64,47,41,52,42,52,17,42,29,19,41,25,48,22,18,21,68,67,54,65,69,41,LigaPro Ecuador
R. Rodríguez,CSD Macará,Uruguay,1,GK,Right,187,30,63,,36,20,33,31,23,43,16,13,23,40,10,17,20,18,36,37,38,34,41,61,44,40,47,40,48,17,35,30,13,42,25,47,21,22,16,61,58,54,59,62,35,LigaPro Ecuador
R. Mina,LDU de Quito,Ecuador,27,ST,Right,174,19,58,,59,60,51,58,24,56,49,62,57,55,59,60,58,52,42,54,57,60,62,57,58,61,59,55,58,54,51,22,60,49,56,59,24,16,20,15,15,8,11,15,8,LigaPro Ecuador
Deyverson,LDU de Quito,Brasil,16,"ST, CF",Left,187,35,68,,64,69,59,67,36,68,56,72,70,60,65,67,59,55,55,68,63,64,63,74,60,67,73,61,74,63,63,37,73,62,66,70,30,34,25,8,12,10,11,13,9,LigaPro Ecuador
J. Corozo,LDU de Quito,Ecuador,13,"ST, RW, LW",Right,176,31,73,,73,78,64,75,38,70,62,85,68,64,77,73,66,67,56,78,71,74,72,75,71,74,73,69,74,67,63,37,77,71,70,80,35,32,35,6,14,8,11,12,13,LigaPro Ecuador
M. Estrada,LDU de Quito,Ecuador,11,"ST, CF",Left,187,30,66,,68,68,57,65,36,67,58,71,65,61,69,68,57,55,54,62,68,68,59,67,62,66,65,63,73,66,57,30,69,53,63,67,34,34,30,11,6,7,9,7,15,LigaPro Ecuador
A. Tobar,LDU de Quito,Ecuador,99,"CM, CAM",Right,176,26,68,,64,60,70,67,60,67,67,57,57,75,50,66,66,61,67,67,65,63,67,73,67,64,57,72,66,65,64,64,64,69,61,63,58,61,58,8,14,10,6,15,7,LigaPro Ecuador
K. Velasco,LDU de Quito,Ecuador,77,"LM, LW, CAM",Right,166,27,62,,62,56,60,63,40,56,62,54,44,59,59,61,61,59,59,62,63,62,69,64,69,59,47,66,52,56,55,44,62,62,57,62,42,33,41,7,14,15,6,9,7,LigaPro Ecuador
E. Gomez,LDU de Quito,Ecuador,32,CM,Right,180,19,58,,58,56,59,56,51,55,50,54,50,61,46,55,57,59,61,57,59,57,59,57,53,62,48,65,52,58,54,47,57,65,53,58,53,53,50,8,15,14,10,7,13,LigaPro Ecuador
Juanse,LDU de Quito,Ecuador,31,"CDM, CM",Right,175,20,67,,62,57,64,63,68,65,55,51,64,71,47,62,50,57,63,64,62,62,58,63,62,67,64,71,60,60,70,66,60,66,61,66,68,68,72,11,10,14,14,9,7,LigaPro Ecuador
I. Zambrano,LDU de Quito,Ecuador,26,"CM, CAM, CDM",Right,170,29,67,,62,62,68,71,61,62,66,57,52,69,59,70,67,62,67,74,60,63,69,72,69,64,55,70,59,69,61,65,63,70,64,65,63,61,60,6,13,7,13,11,14,LigaPro Ecuador
Y. Quiñónez,LDU de Quito,Ecuador,23,"RM, LW, LB",Right,173,25,69,,73,64,69,71,49,63,75,63,52,66,63,71,68,64,72,69,71,74,78,65,77,62,64,77,56,65,62,52,64,69,69,63,50,47,46,9,10,15,13,11,11,LigaPro Ecuador
E. Castillo,LDU de Quito,Ecuador,21,"CM, CAM",Right,174,17,59,,57,55,59,57,49,55,51,51,45,62,50,54,58,57,60,59,59,56,62,52,60,59,50,60,53,61,57,52,62,63,53,55,51,49,44,9,15,7,11,11,12,LigaPro Ecuador
F. Cornejo,LDU de Quito,Chile,20,"CM, CDM, CAM",Right,172,30,68,,65,65,68,67,60,68,67,63,58,69,55,68,62,57,67,66,65,65,69,68,71,68,60,73,67,68,66,59,66,72,66,66,59,64,56,12,15,14,9,13,10,LigaPro Ecuador
G. Villamíl,LDU de Quito,Bolivia,15,"CM, CDM, CAM",Left,181,25,68,Bolivia,69,63,68,70,61,67,67,61,61,72,52,72,63,69,66,69,68,70,68,62,69,66,63,70,66,68,67,65,64,67,66,66,59,61,57,10,12,15,12,15,10,LigaPro Ecuador
A. Alvarado,LDU de Quito,Ecuador,10,"CAM, LW",Right,165,27,68,,68,67,70,73,38,55,67,67,50,71,64,72,68,64,66,73,72,65,83,65,76,65,54,65,50,71,55,45,69,77,69,68,33,36,36,10,11,14,11,15,13,LigaPro Ecuador
J. Pretell,LDU de Quito,Perú,8,"CM, CDM",Right,171,27,65,Perú,62,60,64,66,59,62,62,58,47,65,55,65,59,58,67,67,63,61,66,63,66,64,57,67,59,62,64,62,66,63,56,65,57,62,60,12,9,9,11,15,11,LigaPro Ecuador
L. Rodríguez,LDU de Quito,Argentina,7,"CAM, LW, ST",Right,170,29,69,,74,70,68,73,42,60,67,74,49,69,64,71,71,69,67,74,73,74,76,69,79,66,57,70,57,70,57,42,68,69,62,74,38,43,39,9,8,12,7,9,15,LigaPro Ecuador
S. González,LDU de Quito,Ecuador,5,"CM, CDM",Right,177,23,61,,61,56,62,63,54,57,58,54,56,65,51,62,56,57,61,65,59,62,62,57,69,59,53,63,57,59,50,57,61,62,58,62,54,53,53,13,8,7,8,6,13,LigaPro Ecuador
J. Carabalí,LDU de Quito,Ecuador,67,"LB, LM, LW",Right,173,29,68,,71,56,62,66,65,66,69,53,59,62,53,66,60,53,64,63,69,73,73,68,75,67,62,74,61,55,69,65,55,58,53,64,62,66,75,6,10,14,15,9,6,LigaPro Ecuador
M. Weigandt,LDU de Quito,Argentina,57,"RB, RM",Left,175,26,68,,72,51,62,65,66,66,68,45,57,62,53,59,69,52,65,68,74,71,73,67,71,60,62,74,63,51,67,64,54,57,58,65,65,68,76,6,9,13,14,7,9,LigaPro Ecuador
L. Segovia,LDU de Quito,Ecuador,44,"CB, LB",Right,182,28,65,,63,49,55,55,68,65,55,43,74,62,46,49,40,47,59,59,61,64,55,66,56,69,66,66,64,48,68,71,37,45,45,62,65,68,70,10,15,15,8,15,9,LigaPro Ecuador
L. Quiñónez,LDU de Quito,Ecuador,33,"CB, LB, LM",Left,179,33,67,,58,50,56,55,71,68,56,46,66,64,42,47,45,42,57,60,59,58,54,61,59,71,67,63,68,42,72,75,41,49,49,68,73,68,75,12,12,11,6,14,14,LigaPro Ecuador
G. Franco Allala,LDU de Quito,Uruguay,30,CB,Right,186,29,64,,61,43,49,50,67,66,47,40,69,56,35,44,46,43,53,52,62,60,51,57,56,57,64,64,67,41,65,68,38,38,41,63,69,64,69,10,7,7,14,8,11,LigaPro Ecuador
J. Cuero,LDU de Quito,Ecuador,28,"RB, RM",Right,176,25,62,,69,51,57,60,59,60,59,49,53,60,49,59,49,44,58,55,68,69,70,62,70,60,56,64,59,50,57,61,46,53,52,62,60,60,56,12,12,9,11,10,12,LigaPro Ecuador
P. Ortiz,LDU de Quito,Ecuador,25,CB,Right,189,21,59,,55,39,50,46,62,63,46,34,63,60,35,43,38,42,51,47,54,55,42,59,48,51,63,52,69,41,62,59,31,39,35,55,67,59,57,10,10,14,13,10,7,LigaPro Ecuador
J. Quintero,LDU de Quito,Ecuador,14,"RB, RM, CB",Left,178,36,65,,61,51,60,60,63,69,69,46,54,62,45,62,57,54,57,55,62,60,63,69,69,61,59,72,70,51,67,68,52,54,52,62,65,60,61,12,8,7,14,11,12,LigaPro Ecuador
R. Adé,LDU de Quito,Haití,4,"CB, CDM",Right,190,36,68,,56,46,58,54,71,74,53,40,75,64,46,50,49,48,61,57,57,55,50,63,51,61,72,66,76,43,80,70,44,53,49,67,72,70,65,9,9,14,8,8,10,LigaPro Ecuador
R. Mina,LDU de Quito,Ecuador,3,CB,Left,178,27,64,,55,43,52,54,63,64,46,35,61,60,42,51,47,49,60,53,53,56,59,67,49,60,63,59,65,44,69,68,40,42,45,63,60,63,65,6,6,12,13,6,12,LigaPro Ecuador
A. Domínguez,LDU de Quito,Ecuador,22,GK,Right,196,39,67,,31,25,34,34,24,51,18,18,32,38,19,25,24,20,38,35,27,35,40,62,45,50,53,43,59,19,40,31,18,47,26,51,24,17,26,65,69,59,64,71,47,LigaPro Ecuador
A. Villa,LDU de Quito,Ecuador,12,GK,Right,196,25,62,,38,19,29,28,20,46,15,10,24,35,14,18,21,16,29,30,37,38,34,59,45,45,52,36,55,18,33,32,13,37,19,42,14,20,15,60,61,59,64,61,39,LigaPro Ecuador
G. Valle,LDU de Quito,Ecuador,1,GK,Right,186,30,71,Ecuador,45,30,43,36,25,54,32,22,29,52,22,25,28,24,45,38,47,44,47,59,49,52,56,46,64,29,37,35,23,44,35,49,19,21,31,70,65,68,66,68,48,LigaPro Ecuador
A. Sosa,Aucas,Argentina,89,"ST, CF",Right,182,25,62,,65,65,54,62,28,61,52,67,65,60,63,58,57,51,45,67,64,66,62,65,58,62,61,56,64,63,58,31,67,54,58,61,22,22,24,11,9,10,14,14,14,LigaPro Ecuador
M. Vera,Aucas,Ecuador,57,"RW, LW",Left,174,19,57,,63,56,54,58,25,45,60,57,42,52,54,57,59,56,50,58,62,63,67,55,56,57,50,55,43,54,37,26,60,51,49,54,25,18,25,11,13,6,13,7,9,LigaPro Ecuador
J. Caicedo,Aucas,Ecuador,52,"LW, LM",Left,179,18,57,Ecuador,65,53,56,58,26,47,55,52,44,60,53,57,56,53,49,58,71,60,63,58,60,54,49,53,46,52,40,34,59,55,55,53,21,22,19,12,13,14,6,6,7,LigaPro Ecuador
A. Caicedo,Aucas,Ecuador,39,"LW, LM",Left,177,19,55,,61,52,49,56,24,46,55,52,40,49,52,58,53,45,41,55,60,62,60,52,55,57,50,51,45,49,42,26,55,51,50,47,24,21,15,7,13,15,8,12,9,LigaPro Ecuador
M. Carcelén,Aucas,Ecuador,34,ST,Right,191,29,64,,66,66,55,62,30,66,53,68,65,61,62,62,55,57,43,64,64,67,59,67,53,69,71,61,73,59,56,19,68,57,61,66,30,30,22,15,9,8,13,8,11,LigaPro Ecuador
B. Oyola,Aucas,Argentina,30,"RW, RM",Right,158,30,63,,71,60,62,67,31,52,70,59,46,58,56,65,61,59,54,66,66,75,73,66,75,59,52,64,48,63,49,30,68,67,55,63,29,30,25,8,11,9,10,9,7,LigaPro Ecuador
L. Arroyo,Aucas,Ecuador,29,"ST, RW",Left,178,30,65,,68,66,56,65,34,64,56,72,67,59,59,65,57,52,53,68,67,68,60,63,63,61,65,63,64,60,64,30,73,55,65,62,31,32,23,13,10,15,10,7,10,LigaPro Ecuador
D. Espinosa,Aucas,Ecuador,20,LW,Right,176,23,61,,68,62,61,65,31,55,66,64,52,65,60,59,62,56,50,70,66,70,70,62,72,62,55,60,56,57,45,36,66,58,58,64,31,25,21,8,11,11,6,13,7,LigaPro Ecuador
C. Zambrano,Aucas,Ecuador,17,"ST, RW",Right,182,22,61,,67,60,50,60,28,60,44,59,62,55,56,57,51,51,43,62,65,69,58,64,62,66,57,57,63,55,59,27,67,51,66,60,24,25,21,7,14,12,8,12,12,LigaPro Ecuador
A. Bolaños,Aucas,Ecuador,11,"RW, LW",Right,178,32,60,,61,60,56,62,29,53,56,64,47,52,61,67,63,55,53,59,61,61,58,59,63,56,48,65,49,52,47,28,64,62,58,60,32,24,23,12,14,11,12,9,12,LigaPro Ecuador
A. Preciado,Aucas,Ecuador,10,"RW, LW",Right,181,32,67,Ecuador,69,67,67,71,35,61,74,67,55,69,63,72,70,60,55,71,68,69,70,71,62,70,63,71,60,62,52,37,71,67,68,69,35,29,29,8,8,14,15,10,13,LigaPro Ecuador
R. Monti,Aucas,Argentina,9,"ST, CF",Left,182,26,61,,62,63,52,64,26,59,52,67,60,55,61,68,54,56,46,63,65,59,60,64,53,61,55,58,63,55,53,29,65,51,61,62,17,22,20,10,12,15,11,7,13,LigaPro Ecuador
J. Miguel Andrade,Aucas,Ecuador,7,LW,Right,180,33,66,,68,64,64,69,34,58,64,68,50,68,55,68,68,59,52,69,66,70,71,73,66,61,59,66,56,62,53,36,66,65,63,63,31,36,22,15,9,7,14,11,15,LigaPro Ecuador
N. Sotomayor,Aucas,Ecuador,36,CM,Right,171,17,56,,59,52,56,57,46,53,52,49,40,58,51,61,51,50,61,52,59,59,60,55,58,55,47,61,48,56,56,51,56,57,49,56,46,46,46,10,11,12,12,14,7,LigaPro Ecuador
P. Guzmán,Aucas,Ecuador,21,"CAM, CM, RW",Right,171,23,64,,64,63,64,67,34,52,65,63,47,63,60,66,65,62,64,67,62,65,71,62,72,62,53,59,50,64,49,41,65,65,60,65,35,27,29,9,11,6,15,10,12,LigaPro Ecuador
A. Mena,Aucas,Ecuador,18,"CAM, CM, LM",Left,186,26,65,,67,63,67,69,39,59,66,60,55,67,59,73,64,61,69,66,71,63,65,68,64,68,52,61,61,64,55,41,66,71,60,66,39,34,35,8,12,9,9,12,8,LigaPro Ecuador
S. Tapiero,Aucas,Colombia,14,"CDM, CB, CM",Right,183,35,66,,56,58,63,62,72,68,53,53,58,68,48,62,55,62,70,61,53,59,59,63,60,60,65,67,69,71,65,68,59,63,56,70,72,78,71,9,8,9,14,11,15,LigaPro Ecuador
A. Spina,Aucas,Argentina,6,"CDM, CM",Right,181,24,67,,60,56,63,65,66,64,55,51,64,69,56,62,58,57,68,68,61,60,61,70,63,63,65,67,61,61,70,67,52,61,60,69,63,70,66,10,11,9,12,11,12,LigaPro Ecuador
T. Serpa,Aucas,Ecuador,5,CM,Right,179,27,60,,56,54,58,60,52,59,53,50,49,59,43,58,59,48,63,60,57,56,64,59,60,62,49,64,56,58,61,53,56,61,56,63,51,57,46,12,10,6,8,10,9,LigaPro Ecuador
A. García,Aucas,Ecuador,63,"CB, LB",Right,187,26,60,,53,40,49,48,62,60,45,32,64,58,35,46,35,40,52,49,52,53,44,59,50,54,65,52,64,45,58,64,37,41,42,54,58,64,60,11,12,13,9,15,13,LigaPro Ecuador
J. Chala,Aucas,Ecuador,53,CB,Left,191,18,55,,53,36,44,43,60,56,42,30,59,52,25,39,32,34,48,47,54,52,41,48,44,53,60,46,61,37,56,64,30,32,36,52,58,61,53,11,8,12,15,7,6,LigaPro Ecuador
S. Mancilla,Aucas,Ecuador,50,RB,Left,186,19,57,,63,44,51,50,56,54,57,39,48,53,38,48,53,40,49,51,65,62,53,50,53,50,52,62,52,49,49,55,48,47,41,45,59,57,52,14,6,8,13,6,11,LigaPro Ecuador
D. Torres,Aucas,Ecuador,38,LB,Left,187,16,55,,62,39,51,53,54,54,59,35,55,51,37,51,49,47,46,53,59,64,61,56,56,48,52,54,55,40,51,55,42,48,42,49,55,54,51,9,10,15,12,11,9,LigaPro Ecuador
A. Zova,Aucas,Ecuador,37,"RB, CB",Right,175,20,64,,70,49,58,60,62,62,63,45,55,60,46,56,58,46,59,63,72,69,66,58,69,56,57,69,61,52,59,57,55,50,48,53,65,65,58,6,10,15,15,12,9,LigaPro Ecuador
B. Carabalí,Aucas,Ecuador,31,CB,Left,183,23,61,,53,39,48,49,64,61,43,32,54,54,36,43,46,39,51,52,52,53,48,59,56,54,70,55,62,41,66,69,37,43,41,57,65,62,62,14,8,14,11,9,15,LigaPro Ecuador
R. Quiñónez,Aucas,Ecuador,28,"LW, LB, LM",Left,169,22,62,,69,59,61,63,32,54,63,61,47,60,57,62,66,54,57,60,71,68,72,58,72,58,52,58,54,55,47,34,64,63,57,62,33,28,20,11,12,11,9,15,7,LigaPro Ecuador
L. Gustavino,Aucas,Ecuador,16,"CB, RB",Right,188,27,65,,59,46,51,56,68,67,49,40,63,59,40,54,36,44,53,58,61,58,56,66,53,65,68,60,69,44,69,68,35,43,45,56,68,69,67,15,7,10,15,9,7,LigaPro Ecuador
M. Burdisso,Aucas,Argentina,4,"CB, CDM",Right,188,24,64,,58,42,50,52,67,66,43,36,65,59,42,50,44,42,55,52,58,58,57,63,50,52,64,62,68,48,67,63,39,42,43,58,69,68,71,8,10,8,6,11,13,LigaPro Ecuador
S. Morales,Aucas,Argentina,2,"CB, LB",Right,188,25,64,,60,46,52,52,69,70,50,41,69,55,43,47,42,41,55,53,58,61,50,70,56,61,71,63,75,45,67,69,37,51,47,58,71,67,69,6,13,14,7,14,11,LigaPro Ecuador
J. Plaza,Aucas,Ecuador,15,CB,Right,179,21,58,,50,37,46,47,62,61,45,32,57,53,37,41,39,34,50,51,51,49,50,59,48,47,57,55,64,40,60,64,32,35,37,57,61,64,57,14,6,7,6,9,14,LigaPro Ecuador
H. Piedra,Aucas,Ecuador,13,GK,Right,183,33,67,,38,22,40,34,24,46,21,12,27,47,16,22,20,30,43,38,35,40,39,62,47,48,54,38,53,20,37,31,14,50,30,48,22,22,21,74,70,62,68,73,44,LigaPro Ecuador
I. Chaves,Aucas,Argentina,1,GK,Right,195,26,60,,37,16,30,27,15,45,21,10,19,35,11,16,20,21,32,28,34,39,36,54,41,39,42,40,53,10,30,20,10,36,18,40,13,10,19,58,59,54,61,62,35,LigaPro Ecuador
D. Reasco,Independiente del Valle,Ecuador,99,"ST, LW",Right,172,27,68,,68,66,59,67,35,63,62,63,63,63,68,67,59,55,49,66,65,71,68,73,65,72,67,61,66,67,56,33,71,59,67,68,36,29,27,10,15,11,12,12,12,LigaPro Ecuador
E. Quintero,Independiente del Valle,Ecuador,56,RW,Right,164,17,56,,65,56,53,60,22,45,57,57,37,57,52,62,55,47,45,59,72,59,64,49,65,55,43,51,45,57,40,26,57,51,49,48,22,16,18,15,10,7,15,12,14,LigaPro Ecuador
Y. Vásquez,Independiente del Valle,Ecuador,52,"ST, CF",Left,183,20,59,,59,62,49,57,26,57,47,65,61,52,58,56,54,52,43,60,60,59,52,58,56,62,58,52,61,56,54,26,63,46,58,60,20,24,18,15,6,14,15,10,10,LigaPro Ecuador
E. Pata,Independiente del Valle,Ecuador,31,LW,Left,181,22,67,,76,66,65,66,34,61,67,66,56,68,67,65,60,63,57,67,77,75,66,69,69,66,57,69,61,65,54,39,64,66,67,68,30,31,28,7,6,8,14,12,11,LigaPro Ecuador
D. Latorre,Independiente del Valle,Ecuador,25,LW,Left,170,18,56,,63,55,54,56,24,47,61,56,40,56,55,57,56,51,43,51,66,61,64,57,64,57,41,56,46,52,38,23,62,52,52,52,20,26,19,13,8,11,6,11,6,LigaPro Ecuador
J. Martínez,Independiente del Valle,Ecuador,24,LW,Left,178,17,54,,61,52,51,57,25,47,48,52,39,55,50,62,54,48,48,54,57,64,59,52,51,55,50,54,48,52,35,26,56,51,46,51,26,21,17,9,13,14,15,15,6,LigaPro Ecuador
J. Arroyo,Independiente del Valle,Ecuador,21,"RW, ST",Right,168,23,64,,71,59,60,67,32,56,66,57,47,57,61,65,60,63,56,67,74,68,74,70,70,59,52,64,55,62,50,32,68,60,57,60,29,31,30,15,15,15,9,7,11,LigaPro Ecuador
A. Rodríguez,Independiente del Valle,Ecuador,17,"RW, LW",Right,172,27,66,,71,65,65,73,35,59,70,65,48,67,56,74,62,61,59,72,72,71,74,66,74,67,59,70,56,64,52,35,67,63,60,67,37,32,29,15,11,7,14,6,9,LigaPro Ecuador
M. Perelló,Independiente del Valle,Argentina,11,"RW, LW",Left,165,24,69,,74,67,67,75,37,58,67,69,52,70,63,76,71,66,61,71,76,72,88,72,78,70,56,71,52,63,58,41,68,65,64,71,36,32,31,6,10,7,10,11,15,LigaPro Ecuador
C. González,Independiente del Valle,Paraguay,9,"ST, LW",Right,183,33,72,,68,74,62,72,39,73,60,77,73,65,66,68,62,62,58,74,70,67,74,84,68,74,72,70,77,70,66,32,72,63,73,74,37,35,33,7,7,9,11,7,6,LigaPro Ecuador
J. Ponce,Independiente del Valle,Ecuador,60,CM,Right,181,17,59,,61,56,59,59,54,57,53,54,50,61,48,62,61,51,61,60,62,60,54,53,51,60,44,60,57,58,55,54,56,63,56,57,50,60,50,9,11,15,15,13,9,LigaPro Ecuador
Z. Arroyo,Independiente del Valle,Ecuador,58,CM,Right,176,18,57,,58,52,57,57,49,52,56,49,49,59,45,55,54,49,62,61,57,58,53,57,58,54,47,62,47,56,52,51,59,55,46,53,50,47,46,10,14,15,9,13,14,LigaPro Ecuador
H. Quintero,Independiente del Valle,Ecuador,57,CAM,Right,169,17,57,,59,56,59,57,29,43,54,56,37,66,50,57,54,55,54,56,56,61,58,56,62,57,40,51,38,57,45,31,61,56,57,56,30,25,24,14,11,7,15,13,13,LigaPro Ecuador
L. Realpe,Independiente del Valle,Ecuador,54,RM,Left,179,18,58,Ecuador,65,53,59,59,41,48,59,50,54,62,51,61,59,52,54,58,63,67,61,53,63,56,51,59,44,55,46,38,55,58,51,52,44,38,33,7,14,11,15,13,8,LigaPro Ecuador
N. Ayoví,Independiente del Valle,Ecuador,36,LM,Left,175,17,55,,64,52,53,57,37,49,55,55,38,55,50,59,58,47,47,56,63,65,59,55,57,58,42,59,44,43,49,34,50,52,47,53,40,39,27,8,9,14,9,9,13,LigaPro Ecuador
B. Zamora,Independiente del Valle,Ecuador,35,"CDM, CB",Right,162,16,57,,53,49,54,56,59,59,49,43,44,57,42,58,46,47,60,55,53,53,53,52,57,55,46,63,58,57,62,58,48,54,46,57,62,60,63,7,6,15,10,8,15,LigaPro Ecuador
J. Méndez,Independiente del Valle,Ecuador,32,"CDM, CM",Right,180,29,64,,55,56,60,59,65,64,48,55,61,65,49,56,54,51,64,60,56,55,58,68,59,64,59,66,62,56,68,65,53,62,53,69,63,69,61,6,9,8,15,6,8,LigaPro Ecuador
C. Núñez,Independiente del Valle,Ecuador,30,CAM,Left,180,17,57,,61,57,55,59,31,50,53,60,42,58,53,56,56,53,53,64,64,58,60,54,61,52,44,59,47,58,48,27,50,55,55,58,29,32,27,15,11,11,15,11,7,LigaPro Ecuador
H. Quintana,Independiente del Valle,Paraguay,28,"CAM, CM, LW",Right,175,24,70,Paraguay,71,71,70,72,45,63,67,71,58,72,66,71,70,62,68,69,74,69,77,75,76,70,61,68,64,73,54,51,71,72,67,75,46,38,42,13,15,6,15,7,9,LigaPro Ecuador
C. Espinoza,Independiente del Valle,Ecuador,27,CDM,Left,170,19,58,,52,51,56,56,57,58,48,49,45,59,41,57,42,47,67,57,53,51,52,53,55,60,54,66,54,50,60,64,49,55,49,58,52,59,61,7,13,15,9,9,11,LigaPro Ecuador
J. Cazares,Independiente del Valle,Ecuador,26,"CAM, CF",Right,170,34,64,,57,66,65,68,36,56,62,68,48,66,60,69,65,64,60,68,59,56,71,64,64,65,45,64,53,67,55,36,68,68,60,66,34,34,33,12,12,10,13,14,14,LigaPro Ecuador
R. Briones,Independiente del Valle,Ecuador,16,"CAM, CM, LW",Right,178,26,67,,71,65,66,72,39,62,62,62,52,67,66,71,66,65,67,75,72,70,71,65,71,66,51,66,64,70,56,42,69,67,68,68,35,36,37,9,6,12,9,8,14,LigaPro Ecuador
J. Sornoza,Independiente del Valle,Ecuador,10,"CAM, ST",Right,179,32,69,,68,67,71,74,44,61,71,69,53,74,69,76,73,65,71,73,74,63,69,77,71,69,60,65,59,60,59,48,69,66,63,71,45,39,42,9,7,12,13,15,15,LigaPro Ecuador
Y. Ochoa,Independiente del Valle,Ecuador,8,"CAM, CDM",Right,174,21,59,,59,60,60,62,30,48,59,61,40,61,56,62,65,54,55,64,59,59,58,60,62,58,38,60,44,60,48,34,55,63,64,61,27,28,27,13,10,10,9,15,15,LigaPro Ecuador
P. Mercado,Independiente del Valle,Ecuador,7,"CAM, LW",Right,177,23,61,,63,59,61,62,33,56,57,57,45,62,53,62,56,61,60,62,66,61,64,61,55,63,50,63,55,60,51,37,64,65,60,60,31,30,25,8,9,13,9,12,8,LigaPro Ecuador
J. Alcívar,Independiente del Valle,Ecuador,6,"CDM, CM",Right,168,27,69,Ecuador,62,60,65,66,70,69,58,54,58,71,52,62,51,60,72,71,64,60,66,69,71,72,62,78,64,63,70,78,63,62,61,65,67,72,67,13,7,9,10,8,11,LigaPro Ecuador
Y. Chonillo,Independiente del Valle,Ecuador,34,CB,Right,179,18,58,,55,39,46,44,60,60,42,32,55,54,31,37,40,37,50,48,53,56,46,50,55,57,61,55,61,39,61,58,29,38,39,54,62,62,59,11,12,12,13,14,12,LigaPro Ecuador
A. Velasco,Independiente del Valle,Ecuador,33,"CB, RB",Left,188,29,60,,57,41,46,48,64,65,42,37,58,53,37,43,38,38,48,51,54,60,48,59,53,57,65,60,68,34,65,60,36,40,43,57,66,66,64,12,10,15,11,13,13,LigaPro Ecuador
X. Muñoz,Independiente del Valle,Ecuador,29,LB,Right,179,16,57,,65,42,53,53,56,53,60,40,48,54,38,52,50,41,54,54,64,65,56,49,59,46,55,61,46,42,59,52,46,45,44,49,60,58,55,11,6,15,9,15,15,LigaPro Ecuador
J. Viacava,Independiente del Valle,Uruguay,23,CB,Right,183,27,66,,61,45,52,54,68,66,47,40,67,59,37,48,50,49,58,56,54,67,63,66,59,65,65,63,66,42,68,70,40,44,42,56,67,70,64,12,10,7,14,6,9,LigaPro Ecuador
L. Loor,Independiente del Valle,Ecuador,19,"LB, RB",Left,170,25,67,,73,54,57,63,63,64,62,50,51,53,53,61,55,51,66,61,74,73,69,63,72,59,63,69,60,55,66,59,60,53,53,64,64,66,67,12,6,11,10,7,10,LigaPro Ecuador
G. Cortéz,Independiente del Valle,Ecuador,15,LB,Right,176,28,65,,68,50,62,64,60,63,63,47,56,68,43,64,53,56,63,63,67,69,69,64,70,56,59,70,59,51,66,63,52,53,47,61,54,65,63,7,14,11,15,12,7,LigaPro Ecuador
M. Carabajal,Independiente del Valle,Argentina,14,CB,Right,181,29,69,,67,50,55,58,70,71,47,47,67,62,47,56,48,46,65,58,63,71,60,61,56,60,72,67,70,51,77,72,45,49,51,71,68,73,70,13,15,14,9,13,12,LigaPro Ecuador
D. Romero,Independiente del Valle,Ecuador,13,RB,Left,177,25,66,,69,51,62,62,66,66,67,47,58,65,47,60,59,50,62,63,71,68,66,68,69,59,59,78,60,51,70,62,48,57,52,58,63,70,74,11,9,12,15,7,14,LigaPro Ecuador
R. Schunke,Independiente del Valle,Ecuador,5,CB,Right,185,34,66,,55,46,51,55,71,70,47,38,73,52,37,52,51,50,58,57,53,57,53,66,55,62,67,62,75,49,69,70,43,50,48,63,73,70,68,8,13,11,7,7,10,LigaPro Ecuador
J. Espinoza,Independiente del Valle,Ecuador,4,"RB, CB",Right,180,27,63,,68,50,56,62,61,61,57,47,52,61,42,61,56,54,56,62,71,66,63,59,62,57,58,66,60,49,60,59,53,49,50,66,62,65,56,15,6,7,11,10,15,LigaPro Ecuador
L. Zárate,Independiente del Valle,Paraguay,2,CB,Right,188,26,63,,59,44,55,54,66,65,51,40,66,66,38,46,44,46,56,62,58,59,50,64,51,58,69,55,68,43,70,64,43,42,42,59,67,67,67,15,11,11,7,13,6,LigaPro Ecuador
M. Peralta,Independiente del Valle,Ecuador,70,GK,Left,187,18,59,,38,18,26,25,18,43,13,10,23,30,10,10,13,18,31,31,39,37,38,54,41,41,49,35,50,16,33,24,10,34,22,37,19,13,11,61,58,50,60,65,40,LigaPro Ecuador
H. Caicedo,Independiente del Valle,Ecuador,40,GK,Right,186,18,57,,37,16,24,24,15,40,10,10,12,32,10,14,13,10,29,27,41,33,31,49,34,37,40,30,49,11,31,22,10,29,19,32,13,15,10,59,56,49,58,61,35,LigaPro Ecuador
G. Villar,Independiente del Valle,Argentina,22,GK,Right,192,28,67,,43,26,35,31,28,51,22,21,26,39,12,16,19,27,37,34,41,44,46,67,47,45,54,38,60,23,44,37,20,45,27,47,26,26,24,68,68,59,65,70,43,LigaPro Ecuador
B. Pico,Independiente del Valle,Ecuador,12,GK,Right,191,25,62,,39,17,31,30,19,47,16,10,21,37,10,19,17,25,34,34,36,42,36,55,42,36,51,38,55,15,35,29,15,37,25,42,19,12,15,63,57,54,62,65,40,LigaPro Ecuador
A. Quintana,Independiente del Valle,Colombia,1,GK,Right,194,32,72,Colombia,43,32,39,42,29,55,26,26,31,44,24,31,28,26,41,45,48,39,49,71,54,55,58,47,62,28,47,39,22,50,36,56,24,25,33,73,71,65,68,73,52,LigaPro Ecuador
