short_name,club_name,nationality_name,club_jersey_number,player_positions,preferred_foot,height_cm,age,overall,seleccion,pace,shooting,passing,dribbling,defending,physic,attacking_crossing,attacking_finishing,attacking_heading_accuracy,attacking_short_passing,attacking_volleys,skill_dribbling,skill_curve,skill_fk_accuracy,skill_long_passing,skill_ball_control,movement_acceleration,movement_sprint_speed,movement_agility,movement_reactions,movement_balance,power_shot_power,power_jumping,power_stamina,power_strength,power_long_shots,mentality_aggression,mentality_interceptions,mentality_positioning,mentality_vision,mentality_penalties,mentality_composure,defending_marking_awareness,defending_standing_tackle,defending_sliding_tackle,goalkeeping_diving,goalkeeping_handling,goalkeeping_kicking,goalkeeping_positioning,goalkeeping_reflexes,goalkeeping_speed,league_name
G. Middleton,Rochdale,Escocia,45,"LW, RW",Right,175,26,62,,67,61,59,67,30,54,59,64,45,60,59,64,61,55,54,71,66,68,69,62,66,60,51,57,56,56,47,37,62,62,60,57,27,27,24,10,11,9,13,12,15,League Two
I. Henderson,Rochdale,Inglaterra,40,"ST, CF",Right,178,41,57,,48,58,46,55,25,58,40,59,57,46,50,52,52,46,42,57,50,47,55,61,54,63,61,55,63,52,51,18,60,51,58,59,24,22,22,8,8,14,15,11,7,League Two
D. Brown,Rochdale,Jamaica,39,"ST, CAM, RW",Right,182,20,59,,62,63,49,63,23,59,49,68,60,51,53,69,49,52,46,60,59,64,60,61,53,62,61,48,66,56,53,18,65,49,59,56,19,18,21,13,9,14,10,12,11,League Two
L. Hannant,Rochdale,Inglaterra,19,"LW, RW, LM",Left,180,32,62,,63,62,60,66,32,56,61,65,48,62,56,67,63,57,53,66,65,62,67,63,64,58,50,60,59,61,45,37,65,60,53,59,33,26,25,14,13,10,8,12,15,League Two
J. Smith,Rochdale,Inglaterra,18,"RW, ST",Left,178,29,60,,67,58,58,63,31,52,58,57,41,62,53,63,62,55,47,63,70,65,66,56,59,61,50,56,51,59,49,33,61,61,54,59,29,32,18,14,6,6,14,8,13,League Two
Z. Silcott-Duberry,Rochdale,Inglaterra,11,"LW, LM",Right,177,21,57,,66,54,54,59,29,53,58,57,45,55,46,64,57,53,46,55,70,63,58,57,64,54,43,61,54,50,44,31,61,55,53,53,27,26,20,14,10,7,13,8,11,League Two
D. Rodney,Rochdale,Inglaterra,10,"ST, CAM, LW",Right,178,28,56,,56,58,48,56,24,53,46,63,63,51,55,52,50,43,42,58,57,55,60,59,58,59,56,48,56,47,51,23,55,50,52,59,15,20,21,11,13,10,8,12,12,League Two
E. Dieseruvwe,Rochdale,Inglaterra,9,"ST, CF",Right,175,31,58,,58,59,46,59,25,58,51,60,57,42,54,59,50,50,43,61,56,60,55,60,58,61,51,58,60,55,54,20,63,47,57,59,21,23,19,7,6,11,9,7,8,League Two
C. Hayes,Rochdale,Inglaterra,7,RW,Right,170,23,59,,67,56,56,62,27,46,57,55,39,56,59,62,57,51,55,60,66,68,69,60,71,57,46,53,45,55,41,27,61,58,56,55,22,29,20,9,8,14,12,6,8,League Two
L. Bispo Martinez,Rochdale,Inglaterra,29,ST,Right,184,20,53,,52,53,45,50,21,51,42,54,59,55,53,52,46,38,32,48,52,52,52,56,48,55,51,51,55,50,43,16,53,42,49,49,21,14,10,9,15,9,12,12,10,League Two
R. Leonard,Rochdale,Inglaterra,56,"CM, CAM",Right,170,29,55,,51,51,56,56,45,50,49,47,39,61,48,59,57,48,58,52,50,52,56,56,52,57,45,56,48,57,50,48,51,53,47,57,43,48,45,8,8,12,8,15,7,League Two
W. Jenkins,Rochdale,Inglaterra,28,RW,Left,171,24,54,,59,54,50,56,20,43,51,57,36,51,48,52,51,45,48,61,62,57,63,51,56,53,46,51,40,49,41,21,53,51,51,50,16,17,18,6,9,6,12,15,7,League Two
B. Bilongo,Rochdale,Inglaterra,27,"LB, LW",Left,178,25,56,,62,41,53,52,56,56,58,37,48,55,33,50,51,42,51,53,64,60,58,51,60,52,49,55,60,42,50,54,43,47,40,49,60,58,54,7,11,11,6,8,14,League Two
D. Moss,Rochdale,Inglaterra,22,"LM, LB, CB",Right,184,25,54,,58,48,55,55,32,51,59,45,44,55,48,57,57,50,54,55,57,58,53,57,51,51,50,56,51,50,45,32,53,53,49,50,29,30,40,8,11,8,9,10,7,League Two
K. Taylor,Rochdale,Inglaterra,21,"RM, LW, CAM",Right,178,21,58,,64,53,56,60,39,52,60,55,42,56,45,60,59,53,53,60,62,65,61,60,60,51,49,62,47,54,53,41,52,54,50,53,37,40,34,10,14,12,10,11,7,League Two
B. Adeeko,Rochdale,Irlanda,17,CDM,Left,175,23,60,,55,52,58,54,64,60,55,48,59,62,45,52,51,50,56,52,54,55,57,58,56,59,57,68,56,53,61,66,59,57,47,64,63,66,62,6,9,6,10,15,13,League Two
C. Pettit,Rochdale,Inglaterra,16,"CM, CAM",Right,181,23,53,,49,46,52,52,44,51,46,40,43,53,42,51,48,48,53,54,46,51,50,45,52,57,46,53,50,50,51,43,47,56,45,50,42,47,42,15,11,8,11,7,11,League Two
E. Francis,Rochdale,Inglaterra,14,"CDM, CM",Right,182,27,61,,54,51,58,57,62,63,51,47,54,65,43,54,50,50,60,60,56,53,52,65,55,52,63,63,61,63,66,60,52,54,51,62,66,64,59,15,13,6,14,12,10,League Two
O. Adebayo-Rowling,Rochdale,Inglaterra,13,"RM, RW, RB",Right,182,29,56,,61,52,54,57,38,49,55,50,49,53,41,59,50,54,49,57,62,61,60,53,55,56,48,54,48,53,47,37,54,59,51,50,41,32,33,14,13,10,6,13,12,League Two
H. Gilmour,Rochdale,Inglaterra,8,"CM, CDM, CAM",Right,180,27,53,,50,49,56,55,45,52,48,46,48,61,43,57,52,49,59,54,49,51,52,48,56,52,45,55,53,53,50,49,48,55,50,56,43,46,41,13,12,7,9,8,7,League Two
R. East,Rochdale,Inglaterra,4,"CM, CDM, CAM",Left,176,28,57,,53,52,58,57,49,56,51,50,42,62,47,55,56,46,62,59,54,53,57,56,57,54,47,62,53,55,57,52,51,59,51,57,47,49,53,14,10,7,12,12,8,League Two
T. Bradley,Rochdale,Inglaterra,54,"RB, LB",Right,180,24,56,,60,41,51,53,53,57,53,38,49,55,35,50,50,44,50,55,58,61,55,54,56,47,56,63,56,44,52,49,42,45,41,55,54,57,54,15,8,10,13,8,8,League Two
A. Flint,Rochdale,Inglaterra,44,"CB, CDM",Left,189,37,64,,51,44,54,55,66,69,52,39,66,59,42,50,45,48,58,56,49,53,52,66,57,60,69,66,71,44,66,70,34,47,45,72,65,65,67,8,12,12,8,15,12,League Two
S. Beckwith,Rochdale,Inglaterra,33,CB,Right,178,24,55,,55,35,46,44,58,58,42,31,52,56,28,38,35,34,48,46,53,56,48,49,53,50,59,53,61,35,56,58,31,35,30,51,57,61,61,8,8,10,9,12,11,League Two
S. Sherring,Rochdale,Inglaterra,26,"CB, RB",Right,188,26,58,,53,42,45,45,61,65,44,40,59,52,35,41,39,40,48,48,53,53,40,57,39,57,64,60,67,36,65,61,28,35,43,60,61,65,53,6,6,6,13,7,15,League Two
E. Ebanks-Landell,Rochdale,Inglaterra,6,"CB, CDM",Left,169,33,62,,53,43,51,50,68,62,53,38,61,58,34,42,40,39,55,51,52,54,57,62,63,56,61,57,63,43,66,67,38,41,47,61,68,70,67,13,13,12,13,12,6,League Two
L. Maguire,Rochdale,Inglaterra,5,CB,Right,188,29,60,,51,38,50,49,63,66,43,31,65,57,36,46,43,36,56,51,49,52,46,58,49,57,62,56,71,37,66,63,36,45,38,56,64,64,58,12,9,7,12,8,14,League Two
K. Wilson,Rochdale,Inglaterra,3,"CB, RB",Right,185,21,51,,45,28,39,41,56,55,36,21,58,49,22,37,33,26,37,45,48,43,39,48,36,42,55,50,56,31,58,58,22,31,29,47,53,56,54,9,9,9,8,6,14,League Two
C. Tasker,Rochdale,Inglaterra,2,"RB, RM",Right,179,20,57,,61,40,55,52,54,52,52,34,51,63,41,50,52,41,54,51,60,61,58,50,55,52,54,57,50,43,50,55,44,47,39,52,57,53,54,6,11,15,10,8,14,League Two
S. Waller,Rochdale,Inglaterra,20,GK,Right,187,23,59,,33,16,29,27,18,42,11,10,20,35,10,15,16,13,35,32,32,34,33,54,44,38,47,33,51,11,31,27,10,37,17,41,13,15,18,60,58,52,54,62,38,League Two
J. Spaven,Rochdale,Inglaterra,12,GK,Right,188,19,54,,29,16,23,21,12,35,10,10,10,27,13,10,10,11,29,25,31,28,28,52,34,39,42,30,39,12,28,21,10,31,12,30,10,10,11,56,53,49,59,58,31,League Two
N. Ramming,Rochdale,Suecia,1,GK,Right,194,19,62,,38,18,30,27,18,44,14,10,26,37,10,16,19,13,31,30,35,40,41,50,40,40,51,35,50,15,38,21,15,40,21,35,12,17,25,64,60,57,62,64,39,League Two
N. Sawkins,Fleetwood Town,Estados Unidos,43,"LW, ST",Left,174,20,52,,61,52,48,56,21,46,47,54,41,51,44,58,53,45,45,57,62,61,57,47,56,50,44,56,43,55,39,25,51,47,44,48,16,18,19,10,9,10,8,6,11,League Two
A. Loupalo-Bi,Fleetwood Town,Inglaterra,20,"ST, LW, RW",Left,178,20,55,,57,54,45,53,21,51,44,56,55,49,52,49,47,47,37,56,56,58,57,52,50,57,59,48,53,49,50,15,55,44,54,57,21,13,19,8,8,11,13,6,10,League Two
R. Coughlan,Fleetwood Town,Irlanda,19,"ST, CF",Right,178,30,62,,65,60,53,61,30,57,50,61,68,55,65,57,55,62,45,64,67,64,64,63,59,63,67,52,58,55,59,23,64,56,60,66,29,24,22,14,11,9,11,6,11,League Two
C. Evans,Fleetwood Town,Gales,17,ST,Right,183,37,66,,59,69,56,67,31,65,54,72,64,62,67,67,60,54,47,69,60,58,59,73,63,69,67,57,71,64,59,30,65,56,70,70,25,27,27,9,14,14,8,9,12,League Two
A. Murphy,Fleetwood Town,Irlanda,15,"RW, CM",Right,175,21,62,,72,58,57,66,30,55,60,55,48,57,60,65,64,61,53,65,69,74,72,62,69,63,58,66,52,57,49,28,63,56,56,60,30,28,23,7,11,14,11,11,10,League Two
J. Thomas,Fleetwood Town,Gales,11,"ST, CF",Right,172,24,59,,63,60,49,57,26,52,48,62,59,52,57,54,47,46,38,58,62,63,60,55,61,61,59,54,51,53,52,22,61,53,62,60,25,19,20,15,9,12,10,8,10,League Two
W. Davies,Fleetwood Town,Inglaterra,9,"ST, LW",Right,186,27,60,,62,62,52,61,29,58,52,66,65,56,64,62,46,50,41,61,61,62,61,59,57,63,65,58,61,52,48,27,69,54,61,61,25,24,23,12,9,13,6,15,10,League Two
O. Devonport,Fleetwood Town,Inglaterra,12,ST,Right,186,21,54,,59,57,46,53,19,53,46,58,59,47,57,49,46,45,40,55,58,60,57,54,49,60,54,45,59,51,46,13,58,48,55,60,17,13,14,13,8,12,13,13,11,League Two
D. Animasaun,Fleetwood Town,Inglaterra,40,CDM,Right,176,19,52,,49,41,48,46,52,53,40,37,45,54,31,46,42,36,51,43,47,50,49,52,44,48,56,54,49,45,59,55,40,48,43,53,55,50,55,8,12,13,7,15,8,League Two
S. Costelloe,Fleetwood Town,Irlanda,35,CAM,Right,178,19,55,,55,56,58,60,26,50,51,56,33,59,49,63,56,50,64,62,55,55,53,51,55,56,43,57,48,59,49,30,56,62,54,51,26,23,24,7,14,10,8,8,11,League Two
R. Cirino,Fleetwood Town,Montserrat,29,CAM,Right,166,19,53,,55,53,54,57,27,43,50,52,34,55,51,56,60,49,47,59,58,53,61,46,64,55,39,47,41,56,45,28,53,61,52,52,24,30,21,8,8,9,13,11,13,League Two
L. Roberts,Fleetwood Town,Inglaterra,28,"LB, LM",Right,175,18,51,,56,34,46,47,48,49,51,28,45,50,31,44,47,39,44,50,59,54,51,46,57,43,48,54,46,39,51,48,34,39,41,37,48,48,50,15,10,6,12,15,13,League Two
J. Robertson,Fleetwood Town,Inglaterra,28,"CDM, CM",Right,184,21,53,,50,44,51,45,55,55,42,41,52,57,34,43,40,45,55,45,51,50,44,54,48,51,55,52,55,48,60,53,44,50,40,48,55,58,54,12,11,8,9,6,8,League Two
C. McLean,Fleetwood Town,Inglaterra,27,"CAM, CF",Right,172,20,52,,53,52,52,58,27,41,49,51,38,50,53,55,54,53,50,62,56,50,57,54,60,53,40,47,39,53,37,25,53,57,53,49,25,29,18,12,6,14,8,11,6,League Two
L. McCann,Fleetwood Town,Escocia,14,"LW, CAM, LB",Left,188,25,60,,69,58,59,63,28,52,62,61,50,61,53,68,57,49,52,62,70,69,60,57,57,56,57,61,50,56,44,30,62,60,58,56,26,22,22,13,12,10,7,11,8,League Two
M. Helm,Fleetwood Town,Inglaterra,10,"CAM, CM",Left,173,24,58,,56,57,56,62,30,50,58,55,38,52,49,58,57,56,55,66,53,59,66,62,64,63,45,60,47,59,45,33,59,61,52,64,26,29,27,7,11,10,11,12,11,League Two
K. Thompson-Sommers,Fleetwood Town,Inglaterra,8,"CM, CDM, RW",Right,178,25,60,,60,56,60,62,53,56,57,51,52,63,45,58,57,50,58,66,56,63,62,64,65,65,52,62,54,61,57,55,54,61,59,59,52,53,51,9,6,15,7,9,14,League Two
A. Cannon,Fleetwood Town,Inglaterra,7,CAM,Left,176,30,62,,65,60,64,67,35,53,59,59,44,66,60,70,67,62,58,66,72,60,67,59,62,61,48,56,53,60,50,35,64,68,62,58,32,37,32,7,13,10,10,6,15,League Two
H. Neal,Fleetwood Town,Inglaterra,4,"CDM, CM",Right,180,25,61,,57,50,58,56,62,64,52,45,62,65,40,57,49,51,62,54,56,58,58,62,57,53,64,64,63,58,67,63,53,54,57,56,63,63,57,11,11,11,15,6,13,League Two
P. Smith,Fleetwood Town,Inglaterra,21,LM,Right,172,17,51,,57,44,50,52,34,45,58,40,38,48,42,55,53,40,47,49,56,58,56,47,60,43,45,51,42,51,43,32,51,49,46,46,35,34,28,9,15,14,14,14,14,League Two
J. Dempsey,Fleetwood Town,Irlanda,36,LB,Left,177,21,55,,61,40,52,52,53,53,58,36,43,52,40,51,49,39,56,53,58,64,55,49,59,45,49,59,50,41,52,51,45,45,38,51,54,55,58,13,8,11,10,11,15,League Two
D. Hume,Fleetwood Town,Inglaterra,33,LB,Left,177,28,59,,62,46,55,56,58,60,54,43,46,59,36,55,46,39,55,54,58,65,60,59,65,56,50,65,60,48,54,60,43,53,45,57,57,60,61,14,11,10,15,6,10,League Two
K. Hughes,Fleetwood Town,Inglaterra,32,"CB, RB",Left,191,20,56,,53,36,43,45,62,62,46,29,65,50,29,42,31,35,43,47,52,54,39,53,43,49,59,54,68,43,57,59,34,34,35,52,58,68,63,11,9,11,15,15,9,League Two
S. Rooney,Fleetwood Town,Escocia,26,"CB, RB",Right,191,30,63,,57,43,54,51,67,68,51,39,69,62,39,46,44,41,57,53,54,59,47,64,56,57,62,63,73,41,65,67,39,44,40,61,64,68,67,13,14,8,13,10,7,League Two
J. Batty,Fleetwood Town,Inglaterra,24,"LB, RB",Right,176,21,59,,65,47,53,56,58,57,60,42,53,54,39,57,49,49,52,52,64,66,62,59,62,56,51,60,55,50,62,57,51,49,44,54,57,60,61,8,11,12,10,8,10,League Two
C. Haughey,Fleetwood Town,Irlanda del Norte,16,CB,Right,188,19,55,,50,35,44,46,59,62,42,32,60,50,28,45,35,31,47,46,52,48,46,53,45,48,59,55,67,34,59,55,28,38,36,44,57,63,59,10,8,12,14,13,11,League Two
R. Bennett,Fleetwood Town,Inglaterra,6,"CB, RB",Right,187,22,59,,50,39,46,50,62,59,43,35,68,52,31,44,38,31,48,55,47,53,51,62,49,55,61,54,62,36,59,62,29,42,37,56,64,58,57,7,6,9,11,11,6,League Two
F. Potter,Fleetwood Town,Inglaterra,5,CB,Right,182,22,56,,46,33,46,46,60,59,37,25,56,60,27,37,34,38,47,55,48,45,48,56,43,48,60,56,61,35,59,62,33,37,39,51,60,61,59,10,9,13,12,11,8,League Two
D. Andrew,Fleetwood Town,Inglaterra,3,"LB, LW, CB",Left,180,35,61,,65,48,59,58,60,62,64,46,53,59,46,58,53,55,60,56,64,66,66,60,63,56,58,67,61,48,60,59,52,57,41,58,57,66,58,6,9,6,13,8,10,League Two
J. Bolton,Fleetwood Town,Inglaterra,2,"CB, RB",Right,183,32,62,,54,42,47,54,64,63,46,38,64,51,31,48,45,41,53,57,51,56,55,62,52,58,61,60,62,40,69,68,34,39,42,65,60,64,66,15,9,10,7,14,13,League Two
L. Hewitson,Fleetwood Town,Inglaterra,37,GK,Right,187,21,52,,26,15,21,21,12,34,10,10,15,25,10,10,10,10,27,26,25,27,27,43,30,34,39,23,41,10,29,18,10,24,13,34,10,10,10,55,51,48,49,51,28,League Two
O. Bellizia,Fleetwood Town,Inglaterra,34,GK,Right,185,19,54,,29,14,23,21,12,40,15,10,16,27,10,11,14,10,21,24,29,29,28,52,31,30,40,33,48,10,30,11,10,31,12,31,14,10,12,53,49,47,51,59,32,League Two
J. Pradic,Fleetwood Town,Gales,22,GK,Right,185,21,55,,34,16,23,23,13,36,10,10,16,27,10,11,10,10,26,28,33,34,29,52,27,36,44,30,43,13,26,18,10,33,13,32,13,10,10,56,51,51,51,57,38,League Two
J. Lynch,Fleetwood Town,Inglaterra,1,GK,Right,181,33,65,,35,26,33,30,17,48,17,20,19,39,15,18,21,19,38,32,39,31,35,62,45,51,51,43,54,19,39,29,17,40,26,46,16,10,17,67,65,56,68,70,42,League Two
N. Dobson,Northampton Town,Inglaterra,40,"ST, LW",Right,185,19,53,,60,54,44,51,20,49,42,55,58,52,53,55,40,37,34,48,57,62,49,52,52,54,47,46,52,52,45,19,54,44,51,49,17,12,16,14,15,12,12,13,9,League Two
H. Saunders,Northampton Town,Inglaterra,32,"ST, LW, LM",Right,180,29,63,,58,66,53,61,31,60,47,70,65,56,69,57,50,53,43,65,59,58,58,67,60,64,65,59,62,59,55,30,65,60,62,67,27,27,24,14,9,9,13,11,9,League Two
S. Chambers,Northampton Town,Escocia,26,"LW, ST",Left,176,19,57,,69,57,54,58,27,50,55,61,44,55,57,56,59,46,47,58,69,69,64,61,62,54,49,62,47,52,41,26,62,57,54,51,22,29,23,7,6,11,11,12,13,League Two
C. Lemonheigh-Evans,Northampton Town,Gales,24,"ST, CF",Right,179,29,59,,61,62,47,57,25,58,45,66,65,46,58,53,52,51,46,62,60,62,59,58,54,60,61,54,61,56,55,21,56,50,61,58,23,20,18,8,13,11,7,14,7,League Two
J. Powell,Northampton Town,Inglaterra,22,"LW, LB, LM",Left,171,21,57,,63,53,55,62,25,49,57,55,41,62,53,63,53,54,45,60,65,62,63,61,62,51,45,58,47,51,45,25,57,51,51,63,21,26,21,7,12,12,8,7,8,League Two
N. Opoku,Northampton Town,Ghana,17,"ST, CF",Right,183,25,61,,64,62,52,61,30,59,49,62,61,58,59,61,47,50,48,61,59,68,59,62,57,68,62,56,62,56,53,19,60,49,60,61,31,28,22,11,15,8,11,15,9,League Two
E. List,Northampton Town,Inglaterra,10,"ST, RW, LW",Right,178,29,58,,61,61,49,56,23,54,51,65,55,49,55,55,52,50,40,55,60,62,60,56,53,65,63,53,53,52,54,20,58,52,60,60,15,24,21,15,13,15,15,13,13,League Two
M. Warhurst,Northampton Town,Inglaterra,9,"ST, LW",Right,181,20,53,,57,55,42,54,23,53,42,56,59,44,58,50,43,43,34,60,57,57,53,51,47,56,55,50,59,51,43,16,53,42,49,51,24,17,14,9,6,9,13,14,11,League Two
L. Shaw,Northampton Town,Inglaterra,29,"CDM, CM",Right,188,25,60,,58,48,58,52,60,66,48,41,51,65,48,54,48,50,63,50,57,58,49,59,47,59,59,66,66,51,68,66,52,56,54,59,58,63,59,12,8,8,8,15,7,League Two
J. Perkins,Northampton Town,Inglaterra,21,"LM, LB, CM",Left,178,22,59,,66,52,59,59,39,55,63,48,44,62,54,61,58,52,55,56,64,68,61,57,65,56,52,65,53,55,50,46,58,54,59,59,38,34,36,7,6,14,13,13,15,League Two
L. Briggs,Northampton Town,Inglaterra,20,"LW, LM, CAM",Left,173,21,53,,58,53,53,58,20,46,54,56,41,56,52,59,55,51,45,56,56,60,58,57,59,53,43,52,44,46,43,20,58,51,50,56,19,17,11,11,14,9,11,15,15,League Two
O. Dale,Northampton Town,Inglaterra,19,"LM, RW, RB",Left,175,27,61,,68,55,59,59,42,56,63,53,47,60,54,58,62,57,54,57,66,70,67,60,60,57,47,62,54,57,54,46,62,56,52,55,37,45,39,15,8,12,6,14,14,League Two
J. Wormleighton,Northampton Town,Inglaterra,16,"RM, RB",Right,178,22,58,,64,52,57,61,38,52,56,51,48,61,51,64,57,59,54,59,65,63,58,55,57,57,47,61,49,51,50,41,55,53,52,61,35,38,36,7,14,9,14,12,12,League Two
T. Fornah,Northampton Town,Sierra Leona,14,"CM, CDM, CAM",Right,190,27,60,,54,57,59,60,54,61,56,55,61,65,48,59,54,56,58,59,52,55,62,58,62,61,60,62,63,61,54,58,56,54,53,62,50,54,53,13,6,8,8,11,10,League Two
K. Simon-Swyer,Northampton Town,Inglaterra,11,"LW, RM, RB",Right,183,23,59,,68,57,54,60,30,50,57,59,46,54,53,60,55,46,53,61,67,68,62,57,61,53,50,54,50,57,45,31,61,53,53,57,23,31,25,14,15,10,15,11,15,League Two
L. Evans,Northampton Town,Gales,8,"CDM, CM",Right,185,32,62,,54,53,58,59,63,70,54,48,57,62,45,59,51,53,61,60,55,53,52,67,53,61,60,70,74,57,62,69,50,58,54,67,66,60,61,14,12,10,7,8,11,League Two
S. Hoskins,Northampton Town,Inglaterra,7,"RM, LW, ST",Right,173,33,63,,66,57,64,68,44,59,68,56,51,64,55,66,63,53,62,71,66,66,70,64,72,59,56,65,57,54,56,47,64,63,56,60,44,42,42,9,14,13,7,13,11,League Two
J. O'Brien Whitmarsh,Northampton Town,Irlanda,4,"CM, CAM, CDM",Right,180,21,59,,55,57,57,60,52,56,54,59,55,62,47,60,49,51,57,61,56,54,57,56,56,59,52,63,52,57,56,54,57,57,50,60,50,53,50,10,7,8,15,9,10,League Two
J. Donacien,Northampton Town,Saint Lucia,44,"RB, CB",Right,183,32,58,,60,42,53,54,54,58,57,36,51,54,36,54,54,46,51,51,60,60,55,60,58,54,58,64,54,43,59,54,42,49,44,55,52,55,61,12,15,10,10,15,10,League Two
M. Dyche,Northampton Town,Inglaterra,35,CB,Left,184,23,57,,50,37,44,48,62,60,42,32,62,50,31,44,35,38,47,51,50,50,46,54,43,50,56,54,61,40,65,59,31,36,31,54,59,67,62,6,6,6,11,7,8,League Two
J. Burroughs,Northampton Town,Escocia,30,"RB, RM, CB",Right,188,25,57,,64,41,52,54,56,61,53,37,53,57,45,52,51,41,51,57,62,65,54,48,56,51,57,65,62,40,55,55,40,45,42,53,58,55,58,6,15,8,12,10,10,League Two
C. McCarthy,Northampton Town,Irlanda,15,CB,Right,193,28,60,,59,39,50,51,63,64,49,35,60,56,36,47,45,44,57,56,57,61,47,58,44,55,67,59,67,35,64,66,33,40,37,55,63,63,63,15,6,9,10,10,8,League Two
E. Moore,Northampton Town,Inglaterra,6,"CB, CDM",Right,196,29,57,,49,38,46,45,63,61,46,30,70,51,31,42,40,39,53,45,52,47,45,54,44,59,62,54,65,41,58,62,29,36,38,52,61,65,62,6,7,7,6,14,8,League Two
J. Guthrie,Northampton Town,Inglaterra,5,"CB, CDM",Right,178,34,61,,54,42,50,54,62,62,41,35,61,59,43,55,43,43,54,53,50,57,50,61,54,57,59,58,65,45,62,66,34,43,43,61,61,60,60,11,13,13,14,13,12,League Two
J. Maxwell,Northampton Town,Escocia,3,"LB, CB",Left,179,24,60,,67,46,57,56,58,59,62,40,58,60,42,53,57,47,55,57,67,67,60,62,57,58,60,61,57,45,61,56,50,49,48,55,60,58,55,12,9,13,14,8,6,League Two
R. Fitzsimons,Northampton Town,Inglaterra,34,GK,Right,185,32,59,,29,17,26,26,16,44,14,10,19,29,10,12,12,12,31,32,31,27,29,54,41,40,47,39,48,15,38,22,10,34,15,37,10,15,17,58,56,53,61,59,34,League Two
J. Dadge,Northampton Town,Inglaterra,31,GK,Right,194,21,54,,28,15,21,24,12,36,10,10,16,26,10,15,10,10,21,24,31,25,30,50,37,34,44,33,39,10,29,16,10,30,14,38,10,10,10,54,54,48,53,59,31,League Two
Z. Jeacock,Northampton Town,Inglaterra,1,GK,Right,191,25,62,,37,21,33,27,17,44,18,15,22,41,10,11,19,21,33,34,37,37,42,54,41,43,52,34,48,18,42,30,12,42,25,41,12,15,10,61,62,56,62,66,40,League Two
D. Morgan,Crawley Town,Inglaterra,27,"ST, CF",Right,175,24,55,,54,57,47,55,22,55,43,60,55,54,55,52,48,43,41,55,54,54,61,57,55,59,52,52,59,49,51,15,62,45,57,57,21,18,17,9,14,9,9,7,8,League Two
O. Kamara,Crawley Town,Inglaterra,17,"LW, LM, RW",Left,174,20,51,,58,50,51,54,18,43,55,52,39,55,41,60,51,42,43,49,59,58,56,44,57,51,40,53,39,50,41,21,50,46,47,47,16,11,19,15,10,14,15,7,11,League Two
G. Di Biase,Crawley Town,Italia,14,ST,Right,184,20,57,,59,56,48,54,23,57,44,56,63,59,53,50,46,47,37,58,62,56,54,56,56,58,56,55,61,54,52,23,59,42,53,51,23,12,17,11,7,10,10,8,13,League Two
P. Aderoju,Crawley Town,Inglaterra,11,ST,Right,179,22,55,,58,58,43,52,19,52,36,62,53,46,55,50,49,48,36,52,54,61,52,55,53,61,56,51,52,47,51,18,58,46,53,58,15,15,15,7,12,14,7,15,6,League Two
S. Duke-McKenna,Crawley Town,Guyana,10,"RW, LW",Right,176,26,61,,67,60,60,64,32,53,60,63,46,62,58,62,62,57,59,64,64,70,73,56,65,56,52,59,52,59,48,36,64,58,58,59,27,30,29,11,13,9,15,11,9,League Two
D. Orsi,Crawley Town,Inglaterra,9,ST,Right,188,30,62,,60,62,52,61,27,61,47,62,60,59,65,62,53,54,44,61,58,61,58,59,58,65,66,59,65,58,52,28,65,49,56,62,24,21,22,7,10,14,6,7,8,League Two
M. Ebiowei,Crawley Town,Inglaterra,7,"RW, ST",Right,185,23,66,,71,64,66,68,35,60,69,66,53,67,60,66,68,62,56,73,73,69,65,62,64,63,61,64,63,61,48,34,65,67,65,65,32,34,28,15,7,8,7,13,6,League Two
K. Jennings,Crawley Town,Inglaterra,30,"CDM, CM, ST",Right,171,20,54,,51,43,52,52,54,54,50,39,48,58,40,51,43,43,48,54,47,54,44,52,54,50,46,58,51,42,59,54,49,52,44,53,54,57,54,6,15,15,12,15,10,League Two
N. Tinsdale,Crawley Town,Inglaterra,28,"LW, ST",Left,173,21,53,,60,51,51,58,24,45,57,51,39,53,47,59,55,44,44,56,61,59,63,54,56,50,44,53,44,51,37,20,54,48,54,54,25,23,16,15,14,10,10,7,7,League Two
K. Krasniqi,Crawley Town,Inglaterra,25,"CDM, CM",Right,183,25,59,,54,48,54,52,61,64,46,43,63,57,46,48,48,44,63,55,52,56,49,56,50,55,60,64,65,52,61,63,48,56,51,57,58,62,60,13,6,12,9,15,8,League Two
F. Kotey,Crawley Town,Ghana,23,"RM, LM",Right,176,19,55,,62,50,53,56,37,52,57,49,48,50,48,55,57,45,49,58,63,61,61,47,56,56,41,63,48,47,49,32,53,56,51,46,36,39,35,15,12,13,12,13,13,League Two
J. Ferizaj,Crawley Town,Irlanda,20,CDM,Right,174,21,59,,51,50,57,61,60,62,53,46,53,62,46,62,49,49,60,62,49,53,56,60,53,56,55,69,61,55,58,61,48,55,47,59,62,62,56,11,8,11,13,10,14,League Two
J. Arthurs,Crawley Town,Inglaterra,20,"CDM, CAM, CM",Right,177,25,61,,52,49,59,55,64,65,52,46,52,65,43,58,51,47,60,51,53,51,57,59,55,55,55,64,67,51,66,63,54,61,51,59,67,68,59,11,6,11,7,6,7,League Two
D. Pereira,Crawley Town,Antigua and Barbuda,19,"CAM, RM, RB",Right,180,27,57,,60,56,58,62,30,51,54,57,41,63,60,63,59,60,55,64,65,56,54,59,65,57,51,55,50,55,48,29,58,55,48,61,29,28,26,9,7,6,9,6,12,League Two
L. Watson,Crawley Town,Inglaterra,8,"CAM, ST, CM",Right,176,25,59,,60,59,61,63,32,53,52,60,44,65,58,63,60,54,60,66,60,60,58,55,69,61,51,56,53,55,51,36,55,64,59,59,29,28,28,13,10,11,10,13,7,League Two
K. Gordon,Crawley Town,Inglaterra,2,RB,Right,179,28,57,,64,40,52,53,57,56,56,36,48,53,35,55,48,38,54,48,59,68,62,48,59,48,52,59,58,43,46,59,43,48,42,50,59,55,60,12,14,6,13,15,9,League Two
T. Ewens-Findlay,Crawley Town,Inglaterra,35,"CB, CDM",Right,182,19,53,,50,33,42,42,54,57,38,31,55,49,28,38,33,33,46,46,48,52,43,49,40,49,56,49,59,24,60,58,27,37,27,42,57,49,56,15,10,14,6,13,10,League Two
O. Mrisho,Crawley Town,Inglaterra,33,RB,Left,176,21,53,,56,39,49,51,52,54,57,36,45,47,37,47,44,39,57,53,55,57,54,55,58,50,60,55,52,36,54,50,45,40,36,54,53,57,50,14,10,8,9,10,13,League Two
A. Joseph Odimayo,Crawley Town,Inglaterra,24,"CB, RB",Right,183,26,55,,49,36,43,44,57,56,42,31,55,49,28,40,34,37,49,45,49,49,46,57,40,50,57,51,59,37,57,60,32,35,33,55,54,60,56,12,11,7,11,13,15,League Two
A. Adeyemo,Crawley Town,Dinamarca,22,"LB, RB, RM",Left,188,28,59,,66,44,54,53,57,62,57,41,54,57,37,50,47,41,54,53,65,67,58,57,59,52,61,62,63,44,61,59,53,49,43,55,62,51,58,10,6,12,8,13,14,League Two
J. Russell,Crawley Town,Irlanda del Norte,16,"LB, LM",Left,180,22,58,,60,44,54,55,54,58,62,40,43,56,36,53,51,42,52,56,57,63,58,55,60,56,53,57,58,44,58,53,44,47,43,55,56,56,57,11,9,8,10,14,10,League Two
L. Richards,Crawley Town,Inglaterra,12,LB,Left,182,24,59,,62,45,53,59,59,57,54,42,53,54,44,58,52,47,60,61,59,64,57,53,63,54,58,59,57,41,53,58,52,49,45,54,61,61,58,9,11,13,15,11,6,League Two
P. Farquharson,Crawley Town,Inglaterra,6,CB,Right,191,29,62,,56,45,49,49,62,60,52,40,65,53,40,42,38,34,51,54,50,60,48,66,51,60,67,55,60,42,64,64,43,44,45,60,59,61,70,12,9,14,13,8,13,League Two
C. Barker,Crawley Town,Inglaterra,5,CB,Right,179,23,53,,47,32,41,44,55,55,38,25,52,48,25,40,33,31,49,45,47,47,47,52,52,46,55,53,56,35,54,52,30,29,28,53,54,58,56,9,15,13,7,14,14,League Two
P. Arganese-McDermott,Crawley Town,España,4,"CB, RB",Right,182,21,53,,52,32,41,45,56,53,41,26,52,47,27,43,27,33,49,47,48,55,39,50,46,47,53,50,54,33,56,54,30,30,36,50,56,59,54,12,6,10,11,8,11,League Two
J. Izquierdo,Crawley Town,Inglaterra,31,GK,Right,191,21,54,,30,15,25,22,13,37,12,10,17,32,10,12,14,10,28,22,30,30,30,61,34,33,38,30,44,10,28,20,10,30,19,34,10,10,12,56,50,47,57,54,34,League Two
N. Michalski,Crawley Town,Inglaterra,13,GK,Right,185,19,53,,28,15,22,18,11,37,10,10,10,27,10,10,10,10,27,20,25,30,23,45,26,33,44,35,43,11,25,17,10,27,12,33,10,10,10,50,51,54,51,57,34,League Two
V. Mannone,Crawley Town,Italia,1,GK,Right,188,38,58,,23,17,28,25,14,41,15,11,20,35,10,16,14,16,29,25,23,23,34,59,40,37,51,31,45,12,40,20,17,33,21,39,11,13,10,61,55,53,56,60,36,League Two
J. Evans,Cheltenham Town,Inglaterra,19,"RW, ST, CAM",Right,175,18,51,,61,49,49,56,20,46,55,50,36,46,45,57,49,45,45,56,62,60,59,53,51,47,39,56,43,46,42,22,54,53,51,48,20,14,18,14,6,10,14,9,12,League Two
A. Weimann,Cheltenham Town,Austria,18,"ST, RW, CAM",Right,188,35,66,,61,65,57,63,32,68,55,67,68,58,68,62,57,57,52,63,60,62,63,72,61,61,70,60,74,61,63,26,72,60,66,70,31,26,28,11,12,11,9,6,14,League Two
J. Bickerstaff,Cheltenham Town,Gales,11,"LW, ST",Left,188,25,62,,69,59,63,67,31,56,65,60,58,64,60,67,61,54,54,72,68,70,62,62,63,59,60,60,58,56,47,31,66,67,62,59,28,27,29,15,9,8,12,8,14,League Two
G. Miller,Cheltenham Town,Inglaterra,10,"ST, CF",Right,177,28,59,,59,61,48,57,25,57,50,63,57,50,61,56,49,48,41,56,60,58,58,58,60,62,61,56,59,54,50,19,75,50,59,60,22,24,17,6,12,10,14,9,15,League Two
K. Otchere,Cheltenham Town,Inglaterra,9,"ST, CAM",Right,181,19,52,,56,54,41,48,20,51,40,57,53,42,49,45,44,44,36,50,53,59,52,50,49,57,49,48,54,45,48,19,55,41,51,50,17,16,14,7,7,14,7,13,10,League Two
M. Barber,Cheltenham Town,Inglaterra,35,"CB, RB",Right,180,18,52,,51,32,42,40,57,52,44,24,52,47,25,36,26,34,50,42,50,52,39,48,45,52,57,42,54,33,58,57,25,33,30,47,60,58,50,14,12,7,15,15,9,League Two
J. Shipley,Cheltenham Town,Inglaterra,26,"CM, LW, CDM",Left,183,29,57,,53,53,55,58,51,54,55,52,49,60,43,56,54,49,52,61,51,55,57,53,57,55,50,60,55,55,46,51,55,50,51,61,53,54,42,6,11,9,14,7,8,League Two
F. Onukwuli,Cheltenham Town,Inglaterra,20,CDM,Right,183,21,59,,55,50,55,54,62,61,48,46,58,59,48,56,45,48,59,50,54,55,56,55,51,56,57,59,59,55,68,66,49,54,50,54,62,62,56,6,11,15,14,12,14,League Two
S. McWilliams,Cheltenham Town,Inglaterra,17,"CAM, CM, CDM",Right,180,28,58,,56,60,61,61,31,49,55,59,46,66,59,60,61,57,55,61,57,56,64,58,68,61,42,56,49,62,44,34,58,63,57,56,31,26,26,13,7,8,14,11,7,League Two
C. McCann,Cheltenham Town,Irlanda del Norte,8,"CDM, CM, CAM",Right,173,24,61,,56,54,56,60,64,63,47,50,56,60,47,58,48,52,65,63,58,54,58,61,63,62,49,67,63,55,63,69,58,56,49,60,66,61,62,15,14,9,10,14,12,League Two
B. Stevenson,Cheltenham Town,Inglaterra,7,"CDM, CM",Right,182,29,61,,57,52,57,58,62,64,55,51,65,62,49,58,50,51,58,59,56,58,57,64,59,57,63,60,66,52,64,64,52,54,45,56,61,61,60,13,14,12,8,14,10,League Two
F. Willcox,Cheltenham Town,Inglaterra,33,"CB, CDM",Left,192,20,55,,53,38,44,42,60,59,45,37,60,51,30,40,41,37,43,40,53,53,43,59,45,49,58,52,63,36,57,55,28,35,37,50,62,63,60,8,8,15,11,12,7,League Two
P. Sweeney,Cheltenham Town,Irlanda,25,"CB, RB",Right,183,32,63,,57,45,49,54,66,64,45,39,64,51,40,50,40,46,55,54,60,55,53,66,53,60,69,56,67,46,67,64,43,48,41,68,70,66,63,14,11,8,10,13,13,League Two
G. Nurse,Cheltenham Town,Inglaterra,21,"LB, LM",Left,181,27,57,,64,42,52,56,57,54,54,39,51,54,37,57,48,39,52,54,63,64,59,55,59,55,57,55,52,38,57,54,50,50,40,54,56,60,61,9,11,8,14,9,10,League Two
R. Broom,Cheltenham Town,Gales,14,"RB, RW, LW",Right,175,30,59,,64,45,55,55,59,56,54,41,52,61,38,54,52,47,56,53,63,65,64,56,63,57,58,60,52,45,58,55,46,49,43,59,59,61,65,10,9,8,6,7,13,League Two
J. Wilson,Cheltenham Town,Gales,6,"CB, RB",Right,188,37,63,,51,42,50,52,67,65,45,36,67,55,36,44,38,43,53,60,45,56,49,63,54,55,64,59,68,45,66,67,33,49,42,62,64,69,70,12,12,14,14,12,10,League Two
R. Cundy,Cheltenham Town,Inglaterra,5,"CB, CDM",Right,188,29,59,,57,39,47,47,60,63,43,36,61,58,34,43,38,40,47,49,59,56,43,62,46,54,60,58,66,35,61,61,37,38,36,61,60,59,57,14,6,11,9,15,10,League Two
J. Tomlinson,Cheltenham Town,Inglaterra,4,"LB, LW, LM",Right,167,26,58,,64,44,52,55,54,56,58,43,48,50,39,53,51,42,51,54,62,66,64,55,66,50,48,65,53,41,56,51,46,51,42,53,52,57,64,12,8,11,6,6,10,League Two
J. Tomkinson,Cheltenham Town,Estados Unidos,3,"LB, RB",Right,190,24,62,,66,50,58,60,63,62,61,51,58,60,49,58,55,42,59,61,65,67,62,61,60,54,62,65,63,48,55,65,49,53,45,55,66,61,62,13,8,8,6,7,15,League Two
M. Diallo,Cheltenham Town,Inglaterra,31,GK,Right,185,18,53,,26,14,19,22,12,38,13,10,13,20,10,14,10,10,25,22,24,27,30,45,37,32,41,25,46,10,32,20,10,25,10,29,10,10,10,54,47,44,60,53,32,League Two
W. Stanway,Cheltenham Town,Inglaterra,23,GK,Right,187,25,61,,35,18,31,27,21,43,15,10,21,36,14,16,10,19,39,29,36,35,37,59,40,40,50,32,51,17,35,28,17,40,18,41,24,17,13,68,62,54,61,60,40,League Two
J. Day,Cheltenham Town,Inglaterra,1,GK,Right,183,36,61,,28,19,29,29,18,44,18,12,20,35,11,15,15,17,32,35,25,30,37,61,40,40,46,36,50,16,39,24,10,34,26,41,20,13,17,61,61,54,60,62,40,League Two
A. Gray,Port Vale,Jamaica,45,ST,Right,178,35,66,,59,69,54,67,32,69,56,73,66,55,65,58,58,53,47,74,62,57,71,77,64,69,67,66,72,63,66,26,70,56,66,71,28,30,23,7,13,15,13,7,6,League Two
M. Watters,Port Vale,Inglaterra,36,ST,Left,188,27,61,,62,59,51,59,30,64,47,58,66,57,60,62,51,53,38,55,61,62,60,61,56,62,68,58,69,54,58,27,68,52,64,62,27,24,23,13,9,9,7,12,9,League Two
E. Lake,Port Vale,Inglaterra,31,"ST, LW",Right,182,19,53,,56,56,46,54,18,53,45,60,52,52,54,54,43,41,35,57,50,61,50,50,46,52,49,52,55,49,49,11,60,47,57,53,17,16,12,7,15,12,14,14,13,League Two
K. Figueroa,Port Vale,Honduras,24,ST,Right,181,20,55,Honduras,60,57,48,56,21,53,44,60,55,54,54,55,48,45,39,59,58,61,57,56,53,54,52,50,55,56,52,14,55,48,57,54,21,16,16,6,8,13,13,9,15,League Two
B. Waine,Port Vale,Nueva Zelanda,19,"ST, LM, LW",Right,179,25,60,Nueva Zelanda,63,63,48,57,26,57,49,62,58,51,56,57,55,51,41,54,62,64,67,62,55,68,59,53,60,61,54,27,66,46,54,62,24,20,20,12,12,8,12,15,6,League Two
T. Simpson,Port Vale,St. Kitts and Nevis,17,"ST, CF",Right,186,24,60,,64,60,50,58,27,60,50,61,65,52,55,58,50,48,41,58,62,65,56,63,55,61,62,59,62,59,58,22,68,52,56,61,24,23,19,8,14,14,15,8,11,League Two
O. Lynch,Port Vale,Inglaterra,14,"ST, RW",Right,188,21,51,,53,51,39,48,19,51,40,54,54,41,47,50,43,37,33,49,52,54,44,47,42,50,54,47,55,46,43,15,52,40,50,49,15,16,15,7,13,7,13,14,10,League Two
O. Hernández,Port Vale,Cuba,11,"LW, RW, RM",Left,172,33,64,,66,65,62,68,31,56,65,68,42,62,61,72,64,58,57,62,67,66,76,70,67,68,59,65,52,59,56,30,62,62,59,68,31,28,30,10,10,14,6,6,13,League Two
M. Faal,Port Vale,The Gambia,9,ST,Right,196,23,58,,61,60,49,56,27,62,52,60,65,51,58,53,50,46,38,61,64,59,49,57,48,65,65,57,69,55,49,23,62,53,58,60,21,26,17,13,14,10,11,9,8,League Two
C. Bussell,Port Vale,Inglaterra,42,CM,Right,173,18,53,,52,48,54,53,46,50,51,42,43,54,40,53,51,51,54,54,48,56,55,51,53,57,47,54,50,53,45,50,52,58,45,52,47,44,40,7,6,11,6,15,7,League Two
R. Walters,Port Vale,Inglaterra,38,"CDM, CM, CAM",Right,169,20,58,,56,48,57,54,60,59,56,43,52,58,45,52,50,45,55,55,55,57,55,54,57,56,47,60,59,51,61,60,47,61,51,59,60,64,56,6,12,6,7,8,6,League Two
M. Craig,Port Vale,Escocia,37,"CDM, CM",Right,184,23,60,,54,52,56,57,62,62,48,52,56,63,39,54,44,54,58,62,52,56,52,55,57,51,62,62,62,57,60,65,57,55,49,62,57,69,61,6,14,11,15,15,14,League Two
G. Hall,Port Vale,Inglaterra,33,"RW, RM, CM",Right,175,22,60,,65,58,59,63,29,54,64,61,48,56,53,63,69,56,55,64,64,65,66,54,61,55,55,61,53,55,45,32,64,60,53,55,29,23,26,15,9,7,8,13,10,League Two
M. Asamoah,Port Vale,Inglaterra,27,"LW, ST",Left,183,23,55,,62,53,51,57,24,47,52,55,43,55,50,60,54,48,42,54,63,61,60,54,56,52,44,47,50,49,42,26,60,52,46,56,22,18,22,8,6,12,12,9,8,League Two
R. Croasdale,Port Vale,Inglaterra,18,"CM, CDM",Right,175,32,60,,53,53,61,58,50,57,58,52,48,61,47,54,61,53,69,59,52,53,64,58,62,57,55,64,53,54,57,51,55,61,52,59,50,51,46,6,8,8,6,6,11,League Two
K. Dempsey,Port Vale,Inglaterra,10,"CDM, CAM, CM",Right,178,31,61,,56,51,60,57,67,63,53,48,58,64,41,53,46,52,63,60,55,56,59,65,56,56,57,65,63,58,60,69,48,64,44,63,70,67,66,12,15,13,7,15,9,League Two
B. Garrity,Port Vale,Inglaterra,8,"CM, CAM, CDM",Right,183,29,61,,59,58,59,63,54,61,58,57,50,61,51,67,57,53,59,61,58,59,58,56,63,59,52,66,62,64,53,63,60,59,52,62,52,55,48,7,15,7,6,12,10,League Two
G. Byers,Port Vale,Escocia,7,"CM, CDM",Right,180,30,60,,55,56,61,60,50,56,56,57,55,67,46,59,58,49,61,63,58,53,56,60,62,60,50,59,54,51,57,54,57,60,56,62,46,50,47,7,9,9,14,9,9,League Two
F. Ojo,Port Vale,Bélgica,16,"CM, CDM",Right,177,35,65,,55,60,66,65,60,64,56,56,54,69,60,63,62,59,67,69,56,55,65,60,64,65,58,70,62,63,63,64,61,72,62,67,58,63,51,15,15,11,6,8,12,League Two
T. Magloire,Port Vale,Inglaterra,35,CB,Right,185,27,59,,55,43,48,45,60,57,46,39,57,58,35,41,42,36,50,46,52,58,45,57,42,58,58,54,56,42,62,62,32,35,41,57,58,59,64,6,6,9,12,10,6,League Two
B. Lomax,Port Vale,Inglaterra,30,"CB, CDM",Right,181,20,54,,51,34,41,47,58,56,40,29,53,47,32,41,32,30,42,53,47,54,43,51,50,49,55,51,57,34,60,55,32,37,33,48,61,63,49,13,9,14,15,14,6,League Two
C. Humphreys,Port Vale,Inglaterra,25,CB,Right,187,28,60,,59,38,51,49,62,61,48,31,66,59,29,42,41,46,53,53,55,62,49,63,47,58,67,48,66,38,62,61,35,44,39,61,60,65,62,13,7,9,6,10,13,League Two
L. Montsma,Port Vale,Países Bajos,22,"CB, RB",Left,191,28,58,,53,36,45,46,62,60,41,29,65,51,34,41,37,35,52,50,56,51,40,61,47,53,62,54,63,38,59,63,31,38,37,51,56,65,62,13,10,10,12,12,9,League Two
L. Gordon,Port Vale,Guyana,15,"LB, LM",Right,183,27,59,,65,47,55,57,56,57,54,44,52,59,40,59,52,50,57,55,61,68,60,57,57,56,56,64,56,45,52,53,50,51,44,49,61,55,58,10,6,14,7,6,12,League Two
A. McGowan,Port Vale,Inglaterra,12,CB,Right,175,30,59,,52,38,48,47,62,60,44,31,58,53,34,43,35,44,51,46,54,50,54,54,49,50,65,57,61,39,58,64,38,45,44,56,60,63,60,7,14,12,6,15,14,League Two
J. Gabriel,Port Vale,Inglaterra,6,"RB, RM, RW",Left,179,28,58,,65,44,53,55,54,59,60,38,48,56,41,58,55,43,51,50,66,65,62,53,56,55,56,62,59,45,57,55,49,45,48,53,54,54,57,8,11,15,9,7,15,League Two
C. Hall,Port Vale,Inglaterra,5,CB,Right,193,33,65,,61,46,54,54,66,70,51,42,72,60,39,52,49,46,53,54,58,63,52,68,53,61,67,63,76,45,66,70,34,52,49,69,66,61,71,6,10,8,13,10,15,League Two
J. Moon,Port Vale,Inglaterra,4,"CB, RB",Right,186,25,57,,50,36,43,48,61,60,44,31,60,48,29,43,37,39,44,50,48,52,51,59,50,49,63,55,62,36,59,59,29,35,35,51,67,56,61,12,9,13,13,13,9,League Two
J. Headley,Port Vale,Inglaterra,3,"LB, LM, LW",Left,175,25,60,,68,46,54,57,61,58,58,45,49,55,44,54,58,46,56,57,70,67,61,57,66,54,59,61,56,41,59,62,48,49,48,58,60,65,65,9,8,7,9,12,9,League Two
K. John,Port Vale,Inglaterra,2,"CB, RB, RM",Left,176,25,59,,56,39,48,49,60,58,43,34,56,55,35,45,39,42,47,51,54,58,47,51,52,56,63,57,58,38,60,60,32,46,36,60,58,63,58,9,8,14,15,12,12,League Two
S. Hart,Port Vale,Inglaterra,23,LB,Left,183,30,63,,67,47,58,58,61,61,56,41,51,62,41,55,60,47,59,58,71,64,64,57,65,57,66,60,61,50,62,64,51,52,47,63,60,62,62,8,10,13,12,6,6,League Two
J. Debrah,Port Vale,Inglaterra,26,CB,Right,184,25,61,,56,41,46,52,63,64,43,34,61,54,38,45,42,40,51,58,57,55,51,58,55,55,61,59,66,47,67,63,36,35,38,62,61,65,64,10,11,9,13,10,7,League Two
B. Heneghan,Port Vale,Inglaterra,21,CB,Left,191,33,65,,56,48,54,56,67,64,51,42,70,63,34,51,48,50,54,60,54,58,50,64,55,61,73,58,67,53,63,64,39,45,46,69,71,63,66,12,8,7,8,14,14,League Two
K. Moseley,Port Vale,Inglaterra,31,GK,Right,182,18,52,,27,15,20,20,11,34,10,10,13,22,10,12,10,10,23,19,28,27,31,46,34,35,42,26,39,10,27,14,10,29,10,30,10,10,12,50,50,46,49,56,27,League Two
A. Davies,Port Vale,Inglaterra,29,GK,Left,189,20,53,,30,14,21,23,12,36,10,10,11,27,10,10,13,10,23,30,29,31,27,50,33,28,42,33,40,10,27,17,10,25,11,29,10,12,10,51,54,52,52,55,31,League Two
M. Maroši,Port Vale,Eslovaquia,20,GK,Right,190,32,59,,32,17,29,27,19,44,21,10,25,35,10,12,13,14,28,32,29,35,34,63,45,39,43,43,46,13,40,26,10,35,16,46,12,20,15,60,59,53,61,62,36,League Two
M. Terry,Port Vale,Inglaterra,13,GK,Right,189,22,55,,29,15,25,23,16,40,10,10,17,30,12,17,10,15,25,21,28,29,33,47,31,31,40,30,48,10,31,19,13,36,16,34,10,21,10,61,55,47,55,54,37,League Two
J. Smith,Port Vale,Inglaterra,1,GK,Right,187,24,61,,37,19,28,29,18,45,12,10,21,36,11,18,14,14,31,32,35,39,38,59,41,44,50,39,51,16,35,25,10,37,20,40,16,14,19,65,59,51,62,65,37,League Two
K. Connolly,Colchester United,Inglaterra,39,RW,Right,176,21,54,,63,51,51,58,25,49,52,51,39,53,52,57,51,46,46,62,61,64,57,52,53,53,41,52,51,49,43,29,55,53,50,50,22,22,21,15,10,7,14,10,13,League Two
O. Thorn,Colchester United,Inglaterra,27,"RW, CAM",Right,170,22,58,,63,54,54,60,26,47,61,53,39,50,55,64,57,51,53,52,60,65,68,63,64,58,46,58,42,53,45,29,59,53,52,52,25,23,23,13,9,15,12,9,12,League Two
J. Williams,Colchester United,Inglaterra,17,"CAM, ST",Left,181,22,59,,61,58,59,63,32,51,56,57,42,61,51,66,67,59,53,61,60,61,59,63,60,58,50,63,48,61,45,32,56,63,56,63,30,32,25,9,11,7,13,14,7,League Two
B. Lubala,Colchester United,República Democrática del Congo,15,"LW, ST, RW",Left,177,28,58,,67,57,57,63,25,50,57,58,45,62,61,66,61,53,48,62,64,69,64,58,57,54,49,61,47,55,46,26,68,55,56,53,24,20,23,7,12,10,7,12,9,League Two
K. Kouassi,Colchester United,Inglaterra,14,ST,Right,170,23,59,,60,63,51,58,23,55,50,69,56,54,60,58,47,41,44,56,62,58,61,60,58,60,60,57,56,54,50,21,56,56,58,57,20,17,19,8,13,8,6,12,6,League Two
L. Chiwome,Colchester United,Inglaterra,11,ST,Left,179,20,58,,57,59,45,55,25,59,44,58,62,45,63,54,46,46,41,56,54,60,57,53,52,62,61,58,62,56,52,29,63,48,57,58,17,20,17,11,10,11,14,8,13,League Two
B. Ihionvien,Colchester United,Inglaterra,9,"ST, LW",Right,190,22,58,,59,59,47,56,24,58,45,62,68,51,57,54,50,54,39,58,58,60,51,62,50,59,60,51,62,51,58,25,60,45,59,63,18,18,19,11,10,6,8,6,10,League Two
H. Anderson,Colchester United,Inglaterra,7,"LW, LM, RW",Right,168,29,61,,65,59,60,67,32,50,63,57,47,60,57,68,60,57,55,67,65,65,70,61,66,61,47,57,49,61,46,34,64,61,59,62,32,27,23,8,11,15,6,10,15,League Two
A. Akande,Colchester United,Nigeria,13,"LW, LM",Left,166,22,58,,68,58,56,59,26,48,61,59,42,55,51,56,59,54,50,60,71,65,64,53,63,60,46,60,45,55,43,30,59,57,56,60,24,22,21,6,10,11,11,15,10,League Two
R. Harvey,Colchester United,Inglaterra,47,CDM,Right,186,19,53,,51,44,50,46,56,55,40,36,57,57,37,40,40,39,53,51,51,51,47,51,43,56,53,56,54,54,56,60,46,51,42,50,52,57,51,8,14,15,9,14,6,League Two
J. Williams,Colchester United,St. Kitts and Nevis,26,"CDM, CM",Right,185,26,59,,53,50,55,54,61,61,48,45,53,60,41,50,48,45,57,57,53,53,54,60,50,62,57,61,59,53,65,61,53,54,49,58,64,60,59,6,15,10,12,6,6,League Two
J. Payne,Colchester United,Inglaterra,10,"CAM, CDM, CM",Right,165,31,61,,59,63,62,69,33,51,60,63,42,60,58,71,62,55,61,69,58,60,69,63,66,65,48,57,49,65,50,34,62,71,59,67,35,29,30,8,10,7,10,9,7,League Two
T. Bishop,Colchester United,Inglaterra,8,"CDM, CM",Right,180,30,60,,56,52,57,58,62,63,57,50,58,60,43,54,47,49,58,63,54,58,58,55,57,61,56,65,59,52,70,66,52,55,49,62,62,60,62,8,6,13,11,11,11,League Two
P. Digby,Colchester United,Inglaterra,6,"CM, CDM",Right,175,31,58,,57,55,59,59,50,59,55,53,43,58,56,59,56,51,59,57,55,58,61,59,62,58,47,60,60,56,57,52,58,66,53,60,52,49,45,14,15,13,11,9,9,League Two
B. Perry,Colchester United,Inglaterra,4,CAM,Right,172,21,59,,57,59,62,64,32,52,61,57,46,64,49,65,58,57,58,64,60,54,63,61,71,65,45,61,50,58,46,34,60,63,58,59,27,33,27,6,13,12,13,10,13,League Two
S. Kuffour Jr.,Colchester United,Ghana,44,CB,Right,182,22,54,,50,34,40,42,58,55,39,30,61,40,29,35,34,36,44,43,52,48,49,59,49,48,61,51,57,32,54,56,24,43,38,53,54,64,56,15,11,14,11,7,6,League Two
K. Vincent-Young,Colchester United,Grenada,30,"RB, LB",Left,180,30,60,,65,44,56,57,57,59,64,40,50,59,39,57,56,48,55,54,61,68,64,55,58,52,58,63,59,47,55,56,41,48,41,57,60,57,60,10,9,6,9,13,11,League Two
F. Terry,Colchester United,Inglaterra,24,"CB, LB",Right,184,22,58,,52,37,46,48,62,60,46,31,60,51,34,44,39,42,52,49,48,56,45,56,48,52,61,59,60,40,60,65,33,35,34,63,61,63,62,12,15,12,13,11,11,League Two
J. Leake,Colchester United,Inglaterra,21,"LB, LM",Left,179,23,54,,59,37,50,52,52,50,51,34,46,54,35,53,49,43,46,49,57,60,60,47,54,46,52,55,49,36,47,51,39,47,33,47,54,53,53,11,6,14,9,11,6,League Two
S. Raggett,Colchester United,Inglaterra,20,"CB, RB",Right,181,32,59,,55,38,48,50,62,64,44,31,58,55,34,47,41,33,49,54,53,56,42,58,56,55,59,61,68,41,60,61,31,45,41,56,63,63,59,7,6,8,8,12,15,League Two
M. Sesay,Colchester United,Inglaterra,12,"LB, CDM, RW",Left,178,19,50,,55,37,42,45,49,48,49,35,41,47,34,38,40,33,40,51,51,58,53,41,54,47,48,54,45,32,50,45,36,33,33,43,50,52,52,11,9,7,7,14,8,League Two
J. Tucker,Colchester United,Inglaterra,5,"CB, CDM",Right,192,26,61,,58,41,47,46,65,66,46,34,63,52,39,40,37,40,49,47,51,63,51,57,50,55,64,58,71,43,66,65,32,43,44,59,62,68,63,8,10,6,8,9,10,League Two
E. Iandolo,Colchester United,Inglaterra,3,LB,Right,180,29,57,,60,44,51,55,54,56,55,43,53,51,37,57,54,46,54,52,57,62,55,56,61,53,54,59,54,41,59,46,47,46,42,51,56,54,60,8,9,10,12,10,7,League Two
R. Hunt,Colchester United,Inglaterra,2,"RB, CDM, LB",Left,170,31,61,,64,48,56,58,59,55,59,44,49,58,46,57,53,47,53,57,64,64,62,61,65,58,57,60,51,45,57,60,52,53,45,58,57,61,64,8,7,10,12,11,11,League Two
O. Roberts,Colchester United,Inglaterra,31,GK,Right,189,25,53,,28,16,24,22,11,34,12,10,12,30,10,12,10,11,28,26,32,24,27,47,31,39,38,25,41,10,28,15,10,31,17,29,10,10,10,53,52,45,51,53,34,League Two
T. Lo-Tutala,Colchester United,Francia,22,GK,Right,185,23,60,,33,16,28,25,17,40,13,10,17,35,12,11,14,11,31,27,35,32,35,58,47,37,49,37,43,13,32,22,10,36,17,46,13,19,14,60,62,54,65,67,38,League Two
T. Smith,Colchester United,Inglaterra,1,GK,Right,188,24,59,,31,17,28,26,17,41,16,10,17,30,10,15,17,20,34,28,35,28,31,55,45,37,48,28,48,15,36,26,10,38,23,42,13,16,17,60,62,52,59,57,41,League Two
G. Alston,Swindon Town,Inglaterra,40,ST,Right,188,19,52,,57,54,41,48,20,54,38,58,57,48,54,48,38,43,34,47,54,59,50,45,49,52,55,49,57,48,50,14,51,39,49,46,16,17,11,10,8,12,10,12,9,League Two
L. Millard,Swindon Town,Inglaterra,39,RW,Right,182,26,57,,64,53,55,59,28,51,55,52,42,58,49,62,55,49,50,58,62,65,57,59,64,55,46,59,50,52,44,36,58,55,50,49,24,27,14,9,6,9,12,10,11,League Two
J. Hoilett,Swindon Town,Canadá,30,"LW, CAM",Right,173,36,65,Canadá,61,64,63,67,33,55,59,62,50,64,63,66,62,58,58,66,60,61,69,65,72,62,57,63,50,70,55,32,69,69,63,66,33,29,29,15,12,11,12,9,10,League Two
A. Hackford,Swindon Town,Inglaterra,29,ST,Right,178,22,52,,53,52,41,53,18,51,41,50,53,41,59,56,40,46,37,51,52,53,56,54,48,55,51,50,52,48,50,10,59,42,52,50,15,14,15,15,11,10,13,6,15,League Two
O. Palmer,Swindon Town,Inglaterra,28,"ST, CAM, RW",Left,193,34,67,,65,69,55,68,31,71,50,73,76,57,70,70,63,58,53,67,62,67,60,68,58,64,73,62,79,66,64,25,73,56,68,76,29,24,25,6,12,13,14,10,6,League Two
A. Drinan,Swindon Town,Irlanda,23,"ST, CAM, RW",Right,178,28,64,,69,64,53,65,32,63,52,68,62,55,68,65,59,53,51,63,68,69,71,71,57,65,64,57,67,52,62,30,65,52,60,63,28,29,23,8,10,11,7,7,7,League Two
J. Hungbo,Swindon Town,Inglaterra,15,"LW, LB, RW",Left,180,26,57,,63,56,55,60,28,49,59,57,45,53,51,63,59,53,51,59,62,64,61,55,59,53,46,53,51,56,40,26,61,57,57,54,28,24,25,11,14,9,7,15,15,League Two
F. Holman,Swindon Town,Inglaterra,11,"ST, RW, LW",Right,182,21,56,,54,55,43,56,22,59,44,58,58,43,60,60,51,40,36,52,52,55,54,49,57,53,61,57,62,49,55,18,58,45,56,60,24,16,11,9,15,10,15,13,7,League Two
H. Smith,Swindon Town,Inglaterra,10,"ST, CF",Right,196,31,60,,59,62,52,58,25,66,47,65,67,56,57,58,52,55,45,58,65,54,50,71,46,65,71,58,74,55,53,22,67,52,58,64,26,17,14,15,11,15,15,8,15,League Two
P. Glatzel,Swindon Town,Inglaterra,9,"RW, CAM, ST",Left,174,25,61,,67,60,58,62,31,53,60,64,48,56,56,58,59,55,55,64,64,69,65,67,65,54,54,65,49,59,48,28,64,61,58,61,29,31,30,7,7,10,14,7,12,League Two
D. Mitchell,Swindon Town,Inglaterra,39,"CAM, CM",Right,171,21,52,,56,51,54,55,23,42,50,49,34,57,50,53,52,53,50,57,55,56,57,50,57,53,39,52,37,55,45,22,50,55,52,55,25,19,21,7,6,12,6,13,10,League Two
J. McGregor,Swindon Town,Inglaterra,33,"RB, RM, LB",Right,179,20,58,,67,46,53,56,54,55,61,42,52,51,38,58,48,40,53,53,68,66,55,56,63,59,53,62,51,46,55,54,43,52,42,50,51,54,67,6,7,11,10,6,8,League Two
A. Munda,Swindon Town,Inglaterra,27,"CM, CAM, CDM",Right,181,20,53,,54,47,52,57,47,51,47,45,43,54,44,62,47,44,56,57,51,56,51,48,53,51,48,57,51,48,43,48,46,56,47,50,47,50,44,13,7,15,13,9,9,League Two
J. Thomson,Swindon Town,Escocia,25,"CM, CAM",Left,186,26,60,,55,54,62,59,51,57,58,52,55,64,52,59,55,56,69,60,57,53,57,62,56,61,56,61,56,54,53,47,52,61,55,62,52,54,46,9,7,6,15,10,13,League Two
M. Virtue,Swindon Town,Inglaterra,24,"CAM, CDM, CM",Left,175,29,57,,58,56,57,60,28,47,53,56,43,60,53,60,58,55,50,61,60,56,60,56,55,55,48,55,47,58,39,30,56,60,60,55,28,25,23,12,6,11,15,12,12,League Two
J. Pearman,Swindon Town,Australia,22,CAM,Right,177,20,56,,57,52,57,58,28,46,53,49,40,55,50,54,56,55,60,61,61,54,62,54,61,55,38,53,43,53,45,31,56,62,55,55,28,24,24,10,15,10,15,6,7,League Two
B. Middlemas,Swindon Town,Inglaterra,20,"CM, CDM",Right,165,21,59,,58,51,58,63,52,57,50,49,46,61,50,65,53,51,62,63,56,60,63,60,62,50,47,60,58,56,55,56,53,59,48,55,52,52,47,12,13,9,6,15,7,League Two
J. Snowdon,Swindon Town,Inglaterra,19,"RB, RM, RW",Right,171,22,57,,61,45,52,54,54,55,54,42,42,55,40,51,50,43,51,56,58,63,57,55,65,58,59,60,52,41,55,53,44,48,42,52,57,54,56,6,15,14,8,7,12,League Two
D. Butterworth,Swindon Town,Inglaterra,14,"CM, CDM",Right,183,27,59,,59,55,60,59,52,60,61,54,49,60,48,61,56,52,62,60,62,56,55,57,54,62,48,64,61,56,54,53,50,59,50,55,50,54,48,14,14,10,6,15,8,League Two
O. Clarke,Swindon Town,Inglaterra,8,"CM, CB, CAM",Right,180,34,62,,53,57,62,62,55,57,56,52,52,63,50,61,56,55,64,63,56,50,56,65,58,65,52,66,55,64,54,59,56,67,53,67,54,57,51,12,15,10,14,8,7,League Two
T. Nichols,Swindon Town,Inglaterra,7,"CM, CDM",Right,178,33,62,,51,54,65,64,55,58,60,51,55,70,54,64,61,58,64,64,53,50,60,65,62,57,50,68,54,54,55,63,59,64,57,65,50,56,48,15,10,11,15,6,7,League Two
G. Kilkenny,Swindon Town,Irlanda,4,"CDM, CM",Right,194,26,61,,54,51,58,56,64,65,55,48,65,60,44,57,52,55,63,57,61,49,51,63,48,57,58,68,65,53,65,65,54,56,51,62,57,71,58,8,9,10,12,15,13,League Two
L. Griffiths-Brown,Swindon Town,Inglaterra,38,RB,Left,172,28,57,,62,42,52,52,53,52,58,37,52,54,36,49,47,36,53,52,61,62,63,58,55,53,46,56,50,44,52,58,50,46,40,52,49,54,57,7,8,15,13,9,9,League Two
A. McCormick,Swindon Town,Inglaterra,38,"CB, RB",Right,187,19,50,,46,33,36,39,54,53,32,27,52,40,30,34,30,27,43,43,48,45,35,50,43,49,49,47,57,36,52,48,23,32,33,46,60,51,58,8,6,6,8,13,12,League Two
B. Kirkman,Swindon Town,Inglaterra,34,"LB, CB",Right,175,22,55,,59,41,48,55,50,54,47,34,42,52,35,54,48,43,49,52,58,60,65,55,62,55,47,58,50,43,59,52,43,44,37,51,47,52,57,10,10,8,12,12,7,League Two
D. Butler,Swindon Town,Inglaterra,26,"LB, RB",Right,175,32,65,,67,48,62,63,64,63,69,43,56,63,45,60,61,50,55,64,64,69,66,63,70,55,56,65,61,54,67,63,51,60,47,63,68,64,63,11,9,6,6,15,7,League Two
K. Majekodunmi,Swindon Town,Australia,21,"CB, RB",Right,188,22,56,,53,36,41,44,59,57,41,32,54,45,31,35,29,33,50,49,51,54,45,57,50,49,56,53,57,39,63,55,25,33,33,57,60,61,62,15,12,8,11,6,8,League Two
J. Debayo,Swindon Town,Inglaterra,18,"CB, CDM",Right,183,21,54,,49,35,40,45,55,55,37,30,55,49,28,39,29,29,43,48,49,49,46,57,45,51,58,51,58,36,54,54,21,33,34,54,55,55,56,12,9,12,15,10,6,League Two
R. Tafazolli,Swindon Town,Inglaterra,17,CB,Right,196,35,60,,49,38,47,48,65,66,43,33,67,53,38,46,32,41,55,50,48,50,41,59,44,52,66,61,71,36,60,66,40,40,39,61,63,67,62,7,11,8,12,9,9,League Two
S. Inwood,Swindon Town,Irlanda del Norte,16,"CB, LB",Right,186,21,52,,48,30,40,39,57,53,37,24,58,48,21,35,33,34,44,41,46,49,37,49,44,44,53,45,55,33,56,58,23,29,31,46,55,58,54,9,13,9,7,11,11,League Two
J. Ball,Swindon Town,Inglaterra,6,"CB, RB, CM",Right,191,30,59,,54,42,48,44,65,62,43,38,65,56,36,38,40,38,51,49,51,57,45,52,47,53,67,51,68,42,62,65,38,41,36,54,64,67,62,12,15,6,12,10,13,League Two
S. Negru,Swindon Town,Moldavia,5,CB,Right,186,24,61,,59,45,47,49,62,64,44,41,64,53,33,44,39,40,54,54,59,59,46,60,54,59,68,56,68,44,63,66,37,39,42,52,58,63,60,13,11,9,9,14,14,League Two
M. Clark,Swindon Town,Gales,2,"RB, LW",Right,173,27,57,,65,42,51,54,56,54,59,39,47,53,39,52,49,45,50,54,62,68,58,54,62,48,49,62,50,41,56,57,51,44,44,53,57,56,56,7,6,15,15,6,14,League Two
S. Hart,Swindon Town,Inglaterra,3,RB,Left,180,20,56,,62,40,50,52,54,54,56,35,48,49,42,48,51,41,50,53,66,58,58,49,60,48,53,57,54,43,52,52,48,46,40,54,54,57,60,12,10,14,9,8,12,League Two
H. Minturn,Swindon Town,Inglaterra,13,"CB, RB",Right,188,22,56,,52,36,44,46,60,63,43,30,58,51,32,37,38,34,47,55,51,53,45,53,45,52,58,63,62,37,65,63,32,36,37,53,58,60,61,15,7,8,14,9,7,League Two
L. Ward,Swindon Town,Inglaterra,12,GK,Right,195,29,57,,35,16,25,22,16,42,10,10,20,34,10,11,13,10,25,23,36,34,29,52,36,40,45,29,51,10,33,19,10,32,19,41,15,15,14,60,55,48,51,58,37,League Two
C. Ripley,Swindon Town,Inglaterra,1,GK,Left,180,33,63,,34,21,31,32,22,46,19,15,28,35,16,22,19,13,32,35,30,37,40,58,44,38,52,35,54,23,38,25,10,41,24,45,23,17,20,67,60,57,67,69,40,League Two
D. Jones,Tranmere Rovers,Inglaterra,29,"ST, CAM",Left,180,21,54,,53,52,45,54,21,54,41,53,54,48,56,53,45,41,45,54,52,53,59,53,47,50,55,53,59,49,45,16,60,46,55,60,20,16,13,11,7,10,6,11,9,League Two
S. Mann,Tranmere Rovers,Inglaterra,27,RW,Right,179,19,53,,62,50,49,57,21,46,51,50,40,51,48,56,51,44,46,61,61,62,62,44,56,49,39,50,47,51,38,21,60,46,51,47,18,17,20,9,7,6,8,9,11,League Two
D. Kamara,Tranmere Rovers,Inglaterra,24,"ST, CF",Right,186,20,53,,56,53,41,50,22,52,37,54,56,46,54,50,44,44,32,51,58,55,51,49,50,58,53,49,55,45,48,18,58,43,55,48,19,17,15,6,7,10,6,9,15,League Two
C. Baker-Richardson,Tranmere Rovers,Inglaterra,19,ST,Right,185,30,59,,60,62,49,61,26,59,50,66,62,51,57,61,55,49,42,61,56,64,60,61,58,61,60,53,61,54,61,24,61,47,61,60,23,19,20,13,9,10,6,13,13,League Two
C. Jennings,Tranmere Rovers,Inglaterra,18,"ST, CAM",Right,183,34,65,,59,64,55,66,32,65,56,65,68,56,69,65,60,57,50,68,62,57,63,70,64,63,65,59,70,60,60,33,70,56,60,66,28,26,22,12,15,12,13,10,13,League Two
Z. Okoro,Tranmere Rovers,Inglaterra,17,RW,Right,180,19,60,,68,58,60,60,31,53,62,60,52,63,61,66,52,50,55,54,69,67,60,59,62,61,48,58,54,52,45,28,60,60,53,52,28,32,24,6,8,11,10,14,8,League Two
J. Davies,Tranmere Rovers,Gales,15,"RW, ST",Right,178,28,57,,65,57,53,60,26,51,57,59,46,53,55,62,59,46,48,58,64,65,61,59,64,57,43,61,48,51,47,25,54,54,59,55,23,24,24,9,8,9,12,15,13,League Two
J. Ironside,Tranmere Rovers,Inglaterra,9,ST,Right,185,32,66,,68,70,58,66,35,68,56,73,70,59,64,67,55,61,51,67,67,68,61,71,63,71,67,68,71,63,60,30,73,61,60,66,36,31,18,8,13,15,7,11,13,League Two
R. Watson,Tranmere Rovers,Inglaterra,44,"CDM, CB",Right,187,33,62,,49,51,58,58,62,70,50,44,59,61,49,56,47,53,61,60,47,50,53,67,56,57,57,68,73,58,66,66,54,60,53,61,62,60,64,11,7,15,9,7,14,League Two
J. Plant,Tranmere Rovers,Inglaterra,26,"RB, RM, RW",Right,175,21,56,,62,45,51,53,54,50,56,43,45,53,42,54,50,37,54,51,62,62,53,54,57,53,52,56,48,42,49,55,46,44,41,50,53,56,56,6,15,6,12,10,11,League Two
L. Warrington,Tranmere Rovers,Inglaterra,25,"CDM, CM",Right,175,23,60,,55,49,56,55,60,60,52,44,52,59,44,54,53,52,61,55,55,55,57,61,58,61,59,60,56,50,68,58,56,54,48,58,61,62,58,15,9,14,7,15,15,League Two
J. Williams,Tranmere Rovers,Gales,21,"CM, CAM",Right,184,22,55,,52,47,56,55,47,55,52,40,49,60,43,56,45,49,61,54,57,48,56,52,51,54,51,57,57,55,50,49,56,55,51,53,46,47,41,13,7,14,6,12,14,League Two
C. Veevers,Tranmere Rovers,Inglaterra,20,"CM, CAM",Right,180,21,55,,52,50,58,55,47,54,50,49,51,61,40,51,61,53,58,58,49,55,58,52,59,48,46,59,55,52,49,50,53,59,57,58,38,54,43,7,12,13,9,9,6,League Two
T. Conlon,Tranmere Rovers,Inglaterra,11,"CDM, CAM",Right,173,30,56,,52,47,54,53,57,54,45,44,47,62,41,48,48,51,56,56,51,52,52,57,58,52,51,58,51,50,57,57,47,49,45,58,55,62,61,15,11,6,6,14,15,League Two
T. Ince,Tranmere Rovers,Inglaterra,10,"CAM, RM, LM",Right,178,34,64,,59,61,66,67,36,55,59,62,53,71,59,66,67,60,63,69,63,56,67,64,67,55,45,65,53,65,49,35,63,69,59,66,35,33,28,7,8,13,7,10,12,League Two
S. Finley,Tranmere Rovers,Inglaterra,8,"CDM, CM, CAM",Right,170,34,61,,50,49,55,57,62,61,48,40,55,58,45,56,50,52,59,55,49,50,56,68,62,64,56,66,59,55,63,66,51,56,51,63,64,61,61,10,14,12,15,8,12,League Two
C. Whitaker,Tranmere Rovers,Inglaterra,7,"CAM, LW, ST",Left,173,23,59,,61,58,63,62,31,53,61,58,42,67,60,63,61,53,60,61,63,59,69,54,58,57,44,57,53,55,51,26,61,61,63,63,33,31,21,9,6,10,14,7,7,League Two
W. Vaulks,Tranmere Rovers,Gales,6,CDM,Left,180,33,66,,54,59,63,66,68,69,60,58,63,69,51,65,60,49,65,68,52,55,64,71,61,68,72,71,69,58,68,74,51,60,56,66,67,67,64,12,15,10,6,15,8,League Two
G. Nevett,Tranmere Rovers,Gales,30,CB,Right,185,20,60,,58,39,49,48,64,59,46,32,59,55,34,45,41,34,53,50,57,59,47,53,48,55,64,53,60,44,62,62,27,45,43,59,67,64,64,12,6,12,14,15,7,League Two
P. Brough,Tranmere Rovers,Inglaterra,23,"CB, LB",Left,180,30,60,,56,40,48,47,64,60,46,32,63,55,33,43,42,45,50,47,57,55,51,61,54,57,60,54,63,43,61,62,31,39,40,58,66,66,62,10,15,12,8,12,8,League Two
L. O'Connor,Tranmere Rovers,Irlanda,22,"CB, CDM",Right,185,26,58,,61,40,45,43,61,59,41,37,60,53,37,39,43,45,46,44,58,64,44,54,50,54,56,54,61,36,61,60,28,37,41,52,61,64,57,10,14,14,7,10,12,League Two
B. Faulkner,Tranmere Rovers,Inglaterra,16,"CB, RB",Right,186,22,55,,44,33,43,45,59,60,36,27,59,55,29,36,34,38,46,53,46,42,46,54,42,50,55,53,66,32,57,58,31,29,34,50,59,60,56,15,9,12,14,14,8,League Two
O. Scott,Tranmere Rovers,Inglaterra,14,"LB, CM",Left,161,25,56,,62,41,51,58,54,51,54,35,40,53,38,56,46,45,53,58,59,65,65,53,67,52,47,63,45,44,53,53,46,46,40,49,60,54,53,11,9,6,14,13,14,League Two
N. Smith,Tranmere Rovers,Inglaterra,5,CB,Left,185,30,57,,47,37,45,46,59,60,40,31,57,54,38,43,37,38,43,49,50,45,44,56,43,54,60,54,60,32,66,62,33,41,39,54,58,59,59,9,14,9,7,14,15,League Two
J. Turnbull,Tranmere Rovers,Inglaterra,4,CB,Right,185,31,58,,52,38,47,46,61,61,46,32,53,51,35,41,34,37,52,48,55,49,43,54,50,54,62,50,66,36,62,59,29,42,38,56,62,64,61,12,12,14,9,7,10,League Two
J. Slater,Tranmere Rovers,Inglaterra,3,"LB, RB",Left,181,22,61,,64,48,57,59,59,57,66,46,55,57,48,56,51,50,53,61,66,63,62,55,60,56,58,65,52,47,60,52,46,53,47,62,61,64,59,11,14,15,9,15,8,League Two
J. Senior,Tranmere Rovers,Inglaterra,2,"RB, RM",Right,175,27,60,,64,46,56,58,57,58,59,43,48,57,42,54,54,48,59,63,63,64,63,51,63,52,56,57,58,48,62,54,48,54,45,51,59,58,60,9,9,13,12,6,10,League Two
J. Lowe,Tranmere Rovers,Inglaterra,28,"CB, CDM",Right,176,35,63,,54,43,51,55,66,65,47,39,64,58,44,49,36,43,55,59,56,53,51,65,55,60,61,60,68,39,65,70,36,47,40,64,62,70,64,10,14,8,9,12,8,League Two
J. McEvilly,Tranmere Rovers,Inglaterra,31,CB,Right,184,20,54,,53,33,44,42,55,57,39,26,50,49,30,35,32,37,54,46,54,53,42,52,46,52,58,48,61,32,60,57,32,35,29,48,57,53,56,12,11,12,14,10,13,League Two
C. Boyce-Clarke,Tranmere Rovers,Jamaica,13,GK,Right,183,23,59,,37,15,28,26,18,44,16,10,17,35,10,18,11,12,34,25,35,39,33,62,35,32,50,36,51,14,34,23,10,33,15,38,17,18,14,59,55,54,61,61,37,League Two
H. Male,Tranmere Rovers,Inglaterra,12,GK,Left,188,26,54,,29,14,23,21,13,36,12,10,15,31,10,11,10,11,25,23,32,27,26,53,38,30,46,24,42,11,32,18,10,27,11,32,11,10,13,57,50,44,57,52,28,League Two
L. McGee,Tranmere Rovers,Inglaterra,1,GK,Right,188,31,61,,33,19,32,30,18,46,23,12,19,38,11,21,20,19,34,30,31,34,38,60,44,37,48,39,54,20,35,25,11,37,19,42,21,12,16,62,58,52,60,65,39,League Two
N. Bell,Crewe Alexandra,Inglaterra,35,RW,Left,168,20,52,,59,49,50,52,21,42,53,49,34,49,48,51,56,47,43,52,60,58,58,47,58,46,39,57,35,53,40,23,57,51,44,41,18,19,21,7,6,12,11,15,14,League Two
A. Thibaut,Crewe Alexandra,Irlanda,29,ST,Right,180,22,60,,63,63,52,59,29,54,42,64,59,61,61,55,50,51,47,63,60,66,63,58,53,62,61,51,56,58,50,28,69,51,66,58,27,24,20,15,9,7,8,12,10,League Two
P. Mlynarski,Crewe Alexandra,Gales,27,RW,Right,175,18,51,,61,49,48,53,17,44,47,47,38,51,48,52,48,46,45,55,59,63,54,50,58,52,45,51,41,50,43,16,56,49,49,34,16,15,11,14,13,7,14,12,10,League Two
C. McNeill,Crewe Alexandra,Inglaterra,23,"RW, CAM, ST",Left,182,23,62,,69,61,61,63,32,54,61,62,53,64,53,62,63,57,52,64,67,70,66,64,59,60,57,61,54,64,47,34,60,61,54,61,28,32,24,10,10,12,12,12,11,League Two
C. Agius,Crewe Alexandra,Gales,20,"LW, CAM, RB",Left,178,21,60,,65,57,57,62,29,52,59,56,46,57,61,58,62,59,50,65,62,67,67,59,63,58,58,61,51,57,42,34,65,57,58,55,29,21,24,15,14,15,12,15,11,League Two
J. Gibson,Crewe Alexandra,Inglaterra,14,"LW, RW",Left,178,28,61,,68,60,59,66,31,55,60,59,51,60,58,69,63,56,53,65,69,67,63,63,66,59,50,62,54,63,48,35,67,61,59,57,27,27,25,9,15,11,12,6,10,League Two
J. March,Crewe Alexandra,Inglaterra,9,"ST, LW",Right,175,29,63,,65,64,50,64,29,59,49,69,65,52,63,64,52,49,47,66,62,68,64,60,62,65,61,56,63,54,52,27,66,50,61,66,24,26,24,11,9,14,9,11,12,League Two
J. Lankester,Crewe Alexandra,Inglaterra,7,"CAM, RW",Right,177,26,60,,60,59,63,62,31,54,52,58,44,67,56,65,62,57,61,60,63,58,61,62,65,61,53,56,55,60,51,36,56,69,56,61,32,25,22,11,12,7,15,7,7,League Two
J. Ewusi,Crewe Alexandra,Inglaterra,36,"CDM, CB",Left,187,20,53,,48,46,48,49,56,55,44,43,50,53,35,48,43,44,49,52,50,46,42,48,45,55,57,53,57,49,50,58,44,47,44,46,57,56,54,8,6,6,11,13,11,League Two
O. Taylor,Crewe Alexandra,Inglaterra,33,CM,Right,177,27,59,,55,56,58,60,53,57,56,55,51,58,49,57,61,56,55,62,54,55,59,60,61,57,53,65,57,58,49,55,62,62,52,63,53,52,52,13,15,6,13,10,9,League Two
L. Moore,Crewe Alexandra,Inglaterra,32,LM,Left,174,21,55,,61,50,55,58,34,47,60,50,34,55,48,59,57,50,49,56,64,58,60,54,60,52,44,57,43,48,46,37,55,56,50,55,36,32,32,13,14,7,11,13,9,League Two
O. Lunt,Crewe Alexandra,Inglaterra,19,"CDM, CAM, CM",Right,184,22,57,,50,47,54,55,59,60,43,43,55,60,41,55,51,40,62,58,51,50,50,56,46,56,53,63,60,48,57,63,50,54,44,53,60,56,59,11,8,9,12,14,14,League Two
M. Holícek,Crewe Alexandra,Eslovaquia,17,"CAM, CDM, CM",Left,183,21,57,,61,57,60,59,32,49,53,57,47,63,48,56,59,54,56,63,60,61,58,55,57,57,45,57,49,58,42,33,56,65,56,60,31,28,26,15,13,15,14,7,7,League Two
J. Tabiner,Crewe Alexandra,Inglaterra,11,"CAM, RW",Right,182,22,60,,58,59,61,62,31,53,58,57,49,60,57,63,65,55,60,62,60,57,63,57,63,61,50,60,53,64,47,35,61,65,56,65,26,31,23,9,15,6,6,15,13,League Two
J. White,Crewe Alexandra,Inglaterra,10,"CDM, CM, CAM",Right,186,24,60,,57,49,56,57,62,65,46,45,62,62,39,56,51,49,55,61,58,56,46,58,51,57,57,68,65,50,61,60,51,57,55,58,66,61,58,6,11,6,7,10,12,League Two
C. Thomas,Crewe Alexandra,Inglaterra,8,"CDM, CB",Right,185,32,62,,52,54,62,58,62,67,52,50,56,73,48,58,52,52,62,56,54,51,54,64,61,60,58,67,68,58,67,62,53,58,52,63,66,60,61,9,13,10,10,12,11,League Two
K. Ure,Crewe Alexandra,Escocia,4,"CM, CDM, LB",Right,182,20,53,,55,47,54,50,46,50,49,45,47,56,44,50,49,47,54,51,56,55,47,47,56,54,47,52,50,44,50,50,50,57,47,50,44,47,39,11,14,13,14,9,15,League Two
S. Dancey,Crewe Alexandra,Gales,30,"RB, LB",Left,177,19,53,,60,39,49,49,50,56,52,38,45,53,35,48,46,42,51,48,60,60,55,52,53,45,47,57,58,38,51,55,40,41,34,43,52,48,50,9,8,8,9,13,11,League Two
J. Stephenson,Crewe Alexandra,Inglaterra,12,"CB, CDM",Left,186,20,55,,54,38,45,46,57,58,38,32,53,56,35,45,33,31,49,46,51,56,49,49,39,57,62,56,58,37,58,54,29,35,30,45,62,56,59,10,15,8,11,15,7,League Two
L. Offord,Crewe Alexandra,Inglaterra,6,"CB, CDM",Right,183,26,63,,58,45,50,53,67,62,51,41,67,58,40,51,40,40,53,55,56,60,47,56,58,59,68,54,66,41,62,63,38,40,46,62,69,69,61,11,8,8,15,10,11,League Two
M. Demetriou,Crewe Alexandra,Inglaterra,5,CB,Left,188,36,61,,49,42,49,50,67,67,44,39,64,54,35,43,42,45,53,55,48,49,43,61,55,51,68,60,72,43,63,67,38,45,45,64,68,66,66,6,8,9,10,14,7,League Two
R. Hutchinson,Crewe Alexandra,Inglaterra,3,"LB, RB",Left,177,26,60,,63,45,56,57,59,58,65,43,56,57,44,53,51,48,56,59,61,64,62,60,59,51,57,65,54,46,62,61,40,47,47,57,58,57,65,8,9,9,13,10,8,League Two
L. Billington,Crewe Alexandra,Inglaterra,2,"RB, CB",Right,189,22,61,,65,47,58,57,60,59,62,42,54,58,44,56,52,46,58,57,62,67,61,63,55,55,61,63,57,52,60,59,48,59,47,59,63,60,57,10,8,15,14,15,8,League Two
L. Unsworth,Crewe Alexandra,Inglaterra,31,GK,Right,192,17,51,,26,15,22,18,12,33,10,10,12,28,10,10,11,10,22,16,29,23,27,42,31,33,44,22,40,10,27,17,10,28,13,32,10,10,10,52,47,44,50,51,28,League Two
I. Lawlor,Crewe Alexandra,Irlanda,13,GK,Left,181,31,59,,34,17,28,30,14,41,12,12,23,35,10,21,16,11,30,32,35,33,33,56,40,35,47,33,47,10,34,21,11,37,22,43,10,10,15,62,58,50,56,60,36,League Two
T. Booth,Crewe Alexandra,Inglaterra,1,GK,Left,188,22,53,,26,15,22,21,12,33,10,10,13,26,10,10,10,10,24,23,24,27,32,47,30,35,45,20,40,10,28,21,10,29,10,32,10,10,10,51,51,43,47,52,32,League Two
S. Sargent,Gillingham,Inglaterra,34,ST,Right,186,25,54,,50,54,44,52,19,57,41,58,57,45,57,53,45,49,38,53,46,54,48,53,51,51,62,47,66,47,48,15,57,46,53,51,15,17,11,11,15,11,11,11,14,League Two
S. Booth,Gillingham,Inglaterra,30,LW,Left,174,17,52,,59,51,50,54,22,43,51,52,41,51,47,56,55,46,45,55,60,59,59,45,46,52,40,53,40,48,38,31,56,51,50,40,17,18,15,7,13,13,10,9,11,League Two
S. Kendall,Gillingham,Inglaterra,18,RW,Right,172,18,54,,61,51,50,58,25,45,55,52,42,52,46,59,50,43,47,57,61,61,63,47,60,50,41,57,43,50,35,24,54,48,50,53,24,21,21,12,12,6,12,14,12,League Two
G. McCleary,Gillingham,Jamaica,12,"RW, CAM, LW",Left,188,39,61,,57,61,60,63,31,56,59,61,50,66,56,63,59,54,56,62,59,56,65,66,66,63,53,65,54,60,48,36,65,56,58,60,25,28,27,7,15,12,12,7,6,League Two
L. Sillah,Gillingham,The Gambia,11,ST,Right,186,20,53,,56,56,42,51,18,52,41,60,59,45,54,47,51,38,37,54,57,55,50,48,51,56,55,47,56,48,49,17,58,42,48,59,12,13,11,8,6,9,9,15,15,League Two
R. Hale,Gillingham,Irlanda del Norte,10,"ST, CAM, LW",Left,176,28,62,,62,64,53,63,28,57,47,66,56,58,62,66,56,55,46,62,61,63,55,68,58,65,64,55,57,58,58,26,67,52,63,65,24,24,27,6,7,13,6,15,6,League Two
W. Goodwin,Gillingham,Inglaterra,9,ST,Right,185,24,60,,61,61,51,60,27,57,54,64,59,52,66,63,54,51,52,57,59,62,60,63,54,58,55,58,57,56,56,25,62,43,60,59,23,23,25,11,10,10,15,8,13,League Two
K. Harris,Gillingham,Inglaterra,7,"LW, LB, LM",Right,175,33,60,,63,58,57,65,29,51,56,60,44,58,59,66,65,50,47,65,65,62,64,61,66,55,52,65,47,57,42,26,62,63,59,64,32,26,22,14,8,7,10,15,11,League Two
S. Vokes,Gillingham,Gales,31,"ST, CF",Right,186,36,63,,58,62,53,65,29,65,56,60,63,56,62,63,54,53,40,71,61,56,59,60,56,66,67,62,69,60,60,27,66,55,61,66,27,25,18,15,14,9,13,8,13,League Two
Z. Obiero,Gillingham,Kenia,35,"CAM, CDM",Right,170,21,61,,60,59,65,65,33,52,61,59,44,66,58,61,63,61,63,66,57,63,76,62,70,57,49,61,49,60,51,35,59,72,61,59,29,33,31,9,9,15,12,10,7,League Two
E. King,Gillingham,Gales,34,CDM,Right,188,23,63,,57,52,62,57,64,71,57,47,62,66,44,54,49,51,67,58,54,59,59,60,59,59,69,68,73,54,70,64,55,62,58,67,65,64,58,15,13,13,12,15,9,League Two
C. Beszant,Gillingham,Inglaterra,33,"CAM, CM",Left,170,19,53,,56,49,55,55,28,41,51,46,37,57,55,54,52,50,51,58,58,54,54,48,55,49,36,46,39,54,42,31,54,60,47,49,26,27,21,12,14,15,12,6,11,League Two
L. Dayal,Gillingham,Inglaterra,32,CM,Right,179,18,54,,52,50,56,54,48,51,52,45,45,61,44,53,53,48,53,59,53,52,48,51,53,60,45,55,50,54,50,50,51,54,51,53,46,48,49,8,13,10,11,15,10,League Two
D. Theodore,Gillingham,Inglaterra,28,LM,Left,169,19,54,,60,49,54,59,33,45,61,47,36,53,41,61,53,49,52,59,58,62,58,51,61,53,35,57,39,51,48,34,51,51,46,46,34,30,32,12,6,12,10,15,6,League Two
M. Luxton,Gillingham,Inglaterra,27,LM,Right,175,18,53,,59,45,52,57,35,45,55,43,37,53,48,58,58,48,47,58,60,59,57,48,57,49,33,52,42,44,46,40,48,52,53,47,35,33,32,10,9,9,12,13,10,League Two
H. Waldock,Gillingham,Inglaterra,24,"CDM, CAM, RW",Right,178,19,51,,48,43,48,47,51,56,44,37,45,54,37,44,38,41,49,50,48,48,46,48,44,52,48,60,54,51,56,56,44,46,41,48,46,54,53,6,10,14,7,12,14,League Two
B. Dack,Gillingham,Inglaterra,23,"CAM, RW, CM",Right,173,32,61,,61,62,64,66,34,54,60,63,46,67,56,65,65,60,58,67,58,63,66,61,68,62,46,56,56,62,51,32,68,67,56,62,35,33,26,13,13,9,7,14,7,League Two
N. Freeman,Gillingham,Inglaterra,22,"RB, CDM",Left,180,30,59,,62,44,56,53,56,57,65,39,55,59,38,51,53,45,57,53,63,62,60,58,55,52,56,66,54,49,54,57,51,47,44,56,54,59,55,11,6,7,11,12,9,League Two
C. Antwi,Gillingham,Inglaterra,17,"CM, CDM",Right,172,24,60,,57,55,61,59,48,58,59,55,45,61,51,54,62,52,65,63,59,55,65,54,64,58,48,67,56,53,56,49,55,61,55,64,46,51,45,10,9,8,11,14,7,League Two
J. Brophy,Gillingham,Inglaterra,16,"LB, RW, CAM",Left,178,32,64,,61,48,60,64,65,63,66,44,58,60,41,62,53,51,64,66,58,63,64,68,66,60,60,71,63,44,55,63,52,57,46,60,65,70,64,8,7,9,7,8,7,League Two
Z. Albarus,Gillingham,Inglaterra,15,"CDM, CM, CB",Right,188,20,55,,50,45,53,49,59,59,48,43,54,54,36,48,41,42,60,49,48,52,47,51,50,47,48,56,63,53,54,59,43,57,43,52,59,61,58,7,15,8,12,9,14,League Two
R. McKenzie,Gillingham,Inglaterra,14,"CDM, CM, CB",Left,184,28,58,,48,50,54,55,58,62,47,47,60,59,40,50,47,49,57,60,52,45,49,60,56,60,55,64,59,48,67,65,50,54,45,58,52,60,58,6,13,7,14,11,7,League Two
A. Little,Gillingham,Inglaterra,8,"CDM, CM",Right,175,29,58,,55,45,54,53,57,59,49,42,51,61,39,47,52,45,55,58,54,56,56,61,53,54,53,63,55,45,64,60,48,47,48,53,60,55,55,8,8,6,7,7,8,League Two
E. Coleman,Gillingham,Inglaterra,6,"CDM, CM",Right,188,26,57,,53,46,52,53,58,58,44,41,56,56,45,48,48,51,58,59,49,56,52,57,50,54,62,62,57,48,56,58,50,49,48,56,60,58,59,11,12,12,10,10,11,League Two
C. McManus,Gillingham,Irlanda,3,"LB, LW",Left,182,22,55,,61,40,50,52,51,55,56,33,45,49,42,52,47,40,52,51,59,63,58,52,59,55,53,57,54,40,54,53,45,49,35,47,53,49,53,15,12,11,12,6,9,League Two
H. Webster,Gillingham,Inglaterra,29,"RM, RW",Right,182,20,52,,58,46,52,50,33,44,53,44,43,52,44,48,57,46,49,53,59,58,50,46,54,49,45,53,37,47,48,35,47,51,46,46,30,31,32,7,7,7,15,10,11,League Two
L. Dobbs,Gillingham,Inglaterra,26,CB,Right,186,20,53,,50,32,41,40,55,58,38,27,55,51,24,38,31,27,41,42,54,47,36,49,49,44,53,50,64,33,52,57,29,32,37,42,54,52,59,11,7,10,7,12,9,League Two
J. Daley,Gillingham,Inglaterra,20,CB,Left,181,20,54,,52,36,42,44,56,55,40,32,52,47,28,38,34,35,50,48,52,52,47,52,48,52,54,48,58,34,56,56,31,31,37,49,53,59,58,9,12,13,13,9,12,League Two
O. Beckles,Gillingham,Grenada,19,CB,Right,191,34,65,,56,46,52,51,71,65,49,42,71,61,39,46,41,48,53,53,57,55,54,61,53,64,70,61,67,38,66,70,41,43,44,67,68,77,66,10,7,15,9,13,13,League Two
A. Smith,Gillingham,Inglaterra,5,CB,Left,186,25,56,,50,35,43,47,59,58,42,32,56,50,33,46,36,36,46,49,48,51,42,52,42,49,58,50,62,32,60,60,31,34,33,57,61,58,57,8,12,13,9,6,10,League Two
L. Gordon,Gillingham,Escocia,4,CB,Right,182,30,61,,58,43,51,50,63,64,43,40,56,59,37,48,40,44,62,49,57,58,54,58,54,56,67,60,65,40,65,59,33,41,43,59,65,64,68,15,10,6,13,12,15,League Two
S. Tabares,Gillingham,Inglaterra,2,"CB, CDM",Right,188,21,54,,51,35,41,44,55,55,38,31,54,45,34,43,37,38,50,43,50,52,43,48,45,44,59,50,55,35,58,53,30,31,34,50,49,62,55,6,11,8,6,6,13,League Two
M. Clark,Gillingham,Inglaterra,36,"LB, LM",Left,180,30,61,,67,46,57,57,61,60,61,41,53,61,45,59,53,44,60,54,65,69,57,60,59,52,60,60,61,49,60,58,48,49,46,52,60,66,62,8,12,13,11,14,6,League Two
R. Luthra,Gillingham,Inglaterra,40,GK,Right,195,24,57,,29,16,26,24,16,41,16,11,18,30,10,10,12,13,29,29,26,31,30,57,36,35,50,32,49,13,30,19,12,34,17,39,14,15,13,58,58,52,59,59,39,League Two
L. MacLorg,Gillingham,Inglaterra,25,GK,Left,187,20,52,,29,14,23,20,11,38,10,10,11,29,10,10,15,10,25,23,30,29,23,39,36,32,43,28,48,10,23,16,10,28,10,28,10,10,10,51,53,48,58,54,31,League Two
T. Holtam,Gillingham,Inglaterra,13,GK,Right,185,21,54,,28,16,25,23,12,36,10,10,16,31,10,11,10,17,34,27,26,30,30,46,38,37,38,22,44,10,34,18,10,27,14,30,10,10,12,51,54,51,55,57,33,League Two
O. Wright,Gillingham,Inglaterra,1,GK,Right,187,23,60,,37,19,29,26,17,41,13,15,22,37,16,18,15,15,32,27,39,36,29,48,43,38,47,31,47,14,35,25,12,36,18,40,13,14,13,62,59,58,60,61,40,League Two
G. Morris,Gillingham,Inglaterra,21,GK,Right,183,42,64,,29,25,33,31,21,47,18,21,21,40,14,20,20,20,35,34,25,33,38,60,43,44,53,36,54,20,40,32,19,41,24,45,16,20,19,65,61,58,63,68,41,League Two
B. Siaw,Barnet,Inglaterra,33,"RW, ST",Right,165,19,53,,60,53,51,54,23,43,51,54,35,54,50,54,54,48,42,55,62,59,60,49,55,51,47,54,39,53,36,25,54,51,48,46,21,19,21,14,7,15,12,9,7,League Two
I. Noel-Williams,Barnet,Inglaterra,32,CAM,Left,177,23,55,,57,58,57,61,29,47,53,58,39,59,52,61,59,49,55,63,57,57,63,56,55,58,40,56,45,57,41,30,62,60,54,61,24,32,23,14,11,12,15,15,12,League Two
K. Tshimanga,Barnet,Inglaterra,20,"ST, CF",Left,180,29,61,,63,65,52,60,28,61,50,66,62,56,60,58,57,51,43,60,63,63,62,60,59,67,63,60,63,62,58,22,64,53,60,68,30,20,23,14,7,10,11,14,7,League Two
D. Ajayi,Barnet,Inglaterra,17,"RW, CAM",Left,176,20,53,,62,52,50,56,21,48,55,53,40,49,45,55,53,47,42,59,62,62,60,48,51,54,45,48,50,51,42,22,56,52,50,51,18,18,14,14,15,8,15,13,6,League Two
I. Kanu,Barnet,Sierra Leona,11,"LW, RW, LB",Left,182,26,60,,66,57,57,58,30,53,59,57,51,59,57,57,58,61,49,57,67,65,63,60,55,58,52,60,53,52,43,28,64,56,56,60,26,29,24,6,13,6,8,8,13,League Two
J. Maskell,Barnet,Inglaterra,9,ST,Right,178,22,54,,57,53,43,52,20,50,45,52,55,43,51,53,45,47,40,50,58,56,50,62,50,53,53,50,52,50,45,22,61,44,58,50,15,14,14,6,6,12,13,7,11,League Two
A. Liwala-Lukizalamu,Barnet,Inglaterra,37,RB,Left,172,28,54,,55,38,50,53,51,52,50,35,41,54,36,53,45,42,51,54,53,57,53,54,53,44,47,57,51,37,50,49,46,45,36,48,54,53,54,10,12,6,9,11,11,League Two
P. Matejko,Barnet,Inglaterra,24,CAM,Right,182,19,53,,56,55,55,56,26,46,46,55,44,58,46,52,54,54,52,64,60,53,52,50,55,59,40,54,44,53,42,29,51,60,55,48,23,23,16,10,9,9,7,13,10,League Two
J. Reeves,Barnet,Inglaterra,23,"CM, CDM",Left,167,33,65,,60,59,64,66,55,58,61,54,53,63,55,61,64,60,66,68,64,57,70,69,71,67,52,67,53,61,62,59,59,67,59,68,53,56,55,7,15,9,7,14,11,League Two
O. Gallagher,Barnet,Irlanda,22,"CDM, CB, CAM",Right,180,21,58,,53,48,59,52,58,62,52,44,49,65,46,48,51,48,62,53,52,53,57,57,56,56,63,62,61,50,66,55,52,60,49,60,61,60,62,6,12,8,10,10,10,League Two
B. Comley,Barnet,Montserrat,14,"CDM, CM",Right,188,30,58,,50,48,52,54,60,61,51,44,54,54,40,54,51,51,57,53,50,50,52,54,55,56,54,62,60,52,62,63,51,48,47,59,63,59,59,14,7,6,11,14,12,League Two
N. Ofoborh,Barnet,Nigeria,10,"CDM, CM",Right,175,26,62,,58,52,58,62,64,65,51,47,56,65,47,60,53,53,61,66,57,59,60,65,61,61,54,71,62,56,70,64,55,53,52,56,67,64,61,12,13,10,9,14,8,League Two
C. Lakin,Barnet,Inglaterra,8,"CM, CAM, RW",Right,180,27,58,,55,51,60,58,54,55,55,46,46,62,50,52,55,52,65,66,59,52,57,58,53,60,51,58,55,53,54,54,57,62,52,61,50,60,56,6,11,15,6,11,13,League Two
R. Matyar,Barnet,Inglaterra,40,LB,Left,171,21,54,,56,37,50,50,51,52,57,33,43,54,37,49,48,39,47,49,56,56,56,47,62,40,46,57,51,41,48,50,45,40,38,50,50,53,54,10,11,9,11,13,11,League Two
M. Kenlock,Barnet,Inglaterra,30,LB,Right,185,29,57,,61,46,51,54,54,58,55,45,48,51,37,54,52,43,46,53,60,62,60,54,57,52,58,62,58,46,52,57,49,51,43,48,56,54,53,6,9,10,10,14,14,League Two
N. Tavares,Barnet,Inglaterra,25,"CB, LB",Right,181,27,60,,52,43,49,52,62,62,47,39,56,57,32,50,40,36,52,53,54,50,49,64,50,56,55,59,63,47,64,60,38,41,35,54,65,64,58,13,8,12,7,12,10,League Two
K. Smith,Barnet,Inglaterra,18,"LB, RB",Left,175,30,55,,57,38,52,55,53,53,56,31,46,57,35,57,50,39,49,53,56,57,54,57,57,50,50,62,47,41,56,50,45,44,41,51,55,54,53,11,12,13,8,12,6,League Two
T. Knowles,Barnet,Inglaterra,7,"RB, LW, LM",Right,183,28,59,,61,44,54,55,59,59,57,39,54,55,40,53,55,45,53,55,59,62,58,53,58,54,56,60,59,47,59,58,48,53,44,54,60,62,56,6,14,11,11,9,10,League Two
Z. Williams,Barnet,Gales,6,CB,Right,182,22,58,,55,37,46,48,62,58,39,29,60,55,29,45,35,37,49,48,56,55,46,60,51,56,62,54,61,39,56,63,30,38,39,53,60,63,60,12,7,11,12,11,12,League Two
A. Senior,Barnet,Inglaterra,5,"RB, LB, CB",Left,183,24,60,,68,49,56,58,58,59,60,48,53,58,44,61,54,49,59,53,71,66,62,62,61,58,60,64,58,45,54,55,53,46,47,54,63,58,58,6,10,9,15,10,15,League Two
D. Collinge,Barnet,Inglaterra,4,"CB, RB, LB",Right,186,28,61,,60,42,50,49,64,60,48,36,65,59,38,46,43,40,51,50,59,61,50,58,48,60,63,52,61,42,65,63,35,39,37,60,62,67,64,7,6,7,7,15,10,League Two
R. Crichlow-Noble,Barnet,Inglaterra,3,"CB, LB",Left,184,27,56,,49,35,42,47,59,59,39,30,57,47,35,44,31,39,45,48,45,53,43,60,43,47,58,52,63,34,59,57,33,35,41,54,59,64,53,9,13,10,13,11,7,League Two
A. Haralambous,Barnet,Inglaterra,36,GK,Left,185,22,55,,24,16,25,23,12,39,10,10,15,34,10,10,10,10,26,31,25,24,30,44,31,36,44,33,45,13,31,18,10,31,20,32,10,11,10,57,49,51,56,56,33,League Two
M. Cox,Barnet,Inglaterra,13,GK,Right,182,23,62,,40,23,31,29,19,43,20,15,21,36,19,18,19,18,30,32,39,40,38,57,46,47,50,41,46,22,36,23,12,38,19,40,17,16,20,64,62,60,64,65,35,League Two
T. Ashby-Hammond,Barnet,Inglaterra,1,GK,Left,190,27,57,,33,17,25,24,14,40,15,10,24,33,10,16,13,10,29,24,31,35,30,49,36,34,47,32,47,16,31,21,10,27,25,34,12,10,13,58,57,48,60,61,35,League Two
C. Doidge,Newport County,Gales,27,ST,Right,185,34,61,,59,59,52,60,28,64,47,62,63,56,61,56,49,51,46,66,54,63,54,65,55,56,61,61,69,51,54,24,70,55,59,65,28,21,18,7,8,14,6,11,13,League Two
T. Nyakuhwa,Newport County,Gales,21,"LW, LM",Left,171,21,60,,71,61,57,65,28,51,62,61,45,60,57,66,60,47,51,66,71,71,65,64,63,58,54,57,52,64,40,33,62,53,59,56,26,24,24,14,10,14,9,12,11,League Two
Y. Bamba,Newport County,Francia,20,RW,Right,172,27,56,,61,55,53,58,25,46,56,57,40,52,52,58,56,49,46,58,61,61,62,54,60,50,44,53,45,56,42,31,56,56,51,54,20,24,20,13,15,6,7,10,11,League Two
G. Garner,Newport County,Inglaterra,19,"ST, CAM",Right,188,27,60,,63,61,51,55,28,59,45,65,66,57,52,52,51,49,49,57,66,61,54,64,61,63,64,53,65,51,51,23,68,50,57,60,27,23,20,6,6,10,9,13,15,League Two
J. Crole,Newport County,Gales,11,ST,Right,190,22,58,,60,61,48,56,25,60,44,65,62,55,60,56,52,50,43,56,59,61,53,63,52,61,59,55,65,55,52,19,60,43,57,66,25,20,19,11,7,7,8,10,13,League Two
S. Gwengwe,Newport County,Malawi,9,LW,Left,179,25,54,,59,53,52,56,21,44,54,56,42,53,45,55,57,48,44,58,55,62,58,49,54,52,43,50,43,48,40,19,60,53,50,53,20,17,18,9,14,9,6,15,10,League Two
K. Etete,Newport County,Inglaterra,13,ST,Right,194,24,63,,63,67,52,62,31,66,55,73,70,56,62,61,50,50,46,64,60,65,58,68,50,65,63,56,74,57,60,27,71,50,62,63,28,26,27,9,6,11,10,12,13,League Two
C. Jarvis,Newport County,Gales,40,CDM,Right,175,25,58,,51,51,54,54,62,64,41,47,54,61,39,48,45,50,59,60,49,52,54,63,58,60,53,66,63,52,67,60,52,56,49,56,63,66,54,12,12,7,6,6,6,League Two
H. Pugh,Newport County,Gales,36,CAM,Right,166,18,52,,55,53,54,54,24,41,53,54,36,54,52,53,55,53,49,55,57,53,61,40,54,51,42,49,38,54,38,23,56,59,50,46,23,21,22,11,10,6,10,12,11,League Two
K. Patten,Newport County,Gales,29,CM,Right,178,25,55,,51,52,54,57,48,55,51,51,45,54,54,56,54,46,61,60,50,51,54,58,54,58,51,56,55,50,56,44,54,53,51,57,53,48,45,10,13,12,14,13,10,League Two
M. Dibley-Dias,Newport County,Inglaterra,24,"CDM, CM",Right,186,22,57,,50,50,55,53,56,60,46,48,52,63,35,48,42,49,55,59,51,50,50,60,48,54,58,59,60,54,60,59,48,53,47,54,59,54,53,7,9,15,7,8,7,League Two
M. Adu-Poku,Newport County,Inglaterra,23,"RW, RB, RM",Right,175,21,56,,65,53,51,61,26,47,54,54,41,52,49,63,55,50,44,59,66,65,66,62,58,50,50,58,46,52,37,25,60,51,52,59,26,23,20,7,6,7,7,8,6,League Two
A. Lewis,Newport County,Gales,18,"CDM, CAM, CM",Right,183,28,61,,53,52,56,56,62,64,56,47,56,58,45,57,52,47,62,54,51,54,50,57,56,61,61,65,64,56,65,62,55,53,48,63,65,60,61,12,9,8,10,12,7,League Two
M. Alexander-Walker,Newport County,Gales,14,CAM,Right,175,19,53,,54,50,53,56,28,45,51,46,40,52,51,54,58,55,46,59,52,56,59,48,56,52,40,52,43,54,41,26,56,61,51,52,28,27,22,6,10,6,14,6,11,League Two
H. Biggins,Newport County,Inglaterra,10,"CAM, CM, CDM",Right,175,30,59,,60,61,59,62,30,53,54,60,47,61,52,64,61,60,53,59,63,57,65,62,63,59,47,60,54,68,45,36,58,63,58,62,25,26,28,15,13,15,7,14,6,League Two
M. Smith,Newport County,Gales,8,"CDM, CM, CAM",Left,175,26,59,,51,51,56,52,60,61,53,47,55,61,46,50,48,53,54,54,50,51,52,58,54,59,51,63,61,53,63,59,52,55,46,55,57,63,63,11,9,10,12,6,12,League Two
K. Evans,Newport County,Gales,7,"CM, CAM, ST",Right,170,24,58,,55,55,58,60,50,56,52,54,44,59,46,59,57,52,63,62,52,57,59,59,66,60,45,59,56,52,54,49,57,58,54,55,52,51,49,13,9,14,10,6,9,League Two
C. Brennan,Newport County,Irlanda,6,"CDM, CM, CB",Left,189,26,60,,52,50,56,57,64,66,50,47,64,59,43,57,53,54,61,60,56,48,49,63,49,57,58,66,68,50,61,66,50,56,47,61,65,62,63,9,13,9,9,8,10,League Two
C. Evans,Newport County,Gales,2,"CDM, RB, CB",Right,182,25,58,,51,47,54,55,60,59,45,42,61,60,41,57,49,43,54,55,52,51,47,60,50,55,52,62,56,51,64,59,50,55,48,56,59,59,64,6,9,12,12,12,10,League Two
R. Lonergan,Newport County,Gales,35,"LM, RM",Left,183,19,52,,60,45,51,52,32,50,54,45,44,50,45,56,50,50,47,48,61,59,55,51,51,46,47,55,50,42,44,32,48,52,44,46,29,31,37,12,12,14,10,12,11,League Two
K. Whitmore,Newport County,Inglaterra,28,"CAM, CB, CM",Left,184,25,54,,52,54,57,55,26,47,54,54,38,60,49,57,52,53,56,55,53,52,53,52,47,49,49,51,47,60,42,30,51,58,53,52,23,24,23,13,13,11,12,11,15,League Two
J. Norris,Newport County,Gales,26,CM,Right,175,19,57,,54,51,57,58,51,55,57,46,46,57,50,60,55,56,58,59,50,57,55,57,50,54,42,61,55,60,52,48,49,58,54,49,52,53,50,13,14,12,9,10,13,League Two
H. Halpin,Newport County,Inglaterra,95,RB,Right,178,29,54,,54,36,47,50,51,52,53,31,48,47,33,50,44,44,48,50,55,54,54,48,53,44,51,62,47,41,52,47,40,41,35,51,55,51,53,6,8,10,9,7,14,League Two
D. Sassi,Newport County,Inglaterra,34,"CB, RB",Right,185,22,59,,54,37,47,49,63,62,42,27,60,59,40,44,41,42,45,52,56,53,50,58,45,56,59,55,66,42,63,65,34,36,37,62,64,64,58,8,12,14,6,13,7,League Two
J. Warner,Newport County,Inglaterra,32,CB,Right,194,23,59,,52,38,47,47,64,67,44,34,61,53,33,41,48,37,51,51,47,56,46,60,46,51,68,59,73,39,62,61,30,37,41,56,69,61,63,10,6,11,14,15,10,League Two
N. Sanca,Newport County,Inglaterra,31,CB,Right,183,19,55,,50,36,44,42,58,57,42,33,56,52,26,36,36,30,50,47,45,54,37,54,47,51,54,50,61,32,56,53,31,33,36,51,58,59,63,13,14,13,7,8,6,League Two
C. Norman,Newport County,Inglaterra,22,"RB, CB",Right,188,30,60,,67,44,57,58,55,61,59,39,54,60,43,58,55,52,55,58,65,68,59,52,53,50,61,62,63,48,54,54,45,53,45,57,59,53,56,13,12,6,6,9,12,League Two
A. Merritt,Newport County,Inglaterra,17,LB,Right,174,18,51,,59,35,47,45,50,47,51,28,42,50,35,41,47,39,46,48,57,61,55,42,47,47,44,50,44,37,50,49,39,42,40,45,50,52,52,6,8,9,10,8,7,League Two
M. Jacob,Newport County,Inglaterra,16,"LB, LM",Left,180,25,56,,57,40,53,52,56,56,57,39,51,56,33,52,50,43,50,50,56,58,59,57,54,49,53,60,57,36,50,51,42,48,39,49,59,58,54,9,10,8,12,13,13,League Two
J. Thomas,Newport County,Gales,12,"RB, LB, CB",Right,187,24,59,,65,44,56,56,54,62,63,40,57,56,43,58,52,46,58,52,65,65,58,63,57,52,53,63,62,47,62,52,44,49,41,56,52,55,59,7,8,9,11,8,7,League Two
L. Jenkins,Newport County,Gales,5,"CB, RB",Right,176,25,60,,54,42,48,48,64,60,45,38,62,53,31,41,34,36,59,52,52,55,47,56,49,59,60,55,62,39,63,63,35,41,43,63,60,68,64,11,14,12,14,7,7,League Two
K. Cameron,Newport County,Escocia,4,CB,Right,190,29,56,,49,34,43,44,57,56,43,26,61,50,28,40,37,35,50,47,48,49,40,56,44,50,62,51,59,40,54,58,27,31,36,48,55,58,53,9,9,7,8,15,10,League Two
T. Davies,Newport County,Gales,3,LB,Left,178,22,54,,60,38,52,53,53,54,54,32,51,55,33,49,53,40,54,57,57,63,56,54,58,49,49,60,54,41,50,55,45,47,44,54,53,52,51,6,11,14,14,8,9,League Two
S. Watkins,Newport County,Gales,37,"CB, CDM",Right,189,19,52,,47,32,40,45,55,56,40,26,56,48,31,45,25,34,43,47,40,52,38,47,46,48,59,55,59,32,51,57,30,30,30,51,56,52,53,7,9,14,15,11,9,League Two
A. Babah,Newport County,Gales,30,LB,Left,179,19,53,,58,42,47,49,50,51,53,39,43,48,33,47,49,35,45,48,58,58,61,47,53,50,49,56,49,41,50,54,44,41,38,42,47,54,50,7,6,8,15,6,12,League Two
A. Driscoll-Glennon,Newport County,Inglaterra,15,LB,Left,181,26,61,,67,44,56,58,61,61,59,41,55,62,41,59,55,50,53,53,66,68,63,70,59,55,61,61,62,43,57,61,46,49,41,54,62,61,65,13,6,7,14,7,14,League Two
S. MacDonald,Newport County,Inglaterra,33,GK,Right,185,29,59,,35,16,29,28,15,43,15,10,22,33,11,18,15,14,32,30,36,34,37,57,36,36,50,34,49,10,36,21,10,40,22,40,14,11,14,60,58,52,60,61,32,League Two
J. Turner,Newport County,Inglaterra,25,GK,Right,180,27,59,,32,20,26,27,17,43,14,15,15,35,10,15,14,10,26,31,34,31,32,57,36,41,46,32,52,15,35,29,10,31,24,37,14,13,16,59,61,54,54,61,36,League Two
J. Wright,Newport County,Inglaterra,1,GK,Right,190,27,62,,41,20,28,29,19,47,19,13,25,32,14,12,15,13,33,36,40,42,35,63,40,40,55,39,54,18,36,27,14,33,25,51,10,18,24,66,61,57,65,67,39,League Two
A. Adomah,Walsall,Ghana,37,"RW, ST, LW",Left,185,38,64,,65,65,62,67,31,59,64,70,48,67,62,68,62,53,57,65,65,65,73,66,64,60,58,64,60,58,49,29,65,57,66,66,29,31,27,15,13,15,10,9,15,League Two
A. Pressley,Walsall,Escocia,19,"ST, CF",Left,189,24,62,,61,65,53,56,29,61,50,72,64,57,62,54,53,49,47,58,56,65,53,65,50,63,65,56,67,52,49,26,69,56,62,64,24,25,25,13,9,14,15,9,10,League Two
R. Smith,Walsall,Inglaterra,11,"LW, CAM, LM",Left,176,24,63,,65,63,59,64,32,53,57,65,49,60,60,66,63,59,56,62,67,64,69,59,60,63,53,66,49,61,46,34,66,62,59,64,28,31,27,10,13,14,12,14,15,League Two
L. Simper,Walsall,Inglaterra,10,"RW, CAM, RM",Right,181,25,59,,66,57,57,63,29,51,63,56,49,58,55,64,50,51,48,62,65,66,63,61,58,60,50,68,46,56,42,33,60,57,59,61,26,24,23,15,11,13,7,7,10,League Two
A. Dallas,Walsall,Escocia,9,"ST, CAM",Right,178,27,60,,62,60,50,57,27,55,45,61,61,57,56,59,51,51,43,53,61,62,58,57,58,63,55,50,59,58,53,22,55,49,63,61,26,22,22,14,6,14,13,15,14,League Two
T. Sodje,Walsall,Inglaterra,7,ST,Right,177,23,55,,53,57,47,54,20,51,46,60,53,56,54,50,46,43,35,59,54,53,56,60,54,62,53,51,51,48,51,16,61,44,54,50,17,16,16,10,13,12,14,7,13,League Two
S. Straw,Walsall,Inglaterra,59,CAM,Right,164,24,55,,54,56,58,58,28,45,57,57,37,60,49,57,57,58,52,60,57,52,57,55,64,54,43,52,41,56,45,29,54,59,56,56,27,28,20,7,10,13,12,12,9,League Two
R. Sjoerdsma,Walsall,Inglaterra,57,LM,Left,183,26,54,,57,50,54,54,36,53,58,51,44,52,46,56,54,51,49,52,54,60,54,52,57,49,43,61,54,51,42,34,51,56,49,49,39,35,29,15,7,15,13,8,12,League Two
M. Oben,Walsall,Inglaterra,56,"LM, LW",Left,172,26,54,,58,51,53,51,35,45,58,50,41,55,44,50,50,49,47,49,55,60,58,56,55,58,45,53,41,50,43,36,50,53,48,50,33,35,29,11,7,11,10,10,12,League Two
W. Etheridge,Walsall,Inglaterra,53,CAM,Right,171,18,52,,55,51,53,58,26,41,47,48,37,58,49,60,54,53,51,58,56,54,55,52,55,55,35,51,39,54,35,28,56,53,51,47,22,27,15,15,6,13,7,11,12,League Two
D. Thomas,Walsall,Inglaterra,27,RM,Right,175,19,50,,58,49,50,51,30,46,57,48,41,48,44,46,44,43,47,58,57,58,51,50,56,50,43,52,43,51,46,32,48,51,45,43,27,31,26,12,9,13,6,10,6,League Two
A. Pattison,Walsall,Inglaterra,23,"CM, CDM, CAM",Right,173,29,55,,51,50,56,56,48,50,53,47,42,57,45,56,54,45,60,55,54,49,54,55,56,57,50,57,47,50,49,47,50,58,49,60,51,48,44,14,15,10,7,14,6,League Two
C. Clarke,Walsall,Inglaterra,17,"CM, RW, CAM",Left,180,23,57,,57,52,57,57,49,55,55,52,48,62,49,55,51,47,60,59,56,58,56,56,57,52,47,58,56,51,51,54,56,54,49,61,46,51,46,7,11,15,12,8,14,League Two
I. Moore,Walsall,Inglaterra,15,"CDM, CM",Left,186,20,51,,49,41,48,45,55,53,41,38,50,53,36,38,40,35,57,53,47,50,40,54,38,48,52,57,53,43,50,53,42,47,43,50,58,55,51,10,15,8,10,14,8,League Two
A. Evans,Walsall,Inglaterra,14,CAM,Left,186,28,59,,62,59,59,62,30,50,55,59,53,61,57,62,62,57,59,66,61,62,59,54,55,61,51,59,50,55,40,30,61,60,61,57,26,28,29,15,11,12,13,11,7,League Two
C. Crew,Walsall,Gales,8,"CDM, CM",Left,185,20,59,,53,52,55,54,58,62,49,48,55,61,44,51,49,48,57,58,54,53,53,54,51,61,54,58,63,58,67,65,47,50,47,53,55,58,60,7,6,7,13,11,11,League Two
S. Sprangler,Walsall,Austria,6,"CDM, CM, RW",Right,182,31,63,,58,54,58,62,65,65,56,50,58,58,47,60,54,52,67,63,60,56,63,62,60,64,62,65,65,55,67,67,53,58,53,62,62,69,67,7,14,15,6,11,8,League Two
J. Furlong,Walsall,Irlanda,29,"LB, LM",Left,178,24,61,,66,47,55,59,56,58,60,46,54,59,42,61,50,44,54,58,66,66,59,62,59,57,55,62,57,41,58,50,48,47,44,56,58,59,59,12,12,9,14,10,9,League Two
R. Leak,Walsall,Gales,26,"CB, CDM",Left,191,28,58,,50,38,47,44,58,62,40,34,63,52,35,38,40,36,52,47,49,51,51,53,49,54,64,54,66,37,62,57,27,46,35,52,58,55,60,14,8,13,8,15,9,League Two
D. Skura,Walsall,Inglaterra,25,CB,Right,188,24,59,,57,39,47,49,62,60,44,31,68,55,32,43,43,35,51,54,56,57,50,55,49,57,63,55,62,39,58,60,39,37,40,58,62,62,60,8,8,12,14,14,6,League Two
H. Williams,Walsall,Inglaterra,24,"CB, CDM",Right,195,24,60,,58,38,48,53,62,66,40,31,70,57,36,50,43,44,49,58,58,58,47,58,44,50,64,58,71,42,64,60,40,42,41,59,62,62,58,8,10,8,8,6,7,League Two
E. Ahui,Walsall,Inglaterra,22,RB,Right,184,22,57,,64,42,52,54,55,55,55,38,52,57,37,52,44,41,53,57,64,64,55,54,56,49,55,60,53,46,53,50,45,46,40,54,54,60,56,11,15,6,11,7,15,League Two
R. Dixon,Walsall,Inglaterra,20,RB,Right,177,21,60,,63,46,54,59,58,55,59,44,50,55,42,58,52,45,59,60,61,65,61,53,61,56,55,61,52,44,56,63,50,47,42,56,58,57,63,6,13,9,13,9,15,League Two
H. Burke,Walsall,Inglaterra,5,"CB, CDM",Right,180,24,60,,59,43,47,49,62,61,41,41,61,55,37,44,40,41,52,52,55,62,50,53,55,58,66,54,62,34,66,58,36,39,46,54,60,67,64,8,13,7,13,8,8,League Two
J. Connolly,Walsall,Inglaterra,4,CB,Left,185,24,61,,56,40,49,51,64,63,42,36,68,59,34,45,44,38,57,55,55,56,54,60,52,51,68,54,66,39,64,63,38,37,50,56,67,62,62,9,7,13,6,13,13,League Two
M. Hancock,Walsall,Escocia,3,"LB, LM, LW",Right,172,23,56,,61,41,53,52,54,53,58,34,50,56,43,50,48,47,55,51,62,60,57,52,58,48,54,59,50,47,52,57,45,46,40,50,51,55,58,13,10,6,6,15,11,League Two
R. Browne,Walsall,St. Kitts and Nevis,2,"CB, RB",Right,188,22,61,,51,39,50,54,65,61,47,33,62,58,39,53,43,46,54,60,47,55,43,55,45,50,65,61,60,40,63,61,37,40,39,53,64,70,62,6,7,10,10,8,12,League Two
T. Wooster,Walsall,Inglaterra,31,GK,Right,190,21,55,,31,16,24,23,12,39,10,10,18,34,10,10,12,14,23,29,33,30,30,48,37,37,47,26,46,10,37,15,10,29,17,32,10,10,10,57,55,46,55,55,36,League Two
J. Kilroy,Walsall,Inglaterra,21,GK,Right,191,19,52,,28,14,22,21,13,33,10,10,12,28,10,11,10,12,28,26,29,27,23,41,33,32,41,27,39,10,25,26,10,25,10,26,10,10,10,55,49,51,52,57,31,League Two
J. Ward,Walsall,Inglaterra,1,GK,Right,192,23,60,,36,16,28,26,20,43,12,10,19,34,10,14,17,22,34,29,38,34,31,56,38,38,51,38,49,10,34,31,10,31,19,43,19,16,15,59,58,52,56,65,37,League Two
O. Hammond,Oldham Athletic,Gales,27,"CAM, ST, LW",Left,179,23,56,,56,56,58,60,29,46,56,57,45,60,56,60,59,53,53,60,60,52,62,52,59,55,46,50,47,57,41,35,56,61,55,59,25,26,24,7,6,12,14,8,10,League Two
E. Nevitt,Oldham Athletic,Inglaterra,20,"ST, CAM",Left,183,29,61,,59,63,54,59,28,60,55,64,59,54,61,61,56,53,45,57,60,58,57,67,54,67,61,57,63,57,55,25,62,57,65,62,28,22,19,14,12,13,7,6,9,League Two
K. Drummond,Oldham Athletic,Inglaterra,15,"LM, ST, RW",Left,172,25,60,,64,51,59,61,42,54,62,45,47,58,50,62,57,60,57,61,63,64,65,57,63,58,45,65,52,55,50,41,55,58,55,56,42,41,37,8,11,10,14,11,6,League Two
M. Fondop-Talum,Oldham Athletic,Inglaterra,9,ST,Right,190,32,62,,55,63,51,63,27,60,48,64,69,54,66,62,57,49,46,66,54,55,55,63,55,63,69,52,67,60,51,23,65,51,64,65,27,17,21,8,7,13,12,15,12,League Two
K. Morris,Oldham Athletic,Inglaterra,12,"LW, RW",Left,178,32,60,,63,57,60,64,29,51,64,56,50,56,52,66,56,51,54,62,65,62,63,65,63,57,56,55,53,62,42,27,60,69,54,62,28,27,22,9,11,12,7,9,13,League Two
F. McMahon-Brown,Oldham Athletic,Irlanda,38,CAM,Right,177,19,53,,57,52,53,55,24,44,53,54,32,54,46,54,56,50,50,57,57,57,58,47,62,52,39,48,43,50,42,30,55,54,43,50,20,24,18,8,9,11,12,14,7,League Two
T. Hill,Oldham Athletic,Inglaterra,30,"CAM, RW",Right,181,23,55,,55,55,55,59,28,49,57,51,42,58,55,59,53,49,50,60,59,52,60,57,53,59,47,58,46,60,44,31,54,52,49,52,25,24,25,12,6,10,14,14,15,League Two
K. Payne,Oldham Athletic,Inglaterra,26,"CAM, CM, RW",Left,170,21,57,,58,56,61,57,29,49,57,55,42,67,51,57,58,54,57,57,56,59,59,57,59,57,47,56,46,58,48,35,64,60,53,56,25,27,24,7,10,11,6,13,8,League Two
J. Hawkes,Oldham Athletic,Inglaterra,21,"LW, LM, CAM",Left,180,27,58,,69,58,56,60,27,55,56,59,48,57,54,65,61,52,52,56,67,70,57,56,57,60,53,59,57,57,45,26,60,55,53,53,24,25,24,11,7,15,10,11,15,League Two
F. Fawunmi,Oldham Athletic,Inglaterra,17,"CAM, RW, RM",Right,182,20,55,,56,53,57,58,28,50,53,54,46,58,50,61,56,54,52,58,57,55,54,52,56,51,46,53,51,55,44,31,56,65,51,55,20,27,27,11,11,12,15,10,12,League Two
N. Chilvers,Oldham Athletic,Inglaterra,14,CM,Right,173,25,59,,58,53,60,61,51,55,53,49,45,63,53,54,58,50,66,70,59,57,60,59,57,61,49,61,51,54,59,57,58,58,54,55,51,50,46,11,6,12,7,13,9,League Two
J. Stevens,Oldham Athletic,Gales,11,"LM, LW",Right,175,25,57,,60,54,55,58,39,47,60,55,39,55,50,61,60,47,55,56,55,64,58,53,59,60,46,53,41,48,55,39,49,52,49,54,39,40,39,6,13,15,11,15,7,League Two
C. Kavanagh,Oldham Athletic,Irlanda,10,"CAM, ST",Left,183,23,61,,57,59,62,66,34,52,57,55,52,66,55,72,61,60,56,61,55,59,61,62,67,63,50,63,50,64,45,31,59,66,61,59,41,26,27,12,6,7,8,15,11,League Two
O. Norburn,Oldham Athletic,Grenada,8,"CDM, CM",Right,185,33,62,,52,54,61,60,66,66,56,52,58,67,47,62,51,56,61,61,55,50,56,58,53,63,64,65,65,53,68,65,51,59,50,59,65,71,62,12,10,13,11,8,6,League Two
K. Appiah-Forson,Oldham Athletic,Inglaterra,7,"CM, CDM",Right,174,24,56,,52,50,59,57,48,55,57,49,45,60,44,55,52,52,63,60,53,51,58,57,56,53,45,58,56,51,53,53,46,61,54,50,47,48,47,8,12,6,11,7,8,League Two
T. Pett,Oldham Athletic,Inglaterra,4,"CM, RW, CDM",Right,173,34,63,,55,57,64,63,55,63,60,55,48,68,52,63,57,52,64,62,57,53,66,66,68,59,55,69,62,62,60,57,61,66,57,65,56,57,53,7,13,14,7,7,9,League Two
J. Kay,Oldham Athletic,Inglaterra,18,CM,Right,182,29,59,,58,52,60,56,52,56,55,47,53,61,47,56,52,58,65,55,59,58,58,57,51,55,54,59,55,59,53,55,58,63,55,60,52,52,49,10,12,14,14,10,15,League Two
C. Evans,Oldham Athletic,Irlanda del Norte,13,CM,Right,173,36,54,,41,50,53,56,45,50,50,48,39,53,48,52,50,46,61,60,35,46,62,58,53,54,48,56,46,52,51,49,49,54,47,56,42,49,41,11,15,9,11,6,6,League Two
I. Anderson,Oldham Athletic,Inglaterra,39,"CB, CDM",Left,196,28,56,,53,36,42,46,58,60,38,32,59,52,35,43,34,33,43,49,55,52,43,57,46,49,63,55,64,36,56,54,28,34,36,52,60,57,62,8,14,7,8,8,10,League Two
L. Temple,Oldham Athletic,Irlanda,24,"CB, CDM",Right,191,21,55,,51,37,43,42,59,59,42,33,64,53,29,39,32,32,44,43,50,52,42,55,45,52,59,52,63,35,60,53,29,30,38,46,59,61,58,13,6,6,11,15,14,League Two
R. Delaney,Oldham Athletic,Irlanda,23,"CB, RB",Right,182,30,58,,46,37,47,50,61,59,47,32,62,53,36,46,31,41,52,52,45,47,52,54,48,53,63,56,61,34,58,62,34,38,36,55,62,60,59,6,7,6,14,14,6,League Two
Z. Tahir,Oldham Athletic,Inglaterra,19,LB,Left,181,19,52,,64,40,48,49,50,54,53,38,45,51,32,50,51,40,43,46,61,66,49,51,60,44,50,59,52,42,52,51,43,41,35,52,51,50,53,11,9,12,9,9,11,League Two
W. Sutton,Oldham Athletic,Inglaterra,16,"RB, CB",Right,188,23,58,,63,43,53,54,58,60,61,39,55,54,41,51,48,44,50,56,64,63,55,61,58,55,58,66,62,43,50,61,40,47,45,49,56,58,59,8,15,15,14,12,6,League Two
M. Monthé,Oldham Athletic,Camerún,6,"CB, CDM",Right,184,31,62,,55,43,51,51,64,64,48,40,66,57,38,44,40,45,52,55,54,56,48,65,53,55,65,58,67,41,62,66,34,45,39,64,63,66,60,9,14,7,7,9,13,League Two
D. Daniels,Oldham Athletic,Montserrat,5,CB,Right,186,32,59,,51,42,47,49,64,60,47,36,64,52,38,44,38,37,50,53,49,53,47,56,45,51,61,51,64,49,62,63,34,41,44,57,67,62,58,15,6,13,11,8,10,League Two
J. Robson,Oldham Athletic,Escocia,3,"LB, RB",Right,173,28,60,,64,44,55,57,60,57,61,40,54,55,41,57,53,46,55,55,59,68,65,57,62,52,52,58,55,48,62,58,40,53,48,58,61,61,63,9,8,10,13,8,14,League Two
G. Scott-Morriss,Oldham Athletic,Inglaterra,2,"RB, CAM",Right,184,29,53,,58,38,47,50,52,53,49,33,48,49,36,54,43,38,52,45,61,55,51,49,53,46,48,62,50,41,50,53,39,40,36,47,53,52,52,13,7,11,10,9,12,League Two
S. Moloney,Oldham Athletic,Inglaterra,35,GK,Right,189,26,55,,30,16,25,23,14,38,10,10,23,34,10,11,10,10,27,28,26,33,25,52,36,35,42,30,44,12,32,21,10,28,20,34,10,10,10,59,56,49,54,56,35,League Two
T. Donaghy,Oldham Athletic,Inglaterra,31,GK,Right,180,23,56,,35,15,26,22,17,38,12,10,25,32,10,10,10,10,25,25,33,37,32,52,33,35,43,29,45,10,29,27,10,36,17,34,15,10,12,58,60,52,57,60,33,League Two
A. Wilson,Oldham Athletic,Inglaterra,22,GK,Right,188,19,53,,35,15,22,23,12,35,10,10,12,31,10,10,10,10,29,30,35,35,33,49,30,32,43,29,39,11,32,21,10,21,10,32,10,10,10,50,53,48,46,54,29,League Two
M. Hudson,Oldham Athletic,Inglaterra,1,GK,Right,183,28,61,,38,18,32,28,18,44,19,10,19,42,10,22,17,14,34,27,36,39,31,61,37,43,50,29,54,13,37,26,12,33,22,37,12,18,16,65,65,57,61,62,38,League Two
D. Rose,Exeter City,Inglaterra,32,ST,Left,176,32,59,,61,60,50,58,26,61,47,62,57,50,64,59,52,51,44,56,59,63,57,61,58,61,57,58,65,52,56,20,67,57,57,57,21,24,29,12,8,10,14,14,14,League Two
G. Birch,Exeter City,Inglaterra,20,"LW, ST",Right,162,20,51,,58,50,47,53,19,41,48,52,30,49,48,53,49,50,41,52,59,57,60,48,60,53,42,53,38,45,31,20,49,46,47,50,17,18,14,11,12,15,11,8,10,League Two
S. Cox,Exeter City,Inglaterra,19,"CAM, ST",Left,178,21,58,,57,56,58,62,32,51,60,53,47,57,59,61,54,60,53,66,58,57,61,59,57,55,42,55,52,60,47,36,60,60,56,56,30,28,26,12,10,7,13,15,6,League Two
A. Matthews,Exeter City,Inglaterra,15,"ST, CF",Right,187,20,60,,65,60,50,58,27,60,47,61,57,51,60,57,55,48,49,62,66,65,49,62,53,62,59,58,63,54,55,27,67,50,62,61,24,24,17,7,7,7,13,12,8,League Two
A. Oluwabori,Exeter City,Inglaterra,11,"LW, RM",Left,172,25,62,,68,61,62,65,33,50,59,60,44,66,61,67,62,60,60,62,66,70,70,58,67,65,54,62,44,59,47,34,63,59,58,58,31,32,25,10,8,10,9,10,13,League Two
J. Gordon,Exeter City,Inglaterra,10,"ST, CAM",Right,178,31,65,,64,70,57,62,30,64,54,74,64,60,71,61,57,55,51,61,63,65,63,71,62,66,63,66,68,64,51,29,69,59,67,70,24,25,30,14,9,15,7,10,6,League Two
Pedro Borges,Exeter City,Portugal,41,RM,Left,188,21,57,,63,53,55,60,36,57,59,55,47,57,48,62,50,52,48,63,62,63,55,53,55,49,53,63,55,49,54,36,60,56,56,53,32,37,33,7,15,15,11,12,10,League Two
J. Doyle-Hayes,Exeter City,Irlanda,31,"CDM, CM",Right,180,27,58,,50,48,54,56,59,60,47,42,58,57,39,53,49,43,61,60,47,52,52,58,48,56,49,59,61,56,62,60,50,56,45,59,61,57,62,11,6,9,7,11,13,League Two
K. McDonald,Exeter City,Escocia,29,"CDM, CB",Left,192,37,62,,46,53,60,57,65,68,55,47,62,64,45,54,50,55,61,58,44,48,56,69,58,63,65,69,68,59,68,68,56,59,55,61,64,67,63,7,9,12,12,11,10,League Two
A. Scully,Exeter City,Irlanda,25,"CAM, LW, CM",Right,173,27,58,,57,58,57,61,30,49,56,60,45,56,55,61,64,54,52,61,57,57,63,56,61,57,45,60,43,56,50,32,62,63,61,58,24,27,33,7,12,8,10,9,11,League Two
V. Harper,Exeter City,Kenia,24,"LM, LW, LB",Left,174,26,58,,63,52,59,61,39,52,63,51,45,58,50,59,59,50,62,63,61,65,67,59,63,53,46,59,51,52,47,41,58,56,55,55,35,40,34,8,10,6,6,11,7,League Two
L. Oakes,Exeter City,Inglaterra,18,"LB, CDM, CM",Left,171,19,58,,63,44,51,57,57,51,58,42,48,51,41,60,45,45,52,54,64,62,59,54,64,49,50,61,46,46,49,55,46,44,41,49,57,63,55,15,13,10,7,12,14,League Two
C. Cummins,Exeter City,Irlanda,16,"CDM, CM",Right,188,21,55,,49,44,51,49,60,60,49,37,56,53,40,46,42,43,55,50,45,53,45,59,45,54,59,59,62,50,59,56,45,49,42,60,61,63,58,14,8,6,13,10,7,League Two
H. Kite,Exeter City,Inglaterra,14,"CM, CDM",Right,176,26,59,,57,54,58,59,55,57,54,50,50,64,48,55,55,47,54,62,61,53,60,61,58,64,53,66,54,53,55,54,61,59,57,63,53,59,53,6,14,13,14,9,6,League Two
R. Cole,Exeter City,Inglaterra,12,"CAM, CF",Right,178,28,57,,57,55,57,61,30,47,56,54,35,58,53,63,56,53,59,61,61,54,56,58,56,55,46,54,44,59,47,31,58,58,51,59,30,31,21,10,14,11,11,11,10,League Two
T. Perry,Exeter City,Inglaterra,8,"CDM, CM, CAM",Right,171,25,60,,54,50,57,56,63,65,50,42,55,62,44,53,50,50,63,57,50,58,59,60,60,59,49,64,67,62,64,64,55,52,46,59,63,63,65,12,15,15,6,6,12,League Two
G. Edwards,Exeter City,Gales,7,"LM, LB, RW",Left,170,33,60,,64,53,57,62,41,54,60,49,41,59,52,61,64,53,53,62,63,64,61,63,65,59,43,69,47,57,57,44,58,53,54,60,44,37,37,15,8,7,15,10,7,League Two
L. Cartwright,Exeter City,Inglaterra,47,CB,Right,178,18,51,,47,31,39,39,56,52,35,27,54,44,28,33,24,38,46,44,44,50,43,46,40,44,50,49,53,29,54,59,32,31,26,44,53,58,55,8,8,7,12,10,10,League Two
L. Cayless,Exeter City,Inglaterra,46,CB,Left,187,18,53,,52,33,42,40,57,56,41,29,57,52,30,38,32,38,45,40,51,53,42,52,41,42,50,54,58,36,53,57,29,27,33,49,58,59,51,15,6,8,7,12,14,League Two
T. Alsop,Exeter City,Inglaterra,43,CB,Right,186,17,53,,49,30,43,44,59,57,42,23,55,50,29,41,31,29,47,47,48,50,42,50,40,45,55,54,60,32,52,60,33,33,25,52,61,59,54,11,6,7,13,7,6,League Two
E. James,Exeter City,Gales,40,"CB, CDM",Right,185,21,56,,50,37,42,46,58,61,40,31,64,48,34,39,37,37,47,51,50,50,47,57,48,52,61,50,65,36,63,52,29,33,37,57,59,58,61,15,7,7,12,6,10,League Two
E. Sutherland,Exeter City,Escocia,23,"LB, LW, LM",Right,182,20,53,,59,40,46,49,50,50,54,38,48,44,35,50,41,35,50,46,63,56,56,51,54,46,51,56,49,38,46,46,41,44,38,45,49,52,54,12,6,12,13,12,9,League Two
J. Taylor,Exeter City,Inglaterra,6,"CB, LB",Right,185,21,52,,43,35,40,40,55,54,35,33,55,49,27,35,32,27,48,41,43,43,42,56,45,46,56,46,57,33,57,59,25,26,30,45,52,56,57,10,7,12,12,12,15,League Two
J. Fitzwater,Exeter City,Inglaterra,5,CB,Right,188,29,60,,55,41,46,54,65,63,43,39,66,50,32,51,42,41,51,58,53,57,46,61,48,51,64,51,71,43,60,63,28,39,36,61,65,67,63,9,9,10,9,8,14,League Two
E. Turns,Exeter City,Gales,4,CB,Right,182,23,58,,53,36,46,50,60,60,37,27,62,57,33,45,42,36,51,54,51,55,48,57,52,53,60,56,61,39,60,58,35,34,40,58,56,63,63,15,13,8,8,6,7,League Two
L. Woodhouse,Exeter City,Inglaterra,3,"CB, LB",Right,188,22,59,,53,42,48,46,61,60,42,38,62,55,31,39,43,36,54,51,55,52,42,55,51,55,61,53,63,40,61,62,42,39,39,55,61,60,65,8,12,8,11,11,12,League Two
L. Samuel,Exeter City,Inglaterra,2,RB,Left,180,20,61,,67,47,59,55,60,64,65,41,49,59,44,53,53,50,57,56,65,69,62,51,56,55,52,64,68,51,57,60,51,57,43,53,59,63,60,15,10,7,13,10,8,League Two
F. Phillips,Exeter City,Inglaterra,22,GK,Right,183,20,55,,30,16,23,24,14,38,10,10,16,28,13,13,14,10,32,27,28,31,31,48,39,37,46,33,42,10,34,21,10,25,14,28,11,11,12,58,54,49,56,57,31,League Two
J. Bycroft,Exeter City,Inglaterra,1,GK,Left,189,25,58,,36,15,28,27,17,44,14,10,14,35,10,17,12,12,30,30,35,36,33,51,35,36,42,34,53,10,35,27,10,34,12,35,16,14,10,53,55,55,57,55,36,League Two
R. Carroll,Salford City,Inglaterra,47,"LW, LM",Left,177,22,53,,61,48,50,56,23,46,53,46,41,50,48,58,52,46,47,55,60,61,56,53,59,51,48,53,44,48,41,22,54,49,50,45,22,22,14,11,15,12,11,13,7,League Two
L. Molyneux,Salford City,Inglaterra,43,"RW, RM, RB",Left,180,28,63,,68,61,62,63,30,56,61,62,45,62,58,62,66,59,62,65,66,70,60,59,64,63,53,66,55,59,48,32,62,61,57,59,29,26,24,9,9,14,8,12,12,League Two
B. Padovani,Salford City,Inglaterra,35,LW,Left,176,30,56,,65,53,53,57,24,50,56,51,45,52,52,57,52,45,51,54,61,68,61,59,61,55,47,59,48,53,43,24,61,57,56,58,22,21,21,10,14,7,11,9,14,League Two
K. Malcolm,Salford City,Inglaterra,30,"ST, CF",Right,176,19,57,,62,58,48,53,24,52,46,61,58,52,58,49,49,45,45,54,60,64,61,56,52,55,58,48,54,54,49,22,61,46,55,53,20,19,24,11,11,7,9,11,13,League Two
D. Udoh,Salford City,Nigeria,23,ST,Right,188,30,63,,61,66,53,62,30,61,58,68,66,54,66,63,54,55,48,61,65,58,59,62,55,68,68,63,60,60,58,25,70,49,64,65,25,28,22,11,10,10,15,6,11,League Two
R. Graydon,Salford City,Irlanda,19,"ST, RM",Right,183,27,62,,60,65,53,61,28,58,50,69,58,58,58,62,55,46,45,61,59,61,56,64,54,61,59,55,63,62,51,24,67,54,62,59,24,27,24,9,10,15,8,13,8,League Two
A. Odoh,Salford City,Inglaterra,14,"LB, RW",Right,168,26,58,,64,41,54,55,53,54,61,37,48,58,39,54,48,48,47,51,65,63,66,55,66,52,53,60,51,40,56,50,45,49,42,52,51,57,61,12,14,9,10,7,11,League Two
K. N'Mai,Salford City,Países Bajos,10,"ST, LW, LM",Right,168,22,61,,63,64,52,62,24,55,48,71,54,56,62,60,47,52,46,62,65,61,69,57,59,64,58,59,54,52,54,23,62,55,57,67,24,17,19,10,7,14,13,13,11,League Two
M. Langstaff,Salford City,Inglaterra,9,"ST, CAM, RW",Left,179,29,63,,67,66,53,64,30,63,48,70,62,57,63,65,57,55,44,65,63,70,61,66,58,58,63,55,71,66,54,28,69,57,64,65,28,26,21,13,14,7,10,14,9,League Two
J. Bird,Salford City,Inglaterra,11,"ST, LW",Right,186,25,57,,62,60,48,54,25,60,44,62,62,51,57,52,55,47,41,54,58,65,59,54,49,58,53,52,67,59,52,24,66,50,56,56,21,18,20,10,10,8,6,11,15,League Two
B. Sarpong-Wiredu,Salford City,Inglaterra,44,"CM, CDM, CB",Right,191,26,58,,56,53,61,60,49,57,50,51,56,68,45,57,64,57,59,66,55,56,55,60,55,57,48,62,59,56,48,51,53,63,54,66,47,46,50,10,10,10,13,9,12,League Two
M. Heys,Salford City,Inglaterra,42,RM,Right,176,17,51,,58,43,52,51,33,42,56,39,35,55,45,56,52,45,47,45,61,55,57,42,47,50,44,50,36,45,46,31,46,46,45,49,36,33,29,8,7,7,11,12,10,League Two
K. Cesay,Salford City,Sierra Leona,21,"CAM, CM, ST",Right,187,24,59,,62,60,60,61,33,55,53,58,59,61,53,63,63,59,58,62,65,59,58,56,54,59,43,57,57,66,49,33,60,65,57,58,32,28,29,7,14,6,9,9,14,League Two
M. Butcher,Salford City,Inglaterra,18,"CM, CDM, RW",Right,173,29,57,,52,49,57,57,52,54,47,47,43,63,51,55,54,51,61,59,57,47,58,54,58,52,46,62,51,51,55,54,49,58,48,58,51,54,53,8,15,14,9,6,15,League Two
E. Bonds,Salford City,Guyana,16,"RW, CDM, CAM",Right,188,26,60,,65,58,59,59,30,51,59,59,51,56,57,61,61,56,55,58,62,68,58,54,55,58,56,60,50,56,43,28,62,67,55,52,29,26,25,15,6,12,10,6,6,League Two
J. Grant,Salford City,Inglaterra,8,"CM, CDM, CAM",Right,175,31,61,,56,56,62,60,51,58,57,54,47,68,52,58,55,56,61,63,56,56,57,63,61,62,53,70,55,58,54,59,56,61,55,63,45,52,50,15,9,13,6,10,11,League Two
B. Woodburn,Salford City,Gales,7,"RW, CM, CAM",Right,175,26,55,,62,54,52,57,25,44,55,53,42,54,50,58,56,48,51,57,62,62,58,54,57,55,45,52,40,56,43,28,54,47,55,50,23,20,19,10,7,9,9,15,14,League Two
J. Powell,Salford City,Inglaterra,6,"LM, CM, CDM",Left,178,27,64,,67,57,61,67,44,59,65,55,52,61,61,68,65,61,58,67,67,67,70,64,69,57,58,65,56,61,58,45,61,59,56,60,44,40,44,13,9,11,13,14,9,League Two
N. Asiimwe,Salford City,Uganda,2,"RB, RM",Right,182,21,58,Uganda,60,44,54,57,57,58,59,41,53,55,37,58,52,50,49,53,58,61,60,61,58,49,58,63,57,45,54,60,44,52,47,58,55,59,55,15,9,6,13,15,7,League Two
A. Henderson,Salford City,Inglaterra,13,CDM,Right,168,21,51,,48,42,48,46,52,49,36,39,40,52,38,44,46,42,52,46,43,52,48,50,53,48,46,52,46,42,55,54,40,53,43,53,54,53,47,9,11,6,8,10,6,League Two
J. Lara,Salford City,Inglaterra,36,"CB, RB",Right,182,22,55,,47,36,43,41,60,61,41,29,59,51,27,32,35,31,52,50,49,45,38,55,39,51,60,52,65,39,64,57,33,31,38,51,64,57,66,11,7,9,6,11,9,League Two
L. Garbutt,Salford City,Inglaterra,29,"CB, LB, LW",Right,178,33,62,,56,42,49,53,65,62,43,37,60,57,41,46,40,41,49,59,54,57,54,61,56,55,59,62,61,43,66,63,35,46,46,58,65,69,61,11,12,10,10,13,12,League Two
T. Allen,Salford City,Inglaterra,24,"CB, LB",Right,178,26,61,,55,40,50,50,62,64,45,32,58,58,40,43,44,40,57,56,56,55,49,55,53,55,63,57,68,46,63,65,36,38,36,61,56,65,64,9,13,6,13,11,13,League Two
A. Oluwo,Salford City,Inglaterra,22,CB,Right,191,26,62,,60,42,50,49,66,64,46,36,69,57,35,46,49,43,49,51,60,60,53,58,45,57,66,59,68,44,62,71,36,44,40,55,64,63,68,13,14,7,6,14,14,League Two
O. Turton,Salford City,Inglaterra,20,"CB, RB, CAM",Right,180,33,57,,48,36,46,45,61,59,43,26,59,51,39,42,40,35,51,44,46,49,46,56,50,52,55,55,62,41,56,60,32,43,35,59,60,64,55,13,9,7,15,9,14,League Two
D. Scarr,Salford City,Inglaterra,17,CB,Right,188,31,66,,63,49,53,57,70,66,52,45,66,60,36,58,38,40,60,56,63,63,55,64,55,67,68,58,69,45,66,72,40,44,48,61,72,70,67,10,14,7,6,11,6,League Two
B. Cooper,Salford City,Gales,15,"CB, RB",Right,185,26,62,,56,44,51,52,65,62,52,40,64,57,37,48,43,40,54,57,51,61,49,55,48,56,62,61,62,42,64,64,36,40,45,65,64,66,67,10,10,9,9,15,9,League Two
M. Rose,Salford City,Escocia,5,"CB, CDM",Left,188,30,61,,59,44,51,51,66,63,47,40,64,58,35,47,42,42,58,55,59,59,45,56,56,54,70,56,64,43,69,67,44,44,44,59,64,67,67,12,10,13,14,6,15,League Two
W. Aimson,Salford City,Inglaterra,4,CB,Left,179,32,63,,55,41,52,52,68,64,45,37,64,61,33,51,37,40,56,50,54,56,49,62,61,56,63,60,65,40,66,67,33,45,37,63,67,73,63,7,12,10,10,6,6,League Two
Z. Awe,Salford City,Inglaterra,3,"CB, CDM",Left,178,22,59,,57,36,49,48,66,60,44,27,59,60,32,44,41,40,55,50,58,56,48,60,48,53,57,54,62,36,63,64,39,35,46,61,64,73,58,6,9,8,7,7,9,League Two
L. Burge,Salford City,Inglaterra,26,GK,Right,180,33,64,,35,22,33,29,22,47,16,16,20,41,10,19,16,18,42,28,38,32,40,65,40,41,50,40,51,24,43,33,13,39,21,44,22,19,14,66,63,54,64,64,41,League Two
S. Long,Salford City,Inglaterra,12,GK,Right,183,23,59,,31,17,30,28,15,43,19,10,21,36,10,18,10,16,35,30,32,30,36,58,39,40,48,39,49,14,34,22,11,34,20,39,12,12,10,64,60,53,58,59,38,League Two
W. Norris,Salford City,Inglaterra,1,GK,Right,195,33,64,,35,20,32,30,20,46,19,11,23,40,13,18,18,20,33,33,32,37,38,64,49,44,52,32,54,18,40,29,13,39,31,43,16,16,18,65,65,57,64,65,39,League Two
J. Woods,Accrington Stanley,Inglaterra,39,"ST, CAM, LW",Right,179,26,62,,64,64,51,60,28,63,45,67,64,54,63,59,55,50,52,61,63,65,58,66,59,64,65,58,66,55,59,21,69,52,62,60,26,26,19,13,7,10,10,6,15,League Two
C. Warren,Accrington Stanley,Inglaterra,30,"RW, ST, LW",Right,189,22,56,,64,57,53,61,24,49,58,58,50,54,55,66,60,52,47,60,64,64,60,57,53,59,53,54,50,53,41,22,58,48,54,48,23,22,16,8,7,6,14,12,9,League Two
J. Catesby,Accrington Stanley,Inglaterra,27,LW,Left,170,19,52,,63,55,51,56,21,42,52,59,43,56,48,56,56,47,44,54,60,66,62,54,58,52,50,51,39,49,35,28,57,48,57,49,15,17,15,14,10,12,14,9,7,League Two
T. Walton,Accrington Stanley,Inglaterra,23,"ST, CF",Right,176,28,58,,58,62,50,54,24,57,46,63,59,57,58,52,47,45,40,53,61,56,55,61,58,63,55,55,60,59,52,18,60,49,58,60,23,20,18,7,15,11,13,9,10,League Two
C. Caton,Accrington Stanley,Inglaterra,18,"ST, LW",Right,182,23,58,,60,62,48,60,27,59,50,68,66,51,54,56,46,41,38,67,60,60,55,59,59,59,60,55,64,56,51,23,57,49,58,57,24,21,23,13,7,7,6,8,12,League Two
C. Stockton,Accrington Stanley,Inglaterra,13,ST,Right,186,32,65,,65,67,57,66,32,69,58,72,68,61,60,66,58,51,49,70,68,63,58,65,56,65,70,63,75,62,63,27,64,56,65,70,29,29,25,6,13,8,14,14,11,League Two
K. Mooney,Accrington Stanley,Inglaterra,9,ST,Right,180,27,58,,62,58,48,59,24,56,42,60,51,53,61,59,45,48,46,59,63,61,58,57,52,63,58,56,59,49,49,23,62,49,50,62,23,19,22,14,12,6,11,14,14,League Two
C. O'Brien,Accrington Stanley,Inglaterra,38,"RB, CAM, CB",Right,182,22,56,,63,42,50,50,53,58,55,37,54,48,33,49,46,44,51,49,67,60,55,52,55,53,49,63,57,47,56,57,42,50,40,50,52,50,58,11,7,14,11,7,14,League Two
D. Tutonda,Accrington Stanley,Congo,33,"LB, CB",Left,180,30,59,,62,44,55,58,53,57,64,40,51,57,37,55,54,42,52,59,61,62,66,55,60,56,56,63,53,45,59,52,40,48,39,58,50,56,59,9,13,12,13,11,11,League Two
S. Conneely,Accrington Stanley,Irlanda,28,"CDM, CB",Right,185,38,60,,44,53,55,55,60,63,47,49,58,58,41,54,50,51,54,57,49,40,48,61,49,57,61,62,64,60,62,58,54,60,56,68,64,58,60,12,8,12,15,11,14,League Two
C. Brown,Accrington Stanley,Inglaterra,20,"LB, RB, LW",Left,183,27,59,,64,43,55,56,58,61,58,39,54,56,43,55,50,44,55,54,63,65,60,56,59,50,58,65,61,45,58,56,43,53,43,61,58,59,58,11,13,8,8,10,11,League Two
A. Borland,Accrington Stanley,Escocia,16,"CDM, CM, CAM",Right,179,19,55,,48,47,52,53,56,55,47,43,46,58,40,52,48,49,53,54,49,47,51,58,49,51,49,56,53,54,62,57,42,48,46,52,55,60,59,13,7,7,13,8,14,League Two
S. Mols,Accrington Stanley,España,14,"RM, RW, CAM",Right,178,27,54,,61,51,55,57,34,49,60,56,39,52,45,52,57,52,54,63,65,57,57,54,54,50,44,57,47,45,46,36,51,56,42,53,33,33,36,8,7,13,15,15,14,League Two
I. Sinclair,Accrington Stanley,Inglaterra,11,"CAM, CDM, ST",Right,180,25,59,,57,59,60,64,33,52,56,57,48,62,61,64,63,56,62,68,58,56,62,57,65,59,49,60,51,60,45,33,67,60,57,54,32,32,24,13,12,11,12,8,8,League Two
A. Henderson,Accrington Stanley,Inglaterra,10,"CAM, CDM, CM",Right,182,21,54,,53,52,54,57,26,50,56,51,42,53,53,59,62,48,48,57,57,49,58,53,56,53,44,55,49,54,47,30,55,58,51,51,24,25,11,7,8,14,11,8,6,League Two
C. Grant,Accrington Stanley,Inglaterra,8,"CDM, CM",Right,176,31,61,,53,53,60,56,61,63,52,48,63,65,49,52,48,50,61,56,52,54,60,66,58,63,56,70,61,55,63,63,54,64,50,63,60,62,59,11,7,13,14,14,9,League Two
S. Whalley,Accrington Stanley,Inglaterra,7,"CAM, ST, RW",Right,175,39,63,,58,63,65,68,35,53,58,64,55,68,65,67,68,62,63,71,57,59,68,64,73,64,52,57,51,62,51,35,64,68,59,63,32,30,36,13,8,15,14,13,15,League Two
L. Coyle,Accrington Stanley,Irlanda del Norte,6,"CDM, CB",Left,175,26,57,,52,49,52,53,58,60,41,47,52,59,42,53,48,44,55,52,52,52,46,60,58,53,54,63,59,53,62,62,45,52,44,56,57,59,60,13,11,12,14,13,13,League Two
D. Love,Accrington Stanley,Escocia,2,"CB, RB, CDM",Right,178,31,62,,56,44,50,54,64,64,46,38,58,55,40,49,41,41,54,58,55,56,52,59,54,58,63,59,66,46,65,63,40,45,44,66,67,65,65,10,10,11,11,8,6,League Two
J. Smith,Accrington Stanley,Inglaterra,25,CB,Right,186,21,52,,45,31,40,37,56,55,39,24,52,46,30,29,31,33,40,41,44,46,44,54,34,48,54,48,60,32,51,53,25,35,34,49,57,60,55,6,15,6,9,15,12,League Two
J. Anderson,Accrington Stanley,Inglaterra,22,"CB, LB",Left,188,25,60,,58,39,50,48,64,65,44,34,67,62,36,41,42,38,53,53,52,62,50,59,50,54,66,61,67,37,64,67,37,36,40,57,62,63,66,12,8,8,12,13,7,League Two
D. Matthews,Accrington Stanley,Inglaterra,17,CB,Right,190,26,60,,55,40,50,49,64,62,50,37,65,55,32,42,40,42,55,54,55,55,51,59,47,53,63,54,65,39,62,58,35,40,38,55,69,64,63,12,6,15,9,14,12,League Two
F. Rawson,Accrington Stanley,Inglaterra,5,CB,Left,193,30,63,,55,44,51,50,65,66,51,38,68,58,36,48,45,44,55,50,58,52,54,59,49,58,71,62,67,46,65,63,40,41,45,60,65,65,64,13,10,7,10,13,6,League Two
T. Moore,Accrington Stanley,Inglaterra,4,CB,Right,193,27,57,,52,38,46,46,60,60,45,32,60,53,33,39,40,37,50,54,50,54,37,57,46,55,57,51,66,39,56,58,28,38,34,61,62,60,62,15,15,11,9,13,11,League Two
O. Smith,Accrington Stanley,Inglaterra,3,"CB, RB",Right,191,19,53,,50,30,41,43,58,57,42,24,62,45,28,38,32,29,43,48,47,53,38,49,38,44,57,54,58,29,56,51,32,37,30,50,60,62,51,15,12,15,9,10,14,League Two
J. Rogerson,Accrington Stanley,Inglaterra,21,GK,Left,192,19,52,,27,14,23,22,11,35,10,10,10,28,10,10,10,10,27,28,26,27,29,45,32,31,36,27,41,10,29,15,10,29,10,28,10,10,10,53,49,44,54,56,33,League Two
L. Moulden,Accrington Stanley,Inglaterra,1,GK,Right,190,24,63,,39,20,31,29,21,47,17,12,22,35,15,16,15,16,35,33,36,41,41,58,42,36,52,41,53,23,40,31,16,45,23,47,17,19,14,62,60,55,63,64,43,League Two
J. Gbodé,Shrewsbury Town,Inglaterra,27,"RW, ST, LW",Right,180,21,56,,62,53,54,58,26,49,59,55,44,53,54,59,57,46,52,58,60,63,58,55,62,52,47,57,50,51,38,28,55,53,53,53,24,24,20,10,15,9,11,12,11,League Two
K. McMahon-Brown,Shrewsbury Town,Irlanda,18,"ST, CAM",Left,170,18,52,,57,52,44,51,18,49,41,51,47,48,51,51,43,38,33,52,58,56,52,49,55,57,52,44,53,51,45,16,54,48,50,47,18,12,15,10,10,11,12,14,7,League Two
J. Davison,Shrewsbury Town,Inglaterra,13,"ST, LW",Left,188,27,59,,65,62,49,58,23,59,51,65,58,47,68,57,53,49,51,59,64,65,57,61,52,60,60,50,66,58,51,18,61,48,58,63,20,21,17,6,14,15,7,6,6,League Two
G. Lloyd,Shrewsbury Town,Inglaterra,9,"ST, CF",Left,172,26,61,,64,62,50,60,28,59,45,63,58,53,60,56,56,51,43,65,65,64,60,59,60,61,61,58,60,61,59,25,64,51,60,58,24,25,22,14,14,12,15,6,8,League Two
H. Aiston,Shrewsbury Town,Inglaterra,46,CAM,Right,174,16,51,,55,50,52,56,25,43,47,46,36,54,45,58,55,47,51,55,58,52,55,49,50,53,40,50,41,55,39,30,50,53,50,54,19,27,20,6,8,12,11,11,9,League Two
J. Loughran,Shrewsbury Town,Inglaterra,42,CAM,Right,169,19,52,,54,51,52,53,24,41,50,50,31,53,50,50,54,46,50,56,51,56,53,46,60,52,35,47,39,52,40,28,53,56,49,47,21,22,22,9,10,8,7,10,9,League Two
J. Thompson-McKenzie,Shrewsbury Town,Inglaterra,30,"CDM, CM",Right,173,19,51,,45,41,48,45,55,52,39,36,50,53,38,42,39,45,51,45,44,45,48,48,51,52,48,55,49,41,55,57,37,48,44,51,56,54,54,8,13,11,11,14,8,League Two
W. Gray,Shrewsbury Town,Inglaterra,21,"CDM, CB",Left,180,17,50,,47,42,48,48,49,53,41,38,48,51,31,46,36,47,50,53,48,47,35,48,50,49,50,58,50,49,55,48,39,53,41,48,53,46,48,6,8,10,15,10,7,League Two
M. Golding,Shrewsbury Town,Inglaterra,20,"CDM, CAM, CM",Left,179,20,64,,56,53,61,58,64,62,55,49,60,66,48,55,52,53,64,63,59,54,53,64,62,60,60,64,59,55,66,67,59,58,56,56,63,66,64,14,11,15,7,8,15,League Two
J. Price,Shrewsbury Town,Inglaterra,19,"CM, CDM, LM",Left,170,33,63,,58,57,65,67,54,56,61,52,53,65,54,67,56,59,66,67,58,58,72,67,63,64,49,65,53,59,55,59,58,70,59,59,51,54,50,12,13,8,10,7,13,League Two
K. Berkoe,Shrewsbury Town,Inglaterra,11,"LB, CAM, LW",Right,178,25,58,,58,44,52,54,56,58,59,40,48,55,42,51,50,47,49,53,55,60,63,59,61,53,53,62,56,45,58,63,44,46,40,55,57,52,59,8,10,15,15,6,14,League Two
T. Sang,Shrewsbury Town,Inglaterra,10,"CDM, CM, RW",Right,188,27,57,,53,47,54,55,59,63,48,42,55,64,39,57,45,44,59,55,52,53,49,58,49,55,59,61,66,53,59,62,48,46,48,60,55,61,60,9,11,10,11,9,10,League Two
I. Fletcher,Shrewsbury Town,Inglaterra,8,"CAM, ST",Right,173,24,62,,66,64,63,64,34,54,61,62,48,65,58,67,61,60,61,62,67,65,66,61,65,67,47,60,53,67,50,32,69,66,58,59,32,35,32,11,8,12,13,6,14,League Two
J. Turner-Cooke,Shrewsbury Town,Inglaterra,7,"CDM, CAM, LW",Right,189,22,56,,48,47,53,51,56,61,47,44,52,61,41,49,46,42,55,56,49,48,40,54,47,54,55,56,63,46,62,61,51,48,43,64,59,52,53,9,9,7,12,14,15,League Two
I. England,Shrewsbury Town,Inglaterra,4,"CDM, CM",Left,184,18,57,,50,48,54,51,59,64,47,42,55,61,43,45,45,47,57,57,52,49,49,54,46,56,54,58,67,56,66,56,46,53,51,54,58,63,58,9,14,10,13,11,7,League Two
S. Clucas,Shrewsbury Town,Inglaterra,14,"LB, LM, CM",Left,178,36,59,,61,46,57,56,58,56,60,44,47,60,41,53,47,45,53,55,60,61,62,61,64,52,52,61,54,46,56,58,46,56,47,56,63,56,61,12,15,11,14,7,11,League Two
A. Gilliead,Shrewsbury Town,Inglaterra,16,"CDM, CM",Right,185,30,59,,53,52,57,56,60,63,44,48,59,62,46,58,48,50,58,58,54,53,50,56,48,57,57,62,65,58,59,58,50,63,52,56,59,61,63,9,14,7,10,10,14,League Two
O. Hall,Shrewsbury Town,Inglaterra,45,"RB, RM",Right,187,28,53,,57,41,49,49,52,55,52,37,53,55,38,49,45,42,45,48,58,56,56,46,50,48,52,55,58,45,48,53,45,43,34,53,54,50,54,13,9,6,15,8,7,League Two
T. Anderson,Shrewsbury Town,Inglaterra,26,"CB, RB",Right,193,33,61,,56,37,49,53,65,63,44,28,68,55,35,50,35,46,51,55,53,59,50,62,52,54,65,56,67,40,63,68,39,48,41,61,62,67,62,10,6,12,6,11,9,League Two
L. Sousa,Shrewsbury Town,Inglaterra,24,LB,Right,185,21,63,,69,49,57,63,63,65,63,46,59,59,42,66,47,52,54,60,65,73,61,65,61,56,64,65,65,50,66,61,50,52,46,58,67,62,62,6,14,9,14,15,9,League Two
I. Lee,Shrewsbury Town,Corea del Sur,23,CB,Right,195,22,54,,48,32,44,44,59,59,40,27,67,51,32,40,33,35,49,49,44,52,40,54,39,49,54,55,61,28,60,57,31,37,31,47,60,58,59,10,8,13,11,15,9,League Two
B. Pendleton,Shrewsbury Town,Inglaterra,22,"LB, RB",Right,183,20,54,,56,40,49,51,52,52,55,37,48,49,32,46,46,42,45,57,55,56,54,47,55,47,60,53,52,40,51,53,46,48,44,52,54,51,55,12,7,9,6,11,14,League Two
A. Jude-Boyd,Shrewsbury Town,Saint Lucia,17,"RB, RW",Right,182,23,59,,63,44,54,56,55,60,65,39,52,54,41,51,50,42,51,58,63,63,61,58,58,54,53,63,60,47,58,56,48,47,43,60,51,60,57,8,14,15,8,15,7,League Two
S. Stubbs,Shrewsbury Town,Inglaterra,6,"CB, RB",Left,190,27,56,,53,36,43,47,60,60,38,32,60,50,30,45,36,41,46,49,57,50,40,55,47,49,63,51,65,35,57,62,32,36,35,56,54,66,57,15,12,14,14,6,8,League Two
W. Boyle,Shrewsbury Town,Escocia,5,CB,Left,188,31,56,,46,37,46,43,60,58,44,32,58,54,30,36,37,33,50,46,45,47,46,63,39,52,58,53,59,38,61,62,31,38,33,57,54,63,62,7,9,8,7,11,14,League Two
J. Ruffels,Shrewsbury Town,Inglaterra,3,"CB, CDM, CM",Right,178,32,63,,53,43,50,51,64,66,46,38,62,54,37,48,45,42,56,50,52,53,52,60,59,60,64,61,68,40,68,62,37,46,40,62,68,61,66,15,9,15,13,14,13,League Two
L. Hoole,Shrewsbury Town,Gales,2,"CB, RB",Left,180,24,60,,55,41,48,52,65,66,44,41,65,56,36,46,39,36,53,56,54,56,56,64,55,53,65,58,68,35,70,68,31,40,35,59,66,62,63,14,13,15,14,11,11,League Two
A. Nsiala,Shrewsbury Town,Congo,15,"CB, CDM",Right,193,34,58,,50,37,49,50,62,62,50,33,62,57,29,47,44,34,49,53,47,52,43,57,42,48,59,57,65,38,62,65,34,37,42,59,58,64,61,6,9,6,8,12,7,League Two
C. Gregory,Shrewsbury Town,Inglaterra,32,GK,Right,192,26,56,,29,16,25,21,12,36,10,10,16,34,10,12,10,10,27,23,30,29,27,43,36,37,38,25,42,10,36,18,10,29,12,39,10,10,11,55,56,49,53,55,35,League Two
S. Proctor,Shrewsbury Town,Inglaterra,12,GK,Right,190,19,57,,31,18,25,23,18,40,14,10,17,31,10,10,14,11,24,26,33,30,36,53,37,36,43,34,46,20,32,27,10,31,16,32,18,15,10,59,56,52,52,57,31,League Two
W. Brook,Shrewsbury Town,Inglaterra,1,GK,Right,190,22,58,,32,16,27,24,14,41,16,10,19,33,10,12,10,17,24,27,29,34,28,53,39,35,44,35,46,10,34,21,12,37,19,38,13,11,10,56,57,56,60,61,33,League Two
F. Cavegn,Bristol Rovers,Suiza,29,"ST, LW",Left,178,24,65,,69,65,51,63,31,66,51,66,66,56,63,60,56,51,41,66,65,72,63,64,66,67,63,63,69,61,64,27,74,50,66,57,29,25,24,7,15,11,14,8,15,League Two
E. Harrison,Bristol Rovers,Gales,19,"ST, LW, CAM",Right,180,32,63,,59,62,56,60,28,60,58,65,58,61,67,56,51,51,51,62,62,57,62,70,54,65,64,62,63,53,50,29,64,54,61,66,21,25,24,8,15,8,11,11,13,League Two
B. Kamwa,Bristol Rovers,Camerún,10,"LW, LM, RW",Right,183,26,60,,68,56,61,64,28,52,59,54,51,66,54,71,59,53,56,59,69,67,65,57,60,60,52,59,50,57,49,33,66,60,56,59,27,18,25,12,13,12,10,8,12,League Two
J. Quigley,Bristol Rovers,Inglaterra,9,ST,Right,191,29,62,,65,65,53,60,29,62,57,69,65,53,65,59,58,50,49,62,65,65,59,59,50,65,66,60,66,56,54,21,66,52,61,62,31,22,24,7,9,7,6,10,15,League Two
S. Forde,Bristol Rovers,Inglaterra,7,"RW, CAM",Right,174,22,58,,62,58,55,62,27,49,60,61,45,58,50,64,58,57,48,60,62,62,65,56,65,54,39,57,48,57,43,29,63,51,55,55,23,25,21,11,14,13,15,13,9,League Two
O. Dewsbury,Bristol Rovers,Gales,30,ST,Right,176,18,57,,59,60,45,54,23,54,45,67,55,47,59,55,53,52,36,51,59,59,55,57,53,52,57,49,58,50,50,22,64,44,63,59,19,18,19,8,11,12,11,14,12,League Two
P. Sanyaolu,Bristol Rovers,Inglaterra,27,"CM, CDM",Left,175,18,52,,52,46,55,54,44,49,59,43,41,54,39,53,53,47,52,57,50,53,54,54,52,51,47,58,47,50,42,42,51,57,42,43,47,43,44,15,6,10,15,15,13,League Two
T. Leigh,Bristol Rovers,Inglaterra,24,"CAM, CDM, CM",Right,185,26,59,,61,59,60,60,30,57,58,60,47,66,54,59,57,60,54,60,65,58,62,57,60,60,46,58,60,60,51,32,55,59,53,62,26,29,27,7,13,8,11,10,12,League Two
M. Southam-Hales,Bristol Rovers,Gales,23,"RB, RM",Right,175,30,60,,67,49,52,56,58,58,61,48,50,54,41,55,46,47,46,57,64,69,56,56,62,55,52,66,55,48,57,56,46,47,45,53,59,60,61,9,13,13,15,9,14,League Two
R. Smallwood,Bristol Rovers,Inglaterra,21,"CDM, CM",Right,180,35,62,,50,52,60,59,64,65,55,47,59,69,49,56,53,48,58,60,48,51,58,67,59,59,59,70,63,57,63,64,53,56,54,65,65,66,58,14,14,14,15,9,12,League Two
R. De Havilland,Bristol Rovers,Inglaterra,15,"CDM, CM",Right,177,25,60,,53,52,56,59,60,62,47,48,49,60,40,58,48,49,59,60,56,50,56,58,54,59,62,70,59,54,59,60,57,57,52,62,62,63,60,8,10,7,15,10,12,League Two
J. Aitchison,Bristol Rovers,Escocia,11,"CAM, CDM",Right,180,26,62,,63,66,62,63,38,54,58,68,50,66,54,65,67,57,53,62,64,63,60,61,64,63,56,58,53,68,51,40,60,68,61,61,37,35,30,6,11,9,14,15,11,League Two
R. Russell-Denny,Bristol Rovers,Inglaterra,8,"RW, CAM, CDM",Right,174,20,53,,63,51,49,58,22,46,54,50,37,47,50,63,55,44,47,55,61,64,60,55,51,53,42,54,45,51,42,19,56,49,49,48,19,22,20,15,8,10,13,10,13,League Two
C. Mola,Bristol Rovers,Inglaterra,6,"CDM, CB, LB",Left,183,25,60,,54,50,58,57,62,65,50,43,55,63,42,54,47,47,58,59,57,51,57,65,56,63,58,63,68,55,62,64,52,64,51,62,64,61,60,14,13,8,13,9,11,League Two
J. Sparkes,Bristol Rovers,Inglaterra,3,"LB, LM",Left,177,26,60,,63,47,58,58,56,57,61,44,51,63,38,60,50,48,57,54,62,64,64,56,63,57,61,63,54,49,57,55,50,50,38,59,57,55,61,9,14,6,9,10,11,League Two
R. Harbottle,Bristol Rovers,Inglaterra,26,"CB, RB",Right,187,26,59,,51,41,45,46,63,61,39,38,61,55,37,42,40,40,47,47,52,51,49,56,47,49,60,56,63,40,63,63,38,34,47,56,62,65,60,10,7,7,12,7,10,League Two
K. Gough,Bristol Rovers,Inglaterra,22,CB,Right,184,20,54,,48,35,42,43,56,57,38,30,53,49,33,39,35,38,45,47,44,51,35,48,46,52,61,47,58,31,65,54,33,32,35,49,55,59,53,10,7,10,7,6,6,League Two
C. Kelly,Bristol Rovers,Irlanda,17,CB,Right,191,28,59,,54,38,45,51,62,65,40,30,66,50,32,48,43,41,49,54,53,54,45,65,53,53,63,58,69,40,62,61,37,39,43,54,60,65,56,15,15,11,14,7,14,League Two
B. Purrington,Bristol Rovers,Inglaterra,14,LB,Left,174,30,58,,63,46,51,57,53,58,50,45,47,56,43,53,52,44,50,58,63,63,66,54,63,51,50,61,58,45,58,57,48,47,46,54,51,53,61,13,7,9,7,6,9,League Two
A. Kilgour,Bristol Rovers,Inglaterra,5,CB,Right,188,28,59,,52,40,46,47,66,62,45,33,66,53,26,39,34,42,51,52,50,54,49,56,48,59,64,59,67,40,54,67,35,36,42,64,68,66,61,14,13,12,13,15,7,League Two
K. Balmer,Bristol Rovers,Irlanda del Norte,4,"CB, RB",Right,186,26,60,,58,41,49,52,65,63,49,38,63,58,35,49,44,40,52,54,56,59,48,62,48,58,60,60,64,36,63,63,33,35,43,56,66,70,55,8,15,12,8,10,10,League Two
T. James,Bristol Rovers,Gales,2,"RB, LB, CB",Right,180,30,55,,57,44,50,49,53,54,58,45,51,50,36,46,49,44,48,49,54,59,53,48,61,46,53,56,52,40,55,54,46,45,44,55,51,55,54,6,10,12,9,12,12,League Two
B. Young,Bristol Rovers,Inglaterra,1,GK,Right,191,24,62,,38,18,28,28,20,43,12,10,22,31,14,17,13,19,36,28,36,39,38,62,42,39,47,38,47,17,38,27,16,37,22,38,20,15,14,64,62,55,61,59,42,League Two
R. Wilson,Rotherham United,Inglaterra,30,ST,Right,179,19,51,,52,53,41,48,18,50,38,55,51,43,49,45,36,38,40,54,57,48,45,48,44,57,52,48,53,47,43,10,53,43,50,46,12,22,10,12,9,13,8,7,15,League Two
G. Sebine,Rotherham United,Inglaterra,19,"ST, CF",Right,190,20,53,,57,55,42,50,21,53,40,55,54,46,52,48,53,45,32,53,55,58,49,53,46,57,57,49,57,53,45,20,56,43,52,51,19,13,19,8,15,6,12,8,12,League Two
P. Mullin,Rotherham United,Inglaterra,10,"ST, LW",Right,178,31,60,,61,65,51,60,26,59,48,69,58,56,55,59,57,52,38,58,57,64,64,68,60,63,63,55,63,62,55,22,68,55,59,68,20,24,24,12,14,7,6,12,9,League Two
T. Bradshaw,Rotherham United,Gales,9,ST,Left,178,34,62,,60,65,55,62,30,59,50,64,59,60,62,59,59,57,51,65,58,61,58,69,56,72,60,60,57,60,63,30,69,55,61,64,25,26,25,10,10,8,9,13,12,League Two
Fábio Tavares,Rotherham United,Portugal,7,"ST, CAM",Right,178,25,61,,65,64,53,60,26,60,55,66,56,58,65,60,51,55,45,61,64,66,56,63,62,65,63,61,61,62,57,28,65,50,58,64,21,20,21,13,12,13,12,14,13,League Two
M. Truswell,Rotherham United,Inglaterra,47,"CDM, CB",Right,177,25,56,,51,46,53,53,58,61,48,40,51,56,38,51,47,48,56,54,51,51,51,58,55,53,55,59,63,50,61,58,51,54,50,56,55,65,56,14,8,11,11,10,6,League Two
D. Gardner,Rotherham United,Inglaterra,46,CM,Left,171,18,53,,52,48,54,56,43,48,48,44,41,58,43,54,52,45,59,60,53,52,53,47,55,55,41,52,48,51,46,47,49,54,52,54,45,38,47,7,6,10,13,7,8,League Two
K. Richardson,Rotherham United,Inglaterra,38,LM,Left,176,19,52,,57,46,52,54,32,48,56,43,42,51,42,55,58,49,48,55,62,53,53,46,56,52,38,53,48,47,44,33,50,52,52,51,31,28,36,9,13,12,8,15,15,League Two
C. Lee,Rotherham United,Inglaterra,35,CDM,Right,181,19,51,,44,39,48,47,52,52,43,33,43,52,40,48,43,43,52,44,45,43,49,45,51,47,47,55,49,42,56,54,40,48,41,51,56,48,56,6,15,11,15,14,14,League Two
B. Cover,Rotherham United,Jamaica,28,"CDM, RB, RW",Left,187,23,57,Jamaica,55,47,53,53,61,65,45,42,62,57,41,53,44,46,62,53,55,55,44,61,48,56,59,62,68,52,61,61,49,53,45,60,60,61,60,7,13,6,11,7,14,League Two
B. Hatton,Rotherham United,Inglaterra,27,CM,Left,170,20,53,,48,46,53,53,44,52,52,44,39,56,44,54,48,43,56,51,51,46,58,45,57,47,38,59,49,46,54,44,50,51,48,47,44,46,46,11,13,8,15,12,10,League Two
K. Lolos,Rotherham United,Grecia,25,"CAM, ST",Right,188,26,59,,57,59,60,63,35,53,57,59,49,62,54,66,62,56,57,63,58,57,55,63,61,62,50,55,55,60,44,38,57,61,57,58,36,29,30,9,7,6,10,7,9,League Two
A. Nemane,Rotherham United,Inglaterra,23,"RM, RW, RB",Right,170,29,61,,65,56,63,62,40,56,72,55,49,62,58,61,61,52,60,63,68,62,66,64,63,51,54,66,55,61,49,43,60,62,53,57,38,40,36,9,7,9,12,11,8,League Two
J. Jellis,Rotherham United,Inglaterra,22,"CM, RW, CAM",Right,174,25,61,,57,55,63,62,53,57,60,50,45,66,50,65,58,52,70,57,58,56,66,68,63,58,56,66,54,63,54,51,53,61,58,65,51,59,56,7,9,6,7,6,13,League Two
M. Kaleta,Rotherham United,Inglaterra,17,"RM, RW",Left,179,22,57,,56,52,59,59,37,53,58,51,36,64,48,59,58,49,56,60,58,54,60,57,63,57,44,61,51,50,48,40,54,55,48,56,32,41,33,10,8,9,7,6,12,League Two
J. Fitzgerald,Rotherham United,Inglaterra,15,"CAM, CDM, CM",Right,175,19,52,,57,50,52,57,27,43,49,49,38,55,41,58,55,49,50,59,57,57,53,50,54,53,41,50,41,50,40,30,52,51,47,51,26,26,16,10,6,10,9,15,7,League Two
D. Hall,Rotherham United,Países Bajos,12,"RM, RB, CB",Right,180,25,60,,65,54,60,62,42,55,65,54,51,63,55,62,62,51,51,60,67,63,69,59,64,53,55,64,53,53,51,40,57,59,62,57,38,46,37,9,13,10,7,7,9,League Two
K. Spence,Rotherham United,Inglaterra,8,"CM, CDM, CAM",Left,178,25,59,,58,54,60,60,50,54,58,49,46,61,48,59,54,58,65,61,60,57,59,64,63,62,53,56,52,60,56,54,58,57,55,62,51,50,48,6,12,8,7,6,13,League Two
O. Ashley,Rotherham United,Inglaterra,6,"CDM, CM",Left,180,26,57,,50,47,55,52,58,58,51,43,52,62,41,50,44,55,51,53,52,48,52,63,51,57,58,63,57,48,54,63,49,51,49,52,54,61,55,7,11,13,14,12,13,League Two
J. Austerfield,Rotherham United,Inglaterra,4,"CM, CAM, CDM",Right,179,24,61,,57,57,60,64,55,60,59,55,61,63,45,70,58,54,63,61,56,58,58,60,57,66,55,67,59,58,56,56,55,56,54,61,56,52,52,9,14,6,15,15,6,League Two
J. Clarke,Rotherham United,Inglaterra,11,"RB, RM",Right,180,19,53,,62,39,46,50,50,54,56,35,49,44,35,47,43,39,44,51,59,65,52,53,58,46,51,58,52,42,56,46,44,42,40,44,46,56,53,13,12,7,8,8,11,League Two
H. Duncan,Rotherham United,Inglaterra,36,RB,Right,186,18,53,,62,41,48,50,50,55,53,38,53,50,36,48,51,38,47,54,62,62,46,51,50,49,52,57,55,41,54,48,40,44,41,45,51,49,54,6,7,12,13,11,13,League Two
D. Iorfa,Rotherham United,Inglaterra,27,CB,Right,188,31,63,,58,43,50,51,68,67,47,36,72,55,42,48,44,39,54,52,58,58,49,61,53,56,66,61,70,45,66,66,41,43,44,57,68,69,65,9,11,14,6,11,8,League Two
H. Douglas,Rotherham United,Inglaterra,26,"CB, RB",Right,187,21,57,,54,40,45,45,61,60,41,37,57,55,29,41,29,37,45,49,51,56,41,55,45,52,62,58,61,37,59,57,38,36,38,48,64,65,55,7,11,8,14,8,7,League Two
J. Buyabu,Rotherham United,Inglaterra,24,"LB, LW, LM",Left,177,23,54,,57,38,48,50,51,50,50,36,47,50,38,48,46,37,46,50,57,57,58,55,55,44,52,57,46,37,53,51,43,45,41,49,52,53,50,9,15,13,8,7,12,League Two
L. Agbaire,Rotherham United,Escocia,18,"CB, CDM",Right,178,21,59,,54,39,47,51,59,59,35,35,58,55,36,45,43,43,54,56,51,57,49,55,52,51,62,56,59,36,61,56,36,43,39,62,64,55,61,7,13,14,7,7,6,League Two
E. Adegboyega,Rotherham United,Irlanda,16,CB,Right,191,23,58,,55,36,44,48,62,61,40,29,65,49,30,46,41,37,44,49,55,55,46,54,50,54,64,54,64,39,63,60,30,41,34,57,60,65,58,10,10,9,9,9,6,League Two
S. Aljofree,Rotherham United,Inglaterra,14,"CB, CDM",Right,193,21,59,,56,39,48,45,66,62,46,33,62,57,28,41,36,37,50,46,51,60,46,55,48,52,65,58,64,42,60,68,36,37,37,55,64,69,65,10,9,6,9,13,13,League Two
K. Ngwenya,Rotherham United,Malawi,5,"CB, LB",Right,189,24,62,,55,44,52,55,66,63,54,37,66,59,38,51,39,38,55,61,56,54,47,63,50,62,64,54,66,44,66,67,42,41,43,63,67,67,63,13,6,7,9,8,10,League Two
E. Otoo,Rotherham United,Escocia,3,"CB, LB",Right,181,24,60,,57,41,47,53,62,62,47,37,60,50,36,49,34,41,55,55,59,56,49,66,53,52,65,59,64,39,60,62,39,40,42,58,64,63,60,11,10,11,6,14,11,League Two
J. Rafferty,Rotherham United,Irlanda,2,"CB, RB, CAM",Right,184,33,63,,52,44,54,52,66,68,48,37,65,63,44,46,47,42,55,54,54,51,55,64,55,59,66,64,72,44,66,66,41,47,48,65,68,68,58,14,15,10,8,6,11,League Two
B. Childs,Rotherham United,Inglaterra,50,GK,Left,180,17,51,,28,14,24,19,12,37,10,10,12,31,10,13,10,10,33,18,25,31,25,45,28,29,43,28,45,10,25,16,10,28,10,23,13,10,10,51,49,42,54,52,26,League Two
J. Eyestone,Rotherham United,Estados Unidos,13,GK,Right,200,20,53,,31,15,23,21,14,35,10,10,17,29,10,12,10,13,27,22,33,29,31,45,31,32,40,25,42,13,27,21,10,28,13,30,13,10,10,51,57,43,54,58,31,League Two
T. Cann,Rotherham United,Inglaterra,1,GK,Right,195,25,57,,32,16,27,25,15,38,14,10,23,35,10,12,16,11,29,29,32,32,37,56,37,40,45,31,45,11,27,21,10,33,13,39,13,11,16,59,58,54,57,58,36,League Two
O. Banks,York City,Inglaterra,28,"RW, CDM",Right,190,34,57,,62,53,55,61,26,55,59,51,52,54,51,63,58,48,49,59,65,59,59,64,56,51,48,58,59,58,43,23,61,56,49,57,21,24,26,7,6,15,6,9,12,League Two
D. Akinyemi,York City,Inglaterra,20,"ST, CF",Right,185,29,62,,66,62,52,59,29,62,52,63,67,57,64,57,52,54,43,59,65,67,56,73,62,61,63,58,66,60,58,28,60,48,61,64,30,17,26,13,12,15,6,10,13,League Two
C. Hewitt,York City,Inglaterra,17,LW,Left,171,23,56,,59,54,52,58,27,45,57,55,38,52,50,58,52,51,46,56,55,63,64,57,58,55,45,58,41,54,41,30,50,50,48,62,27,26,17,8,9,11,11,14,7,League Two
O. Pearce,York City,Inglaterra,10,"LW, ST, CAM",Right,174,31,56,,59,53,51,58,27,51,48,51,42,48,53,57,51,48,49,59,63,56,60,55,65,57,51,60,48,54,47,24,57,60,55,57,29,25,17,7,15,6,14,8,7,League Two
J. Stones,York City,Inglaterra,9,"ST, LW",Right,187,22,60,,62,62,52,61,26,59,48,63,66,58,60,59,50,53,45,64,63,62,56,68,56,64,64,53,65,58,49,24,67,51,58,66,24,21,16,11,11,10,13,15,6,League Two
A. Newby,York City,Inglaterra,30,"LM, CAM, CM",Left,173,30,60,,62,55,61,63,40,52,66,53,47,61,50,63,64,58,52,64,65,60,64,59,60,58,46,60,47,55,56,42,56,64,61,57,38,39,40,9,6,14,15,8,15,League Two
E. Stiver,York City,Inglaterra,26,CDM,Right,187,18,53,,48,40,48,47,56,60,37,33,55,57,39,47,42,44,50,48,46,50,44,48,46,45,55,53,63,47,60,62,42,45,47,50,57,55,49,11,8,13,10,6,7,League Two
B. Farrar,York City,Inglaterra,25,"CM, CAM",Left,175,18,51,,51,48,53,51,44,49,50,46,42,57,44,51,47,49,49,52,53,49,55,48,48,50,41,57,47,54,48,48,51,54,45,48,45,44,37,9,7,7,9,8,6,League Two
J. Felix,York City,Inglaterra,23,"RB, RM",Right,183,27,54,,60,39,51,49,53,57,58,36,52,55,36,47,47,37,44,48,60,60,59,48,55,49,53,56,57,38,57,51,41,48,40,46,51,56,54,9,14,12,8,9,14,League Two
H. Boateng,York City,Inglaterra,21,"CM, CDM",Left,170,30,58,,60,51,58,61,49,52,50,45,48,61,48,61,52,54,57,60,62,59,62,57,63,56,51,54,49,57,59,49,56,63,56,60,44,55,49,15,9,9,13,6,8,League Two
J. Malcolm,York City,Inglaterra,18,"CAM, ST",Right,180,23,59,,63,59,60,61,28,49,57,60,43,59,58,61,55,55,62,60,67,60,60,59,62,53,49,56,45,63,48,28,61,65,57,62,28,23,30,6,6,6,11,14,9,League Two
A. Read,York City,Inglaterra,16,"CDM, CM",Right,178,26,59,,49,48,56,56,58,61,48,43,52,63,39,54,49,54,62,58,55,44,53,63,56,54,59,63,59,55,62,59,52,52,52,56,60,57,55,8,13,6,11,10,11,League Two
F. Maguire,York City,Inglaterra,11,"CAM, ST",Right,175,23,56,,59,55,57,60,28,48,54,58,38,60,51,61,57,53,51,60,57,60,60,56,63,54,40,58,44,50,48,27,50,62,54,54,32,23,26,14,13,7,15,12,8,League Two
A. Hunt,York City,Irlanda,8,"CM, CDM, CAM",Right,170,26,60,,60,55,60,65,53,53,53,51,45,62,52,67,53,52,60,66,61,59,65,62,59,58,49,63,50,63,51,59,53,65,53,59,58,47,51,12,7,13,14,15,11,League Two
J. Grey,York City,Inglaterra,7,"RW, CAM, RM",Left,176,23,57,,63,60,57,59,26,52,59,62,43,61,52,58,56,49,51,60,61,65,61,56,54,59,48,58,52,59,43,25,65,55,59,55,22,26,22,6,11,7,7,7,13,League Two
G. Grumley,York City,Inglaterra,14,CM,Right,174,22,54,,54,49,51,55,48,49,47,47,43,52,46,55,48,48,57,57,58,50,56,49,52,50,47,59,43,54,51,51,47,50,48,54,45,51,46,7,15,12,14,7,14,League Two
C. McArthur,York City,Escocia,33,"CB, LB",Right,182,21,55,,52,35,42,46,56,57,37,30,54,48,27,41,34,32,45,52,56,48,44,53,41,47,53,52,59,36,61,54,28,37,41,50,59,56,54,11,12,10,15,14,8,League Two
J. Hunt,York City,Inglaterra,32,"CB, RB",Right,175,35,60,,53,44,48,50,61,61,43,44,57,55,34,47,42,41,49,52,52,54,53,56,52,55,62,56,63,42,63,63,34,44,37,55,58,64,65,10,11,9,6,11,12,League Two
M. Williams,York City,Inglaterra,24,"CB, RB",Right,188,27,56,,48,35,42,44,62,61,40,28,49,47,34,38,41,33,50,48,44,52,48,52,49,48,60,55,64,37,59,57,35,32,36,53,63,69,57,10,10,14,13,6,10,League Two
J. King,York City,Inglaterra,15,"RB, RM",Right,175,30,57,,66,42,53,53,54,50,59,37,48,55,44,51,46,47,48,51,63,68,59,53,63,50,54,57,46,44,52,58,40,50,43,53,57,52,54,11,13,12,6,10,7,League Two
H. Boyes,York City,Inglaterra,12,"LB, LW, LM",Left,180,24,58,,65,44,55,54,54,55,58,42,50,61,43,54,51,44,56,51,64,66,57,58,53,53,58,61,54,40,50,53,49,45,41,64,56,52,56,10,12,11,6,14,15,League Two
A. Palmer,York City,Inglaterra,6,CB,Right,185,33,61,,54,40,51,51,62,63,49,33,66,53,35,51,40,45,56,49,57,52,51,59,51,53,69,60,61,43,69,61,35,50,41,55,54,68,63,14,8,12,15,6,12,League Two
Z. Johnson,York City,Inglaterra,5,"CB, RB",Right,181,22,59,,56,45,46,45,61,62,48,41,54,51,34,38,39,39,48,48,55,56,50,51,53,58,61,53,67,44,62,52,38,36,46,59,69,61,62,9,13,7,10,9,7,League Two
Z. Medley,York City,Inglaterra,4,"CB, LB, LW",Right,195,26,59,,53,40,47,44,62,61,44,34,62,55,34,40,40,40,52,45,56,50,44,60,49,54,63,54,63,41,63,64,34,36,37,52,59,63,60,13,12,10,11,11,9,League Two
M. Kitching,York City,Inglaterra,3,"CB, LB",Right,188,31,58,,55,41,48,46,62,61,45,38,68,55,33,41,38,38,47,50,56,54,38,64,50,57,60,53,66,36,57,65,32,43,37,61,64,58,60,6,11,7,15,12,6,League Two
R. Fallowfield,York City,Inglaterra,2,"CB, CDM",Right,184,30,56,,52,33,46,43,59,61,43,26,58,52,34,37,39,41,50,46,53,52,41,58,49,51,58,56,64,31,61,60,26,41,33,48,60,57,61,8,8,9,12,13,6,League Two
G. Sykes-Kenworthy,York City,Inglaterra,31,GK,Right,188,27,55,,29,16,26,22,12,38,11,10,14,32,10,12,16,16,29,23,29,29,34,50,31,36,45,25,48,11,26,16,10,34,14,40,10,10,13,61,55,48,53,55,36,League Two
A. McNally,York City,Inglaterra,1,GK,Right,189,21,52,,27,15,19,18,12,36,10,10,12,21,10,10,10,10,20,17,28,27,28,40,30,32,39,29,42,10,28,17,10,27,13,32,10,10,10,59,55,44,56,54,33,League Two
H. Booth,Grimsby Town,Inglaterra,42,"ST, CF",Right,181,17,52,,57,55,41,51,19,48,39,57,51,46,51,51,43,38,32,52,56,57,50,50,48,56,50,42,52,48,44,18,58,41,54,53,16,14,12,11,15,6,8,6,12,League Two
A. Cook,Grimsby Town,Inglaterra,39,ST,Right,185,35,65,,63,68,56,67,32,70,50,72,72,61,67,69,63,58,50,66,67,59,65,66,60,71,66,69,74,59,63,27,69,57,66,64,25,29,29,9,12,13,6,8,6,League Two
E. Smith,Grimsby Town,Inglaterra,35,LW,Left,171,29,56,,62,53,54,60,21,47,55,52,37,54,55,63,63,46,47,56,63,62,62,63,63,52,42,57,44,53,41,19,53,56,54,50,21,17,19,14,9,10,7,11,10,League Two
C. Vernam,Grimsby Town,Inglaterra,30,LW,Left,170,29,62,,74,60,59,65,31,54,61,59,46,58,57,69,61,51,59,60,72,75,68,61,67,61,53,61,52,61,48,30,56,59,58,59,33,27,23,8,9,12,12,9,8,League Two
C. Gardner,Grimsby Town,Inglaterra,22,LW,Right,164,21,57,,64,55,56,61,23,50,57,55,42,59,55,60,60,48,48,60,65,63,69,57,65,53,46,59,49,58,43,28,60,58,45,56,20,18,15,9,8,11,8,7,7,League Two
J. Andrews,Grimsby Town,Inglaterra,19,ST,Right,191,24,61,,59,61,51,59,28,59,51,64,65,52,64,60,55,53,49,59,61,58,57,60,50,60,65,56,63,52,51,22,65,49,64,62,25,25,22,9,10,7,9,12,10,League Two
J. Amaluzor,Grimsby Town,Inglaterra,14,RW,Left,182,29,58,,66,61,56,61,28,54,59,65,47,59,53,65,55,56,46,58,64,67,62,63,54,61,51,57,54,59,49,26,61,57,48,51,27,25,22,11,8,6,11,9,11,League Two
S. Finch,Grimsby Town,Inglaterra,10,"RW, ST",Right,180,21,60,,66,60,58,63,27,54,61,66,47,58,47,65,58,52,49,61,67,66,63,65,67,56,48,60,55,54,45,22,65,62,55,51,29,24,21,7,14,7,8,13,15,League Two
I. Morgan,Grimsby Town,Gales,9,"ST, CAM, LM",Right,179,20,52,,57,55,43,51,20,53,45,60,54,47,51,54,38,42,39,50,54,59,52,47,50,48,54,52,56,50,46,20,63,37,57,46,17,13,12,14,12,7,8,13,14,League Two
M. Shelton,Grimsby Town,Inglaterra,29,"CM, CDM, CAM",Right,183,30,65,,63,62,64,65,57,64,58,62,56,67,51,65,64,60,65,68,62,64,63,60,59,64,56,66,66,61,58,61,60,64,61,67,57,56,51,6,15,13,8,10,7,League Two
F. Cartwright,Grimsby Town,Inglaterra,28,"CM, RW, CAM",Right,180,19,51,,48,46,52,52,43,48,51,45,46,55,40,53,46,39,47,53,50,46,53,44,49,41,45,49,45,53,54,43,54,55,52,44,48,42,32,13,8,8,14,7,15,League Two
F. Onoh,Grimsby Town,Inglaterra,27,"CDM, CB",Left,175,26,55,,52,49,54,49,57,56,46,45,48,60,39,41,45,49,56,55,50,53,52,58,53,60,49,55,58,52,56,52,49,56,47,55,56,65,59,11,14,7,9,12,12,League Two
H. Brown,Grimsby Town,Inglaterra,23,CAM,Right,175,19,56,,59,55,55,59,27,49,56,57,35,56,52,62,55,54,52,58,60,58,61,55,57,51,46,58,48,56,43,25,61,55,55,52,27,26,25,14,8,14,12,8,8,League Two
K. Catchpole,Grimsby Town,Inglaterra,18,"RM, LM",Left,180,17,50,,54,42,49,50,31,44,55,42,39,48,44,50,51,46,43,51,51,56,50,48,48,45,42,56,40,39,41,32,45,48,37,43,29,32,25,13,11,15,9,11,13,League Two
G. Dávid Turi,Grimsby Town,Islas Feroe,15,"CDM, CM, CAM",Right,184,25,60,Islas Feroe,52,49,56,56,60,67,49,45,54,59,42,58,55,53,59,54,52,52,49,63,56,58,60,68,70,48,62,67,53,57,49,58,57,62,59,8,8,6,7,8,14,League Two
R. Reynolds,Grimsby Town,Inglaterra,11,CAM,Right,185,21,52,,55,53,53,54,25,47,48,50,43,53,46,58,56,49,57,52,56,54,55,46,43,52,41,55,46,61,41,20,55,56,51,51,24,22,28,9,7,11,10,8,6,League Two
C. Doyle,Grimsby Town,Irlanda,8,CAM,Right,169,21,54,,54,54,56,59,29,42,57,54,35,56,56,61,55,53,56,58,53,55,60,57,56,57,40,48,40,50,38,28,53,57,53,57,27,31,24,9,8,10,9,10,9,League Two
J. Walker,Grimsby Town,Escocia,7,"CAM, CDM",Right,180,33,62,,59,60,63,63,33,54,62,57,47,63,59,63,66,56,59,63,62,57,64,61,59,58,48,60,53,67,53,34,58,66,60,63,33,28,29,15,15,9,8,12,13,League Two
K. Green,Grimsby Town,Inglaterra,4,"CAM, RW",Left,175,29,64,,64,62,65,71,36,56,65,63,43,64,62,71,62,62,60,73,66,63,69,67,68,61,50,62,54,60,54,39,64,70,62,63,40,29,28,13,14,14,7,14,14,League Two
E. Khouri,Grimsby Town,Inglaterra,20,CAM,Right,179,23,58,,58,57,60,62,28,52,58,55,43,64,58,60,57,54,56,68,57,59,56,51,59,57,50,57,52,60,45,29,65,61,57,59,28,25,22,13,10,9,12,7,11,League Two
E. Pruti,Grimsby Town,Inglaterra,26,"CB, LB",Right,192,24,61,,52,43,48,49,68,67,52,39,63,50,29,42,39,44,53,57,52,52,41,58,44,60,63,60,74,39,60,63,38,41,40,59,73,68,67,7,14,15,7,15,15,League Two
D. Tharme,Grimsby Town,Gales,24,"CB, CDM",Left,183,27,57,,51,36,47,47,62,59,45,33,57,54,33,44,33,38,54,48,47,54,43,54,50,46,56,54,62,36,60,58,29,39,37,53,64,61,68,6,10,15,10,12,9,League Two
C. McJannet,Grimsby Town,Inglaterra,17,CB,Left,184,28,60,,55,42,46,50,65,59,49,40,60,48,37,43,35,38,51,55,56,55,49,64,49,57,61,54,60,38,64,65,33,43,39,58,67,65,64,11,9,9,9,6,7,League Two
R. Staunton,Grimsby Town,Inglaterra,16,"LB, LM",Left,183,24,62,,66,47,56,59,62,62,62,39,56,58,48,59,49,45,56,60,67,65,61,58,59,57,65,64,62,50,60,65,56,53,50,58,61,64,58,11,8,12,11,6,10,League Two
J. Foulkes,Grimsby Town,Inglaterra,12,RB,Right,186,23,56,,59,41,51,51,54,55,51,37,53,58,40,52,48,38,47,49,57,61,53,57,49,47,52,58,56,41,51,51,46,47,40,51,55,54,53,9,14,12,8,12,6,League Two
S. Lavelle,Grimsby Town,Escocia,6,CB,Right,188,30,57,,54,40,45,44,59,61,41,35,62,54,36,38,36,32,45,49,58,51,42,54,50,59,62,54,66,36,58,62,30,37,30,55,57,59,58,15,15,14,15,11,15,League Two
H. Rodgers,Grimsby Town,Inglaterra,5,"RB, CB",Right,188,29,63,,66,49,58,58,59,65,64,45,56,61,44,55,54,48,54,60,65,66,63,56,62,55,62,67,68,52,57,63,50,51,49,56,57,60,57,6,10,8,11,8,14,League Two
J. Sweeney,Grimsby Town,Inglaterra,3,"LB, LM",Left,173,24,58,,63,41,52,56,56,55,56,37,47,52,37,55,56,43,52,57,65,62,56,53,57,49,51,64,52,42,51,57,45,48,47,50,59,56,58,6,15,8,13,7,12,League Two
M. Kacurri,Grimsby Town,Albania,2,CB,Right,187,21,62,,58,41,50,48,66,67,43,36,66,59,35,42,45,44,52,51,54,62,52,57,59,52,71,57,72,42,67,69,40,45,43,55,68,62,63,6,9,9,7,11,6,League Two
S. Auton,Grimsby Town,Inglaterra,41,GK,Left,189,19,52,,30,14,19,19,12,34,10,10,13,24,10,10,10,10,24,21,29,30,26,43,33,29,42,20,43,10,26,18,10,22,12,32,10,10,10,56,55,44,54,55,31,League Two
C. Pym,Grimsby Town,Irlanda del Norte,31,GK,Right,178,31,60,,32,17,28,29,19,43,17,10,18,28,10,17,17,21,35,33,30,34,37,55,44,39,47,35,50,13,35,21,10,37,20,42,21,17,14,64,62,56,63,60,36,League Two
H. Cartwright,Grimsby Town,Inglaterra,1,GK,Right,192,24,59,,38,18,29,25,16,43,16,11,12,33,10,12,15,13,35,30,40,36,30,57,38,42,49,38,48,13,34,22,10,36,17,39,13,15,16,61,58,55,58,60,37,League Two
J. Koroma,Chesterfield,Sierra Leona,37,"LW, RW",Left,178,27,65,,75,63,63,66,38,58,69,60,55,60,64,65,61,57,58,67,74,75,72,62,68,65,60,64,57,68,51,40,67,69,59,64,33,39,31,6,9,7,13,15,14,League Two
W. Dickson,Chesterfield,Inglaterra,25,ST,Right,186,21,62,,63,66,51,59,29,61,45,70,65,55,63,54,58,50,46,63,66,61,60,60,56,69,64,55,66,58,53,23,65,53,59,65,27,24,26,11,12,14,15,7,14,League Two
D. Markanday,Chesterfield,Inglaterra,24,"RW, RM, CAM",Right,178,25,60,,68,58,59,63,27,52,66,57,46,58,57,69,62,58,54,56,64,71,62,59,64,58,54,60,51,61,46,27,65,58,53,60,26,24,21,7,15,9,15,7,14,League Two
D. Aņisjko,Chesterfield,Inglaterra,21,"LW, ST",Left,171,20,55,,67,52,52,57,23,46,58,55,38,54,51,56,54,51,42,59,64,70,67,46,57,45,43,48,49,52,39,25,53,48,49,49,23,18,18,11,11,15,6,9,15,League Two
D. Duffy,Chesterfield,Irlanda,11,"LW, LM",Right,189,23,59,,63,55,58,64,29,54,59,54,49,64,56,64,58,53,51,67,61,65,60,63,61,55,58,59,56,55,42,34,59,55,57,54,25,26,23,7,9,15,8,10,8,League Two
L. Bonis,Chesterfield,Irlanda del Norte,10,"ST, LW",Right,186,27,59,,61,63,50,56,25,61,43,68,63,56,62,50,44,48,47,64,59,62,56,56,52,60,57,58,66,57,52,24,62,50,62,59,18,21,20,9,11,7,10,9,9,League Two
W. Grigg,Chesterfield,Irlanda del Norte,9,ST,Right,180,35,65,,60,66,55,62,32,62,54,65,69,57,66,59,58,54,52,64,65,55,62,69,62,72,65,59,66,64,56,29,67,56,67,72,31,26,25,6,9,12,10,9,9,League Two
F. Bryden,Chesterfield,Escocia,9,ST,Right,180,22,60,,59,64,49,58,25,62,39,68,61,55,61,58,46,46,49,58,60,59,60,64,58,62,59,56,67,57,56,28,66,51,63,57,20,18,19,9,10,11,6,10,12,League Two
C. Cook,Chesterfield,Inglaterra,40,CDM,Right,189,22,55,,51,42,48,45,58,61,41,33,56,51,40,45,48,40,55,43,53,50,44,55,46,51,54,60,63,49,61,63,47,49,46,58,59,55,53,11,13,12,9,8,12,League Two
J. Randall,Chesterfield,Inglaterra,31,"CAM, LW",Right,177,26,63,,65,63,64,62,38,56,66,64,47,63,57,58,64,62,60,64,66,64,67,65,64,62,51,62,56,64,50,38,64,66,60,57,39,37,29,14,11,12,14,6,13,League Two
R. Lamptey,Chesterfield,Inglaterra,30,"CDM, CM",Right,181,20,52,,45,42,49,48,54,52,43,37,52,52,33,49,45,45,56,50,44,46,45,44,46,50,52,54,53,44,47,55,44,48,47,45,51,57,53,11,10,11,6,15,14,League Two
K. Dyer,Chesterfield,Inglaterra,27,"CDM, CAM, CM",Right,178,19,59,,54,51,56,56,58,61,53,46,50,61,41,52,45,48,58,62,52,56,53,58,53,58,51,65,58,56,65,61,52,56,48,56,57,57,61,15,7,6,8,7,12,League Two
G. McEachran,Chesterfield,Inglaterra,20,"CDM, CAM",Right,172,26,60,,53,50,55,59,62,61,47,44,51,58,45,60,55,46,62,59,52,54,56,63,55,61,59,61,61,52,60,60,51,54,47,59,64,65,57,14,12,9,9,6,6,League Two
L. Marsh,Chesterfield,Inglaterra,18,"CAM, ST",Left,186,22,62,,61,62,63,67,35,56,60,64,50,65,64,71,63,66,65,65,65,58,63,66,57,60,50,63,57,56,45,36,66,61,63,64,33,34,29,6,12,11,13,15,12,League Two
R. Sotiriou,Chesterfield,Chipre,17,"CAM, ST, LW",Left,175,26,57,,51,59,58,63,28,47,53,60,42,58,55,66,60,55,54,62,49,52,62,56,61,57,47,58,43,60,42,31,60,64,53,56,23,29,23,13,13,12,10,11,14,League Two
R. Stirk,Chesterfield,Gales,8,"CDM, CM",Right,178,26,60,,56,50,55,58,61,63,47,43,52,60,46,60,44,48,63,56,57,56,53,61,51,60,57,69,60,55,63,65,55,55,48,65,59,65,57,9,15,8,13,12,13,League Two
L. Mandeville,Chesterfield,Inglaterra,7,"CAM, RW, CDM",Left,180,29,61,,58,60,65,66,35,50,62,57,50,66,55,67,64,57,64,65,61,55,67,64,58,64,48,56,48,61,48,32,63,70,61,65,33,35,31,14,11,7,9,13,13,League Two
T. Naylor,Chesterfield,Inglaterra,4,"CDM, CAM, CM",Left,181,35,64,,52,56,62,61,62,66,53,52,56,66,41,60,56,50,64,61,51,52,54,71,59,64,69,71,66,60,59,60,55,66,55,66,64,65,61,14,15,11,15,8,14,League Two
T. Pearce,Chesterfield,Inglaterra,46,LB,Left,185,28,58,,61,43,54,54,54,59,57,38,53,59,36,55,47,39,50,52,58,63,57,56,54,53,57,64,58,43,56,54,46,49,50,59,53,55,56,8,15,12,6,11,14,League Two
R. Hutton,Chesterfield,Inglaterra,33,"RB, LB",Right,175,28,60,,64,45,54,56,59,59,59,43,49,56,43,54,58,47,58,54,60,67,66,58,62,51,55,67,56,43,58,57,46,45,45,53,56,66,62,15,10,10,13,7,11,League Two
J. Eccleston,Chesterfield,Inglaterra,26,"CB, RB, RM",Right,193,19,52,,47,32,41,39,54,58,36,25,55,48,30,35,36,33,46,42,44,49,37,47,40,46,63,55,60,32,55,58,30,32,33,48,50,56,53,13,13,15,10,12,8,League Two
L. Gordon,Chesterfield,Escocia,19,LB,Left,170,25,59,,62,44,55,57,55,56,61,41,51,56,40,53,56,40,58,59,61,62,61,62,67,50,50,61,54,45,56,55,48,47,42,55,52,58,63,10,10,8,11,11,13,League Two
A. Pond,Chesterfield,Inglaterra,15,CB,Right,188,22,58,,55,39,46,47,60,60,48,33,59,51,37,42,32,36,51,51,53,57,47,57,45,54,63,50,64,38,63,57,30,37,44,52,64,61,56,9,8,14,12,12,7,League Two
J. Simpson,Chesterfield,Inglaterra,6,"CB, LB",Right,178,29,64,,59,44,51,53,66,66,48,40,67,57,36,51,41,47,62,53,53,63,52,61,58,57,66,64,68,43,61,61,39,40,48,64,67,68,70,12,13,13,9,13,14,League Two
K. McFadzean,Chesterfield,Inglaterra,5,CB,Right,185,39,59,,42,38,47,49,60,64,43,31,59,55,28,46,41,43,51,49,43,42,49,57,51,56,61,55,69,38,64,59,36,38,43,60,64,57,62,11,7,15,6,10,9,League Two
M. Owolabi-Belewu,Chesterfield,Canadá,2,"LB, LM",Right,179,24,61,,65,48,54,59,59,61,53,44,52,59,40,60,54,46,54,55,66,64,66,64,63,59,55,65,59,48,62,62,53,50,46,60,54,61,66,8,13,8,13,12,9,League Two
R. Boot,Chesterfield,Inglaterra,23,GK,Right,185,31,60,,34,18,30,28,18,41,17,10,21,39,10,20,10,13,33,28,35,34,33,58,40,40,48,34,47,17,33,25,13,34,17,41,10,20,15,59,60,55,63,66,40,League Two
Z. Hemming,Chesterfield,Inglaterra,1,GK,Right,182,26,54,,32,15,22,22,14,38,10,10,13,27,10,10,10,10,25,26,34,30,27,53,40,35,48,30,43,10,31,21,10,27,18,33,13,11,14,58,54,52,54,56,32,League Two
