short_name,club_name,nationality_name,club_jersey_number,player_positions,preferred_foot,height_cm,age,overall,seleccion,pace,shooting,passing,dribbling,defending,physic,attacking_crossing,attacking_finishing,attacking_heading_accuracy,attacking_short_passing,attacking_volleys,skill_dribbling,skill_curve,skill_fk_accuracy,skill_long_passing,skill_ball_control,movement_acceleration,movement_sprint_speed,movement_agility,movement_reactions,movement_balance,power_shot_power,power_jumping,power_stamina,power_strength,power_long_shots,mentality_aggression,mentality_interceptions,mentality_positioning,mentality_vision,mentality_penalties,mentality_composure,defending_marking_awareness,defending_standing_tackle,defending_sliding_tackle,goalkeeping_diving,goalkeeping_handling,goalkeeping_kicking,goalkeeping_positioning,goalkeeping_reflexes,goalkeeping_speed,league_name
S. Mavididi,Watford,República Democrática del Congo,45,"LW, LM",Left,182,28,72,República Democrática del Congo,79,71,69,75,42,66,71,71,61,69,65,78,73,63,59,72,79,79,77,73,75,70,73,79,63,76,57,42,73,74,66,71,42,37,38,6,11,12,11,15,12,Championship
J. Grieves,Watford,Inglaterra,43,CM,Left,176,21,57,,57,52,55,58,49,54,52,50,48,57,50,60,48,43,60,57,59,55,58,54,52,56,51,60,50,54,55,52,53,57,47,55,47,48,50,14,6,8,9,9,15,Championship
A. Nabizada,Watford,Afghanistan,21,"RW, LW",Right,175,19,61,,75,59,59,66,27,53,63,61,48,58,57,70,58,53,49,62,79,71,66,60,70,61,50,59,52,56,48,30,64,64,50,62,21,24,24,10,9,6,7,6,10,Championship
M. Doumbia,Watford,Malí,20,"ST, CAM",Right,192,20,69,Malí,71,70,60,68,36,70,56,71,74,63,69,68,63,58,55,70,73,70,61,64,60,69,78,63,76,66,64,29,79,60,73,72,35,30,29,9,11,15,11,15,9,Championship
N. Chikovani,Watford,Georgia,19,"RW, ST",Left,174,19,59,,70,56,56,58,32,49,54,55,46,56,55,60,57,53,51,53,72,68,68,58,58,57,46,60,47,55,43,32,62,61,51,51,33,27,25,15,9,7,7,6,13,Championship
M. Antonio,Watford,Jamaica,18,ST,Right,180,36,64,,56,63,54,67,35,58,50,63,65,57,66,66,57,51,48,67,55,56,69,69,63,63,64,61,59,58,50,32,67,56,68,72,32,33,23,11,13,8,8,14,6,Championship
R. Vata,Watford,Irlanda,11,"LW, LM",Right,175,21,63,Irlanda,69,63,60,63,35,54,64,63,52,61,63,66,66,61,52,61,71,67,64,63,63,65,53,62,56,63,41,39,59,58,60,58,34,30,26,9,6,13,15,9,8,Championship
M. Boadu,Watford,Países Bajos,10,ST,Right,181,25,68,,69,70,56,68,36,67,53,73,71,59,63,70,60,55,54,67,68,70,61,66,66,72,69,65,70,62,63,35,73,55,69,73,31,33,27,10,13,14,11,13,7,Championship
L. Kjerrumgaard,Watford,Dinamarca,9,ST,Right,190,23,73,,78,71,65,71,39,75,60,71,76,72,68,71,70,61,54,72,77,78,70,72,66,77,75,73,78,67,70,37,75,64,71,78,33,36,31,11,15,13,7,11,7,Championship
O. Maamma,Watford,Marruecos,7,"RW, LW, LM",Right,182,21,71,,78,72,67,72,41,65,72,75,58,66,64,74,71,64,66,71,78,78,71,69,72,71,65,76,63,70,55,42,76,66,63,68,42,35,34,15,8,6,15,11,10,Championship
E. Kayembe,Watford,República Democrática del Congo,39,"CM, CDM, ST",Right,183,28,71,República Democrática del Congo,70,63,71,72,63,68,71,60,61,70,61,70,72,61,73,75,72,69,74,74,70,68,69,68,70,64,65,66,63,74,66,73,62,66,54,13,6,12,7,8,9,Championship
J. Zemura,Watford,Zimbabue,33,"LB, LM",Left,173,26,68,,73,56,65,65,66,67,71,55,58,68,51,65,62,57,60,64,72,74,71,66,70,62,63,73,66,57,62,67,54,61,53,60,66,66,68,15,14,11,12,11,6,Championship
M. Payero,Watford,Argentina,22,"CM, CAM",Right,183,28,71,,64,64,70,69,62,70,64,62,67,72,56,69,62,64,75,71,67,61,65,68,69,69,62,79,69,65,62,61,65,71,63,68,59,65,56,6,6,9,6,9,14,Championship
I. Bravo,Watford,España,17,"CAM, ST",Right,184,21,68,,69,65,71,72,42,63,66,63,57,73,62,72,69,61,73,73,71,68,72,71,67,67,56,63,68,66,51,46,68,75,66,69,41,37,36,9,11,14,8,10,13,Championship
K. Baah,Watford,Inglaterra,14,RW,Right,182,23,68,,74,64,66,73,36,63,70,63,59,71,62,75,64,56,59,72,80,70,75,70,71,70,60,69,64,62,53,39,66,62,64,66,32,30,32,7,10,6,11,10,7,Championship
E. Bove,Watford,Italia,8,CDM,Right,179,24,73,,71,64,66,71,73,74,66,56,64,65,66,72,62,61,74,70,72,70,71,71,71,74,70,73,74,69,74,74,65,65,63,75,76,71,73,10,9,8,14,8,6,Championship
H. Kyprianou,Watford,Chipre,5,"CDM, CM, CB",Right,189,25,67,Chipre,62,60,66,63,70,71,58,59,67,76,50,61,58,57,66,64,61,63,59,67,63,68,66,74,72,58,68,68,61,63,59,67,70,71,69,14,7,9,15,14,13,Championship
L. Ramirez-Espain,Watford,Inglaterra,12,CDM,Right,183,20,62,,60,54,59,57,64,65,50,53,62,64,46,57,52,48,63,58,58,62,51,62,53,59,61,70,64,55,61,62,52,62,57,58,63,69,60,9,10,15,6,6,7,Championship
A. Eames,Watford,Inglaterra,56,"RB, RM",Right,177,21,61,,65,46,56,58,59,60,59,41,54,58,46,59,55,48,52,55,62,67,64,58,64,56,56,69,53,46,65,61,46,54,48,56,56,60,65,15,15,8,13,7,14,Championship
J. Andrew Clarridge,Watford,Inglaterra,53,CB,Right,181,22,61,,54,41,48,48,68,61,43,37,60,58,35,43,40,40,54,51,51,57,52,58,45,53,61,60,61,41,63,67,32,36,44,60,72,68,65,15,13,6,13,13,12,Championship
B. Mlačić,Watford,Croacia,29,"CB, RB",Left,192,19,69,,68,50,56,58,71,72,53,44,71,60,44,51,49,45,62,65,62,72,58,63,52,66,73,67,75,49,71,70,44,50,47,64,69,74,70,12,7,12,13,6,9,Championship
O. Traoré,Watford,Alemania,23,"RB, RM",Right,187,28,68,,72,56,62,64,64,67,67,58,65,64,47,63,64,50,61,64,69,74,67,69,63,56,70,73,64,54,64,64,59,57,56,56,62,65,67,12,15,13,6,12,14,Championship
M. Bola,Watford,Inglaterra,16,"LB, LM",Left,185,28,67,,73,53,62,61,66,67,64,48,65,65,50,62,61,51,66,60,65,80,63,61,61,59,66,70,67,57,62,67,54,57,54,62,64,66,68,14,10,11,9,10,11,Championship
M. Pollock,Watford,Inglaterra,6,CB,Right,190,25,68,,65,46,53,55,70,71,49,39,75,60,40,53,44,45,54,55,65,65,54,67,52,63,73,62,77,47,69,68,46,50,49,65,67,73,74,6,10,7,6,6,7,Championship
K. Keben,Watford,Camerún,4,"CB, RB, LB",Right,187,22,68,Camerún,62,48,56,57,72,68,52,43,73,64,42,55,50,50,59,55,62,62,54,71,61,62,70,62,71,45,67,70,46,48,52,66,69,76,70,14,7,10,6,6,8,Championship
S. Coulibaly,Watford,Francia,3,CB,Right,191,22,73,,66,49,60,60,77,79,56,41,77,69,44,59,50,55,60,59,64,67,62,72,58,68,74,72,84,50,76,75,42,51,52,65,78,77,78,13,8,8,8,15,14,Championship
J. Ngakia,Watford,República Democrática del Congo,2,RB,Right,182,26,69,,72,53,64,69,68,70,68,50,65,64,52,69,67,53,64,69,72,72,67,69,63,62,62,73,70,51,66,64,57,61,50,72,72,67,67,13,8,9,12,10,14,Championship
J. Mullins,Watford,Inglaterra,15,"CM, CAM",Right,187,20,58,,57,54,59,56,48,58,53,50,48,61,46,57,56,52,59,58,57,57,52,50,51,57,54,63,57,60,56,51,56,63,53,56,45,47,50,7,7,12,13,10,6,Championship
D. Bachmann,Watford,Austria,26,GK,Right,191,32,68,,37,25,38,35,26,51,25,17,25,43,18,20,27,24,39,40,32,41,44,70,49,47,56,48,55,25,45,35,15,46,25,56,25,21,22,68,66,64,65,69,44,Championship
S. Walker,Watford,Inglaterra,24,GK,Right,196,35,65,,37,20,34,35,24,47,13,11,27,45,10,19,20,17,38,43,35,38,46,67,45,46,55,41,51,18,43,35,16,41,23,44,19,20,25,67,66,56,69,69,43,Championship
F. Ravaglia,Watford,Italia,1,GK,Left,190,26,68,,45,24,36,34,26,50,24,14,29,40,21,16,19,24,46,44,43,47,42,64,49,48,58,45,57,22,38,36,18,41,30,44,24,21,24,71,64,62,70,73,43,Championship
G. Ortelli,Watford,Chipre,13,GK,Right,188,20,61,,38,19,29,27,22,44,17,10,27,35,10,17,20,11,37,28,39,38,36,54,44,43,49,32,56,20,30,21,13,30,17,38,20,24,16,60,63,56,58,62,35,Championship
B. Tagoe,Charlton Athletic,Inglaterra,53,"ST, LW",Left,185,18,59,,60,61,51,56,27,56,49,65,62,56,59,54,49,51,43,59,63,58,57,56,53,57,54,52,59,55,54,24,61,51,62,57,28,22,10,8,12,14,11,12,6,Championship
J. Nkeng,Charlton Athletic,Inglaterra,35,"LW, LB, LM",Left,168,19,60,,66,58,57,58,28,49,56,58,44,56,51,61,64,54,54,53,67,66,67,61,65,58,51,61,45,60,44,31,58,61,60,49,30,20,23,15,7,13,15,10,10,Championship
M. Mbick,Charlton Athletic,Inglaterra,33,"ST, CAM",Left,191,19,59,,58,62,51,58,22,63,52,64,58,51,58,55,60,49,52,64,59,58,56,58,49,64,65,57,71,56,49,23,65,48,56,60,20,14,13,6,15,6,14,6,14,Championship
R. Apter,Charlton Athletic,Escocia,30,"RW, RM",Right,175,23,68,,76,65,66,70,38,59,68,65,53,65,61,67,70,62,65,72,75,77,76,71,75,66,56,65,61,64,47,42,72,64,60,62,38,32,35,7,11,11,7,6,13,Championship
M. Godden,Charlton Athletic,Inglaterra,24,ST,Right,185,35,67,,60,68,58,69,34,65,60,71,65,60,69,70,60,58,50,70,59,60,62,70,62,70,69,62,70,61,53,28,66,57,70,67,35,28,25,13,6,14,11,8,8,Championship
C. Kelman,Charlton Athletic,Inglaterra,23,ST,Right,180,24,66,,69,68,55,68,34,66,56,68,65,59,70,69,59,55,47,69,71,68,65,68,64,72,68,60,71,63,62,32,74,51,65,67,31,28,30,6,6,9,15,10,14,Championship
M. Alli,Charlton Athletic,Irlanda,19,"LW, RW",Right,174,26,69,,75,66,67,73,38,61,72,65,56,68,65,75,67,62,64,73,78,73,72,71,66,70,61,69,58,62,60,42,73,63,68,68,35,37,29,12,14,7,14,7,14,Championship
M. Leaburn,Charlton Athletic,Inglaterra,11,ST,Right,195,22,64,,66,66,55,62,31,66,53,67,72,59,66,64,57,57,48,63,68,65,55,65,53,69,69,60,70,61,61,32,67,53,65,63,26,25,21,14,9,9,14,11,10,Championship
K. Grant,Charlton Athletic,Inglaterra,9,"LW, CAM, RW",Left,183,29,68,,77,68,66,69,39,64,67,67,59,66,64,68,66,61,59,69,75,79,72,71,66,70,64,71,62,67,58,40,67,70,68,64,43,32,29,12,10,11,9,10,15,Championship
T. Campbell,Charlton Athletic,Jamaica,7,"LW, ST, RW",Left,177,23,64,Jamaica,73,63,65,66,36,58,65,66,56,67,63,67,70,56,63,66,72,73,69,66,63,60,55,66,57,60,51,40,66,63,59,61,36,29,26,6,14,15,8,10,12,Championship
O. Skipp,Charlton Athletic,Inglaterra,34,CDM,Right,185,26,72,,65,64,68,68,72,76,62,63,68,70,57,67,64,61,70,67,67,63,67,72,67,69,73,80,75,64,76,74,67,73,64,73,72,71,70,11,6,8,6,11,8,Championship
A. Mwamba,Charlton Athletic,Inglaterra,32,CDM,Left,187,20,63,,56,55,59,57,62,65,52,51,60,64,45,50,50,51,64,64,57,56,59,59,59,62,63,65,66,58,61,65,54,60,53,61,61,62,63,9,13,12,7,10,6,Championship
J. Rankin-Costello,Charlton Athletic,Inglaterra,26,"CAM, CDM, CM",Right,183,27,66,,63,64,71,68,40,59,64,65,53,78,59,68,69,62,67,71,65,62,67,64,67,59,61,69,56,66,52,41,67,70,60,64,40,37,33,9,15,9,6,13,8,Championship
T. Noor Ouma,Charlton Athletic,Kenia,16,"CDM, CM",Right,183,22,62,,60,52,61,56,62,66,48,48,54,68,46,52,54,47,70,58,58,61,56,65,57,60,62,70,66,56,61,67,50,58,47,62,60,63,59,9,7,12,14,15,12,Championship
N. Chalobah,Charlton Athletic,Inglaterra,15,"CDM, CM",Right,185,31,65,,61,55,64,63,65,65,55,49,63,70,54,60,58,57,60,65,61,61,59,67,58,67,64,68,63,55,66,68,54,67,57,73,62,67,63,11,14,12,7,7,6,Championship
S. Carey,Charlton Athletic,Inglaterra,14,"CAM, CM, ST",Right,184,25,71,,73,71,73,74,44,65,75,73,63,70,67,74,74,69,75,78,74,73,72,74,68,70,61,66,69,69,57,42,68,74,68,64,43,41,36,11,8,6,11,12,6,Championship
G. Docherty,Charlton Athletic,Escocia,10,"CM, CDM, CAM",Left,177,30,66,,66,61,66,65,59,65,62,59,64,68,50,65,64,62,65,65,68,65,64,67,63,61,57,75,62,66,61,61,64,68,62,68,58,58,54,13,9,7,8,6,13,Championship
H. Knibbs,Charlton Athletic,Inglaterra,8,CAM,Right,187,27,64,,65,66,66,67,36,56,59,67,55,70,62,69,64,64,63,69,69,62,59,65,58,72,55,59,59,61,46,39,65,68,58,68,34,31,30,6,11,8,13,15,8,Championship
C. Coventry,Charlton Athletic,Irlanda,6,"CDM, CM",Right,175,26,67,Irlanda,61,56,64,64,71,68,58,52,63,68,48,62,59,57,67,67,62,61,60,65,65,68,61,72,66,57,69,72,54,66,58,71,73,71,68,9,6,11,11,7,11,Championship
T. Bindon,Charlton Athletic,Nueva Zelanda,44,"CB, RB",Right,188,21,68,Nueva Zelanda,65,50,57,58,68,71,53,44,65,63,47,55,55,46,65,60,61,69,55,67,58,69,73,66,74,47,70,68,41,46,50,68,71,68,65,12,8,14,9,8,8,Championship
R. Burke,Charlton Athletic,Inglaterra,32,CB,Right,189,30,65,,59,47,53,54,70,68,50,47,68,61,36,47,40,46,56,59,53,64,53,64,53,58,67,56,75,43,68,70,39,43,43,62,69,73,66,14,7,9,13,14,14,Championship
C. Sichenje,Charlton Athletic,Kenia,28,"CB, CDM",Right,188,23,66,,59,46,53,53,69,70,50,43,74,60,45,46,48,43,57,58,56,61,50,64,52,56,67,66,74,44,68,64,39,46,44,69,72,69,66,13,8,8,7,8,7,Championship
D. McNamara,Charlton Athletic,Inglaterra,20,"RB, RM",Left,180,27,69,,72,53,66,67,65,68,64,48,57,71,50,67,63,56,70,68,71,72,71,64,68,64,66,76,66,53,66,70,59,61,52,60,62,65,75,13,11,9,8,9,6,Championship
I. Mesík,Charlton Athletic,Eslovaquia,18,"LB, CB, RB",Right,186,25,66,,72,54,61,61,65,68,66,51,63,63,44,58,59,53,62,64,69,74,65,59,61,65,69,73,68,54,64,61,47,53,49,64,65,67,66,10,6,10,13,6,7,Championship
A. Bell,Charlton Athletic,Jamaica,17,"CB, LB",Right,180,32,68,,61,48,57,60,72,70,54,40,67,62,43,56,49,47,59,61,62,61,59,72,59,66,70,68,69,49,73,73,40,52,51,68,71,74,73,9,7,15,9,11,15,Championship
B. Koumetio,Charlton Athletic,Francia,12,CB,Right,195,23,64,,58,44,52,52,68,71,57,36,72,57,40,48,43,44,54,57,53,62,46,62,50,66,66,62,74,45,74,65,36,43,46,58,76,63,65,14,7,7,6,10,8,Championship
L. Jones,Charlton Athletic,Inglaterra,5,"CB, RB",Right,190,30,65,,60,45,54,55,72,65,55,41,68,61,45,52,40,44,55,58,56,63,51,61,52,57,66,54,69,45,67,71,39,46,45,58,70,76,67,9,15,8,13,11,7,Championship
J. Edwards,Charlton Athletic,Escocia,3,LB,Right,176,26,63,,68,50,57,61,62,62,59,46,56,57,45,59,60,47,59,63,64,72,63,65,62,60,63,67,58,48,64,62,53,56,54,62,63,63,57,15,15,15,7,9,6,Championship
K. Ramsay,Charlton Athletic,Inglaterra,2,CB,Right,179,25,68,,64,48,59,59,73,70,56,42,68,65,52,52,54,48,65,65,62,65,57,66,60,63,71,68,70,50,72,69,40,50,45,67,78,73,68,14,15,10,9,7,9,Championship
W. Mannion,Charlton Athletic,Inglaterra,25,GK,Right,191,28,59,,33,18,28,25,15,42,16,10,20,34,15,11,13,11,34,30,32,33,29,56,43,41,51,32,50,13,33,22,13,31,17,39,13,10,14,69,61,50,56,55,38,Championship
T. Brooks,Charlton Athletic,Irlanda,21,GK,Left,191,24,59,,35,19,28,26,14,42,16,14,20,34,13,15,17,13,31,28,32,38,31,59,40,42,49,32,50,11,33,22,10,33,15,40,10,10,11,56,61,51,62,59,33,Championship
A. Okonkwo,Charlton Athletic,Nigeria,13,GK,Left,199,25,73,Nigeria,48,30,45,40,30,57,29,21,32,56,24,29,31,28,51,45,50,47,41,66,56,51,61,45,68,32,44,36,22,46,36,54,27,29,29,71,68,72,71,73,50,Championship
M. Jørgensen,Blackburn Rovers,Dinamarca,29,ST,Left,185,26,70,,75,70,61,69,36,70,60,71,74,63,72,69,67,58,55,69,74,75,68,62,66,72,72,63,75,67,65,34,74,61,67,74,34,28,28,15,7,10,10,9,14,Championship
Y. Ohashi,Blackburn Rovers,Japón,23,"ST, CAM",Right,180,30,70,,73,70,61,67,35,64,54,71,72,66,68,65,65,55,54,69,70,76,66,78,60,70,67,60,67,66,62,31,73,64,69,68,31,32,24,14,15,11,14,7,11,Championship
O. Afolayan,Blackburn Rovers,Inglaterra,21,"LW, ST",Left,180,29,66,,72,68,62,68,36,58,68,70,49,62,62,68,64,58,58,67,73,72,71,67,69,68,60,68,56,67,48,38,69,62,58,68,34,34,26,12,15,7,10,12,12,Championship
A. Guðjohnsen,Blackburn Rovers,Islandia,9,"ST, CF",Right,188,24,68,,66,71,59,69,33,65,59,73,67,60,71,67,59,59,54,72,66,66,67,73,60,76,71,61,70,60,58,34,74,61,67,68,30,27,25,10,7,7,7,8,6,Championship
H. Higgins,Blackburn Rovers,Inglaterra,19,ST,Right,173,17,59,,63,58,50,57,24,57,54,63,52,52,62,57,55,49,43,59,60,66,52,56,57,54,57,55,59,46,55,19,64,48,61,59,22,22,18,10,8,6,9,9,12,Championship
F. Vare,Blackburn Rovers,Inglaterra,53,CDM,Right,181,19,60,,57,49,58,53,60,61,50,43,51,65,49,50,50,55,59,55,55,59,53,54,60,56,62,65,59,52,62,61,51,56,52,60,63,59,62,11,7,11,6,9,6,Championship
K. Montgomery,Blackburn Rovers,Escocia,31,"CDM, CM",Right,174,22,61,Escocia,56,53,60,61,62,63,49,50,58,68,43,58,51,48,66,65,57,56,58,63,59,59,59,63,65,56,60,64,51,59,53,65,61,65,60,9,8,8,12,15,15,Championship
J. Garrett,Blackburn Rovers,Inglaterra,30,"CDM, CAM",Right,188,23,59,,54,53,57,57,63,64,53,48,63,64,43,55,45,53,55,62,55,53,48,58,51,57,61,65,63,62,64,69,53,54,53,63,60,62,60,6,7,6,7,6,13,Championship
A. Forshaw,Blackburn Rovers,Inglaterra,28,"CDM, CM",Right,185,34,64,,52,56,61,60,64,67,51,52,57,64,46,58,56,55,64,64,54,51,49,62,53,67,63,67,67,56,66,66,52,64,55,69,65,64,65,7,10,13,6,13,9,Championship
G. Beyuku,Blackburn Rovers,Francia,27,"RM, RB",Right,188,20,64,,72,58,60,65,47,62,63,59,56,59,54,65,57,53,58,68,71,72,66,64,60,58,55,67,63,54,54,42,57,62,65,56,50,46,42,8,14,15,11,13,13,Championship
R. Morishita,Blackburn Rovers,Japón,25,"CAM, RW, CDM",Left,170,29,69,,69,68,70,73,42,61,65,65,49,70,62,72,71,61,67,73,69,69,75,73,75,70,58,69,61,73,52,44,64,78,69,71,43,36,42,10,15,9,6,9,13,Championship
M. Baradji,Blackburn Rovers,Malí,24,"CDM, CAM, CM",Left,187,25,67,,62,55,65,63,71,70,61,50,65,70,49,60,58,59,65,64,61,62,63,67,63,61,68,68,72,60,67,69,59,65,60,67,69,78,62,12,7,8,7,6,8,Championship
D. De Neve,Blackburn Rovers,Bélgica,14,"LB, LW",Left,180,25,66,,73,50,61,64,67,66,63,45,62,65,47,63,61,50,59,67,71,74,63,64,58,59,62,71,63,52,66,68,50,55,48,62,70,65,65,11,11,13,11,7,6,Championship
J. Fevrier,Blackburn Rovers,Inglaterra,11,"RB, RW, CAM",Right,175,23,62,,69,44,56,58,60,61,63,42,53,57,38,56,55,47,56,57,67,70,67,63,64,53,58,66,58,39,62,61,46,50,49,56,61,60,63,11,15,9,11,12,15,Championship
T. Cantwell,Blackburn Rovers,Inglaterra,10,"CAM, ST",Right,177,28,68,,69,67,67,71,41,58,60,65,56,68,60,73,69,64,66,71,62,75,75,64,71,70,53,66,59,68,49,44,69,72,71,63,42,36,31,8,7,10,9,6,8,Championship
S. Morsy,Blackburn Rovers,Egipto,8,"CDM, CM",Right,175,35,65,,52,57,63,62,64,66,53,58,57,68,51,57,54,55,69,65,52,52,67,68,61,59,67,64,68,57,62,69,56,63,53,67,63,66,62,7,13,14,13,11,6,Championship
A. Kargbo,Blackburn Rovers,Sierra Leona,7,LM,Right,172,27,62,,72,55,61,66,44,57,62,56,46,61,57,69,61,58,58,63,75,70,70,60,66,52,51,71,52,55,53,49,55,63,58,60,40,45,37,7,12,15,10,15,9,Championship
Yuri Ribeiro,Blackburn Rovers,Portugal,4,"LB, LM",Left,174,29,63,,65,49,60,61,60,60,58,48,54,64,39,62,58,52,61,57,62,67,66,65,68,52,58,66,57,50,60,60,52,55,48,58,59,60,65,11,10,8,6,6,7,Championship
H. Pickering,Blackburn Rovers,Inglaterra,3,LB,Right,173,27,66,,70,51,60,64,61,63,65,49,55,59,43,67,51,50,63,59,68,72,66,63,74,58,63,76,58,52,59,62,55,57,50,68,63,62,57,11,15,10,12,6,15,Championship
R. Alebiosu,Blackburn Rovers,Nigeria,2,"RB, RM",Left,188,24,68,,72,56,64,61,66,71,75,57,64,67,54,61,61,55,60,57,74,70,64,63,68,58,74,78,69,55,65,63,54,54,48,66,72,63,65,7,8,7,15,6,7,Championship
H. Pates,Blackburn Rovers,Inglaterra,39,LB,Right,180,18,60,,65,44,58,57,57,59,62,42,55,62,43,57,52,52,62,58,66,65,60,54,60,53,56,60,59,40,57,63,47,48,45,51,49,60,60,10,9,15,15,14,11,Championship
H. Carter,Blackburn Rovers,Inglaterra,17,"CB, CDM",Right,188,26,66,,59,44,53,55,70,67,51,40,70,58,39,47,47,44,57,60,57,60,56,68,57,53,64,55,73,46,69,70,47,45,45,63,67,75,69,15,9,10,6,9,14,Championship
S. Wharton,Blackburn Rovers,Inglaterra,16,CB,Right,182,29,68,,61,47,57,59,70,70,56,39,67,61,45,55,48,46,63,61,60,62,59,67,59,65,70,63,74,49,70,68,41,50,44,64,70,74,70,14,13,8,15,10,7,Championship
S. McLoughlin,Blackburn Rovers,Irlanda,15,CB,Right,191,29,66,,61,49,54,56,68,70,47,47,65,61,45,51,45,49,58,61,60,61,46,66,55,59,72,65,72,46,71,68,37,49,50,65,66,70,68,11,14,12,6,6,15,Championship
L. Miller,Blackburn Rovers,Australia,12,"CB, RB",Right,189,26,64,,61,44,52,53,67,65,46,44,68,62,37,46,42,46,59,58,59,63,53,56,52,54,69,66,66,39,62,70,40,37,43,63,66,67,65,12,14,12,13,13,9,Championship
T. Atcheson,Blackburn Rovers,Irlanda del Norte,6,CB,Right,188,20,61,Irlanda del Norte,60,40,52,49,64,62,50,34,59,60,33,46,42,45,54,50,61,60,47,58,51,55,68,59,63,41,63,66,40,45,38,58,65,63,67,12,13,15,14,15,8,Championship
B. Tóth,Blackburn Rovers,Hungría,22,GK,Right,189,29,65,Hungría,42,22,32,34,20,48,21,13,23,38,15,27,20,22,38,33,40,43,44,59,42,43,54,38,56,21,38,32,17,35,27,46,18,12,19,68,62,57,62,63,46,Championship
A. Pears,Blackburn Rovers,Inglaterra,1,GK,Right,186,28,65,,40,22,34,30,23,45,25,17,31,40,17,17,10,20,35,33,39,40,47,55,43,39,53,42,49,18,38,30,14,39,23,44,21,20,20,68,66,56,63,67,42,Championship
P. Bamford,Sheffield United,Inglaterra,45,ST,Left,185,33,70,,68,72,59,67,35,68,55,72,72,62,72,65,65,63,55,69,64,71,67,73,62,71,75,68,72,70,56,36,76,60,72,72,31,29,29,11,7,8,9,13,7,Championship
R. Oné,Sheffield United,Escocia,26,"ST, RW",Right,188,20,63,,73,64,54,63,32,64,56,64,68,56,65,63,55,53,47,66,71,75,57,66,53,67,63,58,70,61,55,23,66,54,67,60,28,30,27,9,10,11,14,10,13,Championship
T. Campbell,Sheffield United,Inglaterra,23,ST,Right,185,26,75,,78,78,66,74,41,78,58,81,74,72,78,73,64,72,60,77,75,80,72,76,71,77,80,73,85,72,64,38,75,65,73,75,40,35,36,7,7,7,11,13,14,Championship
B. Brereton,Sheffield United,Chile,22,"RW, CAM, ST",Left,186,27,71,,76,74,68,73,40,64,71,74,63,67,72,75,64,69,65,73,74,77,73,71,69,75,63,72,62,73,57,43,73,71,69,68,38,34,31,8,8,11,7,15,13,Championship
J. Ayew,Sheffield United,Ghana,10,"ST, LW",Left,182,35,72,,71,73,65,74,37,73,61,75,67,69,68,77,64,63,62,70,70,71,72,78,69,73,74,72,75,68,69,35,77,66,69,75,35,33,31,15,15,8,11,12,10,Championship
T. Cannon,Sheffield United,Irlanda,9,"ST, CF",Right,180,23,72,Irlanda,72,72,64,70,39,68,59,76,74,69,73,71,66,63,58,67,70,74,69,72,74,73,77,68,70,64,61,38,71,62,68,76,35,33,36,10,12,14,15,7,13,Championship
J. Riedewald,Sheffield United,Países Bajos,44,"CDM, CM",Left,182,30,67,,58,57,64,65,68,69,60,53,63,64,53,65,56,59,74,66,56,59,64,68,60,64,62,71,69,58,67,70,59,64,54,67,65,72,66,15,10,11,15,11,6,Championship
S. Peck,Sheffield United,Inglaterra,42,"CDM, CM, CAM",Right,173,22,75,,69,67,72,72,76,73,63,64,72,77,57,74,65,66,72,69,68,69,68,76,81,72,72,80,67,68,81,76,71,73,69,75,74,79,78,13,10,9,11,10,11,Championship
K. Phillips,Sheffield United,Inglaterra,27,"CM, CAM",Right,179,30,74,,73,68,73,74,65,71,71,65,64,75,66,70,68,67,71,79,71,75,76,71,71,75,64,79,69,67,67,71,71,74,64,71,66,62,59,7,7,15,10,14,11,Championship
T. Davies,Sheffield United,Inglaterra,22,"CDM, CM",Right,180,28,67,,65,62,62,67,67,72,51,62,66,65,47,68,59,57,68,66,67,64,65,66,60,65,64,77,71,66,69,69,58,64,60,70,66,68,67,10,10,12,6,15,6,Championship
T. Chong,Sheffield United,Curazao,19,"RM, RW",Right,185,26,69,Curazao,74,64,67,72,49,67,68,62,57,69,62,71,66,65,62,74,71,76,69,72,66,66,60,75,66,66,62,54,68,69,62,70,48,47,43,11,15,13,10,6,10,Championship
R. Donovan,Sheffield United,Inglaterra,11,"RW, RM",Right,168,19,67,,75,66,64,72,37,59,64,67,59,66,62,71,64,62,61,75,77,74,74,63,75,66,56,69,55,66,56,38,65,63,66,57,33,34,31,6,6,14,8,13,9,Championship
J. Rothwell,Sheffield United,Inglaterra,7,"CDM, CM",Left,185,31,66,,55,56,63,66,67,69,54,50,61,68,49,68,56,56,65,65,52,57,58,70,60,64,68,72,68,62,66,69,57,67,58,69,65,70,66,9,7,11,6,13,7,Championship
O. Arblaster,Sheffield United,Inglaterra,4,"CDM, CM",Right,175,22,65,,56,55,62,64,66,66,52,49,58,65,47,61,56,57,68,68,55,56,57,69,64,63,59,64,64,63,73,68,59,64,56,65,62,70,67,12,6,14,11,13,8,Championship
F. Seriki,Sheffield United,Inglaterra,38,"RB, RM",Right,180,24,68,,74,52,62,63,65,66,69,47,60,62,52,60,59,53,66,65,72,76,66,63,64,59,69,68,64,55,69,61,60,56,49,64,67,64,73,9,11,13,10,9,11,Championship
J. Baptiste,Sheffield United,Inglaterra,33,"CB, LB, RB",Right,185,22,61,,56,39,47,51,64,63,44,32,61,54,30,46,37,40,49,55,56,56,46,56,52,56,66,57,64,42,67,68,39,39,35,68,65,63,60,15,13,9,6,15,14,Championship
R. Norrington-Davies,Sheffield United,Gales,30,LB,Right,181,27,68,Gales,72,54,63,65,67,66,65,49,65,64,52,63,63,57,63,63,74,71,70,67,71,66,67,71,66,50,60,63,57,59,56,69,67,69,72,10,9,14,6,9,13,Championship
M. McGuinness,Sheffield United,Irlanda,25,CB,Right,194,25,71,,62,48,58,62,75,74,55,42,80,67,43,59,50,46,64,67,62,62,58,69,53,64,75,63,80,48,73,73,44,48,53,64,78,73,75,11,10,15,14,6,8,Championship
J. Shackleton,Sheffield United,Inglaterra,16,RW,Left,168,26,63,,71,62,60,66,34,58,68,60,50,58,59,65,65,55,54,67,72,70,73,66,69,67,54,63,59,61,48,31,73,61,60,60,31,35,28,11,11,8,11,7,15,Championship
L. Kitching,Sheffield United,Irlanda,15,CB,Right,186,27,76,Irlanda,71,56,63,66,80,79,62,50,72,66,51,62,58,59,70,69,68,74,63,80,65,70,81,75,80,57,80,81,48,54,60,71,79,83,83,6,8,9,15,9,14,Championship
H. Burrows,Sheffield United,Inglaterra,14,LB,Left,168,24,75,,80,61,71,75,70,70,76,55,61,72,58,75,68,61,73,71,84,76,83,73,81,74,69,77,67,61,69,72,65,66,60,74,70,72,74,9,15,10,15,8,10,Championship
H. Choudhury,Sheffield United,Bangladesh,8,"RB, CDM, CM",Right,178,29,70,,76,57,64,68,69,67,66,55,63,68,49,69,62,55,62,68,78,75,65,70,71,63,62,76,63,57,65,73,62,61,52,63,65,71,73,7,8,15,14,12,14,Championship
J. Tanganga,Sheffield United,Inglaterra,5,"CB, CDM",Left,186,27,73,,67,53,61,63,78,75,62,47,77,66,46,59,54,50,63,67,62,71,62,70,62,68,78,69,77,53,79,76,46,54,55,67,77,80,75,15,12,13,9,9,14,Championship
S. McCallum,Sheffield United,Inglaterra,3,"LB, LM",Right,184,26,65,,70,50,60,64,64,66,65,45,61,62,47,65,55,48,57,62,74,66,71,65,65,60,69,71,63,52,67,64,53,60,53,60,68,61,66,15,14,14,6,12,15,Championship
M. Doherty,Sheffield United,Irlanda,2,"RB, CB",Right,185,34,70,,68,57,67,66,66,71,72,54,61,67,57,64,62,52,68,64,66,70,70,74,68,66,73,73,70,55,69,71,56,65,55,69,68,62,70,12,7,7,8,14,7,Championship
A. Davies,Sheffield United,Gales,17,GK,Right,185,34,65,,38,20,37,30,22,48,19,12,28,45,13,13,23,25,39,36,39,37,41,63,45,47,53,39,55,14,39,24,17,46,23,46,20,22,23,68,67,61,71,68,45,Championship
M. Cooper,Sheffield United,Inglaterra,1,GK,Right,185,26,73,,44,32,41,41,31,55,27,28,34,47,22,30,26,28,45,43,42,46,51,71,49,50,59,45,64,28,45,39,21,48,32,49,29,29,25,71,70,68,70,76,52,Championship
R. Hardie,Bolton Wanderers,Escocia,39,"ST, LW",Right,188,29,63,,63,65,53,62,30,64,52,69,63,59,61,63,54,44,44,62,59,66,62,60,54,63,65,59,69,58,56,25,66,52,66,67,28,28,20,6,13,10,15,12,10,Championship
S. Iling-Junior,Bolton Wanderers,Inglaterra,16,"RW, LB",Right,182,23,73,,79,70,74,76,43,67,76,73,63,75,67,79,77,67,69,72,78,80,80,73,75,65,63,72,68,69,60,45,74,73,71,72,38,42,36,8,15,6,13,6,6,Championship
T. Gale,Bolton Wanderers,Barbados,11,"LW, LM",Left,168,24,66,,72,63,61,72,35,59,64,62,52,64,61,69,65,57,53,77,71,73,73,66,72,64,54,73,56,64,51,35,65,60,61,61,30,38,28,8,15,14,8,12,13,Championship
S. Dalby,Bolton Wanderers,Inglaterra,10,"ST, CAM",Right,190,26,66,,70,68,54,64,35,65,56,71,69,55,66,66,51,57,49,64,74,67,61,63,63,60,63,57,72,68,59,30,67,52,70,66,35,28,28,7,12,12,7,11,13,Championship
T. Bair,Bolton Wanderers,Canadá,9,"ST, CF",Right,193,27,68,,65,73,56,67,34,70,57,77,69,56,67,65,57,61,52,69,63,67,68,67,62,69,72,64,75,69,62,32,74,59,70,75,29,30,28,11,9,12,14,13,8,Championship
K. Dong,Bolton Wanderers,Francia,7,"LW, ST, RW",Left,178,22,64,,71,64,65,70,32,57,69,67,50,67,59,70,62,58,56,71,73,70,73,64,70,62,58,65,55,61,53,37,72,68,64,59,30,28,26,11,13,14,10,15,13,Championship
T. Ritchie,Bolton Wanderers,Inglaterra,54,"RM, RW",Right,177,18,58,,68,53,55,60,38,51,55,50,37,61,49,60,61,51,46,63,68,68,60,50,61,53,55,57,48,60,49,43,52,53,57,56,37,37,39,8,9,14,7,9,9,Championship
J. McAtee,Bolton Wanderers,Inglaterra,45,CAM,Right,180,27,63,,62,64,62,67,37,54,60,67,50,63,62,68,68,60,59,69,61,63,64,56,67,59,54,59,53,65,50,44,60,61,57,62,30,36,36,14,6,6,8,8,10,Championship
L. Stephenson,Bolton Wanderers,Inglaterra,27,"RM, CM, RB",Left,178,23,68,,74,61,66,71,50,62,70,60,57,67,58,71,74,55,63,70,71,76,74,69,70,66,62,68,59,59,62,51,65,64,65,67,52,48,41,10,9,9,13,7,6,Championship
J. Nelson,Bolton Wanderers,Canadá,26,"LW, LM",Left,170,24,67,,72,65,67,70,36,55,69,65,49,71,65,73,67,61,60,66,70,74,76,67,72,67,55,66,54,61,45,36,68,63,61,65,37,31,31,7,12,15,10,11,15,Championship
G. Larrazabal,Bolton Wanderers,España,22,"RM, RW, RB",Right,180,28,69,,77,64,68,71,49,65,75,64,62,64,56,72,72,66,65,72,76,78,71,67,70,67,60,73,63,61,59,52,67,68,62,66,45,49,45,7,13,13,12,12,7,Championship
E. Erhahon,Bolton Wanderers,Escocia,21,"CDM, CM",Right,173,25,66,,61,56,61,60,67,66,55,50,56,68,47,62,56,57,61,53,62,61,63,64,65,69,59,69,64,58,69,69,55,58,54,68,65,71,68,11,8,7,7,8,7,Championship
Rúben Rodrigues,Bolton Wanderers,Portugal,20,"CAM, CDM",Right,181,30,66,,67,66,66,69,37,60,59,66,58,72,65,67,65,62,60,72,70,64,71,72,70,66,53,61,60,63,58,40,69,70,66,65,35,32,33,11,12,7,14,8,9,Championship
A. Ito,Bolton Wanderers,Japón,17,"CDM, RM, CM",Right,185,28,67,,62,58,64,65,66,72,58,52,62,70,49,64,56,59,67,67,61,63,60,64,59,67,63,72,72,62,76,66,63,60,54,68,67,68,63,13,7,10,8,11,6,Championship
D. Watson,Bolton Wanderers,Escocia,12,"CM, CDM, CAM",Right,171,21,65,,63,58,66,67,57,62,66,53,52,64,53,65,66,55,65,67,62,63,74,63,68,65,57,70,61,63,58,58,59,74,61,67,59,58,50,11,7,13,9,15,11,Championship
J. Sheehan,Bolton Wanderers,Gales,8,"CDM, CM",Right,184,31,67,Gales,58,56,64,64,67,71,55,55,68,67,47,59,61,54,67,70,64,54,59,65,59,61,67,74,69,55,73,74,60,68,56,69,65,61,72,11,6,7,12,9,12,Championship
X. Simons,Bolton Wanderers,Inglaterra,4,"CDM, CM",Right,180,23,67,,61,60,66,64,70,67,58,55,63,71,54,58,57,58,72,71,63,59,63,63,58,72,63,72,64,59,67,71,58,64,61,69,66,75,70,10,6,14,9,6,11,Championship
M. Conway,Bolton Wanderers,Inglaterra,25,"LB, LM",Right,182,23,63,,68,51,59,61,59,62,64,50,60,60,46,60,52,49,57,62,67,68,64,57,63,57,61,65,62,51,58,55,50,57,48,66,56,64,61,9,12,14,14,12,6,Championship
E. Toal,Bolton Wanderers,Irlanda del Norte,18,"CB, CDM",Right,191,27,64,,56,44,55,54,68,66,52,39,73,66,37,49,47,46,56,58,59,53,51,56,50,61,67,61,66,42,70,68,35,44,47,67,67,67,64,9,13,12,6,9,8,Championship
A. Famewo,Bolton Wanderers,Inglaterra,14,"LB, CB",Left,188,27,63,,69,51,58,60,60,64,59,52,60,61,44,59,56,53,59,62,66,71,59,62,60,56,67,70,61,44,61,62,46,55,52,53,59,59,62,13,6,11,12,8,9,Championship
B. Davies,Bolton Wanderers,Inglaterra,6,"CB, CDM",Right,183,31,66,,56,47,54,57,68,69,51,44,68,60,44,53,50,40,60,61,53,59,54,64,53,60,72,63,73,46,65,67,40,49,44,67,65,73,63,14,7,9,6,13,13,Championship
L. Brunt,Bolton Wanderers,Inglaterra,5,"RB, CB",Right,187,25,64,,68,50,60,58,60,65,59,49,57,61,52,58,61,52,64,55,70,67,61,64,56,52,62,70,63,48,65,60,55,58,44,60,59,62,62,9,15,10,9,7,11,Championship
C. Forino-Joseph,Bolton Wanderers,Saint Lucia,3,"CB, RB",Left,191,26,62,,55,42,48,51,65,65,49,38,66,50,40,47,45,43,57,54,58,52,48,65,42,54,62,53,73,39,63,65,33,41,43,62,65,64,66,9,13,6,15,10,14,Championship
G. Bazunu,Bolton Wanderers,Irlanda,31,GK,Right,189,24,74,Irlanda,48,31,40,41,30,55,27,22,27,44,25,28,30,30,45,44,48,48,48,72,60,58,63,49,61,27,45,38,23,49,32,51,27,29,32,76,73,65,71,76,52,Championship
N. Broome,Bolton Wanderers,Inglaterra,13,GK,Right,188,23,64,,36,21,32,32,20,46,23,13,22,41,17,24,16,15,30,32,39,34,35,57,48,44,51,34,53,17,40,27,15,34,28,46,13,20,21,65,59,61,67,64,46,Championship
J. Bonham,Bolton Wanderers,Inglaterra,1,GK,Left,191,33,66,,37,24,36,32,22,49,18,18,23,44,18,21,23,27,36,33,35,39,41,63,43,42,55,40,58,24,38,34,14,46,30,44,20,16,21,65,70,56,63,65,45,Championship
A. Barnes,Burnley,Inglaterra,35,ST,Right,186,36,66,,60,70,54,65,32,68,54,74,67,55,65,60,53,57,47,70,65,56,70,65,62,70,68,62,70,63,69,28,72,58,66,72,29,27,24,14,12,15,11,12,10,Championship
A. Broja,Burnley,Albania,27,"ST, RW",Right,191,25,73,,78,76,63,72,38,76,64,79,77,66,77,72,67,61,58,73,76,79,71,76,68,78,76,73,82,66,65,33,77,62,77,71,32,33,37,13,15,7,10,8,15,Championship
L. Ramazani,Burnley,Bélgica,19,"LW, LM, RM",Left,167,25,71,,76,68,67,76,40,61,68,71,56,66,65,76,73,66,62,76,77,75,82,73,77,67,64,67,59,63,59,40,72,70,67,70,40,39,32,14,9,13,10,10,10,Championship
A. Hountondji,Burnley,Benín,17,"ST, LW",Right,190,24,71,,72,78,64,68,40,71,62,85,79,67,73,67,66,62,56,70,73,72,67,71,65,72,72,65,77,73,65,33,73,65,72,74,41,34,29,7,7,12,13,8,11,Championship
Z. Amdouni,Burnley,Suiza,11,"ST, LW",Right,185,25,75,Suiza,74,75,68,79,42,77,64,78,75,77,80,79,65,67,64,82,74,74,70,77,74,72,77,71,83,72,68,34,80,60,71,75,38,42,37,14,7,12,6,8,11,Championship
J. Banel,Burnley,Países Bajos,11,LW,Left,172,21,64,,75,64,63,67,34,54,63,67,52,65,56,68,67,57,57,64,76,75,73,65,74,66,52,64,51,58,49,32,63,63,59,61,28,37,30,7,8,10,9,11,14,Championship
M. Edwards,Burnley,Chipre,10,"RW, CAM, RM",Left,168,27,74,Chipre,78,74,72,78,43,62,67,77,57,77,73,80,73,69,69,77,76,80,81,77,79,73,62,69,59,72,61,41,76,73,65,68,44,40,40,8,15,9,11,10,10,Championship
J. Vardy,Burnley,Inglaterra,9,"ST, CF",Left,179,39,70,,65,73,60,72,36,69,59,74,70,64,72,74,59,57,54,70,66,65,69,76,68,73,74,66,74,71,58,30,79,59,75,76,33,35,28,8,15,7,13,9,10,Championship
J. Bruun Larsen,Burnley,Dinamarca,7,"LW, RW",Left,183,28,71,,80,71,69,75,41,65,74,75,63,73,67,76,70,68,57,75,78,82,73,68,76,73,65,68,67,63,55,41,69,64,68,74,43,34,37,14,14,15,11,7,11,Championship
M. Obafemi,Burnley,Irlanda,12,ST,Left,170,26,62,,66,64,53,63,30,60,52,64,57,57,61,66,56,52,47,61,62,69,63,64,60,66,61,59,62,61,54,26,67,51,63,64,28,26,28,7,15,13,15,14,12,Championship
D. Satpaev,Burnley,Kazajistán,4,"ST, LW",Right,175,18,69,,72,70,61,68,34,68,59,71,62,65,67,64,56,60,55,71,70,73,71,61,68,73,69,65,70,64,64,30,73,60,66,72,35,30,28,15,14,11,12,15,13,Championship
M. Trésor,Burnley,Bélgica,31,LW,Right,175,27,66,,71,66,66,70,36,57,66,67,52,68,59,68,68,60,65,72,68,74,71,66,75,72,56,63,55,62,54,31,71,65,58,63,35,36,28,11,12,13,14,7,14,Championship
L. Castell,Burnley,España,30,"CAM, CM",Right,164,20,61,,66,56,64,64,34,51,60,52,40,63,52,61,67,57,63,67,67,66,68,54,66,59,47,57,50,62,46,36,59,69,59,62,34,33,26,6,9,7,9,13,10,Championship
J. Laurent,Burnley,Inglaterra,29,"CDM, CB, CM",Right,175,31,70,,61,62,66,68,72,71,62,60,62,67,56,65,60,66,64,70,60,62,63,77,65,70,67,77,66,65,76,77,56,69,57,74,73,73,70,12,8,13,7,13,6,Championship
H. Mejbri,Burnley,Túnez,28,"CAM, CDM, CM",Right,177,23,74,,72,74,77,78,44,68,74,73,54,77,71,74,77,75,76,85,74,71,73,76,77,72,58,78,65,77,65,44,71,81,77,82,42,45,40,12,13,12,12,6,7,Championship
J. Cullen,Burnley,Irlanda,24,"CM, CDM",Right,178,30,73,,73,68,75,75,65,71,73,65,63,78,62,77,67,65,73,75,74,73,74,75,73,74,64,80,69,68,68,71,69,77,69,69,63,65,64,8,10,11,7,8,9,Championship
A. Ramsey,Burnley,Inglaterra,21,"CAM, RW",Right,181,23,69,,67,70,71,69,41,65,64,72,59,72,66,69,73,64,67,69,68,67,70,65,72,68,61,69,63,68,65,45,67,81,69,73,39,33,41,12,9,9,9,12,8,Championship
U. Raghouber,Burnley,Francia,8,"CDM, CM",Left,180,23,69,,63,60,65,63,72,72,59,57,64,67,56,58,60,57,73,67,57,68,66,66,64,69,69,76,69,60,77,74,61,63,64,73,70,74,73,15,12,12,11,11,13,Championship
R. Hatate,Burnley,Japón,5,"CM, CAM, CDM",Right,171,28,72,,69,68,72,72,61,67,69,65,56,73,59,74,69,64,73,69,70,68,72,70,73,74,64,72,64,69,71,62,68,74,66,71,66,59,59,7,8,14,14,8,13,Championship
Igor Julio,Burnley,Brasil,44,CB,Right,188,28,76,,72,54,65,65,79,79,59,46,83,77,48,59,59,55,62,69,72,72,63,77,64,71,80,75,79,55,86,83,52,56,62,73,77,77,80,7,10,9,13,8,13,Championship
J. Beyer,Burnley,Alemania,36,CB,Right,187,26,69,,66,48,58,60,70,74,57,41,75,65,44,55,49,52,59,64,65,66,60,64,64,70,70,68,76,45,76,71,43,50,51,63,72,65,73,11,7,6,10,13,6,Championship
Lucas Pires,Burnley,Brasil,23,"LB, LM",Left,182,25,73,,76,56,67,74,73,71,70,53,72,66,56,72,65,61,70,77,73,79,76,64,69,65,72,75,68,53,72,72,63,64,59,70,72,75,75,11,7,7,11,14,11,Championship
O. Sonne,Burnley,Perú,22,"RB, LB",Right,184,25,71,,72,56,67,70,70,70,70,50,63,71,54,69,64,63,66,72,73,72,72,66,67,65,67,71,71,59,66,68,58,60,60,69,73,70,68,15,7,7,15,9,9,Championship
S. Sambo,Burnley,Curazao,20,RB,Right,174,25,66,Curazao,71,53,62,64,66,61,66,48,56,62,46,60,61,54,64,67,72,71,71,62,69,59,61,66,59,59,62,64,50,57,57,64,68,66,71,9,11,15,6,6,12,Championship
H. Ekdal,Burnley,Suecia,18,"CB, RB",Right,187,27,70,Suecia,66,51,56,59,73,73,54,48,75,61,42,53,53,52,57,63,65,67,61,68,62,67,73,65,78,43,71,74,45,50,57,67,72,73,69,14,15,12,9,13,10,Championship
A. Ahmedhodžić,Burnley,Bosnia-Herzegovina,15,CB,Right,192,27,74,,67,54,61,62,80,80,56,49,81,71,49,56,52,49,61,67,68,67,58,74,59,70,79,77,82,54,79,79,45,56,55,73,82,80,75,12,11,10,6,6,14,Championship
C. Roberts,Burnley,Gales,14,"RB, LB",Right,188,31,70,Gales,72,58,64,67,70,70,63,58,68,67,53,65,61,55,65,65,71,72,75,69,69,64,71,73,67,55,76,73,55,63,58,71,71,68,70,15,13,12,8,6,11,Championship
B. Humphreys,Burnley,Inglaterra,6,"CB, LB",Right,187,23,77,,70,58,64,66,78,80,58,54,80,69,53,63,57,58,74,67,64,75,65,73,66,74,86,75,85,56,73,77,53,55,58,69,77,80,80,14,15,15,7,12,8,Championship
M. Alleyne,Burnley,Inglaterra,3,"CB, CDM",Right,185,21,67,,68,47,58,56,71,70,54,42,70,64,44,52,49,46,61,59,62,73,50,70,60,61,73,61,74,47,73,71,38,54,42,65,73,70,70,6,10,14,7,13,7,Championship
K. Walker,Burnley,Inglaterra,2,"RB, CB, RM",Right,183,36,70,,72,57,66,65,67,68,68,54,64,69,54,62,61,56,63,64,73,71,70,70,72,60,70,67,70,60,66,68,60,64,59,65,67,68,68,12,9,14,13,7,9,Championship
G. Coudert,Burnley,Francia,37,GK,Right,191,27,68,,45,28,36,35,25,53,23,23,26,43,18,20,23,20,43,42,52,40,47,65,47,47,60,43,61,24,45,33,15,39,30,49,25,20,25,65,67,58,68,74,47,Championship
B. Amos,Burnley,Inglaterra,13,GK,Left,185,36,66,,36,19,34,33,22,48,15,10,25,43,17,21,23,22,36,35,34,38,39,64,48,40,58,41,54,15,40,27,16,39,31,51,23,17,21,67,64,59,70,70,45,Championship
M. Weiß,Burnley,Alemania,1,GK,Left,190,22,72,,46,30,41,42,25,55,24,21,30,51,23,31,24,26,41,47,42,49,45,64,51,56,57,48,63,27,45,34,19,47,31,52,22,22,24,73,67,67,73,73,49,Championship
K. Tunde,West Bromwich Albion,España,26,"RW, LW",Left,171,21,67,,73,64,65,72,38,58,71,64,46,65,66,74,69,61,57,72,72,73,72,67,69,66,60,68,54,64,53,45,67,64,59,61,38,32,31,10,14,10,8,15,8,Championship
T. Bany Odeh,West Bromwich Albion,Dinamarca,23,RW,Right,177,22,62,,69,61,60,66,30,54,61,59,49,64,60,66,63,54,56,68,71,67,65,60,66,69,52,64,52,57,47,31,65,58,58,56,29,26,21,8,12,6,14,13,13,Championship
A. Selland Heggebø,West Bromwich Albion,Noruega,19,ST,Right,185,25,74,,78,75,62,73,42,72,59,78,77,67,75,70,73,62,56,77,78,78,71,74,67,75,77,71,72,67,70,37,82,60,78,74,38,39,42,9,10,13,10,10,15,Championship
M. Johnston,West Bromwich Albion,Irlanda,10,"LW, RW, CAM",Right,179,27,70,,77,66,69,70,38,63,70,65,58,71,62,71,73,66,60,69,79,76,69,67,73,70,62,70,62,65,56,39,77,70,65,70,36,35,36,13,13,6,8,9,8,Championship
B. Stewart,West Bromwich Albion,Escocia,9,ST,Right,191,22,66,,69,66,58,65,32,64,56,67,68,59,66,64,60,52,50,69,70,68,61,66,60,67,71,61,69,59,55,27,74,64,68,66,28,30,24,15,13,8,6,15,15,Championship
H. Whitwell,West Bromwich Albion,Inglaterra,29,"CAM, RM",Right,174,20,59,,60,59,63,61,31,50,59,59,42,69,56,60,58,53,60,62,58,62,62,56,64,60,47,58,49,59,41,39,60,62,60,55,28,28,26,10,10,6,11,12,13,Championship
I. Price,West Bromwich Albion,Irlanda del Norte,21,"CAM, LM, ST",Right,178,23,72,Irlanda del Norte,71,69,75,76,46,63,70,65,62,80,70,75,79,68,64,79,74,68,75,72,69,75,60,69,63,71,58,43,75,81,72,72,46,45,37,15,7,14,14,9,13,Championship
R. Nzingoula,West Bromwich Albion,Francia,20,"CM, CDM, RM",Right,183,20,66,,67,59,66,66,59,62,58,56,62,69,58,68,63,60,66,66,68,67,64,59,60,65,59,66,62,58,58,58,64,69,59,67,59,60,56,13,6,15,10,12,14,Championship
O. Diakité,West Bromwich Albion,Malí,17,"CM, CDM",Right,189,26,70,Malí,72,66,70,71,64,68,68,61,64,72,60,70,66,63,75,72,71,72,76,69,64,72,58,77,67,72,62,65,69,69,63,72,60,69,60,10,7,9,11,11,15,Championship
T. Collyer,West Bromwich Albion,Inglaterra,15,CDM,Right,180,22,69,,65,57,67,62,72,70,64,48,69,71,56,59,58,57,69,65,67,63,59,65,63,72,67,71,69,64,70,72,60,66,57,67,72,75,71,8,11,9,6,10,13,Championship
J. Morgan,West Bromwich Albion,Inglaterra,11,"CAM, ST",Right,166,20,64,,68,62,67,67,36,49,64,61,42,70,60,68,64,66,58,67,66,69,68,60,69,67,48,55,45,63,53,38,57,73,64,64,34,34,33,11,15,11,15,6,6,Championship
J. Molumby,West Bromwich Albion,Irlanda,8,"CDM, CM, RM",Right,176,27,68,Irlanda,62,56,65,64,70,68,56,50,64,71,51,63,57,58,66,64,60,63,64,70,64,65,59,71,66,61,71,72,57,65,60,72,68,75,67,14,10,10,7,14,8,Championship
F. Horn Myhre,West Bromwich Albion,Noruega,7,"CM, CAM",Right,180,27,67,,62,58,67,66,58,65,64,54,63,68,56,63,64,63,70,68,65,59,68,67,66,61,62,65,69,62,58,59,58,68,60,72,56,60,55,11,12,11,8,10,11,Championship
N. Galves,West Bromwich Albion,Francia,25,"RB, LB",Right,180,23,68,,72,52,67,66,65,62,68,50,62,71,55,65,65,59,62,67,68,75,62,66,69,61,65,63,61,47,64,62,53,63,52,66,64,67,74,10,12,10,13,8,12,Championship
C. Townsend,West Bromwich Albion,Inglaterra,22,LB,Left,168,33,64,,63,52,59,64,60,62,63,51,53,60,46,58,55,51,59,67,63,63,70,68,70,56,53,68,59,53,62,60,48,55,51,62,63,59,66,11,12,14,13,11,12,Championship
B. Pereira,West Bromwich Albion,Congo,18,"CB, RB",Right,172,23,66,,65,47,53,54,68,63,53,41,60,58,38,50,46,49,57,55,59,70,60,58,57,64,60,61,61,46,72,73,41,44,43,68,71,63,73,7,14,7,8,9,7,Championship
G. Campbell,West Bromwich Albion,Estados Unidos,6,"CB, RB",Right,188,25,68,Estados Unidos,62,48,54,59,70,69,57,43,69,54,41,56,52,46,58,62,56,66,60,64,53,65,71,59,73,47,73,67,42,48,50,65,74,68,73,10,15,13,11,12,9,Championship
C. Styles,West Bromwich Albion,Hungría,4,"LB, CDM, CM",Left,167,26,68,Hungría,74,54,63,64,64,62,65,53,53,64,53,62,60,51,65,60,71,76,76,68,74,62,58,75,56,51,63,67,48,60,54,61,61,66,67,9,11,7,9,9,15,Championship
N. Phillips,West Bromwich Albion,Inglaterra,3,"CB, RB",Left,188,29,72,,67,52,60,62,76,73,57,44,78,71,51,60,49,54,63,63,70,64,58,74,55,70,72,72,73,51,75,75,51,48,52,67,72,79,77,9,12,11,8,7,14,Championship
C. Mepham,West Bromwich Albion,Gales,2,"CB, CDM",Right,191,28,71,Gales,67,52,63,63,74,74,62,50,79,71,46,58,54,54,67,69,65,69,54,70,63,66,71,65,82,47,68,74,45,52,52,65,73,71,77,13,12,10,9,13,13,Championship
M. Ingram,West Bromwich Albion,Escocia,13,GK,Right,186,32,67,,39,24,34,35,27,53,23,19,26,36,13,23,20,15,39,38,36,41,46,67,50,45,55,38,62,19,48,34,13,47,30,46,26,24,26,72,66,61,72,67,43,Championship
M. O'Leary,West Bromwich Albion,Irlanda,1,GK,Right,189,29,69,Irlanda,43,29,35,34,29,51,21,23,29,40,16,21,21,21,43,36,41,45,41,71,48,50,57,39,58,27,47,40,18,42,32,49,26,28,21,70,64,67,67,73,48,Championship
C. Blackett-Taylor,Derby County,Inglaterra,33,LW,Left,170,29,60,,64,55,58,62,29,50,56,53,48,62,54,62,68,57,53,62,59,68,66,61,66,57,49,60,48,56,45,31,58,55,54,59,27,27,21,14,10,11,11,11,7,Championship
H. Meister,Derby County,Dinamarca,19,"ST, LW",Right,191,22,68,,68,68,58,67,38,70,54,72,78,64,73,64,59,58,49,71,69,68,65,67,61,67,75,64,76,60,62,33,66,56,62,73,35,32,31,7,7,12,6,15,15,Championship
M. Fuseini,Derby County,Ghana,16,"ST, CAM, LW",Right,169,24,67,Ghana,68,72,58,65,32,65,61,76,65,58,65,63,64,54,51,65,67,69,69,59,71,71,61,62,68,65,64,34,74,58,71,68,24,29,29,14,9,14,14,12,14,Championship
L. Salvesen,Derby County,Noruega,15,ST,Right,186,30,63,,67,67,56,60,29,61,52,70,62,61,61,61,53,57,49,61,66,68,55,61,58,67,67,55,65,63,59,26,66,56,61,64,29,21,23,13,11,13,13,12,11,Championship
R. Brewster,Derby County,Inglaterra,10,"LW, ST, CAM",Right,180,26,68,,77,67,67,70,36,61,69,65,57,68,65,71,69,62,64,67,76,77,78,71,68,68,54,69,61,72,53,40,70,66,67,63,33,31,32,12,10,8,6,7,9,Championship
C. Morris,Derby County,Inglaterra,9,"ST, CAM",Left,185,30,71,,76,75,61,68,37,68,61,77,73,63,75,69,65,58,56,67,77,75,67,65,66,77,68,68,70,68,63,32,76,63,74,74,32,33,34,14,6,8,8,8,15,Championship
P. Agyemang,Derby County,Estados Unidos,7,"ST, CAM, LW",Right,193,25,73,,75,78,64,70,38,73,63,80,78,65,77,68,69,65,59,71,78,73,72,75,65,77,76,67,78,75,69,36,74,65,75,74,35,31,32,14,7,13,11,9,15,Championship
O. Fraulo,Derby County,Dinamarca,29,"CDM, CM",Right,180,22,66,,63,56,65,59,66,64,58,50,61,72,48,54,54,59,68,61,64,62,63,69,62,65,64,64,62,61,67,67,61,63,54,65,63,71,64,14,10,6,7,6,11,Championship
L. Travis,Derby County,Inglaterra,27,"CDM, CM",Right,183,28,67,,61,55,62,64,70,67,48,48,65,72,53,60,54,56,64,68,62,60,62,70,63,63,62,72,63,63,70,70,55,63,61,63,70,71,69,8,14,6,7,13,10,Championship
R. Hedges,Derby County,Gales,26,"LB, RW",Left,185,31,64,,67,49,62,66,63,65,67,46,52,64,40,67,60,48,62,66,64,70,68,66,65,59,61,67,67,49,60,59,53,59,49,61,66,67,64,12,13,8,13,9,10,Championship
A. Mowatt,Derby County,Inglaterra,20,"CDM, CM",Left,177,31,68,,60,55,66,64,68,70,55,51,63,73,47,61,58,59,68,66,57,63,59,70,68,62,66,76,68,56,70,76,60,67,53,72,66,66,69,14,8,12,15,9,12,Championship
F. Bilbija,Derby County,Alemania,13,"CAM, RW, CM",Left,189,26,69,,67,68,67,71,41,63,67,67,66,65,66,70,74,64,68,73,63,71,73,67,72,68,62,67,64,70,57,42,70,70,66,72,39,37,35,8,11,10,8,8,13,Championship
S. Szmodics,Derby County,Irlanda,11,"CAM, ST",Right,168,31,73,,73,72,77,75,49,63,73,71,56,81,74,74,78,68,73,76,75,72,78,73,75,72,61,76,57,75,64,49,71,81,68,81,51,45,45,9,13,12,8,13,10,Championship
B. Clark,Derby County,Inglaterra,8,"CDM, CAM, CM",Right,178,21,70,,65,59,67,65,72,72,60,55,62,70,55,60,58,57,70,67,63,66,68,70,66,62,73,74,70,65,72,76,64,70,58,71,73,72,73,9,15,9,11,8,13,Championship
D. Ozoh,Derby County,Inglaterra,4,CDM,Left,183,21,64,,58,55,62,60,65,67,58,51,63,70,49,61,53,59,61,60,54,61,57,59,57,62,61,68,67,57,68,69,57,58,57,61,65,62,67,15,12,9,12,6,11,Championship
E. Cashin,Derby County,Irlanda,44,"CB, LB",Right,184,24,70,,66,52,56,61,71,71,48,51,71,65,44,60,50,52,63,62,62,70,59,66,62,64,75,63,75,49,72,68,44,48,46,69,73,72,70,7,12,10,9,6,9,Championship
D. Sanderson,Derby County,Inglaterra,28,CB,Left,188,26,71,,66,52,58,61,76,74,53,49,83,66,47,59,51,55,62,62,67,65,60,66,59,65,70,71,77,53,73,77,45,50,45,69,77,74,72,13,14,14,9,11,13,Championship
R. Nyambe,Derby County,Namibia,24,"RB, RM",Right,183,28,61,,65,46,56,55,62,60,63,42,51,58,39,52,53,44,52,58,64,65,60,57,54,55,59,63,59,46,58,61,50,52,46,55,64,64,60,11,15,10,14,14,14,Championship
J. Ward,Derby County,Inglaterra,23,"RB, RM",Right,167,31,64,,66,52,62,62,61,62,69,51,48,64,49,60,55,53,56,61,67,66,66,64,69,58,56,69,60,47,59,62,55,58,51,67,64,59,68,11,14,13,13,8,12,Championship
M. Johnston,Derby County,Escocia,22,"RB, LB",Right,185,22,70,,76,54,63,68,68,72,67,49,62,68,50,68,60,54,59,68,72,79,65,71,74,61,66,73,74,58,68,65,54,57,56,66,67,72,69,15,10,15,11,9,14,Championship
C. Taylor,Derby County,Inglaterra,18,"LB, CB",Left,176,33,68,,69,52,63,64,67,67,65,45,61,66,53,61,66,56,62,64,69,69,67,65,72,64,57,71,65,53,68,68,57,58,52,64,64,72,66,15,15,14,9,8,15,Championship
S. Klingen Langås,Derby County,Noruega,6,"CB, RB",Right,190,25,72,,69,52,63,64,75,77,61,44,79,70,43,59,56,51,63,68,68,69,60,74,57,72,80,67,81,52,77,73,48,56,48,71,74,75,74,11,12,13,14,9,8,Championship
M. Clarke,Derby County,Inglaterra,5,"CB, CDM",Left,180,30,68,,64,47,58,56,69,69,53,42,68,68,45,51,45,51,62,58,64,64,63,62,59,60,69,68,69,48,71,73,43,49,51,68,73,65,66,14,9,11,13,15,9,Championship
C. Forsyth,Derby County,Escocia,3,"LB, CB",Left,191,37,65,,62,51,60,62,63,66,63,51,60,61,51,62,55,50,58,63,60,64,58,64,58,54,70,67,67,48,62,70,53,59,46,64,62,61,62,7,14,8,15,10,9,Championship
D. Murkin,Derby County,Inglaterra,2,LB,Left,183,27,66,,72,53,63,64,65,67,68,54,60,65,48,63,61,53,64,65,75,69,65,65,66,55,60,71,67,50,62,64,57,57,53,63,68,65,63,6,14,13,14,11,9,Championship
J. Vickers,Derby County,Inglaterra,31,GK,Right,183,30,67,,43,25,37,32,24,54,24,17,26,45,15,19,25,21,39,37,40,45,39,63,49,51,55,50,58,21,48,33,20,43,27,44,19,22,25,67,68,56,70,67,43,Championship
R. O'Donnell,Derby County,Inglaterra,12,GK,Right,188,38,68,,37,24,38,36,25,50,23,15,25,40,18,25,24,24,47,39,36,37,43,62,49,51,59,42,56,21,43,28,14,49,27,56,23,26,23,69,72,61,70,68,49,Championship
S. Kane,Derby County,Escocia,1,GK,Right,193,20,63,,40,24,34,29,18,46,23,18,20,44,14,18,20,18,31,29,40,40,44,58,51,43,50,33,55,21,40,21,16,38,23,45,17,17,21,64,60,59,67,68,43,Championship
J. Widell Zetterström,Derby County,Suecia,1,GK,Right,195,28,67,,42,24,36,36,25,49,19,18,21,46,20,26,19,26,39,38,44,41,44,61,43,48,53,37,57,16,45,30,19,41,30,50,23,27,15,67,69,61,66,66,45,Championship
N. Bilokapić,Derby County,Australia,14,GK,Right,194,24,64,,41,23,32,30,22,49,21,13,23,34,12,15,16,15,39,36,38,43,42,55,49,43,53,41,56,30,40,31,11,40,24,45,16,22,22,63,64,58,68,70,40,Championship
M. Manhoef,Stoke City,Países Bajos,42,"RW, CAM",Right,179,24,73,,80,70,72,76,40,66,73,69,60,74,68,76,68,65,66,74,83,78,83,75,78,70,65,75,65,71,59,42,72,74,67,66,35,38,37,13,10,8,14,14,10,Championship
S. Gallagher,Stoke City,Escocia,20,"ST, CAM, RW",Right,194,31,66,,65,66,55,66,31,69,51,69,70,60,58,65,55,59,46,70,63,67,63,64,59,69,75,60,76,61,62,31,66,55,62,67,27,23,27,7,14,10,8,12,12,Championship
G. Hirst,Stoke City,Escocia,15,ST,Right,191,27,76,,75,76,67,72,45,74,61,74,81,75,76,71,67,66,58,71,74,75,72,82,72,79,77,75,77,75,66,42,80,67,74,77,39,43,38,6,15,12,7,15,6,Championship
A. Ampah,Stoke City,Inglaterra,14,"LW, RW",Right,178,20,56,,65,56,55,58,27,50,54,59,43,59,56,59,55,48,47,59,62,67,59,48,57,54,50,57,50,56,43,21,60,59,42,52,29,25,22,11,9,11,8,9,9,Championship
L. Cissé,Stoke City,Francia,11,"ST, RW, LW",Left,178,23,71,,77,74,60,73,43,70,62,78,75,62,71,74,64,64,55,71,74,80,70,72,72,71,75,67,73,72,64,40,73,58,72,78,41,38,34,10,6,9,8,10,15,Championship
R. Bozeník,Stoke City,Eslovaquia,9,ST,Left,188,26,69,Eslovaquia,69,71,60,68,35,70,58,74,70,62,69,65,59,61,57,71,70,69,71,75,59,67,73,62,77,68,60,32,73,61,70,77,26,35,33,15,7,8,10,14,8,Championship
D. Soumaré,Stoke City,Senegal,27,"CM, CDM",Right,185,23,67,,63,63,68,68,59,68,64,61,62,74,58,66,63,60,68,74,62,64,61,62,55,66,59,76,68,67,61,59,63,65,61,66,56,61,55,6,10,8,13,8,15,Championship
T. Rigo,Stoke City,Eslovaquia,19,"CDM, CAM, CM",Left,184,24,71,,64,62,70,64,73,72,58,58,63,80,57,65,60,58,74,62,65,64,63,72,65,67,66,78,69,70,76,69,63,69,60,71,75,77,77,10,8,10,10,11,6,Championship
J. Devenny,Stoke City,Irlanda del Norte,13,"LB, CM, CAM",Left,177,22,73,Irlanda del Norte,75,63,69,70,71,72,66,61,61,74,57,66,66,62,68,72,73,77,80,67,75,72,72,77,71,63,68,70,58,67,57,63,72,75,71,14,7,10,9,15,14,Championship
J. Bae,Stoke City,Corea del Sur,10,"CAM, LW",Right,180,23,62,,57,60,64,64,34,54,58,58,51,68,53,69,66,62,58,61,55,58,63,58,63,62,49,63,53,65,49,39,66,67,58,64,33,30,27,12,13,14,13,12,10,Championship
E. Galbraith,Stoke City,Irlanda del Norte,8,"RB, CDM, CM",Right,175,25,68,Irlanda del Norte,73,55,64,65,69,68,67,54,62,66,51,60,64,53,65,67,71,74,72,67,73,61,61,73,67,50,64,64,56,62,55,62,71,72,67,11,11,12,7,9,11,Championship
J. McGlynn,Stoke City,Estados Unidos,7,"CM, CAM, RW",Left,180,23,70,,66,64,71,72,63,67,68,60,61,72,55,73,63,61,73,72,68,65,66,74,70,71,58,75,66,70,64,61,66,75,65,66,62,66,60,13,10,7,11,7,8,Championship
S. Ingelsson,Stoke City,Suecia,6,"CDM, CM, CAM",Right,189,28,65,,60,54,61,58,68,69,58,46,66,61,52,57,54,52,65,58,61,59,61,66,56,63,70,67,69,63,70,67,56,65,58,64,71,67,66,9,7,13,12,15,14,Championship
B. Pearson,Stoke City,Inglaterra,4,"CDM, CM",Right,166,31,67,,61,58,66,65,65,67,56,49,57,75,51,62,57,60,66,67,63,59,62,69,67,69,60,74,62,64,72,68,61,65,65,73,67,65,63,14,7,10,15,6,7,Championship
L. Giani,Stoke City,Inglaterra,52,"LB, LM",Left,178,18,57,,66,42,50,56,55,55,55,39,43,51,36,56,47,41,52,55,65,66,59,52,58,45,52,60,52,44,58,52,45,47,48,49,55,58,62,6,13,6,11,11,6,Championship
F. Anderson,Stoke City,Inglaterra,43,CB,Right,187,19,61,,59,45,52,49,65,66,47,41,63,60,37,45,41,45,55,51,57,60,50,57,54,58,68,59,72,43,61,69,39,43,47,57,66,65,59,12,11,8,10,7,8,Championship
M. Talovierov,Stoke City,Ucrania,40,"CB, RB",Right,196,26,67,,63,48,58,54,70,72,56,42,78,67,40,46,40,48,62,63,62,63,48,65,52,64,71,59,79,49,70,74,43,48,50,62,67,70,65,6,11,8,11,11,13,Championship
B. Gibson,Stoke City,Inglaterra,23,"CB, LB",Left,185,33,65,,55,48,55,53,71,70,53,46,68,58,43,48,46,43,62,54,57,54,55,68,55,61,64,62,76,44,69,70,40,50,46,67,71,74,70,12,14,8,10,11,7,Championship
J. Tchamadeu,Stoke City,Camerún,22,"RB, RM",Right,180,22,64,Camerún,68,46,59,61,61,65,63,41,55,61,45,59,59,43,60,62,66,69,69,57,63,53,56,70,66,47,60,63,50,55,51,65,58,65,64,15,14,10,7,7,7,Championship
L. Bombino,Stoke City,Estados Unidos,21,"LB, RB",Left,180,20,66,,74,53,62,60,64,64,68,47,62,64,48,61,57,57,58,57,69,78,71,61,61,68,62,70,63,51,61,62,54,57,51,59,66,64,66,7,10,9,12,11,11,Championship
B. Lawal,Stoke City,Irlanda,18,"CB, RB, LB",Right,180,23,68,Irlanda,64,48,55,59,72,69,50,44,69,64,44,51,46,53,55,64,59,68,63,68,66,66,72,64,72,44,68,70,40,47,43,69,74,71,75,6,15,14,13,14,14,Championship
E. Bocat,Stoke City,Francia,17,"LB, LM",Left,168,27,68,,74,56,62,66,66,66,67,55,55,64,48,65,63,53,60,66,68,78,70,65,76,65,58,70,64,53,68,71,55,58,58,61,69,63,69,10,9,6,7,14,14,Championship
B. Wilmot,Stoke City,Inglaterra,16,"CB, RB",Right,188,26,75,,68,60,67,67,77,82,68,58,75,78,46,66,58,54,63,70,70,67,62,68,63,71,83,75,85,59,81,79,45,56,58,74,75,77,77,6,6,9,15,8,7,Championship
L. Graham,Stoke City,Escocia,5,CB,Left,188,22,67,Escocia,60,48,55,54,67,72,50,44,74,61,38,49,45,45,58,57,66,56,53,66,52,60,74,67,75,49,69,63,42,51,46,61,69,65,71,11,13,8,10,8,13,Championship
A. Cresswell,Stoke City,Inglaterra,3,"LB, CB",Left,170,36,70,,71,55,64,70,70,70,70,51,63,64,57,69,61,50,64,70,69,72,75,69,78,64,67,75,69,56,66,71,57,63,49,67,68,72,73,15,7,13,10,11,8,Championship
B. Johnson,Stoke City,Inglaterra,2,"LB, RB, RM",Left,175,26,70,,74,53,65,65,65,71,71,48,59,65,54,65,61,56,65,61,73,75,75,68,73,61,64,77,70,56,69,66,57,63,52,67,65,63,71,11,10,14,15,15,10,Championship
F. Fielding,Stoke City,Inglaterra,34,GK,Right,185,38,63,,31,19,29,27,22,47,15,10,19,31,15,15,16,17,35,31,32,30,34,57,41,43,49,38,56,19,34,29,10,40,26,46,22,20,17,65,63,60,65,61,42,Championship
J. Griffiths,Stoke City,Inglaterra,24,GK,Right,198,25,67,,46,26,36,36,24,51,18,17,26,42,19,24,24,19,42,38,46,46,45,64,48,53,51,45,59,23,38,33,19,45,24,53,23,20,21,65,67,64,65,73,44,Championship
V. Johansson,Stoke City,Suecia,1,GK,Left,186,28,77,Suecia,53,34,46,44,33,61,26,26,25,55,24,32,32,32,51,48,54,53,55,75,57,55,61,54,66,35,56,41,29,56,42,53,31,32,33,81,79,76,77,79,53,Championship
S. Smith,Wrexham,Inglaterra,28,"ST, LW",Left,185,28,67,,69,66,56,64,35,65,52,68,67,60,67,64,56,58,51,63,67,70,64,65,64,67,75,59,69,61,61,31,66,56,67,63,31,34,25,13,9,14,12,7,15,Championship
K. Moore,Wrexham,Gales,19,ST,Right,195,34,73,Gales,71,74,63,72,41,74,61,79,83,68,71,73,69,62,55,71,72,71,67,80,66,72,79,71,79,65,66,38,74,63,74,72,40,32,34,13,11,14,11,6,9,Championship
B. Cadamarteri,Wrexham,Jamaica,11,"ST, CAM",Right,185,21,64,Jamaica,68,66,57,63,33,66,57,70,68,62,61,65,55,55,44,62,67,68,60,69,59,63,67,63,70,63,57,25,62,59,67,66,33,29,22,6,10,9,13,7,12,Championship
J. Rees,Wrexham,Gales,98,"CAM, CF",Right,175,18,60,,60,60,60,65,34,51,56,61,49,62,59,66,56,58,58,69,57,62,63,53,65,58,50,58,49,63,47,30,60,65,53,54,38,31,24,6,7,9,13,8,6,Championship
R. Longman,Wrexham,Inglaterra,47,"RB, RM, LB",Left,177,25,69,,73,55,64,68,63,68,71,51,55,66,54,65,61,54,63,69,74,72,69,68,75,65,67,70,68,54,64,64,55,56,57,68,65,63,63,12,6,12,6,10,8,Championship
E. Lee,Wrexham,Inglaterra,38,"CAM, ST",Left,180,31,65,,64,65,65,69,38,54,61,64,56,69,60,71,67,58,63,67,66,62,65,67,67,65,57,64,50,68,53,42,68,66,66,70,35,33,36,14,13,14,13,11,13,Championship
M. James,Wrexham,Inglaterra,37,"CDM, CM",Left,181,35,68,,56,56,66,64,69,68,60,52,64,71,50,61,60,61,64,64,62,52,66,69,67,62,68,68,69,61,63,70,58,69,54,70,70,71,67,15,8,11,13,9,13,Championship
A. James,Wrexham,Gales,34,RB,Right,183,21,61,,65,50,56,56,57,60,62,47,59,57,48,53,55,46,57,58,65,65,58,60,55,58,59,64,56,50,63,59,53,51,47,59,57,55,58,7,11,10,10,7,11,Championship
N. Broadhead,Wrexham,Gales,33,"CAM, ST, CM",Right,178,28,73,,74,70,74,78,46,64,67,69,62,78,63,78,73,70,74,78,77,72,78,72,73,70,60,70,63,74,62,48,74,75,69,79,43,44,38,12,6,15,8,10,6,Championship
L. O'Brien,Wrexham,Inglaterra,27,"CAM, CDM, CM",Right,173,27,71,,69,71,72,75,46,61,73,75,61,73,67,71,73,68,68,80,72,66,75,69,78,68,58,69,57,67,61,47,70,74,63,73,46,41,47,6,15,8,6,9,8,Championship
S. Revan,Wrexham,Inglaterra,23,LB,Left,181,23,62,,68,46,57,59,60,65,59,39,54,60,40,59,51,44,58,57,70,66,67,55,63,55,54,70,65,53,63,60,53,52,44,59,61,60,63,6,14,13,7,9,7,Championship
O. Rathbone,Wrexham,Inglaterra,20,"CAM, CM",Right,176,29,64,,66,64,66,67,38,56,61,64,49,68,65,69,64,69,66,67,64,68,67,63,67,65,54,63,57,63,46,43,64,65,60,64,35,36,35,6,12,13,12,14,6,Championship
B. Sheaf,Wrexham,Inglaterra,18,"CDM, CM",Right,185,28,72,,67,61,70,67,72,78,64,56,69,76,56,66,60,62,73,67,64,69,66,74,70,66,76,79,78,69,76,74,61,67,61,75,73,71,71,10,12,11,14,10,9,Championship
C. O'Hare,Wrexham,Inglaterra,17,"CAM, LM, LW",Right,175,28,70,,73,70,68,75,44,60,67,67,53,69,69,75,71,67,66,78,71,74,74,64,75,78,63,65,57,69,60,43,67,69,64,69,44,42,41,8,7,14,9,14,8,Championship
G. Dobson,Wrexham,Inglaterra,15,"CM, CDM, CAM",Right,185,28,68,,67,64,66,67,60,69,60,61,59,69,53,65,59,65,69,71,68,67,59,79,64,72,62,71,71,66,63,63,68,68,65,68,59,58,59,7,9,14,6,12,12,Championship
G. Thomason,Wrexham,Inglaterra,14,"LB, LM, CM",Left,177,25,66,,70,52,61,63,64,65,65,45,59,65,43,61,59,55,56,62,72,69,67,70,65,64,64,73,61,58,65,65,56,54,49,67,64,65,66,6,12,12,15,8,13,Championship
L. Cacace,Wrexham,Nueva Zelanda,13,"LB, LM",Left,184,26,68,,74,52,61,65,63,68,65,48,55,62,47,63,59,61,55,66,73,75,70,67,67,59,67,74,67,53,65,66,58,61,48,61,64,61,65,11,9,7,10,7,7,Championship
I. Kaboré,Wrexham,Burkina Faso,12,"RB, RM",Left,180,25,70,Burkina Faso,74,55,65,68,67,69,66,52,64,67,53,66,66,54,64,70,71,77,67,67,72,62,68,75,67,53,69,66,60,62,54,67,73,62,68,10,11,11,10,9,10,Championship
J. Windass,Wrexham,Inglaterra,10,"CAM, ST, RW",Left,175,32,69,,66,68,68,73,43,60,64,70,51,70,68,75,67,72,63,71,71,62,78,69,75,62,56,64,59,70,56,44,74,71,66,70,44,43,33,9,7,7,14,13,6,Championship
B. Whiteman,Wrexham,Inglaterra,8,"CDM, CM, CAM",Right,185,30,72,,71,61,71,68,73,75,64,55,74,75,56,68,65,64,73,69,69,72,60,71,67,69,76,76,73,67,80,75,66,72,63,74,73,72,70,6,9,9,6,15,12,Championship
D. Imray,Wrexham,Inglaterra,30,"RB, RM, RW",Right,178,23,63,,66,48,58,59,61,63,64,44,58,60,44,57,54,47,58,58,64,68,65,56,70,57,62,68,62,49,60,69,53,53,46,55,60,57,65,10,10,15,14,13,13,Championship
Z. Vyner,Wrexham,Kenia,26,"CB, CDM",Right,187,29,70,,65,49,54,59,72,73,53,42,77,59,44,56,45,52,60,60,60,69,59,70,55,63,74,66,77,50,72,75,50,44,47,67,70,72,72,6,7,7,14,12,8,Championship
J. Worrall,Wrexham,Inglaterra,6,CB,Right,191,29,67,,61,46,57,55,70,74,59,37,71,63,39,51,43,45,58,60,60,61,52,60,51,61,71,70,77,51,74,72,44,48,50,65,69,70,70,6,11,14,6,8,15,Championship
D. Hyam,Wrexham,Escocia,5,CB,Left,188,30,69,,63,49,58,60,73,72,57,42,74,65,45,54,50,46,59,66,61,65,61,65,58,63,74,63,75,51,73,73,44,51,50,65,74,73,68,12,13,9,8,12,11,Championship
M. Cleworth,Wrexham,Gales,4,CB,Right,191,24,77,,76,57,67,69,79,83,66,53,77,73,49,65,54,59,68,72,72,79,64,75,68,69,82,74,88,57,82,77,53,60,50,77,77,81,82,12,14,14,7,15,7,Championship
J. Ekomié,Wrexham,Gabón,3,"LB, LM",Right,179,23,74,Gabón,78,59,70,68,72,72,77,58,70,69,57,64,69,57,76,69,76,79,76,73,73,67,68,73,70,54,77,71,59,66,60,65,70,76,74,10,8,12,9,9,14,Championship
C. Doyle,Wrexham,Inglaterra,2,"CB, CDM",Right,185,23,77,,69,53,65,64,80,80,61,49,83,75,45,60,57,55,65,66,73,66,66,72,63,67,77,73,84,51,81,80,51,58,57,79,83,78,79,10,12,6,8,9,7,Championship
C. Burton,Wrexham,Inglaterra,25,GK,Left,188,30,63,,38,18,30,30,19,47,16,10,18,33,11,18,24,13,38,32,39,37,42,59,44,45,47,39,54,11,40,24,11,39,22,40,19,17,18,62,57,54,61,66,41,Championship
A. Patterson,Wrexham,Inglaterra,22,GK,Right,189,26,76,,52,33,43,44,32,58,32,25,35,46,26,31,35,33,50,48,55,50,51,75,59,58,61,54,63,28,50,36,29,50,42,56,28,33,27,77,76,70,76,77,54,Championship
D. Ward,Wrexham,Gales,21,GK,Right,191,33,67,Gales,40,23,35,34,28,50,23,13,29,37,22,19,17,24,43,40,41,39,45,64,46,47,53,46,57,20,39,33,22,46,26,47,28,26,24,68,66,63,69,69,45,Championship
N. Chioma,Portsmouth,Inglaterra,48,"ST, LW",Left,183,18,59,,64,60,49,59,28,58,47,61,63,51,61,60,50,51,39,61,63,64,57,53,54,59,57,54,64,57,50,25,61,53,58,57,24,25,21,7,13,7,11,10,6,Championship
K. Anderson,Portsmouth,Inglaterra,37,LW,Left,175,31,63,,69,61,62,67,33,52,66,61,46,65,61,64,64,60,54,70,70,68,70,63,71,60,51,61,49,63,47,32,62,59,61,62,36,28,26,12,15,8,11,13,11,Championship
H. Blair,Portsmouth,Inglaterra,34,LW,Left,178,23,61,,68,59,58,63,31,54,64,58,53,59,54,64,59,56,52,62,69,68,67,57,64,59,51,63,53,61,44,34,60,55,60,57,32,22,26,10,14,14,10,15,6,Championship
E. Kenny,Portsmouth,Irlanda del Norte,32,"RW, ST, LW",Right,173,20,58,,66,55,53,60,27,45,55,55,42,55,56,61,57,47,43,58,68,65,63,53,65,60,45,58,39,52,43,33,54,56,55,52,29,21,15,9,11,6,10,13,14,Championship
Marezi,Portsmouth,Serbia,29,ST,Right,197,23,70,,71,72,60,69,38,75,59,75,73,65,72,71,63,57,56,71,69,72,64,69,60,71,78,65,85,68,64,35,76,56,71,65,35,34,28,12,11,10,13,10,9,Championship
L. Brooke-Smith,Portsmouth,Nueva Zelanda,28,LW,Right,173,18,60,,71,59,56,61,32,51,59,60,48,56,49,61,63,55,52,59,69,72,65,61,67,57,53,58,49,60,46,31,63,57,55,54,31,33,21,12,13,7,12,14,14,Championship
R. Kavuma-McQueen,Portsmouth,Inglaterra,25,"LW, RW",Left,176,17,60,,70,58,58,65,31,53,61,57,44,60,57,65,57,54,58,65,76,66,66,59,65,55,46,60,51,61,50,27,66,55,57,62,34,29,27,10,12,14,9,8,10,Championship
J. Murphy,Portsmouth,Inglaterra,23,"LW, CAM",Left,173,31,71,,75,69,69,73,41,61,74,68,59,70,69,75,65,63,58,71,77,74,73,73,68,71,59,71,57,70,57,44,67,74,66,70,37,39,31,9,6,8,13,14,13,Championship
T. Waddingham,Portsmouth,Australia,20,ST,Right,181,21,61,,65,64,53,59,28,61,48,65,62,59,61,58,56,54,46,60,67,63,60,61,55,69,56,62,65,60,53,26,63,54,63,62,27,22,16,6,12,15,11,10,14,Championship
T. Shade,Portsmouth,St. Kitts and Nevis,17,"ST, LW",Right,183,26,64,,63,67,56,63,30,60,55,69,65,60,66,62,61,55,50,63,63,63,64,65,59,67,69,56,65,61,52,28,66,53,73,67,25,27,24,6,9,15,12,8,12,Championship
F. Umeh-Chibueze,Portsmouth,Irlanda,15,RW,Left,184,21,62,,70,57,58,63,32,56,63,55,52,58,54,62,64,51,51,66,70,70,64,64,60,61,56,58,59,58,48,31,66,57,58,59,34,24,27,11,8,10,8,12,12,Championship
A. Kamara,Portsmouth,Inglaterra,11,RW,Right,183,23,69,,77,68,68,71,38,62,70,66,58,69,59,75,63,60,66,68,77,77,75,70,66,76,68,71,61,70,52,35,70,68,61,66,32,39,34,11,13,15,6,11,11,Championship
A. Segečić,Portsmouth,Croacia,10,"RW, CAM, LW",Right,173,22,69,,75,65,69,71,41,61,71,66,55,68,60,71,66,66,59,71,74,75,77,65,75,67,61,72,59,59,52,42,76,78,71,68,40,38,34,15,13,14,15,12,14,Championship
C. Bishop,Portsmouth,Inglaterra,9,"ST, LW",Right,180,29,68,,66,72,57,67,33,65,53,75,70,57,67,63,58,57,56,70,63,68,67,70,62,73,68,59,69,67,60,30,73,62,66,72,25,34,26,14,10,7,13,6,12,Championship
E. Adams,Portsmouth,The Gambia,38,"CDM, CM, CAM",Right,181,30,67,,66,57,64,62,66,70,58,53,63,71,46,64,52,58,62,60,62,69,61,67,62,67,63,71,72,60,68,65,60,62,52,67,68,64,66,7,15,7,6,14,6,Championship
I. Mohamed,Portsmouth,Comoras,37,"CM, CDM",Right,191,25,62,Comoras,58,57,61,62,55,65,58,55,65,62,55,60,56,52,65,65,60,57,57,65,55,61,61,69,66,58,58,54,58,62,56,63,54,54,52,12,10,7,11,7,14,Championship
O. Bailey,Portsmouth,Inglaterra,27,"CDM, CM, CAM",Right,178,26,64,,56,53,57,61,66,69,56,52,60,62,46,63,46,47,58,59,57,56,61,62,58,60,57,69,67,50,77,70,61,56,53,67,68,63,69,11,7,7,8,11,8,Championship
R. Shein,Portsmouth,Estonia,19,"CM, CDM, LM",Left,185,23,66,,67,62,66,64,59,66,60,59,56,68,51,65,66,64,66,63,66,68,62,64,64,66,64,67,68,66,62,64,67,67,59,68,55,61,56,6,9,13,9,10,9,Championship
M. Kosznovszky,Portsmouth,Hungría,18,CDM,Left,179,24,67,,59,58,63,64,68,65,55,55,67,67,54,61,59,56,67,68,60,59,62,69,67,64,65,61,68,60,64,68,59,62,53,65,70,66,65,7,8,12,15,7,10,Championship
J. Swift,Portsmouth,Inglaterra,8,"CAM, CDM",Right,182,31,64,,63,64,66,68,36,58,62,66,52,66,62,69,63,62,65,68,64,63,67,69,68,63,53,59,61,60,53,41,61,70,65,64,35,30,30,7,13,10,10,6,8,Championship
M. Pack,Portsmouth,Inglaterra,7,CDM,Right,188,35,67,,53,58,65,64,69,72,62,51,69,72,56,60,55,54,62,70,52,53,59,68,60,68,71,70,73,62,72,70,63,61,56,67,67,72,64,15,14,13,11,9,12,Championship
M. Ani,Portsmouth,Inglaterra,99,"CB, RB",Right,187,18,58,,54,33,45,47,65,58,44,24,62,53,31,42,40,38,46,50,52,55,47,53,52,48,67,55,59,40,59,65,31,32,38,49,64,66,65,8,9,12,15,15,15,Championship
M. Dia,Portsmouth,Senegal,55,CB,Right,192,22,62,,62,45,50,50,62,66,43,41,67,57,37,47,41,44,56,52,60,64,46,61,51,58,75,59,69,44,64,63,36,42,41,66,58,64,63,10,9,9,13,10,13,Championship
C. Agu,Portsmouth,Inglaterra,39,LB,Right,180,18,61,,66,46,54,55,62,61,60,42,55,58,39,54,54,47,52,54,66,66,61,53,57,60,59,70,58,43,58,58,50,45,46,60,64,65,59,13,12,7,12,11,9,Championship
T. Devlin,Portsmouth,Irlanda del Norte,24,"RB, RM",Right,180,22,69,Irlanda del Norte,73,55,64,66,67,67,66,53,64,70,43,66,57,54,63,65,74,72,65,72,73,67,68,70,65,50,70,67,62,58,55,65,70,66,68,12,8,7,7,6,6,Championship
Z. Swanson,Portsmouth,Inglaterra,22,"LB, RB, CB",Right,189,26,68,,74,54,66,64,66,69,69,52,68,71,49,64,57,54,63,65,73,74,66,65,63,61,69,71,69,52,65,65,51,63,54,59,63,65,76,13,14,7,13,13,15,Championship
J. Meghoma,Portsmouth,Inglaterra,16,"LB, LM",Right,176,20,66,,72,50,60,63,64,64,63,43,56,61,48,61,56,48,64,63,72,72,68,57,72,64,64,74,59,52,64,65,58,57,52,58,63,67,65,10,13,9,15,13,15,Championship
C. Shaughnessy,Portsmouth,Irlanda,6,CB,Right,191,30,63,,54,42,49,50,64,67,48,33,68,53,39,47,44,42,54,51,49,58,48,63,52,63,63,59,72,42,65,66,36,44,40,58,64,64,61,11,10,7,10,11,13,Championship
R. Poole,Portsmouth,Gales,5,CB,Right,178,28,66,,63,46,56,52,69,68,56,39,66,63,41,46,48,50,61,55,62,63,58,59,55,62,67,67,68,47,67,69,42,46,43,55,70,69,69,7,14,11,11,6,15,Championship
C. Ogilvie,Portsmouth,Inglaterra,3,"CB, LB",Right,184,30,68,,65,50,54,60,71,69,50,45,74,60,42,56,53,45,60,63,68,63,59,65,63,61,69,60,73,51,70,72,45,47,51,64,69,72,73,8,13,6,7,11,15,Championship
B. Arthur,Portsmouth,Inglaterra,2,"CB, RB",Right,180,20,63,,58,42,51,50,66,67,55,36,64,57,40,46,46,40,50,52,59,58,48,58,57,61,61,65,68,41,69,65,37,42,41,60,65,66,71,6,13,11,15,11,11,Championship
D. Bielica,Portsmouth,Polonia,31,GK,Right,191,27,64,,38,23,33,28,22,45,18,15,26,38,14,17,22,23,37,30,40,37,37,54,49,43,52,39,50,24,37,29,15,42,19,45,21,17,18,64,65,56,63,65,46,Championship
B. Killip,Portsmouth,Inglaterra,30,GK,Right,188,30,61,,39,19,29,26,20,45,17,10,20,34,15,13,16,14,31,30,38,39,35,53,41,44,49,35,53,18,38,25,10,36,22,36,20,16,19,63,63,56,58,61,41,Championship
N. Schmid,Portsmouth,Austria,1,GK,Right,195,29,68,,41,28,36,37,24,50,22,23,27,42,18,25,25,20,37,41,40,41,43,62,50,47,59,43,56,27,43,34,11,43,31,53,21,20,23,71,65,60,67,66,44,Championship
J. Kenny,Preston North End,Irlanda,38,"ST, CAM",Right,177,23,66,,64,68,57,66,31,62,57,70,67,60,71,63,56,56,53,70,65,63,64,62,64,64,65,57,64,63,62,28,75,56,66,67,28,25,30,10,7,6,12,7,10,Championship
D. Burgzorg,Preston North End,Surinam,37,"LW, ST",Left,186,27,69,,72,68,67,70,38,66,73,69,61,67,63,72,73,60,56,69,73,72,69,71,63,66,66,69,68,72,57,40,63,68,65,61,38,34,26,8,14,13,7,15,6,Championship
G. Gryba,Preston North End,Inglaterra,30,RW,Left,182,17,60,,69,61,56,63,32,55,60,65,55,56,57,66,60,50,51,61,66,71,61,60,60,57,49,63,55,56,46,33,60,55,60,57,29,28,26,14,11,14,14,9,8,Championship
L. Gibbs,Preston North End,Inglaterra,20,"RW, RB, CAM",Right,178,23,65,,71,63,62,66,34,57,64,65,52,66,58,67,66,60,54,65,72,70,65,67,63,68,57,66,54,55,51,37,65,59,64,61,36,26,32,13,12,14,12,9,7,Championship
S. Mills,Preston North End,Inglaterra,17,"RW, LW, CAM",Left,180,22,67,,72,64,62,70,37,59,65,65,57,61,65,71,66,60,57,69,71,72,68,72,69,62,57,61,61,62,52,36,72,62,63,63,36,36,28,10,14,8,7,6,7,Championship
C. Lang,Preston North End,Inglaterra,10,"ST, CAM, RW",Left,183,28,66,,69,67,56,64,32,65,53,67,73,65,66,62,56,55,47,65,71,68,65,66,63,67,72,57,71,68,59,30,69,52,65,64,30,24,29,6,8,9,11,7,10,Championship
J. Erabi,Preston North End,Suecia,9,ST,Right,184,23,66,,70,70,55,67,34,67,50,76,72,59,63,67,57,53,44,71,71,70,62,65,61,71,66,60,71,58,64,28,68,60,71,64,34,27,28,8,6,13,6,11,8,Championship
B. Potts,Preston North End,Inglaterra,44,"RB, CM",Right,188,32,65,,69,51,61,59,64,66,67,48,66,64,50,56,58,53,58,61,71,67,61,66,66,52,64,66,67,54,66,67,56,57,50,52,60,64,63,7,9,8,8,15,13,Championship
E. Nolan,Preston North End,Inglaterra,32,"CAM, CM",Left,171,19,62,,61,63,63,67,32,51,59,63,45,67,60,69,65,56,62,66,64,59,71,57,70,63,52,58,47,66,50,33,63,63,58,57,28,32,27,10,13,11,14,13,6,Championship
L. Leroy,Preston North End,Francia,27,"CM, CDM, CAM",Right,186,26,69,,68,63,70,72,62,69,66,57,61,74,56,72,63,62,71,74,67,68,67,72,69,71,66,72,69,67,68,63,70,68,66,73,62,63,58,6,10,11,10,7,13,Championship
A. Moran,Preston North End,Irlanda,23,"CM, CAM",Right,177,22,66,,62,59,66,68,54,60,65,57,47,67,51,68,61,59,63,69,59,64,65,72,69,63,56,65,57,60,61,65,63,68,62,65,52,50,55,15,7,15,15,14,11,Championship
J. Thompson,Preston North End,Irlanda del Norte,15,"CM, CDM",Left,175,29,62,Irlanda del Norte,58,56,62,63,51,61,58,54,47,68,49,66,58,54,62,59,61,56,66,64,63,62,48,61,61,58,63,53,58,61,56,63,48,55,50,14,13,10,15,11,7,Championship
T. Small,Preston North End,Inglaterra,11,"LB, LM, RM",Left,177,22,71,,75,59,66,69,70,71,70,55,67,66,56,69,66,61,70,69,74,76,69,69,75,68,64,79,69,60,68,70,59,62,59,66,73,69,67,15,15,10,11,12,10,Championship
A. McCann,Preston North End,Irlanda del Norte,8,"CM, CAM, CDM",Left,176,26,66,,62,60,67,71,58,63,58,57,63,75,58,76,63,58,69,66,59,65,72,69,69,65,55,71,59,61,67,51,63,65,59,68,60,61,56,6,8,13,10,7,13,Championship
A. Devine,Preston North End,Inglaterra,7,"CM, CAM, LM",Left,179,22,72,,75,64,73,69,62,71,70,61,59,74,63,69,69,63,75,67,79,72,72,71,72,67,64,78,69,69,68,64,62,74,59,71,61,64,59,12,11,13,13,9,10,Championship
H. Clarke,Preston North End,Inglaterra,4,"RM, RB, CAM",Right,180,25,69,,72,64,67,70,51,63,62,64,60,69,62,73,65,67,67,66,78,68,72,64,74,65,61,73,60,65,59,53,68,69,64,71,49,50,48,7,15,7,8,7,10,Championship
P. Valentín,Preston North End,España,2,"RM, RB, RW",Left,181,29,61,,69,55,58,59,42,56,64,55,51,58,50,58,57,51,55,58,65,72,63,59,64,55,52,69,53,56,50,51,55,58,54,54,39,37,40,14,7,9,14,15,6,Championship
T. Carroll,Preston North End,Inglaterra,5,RW,Right,175,19,58,,66,59,57,62,27,49,61,62,46,60,54,64,59,45,49,60,67,66,64,57,62,56,51,55,49,58,42,32,61,57,54,51,23,25,19,13,14,9,14,8,14,Championship
K. Kamara,Preston North End,Inglaterra,13,CM,Right,178,20,56,,58,52,59,58,51,51,56,45,45,61,43,57,55,51,59,63,57,58,55,53,53,57,50,60,45,64,54,50,52,60,52,54,49,56,46,11,14,11,6,12,7,Championship
O. Offiah,Preston North End,Inglaterra,24,"CB, RM, RB",Right,181,23,72,,66,52,60,61,72,74,59,48,74,67,48,55,54,52,65,64,64,67,58,73,62,66,70,66,80,49,68,72,48,47,53,74,71,70,77,10,7,13,11,10,13,Championship
L. Gibson,Preston North End,Inglaterra,19,"CB, CDM",Right,185,26,69,,64,49,58,60,72,72,51,45,69,66,42,58,54,46,61,62,63,65,54,69,58,62,78,69,72,48,72,72,42,51,50,62,74,74,68,15,14,11,13,9,7,Championship
A. Hughes,Preston North End,Gales,16,"CB, LB",Left,183,34,66,,52,44,54,54,71,71,54,36,69,56,38,52,47,46,54,53,50,54,54,68,59,60,70,69,74,46,66,73,42,52,45,62,68,74,70,9,15,13,14,7,12,Championship
J. Storey,Preston North End,Inglaterra,14,CB,Right,188,29,71,,67,52,56,62,72,78,51,47,71,60,46,55,52,44,64,66,68,67,63,69,63,65,75,72,82,52,77,75,46,53,50,71,69,73,73,7,6,12,8,11,13,Championship
C. Wiley,Preston North End,Estados Unidos,12,LB,Left,180,21,75,,79,62,72,72,76,76,79,59,65,71,59,68,66,58,74,74,79,79,75,75,78,70,75,81,76,64,72,79,60,68,59,73,75,77,76,12,10,8,13,6,12,Championship
L. Lindsay,Preston North End,Escocia,6,CB,Right,193,30,69,,63,52,56,59,74,73,50,46,76,63,44,54,49,49,66,62,66,60,59,67,60,65,70,64,78,55,71,76,44,46,52,66,75,73,72,8,13,13,7,8,7,Championship
A. Vukčević,Preston North End,Montenegro,3,"LB, LM, LW",Right,180,29,62,,66,47,58,61,61,62,56,42,57,66,45,61,52,44,57,60,63,69,65,59,68,55,60,66,60,51,60,63,52,53,49,57,59,63,59,11,14,6,6,6,11,Championship
K. Pasiek,Preston North End,Polonia,18,LB,Left,173,20,61,,69,47,58,57,60,61,61,46,50,61,40,54,49,44,57,58,73,65,63,55,63,52,61,63,59,48,62,59,46,54,46,59,60,64,63,9,7,7,6,6,13,Championship
L. Nicholls,Preston North End,Inglaterra,21,GK,Right,191,34,69,,40,29,37,37,29,54,20,23,22,43,19,24,20,28,45,42,38,41,50,62,47,51,58,48,59,25,46,41,22,43,29,53,24,29,25,66,65,62,71,73,49,Championship
D. Iversen,Preston North End,Dinamarca,1,GK,Right,191,29,69,,43,28,35,37,27,52,21,20,25,40,25,24,21,26,37,40,44,42,46,69,49,48,57,48,57,27,45,37,21,46,28,52,22,27,23,72,68,63,76,69,47,Championship
E. Adebayo,Bristol City,Inglaterra,45,"ST, CF",Right,193,28,67,,67,69,54,63,37,70,49,72,71,56,67,60,62,52,50,66,70,64,63,69,58,69,66,64,78,62,58,34,65,57,70,68,28,40,26,7,15,6,7,14,9,Championship
D. Ballard,Bristol City,Inglaterra,23,"ST, CAM",Right,175,21,60,,60,58,49,61,30,57,46,60,57,55,60,63,52,50,42,60,57,63,63,63,55,58,59,59,57,54,56,22,64,47,53,60,30,31,16,11,9,13,12,12,14,Championship
S. Greenwood,Bristol City,Inglaterra,20,"LW, CAM, LM",Left,180,24,70,,77,67,68,72,39,64,69,65,60,69,70,74,72,65,55,72,75,78,69,69,74,69,58,77,61,68,56,35,74,74,67,71,35,37,40,15,9,15,12,6,10,Championship
J. Wallace,Bristol City,Inglaterra,17,"RW, RM",Right,178,32,67,,74,63,65,71,36,58,69,63,50,64,60,69,63,57,60,75,75,74,70,67,66,64,59,65,59,63,46,40,68,69,63,72,31,37,29,12,6,11,7,14,13,Championship
S. Bell,Bristol City,Inglaterra,11,"LW, ST, CAM",Right,178,24,66,,71,66,62,70,36,59,63,67,58,61,60,69,68,62,60,70,70,72,78,71,71,64,51,65,59,68,52,35,65,65,67,60,32,36,28,6,12,12,8,15,6,Championship
L. Tolaj,Bristol City,Suiza,9,"ST, CF",Right,179,24,67,,71,70,57,67,32,65,53,74,68,63,66,66,55,54,51,68,68,74,69,67,66,68,69,59,67,63,66,29,77,57,71,69,30,25,29,7,9,10,11,9,10,Championship
Y. Hirakawa,Bristol City,Japón,7,"RW, LW, CAM",Right,171,25,69,,75,67,66,73,38,59,66,68,57,70,65,72,64,60,58,72,73,76,78,73,75,70,65,70,56,64,53,32,71,65,63,67,36,38,36,11,11,7,10,6,13,Championship
G. Yah,Bristol City,Países Bajos,27,"CDM, CM",Right,178,23,66,,57,58,63,63,66,69,59,56,61,65,50,62,57,55,71,64,55,58,61,66,62,65,67,70,68,59,72,68,55,63,59,62,65,68,67,6,9,14,11,7,12,Championship
T. Horvat,Bristol City,Eslovenia,14,"CAM, CDM, RW",Right,175,27,68,Eslovenia,71,67,66,72,42,61,62,67,51,65,62,70,77,67,67,76,70,71,76,70,67,64,59,64,60,70,59,44,69,70,70,68,44,36,36,12,14,9,10,9,6,Championship
J. Knight,Bristol City,Irlanda,12,"CDM, CM, RB",Right,179,25,72,Irlanda,62,61,66,69,73,72,58,59,69,69,55,66,65,63,69,72,58,66,62,71,69,70,70,71,70,58,77,71,67,69,59,76,76,75,69,8,13,11,13,9,11,Championship
S. Twine,Bristol City,Inglaterra,10,"CAM, LW, CM",Right,174,27,79,,82,78,79,84,49,72,75,74,64,85,73,84,81,77,75,86,84,80,82,77,82,79,67,79,70,86,71,57,82,77,74,80,47,43,45,14,7,10,8,7,8,Championship
J. Williams,Bristol City,Inglaterra,8,CDM,Left,185,29,62,,52,52,61,57,63,65,51,44,60,68,40,57,56,49,66,57,56,48,51,64,59,64,68,73,62,58,60,66,55,59,51,60,60,65,63,8,9,10,10,8,15,Championship
A. Randell,Bristol City,Inglaterra,4,"CDM, CM",Left,175,26,72,,68,65,70,71,72,75,65,59,64,74,58,68,66,66,68,73,67,69,72,75,70,71,70,79,73,73,75,78,68,69,65,75,69,73,70,8,10,13,11,12,15,Championship
B. De Keersmaecker,Bristol City,Bélgica,6,"CDM, CAM",Right,182,26,69,,66,57,66,67,70,72,57,51,69,73,47,66,58,61,68,69,67,65,62,71,66,62,72,75,69,64,74,72,60,62,61,67,72,69,68,8,11,6,9,13,6,Championship
N. Eile,Bristol City,Suecia,38,CB,Right,195,24,71,,63,49,62,61,76,78,56,45,82,70,45,57,55,48,64,63,63,63,57,71,57,60,79,71,82,50,76,79,41,56,51,72,73,78,71,14,8,7,7,6,10,Championship
E. Morrison,Bristol City,Inglaterra,31,LB,Left,180,20,58,,63,43,52,54,54,57,60,38,52,56,42,53,46,43,50,52,64,63,57,63,64,57,60,57,57,42,58,54,42,43,44,54,54,53,60,15,13,14,15,14,10,Championship
S. Naylor,Bristol City,Inglaterra,24,LB,Left,173,21,60,,66,46,56,55,58,57,61,42,49,58,46,49,52,50,55,57,67,65,66,60,63,52,57,62,54,50,59,56,46,51,45,57,55,61,68,10,10,14,9,9,12,Championship
R. Cardines,Bristol City,Trinidad y Tobago,21,"RB, LB, RM",Right,175,20,60,Trinidad y Tobago,69,44,56,55,56,59,62,37,53,56,40,54,49,53,57,52,68,70,65,56,67,58,52,61,57,44,61,54,54,53,44,47,55,59,62,6,13,10,10,14,14,Championship
G. Tanner,Bristol City,Inglaterra,19,"CB, RB",Right,181,26,68,,62,48,56,59,72,67,51,43,68,63,41,57,52,52,61,60,60,63,57,67,59,63,75,63,70,46,64,66,42,49,45,71,74,73,74,15,8,11,7,13,10,Championship
R. Dickie,Bristol City,Inglaterra,16,CB,Right,191,30,70,,65,50,59,59,75,73,59,42,75,65,47,60,54,43,62,56,64,66,57,63,60,68,71,66,78,54,72,71,42,53,53,68,74,80,74,8,9,6,11,11,7,Championship
L. McNally,Bristol City,Irlanda,15,"CB, RB",Right,193,27,68,,63,48,56,57,73,72,52,42,75,63,43,50,45,52,65,65,64,63,55,66,50,69,73,60,77,45,72,72,37,45,51,61,72,73,79,15,13,12,9,14,15,Championship
R. Atkinson,Bristol City,Inglaterra,5,CB,Right,193,28,68,,62,51,58,56,70,71,56,48,80,66,44,54,48,44,62,57,59,64,53,62,52,68,72,62,78,47,64,66,43,50,48,63,71,70,69,7,13,12,14,10,6,Championship
C. Pring,Bristol City,Inglaterra,3,"LB, CB",Left,185,28,66,,70,50,61,61,64,68,65,46,60,64,47,60,62,51,64,59,67,72,65,66,70,55,66,71,69,55,61,68,53,53,49,62,61,66,66,12,7,6,6,13,10,Championship
L. Naif Eissat,Bristol City,Rumanía,2,"CB, LB",Right,187,21,66,,63,47,55,56,69,69,53,45,72,61,43,51,44,47,58,59,64,63,52,70,59,61,64,61,75,43,66,71,38,48,47,63,68,68,67,11,11,9,6,14,14,Championship
B. Collins,Bristol City,Inglaterra,40,GK,Right,182,29,65,,37,22,36,32,22,46,20,14,25,41,11,22,20,24,41,33,36,38,39,60,46,43,50,38,53,24,35,28,16,48,27,44,22,18,19,70,68,59,65,70,43,Championship
L. Thomas,Bristol City,Gales,32,GK,Left,185,29,59,,35,15,29,23,16,40,14,10,18,37,12,10,17,14,31,27,36,35,33,47,36,33,39,33,45,10,38,27,11,35,19,34,12,11,16,64,60,52,64,63,37,Championship
S. Tickle,Bristol City,Inglaterra,1,GK,Left,194,24,67,,43,23,35,32,22,48,21,16,25,39,23,20,25,22,37,37,43,43,39,63,49,44,59,41,54,16,39,29,17,47,32,41,20,19,19,65,66,66,61,68,48,Championship
A. Musaba,Norwich City,República Democrática del Congo,49,"LW, RW, RM",Right,182,25,73,República Democrática del Congo,81,72,69,76,42,65,74,73,60,69,80,79,70,66,64,75,81,81,74,73,74,68,63,71,62,71,66,43,76,66,70,70,41,37,38,13,11,11,12,6,12,Championship
E. Mundle-Smith,Norwich City,Inglaterra,46,"LW, ST",Left,187,20,54,,66,53,54,57,22,46,56,53,44,56,55,58,55,48,48,58,70,62,62,53,50,54,50,50,45,50,40,25,63,52,51,50,22,17,14,12,13,14,8,15,6,Championship
G. Forsyth,Norwich City,Escocia,41,RW,Right,183,20,60,,70,60,56,63,30,52,61,62,53,52,56,62,58,53,52,66,71,70,66,57,60,60,53,55,53,58,43,29,58,61,52,60,29,28,23,9,11,14,12,12,15,Championship
M. Kvistgaarden,Norwich City,Dinamarca,30,"ST, CAM",Left,174,24,74,Dinamarca,78,75,65,74,41,71,59,78,71,69,72,67,72,63,61,80,80,77,79,75,74,73,72,71,73,72,68,40,81,65,71,75,38,37,33,10,12,14,7,8,10,Championship
O. Schwartau,Norwich City,Dinamarca,29,"LW, CAM, RW",Left,186,20,69,,81,66,63,72,39,64,70,67,62,63,66,76,69,65,57,71,82,80,71,68,71,70,64,69,64,62,57,39,71,59,61,58,39,33,32,11,10,9,14,14,14,Championship
J. Makama,Norwich City,Inglaterra,24,"RW, ST",Right,184,22,68,,75,67,66,72,37,57,63,69,60,69,62,72,70,64,66,74,76,75,75,65,67,63,58,65,53,66,55,32,72,65,66,63,35,34,35,6,10,11,11,10,15,Championship
M. Touré,Norwich City,Australia,21,ST,Right,186,22,70,,74,66,60,67,40,70,59,69,73,64,65,66,58,55,55,69,72,75,65,73,69,65,76,69,76,61,57,36,69,58,66,66,37,37,28,7,6,13,6,11,14,Championship
A. Ahmed,Norwich City,Canadá,21,"LW, LM",Right,180,25,72,,84,70,69,77,40,66,72,67,62,71,66,76,70,59,61,80,87,82,77,79,76,72,62,80,63,74,55,36,74,73,66,72,37,38,36,9,14,12,7,11,10,Championship
P. Diallo,Norwich City,Senegal,19,RW,Right,182,22,71,,79,68,69,73,40,63,71,69,54,72,66,80,65,58,62,67,77,80,68,74,69,68,62,71,62,68,58,44,72,71,62,70,35,39,32,6,9,14,6,6,14,Championship
A. Crnac,Norwich City,Croacia,17,RW,Right,189,22,70,,77,65,67,72,37,67,73,62,61,64,65,70,71,60,64,78,77,77,68,67,68,70,61,68,71,64,59,37,65,68,69,72,35,32,36,11,10,15,9,7,13,Championship
A. Brooks,Norwich City,Jamaica,11,"RW, RM, CAM",Right,180,23,74,,81,74,72,76,42,66,73,73,63,73,69,76,71,70,67,75,83,79,83,72,75,75,64,76,63,75,61,46,80,73,74,76,33,43,39,15,15,13,15,8,10,Championship
S. Field,Norwich City,Inglaterra,26,"CDM, LB",Right,191,28,69,,64,62,67,64,68,74,63,59,73,73,58,62,60,57,70,68,61,66,61,65,56,70,69,71,76,64,75,72,64,62,52,69,64,67,73,15,9,10,14,14,7,Championship
E. Maghoma,Norwich City,República Democrática del Congo,25,"CAM, RW",Right,184,25,66,República Democrática del Congo,73,68,66,69,39,64,61,69,52,69,61,71,68,64,68,69,75,71,65,64,62,67,59,69,65,69,54,41,65,66,64,70,35,39,36,8,14,12,13,9,13,Championship
K. McLean,Norwich City,Escocia,23,"CDM, CM, LB",Right,183,34,69,Escocia,53,60,65,64,68,71,57,58,61,70,50,63,58,61,66,66,55,52,61,69,57,68,64,71,71,61,74,72,62,68,53,70,69,68,68,11,13,15,14,11,8,Championship
M. Topić,Norwich City,Serbia,22,CDM,Right,190,25,70,,61,61,68,64,68,74,58,60,64,73,54,62,63,60,74,67,60,62,61,70,62,64,67,74,75,64,72,65,65,68,58,71,71,68,71,15,15,14,8,6,10,Championship
A. Ben Slimane,Norwich City,Túnez,20,CAM,Left,188,25,68,Túnez,65,67,69,74,44,63,67,67,56,69,62,79,71,64,70,75,66,64,66,68,66,63,59,65,64,70,58,47,70,71,65,65,41,44,33,13,8,7,12,6,13,Championship
J. Wright,Norwich City,Inglaterra,16,"CDM, CAM",Right,178,21,70,,62,58,68,66,70,73,58,53,65,74,49,62,60,63,72,69,64,61,63,70,67,68,68,74,73,60,74,69,62,66,63,70,70,74,70,12,6,6,12,11,10,Championship
P. Mattsson,Norwich City,Dinamarca,7,"CDM, CM",Left,181,25,72,,69,61,68,64,75,78,57,56,70,72,58,61,64,61,74,65,70,69,63,71,68,66,68,78,80,67,78,75,63,69,60,78,76,77,71,13,14,11,11,12,13,Championship
K. Fisher,Norwich City,Inglaterra,35,"RB, LB, RM",Left,182,22,68,,72,56,64,68,66,67,66,54,60,64,53,66,58,56,70,71,71,73,70,58,67,66,65,70,68,54,61,68,57,59,54,65,65,64,73,14,9,9,6,11,10,Championship
J. Córdoba,Norwich City,Panamá,33,CB,Right,187,25,72,,70,51,60,61,75,77,57,48,76,68,45,58,54,52,63,62,73,68,56,73,64,61,76,74,79,51,74,76,47,50,57,70,72,76,77,13,10,8,14,12,8,Championship
Bruno Alves,Norwich City,Brasil,28,"CB, CDM",Right,180,21,61,,55,42,49,49,61,61,40,38,62,58,33,44,47,40,50,51,54,56,50,59,57,58,66,58,62,42,59,58,30,45,37,55,61,61,65,10,12,11,8,10,6,Championship
R. McConville,Norwich City,Irlanda del Norte,15,CB,Left,193,21,72,Irlanda del Norte,65,53,61,60,76,74,52,46,78,70,45,58,51,52,65,60,62,68,56,71,63,69,82,67,76,57,78,76,51,55,47,74,75,78,71,6,15,8,8,12,9,Championship
B. Chrisene,Norwich City,Inglaterra,14,LB,Left,183,22,68,,76,52,62,66,67,68,66,50,63,62,55,67,56,54,64,66,77,75,70,62,65,56,67,68,67,49,70,66,62,62,51,64,67,68,72,7,9,6,15,10,9,Championship
D. Yongwa,Norwich City,Camerún,13,"CB, LB, LM",Right,177,26,72,Camerún,66,51,57,58,76,72,55,46,72,63,50,54,49,51,61,59,64,67,59,67,62,65,75,67,73,49,75,81,50,48,47,73,71,78,76,11,15,14,9,10,15,Championship
L. Mahovo,Norwich City,Inglaterra,12,LB,Left,176,21,60,,63,46,58,60,58,59,63,43,48,61,43,59,56,46,56,59,64,63,64,56,68,51,57,64,58,48,57,60,49,51,46,54,56,61,58,12,7,13,8,11,14,Championship
H. Darling,Norwich City,Inglaterra,6,CB,Right,180,27,69,,61,48,57,60,70,71,54,42,68,66,40,55,47,47,60,63,60,62,60,68,69,66,68,69,71,49,76,72,42,49,49,62,69,69,70,14,14,11,7,10,7,Championship
J. Stacey,Norwich City,Inglaterra,3,RB,Left,180,30,68,,70,57,64,62,66,67,73,55,57,64,47,64,59,53,64,59,69,70,66,58,67,65,62,69,66,58,67,71,56,60,58,62,65,67,67,14,6,11,12,15,14,Championship
D. Grimshaw,Norwich City,Inglaterra,32,GK,Right,185,28,63,,40,19,32,28,21,50,20,13,24,36,16,20,14,19,38,25,39,40,39,57,45,43,54,41,58,11,38,30,10,39,24,41,16,21,13,68,60,60,64,66,40,Championship
V. Kovačević,Norwich City,Bosnia-Herzegovina,1,GK,Left,193,28,69,,47,27,38,35,27,53,26,20,30,44,24,22,27,29,37,39,46,47,45,65,48,46,55,44,59,25,48,32,20,45,30,54,26,24,22,70,68,66,72,73,46,Championship
M. Ducksch,Birmingham City,Alemania,33,"ST, CAM",Right,186,32,71,,69,72,63,68,39,70,64,75,75,67,68,64,63,55,58,70,69,69,69,72,62,73,78,69,72,63,63,37,79,62,65,76,34,34,33,13,9,14,15,13,10,Championship
L. Vázquez,Birmingham City,Argentina,32,"ST, CF",Right,190,25,68,,69,67,56,69,34,71,56,68,73,55,65,71,63,59,57,71,68,70,62,62,62,70,70,70,77,61,57,35,71,56,73,68,29,29,27,8,13,8,14,12,12,Championship
L. Millar,Birmingham City,Canadá,17,"LW, LM, CAM",Left,181,27,69,Canadá,72,68,67,71,35,66,66,68,60,69,64,74,74,62,61,68,73,72,73,72,71,66,58,76,65,67,58,36,75,67,67,71,34,28,36,13,8,11,12,6,15,Championship
P. Roberts,Birmingham City,Inglaterra,16,"RW, ST",Right,167,29,72,,81,73,71,78,41,64,72,73,54,76,70,78,77,61,62,77,85,78,85,76,79,76,63,73,61,72,63,44,71,67,62,71,39,38,37,6,8,10,12,11,8,Championship
D. Gray,Birmingham City,Jamaica,10,"LW, RW",Left,180,30,70,,76,68,69,74,42,65,72,66,60,71,65,77,71,67,66,71,77,76,76,70,70,72,59,74,65,67,57,43,72,63,73,70,41,38,33,6,15,12,11,6,6,Championship
A. Priske,Birmingham City,Dinamarca,9,"ST, LW",Right,187,22,70,,70,73,61,68,36,71,61,75,70,66,74,69,62,61,53,69,68,72,65,68,62,71,71,70,74,70,64,33,70,60,73,70,34,31,25,11,14,7,14,9,9,Championship
C. Vicente,Birmingham City,España,7,"RW, RM",Right,179,27,74,,84,75,71,76,42,68,73,77,59,72,74,77,71,68,67,77,85,83,76,72,76,75,62,75,68,72,63,44,74,73,74,67,39,38,37,8,8,14,9,6,11,Championship
J. Stansfield,Birmingham City,Inglaterra,28,"CAM, ST, LW",Right,187,23,78,,80,79,82,82,52,72,74,80,73,85,75,84,84,72,77,84,83,77,77,80,78,75,74,77,71,81,66,55,80,93,78,78,50,46,46,14,8,7,8,11,7,Championship
T. Gardner-Hickman,Birmingham City,Inglaterra,19,"CDM, RB",Right,188,24,69,,61,58,66,65,69,70,63,52,67,70,50,67,60,62,65,64,61,61,61,71,61,68,67,68,70,61,71,70,61,66,64,70,73,66,67,13,11,11,13,10,13,Championship
M. Bird,Birmingham City,Inglaterra,18,"CDM, LW, CAM",Left,183,26,67,,60,59,65,62,68,69,59,54,62,70,53,61,55,52,68,63,61,60,57,68,64,67,64,67,72,62,66,67,58,66,59,70,72,67,69,10,14,10,11,13,11,Championship
J. Solís,Birmingham City,Colombia,14,"CDM, CM",Right,186,22,70,Colombia,64,62,69,64,73,73,62,60,75,76,48,58,65,56,71,68,65,63,60,73,66,66,72,73,76,64,68,75,63,68,59,72,69,73,75,7,13,6,6,13,15,Championship
M. Leonard,Birmingham City,Escocia,12,"CDM, CM",Right,180,24,69,,64,61,63,62,69,73,55,56,63,68,56,60,62,53,66,64,64,64,61,66,63,67,67,75,72,68,73,72,61,63,59,68,66,73,67,14,13,8,15,12,11,Championship
S. Paik,Birmingham City,Corea del Sur,8,"CDM, CAM, CM",Right,180,29,68,Corea del Sur,60,58,64,64,69,72,60,54,63,67,52,61,58,58,68,67,60,60,60,67,64,66,69,70,76,61,66,70,57,61,60,66,68,72,66,7,15,8,15,15,15,Championship
B. Osayi-Samuel,Birmingham City,Nigeria,26,RB,Left,175,28,69,Nigeria,75,51,62,63,63,68,67,44,57,65,57,59,61,53,63,63,74,75,68,69,71,61,63,77,66,53,65,58,58,56,58,62,63,66,71,11,15,6,13,11,15,Championship
K. Lund Hansen,Birmingham City,Estados Unidos,25,LB,Left,184,24,72,,74,59,68,69,71,70,71,57,65,72,56,68,64,56,70,70,75,73,74,68,69,64,68,76,66,61,71,72,58,58,52,69,71,73,69,15,9,14,12,6,7,Championship
T. Iwata,Birmingham City,Japón,24,"RB, CDM, CM",Left,176,29,69,,72,55,65,67,63,67,71,52,54,71,46,66,63,53,61,65,72,72,72,69,73,61,65,70,64,57,72,61,62,55,56,63,62,67,67,11,8,6,14,13,10,Championship
D. Fry,Birmingham City,Inglaterra,23,"CB, CDM",Left,181,29,71,,64,50,59,63,74,69,55,43,70,65,45,59,52,54,60,65,65,64,62,73,68,69,71,68,68,48,72,71,49,54,47,73,79,71,77,13,10,7,6,12,6,Championship
A. Cochrane,Birmingham City,Inglaterra,20,LB,Left,175,26,67,,71,51,60,65,63,64,63,45,60,61,55,60,55,53,57,70,73,70,65,64,72,58,61,74,59,53,63,63,59,63,50,61,60,65,72,8,6,11,11,8,8,Championship
P. Neumann,Birmingham City,Alemania,5,"CB, RB",Right,190,29,70,,64,49,58,59,76,76,54,43,76,62,45,56,50,50,60,59,68,60,61,72,58,66,78,66,82,49,71,75,42,55,48,69,75,79,68,7,14,15,10,8,14,Championship
C. Klarer,Birmingham City,Austria,4,CB,Right,191,26,73,,67,54,63,66,76,80,64,48,76,70,43,63,50,49,64,70,67,67,59,72,62,69,74,74,84,56,78,74,53,54,58,65,75,79,72,6,12,13,7,6,14,Championship
L. Buchanan,Birmingham City,Inglaterra,3,"LB, RB",Left,175,25,65,,70,52,60,62,65,60,70,49,58,59,49,60,52,51,59,61,69,70,67,70,71,60,60,69,55,53,62,64,49,55,50,60,66,68,66,13,11,14,6,6,6,Championship
E. Laird,Birmingham City,Inglaterra,2,LB,Left,177,25,69,,78,53,62,67,65,64,66,48,61,67,48,65,57,53,62,70,79,78,71,65,69,66,62,71,60,51,68,63,55,52,59,60,61,68,73,6,11,6,10,8,9,Championship
B. Mayo,Birmingham City,Inglaterra,30,GK,Right,197,22,62,,38,20,31,30,20,46,17,11,23,40,12,17,19,20,34,35,34,41,33,61,40,43,52,35,54,20,39,27,14,34,20,42,20,17,17,67,63,57,65,61,38,Championship
R. Allsop,Birmingham City,Inglaterra,21,GK,Right,186,34,69,,42,26,36,34,26,56,15,18,33,43,23,24,25,25,41,35,43,42,42,68,49,50,58,48,63,20,49,26,20,46,26,52,26,27,18,72,66,60,68,74,50,Championship
J. Beadle,Birmingham City,Inglaterra,1,GK,Left,198,22,74,,49,36,43,41,32,55,32,32,35,47,26,31,25,29,45,43,48,50,49,69,56,53,66,47,60,33,48,41,23,52,31,57,36,24,28,78,74,74,76,79,53,Championship
F. Draper,Lincoln City,Inglaterra,34,"ST, CAM",Right,178,22,63,,66,65,53,65,30,61,54,69,65,56,65,72,52,50,45,60,63,68,59,68,61,63,62,54,65,56,58,23,71,53,59,64,30,27,21,12,6,7,10,10,9,Championship
E. Wheatley,Lincoln City,Inglaterra,29,"ST, CAM",Left,187,20,57,,56,58,44,55,21,55,44,60,56,44,56,50,45,47,41,59,57,55,56,59,54,58,61,50,59,51,50,19,66,46,52,55,17,14,23,15,10,8,11,7,15,Championship
T. Olaofe,Lincoln City,Inglaterra,19,"ST, CAM, RW",Right,181,26,64,,69,66,54,63,28,67,50,70,58,60,66,64,56,55,46,62,68,69,62,64,66,61,61,61,69,62,69,27,66,54,63,68,25,24,25,14,8,9,9,12,11,Championship
B. House,Lincoln City,Inglaterra,18,"LW, CAM, LM",Left,183,27,65,,73,63,62,70,36,59,62,67,60,66,64,67,64,55,57,75,74,73,73,64,65,63,57,61,62,53,51,35,67,62,60,66,34,33,29,11,11,11,13,12,15,Championship
R. Street,Lincoln City,Inglaterra,17,"ST, LW, RW",Right,186,25,67,,73,68,59,69,35,67,59,70,70,62,64,70,58,60,50,69,72,73,63,75,59,65,71,66,69,65,63,30,74,62,68,68,29,37,25,7,14,14,15,6,7,Championship
M. Ladefoged,Lincoln City,Dinamarca,11,ST,Right,201,23,63,,64,66,52,60,30,67,52,69,66,55,63,63,59,57,48,58,63,64,56,57,47,69,64,56,77,54,56,27,72,48,66,66,28,24,22,6,8,15,11,7,14,Championship
M. Melia,Lincoln City,Irlanda,10,"ST, CAM",Right,189,19,64,,70,64,54,63,32,67,53,66,69,54,59,68,51,63,53,61,69,70,57,62,58,67,65,65,73,56,56,31,68,54,63,63,27,26,26,8,8,14,12,12,10,Championship
R. Hackett,Lincoln City,Saint Lucia,7,"RW, CAM, RM",Right,191,28,61,,66,61,61,62,32,56,69,61,56,62,57,65,62,56,52,60,68,65,61,63,59,62,59,63,55,62,51,29,64,57,55,58,32,26,29,12,14,10,11,10,10,Championship
D. Oyegoke,Lincoln City,Inglaterra,33,"RM, RB",Right,178,23,67,,68,63,66,67,49,62,75,64,57,64,61,66,61,59,67,68,68,68,71,64,73,63,60,71,58,63,59,52,63,65,61,63,46,47,47,10,11,6,8,9,13,Championship
C. Ogbene,Lincoln City,Irlanda,27,"CAM, RB, RM",Left,181,29,71,Irlanda,72,71,71,72,46,66,68,70,58,73,70,73,74,67,70,70,75,69,69,75,74,70,63,74,63,74,62,46,72,71,63,73,47,42,38,11,12,11,14,15,15,Championship
Y. Emre Konak,Lincoln City,Turkiye,26,"CDM, CM",Right,181,20,67,,61,58,63,62,69,70,56,54,65,68,49,61,64,54,66,65,62,61,63,65,59,66,70,71,67,63,74,68,62,63,54,57,69,72,68,15,10,6,12,10,14,Championship
I. Varfolomeev,Lincoln City,Ucrania,24,"CDM, CM",Right,180,22,65,Ucrania,56,54,64,62,66,72,50,49,61,73,52,61,50,52,70,63,53,59,58,70,60,65,63,73,72,53,73,70,60,66,56,70,65,66,61,11,9,15,14,10,11,Championship
J. Honohan,Lincoln City,Irlanda,23,"LM, LB",Left,178,25,60,,64,56,59,62,39,55,65,58,46,57,52,62,63,51,57,64,65,63,56,61,65,52,50,59,52,59,61,40,55,58,57,60,38,35,41,8,10,12,13,11,9,Championship
C. Elder,Lincoln City,Australia,20,"LB, LM, CB",Left,180,31,69,,70,56,64,64,68,68,69,52,59,66,53,62,62,52,62,63,70,70,68,68,70,63,63,70,69,56,65,70,60,60,53,65,69,70,69,14,8,7,7,13,12,Championship
D. Jefferies,Lincoln City,Gales,16,"LW, RM, RB",Right,179,24,66,,73,64,65,69,35,59,67,66,55,69,60,73,67,60,56,65,72,73,72,66,67,61,56,65,59,65,52,37,67,62,57,63,34,29,31,12,6,7,10,13,6,Championship
C. McGrandles,Lincoln City,Escocia,14,"CDM, CM",Left,183,31,65,,55,56,62,60,67,69,57,48,65,68,48,57,56,57,59,64,52,57,60,66,56,66,64,67,74,64,62,69,57,61,57,62,65,68,65,7,7,15,9,7,9,Championship
T. Bayliss,Lincoln City,Inglaterra,8,"CDM, CM",Right,183,27,63,,57,53,61,59,63,68,52,48,65,66,44,58,54,52,63,59,59,56,55,65,60,64,63,68,69,53,67,63,54,63,55,61,61,63,64,7,9,14,10,15,15,Championship
D. Elerewe,Lincoln City,Inglaterra,25,"CB, RB",Right,189,23,62,,56,42,51,49,63,66,45,38,69,62,35,45,45,46,51,50,56,56,46,58,58,52,69,57,70,46,66,63,36,40,41,57,60,64,65,15,6,11,7,10,7,Championship
T. Hamer,Lincoln City,Inglaterra,22,CB,Right,188,27,67,,66,47,54,55,68,72,47,41,72,61,40,50,49,55,59,61,63,68,50,60,50,63,67,65,79,47,66,67,39,45,48,67,64,73,65,14,13,7,11,9,8,Championship
S. Bradley,Lincoln City,Inglaterra,15,"CB, RB",Right,183,35,65,,55,45,53,56,68,65,50,39,69,62,41,54,45,49,56,56,47,61,55,67,54,61,70,58,67,44,69,67,41,43,41,65,64,72,68,10,11,7,8,6,15,Championship
R. Towler,Lincoln City,Inglaterra,6,"CB, LB",Left,187,24,66,,60,45,55,58,71,67,52,39,68,64,42,56,48,45,60,59,56,64,51,68,57,59,69,61,69,45,71,67,38,42,51,63,74,70,78,12,11,6,6,10,9,Championship
A. Jackson,Lincoln City,Inglaterra,5,CB,Left,188,32,64,,53,46,52,55,67,65,58,40,67,56,42,53,43,40,59,56,53,53,57,61,54,61,73,60,67,45,66,65,41,41,44,61,66,69,66,15,12,11,14,9,6,Championship
A. Coubiș,Lincoln City,Rumanía,4,"CB, RB",Right,189,23,65,Rumanía,59,44,56,52,67,70,51,37,67,63,40,48,46,49,60,52,61,58,53,62,56,61,69,65,73,45,69,62,36,48,41,60,73,65,66,11,14,7,12,15,6,Championship
A. Reach,Lincoln City,Inglaterra,3,"LB, LM",Left,185,33,66,,66,51,64,63,65,66,73,47,63,65,47,63,59,58,60,63,63,69,61,69,62,58,66,72,64,53,66,70,54,59,53,67,64,62,65,14,11,6,12,6,14,Championship
T. Darikwa,Lincoln City,Zimbabue,2,RB,Right,188,34,69,,66,53,67,64,68,70,66,50,65,75,53,60,65,58,64,68,64,68,66,65,70,62,65,75,69,51,67,67,58,59,53,67,69,68,67,7,14,13,10,14,14,Championship
J. Gauci,Lincoln City,Australia,46,GK,Right,194,26,67,,44,23,36,37,24,52,19,10,23,43,20,28,26,22,39,39,45,43,41,61,45,51,50,46,61,25,40,36,24,43,24,48,17,24,24,69,66,59,69,73,42,Championship
J. Pardington,Lincoln City,Inglaterra,21,GK,Right,195,26,64,,38,21,32,29,22,48,21,12,24,42,10,17,16,16,32,31,42,35,40,59,42,49,50,40,57,18,37,28,11,36,27,37,17,23,20,64,60,62,65,65,42,Championship
G. Wickens,Lincoln City,Inglaterra,1,GK,Right,198,24,66,,36,22,36,31,22,48,24,12,29,43,16,18,23,22,39,35,37,36,39,62,40,42,55,43,54,25,38,30,18,38,25,45,19,18,17,65,66,64,66,71,46,Championship
M. Kounfolo Yeo,Swansea City,Malí,49,"LW, RW, CM",Right,173,22,70,,76,67,67,75,39,63,68,65,58,65,70,77,71,64,63,75,76,76,76,74,72,70,61,65,63,68,62,37,70,73,67,64,37,38,30,14,11,7,10,12,7,Championship
Ronald Pereira,Swansea City,Brasil,35,"RW, RM",Right,177,25,69,,77,71,67,73,40,61,67,72,56,66,70,74,70,66,63,71,78,76,74,71,74,71,61,67,62,71,53,40,71,69,62,71,41,34,35,6,12,12,7,15,14,Championship
A. Idah,Swansea City,Irlanda,33,"ST, CAM",Left,190,25,74,Irlanda,73,75,64,69,40,77,64,75,84,66,75,69,66,67,58,68,76,70,67,74,68,79,75,68,84,68,71,40,77,63,79,75,31,36,38,14,7,10,6,7,13,Championship
R. Stewart,Swansea City,Escocia,31,ST,Right,188,30,68,,71,71,56,66,36,69,58,71,79,53,67,65,57,60,53,69,69,72,64,66,58,72,69,66,71,69,66,32,73,60,72,72,32,33,26,12,6,12,7,11,14,Championship
J. Opoku,Swansea City,Ghana,30,"LW, RW, ST",Left,178,21,72,Ghana,82,69,67,73,42,65,71,69,55,66,68,72,72,65,68,75,83,81,72,77,74,70,66,68,65,66,61,39,74,65,67,68,44,38,37,15,10,12,14,15,10,Championship
J. Eom,Swansea City,Corea del Sur,10,"LW, LM, RW",Left,174,24,69,,78,69,65,71,37,61,68,72,54,66,66,69,69,63,58,74,79,78,68,72,70,63,56,67,62,68,54,41,72,64,64,66,33,35,34,6,6,9,6,9,9,Championship
Ž. Vipotnik,Swansea City,Eslovenia,9,"ST, LW",Right,185,24,76,Eslovenia,78,75,65,73,43,76,62,81,82,66,75,69,67,69,61,75,77,79,75,75,74,77,79,72,80,62,72,43,80,67,68,81,40,35,34,8,6,12,9,14,14,Championship
J. Monga,Swansea City,Inglaterra,11,"LW, RW",Right,179,17,72,,81,69,69,74,41,67,71,68,56,71,70,73,72,69,64,76,79,83,79,69,72,72,65,74,67,69,60,44,76,67,66,68,35,41,41,10,12,10,10,9,13,Championship
S. Eustaquio,Swansea City,Canadá,46,"CM, CDM",Right,178,29,72,Canadá,63,64,72,76,67,70,73,60,64,69,60,73,71,70,73,81,66,61,72,71,70,63,66,74,70,73,68,73,71,74,70,77,64,69,64,12,9,15,11,11,12,Championship
B. Lloyd,Swansea City,Gales,36,"CAM, RW, CM",Left,175,21,61,,65,59,60,66,38,51,60,55,39,62,54,63,62,57,55,68,62,68,68,61,67,60,47,58,49,68,46,42,63,62,60,68,35,40,28,11,11,9,7,8,6,Championship
Gonçalo Franco,Swansea City,Portugal,17,"CAM, CDM, CM",Right,176,25,69,,72,67,72,74,43,61,70,66,52,74,65,73,72,70,68,77,73,72,69,71,76,72,61,69,60,68,53,49,64,74,66,71,43,37,36,13,9,11,6,15,8,Championship
T. Iorpenda,Swansea City,Inglaterra,16,"CAM, CDM",Right,175,21,61,,65,59,59,64,34,53,58,54,43,59,58,66,67,57,58,64,66,65,63,61,61,61,52,61,52,67,48,29,62,60,61,65,35,32,35,7,11,13,9,9,11,Championship
E. Just,Swansea City,Nueva Zelanda,8,"CAM, LW, CM",Right,174,26,69,Nueva Zelanda,68,67,70,76,38,62,65,67,50,72,63,78,69,60,69,76,69,68,75,65,77,67,58,67,61,69,57,38,69,73,69,69,38,34,35,13,11,15,9,12,8,Championship
M. Widell,Swansea City,Suecia,7,"CAM, LW, CM",Right,181,24,62,,68,62,63,66,35,55,58,60,49,67,62,67,64,63,57,69,67,68,59,57,67,64,50,62,54,63,50,36,66,66,56,56,39,28,30,12,15,10,10,9,12,Championship
M. Stamenić,Swansea City,Nueva Zelanda,6,"CDM, CM",Right,188,24,72,Nueva Zelanda,64,63,71,68,73,79,64,58,73,76,54,66,57,62,75,71,61,66,63,71,64,75,69,81,79,62,78,73,65,74,62,72,72,75,74,10,9,8,9,12,6,Championship
J. Fulton,Swansea City,Escocia,4,"CDM, CM",Right,178,33,69,,60,61,69,65,72,72,63,57,63,73,53,61,62,61,67,68,64,57,62,70,67,68,64,70,74,63,69,69,54,71,68,68,77,73,68,9,8,6,8,11,14,Championship
C. Heywood,Swansea City,Gales,50,CB,Right,188,17,58,,52,35,44,47,64,61,45,30,62,47,34,42,40,38,53,49,54,51,51,56,45,50,58,54,63,32,67,62,27,35,38,52,64,66,64,7,12,8,8,13,7,Championship
F. Lissah,Swansea City,Chequia,26,"RB, CB, LB",Right,182,21,56,,58,40,50,51,54,56,56,36,50,52,36,49,40,42,53,53,55,61,55,53,52,44,58,57,54,47,59,53,38,44,40,49,52,55,60,9,14,15,9,9,12,Championship
S. Welsh,Swansea City,Escocia,23,"CB, CDM",Left,190,26,69,Escocia,65,50,58,59,73,72,55,46,65,67,45,54,44,52,60,64,65,65,57,64,59,63,75,67,74,51,74,72,41,51,48,63,74,77,71,9,12,13,11,10,8,Championship
Tiago Parente,Swansea City,Portugal,20,"CB, LM",Right,180,20,61,,54,41,51,50,64,64,45,35,66,62,37,46,40,43,50,51,51,57,55,58,53,51,61,60,67,48,64,61,36,45,45,57,64,66,60,12,11,6,14,9,9,Championship
C. Burgess,Swansea City,Australia,15,CB,Right,194,30,65,,60,44,53,56,71,69,50,38,73,63,34,53,46,42,58,60,63,58,49,64,56,62,65,65,69,45,75,71,37,40,47,67,66,74,71,7,14,15,10,11,15,Championship
J. Tymon,Swansea City,Inglaterra,14,"LB, LM",Left,178,27,75,,76,67,69,72,73,71,74,67,65,72,60,72,66,59,66,71,77,76,75,70,74,70,72,77,69,67,69,79,62,63,59,71,73,72,75,9,10,6,10,15,13,Championship
B. Cabango,Swansea City,Gales,5,CB,Left,188,26,75,Gales,71,55,61,62,78,76,60,48,78,63,49,60,56,58,66,62,70,72,60,72,66,74,78,69,79,55,77,77,50,59,57,77,82,75,75,13,10,7,12,10,6,Championship
J. Seelt,Swansea City,Países Bajos,3,CB,Right,195,23,75,,70,57,65,63,78,82,64,52,83,71,50,59,59,56,68,65,71,69,60,72,66,72,81,70,87,56,87,79,51,55,51,75,76,78,79,11,9,7,14,6,8,Championship
J. Key,Swansea City,Inglaterra,2,"RB, LB",Right,178,26,64,,67,49,57,61,61,65,70,44,57,59,44,60,53,53,54,59,68,66,64,62,64,61,60,72,64,48,61,64,53,47,46,65,62,59,65,10,7,13,7,13,12,Championship
P. Farman,Swansea City,Inglaterra,29,GK,Right,196,36,68,,39,27,40,35,24,50,23,24,27,47,15,26,24,25,41,35,36,41,47,64,49,49,50,42,56,17,44,27,14,51,25,46,24,22,26,67,64,61,64,79,49,Championship
L. Vigouroux,Swansea City,Chile,22,GK,Left,194,32,67,Chile,40,25,35,33,23,50,20,18,29,41,11,23,25,24,40,33,41,39,42,67,45,48,51,43,58,23,41,31,20,40,29,51,20,22,16,68,69,58,68,71,39,Championship
A. Fisher,Swansea City,Inglaterra,1,GK,Right,189,28,64,,41,24,35,30,21,48,20,19,26,43,16,19,24,19,36,31,43,40,46,59,41,39,53,40,55,21,39,24,17,40,26,44,23,16,17,62,61,59,63,64,39,Championship
C. Robinson,Cardiff City,Irlanda,47,"ST, CAM",Right,178,31,65,,64,68,56,63,31,62,56,73,67,58,66,63,56,53,50,62,65,64,65,62,66,67,66,58,64,61,61,24,69,57,64,72,28,27,27,12,10,10,8,13,6,Championship
C. Ashford,Cardiff City,Gales,45,"RW, LW, CAM",Right,179,22,67,Gales,73,69,64,70,36,59,66,75,56,63,65,67,65,65,63,75,68,77,75,64,60,70,56,69,56,58,54,30,63,62,63,60,35,34,35,15,10,6,13,12,14,Championship
I. Davies,Cardiff City,Gales,39,"LW, RW",Left,175,25,65,,69,62,63,66,35,55,65,64,54,65,57,66,60,62,56,66,70,68,72,57,70,62,52,64,54,56,49,32,67,64,60,57,34,33,31,7,7,12,9,8,13,Championship
C. Willock,Cardiff City,Inglaterra,16,"LW, ST",Left,178,28,65,,69,62,61,65,32,61,62,64,48,64,61,66,62,61,53,64,71,67,71,63,64,61,53,63,65,59,52,31,70,60,60,64,29,29,32,15,12,11,12,14,15,Championship
O. Tanner,Cardiff City,Inglaterra,11,"RW, LW",Right,177,24,67,,76,67,64,69,38,62,59,69,51,67,58,74,66,62,58,65,77,75,71,64,67,66,53,70,63,66,54,42,71,67,66,62,40,32,32,11,12,11,8,9,6,Championship
Y. Salech,Cardiff City,Dinamarca,9,"ST, LW",Right,195,24,72,,72,72,61,71,40,77,61,74,81,66,78,71,66,56,58,74,75,69,67,74,62,70,79,68,84,67,71,37,74,56,71,72,38,34,30,13,10,11,13,12,15,Championship
R. Tankiewicz,Cardiff City,Gales,33,CDM,Right,188,17,60,,54,53,56,56,59,61,50,53,62,60,47,55,44,51,57,59,54,54,53,54,52,58,60,62,62,52,59,65,51,57,50,58,55,58,61,10,14,10,9,15,10,Championship
D. Mafico,Cardiff City,Gales,28,"CM, CDM, LM",Right,171,19,60,,60,52,59,60,54,57,55,48,49,63,46,60,60,49,61,61,61,60,64,49,64,55,49,59,57,58,55,53,55,56,60,58,50,61,49,12,7,13,9,11,12,Championship
J. Colwill,Cardiff City,Gales,27,"CAM, CDM, CM",Right,177,21,64,Gales,63,60,63,66,35,56,57,56,49,64,57,66,60,61,65,65,70,57,66,66,68,65,57,64,54,62,50,42,66,67,60,64,33,29,30,13,7,12,15,10,6,Championship
A. Robertson,Cardiff City,Australia,18,CDM,Right,182,23,67,,63,61,66,60,70,71,62,60,66,71,48,53,53,57,65,65,60,66,60,64,62,65,65,73,72,63,66,73,62,66,56,69,66,72,69,11,9,13,13,12,15,Championship
D. Turnbull,Cardiff City,Escocia,14,"CDM, CAM",Left,177,27,64,,56,54,61,61,65,64,54,52,56,65,44,52,57,48,67,71,55,57,60,61,60,61,59,68,62,56,67,67,52,59,49,66,68,64,68,6,9,7,9,7,12,Championship
R. Colwill,Cardiff City,Gales,10,CAM,Right,189,24,70,,71,70,71,74,42,62,68,67,56,73,65,73,67,68,68,77,75,67,68,71,68,71,60,66,61,76,61,43,68,75,71,73,38,41,39,14,8,8,12,10,14,Championship
J. Moylan,Cardiff City,Irlanda,8,"CAM, LW, LM",Right,186,25,66,Irlanda,70,65,67,70,41,60,60,63,58,67,62,77,71,66,66,62,72,69,70,69,67,66,57,62,59,67,61,46,70,73,66,64,36,41,27,15,6,7,12,13,11,Championship
D. Lawlor,Cardiff City,Gales,48,CB,Right,188,20,64,,65,41,53,54,68,67,50,34,71,61,39,49,42,48,54,57,61,69,54,59,55,58,69,58,71,41,70,70,40,43,42,63,67,67,62,11,11,6,7,11,8,Championship
R. Kpakio,Cardiff City,Gales,44,"RB, LB",Left,178,19,64,,73,52,61,60,63,62,67,48,59,65,50,58,59,52,62,62,69,76,67,54,66,59,64,64,61,56,61,68,51,52,45,55,63,60,62,9,10,7,8,14,12,Championship
N. Anyadike,Cardiff City,Gales,40,CB,Right,184,15,61,,59,41,47,50,64,66,45,35,69,52,35,44,38,45,55,55,53,64,49,59,47,58,65,62,70,38,63,60,37,38,43,57,63,68,57,14,11,9,13,12,7,Championship
P. Ng,Cardiff City,Singapur,38,"RB, CB",Right,180,30,69,,77,53,64,68,65,68,69,47,54,66,55,67,61,52,64,70,76,77,68,67,71,64,66,73,66,55,65,65,52,61,52,65,66,69,65,7,10,6,10,8,6,Championship
C. Scanlon,Cardiff City,Inglaterra,23,"LB, LM",Left,171,21,61,,65,48,56,57,60,57,59,41,52,64,41,57,53,47,54,54,66,64,60,58,64,64,59,66,51,49,62,60,46,46,50,56,61,62,57,11,6,8,13,9,10,Championship
C. Chambers,Cardiff City,Inglaterra,12,"CB, RB",Left,182,31,67,,59,49,54,55,72,69,48,45,72,63,44,55,44,47,60,52,58,60,56,60,55,63,73,60,74,47,69,71,41,46,46,69,70,76,65,15,15,8,7,7,15,Championship
K. Bielik,Cardiff City,Polonia,5,"CB, CM",Right,189,28,65,,62,45,55,53,70,69,53,39,69,63,41,50,46,45,57,54,60,64,52,64,47,63,74,66,73,45,62,66,41,48,41,59,69,74,68,13,15,6,13,14,10,Championship
G. Osho,Cardiff City,Nigeria,4,CB,Right,185,28,66,,62,46,53,58,66,66,48,38,67,64,39,53,46,41,50,61,60,64,60,69,55,68,68,65,67,45,66,65,41,45,50,57,61,70,70,9,12,11,9,13,8,Championship
J. Bagan,Cardiff City,Irlanda,3,"LB, CB",Left,193,25,67,Irlanda,75,56,63,63,61,67,67,58,73,65,51,63,62,53,66,64,75,75,63,64,65,53,67,69,65,55,71,62,60,54,50,62,57,59,67,9,13,15,13,11,10,Championship
W. Fish,Cardiff City,Inglaterra,2,"CB, RB",Right,185,23,63,,60,46,51,54,66,65,48,41,66,59,39,49,46,39,59,57,58,61,49,69,53,62,72,58,67,45,65,65,37,39,46,67,65,71,59,8,8,10,6,12,14,Championship
M. Turner,Cardiff City,Gales,41,GK,Right,194,24,63,,37,22,32,29,22,45,15,17,26,37,15,17,14,18,40,32,36,37,38,54,48,45,49,37,52,17,38,33,12,44,22,47,19,18,20,61,62,59,63,69,41,Championship
H. Tyrer,Cardiff City,Inglaterra,30,GK,Right,194,24,63,,39,19,32,31,21,49,16,10,25,35,10,19,23,19,37,35,36,42,40,64,41,43,47,42,56,19,39,29,10,42,19,41,20,15,20,64,63,56,60,62,42,Championship
N. Trott,Cardiff City,Bermuda,1,GK,Right,188,27,69,,45,27,40,35,28,51,23,23,26,50,20,18,22,26,41,43,42,47,45,65,49,44,60,45,59,21,36,38,21,48,27,49,24,27,20,75,68,64,71,72,45,Championship
D. Mubama,Southampton,Inglaterra,28,ST,Right,183,21,68,,70,72,59,65,34,67,63,77,71,58,66,63,62,58,51,69,69,70,64,66,62,68,71,64,71,66,61,28,69,60,67,66,32,32,23,14,11,10,7,10,10,Championship
K. Matsuki,Southampton,Japón,27,"RW, CAM, CDM",Left,178,23,68,Japón,75,62,66,68,37,59,67,60,60,68,64,67,73,63,60,69,81,70,68,66,75,60,61,66,58,64,50,36,71,63,61,70,37,33,28,12,10,7,11,12,9,Championship
S. Edozie,Southampton,Inglaterra,23,"LW, LM",Left,179,23,68,,75,66,65,73,38,61,71,68,60,60,66,75,68,63,59,72,72,78,73,68,72,63,60,66,62,66,53,39,70,71,58,64,34,35,35,14,7,12,8,9,7,Championship
T. Fellows,Southampton,Inglaterra,18,"RW, RB, RM",Left,181,23,75,,77,75,74,78,45,68,75,77,64,77,77,78,76,72,65,81,76,78,76,72,76,73,69,70,68,73,63,46,75,73,73,73,45,40,37,14,15,12,11,15,9,Championship
L. Dobbin,Southampton,Inglaterra,11,"ST, CAM, LW",Right,175,23,71,,66,72,63,70,40,70,60,74,72,66,74,68,62,61,60,68,65,67,77,75,71,71,72,67,73,67,64,35,71,63,72,82,41,33,32,8,13,6,13,13,10,Championship
C. Larin,Southampton,Canadá,9,"ST, CAM",Right,187,31,70,Canadá,71,71,61,69,36,70,57,78,74,64,71,70,59,54,56,70,68,73,64,73,59,69,68,65,75,58,66,34,76,64,66,70,29,33,28,13,14,8,11,9,9,Championship
Léo Scienza,Southampton,Brasil,7,"LW, CAM, LM",Left,175,28,68,,72,67,64,73,39,60,71,67,56,63,66,73,70,58,61,72,71,72,77,66,76,67,63,73,54,70,58,40,64,61,68,69,36,36,34,12,14,12,7,15,9,Championship
J. Ward-Prowse,Southampton,Inglaterra,30,"CDM, CM",Right,177,31,72,,60,61,68,70,73,74,56,56,66,73,55,66,67,61,72,73,66,55,75,71,66,66,63,76,70,66,82,72,66,71,61,75,78,74,67,6,7,13,11,10,14,Championship
R. Akachukwu,Southampton,Irlanda,29,"CM, CAM, LW",Right,172,20,52,,50,45,54,52,43,51,49,42,39,58,43,49,50,48,57,54,52,48,57,54,54,50,45,53,50,47,53,44,47,54,47,49,41,44,44,12,7,6,11,12,11,Championship
C. Bragg,Southampton,Inglaterra,26,"CDM, CM",Left,183,21,64,,56,52,60,60,63,67,48,46,56,67,49,56,57,52,71,64,54,57,57,66,58,65,62,66,66,52,70,67,53,52,57,62,62,63,65,14,12,14,7,7,13,Championship
C. Jander,Southampton,Alemania,20,"CDM, CM, CAM",Right,176,23,77,,73,69,73,75,77,80,68,65,71,74,64,76,66,65,84,74,68,77,71,79,77,76,74,85,77,73,85,77,71,71,66,81,77,78,78,12,6,9,13,7,15,Championship
F. Azaz,Southampton,Irlanda,10,"CAM, RW, LW",Left,185,26,80,Irlanda,84,75,82,81,52,74,77,75,68,84,80,83,77,83,78,81,82,85,79,73,82,77,76,76,77,74,61,56,75,86,73,77,50,50,44,7,9,10,11,11,10,Championship
F. Downes,Southampton,Inglaterra,4,"CDM, CM",Left,172,27,76,,70,68,73,72,77,77,68,67,75,76,55,69,69,60,79,74,69,71,67,74,78,74,71,82,74,66,79,83,70,73,63,79,76,77,74,9,14,10,7,12,15,Championship
M. Roerslev,Southampton,Dinamarca,2,RM,Left,184,27,69,,76,61,69,69,50,65,68,57,63,72,62,70,66,62,66,66,75,76,72,77,70,65,60,70,65,63,59,50,63,68,66,71,51,48,42,11,13,12,7,11,10,Championship
J. Kayi Sanda,Southampton,Francia,39,CB,Right,186,19,63,,62,45,51,52,67,65,51,37,64,53,36,49,46,45,56,54,60,64,47,58,51,63,65,61,67,48,65,67,37,47,45,58,70,65,65,10,15,11,9,11,13,Championship
Welington,Southampton,Brasil,34,"LB, LM",Left,177,25,70,,77,56,65,67,70,70,75,57,61,65,48,64,64,62,67,69,75,78,71,71,71,62,64,75,66,51,73,68,53,56,56,68,70,75,73,6,7,8,11,7,7,Championship
N. Wood,Southampton,Inglaterra,15,"CB, CDM",Right,188,24,77,,74,57,67,65,82,80,63,55,78,75,52,59,61,55,73,70,71,76,65,71,69,69,83,78,82,54,79,80,53,58,55,71,84,82,79,7,11,8,13,9,15,Championship
J. Bree,Southampton,Inglaterra,14,"RB, RW",Right,182,28,70,,73,54,64,70,68,71,69,51,64,63,55,71,61,64,64,68,72,73,72,68,70,61,68,73,70,56,72,68,55,59,53,67,69,70,65,13,6,6,6,12,10,Championship
K. Schlotterbeck,Southampton,Alemania,13,CB,Left,189,29,68,,64,46,56,57,71,72,51,40,69,63,46,54,50,49,56,59,62,66,51,69,56,61,74,68,74,49,70,67,37,50,44,63,73,73,65,12,14,12,11,7,6,Championship
Z. Abbott,Southampton,Inglaterra,6,"RB, CB, CDM",Right,188,20,69,,74,55,65,67,69,72,72,49,62,66,46,68,62,56,67,67,72,76,67,62,64,68,75,72,73,58,70,66,57,60,57,61,72,72,66,9,6,13,9,11,15,Championship
J. Stephens,Southampton,Inglaterra,5,"CB, CDM",Right,185,32,70,,65,51,56,61,73,74,52,45,67,66,42,56,48,50,58,66,62,67,58,69,57,68,66,67,75,52,81,72,41,45,44,68,77,71,76,8,12,10,8,8,15,Championship
R. Manning,Southampton,Irlanda,3,"LB, LM",Right,172,30,69,Irlanda,73,54,63,63,67,63,69,50,61,62,52,61,55,53,66,62,76,70,72,63,70,65,67,68,60,50,62,58,58,62,53,67,71,71,68,13,15,12,7,7,9,Championship
G. Long,Southampton,Inglaterra,25,GK,Right,193,32,67,,38,23,34,31,24,50,22,14,35,41,24,14,22,22,35,38,37,38,41,65,48,49,53,41,57,20,45,28,17,41,25,48,19,22,23,71,67,63,67,70,44,Championship
D. Peretz,Southampton,Israel,1,GK,Right,187,26,73,Israel,48,32,42,37,30,57,27,24,35,49,27,28,29,30,47,36,47,49,47,71,55,51,62,49,64,32,48,38,24,47,38,53,28,26,24,76,77,64,75,76,55,Championship
A. Ramsdale,Southampton,Inglaterra,12,GK,Right,188,28,75,,48,34,44,42,32,57,30,25,32,50,22,31,33,28,45,46,46,50,50,69,57,54,68,45,65,36,47,45,27,52,39,51,25,35,22,74,77,68,72,82,53,Championship
L. Scarlett,Queens Park Rangers,Gales,33,"ST, CF",Right,173,17,59,,60,61,47,58,26,56,43,63,59,51,59,56,51,44,41,60,57,63,59,56,60,62,59,58,57,56,50,22,57,48,60,55,24,21,26,15,14,13,13,9,12,Championship
R. Kolli,Queens Park Rangers,Argelia,26,ST,Left,180,21,66,,69,68,56,65,32,66,53,67,61,60,66,60,59,55,49,68,68,70,70,67,63,69,64,65,70,68,58,27,77,59,65,68,26,31,30,12,12,8,6,13,8,Championship
J. Obikwu,Queens Park Rangers,Trinidad y Tobago,25,"ST, LW",Right,194,22,58,,57,61,49,54,26,59,46,65,56,54,57,56,48,44,45,51,55,58,49,63,53,63,67,49,64,53,56,20,59,50,62,64,26,21,22,14,13,6,9,9,15,Championship
R. Kone,Queens Park Rangers,Costa de Marfil,22,"ST, CAM",Left,185,23,74,,72,77,64,73,42,74,62,79,77,66,77,71,66,71,61,76,70,73,71,76,68,80,72,72,77,71,69,42,77,60,76,74,41,36,33,11,12,13,13,11,11,Championship
K. Poku,Queens Park Rangers,Ghana,17,"RW, RM, LM",Left,179,25,63,,72,61,58,66,32,56,64,63,50,57,62,72,64,55,51,59,70,74,65,64,66,57,54,63,52,59,58,33,66,56,59,64,30,29,28,10,11,13,13,12,7,Championship
R. Burrell,Queens Park Rangers,Jamaica,16,"ST, CF",Right,184,25,71,,74,70,61,72,36,70,61,74,72,62,71,73,62,62,57,73,70,77,72,68,71,70,64,70,71,62,68,35,74,60,71,70,35,29,28,6,6,9,6,15,13,Championship
A. Lloyd,Queens Park Rangers,Inglaterra,15,"ST, CF",Left,180,23,60,,63,62,50,58,27,59,47,66,58,55,63,56,52,42,45,59,62,64,59,61,59,58,59,55,64,56,51,25,68,47,60,62,26,21,21,15,9,11,11,15,13,Championship
K. Dembélé,Queens Park Rangers,Inglaterra,7,"RW, RM",Right,160,23,66,,74,65,60,68,35,54,70,71,43,59,64,68,59,64,59,64,76,73,78,66,78,56,50,67,50,62,50,33,68,52,57,62,35,36,25,12,11,8,9,8,13,Championship
J. Varane,Queens Park Rangers,Martinique,40,"CM, CDM",Right,175,25,71,,70,65,73,72,64,69,67,59,62,77,61,72,71,64,71,72,66,74,70,70,75,66,65,79,67,75,63,63,71,76,64,73,65,66,58,10,8,9,12,10,15,Championship
N. Madsen,Queens Park Rangers,Dinamarca,24,"CM, CDM",Right,190,26,73,,72,66,74,74,65,74,67,59,65,78,62,78,71,71,74,74,74,71,67,72,63,78,67,79,74,70,70,64,74,75,63,69,64,66,69,14,6,6,11,14,13,Championship
I. Alemayehu Mulugeta,Queens Park Rangers,Suecia,23,"CM, CAM",Right,177,19,59,,56,55,61,57,52,57,58,56,47,64,51,59,52,56,63,56,60,53,52,56,59,53,55,63,55,57,53,58,55,61,56,59,50,52,50,12,13,9,10,15,13,Championship
H. Vale,Queens Park Rangers,Irlanda,20,"RM, CAM, ST",Left,181,23,69,,74,68,67,68,49,62,71,71,56,66,63,67,67,68,64,67,71,76,75,68,65,67,65,68,60,64,60,46,65,65,66,62,48,51,48,8,9,9,11,15,6,Championship
G. Kamara,Queens Park Rangers,Finlandia,18,"CM, CDM",Right,181,30,68,Finlandia,68,63,69,69,58,65,63,62,56,73,51,72,64,64,70,68,72,65,62,67,65,69,63,72,64,63,61,59,65,71,62,68,58,60,57,7,11,6,12,9,11,Championship
K. Saito,Queens Park Rangers,Japón,14,"LM, RW, LW",Left,170,25,68,,71,66,67,69,48,60,68,68,50,70,61,74,67,61,61,63,71,71,73,63,73,67,60,68,56,61,59,49,67,66,60,67,48,48,44,11,8,11,9,9,13,Championship
P. Smyth,Queens Park Rangers,Irlanda del Norte,11,"LM, LW, RM",Left,175,29,64,Irlanda del Norte,67,60,62,69,45,60,65,57,50,67,59,72,58,59,55,68,69,65,71,59,66,63,59,66,60,64,52,45,67,59,56,66,45,43,43,6,9,14,15,8,12,Championship
I. Chair,Queens Park Rangers,Marruecos,10,"LW, LM, CAM",Left,164,28,69,,76,73,66,69,39,58,71,76,54,62,64,70,63,61,62,67,79,74,74,68,72,73,54,71,51,70,58,40,73,71,66,71,37,34,40,6,6,7,13,15,7,Championship
T. Lamptey,Queens Park Rangers,Ghana,48,LB,Left,170,26,71,,74,56,67,72,70,66,69,53,64,72,57,70,63,59,64,72,76,72,74,73,78,62,62,75,61,56,69,65,60,60,56,67,71,74,68,10,12,7,9,9,8,Championship
Esquerdinha,Queens Park Rangers,Brasil,28,"LB, LM",Left,183,20,65,,71,49,60,59,63,63,70,46,61,62,40,60,58,51,60,57,71,71,63,61,67,57,67,67,60,48,65,61,51,51,48,56,68,61,62,7,12,14,14,14,10,Championship
A. Salif Mbengue,Queens Park Rangers,Senegal,27,"RB, CB",Left,180,24,70,,73,59,66,67,68,69,67,54,59,69,53,67,61,54,70,64,76,71,78,68,74,68,70,75,66,63,70,71,57,60,55,64,64,72,71,15,14,15,10,8,12,Championship
D. Cirkin,Queens Park Rangers,Letonia,19,"LB, CB",Right,182,24,75,,76,59,70,73,70,73,71,54,67,76,55,74,69,60,62,70,77,76,78,68,76,67,78,77,70,62,74,72,59,66,59,69,69,69,72,15,10,14,9,12,7,Championship
B. Kemper,Queens Park Rangers,Países Bajos,12,"LB, RB",Left,183,27,66,,71,54,61,63,64,66,69,52,61,65,51,66,57,54,56,58,72,70,69,67,63,62,65,69,64,50,67,64,56,52,56,63,63,63,68,7,9,7,15,11,11,Championship
J. Clarke-Salter,Queens Park Rangers,Inglaterra,6,"CB, CDM",Right,188,29,63,,58,42,48,52,67,65,48,35,62,51,37,45,46,47,50,59,56,60,53,59,51,62,66,56,69,41,67,71,39,43,45,60,64,70,63,9,10,13,15,13,11,Championship
R. Edwards,Queens Park Rangers,Inglaterra,5,"CB, RB, CM",Right,180,23,72,,66,52,59,64,76,72,52,45,77,70,48,62,49,45,64,66,67,66,58,70,60,67,70,70,73,54,75,75,48,50,50,68,79,77,70,11,12,11,7,12,14,Championship
L. Morrison,Queens Park Rangers,Escocia,4,CB,Right,183,23,66,,58,48,54,54,68,72,50,44,67,62,38,51,45,42,61,55,61,56,53,61,55,58,69,67,74,51,73,69,42,46,47,66,64,72,70,10,14,8,10,12,13,Championship
J. Dunne,Queens Park Rangers,Irlanda,3,"CB, RB",Right,191,28,66,Irlanda,64,45,54,55,70,70,47,38,71,63,39,51,45,42,56,58,65,64,57,65,54,64,67,62,75,46,70,71,40,49,45,61,71,69,66,8,6,9,13,15,9,Championship
K. Adamson,Queens Park Rangers,Australia,2,"RB, RM",Right,185,23,61,Australia,68,47,56,59,59,62,64,47,50,58,46,58,52,49,56,60,67,69,58,61,62,54,61,63,61,42,61,62,46,45,45,61,61,59,57,10,6,6,12,15,9,Championship
C. Ward,Queens Park Rangers,Inglaterra,13,GK,Right,188,25,65,,39,21,34,29,22,45,13,12,26,44,18,15,28,22,35,31,42,37,43,59,44,43,52,41,50,21,38,28,11,40,21,52,21,21,14,69,65,57,68,68,45,Championship
P. Charles,Queens Park Rangers,Irlanda del Norte,1,GK,Right,186,21,64,Irlanda del Norte,42,21,31,30,23,50,16,15,29,36,15,19,21,18,34,32,39,44,43,61,45,42,50,43,57,18,39,32,11,42,22,41,20,19,23,67,63,59,59,65,40,Championship
Y. Issoufou,Millwall,Francia,35,"LW, ST",Left,177,19,62,,65,58,60,64,32,52,62,58,51,66,58,61,59,57,51,66,66,64,73,55,64,59,53,62,48,56,47,35,66,57,59,58,30,29,22,11,11,15,8,11,10,Championship
Z. Lovelace,Millwall,Inglaterra,29,ST,Right,183,20,62,,68,65,52,63,30,62,50,68,61,55,64,64,53,53,47,65,68,68,60,59,59,67,66,56,68,58,53,31,65,53,61,58,26,24,22,15,11,8,13,7,12,Championship
B. Baker-Boaitey,Millwall,Inglaterra,26,"RW, ST",Right,182,22,60,,64,56,60,58,31,53,58,55,48,62,53,57,60,59,51,57,66,63,62,57,57,55,52,59,53,60,44,31,61,63,59,59,32,25,27,15,11,13,15,12,12,Championship
K. Lisbie,Millwall,Inglaterra,22,"LW, RW",Right,171,22,62,,70,61,60,63,28,57,69,62,44,63,62,60,57,55,53,64,68,71,72,64,71,64,54,67,55,57,52,28,66,55,57,62,25,25,26,14,9,7,10,10,7,Championship
J. Coburn,Millwall,Inglaterra,19,ST,Right,193,23,72,,76,75,63,70,36,73,58,79,78,67,75,65,65,61,59,76,74,78,67,74,64,74,78,71,76,68,65,31,73,64,72,75,33,30,30,15,8,14,8,6,12,Championship
L. Dykes,Millwall,Escocia,13,"ST, CAM",Right,188,30,65,,67,68,58,63,31,67,52,72,71,66,65,64,57,57,49,60,64,69,63,66,64,69,67,58,74,58,60,29,69,59,67,70,24,29,23,14,14,14,12,10,9,Championship
R. Esse,Millwall,Inglaterra,11,"RW, LW",Right,178,21,74,,86,72,72,74,43,65,74,71,66,76,73,69,74,67,66,77,86,86,82,80,74,73,61,72,63,75,62,49,74,67,70,71,40,37,34,9,13,9,10,14,9,Championship
M. Ivanović,Millwall,Serbia,9,ST,Right,187,21,72,,74,73,59,71,40,75,58,76,79,61,73,70,65,64,55,73,73,75,71,75,65,69,76,72,80,69,64,35,72,58,73,68,39,32,33,10,8,10,7,7,11,Championship
T. Arconte,Millwall,Guadeloupe,7,"ST, CAM, RW",Right,181,22,67,,69,69,58,65,33,66,53,74,71,64,68,63,59,54,55,66,70,68,60,75,69,68,72,60,70,62,64,32,67,53,67,73,30,26,25,12,15,11,10,6,9,Championship
S. Tsugita Vieira,Millwall,Japón,51,CM,Right,181,18,62,,61,60,62,61,55,58,58,59,51,65,50,62,59,59,61,61,62,61,62,58,56,58,56,67,55,66,55,57,60,63,58,61,54,57,54,14,8,11,14,11,6,Championship
D. Mazou-Sacko,Millwall,Francia,49,CDM,Right,186,22,64,,60,55,62,59,67,69,58,50,70,66,47,58,50,51,67,61,59,61,54,67,56,69,62,69,70,56,69,69,54,60,54,63,67,66,65,12,14,7,6,14,11,Championship
L. Cundle,Millwall,Inglaterra,25,CAM,Right,178,24,65,,61,67,64,69,38,60,59,69,46,67,64,70,69,59,61,69,63,59,69,60,68,69,52,65,60,61,56,42,62,66,66,62,36,37,36,7,12,7,12,12,8,Championship
C. de Norre,Millwall,Bélgica,24,"CDM, CM",Right,175,29,67,,58,55,64,66,69,70,56,53,65,69,48,66,54,59,69,70,58,58,61,65,60,61,61,71,69,56,72,72,59,62,56,65,66,72,66,11,8,12,15,6,6,Championship
M. Sykes,Millwall,Irlanda,17,"RB, RW, RM",Right,182,29,69,,71,54,63,70,66,72,68,51,63,63,48,65,65,53,63,76,74,69,75,67,68,61,61,75,72,56,72,65,55,59,52,69,66,66,70,13,11,11,9,8,8,Championship
D. Kelly,Millwall,Escocia,16,"CDM, CM",Right,180,21,63,,61,55,56,61,65,67,50,51,58,58,48,57,52,53,67,65,59,62,62,61,65,62,64,68,66,57,69,67,56,54,56,63,67,64,63,10,8,14,14,11,8,Championship
J. Metcalfe,Millwall,Inglaterra,14,"CDM, CM, CAM",Right,183,22,62,,59,53,59,57,63,67,50,47,56,64,48,53,55,56,59,60,60,58,52,63,64,62,64,66,68,60,67,63,54,61,50,63,66,62,61,10,12,14,13,12,7,Championship
C. Neghli,Millwall,Países Bajos,10,"CAM, LW, CDM",Left,179,24,69,,71,67,71,72,43,61,74,67,55,69,63,71,68,67,67,74,74,69,74,69,73,70,61,68,60,65,56,45,64,76,69,71,39,42,39,6,14,10,9,15,10,Championship
M. Servais,Millwall,Bélgica,8,"LB, CDM, LM",Left,176,21,67,,68,51,64,63,66,69,70,47,55,63,46,62,62,53,65,63,65,71,66,65,68,62,62,75,67,50,66,68,57,63,52,62,66,67,69,11,7,13,10,9,14,Championship
T. Parkes,Millwall,Inglaterra,55,"LB, RB",Right,179,17,58,,64,42,52,55,54,60,56,35,48,55,39,55,49,38,53,53,61,67,56,53,62,50,55,61,59,47,61,54,50,48,45,56,54,54,55,6,11,6,8,10,7,Championship
A. Doughty,Millwall,Inglaterra,45,"LB, CDM",Left,183,26,68,,72,55,62,65,65,68,66,50,59,66,57,62,63,55,61,67,72,72,67,65,69,66,68,66,70,58,68,66,57,54,49,63,65,66,69,11,7,14,14,10,13,Championship
D. Batth,Millwall,Inglaterra,23,"CB, RB",Right,191,36,66,,56,47,57,55,68,71,54,41,71,65,37,52,48,46,57,56,56,56,52,64,53,61,69,64,75,49,71,66,40,50,47,67,67,70,71,13,15,8,7,8,11,Championship
R. Leonard,Millwall,Inglaterra,18,RB,Right,185,34,67,,68,53,63,65,65,68,70,49,58,62,46,66,59,54,64,64,69,67,69,65,69,64,64,70,68,53,65,66,56,60,51,58,66,66,67,14,8,8,15,8,12,Championship
E. Baggott,Millwall,Indonesia,12,"CB, LB",Right,194,23,60,Indonesia,56,40,48,49,65,63,46,36,71,53,35,40,39,38,55,56,52,59,51,58,44,57,62,53,68,35,61,63,32,42,41,64,63,67,66,14,10,8,13,7,7,Championship
C. Taylor,Millwall,Inglaterra,6,CB,Right,188,23,71,,68,54,60,58,74,74,62,48,72,63,45,51,49,54,63,62,73,64,63,66,63,72,75,65,77,53,78,78,42,53,52,72,72,74,73,13,9,13,15,15,9,Championship
J. Cooper,Millwall,Inglaterra,5,"CB, CDM",Right,193,31,68,,61,46,57,58,71,72,52,36,76,66,42,53,44,42,60,61,56,65,55,70,53,64,73,64,74,49,75,68,45,50,48,68,74,69,66,8,6,12,13,12,12,Championship
T. Crama,Millwall,Francia,4,"RB, CB",Right,192,24,71,,79,58,69,68,69,74,71,56,73,72,50,72,64,59,64,65,78,79,69,65,63,67,79,77,74,56,70,72,58,68,59,67,65,68,72,6,6,11,7,6,11,Championship
Z. Sturge,Millwall,Inglaterra,3,LB,Left,188,22,68,,75,55,63,64,65,67,69,52,59,68,50,62,58,51,60,67,73,77,67,69,65,67,64,71,64,51,69,65,55,56,52,54,62,67,73,7,9,9,9,9,6,Championship
J. Osei-Tutu,Millwall,Inglaterra,2,"RB, LW, LM",Right,176,28,62,,66,45,56,62,62,64,60,40,60,60,40,56,55,49,54,68,67,66,60,61,71,51,55,65,64,49,67,64,51,51,52,62,61,61,63,8,6,7,6,9,7,Championship
J. Coleman,Millwall,Inglaterra,43,GK,Right,198,31,65,,41,23,33,33,21,49,15,17,24,40,17,23,17,21,35,34,40,42,38,62,48,43,49,42,56,19,38,28,14,45,28,46,15,21,25,66,64,59,66,66,44,Championship
G. Evans,Millwall,Inglaterra,41,GK,Right,191,21,61,,38,18,28,29,18,45,18,12,23,31,12,15,21,17,31,34,37,39,39,56,40,40,52,36,52,13,36,30,10,36,21,45,17,12,14,64,57,58,62,65,36,Championship
F. Marschall,Millwall,Inglaterra,34,GK,Right,195,23,67,,43,24,35,33,22,49,19,18,22,42,14,20,28,17,38,38,44,42,44,60,45,46,57,38,59,18,38,30,18,45,34,48,22,19,20,68,64,59,70,74,43,Championship
M. Crocombe,Millwall,Nueva Zelanda,15,GK,Left,194,33,67,,36,26,37,35,23,51,22,18,26,43,19,24,23,19,39,37,31,41,43,62,52,50,56,43,58,22,43,30,14,46,34,46,19,22,20,65,64,61,69,66,40,Championship
L. Bornhøft Jensen,Millwall,Dinamarca,1,GK,Right,199,27,63,,34,20,31,28,19,47,16,14,26,38,15,18,19,16,33,28,37,32,38,57,47,46,49,37,57,10,35,25,13,39,24,47,17,15,15,68,63,53,62,66,39,Championship
T. Edozie,Wolverhampton Wanderers,Inglaterra,74,"CAM, ST, LW",Right,177,20,55,,57,55,55,60,28,49,50,56,44,56,53,60,54,49,53,61,56,58,65,56,56,54,46,54,46,54,49,31,59,61,55,53,29,22,25,6,9,10,10,13,13,Championship
N. Fraser,Wolverhampton Wanderers,Inglaterra,63,"ST, LW",Right,188,21,65,,70,67,55,65,30,65,52,71,72,61,69,65,54,55,48,66,65,74,63,64,56,61,65,57,73,64,55,28,69,53,65,64,25,25,25,6,14,8,6,13,8,Championship
T. Chirewa,Wolverhampton Wanderers,Zimbabue,23,LW,Right,181,22,61,Zimbabue,68,57,58,65,32,52,62,56,52,55,58,65,58,57,56,68,70,66,64,56,62,60,55,58,52,56,45,31,62,59,59,61,31,28,27,7,7,13,12,7,14,Championship
Rodrigo Gomes,Wolverhampton Wanderers,Portugal,21,"RW, LW, RB",Right,171,23,77,,86,75,71,79,44,67,81,75,56,65,70,80,75,73,71,78,83,88,81,74,79,77,64,76,64,72,66,50,80,71,73,78,41,40,40,9,8,9,6,11,11,Championship
S. Neave,Wolverhampton Wanderers,Inglaterra,14,"ST, CAM, CM",Right,177,19,61,,66,64,51,60,28,60,49,67,64,54,61,60,55,51,47,62,67,65,60,56,57,61,58,62,60,58,56,21,66,48,65,61,26,23,25,10,7,6,9,10,13,Championship
B. Traoré,Wolverhampton Wanderers,Burkina Faso,11,"RW, RM",Right,181,31,71,,72,74,66,75,37,66,64,76,56,69,65,77,73,61,57,74,72,72,72,71,73,76,66,73,66,72,55,41,72,70,65,72,32,34,38,9,12,6,10,7,12,Championship
A. Armstrong,Wolverhampton Wanderers,Inglaterra,10,"ST, CAM",Left,173,29,73,,75,76,63,74,41,69,59,77,75,72,75,75,66,60,55,74,73,76,73,69,76,80,70,68,69,69,70,32,79,59,74,73,41,38,35,13,7,6,6,7,12,Championship
R. Jiménez,Wolverhampton Wanderers,México,9,ST,Right,188,35,73,,68,74,63,71,41,74,58,76,76,64,73,71,69,61,58,70,72,65,70,80,61,72,78,69,79,73,69,36,75,70,74,82,37,40,32,6,13,12,12,12,6,Championship
R. Saïd,Wolverhampton Wanderers,Comoras,4,"LW, CAM, ST",Right,180,26,72,,78,71,71,76,40,66,71,74,64,73,72,79,70,62,68,73,80,77,81,73,78,67,66,76,65,68,58,40,76,72,68,68,37,35,38,6,15,14,7,13,10,Championship
J. Tchatchoua,Wolverhampton Wanderers,Camerún,38,"RM, RB",Right,186,25,75,Camerún,82,70,74,75,58,72,81,72,68,74,66,78,74,72,66,73,80,84,74,76,72,69,72,77,75,66,60,61,74,74,66,68,53,58,55,12,10,7,15,7,6,Championship
M. Mané,Wolverhampton Wanderers,Inglaterra,36,"CAM, CM, LW",Right,173,19,71,,70,70,72,73,44,62,68,69,55,74,74,71,74,71,71,74,72,69,74,67,77,65,60,66,61,75,60,42,71,74,72,74,47,42,36,7,12,6,6,11,12,Championship
F. López,Wolverhampton Wanderers,España,28,"CAM, CM, RW",Right,171,22,76,España,82,72,78,79,49,66,74,72,57,78,69,79,81,71,77,78,80,83,83,80,77,70,61,73,65,73,63,53,76,82,72,80,48,48,43,10,6,12,15,15,15,Championship
J. Bellegarde,Wolverhampton Wanderers,Haití,27,"CM, CAM, CDM",Right,170,28,76,Haití,73,69,74,76,66,73,73,65,62,77,67,75,71,65,78,77,74,73,75,71,83,73,68,82,68,74,77,69,78,71,66,70,60,70,66,10,11,8,15,8,8,Championship
T. Doyle,Wolverhampton Wanderers,Inglaterra,20,"CDM, CAM",Right,172,24,72,,64,64,70,69,72,71,67,60,64,75,56,69,55,66,72,69,61,66,68,73,68,67,70,77,68,71,71,77,61,65,61,71,72,73,69,10,11,9,11,15,15,Championship
B. Traoré,Wolverhampton Wanderers,Malí,12,"CDM, CM",Right,183,25,70,,60,60,69,66,71,74,57,56,70,76,57,65,58,60,71,68,62,59,65,71,64,65,67,76,72,63,77,70,61,70,61,67,71,71,70,9,13,14,11,15,14,Championship
J. James,Wolverhampton Wanderers,Gales,8,"CDM, CAM, CM",Right,182,22,75,Gales,67,65,70,70,77,82,63,58,73,73,59,65,63,69,74,73,69,65,71,73,73,73,76,81,85,73,76,76,68,72,58,75,79,76,79,13,15,11,13,13,13,Championship
André,Wolverhampton Wanderers,Brasil,7,"CDM, CM",Right,176,25,80,,74,72,78,77,78,80,69,66,75,84,59,74,70,69,77,79,71,76,75,79,77,84,76,83,79,75,78,81,72,79,73,86,75,79,76,15,15,10,15,14,7,Championship
M. Munetsi,Wolverhampton Wanderers,Zimbabue,5,"CM, CDM, CAM",Right,187,30,79,Zimbabue,76,76,81,79,68,81,78,74,74,87,73,81,77,76,80,79,78,74,77,77,75,82,68,83,82,77,78,72,77,78,75,77,62,69,64,6,11,9,13,8,12,Championship
H. Bueno,Wolverhampton Wanderers,España,3,"LB, LM",Right,180,24,77,,82,64,74,73,71,78,82,64,67,75,53,73,70,64,75,70,81,82,82,69,76,71,72,79,77,59,79,71,63,68,62,71,73,68,78,10,12,9,10,11,13,Championship
L. Krejcí,Wolverhampton Wanderers,Chequia,37,"CB, CM",Right,191,27,79,Chequia,72,60,67,67,81,81,69,52,80,75,53,64,58,55,67,68,69,75,69,77,66,79,85,71,85,60,82,83,58,57,60,76,80,82,82,10,10,10,11,13,12,Championship
N. Djiga,Wolverhampton Wanderers,Burkina Faso,34,CB,Right,187,23,75,Burkina Faso,68,55,62,63,75,82,57,50,78,72,47,58,51,60,62,67,70,66,59,73,67,70,77,74,88,54,76,75,49,54,51,66,72,76,77,14,14,12,7,9,11,Championship
G. Konan,Wolverhampton Wanderers,Costa de Marfil,33,LB,Left,176,30,68,Costa de Marfil,71,54,64,65,68,65,67,51,60,66,44,64,63,53,65,62,72,71,71,67,71,60,69,71,62,55,65,69,59,60,54,68,70,68,71,11,6,11,11,14,11,Championship
Toti Gomes,Wolverhampton Wanderers,Portugal,24,CB,Right,188,27,78,,74,60,65,67,82,80,64,55,82,71,51,63,58,59,67,68,70,78,68,73,70,76,81,76,82,60,81,79,53,56,60,75,86,82,75,10,9,12,12,7,9,Championship
Y. Mosquera,Wolverhampton Wanderers,Colombia,15,"CB, RB",Left,187,25,77,,72,58,65,66,77,81,62,53,79,72,54,61,55,58,68,71,70,74,63,73,65,69,83,79,82,57,82,77,55,56,60,69,75,79,76,7,12,8,10,14,12,Championship
K. Trippier,Wolverhampton Wanderers,Inglaterra,2,"RB, LB",Right,178,36,74,,77,61,71,71,73,74,75,59,66,78,56,70,66,62,70,69,74,80,78,73,77,66,69,80,71,62,74,71,60,61,63,69,75,74,76,9,8,9,6,6,7,Championship
S. Olagunju,Wolverhampton Wanderers,Inglaterra,6,CB,Right,180,19,62,,61,41,51,51,65,65,48,33,63,55,38,50,40,47,57,50,63,59,49,55,52,61,66,59,68,41,64,67,39,44,44,57,69,60,63,15,6,15,7,15,10,Championship
J. Ruddy,Wolverhampton Wanderers,Inglaterra,26,GK,Right,193,39,67,,34,27,37,33,24,52,21,20,20,43,15,22,23,26,39,35,36,32,43,62,47,50,59,42,59,25,43,30,20,46,21,51,21,26,21,68,65,62,68,67,44,Championship
João Virgínia,Wolverhampton Wanderers,Portugal,13,GK,Right,192,26,65,,42,25,36,32,22,48,18,18,25,45,14,18,22,23,36,38,43,42,40,63,44,48,57,40,56,24,38,29,14,44,28,46,19,20,25,65,59,61,65,64,38,Championship
José Sá,Wolverhampton Wanderers,Portugal,1,GK,Right,192,33,77,,50,36,46,43,34,58,29,28,34,55,29,31,35,28,48,45,51,49,56,78,57,57,64,49,64,34,54,44,31,51,39,59,32,31,28,77,80,70,78,81,53,Championship
E. Austbø,West Ham United,Noruega,35,"LW, LM",Right,173,21,70,,77,68,70,74,40,62,70,67,58,71,65,79,72,69,66,70,75,79,74,72,71,71,57,70,63,68,52,38,71,72,65,70,39,38,31,15,14,8,11,11,15,Championship
M. Cornet,West Ham United,Costa de Marfil,22,"RW, RM",Right,179,30,70,,81,68,69,73,40,62,70,69,55,73,64,75,71,65,60,71,78,84,74,72,73,67,60,65,66,67,51,40,70,68,64,66,42,38,30,9,10,14,13,14,14,Championship
K. Lamadrid,West Ham United,Venezuela,21,"LW, RM",Left,177,22,63,,68,62,61,68,31,58,61,64,54,63,64,69,62,60,57,66,67,68,72,62,72,60,54,64,58,62,49,33,65,62,56,64,25,27,30,8,7,7,12,7,15,Championship
J. Bowen,West Ham United,Inglaterra,20,"RW, RM, ST",Right,174,29,83,,93,80,80,87,50,74,83,81,71,83,81,87,80,74,72,87,92,94,89,80,91,85,68,84,73,73,68,48,79,78,75,80,52,44,42,13,6,13,15,10,9,Championship
Pablo,West Ham United,Brasil,19,"ST, CAM, LW",Right,184,22,71,,72,74,60,68,38,73,58,74,71,63,72,67,64,58,53,67,76,69,70,74,67,81,77,76,73,69,66,32,78,62,71,74,36,34,33,15,9,6,8,7,6,Championship
V. Castellanos,West Ham United,Argentina,11,ST,Right,178,28,80,,84,80,72,80,45,78,70,83,79,79,77,81,74,68,66,80,81,87,80,80,74,80,82,75,80,76,77,41,84,69,76,86,44,36,45,9,15,13,12,10,11,Championship
M. Solomon,West Ham United,Israel,10,"LW, LM, RW",Right,167,27,75,Israel,83,74,71,79,46,65,71,76,55,69,73,77,80,69,64,82,82,83,83,73,82,71,63,73,63,73,62,50,80,80,74,71,44,43,41,8,8,9,15,7,15,Championship
J. Piroe,West Ham United,Surinam,9,"ST, CAM",Right,181,27,75,,79,76,65,76,43,73,61,78,77,69,71,76,64,64,61,75,76,81,75,77,71,76,69,66,78,72,72,42,82,65,75,79,40,38,37,10,7,8,15,8,11,Championship
J. Ajala,West Ham United,Inglaterra,66,"CAM, ST, LW",Right,176,19,61,,62,60,60,65,34,50,57,60,49,61,60,71,64,56,58,61,60,63,65,59,62,59,52,57,48,62,48,32,59,63,59,56,32,34,32,13,8,11,12,10,15,Championship
L. Orford,West Ham United,Inglaterra,61,"CDM, CM",Right,182,20,60,,58,51,57,58,60,62,49,49,54,63,44,55,50,51,59,61,57,58,57,58,58,59,57,59,64,53,60,63,49,56,47,53,60,63,54,13,11,7,15,11,8,Championship
T. Souček,West Ham United,Chequia,28,"CDM, CM, CAM",Right,190,31,78,,68,66,74,74,78,81,69,60,73,80,64,76,68,68,75,74,71,66,68,74,65,74,76,83,81,71,79,78,66,71,70,81,80,76,81,8,15,13,14,15,13,Championship
S. Magassa,West Ham United,Francia,27,"CDM, CM",Left,188,22,77,,72,71,76,72,79,80,69,68,76,78,64,67,69,68,81,78,71,73,68,72,71,78,73,86,78,73,80,83,68,78,65,74,74,83,75,15,8,9,8,11,14,Championship
D. Mukasa,West Ham United,Inglaterra,14,"CAM, CM, ST",Left,178,19,58,,62,58,60,62,28,50,53,58,41,63,54,63,64,56,60,63,62,62,65,50,60,52,45,54,48,62,49,31,65,60,56,55,26,24,24,8,12,8,9,14,14,Championship
A. Engels,West Ham United,Bélgica,7,"CM, CDM, RW",Left,185,23,75,,73,69,76,75,71,77,71,69,71,81,65,74,68,69,77,78,73,73,73,73,69,71,68,79,77,69,76,75,72,77,68,75,69,70,68,12,11,12,12,12,9,Championship
E. Álvarez,West Ham United,México,4,"CDM, CM, CB",Right,186,28,76,,70,66,71,71,78,79,68,65,81,74,63,68,63,60,77,75,69,71,66,75,73,68,80,80,78,66,79,79,67,71,72,69,77,78,77,15,10,13,13,13,10,Championship
E. Mayers,West Ham United,Inglaterra,63,"CB, LB",Right,183,19,58,,56,41,47,49,62,60,41,35,60,52,32,47,37,36,54,51,57,56,46,53,47,58,60,56,63,40,57,61,32,42,43,56,63,64,56,11,11,15,15,13,14,Championship
A. Golambeckis,West Ham United,Lituania,58,CB,Right,188,18,62,,59,41,51,53,67,65,49,38,65,56,38,51,42,44,57,55,58,59,54,56,51,56,68,59,69,36,62,70,38,45,39,61,70,65,59,9,14,9,14,10,9,Championship
J. Veltman,West Ham United,Países Bajos,34,"RB, LB",Right,182,34,71,,71,57,67,69,69,70,72,55,67,70,52,69,59,58,63,69,75,68,73,69,69,64,65,71,70,56,70,68,57,62,55,68,68,71,74,15,9,11,8,14,10,Championship
O. Scarles,West Ham United,Inglaterra,30,"LB, RB",Left,182,20,74,,80,61,72,70,70,74,80,59,74,72,56,69,69,61,68,69,82,79,75,67,76,65,68,78,75,64,70,74,56,69,56,68,67,69,74,10,8,12,11,12,14,Championship
A. Boiro,West Ham United,España,18,LB,Left,182,24,69,,76,55,65,65,68,67,65,53,68,67,53,66,63,55,69,63,82,71,69,67,64,61,69,73,64,55,68,65,50,62,54,69,69,69,70,10,10,7,14,14,14,Championship
K. Mavropanos,West Ham United,Grecia,15,"CB, CDM",Right,194,28,78,Grecia,76,59,67,67,82,85,61,55,85,78,55,64,59,53,70,69,72,79,64,75,68,70,81,75,91,58,84,81,51,58,59,76,82,81,83,6,7,11,6,6,8,Championship
Morato,West Ham United,Brasil,5,"CB, LB",Left,192,25,77,,73,59,63,68,81,81,62,52,76,68,55,64,55,55,71,72,74,73,66,77,59,79,81,74,84,58,82,79,55,55,54,72,85,82,77,9,8,15,9,13,11,Championship
M. Kilman,West Ham United,Inglaterra,3,CB,Left,192,29,77,,73,55,64,69,82,81,60,51,82,74,56,68,57,62,67,69,71,74,63,76,68,64,79,71,87,56,79,85,49,52,58,82,81,84,76,15,12,8,10,9,13,Championship
K. Walker-Peters,West Ham United,Inglaterra,2,"RB, LB",Right,173,29,77,,82,61,70,73,74,76,78,56,68,69,63,71,67,65,73,71,80,83,84,80,80,71,75,81,74,59,74,77,65,65,60,74,75,73,78,10,11,10,10,14,10,Championship
F. Herrick,West Ham United,Inglaterra,49,GK,Left,184,20,63,,38,20,31,28,19,46,14,14,22,41,12,20,23,10,33,27,38,38,36,54,44,39,50,40,52,19,36,27,14,37,25,36,18,16,15,65,62,52,61,68,41,Championship
A. Areola,West Ham United,Francia,23,GK,Right,195,33,74,,45,35,42,39,29,55,27,30,33,46,19,28,26,30,49,40,44,46,49,73,57,56,62,46,61,31,48,37,25,52,36,54,22,28,33,76,68,65,72,80,54,Championship
M. Hermansen,West Ham United,Dinamarca,1,GK,Right,187,26,78,Dinamarca,50,36,45,43,34,60,33,28,37,47,31,32,34,31,53,46,50,50,52,69,60,58,65,48,68,34,52,44,33,52,39,58,33,31,28,75,76,74,74,75,59,Championship
K. Joseph,Middlesbrough,Escocia,22,"ST, LW, RW",Left,186,25,73,,73,70,64,75,41,72,62,71,73,68,68,78,71,70,55,74,72,73,68,72,75,67,73,67,77,71,65,38,76,64,72,73,39,36,38,11,8,12,9,11,12,Championship
M. Hamilton,Middlesbrough,Inglaterra,17,"LW, CAM",Left,177,22,67,,75,66,66,69,39,59,68,72,57,69,62,70,67,62,55,70,79,71,70,64,69,59,55,67,57,61,55,39,67,69,65,64,41,34,31,6,6,10,14,13,9,Championship
J. Sarmiento,Middlesbrough,Ecuador,16,"LW, CAM",Left,178,24,70,Ecuador,76,72,67,72,40,61,69,74,55,71,60,73,69,60,59,70,78,74,69,72,75,72,63,68,60,71,55,41,75,67,65,75,38,38,35,6,11,7,14,8,15,Championship
D. Strelec,Middlesbrough,Eslovaquia,13,ST,Right,185,25,72,Eslovaquia,71,71,62,74,42,69,63,71,76,63,70,77,57,64,57,72,72,71,69,73,70,75,71,61,74,68,66,34,76,64,72,75,42,40,31,6,15,13,6,11,8,Championship
A. Cozier-Duberry,Middlesbrough,Inglaterra,11,"RW, RM",Right,170,21,72,,78,72,70,73,39,61,76,71,56,70,69,73,66,61,64,71,78,78,78,75,79,73,61,72,58,72,53,39,74,71,71,73,38,37,34,9,13,14,7,10,15,Championship
T. Conway,Middlesbrough,Escocia,9,"ST, CAM, LW",Right,178,24,79,,79,80,70,77,45,76,69,81,76,76,82,78,70,69,61,76,78,80,78,74,75,80,79,76,76,77,75,43,85,69,82,83,42,42,33,6,8,15,15,10,13,Championship
W. Lankshear,Middlesbrough,Inglaterra,7,"ST, CF",Left,179,21,73,,74,73,62,70,42,75,57,78,74,67,70,70,70,67,56,70,74,74,67,70,71,69,75,72,79,65,69,35,75,60,71,73,40,38,37,10,15,15,7,14,12,Championship
L. McCabe,Middlesbrough,Inglaterra,28,"CDM, CM, LW",Right,173,20,61,,56,50,60,61,62,64,50,45,51,67,42,62,54,49,63,62,58,55,60,59,59,56,58,68,61,54,69,65,53,60,51,53,64,61,61,13,15,9,7,13,7,Championship
R. Pukštas,Middlesbrough,Estados Unidos,21,"CAM, CDM, CM",Right,181,22,68,,68,69,69,71,42,63,61,71,57,73,61,73,69,72,65,70,71,66,75,66,69,69,57,67,63,69,58,47,70,74,64,69,41,37,33,13,13,6,11,14,10,Championship
L. Castledine,Middlesbrough,Inglaterra,19,"CM, LW, CAM",Right,175,21,66,,62,61,64,66,60,62,61,57,61,66,55,67,61,62,63,66,63,62,65,67,61,69,56,69,60,64,59,64,61,65,58,62,56,61,56,6,9,9,8,6,7,Championship
M. Arfsten,Middlesbrough,Estados Unidos,17,"LB, LM, RM",Right,185,25,70,,74,56,66,67,70,70,65,52,70,70,52,68,61,49,67,63,75,73,69,66,70,62,63,68,73,57,68,67,62,63,60,72,71,71,75,12,12,8,9,12,14,Championship
M. Peart-Harris,Middlesbrough,Inglaterra,14,"LW, CAM, CDM",Right,187,24,65,,74,60,65,65,36,60,67,59,59,67,60,67,68,57,59,65,75,73,68,59,58,63,60,67,60,61,53,37,62,63,61,63,34,28,37,11,13,15,12,15,7,Championship
A. Morris,Middlesbrough,Estados Unidos,10,"CDM, CM",Right,177,24,75,,66,65,72,71,77,78,68,58,69,79,60,67,65,61,72,74,72,61,72,69,75,79,67,78,76,68,84,77,69,70,70,77,79,78,72,11,14,7,14,9,15,Championship
R. McGree,Middlesbrough,Australia,8,"CAM, LM, LW",Left,178,27,69,Australia,74,67,71,77,38,64,66,64,52,70,65,81,72,73,64,75,72,75,72,71,70,70,62,73,62,71,58,40,76,80,64,75,36,36,31,10,13,6,12,15,9,Championship
C. Barron,Middlesbrough,Escocia,8,"CDM, CM",Right,175,24,68,,59,57,62,65,67,69,55,52,64,68,53,65,59,55,62,65,61,58,66,69,67,66,65,72,69,59,67,65,61,59,56,64,66,69,69,15,11,14,15,15,13,Championship
S. Berhalter,Middlesbrough,Estados Unidos,6,"CDM, CM",Left,175,25,72,Estados Unidos,67,63,70,66,73,73,60,59,73,76,54,61,60,64,70,69,65,68,69,72,67,70,70,76,72,66,74,72,66,72,61,75,73,72,74,7,15,11,15,10,14,Championship
Neto Borges,Middlesbrough,Brasil,30,"CB, LB, LM",Right,183,30,68,,61,49,55,56,69,65,48,44,69,64,38,50,46,47,63,58,59,62,63,65,56,64,68,64,64,49,68,65,46,43,52,66,70,70,71,13,10,11,7,15,11,Championship
A. Malanda,Middlesbrough,Francia,29,"CB, CDM",Right,194,24,70,,68,51,58,57,75,74,58,47,78,66,45,55,52,46,57,57,68,68,56,66,53,64,72,65,79,50,73,70,43,48,49,69,74,80,70,13,7,9,12,14,10,Championship
G. Edmundson,Middlesbrough,Inglaterra,25,"CB, CDM",Right,190,29,62,,57,41,49,50,66,65,45,35,62,58,34,48,40,44,53,52,56,58,47,59,45,55,73,62,67,41,64,68,41,39,40,60,64,68,61,7,10,8,7,8,13,Championship
A. Bangura,Middlesbrough,Sierra Leona,24,"LB, RB",Left,183,27,60,,66,45,54,57,59,61,60,40,50,52,38,52,52,49,54,59,68,65,62,63,63,51,54,65,62,49,54,65,49,55,44,56,56,60,63,11,9,7,8,8,6,Championship
L. Ayling,Middlesbrough,Inglaterra,12,"CB, RB",Right,185,35,67,,55,47,54,62,70,67,54,42,66,56,45,58,45,47,60,65,59,52,58,69,59,59,68,63,69,46,69,68,41,52,49,71,73,69,72,10,10,14,11,14,15,Championship
A. Jones,Middlesbrough,Canadá,5,CB,Right,191,28,73,Canadá,68,55,61,62,78,75,58,51,79,70,51,60,48,51,63,62,66,69,60,70,61,72,80,68,77,49,79,79,50,53,54,69,81,75,73,12,12,7,14,11,9,Championship
A. Phillips,Middlesbrough,Gales,4,CB,Left,192,21,69,,63,48,60,58,74,74,59,41,78,72,43,58,45,49,62,58,63,63,50,70,56,65,75,64,79,51,74,73,44,47,45,66,72,75,71,7,13,8,13,13,14,Championship
S. Byram,Middlesbrough,Inglaterra,3,"LB, LM",Left,180,33,65,,66,53,63,63,62,63,72,52,61,62,47,64,55,49,61,59,66,66,67,66,65,59,57,73,61,49,58,60,56,61,50,62,66,60,62,14,12,11,9,12,10,Championship
C. Brittain,Middlesbrough,Inglaterra,2,RB,Right,178,28,72,,79,55,70,69,73,71,75,51,75,72,56,67,66,60,70,71,78,80,69,72,80,65,69,73,69,53,73,70,64,66,56,65,71,74,76,9,15,12,9,12,15,Championship
J. McLaughlin,Middlesbrough,Escocia,33,GK,Right,188,39,67,,31,24,36,36,26,50,23,13,31,42,16,24,23,21,37,41,30,31,36,61,47,52,56,45,56,25,41,32,17,45,24,54,20,27,24,73,67,60,67,69,47,Championship
S. Brynn,Middlesbrough,Inglaterra,31,GK,Right,184,25,73,,48,31,40,37,29,56,21,24,37,47,20,22,28,28,43,41,50,47,50,69,49,50,62,48,61,31,53,40,25,49,36,50,27,21,27,77,72,65,72,74,51,Championship
R. Vítek,Middlesbrough,Chequia,1,GK,Right,198,22,69,,43,25,37,34,25,54,24,15,23,45,24,24,29,25,38,34,47,39,41,68,49,52,61,43,64,22,42,35,19,41,28,49,23,21,28,70,67,64,69,67,47,Championship
