short_name,club_name,nationality_name,club_jersey_number,player_positions,preferred_foot,height_cm,age,overall,seleccion,pace,shooting,passing,dribbling,defending,physic,attacking_crossing,attacking_finishing,attacking_heading_accuracy,attacking_short_passing,attacking_volleys,skill_dribbling,skill_curve,skill_fk_accuracy,skill_long_passing,skill_ball_control,movement_acceleration,movement_sprint_speed,movement_agility,movement_reactions,movement_balance,power_shot_power,power_jumping,power_stamina,power_strength,power_long_shots,mentality_aggression,mentality_interceptions,mentality_positioning,mentality_vision,mentality_penalties,mentality_composure,defending_marking_awareness,defending_standing_tackle,defending_sliding_tackle,goalkeeping_diving,goalkeeping_handling,goalkeeping_kicking,goalkeeping_positioning,goalkeeping_reflexes,goalkeeping_speed,league_name
V. Adeboyejo,Bromley,Nigeria,20,"ST, LW",Left,185,28,59,,58,59,50,57,25,62,46,61,64,56,54,58,58,45,39,56,56,60,58,54,45,60,62,53,68,53,56,19,65,51,58,62,21,21,26,14,6,14,15,13,7,League One
M. Miller,Bromley,Inglaterra,19,LW,Right,178,30,59,,65,55,56,62,29,52,56,55,47,55,52,61,59,54,56,65,67,64,68,58,56,59,44,60,52,52,44,34,58,57,51,57,25,25,23,6,6,14,6,14,9,League One
C. Whitely,Bromley,Inglaterra,18,"RW, CAM, RM",Right,181,35,65,,66,63,66,69,32,60,68,63,48,69,63,71,67,59,61,68,64,68,66,64,66,64,57,67,61,61,50,27,68,62,61,66,33,28,33,8,10,9,13,6,12,League One
N. Kabamba,Bromley,Inglaterra,14,ST,Right,191,33,65,,66,68,55,65,31,66,53,71,71,57,67,65,56,52,47,66,66,66,65,68,56,66,71,62,71,63,59,26,70,59,60,65,25,31,23,11,13,8,11,12,8,League One
M. Pinnock,Bromley,Inglaterra,11,"LW, LM, LB",Right,178,31,59,,63,56,57,62,28,54,60,54,44,56,55,64,59,54,50,61,61,64,63,59,64,60,51,61,54,55,44,26,62,59,56,53,27,27,23,11,8,10,11,15,8,League One
M. Cheek,Bromley,Inglaterra,9,"ST, LW",Left,188,35,67,,63,66,56,63,32,69,53,65,66,61,68,61,59,53,48,66,66,61,65,62,57,68,62,62,79,62,56,28,69,55,68,68,30,28,22,9,8,6,11,11,9,League One
E. Archer,Bromley,Inglaterra,7,"LW, CAM, RW",Left,188,24,61,,64,60,58,60,32,57,63,61,57,60,55,59,61,51,54,64,67,62,58,53,58,60,56,68,53,58,52,31,61,56,56,58,29,31,21,10,11,12,8,7,14,League One
H. Bullas,Bromley,Inglaterra,37,"CM, CAM",Right,184,20,56,,55,50,55,56,50,56,47,47,48,57,47,55,50,53,58,59,52,57,54,51,52,51,57,57,58,54,49,58,59,58,50,53,51,46,45,9,8,14,7,14,10,League One
N. Patten,Bromley,Inglaterra,35,CB,Right,187,19,55,,53,35,44,42,58,58,39,30,60,53,31,36,36,37,46,48,53,53,43,47,46,48,57,58,59,35,58,63,32,34,32,45,53,58,58,6,10,12,12,10,13,League One
J. McKiernan,Bromley,Irlanda del Norte,28,"CAM, CDM",Left,184,24,59,,59,56,61,61,31,54,54,54,45,63,58,57,61,57,61,69,61,58,59,53,54,56,50,59,54,59,49,34,60,64,55,58,30,30,20,8,12,15,8,7,7,League One
T. Brenan,Bromley,Inglaterra,27,"CAM, CM, CDM",Right,176,20,58,,58,57,60,61,32,48,47,58,43,64,55,62,56,62,60,62,61,56,63,55,59,54,47,57,47,58,40,38,62,65,53,53,36,24,24,12,11,8,7,7,10,League One
A. Stepien-Iwumene,Bromley,Inglaterra,26,RB,Left,190,21,56,,58,44,53,55,54,57,53,44,50,60,44,59,50,35,52,52,56,60,52,55,48,42,51,63,56,45,54,54,47,47,40,59,55,52,64,14,6,13,13,7,8,League One
K. Conteh,Bromley,Sierra Leona,22,"CM, CAM, CDM",Left,177,23,59,,60,54,61,58,51,55,56,53,52,66,48,56,57,52,63,61,57,62,57,60,58,54,50,61,53,59,55,52,53,61,57,56,51,50,53,8,15,6,14,14,14,League One
W. Hondermarck,Bromley,Congo,16,"CAM, CM, CDM",Right,185,25,61,,59,60,63,64,33,57,63,58,55,66,54,66,59,59,60,66,59,59,56,60,59,60,51,62,57,67,50,40,58,63,61,60,29,28,28,8,13,14,7,9,13,League One
B. Thompson,Bromley,Inglaterra,8,"CAM, CDM",Right,180,31,63,,68,64,65,63,38,50,60,62,50,69,56,64,60,59,59,61,72,64,66,64,60,67,56,59,47,68,47,45,64,70,59,71,33,32,42,13,10,10,8,14,12,League One
G. Saville,Bromley,Irlanda del Norte,6,"CDM, CM",Right,176,33,65,,60,54,62,63,65,68,55,49,53,64,51,62,56,60,65,63,63,57,62,64,66,59,61,69,68,57,67,70,61,67,53,61,65,65,64,13,9,10,13,6,11,League One
A. Charles,Bromley,Grenada,4,"CDM, CM",Right,178,27,61,,55,52,57,57,63,62,54,49,56,60,50,58,53,49,62,55,53,57,53,60,64,61,58,66,59,52,64,65,50,54,56,58,66,61,64,11,7,10,13,15,14,League One
J. Jones,Bromley,Malta,10,LB,Right,177,28,59,,64,46,54,58,56,57,58,43,47,60,43,56,58,45,50,62,62,65,54,56,65,54,60,62,55,48,57,59,50,45,38,52,56,57,59,8,13,13,14,8,9,League One
F. Cowin,Bromley,Inglaterra,34,CB,Right,175,19,54,,55,34,45,43,60,53,45,28,55,53,31,40,34,37,47,45,60,51,45,48,51,49,58,51,52,33,57,62,27,32,36,45,63,60,57,14,9,12,8,8,15,League One
F. Taylor,Bromley,Inglaterra,32,RB,Right,179,20,59,,65,45,55,54,58,62,63,41,49,59,45,54,48,42,50,53,65,65,57,52,58,54,51,69,61,47,60,56,45,50,46,54,59,58,65,6,9,14,9,7,11,League One
K. Grant,Bromley,Inglaterra,21,"CB, LB",Right,191,23,58,,52,40,45,46,62,60,41,34,66,49,34,43,34,41,50,46,52,52,43,57,48,56,65,51,63,41,60,60,34,41,34,61,62,63,62,13,15,11,9,12,15,League One
J. Mendy,Bromley,The Gambia,17,LB,Left,182,29,60,,63,45,57,57,62,61,59,41,57,60,41,52,53,51,59,59,65,62,64,61,60,52,57,64,61,49,60,55,48,49,46,58,66,65,63,13,7,10,14,11,14,League One
D. Woodman,Bromley,Inglaterra,15,CB,Right,187,23,57,,54,38,46,47,58,58,42,34,58,53,31,41,33,37,50,52,53,54,44,47,49,51,53,54,60,38,57,58,32,38,36,55,58,57,57,14,8,12,7,15,11,League One
M. Ifill,Bromley,Inglaterra,12,"RB, LB",Right,172,22,61,,64,52,60,57,55,56,64,52,45,64,47,56,53,47,57,55,63,65,62,60,61,59,56,63,53,50,57,61,51,57,45,57,52,57,58,13,9,11,10,10,6,League One
O. Sowunmi,Bromley,Inglaterra,5,CB,Left,198,30,62,,56,42,50,52,70,68,45,40,66,60,38,46,39,43,58,59,58,55,43,60,45,55,75,61,73,39,65,71,35,38,39,63,72,71,64,12,12,10,15,11,15,League One
R. Taylor,Bromley,Inglaterra,3,LB,Left,189,26,63,,72,48,57,58,60,64,62,44,61,57,48,59,57,56,57,56,69,75,60,63,56,59,65,67,64,48,58,59,49,50,48,57,56,60,70,7,10,6,14,7,6,League One
C. Headman,Bromley,Inglaterra,2,"RB, CB",Right,192,21,58,,64,45,54,57,58,59,57,43,57,58,39,61,53,45,54,53,71,59,59,55,58,48,61,58,60,48,57,56,49,47,40,52,59,59,54,7,7,11,7,10,15,League One
O. Mason,Bromley,Irlanda,31,GK,Right,190,22,59,,33,17,30,25,18,43,18,10,18,37,18,14,15,10,33,26,31,35,35,54,39,34,47,32,54,18,29,26,10,35,21,36,17,15,19,60,59,56,59,63,36,League One
S. George,Bromley,Inglaterra,30,GK,Right,198,28,62,,32,18,32,29,19,45,19,10,21,39,11,18,16,20,30,33,32,32,37,50,39,40,47,38,52,16,35,29,10,40,28,37,18,14,17,68,66,51,62,63,37,League One
D. Addai,Bromley,Inglaterra,23,GK,Right,191,21,55,,25,15,23,22,13,38,12,10,14,28,10,10,10,12,27,25,26,24,36,48,36,34,46,30,45,10,29,18,10,27,15,39,12,10,10,55,56,49,55,58,36,League One
G. Smith,Bromley,Inglaterra,1,GK,Right,185,32,61,,34,20,28,28,17,46,13,11,22,33,10,15,14,13,33,33,35,34,34,64,38,47,50,41,51,17,41,23,12,38,21,44,15,14,14,61,58,58,63,65,37,League One
N. Oyekunle,Leyton Orient,Inglaterra,49,ST,Right,175,19,56,,62,56,43,52,20,52,50,58,53,38,63,45,49,48,44,59,63,61,52,54,55,54,61,51,53,50,47,16,63,41,54,50,14,20,12,12,15,13,7,14,9,League One
T. Archibald,Leyton Orient,Escocia,44,"RW, RB, LB",Right,180,28,59,,67,56,57,61,32,53,57,58,50,56,51,61,63,54,55,62,69,66,61,49,67,59,51,58,53,52,47,31,58,58,51,56,32,30,22,14,11,10,12,13,14,League One
L. Gordon,Leyton Orient,Inglaterra,42,LW,Left,169,20,57,,68,57,56,62,22,49,55,56,36,57,55,61,58,59,50,62,69,68,70,48,69,57,47,61,45,58,46,23,62,58,53,56,20,20,22,15,11,6,14,11,8,League One
T. Al-Sadi,Leyton Orient,Omán,35,"ST, CF",Right,189,20,54,,58,56,42,52,20,56,40,61,55,44,51,50,49,42,32,56,56,59,49,50,51,53,55,50,63,48,46,20,57,46,54,50,17,15,10,15,11,8,8,11,11,League One
T. Springett,Leyton Orient,Irlanda,27,"RW, LW, LB",Right,174,24,63,,70,59,60,67,32,55,64,59,50,60,58,73,69,53,55,61,67,72,67,66,69,59,56,64,53,59,47,36,69,59,55,61,33,25,26,12,8,13,12,11,12,League One
Y. Akhamrich,Leyton Orient,Marruecos,22,"RW, CAM, RB",Right,183,21,57,,63,54,55,58,27,51,58,56,49,59,47,59,58,47,46,55,66,61,62,53,56,53,45,55,54,51,42,25,55,55,52,63,21,29,19,10,13,7,14,8,7,League One
D. Scarlett,Leyton Orient,Inglaterra,18,ST,Right,179,22,66,,68,68,55,64,35,64,54,70,65,58,71,63,60,56,49,65,66,70,63,66,66,69,66,65,67,61,57,37,70,52,70,70,34,27,25,13,9,13,7,15,9,League One
A. Dobra,Leyton Orient,Albania,17,"LW, CAM",Left,170,25,65,,73,66,63,68,33,59,63,70,53,64,58,66,66,54,63,68,77,69,78,69,68,62,50,63,60,65,55,32,69,61,57,72,32,28,32,13,11,11,12,9,11,League One
A. Connolly,Leyton Orient,Irlanda,10,LW,Left,174,26,67,,71,64,64,70,40,57,67,64,54,63,69,71,68,65,59,68,69,72,73,67,73,62,61,69,55,61,48,43,72,67,62,64,34,40,34,15,8,11,15,14,8,League One
J. Kabia,Leyton Orient,Irlanda,9,"ST, LW, RW",Right,179,26,64,,65,66,55,62,30,62,52,70,62,59,65,61,60,53,53,62,63,66,64,64,65,62,62,55,66,60,59,25,66,54,65,67,28,27,22,12,6,11,12,6,12,League One
O. O'Neill,Leyton Orient,Irlanda,7,"LW, CAM, RW",Left,175,23,65,,73,65,64,72,38,57,69,67,54,65,64,75,68,58,55,71,72,74,71,63,68,64,59,65,54,62,53,37,67,64,59,65,37,38,27,9,11,13,12,11,7,League One
D. Carter,Leyton Orient,Inglaterra,36,"CM, CAM",Right,179,19,55,,52,49,55,57,44,52,49,42,40,57,44,58,53,47,58,58,54,51,56,53,48,59,49,55,52,53,50,50,49,57,53,49,43,44,43,8,7,7,11,8,12,League One
S. Clare,Leyton Orient,Inglaterra,28,"CDM, RB, CM",Right,190,30,63,,54,53,62,57,65,66,56,47,58,67,53,56,52,48,71,59,53,55,53,64,52,62,65,64,68,56,65,65,54,56,53,59,64,67,68,15,13,9,7,12,10,League One
C. Wellens,Leyton Orient,Inglaterra,25,"CAM, RB, RW",Right,169,23,60,,57,63,63,64,32,52,60,61,43,65,61,64,62,57,61,64,61,54,62,60,72,67,41,64,49,67,49,31,56,64,58,59,32,30,29,13,6,6,8,9,6,League One
A. Gilbert,Leyton Orient,Irlanda,20,"CDM, CM, LW",Right,183,24,64,,58,55,64,59,63,66,54,52,65,69,48,57,53,59,67,62,62,55,55,63,60,63,63,67,66,56,65,61,56,66,51,60,61,65,64,11,15,12,15,15,9,League One
I. Hayden,Leyton Orient,Jamaica,14,"CDM, CM",Right,185,31,63,,55,54,62,61,62,67,55,51,65,67,50,58,53,56,64,65,56,55,54,59,61,58,67,66,68,61,67,60,50,61,49,70,60,66,61,7,13,15,15,10,8,League One
D. Mitchell,Leyton Orient,Inglaterra,11,"CAM, RW, RB",Right,181,29,62,,65,62,64,65,37,51,63,63,53,66,57,67,61,54,60,63,64,65,73,60,65,63,54,59,49,61,45,38,64,66,62,61,32,37,34,11,11,7,15,10,7,League One
I. El Mizouni,Leyton Orient,Túnez,8,"CDM, CAM",Right,185,26,64,,60,56,60,63,67,66,51,53,60,66,48,64,55,57,59,61,59,60,58,67,62,62,60,67,68,56,63,71,60,61,62,67,67,68,65,14,7,7,11,13,13,League One
Z. O'Keefe,Leyton Orient,Inglaterra,21,"LM, LW",Left,172,24,59,,61,52,57,61,36,50,57,47,44,60,50,61,59,57,53,61,63,60,65,59,65,57,52,58,47,56,47,36,55,55,51,54,36,36,30,14,15,12,14,11,6,League One
P. Chinedu,Leyton Orient,Inglaterra,34,"CB, LB",Right,181,20,59,,54,38,49,51,64,60,47,33,62,59,36,45,36,39,51,55,54,54,51,57,52,51,57,57,61,39,62,65,35,37,35,55,63,66,63,9,10,6,13,7,7,League One
S. Boniface,Leyton Orient,Inglaterra,19,"LB, LM",Left,179,20,55,,64,41,51,54,51,52,57,38,50,50,41,54,50,40,53,54,63,64,58,50,59,48,49,57,49,41,53,49,40,47,34,51,52,51,54,11,14,7,9,8,12,League One
R. Edmonds-Green,Leyton Orient,Inglaterra,18,CB,Right,181,27,60,,53,40,48,50,63,60,45,37,66,54,35,46,40,43,51,53,50,55,49,60,46,53,61,57,62,37,61,62,35,43,35,59,57,66,68,6,15,12,12,10,7,League One
A. Gilchrist,Leyton Orient,Inglaterra,12,"RB, CB",Right,183,22,68,,73,56,63,66,65,68,67,52,54,65,55,65,60,53,68,65,72,73,66,69,68,61,62,74,70,59,58,66,56,57,52,66,67,65,72,10,11,13,7,10,12,League One
W. Forrester,Leyton Orient,Inglaterra,6,CB,Right,180,25,63,,60,42,51,52,67,64,48,36,62,57,39,46,44,41,57,53,59,60,55,65,58,62,65,60,65,40,66,67,36,41,43,61,68,68,64,10,11,10,13,9,12,League One
J. Olowu,Leyton Orient,Inglaterra,5,CB,Right,184,26,63,,58,44,49,54,65,64,46,39,73,53,38,50,42,40,56,57,57,59,50,60,60,56,68,59,64,44,67,64,40,42,46,59,61,68,62,10,12,14,7,12,7,League One
J. Morris,Leyton Orient,Inglaterra,3,LB,Left,183,24,62,,68,48,59,58,59,63,60,46,66,63,43,54,53,45,55,61,71,66,64,58,61,54,62,65,62,45,62,59,47,58,52,61,50,63,63,8,12,15,14,12,12,League One
F. Stevens,Leyton Orient,Gales,2,"CB, RB",Left,179,23,64,,60,43,53,54,68,65,51,36,63,60,38,53,40,42,61,54,58,61,56,60,53,60,68,60,66,45,69,67,45,42,40,63,68,70,68,14,7,15,15,13,11,League One
K. Cahill,Leyton Orient,Irlanda,33,GK,Left,184,22,61,,39,19,31,27,17,45,14,10,21,37,10,18,20,18,32,28,38,39,38,55,41,46,51,38,53,16,34,23,10,42,22,36,17,13,12,62,59,54,56,59,37,League One
O. Nnonyelu Dovin,Leyton Orient,Suecia,23,GK,Left,187,24,70,,42,26,36,38,29,51,24,19,31,42,14,25,28,21,39,40,44,41,53,68,45,46,56,44,57,26,42,36,14,41,27,56,25,28,24,70,68,63,71,74,47,League One
N. Baxter,Leyton Orient,Inglaterra,1,GK,Right,190,27,62,,35,20,30,27,20,48,15,12,22,35,17,14,14,23,35,31,34,35,33,63,44,41,53,38,57,16,36,28,13,37,26,43,22,13,19,58,65,57,62,65,40,League One
S. Mannix,Blackpool,Inglaterra,39,"ST, CF",Right,185,18,57,,59,58,44,55,24,56,43,59,63,47,56,53,45,43,37,56,62,56,55,55,57,55,61,49,62,56,51,21,61,43,61,58,19,19,24,14,10,6,13,7,8,League One
D. Charles,Blackpool,Irlanda del Norte,19,"ST, CAM",Left,177,30,64,,67,67,53,62,28,64,55,67,63,54,71,62,52,52,50,60,65,68,67,63,66,70,67,60,67,61,62,22,72,53,68,58,24,25,25,15,7,10,10,9,11,League One
D. Taylor,Blackpool,Irlanda del Norte,18,ST,Right,185,22,60,,62,59,51,59,29,60,48,63,61,58,56,58,52,53,42,61,63,61,58,57,57,57,61,58,65,55,52,26,62,47,56,64,27,24,22,15,7,13,10,14,14,League One
H. Coulson,Blackpool,Inglaterra,15,"LW, LB, CDM",Left,172,28,59,,66,56,59,61,30,50,59,57,42,62,53,62,61,52,48,59,69,64,63,64,64,56,53,57,48,52,45,30,60,61,56,53,30,27,27,8,12,7,7,13,8,League One
T. Bloxham,Blackpool,Inglaterra,14,"ST, RW",Left,195,22,65,,65,67,58,66,33,69,57,69,72,60,69,67,57,57,50,69,64,65,62,70,52,64,73,61,79,64,55,34,68,60,66,62,26,29,27,7,14,14,9,12,9,League One
J. Yates,Blackpool,Inglaterra,12,ST,Left,175,29,65,,64,65,54,64,33,61,54,67,64,58,66,63,55,50,48,63,63,64,64,72,65,67,65,57,65,59,56,29,67,52,62,63,32,27,27,15,10,13,9,7,6,League One
J. Bowler,Blackpool,Inglaterra,11,"RW, CAM, RM",Right,184,27,62,,73,61,60,63,30,54,61,62,51,59,62,61,63,58,58,66,75,71,64,61,63,60,54,60,53,59,48,31,64,62,56,61,27,28,21,15,6,14,14,13,12,League One
N. Ennis,Blackpool,Inglaterra,9,ST,Right,178,27,62,,64,64,52,59,30,59,46,68,64,58,61,57,52,54,44,59,62,65,60,62,60,63,67,57,61,55,55,23,67,51,65,67,28,29,23,11,9,15,14,15,6,League One
C. Hamilton,Blackpool,Irlanda,22,"LW, CAM, RB",Right,185,31,61,,66,58,58,63,28,55,60,61,55,62,60,61,60,51,51,63,63,69,69,63,63,56,56,61,55,54,49,34,56,56,56,64,25,23,17,14,12,14,11,11,10,League One
I. Niskanen,Blackpool,Finlandia,21,"RB, RW, LB",Right,173,28,62,,66,47,56,60,60,60,60,43,51,60,40,58,56,49,58,59,63,69,66,55,69,53,59,63,56,52,64,63,47,46,53,60,61,60,58,11,7,13,7,12,11,League One
K. Anderson,Blackpool,Jamaica,17,"CAM, CDM, RW",Right,180,22,62,Jamaica,60,62,64,64,36,58,62,61,48,66,54,65,74,59,59,65,61,60,63,62,63,59,45,62,59,67,53,38,65,66,61,60,35,31,38,7,6,13,13,13,6,League One
G. Honeyman,Blackpool,Inglaterra,10,"CAM, CM, CDM",Left,173,32,63,,56,61,63,67,35,52,65,60,49,63,61,65,60,58,64,68,54,57,65,73,71,69,52,61,48,56,53,34,62,64,60,66,37,31,30,6,6,7,13,12,12,League One
A. Morgan,Blackpool,Inglaterra,8,"CM, CDM",Right,181,26,56,,51,49,54,56,50,57,50,48,51,55,49,56,55,44,58,57,49,52,53,51,55,50,53,61,54,49,59,49,54,56,52,57,52,49,52,12,7,12,15,14,12,League One
L. Clarkson,Blackpool,Inglaterra,7,"CAM, CDM, LW",Left,175,24,63,,62,62,64,69,39,54,57,57,47,66,58,72,66,66,59,70,61,62,67,63,66,68,50,58,55,67,48,42,64,68,63,60,38,37,30,9,12,15,9,7,14,League One
J. Brown,Blackpool,Inglaterra,6,"CDM, CM, CAM",Right,181,25,66,,57,56,64,61,69,68,58,50,58,71,53,58,58,55,66,62,55,58,61,69,62,63,64,65,68,61,71,69,55,61,56,63,67,74,68,13,10,12,8,15,7,League One
H. Quinn,Blackpool,Inglaterra,49,CB,Right,183,17,53,,52,33,40,40,57,55,35,28,53,50,27,35,36,34,39,44,50,54,40,46,43,46,57,50,55,31,62,61,30,30,37,52,58,55,54,14,15,13,11,10,7,League One
J. Earl,Blackpool,Inglaterra,32,"CB, LB",Right,192,27,61,,55,42,52,54,63,63,45,37,64,62,37,52,38,43,53,55,54,55,53,62,48,56,59,57,64,39,67,57,39,45,42,66,67,63,64,12,6,9,13,10,11,League One
J. Williams,Blackpool,Inglaterra,28,"RB, LB, CB",Right,179,26,63,,68,46,58,61,59,62,67,42,53,61,45,62,53,47,56,60,66,69,67,56,59,54,57,75,56,44,64,63,49,48,50,64,58,55,69,15,11,11,12,9,7,League One
F. Munroe,Blackpool,Inglaterra,26,"LB, LM",Left,181,21,58,,68,42,54,56,55,57,56,35,48,55,42,51,50,46,55,61,65,70,57,52,60,52,57,58,56,43,59,59,49,51,46,52,53,57,55,12,10,11,13,11,11,League One
M. Ihiekwe,Blackpool,Inglaterra,20,CB,Right,186,33,66,,57,46,53,56,68,67,47,39,72,60,44,51,46,44,59,59,59,55,57,66,57,61,67,60,70,49,69,66,46,44,43,70,66,72,64,9,6,13,6,9,11,League One
F. Horsfall,Blackpool,Inglaterra,5,CB,Right,190,29,60,,57,44,49,49,63,65,50,41,64,53,38,46,39,41,52,51,56,58,48,60,45,59,69,58,68,41,63,63,35,41,37,58,62,64,64,9,10,7,15,12,13,League One
O. Casey,Blackpool,Inglaterra,4,CB,Right,188,25,66,,61,49,55,54,67,69,53,45,70,61,43,49,44,44,61,56,64,59,53,66,51,60,73,65,69,49,73,68,45,47,50,67,64,66,70,15,15,15,9,14,9,League One
Z. Ashworth,Blackpool,Gales,3,"LB, CB, LM",Right,176,24,58,,70,43,53,56,56,56,56,41,57,58,40,55,51,44,51,55,69,70,61,58,61,48,57,64,52,43,54,53,46,45,39,58,53,59,60,8,10,13,10,15,6,League One
A. Lyons,Blackpool,Irlanda,2,"CB, RB",Right,178,26,60,,53,43,54,50,64,61,53,39,61,62,39,48,41,46,55,48,53,53,54,60,51,55,57,57,62,43,63,62,38,43,43,62,66,65,62,13,14,12,9,14,14,League One
C. Brier,Blackpool,Inglaterra,43,GK,Right,181,18,55,,33,17,23,22,14,40,10,10,15,27,10,10,11,12,27,26,34,32,34,46,33,40,42,32,46,15,33,24,10,34,18,35,10,13,12,57,50,47,58,61,35,League One
L. Southwood,Blackpool,Irlanda del Norte,23,GK,Left,185,28,60,,36,17,28,28,20,41,14,10,26,37,15,18,15,12,33,31,36,36,33,63,37,35,47,36,46,14,35,24,14,30,16,40,16,20,15,62,59,54,59,64,38,League One
B. Peacock-Farrell,Blackpool,Irlanda del Norte,1,GK,Right,188,29,64,Irlanda del Norte,44,22,32,31,20,49,17,13,20,34,18,21,26,20,40,36,42,45,31,59,41,42,49,38,58,24,38,35,13,40,22,44,17,12,19,62,61,59,64,65,42,League One
M. Henry,Burton Albion,Inglaterra,52,LW,Right,175,23,59,,68,58,59,63,28,50,64,58,43,60,55,65,64,55,53,62,68,68,63,59,62,57,52,61,47,61,44,29,59,56,55,62,25,28,21,6,9,10,9,10,14,League One
Z. Scutt,Burton Albion,Inglaterra,40,ST,Left,188,18,55,,60,54,47,54,22,55,42,55,58,52,55,48,48,46,45,62,58,61,53,48,46,59,56,49,60,44,48,20,61,45,58,53,17,18,16,10,6,6,14,7,14,League One
T. Kalinauskas,Burton Albion,Lituania,37,"LW, LM, ST",Left,178,26,58,,62,54,57,61,30,54,56,55,43,58,52,60,59,55,57,61,63,62,64,61,62,56,48,61,53,50,49,32,58,56,56,54,28,28,22,7,9,8,10,9,6,League One
K. Adom,Burton Albion,Inglaterra,29,"ST, RW, LW",Right,186,25,60,,58,60,50,59,25,60,49,63,61,52,58,58,54,49,44,60,57,58,58,63,56,60,61,54,66,53,51,24,59,51,62,60,24,17,18,9,8,15,15,14,13,League One
E. Adiele,Burton Albion,Inglaterra,23,"LW, LB, LM",Right,173,19,59,,72,58,59,62,29,50,59,59,50,61,52,61,58,58,52,66,77,68,60,59,68,57,47,56,49,57,45,30,62,59,55,51,27,26,20,14,9,11,8,15,9,League One
M. Dennis,Burton Albion,Inglaterra,19,"ST, CAM",Right,186,24,65,,69,70,55,64,33,67,54,74,69,59,67,65,55,59,45,64,66,72,63,70,57,74,64,58,73,60,62,33,70,56,69,69,28,29,23,12,11,7,15,14,11,League One
M. O'Mahony,Burton Albion,Irlanda,10,"ST, CF",Right,182,21,59,,61,59,48,57,26,59,46,65,55,51,62,56,55,48,40,58,60,62,59,59,58,53,56,55,64,54,53,24,53,49,59,55,22,24,19,13,8,14,9,6,11,League One
G. Arubi,Burton Albion,Irlanda,9,ST,Right,189,22,58,,59,59,47,58,23,59,42,60,64,51,60,58,47,41,43,59,58,60,54,59,52,63,59,53,64,49,56,21,63,50,62,61,20,13,23,10,12,8,15,6,9,League One
S. Krubally,Burton Albion,Inglaterra,41,"CDM, CAM",Right,180,18,61,,55,49,56,56,62,66,43,45,55,63,50,52,48,52,61,60,59,52,56,53,60,57,61,67,66,50,64,62,55,54,51,56,61,65,65,11,9,11,6,15,8,League One
C. Gilligan,Burton Albion,Inglaterra,25,CDM,Right,180,24,61,,54,55,57,55,64,69,50,50,65,64,47,51,56,52,58,58,56,53,56,60,58,64,56,73,69,58,65,64,58,54,53,61,63,66,61,6,15,14,7,9,14,League One
C. Vickers,Burton Albion,Inglaterra,18,"CAM, ST, LW",Right,166,21,58,,62,59,60,62,30,49,56,57,42,62,54,63,57,53,54,60,63,62,68,54,66,62,39,54,49,61,46,32,64,65,63,59,24,31,27,10,9,6,6,8,6,League One
R. Borges Rodrigues,Burton Albion,Australia,17,"RB, LW, LB",Right,173,23,65,,67,49,61,62,61,62,65,42,59,67,49,59,61,49,56,61,68,67,69,61,69,59,57,68,60,55,61,62,55,51,49,67,60,60,64,6,7,15,11,13,15,League One
K. Lofthouse,Burton Albion,Inglaterra,15,"RB, RM, CAM",Left,190,25,64,,67,46,59,59,64,65,62,38,64,60,45,62,57,55,62,55,67,67,63,61,62,54,65,70,64,54,62,67,48,55,50,59,61,66,61,11,14,8,10,8,15,League One
W. Collar,Burton Albion,Inglaterra,14,"CM, CDM, CAM",Right,181,29,61,,59,56,60,61,54,58,58,56,50,60,56,57,58,50,65,66,62,56,64,63,56,56,53,61,57,54,58,54,56,63,58,60,53,56,51,14,11,13,15,7,13,League One
G. Evans,Burton Albion,Inglaterra,12,"CDM, CM, CB",Left,184,31,63,,54,54,61,60,65,64,46,49,60,69,50,54,56,55,66,66,59,49,60,71,54,67,61,61,66,55,62,64,51,62,53,69,65,67,63,7,9,11,13,14,10,League One
C. Webster,Burton Albion,Inglaterra,8,"CAM, CM, CDM",Right,177,22,61,,61,60,61,67,32,52,59,56,45,61,62,67,61,64,57,71,63,59,60,59,61,63,49,56,51,62,48,36,65,65,61,64,31,28,27,10,12,13,9,14,14,League One
K. Chauke,Burton Albion,Inglaterra,4,"CDM, CM, CAM",Right,177,23,63,,57,54,58,57,63,63,50,51,56,64,51,53,49,55,60,60,59,55,57,63,57,57,62,69,58,58,70,67,49,57,54,63,62,63,65,13,12,6,6,13,13,League One
J. Armer,Burton Albion,Escocia,3,"LB, LM, CB",Right,185,25,63,,68,51,60,62,62,65,64,49,59,65,43,61,57,50,56,64,65,70,60,60,63,61,61,67,65,47,65,61,51,54,49,63,62,63,62,10,7,12,13,13,14,League One
J. Lewis,Burton Albion,Gales,31,CB,Left,188,27,61,,57,40,49,48,66,65,45,34,63,57,39,42,40,37,50,53,55,59,45,59,53,57,56,61,67,37,66,60,39,45,46,59,69,66,67,8,11,10,7,10,9,League One
F. Delap,Burton Albion,Inglaterra,26,"CB, CDM",Right,190,21,57,,53,38,45,49,64,62,39,31,65,51,34,49,38,35,51,50,52,54,46,49,42,56,59,52,67,37,63,65,32,40,41,56,61,68,60,7,11,8,15,11,14,League One
H. Araujo,Burton Albion,Inglaterra,24,CB,Right,183,22,62,,56,45,51,50,67,62,49,39,67,58,33,45,39,41,57,54,54,58,49,61,51,67,67,57,63,44,62,62,33,40,43,54,70,65,70,12,8,8,14,14,13,League One
J. Sraha,Burton Albion,Inglaterra,20,CB,Left,182,23,60,,54,42,48,49,62,63,38,39,59,57,36,41,38,42,55,54,52,56,50,59,50,53,70,58,66,39,58,61,34,40,41,57,63,64,62,6,12,8,15,9,12,League One
C. Tilt,Burton Albion,Jamaica,16,"CB, CDM",Right,192,35,66,,54,46,54,55,67,68,52,41,66,59,42,49,50,44,56,58,56,53,56,64,52,62,66,62,73,44,66,65,37,49,46,65,68,67,68,15,10,13,7,8,14,League One
T. Sibbick,Burton Albion,Uganda,6,"CB, LB, RB",Right,189,27,60,Uganda,54,42,48,49,62,63,43,39,66,55,36,42,41,43,52,53,51,57,53,62,46,55,61,60,65,40,62,63,34,42,41,58,60,62,67,10,11,11,13,7,7,League One
C. Addai,Burton Albion,Jamaica,34,GK,Right,195,28,61,,36,19,28,24,18,50,15,11,22,32,10,15,19,14,32,22,42,32,34,50,42,43,52,39,59,19,39,22,10,37,21,44,13,18,21,62,58,59,64,60,34,League One
K. Dudek,Burton Albion,Polonia,27,GK,Right,180,20,57,,37,16,26,24,14,39,10,10,20,34,10,15,10,10,32,25,38,37,30,49,35,36,47,31,48,12,26,22,10,34,16,37,10,10,12,55,58,48,55,56,32,League One
M. Missanga,Oxford United,Inglaterra,57,RW,Right,168,18,54,,63,54,52,58,22,48,58,57,34,52,53,61,52,52,49,55,65,61,64,48,58,54,45,56,47,48,39,21,58,49,56,46,21,22,19,6,8,12,7,9,10,League One
J. Jeon,Oxford United,Corea del Sur,32,"LW, RW",Left,181,27,59,,67,60,56,63,26,51,58,61,44,57,54,63,59,53,49,65,66,68,65,58,64,57,52,58,51,63,43,33,57,55,55,58,23,22,19,12,9,7,7,11,7,League One
L. Snowden,Oxford United,Inglaterra,27,"RW, ST",Right,173,18,57,,64,57,57,61,26,50,58,59,43,59,55,61,55,50,48,62,63,64,61,57,62,58,43,59,51,55,38,26,57,60,52,53,26,21,22,6,11,11,7,9,8,League One
S. Dembélé,Oxford United,Escocia,23,"LW, ST",Left,173,30,63,,71,60,60,66,30,57,59,60,46,60,55,66,60,56,56,66,69,72,67,67,70,57,49,67,55,62,51,31,68,67,55,60,31,24,29,12,8,13,13,14,13,League One
G. O'Donkor,Oxford United,Inglaterra,19,RW,Right,178,21,56,,60,54,52,57,28,51,53,53,43,52,54,56,55,49,45,58,58,62,57,55,58,54,41,60,51,56,42,28,61,57,54,50,27,26,19,6,12,15,9,9,15,League One
A. Emakhu,Oxford United,Irlanda,10,"LW, RW",Right,180,22,64,,73,63,61,63,35,59,62,65,54,61,62,63,65,60,55,60,71,74,67,71,63,63,60,61,60,59,56,34,72,62,60,67,37,29,26,11,8,12,6,15,8,League One
M. Harris,Oxford United,Gales,9,ST,Right,182,27,58,Gales,64,59,50,54,26,58,46,63,60,53,57,52,50,48,45,57,63,65,54,54,52,53,61,56,60,56,54,22,66,54,62,60,24,22,13,15,11,14,8,15,10,League One
M. Ferdinan,Oxford United,Indonesia,7,RW,Right,178,22,58,,67,56,57,62,26,49,56,58,45,62,55,66,55,47,49,59,70,65,65,56,63,55,48,58,47,56,44,27,52,56,49,54,28,19,25,9,6,6,12,13,6,League One
L. Sibley,Oxford United,Inglaterra,32,CAM,Right,180,25,64,,65,59,65,70,38,56,59,56,53,66,57,75,67,62,68,68,62,68,68,61,68,63,49,61,54,64,56,43,59,68,60,66,38,31,35,12,7,12,7,12,7,League One
L. Lynch,Oxford United,Inglaterra,20,"LB, CAM",Right,175,19,54,,62,38,50,50,52,51,58,32,52,53,38,46,46,42,48,52,61,62,59,50,55,51,50,54,51,37,48,51,43,43,42,43,52,52,53,6,7,13,12,12,8,League One
J. McDonnell,Oxford United,Irlanda del Norte,18,"CDM, CM",Right,181,22,65,,59,56,64,61,67,67,55,53,62,69,52,55,54,57,67,68,61,57,57,65,56,62,67,66,65,56,71,67,62,64,54,67,67,67,68,12,13,10,11,11,10,League One
T. Goodrham,Oxford United,Inglaterra,11,"CAM, LW",Right,170,23,66,,66,64,66,70,39,57,69,64,51,64,65,69,67,67,60,71,63,68,74,66,67,64,54,63,56,65,51,45,65,71,68,67,36,36,32,14,12,9,13,15,9,League One
C. Brannagan,Oxford United,Inglaterra,8,"CDM, CAM, CM",Right,180,30,64,,60,54,62,59,68,66,56,50,60,68,51,57,55,56,62,59,57,62,57,64,65,61,61,69,64,59,70,73,54,63,49,62,67,67,67,13,14,10,15,6,9,League One
K. Andrews,Oxford United,Gales,4,"CM, CAM, CDM",Right,185,20,58,,55,52,62,61,51,57,57,48,47,66,47,59,57,50,63,66,57,53,53,58,54,54,52,60,58,57,53,57,55,62,54,62,46,54,45,7,12,15,9,13,7,League One
P. Kioso,Oxford United,República Democrática del Congo,30,"RB, CB, RM",Right,183,27,64,,69,49,60,60,62,64,64,45,61,63,47,58,56,52,56,60,70,69,64,63,62,56,62,68,64,49,59,61,54,55,52,58,62,63,66,11,10,13,10,9,14,League One
J. Currie,Oxford United,Inglaterra,26,"LB, RB",Right,175,24,66,,69,52,61,64,62,64,68,52,56,65,48,63,57,47,60,63,70,68,67,65,67,55,60,68,63,51,62,66,54,54,51,66,60,62,67,14,8,7,11,12,11,League One
J. Golding,Oxford United,Irlanda,25,CB,Left,188,22,57,,51,38,42,44,62,58,39,34,61,49,33,37,38,35,48,49,54,48,43,55,44,55,57,60,57,37,58,61,27,33,35,60,61,66,57,12,9,8,10,15,6,League One
G. Leigh,Oxford United,Jamaica,22,"LB, RB",Left,181,32,65,,67,50,62,61,63,64,65,46,52,63,50,57,55,55,61,62,65,68,68,68,66,62,59,64,66,50,59,66,51,59,47,63,66,61,67,14,15,6,13,10,6,League One
B. Spencer,Oxford United,Irlanda del Norte,15,"RB, LB",Right,182,22,65,Irlanda del Norte,68,52,58,62,65,63,63,49,59,61,43,62,59,53,54,60,68,68,62,60,68,58,64,68,60,51,62,66,52,54,58,66,64,66,66,13,12,9,11,12,8,League One
M. Helik,Oxford United,Polonia,6,CB,Right,191,31,68,,57,49,54,56,69,75,55,45,69,61,41,53,46,44,56,59,53,61,52,66,59,66,77,64,79,44,77,71,44,46,50,64,64,74,66,13,14,15,11,14,10,League One
C. Brown,Oxford United,Irlanda del Norte,3,"CB, LB",Left,185,28,65,Irlanda del Norte,58,45,51,53,70,67,47,42,66,59,43,49,40,47,51,55,56,60,52,59,54,54,67,62,70,46,66,70,38,45,48,68,68,75,68,15,13,14,12,8,12,League One
S. Long,Oxford United,Inglaterra,2,"RB, CB",Right,180,31,64,,71,47,60,64,63,62,62,42,60,64,48,65,57,48,58,63,68,74,67,63,64,55,62,73,56,50,61,60,46,56,49,52,66,62,65,10,6,6,11,15,14,League One
F. Kent,Oxford United,Inglaterra,5,CB,Left,183,30,60,,51,44,48,49,64,63,44,42,64,56,36,42,41,36,52,56,48,54,48,56,46,55,62,58,65,40,64,63,38,42,43,56,62,68,62,7,9,8,9,7,14,League One
S. Eastwood,Oxford United,Inglaterra,13,GK,Right,188,37,62,,27,20,30,29,20,44,14,13,28,36,10,16,20,16,40,34,24,30,41,55,44,39,46,34,52,18,36,28,14,35,27,42,16,16,16,63,64,57,61,65,39,League One
J. Cumming,Oxford United,Inglaterra,1,GK,Right,186,27,66,,40,23,38,33,22,50,28,16,23,46,23,17,30,24,39,39,41,40,47,59,50,47,59,41,58,20,40,33,11,37,23,50,18,19,17,64,62,63,67,69,45,League One
R. Ashamu,AFC Wimbledon,Inglaterra,37,RW,Right,174,28,57,,63,58,53,62,30,52,56,61,44,48,52,62,63,53,50,60,64,62,65,61,65,57,49,58,52,53,44,28,61,58,48,58,32,26,23,12,12,7,7,7,7,League One
D. Richards,AFC Wimbledon,Jamaica,31,"RW, ST",Right,189,20,60,,68,58,58,59,30,58,59,57,49,59,61,64,56,53,52,55,69,67,61,55,57,59,56,63,59,57,50,31,59,60,59,54,31,26,20,10,15,11,13,6,8,League One
A. Sasu,AFC Wimbledon,Inglaterra,29,"ST, RW",Right,185,21,58,,57,60,52,58,22,59,53,62,58,58,65,59,47,51,47,60,58,56,49,59,54,55,60,58,61,57,53,20,62,48,57,60,13,23,16,14,11,9,14,10,11,League One
D. McNeilly,AFC Wimbledon,Inglaterra,19,"ST, CF",Right,185,20,61,,66,59,53,59,28,62,52,56,58,56,63,61,54,53,48,57,65,67,63,61,56,63,66,55,69,57,53,26,65,50,61,58,26,22,24,10,13,12,10,8,6,League One
M. Stevens,AFC Wimbledon,Inglaterra,14,ST,Right,180,28,59,,62,63,50,60,28,54,47,68,62,53,56,60,52,51,43,62,64,61,56,66,54,59,62,55,54,57,50,22,65,51,64,57,22,28,26,11,11,6,12,8,11,League One
M. Browne,AFC Wimbledon,Inglaterra,11,"ST, CAM, RW",Right,179,28,64,,65,68,56,62,31,62,58,74,62,57,66,58,53,57,48,66,64,66,61,65,63,63,60,60,63,61,63,29,73,58,63,66,25,31,24,9,13,12,7,10,13,League One
J. Stockley,AFC Wimbledon,Inglaterra,9,ST,Left,188,33,68,,70,70,57,66,35,70,52,73,73,60,74,66,60,54,50,65,70,70,66,74,59,70,72,67,76,63,59,31,73,62,72,71,33,29,30,14,12,11,9,14,15,League One
H. Cornick,AFC Wimbledon,Inglaterra,4,CAM,Left,180,31,60,,54,59,62,62,33,52,62,59,40,63,54,63,66,56,59,65,58,51,55,64,58,62,55,60,48,56,53,41,61,63,59,58,33,28,26,14,8,11,11,11,10,League One
H. Hedges,AFC Wimbledon,Inglaterra,34,CDM,Right,185,18,55,,50,46,51,51,59,60,47,42,58,54,36,54,50,42,53,50,55,46,40,53,50,57,54,60,59,48,63,61,46,53,46,53,55,61,61,8,12,10,10,15,8,League One
J. Kirby,AFC Wimbledon,Inglaterra,28,"CDM, CM",Right,189,18,56,,53,48,54,53,56,61,47,45,56,61,33,52,48,42,57,55,50,56,53,54,43,53,60,65,62,52,55,58,47,51,46,57,52,58,60,7,10,14,13,6,10,League One
E. Leach,AFC Wimbledon,Inglaterra,27,LM,Left,184,19,56,,61,51,53,58,36,52,53,52,43,57,46,62,50,49,49,59,62,61,53,50,53,51,49,60,52,49,45,37,61,52,51,48,33,38,30,13,13,10,6,15,15,League One
R. Horan,AFC Wimbledon,Inglaterra,22,CB,Left,178,19,55,,50,35,40,45,58,55,39,27,52,44,29,40,31,36,44,48,54,47,46,46,52,51,57,54,54,39,58,62,30,35,39,53,56,58,61,11,14,9,13,6,9,League One
M. Hippolyte,AFC Wimbledon,Grenada,21,"CM, CAM, LW",Right,183,31,63,,57,59,67,62,56,63,64,59,54,70,53,62,55,56,69,61,59,56,62,67,63,62,60,67,62,58,59,59,60,68,54,61,55,55,53,11,11,12,15,11,6,League One
D. McCoy-Splatt,AFC Wimbledon,Jamaica,18,CM,Right,183,21,57,,53,54,56,56,48,57,55,53,50,55,50,55,54,50,61,58,55,51,53,56,58,53,57,61,59,61,48,47,51,58,46,57,50,47,45,8,10,13,9,8,9,League One
A. Smith,AFC Wimbledon,Inglaterra,12,"CM, CDM, RW",Right,193,27,62,,62,56,63,60,57,64,57,49,56,62,52,57,57,56,67,64,58,65,58,61,58,65,56,73,64,60,56,61,58,71,63,61,59,56,47,8,15,10,13,10,8,League One
Z. Nelson,AFC Wimbledon,Inglaterra,10,"CM, CAM",Right,183,21,62,,61,58,64,62,54,60,55,56,53,68,55,60,59,60,69,65,59,62,60,64,58,61,50,63,59,60,60,54,56,66,58,62,54,55,56,8,13,7,10,10,7,League One
C. Maycock,AFC Wimbledon,Inglaterra,8,"CM, CAM, RW",Right,182,28,62,,58,58,60,65,53,61,56,56,58,61,55,67,60,58,67,65,60,57,61,65,62,58,54,66,59,60,60,53,57,60,62,63,52,51,53,15,15,11,11,14,13,League One
J. Tilley,AFC Wimbledon,Inglaterra,7,"RM, CAM, RB",Left,168,28,58,,65,54,56,59,38,50,63,51,36,58,55,59,57,50,49,58,64,65,68,54,69,57,43,59,47,57,49,41,57,52,55,49,38,38,39,12,15,6,12,7,8,League One
O. Harrison,AFC Wimbledon,Inglaterra,5,"CDM, CM",Right,181,19,61,,55,51,60,58,62,63,54,48,57,65,48,58,48,52,67,59,57,54,54,53,52,58,58,60,67,52,60,66,57,57,49,60,58,63,65,15,15,12,9,15,6,League One
I. Ogundere,AFC Wimbledon,Inglaterra,33,"CB, RB",Right,177,23,62,,56,39,51,51,66,61,50,31,65,59,38,48,41,45,47,51,56,56,57,59,54,58,63,52,64,39,62,65,33,43,41,61,63,70,68,6,12,10,15,6,10,League One
D. Sweeney,AFC Wimbledon,Inglaterra,26,CB,Left,191,32,65,,54,47,54,54,68,66,46,41,69,61,42,50,43,46,60,57,51,56,52,60,52,67,68,62,68,45,68,66,42,48,43,65,65,74,67,10,10,9,11,6,8,League One
S. Goma,AFC Wimbledon,Inglaterra,25,"CB, CDM",Right,183,18,55,,56,38,42,47,56,59,34,33,58,52,30,44,40,36,45,50,55,56,45,47,43,52,58,51,64,38,59,54,32,33,35,51,56,55,62,13,12,8,7,10,15,League One
A. Yiadom,AFC Wimbledon,Ghana,17,"RB, CB",Right,186,34,61,,60,48,55,58,58,63,59,43,52,57,43,57,50,51,51,58,66,56,61,61,55,57,59,64,64,51,61,58,44,55,44,55,58,61,60,10,6,14,14,14,12,League One
F. Simmonds,AFC Wimbledon,Inglaterra,15,"CB, CDM",Right,192,18,52,,47,34,41,41,58,54,43,28,58,47,27,38,38,35,41,45,49,46,37,50,38,53,60,51,55,32,55,54,26,32,33,46,56,61,59,8,7,10,8,15,11,League One
R. Johnson,AFC Wimbledon,Irlanda del Norte,6,"CB, RB",Right,188,30,60,,52,41,49,50,64,65,47,35,62,58,33,47,41,39,52,53,53,52,47,53,48,57,59,59,69,42,64,65,35,37,43,62,65,63,61,10,13,6,6,15,8,League One
S. Seddon,AFC Wimbledon,Inglaterra,3,"LM, LB, CB",Left,179,28,60,,64,55,59,60,41,56,61,53,48,59,52,60,63,53,60,60,63,65,60,57,64,63,50,67,55,54,46,39,56,57,53,64,41,42,34,6,14,14,13,14,6,League One
S. Sessegnon,AFC Wimbledon,Inglaterra,2,"LB, RB, CB",Right,175,26,61,,64,49,57,58,59,60,61,45,48,61,46,59,54,47,55,57,63,64,62,57,63,58,54,67,59,48,54,58,51,52,45,55,57,62,65,11,15,10,10,11,15,League One
J. Bursik,AFC Wimbledon,Inglaterra,39,GK,Right,190,26,58,,33,18,24,26,15,42,12,10,18,28,10,15,10,14,34,28,33,33,32,56,39,39,47,33,49,17,35,22,10,29,18,39,11,11,19,64,56,53,58,58,38,League One
J. McDonnell,AFC Wimbledon,Inglaterra,20,GK,Right,179,32,62,,30,21,28,28,19,44,17,13,22,30,15,19,13,18,38,28,30,30,37,56,45,39,46,34,52,22,38,24,14,34,21,42,20,13,20,58,60,55,61,66,40,League One
N. Bishop,AFC Wimbledon,Inglaterra,1,GK,Right,185,26,63,,41,22,32,30,22,44,15,12,20,38,14,18,20,23,33,35,40,41,37,62,43,48,53,35,51,22,38,28,16,42,26,40,19,23,14,65,61,58,62,66,40,League One
R. Oates,Mansfield Town,Inglaterra,18,"ST, CAM",Right,183,31,64,,64,63,53,64,32,59,50,63,70,59,67,64,54,48,45,63,61,66,62,71,61,64,60,59,61,62,53,28,69,53,61,64,25,29,29,8,8,11,12,9,11,League One
D. McGoldrick,Mansfield Town,Irlanda,17,"ST, CAM, LW",Right,185,38,65,,57,69,56,63,32,64,54,74,71,56,64,64,60,54,50,59,56,57,63,75,60,65,68,61,67,63,60,27,65,60,64,67,25,29,29,15,9,6,11,12,13,League One
M. Smith,Mansfield Town,Inglaterra,14,"ST, LW",Left,193,34,64,,60,65,54,60,31,64,55,67,69,53,61,58,51,53,46,61,62,58,56,63,55,64,64,57,69,62,60,29,69,62,64,70,28,26,21,12,10,7,10,15,10,League One
G. Maris,Mansfield Town,Inglaterra,10,RW,Right,180,30,63,,69,62,60,67,37,54,62,61,56,57,57,67,64,58,59,67,68,70,66,67,69,64,55,55,52,64,55,35,67,65,57,62,33,38,28,9,11,8,10,13,13,League One
O. Dodgson,Mansfield Town,Inglaterra,39,"LB, CB, LW",Left,178,23,58,,65,45,53,53,54,56,58,42,49,55,40,50,49,44,54,52,62,67,63,54,60,55,58,62,52,44,58,52,49,45,41,57,52,57,58,10,10,8,8,6,9,League One
L. Reed,Mansfield Town,Inglaterra,25,"CDM, CM",Right,173,29,63,,55,54,61,60,61,62,52,50,60,68,48,55,52,52,65,63,53,56,59,67,64,61,58,66,59,57,67,65,56,60,54,62,58,63,61,12,13,10,6,9,9,League One
R. Hendry,Mansfield Town,Escocia,24,"CAM, LW, CDM",Left,176,28,58,,56,56,59,59,31,53,55,53,47,64,55,61,60,55,61,56,59,54,61,55,61,60,49,56,53,60,49,41,65,55,51,57,26,28,21,13,13,13,10,14,14,League One
N. Moriah-Welsh,Mansfield Town,Guyana,22,"CAM, RW, CDM",Right,172,24,61,,64,61,62,65,35,53,58,60,44,61,58,66,64,58,61,66,67,62,65,62,61,61,51,63,49,61,52,40,65,67,60,64,35,30,29,9,13,14,7,9,7,League One
T. Roberts,Mansfield Town,Gales,19,"CAM, ST",Right,180,27,63,,62,61,65,69,36,57,64,60,51,64,56,71,64,63,67,69,66,59,68,68,66,67,50,62,60,55,45,40,63,69,66,62,32,33,31,15,15,10,9,11,14,League One
L. Thompson,Mansfield Town,Inglaterra,16,"CAM, CDM, CM",Right,173,24,65,,64,64,66,71,36,55,64,64,49,67,61,73,61,57,65,71,64,64,69,66,72,66,52,58,56,64,51,42,59,73,64,64,35,32,30,8,10,13,7,6,14,League One
J. Russell,Mansfield Town,Jamaica,13,"CAM, CDM, CM",Right,193,25,64,,67,63,63,68,40,59,61,60,55,65,62,69,65,59,58,68,70,65,66,68,63,67,57,61,61,67,52,45,62,66,63,63,39,35,34,7,13,15,8,14,6,League One
L. Bolton,Mansfield Town,Inglaterra,8,RW,Left,174,26,58,,66,58,56,62,27,50,61,58,39,58,56,67,58,50,48,59,67,65,63,59,57,60,51,57,48,55,45,26,62,52,54,50,23,30,23,14,13,8,8,8,9,League One
L. Akins,Mansfield Town,Grenada,7,"RB, CAM, RW",Right,180,37,65,,60,50,62,65,64,64,61,45,61,64,47,61,60,53,59,69,60,60,67,65,66,58,64,70,60,50,67,60,56,63,52,68,62,70,62,8,13,10,10,12,15,League One
S. McLaughlin,Mansfield Town,Irlanda,3,"LB, LW, CDM",Left,178,36,65,,60,50,64,64,62,60,71,46,57,66,43,64,58,53,62,62,58,61,69,63,68,56,64,67,56,50,61,61,57,58,58,63,60,66,67,15,6,11,9,15,14,League One
G. Abbott,Mansfield Town,Inglaterra,11,"CDM, CM, CAM",Right,175,21,62,,56,53,58,58,60,60,50,47,54,64,47,54,49,50,60,59,55,56,65,61,61,62,60,64,55,60,66,59,55,56,53,63,65,59,55,11,14,11,11,13,6,League One
A. Oshilaja,Mansfield Town,Inglaterra,23,CB,Right,181,33,66,,57,46,56,54,68,66,52,39,69,62,38,50,48,48,59,54,56,58,53,69,57,65,65,65,66,46,67,71,37,49,46,72,68,66,65,13,12,8,13,8,14,League One
F. Blake-Tracy,Mansfield Town,Inglaterra,20,"CB, LB, LW",Right,183,31,64,,58,46,49,55,69,65,47,42,67,52,39,49,42,42,55,59,54,61,54,66,55,59,68,56,69,46,66,73,36,47,47,65,69,68,68,10,14,14,10,8,10,League One
J. Bowery,Mansfield Town,St. Kitts and Nevis,9,"CB, RB",Right,185,35,63,,50,40,54,51,66,66,48,36,65,64,33,44,40,49,57,55,49,51,52,62,56,51,66,63,66,40,70,65,38,46,46,63,69,63,64,6,15,7,15,11,8,League One
B. Cargill,Mansfield Town,Inglaterra,6,CB,Right,192,31,61,,52,42,50,52,62,61,45,39,66,54,31,51,44,43,62,53,53,52,44,58,46,55,59,52,65,39,63,59,37,43,45,61,63,62,58,8,15,15,9,10,10,League One
R. Sweeney,Mansfield Town,Inglaterra,5,"CB, RB",Right,185,29,61,,53,41,49,56,64,64,45,37,60,58,29,51,41,43,55,62,55,52,49,64,49,54,66,61,65,43,64,67,37,35,38,57,58,68,66,11,7,12,6,15,6,League One
E. Hewitt,Mansfield Town,Gales,4,"CB, RB",Right,180,32,62,,51,41,52,53,64,63,44,35,60,61,42,48,44,49,53,58,48,53,47,62,50,59,63,60,63,35,67,60,35,45,47,64,65,65,65,15,13,6,11,14,12,League One
K. Knoyle,Mansfield Town,Inglaterra,2,"CB, RB",Right,177,30,60,,55,41,50,50,61,59,42,36,57,58,33,46,40,45,54,50,56,55,57,59,49,56,64,56,58,43,65,63,36,45,35,56,63,58,65,12,12,10,9,13,6,League One
H. Lewis,Mansfield Town,Inglaterra,21,GK,Left,191,28,57,,31,16,24,25,14,41,15,10,12,29,10,12,10,10,25,29,30,31,37,56,40,37,44,31,49,10,35,23,10,32,15,33,10,13,15,57,56,51,55,57,34,League One
L. Roberts,Mansfield Town,Inglaterra,1,GK,Right,183,31,64,,37,22,32,31,22,50,14,16,24,36,15,14,17,21,38,37,38,37,42,64,46,39,55,43,54,21,45,25,11,43,26,51,21,20,20,62,65,58,65,64,40,League One
L. Farrell,Barnsley,Inglaterra,39,"ST, LW",Right,187,20,57,,57,56,48,56,24,57,45,54,62,51,53,59,48,47,42,55,55,59,49,55,52,64,60,53,61,51,49,21,63,52,52,56,23,16,22,7,8,10,6,13,13,League One
L. Alker,Barnsley,Inglaterra,36,"LW, RW",Left,182,19,55,,62,53,52,57,26,49,55,50,50,55,48,57,54,46,44,57,63,62,61,53,56,60,48,59,47,53,40,26,60,49,52,51,26,21,21,15,7,6,14,7,10,League One
R. Cleary,Barnsley,Inglaterra,19,"LW, RW, LM",Right,185,22,61,,67,59,60,63,30,57,57,59,51,63,59,68,64,55,54,59,70,65,58,58,65,61,48,66,55,54,51,29,67,60,60,57,29,30,19,13,8,15,13,9,13,League One
Fábio Jaló,Barnsley,Portugal,18,"RW, ST",Right,177,20,57,,60,55,57,58,31,47,58,58,47,57,59,58,57,54,49,59,61,60,63,54,54,53,47,55,46,51,41,28,55,61,51,55,31,29,24,10,11,8,11,14,8,League One
A. Richards,Barnsley,Inglaterra,17,"RW, LW",Right,177,21,57,,66,56,53,64,26,45,58,58,45,52,50,63,53,50,47,69,67,65,58,59,69,58,48,54,43,51,37,30,56,53,52,59,25,19,22,14,9,11,8,13,6,League One
C. Taylor,Barnsley,Australia,13,LW,Left,175,22,61,,64,58,59,66,32,54,63,56,48,62,51,63,63,51,51,69,66,63,66,65,71,64,48,59,56,58,46,31,64,58,61,63,33,29,23,12,11,10,8,10,7,League One
B. Touré,Barnsley,Costa de Marfil,10,ST,Right,185,23,65,Costa de Marfil,68,68,52,63,31,66,52,70,62,54,67,64,59,55,47,63,66,69,59,62,62,68,64,59,71,66,61,26,69,52,63,68,29,30,22,12,15,14,11,7,13,League One
M. Kirk,Barnsley,Irlanda del Norte,9,"ST, LW",Right,184,22,58,,59,59,50,54,24,58,44,62,61,56,58,51,51,45,48,55,57,61,60,59,51,60,60,50,65,49,52,21,61,47,65,54,24,16,19,13,9,15,11,10,12,League One
L. Connell,Barnsley,Irlanda,48,"CDM, CM",Left,177,25,65,,58,56,62,63,65,68,51,52,59,66,46,56,56,51,72,71,57,59,61,65,61,65,70,68,68,57,65,68,56,64,56,64,63,66,70,10,15,15,12,13,13,League One
V. Yoganathan,Barnsley,Gales,45,"CDM, RW, CAM",Right,186,20,60,,55,49,56,55,62,63,49,43,55,60,47,53,52,48,63,55,55,55,62,58,55,56,60,62,65,53,62,70,54,54,50,56,61,62,60,12,13,9,12,7,11,League One
T. Dunne,Barnsley,Irlanda,44,CM,Right,175,25,60,,57,58,61,62,52,56,54,54,42,66,49,60,54,63,60,65,56,58,61,57,60,63,52,60,54,66,56,51,55,63,55,57,51,57,53,9,6,6,15,7,15,League One
N. Saunders,Barnsley,Inglaterra,38,"RB, LB",Right,180,18,55,,59,39,51,51,56,54,57,35,47,51,38,49,43,39,51,52,60,59,56,53,55,46,55,59,51,43,54,59,44,48,35,44,58,56,56,8,12,14,8,12,6,League One
N. Town,Barnsley,Inglaterra,34,LM,Left,177,20,57,,63,51,61,60,38,50,66,50,37,64,51,61,56,52,60,62,61,65,59,53,63,53,47,60,44,50,53,36,50,53,53,48,36,40,41,10,13,13,14,7,9,League One
J. Bland,Barnsley,Gales,30,"CDM, RB, CM",Right,180,20,61,,56,53,57,59,63,65,50,48,52,62,48,57,52,48,61,61,59,54,56,58,63,59,55,67,64,61,69,70,54,54,54,57,58,68,58,12,12,9,8,8,14,League One
P. Kelly,Barnsley,Irlanda del Norte,22,"CAM, CDM, RW",Right,172,22,63,Irlanda del Norte,62,62,64,67,35,54,62,63,45,67,56,68,69,58,59,66,67,58,66,66,65,57,53,61,52,63,49,40,64,64,63,65,30,34,30,6,8,7,9,8,7,League One
T. Noslin,Barnsley,Curazao,11,"RB, RM, RW",Left,182,24,65,Curazao,72,53,62,60,63,66,68,52,62,61,46,61,59,55,64,59,68,75,61,60,57,59,69,64,67,48,67,63,54,59,54,61,65,61,64,6,9,7,15,7,10,League One
C. McGeehan,Barnsley,Irlanda del Norte,8,"CDM, CAM, CM",Right,180,31,63,,54,55,61,58,65,64,54,53,56,65,49,54,52,49,68,61,54,54,53,66,60,55,56,63,62,60,70,66,55,61,50,65,64,69,63,14,12,8,7,11,8,League One
C. Hudson,Barnsley,Inglaterra,37,"CB, RB",Right,186,19,56,,55,34,43,46,61,60,38,27,58,50,33,45,35,35,48,47,53,57,41,46,53,48,62,51,65,37,59,59,33,37,33,47,62,65,57,10,12,11,9,15,15,League One
I. Smith,Barnsley,Inglaterra,15,LB,Left,179,21,57,,61,42,58,52,53,55,58,40,51,64,40,46,51,45,55,55,60,61,60,59,64,51,52,58,55,40,51,51,45,54,40,51,56,52,54,13,8,7,10,14,15,League One
J. Okedina,Barnsley,Malawi,12,CB,Right,184,25,58,,49,37,47,48,62,57,50,29,64,50,34,43,37,45,52,52,48,50,43,55,52,54,62,51,57,38,61,60,31,40,38,58,65,61,57,10,15,12,11,15,8,League One
C. O'Riordan,Barnsley,Irlanda,6,"CB, RB",Right,193,22,61,,55,41,51,51,64,66,52,36,66,60,37,48,39,45,54,53,53,56,49,62,47,59,63,55,72,39,66,61,32,37,34,57,69,59,66,10,8,7,8,6,12,League One
J. Shepherd,Barnsley,Inglaterra,5,"CB, LB",Left,189,25,64,,62,45,52,57,67,69,46,41,74,59,35,54,50,46,59,62,59,65,51,55,51,61,69,61,73,43,70,62,32,44,45,62,65,70,66,7,14,12,8,7,11,League One
S. Gale,Barnsley,Inglaterra,4,"CB, RB, LB",Right,187,22,62,,59,43,50,50,67,63,48,37,70,58,38,47,38,39,52,52,60,58,46,58,53,56,63,59,67,47,60,69,41,40,44,62,68,64,67,7,13,14,11,8,15,League One
Z. Larkeche,Barnsley,Francia,3,"LB, RB",Left,182,24,62,,66,46,56,62,59,62,62,40,57,58,47,61,53,40,58,61,67,65,63,71,61,57,61,68,60,46,61,59,47,51,45,60,62,57,62,15,7,8,12,13,7,League One
A. Kay,Barnsley,Inglaterra,2,"LB, RB",Right,174,18,56,,62,41,53,52,54,52,59,38,46,56,40,51,44,37,53,51,65,59,63,49,55,51,50,61,47,38,53,57,40,50,36,49,49,57,61,15,9,8,9,13,11,League One
K. Flavell,Barnsley,Inglaterra,51,GK,Right,197,23,60,,34,19,30,29,16,43,16,10,15,38,16,22,14,13,28,28,38,31,33,59,40,44,49,31,51,17,35,24,12,40,25,41,11,16,19,59,55,55,62,64,37,League One
J. Andrassy,Barnsley,Inglaterra,28,GK,Right,193,21,56,,31,18,23,24,12,38,10,10,15,29,10,12,13,11,26,29,31,31,28,50,40,42,44,32,42,16,34,19,10,29,16,36,10,10,10,58,55,50,57,58,35,League One
R. Ravenhill,Barnsley,Inglaterra,25,GK,Left,179,20,57,,34,16,24,24,14,40,10,10,15,34,10,10,10,12,23,31,36,33,35,54,31,37,48,34,46,11,29,19,10,30,18,31,13,14,11,57,59,51,57,64,39,League One
C. Slicker,Barnsley,Escocia,1,GK,Right,191,24,63,,40,22,33,28,20,45,20,17,19,37,17,17,21,17,39,28,42,38,35,57,46,42,47,40,50,17,37,28,13,41,18,45,22,14,19,63,63,54,61,64,43,League One
D. Efobi,Cambridge United,Inglaterra,32,"LW, ST",Right,177,17,52,,62,50,50,54,23,44,50,53,37,49,47,58,59,42,47,51,64,61,55,47,54,49,46,50,43,45,36,29,56,56,47,48,19,21,15,7,14,8,14,12,11,League One
S. Lavery,Cambridge United,Irlanda del Norte,19,"ST, CF",Right,180,27,60,,61,60,52,60,24,59,53,60,58,54,62,57,49,52,45,62,63,59,64,57,60,62,59,51,63,56,57,24,62,51,57,60,23,16,14,12,11,6,15,15,6,League One
R. Loft,Cambridge United,Inglaterra,18,ST,Left,190,29,59,,63,62,51,56,23,59,46,70,61,55,57,50,53,46,46,63,64,62,57,56,51,55,60,53,65,55,51,20,61,55,61,57,23,15,18,11,9,7,10,12,11,League One
G. Ahadme,Cambridge United,Marruecos,14,"ST, CF",Right,188,25,62,,62,69,51,62,28,60,42,72,64,57,64,57,52,50,48,68,65,59,62,69,52,72,72,54,64,61,56,20,66,50,65,61,21,30,18,15,8,8,7,11,13,League One
L. Appéré,Cambridge United,Escocia,9,"ST, LW",Left,185,27,59,,60,62,51,54,28,64,51,63,63,54,57,55,50,45,48,51,57,62,57,59,54,61,62,58,68,62,60,26,61,48,60,66,22,25,25,8,15,9,9,10,7,League One
R. Bangura-Williams,Cambridge United,Sierra Leona,44,CAM,Left,173,22,60,,59,58,62,65,32,53,57,55,48,63,51,67,60,61,60,64,60,59,69,59,64,58,48,58,53,65,49,28,63,67,56,57,30,30,33,13,12,13,13,6,7,League One
G. Hoddle,Cambridge United,Inglaterra,38,"CDM, CM",Right,177,21,58,,52,47,52,57,59,61,38,41,50,60,44,53,50,48,56,61,54,50,56,52,53,56,62,62,60,51,62,61,47,51,45,63,61,58,57,9,15,13,8,8,11,League One
D. Herd,Cambridge United,Inglaterra,33,RB,Left,167,17,53,,60,39,49,50,53,48,57,34,44,52,37,48,42,36,52,46,57,62,63,51,65,52,43,57,44,38,48,57,39,39,42,50,54,53,53,9,13,13,12,10,11,League One
L. McDougald,Cambridge United,Inglaterra,30,LM,Left,165,17,53,,63,49,54,55,34,45,56,47,40,56,51,58,47,46,50,51,64,62,63,47,57,54,45,58,37,46,50,37,48,54,49,48,30,33,34,14,7,15,12,9,7,League One
G. McConnell,Cambridge United,Inglaterra,27,"CAM, LW",Right,173,21,60,,61,61,63,62,33,52,56,62,41,66,57,61,61,58,60,62,63,59,64,66,61,60,52,52,55,59,46,36,62,68,61,60,31,31,33,15,9,13,7,12,11,League One
S. McLoughlin,Cambridge United,Inglaterra,21,"CDM, CAM",Right,175,29,60,,52,52,54,56,60,60,52,50,54,57,45,56,48,54,55,54,55,49,54,63,56,54,57,62,58,53,65,62,51,53,57,62,62,60,61,12,7,7,10,8,10,League One
P. Mpanzu,Cambridge United,República Democrática del Congo,17,"CDM, CAM, CM",Right,176,32,63,,53,56,60,61,64,64,48,53,55,70,48,62,52,53,62,61,57,49,54,68,63,62,59,68,60,60,69,64,56,58,57,66,65,67,63,6,15,14,15,6,12,League One
C. Stead,Cambridge United,Inglaterra,12,"CAM, CM, RW",Right,174,26,63,,61,61,64,63,37,54,59,62,48,66,56,61,68,62,62,63,62,61,64,68,72,60,46,59,53,62,50,39,62,64,63,68,34,36,33,7,7,13,11,8,6,League One
S. Kaikai,Cambridge United,Sierra Leona,11,"CAM, LW, RM",Right,182,31,64,,63,65,66,67,37,55,61,67,53,70,60,69,63,65,60,67,66,61,63,61,61,65,55,64,51,64,52,41,65,71,61,66,32,39,26,8,12,9,15,8,12,League One
B. Knight,Cambridge United,Inglaterra,10,"CAM, RW, ST",Left,170,24,65,,68,64,66,69,40,52,66,62,46,69,68,69,62,59,63,69,67,68,68,65,76,61,52,62,46,70,53,44,63,66,61,64,39,40,26,12,6,11,6,7,6,League One
O. Moxon,Cambridge United,Inglaterra,8,"CDM, CM, CAM",Right,186,28,61,,53,53,59,55,59,63,47,49,54,68,47,52,53,50,63,58,54,53,55,59,48,61,56,61,62,58,70,57,53,57,51,61,58,64,57,7,11,11,9,7,12,League One
I. Heath,Cambridge United,Inglaterra,7,"LB, CAM, LW",Right,180,21,60,,63,46,56,57,57,60,58,41,59,58,38,53,54,46,57,56,65,61,67,59,65,55,58,66,58,49,56,55,47,51,45,61,60,54,59,14,14,13,8,13,13,League One
D. Ball,Cambridge United,Inglaterra,4,"CDM, CM",Left,184,31,62,,55,52,60,59,64,66,54,50,63,64,47,59,50,49,64,58,54,55,59,61,59,59,65,64,68,53,66,65,54,62,50,62,62,65,66,6,14,10,8,12,10,League One
L. Bennett,Cambridge United,Inglaterra,2,"RB, RM",Left,171,24,63,,75,50,58,61,60,58,67,47,55,58,45,63,59,44,59,56,73,77,70,58,65,60,57,66,54,47,57,61,50,54,45,62,61,59,65,9,11,11,9,14,8,League One
S. Curtis,Cambridge United,Irlanda,29,RB,Right,185,20,60,,66,46,55,54,56,65,59,46,54,60,40,54,53,42,53,52,62,70,56,57,61,51,60,68,65,42,61,56,41,48,43,53,55,59,57,7,12,8,8,11,13,League One
Z. Bradshaw,Cambridge United,Inglaterra,22,"LB, CB",Left,185,23,58,,62,42,52,52,55,60,57,38,50,55,38,50,44,43,53,50,59,64,61,56,51,48,58,59,64,48,51,54,46,44,38,52,56,56,54,7,6,7,6,11,11,League One
C. Heffernan,Cambridge United,Irlanda,15,"CB, CDM",Left,188,21,55,,51,36,43,43,58,59,40,31,60,52,27,36,29,36,48,48,48,53,43,54,50,47,60,54,61,38,62,58,33,34,39,50,52,60,66,12,8,13,13,10,15,League One
K. Watts,Cambridge United,Inglaterra,6,CB,Right,192,26,66,,64,46,52,54,68,68,49,41,71,61,44,51,43,44,52,54,60,67,56,56,54,57,75,61,71,47,69,68,41,43,44,62,67,69,66,9,13,14,15,15,13,League One
P. Bauer,Cambridge United,Alemania,5,"CB, CDM",Right,192,33,64,,51,45,51,55,66,67,49,41,66,54,36,52,42,42,55,57,48,54,51,61,51,59,70,56,70,43,72,68,37,49,45,63,65,64,68,14,7,8,11,6,6,League One
C. Perry,Cambridge United,Inglaterra,3,"CB, LB",Right,180,21,57,,53,38,44,48,62,57,43,33,58,51,39,44,34,41,47,51,52,54,48,52,49,48,55,52,59,40,57,61,33,35,34,56,58,67,61,12,10,6,13,6,12,League One
J. Briggs,Cambridge United,Inglaterra,31,GK,Left,187,28,57,,34,17,26,25,13,40,11,10,19,34,10,16,10,13,29,25,35,33,32,54,37,37,44,27,48,15,36,20,10,31,20,35,10,10,10,58,60,51,62,57,35,League One
B. Hughes,Cambridge United,Gales,25,GK,Right,184,22,56,,30,15,23,23,16,37,11,10,16,27,10,12,15,14,27,25,27,32,31,54,35,34,47,27,43,11,30,23,10,28,12,41,18,11,10,55,59,51,57,58,34,League One
G. Breeze,Cambridge United,Inglaterra,13,GK,Right,187,22,58,,33,18,28,26,16,41,14,15,18,36,10,15,12,12,28,28,32,33,33,54,37,37,46,33,48,11,31,21,10,36,10,43,15,13,13,56,57,54,60,58,36,League One
J. Eastwood,Cambridge United,Inglaterra,1,GK,Right,193,30,62,,35,21,30,29,20,43,22,16,18,37,10,21,20,15,30,29,34,36,36,58,40,42,55,37,47,15,39,29,10,34,27,36,20,15,18,63,64,54,60,64,40,League One
W. Alves,Leicester City,Inglaterra,37,"LW, CAM, RW",Left,169,21,61,,64,58,59,63,31,52,58,60,42,61,58,67,60,51,61,57,65,64,68,66,69,55,51,56,52,56,45,34,66,57,56,60,28,30,23,15,9,9,9,11,9,League One
T. Watson,Leicester City,Inglaterra,23,"LW, ST",Left,190,20,56,,63,58,53,59,25,50,49,60,44,58,53,63,57,49,49,58,66,61,59,48,55,56,53,58,50,57,40,27,57,51,52,57,23,20,19,15,8,7,14,6,9,League One
H. Howell,Leicester City,Inglaterra,20,"RW, CAM",Left,169,18,63,,69,61,64,69,31,53,62,61,49,65,57,72,65,62,55,67,70,69,72,56,67,66,44,62,49,59,54,33,60,70,60,63,27,28,28,6,9,12,7,14,8,League One
E. Riis Jakobsen,Leicester City,Dinamarca,17,"ST, LW",Right,190,28,62,,65,60,50,62,28,65,47,61,68,51,65,63,54,47,40,61,63,66,63,67,54,62,61,63,69,54,58,26,65,59,58,64,22,25,19,7,9,8,13,13,11,League One
A. Bristrić,Leicester City,Bosnia-Herzegovina,9,ST,Right,187,23,63,,63,63,54,62,31,59,52,65,67,57,62,62,54,53,49,64,63,63,59,62,55,62,66,61,59,58,57,28,71,54,65,68,26,29,26,15,13,15,6,11,7,League One
W. Burns,Leicester City,Gales,7,"RW, RM",Right,173,31,70,Gales,74,67,71,72,40,62,75,70,56,71,63,72,72,67,65,71,76,73,74,70,72,68,59,67,62,61,57,40,69,70,69,67,41,36,36,7,9,9,9,13,14,League One
S. Braybrooke,Leicester City,Inglaterra,36,"CDM, CM, CAM",Right,178,22,63,,58,55,61,59,65,65,55,53,60,71,49,58,55,52,59,60,56,59,56,66,63,59,56,65,65,58,69,71,57,55,55,61,59,69,61,11,7,12,9,13,10,League One
K. Doyle,Leicester City,Inglaterra,27,"CAM, RW, LM",Right,177,21,60,,60,60,62,66,35,52,59,58,44,66,49,66,57,61,59,69,67,55,67,61,64,60,46,62,49,65,49,35,62,60,57,59,34,35,30,11,13,7,15,13,9,League One
L. Page,Leicester City,Inglaterra,25,"CDM, CM, CAM",Right,180,18,64,,61,55,62,57,64,67,55,47,58,66,50,53,55,52,68,60,58,63,61,57,61,65,64,65,67,61,68,61,57,63,57,62,65,67,63,8,14,15,8,10,10,League One
B. Reid,Leicester City,Jamaica,14,"CAM, ST, LW",Left,170,33,69,,64,69,70,73,42,58,65,72,54,76,65,75,62,66,62,72,67,61,75,70,69,66,61,68,55,68,53,44,72,75,64,71,41,39,35,10,15,13,6,7,15,League One
L. Cullen,Leicester City,Gales,11,"CAM, RW, RM",Right,178,27,68,Gales,67,68,69,70,38,61,66,69,53,74,69,70,69,65,64,70,70,64,73,67,77,67,56,70,59,69,56,37,70,67,63,66,39,35,33,13,9,8,13,8,9,League One
C. Chaplin,Leicester City,Inglaterra,8,"CAM, RW",Right,168,29,69,,70,68,71,72,42,61,66,68,53,70,66,72,70,70,67,72,69,70,79,64,74,71,50,72,59,64,57,47,67,80,65,71,41,39,38,6,8,8,8,6,12,League One
J. Lundstram,Leicester City,Inglaterra,6,"CDM, CAM",Right,181,32,67,,60,57,64,64,69,68,59,53,61,67,51,63,60,57,72,65,58,61,64,64,64,63,67,70,69,62,65,70,58,62,57,67,66,72,71,7,7,11,14,8,10,League One
J. Joseph,Leicester City,Inglaterra,2,"RB, LB",Left,172,20,59,,64,44,54,57,56,51,60,42,50,57,39,56,50,42,56,56,63,64,63,62,65,48,56,57,47,47,54,55,46,47,44,48,55,60,60,6,14,11,14,9,7,League One
L. Thomas,Leicester City,Inglaterra,33,"LB, CB",Left,181,25,71,,75,59,67,67,68,69,72,57,58,69,46,66,63,54,70,65,76,75,74,68,70,64,69,73,67,60,68,67,58,60,58,68,66,75,67,7,8,8,8,15,13,League One
O. Aluko,Leicester City,Inglaterra,32,"RB, RM",Right,179,19,56,,63,41,52,56,54,56,54,36,51,55,38,56,48,40,51,57,65,62,56,49,56,54,56,59,54,38,59,55,46,47,35,51,52,53,61,10,6,12,7,8,6,League One
W. Coulibaly,Leicester City,Malí,26,"RB, LB",Right,182,27,68,,73,51,64,64,65,68,67,47,58,70,52,64,64,50,62,63,72,73,69,65,69,62,69,72,64,51,71,65,51,54,50,60,65,65,70,8,12,7,10,6,13,League One
I. Kangasniemi,Leicester City,Finlandia,24,CB,Right,182,19,59,,55,41,46,47,60,63,44,34,59,53,33,44,43,37,52,47,54,56,45,53,51,59,60,59,66,40,60,59,36,35,41,56,62,60,59,11,7,14,13,13,13,League One
C. McFarlane,Leicester City,Inglaterra,18,LB,Right,183,19,62,,69,48,57,57,60,63,66,43,56,58,46,58,53,45,54,56,67,71,59,54,68,57,58,66,64,50,59,57,48,52,48,53,62,61,60,9,6,15,14,10,13,League One
W. O'Hora,Leicester City,Irlanda,16,"CB, RB",Right,188,27,63,,60,41,51,53,64,67,49,35,64,60,41,50,38,38,52,53,59,61,54,58,52,57,65,59,73,38,63,65,37,43,42,67,62,66,66,7,14,12,8,7,15,League One
H. Souttar,Leicester City,Australia,15,"CB, RB",Right,198,27,68,Australia,64,50,58,57,69,75,53,44,77,66,44,57,52,41,59,57,61,67,52,67,58,67,80,69,80,51,69,68,44,52,44,64,68,69,67,7,7,9,7,12,10,League One
M. Caleb Okoli,Leicester City,Italia,5,"CB, RB",Left,191,25,76,,75,57,64,63,80,80,59,53,82,70,49,57,50,58,68,68,74,75,60,72,64,71,84,75,83,56,79,80,48,58,58,77,81,80,77,12,8,13,12,14,6,League One
B. Nelson,Leicester City,Inglaterra,4,"CB, LB",Left,187,22,67,,68,47,56,57,73,70,53,45,75,65,43,52,48,47,61,62,64,71,52,66,54,59,67,73,69,42,72,70,39,44,48,67,73,74,75,12,10,7,15,9,8,League One
W. Faes,Leicester City,Bélgica,3,CB,Right,187,28,73,,66,54,60,62,78,75,56,50,77,71,49,54,52,51,62,69,64,67,61,72,64,64,79,70,77,53,75,78,52,49,55,71,79,79,73,8,15,12,10,9,13,League One
A. McCarthy,Leicester City,Inglaterra,29,GK,Right,193,36,65,,34,23,33,34,21,45,19,16,24,40,12,26,18,19,38,35,37,32,41,62,45,48,55,38,50,19,38,26,19,40,23,46,19,20,18,72,65,59,64,69,37,League One
F. Ravizzoli,Leicester City,Argentina,21,GK,Right,190,29,62,,38,18,30,28,20,41,13,10,20,34,11,19,16,19,36,30,37,38,31,57,48,37,51,33,47,16,34,30,13,40,24,41,15,19,18,63,61,55,61,60,41,League One
J. Stolarczyk,Leicester City,Polonia,1,GK,Left,194,25,68,,40,25,36,33,25,53,22,17,30,43,14,20,21,17,34,36,39,40,43,66,50,50,55,44,62,22,42,32,19,47,27,45,27,16,25,69,65,65,67,66,47,League One
D. Cornell,Leicester City,Gales,12,GK,Right,180,35,66,Gales,36,23,33,36,22,47,20,16,27,39,15,29,25,19,34,35,33,38,41,66,51,46,53,41,54,21,35,31,10,42,28,49,17,19,20,71,67,58,64,66,45,League One
R. Hepburn-Murphy,Milton Keynes Dons,Inglaterra,29,"ST, LW",Left,178,28,61,,63,61,50,60,27,60,52,61,61,54,62,60,49,49,45,61,62,64,60,59,59,67,56,51,65,56,58,29,68,47,55,59,20,22,27,6,11,6,10,10,8,League One
I. Fullah,Milton Keynes Dons,Inglaterra,22,ST,Right,176,19,59,,64,59,50,59,22,54,49,60,58,58,57,55,47,47,39,64,61,67,58,57,57,63,56,54,54,54,56,13,64,47,59,56,21,18,15,14,12,11,11,12,6,League One
C. Bramall,Milton Keynes Dons,Inglaterra,15,"LW, LB, LM",Left,178,30,61,,67,61,57,64,33,52,60,63,54,54,57,61,61,53,60,67,65,69,67,57,66,61,54,62,51,56,44,31,65,57,57,56,29,32,30,6,11,14,11,13,6,League One
C. Paterson,Milton Keynes Dons,Escocia,13,"ST, RW",Right,183,31,65,,66,70,56,63,30,64,53,73,63,58,61,59,59,54,48,68,68,65,59,68,65,70,64,62,68,64,55,31,73,60,64,68,25,25,26,12,12,8,8,7,15,League One
N. Méndez-Laing,Milton Keynes Dons,Guatemala,11,"ST, CAM, LW",Right,180,34,63,,60,65,56,61,31,62,51,70,63,61,63,56,57,55,46,67,60,60,58,69,58,65,66,58,65,57,56,28,67,58,61,63,31,25,26,12,12,11,6,9,12,League One
A. Collins,Milton Keynes Dons,Gales,10,"ST, CM, LW",Right,178,29,64,,66,67,55,64,30,64,51,69,68,60,64,62,59,55,49,64,66,66,63,67,62,68,57,59,69,60,59,24,67,53,68,72,33,22,20,11,7,8,7,14,10,League One
S. Nombe,Milton Keynes Dons,Inglaterra,9,"ST, LW",Right,180,27,65,,66,64,53,66,32,64,50,68,71,53,66,65,61,53,53,67,67,66,65,67,59,63,62,64,65,55,63,29,68,56,66,66,28,26,27,8,9,8,9,9,15,League One
S. Troso,Milton Keynes Dons,Inglaterra,47,CDM,Left,178,19,55,,49,46,54,53,56,56,49,41,52,58,38,49,44,43,57,58,51,48,51,54,50,55,51,54,57,51,56,54,49,53,46,51,58,57,50,11,10,7,15,7,6,League One
C. Tripp,Milton Keynes Dons,Inglaterra,34,"CDM, CB",Right,190,20,60,,57,50,60,58,59,63,58,44,60,65,45,55,53,51,58,65,59,56,48,58,51,60,55,62,66,55,61,59,52,60,46,55,65,54,58,13,13,14,6,14,7,League One
J. Matete,Milton Keynes Dons,Inglaterra,28,"CM, CAM",Right,170,25,61,,58,55,64,59,51,57,55,48,48,68,57,61,56,54,69,56,59,58,65,57,60,64,49,61,55,59,59,50,58,66,58,59,53,53,45,11,14,11,9,14,12,League One
B. Wiles,Milton Keynes Dons,Inglaterra,26,"RW, CAM, CM",Right,172,27,67,,72,66,62,72,38,58,67,67,49,61,63,73,65,62,56,70,69,75,74,69,72,67,54,69,56,62,52,38,72,64,61,69,41,33,31,12,7,12,7,14,10,League One
R. Wintle,Milton Keynes Dons,Inglaterra,24,"CDM, CM, RW",Right,167,29,70,,64,61,67,66,71,69,60,56,62,74,57,61,58,64,68,68,62,65,69,71,71,66,59,75,67,66,70,72,67,64,61,71,70,74,69,8,7,11,10,8,13,League One
R. Barnett,Milton Keynes Dons,Inglaterra,19,"RM, RW",Left,178,27,62,,68,58,60,64,42,54,61,58,48,63,57,62,66,62,55,67,67,69,69,59,65,60,53,63,52,55,48,46,58,56,60,56,36,44,42,14,11,15,8,13,7,League One
S. Silvera,Milton Keynes Dons,Australia,17,"RW, ST",Left,173,25,67,,76,66,66,72,35,59,68,66,53,68,72,74,65,61,62,69,80,72,79,68,75,68,50,69,57,63,53,34,72,64,65,69,32,33,31,12,10,7,11,15,9,League One
A. Gilbey,Milton Keynes Dons,Inglaterra,8,"CAM, CM, CDM",Left,183,31,63,,65,63,64,68,37,57,61,63,47,66,57,66,63,65,62,72,64,65,65,68,66,66,52,65,56,64,50,39,65,66,60,67,38,36,26,13,11,15,8,9,13,League One
D. Crowley,Milton Keynes Dons,Inglaterra,7,"CDM, CM, RW",Left,174,29,58,,52,50,55,56,57,60,46,46,46,64,42,54,48,49,58,57,54,51,55,58,59,58,53,65,58,54,61,56,49,48,52,54,57,60,58,14,12,8,11,6,12,League One
D. Barlaser,Milton Keynes Dons,Inglaterra,4,"CDM, CM",Left,184,29,66,,62,55,65,62,67,67,59,51,65,69,59,61,55,56,67,65,61,63,57,69,58,62,64,70,65,56,70,71,57,68,57,63,65,69,62,14,12,14,13,15,13,League One
G. Jones,Milton Keynes Dons,Australia,2,"CAM, RB, RM",Right,180,30,60,,65,59,60,62,33,52,50,58,49,67,59,63,58,61,58,63,66,65,64,57,60,57,46,61,51,59,45,37,67,62,59,59,28,31,26,10,6,14,8,7,15,League One
C. Nelson,Milton Keynes Dons,Inglaterra,35,CB,Right,183,33,64,,57,42,53,54,67,65,49,34,65,56,43,46,43,47,57,61,54,60,49,63,56,58,70,65,65,45,65,64,38,51,45,63,69,69,63,7,9,9,9,8,14,League One
J. Sanders,Milton Keynes Dons,Inglaterra,32,"CB, CDM",Right,193,27,61,,54,40,47,48,66,65,45,34,64,50,37,42,39,38,55,54,53,55,44,59,48,55,69,58,70,41,61,59,38,41,42,60,69,67,65,8,7,15,7,13,15,League One
M. Ekpiteta,Milton Keynes Dons,Inglaterra,21,CB,Right,193,31,64,,60,43,51,56,69,68,43,40,66,59,39,52,46,45,54,61,59,61,54,61,47,52,67,57,73,44,69,69,36,44,48,64,66,73,65,6,14,8,13,13,12,League One
E. Campbell,Milton Keynes Dons,Inglaterra,20,"CB, LB",Right,186,22,60,,53,38,45,48,65,64,42,33,64,50,31,42,38,39,46,54,53,53,46,56,50,52,65,59,65,40,65,63,32,44,40,58,65,67,63,13,11,9,13,11,8,League One
K. Wilson,Milton Keynes Dons,Inglaterra,12,RM,Left,178,26,62,,67,54,62,64,43,56,59,53,46,65,55,64,67,57,61,64,63,70,69,62,66,58,53,63,53,53,55,42,54,58,50,60,42,44,41,6,9,9,10,8,15,League One
C. Goode,Milton Keynes Dons,Inglaterra,5,CB,Right,180,31,61,,57,40,52,51,64,61,52,34,59,57,34,46,46,44,57,54,54,59,50,63,54,53,66,54,64,41,61,66,40,42,44,65,64,62,71,9,12,7,9,9,10,League One
S. Stacey,Milton Keynes Dons,Inglaterra,51,GK,Right,188,20,59,,37,19,28,27,14,46,13,10,16,35,10,15,17,11,34,34,39,36,34,55,37,41,47,37,55,21,35,19,10,31,20,29,10,15,10,58,55,50,59,55,40,League One
W. Dennis,Milton Keynes Dons,Inglaterra,23,GK,Right,188,26,61,,33,19,32,26,15,44,14,10,22,40,12,14,18,14,36,29,35,32,37,57,40,40,48,38,51,19,31,24,16,41,23,43,11,13,12,60,57,50,58,61,41,League One
C. MacGillivray,Milton Keynes Dons,Escocia,1,GK,Right,188,33,63,,39,23,33,29,18,47,19,16,24,40,18,15,20,19,34,35,37,40,38,57,41,42,49,41,53,23,39,24,13,39,20,47,14,18,14,64,65,57,67,69,39,League One
L. Ndlovu,Notts County,Zimbabue,39,"ST, CF",Left,178,32,63,,66,65,52,62,30,60,48,68,65,59,61,58,50,48,49,65,61,70,60,68,57,64,66,59,61,60,57,25,64,49,59,71,28,24,27,9,15,15,6,12,6,League One
E. Acquah,Notts County,Inglaterra,33,"ST, LW",Right,191,26,61,,63,65,51,60,27,65,44,67,65,56,64,57,55,52,50,66,67,59,53,64,55,61,71,59,69,62,59,24,66,48,67,62,27,18,22,7,12,13,6,11,13,League One
B. Enoru,Notts County,Inglaterra,22,"LW, LM",Right,173,24,60,,71,59,57,64,28,52,63,60,42,57,53,65,60,56,50,62,69,72,68,60,61,60,49,62,48,58,49,32,62,55,57,60,23,28,23,15,8,13,15,15,6,League One
L. Smyth,Notts County,Australia,19,"ST, LW",Right,192,22,59,,61,58,51,58,25,61,52,62,64,54,58,60,51,52,42,57,62,61,55,58,49,58,65,56,67,51,51,24,59,49,57,61,17,20,24,15,9,12,12,13,10,League One
D. Kanu,Notts County,Sierra Leona,9,"ST, LW",Left,179,21,60,,61,63,49,58,26,59,50,65,58,50,57,57,52,47,42,59,57,64,55,62,52,66,59,58,63,59,51,26,62,51,60,58,26,17,22,15,14,9,9,10,12,League One
C. Roberts,Notts County,Inglaterra,7,"RW, CAM, ST",Left,178,29,61,,67,57,58,63,31,50,64,58,46,58,56,61,62,51,47,67,70,65,63,60,59,57,56,56,48,53,48,30,58,60,61,59,35,23,27,13,14,7,15,15,14,League One
H. Mustapha,Notts County,Sierra Leona,42,"CAM, ST",Right,166,20,57,,59,56,58,61,30,47,52,57,36,58,62,62,60,53,54,60,65,54,62,55,64,55,43,57,44,54,44,36,60,66,55,54,30,25,24,7,8,15,13,10,13,League One
R. Finneran,Notts County,Irlanda,27,"CDM, CM",Left,188,18,54,,49,42,50,48,58,57,44,38,57,56,37,45,39,46,52,50,48,49,48,57,45,48,52,59,59,47,53,55,42,47,45,49,57,61,61,11,15,10,10,6,14,League One
N. Tsaroulla,Notts County,Chipre,25,"RB, RW, LW",Left,173,27,56,Chipre,61,44,52,54,55,52,59,42,45,51,38,52,50,42,50,54,59,62,57,58,61,51,47,62,47,44,54,53,49,51,44,53,58,58,52,14,9,10,9,7,7,League One
S. Robertson,Notts County,Escocia,20,"CDM, CB",Right,185,25,61,,55,48,61,55,63,65,58,44,62,68,43,57,48,55,61,54,54,55,56,60,48,55,60,62,69,50,62,65,51,57,48,55,62,64,62,13,10,12,12,6,13,League One
M. Palmer,Notts County,Inglaterra,18,CDM,Left,179,31,63,,54,53,62,58,64,67,57,48,60,63,46,57,59,55,64,56,53,54,62,66,57,64,59,70,66,56,70,67,53,66,50,67,62,66,66,11,11,12,9,7,7,League One
M. Kouhyar,Notts County,Afghanistan,17,"CAM, RB",Right,167,29,61,,65,60,62,66,33,50,57,61,40,67,56,64,63,58,56,70,64,66,66,62,66,56,50,60,47,64,47,33,60,63,60,63,29,36,26,7,12,12,6,11,10,League One
D. Campbell,Notts County,Escocia,16,"CM, CDM",Left,182,25,63,,64,58,62,65,56,62,59,53,57,61,57,62,61,55,68,68,62,65,71,62,63,65,50,67,63,59,56,56,64,64,60,59,60,54,53,12,7,9,11,13,15,League One
J. Evans,Notts County,Inglaterra,15,"CDM, CM, LB",Right,177,26,62,,55,52,59,58,63,64,55,48,56,64,43,55,59,49,61,57,53,56,63,61,64,57,57,62,65,54,64,64,59,55,53,64,62,68,60,12,7,13,12,12,15,League One
D. Lipsiuc,Notts County,Irlanda,14,"RM, LB, CM",Left,168,21,58,,60,54,59,59,38,49,69,51,40,59,51,62,58,54,55,55,62,59,61,55,67,57,44,59,44,59,48,40,57,55,52,52,32,41,36,10,6,10,15,14,6,League One
C. Grant,Notts County,Irlanda,11,"CAM, RW",Right,178,25,59,,56,59,60,61,31,48,53,61,43,64,52,59,62,58,54,63,54,58,64,61,56,62,46,62,44,55,42,32,59,63,55,58,29,31,26,14,12,7,11,15,11,League One
R. Longelo,Notts County,Inglaterra,10,"RB, CAM, RM",Right,183,26,58,,65,43,52,56,56,57,60,36,51,51,42,53,54,41,53,58,62,67,62,54,58,54,50,63,56,49,56,60,49,45,41,51,58,53,58,8,14,12,14,10,9,League One
O. Cooper,Notts County,Gales,8,"CAM, CM",Right,176,26,65,,66,66,66,70,38,55,56,67,44,69,59,70,66,62,65,71,64,67,71,67,70,67,45,66,53,66,51,38,69,70,67,72,37,36,38,9,6,6,6,15,15,League One
M. Sanders,Notts County,Inglaterra,6,CDM,Right,176,27,59,,53,51,53,56,58,61,47,48,55,54,42,55,50,53,58,59,55,51,50,58,57,60,56,62,59,52,67,62,51,55,50,58,55,59,59,11,13,11,12,13,15,League One
M. Baker,Notts County,Gales,44,CB,Left,186,23,58,,56,38,50,46,61,60,43,34,61,59,29,41,41,35,57,49,53,58,42,54,50,52,60,57,63,36,56,62,32,42,38,54,59,64,58,8,12,10,12,11,11,League One
L. Macari,Notts County,Escocia,28,CB,Right,183,24,62,,58,41,48,53,65,64,44,36,62,53,37,47,36,43,54,60,59,58,48,59,57,50,60,55,68,45,65,68,32,45,45,61,60,67,68,11,14,9,9,12,11,League One
I. Samuels-Smith,Notts County,Inglaterra,26,"CB, LB",Left,186,20,62,,56,44,49,53,65,67,45,41,59,61,32,48,45,41,47,57,55,57,49,63,56,51,65,58,73,48,64,67,33,36,47,53,62,71,61,9,7,11,9,13,6,League One
L. Browne,Notts County,Irlanda,23,CB,Left,189,21,57,,55,38,42,47,61,62,39,32,56,45,27,41,35,38,51,51,59,52,43,57,49,54,63,55,66,39,62,57,30,35,37,55,61,66,59,12,9,11,11,13,14,League One
L. Ness,Notts County,Inglaterra,12,"CB, RB",Left,191,24,60,,51,40,50,51,66,61,47,35,66,56,29,45,40,41,53,56,52,51,51,56,44,53,60,53,67,42,58,68,36,43,44,57,66,67,56,11,11,6,11,6,14,League One
M. Platt,Notts County,Inglaterra,5,"CB, CDM",Left,188,29,60,,57,40,49,51,63,61,51,34,66,55,31,50,39,40,51,53,53,60,45,58,51,55,62,51,64,38,66,62,40,38,41,57,59,68,62,9,9,15,14,8,13,League One
J. Bedeau,Notts County,Inglaterra,4,"CB, RB",Left,182,26,64,,57,44,52,54,68,65,47,40,60,60,43,49,41,48,51,55,50,62,51,66,60,54,66,56,69,44,68,69,38,46,48,67,67,72,68,12,14,6,12,10,6,League One
R. McDonald,Notts County,Inglaterra,3,CB,Right,190,34,59,,49,38,48,47,64,63,45,31,63,52,33,42,41,40,52,52,48,49,42,60,44,58,63,58,65,35,66,64,35,43,37,57,66,64,59,12,6,6,9,7,14,League One
J. Gibbons,Notts County,Inglaterra,2,"CB, RB, LB",Left,175,28,61,,54,43,50,51,63,63,46,39,58,57,36,48,46,44,51,51,54,54,50,56,56,52,61,62,62,46,65,59,37,42,42,61,64,65,69,9,8,11,11,6,8,League One
K. Roos,Notts County,Países Bajos,24,GK,Right,196,34,64,,33,22,34,30,23,44,19,15,17,40,19,20,17,16,36,30,35,31,42,65,45,46,46,41,48,18,38,29,14,44,25,46,22,24,18,62,68,58,62,65,41,League One
H. Griffiths,Notts County,Inglaterra,21,GK,Right,193,21,57,,36,16,28,25,14,38,11,10,19,35,10,15,10,19,33,28,39,33,36,54,35,36,48,31,45,11,29,25,10,35,17,32,10,12,10,57,58,49,55,62,37,League One
J. Belshaw,Notts County,Inglaterra,1,GK,Right,191,35,63,,32,19,33,33,19,45,21,13,21,43,14,21,18,13,36,38,33,31,38,64,46,38,48,39,50,15,38,25,10,34,19,44,14,17,22,64,61,57,60,63,38,League One
P. Patterson,Stevenage,Escocia,44,"LW, LM, CAM",Left,178,26,60,,69,59,60,61,30,53,60,60,53,63,52,61,59,56,58,59,72,66,64,64,67,57,47,62,53,61,43,31,59,56,49,57,28,24,24,12,13,7,13,12,11,League One
L. Brown,Stevenage,Inglaterra,40,ST,Left,173,18,57,,62,58,48,57,21,54,44,61,51,51,56,55,51,45,41,57,62,62,58,54,60,61,56,53,56,50,49,23,61,50,53,62,19,15,15,11,8,6,10,9,7,League One
M. Mellon,Stevenage,Escocia,28,"ST, LW",Right,185,22,60,,62,61,47,57,26,60,45,58,57,47,60,56,54,48,44,57,66,59,54,63,55,64,58,56,66,62,51,26,64,49,61,61,24,21,19,12,15,7,8,6,9,League One
B. Broggio,Stevenage,Inglaterra,27,"LW, RW, CAM",Right,181,19,57,,65,58,54,59,29,51,58,60,47,52,53,60,61,47,51,61,63,66,62,52,57,60,47,52,53,54,48,34,58,54,43,48,24,29,20,15,13,6,13,14,8,League One
C. Campbell,Stevenage,Gales,20,"LW, RW",Right,169,23,63,,69,63,60,68,34,55,61,67,47,63,62,68,59,60,52,68,70,68,65,65,74,62,53,65,53,57,49,35,63,62,60,65,33,32,29,15,14,15,13,6,13,League One
O. Sanderson,Stevenage,Inglaterra,18,"ST, RM",Left,183,22,61,,59,61,49,61,27,62,47,66,62,51,55,62,55,52,44,61,61,58,57,62,55,57,58,60,68,57,53,23,59,51,61,57,26,22,21,13,11,10,10,13,15,League One
J. Roberts,Stevenage,Inglaterra,11,"RW, LB, LM",Right,180,32,65,,70,62,64,71,34,57,66,59,61,66,62,75,65,62,57,69,71,69,67,70,70,66,57,69,55,64,48,34,66,66,62,64,28,34,23,7,10,6,9,7,14,League One
J. Magennis,Stevenage,Irlanda del Norte,9,ST,Right,188,36,64,Irlanda del Norte,55,65,52,62,31,67,47,67,62,58,63,57,57,52,47,66,57,54,63,64,59,65,70,63,72,60,57,23,70,49,69,71,31,29,20,11,15,11,8,14,7,League One
W. Marçal,Stevenage,Inglaterra,3,RM,Right,181,23,60,,65,53,59,62,43,57,66,52,51,57,50,66,66,56,56,58,67,64,68,60,56,54,55,67,53,51,54,43,62,56,53,55,41,43,41,8,8,14,8,10,13,League One
T. Turhan,Stevenage,Suiza,21,LW,Left,169,19,61,,72,57,60,62,27,50,58,59,46,65,55,60,63,55,50,64,69,75,66,59,67,54,49,61,46,56,45,29,62,62,53,56,25,24,21,10,11,6,7,12,9,League One
C. Brown,Stevenage,Inglaterra,43,CDM,Right,180,23,57,,51,47,53,51,56,62,48,43,49,59,46,45,49,46,52,58,49,52,49,55,53,54,62,65,65,50,52,60,50,51,46,56,54,57,57,6,13,14,15,7,13,League One
M. Smith,Stevenage,Inglaterra,24,"CDM, CM",Left,176,26,61,,52,51,55,58,62,64,44,46,60,61,45,55,43,49,57,63,53,52,53,63,57,58,58,68,62,55,63,61,51,59,50,62,64,62,58,14,10,14,9,10,15,League One
L. Thompson,Stevenage,Gales,23,"CDM, CM, CAM",Right,180,31,59,,51,48,55,53,63,62,46,42,57,58,42,49,49,50,58,55,49,52,52,62,52,58,58,64,61,51,62,64,50,57,46,61,65,62,60,9,6,15,9,11,12,League One
D. Kemp,Stevenage,Inglaterra,10,"CAM, RM, CM",Right,168,27,63,,66,62,65,67,36,51,65,59,43,66,62,69,63,63,60,65,62,69,67,62,69,68,50,54,48,66,54,37,62,69,57,61,38,34,32,11,13,9,8,7,15,League One
D. Phillips,Stevenage,Trinidad y Tobago,8,"CDM, CM, CAM",Left,175,25,61,Trinidad y Tobago,51,47,56,59,61,66,47,41,57,59,41,56,53,52,60,64,49,53,60,60,53,53,60,65,69,54,63,63,54,56,47,60,62,59,62,13,12,7,15,13,6,League One
T. Taylor,Stevenage,Gales,7,"CM, CDM",Right,185,25,62,,62,57,62,63,55,61,56,52,54,65,53,60,61,56,60,66,65,59,61,64,64,63,50,66,60,62,61,54,58,64,61,60,55,57,52,9,10,15,7,9,15,League One
J. Houghton,Stevenage,Inglaterra,4,CDM,Right,183,30,63,,58,52,58,57,63,69,53,49,59,60,48,55,52,58,61,61,61,55,47,66,62,61,57,69,73,52,64,68,53,59,52,59,61,63,63,6,6,10,11,6,9,League One
J. Pattenden,Stevenage,Inglaterra,17,RB,Right,167,24,60,,67,47,56,57,59,56,65,47,57,55,47,54,51,51,58,55,68,67,62,62,72,50,52,61,56,46,51,57,48,50,43,61,62,59,60,13,10,6,14,8,13,League One
K. Casey,Stevenage,Inglaterra,16,CB,Left,185,21,63,,60,43,54,52,64,64,53,38,68,61,37,49,39,44,58,52,56,64,50,66,50,61,67,60,67,38,62,61,38,46,46,58,64,64,62,11,6,6,15,9,15,League One
T. Vancooten,Stevenage,Guyana,15,CB,Right,185,28,62,,58,41,52,54,67,64,45,34,63,60,37,52,40,40,53,53,56,60,54,63,53,55,66,56,65,43,69,69,41,50,43,61,70,65,63,12,8,6,7,7,15,League One
S. Earley,Stevenage,Inglaterra,14,"LB, CB, LW",Left,177,23,59,,64,44,53,58,58,55,58,39,58,56,38,58,51,46,53,56,63,64,61,62,53,56,53,59,54,44,54,59,48,47,46,60,56,59,59,13,11,13,12,7,6,League One
L. Freestone,Stevenage,Inglaterra,6,"LB, CB",Left,187,26,61,,63,47,55,57,57,60,57,44,59,60,49,59,54,47,56,54,64,63,57,62,58,53,59,64,58,47,60,56,46,48,53,56,56,57,63,9,12,7,15,9,7,League One
C. Piergianni,Stevenage,Inglaterra,5,"CB, CDM",Right,185,34,65,,55,43,53,55,67,64,57,37,65,51,40,51,51,40,61,58,56,54,47,66,59,63,64,60,64,37,68,66,40,51,47,68,66,71,65,9,10,11,11,9,9,League One
L. Wildin,Stevenage,Antigua and Barbuda,2,"RB, CB",Right,178,28,59,,63,46,53,53,61,56,57,47,47,52,43,51,52,44,53,53,61,65,57,52,62,52,57,63,54,42,53,56,48,51,40,57,63,66,61,9,13,10,14,9,6,League One
M. Woodford,Stevenage,Inglaterra,36,GK,Left,182,18,56,,32,16,24,24,14,37,10,10,16,31,10,14,12,15,27,28,29,34,25,49,35,41,45,29,43,10,30,23,10,30,13,31,10,11,11,56,54,51,55,59,36,League One
D. Barden,Stevenage,Gales,12,GK,Left,195,25,60,,33,20,28,24,18,42,15,15,22,34,10,10,16,18,32,27,32,33,40,59,41,41,49,29,51,17,36,30,10,32,18,39,12,15,15,59,59,53,57,62,33,League One
T. Setford,Stevenage,Inglaterra,1,GK,Right,185,20,54,,30,16,24,21,12,40,11,10,10,31,10,10,10,10,28,21,32,29,33,48,39,38,41,30,50,10,28,22,10,30,16,32,10,10,11,55,53,49,51,53,30,League One
C. Saydee,Wigan Athletic,Inglaterra,38,"ST, CAM",Right,181,24,64,,63,63,57,62,30,62,47,66,65,67,65,64,49,50,49,59,62,63,64,65,58,60,61,64,63,59,57,27,63,60,64,62,27,26,23,7,10,8,7,14,9,League One
B. Burrowes,Wigan Athletic,Inglaterra,27,"ST, RW, RB",Right,169,18,62,,64,65,52,60,26,59,51,67,58,53,66,56,57,52,43,62,62,66,65,64,63,63,60,63,58,62,56,24,64,58,62,64,26,20,19,15,6,9,13,6,10,League One
S. Hogan,Wigan Athletic,Irlanda,25,ST,Right,180,34,64,,58,67,54,64,30,63,49,72,61,59,66,65,55,54,44,62,59,58,70,65,61,63,65,58,65,62,63,28,68,56,67,70,27,26,29,11,14,13,10,8,15,League One
K. Miller,Wigan Athletic,Inglaterra,21,LW,Left,179,20,54,,62,52,52,59,24,49,55,54,39,52,49,62,54,48,52,56,64,61,60,52,61,49,44,51,50,48,45,24,56,47,56,53,25,22,16,7,10,13,10,14,9,League One
D. Costelloe,Wigan Athletic,Irlanda,11,"ST, CAM",Right,175,23,61,,65,62,51,58,27,61,48,63,55,57,60,57,47,45,44,57,64,66,60,67,58,68,63,56,66,55,56,22,63,49,64,66,23,26,26,14,13,14,8,10,11,League One
S. Perkins,Wigan Athletic,Inglaterra,9,"ST, RW, CAM",Right,178,22,62,,63,62,48,58,30,62,46,63,63,49,63,56,54,56,43,61,65,62,58,59,59,60,58,59,66,62,55,26,65,49,64,57,25,30,24,9,7,9,7,15,7,League One
H. Rimmer,Wigan Athletic,Inglaterra,51,CAM,Right,182,19,57,,62,56,57,62,30,48,51,54,40,60,52,64,59,52,52,62,61,63,68,55,53,54,47,56,45,61,45,34,61,63,54,57,31,27,23,13,11,15,7,11,14,League One
R. Darcy,Wigan Athletic,Inglaterra,44,"CAM, RW, CDM",Right,173,25,60,,58,61,57,65,34,53,53,64,45,59,53,66,59,53,51,65,61,56,65,59,65,59,45,61,53,58,47,33,65,64,52,61,36,30,27,14,6,8,8,10,10,League One
J. Adams,Wigan Athletic,Inglaterra,25,"LW, LM",Left,173,22,57,,64,56,57,56,28,49,57,56,46,63,54,60,54,51,54,51,63,64,60,56,63,57,42,57,49,53,43,27,62,52,52,53,29,23,24,13,11,8,8,7,9,League One
J. Mellish,Wigan Athletic,Inglaterra,22,"LM, LW, LB",Right,188,29,63,,69,57,64,63,45,63,66,55,55,69,58,63,64,63,55,63,73,65,65,62,58,59,56,70,63,60,56,43,62,62,56,56,40,48,45,14,11,12,8,8,14,League One
C. McManaman,Wigan Athletic,Inglaterra,20,RB,Left,175,35,62,,59,49,57,59,59,57,59,49,49,60,45,57,55,48,55,59,53,63,66,59,68,50,60,64,54,47,56,65,47,54,51,60,59,58,58,12,6,14,13,11,7,League One
C. Sze,Wigan Athletic,Inglaterra,19,CAM,Right,169,22,59,,58,59,62,61,30,49,58,61,45,64,54,61,62,55,59,62,61,56,58,59,66,57,43,62,44,60,49,37,58,65,58,61,26,26,27,11,13,11,6,10,10,League One
C. Gray,Wigan Athletic,Inglaterra,18,"CDM, CM, CAM",Right,172,20,57,,54,48,56,52,60,60,51,44,48,61,42,51,43,54,55,50,52,56,56,55,53,55,50,62,60,50,58,63,50,57,53,54,60,60,61,7,10,11,7,8,7,League One
A. Higgins,Wigan Athletic,Inglaterra,17,"CAM, ST, LW",Right,167,21,61,,57,61,61,65,34,51,56,63,44,65,58,68,67,54,56,62,55,59,67,64,65,58,48,56,49,61,51,38,60,65,62,60,32,32,30,7,15,8,9,13,7,League One
R. Trevitt,Wigan Athletic,Inglaterra,14,"CAM, CM",Left,170,23,58,,64,59,58,64,32,49,62,58,42,49,59,67,61,61,63,62,62,65,61,61,61,64,40,56,48,59,46,32,59,64,54,57,30,31,27,12,6,6,11,7,7,League One
L. Harris,Wigan Athletic,Gales,13,"CAM, LW, CDM",Right,177,21,62,,63,60,61,65,35,54,59,58,42,62,55,64,63,61,60,66,66,60,66,65,64,60,51,57,53,62,52,38,67,63,60,64,32,37,29,8,15,15,10,10,10,League One
R. Walsh,Wigan Athletic,Inglaterra,10,"CDM, CAM, LW",Left,186,17,55,,48,45,50,51,55,60,43,43,50,55,32,46,40,40,52,59,50,47,44,50,46,48,58,56,63,51,57,58,46,50,43,50,56,54,56,9,12,6,7,11,10,League One
M. Power,Wigan Athletic,Inglaterra,8,"CDM, CM",Right,181,33,65,,52,57,64,60,65,66,56,50,65,70,49,56,60,54,64,63,51,52,56,69,60,69,63,67,65,60,66,66,59,64,57,63,65,66,64,11,13,7,9,7,14,League One
F. Murray,Wigan Athletic,Escocia,7,"LB, RW, RB",Right,169,27,63,,65,48,59,61,60,62,64,44,50,62,45,60,53,44,57,60,62,67,72,56,66,59,57,71,60,47,59,58,53,55,45,54,63,59,63,15,11,15,11,11,7,League One
J. Weir,Wigan Athletic,Inglaterra,6,"CDM, CM, RW",Left,184,24,66,,60,60,61,60,65,72,53,57,63,65,54,59,53,62,63,59,60,60,60,64,58,66,65,69,74,61,71,69,57,60,60,68,63,65,65,10,10,11,9,11,12,League One
C. Barrett,Wigan Athletic,Inglaterra,2,"RM, CAM, RB",Right,167,24,65,,68,57,64,68,47,61,68,54,51,65,52,69,67,58,62,65,70,66,73,68,69,62,55,70,58,59,59,51,64,61,61,61,44,47,42,10,12,12,15,10,10,League One
J. Carragher,Wigan Athletic,Malta,23,"CB, RB",Right,192,23,62,,54,44,48,52,65,65,44,41,71,56,35,51,40,36,57,51,59,50,52,59,50,58,61,57,67,43,70,67,38,36,41,60,60,66,64,10,9,7,7,12,9,League One
A. Harris,Wigan Athletic,Gales,16,"LB, CB, LM",Left,179,21,58,,62,42,53,57,57,57,61,38,48,54,36,58,49,45,57,55,62,62,63,58,60,51,54,60,56,41,56,57,46,44,43,52,58,58,63,14,13,11,8,14,6,League One
L. Chapman,Wigan Athletic,Inglaterra,15,CB,Left,185,21,55,,51,35,44,46,60,56,36,30,63,53,31,39,37,34,49,51,53,49,49,57,43,49,56,54,55,36,62,59,29,36,35,56,54,65,60,14,13,13,10,8,12,League One
F. Burns,Wigan Athletic,Inglaterra,5,CB,Right,196,23,62,,57,42,48,53,66,66,47,37,69,54,38,46,36,43,56,62,57,57,47,66,45,56,64,60,70,41,64,61,42,39,46,61,73,62,68,13,12,12,13,8,9,League One
J. Chilokoa-Mullen,Wigan Athletic,Escocia,4,"CB, RB",Right,184,22,62,,58,39,49,53,67,62,39,35,69,56,39,50,39,38,57,53,52,62,54,59,55,54,69,57,64,35,64,63,36,46,38,58,68,70,65,8,6,9,12,9,9,League One
M. Fox,Wigan Athletic,Gales,3,"CB, CDM",Right,185,33,66,,55,46,53,59,69,67,45,41,69,60,38,57,49,44,61,60,54,55,63,64,54,60,75,61,70,49,66,68,42,48,43,65,70,67,71,12,9,6,12,9,14,League One
J. Whitworth,Wigan Athletic,Inglaterra,41,GK,Right,179,22,65,,42,22,33,29,22,48,18,15,23,45,15,17,19,18,31,30,43,41,37,63,46,41,53,40,54,22,42,32,16,36,20,49,19,18,21,71,62,55,67,64,44,League One
T. Watson,Wigan Athletic,Inglaterra,12,GK,Right,183,22,57,,33,17,25,23,14,42,15,10,18,28,10,11,13,10,27,27,38,29,30,52,37,33,47,32,50,19,34,22,10,33,16,35,10,10,17,59,53,50,58,56,38,League One
J. Walsh,Wigan Athletic,Inglaterra,1,GK,Left,180,24,64,,37,22,33,29,22,44,19,14,22,41,15,17,22,17,28,32,39,35,37,56,38,46,52,42,46,20,40,30,14,45,22,43,18,21,17,64,61,58,63,66,42,League One
D. Ormerod,Peterborough United,Inglaterra,27,"ST, CF",Left,184,20,57,,61,55,47,55,26,55,43,57,60,53,56,56,46,49,42,54,62,61,57,61,46,55,61,51,60,45,44,25,68,43,55,58,22,22,15,10,6,10,7,7,12,League One
B. Shofowoke,Peterborough United,Inglaterra,19,"RW, LW",Right,179,17,56,,63,52,55,56,25,47,58,52,42,57,49,58,48,53,52,54,67,59,59,51,57,51,52,59,42,53,42,27,53,53,47,53,26,20,20,12,12,11,15,8,14,League One
V. Masara,Peterborough United,Inglaterra,17,"ST, LW, CM",Left,186,19,57,,62,55,47,58,22,59,50,56,57,46,57,60,53,43,45,60,61,62,50,52,49,60,63,51,65,46,51,19,64,45,57,50,19,16,17,15,6,15,8,8,15,League One
O. Edwards,Peterborough United,Inglaterra,11,"LW, RW",Right,173,25,61,,69,56,58,62,30,52,59,57,46,63,58,60,65,55,52,63,67,70,67,62,68,56,49,62,48,54,48,28,60,53,52,63,30,27,24,14,13,11,7,6,14,League One
D. Frith,Peterborough United,Inglaterra,11,"RW, LW",Right,171,24,61,,71,59,59,67,30,51,68,61,45,60,63,71,64,52,49,65,70,71,71,60,62,60,51,58,51,55,43,28,61,58,55,59,31,27,23,8,10,13,12,15,8,League One
E. Williams,Peterborough United,Inglaterra,10,"LW, RW, CAM",Right,172,20,58,,70,56,57,59,26,47,54,55,44,58,52,60,64,53,58,57,71,69,64,57,60,55,49,57,45,58,41,27,61,55,54,53,16,29,22,10,14,6,11,7,14,League One
H. Leonard,Peterborough United,Inglaterra,9,"ST, CAM",Left,184,23,67,,69,72,58,70,35,68,56,75,73,61,69,74,58,55,53,69,69,69,67,66,60,74,62,65,72,65,61,33,73,57,69,66,31,31,29,14,14,14,10,13,8,League One
H. Ashfield,Peterborough United,Gales,45,"CAM, CM, CDM",Right,184,20,57,,61,58,58,57,31,53,56,58,44,57,54,59,57,56,52,57,62,61,59,51,54,57,47,54,55,58,50,28,55,65,61,54,33,28,30,7,9,9,12,13,14,League One
E. Fox,Peterborough United,Inglaterra,35,CDM,Right,185,18,54,,53,45,51,45,55,57,44,40,48,56,38,41,45,42,58,47,56,51,48,51,54,51,52,55,58,50,56,52,47,46,45,48,59,57,53,15,8,15,12,14,9,League One
E. Abbey,Peterborough United,Inglaterra,34,LM,Left,173,19,56,,65,51,55,59,36,48,56,52,36,56,47,59,54,55,53,61,62,67,62,50,62,49,49,57,45,51,46,34,56,56,54,46,39,37,29,13,6,8,11,8,7,League One
M. Garbett,Peterborough United,Nueva Zelanda,28,"CAM, RW, LW",Left,188,24,59,,56,59,59,62,33,53,57,58,50,58,54,65,61,55,59,62,53,59,58,61,59,59,47,56,54,60,50,39,62,64,57,54,29,30,24,15,9,9,7,10,7,League One
D. O'Brien-Brady,Peterborough United,Inglaterra,22,"CDM, CM",Right,173,22,60,,60,49,55,57,59,61,53,46,48,60,45,56,48,44,57,56,63,58,53,64,65,52,57,66,61,51,58,59,55,51,49,62,61,61,62,6,8,6,13,12,8,League One
P. Sykut,Peterborough United,Ucrania,21,"CAM, CF",Left,181,18,55,,59,52,58,59,28,47,56,50,44,62,46,60,56,56,53,61,61,57,58,53,54,53,47,50,46,54,44,31,55,56,57,53,26,25,24,6,15,12,11,14,14,League One
C. Conn-Clarke,Peterborough United,Irlanda del Norte,20,"CAM, LM",Right,176,24,60,,62,58,62,61,33,50,59,57,48,62,60,63,66,58,56,59,63,62,62,63,60,62,45,58,49,52,43,33,64,69,61,62,30,34,28,6,8,15,11,8,13,League One
B. Woods,Peterborough United,Inglaterra,16,"CDM, CM, CAM",Right,177,24,62,,53,50,57,60,64,64,49,46,62,63,47,59,52,50,60,62,59,48,56,60,58,54,67,67,64,57,61,60,53,57,50,60,65,65,64,13,9,7,13,6,9,League One
B. Khela,Peterborough United,Inglaterra,8,"CDM, CAM",Left,183,21,59,,53,51,58,56,58,60,48,48,53,63,46,55,54,51,67,56,55,52,50,61,54,57,58,62,61,55,57,60,50,54,43,63,54,61,59,8,15,10,8,9,11,League One
H. Jones,Peterborough United,Inglaterra,7,"CDM, CAM, CM",Right,174,21,60,,55,50,57,59,62,61,51,45,54,61,46,56,50,52,58,64,55,55,55,57,60,56,55,69,57,57,64,64,53,57,51,60,59,66,59,15,8,11,8,9,12,League One
L. Kelly,Peterborough United,Irlanda,4,"CDM, CM",Right,168,30,62,,57,51,60,57,59,62,53,46,49,65,46,52,55,49,58,60,58,56,56,61,62,59,57,67,59,56,67,62,53,62,50,64,56,63,63,11,15,13,13,9,13,League One
J. Andrews,Peterborough United,Gales,13,"CAM, CF",Right,169,20,57,,62,57,59,61,29,46,49,59,40,65,53,61,56,57,56,63,60,63,67,49,63,52,38,59,41,59,46,32,53,60,56,52,25,32,19,7,10,6,8,12,11,League One
N. Freeman,Peterborough United,Inglaterra,36,"RB, LB",Left,179,19,54,,63,38,50,52,50,52,55,34,43,54,39,52,43,40,49,52,60,66,55,46,55,46,51,56,52,39,47,50,44,41,41,48,50,50,58,15,6,11,9,9,14,League One
J. Dornelly,Peterborough United,Inglaterra,33,RB,Right,180,21,61,,66,47,53,57,59,60,56,44,58,54,45,58,50,46,52,53,64,68,58,60,65,57,53,65,58,45,61,54,49,51,51,57,57,64,64,15,14,12,13,7,11,League One
D. Okagbue,Peterborough United,Irlanda,26,"CB, CDM",Right,184,22,57,,58,36,44,47,60,59,41,31,60,51,31,43,45,38,53,52,56,60,39,56,47,51,64,56,59,32,60,66,38,28,31,52,58,59,58,9,9,10,6,7,11,League One
Lucca Mendonça,Peterborough United,Brasil,18,"CB, RB",Left,186,19,55,,52,36,45,45,58,56,36,32,62,55,30,38,36,31,49,52,50,53,42,47,47,47,61,51,57,38,58,61,31,38,37,51,53,62,55,14,11,12,13,11,15,League One
H. Mills,Peterborough United,Inglaterra,14,LB,Left,180,20,59,,63,48,55,55,57,60,63,47,55,55,42,50,53,41,52,59,61,65,63,50,61,56,60,64,56,44,63,53,50,55,45,54,59,59,57,6,10,7,15,12,6,League One
J. Feeney,Peterborough United,Inglaterra,12,CB,Right,193,21,62,,59,42,49,49,64,65,46,35,70,54,36,45,46,44,56,52,61,57,46,60,50,59,65,63,65,41,67,65,42,39,38,61,66,61,62,11,11,12,7,10,6,League One
T. O'Connor,Peterborough United,Irlanda,6,CB,Right,186,27,60,,53,41,48,49,64,64,48,35,61,51,36,44,42,40,49,50,54,53,47,59,53,58,65,57,68,40,63,64,37,43,39,63,63,68,62,15,8,12,6,8,14,League One
R. Adebisi,Peterborough United,Inglaterra,3,"LB, RB",Left,175,26,62,,66,47,57,59,57,60,57,46,48,60,42,58,55,55,63,57,67,66,68,61,61,56,62,66,59,44,56,54,45,50,44,62,59,60,55,9,15,14,9,13,13,League One
E. Weir,Peterborough United,Irlanda,3,"CB, LB",Right,185,24,62,,55,41,50,52,68,66,48,36,65,59,36,48,39,42,49,53,56,54,54,59,53,58,67,55,71,38,66,65,40,42,40,64,66,72,71,13,7,13,7,15,11,League One
C. Johnston,Peterborough United,Irlanda del Norte,2,"LB, RB, CDM",Right,175,24,60,,66,47,58,58,60,58,66,44,54,60,44,54,55,50,57,60,64,67,61,55,66,58,55,69,53,43,57,61,50,48,46,57,62,59,59,14,12,7,11,13,7,League One
S. Hughes,Peterborough United,Inglaterra,5,CB,Left,187,29,62,,56,39,50,51,64,69,48,34,67,59,35,43,38,40,54,57,56,56,49,61,56,53,71,66,70,38,70,62,38,39,41,54,67,64,61,9,13,8,13,14,11,League One
B. Smith,Peterborough United,Inglaterra,31,GK,Left,186,20,56,,34,16,24,22,15,40,11,10,19,29,10,10,10,10,26,25,31,36,31,49,37,38,48,30,48,12,29,23,10,33,18,32,14,12,10,57,54,52,54,56,31,League One
C. Ndi,Peterborough United,Camerún,23,GK,Right,196,23,56,,31,16,27,23,13,37,10,10,18,37,10,13,14,10,28,27,27,35,26,47,34,36,42,26,44,14,33,18,10,32,12,40,10,10,17,56,50,53,56,64,37,League One
A. Bass,Peterborough United,Inglaterra,1,GK,Left,185,28,61,,38,18,30,28,20,43,15,10,25,38,10,15,15,19,32,34,41,35,30,58,44,41,44,34,52,15,30,25,12,38,27,45,19,19,16,68,58,51,61,68,33,League One
F. Onyedinma,Wycombe Wanderers,Nigeria,44,"RW, ST, LW",Right,185,29,63,,68,60,58,67,32,57,62,60,56,60,61,69,59,54,53,67,62,73,68,63,65,60,58,59,59,61,50,29,66,56,59,61,29,30,27,14,15,7,9,15,11,League One
D. Ings,Wycombe Wanderers,Inglaterra,28,ST,Right,178,34,70,,65,72,60,68,36,70,56,77,72,59,68,64,63,59,59,71,65,65,67,69,69,67,73,68,72,66,67,34,69,66,68,77,30,35,30,12,12,11,14,10,12,League One
E. Tezgel,Wycombe Wanderers,Inglaterra,19,"ST, CAM",Right,182,21,62,,64,64,56,61,28,62,52,69,63,58,63,60,53,58,57,63,62,66,59,58,58,62,61,61,66,57,55,21,65,57,62,61,24,28,21,11,15,6,7,13,7,League One
J. Wareham,Wycombe Wanderers,Inglaterra,15,"ST, LW",Right,177,23,62,,64,64,52,64,28,61,50,65,60,55,65,63,56,52,50,67,66,62,60,63,62,68,67,55,65,56,55,24,72,50,57,61,27,24,21,10,6,7,9,15,7,League One
C. Woodrow,Wycombe Wanderers,Inglaterra,12,"ST, CAM",Right,184,31,65,,61,70,55,62,32,65,55,74,69,58,67,60,53,56,51,63,64,59,64,68,63,69,68,64,65,64,64,31,70,54,69,66,27,30,22,6,12,14,12,7,8,League One
S. Thomas,Wycombe Wanderers,Inglaterra,11,LW,Left,175,22,59,,67,58,55,59,29,52,58,56,44,56,55,60,57,58,51,55,68,67,67,59,64,65,50,62,50,55,46,30,63,54,55,55,27,26,29,9,15,10,9,9,10,League One
J. Quitirna,Wycombe Wanderers,Guinea-Bisáu,7,"RW, RB",Left,170,26,60,,70,56,58,62,30,52,60,54,40,62,56,63,58,54,53,61,64,74,64,60,66,60,48,62,49,53,49,33,63,55,58,61,29,28,26,11,10,13,7,11,7,League One
M. Mothersille,Wycombe Wanderers,Inglaterra,29,"CAM, LW",Right,177,22,59,,64,59,59,62,32,53,62,58,48,60,56,58,61,53,52,67,61,66,59,62,57,62,47,54,55,62,46,36,58,61,56,63,32,24,27,13,11,7,10,6,6,League One
J. Mullins,Wycombe Wanderers,Irlanda,21,"CAM, CDM, CM",Right,173,22,59,,59,57,60,65,32,53,58,56,46,57,54,64,63,59,57,68,62,56,65,58,64,58,47,60,52,59,47,33,63,68,51,55,28,32,24,14,8,11,13,11,12,League One
E. Henderson,Wycombe Wanderers,Escocia,20,"CDM, CAM",Right,186,26,61,,52,51,59,56,59,66,51,47,62,67,43,54,48,50,60,57,50,53,53,63,56,61,61,67,67,54,65,58,50,56,53,59,54,61,64,7,14,8,15,8,8,League One
L. Leahy,Wycombe Wanderers,Inglaterra,10,"CDM, CAM, CB",Right,178,33,68,,59,60,65,62,69,71,60,56,66,68,52,59,55,61,72,66,63,56,59,68,61,66,68,73,72,66,69,69,60,65,61,67,65,75,68,13,15,6,14,9,12,League One
C. Boyd-Munce,Wycombe Wanderers,Irlanda del Norte,8,"CDM, CM",Right,183,26,60,,56,51,59,54,60,63,55,48,63,66,49,53,50,47,58,55,55,57,52,60,50,53,62,58,64,55,65,61,56,58,54,57,59,59,57,9,6,8,15,7,15,League One
A. Morley,Wycombe Wanderers,Inglaterra,5,"CDM, CM",Right,185,26,63,,57,54,62,58,69,67,58,50,63,72,56,53,57,55,66,64,53,60,49,62,58,62,61,67,67,56,70,67,58,51,54,61,73,70,65,12,10,12,7,9,11,League One
J. Scowen,Wycombe Wanderers,Inglaterra,4,"CDM, CM",Left,178,33,63,,55,56,58,61,64,66,54,55,60,61,45,64,56,57,58,57,54,55,57,65,58,63,66,69,63,56,69,64,57,60,52,68,67,62,67,14,13,6,15,14,15,League One
M. Keita,Wycombe Wanderers,Inglaterra,61,LB,Right,174,17,54,,59,39,49,53,51,50,54,35,44,51,31,51,42,41,48,55,58,60,56,49,55,46,45,62,45,43,51,56,41,46,41,51,51,49,56,10,9,6,14,14,8,League One
A. Hagelskjær,Wycombe Wanderers,Dinamarca,45,"CB, LB",Right,192,29,63,,57,45,50,53,66,63,52,41,68,53,41,47,42,43,54,59,54,59,50,60,47,61,70,61,62,41,66,70,40,44,39,58,63,66,62,7,11,6,10,6,8,League One
S. Cook,Wycombe Wanderers,Inglaterra,27,"CB, RB",Right,185,35,65,,52,47,53,59,66,66,56,42,65,55,41,58,47,43,62,59,51,52,56,67,59,59,65,63,66,48,68,67,42,46,45,68,67,65,65,11,8,8,15,12,11,League One
C. Taylor,Wycombe Wanderers,Inglaterra,26,CB,Right,183,24,63,,57,46,50,54,65,66,47,40,63,57,46,50,38,44,59,59,56,57,56,61,50,56,67,60,70,50,63,66,40,37,42,54,61,68,68,13,14,15,11,13,11,League One
S. Parker,Wycombe Wanderers,Gales,22,RB,Right,178,20,60,,67,46,57,58,57,58,59,42,49,58,39,55,55,49,59,61,69,66,63,52,59,57,51,63,58,49,56,58,50,54,39,52,57,57,59,13,14,13,7,11,13,League One
D. Casey,Wycombe Wanderers,Irlanda,17,"CB, CDM",Right,186,28,59,,52,39,47,46,62,60,44,35,59,53,33,43,41,37,51,48,52,52,41,58,46,54,58,55,64,36,58,60,33,39,40,57,66,61,61,10,13,15,10,15,8,League One
D. Harvie,Wycombe Wanderers,Escocia,3,"LB, LM",Left,173,28,65,,71,50,61,59,65,60,67,44,58,61,52,55,54,50,61,58,69,73,69,60,68,60,58,68,54,55,66,63,49,60,52,60,64,69,65,10,11,7,11,15,12,League One
J. Grimmer,Wycombe Wanderers,Escocia,2,"RB, CB",Right,179,32,63,,64,48,57,60,63,62,61,47,55,59,45,63,57,46,53,55,63,64,64,60,66,53,61,65,58,47,67,67,49,57,50,58,62,61,68,12,9,12,12,13,10,League One
J. Wildsmith,Wycombe Wanderers,Inglaterra,33,GK,Right,189,30,58,,33,18,27,24,16,46,16,10,15,29,16,11,11,18,32,27,30,35,37,50,39,38,43,35,54,17,40,21,13,37,15,36,13,17,16,59,56,47,62,61,38,League One
S. Moore,Wycombe Wanderers,Inglaterra,31,GK,Right,187,32,60,,34,18,30,27,16,43,10,10,17,40,12,15,14,16,32,30,30,38,35,61,36,36,54,36,47,19,37,25,12,37,20,40,14,12,15,58,53,55,63,66,38,League One
M. Macey,Wycombe Wanderers,Inglaterra,24,GK,Left,198,32,63,,32,18,33,31,20,46,20,10,24,39,11,19,20,16,33,33,32,32,36,65,48,36,45,39,52,18,42,29,14,41,23,49,12,22,20,66,59,58,61,67,40,League One
C. Hazard,Wycombe Wanderers,Irlanda del Norte,23,GK,Right,198,28,64,Irlanda del Norte,40,23,33,31,24,45,25,13,25,35,20,18,18,19,35,36,42,39,34,58,49,50,50,40,49,21,40,29,17,41,25,44,24,24,15,68,63,59,65,67,42,League One
M. van Sas,Wycombe Wanderers,Países Bajos,1,GK,Left,193,22,59,,37,17,26,27,16,44,12,10,19,36,10,12,14,10,29,32,35,39,36,58,44,37,48,32,52,15,37,22,11,29,15,40,16,12,11,59,64,53,59,62,36,League One
H. Ibbitson,Bradford City,Inglaterra,29,"RW, RM",Right,178,20,55,,60,50,53,58,25,46,55,49,51,56,50,63,53,51,47,54,61,59,59,52,57,50,50,54,43,52,42,28,57,53,46,47,22,21,13,13,14,11,12,15,8,League One
S. Humphrys,Bradford City,Inglaterra,11,"ST, LW",Left,184,29,64,,65,63,55,61,30,63,57,64,63,57,60,60,56,57,48,62,64,65,63,64,57,69,64,60,68,56,55,27,66,55,63,64,30,23,23,14,13,12,14,12,6,League One
J. Beesley,Bradford City,Inglaterra,9,ST,Left,188,29,64,,68,67,53,65,33,64,54,71,68,55,64,68,61,61,47,63,69,68,59,65,56,64,66,59,67,63,63,29,71,48,63,67,28,31,28,13,13,7,12,8,7,League One
G. Lapslie,Bradford City,Inglaterra,32,"CAM, RB",Right,180,29,61,,64,61,64,66,36,55,57,60,50,67,62,66,61,56,60,69,65,63,63,63,60,62,50,60,56,64,47,40,67,70,55,64,34,32,31,9,8,10,9,14,13,League One
N. Powell,Bradford City,Inglaterra,25,RW,Right,183,32,63,,68,59,59,65,33,57,57,59,55,61,62,66,66,59,55,66,69,68,63,63,63,54,56,65,56,63,48,32,65,61,56,62,35,26,25,11,12,10,6,6,15,League One
W. Swan,Bradford City,Inglaterra,24,"CAM, ST",Left,181,25,62,,61,60,63,63,36,54,59,59,53,69,56,64,67,60,59,63,65,58,61,61,64,58,46,59,56,63,45,39,65,60,61,65,30,34,34,10,11,13,15,15,7,League One
B. Pointon,Bradford City,Inglaterra,23,CAM,Right,170,22,61,,62,57,63,66,34,52,57,55,42,67,61,63,61,57,58,68,63,62,70,62,65,59,50,61,48,59,51,33,61,68,58,63,35,35,25,8,13,10,10,15,7,League One
K. Morgan,Bradford City,Inglaterra,22,"CM, CDM",Right,185,20,63,,63,60,60,64,55,61,56,61,53,65,48,63,63,52,62,67,65,62,57,64,57,60,58,67,60,63,59,54,55,56,55,62,50,61,53,13,13,7,6,12,12,League One
H. Cartwright,Bradford City,Inglaterra,20,CDM,Right,174,21,59,,52,50,56,58,60,58,48,47,56,61,47,57,49,48,58,59,53,52,54,59,55,58,52,60,57,50,61,60,47,57,48,63,61,61,54,9,11,13,8,7,15,League One
K. Jackson,Bradford City,Inglaterra,19,"ST, CAM, RB",Right,181,32,64,,62,65,56,61,31,64,54,65,68,60,67,59,58,55,50,63,57,66,61,66,53,69,66,64,67,58,56,29,72,55,64,65,29,24,23,14,7,11,12,7,15,League One
T. Samuel Wright,Bradford City,Irlanda,17,"LB, CAM, RW",Left,179,25,60,,67,44,58,60,58,58,63,38,51,60,43,63,50,42,57,56,66,67,64,54,64,53,55,64,57,45,56,58,47,55,49,54,56,61,64,8,11,10,15,7,7,League One
A. Sarcevic,Bradford City,Inglaterra,10,"CAM, CDM",Right,183,34,67,,63,64,71,72,41,62,67,61,58,74,64,71,74,64,68,74,66,60,75,69,64,67,61,69,61,65,54,44,70,74,60,69,36,41,30,6,15,12,12,14,10,League One
A. Phillips,Bradford City,Inglaterra,8,"CDM, RW, CAM",Right,180,28,63,,57,53,60,58,62,65,51,48,57,67,43,54,47,54,63,63,55,58,56,62,56,63,58,63,67,58,66,62,55,58,55,65,63,63,62,14,9,14,12,13,9,League One
J. Neufville,Bradford City,Inglaterra,7,"RB, LB",Right,183,25,64,,68,49,62,62,62,67,66,47,64,64,43,62,60,49,59,62,67,68,60,64,65,55,68,73,67,49,58,64,52,59,50,56,60,61,64,6,15,10,7,6,13,League One
C. Connolly,Bradford City,Inglaterra,6,"CDM, CB",Left,183,29,64,,60,55,60,59,66,67,59,49,61,62,47,55,47,57,63,63,62,59,58,66,64,62,63,67,69,64,64,65,54,59,55,59,66,68,63,12,9,7,14,13,6,League One
I. Touray,Bradford City,The Gambia,3,"LB, CB, LM",Left,177,31,62,,64,47,58,56,60,60,62,44,53,59,48,59,54,56,53,49,68,61,62,58,66,55,63,63,58,45,62,62,47,55,44,56,58,61,61,6,15,12,7,7,13,League One
O. Lunn,Bradford City,Inglaterra,30,"CB, CDM",Right,187,18,53,,52,33,38,42,54,55,39,28,54,46,29,39,33,32,42,44,51,53,39,49,38,48,56,49,55,32,60,49,28,25,32,52,57,55,50,14,11,13,8,8,14,League One
M. Pennington,Bradford City,Inglaterra,28,"CB, RB",Right,185,32,62,,56,41,48,46,65,63,51,37,64,52,35,37,41,39,50,52,57,55,47,62,52,51,66,57,66,42,62,69,37,42,40,60,65,60,69,10,6,8,11,7,12,League One
C. O'Keeffe,Bradford City,Irlanda,27,"RB, LB, CB",Right,184,28,62,,69,46,58,58,61,61,64,42,58,62,49,58,53,47,60,56,67,71,65,59,60,56,60,65,59,44,60,57,50,50,50,54,60,66,61,14,15,10,12,11,14,League One
G. Pratt,Bradford City,Inglaterra,16,CB,Left,185,23,62,,59,38,51,52,65,67,49,30,65,57,39,48,41,40,54,53,56,62,53,58,54,52,63,62,70,43,66,66,36,47,39,59,62,69,59,7,14,15,8,6,6,League One
A. Baldwin,Bradford City,Inglaterra,15,"CB, RB",Right,183,29,64,,59,41,52,56,71,63,45,33,69,57,41,53,44,48,56,59,55,62,54,59,58,55,63,55,65,47,69,71,41,48,41,63,72,70,69,10,11,14,6,14,7,League One
H. Matthews,Bradford City,Australia,14,CB,Left,188,22,64,,59,43,53,54,67,68,51,37,63,60,39,50,42,44,61,58,61,58,50,63,52,62,72,64,70,41,69,68,41,43,42,67,67,68,67,11,9,12,8,15,13,League One
M. Gillesphey,Bradford City,Inglaterra,5,CB,Right,180,30,62,,58,44,50,52,64,61,45,41,60,55,35,48,43,45,52,55,54,61,49,57,56,61,56,58,61,39,64,65,38,47,41,60,66,64,62,11,8,13,14,15,14,League One
R. Welch,Bradford City,Inglaterra,2,CB,Left,197,23,60,,52,37,49,48,64,62,47,30,61,55,36,44,41,46,55,51,49,55,42,65,46,53,65,52,68,39,58,63,35,37,38,57,65,65,60,11,10,9,11,8,14,League One
Z. Hadi,Bradford City,Inglaterra,31,GK,Right,190,20,55,,31,15,25,25,14,39,10,10,18,32,10,14,10,12,27,27,29,33,37,48,34,35,47,32,46,10,26,23,10,32,16,34,10,11,10,58,52,52,55,59,31,League One
J. McCracken,Bradford City,Escocia,21,GK,Right,185,26,64,Escocia,36,21,34,29,21,50,18,12,27,43,15,17,21,21,33,31,34,38,39,65,41,46,51,39,59,17,39,30,10,40,26,46,13,20,23,69,67,56,62,57,44,League One
C. Dawson,Bradford City,Inglaterra,1,GK,Right,189,31,62,,39,19,31,28,19,43,20,12,22,37,14,13,22,17,33,32,41,37,40,66,41,39,50,36,48,15,38,27,11,37,23,43,16,17,18,64,61,50,62,63,45,League One
H. Adelakun,Doncaster Rovers,Inglaterra,47,"LW, ST",Left,190,30,63,,71,61,59,66,32,61,63,63,60,60,57,67,63,60,50,66,71,71,62,66,63,60,61,67,62,59,51,36,68,61,58,62,28,25,27,14,8,15,11,8,6,League One
J. Thomas,Doncaster Rovers,Inglaterra,19,"RW, LW",Right,177,25,61,,67,62,58,61,33,52,55,64,41,60,58,61,61,50,59,59,70,65,64,63,65,63,51,64,49,57,45,39,64,60,56,55,30,29,30,15,15,13,12,10,9,League One
F. Okoronkwo,Doncaster Rovers,Inglaterra,14,"ST, LW",Right,181,22,59,,58,61,51,57,22,56,48,64,60,59,60,60,52,47,39,54,60,57,57,58,57,62,58,51,60,56,54,22,59,48,60,58,18,15,17,14,13,12,11,9,10,League One
L. Ayinde,Doncaster Rovers,Inglaterra,11,"LW, RW, RB",Left,174,22,56,,61,56,56,61,22,49,60,55,43,59,56,59,59,53,44,62,58,64,66,58,61,58,48,51,50,56,43,24,59,54,55,56,20,19,17,9,13,11,7,13,6,League One
A. May,Doncaster Rovers,Inglaterra,10,"ST, CAM",Right,176,33,68,,71,69,60,68,35,64,55,72,68,65,68,65,60,54,55,69,68,73,74,72,67,69,65,63,68,59,55,32,72,59,72,71,31,33,24,9,8,15,7,13,15,League One
B. Hanlan,Doncaster Rovers,Inglaterra,9,"ST, LW, RW",Right,188,29,61,,63,59,50,59,29,63,46,59,65,54,65,57,52,51,43,61,64,62,55,67,56,61,67,59,67,53,56,23,67,54,62,63,27,25,21,8,12,11,13,6,6,League One
T. O'Reilly,Doncaster Rovers,Inglaterra,7,"RW, CAM",Right,170,22,61,,70,61,60,62,27,56,61,62,49,61,59,65,60,61,58,57,69,71,74,54,66,60,54,61,58,59,47,30,62,60,58,61,26,21,24,8,15,8,10,11,14,League One
J. Collins,Doncaster Rovers,Irlanda,29,"ST, CAM",Right,188,35,63,,56,65,53,60,30,63,49,67,62,56,63,59,50,58,49,62,57,56,51,63,56,66,66,60,67,58,56,29,67,54,66,67,25,27,26,13,6,13,15,14,14,League One
A. Swales,Doncaster Rovers,Inglaterra,51,CDM,Right,173,17,54,,53,47,52,54,53,56,47,45,50,58,41,51,44,47,51,57,55,52,51,51,54,51,48,64,51,51,60,53,44,48,41,57,48,58,53,11,12,8,9,15,12,League One
B. McCann,Doncaster Rovers,Irlanda del Norte,25,CDM,Right,188,20,57,,54,49,53,52,57,59,47,45,53,57,46,52,46,52,60,53,52,55,47,51,48,56,59,56,61,53,57,58,49,48,48,57,60,55,56,12,15,8,11,10,6,League One
R. Gotts,Doncaster Rovers,Inglaterra,22,"CDM, CAM",Right,177,26,64,,57,52,61,61,64,66,54,49,56,70,45,66,44,53,62,56,59,56,54,64,64,61,61,68,65,53,69,68,56,59,49,65,63,66,64,7,10,14,13,10,11,League One
I. Hutchinson,Doncaster Rovers,Inglaterra,21,"CM, CAM, LW",Right,178,26,63,,63,59,64,64,57,62,56,59,58,69,53,63,62,55,61,67,61,64,64,61,65,63,52,68,60,59,60,57,62,70,55,62,56,58,59,13,15,12,9,8,8,League One
D. Robinson,Doncaster Rovers,Irlanda del Norte,20,"CM, CDM, CAM",Right,177,21,59,,57,53,57,60,51,58,48,53,48,64,48,62,58,54,53,58,56,57,63,58,54,52,46,64,58,57,55,56,50,58,54,64,48,53,45,14,15,13,12,9,8,League One
H. Clifton,Doncaster Rovers,Inglaterra,15,"CAM, CM",Right,180,28,59,,59,57,60,62,30,53,59,56,46,63,57,60,55,53,51,64,61,58,63,55,64,57,50,58,53,61,46,34,60,64,55,60,28,27,22,11,8,11,12,13,14,League One
G. Broadbent,Doncaster Rovers,Inglaterra,8,"CDM, CAM",Right,175,26,60,,54,51,57,56,63,61,51,49,50,59,47,52,48,53,62,60,55,53,56,55,54,55,59,66,58,52,65,63,55,57,50,56,66,64,61,12,14,10,6,10,10,League One
O. Bailey,Doncaster Rovers,Inglaterra,4,"CAM, CDM, CM",Right,180,27,62,,63,62,66,66,34,54,62,62,50,71,61,64,65,55,58,70,60,66,69,64,58,58,56,62,54,67,46,37,59,70,62,60,32,28,33,11,8,14,10,9,7,League One
A. Pavan,Doncaster Rovers,Inglaterra,13,"LM, RM",Left,177,17,54,,61,50,55,54,38,50,56,47,37,57,47,52,55,48,51,53,60,61,59,58,62,51,46,60,45,55,49,40,54,56,48,48,39,38,33,15,6,13,8,14,15,League One
L. Pawlak,Doncaster Rovers,Inglaterra,39,"CB, CDM",Right,189,17,56,,56,36,44,45,59,58,39,29,62,50,30,41,40,38,47,47,53,59,46,45,43,52,64,54,60,36,58,63,34,38,37,59,57,59,56,15,10,7,11,13,8,League One
S. Grehan,Doncaster Rovers,Irlanda,27,"CB, RB",Right,188,22,60,,53,38,47,48,63,62,45,32,61,55,42,42,41,38,52,50,53,53,46,64,49,54,64,52,67,36,60,67,32,37,45,60,61,63,62,10,9,7,8,13,15,League One
J. Senior,Doncaster Rovers,Inglaterra,23,LB,Left,174,29,62,,68,46,59,59,58,57,56,40,57,65,48,58,53,49,60,60,71,66,60,61,67,57,59,65,51,45,60,53,48,56,48,57,57,63,62,13,15,15,15,8,12,League One
T. Nixon,Doncaster Rovers,Inglaterra,16,"RB, RM",Right,185,23,56,,57,41,52,54,55,57,57,35,55,56,42,48,47,43,53,58,57,57,57,55,57,51,55,62,55,42,56,54,42,44,42,58,53,59,55,10,9,7,12,12,8,League One
N. Byrne,Doncaster Rovers,Irlanda,12,"CB, CDM",Right,190,33,66,,55,46,57,57,68,68,53,41,69,64,41,51,45,45,63,63,54,55,55,69,50,62,78,64,71,45,65,66,38,50,46,66,66,68,73,10,14,15,10,15,7,League One
J. McGrath,Doncaster Rovers,Inglaterra,6,CB,Right,185,23,61,,58,41,51,49,65,62,42,37,62,67,35,44,37,43,47,50,55,61,49,63,53,51,61,59,60,45,72,70,37,40,40,57,61,67,64,15,14,9,15,6,10,League One
M. Pearson,Doncaster Rovers,Inglaterra,5,"CB, RB",Right,190,33,64,,55,45,53,55,69,66,49,41,73,57,38,52,50,43,57,59,59,51,50,61,52,61,70,59,69,41,68,68,40,50,43,63,69,68,67,14,15,12,6,7,14,League One
J. Husband,Doncaster Rovers,Inglaterra,3,"CB, LB",Right,179,32,63,,56,47,51,55,65,64,52,45,68,56,37,55,42,45,55,56,54,57,47,63,52,63,66,66,63,42,66,66,37,43,40,63,66,63,66,6,10,7,13,10,14,League One
J. Sterry,Doncaster Rovers,Inglaterra,2,"RB, LB",Left,180,30,62,,68,46,58,57,60,61,61,40,60,63,44,54,53,46,58,58,69,67,61,62,65,56,55,70,59,51,54,61,53,53,45,58,57,62,60,12,11,8,6,12,15,League One
J. Clarke,Doncaster Rovers,Irlanda del Norte,42,GK,Right,188,22,59,,34,19,26,25,15,40,13,10,18,34,10,10,18,15,25,32,35,34,36,50,38,40,48,33,47,20,31,21,12,29,22,35,13,11,17,61,60,52,62,60,34,League One
J. Bryant,Doncaster Rovers,Inglaterra,41,GK,Right,192,19,54,,33,15,25,21,12,36,14,10,15,33,10,10,10,10,25,25,32,34,29,41,27,34,39,25,44,10,29,17,10,29,15,34,10,10,10,58,51,51,54,53,31,League One
J. Oram,Doncaster Rovers,Inglaterra,32,GK,Left,183,20,57,,31,17,24,24,16,40,13,10,22,27,10,13,12,10,29,28,32,30,28,51,36,38,46,26,47,16,38,24,10,32,12,35,16,10,13,56,54,55,55,57,32,League One
T. Simkin,Doncaster Rovers,Inglaterra,1,GK,Right,183,21,64,,39,24,33,35,20,49,23,16,31,40,17,27,18,17,31,35,38,39,43,60,41,48,52,35,59,20,40,29,15,41,22,48,15,15,17,66,63,58,63,67,41,League One
G. Kodua,Luton Town,Inglaterra,30,"LW, CAM, RW",Left,179,22,61,,67,59,60,68,32,50,60,56,50,62,62,70,53,60,54,66,64,70,72,63,65,61,53,61,45,61,46,31,64,61,60,60,34,25,31,13,8,9,7,11,6,League One
D. Cole,Luton Town,Inglaterra,22,"ST, LW",Right,185,31,63,,63,63,53,61,28,64,53,66,68,54,64,59,61,51,40,63,62,64,60,64,63,62,71,57,71,59,56,19,62,58,58,66,27,24,26,10,10,11,13,11,8,League One
N. Wells,Luton Town,Bermuda,21,"ST, CF",Right,170,36,66,,58,67,58,66,32,61,59,68,63,59,63,66,62,57,50,67,59,58,65,69,67,68,59,63,59,66,63,32,71,63,67,65,31,25,23,7,9,8,13,13,14,League One
T. Mendel-Idowu,Luton Town,Inglaterra,17,RW,Right,178,21,55,,59,51,53,61,23,48,52,47,50,50,46,63,55,49,51,62,58,59,63,61,54,55,47,57,47,54,41,17,58,59,55,49,22,23,14,6,6,15,7,15,11,League One
S. Morris,Luton Town,Inglaterra,14,RW,Right,183,24,57,,60,55,57,60,27,50,63,55,51,54,49,61,58,50,54,59,66,56,62,55,59,54,46,53,51,54,43,29,61,58,55,55,22,24,24,15,7,7,13,6,9,League One
E. Lawrence,Luton Town,Escocia,11,"LW, LB, RW",Right,175,21,59,,67,56,56,62,25,52,63,54,43,54,54,61,55,54,51,61,70,65,70,65,64,60,50,57,52,55,47,28,63,59,53,60,27,17,22,15,11,10,12,12,9,League One
C. Marshall,Luton Town,Irlanda del Norte,9,"ST, CAM",Left,172,21,63,Irlanda del Norte,65,64,53,63,29,61,51,64,62,58,57,63,55,51,52,62,64,65,70,64,63,68,60,59,66,59,51,23,66,49,63,63,28,25,21,15,11,13,9,15,13,League One
J. Richards,Luton Town,Inglaterra,7,"RW, CAM, RM",Right,181,19,58,,67,54,55,60,27,52,56,51,46,57,56,60,57,51,48,62,66,67,66,50,56,54,51,59,51,56,46,25,60,55,58,51,25,25,22,10,9,12,10,6,11,League One
K. Palmer,Luton Town,Jamaica,45,"CAM, CDM, CM",Left,182,29,64,,67,65,63,65,35,55,57,63,45,67,64,64,66,67,56,65,69,65,65,63,68,69,51,59,55,66,50,39,62,64,63,65,39,27,31,9,11,10,8,10,10,League One
S. Baptiste,Luton Town,Grenada,26,CDM,Left,180,28,62,,55,52,61,59,63,64,51,46,64,70,50,57,55,53,61,63,57,54,47,66,58,57,62,65,64,62,62,63,54,60,51,64,61,64,64,9,12,10,7,8,13,League One
J. Clark,Luton Town,Inglaterra,18,"CAM, CDM, CM",Left,183,33,65,,63,65,65,69,36,59,62,64,56,64,69,68,73,64,70,70,64,63,73,66,61,67,56,67,57,65,55,40,66,64,58,71,28,33,36,7,6,7,6,8,9,League One
D. Gore,Luton Town,Inglaterra,16,"CDM, CM",Right,170,22,62,,56,53,60,57,61,62,48,47,57,66,47,53,54,54,66,60,55,56,60,57,62,65,49,62,60,54,69,61,52,61,57,62,62,62,63,11,12,15,10,12,6,League One
J. Donley,Luton Town,Irlanda del Norte,10,"CAM, ST, RM",Right,183,21,63,Irlanda del Norte,62,63,66,66,36,56,62,63,51,71,59,65,65,61,58,68,61,62,67,59,63,62,55,56,57,65,53,36,70,67,59,66,32,35,35,9,11,11,10,14,11,League One
L. Walsh,Luton Town,Inglaterra,8,"CDM, CM",Right,168,29,61,,59,52,59,59,61,64,50,48,55,63,37,54,51,54,63,64,56,62,58,61,64,59,56,67,60,59,70,64,54,60,50,59,62,60,60,14,9,15,11,9,13,League One
S. Hakami Sandal,Luton Town,Noruega,4,CM,Right,193,23,63,,59,57,62,63,55,64,60,55,60,62,53,59,58,57,66,69,63,56,58,66,57,56,60,62,66,61,63,59,61,65,59,60,54,53,52,12,15,14,6,12,9,League One
H. Ashby,Luton Town,Escocia,33,RB,Right,179,24,65,,69,51,62,65,63,64,65,47,59,67,45,65,56,49,62,64,68,70,65,65,68,60,61,66,65,53,62,64,52,54,53,61,66,60,66,11,10,7,14,10,9,League One
B. Benagr,Luton Town,Inglaterra,31,LB,Left,179,19,57,,63,40,53,52,53,54,60,38,45,55,34,53,48,47,55,49,62,63,59,52,57,48,53,56,55,38,51,51,38,46,40,51,53,55,60,8,12,6,15,11,6,League One
I. Jones,Luton Town,Guyana,25,"RB, RW",Right,176,27,70,,76,55,65,66,67,69,64,52,60,67,56,67,60,52,68,64,70,80,68,70,73,60,67,73,67,53,70,67,59,64,56,63,66,68,76,6,11,6,15,14,14,League One
H. Fox,Luton Town,Inglaterra,22,LB,Left,183,19,57,,63,42,52,54,57,58,57,37,54,56,38,51,46,41,47,56,59,66,56,53,60,52,58,59,58,45,59,55,42,46,41,52,57,60,54,14,13,7,6,9,15,League One
T. Mengi,Luton Town,Inglaterra,15,"CB, CDM",Right,183,24,67,,60,48,57,55,70,69,51,44,67,66,43,52,47,44,62,54,64,57,58,60,59,63,68,67,70,47,70,68,42,49,49,66,70,74,69,9,6,14,7,11,10,League One
J. Johnson,Luton Town,Inglaterra,6,"LB, CB",Left,180,20,59,,64,44,53,53,56,57,57,42,50,55,45,52,50,45,52,52,65,63,56,60,60,47,57,61,56,42,53,54,47,48,44,45,59,56,59,10,12,12,6,12,14,League One
G. Johnston,Luton Town,Escocia,6,"CB, LB",Right,181,28,64,,62,46,51,53,66,62,50,42,65,56,40,45,45,48,56,60,60,63,54,59,51,58,66,56,63,47,65,67,43,44,46,57,66,66,66,10,6,6,8,12,9,League One
M. Juel Andersen,Luton Town,Dinamarca,5,"CB, RB",Right,194,28,68,,64,48,57,60,69,70,48,45,77,66,45,56,46,46,63,64,64,64,54,67,48,62,79,65,71,46,72,70,42,51,46,72,64,72,69,6,12,14,14,12,6,League One
K. Naismith,Luton Town,Escocia,3,"CB, LB",Right,170,34,66,,60,49,57,58,70,64,52,44,64,69,43,56,46,41,58,58,62,59,58,72,57,64,63,63,62,49,72,75,42,46,50,66,73,66,71,9,7,9,12,13,12,League One
R. Walters,Luton Town,Inglaterra,2,"RW, CB, RB",Right,186,21,65,,69,61,63,67,36,57,64,59,54,61,65,70,63,58,60,65,70,69,68,64,65,64,60,64,56,60,50,40,67,67,58,64,35,31,30,7,14,6,10,8,13,League One
H. Odoffin,Luton Town,Inglaterra,2,"CB, RB",Right,175,28,60,,59,41,50,50,65,59,45,37,60,57,36,45,41,42,56,52,58,60,52,54,57,54,61,56,58,38,65,65,37,41,37,52,69,63,62,14,8,15,7,9,10,League One
J. Keeley,Luton Town,Irlanda,24,GK,Right,187,23,66,,37,24,36,34,27,50,23,17,32,45,19,23,18,17,38,38,40,34,39,62,47,45,52,41,57,21,41,33,14,39,29,45,26,24,21,63,69,64,61,70,44,League One
J. Shea,Luton Town,Inglaterra,1,GK,Right,180,35,62,,32,19,33,30,18,45,13,11,23,41,16,19,14,18,38,31,31,32,40,56,44,43,40,38,52,16,37,22,12,44,19,47,13,18,18,61,62,56,62,60,42,League One
D. Keillor-Dunn,Sheffield Wednesday,Inglaterra,50,"ST, RW",Right,180,28,68,,71,70,58,65,35,67,48,71,67,66,72,63,62,62,53,66,70,72,67,67,61,71,70,64,71,65,60,36,74,57,69,65,31,30,24,12,6,12,15,11,13,League One
M. Burstow,Sheffield Wednesday,Inglaterra,48,"ST, CAM, LW",Right,187,23,71,,72,72,63,70,41,73,60,73,77,71,72,68,64,61,51,72,71,72,68,71,66,75,76,66,77,67,71,36,73,61,73,77,40,37,29,14,10,7,6,8,8,League One
H. Gray,Sheffield Wednesday,Inglaterra,24,"ST, LW, CAM",Left,181,17,59,,63,61,51,55,25,56,49,61,57,54,60,53,49,50,43,57,66,60,57,55,52,64,56,54,58,60,53,20,61,53,59,58,23,22,21,14,10,12,14,8,13,League One
K. Morrison,Sheffield Wednesday,Irlanda del Norte,20,"RW, CM, CAM",Left,170,19,54,Irlanda del Norte,61,54,52,57,22,41,55,54,37,55,44,62,51,46,39,52,60,62,63,43,62,54,37,56,36,56,36,19,57,55,47,48,19,23,18,12,14,8,8,10,10,League One
W. Grainger,Sheffield Wednesday,Gales,19,CAM,Right,180,17,57,,62,56,62,59,30,47,61,55,45,64,54,63,63,56,52,56,66,58,59,52,62,62,46,53,46,52,43,24,60,66,52,54,32,30,23,8,10,8,8,7,12,League One
A. Al Hamadi,Sheffield Wednesday,Irak,12,"ST, LW",Left,187,24,69,,70,70,58,64,32,70,53,72,69,65,66,61,63,55,51,66,68,72,65,71,64,69,75,68,72,64,67,26,80,56,70,64,30,28,28,9,11,9,7,15,13,League One
L. Barry,Sheffield Wednesday,Inglaterra,11,"RW, LW, CAM",Right,174,23,68,,76,69,67,73,36,62,67,70,49,69,65,78,69,64,61,68,77,76,75,73,72,69,59,73,60,67,53,36,73,67,65,63,37,34,30,7,10,8,8,13,14,League One
J. Lowe,Sheffield Wednesday,Jamaica,9,"ST, CAM, LW",Left,183,32,65,,62,66,59,64,31,65,56,69,69,66,64,63,54,49,52,64,61,62,65,58,62,66,69,60,69,58,58,26,75,58,65,68,28,28,22,14,6,14,6,10,12,League One
J. Thornton,Sheffield Wednesday,Inglaterra,37,"CDM, CM",Right,181,20,59,,55,49,61,56,60,62,55,46,51,69,42,53,49,53,62,63,56,54,45,56,59,57,58,63,62,50,62,63,51,56,51,54,61,61,52,15,13,7,11,15,9,League One
J. Liongola,Sheffield Wednesday,Burundi,23,"RB, LB, RM",Right,185,26,67,,71,56,67,63,66,67,70,56,64,70,43,61,59,52,68,62,73,70,67,66,70,60,70,67,67,56,65,66,54,64,51,64,65,66,67,7,9,13,12,15,6,League One
T. Onyango,Sheffield Wednesday,Inglaterra,21,"RB, CB",Right,196,23,59,,58,45,55,57,58,63,63,42,61,54,43,57,55,42,55,59,60,57,56,51,54,57,63,64,64,40,60,55,48,51,44,53,61,57,58,7,9,6,8,8,8,League One
J. Heskey,Sheffield Wednesday,Inglaterra,18,"CDM, CAM, CM",Right,180,20,58,,54,50,56,55,57,59,47,47,56,60,40,50,46,51,61,61,53,55,54,50,61,57,55,60,57,52,64,59,49,56,44,60,54,60,56,6,11,12,12,10,15,League One
B. Mitchell,Sheffield Wednesday,Inglaterra,16,CDM,Right,178,25,70,,65,61,67,67,73,71,59,57,66,73,53,63,63,60,68,72,69,61,68,66,68,69,64,69,71,62,74,70,62,65,59,63,73,78,67,15,8,14,10,15,12,League One
S. Fusire,Sheffield Wednesday,Zimbabue,14,"RB, RM, CAM",Left,181,21,64,Zimbabue,73,50,61,62,59,61,67,46,59,69,51,64,53,47,59,60,71,75,61,63,60,58,66,66,57,50,64,58,53,49,51,58,57,62,60,10,15,10,11,9,11,League One
B. Bannan,Sheffield Wednesday,Escocia,10,"CDM, CM, CAM",Right,170,36,66,,54,55,60,65,66,69,52,51,56,67,47,64,55,54,65,63,58,50,69,74,66,60,62,67,70,61,69,73,55,56,53,70,66,65,68,9,11,7,14,13,6,League One
C. Slattery,Sheffield Wednesday,Inglaterra,8,"CAM, LW, LM",Right,175,27,66,,65,64,68,69,40,54,64,61,54,72,59,73,64,65,61,66,69,61,70,65,72,67,57,63,51,70,50,43,63,72,70,66,36,38,40,9,13,6,7,14,8,League One
R. James,Sheffield Wednesday,Inglaterra,33,"LB, CB, LM",Left,171,32,64,,67,49,60,65,59,60,65,45,53,62,47,65,49,51,58,64,68,67,71,64,69,57,58,67,55,49,63,63,51,60,56,64,57,58,63,15,10,10,12,11,6,League One
E. Weaver,Sheffield Wednesday,Inglaterra,30,"CB, CDM",Right,181,20,57,,53,36,47,46,60,56,44,28,57,53,38,47,40,41,47,46,55,52,43,42,44,55,60,49,58,39,60,56,31,44,33,50,62,63,59,12,9,11,10,14,12,League One
C. McGhee,Sheffield Wednesday,Inglaterra,28,"CB, RB",Right,190,20,57,,51,36,46,46,62,60,47,30,61,50,30,42,39,36,54,47,52,50,51,55,48,52,59,54,63,36,60,59,36,35,34,59,67,61,58,7,8,14,13,12,7,League One
S. Swinkels,Sheffield Wednesday,Países Bajos,26,CB,Left,190,22,62,,61,41,52,49,65,67,47,36,69,60,41,44,42,42,59,52,61,61,44,63,48,56,66,61,70,41,68,60,32,43,43,57,66,68,63,8,11,7,11,9,7,League One
G. Otegbayo,Sheffield Wednesday,Irlanda,22,CB,Right,193,21,64,,64,42,51,55,67,64,48,35,69,57,39,51,42,42,53,60,62,66,47,60,49,58,67,61,65,41,66,68,40,46,45,64,65,67,67,10,12,6,14,14,10,League One
Y. Valery,Sheffield Wednesday,Túnez,7,"RB, CDM, CM",Right,180,27,66,Túnez,69,52,59,63,64,66,64,50,61,59,50,62,62,53,62,62,71,67,70,56,70,56,64,67,68,52,61,60,55,54,52,64,61,70,64,10,7,11,15,6,8,League One
L. Cooper,Sheffield Wednesday,Escocia,6,CB,Right,180,35,63,,54,44,49,57,65,63,47,41,60,53,38,54,36,46,54,59,50,57,56,65,54,60,64,57,64,40,67,65,42,42,40,66,67,64,63,14,8,11,8,11,14,League One
D. Bernard,Sheffield Wednesday,Jamaica,5,"CB, RB",Right,189,25,66,,61,46,56,53,70,71,52,42,73,64,37,45,47,48,63,60,57,65,50,69,53,65,70,65,74,43,69,72,36,44,44,58,70,70,63,10,13,9,7,8,11,League One
R. Santos,Sheffield Wednesday,Cabo Verde,4,CB,Right,182,31,60,,53,40,49,48,60,62,43,35,58,55,30,43,41,36,59,51,50,55,50,60,45,56,59,58,61,36,69,60,39,43,38,60,61,61,59,10,12,7,9,14,8,League One
M. Lowe,Sheffield Wednesday,Inglaterra,3,"CB, LB",Right,175,29,67,,63,48,57,56,71,70,57,42,64,63,43,49,42,50,61,59,60,66,57,68,61,63,69,66,72,50,71,72,41,47,44,71,71,71,73,9,14,14,15,15,8,League One
L. Palmer,Sheffield Wednesday,Escocia,2,"CB, RB, RM",Right,180,35,61,,48,41,47,51,64,64,48,38,58,54,31,48,39,41,49,51,49,48,49,66,54,55,60,57,66,37,68,64,38,37,41,55,66,64,67,8,11,6,14,15,10,League One
C. Trueman,Sheffield Wednesday,Inglaterra,27,GK,Right,184,30,56,,34,16,25,24,12,37,13,10,11,31,10,13,10,10,29,27,31,37,31,52,39,37,49,28,44,11,30,19,10,31,14,32,10,11,10,57,57,49,57,62,34,League One
A. Maynard-Brewer,Sheffield Wednesday,Australia,13,GK,Right,188,27,61,,31,22,30,27,19,44,18,20,25,36,17,17,24,15,33,27,34,29,35,59,47,41,49,33,51,13,37,20,13,32,21,42,17,20,16,63,59,57,64,59,41,League One
J. Lumley,Sheffield Wednesday,Inglaterra,1,GK,Right,190,31,62,,33,18,32,27,20,44,14,12,20,39,11,14,17,18,32,31,34,32,34,55,42,37,53,32,52,13,38,30,12,46,23,44,18,15,16,62,61,61,63,62,43,League One
J. Sharpe,Plymouth Argyle,Malta,43,ST,Right,176,16,55,,61,58,45,53,18,51,43,62,53,48,48,50,44,42,42,55,65,58,56,54,56,60,53,53,51,50,47,17,61,45,52,50,14,13,11,13,6,8,13,12,15,League One
A. Pepple,Plymouth Argyle,Canadá,27,ST,Right,185,23,63,,63,67,54,62,30,65,54,72,63,59,60,62,56,53,46,63,60,66,57,66,57,67,58,57,72,61,59,34,66,50,62,65,27,24,19,8,8,14,12,12,15,League One
O. Oseni,Plymouth Argyle,Nigeria,18,ST,Right,177,23,61,,59,64,52,59,30,60,47,67,60,61,61,59,50,48,45,60,60,58,58,59,60,62,64,58,62,58,54,34,71,47,65,61,27,24,18,15,9,8,7,13,9,League One
O. Irow,Plymouth Argyle,Inglaterra,14,"LW, LM, CAM",Right,165,20,57,,65,58,56,56,24,46,59,59,38,56,54,57,59,52,53,52,64,65,62,54,67,60,44,57,41,57,47,29,52,53,54,46,23,19,16,7,8,14,14,13,7,League One
W. Evans,Plymouth Argyle,Gales,9,"ST, LW, CAM",Right,185,29,63,,61,65,53,61,31,63,46,69,66,58,65,65,50,52,49,55,62,60,61,66,54,60,67,63,65,61,59,30,70,54,66,66,25,28,22,15,8,10,11,7,11,League One
S. Campbell,Plymouth Argyle,Inglaterra,38,CM,Right,178,17,54,,55,47,56,53,47,49,53,43,48,60,40,47,53,48,55,60,55,55,54,54,54,51,46,57,46,52,48,52,54,55,47,54,44,46,47,6,10,8,9,8,13,League One
B. Ibrahim,Plymouth Argyle,Inglaterra,23,"CM, CAM, ST",Right,185,21,61,,61,56,62,63,52,61,58,54,54,64,47,61,58,50,62,67,64,59,62,55,57,64,50,63,60,56,62,49,59,64,51,66,52,55,48,6,10,12,10,11,10,League One
M. Baidoo,Plymouth Argyle,Ghana,20,CM,Right,174,27,66,,64,61,67,68,59,61,64,55,52,70,54,70,68,62,66,67,65,64,69,64,64,70,58,64,60,65,62,65,69,66,61,67,60,56,58,12,11,7,9,9,11,League One
T. Bakinson,Plymouth Argyle,Inglaterra,19,"CDM, CM",Right,185,27,59,,49,50,54,55,60,64,52,49,55,58,41,55,50,43,57,55,53,45,57,58,51,55,56,54,68,51,69,53,49,52,47,60,66,61,56,12,10,15,8,13,12,League One
C. Watts,Plymouth Argyle,Australia,17,"ST, CAM, LM",Right,173,24,62,,64,64,53,61,27,60,51,63,58,56,65,56,49,53,49,66,63,65,57,62,59,66,62,59,62,64,58,26,69,54,56,66,24,21,21,11,11,9,7,12,14,League One
R. Curtis,Plymouth Argyle,Irlanda,11,"RM, LM, RW",Right,182,30,65,,72,59,63,63,43,63,65,57,54,63,56,64,67,56,57,62,68,75,67,59,64,63,58,75,59,61,58,43,62,64,56,60,44,41,38,11,14,11,10,10,14,League One
X. Amaechi,Plymouth Argyle,Inglaterra,10,RM,Right,179,25,60,,66,56,56,60,41,57,61,55,49,55,55,62,60,53,54,56,62,69,64,64,64,58,51,64,56,55,51,43,58,56,52,54,38,41,39,10,15,7,14,14,10,League One
H. White,Plymouth Argyle,Inglaterra,7,"CDM, CM, CAM",Right,178,25,66,,58,54,61,60,66,66,52,45,62,68,54,62,55,52,66,58,57,59,59,62,57,63,63,72,63,61,68,66,60,60,55,66,67,65,68,7,9,9,8,6,15,League One
M. Boateng,Plymouth Argyle,Inglaterra,6,"CM, CDM, CAM",Right,182,24,66,,64,62,66,64,58,63,62,58,53,69,59,59,65,53,65,69,63,64,70,67,59,67,62,69,61,67,59,59,60,67,54,67,59,58,56,7,14,10,12,11,8,League One
W. Harding,Plymouth Argyle,Jamaica,45,"RB, LB",Right,181,29,64,,70,49,59,62,59,64,63,44,52,62,49,62,56,45,57,61,70,70,62,66,62,57,70,68,61,49,64,60,54,57,49,61,60,61,57,13,6,12,6,10,12,League One
J. Rendle,Plymouth Argyle,Inglaterra,42,LB,Right,184,18,57,,64,43,51,53,54,57,53,37,53,53,39,48,52,42,50,58,63,65,57,55,56,53,57,63,55,47,53,54,45,47,45,50,55,52,54,14,6,6,6,14,9,League One
M. Sorinola,Plymouth Argyle,Inglaterra,29,"LB, LM, LW",Right,173,25,62,,65,46,58,62,59,61,67,39,43,62,49,62,53,52,58,61,61,69,66,61,63,55,61,64,59,51,64,60,52,46,49,61,58,63,63,10,8,11,13,8,12,League One
A. Hartridge,Plymouth Argyle,Inglaterra,22,"CB, LB",Right,185,27,61,,55,41,49,49,66,65,49,36,66,55,39,44,43,37,53,55,52,57,48,60,44,58,60,58,71,35,62,70,34,39,42,49,64,66,60,8,10,12,8,9,8,League One
A. Mitchell,Plymouth Argyle,Inglaterra,15,CB,Right,191,24,67,,60,45,54,54,72,71,51,39,72,62,42,47,42,46,60,58,55,65,56,70,53,60,71,61,75,48,73,74,39,43,43,66,69,75,70,14,9,6,14,15,11,League One
J. Edwards,Plymouth Argyle,Inglaterra,8,"RB, CB, CM",Right,173,35,64,,67,51,61,62,61,63,64,50,54,64,44,63,57,48,58,59,67,67,65,61,69,54,54,71,61,53,59,58,52,58,50,67,61,64,62,8,7,15,14,9,15,League One
J. Pleguezuelo,Plymouth Argyle,España,5,CB,Left,175,29,64,,65,40,54,52,71,64,52,33,65,61,36,46,49,48,53,54,61,68,57,56,59,57,58,60,66,38,68,66,45,48,48,70,72,76,66,7,11,6,15,7,10,League One
J. MacKenzie,Plymouth Argyle,Escocia,3,LB,Left,191,26,66,,69,51,62,60,65,68,64,47,62,64,50,60,52,55,65,59,71,68,61,64,66,61,62,72,68,49,64,65,51,56,56,59,64,66,67,8,8,6,13,14,7,League One
M. Ross,Plymouth Argyle,Dinamarca,2,CB,Right,190,25,67,,62,47,52,55,73,71,48,41,70,59,35,51,50,48,59,58,64,60,57,64,54,59,70,66,76,50,66,73,44,42,47,61,73,75,71,8,15,10,15,12,8,League One
J. Storer,Plymouth Argyle,Inglaterra,21,GK,Right,189,22,58,,34,17,25,24,13,43,10,10,15,30,10,10,14,16,31,30,34,34,34,51,40,41,52,31,52,11,31,20,10,32,17,33,10,12,10,60,56,56,58,58,33,League One
M. Cooper,Plymouth Argyle,Inglaterra,1,GK,Left,188,24,66,,41,23,34,35,23,48,24,17,20,41,18,18,24,18,34,43,38,43,42,62,55,44,50,43,54,17,39,29,13,40,25,46,23,22,21,66,68,57,68,72,44,League One
E. Ennis,Stockport County,Inglaterra,30,"RW, RB, LW",Right,178,21,61,,66,59,60,65,29,57,61,59,49,62,52,64,67,60,55,68,68,65,66,63,60,64,51,65,56,56,53,31,67,60,52,58,28,25,23,12,7,6,11,7,13,League One
A. Sidibeh,Stockport County,The Gambia,29,"ST, CAM, RW",Right,183,28,63,,67,64,54,63,29,63,54,65,65,61,65,62,48,47,44,66,66,68,57,64,61,67,61,64,66,56,55,27,75,53,62,64,22,26,24,14,12,10,14,7,14,League One
M. Mandron,Stockport County,Escocia,22,ST,Right,190,31,62,,64,63,53,60,28,63,49,66,65,58,56,59,50,47,46,61,63,64,59,61,49,63,64,58,69,59,56,24,72,54,58,67,30,20,21,10,15,11,7,14,14,League One
J. Adigun,Stockport County,Inglaterra,20,"RW, ST",Right,178,22,57,,64,56,55,59,28,51,59,55,48,53,52,62,54,50,51,57,69,59,56,57,59,57,52,57,51,57,41,30,62,57,53,54,26,22,23,10,14,8,9,14,13,League One
K. Wootton,Stockport County,Inglaterra,19,"ST, CB, LW",Left,188,29,63,,67,65,52,60,29,62,47,67,73,54,65,61,57,49,49,59,65,68,59,65,55,68,65,57,64,60,60,24,67,53,62,69,31,19,22,9,7,14,12,15,9,League One
H. Wood,Stockport County,Inglaterra,16,"ST, CAM, LW",Right,182,24,59,,65,60,52,58,25,57,46,63,58,61,58,56,47,50,47,59,66,64,62,56,54,61,60,54,59,53,53,23,65,47,61,63,20,23,17,7,6,7,6,8,6,League One
R. Glover,Stockport County,Inglaterra,15,"RW, LW, RM",Left,177,25,64,,71,63,63,67,32,57,69,63,49,64,62,65,66,57,56,71,75,68,66,65,68,61,55,64,56,62,51,31,70,63,60,61,33,27,27,6,15,8,11,9,6,League One
B. Andrésson,Stockport County,Islandia,9,"ST, CAM",Left,184,21,59,,62,62,50,58,25,57,52,66,57,50,60,60,54,45,45,56,59,64,58,60,55,58,60,51,63,59,50,20,65,51,52,61,21,23,22,14,7,10,13,9,8,League One
J. Diamond,Stockport County,Inglaterra,7,"RW, CAM, LW",Right,175,26,62,,69,58,61,64,30,53,61,60,46,64,53,64,66,55,55,66,67,70,59,61,68,55,51,60,51,55,48,32,67,61,61,62,27,29,23,13,13,12,6,6,15,League One
C. Gardner,Stockport County,Inglaterra,28,"RB, LB",Right,180,19,53,,62,36,50,51,51,55,52,32,49,55,36,54,42,38,50,48,65,60,54,49,51,39,49,62,54,42,48,53,40,45,36,49,47,53,56,9,12,13,8,15,13,League One
B. Osborn,Stockport County,Inglaterra,23,"LM, CDM, LB",Left,176,32,65,,67,58,65,66,46,61,73,55,48,63,59,61,67,53,58,71,70,64,68,65,67,61,53,68,59,59,61,50,61,66,56,63,39,50,45,14,11,10,10,9,9,League One
L. Fiorini,Stockport County,Escocia,18,CAM,Right,178,24,62,,63,63,65,64,36,56,66,64,46,62,57,65,67,58,66,63,66,60,67,59,61,64,51,59,57,64,53,40,61,68,56,65,38,31,24,6,6,13,15,13,15,League One
R. Rydel,Stockport County,Inglaterra,17,LB,Left,181,25,60,,61,48,55,55,56,58,56,46,49,58,39,55,47,46,55,52,55,66,61,59,61,55,57,62,57,47,54,57,47,52,48,56,54,58,61,11,6,6,10,10,11,League One
O. Norwood,Stockport County,Irlanda del Norte,10,"CDM, CM, CAM",Right,180,35,66,,56,56,63,66,68,67,55,51,59,69,53,65,57,53,66,68,59,54,60,71,60,60,61,68,65,62,74,70,58,63,56,72,67,70,72,7,15,8,15,12,14,League One
C. Camps,Stockport County,Inglaterra,8,CDM,Right,180,30,61,,56,51,57,56,61,61,49,48,56,62,50,53,52,50,62,56,58,55,57,62,62,58,56,67,59,52,58,64,51,55,54,63,63,58,60,7,12,14,7,8,11,League One
L. Bate,Stockport County,Inglaterra,4,"CM, CDM",Right,172,23,62,,62,55,61,63,57,57,59,51,51,62,51,61,58,53,70,66,64,61,64,59,62,63,56,69,52,56,55,55,61,58,60,60,58,62,53,14,10,13,12,14,15,League One
B. Hills,Stockport County,Inglaterra,33,"CB, RB",Right,188,22,63,,57,42,49,50,67,64,49,37,67,52,37,46,43,40,51,52,58,56,46,54,51,55,64,57,69,43,60,71,41,48,43,65,70,61,68,14,6,9,9,11,15,League One
M. Jobe,Stockport County,Inglaterra,25,CB,Right,185,23,64,,58,45,52,56,67,66,50,43,68,56,39,51,46,43,57,59,56,60,53,61,57,61,68,62,66,37,69,71,36,49,42,66,66,66,65,7,13,12,13,12,8,League One
K. Gordon,Stockport County,Inglaterra,24,"CB, RB",Left,184,24,63,,60,44,54,51,66,64,51,37,63,62,44,44,40,44,59,55,60,60,53,65,56,60,66,57,65,46,70,67,39,43,44,57,65,67,70,15,6,7,9,10,9,League One
T. Edun,Stockport County,Inglaterra,14,"LB, LM",Right,177,28,59,,63,46,56,54,60,56,59,43,54,59,40,55,48,46,53,49,62,64,61,57,64,52,50,61,55,48,55,59,50,55,44,52,55,65,63,7,15,7,11,8,10,League One
T. Wilson-Brown,Stockport County,Inglaterra,12,"CB, LB",Right,194,22,57,,52,37,46,43,59,62,39,31,64,53,33,37,37,40,46,48,51,52,43,51,42,51,60,56,65,37,60,60,33,45,37,55,56,60,59,8,15,15,8,9,11,League One
E. O'Connell,Stockport County,Irlanda,6,"CB, LB",Right,185,31,65,,58,44,54,54,69,68,46,41,72,63,40,48,46,42,57,57,58,58,56,62,55,60,68,59,71,39,70,64,39,49,45,62,68,71,71,6,7,14,6,9,6,League One
E. Pye,Stockport County,Inglaterra,5,CB,Right,183,23,68,,64,46,56,57,68,66,50,42,68,61,40,53,46,48,63,61,71,59,56,63,53,61,71,58,69,44,68,73,42,52,48,67,66,67,69,14,12,12,6,7,9,League One
J. Dacres-Cogley,Stockport County,Inglaterra,2,"RB, CB, RM",Right,174,30,63,,66,48,58,60,61,59,59,41,54,62,44,61,58,44,61,56,72,62,65,65,66,59,61,62,55,49,65,57,54,50,53,58,64,64,58,15,6,13,15,12,11,League One
A. Wogan,Stockport County,Irlanda,32,GK,Right,182,20,57,,35,18,27,24,15,40,11,10,19,35,10,13,10,12,32,24,36,35,44,47,38,38,44,33,45,19,35,24,10,33,16,37,13,10,15,58,61,53,52,57,37,League One
L. Ashby-Hammond,Stockport County,Inglaterra,26,GK,Right,185,25,59,,34,18,26,25,19,41,10,10,20,31,10,10,15,16,34,33,35,33,33,57,34,43,48,34,50,13,24,28,11,35,20,38,16,18,15,59,55,56,59,63,35,League One
O. Whatmuff,Stockport County,Inglaterra,1,GK,Left,180,18,57,,35,16,27,24,15,41,10,10,20,35,10,14,13,15,26,24,39,31,35,52,34,36,41,31,50,11,33,21,10,35,18,34,15,10,11,55,54,50,58,65,36,League One
P. Lane,Reading,Irlanda del Norte,32,"LW, RW, CAM",Left,175,25,61,,68,59,57,65,28,54,65,57,45,57,58,65,61,56,52,65,69,67,68,64,61,64,52,66,50,58,49,28,71,54,56,58,27,24,23,9,15,7,11,12,15,League One
K. Lisbie,Reading,Inglaterra,19,"RW, LW, RM",Right,180,22,61,,67,62,59,67,30,53,65,67,47,60,54,69,62,53,53,65,65,68,67,62,67,59,52,61,50,60,49,34,59,58,57,63,27,28,25,11,14,7,10,11,14,League One
J. Brown,Reading,Escocia,18,"ST, CAM",Right,178,28,66,,67,69,58,63,32,65,55,71,63,61,68,61,58,53,55,62,65,68,67,68,63,68,65,64,68,65,59,30,67,61,67,70,34,25,24,15,13,9,14,6,14,League One
R. Williams,Reading,Inglaterra,14,"RW, LW",Right,174,29,60,,66,59,54,63,29,51,58,60,45,52,57,65,57,56,53,59,68,65,69,62,66,59,49,63,48,58,45,27,60,55,58,55,27,29,21,15,8,15,11,13,7,League One
D. Kyerewaa,Reading,Alemania,11,"LW, CAM, RW",Left,175,25,61,,66,62,59,65,30,54,62,65,44,59,61,69,62,56,55,62,65,67,63,64,63,59,53,58,55,60,47,33,63,60,61,58,26,28,25,12,13,9,15,10,10,League One
J. Reid,Reading,Irlanda del Norte,9,ST,Right,181,32,66,,65,66,58,66,31,66,56,71,70,64,64,67,56,57,48,67,67,64,61,69,62,64,70,59,71,57,60,28,67,60,66,71,26,24,30,7,6,7,12,15,9,League One
J. Marriott,Reading,Inglaterra,7,ST,Left,174,32,66,,64,68,59,66,33,66,53,71,64,64,65,67,65,59,50,64,60,68,65,67,67,66,63,70,66,65,62,34,66,61,62,76,28,30,28,10,10,12,10,7,12,League One
J. Stokes,Reading,Inglaterra,28,"CAM, LW",Right,180,22,60,,64,57,59,61,30,57,52,53,43,65,53,62,60,55,54,61,66,62,61,58,61,60,52,60,59,64,50,32,61,62,60,60,27,28,29,9,12,6,10,13,10,League One
G. Earthy,Reading,Inglaterra,17,"CAM, RW",Left,180,22,64,,67,61,66,68,36,58,61,59,49,64,58,70,66,66,66,67,68,66,71,65,64,63,53,60,59,62,54,39,66,73,59,60,33,35,26,13,9,14,10,10,11,League One
L. Wing,Reading,Inglaterra,10,"CDM, CM",Right,184,31,67,,58,56,64,63,67,72,61,50,64,68,53,59,62,57,66,67,58,58,59,67,63,64,68,69,74,62,74,73,61,63,54,62,66,65,70,14,12,12,15,11,15,League One
C. Savage,Reading,Gales,8,"CDM, CAM, CM",Right,182,23,64,Gales,55,55,60,61,66,62,53,48,60,68,45,58,52,51,61,63,53,56,64,60,59,66,70,64,59,60,67,74,57,56,56,65,62,65,70,6,13,8,13,9,11,League One
L. Fraser,Reading,Canadá,6,"CDM, CB",Right,183,28,60,,57,52,58,56,62,62,50,52,55,61,46,55,51,48,60,55,53,60,52,64,61,58,61,61,62,49,66,68,55,61,48,58,62,62,55,7,9,11,8,15,9,League One
A. Rinomhota,Reading,Zimbabue,4,CDM,Right,175,29,58,Zimbabue,50,50,52,50,59,62,49,45,51,56,44,49,44,42,51,48,49,51,51,64,56,56,55,65,61,55,63,58,55,51,45,58,62,59,56,15,15,11,14,13,10,League One
B. Beacroft,Reading,Inglaterra,42,"CB, CDM",Right,182,20,57,,56,40,44,44,64,60,37,37,54,55,36,38,32,40,47,48,54,58,43,46,54,52,60,56,60,39,66,65,32,35,37,55,63,73,53,12,9,13,15,13,13,League One
A. Ahmed,Reading,Inglaterra,39,"RB, CB",Right,180,19,58,,65,45,54,57,58,57,56,42,49,61,39,57,46,43,46,56,69,61,59,52,60,55,56,59,56,46,59,58,45,49,40,55,56,61,62,13,15,8,9,13,10,League One
C. Masterson,Reading,Irlanda,23,CB,Right,185,28,59,,57,42,49,51,63,57,45,37,67,55,35,48,39,43,50,54,56,57,46,57,50,53,58,59,54,45,63,56,33,46,37,57,60,68,64,7,12,11,13,8,12,League One
B. Ward,Reading,Inglaterra,16,"CB, LB",Right,188,22,59,,57,40,49,50,64,63,47,36,62,57,35,46,36,36,54,53,55,58,47,57,55,60,62,57,64,34,66,59,31,42,43,54,65,65,68,11,11,9,6,13,7,League One
P. O'Connor,Reading,Irlanda,15,"CB, LB",Right,191,29,65,,62,46,56,53,70,69,50,39,70,66,34,51,41,46,59,53,63,61,49,63,55,61,67,61,74,49,68,65,41,48,50,66,72,70,70,6,13,14,15,7,9,League One
H. Roberts,Reading,Inglaterra,5,"LB, CB, LW",Right,184,24,65,,68,50,59,63,65,64,64,45,58,60,45,59,63,51,58,67,67,68,63,62,65,61,67,70,61,51,65,63,56,54,48,59,71,60,69,11,7,15,13,7,6,League One
J. Dorsett,Reading,Montserrat,3,"LB, CB",Left,185,24,63,,71,46,60,61,64,63,66,39,56,63,47,61,53,53,55,59,69,72,66,60,65,59,61,69,64,45,53,60,48,58,52,60,68,67,64,6,10,6,13,10,8,League One
U. Godwin-Malife,Reading,Inglaterra,2,"CB, RB",Right,180,26,64,,60,42,50,51,67,64,50,37,62,58,34,48,40,43,50,50,56,63,57,57,55,55,62,59,66,44,66,69,38,42,43,58,64,71,63,12,12,7,8,13,14,League One
J. Knight,Reading,Inglaterra,12,"CB, RB",Right,192,29,66,,59,47,54,55,70,71,52,39,73,61,40,51,42,45,60,57,57,60,53,64,46,64,71,61,77,52,68,77,41,43,46,68,71,65,65,8,15,7,6,15,6,League One
M. Rowley,Reading,Inglaterra,48,GK,Right,192,22,57,,32,16,26,24,13,40,10,10,12,34,10,10,13,10,25,30,33,32,33,53,37,39,42,36,45,10,30,19,11,34,20,34,10,13,10,57,55,49,55,59,38,League One
J. Stevens,Reading,Inglaterra,25,GK,Left,189,29,59,,31,16,28,26,18,42,12,10,18,38,10,12,11,17,32,31,33,29,36,60,36,35,50,29,50,16,34,25,11,30,13,35,13,17,20,54,54,55,59,56,38,League One
Joel Pereira,Reading,Portugal,1,GK,Left,188,30,63,,37,19,30,33,20,46,12,10,21,38,11,23,20,19,30,35,43,32,37,61,48,45,55,34,53,17,39,24,10,37,24,43,16,21,17,65,61,57,65,63,42,League One
S. Tovide,Huddersfield Town,Inglaterra,34,"ST, RW",Right,188,22,59,,68,61,50,61,25,62,45,63,69,56,58,57,56,46,39,70,62,73,56,62,54,60,66,56,68,57,53,19,58,50,62,55,24,21,12,10,6,9,7,7,7,League One
D. Sanches Fernandes,Huddersfield Town,Países Bajos,30,"RW, CAM, RM",Right,178,25,67,,78,65,65,69,36,61,66,66,55,66,60,71,67,60,65,67,79,77,71,69,65,67,52,66,62,63,55,37,73,61,57,65,37,30,32,14,13,12,12,13,13,League One
J. Smith-Sway,Huddersfield Town,Inglaterra,27,"LW, ST",Left,175,19,54,,62,51,51,53,25,48,54,49,39,51,54,54,56,47,49,50,64,60,63,56,56,52,47,55,49,51,39,28,55,51,55,45,25,20,21,8,10,14,10,11,13,League One
B. Radulović,Huddersfield Town,Serbia,25,ST,Right,191,26,64,,67,67,54,62,29,65,52,70,65,58,62,61,55,57,48,65,66,67,58,69,59,66,71,57,71,64,57,24,68,53,67,59,24,26,27,10,8,15,11,12,6,League One
A. Fletcher,Huddersfield Town,Inglaterra,11,"ST, LW",Left,185,31,67,,66,70,60,64,35,67,59,74,70,60,68,63,58,60,61,66,69,64,59,68,63,74,67,65,69,62,65,30,68,59,64,67,27,35,30,15,8,12,8,10,13,League One
J. Taylor,Huddersfield Town,Gales,9,"ST, CAM",Right,182,23,60,Gales,63,58,51,57,28,60,47,60,58,57,63,53,50,52,46,60,59,67,63,61,58,57,62,57,65,54,52,25,65,48,58,60,22,28,22,10,14,14,6,7,10,League One
D. Vost,Huddersfield Town,Inglaterra,38,CDM,Right,183,20,54,,49,45,50,51,54,58,47,40,51,53,31,50,43,44,48,54,52,46,47,49,50,57,57,61,59,49,54,56,45,51,46,49,52,56,56,13,8,10,6,7,13,League One
C. Ashia,Huddersfield Town,Inglaterra,36,"LM, LW",Left,166,21,56,,60,52,54,59,38,49,58,51,43,51,51,61,54,54,53,58,60,60,62,56,61,55,37,57,46,52,49,39,57,58,52,52,36,40,33,15,11,10,13,6,14,League One
C. Humphreys,Huddersfield Town,Inglaterra,20,"CDM, CM",Right,178,22,63,,58,57,60,59,60,65,58,53,58,60,40,53,56,55,69,66,61,55,60,56,54,67,65,68,63,62,64,63,60,58,55,67,57,63,60,15,7,9,15,7,12,League One
B. Mumba,Huddersfield Town,Inglaterra,19,"LB, LM, CAM",Right,168,24,68,,69,53,60,65,67,66,68,48,57,59,47,62,60,55,67,66,66,72,68,64,68,62,59,75,60,57,69,71,52,52,57,68,68,67,65,15,11,10,10,12,12,League One
D. Kasumu,Huddersfield Town,Nigeria,18,"CAM, CM, CDM",Left,180,27,62,,61,60,62,65,35,50,57,62,47,64,57,65,63,60,62,68,62,61,60,62,63,57,49,57,50,59,44,39,64,65,58,61,34,32,25,15,10,10,6,9,13,League One
M. McGuane,Huddersfield Town,Inglaterra,17,"CDM, CM",Left,180,27,60,,55,51,56,56,62,64,50,45,49,59,44,54,51,51,61,59,57,53,52,61,59,59,62,67,62,57,67,65,53,57,46,61,62,64,58,9,11,6,13,8,6,League One
H. Kane,Huddersfield Town,Inglaterra,16,"CM, CDM",Right,173,27,63,Inglaterra,58,57,61,63,54,58,59,56,50,62,49,63,58,62,59,63,59,58,62,66,70,62,63,66,53,56,60,58,61,63,57,55,52,57,51,13,15,9,14,7,14,League One
E. Brierley,Huddersfield Town,Inglaterra,14,CDM,Left,173,22,63,,55,53,61,60,67,64,57,48,55,64,52,55,56,49,65,64,56,55,61,61,64,60,62,68,60,55,72,70,60,60,55,59,69,67,69,12,10,15,11,10,8,League One
M. Harness,Huddersfield Town,Inglaterra,10,"CAM, CM, CDM",Right,182,30,67,,66,66,69,69,40,63,64,66,51,72,64,72,70,62,65,66,67,66,65,68,69,67,54,69,61,68,62,36,70,71,60,71,40,40,37,14,9,7,9,11,9,League One
A. Collins,Huddersfield Town,Inglaterra,8,"CDM, CM",Left,175,27,64,,57,53,60,63,64,68,50,49,56,64,54,64,56,55,63,61,59,56,64,64,63,59,62,70,66,57,70,67,56,61,54,64,63,66,67,9,10,7,8,12,10,League One
L. Gooch,Huddersfield Town,Estados Unidos,7,"RB, RM, CDM",Right,173,30,66,,71,51,61,64,65,65,63,49,55,63,44,64,60,51,65,61,73,69,71,64,74,62,58,66,66,46,65,67,52,57,51,59,68,63,66,7,14,7,12,14,9,League One
R. Ledson,Huddersfield Town,Inglaterra,4,"CDM, CM",Right,175,29,67,,63,56,65,64,69,68,64,53,64,68,44,60,58,60,63,69,63,63,66,64,67,61,61,72,66,60,68,74,58,63,55,63,72,66,61,15,10,8,13,10,13,League One
L. Sørensen,Huddersfield Town,Dinamarca,2,"RB, RM",Right,185,26,61,,65,47,56,58,56,60,56,46,55,59,46,57,54,43,54,57,64,65,63,58,58,51,61,63,59,45,61,60,48,54,47,65,58,49,61,8,12,14,11,14,15,League One
J. Spencer,Huddersfield Town,Jamaica,13,CM,Right,169,17,54,,54,51,53,55,47,50,45,48,44,56,41,52,54,47,55,59,56,53,55,46,58,55,46,59,45,57,52,48,49,55,56,51,46,47,50,14,9,7,14,13,8,League One
S. Roughan,Huddersfield Town,Irlanda,23,"CB, LM, LB",Right,183,23,65,,60,48,53,54,68,68,49,44,65,57,36,51,42,48,59,57,56,64,47,64,54,62,64,65,67,47,73,69,39,50,49,69,66,69,68,12,11,14,6,13,14,League One
I. Bronkhorst,Huddersfield Town,Países Bajos,22,RB,Left,185,29,66,,67,51,61,65,63,63,59,47,61,69,53,69,58,50,59,61,65,69,67,67,63,60,58,69,60,48,62,64,54,53,50,65,60,67,63,10,9,13,8,12,9,League One
I. Bowat,Huddersfield Town,Inglaterra,15,"CB, LB",Right,190,24,61,,59,40,49,51,65,67,43,34,68,51,35,45,45,41,56,55,53,64,48,60,53,55,67,59,70,42,69,62,37,47,39,63,65,65,68,9,10,15,9,8,12,League One
R. Balker,Huddersfield Town,Surinam,12,"CB, CDM",Left,193,28,61,Surinam,54,40,49,49,65,66,44,35,69,59,32,42,43,48,53,55,51,56,46,59,45,56,64,60,71,39,59,63,38,35,37,60,66,64,61,6,10,13,12,10,13,League One
J. Whatmough,Huddersfield Town,Inglaterra,6,"CB, CDM",Right,184,30,62,,58,45,49,49,67,62,46,40,63,57,38,46,39,38,52,51,56,59,43,60,51,61,69,56,63,44,65,68,37,40,41,62,64,71,65,11,12,9,14,14,7,League One
J. Low,Huddersfield Town,Gales,5,"CB, CDM",Right,196,24,63,,59,43,50,53,64,68,50,38,70,55,32,50,43,42,57,55,59,59,47,61,50,61,71,57,73,40,67,67,41,42,43,63,63,62,62,7,11,12,8,8,7,League One
M. Wallace,Huddersfield Town,Escocia,3,CB,Left,186,33,64,,56,43,52,56,66,70,51,37,64,57,36,53,47,39,53,58,54,58,56,68,51,60,70,62,75,45,69,63,37,49,42,62,68,67,65,7,15,8,14,9,15,League One
N. Tzanev,Huddersfield Town,Nueva Zelanda,33,GK,Right,195,29,60,,33,20,29,27,17,43,17,13,17,36,10,16,15,19,24,30,32,33,36,55,41,43,54,35,49,16,37,29,11,37,18,37,10,15,19,60,57,58,59,64,40,League One
J. Alnwick,Huddersfield Town,Inglaterra,31,GK,Right,188,33,65,,36,21,32,32,24,46,19,13,27,38,18,19,15,16,39,37,38,35,38,63,44,44,50,40,52,15,38,28,13,36,28,46,24,22,23,67,63,58,66,68,46,League One
M. Young,Huddersfield Town,Inglaterra,1,GK,Right,191,19,61,,42,19,29,28,18,41,18,11,23,33,10,20,20,23,35,29,39,44,33,52,43,44,43,34,47,16,36,22,10,34,24,40,14,17,19,59,62,55,59,60,39,League One
