short_name,club_name,nationality_name,club_jersey_number,player_positions,preferred_foot,height_cm,age,overall,seleccion,pace,shooting,passing,dribbling,defending,physic,attacking_crossing,attacking_finishing,attacking_heading_accuracy,attacking_short_passing,attacking_volleys,skill_dribbling,skill_curve,skill_fk_accuracy,skill_long_passing,skill_ball_control,movement_acceleration,movement_sprint_speed,movement_agility,movement_reactions,movement_balance,power_shot_power,power_jumping,power_stamina,power_strength,power_long_shots,mentality_aggression,mentality_interceptions,mentality_positioning,mentality_vision,mentality_penalties,mentality_composure,defending_marking_awareness,defending_standing_tackle,defending_sliding_tackle,goalkeeping_diving,goalkeeping_handling,goalkeeping_kicking,goalkeeping_positioning,goalkeeping_reflexes,goalkeeping_speed,league_name
G. Donnarumma,Manchester City,Italia,1,GK,Right,196,27,80,Italia,57,36,50,44,35,60,40,29,45,51,33,29,35,37,55,49,57,57,58,77,57,64,72,54,64,29,57,44,29,59,34,60,32,31,30,85,80,74,81,81,59,Premier League
G. Rulli,Manchester City,Argentina,28,GK,Right,189,34,75,Argentina,40,35,43,41,36,58,28,29,36,47,22,34,27,25,51,37,41,40,48,78,58,58,64,53,63,31,52,41,28,55,32,57,36,35,28,77,70,69,72,75,54,Premier League
M. Bettinelli,Manchester City,Inglaterra,13,GK,Right,193,34,64,,32,21,35,30,22,49,22,12,25,42,14,20,20,20,40,32,30,33,34,63,47,46,51,45,55,21,38,30,11,41,25,45,22,16,17,67,66,58,62,66,44,Premier League
M. Guéhi,Manchester City,Inglaterra,6,CB,Right,182,26,83,Inglaterra,74,65,68,72,85,84,65,60,84,73,60,65,63,67,74,76,72,76,75,81,76,79,85,76,89,64,83,89,58,60,61,83,81,86,87,8,7,15,14,10,15,Premier League
Rúben Dias,Manchester City,Portugal,3,"CB, CDM",Right,187,29,83,Portugal,78,62,73,72,86,86,69,56,88,80,53,69,62,64,77,74,73,82,69,80,70,78,86,82,87,61,87,84,56,65,66,81,82,91,81,13,12,12,11,7,11,Premier League
A. Khusanov,Manchester City,Uzbekistán,45,"CB, RB",Right,186,22,79,Uzbekistán,77,62,68,66,83,80,64,58,83,74,58,60,55,64,79,70,77,77,60,78,70,77,83,77,81,58,78,84,56,58,56,76,80,87,75,14,13,10,8,9,6,Premier League
Vitor Reis,Manchester City,Brasil,22,"CB, CDM",Right,186,20,75,Brasil,74,58,64,66,77,78,63,54,83,70,43,61,52,57,69,69,70,77,64,78,65,75,78,77,80,56,76,75,50,57,55,71,75,79,76,15,6,14,9,15,12,Premier League
J. Gvardiol,Manchester City,Croacia,24,LB,Left,185,24,82,Croacia,87,67,76,76,82,84,83,64,81,78,64,81,75,66,77,69,84,89,78,76,79,77,82,91,82,67,81,82,66,70,63,82,83,82,80,13,8,14,13,7,6,Premier League
N. O'Reilly,Manchester City,Inglaterra,33,LB,Left,193,21,80,Inglaterra,86,67,77,76,78,78,78,63,83,81,67,80,74,65,76,71,88,85,72,83,79,74,84,78,78,68,76,73,70,72,65,74,79,79,80,11,15,14,10,6,14,Premier League
R. Aït-Nouri,Manchester City,Argelia,21,LB,Left,180,25,81,Argelia,84,65,78,78,77,80,80,62,73,83,61,74,77,66,82,82,83,84,82,78,77,74,78,85,75,64,85,79,70,70,64,72,75,78,83,13,9,13,9,9,9,Premier League
Matheus Nunes,Manchester City,Portugal,27,"RB, RM",Right,183,28,82,,87,67,79,78,79,84,84,63,82,82,63,77,73,69,74,78,88,87,80,86,79,78,78,86,85,68,81,77,70,78,63,76,81,76,80,6,15,13,14,15,10,Premier League
R. Lewis,Manchester City,Inglaterra,82,"RB, RM",Right,170,21,73,,75,57,70,72,71,70,75,48,65,72,58,71,66,57,75,73,77,73,78,64,80,69,64,80,66,64,69,71,63,63,56,68,71,72,72,6,15,12,8,12,15,Premier League
E. Anderson,Manchester City,Inglaterra,5,"CDM, CB",Right,179,23,85,Inglaterra,82,76,82,82,85,86,78,71,80,89,65,79,74,78,83,86,83,81,80,87,83,86,81,86,85,78,88,90,82,76,77,82,85,84,82,12,15,13,6,13,9,Premier League
A. Bouaddi,Manchester City,Marruecos,32,CDM,Right,185,19,78,Marruecos,72,68,73,73,78,82,68,65,73,78,61,71,72,65,74,76,70,74,68,79,73,70,77,77,87,76,78,81,74,73,65,75,75,83,74,15,7,15,14,9,6,Premier League
E. Fernández,Manchester City,Argentina,17,CM,Right,178,25,88,Argentina,84,79,86,87,80,85,84,74,77,83,82,88,84,78,91,85,85,84,88,85,87,83,78,91,83,87,83,78,83,90,78,85,79,84,80,12,13,6,15,14,6,Premier League
M. Kovacic,Manchester City,Croacia,8,CM,Right,178,32,76,Croacia,73,70,76,78,67,73,71,66,69,75,65,78,80,71,80,79,78,69,76,78,75,76,69,78,73,73,69,72,72,82,68,76,62,65,72,9,13,7,12,10,12,Premier League
R. Cherki,Manchester City,Francia,10,"CAM, CF",Both,177,23,85,Francia,86,84,89,87,56,78,83,83,71,92,83,84,90,88,89,91,88,85,86,86,86,89,76,82,79,84,72,62,88,88,79,90,52,51,51,14,9,11,15,11,10,Premier League
P. Foden,Manchester City,Inglaterra,47,"CAM, CF",Left,171,26,81,,80,81,82,86,54,73,77,80,64,81,76,90,86,81,78,83,79,80,83,83,85,85,71,82,74,81,62,56,82,92,80,85,54,54,45,10,8,11,15,8,12,Premier League
J. Doku,Manchester City,Bélgica,11,"LW, ST",Left,173,24,85,,92,85,83,87,54,78,83,86,69,88,80,91,80,79,74,84,93,91,89,84,91,83,77,87,78,84,68,54,88,81,83,77,52,53,51,6,8,10,11,12,13,Premier League
I. Ndiaye,Manchester City,Senegal,7,LW,Left,180,26,82,Senegal,91,81,79,84,51,78,83,79,66,80,83,86,79,76,75,80,91,91,90,80,82,79,72,85,79,85,67,50,87,78,80,80,52,47,46,11,7,6,13,6,9,Premier League
A. Semenyo,Manchester City,Ghana,42,RW,Both,185,26,83,,92,79,82,86,55,78,84,75,72,82,76,85,83,80,75,87,95,90,92,84,82,85,77,84,80,81,67,60,82,86,78,84,54,49,51,12,14,12,6,15,9,Premier League
Allan,Manchester City,Brasil,37,"RW, RM",Left,174,22,73,,76,70,73,77,42,64,69,67,62,78,69,80,78,65,67,76,75,77,78,66,74,72,59,75,62,72,59,41,78,72,68,73,41,40,37,7,14,12,10,8,8,Premier League
R. McAidoo,Manchester City,Inglaterra,56,"RW, RM",Left,174,18,66,,77,65,63,70,38,57,62,64,53,64,64,71,69,58,56,70,75,79,76,65,67,67,58,67,53,65,54,34,70,68,65,64,39,37,32,7,10,15,9,8,9,Premier League
E. Haaland,Manchester City,Noruega,9,ST,Left,195,26,91,Noruega,93,92,80,88,59,87,74,95,94,85,93,86,82,81,76,94,90,95,84,89,75,94,95,85,90,84,82,59,95,78,91,88,55,54,54,9,14,10,14,12,15,Premier League
D. Raya,Arsenal FC,España,1,GK,Right,186,31,80,España,48,40,48,49,37,62,35,35,41,55,28,34,37,32,51,54,50,47,59,82,62,59,65,59,66,36,54,45,29,54,40,65,33,34,34,81,77,75,85,83,59,Premier League
I. Meslier,Arsenal FC,Francia,30,GK,Left,197,26,70,,47,30,41,35,30,53,30,24,29,47,26,28,26,29,38,31,40,53,50,65,53,52,58,47,59,27,44,37,16,49,35,47,31,26,24,70,71,65,67,68,46,Premier League
K. Arrizabalaga,Arsenal FC,España,13,GK,Right,188,32,73,,46,31,41,38,29,54,25,24,34,47,27,27,30,29,47,41,46,46,45,67,51,50,58,51,59,29,45,41,20,50,39,55,22,26,26,74,75,70,69,76,52,Premier League
W. Saliba,Arsenal FC,Francia,2,"CB, CDM",Right,192,25,85,,79,62,72,75,85,90,66,54,92,78,57,72,67,75,73,82,80,78,66,80,67,80,86,86,92,66,89,83,57,66,62,79,83,87,86,13,14,11,10,9,7,Premier League
Gabriel,Arsenal FC,Brasil,6,"CB, RB",Left,190,28,85,Brasil,79,62,72,72,88,90,69,52,87,81,63,70,65,61,79,71,78,79,69,80,78,81,87,85,94,65,86,89,60,60,67,79,89,91,79,8,6,9,10,8,11,Premier League
P. Hincapié,Arsenal FC,Ecuador,5,"CB, CDM",Left,183,24,81,,72,58,69,70,84,87,66,49,79,75,54,63,61,64,65,75,75,69,70,77,73,77,87,79,90,58,88,89,56,68,60,82,82,85,81,15,15,15,7,11,8,Premier League
E. Konsa,Arsenal FC,Inglaterra,15,"CB, RB",Right,183,28,81,Inglaterra,74,63,70,69,85,82,66,57,87,75,59,66,60,62,76,70,74,74,68,79,70,80,82,75,86,62,83,84,57,64,66,77,87,83,85,14,10,12,13,15,9,Premier League
C. Mosquera,Arsenal FC,España,3,CB,Right,191,22,78,,74,58,65,65,82,82,65,55,79,70,50,58,60,58,68,68,71,76,64,78,67,70,81,78,85,57,81,80,52,58,55,78,83,85,81,11,9,6,10,12,15,Premier League
R. Calafiori,Arsenal FC,Italia,33,LB,Left,188,24,80,Italia,88,67,76,79,77,82,75,64,72,82,61,74,78,64,78,85,87,88,80,77,74,73,83,86,81,70,77,82,64,67,62,74,72,77,84,7,15,14,12,9,6,Premier League
J. Timber,Arsenal FC,Países Bajos,12,RB,Right,179,25,83,Países Bajos,84,68,78,78,83,80,84,62,81,80,68,77,80,70,76,76,82,86,82,79,80,73,81,88,75,77,82,87,72,72,70,80,80,85,82,15,12,8,12,7,6,Premier League
B. White,Arsenal FC,Inglaterra,4,"RB, LB",Right,186,28,77,,79,64,75,71,74,75,77,60,75,76,54,70,72,64,75,70,80,78,76,67,75,70,75,81,74,68,70,74,64,73,61,72,71,77,74,12,9,12,7,7,9,Premier League
M. Zubimendi,Arsenal FC,España,36,"CDM, CB",Right,181,27,83,España,76,74,82,81,83,88,73,71,77,89,68,81,73,70,84,84,81,71,77,84,77,84,84,85,88,71,91,87,78,81,74,75,80,84,83,12,7,6,14,6,14,Premier League
M. Lewis-Skelly,Arsenal FC,Inglaterra,49,"CDM, CM",Left,178,20,75,Inglaterra,72,66,71,70,76,78,62,59,69,79,62,65,65,62,70,74,73,71,72,73,69,79,73,80,79,72,74,79,65,71,63,71,74,77,82,10,8,10,7,11,10,Premier League
D. Rice,Arsenal FC,Inglaterra,41,CM,Right,188,27,87,,86,82,86,89,78,87,83,79,76,86,77,89,85,84,87,94,88,84,76,88,81,87,82,87,89,83,84,80,81,88,87,90,78,77,77,14,10,8,14,14,10,Premier League
Bruno Guimarães,Arsenal FC,Brasil,39,"CM, CAM",Right,182,28,83,Brasil,82,78,84,85,75,80,79,74,71,83,74,87,80,80,87,85,83,82,83,84,84,82,78,82,78,84,81,82,84,91,76,79,72,77,72,15,10,7,10,6,12,Premier League
M. Merino,Arsenal FC,España,23,CM,Left,188,30,78,España,74,70,77,78,68,77,72,67,72,82,70,79,75,71,76,81,70,77,72,72,73,72,70,80,78,72,71,67,80,75,76,76,69,68,67,13,15,11,7,11,6,Premier League
M. Ødegaard,Arsenal FC,Noruega,8,"CAM, CM",Left,178,27,86,Noruega,85,86,88,88,59,80,86,87,73,87,87,91,91,80,87,87,84,86,90,85,87,82,79,89,81,90,67,59,80,95,83,81,56,58,59,10,14,13,7,15,13,Premier League
E. Eze,Arsenal FC,Inglaterra,10,CAM,Right,178,28,82,Inglaterra,81,81,84,89,56,76,84,81,62,84,80,92,85,82,82,89,80,81,86,78,83,79,71,77,78,83,71,55,77,86,81,87,53,56,58,6,11,14,9,14,15,Premier League
C. Tzolis,Arsenal FC,Grecia,17,"LW, LM",Left,179,24,80,Grecia,88,78,78,83,51,73,80,78,70,79,79,83,76,77,75,84,88,88,83,81,86,78,72,81,74,76,62,53,83,78,77,80,49,47,47,12,8,10,11,11,9,Premier League
B. Saka,Arsenal FC,Inglaterra,7,"RW, ST",Left,178,25,85,Inglaterra,91,84,84,89,54,75,84,86,76,83,87,91,88,81,80,88,87,95,94,83,84,79,76,83,72,84,71,52,88,88,81,83,56,51,44,9,15,11,6,12,11,Premier League
N. Madueke,Arsenal FC,Inglaterra,20,RW,Left,182,24,81,,85,78,80,84,52,75,79,80,68,79,78,82,86,77,75,88,88,83,84,78,83,75,77,78,76,76,67,51,85,85,82,77,52,51,45,11,8,7,10,8,12,Premier League
M. Dowman,Arsenal FC,Inglaterra,56,RW,Left,183,16,73,,80,71,70,76,42,66,70,71,61,74,68,75,69,66,63,79,83,78,73,73,74,71,64,76,65,70,55,40,78,71,71,69,44,39,33,7,14,13,9,11,14,Premier League
V. Gyökeres,Arsenal FC,Suecia,14,ST,Right,189,28,84,Suecia,88,86,71,81,50,83,65,89,87,78,86,83,79,69,62,79,87,89,77,81,77,85,87,82,87,81,75,44,89,71,82,89,48,44,44,7,7,14,14,7,12,Premier League
K. Havertz,Arsenal FC,Alemania,29,"ST, LW",Left,193,27,83,Alemania,86,83,73,81,48,86,70,87,89,79,78,80,75,76,64,84,85,86,79,78,72,80,84,78,94,78,79,45,90,70,83,80,44,44,40,12,14,6,10,11,13,Premier League
M. Penders,Chelsea FC,Bélgica,39,GK,Left,200,21,73,Bélgica,45,28,43,42,31,55,35,18,29,47,20,30,26,27,46,48,48,43,48,71,56,52,57,48,64,29,43,39,25,49,33,50,31,28,27,75,73,67,73,73,54,Premier League
E. Martínez,Chelsea FC,Argentina,1,GK,Right,195,34,80,Argentina,50,39,48,49,38,63,34,33,42,56,33,41,32,34,55,49,49,50,50,81,60,59,69,55,70,32,55,50,35,51,43,62,32,35,35,78,76,74,81,83,55,Premier League
G. Slonina,Chelsea FC,Estados Unidos,44,GK,Right,193,22,65,,40,24,34,31,25,48,18,17,32,42,14,20,18,21,41,35,40,40,35,60,39,49,53,39,54,17,41,28,18,40,29,48,25,23,21,66,67,60,66,72,41,Premier League
T. Sharman-Lowe,Chelsea FC,Inglaterra,28,GK,Right,189,23,59,,34,17,27,27,16,42,14,10,13,33,10,14,10,12,27,30,34,34,38,55,40,37,46,27,51,17,36,26,10,38,19,47,16,12,11,57,59,54,56,61,39,Premier League
M. Lacroix,Chelsea FC,Francia,5,"CB, CDM",Right,190,26,81,Francia,78,61,66,70,83,83,65,55,82,69,56,68,59,56,72,71,78,78,66,82,66,75,83,78,85,60,84,81,62,62,59,78,85,82,83,10,12,11,7,10,8,Premier League
L. Colwill,Chelsea FC,Inglaterra,6,"CB, RB",Left,187,23,80,,78,62,72,71,82,82,68,59,82,83,53,67,56,66,72,76,77,79,64,81,69,73,85,79,82,60,83,80,57,61,58,75,81,83,81,10,11,8,6,14,7,Premier League
W. Fofana,Chelsea FC,Francia,3,CB,Right,188,25,78,,70,61,68,67,82,82,62,58,83,77,49,61,59,59,71,73,65,75,66,78,63,76,82,75,86,57,82,78,52,58,60,77,78,89,77,7,13,11,6,12,15,Premier League
J. Acheampong,Chelsea FC,Inglaterra,34,CB,Right,190,20,73,,72,53,61,64,77,76,59,49,76,64,52,60,53,54,65,69,68,75,59,71,63,65,81,70,78,54,79,72,45,58,55,67,78,79,77,13,9,12,11,6,9,Premier League
A. Anselmino,Chelsea FC,Argentina,30,CB,Right,186,21,72,,68,54,60,63,76,77,60,47,75,65,47,62,57,54,62,62,69,67,61,73,68,72,75,70,81,55,76,79,50,52,54,67,74,76,78,15,7,15,11,6,13,Premier League
J. Hato,Chelsea FC,Países Bajos,21,"LB, LM",Left,182,20,75,Países Bajos,83,62,71,70,75,74,76,58,71,75,56,67,66,67,69,72,80,85,78,71,74,69,75,77,73,67,74,74,67,64,58,62,76,78,72,7,10,14,11,7,6,Premier League
P. Chavarría,Chelsea FC,España,29,"LB, LM",Left,174,28,73,,77,59,68,69,72,73,72,59,59,69,51,65,62,61,67,69,80,75,76,75,73,65,67,78,71,57,73,71,60,67,54,72,72,75,75,12,10,10,15,6,9,Premier League
R. James,Chelsea FC,Inglaterra,24,RB,Right,180,26,83,,86,69,75,83,82,83,77,65,73,76,64,85,71,69,81,80,80,90,83,82,86,80,83,88,82,69,81,85,72,70,67,85,84,83,76,14,11,11,15,6,7,Premier League
M. Palestra,Chelsea FC,Italia,2,RB,Both,186,21,76,,78,59,72,73,78,79,80,55,70,73,52,71,68,54,71,74,77,79,79,71,70,70,75,84,75,59,82,74,64,69,57,69,79,80,83,14,13,13,9,11,7,Premier League
M. Gusto,Chelsea FC,Francia,27,RB,Right,178,23,77,,80,61,74,75,75,74,83,55,72,77,61,74,71,63,67,75,78,82,77,78,79,66,72,84,71,67,72,75,67,66,67,74,74,76,78,14,13,14,9,7,8,Premier League
M. Caicedo,Chelsea FC,Ecuador,25,"CDM, CB",Right,178,24,86,,77,73,82,81,87,90,79,68,83,85,68,80,77,78,88,80,77,77,82,86,82,84,88,90,89,76,92,91,76,80,71,94,85,86,89,10,11,12,9,7,8,Premier League
R. Lavia,Chelsea FC,Bélgica,45,"CDM, CM",Right,181,22,76,Bélgica,70,66,72,71,76,77,66,59,70,76,58,69,65,66,76,74,72,69,67,76,66,75,70,78,76,70,81,80,70,69,71,70,75,75,81,14,14,6,7,9,8,Premier League
V. Barco,Chelsea FC,Argentina,4,CM,Left,170,22,76,Argentina,74,72,75,77,68,73,75,68,60,76,67,75,73,75,76,80,77,72,74,73,80,79,62,84,68,78,73,73,71,72,68,75,68,67,69,15,8,6,8,8,7,Premier League
J. Henderson,Chelsea FC,Inglaterra,14,CM,Right,182,36,70,,60,66,69,70,61,69,67,65,60,69,60,71,68,61,71,68,63,57,70,72,68,65,61,69,70,68,69,60,62,71,73,72,62,62,59,15,8,10,6,9,13,Premier League
M. Nicoll-Jazuli,Chelsea FC,Inglaterra,32,CM,Left,187,16,56,,60,55,54,56,48,53,53,57,52,56,42,57,50,48,55,59,57,63,51,53,48,51,49,57,52,57,52,51,56,55,47,56,43,50,47,15,7,7,15,14,11,Premier League
M. Rogers,Chelsea FC,Inglaterra,17,CAM,Right,187,24,87,Inglaterra,86,85,88,90,62,80,83,83,83,91,82,94,92,84,87,86,89,84,91,91,90,86,75,84,81,89,74,63,86,90,89,90,58,58,59,6,11,14,6,11,10,Premier League
C. Palmer,Chelsea FC,Inglaterra,10,"CAM, CF",Left,185,24,87,,89,86,89,92,62,82,81,84,80,93,85,95,86,86,84,91,91,88,94,86,85,90,73,85,84,89,77,63,89,95,84,90,61,59,55,8,8,11,9,7,11,Premier League
J. Gittens,Chelsea FC,Inglaterra,11,"LW, LM",Left,178,22,76,,84,71,74,83,46,71,80,71,63,71,74,87,82,71,69,80,82,86,82,78,78,70,68,76,71,68,66,45,79,74,73,75,46,45,38,10,12,7,14,8,12,Premier League
Estêvão,Chelsea FC,Brasil,41,RW,Left,178,19,79,Brasil,88,76,76,83,49,72,74,76,71,83,77,85,79,74,69,83,87,89,84,81,83,78,70,78,73,74,62,52,81,70,77,71,46,46,43,8,6,8,11,12,12,Premier League
Pedro Neto,Chelsea FC,Portugal,7,RW,Left,174,26,79,Portugal,86,77,77,82,47,72,81,79,65,78,71,83,77,70,69,82,84,87,87,80,81,78,68,74,72,72,68,50,81,77,74,75,43,43,48,14,15,10,11,14,10,Premier League
Geovany Quenda,Chelsea FC,Portugal,23,"RW, RM",Left,172,19,75,,84,70,73,74,44,66,78,67,59,72,68,77,70,64,68,70,83,84,78,71,76,76,63,75,64,69,62,42,78,77,76,70,44,42,40,12,12,6,10,6,9,Premier League
João Pedro,Chelsea FC,Brasil,9,"ST, CF",Right,186,25,85,,87,87,76,82,53,83,77,88,87,79,87,81,75,73,71,84,89,85,77,89,77,90,93,82,84,82,78,48,92,77,82,85,54,48,42,9,15,9,10,8,13,Premier League
E. Emegha,Chelsea FC,Países Bajos,22,ST,Right,196,23,74,,77,77,66,72,42,78,63,82,80,70,77,72,69,63,61,75,78,77,65,73,65,74,77,73,83,68,73,38,75,64,74,73,44,36,29,6,9,15,9,15,10,Premier League
D. Welbeck,Chelsea FC,Inglaterra,18,"ST, LW",Right,185,35,71,,68,76,61,71,39,73,57,83,77,64,77,73,65,59,55,70,69,68,66,77,65,70,69,67,78,69,70,36,74,62,69,74,36,36,29,12,11,11,13,9,15,Premier League
G. Mamardashvili,Liverpool FC,Georgia,25,GK,Left,197,26,77,Georgia,54,36,46,44,38,59,25,29,35,54,24,31,31,39,52,47,55,54,54,74,57,57,70,55,62,36,52,42,26,52,38,57,38,36,34,77,76,69,76,76,54,Premier League
Alisson,Liverpool FC,Brasil,1,GK,Right,193,34,79,,48,37,50,46,37,61,32,31,41,61,28,35,33,39,54,48,44,51,51,73,58,56,67,52,69,37,51,45,25,54,45,66,34,35,35,78,81,75,78,79,60,Premier League
V. Jaros,Liverpool FC,República Checa,56,GK,Right,190,25,73,,51,29,42,40,30,57,31,22,35,47,22,26,31,27,44,46,48,53,48,72,53,52,64,50,65,26,44,42,21,51,33,53,27,23,31,70,74,66,69,74,48,Premier League
F. Woodman,Liverpool FC,Inglaterra,28,GK,Right,188,29,69,,45,24,38,35,26,57,32,17,27,44,20,19,28,21,41,40,44,45,45,67,48,44,56,53,63,22,47,36,23,39,30,54,25,22,25,69,69,64,73,76,47,Premier League
H. Davies,Liverpool FC,Inglaterra,95,GK,Left,190,23,61,,32,21,30,28,17,47,17,15,17,36,10,17,17,15,34,32,31,32,36,50,43,45,47,37,55,17,38,29,12,36,16,44,12,16,14,65,62,55,61,62,38,Premier League
J. Jacquet,Liverpool FC,Francia,5,CB,Right,190,21,80,Francia,76,57,68,71,84,85,64,47,82,78,52,70,57,61,72,73,74,78,64,75,69,75,87,78,89,64,81,85,53,56,60,77,87,83,74,12,13,12,10,14,13,Premier League
G. Leoni,Liverpool FC,Italia,15,"CB, CDM",Right,196,19,72,,68,52,58,60,77,80,52,43,78,63,46,51,53,45,66,70,67,69,60,68,57,73,76,74,84,52,77,74,51,54,54,66,77,78,77,8,9,10,15,15,14,Premier League
R. Araujo,Liverpool FC,Uruguay,33,"CB, RB",Right,192,27,77,Uruguay,77,60,68,66,79,80,64,55,79,74,53,59,53,59,75,74,74,80,61,80,60,72,79,79,83,60,75,82,57,60,58,71,75,81,79,13,6,9,11,14,14,Premier League
V. van Dijk,Liverpool FC,Países Bajos,4,CB,Right,195,35,80,Países Bajos,69,59,71,70,83,84,66,57,87,79,55,69,60,57,70,72,66,71,60,80,68,72,86,80,85,54,86,80,51,67,59,81,83,84,85,7,13,6,11,7,13,Premier League
J. Gomez,Liverpool FC,Inglaterra,2,CB,Right,188,29,75,,64,55,63,63,77,77,60,49,82,72,48,57,54,51,66,65,66,62,69,73,59,72,76,66,83,54,78,77,51,55,53,75,76,76,76,12,7,10,7,12,7,Premier League
M. Kerkez,Liverpool FC,Hungría,6,"LB, LM",Left,180,22,76,Hungría,83,63,70,73,74,76,72,61,70,72,62,71,71,65,70,75,81,84,77,74,77,67,78,83,75,67,70,70,61,65,61,68,75,75,79,15,7,14,15,13,13,Premier League
K. Tsimikas,Liverpool FC,Grecia,21,"LB, RB",Left,179,30,72,Grecia,77,62,71,69,72,70,73,60,70,78,54,67,63,55,73,67,74,79,74,76,74,70,69,74,69,62,68,73,66,63,54,68,68,75,71,6,14,7,8,12,15,Premier League
J. Frimpong,Liverpool FC,Países Bajos,30,RB,Right,172,25,81,Países Bajos,87,66,78,81,81,78,85,65,70,81,59,79,77,67,73,80,85,88,84,89,89,74,79,85,75,61,79,85,72,71,68,73,86,79,77,9,13,8,13,12,13,Premier League
C. Bradley,Liverpool FC,Irlanda del Norte,12,"RB, LB",Right,180,23,77,,79,63,76,76,74,74,80,56,71,76,54,72,71,68,74,82,80,79,75,69,78,80,70,81,71,64,72,73,64,75,63,74,71,77,80,11,11,11,14,14,6,Premier League
R. Gravenberch,Liverpool FC,Países Bajos,38,"CDM, CB",Right,190,24,85,Países Bajos,82,76,84,79,86,88,73,70,88,90,68,80,77,73,88,79,84,80,73,86,75,84,86,87,89,84,85,89,77,84,75,86,86,85,86,11,13,8,9,8,13,Premier League
W. Endo,Liverpool FC,Japón,3,CDM,Right,178,33,74,,68,65,71,70,74,79,61,59,62,77,57,66,64,62,77,74,67,68,66,72,70,75,72,83,78,70,77,73,68,71,62,73,72,78,82,13,9,6,6,13,9,Premier League
A. Mac Allister,Liverpool FC,Argentina,10,"CM, CAM",Right,176,27,82,Argentina,79,77,81,83,76,80,77,76,75,83,70,81,74,71,81,86,84,75,82,80,76,79,72,87,77,80,81,77,78,84,77,85,76,75,75,15,11,12,6,6,12,Premier League
T. Nyoni,Liverpool FC,Inglaterra,42,"CM, CAM",Right,180,19,69,,67,62,69,70,61,68,67,54,58,70,56,72,60,66,73,69,67,67,69,62,68,68,63,73,68,72,61,62,69,71,61,68,60,62,64,6,12,10,8,13,10,Premier League
J. McConnell,Liverpool FC,Inglaterra,53,CM,Right,180,22,64,,60,59,65,64,58,62,63,53,52,70,54,63,62,62,58,66,65,56,61,68,60,66,53,74,58,65,58,59,61,66,62,61,58,60,53,9,11,10,12,8,9,Premier League
F. Wirtz,Liverpool FC,Alemania,7,CAM,Right,177,23,82,Alemania,83,83,81,83,54,74,78,83,65,79,75,80,85,81,80,85,82,84,84,82,84,84,74,82,70,85,72,61,82,85,83,84,50,53,45,8,10,12,14,10,7,Premier League
D. Szoboszlai,Liverpool FC,Hungría,8,"CAM, CF",Right,187,25,85,Hungría,86,84,84,90,56,77,77,83,75,85,74,91,90,86,81,90,84,88,89,83,85,85,78,86,77,84,67,56,92,87,81,89,55,52,52,7,11,15,14,12,7,Premier League
B. Barcola,Liverpool FC,Francia,29,"LW, ST",Left,187,24,83,Francia,91,80,80,86,51,76,85,81,70,81,81,88,83,72,74,86,91,91,85,82,86,78,76,85,73,78,74,50,83,80,84,82,50,50,43,8,6,14,8,13,8,Premier League
C. Gakpo,Liverpool FC,Países Bajos,18,"LW, LM",Left,193,27,83,,90,81,80,84,53,79,81,81,76,81,77,86,87,81,79,82,92,88,83,83,78,83,81,85,80,79,67,52,80,74,77,87,52,50,46,7,10,6,12,9,9,Premier League
V. Muñoz,Liverpool FC,España,23,LW,Left,173,23,75,España,84,75,73,80,45,64,74,78,60,72,72,84,80,71,69,77,83,84,85,75,77,73,64,69,62,72,62,47,77,74,71,73,46,42,35,11,15,6,15,15,7,Premier League
R. Ngumoha,Liverpool FC,Inglaterra,73,"LW, ST",Left,170,18,71,Inglaterra,80,68,65,73,39,62,71,69,59,65,62,72,74,61,59,75,82,79,77,67,74,67,58,75,59,67,54,42,70,62,68,67,36,34,38,11,8,15,9,8,12,Premier League
F. Chiesa,Liverpool FC,Italia,14,"RW, RM",Right,175,28,74,,78,71,70,78,44,64,76,73,63,72,69,79,73,69,60,80,79,77,79,72,74,71,69,75,59,68,61,44,79,68,65,66,44,39,39,12,7,12,12,14,10,Premier League
A. Isak,Liverpool FC,Suecia,9,"ST, CF",Right,190,27,83,Suecia,85,87,73,83,48,85,71,90,86,78,83,80,69,70,66,88,87,83,76,86,74,86,86,83,89,82,77,49,87,72,84,85,38,47,44,11,15,15,12,15,11,Premier League
H. Ekitiké,Liverpool FC,Francia,22,ST,Right,190,24,81,,82,83,70,79,47,85,69,87,84,74,80,75,71,69,68,84,78,86,77,83,77,80,91,79,91,78,77,43,81,67,84,86,47,39,38,10,12,6,11,15,13,Premier League
L. Koumas,Liverpool FC,Gales,67,ST,Right,182,21,68,Gales,71,67,58,66,35,72,56,67,66,57,61,66,61,61,58,66,68,73,64,63,63,68,71,66,77,65,67,30,74,62,67,71,29,36,28,13,15,9,15,9,12,Premier League
S. Lammens,Manchester United,Bélgica,1,GK,Right,193,24,78,Bélgica,53,37,48,43,35,60,35,30,40,52,36,31,36,35,54,46,52,54,53,71,55,59,65,53,67,32,52,35,25,55,38,60,33,35,35,78,76,75,75,80,56,Premier League
K. Darlow,Manchester United,Gales,12,GK,Right,190,35,63,,32,19,32,31,21,48,19,10,28,36,16,20,13,18,33,34,30,34,38,59,38,37,45,39,56,20,38,27,10,46,28,43,17,19,18,64,63,61,61,61,39,Premier League
T. Heaton,Manchester United,Inglaterra,22,GK,Right,188,40,59,,20,18,28,24,20,42,15,10,24,39,10,12,12,16,27,25,19,20,33,60,38,40,39,36,47,17,36,33,10,30,23,36,13,18,16,62,60,52,58,59,37,Premier League
D. Mee,Manchester United,Irlanda del Norte,45,GK,Right,183,23,67,,42,24,34,35,26,49,25,15,27,39,13,21,22,21,36,40,40,44,42,64,48,46,52,39,55,25,45,32,17,40,28,48,31,19,21,66,65,61,70,71,45,Premier League
L. Yoro,Manchester United,Francia,15,CB,Right,190,20,77,Francia,75,56,66,71,83,82,58,50,84,76,52,63,56,55,69,80,72,77,64,74,75,68,76,78,86,56,78,82,54,57,60,71,86,82,76,14,14,15,11,10,9,Premier League
L. Martínez,Manchester United,Argentina,6,CB,Left,175,28,79,Argentina,73,62,68,67,80,79,67,60,77,72,56,62,67,62,73,67,69,77,75,78,75,75,74,77,78,55,87,81,57,60,57,80,81,80,82,14,6,8,8,13,15,Premier League
M. de Ligt,Manchester United,Países Bajos,4,"CB, CDM",Right,189,27,78,,73,58,67,68,81,82,62,55,78,74,48,68,63,62,70,69,75,72,62,76,66,70,84,77,87,57,76,81,54,59,57,73,85,79,79,9,9,6,10,8,13,Premier League
A. Heaven,Manchester United,Inglaterra,26,CB,Left,189,20,74,,72,54,61,62,79,77,56,48,86,70,48,59,51,54,64,63,70,74,61,68,64,66,80,69,82,57,75,77,52,50,51,71,75,84,77,14,11,13,13,14,14,Premier League
H. Maguire,Manchester United,Inglaterra,5,CB,Right,194,33,78,,70,62,65,71,80,84,67,56,83,71,47,69,56,61,67,74,73,67,62,78,66,76,84,80,86,65,84,78,54,56,63,78,82,79,81,13,13,10,15,13,6,Premier League
L. Shaw,Manchester United,Inglaterra,23,LB,Left,178,31,74,,78,60,67,74,73,72,75,59,64,68,58,72,64,57,64,76,74,81,77,74,77,62,72,77,71,59,70,73,63,65,59,73,77,74,69,14,13,13,14,15,11,Premier League
H. Amass,Manchester United,Inglaterra,41,LB,Left,181,19,66,,73,51,60,63,64,66,65,46,60,60,49,62,55,51,60,63,72,73,68,60,71,62,69,69,65,53,66,67,52,58,52,60,65,64,62,10,6,15,11,8,10,Premier League
Diogo Dalot,Manchester United,Portugal,2,"RB, RM",Right,184,27,81,Portugal,87,66,77,78,78,80,82,61,74,83,65,76,69,73,72,81,87,87,76,79,79,74,78,84,78,67,81,73,67,67,67,85,76,82,82,6,8,9,7,6,15,Premier League
N. Mazraoui,Manchester United,Marruecos,3,"RB, RM",Right,183,28,74,Marruecos,79,60,67,73,72,74,70,56,74,67,53,69,68,60,73,78,77,81,75,79,70,70,70,81,75,58,65,71,64,63,59,71,68,74,75,13,14,15,15,14,9,Premier League
C. Baleba,Manchester United,Camerún,20,CDM,Left,179,22,80,,75,70,76,77,81,84,70,65,74,82,67,76,71,68,77,79,76,75,73,76,76,75,77,87,84,74,83,86,74,74,68,79,81,81,81,6,15,10,12,10,7,Premier League
Andrey Santos,Manchester United,Brasil,17,"CDM, CM",Right,180,22,77,Brasil,67,65,73,74,78,82,64,60,68,78,57,70,67,71,75,80,70,64,73,74,66,74,76,83,81,68,83,77,74,73,68,74,77,83,77,12,11,9,8,8,11,Premier League
M. Ugarte,Manchester United,Uruguay,25,CDM,Right,182,25,77,,69,71,73,76,78,80,63,69,72,79,66,78,70,69,75,75,71,67,69,77,75,78,72,77,81,70,84,79,71,74,65,80,78,81,76,13,6,9,10,7,10,Premier League
K. Mainoo,Manchester United,Inglaterra,37,CM,Right,184,21,81,,79,75,82,80,74,80,77,72,75,88,75,78,80,73,80,84,75,82,76,81,83,79,77,81,79,79,80,74,73,83,77,82,73,76,69,11,9,12,12,12,11,Premier League
Y. Tielemans,Manchester United,Bélgica,18,CM,Right,176,29,81,Bélgica,79,73,83,82,73,79,83,67,71,84,63,84,81,73,85,81,81,78,80,78,82,80,76,83,80,80,74,77,78,84,69,84,69,75,71,6,13,15,7,11,14,Premier League
T. Fletcher,Manchester United,Escocia,39,CM,Right,183,19,60,,56,56,61,59,54,60,56,54,54,65,51,59,61,58,64,60,60,53,58,54,61,56,58,61,60,61,59,52,62,59,53,56,52,56,54,9,10,7,10,12,11,Premier League
Bruno Fernandes,Manchester United,Portugal,8,"CAM, CM",Right,183,32,83,Portugal,84,82,85,84,56,77,82,78,72,85,82,84,89,76,80,84,85,84,82,92,84,86,70,83,77,85,71,55,87,91,85,85,53,56,49,13,9,9,10,9,11,Premier League
M. Mount,Manchester United,Inglaterra,7,"CAM, CM",Right,181,27,80,,80,80,82,81,50,73,83,82,63,78,78,80,83,83,75,84,79,81,80,74,79,80,67,78,73,79,67,45,80,91,76,81,51,50,45,13,11,12,15,7,6,Premier League
M. Rashford,Manchester United,Inglaterra,9,LW,Left,185,28,79,,86,78,77,81,46,73,77,81,72,78,73,83,83,70,73,81,85,86,82,73,80,76,76,81,72,76,63,47,78,78,76,77,49,36,42,9,7,9,9,13,9,Premier League
P. Dorgu,Manchester United,Dinamarca,13,LW,Left,185,21,77,,86,76,74,82,47,73,75,74,65,75,73,84,79,73,71,80,85,86,88,77,78,82,68,78,74,75,65,47,76,74,74,77,39,49,48,9,10,7,10,12,9,Premier League
B. Mbeumo,Manchester United,Camerún,19,"RW, RM",Left,171,27,84,Camerún,90,84,80,90,54,78,81,88,72,80,80,87,82,82,75,94,91,90,95,80,90,81,76,88,75,79,71,56,90,80,82,81,51,50,49,10,8,15,12,13,8,Premier League
A. Diallo,Manchester United,Costa de Marfil,16,"RW, RM",Left,173,24,81,,93,79,78,83,50,73,81,81,69,77,87,85,80,71,71,82,91,94,83,83,83,75,69,76,73,79,69,52,78,82,75,77,51,42,47,12,12,9,15,15,12,Premier League
S. Lacey,Manchester United,Inglaterra,31,RW,Left,167,19,64,,75,64,65,71,30,54,66,66,46,71,60,74,61,54,56,67,76,74,79,67,69,63,53,67,50,62,49,32,63,64,58,62,26,29,28,14,13,14,8,9,9,Premier League
Matheus Cunha,Manchester United,Brasil,10,"ST, LW",Right,183,27,83,,89,87,72,80,52,84,71,94,88,76,82,76,74,71,67,86,92,86,76,81,83,86,88,80,89,76,74,43,83,71,81,84,49,52,42,14,6,11,12,7,7,Premier League
B. Šeško,Manchester United,Eslovenia,30,ST,Right,195,23,83,Eslovenia,84,87,74,85,51,88,72,90,86,78,78,88,76,70,69,84,85,83,81,81,78,84,87,81,95,85,79,52,86,75,83,83,44,47,46,8,11,8,12,14,6,Premier League
J. Zirkzee,Manchester United,Países Bajos,11,ST,Right,193,25,76,Países Bajos,79,78,67,72,45,80,66,75,83,70,75,71,73,65,64,73,77,81,71,79,70,83,79,72,87,78,72,38,80,64,79,80,43,41,35,6,11,10,15,13,14,Premier League
A. Kinský,Tottenham Hotspur,República Checa,31,GK,Right,190,23,76,Chequia,52,34,43,42,34,56,28,30,36,51,25,31,28,28,49,45,48,56,49,70,58,56,67,45,63,26,48,46,23,48,39,51,28,35,26,80,74,66,75,79,51,Premier League
M. Dúbravka,Tottenham Hotspur,Eslovaquia,39,GK,Right,191,37,66,,30,24,35,33,26,45,22,18,28,40,15,21,18,18,37,36,33,28,41,56,49,44,50,42,51,23,34,31,13,45,30,52,21,29,24,66,68,58,68,68,40,Premier League
B. Austin,Tottenham Hotspur,Inglaterra,40,GK,Right,188,27,60,,39,17,30,25,19,42,20,10,25,36,10,13,22,14,34,28,36,41,32,51,36,41,52,39,48,10,28,25,11,30,22,44,17,17,15,62,56,53,59,63,34,Premier League
J. Paul van Hecke,Tottenham Hotspur,Países Bajos,6,CB,Right,189,26,81,,76,62,68,68,87,84,65,59,87,75,58,64,60,61,74,67,80,72,74,80,73,76,83,75,88,56,85,85,55,60,63,78,89,86,92,12,12,7,14,8,6,Premier League
M. van de Ven,Tottenham Hotspur,Países Bajos,37,CB,Left,193,25,81,Países Bajos,76,62,71,71,86,83,63,56,87,81,49,64,66,62,75,79,71,81,68,79,65,83,87,79,85,60,82,88,53,61,66,83,87,84,82,14,9,13,13,6,13,Premier League
M. Senesi,Tottenham Hotspur,Argentina,5,CB,Left,184,29,79,,76,60,67,69,83,76,61,57,87,77,53,64,63,58,72,71,80,73,71,76,67,73,87,73,75,57,81,85,56,53,59,78,83,81,80,14,13,13,10,9,9,Premier League
T. Adarabioyo,Tottenham Hotspur,Inglaterra,4,CB,Right,197,29,77,,68,59,65,67,82,81,66,52,85,70,53,62,57,57,69,72,68,68,65,79,63,77,83,75,85,60,77,78,52,56,57,76,89,79,77,14,6,7,12,12,10,Premier League
B. Davies,Tottenham Hotspur,Gales,33,CB,Left,181,33,72,Gales,65,50,60,61,76,72,53,44,70,69,52,57,49,49,59,63,65,65,60,71,60,68,73,67,71,49,81,77,37,58,55,76,82,74,70,13,13,6,8,14,12,Premier League
D. Udogie,Tottenham Hotspur,Italia,13,"LB, LM",Left,188,23,78,,84,64,75,76,77,82,80,60,69,77,60,80,67,68,75,73,79,88,73,72,78,72,81,85,82,64,77,79,66,68,65,70,75,79,77,12,15,15,14,6,6,Premier League
A. Robertson,Tottenham Hotspur,Escocia,3,LB,Left,178,32,74,Escocia,76,60,73,72,71,73,74,59,69,77,54,65,63,60,67,76,79,74,81,78,77,67,68,80,70,60,71,67,59,76,56,72,69,76,75,14,12,7,14,7,9,Premier League
P. Porro,Tottenham Hotspur,España,23,"RB, LB",Right,173,27,79,,83,66,74,77,74,76,81,61,64,74,62,77,75,64,73,74,82,84,84,78,83,84,78,82,73,60,76,75,66,70,66,75,73,78,76,6,15,9,8,10,7,Premier League
A. Gray,Tottenham Hotspur,Inglaterra,14,"RB, RM",Right,187,20,75,,80,58,72,74,73,77,81,56,69,77,56,74,62,59,68,74,81,79,74,72,75,67,76,84,74,54,75,78,62,64,61,71,68,75,74,6,14,7,12,14,6,Premier League
S. Tonali,Tottenham Hotspur,Italia,16,CDM,Right,181,26,86,Italia,79,76,84,80,87,88,78,70,85,89,69,82,83,79,84,77,74,83,77,87,79,84,83,91,85,83,92,91,75,83,79,84,85,86,90,7,14,9,15,13,9,Premier League
R. Bentancur,Tottenham Hotspur,Uruguay,30,CDM,Right,187,29,77,Uruguay,72,69,76,70,80,79,71,65,82,82,56,70,69,71,77,68,78,67,70,81,73,77,79,80,80,73,74,87,68,71,62,80,78,78,72,7,7,8,7,12,9,Premier League
Mateus Fernandes,Tottenham Hotspur,Portugal,18,CM,Right,180,22,81,,81,75,82,79,74,79,81,71,76,82,72,78,70,77,82,79,84,78,82,80,81,80,75,80,81,80,74,74,74,86,74,80,74,73,73,13,13,12,15,7,11,Premier League
L. Bergvall,Tottenham Hotspur,Suecia,15,"CM, CAM",Right,187,20,76,Suecia,75,70,78,79,71,72,71,65,77,81,69,84,75,68,81,76,84,68,75,70,73,75,70,80,71,75,67,69,70,80,75,74,70,73,67,11,10,10,11,7,8,Premier League
C. Gallagher,Tottenham Hotspur,Inglaterra,8,"CM, CDM",Right,182,26,78,,76,74,78,76,73,74,76,69,71,81,66,74,75,71,77,80,81,72,72,78,80,82,67,84,73,74,67,78,79,78,80,76,68,75,70,13,14,6,9,14,12,Premier League
X. Simons,Tottenham Hotspur,Países Bajos,7,"CAM, CM",Right,179,23,77,,77,75,75,83,52,71,76,75,67,75,75,86,77,75,75,85,79,76,77,73,79,72,71,74,72,79,65,55,74,73,77,77,52,46,45,14,6,6,12,14,8,Premier League
J. Maddison,Tottenham Hotspur,Inglaterra,10,CAM,Right,175,29,80,,82,78,82,86,53,72,76,77,63,85,76,89,82,74,82,87,81,82,79,76,87,79,67,82,68,80,71,57,83,85,77,78,51,50,47,10,7,14,8,7,9,Premier League
D. Kulusevski,Tottenham Hotspur,Suecia,21,"CAM, CM",Left,186,26,77,,80,76,79,81,52,71,80,77,69,81,74,79,83,78,75,85,85,76,81,79,72,72,68,76,71,80,66,52,75,77,75,77,50,49,47,11,6,10,15,11,15,Premier League
Sávio,Tottenham Hotspur,Brasil,17,LW,Left,176,22,77,,85,77,78,79,46,68,86,81,59,79,78,79,78,67,75,80,81,88,81,77,80,73,60,77,66,71,63,46,78,72,72,73,48,41,40,7,8,10,11,12,15,Premier League
M. Tel,Tottenham Hotspur,Francia,11,"LW, ST",Left,183,21,74,,80,72,73,78,42,67,73,71,67,73,70,78,75,67,69,79,78,81,82,71,74,69,64,78,63,79,62,45,77,76,70,76,42,36,34,12,9,7,11,14,6,Premier League
W. Odobert,Tottenham Hotspur,Francia,28,LW,Left,182,21,73,,82,72,71,75,45,69,73,74,62,72,67,74,76,64,70,78,80,84,76,68,75,69,65,72,70,69,62,38,79,70,74,72,49,40,41,11,9,15,14,7,13,Premier League
M. Mudryk,Tottenham Hotspur,Ucrania,27,"LW, LM",Left,175,25,76,,81,75,74,76,46,67,74,75,62,75,72,74,79,70,72,75,77,85,87,75,81,73,71,73,64,80,66,49,75,71,73,71,48,40,34,12,9,13,15,8,6,Premier League
M. Kudus,Tottenham Hotspur,Ghana,20,"RW, ST",Left,177,26,82,,92,83,78,85,52,76,72,84,68,81,71,86,81,79,73,83,91,92,89,79,87,84,77,82,77,82,66,53,90,80,83,82,52,46,52,7,12,15,15,9,6,Premier League
O. Marmoush,Tottenham Hotspur,Egipto,22,"ST, CF",Right,183,27,81,Egipto,82,85,73,79,48,81,74,87,81,76,81,78,75,61,66,79,83,81,80,83,75,87,87,76,85,81,75,43,87,73,79,84,50,42,39,11,6,15,8,13,8,Premier League
D. Solanke,Tottenham Hotspur,Inglaterra,19,ST,Right,186,29,78,,85,81,68,77,44,77,68,84,83,73,76,75,68,69,59,78,84,85,79,79,71,81,79,73,83,77,67,35,82,65,78,78,43,39,38,13,13,12,13,15,6,Premier League
Richarlison,Tottenham Hotspur,Brasil,9,"ST, LW",Right,184,29,78,,76,83,68,73,45,77,65,90,80,70,81,72,66,69,63,72,74,78,72,77,74,80,78,76,81,73,69,45,84,70,74,83,37,43,36,9,10,9,8,7,14,Premier League
L. Hornicek,Newcastle United,República Checa,21,GK,Right,198,24,74,Chequia,52,30,42,42,30,59,25,22,33,49,27,34,34,29,47,42,53,51,48,70,51,49,58,50,69,31,46,39,23,47,33,61,25,28,27,77,73,71,77,76,52,Premier League
E. Jaouen,Newcastle United,Francia,24,GK,Right,200,20,71,,54,29,42,40,28,54,32,21,33,44,23,28,25,24,43,44,55,54,47,61,53,49,57,48,61,29,43,36,18,55,30,50,23,25,26,74,68,68,74,76,47,Premier League
N. Pope,Newcastle United,Inglaterra,1,GK,Right,198,34,75,,45,32,43,40,32,60,28,24,32,48,23,28,30,34,45,44,46,45,50,68,53,55,61,49,69,28,50,35,26,51,37,54,29,35,26,77,78,68,73,79,59,Premier League
M. Gillespie,Newcastle United,Inglaterra,29,GK,Right,191,34,61,,33,21,33,26,17,45,20,13,19,39,10,15,18,17,29,26,37,30,40,60,39,46,49,35,53,20,35,21,13,45,21,40,12,19,15,62,59,56,62,61,34,Premier League
M. Thiaw,Newcastle United,Alemania,12,CB,Right,194,25,81,Alemania,80,62,65,70,85,84,57,55,90,69,57,65,64,62,71,74,79,81,64,85,66,74,84,77,89,65,82,79,62,61,61,80,85,87,83,10,15,14,9,6,15,Premier League
S. Botman,Newcastle United,Países Bajos,4,CB,Left,193,26,79,,75,60,69,68,80,82,65,54,82,78,55,63,61,67,74,73,74,75,64,76,62,78,86,72,87,61,83,85,52,58,53,70,81,77,79,12,13,9,6,12,8,Premier League
F. Schär,Newcastle United,Suiza,5,"CB, CDM",Right,186,34,74,,57,53,64,64,78,80,56,47,77,74,47,60,51,52,72,68,58,56,58,78,66,73,79,75,80,50,84,77,53,55,52,68,82,77,73,8,13,14,7,11,6,Premier League
D. Burn,Newcastle United,Inglaterra,33,CB,Left,201,34,74,,58,58,61,63,77,79,59,56,80,65,49,54,56,55,68,72,55,60,59,76,54,70,85,71,82,57,80,77,50,53,59,71,78,76,74,6,7,13,12,14,15,Premier League
L. Hall,Newcastle United,Inglaterra,3,"LB, LM",Left,179,22,78,Inglaterra,82,64,72,75,76,77,74,59,71,78,58,75,71,63,74,74,82,82,76,72,77,72,74,80,76,66,77,76,66,63,63,73,72,79,82,13,12,6,12,12,10,Premier League
T. Livramento,Newcastle United,Inglaterra,2,RB,Right,182,23,80,,82,64,75,75,79,77,77,63,76,81,65,74,75,60,77,76,86,78,75,81,77,70,79,78,78,59,75,75,69,67,60,74,80,79,87,8,15,10,8,15,6,Premier League
A. Dedic,Newcastle United,Bosnia y Herzegovina,37,"RB, LB",Right,180,24,76,,82,61,72,72,71,75,76,57,69,74,59,69,68,61,72,74,83,81,74,73,75,69,67,77,75,62,75,69,68,67,59,76,69,73,79,13,13,6,6,14,7,Premier League
N. González,Newcastle United,España,6,"CDM, CM",Right,188,24,81,,75,74,80,75,83,84,72,70,78,88,65,74,75,69,82,77,72,77,73,73,73,83,81,85,86,75,81,84,72,75,71,83,83,85,77,13,14,8,9,7,13,Premier League
A. Bamba,Newcastle United,Francia,8,"CDM, CB",Right,181,20,73,,69,64,70,70,74,72,65,57,66,76,58,69,61,63,70,71,67,70,67,72,74,78,69,71,71,69,76,77,65,71,62,70,75,72,76,9,6,9,15,13,6,Premier League
J. Ramsey,Newcastle United,Inglaterra,41,CM,Right,180,25,78,,74,70,78,78,70,74,73,67,69,84,66,77,67,71,81,77,76,73,80,79,80,74,73,77,72,72,77,72,76,73,71,78,72,67,73,14,7,9,11,7,13,Premier League
Joelinton,Newcastle United,Brasil,7,"CM, CAM",Right,186,30,80,,77,77,81,79,73,81,74,76,69,85,71,77,80,77,81,82,78,76,78,83,75,77,75,88,79,77,77,72,80,81,81,84,71,77,73,15,11,13,11,12,14,Premier League
L. Miley,Newcastle United,Inglaterra,67,"CM, CAM",Right,189,20,75,,76,70,75,73,68,78,73,68,69,75,62,74,67,65,81,73,78,74,71,70,72,75,76,80,80,70,73,67,70,75,69,75,67,72,64,15,6,15,6,6,10,Premier League
J. Willock,Newcastle United,Inglaterra,28,CM,Right,179,27,75,,76,71,75,75,69,68,74,69,67,76,70,76,74,74,73,75,74,78,75,77,70,70,73,78,65,75,64,66,76,76,71,74,71,70,65,12,11,6,10,9,10,Premier League
S. Steur,Newcastle United,Países Bajos,14,CM,Both,188,18,67,,63,61,66,68,58,70,63,55,57,65,56,70,65,61,69,68,61,64,66,65,62,66,61,74,71,70,63,61,62,71,62,63,60,55,57,10,15,10,10,8,6,Premier League
B. Touré,Newcastle United,Costa de Marfil,17,LW,Left,178,20,76,Costa de Marfil,87,73,73,79,47,67,75,71,66,75,73,78,77,77,63,81,92,83,77,72,83,77,66,78,63,74,62,45,76,73,68,76,48,42,40,13,13,6,10,7,8,Premier League
H. Barnes,Newcastle United,Inglaterra,11,"LW, ST",Left,182,28,80,,86,79,79,85,51,75,81,80,75,79,78,83,84,74,73,89,91,81,82,80,83,77,72,82,75,76,65,49,90,82,81,77,45,52,47,6,12,13,8,12,8,Premier League
A. Elanga,Newcastle United,Suecia,19,RW,Both,178,24,79,,90,79,76,87,51,75,78,82,66,78,74,91,79,78,67,87,91,89,85,79,77,79,71,78,77,74,68,50,84,77,73,77,50,51,43,13,12,10,7,10,13,Premier League
J. Murphy,Newcastle United,Inglaterra,23,"RW, RM",Right,179,31,76,,80,75,74,76,44,66,79,76,62,73,74,72,74,67,75,81,80,80,80,76,74,82,66,74,67,68,55,45,80,74,71,76,44,41,32,7,6,11,15,15,14,Premier League
M. Fernandez-Pardo,Newcastle United,Bélgica,20,ST,Right,188,21,76,Bélgica,76,80,65,76,44,78,59,83,87,73,74,73,68,67,57,80,79,74,73,84,71,82,82,73,85,73,66,38,81,64,75,76,43,37,32,10,13,14,14,14,11,Premier League
W. Osula,Newcastle United,Dinamarca,10,"ST, LW",Right,191,23,77,,75,75,68,76,43,80,68,81,81,71,72,77,75,64,59,77,71,79,73,79,68,71,79,72,87,66,73,44,83,70,77,75,39,35,39,13,6,14,9,7,13,Premier League
Y. Wissa,Newcastle United,RD del Congo,9,"ST, LW",Right,176,30,79,República Democrática del Congo,80,81,67,79,47,77,65,80,75,65,77,80,70,70,65,78,81,79,75,81,81,86,80,76,79,77,71,45,87,73,80,83,50,37,43,14,9,7,6,8,15,Premier League
B. Verbruggen,Brighton & Hove Albion,Países Bajos,1,GK,Right,193,24,78,Países Bajos,55,37,48,44,38,61,37,33,39,54,27,29,35,36,50,50,53,56,52,71,54,60,73,55,66,30,53,41,29,53,35,59,38,35,38,78,76,75,79,81,56,Premier League
J. Steele,Brighton & Hove Albion,Inglaterra,23,GK,Right,188,36,68,Inglaterra,34,25,37,36,25,51,23,18,29,42,16,26,26,21,39,37,33,35,39,65,52,45,55,47,57,25,42,27,19,47,27,51,24,24,19,66,63,64,68,70,44,Premier League
T. McGill,Brighton & Hove Albion,Canadá,38,GK,Right,185,26,60,,31,17,29,28,19,43,17,10,28,37,10,17,14,19,33,30,32,31,39,56,40,39,48,32,51,13,36,25,14,32,18,40,15,16,16,58,61,58,61,62,33,Premier League
L. Vušković,Brighton & Hove Albion,Croacia,44,"CB, RB",Right,193,19,77,Croacia,75,57,65,66,80,79,67,56,83,68,48,62,59,54,67,71,72,78,62,73,65,71,81,73,84,52,74,79,46,59,51,72,81,80,79,6,14,10,7,6,6,Premier League
P. Struijk,Brighton & Hove Albion,Países Bajos,4,CB,Left,190,27,77,,73,56,67,65,79,78,68,51,84,70,54,59,54,56,73,70,70,76,62,76,66,74,83,72,80,53,81,81,51,60,57,76,80,76,79,10,9,14,13,9,12,Premier League
O. Boscagli,Brighton & Hove Albion,Francia,21,CB,Left,181,28,76,,69,56,66,64,80,79,58,51,80,71,56,58,50,58,73,67,71,68,64,77,66,66,76,76,80,58,79,81,53,64,59,72,75,84,79,9,12,13,10,13,11,Premier League
L. Dunk,Brighton & Hove Albion,Inglaterra,5,CB,Right,192,34,74,,66,53,65,64,78,78,60,47,77,74,48,60,48,56,70,67,61,70,58,74,65,70,79,74,82,53,75,79,50,58,52,72,75,81,75,15,11,6,12,8,8,Premier League
M. Svoboda,Brighton & Hove Albion,Austria,30,"CB, CDM",Right,195,27,69,,67,48,56,56,74,75,54,41,78,62,42,57,49,49,63,55,67,67,50,67,55,59,74,61,82,53,73,78,44,47,49,64,70,72,75,12,10,8,15,13,12,Premier League
F. Kadıoğlu,Brighton & Hove Albion,Turquía,24,"LB, RB",Left,174,26,79,Turquía,86,63,72,77,77,79,69,59,71,79,58,76,73,66,69,74,83,89,86,78,85,70,77,84,79,64,73,75,67,68,70,79,79,77,80,6,12,11,10,15,11,Premier League
M. De Cuyper,Brighton & Hove Albion,Bélgica,29,"LB, RB",Left,182,25,79,Bélgica,85,67,77,77,75,76,80,66,74,81,58,77,75,67,76,75,84,85,78,83,78,74,75,79,75,64,74,80,71,72,64,77,70,76,77,10,11,8,7,8,8,Premier League
J. Hadjam,Brighton & Hove Albion,Argelia,3,"LB, LM",Left,185,23,71,Argelia,75,56,69,67,70,70,70,52,66,74,50,68,60,60,65,62,74,75,74,74,70,66,71,76,68,52,67,67,64,66,59,69,68,73,74,9,15,15,8,15,13,Premier League
M. Wieffer,Brighton & Hove Albion,Países Bajos,27,RB,Right,189,26,77,,80,64,72,72,78,76,81,62,80,73,64,68,69,66,67,75,85,76,72,76,75,71,68,78,77,61,73,77,60,65,61,77,79,79,74,9,14,10,10,15,6,Premier League
Costinha,Brighton & Hove Albion,Portugal,20,"RB, LB",Right,181,26,73,,77,57,70,70,68,75,80,50,63,73,58,70,61,53,70,69,75,79,70,72,69,71,69,81,75,59,69,72,62,61,58,68,67,66,77,6,14,11,14,11,7,Premier League
J. Hinshelwood,Brighton & Hove Albion,Inglaterra,8,"CDM, CM",Right,182,21,75,,68,66,72,71,75,77,64,58,73,78,56,69,64,63,72,74,65,71,66,75,70,76,67,76,79,75,75,73,63,74,68,72,76,76,73,6,7,13,12,14,7,Premier League
C. Andrés,Brighton & Hove Albion,España,14,CDM,Right,190,21,75,,71,69,73,71,81,79,64,66,77,82,56,67,67,67,73,77,69,73,69,75,65,76,76,81,78,73,80,80,62,69,66,73,81,84,82,15,11,9,9,11,8,Premier League
Y. Ayari,Brighton & Hove Albion,Suecia,26,"CM, CDM",Right,172,23,79,Suecia,77,73,78,78,68,75,72,68,69,82,66,75,80,76,82,80,79,76,77,81,82,81,69,83,72,77,75,74,76,76,74,81,64,69,68,12,7,15,12,9,9,Premier League
D. Gómez,Brighton & Hove Albion,Paraguay,25,"CM, CDM",Right,183,23,77,Paraguay,73,71,76,77,67,77,72,68,67,79,62,77,78,71,76,79,71,74,69,81,74,79,70,82,75,70,76,67,76,78,68,79,65,71,65,14,6,8,13,7,8,Premier League
M. O'Riley,Brighton & Hove Albion,Dinamarca,33,"CM, CAM",Left,189,25,76,,77,72,78,75,69,75,71,68,73,83,67,75,69,72,81,75,77,77,74,83,73,80,79,78,77,73,67,76,71,76,71,76,63,70,63,8,11,8,15,8,15,Premier League
M. Yalcouyé,Brighton & Hove Albion,Costa de Marfil,35,"CM, CDM",Right,169,20,72,Costa de Marfil,72,65,71,75,63,67,66,62,57,72,62,75,74,67,74,74,73,71,78,72,78,68,64,71,67,67,65,61,68,73,63,74,61,70,59,13,15,7,11,11,14,Premier League
P. Groß,Brighton & Hove Albion,Alemania,13,CM,Right,181,35,74,,67,67,78,76,65,73,72,62,65,81,65,78,75,74,77,76,63,70,71,75,71,73,70,75,75,75,66,70,66,80,68,78,63,65,64,8,10,10,8,11,9,Premier League
K. Mitoma,Brighton & Hove Albion,Japón,7,"LW, LM",Left,178,29,76,,86,75,72,78,46,70,78,78,65,69,71,79,79,70,67,76,88,85,80,79,81,76,67,75,70,70,63,44,82,74,68,71,47,42,37,15,9,14,14,10,15,Premier League
I. Osman,Brighton & Hove Albion,Ghana,15,"LW, LM",Left,179,21,70,,78,66,70,73,39,59,72,63,56,76,63,75,69,63,61,69,74,82,74,76,78,68,59,68,54,67,58,40,72,68,68,72,39,35,32,13,14,14,9,11,6,Premier League
Y. Minteh,Brighton & Hove Albion,Gambia,11,"RW, RM",Left,180,22,78,,83,76,76,81,48,69,76,75,69,76,73,79,78,75,77,86,86,81,82,78,77,81,65,80,67,73,60,43,87,73,71,74,48,45,45,8,11,8,14,7,15,Premier League
Z. Yohanna,Brighton & Hove Albion,Nigeria,36,"RW, ST",Left,184,19,71,,83,67,68,69,42,67,66,68,64,73,66,69,70,64,60,70,83,83,68,72,69,67,65,75,69,64,54,46,72,67,68,67,37,39,34,11,7,8,7,11,12,Premier League
F. Azeez,Brighton & Hove Albion,Nigeria,39,"RW, RM",Left,181,25,76,,89,74,71,78,45,68,73,74,60,69,75,80,72,68,66,76,90,88,77,77,81,72,65,74,66,73,66,49,84,77,75,70,43,42,38,12,15,11,10,14,10,Premier League
G. Rutter,Brighton & Hove Albion,Francia,10,"ST, CF",Left,182,24,77,,80,80,68,77,41,75,68,85,74,71,74,75,66,66,57,81,81,80,74,75,74,79,76,68,80,74,73,37,79,70,70,82,37,40,33,15,13,7,12,9,15,Premier League
C. Kostoulas,Brighton & Hove Albion,Grecia,19,"ST, CF",Right,185,19,74,Grecia,78,75,65,72,42,73,61,76,79,70,72,71,68,61,59,75,78,78,69,71,72,81,75,71,75,67,68,39,77,64,73,73,40,34,36,14,15,13,6,10,7,Premier League
E. Ferguson,Brighton & Hove Albion,Irlanda,28,"ST, LW",Right,188,21,72,,75,72,62,70,40,72,60,72,75,66,69,72,66,59,57,69,71,78,63,79,65,71,71,71,74,72,66,37,77,60,70,77,37,37,29,7,14,13,14,13,12,Premier League
S. Tzimas,Brighton & Hove Albion,Grecia,9,ST,Both,186,20,71,,74,73,60,70,39,67,53,76,75,66,68,68,62,60,55,74,76,73,64,70,70,71,70,63,70,67,66,42,74,60,75,68,32,35,30,13,12,9,11,6,8,Premier League
P. David,Brighton & Hove Albion,Canadá,12,"ST, CF",Right,195,25,77,Canadá,79,78,67,77,46,78,67,77,85,70,75,76,64,64,58,78,76,81,76,78,67,80,78,72,85,81,67,41,80,69,70,81,43,40,40,11,7,14,8,11,15,Premier League
C. Kelleher,Brentford FC,Irlanda,1,GK,Right,188,27,77,Irlanda,51,32,44,47,36,59,30,22,40,53,24,35,29,32,49,51,50,52,55,71,57,57,67,48,69,34,48,40,27,45,36,59,30,37,36,78,74,70,79,77,56,Premier League
H. Valdimarsson,Brentford FC,Islandia,12,GK,Right,195,24,67,Islandia,38,23,35,33,26,49,19,13,33,41,19,22,25,25,40,34,40,36,43,65,48,43,57,45,53,25,42,33,15,40,28,51,22,25,25,72,68,63,66,69,49,Premier League
E. Balcombe,Brentford FC,Inglaterra,31,GK,Right,190,26,59,,34,17,30,25,15,41,20,10,23,34,11,12,17,16,33,29,39,30,35,58,39,39,45,33,47,14,34,20,16,38,14,39,15,11,10,59,56,51,58,63,36,Premier League
S. van den Berg,Brentford FC,Países Bajos,4,CB,Right,192,24,79,,72,58,65,70,83,80,61,49,89,70,48,64,56,61,75,77,74,71,68,73,67,73,86,72,82,65,84,84,57,56,58,73,79,86,81,7,13,12,8,15,8,Premier League
N. Collins,Brentford FC,Irlanda,22,"CB, CDM",Right,193,25,75,,68,57,61,64,80,79,59,51,82,67,47,60,53,48,66,70,67,69,58,71,64,76,79,74,82,55,79,79,52,55,56,66,83,81,73,10,14,6,14,12,14,Premier League
K. Ajer,Brentford FC,Noruega,20,"CB, RB",Right,198,28,77,Noruega,69,55,64,66,83,84,60,46,85,70,48,63,59,59,68,68,68,70,60,76,63,67,85,75,89,62,82,80,54,59,60,73,83,85,81,8,6,15,12,12,12,Premier League
J. Schuster,Brentford FC,Austria,44,CB,Right,190,20,73,,69,52,60,63,76,78,56,46,75,65,45,59,52,48,67,69,70,69,61,64,59,65,82,72,80,55,77,74,44,55,50,69,74,79,77,9,9,14,11,9,14,Premier League
J. Kim,Brentford FC,Corea del Sur,36,CB,Both,192,21,63,,58,46,53,49,65,63,51,42,65,63,39,48,39,49,57,50,61,56,43,56,48,57,62,58,66,47,62,62,35,38,47,65,63,69,64,9,6,11,6,14,6,Premier League
B. Fredrick,Brentford FC,Nigeria,48,CB,Right,187,21,58,,56,38,47,48,60,63,44,33,62,55,33,43,43,33,48,52,55,56,48,54,44,54,57,60,66,38,59,62,31,40,37,52,59,58,61,14,11,15,8,8,10,Premier League
E. Hadji Malick Diouf,Brentford FC,Senegal,25,"LB, RB",Left,183,21,75,Senegal,79,60,70,73,70,78,76,57,69,69,57,70,66,60,75,74,78,80,79,72,78,71,77,80,78,57,74,68,68,66,59,70,70,71,73,9,7,15,9,8,10,Premier League
K. Lewis-Potter,Brentford FC,Inglaterra,23,"LB, RB",Left,170,25,76,,81,64,70,73,73,75,67,58,63,77,52,75,65,61,70,66,83,79,82,73,85,71,62,84,72,71,75,75,69,63,61,76,74,72,75,7,9,13,14,11,8,Premier League
R. Henry,Brentford FC,Jamaica,3,"LB, LM",Left,170,29,76,,82,61,69,76,72,74,77,55,65,69,62,71,68,58,71,79,82,82,80,73,88,76,67,80,72,60,71,71,65,61,63,74,72,74,74,8,14,8,9,14,6,Premier League
M. Kayode,Brentford FC,Italia,33,RB,Right,179,22,77,Italia,86,64,73,74,76,74,77,62,70,76,60,72,65,64,71,74,84,87,75,75,82,72,74,85,70,64,71,76,63,68,64,72,78,76,76,10,11,7,8,15,15,Premier League
A. Hickey,Brentford FC,Escocia,2,"RB, LB",Both,185,24,75,Escocia,79,61,69,71,73,74,75,56,71,72,54,72,63,64,72,68,82,77,76,76,70,68,71,85,71,67,70,75,63,59,63,72,72,70,81,12,15,7,7,12,11,Premier League
V. Janelt,Brentford FC,Alemania,27,CDM,Left,184,28,75,Alemania,69,65,74,71,74,81,63,61,77,80,54,66,65,64,78,73,67,70,80,76,69,71,75,77,85,71,78,73,68,74,67,79,77,72,71,9,12,11,13,8,14,Premier League
M. Sangaré,Brentford FC,Malí,18,"CM, CAM",Left,181,24,80,Malí,75,75,79,78,69,78,75,71,66,83,68,77,81,70,79,80,76,74,78,80,75,81,71,76,78,77,82,72,80,79,76,80,69,68,70,12,15,9,12,15,11,Premier League
Y. Yarmolyuk,Brentford FC,Ucrania,6,"CM, CDM",Right,180,22,75,,73,69,74,72,68,73,70,64,67,75,64,71,70,69,78,72,77,70,74,76,74,76,64,80,72,75,69,69,78,75,66,77,68,69,61,8,9,10,7,10,9,Premier League
M. Jensen,Brentford FC,Dinamarca,8,"CM, CDM",Right,180,30,74,,70,68,71,77,68,73,67,67,64,70,63,80,72,68,76,75,72,69,73,74,76,70,63,81,72,71,67,74,66,75,62,74,67,67,66,11,12,12,6,8,11,Premier League
J. Dasilva,Brentford FC,Inglaterra,10,"CM, CDM",Left,184,27,63,,59,58,64,61,57,61,60,56,50,67,45,61,57,61,64,59,62,56,57,71,63,59,57,62,61,63,59,59,64,66,55,63,58,57,53,8,14,14,6,6,15,Premier League
M. Damsgaard,Brentford FC,Dinamarca,24,"CAM, CF",Right,180,26,78,,80,78,82,82,52,68,76,77,65,85,74,84,83,75,77,81,84,77,80,78,79,79,73,75,67,80,60,51,77,89,73,77,53,50,40,12,11,10,8,7,8,Premier League
A. Milambo,Brentford FC,Países Bajos,17,CAM,Right,179,21,70,,73,72,71,71,41,64,69,72,60,75,67,73,69,66,66,70,74,72,72,69,66,74,61,71,64,70,58,38,72,71,72,67,41,37,36,8,10,9,12,9,10,Premier League
Fábio Carvalho,Brentford FC,Portugal,14,CAM,Right,170,24,72,,73,72,74,75,45,58,76,72,55,74,75,74,75,68,68,78,75,72,70,74,77,73,57,66,53,74,63,50,73,77,66,72,45,40,37,8,14,11,13,8,12,Premier League
K. Schade,Brentford FC,Alemania,7,"LW, LM",Left,185,24,79,Alemania,86,78,75,81,48,70,75,79,74,76,78,77,79,76,70,84,89,84,85,79,79,78,70,76,70,74,63,45,80,75,82,81,45,45,42,15,6,10,6,13,9,Premier League
J. Anthony,Brentford FC,Inglaterra,19,LW,Left,183,26,75,,80,73,69,79,47,68,72,75,62,68,70,81,66,66,62,78,81,80,79,75,78,76,70,70,70,67,62,45,79,74,71,72,49,44,40,14,9,7,12,9,9,Premier League
Gustavo Nunes,Brentford FC,Brasil,39,"LW, ST",Left,173,20,68,,72,66,67,73,37,60,69,64,53,68,62,77,68,64,61,72,73,72,79,58,69,67,62,70,59,71,52,45,73,66,66,59,34,30,35,6,10,13,15,13,11,Premier League
D. Ouattara,Brentford FC,Burkina Faso,11,RW,Left,177,24,80,,90,78,78,81,50,72,83,80,66,80,76,82,80,75,69,80,89,91,85,81,88,77,71,79,70,76,68,53,75,79,78,74,49,47,41,14,7,15,7,8,8,Premier League
Igor Thiago,Brentford FC,Brasil,9,"ST, LW",Right,190,25,82,,85,83,75,82,50,79,73,84,90,80,83,81,72,75,68,85,86,84,82,84,74,83,85,74,83,80,73,44,87,73,79,83,49,43,43,9,10,15,7,11,6,Premier League
K. Furo,Brentford FC,Bélgica,47,ST,Right,190,19,67,,72,71,57,66,34,69,53,74,72,60,69,63,68,55,54,72,69,74,57,66,61,72,72,64,73,69,63,28,65,57,62,64,33,30,26,15,14,11,6,15,13,Premier League
C. Wilson,Brentford FC,Inglaterra,13,"ST, LW",Right,180,34,75,,70,72,66,73,40,74,65,73,73,68,79,73,66,68,58,73,71,70,73,77,70,72,76,78,74,65,66,33,81,70,77,75,40,34,35,13,11,8,9,7,14,Premier League
D. Henderson,Crystal Palace,Inglaterra,1,GK,Right,188,29,78,,55,37,47,48,34,62,34,35,38,50,31,36,35,41,52,53,56,54,51,76,57,56,69,49,72,27,52,45,29,55,40,57,32,27,37,81,74,71,81,80,53,Premier League
W. Benítez,Crystal Palace,Argentina,44,GK,Right,191,33,73,,44,29,44,37,31,57,29,23,35,54,25,21,26,27,46,42,44,44,44,76,54,52,64,49,64,21,50,40,23,50,35,60,30,26,27,72,76,64,70,77,53,Premier League
R. Matthews,Crystal Palace,Inglaterra,31,GK,Right,183,32,63,,34,22,32,30,19,44,16,13,26,40,17,15,16,18,32,35,31,36,40,63,42,44,49,34,51,20,38,26,14,42,26,48,16,14,19,68,62,56,62,64,41,Premier League
H. Ahanor,Crystal Palace,Italia,21,CB,Left,184,18,71,,70,51,59,61,74,75,53,44,74,68,45,53,51,50,63,68,69,70,56,70,69,65,70,65,78,54,79,69,49,51,54,62,75,75,75,10,6,6,11,10,10,Premier League
J. Canvot,Crystal Palace,Francia,6,"CB, RB",Right,188,20,73,,72,53,61,62,76,78,56,48,73,68,52,58,55,52,64,66,71,73,54,73,57,67,81,69,84,52,74,76,55,55,53,67,77,77,74,12,6,6,14,7,9,Premier League
C. Richards,Crystal Palace,Estados Unidos,26,CB,Right,189,26,76,Estados Unidos,71,58,64,64,81,81,61,53,82,70,52,57,57,58,67,69,71,71,60,75,65,74,83,74,85,54,79,74,54,60,58,75,83,82,83,11,7,7,11,6,8,Premier League
C. Riad,Crystal Palace,Marruecos,4,CB,Left,186,23,76,,71,57,62,64,79,79,60,53,80,67,53,61,52,58,67,62,70,72,67,74,67,72,84,73,82,53,80,76,49,56,60,74,78,82,80,7,6,10,6,7,14,Premier League
A. Disasi,Crystal Palace,Francia,5,CB,Right,191,28,76,,69,55,64,63,78,80,63,51,83,70,48,58,51,56,67,65,69,69,68,73,66,71,83,70,85,54,79,82,51,55,50,70,77,78,73,13,6,9,12,9,6,Premier League
T. Tomiyasu,Crystal Palace,Japón,17,"CB, CDM",Right,187,27,69,,62,49,58,58,68,68,55,45,72,66,42,51,45,55,62,62,58,66,58,66,58,62,79,61,70,50,71,68,39,49,48,69,65,71,67,10,13,13,11,7,10,Premier League
T. Mitchell,Crystal Palace,Inglaterra,3,LB,Left,181,27,77,,78,65,72,72,72,77,80,62,73,74,59,71,69,61,69,71,80,76,78,71,81,76,73,84,74,61,76,71,63,67,64,67,70,72,77,8,9,9,11,13,9,Premier League
B. Chilwell,Crystal Palace,Inglaterra,33,LB,Left,180,29,74,,78,62,71,72,71,72,74,61,65,74,57,73,66,64,69,69,79,77,73,77,79,71,69,79,69,59,69,71,61,69,57,69,75,67,76,9,8,8,8,6,9,Premier League
A. Khalaili,Crystal Palace,Israel,25,RB,Right,183,22,76,Israel,78,62,74,73,74,75,77,56,72,75,62,73,69,62,74,71,78,78,76,79,76,72,71,81,71,63,79,80,62,71,64,74,73,70,78,11,7,9,6,8,14,Premier League
Ó. Mingueza,Crystal Palace,España,30,RB,Right,184,27,74,,76,61,70,69,71,70,74,57,70,71,62,66,66,63,68,69,75,77,75,75,73,69,77,78,66,62,70,71,62,67,62,72,67,73,74,10,10,14,11,12,15,Premier League
A. Wharton,Crystal Palace,Inglaterra,20,"CDM, CB",Left,182,22,80,,76,69,77,76,80,82,69,65,76,80,65,75,66,70,82,77,75,76,76,84,77,74,77,83,83,76,81,79,72,79,67,77,78,84,78,7,9,10,14,14,8,Premier League
C. Doucouré,Crystal Palace,Malí,28,"CDM, CM",Right,180,26,72,,67,63,72,69,72,75,63,58,60,79,52,70,65,60,81,69,66,67,66,73,66,71,67,73,76,69,75,76,70,66,56,71,70,73,74,10,13,8,7,7,14,Premier League
J. Lerma,Crystal Palace,Colombia,8,"CDM, CB",Right,180,31,74,,68,65,71,70,76,76,64,58,69,74,65,65,63,67,78,74,70,67,70,71,72,73,69,76,77,72,77,79,68,71,66,75,76,78,76,11,9,11,6,12,6,Premier League
Q. Timber,Crystal Palace,Países Bajos,23,"CM, CAM",Right,176,25,76,Países Bajos,71,72,75,75,71,75,76,70,70,80,63,72,71,67,71,78,69,73,72,79,74,70,68,79,76,80,68,72,76,69,70,73,70,73,63,7,12,11,10,11,11,Premier League
D. Kamada,Crystal Palace,Japón,18,CM,Right,180,30,74,Japón,67,68,74,74,66,69,68,66,66,77,64,72,73,70,73,77,68,66,75,76,72,70,66,76,66,73,69,71,74,78,66,77,66,66,61,6,12,7,8,12,14,Premier League
W. Hughes,Crystal Palace,Inglaterra,19,"CM, CDM",Left,185,31,74,,65,70,73,77,67,76,67,65,66,75,65,77,69,68,77,80,68,62,72,76,70,78,69,78,76,75,73,70,70,76,67,74,71,63,66,12,12,9,6,7,11,Premier League
Y. Pino,Crystal Palace,España,10,LW,Left,174,23,77,España,81,74,74,81,44,69,75,72,61,73,73,81,81,71,64,81,82,81,80,84,83,79,69,78,66,72,66,49,80,82,75,72,42,39,35,6,12,8,6,11,13,Premier League
D. McNeil,Crystal Palace,Inglaterra,11,LW,Left,183,26,74,,81,75,73,77,45,68,73,78,70,74,67,78,75,67,67,79,82,80,75,72,74,76,64,76,68,71,60,41,81,75,67,72,44,41,40,10,13,8,14,8,15,Premier League
I. Sarr,Crystal Palace,Senegal,7,"RW, ST",Right,185,28,80,Senegal,89,79,80,80,50,73,84,79,67,79,79,84,79,72,73,76,90,89,81,80,79,80,74,79,72,79,69,52,83,84,80,81,49,46,40,6,9,12,15,12,7,Premier League
E. Guessand,Crystal Palace,Costa de Marfil,29,"RW, RM",Right,188,25,80,,82,83,78,85,48,76,78,83,66,80,76,88,78,71,75,85,82,82,82,80,82,89,72,81,77,81,66,50,80,80,75,83,49,41,45,7,13,9,6,9,10,Premier League
D. Osorio,Crystal Palace,Chile,24,RW,Left,184,22,72,Chile,77,71,69,74,42,65,69,72,62,72,72,75,69,67,64,74,78,77,75,72,78,71,63,67,65,70,63,42,75,67,67,69,43,36,35,6,15,13,13,12,11,Premier League
Z. Gozo,Crystal Palace,Estados Unidos,12,RW,Right,180,19,66,Estados Unidos,76,64,64,68,33,60,73,59,52,65,66,69,66,59,58,66,75,76,74,65,74,67,60,73,56,71,53,30,69,60,64,57,35,30,27,7,6,11,6,14,15,Premier League
J. Strand Larsen,Crystal Palace,Noruega,22,"ST, CF",Right,193,26,80,Noruega,86,81,71,79,46,80,69,82,86,76,76,76,74,68,61,83,85,86,79,83,72,86,79,77,85,73,70,41,87,74,82,84,44,42,38,8,13,12,14,12,8,Premier League
J. Mateta,Crystal Palace,Francia,14,"ST, CF",Right,192,29,79,,80,83,69,77,47,79,65,87,83,75,79,76,71,65,62,80,79,80,74,75,66,82,84,72,85,77,70,41,86,70,76,81,45,43,40,8,7,8,11,10,14,Premier League
E. Nketiah,Crystal Palace,Inglaterra,9,"ST, LW",Right,175,27,72,,72,73,62,70,39,72,61,74,67,63,74,70,67,62,61,69,71,72,71,70,64,76,70,69,74,67,69,43,74,59,72,72,38,32,31,14,10,9,6,9,13,Premier League
D. Petrović,AFC Bournemouth,Serbia,1,GK,Right,194,26,80,Serbia,53,38,51,50,37,63,34,32,35,61,27,38,36,34,56,53,55,52,58,79,62,63,67,56,70,32,52,49,27,54,40,64,29,36,39,80,79,74,78,82,57,Premier League
M. Di Gregorio,AFC Bournemouth,Italia,20,GK,Right,187,29,76,,47,36,44,43,34,56,31,32,38,50,26,33,38,29,48,45,50,44,52,72,50,54,62,55,59,32,49,36,20,49,36,56,34,31,30,79,73,68,75,77,55,Premier League
F. Forster,AFC Bournemouth,Inglaterra,17,GK,Right,201,38,67,,32,26,37,32,27,49,21,22,29,44,19,18,16,23,38,36,32,32,42,66,46,46,56,40,56,19,42,34,12,48,25,51,24,24,25,69,66,62,66,68,47,Premier League
António Silva,AFC Bournemouth,Portugal,14,CB,Right,187,22,75,,72,56,65,64,81,77,65,49,77,69,50,61,54,54,72,66,71,72,60,77,65,71,77,68,82,58,77,82,49,56,57,73,80,80,85,13,7,13,15,14,6,Premier League
B. Diakité,AFC Bournemouth,Francia,18,CB,Right,184,25,78,,70,61,65,68,83,80,57,56,82,74,54,65,52,61,71,70,69,70,70,76,70,76,80,76,80,62,83,89,53,55,57,72,83,79,80,10,6,8,7,12,12,Premier League
J. Hill,AFC Bournemouth,Inglaterra,5,CB,Right,188,24,77,,72,61,66,67,80,82,61,61,84,72,52,64,57,60,72,67,69,75,62,76,73,69,85,73,88,57,79,82,59,59,62,77,80,80,72,13,12,14,8,15,15,Premier League
V. Milosavljević,AFC Bournemouth,Serbia,44,"CB, RB",Right,192,19,71,,72,51,57,58,72,75,55,43,79,60,40,56,50,51,62,61,69,74,56,61,54,70,74,67,78,52,77,75,49,51,51,62,70,69,75,10,14,12,10,15,13,Premier League
A. Truffert,AFC Bournemouth,Francia,3,"LB, LM",Left,176,24,78,Francia,84,66,72,76,77,73,70,63,66,79,59,72,69,63,73,76,83,85,86,81,82,72,74,84,67,70,75,77,63,65,65,77,78,80,78,9,13,7,15,13,11,Premier League
J. Soler,AFC Bournemouth,Argentina,6,"LB, LM",Left,175,21,69,,71,53,65,69,65,67,70,49,66,72,55,67,63,56,63,68,69,73,76,71,70,63,67,68,67,53,68,61,57,53,51,66,66,66,65,7,14,8,12,8,13,Premier League
J. Sánchez,AFC Bournemouth,España,24,"RB, LB",Right,186,23,74,,76,60,70,72,72,71,75,58,62,73,63,70,67,59,68,75,74,78,75,73,72,67,73,80,66,56,71,76,59,67,63,67,73,69,75,12,11,7,10,12,8,Premier League
J. Araujo,AFC Bournemouth,México,2,"RB, LB",Right,176,25,74,,78,61,70,73,70,71,77,57,67,72,55,75,67,64,73,70,79,78,79,71,81,70,71,77,67,60,75,67,64,59,60,69,71,73,70,6,10,14,11,15,11,Premier League
M. Aarons,AFC Bournemouth,Inglaterra,28,RB,Right,177,26,66,,72,51,60,64,63,63,67,48,56,66,48,67,55,49,57,57,74,71,69,71,69,56,58,72,59,57,62,64,54,50,43,61,66,62,63,14,6,15,13,14,6,Premier League
A. Smith,AFC Bournemouth,Inglaterra,15,RB,Right,174,35,64,,61,52,61,65,62,64,66,49,54,65,40,64,59,45,57,64,65,58,70,65,71,60,62,69,62,55,63,65,54,58,49,61,63,62,63,13,12,12,12,13,7,Premier League
T. Adams,AFC Bournemouth,Estados Unidos,12,CDM,Right,175,27,77,Estados Unidos,72,66,72,74,76,78,67,60,71,76,59,75,65,64,76,76,75,69,69,76,68,75,78,82,77,69,77,74,71,73,68,74,80,75,77,6,9,15,10,7,11,Premier League
A. Scott,AFC Bournemouth,Inglaterra,8,CM,Right,178,23,80,Inglaterra,76,76,79,78,72,78,70,76,65,81,72,72,76,76,85,83,77,75,77,81,82,80,76,81,79,75,73,72,77,82,74,82,71,77,68,8,7,14,10,6,7,Premier League
A. Tóth,AFC Bournemouth,Hungría,27,CM,Right,181,20,74,Hungría,75,70,75,72,67,70,74,68,66,75,64,76,73,66,84,70,71,79,69,67,71,76,69,75,67,73,69,68,66,74,63,75,69,65,66,9,15,15,14,6,8,Premier League
L. Cook,AFC Bournemouth,Inglaterra,4,CM,Right,175,29,74,,66,68,75,76,66,69,70,61,67,81,60,78,69,66,75,74,71,62,76,73,77,78,69,76,67,74,66,66,68,71,68,74,67,66,66,13,14,13,7,15,10,Premier League
R. Christie,AFC Bournemouth,Escocia,10,CM,Left,178,31,76,Escocia,69,71,77,76,69,73,72,67,66,77,64,73,72,69,80,80,72,67,73,75,81,77,69,79,72,73,71,72,78,81,73,79,74,65,65,11,6,6,14,7,12,Premier League
J. Kluivert,AFC Bournemouth,Países Bajos,19,"CAM, CM",Both,173,27,80,,75,78,80,81,54,73,76,75,67,81,75,80,83,82,75,81,75,75,83,82,83,84,68,78,72,80,72,57,79,86,72,84,53,50,51,11,14,9,15,13,14,Premier League
M. Tavernier,AFC Bournemouth,Inglaterra,16,"LW, LM",Left,178,27,78,,80,77,72,82,45,68,78,76,66,69,75,85,81,74,68,79,82,79,87,81,81,81,70,77,64,76,66,45,74,72,71,81,46,38,38,9,9,14,7,6,14,Premier League
A. Adli,AFC Bournemouth,Marruecos,21,LW,Left,180,26,75,,85,71,72,76,48,69,77,69,64,72,70,76,73,66,69,78,87,84,74,75,82,70,66,76,65,77,69,48,77,68,71,63,48,45,36,6,14,7,12,10,6,Premier League
Rayan,AFC Bournemouth,Brasil,37,"RW, RM",Left,187,20,77,Brasil,89,75,73,80,47,70,77,76,67,73,71,79,80,71,69,82,92,86,85,73,75,74,68,78,68,75,63,49,84,70,68,68,44,43,40,9,12,10,6,12,15,Premier League
B. Gannon-Doak,AFC Bournemouth,Escocia,11,"RW, RM",Right,173,20,70,Escocia,79,69,71,73,37,61,75,72,57,72,70,73,68,64,59,73,77,80,81,71,74,64,61,72,57,66,58,39,71,78,67,63,33,34,35,15,8,12,11,12,15,Premier League
D. Brooks,AFC Bournemouth,Gales,7,RW,Left,173,29,78,,85,79,75,82,48,73,79,83,62,74,71,89,82,70,68,76,81,88,85,80,85,72,65,78,75,77,64,48,82,77,76,70,48,46,45,10,13,12,14,8,8,Premier League
J. Kroupi,AFC Bournemouth,Francia,22,ST,Right,179,20,76,,78,80,67,76,43,75,60,84,71,75,70,73,65,66,60,78,80,77,80,73,70,84,71,74,78,68,68,44,83,66,77,78,43,38,30,15,11,6,8,12,14,Premier League
Evanilson,AFC Bournemouth,Brasil,9,ST,Both,183,27,79,,81,80,70,80,47,79,68,83,78,74,76,79,73,70,66,82,83,80,80,82,70,77,80,75,83,74,72,48,83,67,80,77,43,40,49,8,14,12,10,12,13,Premier League
Á. Rodríguez,AFC Bournemouth,Uruguay,30,"ST, CF",Left,193,22,72,,74,73,62,70,39,73,60,76,76,65,72,67,60,63,53,75,76,73,66,73,57,71,75,65,79,68,66,32,77,65,68,72,38,34,32,15,15,6,15,12,13,Premier League
D. Jebbison,AFC Bournemouth,Canadá,29,ST,Right,190,23,71,Canadá,78,73,62,73,37,73,60,73,71,66,74,75,63,61,60,74,77,79,73,71,63,75,81,66,78,71,65,33,78,59,74,71,32,36,25,11,9,9,11,13,15,Premier League
Z. Suzuki,Aston Villa,Japón,1,GK,Right,190,24,79,Japón,55,36,46,44,38,61,31,32,38,50,33,30,33,38,52,48,56,55,49,77,59,54,64,57,66,31,52,45,29,54,34,63,33,41,34,77,78,73,78,78,57,Premier League
M. Bizot,Aston Villa,Países Bajos,40,GK,Right,193,35,68,,40,27,38,35,27,52,26,21,30,46,16,21,25,20,38,40,39,40,46,63,48,49,56,41,61,25,44,35,15,46,29,48,27,21,24,69,65,64,68,73,43,Premier League
J. Wright,Aston Villa,Inglaterra,42,GK,Right,188,21,54,,32,15,23,21,13,34,10,10,15,25,10,10,10,13,31,25,34,30,32,44,31,32,44,25,40,10,29,21,10,33,14,35,10,10,11,48,52,51,53,55,33,Premier League
T. Harwood-Bellis,Aston Villa,Inglaterra,4,"CB, RB",Right,188,24,77,,75,56,64,66,81,81,62,48,81,68,52,59,58,55,72,71,71,78,71,72,67,74,84,74,84,60,80,79,52,57,54,76,78,85,81,7,7,13,6,14,13,Premier League
P. Torres,Aston Villa,España,14,"CB, RB",Left,192,29,76,,74,55,65,66,79,79,61,50,80,75,54,60,50,59,67,72,71,77,61,79,66,68,78,71,82,55,84,81,49,54,56,76,78,78,80,7,11,14,7,15,12,Premier League
M. Kéba Cissé,Aston Villa,Senegal,48,CB,Right,191,21,68,,63,49,55,58,70,74,53,42,74,64,47,55,49,47,55,61,64,63,54,64,56,65,72,67,78,52,72,69,39,46,52,72,70,70,72,12,8,7,13,12,10,Premier League
V. Lindelöf,Aston Villa,Suecia,3,CB,Right,187,32,72,Suecia,63,56,61,63,75,74,56,54,70,67,50,61,53,52,70,65,60,65,58,70,60,67,75,70,78,52,68,77,51,53,50,76,73,77,75,9,11,8,9,12,15,Premier League
T. Mings,Aston Villa,Inglaterra,5,CB,Left,196,33,73,,66,53,61,60,75,76,57,46,83,69,48,56,49,55,65,62,64,67,57,72,58,69,78,75,76,54,75,76,48,54,57,73,74,74,71,11,11,9,10,12,8,Premier League
I. Maatsen,Aston Villa,Países Bajos,22,LB,Left,178,24,78,,77,62,70,77,75,78,73,59,73,70,61,75,71,61,72,79,76,77,81,81,73,68,75,81,79,60,73,77,65,67,62,76,74,76,72,11,15,13,15,13,14,Premier League
M. Ruggeri,Aston Villa,Italia,13,"LB, LM",Left,187,24,76,Italia,83,61,72,72,75,78,79,61,72,76,55,71,62,66,67,74,82,83,71,76,74,67,70,78,80,57,73,74,60,65,68,69,75,76,78,12,7,8,14,14,9,Premier League
M. Cash,Aston Villa,Polonia,2,"RB, LB",Right,185,29,78,Polonia,79,65,74,75,79,78,80,63,77,73,62,76,70,71,72,72,76,81,81,75,82,73,70,83,77,60,77,78,72,72,64,73,78,79,82,13,14,11,11,14,15,Premier League
A. Wan-Bissaka,Aston Villa,RD del Congo,29,"RB, RM",Right,183,28,74,República Democrática del Congo,76,55,69,71,72,73,74,50,69,72,55,69,70,63,68,72,73,79,74,77,73,62,67,85,70,59,69,73,63,63,57,66,69,74,77,6,13,9,12,10,14,Premier League
A. Onana,Aston Villa,Bélgica,24,CDM,Right,195,25,80,,71,72,76,78,80,85,69,69,80,82,66,75,73,64,74,84,70,72,72,80,66,81,79,84,86,73,83,75,75,77,68,84,79,85,82,11,8,8,7,12,11,Premier League
B. Kamara,Aston Villa,Francia,8,CDM,Right,184,26,80,,73,70,76,75,80,83,68,66,75,80,68,71,68,70,80,78,76,71,74,80,75,78,77,86,83,72,82,85,70,77,67,75,84,74,79,14,14,14,7,15,6,Premier League
L. Bogarde,Aston Villa,Países Bajos,26,CDM,Right,185,22,72,,66,61,68,66,74,76,61,56,65,70,60,65,63,62,78,66,65,66,64,68,64,71,75,74,75,62,81,80,60,65,66,73,77,74,66,15,12,8,10,6,14,Premier League
João Gomes,Aston Villa,Brasil,35,CM,Right,176,25,80,,79,74,81,81,70,79,78,73,66,80,70,81,87,75,80,81,77,80,78,85,81,76,74,79,81,77,76,72,76,85,75,85,69,72,71,6,13,6,7,10,6,Premier League
L. Goretzka,Aston Villa,Alemania,27,CM,Right,189,31,75,,68,69,76,76,69,76,70,64,71,79,61,79,73,65,76,74,74,64,70,73,73,75,74,79,76,73,74,73,74,80,70,76,66,70,65,9,10,15,11,11,10,Premier League
R. Barkley,Aston Villa,Inglaterra,6,CM,Right,189,32,74,,70,68,75,73,64,70,67,64,73,77,64,72,74,69,81,72,71,69,77,73,68,72,75,73,69,72,68,64,75,79,72,78,62,64,63,13,7,8,13,9,8,Premier League
J. McGinn,Aston Villa,Escocia,7,"RM, LM",Left,178,31,75,Escocia,76,70,76,77,55,69,77,70,68,73,68,78,72,69,74,77,72,79,77,71,78,72,64,78,64,69,71,58,69,82,73,73,53,53,51,7,9,8,13,7,12,Premier League
J. Manzambi,Aston Villa,Suiza,44,CAM,Right,182,20,80,Suiza,81,79,84,85,54,71,80,82,62,87,76,86,78,74,83,87,85,78,81,75,83,77,71,79,70,77,65,59,83,86,76,75,54,48,50,11,15,7,10,14,9,Premier League
E. Buendía,Aston Villa,Argentina,10,CAM,Right,172,29,78,,80,75,79,83,51,68,74,73,65,82,77,85,78,81,73,82,76,84,82,78,86,77,66,75,65,76,66,55,83,81,78,75,46,50,51,13,8,11,6,7,13,Premier League
A. Garnacho,Aston Villa,Argentina,17,"LW, LM",Left,180,22,74,,82,72,72,78,42,66,74,72,58,72,66,77,74,70,60,78,75,87,82,76,76,72,63,73,67,75,58,43,75,81,67,72,46,35,35,14,14,14,15,8,6,Premier League
G. Hemmings,Aston Villa,Inglaterra,53,LW,Both,182,19,56,,65,53,54,60,27,51,57,50,44,60,51,58,53,47,46,64,64,65,59,52,54,54,53,54,52,58,43,27,58,50,50,57,28,24,16,10,13,7,6,7,14,Premier League
I. Mbaye,Aston Villa,Senegal,19,"RW, ST",Right,175,18,72,Senegal,82,70,69,75,41,63,76,69,55,70,71,76,76,66,64,77,80,83,73,70,70,70,64,70,61,70,60,44,72,65,67,59,45,33,33,13,10,9,6,12,12,Premier League
Alysson,Aston Villa,Brasil,47,"RW, RM",Left,184,20,69,,77,71,67,72,39,62,70,74,62,66,69,75,69,59,67,72,72,81,71,69,71,68,65,66,62,70,58,35,67,69,62,64,42,32,35,7,15,7,10,6,8,Premier League
N. Jackson,Aston Villa,Senegal,11,ST,Right,187,25,82,Senegal,78,85,71,79,48,82,70,90,84,74,84,81,76,68,63,77,76,79,78,85,73,84,86,70,90,78,74,48,86,74,80,80,47,40,41,9,10,9,6,10,11,Premier League
T. Abraham,Aston Villa,Inglaterra,18,"ST, CF",Right,194,29,76,,78,78,65,72,43,81,63,83,78,69,72,73,66,63,60,74,80,77,64,69,65,79,79,77,88,70,71,44,77,65,77,75,40,35,42,11,8,7,6,15,13,Premier League
B. Madjo,Aston Villa,Inglaterra,39,"ST, LW",Right,193,17,67,,71,66,56,66,35,67,52,69,78,63,63,64,63,57,47,69,72,71,63,63,56,69,73,62,70,59,64,28,62,54,64,71,31,33,27,15,6,8,15,14,11,Premier League
John Victor,Nottingham Forest,Brasil,12,GK,Right,197,30,72,,47,27,44,38,30,52,28,18,28,52,20,27,27,22,48,39,50,44,50,70,57,53,56,45,56,23,49,39,17,52,28,48,29,27,27,71,72,68,70,71,54,Premier League
M. Sels,Nottingham Forest,Bélgica,26,GK,Right,191,34,75,,44,32,42,38,32,58,25,23,31,48,24,20,31,29,46,44,45,43,50,69,54,54,62,53,64,30,48,41,28,53,36,60,31,29,27,79,72,69,77,81,53,Premier League
S. Benda,Nottingham Forest,Alemania,33,GK,Right,192,28,65,,41,21,32,29,22,50,13,14,24,40,16,15,19,18,36,32,40,42,42,64,48,44,52,43,56,18,42,31,11,42,26,48,21,18,22,63,63,59,65,65,48,Premier League
Murillo,Nottingham Forest,Brasil,5,CB,Left,183,24,81,,76,61,74,71,84,81,65,57,82,87,56,69,63,58,77,74,75,76,66,83,67,76,84,76,82,57,82,82,55,67,62,76,81,89,82,13,8,6,13,7,14,Premier League
O. Diomande,Nottingham Forest,Costa de Marfil,2,CB,Right,190,22,79,Costa de Marfil,69,59,66,70,82,79,62,49,82,71,57,65,59,59,72,74,64,73,69,81,65,78,84,76,81,61,77,78,57,62,60,79,80,84,86,12,9,12,8,9,15,Premier League
N. Milenković,Nottingham Forest,Serbia,31,"CB, RB",Right,195,28,78,,75,58,64,64,81,82,58,53,85,68,56,59,60,61,70,68,77,74,62,74,61,76,77,74,87,53,79,79,56,58,62,76,81,80,82,10,12,8,12,8,10,Premier League
Jair Cunha,Nottingham Forest,Brasil,23,CB,Both,198,21,74,Brasil,69,53,61,64,78,77,60,43,76,65,53,62,51,49,68,66,67,70,57,70,63,72,83,75,79,59,74,80,46,54,58,77,75,81,78,13,8,10,8,11,6,Premier League
N. Williams,Nottingham Forest,Gales,3,"LB, LM",Left,183,25,79,Gales,81,64,75,74,78,79,79,59,77,77,57,74,69,62,76,74,80,82,77,77,75,73,78,85,77,67,77,82,66,70,58,73,75,80,79,6,13,7,9,11,8,Premier League
L. Netz,Nottingham Forest,Alemania,25,LB,Left,185,23,70,,75,56,67,67,68,68,71,51,64,70,50,66,61,56,67,68,73,76,70,67,70,67,68,71,69,59,64,70,57,62,49,62,66,70,72,12,8,7,7,15,13,Premier League
D. Muñoz,Nottingham Forest,Colombia,27,"RB, LB",Right,180,30,79,Colombia,83,66,75,72,78,80,79,63,74,78,64,66,74,64,72,74,80,85,78,80,76,75,79,76,83,67,80,77,72,69,59,80,77,81,74,7,10,9,14,8,10,Premier League
O. Aina,Nottingham Forest,Nigeria,34,RB,Right,184,29,77,Nigeria,80,61,70,78,76,75,78,55,72,72,59,79,68,67,72,78,81,79,73,78,74,73,75,80,73,64,72,75,65,59,59,80,73,82,74,13,7,13,7,15,9,Premier League
N. Savona,Nottingham Forest,Italia,37,RB,Right,192,23,74,,80,58,69,70,73,78,70,53,70,73,59,71,65,59,67,69,76,84,71,73,69,70,78,80,78,59,73,77,56,66,60,71,74,71,72,9,10,11,15,11,13,Premier League
I. Sangaré,Nottingham Forest,Costa de Marfil,6,CDM,Right,191,28,76,Costa de Marfil,68,67,72,71,76,80,67,61,78,71,60,68,68,66,78,73,66,70,69,79,68,77,82,84,80,73,77,75,64,75,65,81,79,74,77,11,7,9,12,10,13,Premier League
N. Domínguez,Nottingham Forest,Argentina,8,CM,Right,179,28,75,,71,74,75,77,69,75,71,74,68,76,61,78,72,68,77,77,71,71,79,76,69,76,68,78,75,76,73,66,69,78,68,74,70,71,70,13,8,10,8,13,8,Premier League
X. Schlager,Nottingham Forest,Austria,21,"CM, CAM",Left,174,29,74,Austria,71,72,76,74,67,71,74,72,66,79,59,74,72,69,78,73,72,71,72,74,77,74,63,81,68,74,69,66,70,73,66,75,67,71,61,12,9,8,12,10,6,Premier League
R. Yates,Nottingham Forest,Inglaterra,22,CM,Right,190,28,72,,69,66,71,73,66,74,64,63,69,75,62,74,64,65,71,74,67,70,66,70,70,68,65,77,76,71,68,67,71,73,69,72,64,68,60,14,15,10,7,10,11,Premier League
M. Gibbs-White,Nottingham Forest,Inglaterra,10,"CAM, CM",Right,176,26,82,Inglaterra,82,82,81,84,54,75,76,80,68,81,75,86,79,80,82,83,80,83,85,84,81,89,70,78,78,85,67,61,77,88,76,84,52,50,49,13,7,15,12,9,11,Premier League
J. McAtee,Nottingham Forest,Inglaterra,24,CAM,Left,180,23,76,,79,74,79,82,48,71,69,73,61,83,69,81,81,71,78,86,86,74,80,75,82,76,63,75,71,77,68,49,72,84,67,72,48,45,46,6,13,12,6,11,15,Premier League
C. Hudson-Odoi,Nottingham Forest,Inglaterra,7,"LW, ST",Left,178,25,76,,84,73,72,77,46,69,77,74,59,68,75,78,79,68,69,76,82,85,80,75,80,68,75,80,65,76,65,48,77,77,71,73,42,45,42,8,12,14,13,10,13,Premier League
D. Ndoye,Nottingham Forest,Suiza,14,"RW, ST",Right,184,25,79,Suiza,84,76,77,82,50,72,76,74,73,79,71,82,79,72,72,85,83,85,78,84,79,79,69,76,74,77,64,47,86,79,76,73,49,46,46,7,15,14,15,10,13,Premier League
L. Delap,Nottingham Forest,Inglaterra,19,"ST, CF",Right,186,23,76,,74,74,68,73,43,76,69,72,74,70,76,71,69,72,61,74,75,73,72,80,72,78,73,73,80,74,71,41,79,67,77,76,38,41,38,10,14,13,9,9,10,Premier League
Igor Jesus,Nottingham Forest,Brasil,11,ST,Right,183,25,78,,77,80,68,76,44,75,63,84,81,72,77,77,72,68,66,75,77,77,72,86,70,78,76,70,77,75,75,43,82,65,75,77,41,39,37,13,10,7,10,11,7,Premier League
A. Kalimuendo,Nottingham Forest,Francia,15,ST,Right,178,24,76,,81,78,68,72,44,73,64,81,74,75,75,71,68,68,61,71,79,82,79,75,76,81,80,68,76,71,69,44,84,63,69,71,43,37,38,7,14,13,13,10,9,Premier League
C. Wood,Nottingham Forest,Nueva Zelanda,9,ST,Right,191,34,75,Nueva Zelanda,69,75,67,73,44,75,59,75,79,71,74,72,71,64,60,78,69,69,64,71,70,81,82,70,78,71,71,42,79,71,72,75,37,42,39,9,13,8,12,12,11,Premier League
R. Roefs,Sunderland AFC,Países Bajos,22,GK,Left,193,23,76,Países Bajos,51,32,43,43,34,60,31,24,34,50,29,33,34,31,46,45,53,50,50,70,58,58,66,52,66,25,51,40,27,46,35,56,35,31,27,73,74,81,73,81,58,Premier League
M. Ellborg,Sunderland AFC,Suecia,31,GK,Right,191,23,65,Suecia,41,22,35,31,22,46,22,14,22,42,18,15,20,21,37,40,45,38,37,57,43,44,47,42,51,19,38,27,16,43,30,46,18,24,22,66,63,61,67,64,42,Premier League
S. Moore,Sunderland AFC,Inglaterra,21,GK,Right,191,36,59,,28,18,28,27,16,41,15,10,15,35,10,15,13,14,32,31,28,28,34,47,39,44,49,30,47,15,37,25,11,33,22,42,12,14,15,61,53,56,58,62,33,Premier League
K. Danso,Sunderland AFC,Austria,4,"CB, CDM",Right,190,28,76,Austria,69,57,64,64,79,76,58,54,82,72,49,60,56,56,70,70,70,69,57,72,63,67,77,71,78,56,79,84,46,56,60,69,74,81,76,8,12,15,7,6,7,Premier League
D. Ballard,Sunderland AFC,Irlanda del Norte,5,CB,Right,187,27,76,Irlanda del Norte,69,59,66,67,78,77,63,59,78,77,49,59,54,57,72,73,71,68,66,77,64,73,73,74,79,49,76,76,54,51,50,75,76,80,80,6,13,6,8,15,12,Premier League
O. Alderete,Sunderland AFC,Paraguay,15,"CB, RB",Left,190,29,75,Paraguay,69,56,61,65,77,77,55,52,78,70,46,58,50,50,65,72,72,67,63,76,60,71,81,76,77,53,78,76,43,56,60,75,77,77,75,12,14,10,8,15,13,Premier League
L. O'Nien,Sunderland AFC,Inglaterra,13,CB,Right,174,31,66,,61,45,53,56,70,66,47,40,66,60,39,49,49,51,59,59,55,66,62,68,60,59,63,57,69,46,71,72,38,43,39,63,72,65,75,15,13,9,7,8,11,Premier League
A. Alese,Sunderland AFC,Inglaterra,42,"CB, RB",Left,192,25,62,,60,44,53,51,64,66,47,39,64,63,39,46,46,44,53,56,58,62,49,58,52,59,68,56,72,42,62,62,41,47,40,61,67,61,67,12,13,6,8,7,8,Premier League
D. Méthalie,Sunderland AFC,Francia,6,"LB, LM",Left,188,20,71,,79,52,66,67,70,68,74,47,64,67,53,69,64,59,67,65,76,82,76,59,65,56,68,72,67,55,68,71,59,58,56,66,68,73,72,9,13,8,12,11,13,Premier League
R. Mandava,Sunderland AFC,Mozambique,17,"LB, RB",Left,180,32,72,,72,57,69,72,70,71,65,54,64,73,58,71,62,52,68,71,68,76,75,74,71,66,64,74,73,55,65,71,59,71,56,72,66,73,72,15,10,9,10,12,15,Premier League
T. Hume,Sunderland AFC,Irlanda del Norte,32,"RB, LB",Right,180,24,78,Irlanda del Norte,83,64,75,74,76,76,81,58,67,79,57,74,67,62,77,71,82,83,76,75,77,78,76,84,73,64,75,74,65,67,64,79,76,78,79,9,11,7,15,12,13,Premier League
N. Mukiele,Sunderland AFC,Francia,20,"RB, LB",Right,187,28,75,,79,59,69,73,71,76,74,55,76,70,59,72,62,65,69,73,77,81,78,73,73,73,73,80,76,54,74,71,62,63,56,75,69,71,75,10,13,10,12,7,9,Premier League
T. Meunier,Sunderland AFC,Bélgica,12,"RB, RM",Right,190,35,69,,65,56,64,64,65,69,75,56,66,65,52,66,61,52,63,59,63,67,67,69,71,58,67,70,71,56,65,68,52,58,59,69,63,64,66,10,13,6,12,9,14,Premier League
G. Xhaka,Sunderland AFC,Suiza,34,"CDM, CB",Left,183,34,76,,67,67,73,76,77,78,70,62,72,78,59,78,61,65,75,75,64,69,69,81,70,75,75,75,76,72,85,75,67,69,68,80,81,79,71,10,9,6,7,12,8,Premier League
J. Ahoka,Sunderland AFC,RD del Congo,29,CDM,Right,190,20,53,,49,42,48,49,55,61,42,40,53,57,41,51,45,42,48,49,50,48,40,53,42,42,57,57,65,44,56,58,46,42,42,49,51,58,53,10,6,15,11,6,6,Premier League
H. Diarra,Sunderland AFC,Senegal,19,"CM, CDM",Right,178,22,77,,76,69,76,76,67,76,72,62,66,82,75,74,68,68,76,79,81,72,75,80,75,76,74,81,73,75,76,76,71,74,71,76,60,67,68,13,12,12,10,9,8,Premier League
N. Sadiki,Sunderland AFC,RD del Congo,27,"CM, CAM",Right,173,21,74,República Democrática del Congo,70,68,73,74,67,68,67,65,60,73,63,67,67,71,80,81,71,70,77,77,78,76,63,79,61,70,73,70,70,77,60,72,69,67,59,9,9,8,15,13,13,Premier League
E. Le Fée,Sunderland AFC,Francia,28,CM,Right,173,26,76,,72,74,78,77,68,71,73,72,65,81,67,74,72,69,79,79,69,75,82,78,73,76,65,78,66,76,75,68,78,79,72,76,66,71,63,8,15,12,14,6,11,Premier League
A. Browne,Sunderland AFC,Irlanda,8,CM,Right,179,31,69,,63,65,70,72,61,66,68,62,61,72,57,72,72,60,64,75,68,59,70,62,68,69,65,72,63,67,64,64,67,74,65,71,55,66,60,13,14,10,8,15,9,Premier League
C. Rigg,Sunderland AFC,Inglaterra,11,"CAM, CF",Left,177,19,72,,76,73,75,77,45,65,73,75,59,78,69,77,70,66,69,78,78,75,77,74,75,71,60,77,62,72,60,48,73,78,75,67,43,41,41,7,14,9,15,15,11,Premier League
M. Fofana,Sunderland AFC,Bélgica,39,"LW, LM",Left,169,21,75,Bélgica,82,75,73,79,45,69,71,77,56,78,69,81,73,70,65,76,77,86,88,69,79,75,64,77,68,73,63,44,77,75,77,69,43,45,39,9,9,11,14,10,6,Premier League
N. Angulo,Sunderland AFC,Ecuador,10,"LW, ST",Left,184,23,76,Ecuador,83,72,75,79,47,72,75,71,64,78,68,81,72,68,68,77,84,83,79,77,77,76,70,74,73,68,68,44,76,77,74,74,48,43,45,8,10,13,14,8,9,Premier League
R. Mundle,Sunderland AFC,Inglaterra,14,LW,Left,172,23,70,,79,69,67,72,40,60,66,71,57,67,67,74,73,64,62,72,81,77,72,69,76,69,56,72,57,66,56,39,73,72,65,65,40,35,36,10,9,15,15,9,14,Premier League
C. Talbi,Sunderland AFC,Marruecos,7,"RW, ST",Right,175,21,74,,81,69,74,75,41,64,75,69,57,77,69,76,79,70,68,75,77,84,78,73,80,66,67,73,61,71,60,42,78,74,73,67,44,34,39,11,10,13,15,9,13,Premier League
J. Ta Bi,Sunderland AFC,Costa de Marfil,37,"RW, RM",Left,175,21,64,,71,63,60,68,32,57,62,62,47,62,61,70,63,60,53,66,70,71,75,59,69,65,54,64,56,65,51,31,64,61,59,65,29,32,23,14,11,13,11,8,9,Premier League
A. Ba,Sunderland AFC,Mauritania,46,"RW, ST",Right,180,23,65,,76,65,63,69,34,56,64,68,50,65,60,70,65,60,56,68,77,75,71,65,68,63,55,65,53,60,53,35,69,64,62,66,32,33,29,7,11,13,8,6,7,Premier League
B. Brobbey,Sunderland AFC,Países Bajos,9,"ST, CF",Right,181,24,81,,83,82,74,81,46,78,74,82,83,76,83,76,70,70,67,87,82,83,77,87,78,84,85,74,82,81,72,46,88,76,76,86,45,36,39,8,11,10,6,10,14,Premier League
W. Isidor,Sunderland AFC,Haití,18,ST,Right,184,26,75,Haití,77,78,67,72,44,74,66,84,79,71,71,72,68,63,64,72,78,76,72,77,72,75,77,71,78,71,68,39,76,63,74,77,43,39,34,6,14,14,13,8,14,Premier League
J. Trafford,Leeds United,Inglaterra,1,GK,Right,192,23,77,Inglaterra,50,33,45,45,35,61,31,25,36,51,29,32,34,29,54,49,50,50,52,75,57,57,70,48,69,30,55,41,29,50,34,63,33,33,35,77,77,74,76,81,57,Premier League
M. Zetterer,Leeds United,Alemania,16,GK,Both,187,31,72,,44,28,42,40,29,56,33,19,33,47,16,25,25,24,40,47,49,40,46,71,53,49,57,51,61,31,49,38,21,51,28,56,23,29,28,70,71,68,69,71,55,Premier League
A. Cairns,Leeds United,Inglaterra,21,GK,Right,183,33,58,,26,17,28,26,17,42,10,10,24,37,10,14,17,15,32,31,29,24,34,54,40,41,48,34,50,13,32,24,10,35,17,37,15,13,12,58,52,50,59,59,31,Premier League
T. Muharemović,Leeds United,Bosnia y Herzegovina,5,"CB, RB",Left,192,23,78,Bosnia-Herzegovina,72,61,66,66,81,81,63,57,79,70,60,59,58,62,68,70,70,74,69,76,63,75,84,77,85,58,76,83,50,61,60,77,82,81,77,15,15,14,15,14,9,Premier League
J. Bijol,Leeds United,Eslovenia,15,"CB, CDM",Right,190,27,78,Eslovenia,75,58,66,69,81,83,59,55,85,74,59,66,55,55,75,70,74,75,65,79,69,75,84,77,86,49,82,79,55,56,58,77,76,84,83,14,14,15,15,6,12,Premier League
J. Rodon,Leeds United,Gales,6,"CB, RB",Right,193,28,76,,71,57,63,62,78,78,59,54,85,71,50,57,53,56,61,64,71,71,66,70,62,71,81,71,84,54,73,74,55,59,58,75,80,74,84,7,8,11,11,9,12,Premier League
N. Elvedi,Leeds United,Suiza,30,CB,Right,189,30,74,Suiza,67,52,61,65,76,77,56,45,79,67,49,62,53,53,68,68,69,65,63,64,63,69,82,75,78,52,75,72,47,53,54,75,74,79,76,8,8,11,12,7,11,Premier League
G. Gudmundsson,Leeds United,Suecia,3,LB,Left,181,27,77,Suecia,82,62,73,76,74,75,74,58,70,74,61,76,71,64,74,77,82,82,77,77,77,67,71,82,72,66,73,70,69,72,60,74,71,79,76,10,9,9,10,11,14,Premier League
M. Bard,Leeds United,Francia,26,"LB, RB",Left,173,25,73,,78,57,70,73,71,68,74,55,64,72,54,68,66,57,73,76,80,76,77,70,84,63,72,73,66,56,67,70,61,64,57,70,74,71,71,10,8,6,11,15,15,Premier League
J. Bogle,Leeds United,Inglaterra,2,RB,Right,178,26,76,,81,65,70,71,78,75,72,64,72,76,63,69,66,61,69,70,79,82,74,75,74,70,71,79,72,61,78,76,64,62,64,74,78,80,79,10,13,8,14,13,13,Premier League
J. Justin,Leeds United,Inglaterra,24,"RB, RM",Both,183,28,73,,78,55,66,69,74,72,69,49,66,68,58,70,63,56,66,66,76,79,76,67,72,67,73,73,70,57,75,74,56,65,57,68,74,76,72,15,10,15,9,10,11,Premier League
E. Ampadu,Leeds United,Gales,4,CDM,Right,182,26,77,Gales,73,64,72,73,80,81,64,59,78,73,59,71,69,68,77,77,75,71,68,77,68,76,80,79,83,63,78,81,69,76,66,80,79,81,78,10,10,11,10,8,15,Premier League
A. Stach,Leeds United,Alemania,18,"CDM, CM",Right,194,27,79,Alemania,71,71,75,76,80,83,69,67,79,81,61,72,68,72,78,83,72,70,73,73,69,76,82,84,85,81,79,81,67,73,65,84,83,75,81,6,9,7,8,11,11,Premier League
I. Gruev,Leeds United,Bulgaria,44,"CDM, CB",Left,185,26,73,Bulgaria,65,60,72,70,74,77,69,52,72,76,55,66,61,65,74,74,68,63,70,74,68,71,71,75,78,67,77,75,68,69,61,73,73,76,73,13,11,7,10,9,12,Premier League
S. Longstaff,Leeds United,Inglaterra,8,CM,Right,187,28,74,,74,72,74,76,68,72,67,71,66,77,66,79,69,74,78,74,71,76,76,70,71,73,66,72,75,76,68,65,73,75,69,69,70,73,59,6,7,14,15,7,12,Premier League
A. Tanaka,Leeds United,Japón,22,"CM, CAM",Right,180,28,74,Japón,71,66,73,77,65,75,67,63,61,75,61,75,71,66,72,82,72,70,72,75,70,66,68,77,75,74,72,66,73,80,68,71,64,69,62,7,8,13,7,15,11,Premier League
B. Aaronson,Leeds United,Estados Unidos,11,CAM,Right,177,25,76,,75,74,76,79,49,69,73,74,62,78,71,82,79,72,73,78,73,77,76,73,81,73,67,71,69,77,67,48,77,77,76,79,49,46,43,11,7,6,6,7,7,Premier League
N. Okafor,Leeds United,Suiza,19,LW,Left,185,26,77,,84,73,73,80,48,70,74,74,62,73,72,83,74,70,73,80,81,87,76,78,74,78,71,72,72,68,64,51,79,71,66,75,49,43,45,9,8,9,15,13,9,Premier League
J. Bahoya,Leeds United,Francia,23,"LW, ST",Left,180,21,74,,79,74,72,77,44,67,78,76,70,71,74,80,67,69,72,73,80,79,79,71,81,77,66,74,68,68,54,44,76,70,71,74,41,42,37,13,9,11,8,15,15,Premier League
H. Wilson,Leeds United,Gales,10,RW,Left,173,29,79,,87,77,76,80,47,72,82,77,65,78,73,83,76,72,72,76,85,88,85,76,76,79,68,83,69,76,66,46,81,73,78,83,50,40,43,6,13,13,9,6,6,Premier League
D. James,Leeds United,Gales,7,RW,Right,171,28,73,Gales,81,71,69,76,42,60,72,73,57,68,68,77,74,71,66,74,80,81,83,70,82,70,67,66,58,67,57,45,75,69,67,71,42,37,34,6,6,11,13,7,15,Premier League
D. Calvert-Lewin,Leeds United,Inglaterra,9,"ST, LW",Right,189,29,78,Inglaterra,75,79,69,75,42,81,68,82,78,70,77,76,75,70,60,73,73,77,71,78,73,78,83,68,89,73,75,38,84,71,78,83,39,39,31,14,13,13,8,15,14,Premier League
L. Nmecha,Leeds United,Alemania,14,ST,Right,185,27,72,,75,72,61,70,38,72,59,73,75,62,76,69,69,62,57,72,74,76,72,69,65,72,76,71,76,65,63,39,80,64,74,75,33,30,33,12,10,6,10,8,7,Premier League
M. Joseph,Leeds United,España,29,"ST, CF",Right,185,22,67,,66,68,60,66,33,67,55,68,69,63,65,64,63,55,50,66,65,67,70,69,61,69,68,59,72,68,62,30,69,66,68,69,29,27,30,8,8,14,11,7,14,Premier League
B. Leno,Fulham FC,Alemania,1,GK,Right,190,34,76,,46,33,43,44,32,58,28,25,32,49,27,28,30,26,48,51,46,46,52,76,58,61,68,52,63,29,49,41,24,50,33,61,32,29,27,76,76,72,78,76,51,Premier League
B. Lecomte,Fulham FC,Francia,23,GK,Left,186,35,67,,33,27,39,34,27,50,24,21,23,44,17,23,23,22,40,38,34,32,41,63,43,50,58,41,57,21,44,35,18,54,30,50,27,25,24,69,65,62,67,65,46,Premier League
A. Borto,Fulham FC,Estados Unidos,36,GK,Right,188,22,67,,45,25,34,36,23,54,21,20,29,37,16,24,23,19,42,42,45,45,42,60,47,46,57,42,62,21,47,34,16,41,27,45,23,15,21,70,69,58,68,67,44,Premier League
C. Bassey,Fulham FC,Nigeria,3,CB,Left,185,26,77,Nigeria,71,57,65,64,81,79,63,54,81,70,48,56,61,61,75,69,69,72,64,76,71,67,78,71,82,57,80,81,54,55,58,81,78,85,77,15,14,9,14,9,9,Premier League
J. Andersen,Fulham FC,Dinamarca,5,CB,Right,192,30,80,Dinamarca,77,60,67,69,81,85,65,53,82,72,58,67,60,68,68,69,81,74,62,76,73,79,89,74,92,60,78,79,55,60,55,80,79,82,83,6,13,13,12,12,11,Premier League
D. Affengruber,Fulham FC,Austria,22,"CB, RB",Right,185,25,79,Austria,71,58,70,66,84,82,71,52,83,78,51,62,55,60,72,65,70,72,68,81,69,74,80,78,83,59,83,81,55,58,60,81,84,85,84,10,10,10,9,6,12,Premier League
J. Cuenca,Fulham FC,España,4,CB,Left,190,26,72,,70,51,60,61,77,74,51,42,75,68,46,57,54,57,64,65,69,70,57,70,60,68,80,69,76,55,74,74,54,53,52,68,76,81,78,13,13,13,15,13,11,Premier League
R. Sessegnon,Fulham FC,Inglaterra,30,"LB, RB",Left,178,26,77,,80,63,76,73,76,76,83,58,71,78,60,70,71,65,78,76,78,81,76,72,76,72,72,80,76,65,70,78,63,67,64,74,75,78,74,7,15,6,9,14,9,Premier League
A. Robinson,Fulham FC,Estados Unidos,33,"LB, RB",Left,183,29,79,Estados Unidos,85,64,74,74,76,80,77,61,75,77,70,70,72,62,72,76,88,82,82,75,79,70,74,82,81,63,75,77,70,69,65,70,79,71,85,10,9,12,9,11,6,Premier League
K. Tete,Fulham FC,Países Bajos,2,RB,Right,180,30,73,,76,61,70,73,73,72,77,60,71,75,53,69,71,55,62,76,78,74,78,78,75,69,76,78,70,58,67,67,55,65,58,72,76,74,77,7,13,7,11,9,6,Premier League
T. Castagne,Fulham FC,Bélgica,21,"RB, RM",Right,185,30,75,Bélgica,82,64,69,69,70,76,76,60,67,72,58,70,69,56,70,64,79,84,78,72,75,73,73,78,76,65,74,74,66,61,59,70,63,75,76,7,8,10,12,8,9,Premier League
S. Berge,Fulham FC,Noruega,16,CDM,Right,195,28,77,Noruega,68,71,73,71,80,81,65,70,75,77,64,68,63,67,78,76,69,68,67,71,69,77,82,78,82,72,84,83,66,75,67,79,78,81,80,6,13,13,7,12,15,Premier League
A. Iwobi,Fulham FC,Nigeria,17,"CDM, CM",Right,183,30,80,Nigeria,73,71,77,75,81,82,70,67,78,83,62,73,69,68,77,75,74,72,81,81,74,80,79,78,84,71,84,85,76,76,69,81,82,79,78,7,11,7,12,7,7,Premier League
S. Charles,Fulham FC,Irlanda del Norte,19,"CDM, CB",Right,189,22,72,Irlanda del Norte,66,61,68,70,75,81,61,59,75,74,60,68,62,61,67,72,62,69,70,74,70,65,73,80,83,62,81,78,64,66,62,69,76,73,72,9,7,8,15,12,13,Premier League
H. Larsson,Fulham FC,Suecia,15,"CM, CAM",Right,187,22,77,Suecia,73,76,79,77,69,75,79,75,68,79,69,77,72,74,82,78,74,73,73,75,77,82,68,79,76,75,70,68,70,79,74,74,70,68,72,7,10,10,11,7,9,Premier League
M. Ángel,Fulham FC,España,20,CM,Right,170,22,68,,65,62,67,69,62,62,64,58,57,70,54,69,69,61,66,68,63,66,72,70,67,67,57,72,56,67,66,62,66,68,61,67,63,64,56,15,6,7,11,14,9,Premier League
H. Reed,Fulham FC,Inglaterra,6,"CM, CAM",Right,181,31,68,,65,66,67,66,59,67,67,65,60,64,55,66,67,57,71,66,66,65,62,69,68,72,59,72,68,64,58,64,66,71,61,72,59,58,55,8,11,6,11,7,7,Premier League
T. Cairney,Fulham FC,Escocia,10,CM,Left,185,35,67,,60,60,68,67,60,65,64,56,62,70,49,64,69,65,70,73,58,61,62,64,66,62,64,70,62,69,68,61,68,67,63,69,60,58,59,8,9,10,8,13,13,Premier League
J. King,Fulham FC,Inglaterra,24,CAM,Right,173,19,73,,75,72,74,79,45,64,73,70,60,75,68,79,76,70,73,82,77,73,75,66,78,75,64,74,60,72,60,45,71,77,75,71,48,40,36,8,14,12,7,12,14,Premier League
E. Smith Rowe,Fulham FC,Inglaterra,32,CAM,Right,182,26,76,,74,75,77,78,48,72,74,74,57,74,70,78,76,80,75,77,77,71,80,75,77,75,63,75,74,78,65,51,78,85,73,78,50,43,43,10,12,9,13,13,10,Premier League
C. Palacios,Fulham FC,España,8,"CAM, CM",Right,182,21,68,,67,68,69,71,41,67,64,69,59,71,62,68,70,67,64,76,68,67,69,65,69,69,60,64,70,67,63,42,73,76,68,65,37,39,40,12,9,8,14,12,11,Premier League
Kevin,Fulham FC,Brasil,11,"LW, LM",Left,176,23,77,,86,74,74,79,44,71,74,73,65,75,74,77,79,66,69,81,86,86,84,80,81,73,71,76,70,78,65,45,75,75,71,77,44,40,37,7,12,10,11,12,6,Premier League
O. Bobb,Fulham FC,Noruega,14,RW,Left,177,23,77,Noruega,84,76,74,80,45,68,77,77,61,77,76,84,75,65,69,78,81,86,79,79,81,72,74,72,66,75,64,47,76,72,78,74,42,42,41,15,12,9,15,8,11,Premier League
G. García,Fulham FC,España,7,ST,Both,182,22,76,,76,79,66,72,44,76,63,80,79,70,79,70,65,66,59,73,76,76,75,71,69,78,79,73,78,74,73,45,85,66,85,76,45,35,35,10,14,11,8,11,15,Premier League
Rodrigo Muniz,Fulham FC,Brasil,9,"ST, LW",Right,186,25,75,,76,76,66,72,44,74,65,80,76,70,75,65,61,67,56,78,78,74,74,78,68,74,83,68,78,69,70,40,80,66,76,76,42,41,34,9,14,10,6,9,9,Premier League
J. Kusi-Asare,Fulham FC,Suecia,18,ST,Right,196,19,61,,68,61,52,59,28,64,55,63,72,52,61,60,52,49,46,59,65,71,56,58,49,59,71,55,70,57,56,19,61,54,62,62,31,20,20,10,6,6,15,12,7,Premier League
J. Pickford,Everton FC,Inglaterra,1,GK,Left,185,32,78,Inglaterra,51,37,46,44,34,63,30,30,40,53,30,31,39,32,49,45,49,52,56,78,58,63,65,52,72,29,52,43,31,55,39,60,29,31,37,77,79,68,73,81,53,Premier League
M. Travers,Everton FC,Irlanda,12,GK,Right,191,27,69,,45,26,39,38,27,51,25,18,35,46,19,28,22,21,48,38,46,44,42,73,54,53,64,41,58,21,42,39,17,42,36,50,21,23,26,71,68,63,67,68,49,Premier League
T. King,Everton FC,Gales,31,GK,Right,194,31,58,Gales,32,16,29,25,17,42,16,10,18,35,10,14,14,10,32,28,34,30,36,54,36,36,53,35,47,11,35,24,12,39,13,39,16,13,13,60,55,52,54,63,37,Premier League
J. Branthwaite,Everton FC,Inglaterra,4,CB,Left,195,24,77,Inglaterra,67,59,65,65,84,81,61,52,86,73,55,61,60,55,69,68,65,68,61,76,66,78,86,75,84,58,81,83,51,55,59,76,86,82,79,10,8,8,8,6,9,Premier League
J. Tarkowski,Everton FC,Inglaterra,6,"CB, RB",Right,185,33,72,,61,53,60,62,74,73,58,48,70,66,49,55,47,52,63,69,59,62,57,69,60,67,78,70,73,50,76,78,49,57,56,69,72,74,80,14,8,6,12,8,11,Premier League
M. Keane,Everton FC,Inglaterra,5,CB,Right,188,33,73,,64,49,62,63,78,77,56,43,75,68,44,54,60,51,68,69,62,66,63,75,66,64,75,68,85,48,70,82,50,54,53,71,79,77,73,13,9,11,10,7,13,Premier League
V. Mykolenko,Everton FC,Ucrania,16,"LB, LM",Left,180,27,77,Ucrania,79,64,72,73,76,74,76,60,70,74,63,71,66,62,74,70,78,79,82,77,73,69,71,81,71,68,73,79,64,68,64,80,79,73,74,14,8,8,12,6,8,Premier League
J. O'Brien,Everton FC,Irlanda,15,"RB, RM",Right,197,25,77,Irlanda,82,62,70,73,76,81,73,57,77,72,59,73,69,64,73,76,78,86,69,73,71,76,82,82,84,62,72,73,63,63,62,71,79,74,81,8,10,12,12,10,9,Premier League
A. Maitland-Niles,Everton FC,Inglaterra,2,"RB, LB",Right,180,29,75,,81,59,70,75,72,75,75,53,72,74,54,76,67,61,68,73,77,84,77,70,75,72,73,81,72,61,74,71,56,61,59,74,67,75,80,12,8,13,8,8,12,Premier League
J. Garner,Everton FC,Inglaterra,37,"CDM, CB",Right,182,25,79,Inglaterra,72,69,74,75,82,83,65,66,80,83,62,71,67,76,77,79,73,72,74,77,79,75,78,84,84,71,81,86,73,68,73,80,79,85,77,7,7,11,6,9,11,Premier League
H. Hackney,Everton FC,Inglaterra,30,CDM,Right,178,24,78,,73,70,73,75,80,82,68,71,74,76,60,75,70,68,77,75,73,73,73,71,76,78,77,82,81,65,84,82,65,71,65,75,84,78,76,7,8,8,7,8,13,Premier League
C. Nørgaard,Everton FC,Dinamarca,23,"CDM, CB",Right,187,32,74,,72,66,71,70,74,77,65,61,70,74,57,67,65,64,73,73,72,72,64,79,69,75,72,81,76,68,74,74,68,75,64,74,77,73,73,13,13,14,10,10,15,Premier League
M. Röhl,Everton FC,Alemania,34,CM,Right,192,24,76,,75,71,75,76,70,79,71,66,75,78,67,76,75,68,70,78,75,75,78,70,72,80,71,77,81,72,77,75,74,80,71,72,68,67,65,10,7,11,8,15,10,Premier League
C. Alcaraz,Everton FC,Argentina,24,"CM, CDM",Right,176,23,73,,73,69,75,74,66,70,68,66,60,80,63,74,77,69,80,75,72,74,70,73,68,76,65,76,69,71,67,61,67,72,70,75,71,67,67,12,14,11,8,7,14,Premier League
H. Armstrong,Everton FC,Inglaterra,45,CM,Right,185,19,69,,71,63,68,67,64,67,65,59,60,70,63,65,67,59,68,71,69,72,66,64,69,71,65,72,65,62,68,64,67,70,64,65,66,64,59,12,11,11,12,15,8,Premier League
K. Dewsbury-Hall,Everton FC,Inglaterra,8,CAM,Left,176,28,77,,79,77,80,81,50,69,76,77,60,85,73,80,75,73,72,84,79,79,76,74,81,78,66,75,69,74,63,55,78,83,79,82,50,46,41,7,15,15,12,8,9,Premier League
J. Grealish,Everton FC,Inglaterra,10,LW,Left,180,31,79,,84,78,77,84,50,71,79,78,68,79,79,89,82,69,70,81,85,83,84,83,81,81,74,84,68,73,62,54,82,78,80,76,49,45,47,15,12,6,15,10,8,Premier League
T. George,Everton FC,Inglaterra,19,"LW, LM",Left,181,20,73,,80,74,74,77,43,65,75,80,64,78,66,84,75,69,64,73,84,77,73,68,75,70,62,68,66,69,58,48,76,75,68,69,40,39,36,6,12,15,12,8,12,Premier League
B. Johnson,Everton FC,Gales,22,"RW, ST",Right,186,25,80,Gales,85,78,78,81,48,77,80,79,73,80,79,81,79,73,72,80,86,85,89,78,78,76,67,79,81,76,67,49,81,78,74,78,48,40,41,6,13,14,6,13,10,Premier League
T. Dibling,Everton FC,Inglaterra,20,RW,Left,178,20,72,,84,70,71,76,44,62,74,71,66,72,68,76,74,65,62,76,82,85,78,67,79,71,61,70,61,69,57,44,69,74,64,68,42,39,40,11,14,6,11,15,15,Premier League
T. Barry,Everton FC,Francia,11,"ST, CF",Right,195,23,79,,80,80,69,78,44,81,68,83,78,73,84,77,67,69,58,81,81,80,76,74,71,81,80,76,86,73,74,40,82,74,78,71,41,39,39,9,13,10,14,8,11,Premier League
K. Scherpen,Ipswich Town,Países Bajos,37,GK,Right,206,26,71,,47,30,42,37,27,52,33,23,31,46,27,25,28,31,46,42,48,46,43,71,48,55,56,43,58,25,47,38,18,47,30,47,24,21,29,68,71,63,71,69,49,Premier League
C. Walton,Ipswich Town,Inglaterra,28,GK,Left,195,30,71,,43,27,40,40,30,54,29,19,28,44,22,30,27,26,45,43,46,40,48,61,50,47,54,47,61,26,45,36,18,48,33,52,28,28,27,70,70,61,66,78,52,Premier League
A. Palmer,Ipswich Town,Inglaterra,1,GK,Right,191,30,67,,42,23,37,35,25,52,19,14,17,47,11,26,24,20,38,38,39,44,39,63,42,48,56,43,57,19,48,32,21,43,26,43,22,27,20,68,65,66,66,68,47,Premier League
D. Button,Ipswich Town,Inglaterra,27,GK,Right,191,37,58,,23,17,27,24,15,43,14,10,16,29,10,10,15,16,34,29,20,25,34,58,35,40,49,33,51,16,32,18,10,38,13,44,15,14,10,59,60,49,58,59,39,Premier League
D. O'Shea,Ipswich Town,Irlanda,26,"CB, RB",Right,189,27,74,Irlanda,71,52,61,64,78,77,55,45,78,64,51,60,57,52,65,64,71,71,64,73,69,69,76,67,82,53,75,76,45,60,56,75,83,73,81,8,11,12,9,13,12,Premier League
J. Greaves,Ipswich Town,Inglaterra,24,CB,Left,193,26,74,,66,54,63,64,78,78,62,49,84,69,53,57,54,51,67,71,69,63,59,79,63,67,82,71,81,55,79,81,49,54,59,72,77,75,80,10,11,8,7,14,7,Premier League
I. Diop,Ipswich Town,Marruecos,6,CB,Right,194,29,75,Marruecos,67,56,60,60,79,79,60,51,80,62,55,56,55,50,68,59,66,68,58,77,64,70,84,72,84,56,74,78,57,52,55,77,79,78,80,7,10,15,7,14,14,Premier League
C. Kipré,Ipswich Town,Costa de Marfil,4,CB,Right,193,29,68,,61,48,56,54,72,72,51,43,74,67,44,48,45,50,54,58,61,61,54,63,57,70,73,68,76,41,69,70,41,49,49,69,71,73,71,13,7,13,15,13,9,Premier League
L. Davis,Ipswich Town,Inglaterra,3,"LB, RB",Left,182,26,78,,86,65,73,73,75,78,78,65,65,75,61,71,75,67,75,72,87,85,80,78,77,67,70,86,76,66,77,78,68,66,59,74,77,75,75,6,11,8,11,9,10,Premier League
A. Ouattara,Ipswich Town,Costa de Marfil,42,"RB, LB",Right,180,20,70,,75,56,65,66,68,70,70,53,65,65,51,65,64,53,69,67,75,75,73,62,69,65,65,73,68,56,70,66,57,60,54,56,66,71,72,12,14,7,14,12,7,Premier League
D. Furlong,Ipswich Town,Inglaterra,2,RB,Right,183,30,71,,78,56,65,71,70,75,69,51,65,67,50,67,65,63,63,76,76,80,75,70,71,65,65,80,73,59,74,68,54,60,54,67,73,71,67,15,15,12,6,13,9,Premier League
Florentino,Ipswich Town,Portugal,12,CDM,Right,184,27,78,,74,69,74,76,78,81,67,64,78,77,61,72,67,66,78,81,74,74,70,75,77,78,79,78,82,76,81,77,69,79,64,77,78,78,76,12,15,14,14,11,11,Premier League
A. Matusiwa,Ipswich Town,Países Bajos,5,CDM,Right,173,28,74,,69,63,70,70,74,75,63,56,66,74,61,68,68,65,72,70,71,68,72,75,73,73,70,75,75,68,75,79,66,71,61,69,74,75,71,15,12,11,9,6,13,Premier League
E. Palacios,Ipswich Town,Argentina,25,"CM, CDM",Right,177,28,75,Argentina,73,69,76,77,66,74,71,63,63,81,69,74,74,73,76,79,73,73,80,72,77,77,66,74,73,74,77,68,69,71,66,78,68,67,59,6,13,6,10,10,15,Premier League
M. Núñez,Ipswich Town,Chile,32,CM,Right,173,26,72,,68,66,73,73,65,68,67,63,62,77,65,77,68,71,73,71,67,69,70,71,71,73,62,77,66,65,64,65,67,74,64,70,64,69,63,15,8,6,6,7,13,Premier League
S. Lukić,Ipswich Town,Serbia,23,CM,Right,182,30,74,Serbia,71,70,73,74,68,69,69,67,66,75,64,74,70,64,76,75,73,70,72,79,74,74,64,78,65,74,69,68,72,72,72,76,70,68,69,11,11,14,13,11,8,Premier League
J. Taylor,Ipswich Town,Irlanda,14,CM,Right,185,28,65,,65,59,67,66,60,65,61,56,57,68,44,64,58,61,70,67,66,65,67,60,66,69,59,72,62,58,67,64,63,72,56,69,59,60,54,14,14,12,15,6,14,Premier League
J. Enciso,Ipswich Town,Paraguay,10,CAM,Right,173,22,77,Paraguay,76,77,77,79,51,68,73,79,60,78,68,79,84,73,76,78,80,73,80,80,80,77,63,73,67,75,66,55,76,81,73,79,52,46,47,7,14,15,10,15,14,Premier League
A. Mehmeti,Ipswich Town,Albania,33,"CAM, CF",Right,180,25,74,Albania,77,74,75,78,45,67,74,73,56,75,65,77,73,79,74,81,80,74,78,73,74,71,67,73,66,79,60,46,76,77,72,77,43,45,40,12,13,7,9,11,6,Premier League
J. Philogene,Ipswich Town,Inglaterra,11,LW,Left,181,24,78,,85,74,78,78,46,71,82,73,68,77,68,81,80,75,77,77,86,85,77,74,73,73,74,78,72,78,59,49,79,79,74,77,41,46,36,11,15,14,11,9,13,Premier League
J. Clarke,Ipswich Town,Inglaterra,47,LW,Left,181,25,75,,82,71,73,80,46,70,74,71,64,78,75,82,75,70,66,80,80,84,76,77,77,71,71,74,71,69,60,46,78,71,67,77,46,41,39,11,12,6,6,7,8,Premier League
D. Maeda,Ipswich Town,Japón,38,"LW, ST",Left,173,28,71,Japón,74,69,70,73,38,62,73,69,60,71,68,68,70,68,65,75,72,76,79,74,77,68,60,71,59,69,59,42,69,70,71,74,35,34,34,10,14,7,12,10,13,Premier League
A. Fatawu,Ipswich Town,Ghana,7,"RW, ST",Left,177,22,74,Ghana,76,75,70,74,42,67,72,78,61,72,65,77,70,67,67,71,78,75,79,71,73,74,67,76,65,73,59,46,75,70,68,66,40,37,38,6,10,15,10,9,11,Premier League
S. Walle Egeli,Ipswich Town,Noruega,8,"RW, ST",Left,182,20,72,,82,72,69,74,42,63,76,74,59,69,61,73,71,62,58,79,81,83,73,66,72,71,61,70,62,70,57,39,74,73,71,65,44,40,32,15,6,7,11,9,8,Premier League
K. McAteer,Ipswich Town,Irlanda,20,RW,Right,177,24,72,,76,70,69,72,42,66,66,71,60,73,68,74,72,62,62,70,83,71,78,66,74,73,60,71,67,65,61,40,73,69,72,66,42,42,29,14,6,9,15,6,7,Premier League
Z. Flemming,Ipswich Town,Países Bajos,9,"ST, LW",Right,185,28,74,,77,76,64,73,39,76,57,81,81,72,73,73,66,64,55,75,80,75,68,80,68,73,77,68,81,69,71,38,84,63,73,76,36,30,33,11,15,8,9,7,7,Premier League
Emersonn,Ipswich Town,Brasil,19,"ST, LW",Right,193,22,70,,70,71,60,70,37,74,54,73,72,67,68,68,63,66,49,74,74,66,66,67,64,72,74,71,79,67,64,34,75,62,72,70,33,35,28,7,6,11,12,12,13,Premier League
C. Akpom,Ipswich Town,Inglaterra,29,"ST, CF",Right,183,30,69,,71,73,61,66,34,70,60,73,69,63,65,65,64,59,55,67,72,70,66,63,64,78,70,64,75,67,63,34,75,65,75,78,31,28,26,10,15,9,9,8,9,Premier League
C. Rushworth,Coventry City,Inglaterra,19,GK,Left,191,25,78,,53,34,47,44,36,61,38,30,35,53,27,31,38,34,44,50,50,56,54,74,61,50,73,55,67,30,52,43,30,52,37,49,35,32,35,75,79,71,80,76,57,Premier League
D. Bentley,Coventry City,Inglaterra,25,GK,Right,193,33,67,,37,26,35,36,26,48,18,19,27,40,18,28,22,24,40,37,39,36,40,65,47,50,53,41,55,22,40,36,14,46,27,48,25,22,19,65,67,61,71,69,44,Premier League
B. Wilson,Coventry City,Inglaterra,13,GK,Right,186,34,63,,30,19,33,27,17,48,21,10,22,36,14,22,19,20,36,23,32,29,35,59,39,37,48,41,55,21,38,28,15,44,22,43,10,15,17,67,60,58,62,68,39,Premier League
B. Thomas,Coventry City,Inglaterra,4,"CB, CDM",Right,186,25,76,,71,57,63,64,80,78,61,51,84,68,54,57,62,57,64,68,70,71,61,75,67,73,82,68,82,54,79,77,52,57,61,77,77,84,75,9,14,15,12,12,12,Premier League
A. Amenda,Coventry City,Suiza,24,CB,Right,194,23,74,,70,56,64,63,75,77,60,49,84,71,49,62,53,54,69,64,65,75,57,74,62,75,70,71,81,56,78,69,51,57,61,71,78,74,75,14,10,10,11,8,7,Premier League
E. Pinnock,Coventry City,Jamaica,2,CB,Left,194,33,74,,64,56,62,64,77,77,58,53,83,65,48,59,53,58,65,69,59,68,60,76,57,71,76,72,80,54,75,77,50,61,53,70,77,73,79,9,11,6,11,9,13,Premier League
J. Latibeaudiere,Coventry City,Jamaica,22,"CB, CDM",Right,180,26,69,Jamaica,65,51,58,60,72,70,56,47,69,66,40,51,49,48,63,67,67,63,55,68,70,67,67,64,71,48,74,77,45,48,48,66,70,71,69,9,15,6,15,12,15,Premier League
L. Woolfenden,Coventry City,Inglaterra,26,CB,Right,193,27,67,,62,50,54,57,73,73,54,45,73,61,46,54,41,51,57,57,61,62,53,70,58,64,72,64,76,49,75,77,41,43,48,70,72,72,73,9,10,15,15,6,10,Premier League
S. Mfuni,Coventry City,Inglaterra,12,"CB, RB",Left,193,18,60,,57,39,49,48,63,64,44,35,64,58,28,42,42,40,52,53,58,57,46,62,43,50,65,50,69,42,67,60,33,40,36,58,58,71,62,8,7,12,10,13,9,Premier League
J. Dasilva,Coventry City,Gales,3,LB,Left,170,28,72,Gales,75,59,67,68,71,70,74,57,59,69,54,67,60,53,65,65,76,74,80,64,82,66,69,77,65,56,72,68,60,63,62,66,71,76,77,11,10,13,6,7,8,Premier League
J. Bidwell,Coventry City,Inglaterra,21,"LB, LM",Left,183,33,67,,71,53,63,66,66,70,69,50,66,63,46,65,64,53,63,66,68,74,70,70,65,63,67,73,69,52,67,65,53,61,51,63,65,66,70,8,15,7,12,9,13,Premier League
M. van Ewijk,Coventry City,Países Bajos,27,RB,Right,175,26,73,,79,60,70,69,71,70,69,55,68,77,53,64,68,56,67,70,82,77,83,68,75,71,70,76,65,62,73,72,63,63,58,71,73,70,71,9,7,12,12,15,11,Premier League
K. Kesler-Hayden,Coventry City,Inglaterra,20,"RB, RM",Right,175,23,67,,69,54,64,64,64,69,65,52,57,66,52,61,58,56,65,64,68,69,72,66,68,57,66,70,71,54,65,63,57,60,51,58,65,65,72,10,12,8,6,14,15,Premier League
M. Grimes,Coventry City,Inglaterra,6,"CDM, CM",Left,178,31,75,,69,64,72,75,75,74,65,59,71,75,56,74,61,67,72,76,72,67,75,83,76,77,70,77,73,67,75,76,65,78,62,76,73,78,75,9,10,12,8,6,14,Premier League
C. Yirenkyi,Coventry City,Ghana,8,"CM, CDM",Right,182,20,72,Ghana,72,67,72,74,64,67,64,67,64,78,56,76,72,63,74,73,71,72,72,69,70,72,67,72,66,66,61,68,66,70,71,76,65,62,56,11,6,7,12,6,11,Premier League
V. Torp,Coventry City,Dinamarca,29,"CM, CDM",Right,178,27,76,,75,71,75,78,68,74,70,71,62,78,67,75,72,73,76,84,77,74,74,72,78,72,67,77,75,73,71,75,67,76,71,79,68,66,63,7,10,15,11,11,13,Premier League
G. Hamer,Coventry City,Países Bajos,38,CM,Right,169,29,75,,73,71,76,74,64,70,72,67,55,81,65,71,72,71,77,76,74,72,80,68,75,78,65,76,68,77,70,70,72,75,67,68,59,67,66,13,10,8,6,11,14,Premier League
J. Eccles,Coventry City,Inglaterra,28,"CM, CAM",Right,181,26,74,,73,68,76,75,66,71,78,65,65,77,65,75,73,66,71,75,75,71,75,75,70,71,66,80,69,72,68,67,64,80,75,71,61,71,64,8,8,11,13,15,9,Premier League
F. Onyeka,Coventry City,Nigeria,16,CM,Right,183,28,72,Nigeria,69,64,72,70,64,66,72,59,66,72,56,68,66,68,71,73,71,67,72,71,70,72,63,67,64,70,70,66,66,74,64,67,66,64,57,8,10,15,14,7,7,Premier League
J. Rudoni,Coventry City,Inglaterra,5,CAM,Left,185,25,75,,76,72,77,78,51,66,73,72,66,81,71,77,76,71,75,81,77,76,78,75,73,69,65,72,63,75,65,50,76,78,73,73,48,52,48,8,13,15,13,12,13,Premier League
Y. Gboho,Coventry City,Costa de Marfil,34,"LW, LM",Left,178,25,74,Costa de Marfil,80,72,73,77,42,67,73,74,62,77,65,77,78,66,68,75,81,80,83,71,79,72,65,75,68,67,56,43,79,72,67,74,42,34,39,13,12,12,13,10,15,Premier League
E. Mason-Clark,Coventry City,Jamaica,10,LW,Left,178,27,74,,82,71,68,80,44,65,71,71,61,69,73,82,71,68,60,80,83,82,80,77,70,70,66,72,64,70,59,42,72,67,70,69,44,41,37,13,11,14,12,15,8,Premier League
L. Tchaouna,Coventry City,Francia,17,"RW, ST",Left,180,23,75,,85,72,73,81,45,70,79,73,58,72,66,84,71,73,68,80,89,81,81,81,76,73,72,74,70,71,62,43,77,71,71,77,46,42,42,7,11,10,7,6,10,Premier League
T. Sakamoto,Coventry City,Japón,7,RW,Left,170,29,70,,76,69,68,73,36,58,65,65,54,72,64,76,66,61,60,69,72,80,78,67,76,71,55,69,56,76,52,43,69,71,66,71,32,33,27,13,14,13,13,10,6,Premier League
S. Chérif,Coventry City,Guinea,49,ST,Right,188,19,70,,76,69,60,67,39,68,55,69,71,65,67,69,62,62,53,66,74,78,65,63,64,74,70,63,71,61,64,39,77,61,67,64,37,32,31,15,11,11,6,13,11,Premier League
H. Wright,Coventry City,Estados Unidos,11,ST,Right,191,28,76,,76,78,67,75,40,79,65,82,79,69,78,75,69,67,63,77,72,80,66,79,69,76,82,68,87,71,70,42,82,69,78,82,34,33,37,11,11,11,15,12,11,Premier League
B. Thomas-Asante,Coventry City,Ghana,23,"ST, LW",Right,182,27,76,Ghana,74,76,68,77,42,74,68,81,74,70,79,77,65,66,60,79,75,73,74,78,68,73,74,68,78,69,70,42,79,70,74,75,39,40,29,7,10,12,11,6,12,Premier League
E. Simms,Coventry City,Inglaterra,9,"ST, CF",Right,191,25,73,,79,75,63,71,40,73,59,77,79,66,73,68,66,66,58,75,76,81,71,75,67,80,74,66,77,66,72,37,76,66,70,70,39,33,27,11,14,7,11,10,7,Premier League
T. Awoniyi,Coventry City,Nigeria,14,"ST, LW",Right,183,29,72,Nigeria,75,73,62,70,37,72,62,73,69,67,77,69,63,61,54,70,72,78,68,72,67,72,73,69,75,71,68,33,79,58,71,77,33,32,37,12,12,15,6,11,8,Premier League
K. Tzolakis,Hull City,Grecia,19,GK,Both,193,23,75,Grecia,50,35,44,39,35,60,34,26,42,51,25,23,31,30,44,44,46,53,52,72,55,60,60,52,69,35,47,43,26,50,43,55,30,35,29,78,76,66,72,75,55,Premier League
J. Butland,Hull City,Inglaterra,1,GK,Right,196,33,71,,40,25,37,39,27,53,23,17,26,42,18,26,22,25,46,42,39,40,48,66,50,46,53,49,58,24,44,34,18,44,33,57,30,20,26,70,71,66,67,72,48,Premier League
D. Phillips,Hull City,Inglaterra,12,GK,Right,188,31,61,,39,20,27,28,18,43,11,13,16,33,10,18,19,11,29,29,36,41,32,63,45,37,48,36,49,23,36,20,16,37,23,49,17,18,16,66,61,51,66,60,35,Premier League
C. Hughes,Hull City,Inglaterra,4,"CB, RB",Right,185,22,70,,64,49,61,63,73,71,56,40,73,69,43,62,51,53,66,64,64,64,62,68,64,70,71,65,75,51,69,76,44,54,53,67,77,69,70,9,11,13,6,13,6,Premier League
L. Herrington,Hull City,Australia,22,CB,Right,193,19,67,Australia,64,48,55,54,73,74,51,41,72,62,40,51,40,47,63,57,66,63,53,61,56,63,66,69,77,50,73,75,43,46,51,60,71,74,69,10,8,13,11,6,14,Premier League
N. Mendy,Hull City,Senegal,32,CB,Left,187,22,69,Senegal,64,50,58,57,72,73,52,41,76,68,45,57,50,47,58,55,61,66,57,66,56,65,75,60,78,54,75,74,46,52,54,66,69,74,71,8,6,11,11,8,9,Premier League
P. McNair,Hull City,Irlanda del Norte,17,"CB, CDM",Right,189,31,71,Irlanda del Norte,65,51,61,56,75,73,57,47,75,70,49,51,53,50,63,58,64,65,57,67,55,63,79,66,76,48,74,72,47,52,51,75,79,72,74,14,14,15,11,10,12,Premier League
J. Egan,Hull City,Irlanda,15,"CB, CDM",Right,185,33,69,Irlanda,59,50,58,58,72,73,54,45,74,66,45,53,44,49,60,59,60,59,60,67,70,61,72,67,74,51,76,66,47,53,54,65,75,74,69,13,10,12,13,14,15,Premier League
S. Ajayi,Hull City,Nigeria,6,CB,Right,193,32,67,Nigeria,57,46,56,53,72,71,52,41,71,64,48,52,49,46,55,52,61,54,51,63,59,62,73,64,76,43,66,71,44,53,46,64,70,75,71,11,8,6,7,12,12,Premier League
R. Giles,Hull City,Inglaterra,3,LB,Left,183,26,73,,80,57,69,71,74,76,73,50,66,73,54,72,69,52,65,71,79,81,73,72,67,68,72,81,73,58,78,73,62,67,66,67,75,74,79,13,14,11,8,8,14,Premier League
M. Targett,Hull City,Inglaterra,23,"LB, RB",Left,183,31,72,,75,57,66,69,70,72,72,51,62,66,56,70,61,58,67,67,74,75,69,72,67,71,67,74,74,58,68,69,56,61,53,77,75,67,70,14,12,14,9,8,9,Premier League
B. Norton-Cuffy,Hull City,Inglaterra,18,RB,Right,181,22,74,,78,62,71,71,72,72,76,60,62,73,56,72,66,53,71,67,76,80,76,71,80,66,68,80,71,63,68,75,62,70,62,71,74,73,69,12,9,7,10,9,10,Premier League
L. Coyle,Hull City,Inglaterra,2,RB,Right,173,30,66,,76,48,60,64,64,61,65,42,61,60,49,62,55,49,68,62,76,76,74,62,68,54,61,72,56,52,59,60,57,54,54,63,64,65,67,13,7,7,13,9,9,Premier League
L. Gourna-Douath,Hull City,Francia,29,CDM,Right,185,23,69,,63,61,65,64,69,71,59,55,69,70,55,61,59,57,63,68,66,61,60,68,60,70,70,74,67,67,76,73,58,68,56,71,67,68,69,9,14,9,6,6,6,Premier League
R. Slater,Hull City,Inglaterra,27,"CDM, CM",Right,171,27,70,,68,60,66,65,71,70,57,56,60,68,51,60,64,58,72,67,68,68,64,73,71,66,65,74,69,66,69,69,65,70,60,71,73,75,70,6,7,7,10,15,12,Premier League
Ó. Zambrano,Hull City,Ecuador,20,CDM,Right,176,22,63,,60,53,62,61,63,68,54,50,57,66,50,61,52,55,65,62,62,58,53,64,63,62,61,76,66,54,67,66,52,65,53,63,62,62,67,14,6,8,6,14,8,Premier League
C. Mouzakitis,Hull City,Grecia,36,CM,Left,180,19,72,Grecia,71,66,74,71,63,72,71,60,62,77,64,69,69,65,79,75,69,72,70,73,72,74,65,78,70,74,70,67,70,69,62,66,65,59,59,10,10,14,10,6,11,Premier League
T. Iroegbunam,Hull City,Inglaterra,42,"CM, CAM",Right,183,23,75,,69,68,77,75,69,72,74,63,68,82,64,74,71,67,75,76,76,64,76,79,75,76,68,82,69,70,68,71,72,79,70,74,66,71,65,7,11,7,10,12,8,Premier League
J. Hjertø-Dahl,Hull City,Noruega,14,"CM, CDM",Both,194,20,70,,67,64,69,69,63,72,65,62,71,72,62,67,68,65,69,73,70,65,67,65,63,68,69,74,74,66,63,62,65,69,64,63,60,63,63,12,7,8,14,12,12,Premier League
H. Morita,Hull City,Japón,5,"CM, CAM",Right,177,31,76,,72,72,75,81,68,74,73,69,62,75,68,86,71,67,77,76,76,68,78,81,82,77,61,82,72,74,73,72,74,78,68,75,68,67,64,13,11,15,14,8,10,Premier League
D. Gyabi,Hull City,Inglaterra,24,CM,Right,196,22,63,,60,60,63,61,55,61,59,55,54,63,58,60,59,58,67,66,57,63,52,61,58,70,60,63,64,62,52,51,61,68,58,63,54,60,53,15,8,13,7,7,9,Premier League
E. Matazo,Hull City,Bélgica,8,CM,Right,170,24,65,,62,58,66,64,57,63,59,54,55,71,55,62,66,62,63,66,63,62,63,63,69,60,51,70,61,63,62,57,67,67,60,65,59,57,54,9,6,15,15,15,15,Premier League
M. Crooks,Hull City,Inglaterra,25,CM,Right,191,32,67,,62,63,69,70,61,70,66,59,65,72,53,71,61,64,72,72,64,61,64,73,65,70,64,74,71,67,65,64,66,66,57,71,59,63,54,9,12,11,15,14,14,Premier League
K. Dowell,Hull City,Inglaterra,26,"CAM, CF",Left,183,28,61,,59,62,60,66,35,55,55,63,47,58,55,69,65,56,60,65,61,58,64,58,61,60,49,62,54,65,50,34,62,70,57,62,39,30,32,15,14,6,9,9,6,Premier League
S. Thomas,Hull City,Gales,7,"LW, ST",Left,185,27,75,Gales,79,73,72,76,43,70,78,71,67,69,72,77,70,61,65,75,80,79,78,75,75,75,69,71,74,72,60,44,75,78,78,76,40,40,36,9,15,6,10,15,14,Premier League
E. Stroud,Hull City,Suecia,21,LW,Left,185,24,74,Suecia,84,75,71,77,43,67,72,80,69,73,68,78,75,65,61,77,84,84,76,73,78,73,67,75,66,67,60,42,74,74,71,71,42,40,34,8,6,12,6,6,10,Premier League
M. Cho,Hull City,Francia,50,RW,Left,182,22,73,,79,69,70,76,46,67,74,67,61,71,69,78,74,63,59,73,82,76,80,70,74,72,66,79,64,68,59,49,75,71,68,74,42,44,42,12,6,6,9,10,15,Premier League
M. Belloumi,Hull City,Argelia,10,RW,Left,177,24,71,Argelia,75,72,72,74,40,64,72,75,60,70,65,73,73,63,69,77,76,74,75,74,72,69,63,70,66,70,52,39,79,78,64,63,38,36,41,15,11,6,14,11,7,Premier League
A. Ömür,Hull City,Turquía,33,RW,Left,168,27,66,,74,66,64,71,36,55,65,67,49,68,64,74,63,59,58,69,73,74,72,66,78,66,52,71,48,66,51,37,68,64,66,62,36,32,30,15,8,15,6,9,13,Premier League
R. Vaz,Hull City,Francia,47,"ST, LW",Right,185,19,70,,73,70,61,66,39,69,61,72,72,66,67,65,61,63,56,64,72,74,71,68,64,70,67,68,71,64,64,38,74,55,69,68,35,34,32,14,11,11,10,9,9,Premier League
J. Gelhardt,Hull City,Inglaterra,11,"ST, CF",Left,179,24,73,,75,74,65,70,43,72,64,74,72,67,69,65,64,66,58,73,77,73,75,76,72,79,78,70,74,69,67,38,82,66,75,79,41,41,32,9,11,10,11,7,9,Premier League
I. Ansah,Hull City,Alemania,28,"ST, CF",Right,197,21,72,,74,77,62,73,37,77,61,80,79,65,75,71,60,68,57,78,76,73,69,78,63,73,80,65,85,73,70,35,77,59,75,69,33,31,30,11,12,6,6,6,12,Premier League
O. McBurnie,Hull City,Escocia,9,"ST, CF",Right,188,30,72,Escocia,71,76,60,70,40,73,58,75,77,62,74,65,62,60,57,76,73,69,69,71,68,76,76,65,77,78,72,35,78,60,80,74,45,30,28,7,15,15,15,9,9,Premier League
