short_name,club_name,nationality_name,club_jersey_number,player_positions,preferred_foot,height_cm,age,overall,seleccion,pace,shooting,passing,dribbling,defending,physic,attacking_crossing,attacking_finishing,attacking_heading_accuracy,attacking_short_passing,attacking_volleys,skill_dribbling,skill_curve,skill_fk_accuracy,skill_long_passing,skill_ball_control,movement_acceleration,movement_sprint_speed,movement_agility,movement_reactions,movement_balance,power_shot_power,power_jumping,power_stamina,power_strength,power_long_shots,mentality_aggression,mentality_interceptions,mentality_positioning,mentality_vision,mentality_penalties,mentality_composure,defending_marking_awareness,defending_standing_tackle,defending_sliding_tackle,goalkeeping_diving,goalkeeping_handling,goalkeeping_kicking,goalkeeping_positioning,goalkeeping_reflexes,goalkeeping_speed,league_name
R. Cruz,Las Palmas,España,32,"RW, RM",Right,166,16,60,,66,58,58,63,29,52,58,59,37,59,54,60,61,51,55,65,69,63,69,59,66,59,46,64,50,51,46,25,68,60,58,60,34,27,24,15,10,11,15,11,10,LaLiga 2
I. Medina,Las Palmas,España,30,RW,Left,180,22,60,,62,56,56,61,28,55,58,55,44,59,52,63,60,54,53,58,64,61,65,61,64,57,53,61,55,60,46,30,63,51,52,62,27,24,22,12,8,6,11,10,9,LaLiga 2
E. Romero,Las Palmas,España,29,ST,Right,188,22,60,,61,56,52,56,28,63,48,54,65,60,58,55,54,55,46,57,63,59,55,65,53,63,58,63,66,52,58,26,66,47,60,59,26,22,24,12,7,9,11,12,12,LaLiga 2
A. Arvelo,Las Palmas,España,29,"RM, RW",Right,173,21,60,,67,54,59,61,41,53,64,53,42,57,55,61,57,53,59,62,63,70,62,56,62,52,50,63,48,58,54,38,58,58,50,59,42,43,39,9,14,8,15,10,11,LaLiga 2
A. Bassinga,Las Palmas,Burkina Faso,26,RW,Right,176,21,63,,67,64,63,67,34,56,71,65,54,65,56,71,64,50,53,64,65,69,68,60,66,60,52,64,52,64,55,33,70,64,64,66,36,28,26,9,6,7,14,10,7,LaLiga 2
I. Jaime,Las Palmas,España,24,"LW, LM, CAM",Left,180,26,69,,77,69,69,72,38,63,74,71,54,68,63,69,71,63,63,76,80,74,72,72,67,70,64,73,61,63,54,38,73,69,68,66,38,35,31,14,7,8,14,12,8,LaLiga 2
S. Ramírez,Las Palmas,España,19,LM,Left,175,31,65,,69,59,64,66,45,56,66,60,53,66,57,65,63,60,61,66,73,66,68,69,65,61,48,65,52,57,57,41,61,63,53,60,52,40,40,7,8,9,10,7,13,LaLiga 2
Jesé,Las Palmas,España,10,ST,Right,178,33,68,,65,69,59,68,37,65,56,73,74,65,66,65,59,55,50,71,64,65,71,72,65,64,67,63,68,63,60,31,72,59,70,74,32,34,33,13,12,14,12,13,14,LaLiga 2
J. Betancor,Las Palmas,España,7,"ST, LM",Left,186,33,67,,62,69,58,67,33,66,54,70,68,63,74,64,61,62,50,71,59,65,69,68,57,68,72,60,72,66,57,31,72,57,68,71,30,26,28,7,15,6,11,7,11,LaLiga 2
A. García,Las Palmas,España,22,"LM, RM, RW",Right,179,23,68,,74,63,67,69,47,63,66,61,53,71,62,68,70,65,63,68,74,74,74,66,68,69,54,66,65,63,57,50,64,66,64,69,45,46,43,14,15,9,13,12,6,LaLiga 2
K. Rodríguez,Las Palmas,España,20,"CM, CDM",Right,180,30,68,,64,65,67,70,60,70,62,67,59,70,56,72,62,64,70,70,58,68,68,69,65,68,65,79,69,63,61,59,65,66,61,71,61,62,55,14,8,14,13,9,14,LaLiga 2
M. Aćimović,Las Palmas,Eslovenia,16,"RW, RM",Left,185,19,57,,72,58,54,60,25,53,56,60,48,55,57,65,55,54,47,60,70,73,56,56,55,55,51,62,50,54,48,28,64,54,53,47,31,13,18,12,6,14,12,15,12,LaLiga 2
M. Fuster,Las Palmas,España,14,"ST, RM, LM",Left,169,28,70,,71,69,60,70,36,65,58,70,62,60,66,70,64,62,54,69,69,72,71,63,72,71,67,66,66,65,63,35,72,66,69,71,33,32,30,15,10,12,11,14,8,LaLiga 2
E. Loiodice,Las Palmas,Francia,12,"CM, CDM, LB",Right,176,25,67,,65,60,68,67,58,60,65,57,56,68,55,69,66,60,73,65,66,65,65,65,66,66,61,66,57,61,61,62,64,70,61,68,58,58,56,12,13,7,14,11,13,LaLiga 2
T. Miyashiro,Las Palmas,Japón,11,"RM, ST, CAM",Right,178,26,72,,74,67,74,74,54,67,73,65,61,80,63,74,73,67,63,75,72,76,76,75,69,69,64,78,62,69,66,57,71,75,64,71,57,50,45,9,14,7,6,11,7,LaLiga 2
J. Recoba,Las Palmas,Uruguay,9,ST,Right,176,22,65,,65,67,55,64,33,62,53,69,64,58,61,61,54,55,53,67,67,63,61,69,61,69,65,64,64,62,56,31,69,53,69,71,31,28,24,10,13,15,13,11,11,LaLiga 2
S. Ruiz,Las Palmas,España,8,"CM, CDM",Right,171,31,68,,63,65,70,68,59,65,66,63,53,70,54,62,62,63,74,72,63,63,71,68,68,69,59,73,61,67,65,60,72,73,63,72,61,59,56,6,15,10,14,15,8,LaLiga 2
I. González,Las Palmas,España,6,"CM, CDM",Left,173,22,62,,61,54,61,62,53,59,57,48,48,64,54,61,61,60,64,63,64,59,62,59,67,64,58,63,57,58,59,53,54,60,58,70,52,55,54,10,10,14,15,15,10,LaLiga 2
E. Cedeño,Las Palmas,Panamá,18,CM,Left,188,23,62,,61,57,63,61,53,59,59,55,60,65,55,55,57,60,65,69,63,59,60,64,53,65,57,62,57,56,61,59,60,64,52,65,49,52,53,14,7,8,11,9,8,LaLiga 2
A. Vázquez,Las Palmas,España,44,RB,Right,175,22,57,,60,44,56,54,53,56,61,43,50,61,35,55,49,40,54,52,60,60,61,54,61,54,53,63,53,40,53,52,47,49,41,49,54,54,56,14,7,6,14,7,10,LaLiga 2
R. Saiah,Las Palmas,Marruecos,42,CB,Right,180,20,61,,60,42,52,49,64,62,47,40,57,60,33,45,44,42,52,51,61,59,51,58,53,54,62,55,63,42,66,65,28,46,42,58,62,66,69,13,6,8,7,11,13,LaLiga 2
A. Perez,Las Palmas,España,40,"CB, CDM",Right,189,20,59,,59,39,48,50,62,60,44,37,59,57,33,46,32,37,54,56,56,62,43,54,48,46,59,55,60,42,69,59,34,41,37,60,63,62,64,14,13,14,9,6,15,LaLiga 2
V. Pezzolesi,Las Palmas,Argentina,25,"RB, RM",Left,174,19,60,,63,48,55,58,58,60,61,43,47,56,44,57,54,39,58,58,64,63,61,52,66,59,53,69,55,51,62,52,50,51,47,54,60,63,59,14,15,7,11,10,7,LaLiga 2
A. Rodríguez,Las Palmas,España,23,LB,Left,190,24,61,,64,46,59,57,60,64,62,41,65,65,43,59,51,45,57,55,61,67,55,59,52,54,64,64,67,49,59,56,45,51,45,57,62,59,61,7,12,7,13,12,12,LaLiga 2
G. Bonfanti,Las Palmas,Italia,21,"CB, RB",Right,187,23,71,,65,49,60,58,76,74,57,42,75,65,50,50,51,48,68,65,67,63,55,68,62,64,76,66,75,53,79,76,44,53,49,69,77,76,74,10,10,15,11,12,13,LaLiga 2
Viti,Las Palmas,España,17,"RB, RM",Right,170,29,68,,72,55,65,64,66,64,64,55,58,74,46,62,59,51,63,64,66,77,69,64,74,59,63,74,58,53,67,67,54,57,56,66,67,65,69,13,10,11,14,12,11,LaLiga 2
J. Herzog,Las Palmas,España,15,CB,Right,186,22,65,,58,47,50,53,68,68,39,43,69,59,39,47,49,50,58,58,58,58,52,58,48,62,66,62,70,44,73,64,40,41,42,64,69,70,65,6,10,13,12,10,15,LaLiga 2
E. Clemente,Las Palmas,España,5,LB,Left,180,27,69,,79,54,65,66,66,67,67,50,59,66,50,67,58,56,65,66,76,81,67,66,68,63,67,75,65,56,64,67,59,63,55,63,67,66,67,7,12,8,14,7,10,LaLiga 2
A. Suárez,Las Palmas,España,4,"CB, RB",Left,179,33,72,,62,50,59,63,76,74,56,42,82,68,43,58,49,52,65,66,63,62,61,71,68,67,70,70,74,54,82,75,45,48,55,66,72,80,69,10,8,6,12,11,15,LaLiga 2
N. Opoku,Las Palmas,Ghana,3,"CB, CDM",Right,190,29,67,,64,49,55,56,73,72,52,44,71,58,37,53,45,46,62,57,62,66,55,65,55,62,73,66,76,50,70,77,48,51,42,64,72,71,74,11,11,10,6,8,11,LaLiga 2
M. Park,Las Palmas,España,2,"RB, RM",Right,177,26,68,,73,53,65,63,66,66,71,46,65,68,49,61,58,57,62,60,74,73,72,66,69,66,67,74,60,56,70,68,55,60,54,67,62,68,64,6,13,6,9,13,9,LaLiga 2
E. Mohedano,Las Palmas,España,43,GK,Right,187,22,61,,37,18,29,25,17,44,16,10,19,35,15,14,12,21,35,27,39,36,36,62,38,36,49,33,51,15,38,30,19,35,28,36,15,11,12,64,56,55,60,62,39,LaLiga 2
J. Valverde,Las Palmas,España,41,GK,Right,187,19,58,,32,17,28,24,16,42,17,10,14,35,10,14,16,13,29,25,35,30,35,46,41,38,44,33,51,14,30,24,10,32,20,34,13,14,13,58,56,52,60,60,35,LaLiga 2
A. Suárez,Las Palmas,España,35,GK,Right,186,21,61,,36,18,30,27,19,44,22,11,22,38,10,18,16,14,31,28,38,34,37,58,39,36,46,35,52,17,35,29,10,33,24,37,16,14,17,63,59,54,62,66,35,LaLiga 2
J. Antonio Caro,Las Palmas,España,13,GK,Right,184,32,67,,37,23,33,34,26,50,22,14,31,39,17,23,17,19,39,38,38,37,41,63,49,47,55,40,57,24,44,33,17,37,24,44,25,20,27,70,61,65,69,72,48,LaLiga 2
O. Sadik,AD Ceuta FC,Marruecos,29,"ST, LW",Right,185,22,67,,64,69,54,64,33,66,53,71,69,57,67,64,59,55,52,64,62,65,64,71,68,68,71,61,71,67,58,32,65,52,65,58,27,29,31,11,11,15,13,7,11,LaLiga 2
U. Konare,AD Ceuta FC,España,27,"ST, LW",Right,184,22,59,,56,60,50,59,27,58,46,63,60,55,56,56,50,48,40,64,55,57,58,56,53,61,65,53,63,54,48,21,62,51,57,61,22,26,21,13,11,9,7,8,15,LaLiga 2
A. Betancourt,AD Ceuta FC,España,26,"LW, LM",Left,177,22,61,,67,60,56,63,32,54,57,62,51,58,55,63,64,55,48,62,68,67,66,67,63,60,51,62,53,58,46,27,58,58,55,62,29,32,27,15,14,14,7,13,10,LaLiga 2
S. Sánchez,AD Ceuta FC,España,25,"RW, ST",Left,175,35,65,,67,66,65,68,33,57,68,68,50,67,66,70,64,58,57,66,67,67,69,68,70,61,55,62,56,68,54,33,68,67,62,65,32,30,27,7,9,10,9,9,8,LaLiga 2
K. Abdoul Koné,AD Ceuta FC,Costa de Marfil,22,"LW, RW, CAM",Right,182,29,68,,74,68,65,71,36,60,64,71,56,70,59,68,65,63,60,75,72,75,76,69,65,67,65,62,60,67,56,34,71,62,60,65,36,33,27,13,7,7,11,8,14,LaLiga 2
K. Obinna Mamah,AD Ceuta FC,Nigeria,21,"RW, LW",Right,182,28,65,,76,64,60,69,35,58,62,65,55,61,66,73,65,58,57,66,76,76,71,62,69,66,62,63,56,58,56,32,67,59,65,58,28,37,32,10,10,6,15,15,6,LaLiga 2
E. Sevikyan,AD Ceuta FC,Armenia,19,RW,Right,175,25,67,Armenia,79,69,67,70,38,58,75,74,56,70,59,69,64,61,58,69,73,84,78,71,71,67,57,69,56,66,50,37,69,64,63,60,40,32,31,8,8,7,7,9,8,LaLiga 2
A. Rueda,AD Ceuta FC,España,16,ST,Right,181,22,60,,63,63,49,56,26,56,47,67,62,52,64,55,54,46,48,57,63,63,54,62,58,65,65,58,54,55,54,22,65,47,54,60,25,22,18,6,10,15,7,11,11,LaLiga 2
C. Teguia,AD Ceuta FC,España,11,"RW, RM",Right,180,25,67,,72,63,67,68,39,62,73,61,59,70,61,68,67,59,55,70,75,70,66,68,68,66,63,69,60,64,58,39,68,67,68,65,38,35,30,14,13,10,14,14,14,LaLiga 2
J. Escobar,AD Ceuta FC,España,9,"ST, CF",Left,186,24,64,,64,66,54,64,34,65,51,70,66,58,65,60,61,51,53,68,65,64,63,66,60,70,67,62,72,54,53,33,70,52,64,69,32,29,21,8,12,9,11,10,6,LaLiga 2
Á. Camacho,AD Ceuta FC,España,7,"LW, RB",Left,171,28,62,,68,60,60,65,31,52,63,59,49,58,62,68,63,57,56,61,72,64,65,65,69,64,47,64,46,56,53,37,64,66,59,61,29,24,27,8,8,7,13,12,7,LaLiga 2
M. Vallejo,AD Ceuta FC,España,30,LW,Left,167,29,60,,68,58,58,59,29,52,63,60,45,59,58,56,65,48,51,60,64,71,63,60,59,57,44,59,51,56,48,30,61,57,55,61,28,25,25,15,13,13,14,7,14,LaLiga 2
Josema,AD Ceuta FC,España,36,CM,Right,178,23,62,,59,54,64,64,56,63,59,51,50,68,46,60,56,57,66,67,64,55,64,63,64,59,55,71,60,57,61,57,55,65,56,70,55,58,56,11,10,7,9,14,15,LaLiga 2
C. Okoro,AD Ceuta FC,Nigeria,32,CM,Right,174,19,61,,59,57,62,61,54,55,57,53,49,64,54,59,59,51,72,65,62,57,55,59,66,63,61,62,53,60,51,60,56,59,52,56,50,57,48,14,10,14,6,11,9,LaLiga 2
A. Romero,AD Ceuta FC,España,31,"LM, LW",Left,179,20,60,,66,56,58,62,44,58,61,59,49,62,47,64,68,53,54,61,66,66,61,59,58,56,51,64,60,55,49,45,55,52,50,53,45,42,36,8,14,7,7,12,6,LaLiga 2
A. Bueno,AD Ceuta FC,España,28,"CDM, CB",Right,179,20,61,,59,53,55,54,62,66,46,49,57,59,41,55,54,54,61,53,59,59,59,54,51,62,56,66,67,57,64,63,56,51,49,56,64,60,63,11,12,10,15,9,9,LaLiga 2
V. Corral,AD Ceuta FC,España,24,CM,Left,179,24,62,,59,59,63,65,56,62,59,57,58,64,51,69,58,51,70,62,58,59,60,57,63,63,58,64,63,60,56,56,60,62,54,65,56,56,53,7,9,8,14,14,11,LaLiga 2
J. Campana,AD Ceuta FC,España,20,CM,Right,179,33,66,,64,60,64,66,60,65,57,55,63,66,54,65,60,63,66,69,62,65,64,70,60,63,60,73,63,68,60,58,66,67,59,62,60,59,59,7,11,12,10,9,15,LaLiga 2
A. Meléndez,AD Ceuta FC,España,20,"CM, CDM",Right,178,27,65,,62,59,66,67,58,64,62,58,56,69,51,63,58,57,67,71,64,61,69,60,70,61,55,73,63,63,57,63,57,66,53,70,57,59,49,6,10,11,6,8,14,LaLiga 2
M. Mensah,AD Ceuta FC,Ghana,17,"CDM, CM",Right,172,22,58,,55,48,56,55,60,55,52,44,51,59,42,52,44,47,59,58,56,55,52,63,54,53,53,52,54,51,62,63,51,57,47,59,56,65,60,6,9,7,12,12,6,LaLiga 2
Joaquín,AD Ceuta FC,España,15,"CDM, CM",Left,182,25,62,,53,51,57,56,64,64,50,48,58,59,46,54,50,53,64,58,51,55,50,61,54,57,56,69,62,54,65,69,47,60,57,67,68,60,59,13,15,13,6,11,12,LaLiga 2
Y. Bodiger,AD Ceuta FC,Francia,14,"CM, CB, CDM",Right,188,31,63,,56,57,65,65,58,63,62,55,58,68,57,66,59,58,63,66,59,53,59,65,59,62,58,68,62,57,60,61,60,67,60,67,58,57,58,13,12,13,13,10,15,LaLiga 2
M. Illescas,AD Ceuta FC,España,10,"CM, CDM",Left,176,25,60,,61,55,61,60,51,58,57,51,46,62,55,59,59,51,63,62,63,59,63,59,56,60,56,58,57,56,60,56,55,65,58,58,47,54,50,14,13,6,15,11,10,LaLiga 2
K. Zalazar,AD Ceuta FC,España,8,"CM, ST, CAM",Left,173,28,60,,55,53,58,60,51,57,54,52,46,63,48,62,56,51,56,56,57,53,66,60,58,57,48,67,53,56,57,55,54,59,45,64,54,49,46,12,6,10,6,9,7,LaLiga 2
Jamelli,AD Ceuta FC,España,12,"CM, CAM",Right,166,33,64,,55,61,65,66,56,58,56,57,50,71,53,63,64,55,64,68,53,56,65,66,66,66,54,68,54,68,54,58,59,66,63,69,59,57,50,13,6,9,15,12,10,LaLiga 2
J. Gomez,AD Ceuta FC,España,36,LB,Left,178,18,60,,68,48,55,56,57,60,62,43,55,56,39,55,51,46,55,56,66,69,62,55,62,56,62,64,59,52,55,54,48,49,51,54,55,61,63,12,9,15,14,14,7,LaLiga 2
D. Mas,AD Ceuta FC,España,34,CB,Right,191,21,60,,55,41,48,48,63,66,43,35,71,56,39,47,39,38,54,47,52,58,48,57,50,58,63,59,69,40,67,61,33,41,38,54,58,66,64,6,6,7,13,10,12,LaLiga 2
Anuar,AD Ceuta FC,Marruecos,23,"RB, CM",Right,173,31,65,,67,48,62,62,62,61,71,45,56,66,47,60,59,46,59,60,68,66,73,68,74,55,61,67,57,46,62,63,51,53,55,62,57,65,67,9,9,11,10,12,8,LaLiga 2
Á. Petxa,AD Ceuta FC,España,18,"RB, RM",Left,180,29,64,,70,49,59,58,63,63,65,45,56,60,46,51,55,54,62,63,71,69,65,59,65,55,59,67,62,53,61,62,54,51,51,61,67,61,65,9,13,11,15,15,7,LaLiga 2
C. Redruello,AD Ceuta FC,España,16,"LB, RB",Left,183,29,64,,70,47,58,61,64,64,60,40,60,61,46,60,55,51,62,63,67,73,64,58,62,56,64,64,66,52,61,62,49,50,48,55,65,66,61,12,13,7,6,9,12,LaLiga 2
C. Hernández,AD Ceuta FC,España,6,"CB, RB",Right,185,36,67,,57,50,53,59,72,69,45,45,71,58,39,53,46,49,64,61,59,56,60,72,55,66,69,60,73,50,72,72,45,46,50,75,71,74,69,9,8,14,6,13,13,LaLiga 2
A. Lapeña,AD Ceuta FC,España,5,CB,Right,182,30,65,,61,45,54,55,67,69,55,39,66,60,42,50,43,43,57,57,59,63,56,66,57,61,65,67,69,46,71,74,35,47,48,62,64,66,69,6,9,12,13,6,8,LaLiga 2
A. Caparrós,AD Ceuta FC,España,4,CB,Right,184,27,62,,62,43,48,53,66,66,43,36,61,55,36,50,41,42,52,55,59,64,53,56,57,61,68,63,67,43,66,71,44,39,40,57,61,70,65,15,14,9,10,9,8,LaLiga 2
J. Matos,AD Ceuta FC,España,3,LB,Left,168,31,66,,69,53,63,65,67,64,68,49,60,66,49,63,58,50,60,65,68,70,67,63,73,60,57,68,61,54,68,70,58,60,51,65,69,67,65,8,10,7,12,13,10,LaLiga 2
T. Abad,AD Ceuta FC,España,2,RB,Right,174,29,61,,64,49,59,58,61,59,67,47,53,61,46,60,54,53,61,53,61,67,63,63,66,60,55,64,56,45,63,63,45,50,42,58,63,60,62,14,15,14,10,15,11,LaLiga 2
G. Vallejo,AD Ceuta FC,España,13,GK,Right,182,31,65,,36,23,34,32,23,50,23,18,26,38,11,21,18,22,39,35,33,38,40,68,42,42,52,42,57,17,42,32,18,42,24,45,18,20,23,68,68,57,62,63,41,LaLiga 2
P. López,AD Ceuta FC,España,1,GK,Right,187,31,64,,36,22,34,29,23,49,17,12,21,40,14,18,24,18,33,28,39,34,38,61,45,45,55,43,55,24,39,31,10,46,24,51,25,17,17,69,64,59,62,65,45,LaLiga 2
A. Akabou,AD Ceuta FC,Francia,33,GK,Left,185,19,58,,35,16,28,24,17,39,15,10,14,37,10,13,12,11,29,26,43,29,34,51,38,34,43,34,44,14,31,26,10,31,12,35,17,13,18,60,60,50,56,61,35,LaLiga 2
B. Diocou,Tenerife,España,26,"LW, ST",Right,173,21,63,,72,59,62,65,33,54,65,58,51,61,58,67,65,57,57,63,72,72,67,65,67,64,50,59,55,55,44,34,61,65,55,60,33,32,20,15,13,11,6,11,8,LaLiga 2
G. Ranos,Tenerife,Armenia,22,ST,Right,180,23,62,,65,63,50,58,30,62,51,65,67,51,62,53,52,49,40,60,66,64,63,65,58,62,63,59,67,59,55,31,66,53,63,57,27,23,20,14,9,12,10,11,8,LaLiga 2
E. Gallego,Tenerife,España,18,ST,Right,187,40,67,,56,70,57,65,34,68,53,77,72,61,65,61,61,54,52,66,56,56,69,74,62,71,70,61,74,58,61,34,66,57,65,69,31,26,25,7,7,15,6,8,15,LaLiga 2
C. Gomis,Tenerife,Senegal,17,"ST, CAM",Right,184,26,66,,63,66,58,67,34,66,59,70,70,59,65,64,54,54,54,72,64,63,62,65,60,62,67,64,70,61,59,30,64,59,70,70,37,26,24,14,12,8,6,13,7,LaLiga 2
N. López,Tenerife,España,11,"RW, RM",Right,169,23,60,,67,60,58,66,33,51,60,58,50,61,60,66,58,48,50,66,65,69,74,59,66,64,49,55,49,62,52,32,64,58,60,62,31,30,33,6,6,11,13,12,7,LaLiga 2
J. de Miguel,Tenerife,España,9,ST,Right,189,30,67,,71,70,55,68,34,68,53,73,70,56,65,69,60,58,50,66,70,71,65,70,64,73,71,63,74,61,61,35,77,56,62,73,30,30,24,6,11,9,14,14,8,LaLiga 2
V. Moreno,Tenerife,España,8,"LM, ST, RW",Left,174,21,62,,67,56,59,62,45,56,63,53,45,60,55,66,61,56,53,54,68,66,70,59,67,58,48,62,54,60,56,46,62,58,63,60,44,46,40,10,14,12,10,7,9,LaLiga 2
M. Pečar,Tenerife,Eslovenia,7,"ST, LW",Right,175,24,64,,65,64,55,63,32,59,50,65,62,59,63,63,53,50,52,62,66,65,67,61,56,67,64,59,59,55,60,27,70,58,65,64,32,30,22,13,7,10,13,10,6,LaLiga 2
A. Manjam,Tenerife,España,13,LW,Left,177,24,63,,70,58,63,64,30,54,66,56,51,63,54,62,66,52,55,65,72,68,68,57,66,61,51,64,52,56,46,34,65,70,62,64,26,22,32,7,7,11,9,10,15,LaLiga 2
D. Fernández,Tenerife,España,29,RM,Left,175,18,58,,65,52,59,55,40,53,57,52,41,63,43,53,59,52,58,55,67,64,62,52,64,52,48,63,48,52,53,43,60,55,55,53,36,42,35,15,7,13,6,13,11,LaLiga 2
I. Chapela,Tenerife,España,24,"RM, LM",Right,181,27,64,,68,61,60,65,43,60,63,60,43,60,54,66,71,57,62,65,71,66,60,62,65,64,59,70,58,62,54,44,61,55,57,63,42,44,45,12,12,8,10,14,15,LaLiga 2
A. Krdžalić,Tenerife,Bosnia-Herzegovina,23,"CM, CAM",Right,180,22,59,,56,53,61,58,53,57,58,50,49,66,52,59,51,54,62,58,57,55,56,60,58,57,47,61,57,58,55,56,57,59,48,58,51,55,49,13,11,9,6,7,15,LaLiga 2
M. Pittón,Tenerife,Argentina,20,CM,Right,181,32,73,,64,69,75,76,64,74,71,67,61,77,60,76,69,69,80,77,70,60,74,72,70,74,71,76,74,73,70,66,69,76,66,77,61,67,68,8,15,7,13,10,13,LaLiga 2
J. Álvarez,Tenerife,España,16,"CDM, CM",Right,180,26,64,,58,54,61,62,66,67,55,51,61,68,47,58,53,54,64,66,59,57,57,69,59,56,66,69,65,57,68,64,62,58,53,64,68,68,65,12,14,10,7,13,13,LaLiga 2
Fabricio,Tenerife,Brasil,15,CM,Right,180,28,62,,61,58,63,60,54,58,57,53,61,64,52,59,62,59,63,61,60,61,61,66,57,60,53,66,55,66,59,57,58,67,61,62,53,50,53,15,12,9,15,10,10,LaLiga 2
G. Valentín,Tenerife,España,14,"RM, RW",Left,176,33,66,,68,58,66,68,47,60,68,56,52,66,60,71,67,57,64,65,65,70,70,65,72,65,51,67,57,55,61,47,64,67,62,61,47,46,47,14,12,11,9,14,13,LaLiga 2
N. Gil,Tenerife,España,10,"LM, LW",Left,165,31,64,,67,59,65,66,42,54,65,59,47,69,57,65,63,53,64,65,65,69,72,66,66,61,55,63,47,59,59,48,64,63,56,64,37,43,40,15,11,10,9,13,7,LaLiga 2
Juanjo,Tenerife,España,6,"CM, CDM",Right,178,26,65,,65,59,65,66,58,65,63,56,58,64,60,67,62,55,64,65,63,66,66,61,66,64,52,64,68,60,63,65,59,71,57,71,56,58,51,10,9,6,14,15,6,LaLiga 2
N. Viereck,Tenerife,Países Bajos,27,"CB, CM",Right,195,22,59,,54,39,46,46,62,64,41,36,65,53,30,40,37,35,50,51,53,55,44,58,40,51,62,56,69,37,62,59,33,39,40,59,63,65,58,13,7,12,7,10,6,LaLiga 2
M. Mateu,Tenerife,España,21,"LM, RM",Right,180,36,65,,64,62,64,67,47,60,70,64,52,64,57,69,67,63,57,64,62,66,67,65,70,63,62,70,57,59,53,50,62,62,58,70,46,46,43,15,9,11,15,8,11,LaLiga 2
C. Álvarez,Tenerife,España,19,RB,Left,178,23,64,,67,49,59,60,59,64,58,44,53,63,52,58,56,53,61,60,67,67,67,65,65,60,61,71,60,46,64,57,55,55,45,60,63,56,62,7,14,15,11,15,10,LaLiga 2
A. Landázuri,Tenerife,Ecuador,12,CB,Left,179,29,64,,56,40,51,56,68,66,50,32,63,57,43,53,43,46,52,57,57,56,56,61,57,58,69,59,70,40,66,66,38,43,42,65,70,71,66,8,13,8,9,8,14,LaLiga 2
J. Moreno,Tenerife,España,5,"CB, RB",Right,184,25,64,,57,44,53,54,67,64,51,41,61,59,39,50,44,43,53,58,58,56,49,62,53,58,73,56,68,39,63,58,37,48,51,69,72,69,68,14,14,6,8,8,8,LaLiga 2
J. Leon,Tenerife,España,4,CB,Left,181,31,63,,57,43,50,52,67,65,48,37,67,55,38,45,44,44,53,56,59,55,56,63,51,57,67,59,68,46,66,71,37,45,47,64,62,71,66,6,7,14,13,8,14,LaLiga 2
R. Jureškin,Tenerife,Croacia,3,"LB, LM, LW",Right,188,26,61,,65,48,57,59,62,62,61,45,57,62,43,60,51,45,53,57,66,65,60,60,66,58,58,57,67,45,56,64,50,50,48,60,61,63,66,12,10,11,10,13,14,LaLiga 2
D. Rodríguez,Tenerife,España,2,LB,Left,175,26,63,,69,50,58,61,60,61,62,49,55,63,43,57,55,53,54,63,70,69,65,64,68,53,60,65,59,49,62,63,50,51,48,59,60,60,62,12,7,7,10,14,7,LaLiga 2
G. Lozano,Tenerife,España,40,GK,Left,191,22,62,,39,18,31,28,22,45,20,10,19,36,14,13,17,13,31,33,39,39,37,62,41,44,51,36,52,11,38,29,12,39,26,45,21,19,20,64,63,50,67,64,41,LaLiga 2
D. Martín,Tenerife,España,1,GK,Right,187,28,66,,42,21,34,33,23,52,20,13,25,37,13,21,25,18,35,35,41,43,41,63,50,45,55,47,60,18,39,31,15,46,24,46,23,18,19,69,67,61,68,64,44,LaLiga 2
X. Fernandez,Real Sociedad B,España,38,"RW, ST",Right,174,18,59,,68,57,58,60,30,51,62,57,40,57,55,61,61,57,55,57,64,71,68,56,63,57,47,56,49,55,49,35,63,59,54,51,31,23,24,14,10,12,8,14,15,LaLiga 2
A. Adjabeng,Real Sociedad B,Ghana,34,RW,Left,179,20,60,,68,57,58,61,32,52,60,53,47,62,60,61,56,54,50,63,67,69,63,57,61,62,53,54,51,61,50,30,60,56,56,56,33,30,21,14,7,9,10,8,15,LaLiga 2
S. Osazuwa,Real Sociedad B,España,20,LW,Right,193,19,60,,70,58,58,60,30,55,59,57,55,60,56,63,53,55,54,57,65,75,64,55,59,58,56,62,56,61,44,34,61,59,63,57,27,24,27,14,10,9,10,6,11,LaLiga 2
J. Soroeta,Real Sociedad B,España,19,"RW, ST",Right,165,21,59,,65,58,59,63,26,50,62,59,43,60,51,65,56,53,55,61,61,68,66,56,70,59,53,58,46,57,47,27,59,58,53,59,25,22,24,8,13,6,14,7,9,LaLiga 2
G. Carrera,Real Sociedad B,España,18,ST,Right,175,21,68,,69,68,57,69,34,63,52,72,66,61,66,66,58,61,55,73,68,69,71,69,72,65,67,66,64,63,54,38,67,56,72,63,29,29,27,13,10,11,15,12,8,LaLiga 2
E. Orobengoa,Real Sociedad B,España,9,LM,Right,172,22,61,,68,56,61,61,41,56,61,54,41,65,53,60,63,58,60,61,70,67,66,58,65,56,50,66,52,60,57,40,58,54,54,55,44,39,44,13,6,13,12,6,6,LaLiga 2
D. Díaz,Real Sociedad B,España,7,"RW, RM, ST",Left,167,20,68,,78,66,68,69,39,57,73,67,49,70,61,68,68,63,60,71,82,75,75,63,71,67,58,73,48,62,59,39,69,65,64,59,44,34,33,9,15,10,11,9,12,LaLiga 2
O. Telletxea,Real Sociedad B,España,31,CAM,Right,180,17,58,,61,56,60,61,30,52,58,53,41,62,55,62,60,58,57,64,64,58,56,57,55,58,51,57,55,59,40,36,59,61,57,60,29,26,26,14,10,10,6,12,11,LaLiga 2
J. Eceizabarrena,Real Sociedad B,España,21,"CAM, LM, CM",Left,179,21,59,,61,59,58,62,31,52,53,59,49,61,54,65,60,60,59,58,59,62,66,60,61,57,51,56,51,61,49,31,64,56,61,61,29,29,27,12,9,9,6,7,13,LaLiga 2
L. Astiazarán,Real Sociedad B,España,17,"RM, RW, LW",Right,178,20,61,,65,55,58,60,44,54,61,52,48,59,56,65,64,52,54,55,66,64,64,57,59,58,50,65,49,56,55,42,61,57,55,50,47,42,41,14,12,9,12,11,8,LaLiga 2
G. Gorosabel,Real Sociedad B,España,16,"CAM, CM, CDM",Right,176,20,65,,71,63,69,68,38,56,65,63,44,72,70,67,66,64,67,70,73,69,68,60,68,64,57,63,55,59,50,37,66,69,63,67,41,37,32,7,10,12,13,10,9,LaLiga 2
T. Carbonell,Real Sociedad B,España,14,"CM, CDM",Right,172,21,65,,64,60,63,65,56,62,62,54,58,65,60,62,59,58,59,67,64,64,65,65,71,66,55,64,63,67,59,54,68,68,59,67,57,55,55,15,9,11,6,14,10,LaLiga 2
J. Oleaga,Real Sociedad B,España,12,CDM,Right,182,20,59,,58,49,56,53,59,63,43,44,59,63,44,51,47,52,60,56,59,57,52,53,53,59,58,62,64,51,65,59,52,56,47,57,56,60,61,9,8,6,13,15,8,LaLiga 2
I. Aguirre,Real Sociedad B,España,8,"CDM, CM",Right,182,19,64,,61,56,65,60,64,64,54,54,61,73,48,59,52,56,64,63,57,65,53,58,57,61,60,69,59,59,72,64,59,67,49,57,66,65,63,13,9,9,8,10,10,LaLiga 2
A. Lebarbier,Real Sociedad B,Francia,6,CM,Left,176,22,65,,54,60,65,69,58,59,60,56,60,69,51,66,64,58,64,74,53,55,72,67,66,69,60,67,56,60,57,66,65,68,61,64,51,60,56,11,7,7,14,14,12,LaLiga 2
P. Larranaga,Real Sociedad B,España,30,RB,Left,181,17,59,,64,43,56,55,57,59,59,38,53,60,40,56,52,48,58,53,62,65,59,51,62,51,59,62,56,44,61,60,48,49,45,53,57,56,60,14,8,15,7,15,14,LaLiga 2
I. Ropero,Real Sociedad B,España,29,CB,Right,185,20,59,,52,40,48,47,63,62,45,31,55,55,37,46,42,41,49,46,49,54,47,53,57,59,64,55,63,41,66,61,36,41,38,53,62,69,63,13,11,8,15,12,12,LaLiga 2
E. Astigarraga,Real Sociedad B,España,27,"LB, RB",Left,174,22,57,,60,42,50,55,54,51,55,41,49,52,40,50,49,47,50,59,62,59,65,52,58,48,58,58,45,41,57,53,41,44,38,52,52,57,55,6,7,12,14,8,15,LaLiga 2
B. Isasa,Real Sociedad B,España,26,CB,Right,180,17,58,,54,40,46,45,62,60,40,36,60,55,36,43,38,40,48,44,53,55,51,51,47,57,57,53,64,36,58,64,27,37,35,51,66,58,59,11,9,15,13,14,6,LaLiga 2
U. Ayo,Real Sociedad B,España,24,CB,Right,188,19,58,,57,39,47,49,60,60,40,32,59,55,31,46,40,37,54,54,53,60,45,50,45,54,60,53,64,42,61,56,34,41,37,54,60,62,63,14,15,12,7,10,8,LaLiga 2
U. Agote,Real Sociedad B,España,23,"LB, RB",Right,170,23,59,,61,44,55,59,55,59,64,40,51,59,43,57,46,44,53,60,62,61,62,62,65,52,51,70,55,46,58,57,47,47,41,46,52,56,57,14,6,8,7,6,10,LaLiga 2
I. Rupérez,Real Sociedad B,España,22,"RB, RM",Right,177,23,61,,68,46,58,60,59,58,69,41,53,58,42,64,57,43,52,57,67,69,59,55,65,57,56,65,55,45,58,56,53,53,47,58,59,62,59,10,11,11,11,13,8,LaLiga 2
I. Calderón,Real Sociedad B,España,15,CB,Right,190,20,61,,58,38,49,48,65,66,48,32,65,54,42,42,41,46,56,52,56,60,50,56,52,53,64,59,69,36,67,66,33,37,33,57,68,64,61,13,14,8,13,13,12,LaLiga 2
K. Kita,Real Sociedad B,Japón,5,CB,Right,189,21,65,,54,44,54,52,70,72,51,36,71,62,34,44,41,43,60,57,55,53,51,64,56,62,62,67,76,47,70,67,43,43,48,60,74,70,64,10,10,6,11,12,12,LaLiga 2
J. Balda,Real Sociedad B,España,3,"LB, LM, CB",Left,174,24,68,,77,56,64,68,63,65,68,51,63,66,49,68,61,55,63,67,73,81,72,70,74,70,62,67,66,56,61,60,61,60,49,64,62,65,68,12,10,10,6,6,12,LaLiga 2
J. Garro,Real Sociedad B,España,2,RB,Left,175,21,60,,64,46,57,59,57,60,59,45,50,59,42,58,48,49,54,59,64,64,59,60,60,53,55,67,57,41,59,54,47,58,47,59,52,64,60,11,14,15,13,8,7,LaLiga 2
L. Olasagasti,Real Sociedad B,España,32,GK,Right,192,22,59,,36,19,27,25,18,41,19,10,23,31,10,16,16,12,27,26,37,36,34,49,38,42,45,33,47,18,37,19,10,35,22,42,15,20,10,61,60,54,59,65,37,LaLiga 2
T. Folgado,Real Sociedad B,España,13,GK,Left,181,21,58,,30,18,27,25,17,41,13,10,15,33,13,13,17,14,35,30,30,30,31,51,39,44,49,33,47,15,33,25,10,31,19,39,16,16,10,60,60,47,63,62,40,LaLiga 2
S. El Haddadi,Leganés,Marruecos,32,ST,Left,175,20,60,,63,58,49,57,30,60,47,59,63,52,57,56,50,47,46,56,61,65,62,56,59,58,57,52,64,56,59,31,62,49,63,59,25,25,20,7,6,13,7,8,14,LaLiga 2
Á. Morata,Leganés,España,21,ST,Right,189,33,78,,75,81,67,76,44,78,62,84,84,71,74,82,74,73,61,73,78,72,70,79,65,87,80,73,84,71,71,40,81,68,79,78,42,37,35,9,9,10,11,8,8,LaLiga 2
P. Soko,Leganés,Camerún,19,"ST, CF",Right,176,28,66,,69,65,57,64,31,61,58,66,66,59,67,62,56,58,51,68,71,68,61,66,55,65,63,59,64,61,57,27,66,56,60,65,25,28,28,11,10,14,11,15,14,LaLiga 2
A. Campos,Leganés,España,18,"CDM, CB",Left,178,24,60,,54,51,58,54,62,65,50,45,55,62,46,51,55,47,63,56,53,54,53,60,53,57,60,67,64,60,67,61,50,59,51,61,65,63,54,12,10,10,6,7,10,LaLiga 2
U. del Cura,Leganés,España,16,"ST, CAM",Left,182,21,60,,62,62,49,58,30,59,50,64,64,51,66,57,53,49,43,60,64,61,52,63,59,62,60,59,62,57,50,27,63,46,58,59,29,26,20,10,7,14,8,12,10,LaLiga 2
D. Rodríguez,Leganés,España,14,"LW, CM, CAM",Left,177,38,66,,61,68,64,68,35,57,65,72,53,66,62,73,71,61,56,60,60,62,71,68,75,67,58,65,57,61,47,31,69,66,65,63,35,33,35,15,13,6,7,7,10,LaLiga 2
Á. Millán,Leganés,España,9,ST,Right,182,26,62,,64,63,52,60,26,63,49,66,65,55,64,63,53,56,43,58,65,64,59,60,58,60,63,58,67,61,58,20,63,56,57,63,22,22,22,9,6,10,11,7,11,LaLiga 2
J. Herrero,Leganés,España,33,CDM,Left,174,21,60,,58,52,58,58,60,57,46,50,53,67,45,54,53,48,61,59,54,61,61,63,60,58,54,62,52,52,62,61,53,56,56,61,61,63,58,14,6,13,10,13,12,LaLiga 2
A. Diawara,Leganés,Guinea,24,"CM, CDM",Left,184,29,65,,65,61,67,65,58,65,62,57,56,69,59,65,58,58,72,68,63,67,56,64,64,68,59,72,65,62,59,56,61,68,57,65,62,59,53,12,14,13,7,12,14,LaLiga 2
Á. Sancris,Leganés,España,22,"LM, RW",Left,181,29,68,,72,62,67,68,50,59,72,60,56,65,59,71,70,62,67,63,72,72,73,67,67,63,56,71,55,63,56,52,67,64,70,63,48,49,45,11,8,11,6,6,8,LaLiga 2
M. Atienza,Leganés,España,20,"CM, CDM",Right,184,27,65,,61,58,66,64,56,64,59,55,53,69,56,61,64,64,69,68,60,61,66,68,63,59,64,63,67,64,60,56,65,67,61,63,52,61,55,15,7,7,7,15,10,LaLiga 2
I. Gharbi,Leganés,Túnez,17,"CAM, CM, ST",Right,173,22,74,Túnez,79,77,79,78,47,64,77,79,55,81,69,79,83,74,76,77,81,77,76,75,80,73,58,70,60,79,66,50,75,82,71,73,48,43,44,14,10,7,14,15,10,LaLiga 2
N. García,Leganés,España,11,"LW, LB, LM",Left,180,24,63,,69,63,62,67,31,57,66,67,47,64,62,69,62,61,55,65,71,67,74,59,59,62,59,63,59,56,46,35,62,60,64,59,25,31,26,13,11,15,8,11,6,LaLiga 2
Z. Buurmeester,Leganés,Países Bajos,10,"CDM, CM",Left,182,24,66,,60,58,63,62,67,66,56,54,59,68,49,60,64,56,63,67,58,62,56,64,61,64,68,67,65,64,66,70,53,62,55,63,66,69,66,14,10,6,9,14,9,LaLiga 2
Y. Kechta,Leganés,Marruecos,8,"CM, CDM, CAM",Right,174,24,71,,66,66,70,73,62,67,66,65,65,69,61,70,68,65,77,76,68,64,74,67,74,69,60,71,66,68,64,67,69,72,58,76,56,64,62,15,8,8,14,10,9,LaLiga 2
S. Mulumba,Leganés,Uganda,36,"LB, LM",Left,176,20,61,,70,49,58,57,58,59,60,46,50,60,47,60,55,47,58,52,70,70,64,56,64,59,59,64,58,50,57,58,45,54,46,57,59,61,58,13,6,6,8,6,9,LaLiga 2
M. Leiva,Leganés,España,36,"RB, LB",Left,185,21,62,,68,48,60,60,61,62,67,45,59,63,45,60,49,52,61,58,64,71,67,61,59,53,61,65,63,51,58,56,49,50,45,54,61,64,60,15,15,12,6,10,13,LaLiga 2
Á. Fita,Leganés,España,28,LB,Left,179,19,62,,66,49,57,60,61,62,59,45,54,61,42,62,48,49,58,57,64,68,62,55,67,61,58,68,61,51,56,60,46,53,45,56,62,62,65,9,13,12,8,7,10,LaLiga 2
Á. Tejero,Leganés,España,23,"RB, LB, LM",Right,174,30,70,,73,54,67,66,69,65,72,49,68,70,52,65,56,58,69,62,74,73,72,70,76,64,66,77,58,56,67,68,60,60,54,70,64,71,78,11,7,10,14,15,9,LaLiga 2
E. Franquesa,Leganés,España,15,LB,Left,174,29,65,,71,54,61,62,63,63,60,49,58,67,43,60,57,54,59,62,67,74,70,66,67,66,59,70,59,57,63,59,47,54,52,60,65,67,61,12,15,6,6,10,15,LaLiga 2
R. Pena,Leganés,España,7,"RB, RW, LW",Left,170,35,63,,61,48,58,59,63,57,57,45,52,67,50,58,49,49,58,55,60,61,66,66,69,53,56,66,52,50,57,62,55,49,48,61,65,66,64,9,12,12,7,13,8,LaLiga 2
L. Aguilar,Leganés,España,6,"CB, RB",Right,188,24,66,,63,46,55,58,69,68,55,42,65,60,36,55,48,48,63,63,60,66,47,63,62,61,71,71,68,46,64,71,40,46,45,64,66,71,68,15,10,12,8,15,14,LaLiga 2
I. Miquel,Leganés,España,5,CB,Right,189,34,66,,57,46,56,55,70,70,53,40,69,64,38,53,46,44,60,53,55,58,59,69,60,58,68,66,71,49,75,69,38,48,46,59,67,74,66,11,14,8,14,9,11,LaLiga 2
R. Pulido,Leganés,España,4,"CB, RB",Right,184,26,61,,57,43,50,52,67,62,49,39,59,56,30,51,38,43,55,52,57,57,52,62,47,58,64,58,64,41,62,69,40,39,39,60,70,67,63,14,9,13,14,7,7,LaLiga 2
F. Montero,Leganés,España,3,CB,Right,180,27,64,,56,43,53,51,67,63,55,35,64,63,37,46,43,40,51,53,53,58,51,55,57,59,59,61,62,45,67,66,40,39,47,60,71,66,66,14,15,12,13,7,12,LaLiga 2
Marvel,Leganés,Marruecos,2,"CB, LB",Right,181,23,66,,59,46,50,58,68,66,50,40,66,55,40,52,44,45,56,66,60,59,52,64,55,59,69,65,67,48,66,70,43,42,47,62,67,69,62,15,15,6,7,10,10,LaLiga 2
A. Gorrín,Leganés,España,38,GK,Left,190,24,63,,39,18,28,31,20,48,13,10,22,33,13,22,11,12,35,33,38,40,35,58,40,40,54,31,58,14,43,26,16,36,24,45,17,18,19,62,62,57,65,67,44,LaLiga 2
L. Zidane,Leganés,Argelia,13,GK,Right,183,28,64,,40,22,35,29,22,48,24,15,17,41,20,15,19,16,40,33,32,46,41,54,46,44,54,41,55,19,36,29,14,42,26,43,21,22,12,67,61,58,63,74,42,LaLiga 2
R. Fernández,Leganés,España,1,GK,Right,196,38,67,España,31,21,36,31,26,47,19,11,24,41,18,18,17,19,42,35,29,33,44,62,49,46,56,44,51,17,40,34,17,47,31,41,26,22,24,67,67,53,69,66,51,LaLiga 2
V. Silva,Celta Fortuna,Guinea-Bisáu,28,"RW, LW",Right,175,17,59,,65,58,58,63,29,49,62,58,44,60,54,64,61,50,53,63,67,64,62,57,66,61,50,62,46,52,42,34,69,54,54,53,30,21,27,15,6,9,11,10,13,LaLiga 2
J. Perez-Lafuente,Celta Fortuna,España,26,ST,Left,184,18,60,,62,63,48,60,27,59,48,65,60,50,58,59,50,52,42,66,61,63,54,56,56,64,61,48,67,57,50,27,71,50,61,55,23,23,20,7,13,7,12,7,8,LaLiga 2
A. Davila,Celta Fortuna,España,19,ST,Right,186,19,60,,63,61,49,58,26,59,49,62,67,51,66,59,57,49,45,59,63,63,51,58,54,60,62,56,63,58,53,24,66,48,59,56,22,21,19,9,7,12,10,12,13,LaLiga 2
A. Kibet,Celta Fortuna,Kenia,15,RW,Right,173,19,60,,71,61,58,63,29,52,69,59,40,58,59,64,59,54,50,62,70,71,67,57,64,62,51,57,52,63,44,33,64,55,58,53,27,25,25,8,10,6,11,9,15,LaLiga 2
Á. Arcos,Celta Fortuna,España,11,"LW, LM",Right,175,20,59,,67,58,56,64,28,51,61,56,46,56,52,67,58,52,51,63,66,67,68,54,60,64,46,58,48,57,52,29,66,54,55,56,24,27,21,9,15,9,12,6,10,LaLiga 2
O. Marcos,Celta Fortuna,España,10,"RW, RM",Left,172,20,62,,69,62,62,59,31,50,63,64,50,64,57,59,60,52,58,56,70,69,67,60,70,68,48,61,48,53,44,28,64,65,61,59,35,25,28,15,11,13,13,13,7,LaLiga 2
Á. Marin,Celta Fortuna,España,9,ST,Left,187,23,63,,66,70,49,63,30,63,44,76,67,52,63,61,58,53,44,65,69,63,63,63,61,71,69,59,67,61,57,28,67,50,61,68,24,27,23,8,7,11,10,12,14,LaLiga 2
A. Antañón,Celta Fortuna,España,8,"RW, CM",Left,183,19,61,,71,60,61,64,30,54,65,57,49,63,61,67,67,56,49,64,73,70,68,56,59,62,55,59,55,61,44,29,68,63,57,55,32,26,20,7,14,14,10,15,14,LaLiga 2
B. Somuah,Celta Fortuna,Ghana,7,ST,Right,190,20,60,,64,57,50,58,29,60,47,55,64,54,60,60,57,49,45,58,61,67,52,58,54,60,66,52,66,55,54,26,65,50,58,64,28,23,25,6,13,12,6,8,6,LaLiga 2
H. Lopez,Celta Fortuna,España,32,CM,Right,179,17,57,,54,53,57,61,47,54,56,50,52,60,49,62,55,59,53,66,58,50,53,54,56,54,53,65,52,59,48,47,60,55,50,52,42,52,45,7,10,14,11,10,11,LaLiga 2
M. Sobral,Celta Fortuna,España,29,CM,Right,184,17,57,,59,52,56,56,47,55,52,47,54,58,45,54,53,49,58,59,58,59,56,52,56,59,48,58,52,59,61,48,52,59,56,57,44,46,48,8,12,9,14,7,13,LaLiga 2
N. Rodriguez,Celta Fortuna,España,27,CM,Right,174,18,58,,55,55,62,58,52,56,58,54,48,68,47,57,53,54,60,58,53,56,60,53,59,55,49,63,53,60,54,55,51,60,49,59,50,55,47,12,12,13,6,13,11,LaLiga 2
G. Milla,Celta Fortuna,Camerún,23,RM,Right,168,20,60,,64,54,59,62,42,55,60,53,41,60,51,63,63,54,54,63,60,67,65,55,64,53,50,62,53,57,51,40,55,60,53,53,45,40,43,8,11,7,6,12,9,LaLiga 2
J. López,Celta Fortuna,España,18,LM,Right,179,24,65,,72,64,64,66,46,59,71,65,53,66,60,63,66,62,56,68,75,69,68,62,64,62,53,69,56,68,57,51,63,61,59,68,43,44,43,10,12,9,12,14,10,LaLiga 2
H. Cuenca,Celta Fortuna,Paraguay,17,RW,Right,183,21,61,,68,58,58,63,29,53,55,56,44,62,60,66,57,52,49,59,70,67,70,60,61,64,53,57,54,57,45,30,63,60,55,61,27,27,25,12,8,9,14,8,9,LaLiga 2
A. Capdevila,Celta Fortuna,España,16,"CM, CDM",Left,177,22,62,,59,59,62,62,53,59,61,59,49,61,50,64,59,55,63,63,57,61,57,63,59,58,54,63,57,65,60,59,58,68,54,59,52,51,52,9,14,8,10,6,6,LaLiga 2
P. Gavian,Celta Fortuna,España,2,RM,Right,175,20,61,,64,58,59,65,43,56,64,59,47,57,50,69,61,55,57,64,65,64,61,59,64,58,56,63,54,60,52,47,54,60,50,58,38,45,39,8,14,14,10,10,14,LaLiga 2
D. Sueiro,Celta Fortuna,España,33,CB,Right,178,16,61,,58,39,49,49,64,61,43,32,59,55,35,44,41,42,55,53,56,59,51,57,56,56,63,60,58,40,68,65,29,44,43,49,63,66,65,10,6,7,11,15,13,LaLiga 2
A. Khayat,Celta Fortuna,UAE,32,"LB, LM",Left,173,19,59,,67,44,56,55,56,59,57,39,45,58,38,55,57,45,53,52,67,67,63,56,63,54,54,67,58,45,54,55,42,54,46,50,52,61,61,12,13,15,6,14,13,LaLiga 2
A. Olmedo,Celta Fortuna,España,21,CB,Right,189,20,61,,59,40,48,51,64,63,47,34,64,54,34,44,42,43,45,57,61,58,48,57,50,56,63,59,66,43,62,63,27,44,40,57,63,66,63,10,11,8,15,13,6,LaLiga 2
A. Rodriguez,Celta Fortuna,España,20,CB,Right,180,19,60,,59,37,50,52,64,62,48,30,60,59,34,46,40,43,50,59,57,61,47,48,55,57,59,59,63,34,62,65,38,41,40,55,65,66,54,6,6,13,6,10,8,LaLiga 2
J. Oliveras,Celta Fortuna,España,14,LM,Right,173,22,62,,66,57,62,64,42,54,69,57,47,63,54,62,60,56,58,66,67,66,65,61,60,60,53,64,50,56,51,41,59,56,55,62,44,39,42,9,6,11,11,10,7,LaLiga 2
P. Meixus,Celta Fortuna,España,6,CB,Left,185,23,64,,60,46,53,55,66,66,47,42,67,63,42,47,45,38,56,63,58,61,51,60,56,57,62,62,67,44,70,64,39,44,51,62,64,70,64,13,9,11,8,8,10,LaLiga 2
S. Ndiaye,Celta Fortuna,Senegal,4,"CB, RB",Right,186,21,63,,62,43,52,54,67,68,48,40,63,63,35,48,47,38,53,60,60,64,51,61,59,53,69,59,73,41,67,68,39,41,44,62,68,67,64,14,8,9,10,7,14,LaLiga 2
K. Ribes,Celta Fortuna,España,3,"CB, RB",Right,185,22,63,,62,44,50,52,70,70,49,42,66,55,40,48,42,39,54,55,56,66,49,67,57,57,64,64,73,37,72,74,38,43,44,58,70,68,70,15,13,12,9,14,11,LaLiga 2
M. González,Celta Fortuna,España,25,GK,Left,190,20,59,,32,17,28,28,17,42,14,10,20,34,11,18,15,11,34,33,32,32,35,51,36,39,50,37,46,13,37,21,10,32,19,36,19,11,18,59,55,53,60,61,39,LaLiga 2
Caio Barone,Celta Fortuna,Brasil,13,GK,Right,196,20,59,,31,17,27,28,17,42,11,10,17,35,10,18,16,10,30,31,32,31,36,48,40,36,49,34,47,17,36,27,10,35,18,36,17,14,10,59,59,56,58,68,33,LaLiga 2
C. Carrillo,Celta Fortuna,España,1,GK,Right,188,24,62,,43,20,30,27,16,46,17,10,23,36,11,13,14,20,35,33,42,43,31,61,40,41,51,34,53,22,42,28,16,36,22,43,12,10,18,64,61,54,62,64,40,LaLiga 2
F. Garcia,Albacete,España,39,RW,Right,179,18,60,España,68,56,56,61,29,52,54,56,46,58,54,60,57,53,54,62,67,68,69,58,66,56,46,60,50,53,46,31,61,55,59,51,33,21,24,11,6,11,12,13,6,LaLiga 2
T. Ingles,Albacete,España,33,"ST, LW",Right,189,22,61,,60,61,50,59,27,59,45,59,66,54,54,58,55,51,44,60,58,61,60,65,58,63,67,57,63,60,50,24,70,52,65,59,25,20,20,15,11,13,13,9,6,LaLiga 2
S. Obeng,Albacete,Ghana,20,ST,Right,183,29,65,,67,67,56,65,31,63,56,69,58,58,65,66,51,50,48,67,67,67,66,59,57,64,72,63,65,66,56,31,69,61,67,61,32,23,27,13,14,10,15,6,8,LaLiga 2
Á. Rubio,Albacete,España,19,"ST, CF",Right,175,24,66,,68,70,55,66,30,63,54,73,62,60,62,64,63,60,48,69,68,68,70,64,61,67,69,59,66,70,61,33,64,51,64,69,25,25,24,7,7,9,8,12,6,LaLiga 2
J. Corpas,Albacete,España,17,"LW, RW, LM",Left,174,35,69,,71,65,66,72,40,61,65,65,57,67,60,74,66,62,65,67,72,70,78,74,79,70,62,73,56,61,56,40,72,69,60,72,37,38,34,9,13,9,12,14,6,LaLiga 2
H. Marín,Albacete,España,12,"ST, LW",Right,184,32,65,,66,64,56,63,30,65,52,65,65,60,70,59,60,54,44,63,64,67,69,69,62,66,67,62,69,60,57,28,62,59,69,71,27,25,25,14,7,14,11,14,7,LaLiga 2
M. Soberón,Albacete,España,9,"ST, CAM",Right,175,29,67,,65,68,56,66,31,64,50,71,67,59,64,65,54,60,54,67,65,65,60,66,66,65,66,60,66,63,65,32,71,58,71,73,24,25,28,12,15,13,11,15,7,LaLiga 2
A. Puertas,Albacete,España,7,"ST, RM",Right,175,34,66,,64,66,56,67,31,64,53,67,64,63,68,67,60,58,46,67,66,62,64,74,66,64,64,62,66,63,63,27,69,52,63,67,28,26,26,6,11,14,11,9,9,LaLiga 2
A. Medina,Albacete,España,4,"ST, CM, LM",Right,176,32,70,,68,71,61,68,38,71,57,71,67,67,69,68,62,54,53,66,69,68,70,79,68,76,73,67,74,67,69,35,71,61,73,74,35,35,29,7,15,12,6,8,8,LaLiga 2
F. Gómez,Albacete,España,3,LW,Left,171,21,62,,66,60,57,66,30,51,63,59,49,55,59,67,65,55,49,64,62,69,71,62,70,64,54,61,47,57,46,30,59,59,59,60,30,25,28,10,9,14,7,10,12,LaLiga 2
A. Morientes,Albacete,España,30,"ST, CF",Right,192,19,59,,65,62,50,55,27,63,49,68,63,52,58,56,51,51,46,57,68,63,54,51,46,61,64,60,66,52,57,23,66,48,58,54,24,22,20,7,14,14,12,15,12,LaLiga 2
A. David,Albacete,España,44,"CDM, CB",Right,179,20,60,,54,50,57,55,61,59,51,44,58,61,44,56,50,49,59,52,57,52,57,51,57,63,62,59,60,55,58,64,49,56,46,65,58,63,59,10,14,13,7,7,6,LaLiga 2
D. Rodriguez,Albacete,España,38,LM,Left,184,19,60,,70,56,61,61,39,55,65,57,50,62,50,64,60,60,59,58,73,67,62,59,63,58,51,68,51,52,51,44,55,56,54,57,35,36,37,6,8,6,6,7,10,LaLiga 2
A. Albarracín,Albacete,Uruguay,32,"CM, RM",Left,174,21,65,,64,58,65,68,60,58,59,57,53,67,54,68,67,63,67,70,62,65,66,65,67,64,56,68,55,55,55,63,58,66,55,67,61,61,51,15,13,13,6,13,6,LaLiga 2
Capi,Albacete,España,26,"CM, RM",Right,174,20,61,,63,55,61,61,53,57,57,50,47,65,51,62,56,53,64,60,65,62,56,62,64,62,50,65,56,60,52,58,54,58,57,63,51,55,53,15,15,15,13,11,15,LaLiga 2
S. Ortuño,Albacete,España,18,"CM, CDM, CAM",Right,165,27,65,,61,60,65,65,59,60,59,56,53,68,59,64,63,59,67,65,59,63,61,65,72,66,55,65,57,61,61,59,66,68,65,65,60,60,55,10,14,6,10,6,7,LaLiga 2
M. El Haddadi,Albacete,Marruecos,16,"CAM, CM",Right,177,31,69,,67,69,71,70,44,60,68,71,54,75,63,73,69,68,66,67,70,65,71,72,71,67,60,67,59,67,56,49,70,72,65,68,44,41,32,12,14,7,13,14,14,LaLiga 2
V. San Bartolomé,Albacete,España,14,"CM, ST",Right,186,26,63,,61,58,66,63,59,61,60,54,54,71,56,61,61,55,66,69,63,60,58,62,57,63,63,69,58,63,56,61,61,68,62,62,61,60,52,14,11,13,6,6,15,LaLiga 2
V. Valverde,Albacete,España,11,"LM, RM, ST",Left,171,24,66,,71,61,64,68,45,60,70,63,51,60,56,70,64,62,61,63,68,73,75,66,74,59,59,72,54,58,60,42,64,68,56,66,43,47,47,8,15,13,7,13,10,LaLiga 2
R. González,Albacete,España,10,"CAM, RM, RW",Left,169,25,64,,61,63,66,66,35,53,65,63,46,65,58,64,70,58,67,68,61,61,70,58,65,58,55,60,50,66,52,32,68,68,62,67,35,34,33,9,13,6,12,10,12,LaLiga 2
J. Villar,Albacete,España,8,"CM, CB, CDM",Right,187,23,63,,56,56,65,63,56,61,60,53,58,69,54,61,61,59,61,67,58,55,57,67,63,63,58,63,61,58,59,57,59,69,53,67,53,60,54,8,9,13,7,14,9,LaLiga 2
A. Pacheco,Albacete,España,6,"CM, CDM",Right,182,24,64,,61,61,66,66,54,62,61,58,57,72,53,68,63,58,70,67,63,60,58,64,69,69,62,64,62,63,61,55,60,62,59,64,53,55,52,9,9,12,9,7,12,LaLiga 2
H. Busto,Albacete,España,29,CM,Right,183,19,60,,63,56,60,62,53,60,57,55,58,65,53,63,54,52,61,65,60,66,54,53,62,61,50,61,62,55,57,51,55,56,60,59,53,52,51,8,9,14,8,9,10,LaLiga 2
A. Chillerón,Albacete,España,25,"CM, CAM",Right,178,22,61,,58,59,60,61,53,58,53,57,49,64,49,62,55,51,65,63,57,58,56,59,57,63,58,63,58,61,51,56,59,61,55,62,53,53,54,6,12,6,13,11,12,LaLiga 2
Jota,Albacete,España,40,CB,Right,182,20,61,,56,46,47,51,65,60,49,45,66,54,33,44,38,35,48,56,53,58,55,55,55,60,65,59,59,41,64,62,38,38,41,53,65,68,64,6,6,10,10,11,15,LaLiga 2
V. Vidal,Albacete,España,34,CB,Right,184,22,60,,54,39,50,48,64,63,48,34,67,57,35,46,40,41,53,47,51,57,48,56,51,50,65,56,65,39,65,67,37,40,43,64,62,65,57,11,10,11,9,8,11,LaLiga 2
A. Velilla,Albacete,España,28,CB,Right,182,19,58,,55,38,48,49,64,58,47,30,57,57,35,44,37,35,58,52,51,59,51,61,52,55,59,57,57,40,62,64,37,33,40,55,67,64,58,14,14,15,8,6,14,LaLiga 2
D. Bernabéu,Albacete,España,27,"LB, RB",Left,172,19,61,,68,49,56,59,61,58,60,50,54,57,46,59,53,45,58,55,65,71,70,58,65,53,53,64,55,45,58,61,54,53,47,54,63,61,66,13,6,9,11,7,9,LaLiga 2
J. Vallejo,Albacete,España,24,"CB, CDM",Right,183,29,65,,63,47,54,56,68,70,48,42,69,63,44,50,42,45,58,61,60,66,53,66,52,61,70,65,73,47,68,67,39,47,41,68,68,67,68,7,10,7,11,6,10,LaLiga 2
P. Sánchez,Albacete,España,23,"CB, RB",Left,183,26,63,,57,43,50,54,65,65,47,36,65,56,40,56,42,42,60,52,58,57,50,56,53,61,68,61,66,42,69,61,34,41,47,63,69,64,63,10,13,11,11,12,7,LaLiga 2
L. López,Albacete,España,22,CB,Right,182,29,62,,58,42,50,52,64,61,48,39,67,58,35,48,43,44,54,54,55,61,57,59,48,52,66,55,64,45,61,65,33,40,42,62,61,64,65,9,6,9,15,7,13,LaLiga 2
C. Neva,Albacete,España,21,"CB, LB",Left,175,30,67,,57,52,57,56,70,68,58,52,66,60,42,51,48,52,61,56,59,55,57,68,61,62,67,66,69,49,69,74,41,49,50,68,68,72,71,7,14,14,10,8,12,LaLiga 2
F. Gámez,Albacete,España,15,"RB, RM",Left,174,35,66,,67,51,62,62,64,64,69,48,52,63,46,58,60,57,61,64,66,67,71,66,66,57,63,65,63,55,65,69,48,57,55,61,63,64,67,14,10,7,8,9,6,LaLiga 2
J. Moreno,Albacete,España,5,"CB, RB",Left,179,26,61,,58,42,47,53,62,60,43,38,61,53,32,50,43,40,53,54,61,55,53,57,58,54,60,56,63,41,60,61,39,40,40,62,62,63,66,12,14,15,11,8,7,LaLiga 2
L. Aguado,Albacete,España,2,"RB, RM",Right,179,24,64,,71,46,61,60,65,64,66,38,57,63,50,60,52,57,58,58,71,71,69,55,71,56,59,71,62,52,62,64,49,56,46,56,62,71,68,7,8,6,6,9,14,LaLiga 2
D. Mariño,Albacete,España,13,GK,Right,185,36,66,,33,26,36,35,25,50,19,19,30,44,19,20,22,19,43,43,36,31,43,68,42,53,53,48,55,20,41,28,17,44,27,47,24,24,21,63,66,65,65,64,46,LaLiga 2
C. Marín,Albacete,España,1,GK,Right,187,29,63,,37,20,33,29,21,44,20,13,26,42,13,20,19,19,32,28,36,38,39,62,42,43,47,38,48,18,42,28,15,40,21,44,16,19,22,66,64,57,65,62,44,LaLiga 2
M. Ramos,Albacete,España,31,GK,Right,192,22,59,,34,17,27,27,18,44,10,10,16,33,11,15,12,16,28,31,36,33,35,56,45,40,43,32,54,13,36,24,10,38,26,37,17,18,13,58,56,53,61,61,31,LaLiga 2
A. Ișfan,Real Oviedo,Rumanía,24,"ST, RW, CAM",Left,177,26,66,,67,67,53,64,32,66,50,68,66,58,68,61,56,51,49,67,68,66,64,70,63,71,64,65,70,58,56,28,70,51,67,69,29,27,31,15,13,13,13,8,14,LaLiga 2
P. Sáenz,Real Oviedo,España,20,"RW, ST, LW",Right,175,25,65,,69,64,62,66,33,57,61,66,58,62,53,65,67,61,57,67,70,69,71,66,69,65,55,64,57,63,48,30,70,66,60,62,30,31,25,6,12,13,10,8,14,LaLiga 2
V. Mingo,Real Oviedo,España,18,"ST, LW",Right,189,23,62,,64,62,52,59,32,61,51,64,69,58,62,59,52,47,41,58,63,65,58,66,59,64,61,61,64,55,53,30,68,51,58,60,27,28,24,15,15,11,6,10,11,LaLiga 2
C. Fernández,Real Oviedo,España,14,"ST, CAM",Left,186,30,69,,74,70,60,66,38,69,59,72,68,66,69,65,62,57,52,68,70,77,62,71,63,73,70,66,74,64,62,35,73,58,70,70,37,35,26,9,6,7,13,14,7,LaLiga 2
J. González,Real Oviedo,España,11,"LW, LM, CM",Right,176,29,68,,78,67,65,70,41,60,64,67,57,66,66,70,71,59,60,70,73,82,77,67,74,68,58,64,62,64,49,41,73,67,69,64,39,39,33,8,13,12,9,7,7,LaLiga 2
C. Ramos,Real Oviedo,España,9,"ST, LW",Right,193,29,71,,75,76,62,69,39,73,61,79,79,67,67,68,65,63,55,72,73,77,59,69,64,78,74,68,77,70,67,37,78,58,75,74,36,31,32,15,6,11,7,6,6,LaLiga 2
I. Chaira,Real Oviedo,Marruecos,7,"LW, LM, RW",Left,179,25,70,,77,70,67,72,40,63,69,72,59,67,66,75,74,64,66,69,74,80,72,66,68,68,60,72,60,68,60,39,70,65,63,71,38,39,37,8,12,12,11,11,8,LaLiga 2
B. Dominguès,Real Oviedo,Francia,19,CAM,Right,172,26,63,,64,62,65,66,34,52,58,62,48,67,57,68,71,62,64,66,64,64,64,60,65,66,55,61,47,62,51,38,58,68,60,65,37,24,31,13,11,8,13,8,7,LaLiga 2
E. Perez,Real Oviedo,España,32,CAM,Left,169,17,60,,61,59,59,64,35,50,58,58,50,56,56,64,68,55,56,64,60,61,72,58,65,56,49,65,44,61,46,30,70,64,55,57,32,38,31,15,10,6,11,10,11,LaLiga 2
E. Pedrola,Real Oviedo,España,17,"LM, LW",Left,185,23,64,,66,56,65,66,44,59,71,52,52,69,49,65,63,59,59,68,68,64,65,65,62,62,53,62,61,60,53,40,62,60,63,63,45,42,46,6,6,10,9,10,9,LaLiga 2
A. Aldasoro,Real Oviedo,España,16,"CDM, CM",Right,176,27,65,,57,54,64,62,66,66,54,49,62,70,52,61,57,54,67,64,59,55,60,63,59,61,68,70,62,60,71,67,57,66,54,63,66,70,61,6,8,13,13,10,11,LaLiga 2
A. Reina,Real Oviedo,España,10,"CAM, CM, CDM",Left,168,29,68,,69,71,70,72,40,54,67,75,47,72,65,71,70,63,64,75,70,68,73,65,72,64,49,63,48,70,57,41,76,75,63,69,37,40,36,15,9,15,12,15,14,LaLiga 2
M. Goti,Real Oviedo,España,8,"CAM, CM",Right,185,24,68,,75,69,68,71,42,62,65,71,54,67,66,71,73,67,66,71,72,77,73,70,67,66,58,63,65,71,55,42,69,73,65,72,40,45,31,12,15,10,11,14,15,LaLiga 2
D. Villahermosa,Real Oviedo,España,6,"CM, CAM",Left,172,25,68,,63,66,67,69,58,63,63,66,59,71,54,68,59,59,68,70,59,67,68,71,76,68,52,67,63,66,62,61,64,68,65,68,62,53,56,13,6,6,10,12,9,LaLiga 2
Y. Lachhab,Real Oviedo,Marruecos,5,"CM, CDM",Right,192,27,67,,60,62,67,65,58,69,63,59,68,69,55,64,63,62,66,64,61,60,69,65,66,68,65,67,73,64,62,62,69,69,63,73,55,55,60,8,7,13,15,11,7,LaLiga 2
M. Esteban,Real Oviedo,España,30,CB,Right,183,20,61,,56,40,51,49,63,64,47,34,64,60,36,45,40,42,51,50,51,61,51,57,54,56,64,60,67,40,63,67,36,46,43,55,58,67,60,13,6,10,12,10,6,LaLiga 2
C. Domínguez,Real Oviedo,España,23,CB,Right,187,25,70,,61,52,60,60,74,73,59,51,75,70,45,57,51,48,60,61,63,60,58,66,58,61,76,69,74,51,75,75,43,50,46,73,70,78,69,14,15,12,12,9,6,LaLiga 2
N. Vidal,Real Oviedo,España,22,RB,Left,180,31,69,,72,58,63,69,65,65,64,56,60,65,55,66,58,57,63,73,65,77,72,68,67,66,69,74,61,56,62,65,59,63,55,69,62,68,68,12,11,9,7,12,15,LaLiga 2
D. Jiménez,Real Oviedo,España,21,RB,Right,175,22,71,,77,55,66,68,69,68,71,47,62,67,55,66,66,64,69,69,75,78,72,71,68,70,65,75,66,57,66,68,59,57,57,74,71,70,73,13,6,15,10,15,15,LaLiga 2
S. Rodríguez,Real Oviedo,España,15,"LB, RB",Right,182,21,60,,60,45,55,58,59,59,58,41,52,56,40,60,56,49,58,55,61,59,61,57,58,56,63,65,55,43,59,57,48,49,48,59,59,60,64,9,11,12,7,14,8,LaLiga 2
D. Calvo,Real Oviedo,España,12,CB,Right,190,32,69,,60,48,58,61,70,68,57,42,76,69,45,54,47,47,59,68,62,59,57,65,59,61,64,65,70,49,70,72,44,43,52,68,64,73,68,12,13,12,8,7,10,LaLiga 2
D. Costas,Real Oviedo,España,4,CB,Right,184,31,68,,62,49,57,57,71,72,53,45,67,64,43,52,54,50,54,58,63,61,55,70,59,63,70,70,74,48,70,66,45,53,43,72,69,78,71,13,8,6,10,10,15,LaLiga 2
J. Cruz,Real Oviedo,España,3,"LB, CB",Left,180,34,72,,73,57,67,69,70,69,73,54,70,67,57,70,64,63,67,65,70,76,74,73,73,63,68,75,66,58,67,66,60,63,55,70,71,72,73,11,10,10,12,11,6,LaLiga 2
A. Ahmed,Real Oviedo,España,2,"RB, RW",Right,181,25,68,,71,55,62,62,67,69,68,51,57,65,54,63,58,50,58,59,69,72,67,64,68,66,64,70,70,53,66,72,56,56,58,61,67,65,70,8,6,11,14,10,15,LaLiga 2
S. Franganillo,Real Oviedo,España,27,GK,Right,197,23,63,,38,18,30,32,22,46,19,10,25,37,14,20,16,16,36,34,39,38,41,64,41,37,51,41,53,16,35,29,13,33,25,45,22,20,15,72,62,57,65,63,37,LaLiga 2
A. Escandell,Real Oviedo,España,13,GK,Right,188,31,72,,44,28,44,36,28,57,31,18,35,48,21,24,32,31,45,39,40,48,44,72,50,58,63,46,66,24,46,38,23,53,29,47,28,21,24,73,69,63,74,77,45,LaLiga 2
M. Narváez,Real Oviedo,España,1,GK,Left,188,24,63,,41,20,32,29,17,46,20,13,22,36,12,20,14,20,37,29,41,41,34,59,44,42,51,39,52,15,37,24,15,40,25,43,10,18,18,67,62,57,59,69,38,LaLiga 2
A. Olabarrieta,Eldense,España,33,"RW, LW",Right,181,20,64,,75,64,58,65,32,56,54,64,52,59,58,65,66,59,54,67,73,77,68,58,64,67,57,64,54,64,51,33,67,63,61,59,25,32,26,11,11,15,15,6,14,LaLiga 2
Dinis Rodrigues,Eldense,Portugal,29,"ST, LW",Right,187,21,58,,60,61,48,59,24,60,47,64,58,53,63,59,52,50,41,60,64,56,57,56,57,62,62,61,64,53,50,21,63,44,60,62,21,18,21,15,12,12,10,7,9,LaLiga 2
J. Martín,Eldense,España,23,"LW, LB",Left,175,25,65,,71,63,61,67,34,57,65,67,47,58,60,70,72,65,58,64,70,72,67,68,72,59,53,67,55,60,49,32,66,60,61,65,32,34,30,7,7,9,7,8,11,LaLiga 2
W. Rubio,Eldense,España,20,"LW, RW, LM",Right,181,31,65,,67,63,65,67,32,58,68,64,49,66,64,64,66,59,63,69,69,66,68,65,70,60,58,65,57,65,52,31,70,64,59,66,31,30,29,8,15,8,15,6,15,LaLiga 2
P. Cabanes,Eldense,España,16,LW,Left,179,21,65,,71,60,64,71,35,58,64,59,54,67,67,75,66,61,57,70,70,71,67,64,66,57,57,72,54,60,52,37,64,62,62,65,33,30,34,15,12,10,9,8,9,LaLiga 2
M. Nieto,Eldense,España,11,"ST, RW",Right,182,28,65,,69,69,58,61,31,63,55,74,68,61,66,60,58,59,54,61,70,68,66,67,57,69,65,56,67,58,59,28,64,56,69,64,30,26,20,6,15,10,14,9,8,LaLiga 2
F. Chaves,Eldense,España,10,"RW, RM",Right,177,36,66,,65,64,64,72,37,56,66,62,52,62,61,76,67,57,61,71,65,65,76,61,66,67,51,63,55,66,51,39,73,67,62,64,37,30,35,13,13,7,14,14,6,LaLiga 2
M. Carmona,Eldense,España,9,"ST, CF",Left,185,25,64,,67,65,54,62,32,61,51,69,65,59,62,60,57,53,49,62,65,69,64,64,66,63,65,57,64,58,57,30,68,51,67,69,30,27,27,12,13,12,8,15,7,LaLiga 2
D. Rodriguez,Eldense,España,30,CDM,Right,181,21,59,,50,50,57,55,61,62,57,45,58,63,43,55,45,45,58,54,49,50,55,57,49,57,63,65,59,54,63,64,51,52,50,60,58,64,57,10,13,11,14,8,14,LaLiga 2
C. Amarillo,Eldense,España,27,CM,Right,179,21,62,,59,57,63,62,53,61,60,55,54,65,51,63,61,55,66,62,60,59,58,61,60,60,55,58,61,58,65,60,56,63,58,59,48,52,55,8,15,8,12,13,14,LaLiga 2
J. Martínez,Eldense,España,24,"CAM, CM",Right,180,26,66,España,68,66,68,71,39,58,63,66,53,71,63,72,67,67,65,73,66,69,66,64,67,66,55,64,59,69,47,39,62,69,67,63,41,34,34,15,12,12,9,8,15,LaLiga 2
G. Macho,Eldense,España,18,"CDM, CM",Right,181,23,62,,57,54,61,58,64,66,54,52,62,62,52,58,57,56,70,58,56,58,54,59,56,54,61,69,66,57,63,65,55,64,54,62,65,65,59,15,6,15,8,7,13,LaLiga 2
C. Guirao,Eldense,España,15,CDM,Right,175,23,63,,56,53,60,58,62,67,53,47,57,63,46,57,53,56,64,57,61,52,55,64,62,66,55,66,70,55,66,63,59,63,56,67,57,65,67,12,7,10,12,14,10,LaLiga 2
J. Smith,Eldense,Canadá,14,"CDM, CM",Right,188,23,62,,57,53,59,58,63,68,52,48,58,63,47,58,48,50,63,62,55,59,50,62,53,62,63,71,68,57,66,62,54,62,56,57,67,61,64,9,13,15,12,11,6,LaLiga 2
R. López,Eldense,España,12,"CM, LM, RW",Right,178,26,61,,56,55,62,61,53,59,56,50,54,67,55,58,63,53,67,64,55,57,63,63,59,62,55,64,58,61,58,50,56,60,54,58,49,56,58,10,11,8,9,14,7,LaLiga 2
M. Bustillo,Eldense,España,8,"CAM, CM",Right,184,25,63,,63,62,66,65,37,54,67,59,51,67,59,68,63,56,65,63,65,62,62,64,64,63,47,61,54,66,48,41,71,69,63,61,34,37,26,15,13,15,15,11,6,LaLiga 2
J. Rastrojo,Eldense,España,7,"CAM, CF",Right,174,26,61,,64,61,60,63,36,51,56,61,47,63,61,62,63,59,52,63,62,66,68,56,63,62,44,64,45,58,53,37,67,64,62,63,35,33,33,9,15,6,14,8,13,LaLiga 2
B. Calvo,Eldense,España,6,CM,Right,172,24,63,,62,54,61,65,55,60,57,47,59,64,54,62,62,52,63,69,60,63,65,70,62,59,52,64,61,61,57,61,63,58,57,64,54,53,50,14,11,15,12,14,11,LaLiga 2
J. Olaizola,Eldense,España,34,CB,Right,176,19,60,,56,43,49,50,64,58,46,40,60,58,38,51,36,44,54,48,54,58,51,53,53,52,60,56,55,48,65,65,25,39,31,55,66,64,61,9,15,12,8,7,11,LaLiga 2
A. Iniesta,Eldense,España,33,"CB, RB",Right,187,22,63,,56,44,53,51,64,66,50,41,70,61,43,46,45,46,49,54,51,60,50,59,53,58,68,56,69,41,68,64,38,47,42,58,65,61,67,11,9,12,9,12,11,LaLiga 2
A. David,Eldense,España,31,"CB, RB",Left,189,20,60,,57,41,46,49,62,65,43,39,63,50,33,44,41,36,51,55,59,56,42,56,46,52,66,56,69,40,68,64,31,42,39,54,64,61,58,10,14,11,6,14,8,LaLiga 2
I. Carbonell,Eldense,España,26,RB,Right,177,22,61,,65,45,56,60,59,60,55,39,56,62,40,62,51,46,54,55,63,67,68,61,64,57,56,65,58,45,61,57,47,53,47,59,58,61,61,14,13,14,15,9,11,LaLiga 2
J. Yanda,Eldense,Alemania,22,"CB, RB",Right,187,19,60,,55,41,50,50,64,60,45,36,55,59,35,50,37,41,51,50,58,53,49,56,47,51,65,51,63,45,61,65,35,42,36,59,64,66,68,14,6,15,12,12,11,LaLiga 2
D. Ruiz,Eldense,España,21,LB,Left,182,23,60,,66,44,55,59,60,60,66,40,55,57,42,58,56,39,52,60,64,67,61,58,68,49,56,64,61,45,56,59,45,45,51,51,62,59,64,12,6,9,7,6,8,LaLiga 2
A. Ibarrondo,Eldense,España,19,RB,Right,183,25,63,,69,51,59,60,62,63,63,48,61,58,45,59,61,46,58,61,68,70,62,61,58,60,63,70,60,51,63,62,49,58,45,65,62,62,65,9,10,10,12,6,6,LaLiga 2
J. Clemente,Eldense,España,17,RB,Right,185,26,63,,65,48,59,59,58,61,62,45,59,62,50,60,52,48,64,55,68,63,62,64,62,54,60,66,57,48,64,59,53,53,47,61,52,61,63,14,12,8,11,13,6,LaLiga 2
Á. Serra,Eldense,España,5,CB,Right,178,24,62,,58,41,49,52,64,63,43,36,55,57,39,48,46,45,48,54,60,56,51,60,55,59,59,57,66,36,63,63,33,44,45,62,63,69,63,9,10,12,12,13,8,LaLiga 2
F. Smand,Eldense,Países Bajos,4,CB,Left,185,23,65,,58,46,55,56,68,69,50,40,70,62,41,54,42,45,62,55,57,59,51,68,59,60,70,60,72,48,73,68,40,46,46,68,70,68,64,8,15,15,6,11,8,LaLiga 2
J. Larios,Eldense,España,3,LB,Left,170,22,65,,67,51,61,63,62,61,66,50,54,64,51,60,60,50,59,64,68,67,67,69,71,61,58,68,59,45,60,61,49,53,50,60,60,67,64,7,12,8,8,9,8,LaLiga 2
I. Recio,Eldense,España,2,"CB, RB",Right,184,25,65,,59,44,56,57,69,69,54,39,68,63,43,58,45,44,59,55,59,59,52,57,60,59,66,66,74,43,63,68,39,49,48,67,69,72,65,13,8,7,9,14,7,LaLiga 2
D. Bernabeu,Eldense,España,36,GK,Right,198,21,62,,36,20,30,32,19,45,18,14,28,34,10,19,17,23,30,36,37,36,42,57,46,43,50,39,52,17,36,29,10,41,21,44,17,10,22,61,61,56,62,65,38,LaLiga 2
J. Palomares,Eldense,España,13,GK,Right,187,26,62,,40,18,32,28,20,43,17,10,20,38,15,19,16,11,40,29,40,40,34,56,41,40,53,27,54,15,35,27,15,41,21,40,21,14,21,70,59,65,64,64,38,LaLiga 2
R. Vilà,Eldense,España,1,GK,Right,191,24,65,,41,22,35,34,20,46,25,17,25,41,19,20,18,20,36,42,39,42,38,59,47,41,53,38,53,17,39,26,14,40,27,50,17,18,23,68,64,61,64,68,40,LaLiga 2
C. Ferreres,Sporting Gijón,España,35,LW,Left,176,22,60,,65,58,58,66,26,54,60,59,52,58,47,67,59,52,53,66,67,64,72,62,63,62,49,60,53,55,48,33,58,63,52,56,22,18,27,11,12,12,8,7,13,LaLiga 2
M. Conde,Sporting Gijón,España,28,ST,Right,176,20,62,,65,66,53,60,27,60,51,68,55,59,59,61,51,53,41,59,67,64,59,55,60,67,61,56,63,63,55,20,67,55,57,62,23,29,20,15,6,6,13,8,9,LaLiga 2
N. Iosifov,Sporting Gijón,Rusia,20,"LM, RW, ST",Left,175,25,67,,72,62,65,69,51,62,68,62,51,66,58,71,64,59,62,69,71,73,72,64,68,61,60,68,61,66,60,55,60,66,63,57,48,52,49,11,10,15,15,7,6,LaLiga 2
J. Otero,Sporting Gijón,Colombia,19,"ST, RW",Right,182,31,70,,68,70,61,70,38,70,54,69,74,67,66,69,58,62,51,70,74,63,67,71,71,73,73,67,75,71,61,40,72,65,74,72,35,29,33,6,13,13,7,15,6,LaLiga 2
A. Casas,Sporting Gijón,España,17,"ST, CF",Right,183,26,62,,61,63,54,60,30,60,50,67,64,58,61,58,53,52,49,61,60,61,60,65,57,63,66,50,65,52,56,27,66,54,61,64,29,23,23,10,8,12,10,14,11,LaLiga 2
A. Sarco,Sporting Gijón,Argentina,16,"ST, CF",Right,179,20,68,,68,70,58,70,34,67,62,73,71,56,72,70,62,56,48,69,70,66,70,70,68,68,68,57,74,64,64,28,73,62,74,69,31,30,29,7,15,6,12,12,13,LaLiga 2
K. de la Fuente,Sporting Gijón,Estados Unidos,11,"LW, RM, RW",Left,176,25,65,,73,64,63,67,34,59,67,67,51,65,61,68,67,58,54,65,74,73,72,68,67,66,59,66,59,56,51,31,69,62,61,67,35,29,30,8,7,6,14,6,8,LaLiga 2
G. Campos,Sporting Gijón,España,7,LW,Left,175,26,69,,73,68,67,69,37,61,70,69,56,69,61,69,71,60,61,68,76,70,76,69,73,71,55,70,61,66,50,41,72,64,62,65,35,32,28,11,9,12,8,6,13,LaLiga 2
A. Ferrari,Sporting Gijón,Uruguay,9,ST,Right,190,23,67,,69,68,58,67,33,69,54,70,70,61,67,67,58,53,58,67,71,67,68,70,65,67,68,65,76,65,59,30,75,56,66,73,29,30,24,12,9,15,11,13,11,LaLiga 2
B. Rubio,Sporting Gijón,España,36,"CM, CDM",Left,188,19,58,,55,55,58,57,51,58,53,52,49,61,44,56,56,53,62,57,54,56,58,55,57,60,53,60,59,60,53,52,57,56,47,59,50,53,49,13,11,14,12,8,6,LaLiga 2
D. Matabuena,Sporting Gijón,España,34,CAM,Right,177,19,59,,59,59,60,63,35,49,61,58,46,60,56,62,60,61,56,68,58,60,58,57,63,63,47,55,47,57,45,35,59,63,60,58,35,33,26,12,9,7,15,11,10,LaLiga 2
H. Guillamón,Sporting Gijón,España,22,CDM,Right,178,26,68,,64,56,65,63,70,68,56,50,63,72,50,62,60,59,65,63,66,63,68,65,62,65,64,71,65,58,72,71,62,65,61,66,72,71,64,12,12,14,7,9,11,LaLiga 2
M. Loum Ndiaye,Sporting Gijón,Senegal,21,CM,Left,188,29,63,,59,58,62,65,55,60,60,58,61,61,57,68,60,61,67,65,60,59,59,62,57,62,63,66,58,57,58,60,59,65,56,58,49,56,52,12,15,8,8,10,10,LaLiga 2
A. Corredera,Sporting Gijón,España,14,"CM, CDM, CAM",Left,180,30,68,,68,64,68,68,63,69,60,61,63,71,61,66,66,62,66,71,68,68,63,71,69,69,56,74,71,69,63,68,70,72,56,65,63,61,58,9,11,9,9,13,10,LaLiga 2
C. Gelabert,Sporting Gijón,España,10,"CAM, ST, RW",Right,182,25,70,,68,69,70,74,43,62,70,70,60,68,66,75,73,66,68,76,69,67,71,72,69,70,63,68,61,67,57,43,75,73,69,67,39,43,40,7,10,13,11,15,6,LaLiga 2
M. Rodríguez,Sporting Gijón,España,8,"CM, CDM",Left,179,20,63,,62,57,65,63,54,63,57,52,51,70,52,60,59,53,68,67,63,62,64,64,64,62,61,71,62,64,58,56,65,67,55,58,52,54,54,7,10,14,13,11,9,LaLiga 2
N. Martín,Sporting Gijón,España,6,"CDM, CM",Right,175,24,62,,55,50,59,59,64,63,55,44,58,64,45,53,52,53,63,65,57,54,56,61,64,56,57,60,64,55,64,63,54,56,52,63,63,67,64,13,7,8,13,9,14,LaLiga 2
P. García,Sporting Gijón,España,3,LM,Right,178,26,64,,66,57,63,66,44,58,61,56,52,68,56,68,68,56,58,63,64,67,69,60,68,63,55,63,55,55,59,46,54,62,59,60,41,43,44,6,7,10,14,8,8,LaLiga 2
A. Cuenca,Sporting Gijón,España,44,"CB, LB",Right,186,19,62,,55,42,47,51,61,64,45,35,60,52,42,51,41,34,55,52,52,58,44,55,52,52,67,58,66,45,66,60,42,37,46,56,59,64,64,9,13,14,11,9,9,LaLiga 2
Á. Diego,Sporting Gijón,España,34,"LB, LM",Right,182,18,58,,66,44,51,54,56,57,53,42,48,53,45,53,52,38,53,54,66,66,58,51,60,53,58,64,55,42,53,57,45,46,41,52,56,55,62,9,13,12,7,6,9,LaLiga 2
I. Martínez,Sporting Gijón,España,26,"RM, LM",Right,175,21,62,,68,55,61,63,42,56,61,57,50,62,55,66,60,55,59,59,70,66,65,59,71,52,55,67,52,55,52,43,55,61,56,61,44,36,41,8,10,12,11,6,13,LaLiga 2
A. Duñabeitia,Sporting Gijón,España,24,CB,Right,184,23,63,,57,41,52,50,67,66,46,33,69,63,41,43,44,46,53,52,52,61,56,62,53,61,65,56,71,41,68,71,35,40,38,62,66,66,66,10,11,8,9,13,9,LaLiga 2
J. Sáenz,Sporting Gijón,España,23,CB,Right,190,29,66,,58,43,54,54,70,67,53,37,69,61,35,49,42,40,57,57,57,58,52,65,55,60,73,64,69,42,66,68,37,46,44,62,67,75,71,6,8,15,13,13,10,LaLiga 2
P. Vázquez,Sporting Gijón,España,15,"CB, CDM",Right,189,31,66,,62,46,56,54,69,71,56,42,69,62,43,50,44,44,62,56,56,66,49,65,53,60,66,65,73,45,76,71,37,45,48,69,69,68,66,9,7,10,15,11,7,LaLiga 2
D. Sánchez,Sporting Gijón,España,5,"LB, CB",Left,184,23,66,,72,50,61,64,65,65,64,44,63,63,46,61,57,45,64,65,74,71,72,66,66,57,63,70,62,54,65,65,55,56,51,67,68,61,66,13,6,10,14,8,15,LaLiga 2
E. Gularte,Sporting Gijón,Uruguay,4,"CB, RB",Right,189,29,68,,63,47,56,56,72,67,54,42,75,63,43,55,44,48,57,57,61,64,54,65,54,62,73,60,70,47,69,74,43,52,49,63,71,72,68,8,9,11,13,13,9,LaLiga 2
G. Rosas,Sporting Gijón,España,2,"RB, RM",Right,175,26,68,,76,57,61,63,64,67,61,54,56,66,52,58,64,52,61,66,79,73,70,64,70,63,67,70,65,60,67,65,54,53,56,67,66,64,65,12,10,7,15,11,14,LaLiga 2
Arana,Sporting Gijón,España,13,GK,Right,197,24,64,,39,21,33,31,20,47,17,15,21,39,18,18,19,19,35,37,35,42,38,59,40,39,51,41,52,17,43,25,12,42,29,44,21,15,19,68,66,58,62,66,42,LaLiga 2
R. Yánez,Sporting Gijón,España,1,GK,Right,188,32,69,,40,27,41,34,30,54,25,21,35,47,16,22,22,31,42,35,42,39,47,67,48,49,60,46,61,23,46,36,19,54,31,47,29,26,27,70,67,58,68,73,42,LaLiga 2
J. Sarasa,Girona,España,36,LW,Left,176,21,60,,70,60,56,65,27,51,63,62,47,58,56,70,55,52,51,61,72,68,63,57,66,61,52,61,47,55,46,30,66,51,51,63,28,19,22,10,8,7,12,13,11,LaLiga 2
J. Arango,Girona,Venezuela,32,"CB, CDM",Right,175,20,60,,63,40,48,51,62,57,43,33,54,57,38,47,37,38,50,53,59,67,54,52,49,55,54,55,57,41,61,57,33,41,43,60,66,64,60,10,11,6,7,13,13,LaLiga 2
C. Pérez,Girona,España,23,"RW, RM, CAM",Right,173,28,68,,70,66,67,71,36,59,71,65,52,66,67,72,70,62,61,69,74,67,75,72,73,69,57,67,57,63,55,43,74,68,64,72,33,31,33,10,10,14,9,15,6,LaLiga 2
Y. Asprilla,Girona,Colombia,22,"RW, RM, CAM",Right,185,22,77,Colombia,83,74,74,80,45,71,77,75,68,73,72,87,76,73,73,75,86,81,75,74,79,75,72,73,74,70,63,48,75,74,74,79,45,37,41,9,9,12,11,12,7,LaLiga 2
J. García,Girona,España,21,"LW, LM",Left,180,22,61,,67,58,57,62,32,55,57,60,50,61,58,61,59,53,51,61,65,69,69,65,61,55,54,63,53,58,52,36,61,57,56,56,27,29,31,10,6,8,12,10,14,LaLiga 2
V. Vanat,Girona,Ucrania,19,ST,Right,182,24,79,Ucrania,80,80,68,81,45,79,62,84,82,74,82,87,65,70,60,77,85,76,73,85,74,80,76,78,82,72,74,42,86,70,75,84,46,37,33,10,14,6,14,8,8,LaLiga 2
B. Gil,Girona,España,17,"LW, RW, LM",Right,175,25,75,,83,71,71,79,42,68,68,70,62,75,68,78,75,71,66,81,83,83,81,72,83,74,63,71,70,69,58,47,81,72,70,68,36,38,40,9,11,7,14,8,6,LaLiga 2
O. Pyshchur,Girona,Ucrania,15,"ST, CF",Right,204,21,62,,64,63,54,62,32,66,45,62,75,62,62,66,58,51,46,62,63,65,54,63,51,66,69,55,76,58,56,30,70,53,66,61,32,22,21,7,9,8,6,13,14,LaLiga 2
A. Ruiz,Girona,España,9,"ST, LW",Right,180,26,69,,71,71,60,67,36,64,57,72,69,65,71,65,60,53,51,70,72,71,62,70,64,72,67,57,68,66,62,28,81,61,66,66,35,34,23,14,11,6,11,14,6,LaLiga 2
C. Stuani,Girona,Uruguay,7,ST,Right,186,39,66,,54,69,56,64,33,67,54,74,72,58,65,60,60,51,50,69,53,54,64,69,60,68,66,63,72,58,60,30,70,61,66,70,35,23,26,10,13,9,11,12,9,LaLiga 2
M. Hamony,Girona,Marruecos,35,RW,Right,178,20,60,,68,58,59,60,30,54,62,59,46,60,54,55,61,59,52,64,71,66,68,54,61,61,47,61,54,55,48,31,61,61,57,51,29,26,27,8,9,9,12,15,13,LaLiga 2
U. Hernández,Girona,España,30,"CAM, ST, LM",Right,171,21,66,,65,65,68,70,40,56,63,62,48,70,66,71,67,59,66,67,69,62,74,69,70,65,56,60,56,72,51,44,70,71,65,67,42,35,35,6,7,15,12,11,10,LaLiga 2
L. Kourouma,Girona,Guinea,29,CDM,Right,180,22,62,Guinea,54,52,57,58,64,65,52,45,53,62,47,57,57,53,65,60,50,58,54,62,55,62,65,65,65,57,64,68,51,50,55,58,70,60,60,14,11,10,6,10,9,LaLiga 2
I. González,Girona,España,24,"CM, CDM, CAM",Right,179,21,68,,65,63,66,66,61,66,61,60,66,69,58,65,64,57,66,66,67,63,70,67,68,68,57,72,64,66,67,65,65,70,66,64,59,61,56,15,11,7,12,15,7,LaLiga 2
I. Morante,Girona,España,14,"CM, CDM, CAM",Right,180,25,68,,63,65,67,67,62,66,63,64,58,70,51,66,67,63,73,69,60,65,64,70,63,67,64,70,66,70,64,60,66,61,62,64,59,69,57,6,7,7,10,6,8,LaLiga 2
Portu,Girona,España,10,"CAM, CF",Right,167,34,70,,70,72,70,73,42,60,64,75,47,72,72,73,74,67,67,71,67,72,76,73,80,73,52,66,59,67,58,44,67,74,61,74,41,42,35,6,12,13,13,10,15,LaLiga 2
F. Beltrán,Girona,España,8,"CM, CDM",Left,170,27,70,,65,68,71,74,61,65,64,67,57,77,62,73,69,61,71,75,63,67,71,74,75,67,60,79,60,70,60,62,67,71,70,72,61,63,60,9,11,7,9,15,13,LaLiga 2
D. van de Beek,Girona,Países Bajos,6,"CAM, CF",Right,181,29,68,,69,71,69,69,41,63,65,71,60,70,67,71,71,69,68,67,68,69,69,72,68,67,58,69,61,76,61,45,70,72,65,67,37,38,36,10,15,10,7,11,6,LaLiga 2
G. Badia,Girona,España,39,LB,Right,183,19,60,,68,45,56,56,59,58,60,40,56,60,46,56,53,42,57,53,68,68,61,52,66,55,58,65,55,44,57,54,48,50,43,53,63,58,62,13,15,10,9,12,13,LaLiga 2
H. Zamorano,Girona,España,38,"CB, CDM",Right,190,17,58,,55,40,43,45,62,59,39,35,66,53,34,43,36,40,51,46,54,55,43,50,46,57,64,54,59,40,64,55,30,28,39,52,62,62,67,12,10,11,8,7,8,LaLiga 2
Mauro Furtado,Girona,Portugal,33,CB,Right,184,18,60,,56,44,48,47,63,64,45,41,61,57,36,41,40,40,49,51,57,55,46,66,48,59,62,58,67,38,65,64,36,38,42,53,61,65,64,8,14,7,12,13,10,LaLiga 2
G. Jordana,Girona,España,28,LB,Left,182,19,58,,64,44,53,54,57,60,59,39,52,58,43,52,51,43,47,57,61,67,55,46,60,57,58,62,60,44,56,61,41,45,45,48,61,52,58,7,12,6,15,13,15,LaLiga 2
A. Francés,Girona,España,16,"CB, RB",Right,180,24,70,,65,52,56,59,72,68,56,48,66,58,44,52,53,48,61,64,58,70,60,60,62,68,72,66,66,50,75,71,40,50,47,72,73,76,70,6,10,7,8,14,11,LaLiga 2
Á. Moreno,Girona,España,11,LB,Left,179,33,75,,76,59,71,74,71,72,74,56,64,74,54,73,63,69,70,73,72,80,81,72,74,68,72,78,67,56,76,70,65,65,59,71,73,71,76,11,11,9,12,14,12,LaLiga 2
D. López,Girona,España,5,CB,Right,185,36,68,,51,51,58,60,72,71,52,46,66,68,43,55,47,49,64,62,51,51,58,71,61,67,68,66,71,50,77,75,43,45,49,70,72,73,69,14,13,13,11,8,12,LaLiga 2
J. Boñar,Girona,España,4,RB,Right,177,21,59,,63,45,54,59,58,55,59,42,49,59,40,59,48,46,56,60,60,66,62,54,64,49,58,60,53,50,54,55,46,44,40,54,62,59,55,6,13,10,6,11,12,LaLiga 2
M. Morey,Girona,España,3,"RB, LB",Right,173,26,68,,70,54,61,65,68,67,62,50,63,62,54,64,58,50,66,67,72,68,68,66,68,64,60,72,66,53,64,62,59,56,55,56,72,69,68,8,9,12,8,13,13,LaLiga 2
A. Mumin,Girona,Ghana,2,"CB, RB",Right,188,28,69,,62,50,57,57,72,73,56,46,75,62,40,53,53,52,55,61,60,64,48,71,57,64,76,65,77,49,73,71,41,55,45,66,72,73,70,6,12,8,7,8,9,LaLiga 2
J. Danso,Girona,The Gambia,44,GK,Right,190,19,59,,35,17,28,26,15,40,16,10,19,34,14,13,14,12,34,31,34,35,34,53,38,40,47,31,49,13,28,25,12,34,14,33,10,14,10,57,58,52,62,62,42,LaLiga 2
V. Krapyvtsov,Girona,Ucrania,25,GK,Left,188,21,61,,34,20,29,26,18,45,17,18,20,33,11,15,15,17,36,28,35,34,35,58,41,41,46,35,51,10,41,26,10,36,19,41,14,16,16,57,59,57,61,64,37,LaLiga 2
P. Gazzaniga,Girona,Argentina,13,GK,Right,196,34,73,,46,31,43,41,32,57,31,26,35,50,23,27,22,29,47,48,45,47,51,73,49,49,63,47,64,27,52,39,20,50,34,50,29,30,26,72,69,65,74,75,52,LaLiga 2
S. Puig,Girona,España,1,GK,Right,189,27,59,,33,17,28,25,15,40,13,11,14,35,10,14,10,10,31,27,38,29,33,57,37,39,44,32,45,13,36,24,10,35,22,35,10,13,17,63,59,52,60,59,34,LaLiga 2
S. El Jebari,Córdoba,España,24,"LW, LM, ST",Right,169,22,61,,69,59,56,64,32,53,60,59,41,55,61,64,60,51,51,62,69,69,72,66,65,57,53,61,53,57,42,33,65,60,61,56,31,33,19,14,15,8,6,6,10,LaLiga 2
C. Carracedo,Córdoba,España,23,RW,Right,179,30,67,,77,64,65,70,36,58,69,64,54,62,59,69,67,65,58,71,76,77,77,65,72,63,62,68,56,67,52,38,68,69,62,62,35,30,35,7,9,10,15,8,11,LaLiga 2
I. Sanz,Córdoba,España,19,"ST, CF",Right,183,23,62,,64,62,52,59,32,59,54,62,61,53,67,59,54,52,43,57,62,65,60,61,57,64,63,57,62,59,51,30,65,52,60,67,31,27,23,13,9,13,8,15,8,LaLiga 2
E. Rodríguez,Córdoba,España,18,"ST, LW",Right,187,25,66,,68,67,56,65,31,68,53,67,66,59,61,65,59,55,52,64,66,70,66,68,60,69,75,64,73,65,57,27,70,55,67,68,28,27,28,13,13,11,6,15,9,LaLiga 2
V. Sanchez,Córdoba,España,15,ST,Left,190,24,62,,63,65,51,60,30,63,53,73,68,54,63,60,55,50,43,60,62,64,59,60,56,59,63,60,67,56,56,24,66,50,61,59,28,25,25,15,12,10,6,14,8,LaLiga 2
D. Bri,Córdoba,España,11,"LW, LB",Left,177,24,65,,73,63,63,67,31,59,68,63,51,64,58,65,64,58,58,69,75,71,69,68,69,65,57,71,56,61,54,36,69,63,56,59,32,23,26,10,6,13,7,6,7,LaLiga 2
K. Medina,Córdoba,España,10,LW,Left,173,25,65,,73,65,62,67,33,56,63,67,48,65,61,66,63,58,58,67,75,71,69,67,71,64,55,64,52,63,58,33,62,59,62,66,35,28,26,13,13,6,9,14,9,LaLiga 2
Percan,Córdoba,España,9,"ST, LW",Right,177,24,62,,62,64,53,62,28,59,48,67,58,61,61,61,56,55,46,63,61,62,61,62,60,66,63,57,61,56,56,24,69,49,64,67,27,23,21,11,11,8,13,14,11,LaLiga 2
J. Marti,Córdoba,España,29,"ST, CF",Right,189,22,61,,58,64,54,59,27,62,51,65,61,62,67,58,53,50,43,60,60,56,56,61,56,68,63,60,67,58,54,25,65,55,63,62,26,23,14,7,15,8,11,13,15,LaLiga 2
E. García,Córdoba,España,28,"CM, CDM",Left,181,22,61,,58,53,62,63,53,57,60,47,57,64,53,65,60,60,65,64,60,57,58,61,54,57,52,61,57,60,54,55,60,61,59,58,54,51,49,9,7,8,8,8,9,LaLiga 2
Y. Diarra,Córdoba,Malí,22,"CM, CAM, CDM",Right,174,28,63,,58,57,62,63,54,64,53,58,51,66,53,60,55,59,64,63,64,53,71,67,67,56,54,64,65,55,63,53,64,64,59,67,53,58,55,13,8,13,12,6,14,LaLiga 2
Adilson,Córdoba,Portugal,17,"LW, ST",Left,169,29,60,,67,60,56,60,30,52,62,59,46,55,52,60,59,58,50,59,66,68,63,63,66,58,50,64,49,66,46,29,62,57,51,58,29,29,23,11,9,14,13,15,9,LaLiga 2
A. Ghailan,Córdoba,España,14,CM,Right,173,25,64,,64,60,65,66,56,60,63,54,51,70,50,66,56,54,59,68,70,60,65,61,65,70,52,65,58,65,61,55,65,66,55,67,58,56,57,10,14,7,12,9,14,LaLiga 2
I. Ruiz,Córdoba,España,8,"CM, CDM",Right,180,25,67,,65,63,67,66,58,64,62,62,58,67,62,65,68,65,71,68,66,64,65,66,67,62,61,67,61,67,66,60,65,71,60,64,55,61,54,12,7,6,12,12,14,LaLiga 2
T. Zidane,Córdoba,Francia,7,CM,Right,194,24,61,,59,54,62,63,54,61,59,50,58,65,53,63,58,52,65,65,58,60,63,64,55,59,54,57,64,58,58,50,58,62,57,59,54,57,49,15,12,7,9,15,12,LaLiga 2
D. Cáceres,Córdoba,España,6,CM,Right,173,23,65,,64,59,62,65,55,64,58,55,51,65,58,63,64,58,64,67,63,64,69,64,59,61,56,71,61,63,63,61,65,62,61,64,55,51,58,6,9,10,15,13,6,LaLiga 2
D. García,Córdoba,España,37,CB,Left,187,22,62,,57,42,46,52,65,67,43,35,66,50,41,46,43,40,51,55,55,58,50,64,55,59,69,63,68,40,67,63,36,40,42,66,65,64,70,11,13,15,15,11,13,LaLiga 2
D. Budesca,Córdoba,España,30,RB,Right,183,20,68,,81,53,64,63,67,68,70,51,65,66,45,62,57,51,60,61,80,82,73,62,70,60,66,72,67,53,65,70,55,63,50,60,70,65,64,13,6,14,10,14,6,LaLiga 2
E. Muñoz,Córdoba,España,27,RB,Right,179,22,64,,66,52,60,63,61,63,60,51,56,65,50,61,56,54,57,61,66,66,68,63,72,58,61,64,63,49,64,61,53,55,49,66,59,63,66,9,12,15,14,7,15,LaLiga 2
C. Albarrán,Córdoba,España,21,"RB, LB",Right,185,32,63,,63,47,60,59,62,63,66,43,58,63,46,57,54,48,53,62,65,62,62,57,57,55,58,68,63,47,59,60,49,57,46,61,62,63,65,11,14,7,11,7,15,LaLiga 2
Nélson Monte,Córdoba,Portugal,20,CB,Right,187,31,68,,64,49,57,57,72,68,48,44,69,61,43,53,54,48,67,58,61,67,61,69,61,61,74,66,71,52,64,68,45,56,46,61,70,77,71,10,15,14,7,10,8,LaLiga 2
R. Alves,Córdoba,España,16,"CB, CDM",Right,184,32,67,,58,45,55,52,70,70,48,38,61,64,41,48,49,49,57,54,60,57,49,68,55,59,66,61,74,48,73,74,40,47,44,65,68,71,73,8,9,9,13,7,6,LaLiga 2
F. Fomeyem,Córdoba,Camerún,12,CB,Right,181,26,62,,58,39,50,51,63,64,42,33,67,56,37,47,45,43,60,55,52,63,45,59,52,55,66,57,69,39,62,62,33,45,40,60,63,64,59,15,7,14,7,9,12,LaLiga 2
J. Gutiérrez,Córdoba,España,5,CB,Right,185,26,68,,62,50,57,59,71,73,56,47,68,65,44,59,50,50,58,58,58,65,56,66,55,62,65,67,75,47,77,76,41,46,49,68,70,69,73,12,8,7,11,12,7,LaLiga 2
Á. Martin,Córdoba,España,4,"CB, RB",Right,173,28,65,,59,45,55,58,68,64,52,40,61,64,41,55,47,44,55,59,56,61,61,59,57,60,61,60,67,44,64,69,43,49,42,62,71,68,68,14,11,8,7,11,15,LaLiga 2
D. Tasende,Córdoba,España,3,"LB, RB",Left,172,26,63,,64,49,58,63,60,62,63,43,52,60,43,61,57,45,60,65,65,64,66,66,66,63,56,62,65,48,56,60,54,49,51,61,58,65,61,8,15,8,15,15,7,LaLiga 2
Guilherme Fernandes,Córdoba,Portugal,13,GK,Left,191,25,66,,41,25,34,31,22,50,20,17,30,42,18,20,22,24,41,34,43,39,35,58,52,48,55,40,57,24,44,28,14,36,23,48,15,24,16,68,64,59,68,74,47,LaLiga 2
I. Álvarez,Córdoba,Andorra,1,GK,Left,190,25,68,,48,29,37,31,29,51,22,24,26,40,14,19,29,25,42,33,46,49,44,60,45,49,55,38,59,25,45,36,15,48,32,50,27,28,25,72,69,65,67,66,46,LaLiga 2
I. Ribas,Burgos CF,España,31,"ST, LW",Right,183,21,61,,63,61,51,60,30,62,51,64,63,55,61,57,50,49,46,62,62,63,62,61,56,61,62,58,66,51,56,26,66,48,60,62,29,25,18,15,9,8,15,14,9,LaLiga 2
J. Llabrés,Burgos CF,España,19,"LW, LM",Right,174,24,67,,74,63,64,66,35,59,62,62,51,68,73,70,67,65,61,60,69,79,72,74,68,64,57,64,59,62,51,33,64,61,60,64,38,31,27,13,7,8,13,7,6,LaLiga 2
C. Sánchez,Burgos CF,España,16,"ST, CAM",Right,176,30,69,,71,71,60,67,35,66,56,75,66,64,63,71,57,55,57,61,72,71,70,73,67,73,70,58,71,61,65,31,77,63,71,71,31,33,30,6,7,13,11,8,14,LaLiga 2
V. Mollejo,Burgos CF,España,11,"ST, RM, RW",Right,176,25,62,,63,64,53,58,31,58,50,64,61,62,60,52,56,52,46,62,60,66,64,61,61,73,60,56,58,56,59,29,69,47,62,60,29,27,23,12,6,13,13,9,8,LaLiga 2
A. Forés,Burgos CF,España,9,ST,Right,179,25,66,,65,68,56,63,34,65,53,72,66,59,69,58,62,57,49,65,69,61,72,69,65,68,67,66,67,60,56,30,70,56,65,65,33,29,23,13,10,11,13,9,12,LaLiga 2
J. Karrikaburu,Burgos CF,España,7,ST,Left,183,24,68,,71,70,58,68,38,68,53,71,70,63,69,66,60,59,51,70,69,73,65,74,59,77,68,66,70,60,68,33,70,60,75,75,34,38,26,11,11,10,10,14,13,LaLiga 2
S. Lencina,Burgos CF,Argentina,24,"ST, LW",Right,183,21,67,,69,69,59,63,35,65,58,72,67,62,66,65,59,57,48,60,71,68,63,66,57,67,65,68,67,63,58,28,76,62,64,71,37,32,23,15,13,14,8,6,13,LaLiga 2
F. García,Burgos CF,España,21,LM,Left,175,23,62,España,69,58,61,63,43,59,63,58,50,63,48,61,57,53,56,66,68,69,62,61,65,60,56,69,59,56,48,45,57,62,60,59,40,43,44,7,14,12,13,7,8,LaLiga 2
J. Gragera,Burgos CF,España,20,"CM, CDM",Right,186,26,67,,66,65,67,66,60,68,63,63,62,66,59,63,66,66,70,71,61,70,63,62,59,70,57,71,69,66,65,58,68,72,58,63,61,63,53,15,12,6,11,15,14,LaLiga 2
M. Cantero,Burgos CF,España,17,"CM, CDM",Left,180,24,62,,58,58,62,61,52,62,61,55,54,66,50,59,57,56,61,64,60,56,60,58,61,64,55,66,62,60,60,53,59,60,52,66,43,58,54,12,8,14,15,12,11,LaLiga 2
D. González,Burgos CF,España,14,"RM, RW",Right,180,24,69,,75,65,69,72,51,64,70,63,61,72,63,71,71,65,66,73,73,76,74,69,72,67,58,71,61,67,63,48,64,66,68,64,50,52,47,8,13,6,12,9,7,LaLiga 2
U. Vencedor,Burgos CF,España,12,"CM, CDM",Right,176,25,68,,63,63,67,66,60,63,62,62,52,68,55,63,65,62,72,70,66,61,71,64,66,66,62,71,59,66,65,62,60,67,62,61,66,57,54,7,10,8,8,9,15,LaLiga 2
K. Appin,Burgos CF,Martinique,10,"LM, ST, LW",Right,177,28,64,,71,62,62,66,45,58,65,62,52,64,58,67,63,61,58,67,70,71,66,61,59,65,51,70,56,61,50,48,65,60,56,61,43,44,43,13,9,10,7,11,15,LaLiga 2
M. Expósito,Burgos CF,España,5,"CM, CAM",Right,181,23,60,,57,55,59,60,52,57,59,52,59,55,51,60,59,55,61,61,53,61,55,63,64,63,52,67,54,54,51,51,56,64,50,62,47,56,53,10,8,10,15,6,10,LaLiga 2
P. Galdames,Burgos CF,Chile,4,CM,Left,172,29,63,,58,58,63,64,55,58,56,54,53,67,52,61,59,63,62,64,60,57,73,66,63,65,52,67,54,60,59,55,61,64,59,62,53,58,54,6,13,15,15,15,10,LaLiga 2
H. Sedano,Burgos CF,España,25,"CM, CAM",Right,193,20,61,,59,59,61,60,56,58,58,59,58,63,45,60,57,56,61,59,62,57,63,57,60,65,53,64,58,57,52,62,63,61,56,63,56,51,54,11,12,11,15,13,6,LaLiga 2
D. Hernaiz,Burgos CF,España,39,CB,Left,180,20,61,,61,44,49,51,66,60,44,40,63,58,40,45,43,44,50,57,60,61,49,51,50,61,62,57,60,41,63,66,40,40,38,56,70,64,60,7,12,10,9,6,14,LaLiga 2
I. Martínez,Burgos CF,España,36,CB,Left,186,21,59,,54,42,48,47,66,63,47,34,66,50,33,43,38,46,56,48,51,57,50,58,46,64,61,56,66,42,63,68,34,41,40,52,64,68,59,9,8,12,13,13,12,LaLiga 2
A. Dadie,Burgos CF,España,23,RB,Right,170,24,64,,69,52,60,61,63,60,63,49,54,63,45,60,56,49,63,61,71,67,63,56,77,60,55,64,57,52,63,64,55,53,50,63,63,64,64,13,6,6,10,10,12,LaLiga 2
B. Martínez,Burgos CF,España,22,LB,Left,175,24,62,,65,47,60,59,62,58,64,41,47,65,47,56,53,46,58,58,64,66,67,65,63,59,61,63,54,49,63,61,47,52,50,57,62,66,65,10,12,7,10,7,11,LaLiga 2
S. del Cerro,Burgos CF,España,18,CB,Right,185,22,56,,50,36,47,42,60,58,43,32,61,56,31,35,35,35,51,45,54,47,39,52,47,48,61,53,61,39,56,55,28,38,34,58,61,63,59,12,12,15,10,9,14,LaLiga 2
O. Luengo,Burgos CF,España,15,CB,Right,185,28,62,,59,40,52,51,64,64,48,35,65,60,36,47,47,44,49,52,60,59,50,60,52,56,66,60,65,37,67,62,33,46,42,61,62,69,62,15,13,7,8,6,11,LaLiga 2
G. Sierra,Burgos CF,España,8,CB,Right,188,33,69,,58,50,56,59,71,72,52,48,69,63,47,56,49,46,56,60,54,62,55,68,55,62,76,68,75,46,69,71,42,52,47,70,70,74,68,9,12,11,9,12,12,LaLiga 2
S. González,Burgos CF,España,6,CB,Right,184,29,63,,58,47,54,51,66,63,53,45,65,57,39,44,42,45,59,58,60,56,54,54,51,57,65,59,63,44,66,68,39,49,45,56,64,70,62,8,6,7,7,14,13,LaLiga 2
I. Vilarrasa,Burgos CF,España,3,LB,Left,183,27,62,,66,50,58,57,60,61,60,47,58,61,42,57,55,48,53,52,64,67,62,66,63,55,63,62,60,53,63,64,50,56,47,60,59,58,65,11,7,8,9,13,14,LaLiga 2
Á. Lizancos,Burgos CF,España,2,"RB, CB",Right,181,23,69,,73,56,64,66,66,66,67,52,60,67,49,63,63,53,67,67,72,73,70,62,70,65,64,70,65,57,66,66,61,56,54,67,66,66,68,8,14,11,11,15,8,LaLiga 2
C. Torrelavid,Burgos CF,España,37,GK,Left,185,21,59,,35,18,28,28,14,42,13,13,13,36,10,19,11,14,28,29,32,37,37,53,45,41,46,29,50,11,36,22,10,37,21,35,12,12,14,61,59,55,58,59,38,LaLiga 2
D. González,Burgos CF,España,35,GK,Left,192,20,60,,37,18,27,25,17,45,14,11,25,35,11,10,10,12,28,31,35,39,37,55,42,39,49,37,51,16,40,25,10,34,20,37,15,12,15,62,58,52,60,64,36,LaLiga 2
M. Monedero,Burgos CF,España,30,GK,Right,185,21,60,,36,18,30,28,19,45,15,10,25,36,11,18,13,15,37,33,34,37,26,58,39,42,48,39,52,15,35,26,10,37,21,39,17,16,15,58,57,55,61,64,37,LaLiga 2
A. Cantero,Burgos CF,España,13,GK,Right,189,31,68,,41,26,37,33,27,54,22,16,32,44,22,22,29,23,38,34,40,42,41,67,50,48,54,48,61,28,44,36,17,45,28,56,23,23,27,70,63,60,68,71,45,LaLiga 2
B. Iribarne,Burgos CF,España,1,GK,Right,191,22,61,,36,21,32,26,17,45,12,14,22,42,14,11,19,16,41,33,34,37,37,56,36,47,56,34,53,14,36,21,15,35,23,42,14,16,20,60,64,57,61,59,44,LaLiga 2
C. Lumbreras,Eibar,España,32,ST,Right,180,21,61,,62,64,51,60,28,59,52,67,62,52,57,55,53,52,50,65,62,62,60,68,63,69,59,62,60,56,52,25,62,49,62,63,25,25,21,10,6,6,15,10,10,LaLiga 2
E. Gift,Eibar,España,27,LW,Right,183,20,58,,71,56,56,59,26,51,56,59,44,57,47,60,58,52,54,57,73,70,66,54,62,56,51,54,53,51,43,32,62,54,59,50,21,23,19,7,12,7,13,8,14,LaLiga 2
J. Martón,Eibar,España,20,"ST, CAM",Right,181,27,65,,68,64,57,63,32,67,62,65,68,56,67,69,59,48,53,56,72,65,61,62,59,63,63,63,72,58,59,30,65,58,69,65,28,26,28,8,15,13,11,8,12,LaLiga 2
E. Pérez,Eibar,España,19,LW,Right,180,25,63,,67,62,60,64,32,59,59,63,54,63,56,68,63,56,54,61,65,68,64,60,66,63,51,66,58,58,53,31,66,63,62,60,32,27,25,11,8,15,12,6,13,LaLiga 2
J. Guruzeta,Eibar,España,10,"LW, CAM, ST",Left,185,26,62,,70,59,60,65,33,55,62,59,52,58,61,65,57,52,53,68,70,70,64,65,65,61,58,62,54,55,48,38,59,68,62,54,31,29,21,14,7,6,9,9,11,LaLiga 2
I. Zubiria,Eibar,España,10,"ST, LW",Right,176,22,60,,64,60,50,59,25,58,47,63,59,54,64,57,56,50,43,61,63,65,60,64,57,61,60,55,61,50,54,24,59,51,62,60,22,18,27,15,12,13,13,10,14,LaLiga 2
J. Bautista,Eibar,España,9,ST,Right,178,31,71,,72,74,62,70,36,71,60,80,69,65,74,69,62,61,55,70,72,72,65,73,73,72,74,69,72,66,71,32,71,63,68,75,32,34,31,15,15,13,10,8,8,LaLiga 2
A. Ares,Eibar,España,7,"RW, LW, ST",Right,183,24,62,,70,60,58,65,32,58,62,58,51,59,60,66,60,56,51,64,67,72,69,65,66,64,57,68,57,59,48,36,65,59,58,63,34,23,26,11,6,13,11,8,6,LaLiga 2
L. Sarasketa,Eibar,España,35,CAM,Right,170,19,60,,61,57,62,64,35,53,56,55,43,65,57,67,58,59,61,60,60,62,66,58,67,57,49,55,52,60,53,38,65,63,57,61,39,30,25,12,15,11,15,12,8,LaLiga 2
A. Garrido,Eibar,España,30,"CDM, CM",Right,170,22,63,,50,55,59,60,63,62,52,51,48,64,48,62,51,56,62,57,48,51,60,66,60,65,57,66,58,56,69,67,54,57,54,61,61,67,66,15,10,14,10,15,7,LaLiga 2
L. Núñez,Eibar,España,28,CM,Right,183,20,60,,60,52,59,61,53,61,52,46,53,64,47,63,55,52,63,63,58,61,57,58,53,60,53,66,62,55,55,52,59,59,54,58,52,54,54,13,7,7,13,14,9,LaLiga 2
I. Gil,Eibar,España,21,"ST, CAM",Right,168,26,66,,64,69,58,64,34,64,61,72,60,60,69,59,54,56,50,68,65,64,65,69,68,69,59,62,68,62,60,29,71,57,64,64,35,29,29,11,7,12,11,8,11,LaLiga 2
Pejiño,Eibar,España,17,"RM, LM, LW",Right,177,30,67,,72,62,65,69,48,62,65,62,51,66,59,66,69,63,59,70,69,74,77,64,69,63,54,71,58,62,63,52,68,66,62,67,47,47,45,15,6,13,9,9,7,LaLiga 2
L. Olaetxea,Eibar,España,14,"CDM, CM",Right,179,33,66,,54,56,65,64,69,70,57,51,59,65,51,64,62,54,72,64,54,54,59,70,63,58,65,75,67,65,72,72,62,69,56,67,70,68,70,10,7,7,11,14,7,LaLiga 2
J. Magunazelaia,Eibar,España,11,"CAM, RW, ST",Left,180,25,68,,67,69,70,71,42,63,65,67,60,75,66,70,72,64,62,73,67,67,71,69,69,74,60,64,64,70,58,45,70,74,70,74,39,38,36,15,14,12,8,6,9,LaLiga 2
A. Madariaga,Eibar,España,8,"CDM, CAM, RW",Right,176,24,62,,53,51,57,59,63,63,49,47,58,60,46,54,53,53,61,61,52,53,60,67,61,59,59,66,61,51,67,64,53,57,54,65,64,63,64,10,11,13,8,8,10,LaLiga 2
S. Álvarez,Eibar,España,6,"CDM, CM",Right,180,34,68,,53,56,63,65,69,71,55,48,62,65,57,59,58,58,70,69,50,56,67,66,64,67,62,74,71,64,68,75,60,65,57,73,68,68,66,15,13,10,6,6,7,LaLiga 2
H. Ortuzar,Eibar,España,36,LB,Left,175,21,61,,65,46,54,57,61,56,60,41,55,52,41,50,53,47,56,61,62,67,59,64,72,61,62,64,50,43,60,59,50,51,42,51,66,61,59,11,8,9,11,7,10,LaLiga 2
O. Llorente,Eibar,España,34,"RB, RM",Right,169,21,59,,63,44,51,56,54,55,54,41,44,51,39,53,52,45,49,57,64,62,61,59,65,49,54,62,53,47,53,55,45,49,43,50,57,56,52,14,9,14,12,12,11,LaLiga 2
J. Bernat,Eibar,España,24,LB,Left,172,33,66,,67,51,64,64,66,62,69,47,58,68,43,60,56,51,68,65,68,66,68,70,71,58,62,66,59,54,62,60,52,56,51,59,67,71,65,6,10,14,14,9,6,LaLiga 2
A. Arbilla,Eibar,España,23,"CB, LB",Right,177,39,68,,54,48,57,59,72,68,57,44,65,64,40,55,52,46,61,60,55,54,57,67,63,66,70,63,71,44,68,73,43,48,46,74,71,74,72,13,8,13,10,11,13,LaLiga 2
Á. Rodríguez,Eibar,España,22,"RB, LB",Left,181,32,65,,67,53,59,65,64,64,62,52,56,57,49,60,55,47,62,69,64,70,69,67,71,58,56,67,65,53,62,64,54,59,48,61,68,63,59,13,10,8,8,14,7,LaLiga 2
M. Arana,Eibar,España,18,"CB, CDM",Right,187,24,61,,58,41,50,49,65,70,50,37,67,61,37,42,40,39,45,54,59,57,47,59,51,52,61,61,76,43,66,67,34,39,42,65,64,66,61,14,14,15,9,15,15,LaLiga 2
Jair Amador,Eibar,Portugal,15,"CB, CDM",Right,190,37,67,,52,48,55,57,73,72,50,44,70,62,41,53,47,52,59,61,52,52,53,63,56,63,73,68,75,45,67,77,42,46,44,67,74,71,68,7,13,14,8,13,14,LaLiga 2
P. Nolaskoain,Eibar,España,8,"CB, CDM",Right,185,27,68,,61,51,56,56,72,72,51,48,77,66,43,51,45,47,59,59,59,63,58,71,53,59,75,62,77,51,71,68,45,47,54,69,70,76,73,11,12,11,8,14,15,LaLiga 2
U. Elgezabal,Eibar,España,4,"CB, CM",Right,185,33,69,,61,51,57,59,71,71,52,46,71,65,44,53,48,52,55,63,57,64,56,68,62,63,68,63,76,54,69,67,42,53,46,67,75,71,70,10,15,11,13,12,9,LaLiga 2
I. García de Albéniz,Eibar,España,3,"LB, RB",Right,177,26,66,,72,51,62,63,62,63,65,46,53,65,51,65,60,55,64,58,69,74,65,64,69,59,62,61,62,53,67,60,54,52,45,63,61,67,67,8,6,10,6,7,7,LaLiga 2
S. Cubero,Eibar,España,2,"RB, RM",Right,188,27,66,,77,49,63,61,64,68,68,44,63,66,50,60,55,51,61,61,77,77,63,61,64,56,67,76,65,50,64,63,54,61,54,61,67,59,70,9,15,14,6,11,15,LaLiga 2
J. Magunagoitia,Eibar,España,13,GK,Right,183,26,69,,44,26,36,36,24,50,19,18,26,40,21,23,27,24,47,41,40,47,45,61,45,47,60,42,57,24,41,30,20,41,29,45,24,20,18,71,67,65,72,74,47,LaLiga 2
L. López,Eibar,España,1,GK,Right,192,25,61,,39,18,30,27,20,43,11,10,20,38,10,15,20,18,31,30,38,39,38,56,36,40,44,33,51,19,36,27,14,40,19,36,18,17,17,60,59,54,60,60,39,LaLiga 2
G. Petit,Cádiz,Uruguay,25,"ST, LM",Left,189,20,72,,79,74,63,69,42,74,64,77,75,68,73,70,65,64,52,68,77,81,70,64,65,74,72,70,80,66,63,38,73,59,74,70,41,36,33,6,15,15,8,11,12,LaLiga 2
V. Kopotun,Cádiz,Ucrania,21,ST,Right,180,25,64,,65,65,56,65,31,66,52,65,64,59,64,65,52,52,52,65,64,65,67,67,61,67,65,63,68,62,64,31,70,60,63,66,29,24,26,6,13,8,7,9,10,LaLiga 2
B. Vázquez,Cádiz,España,20,"RW, RM",Left,180,21,59,,64,59,56,62,28,51,63,61,46,57,57,66,58,59,51,59,68,60,61,59,61,64,51,59,51,52,40,29,60,51,57,56,29,24,22,15,11,7,8,8,7,LaLiga 2
U. Izeta,Cádiz,España,19,ST,Right,175,27,70,,72,69,59,69,37,67,56,69,64,65,70,68,62,59,55,68,70,73,70,72,69,67,69,66,70,67,61,36,75,56,71,71,37,31,33,11,11,10,10,14,6,LaLiga 2
A. Cordero,Cádiz,España,16,"LW, LM, RM",Left,178,19,63,,71,63,62,67,35,54,62,62,49,65,57,67,63,57,58,69,74,68,67,57,70,65,54,68,51,67,46,35,64,61,56,59,40,28,27,12,15,11,6,9,15,LaLiga 2
I. Tabatadze,Cádiz,Georgia,12,"RW, LM",Right,172,26,66,,74,61,62,71,34,58,64,60,53,62,63,72,65,63,63,69,73,75,77,67,67,65,59,63,56,58,56,33,63,60,62,67,34,29,36,7,10,13,10,13,12,LaLiga 2
Suso,Cádiz,España,10,"ST, CAM, RW",Left,176,32,68,,62,69,58,66,35,69,52,72,62,61,64,64,62,60,58,66,59,65,71,72,65,67,65,65,72,66,66,33,75,58,67,71,32,34,27,13,14,13,7,6,11,LaLiga 2
Á. Pascual,Cádiz,España,9,"ST, CAM",Right,190,24,66,,71,64,58,65,35,68,54,67,68,63,66,67,62,55,48,67,68,73,57,61,58,63,66,68,70,58,64,35,66,58,66,61,31,31,26,8,15,10,14,7,15,LaLiga 2
E. Aghama,Cádiz,Nigeria,8,"LW, ST",Left,178,22,62,,69,59,62,64,33,54,70,58,51,59,61,66,63,54,53,61,71,68,66,63,68,62,48,68,51,59,48,35,61,66,57,57,32,28,30,14,12,6,14,13,8,LaLiga 2
F. Mwepu,Cádiz,Zambia,29,ST,Right,178,26,62,,62,65,53,62,25,61,49,64,63,62,66,57,50,50,47,68,60,63,62,61,61,64,61,58,64,65,58,22,65,48,69,62,23,20,18,7,15,12,12,8,15,LaLiga 2
D. Zárate,Cádiz,Colombia,28,"CM, CDM",Right,183,19,58,,55,53,61,59,48,58,56,50,52,65,43,57,58,45,61,62,56,55,57,55,57,62,51,57,60,53,56,46,58,62,46,56,48,49,40,9,15,12,15,8,6,LaLiga 2
I. Sánchez,Cádiz,España,24,CAM,Right,182,22,63,,66,63,63,65,36,56,60,62,54,63,58,67,65,61,61,65,65,66,65,61,66,69,57,58,56,61,52,43,67,66,55,61,32,31,30,15,10,6,15,13,10,LaLiga 2
D. Rodríguez,Cádiz,España,23,"CDM, CM",Right,180,23,69,,65,58,67,65,70,69,60,53,65,69,53,63,55,66,69,65,63,66,64,70,65,64,67,73,66,64,73,72,62,70,57,69,68,72,71,15,15,12,14,8,7,LaLiga 2
J. Orellana,Cádiz,España,18,"CM, CDM",Right,177,26,65,,63,58,64,68,58,64,62,56,55,65,54,69,63,58,65,69,62,63,64,65,67,66,58,75,61,56,59,63,63,67,57,69,54,58,58,13,10,9,13,14,9,LaLiga 2
A. Moueffek,Cádiz,Francia,17,"CM, CAM, CDM",Right,179,25,71,,66,65,68,73,66,71,64,65,60,72,62,73,60,64,67,75,64,68,68,71,66,62,65,78,70,66,67,64,67,71,66,72,71,68,58,10,6,11,13,8,14,LaLiga 2
G. Gocholeishvili,Cádiz,Georgia,12,"RM, LB, RB",Right,178,25,69,,72,64,70,69,48,67,76,63,57,72,63,70,69,57,60,68,73,72,75,68,65,69,62,73,68,64,60,51,72,71,56,64,46,47,45,15,8,9,10,12,11,LaLiga 2
J. Ontiveros,Cádiz,España,10,"LM, LW",Left,172,29,68,,72,61,68,70,48,62,68,60,51,71,59,73,66,65,66,70,75,70,68,66,70,62,55,62,64,62,59,49,65,65,56,62,48,49,41,11,7,7,6,10,7,LaLiga 2
M. Doué,Cádiz,Francia,5,"CDM, CM",Left,185,25,61,,61,53,59,57,64,63,49,50,57,63,50,55,52,52,58,58,65,58,55,68,57,57,58,68,61,55,61,64,55,67,48,65,62,67,65,14,10,10,11,6,7,LaLiga 2
D. García,Cádiz,España,7,"CM, CAM",Right,183,23,60,,61,53,59,60,51,60,52,52,48,57,50,63,59,54,66,58,64,58,56,60,54,55,55,64,61,53,56,52,53,65,60,61,50,52,51,7,6,10,13,15,11,LaLiga 2
M. Rivera,Cádiz,España,33,LB,Left,177,17,60,,67,45,55,57,57,57,59,42,50,58,44,57,54,48,51,55,66,67,66,56,64,50,54,66,54,49,54,60,43,52,44,51,55,58,58,13,10,11,10,11,6,LaLiga 2
R. Rosado,Cádiz,España,32,LB,Left,182,18,57,,64,45,52,56,55,56,57,43,47,54,38,55,43,46,53,56,65,63,64,52,53,52,56,55,56,45,58,59,52,47,41,49,52,59,56,8,9,7,10,9,8,LaLiga 2
N. Obioma,Cádiz,Francia,31,CB,Right,188,18,61,,57,42,48,51,62,63,49,39,61,51,36,48,42,42,53,55,60,54,49,53,53,56,62,53,67,39,68,65,34,40,42,52,65,57,63,12,15,14,12,13,11,LaLiga 2
C. Diaz,Cádiz,España,30,"RB, RM",Left,184,18,60,,65,46,54,58,57,58,62,44,52,52,43,55,54,46,53,60,64,65,65,58,58,52,58,65,55,46,58,59,48,51,49,51,58,56,58,9,12,14,14,15,6,LaLiga 2
J. Díaz,Cádiz,España,27,RB,Right,182,20,59,,66,48,54,57,58,59,61,46,55,58,42,56,47,45,49,58,63,69,60,52,58,53,54,64,59,49,53,58,53,48,41,49,57,61,57,6,13,14,8,15,6,LaLiga 2
C. Gutiérrez,Cádiz,España,22,LB,Right,177,25,66,,69,52,61,61,61,62,68,51,60,61,50,58,59,46,63,62,68,70,66,62,66,58,61,70,58,49,60,63,55,57,47,59,58,61,63,13,13,15,8,9,10,LaLiga 2
K. Toibibou,Cádiz,Comoras,15,"CB, CDM",Right,184,21,60,Comoras,56,38,51,49,63,62,47,34,62,60,33,44,43,43,51,51,57,56,48,58,52,51,64,64,62,36,58,62,35,42,41,56,62,64,65,10,6,15,13,9,9,LaLiga 2
B. Kovačević,Cádiz,Serbia,14,CB,Right,193,22,65,,60,46,52,54,70,67,49,44,67,60,38,53,46,45,56,52,58,62,53,62,52,59,71,60,71,40,67,67,43,43,46,68,75,69,68,13,6,8,13,14,11,LaLiga 2
M. Fernández,Cádiz,España,6,CB,Right,185,25,68,,64,48,55,57,73,69,52,43,73,63,45,52,48,44,57,60,59,69,59,66,58,62,64,66,71,47,68,69,42,46,45,65,76,72,72,14,9,14,14,12,15,LaLiga 2
J. Castro,Cádiz,España,4,"CB, RB",Right,183,26,68,,58,47,57,60,68,68,54,41,72,65,41,57,56,46,62,63,56,59,60,69,60,62,72,62,69,50,71,71,40,46,51,63,65,65,71,14,6,13,15,9,15,LaLiga 2
S. Arribas,Cádiz,España,3,"LB, CB",Left,185,23,63,,66,49,59,59,57,64,62,47,60,66,47,53,58,44,56,63,65,66,63,60,63,56,64,70,61,47,63,54,52,49,43,61,57,56,61,6,12,13,12,14,12,LaLiga 2
B. de Jesus,Cádiz,España,2,"LB, LM",Right,178,24,61,,64,48,56,57,63,62,62,48,55,59,43,54,52,50,54,59,62,66,60,55,66,53,57,64,62,45,60,61,45,51,45,55,65,64,63,6,7,10,11,12,14,LaLiga 2
R. Domínguez,Cádiz,España,26,GK,Left,193,21,55,,29,15,24,23,15,36,10,10,19,33,10,17,14,10,20,20,27,30,34,50,32,34,42,30,41,11,28,20,11,29,17,29,15,10,13,56,53,47,58,56,36,LaLiga 2
J. Ezkieta,Cádiz,España,13,GK,Right,193,30,71,,44,31,38,38,27,51,26,20,28,45,20,24,26,22,38,43,48,40,47,72,53,57,64,42,59,36,39,39,18,47,33,51,22,26,20,73,69,66,72,72,50,LaLiga 2
D. Gil,Cádiz,España,1,GK,Right,183,32,64,,39,24,34,28,21,48,21,17,21,39,12,13,16,19,43,33,36,41,41,63,42,44,57,41,53,23,40,25,17,42,26,45,21,21,15,66,61,56,64,68,42,LaLiga 2
H. López,FC Andorra,España,29,"ST, LW",Right,180,19,64,,70,66,55,63,33,66,51,71,64,65,66,66,50,58,41,60,69,71,62,60,58,64,66,65,69,59,61,29,64,54,68,66,30,31,26,9,6,7,15,14,11,LaLiga 2
S. Golubovic,FC Andorra,Serbia,27,"ST, LW",Right,190,20,62,,66,63,53,58,29,63,51,67,61,55,60,57,58,53,49,59,66,66,57,66,53,66,66,59,67,53,59,27,62,52,61,61,26,25,26,13,10,13,15,13,10,LaLiga 2
M. Sidibe,FC Andorra,España,21,"LW, ST",Left,179,24,63,,70,62,60,64,28,54,61,63,49,64,57,63,60,60,49,66,67,72,64,67,65,63,52,66,50,63,49,25,63,62,53,57,24,29,24,12,14,7,12,9,15,LaLiga 2
N. Quintana,FC Andorra,España,19,ST,Right,178,25,65,,70,65,55,65,32,66,52,66,60,57,64,65,54,53,50,67,71,70,61,65,56,65,64,61,72,62,60,31,69,57,64,67,26,31,22,15,13,7,8,15,9,LaLiga 2
J. Cano,FC Andorra,España,15,"RW, RM",Left,177,31,67,,70,65,67,71,38,62,66,65,56,69,61,67,69,65,62,74,64,74,76,67,69,65,51,73,62,65,52,44,70,68,63,71,36,33,28,11,8,9,13,11,9,LaLiga 2
E. Sali,FC Andorra,Rumanía,12,"LW, ST",Left,168,20,62,,74,61,61,60,32,54,62,61,45,63,58,60,57,58,59,57,80,70,67,61,71,59,50,60,52,63,53,33,70,61,55,61,32,27,30,6,14,7,14,12,9,LaLiga 2
L. de León,FC Andorra,Uruguay,11,"ST, RW",Left,185,25,67,,71,71,56,67,35,66,49,76,72,64,73,63,60,58,45,73,69,73,65,63,60,67,71,61,70,62,60,29,72,57,70,67,32,32,26,15,6,13,12,14,15,LaLiga 2
S. Samushia,FC Andorra,Georgia,30,"ST, CF",Right,172,19,57,,65,59,48,56,22,52,50,60,55,50,60,57,49,44,43,53,63,66,61,55,57,61,48,57,52,54,48,20,61,49,59,57,17,18,16,7,7,10,8,11,7,LaLiga 2
T. Olmedo,FC Andorra,España,28,CAM,Right,173,18,61,,64,62,59,65,33,49,53,65,46,61,59,64,62,58,59,66,62,66,67,58,66,58,49,57,45,59,48,34,70,59,62,63,34,29,26,14,10,13,8,8,13,LaLiga 2
T. Le Normand,FC Andorra,Francia,24,"CAM, CM",Right,185,26,63,,64,64,66,69,36,57,61,65,56,70,58,71,65,62,59,70,64,64,67,63,62,65,51,60,59,66,52,41,64,68,59,62,34,31,27,9,15,7,14,14,13,LaLiga 2
D. Díaz,FC Andorra,España,22,"LM, RM",Left,173,21,63,,66,56,64,65,47,58,68,54,52,65,46,65,65,61,59,66,67,65,68,59,63,59,55,63,57,58,55,46,67,62,59,58,44,51,43,6,7,12,7,9,13,LaLiga 2
R. Schneider,FC Andorra,Filipinas,16,"LW, CAM, CM",Left,170,25,66,,73,64,62,70,37,59,61,63,52,62,59,68,68,56,60,70,72,74,77,70,70,66,53,69,57,63,52,38,68,66,65,68,36,34,33,12,6,7,6,10,12,LaLiga 2
S. Molina,FC Andorra,España,14,"CM, CB",Right,178,30,65,,65,58,67,66,60,62,60,53,56,74,54,64,57,56,66,69,67,64,64,65,65,66,58,68,61,60,60,61,68,69,55,62,63,59,57,6,11,8,8,6,6,LaLiga 2
M. Domènech,FC Andorra,España,10,"CM, CDM",Right,178,23,65,,63,59,64,66,59,61,55,57,62,69,48,65,62,60,66,68,66,61,63,68,62,66,61,68,58,58,59,60,60,64,57,64,56,60,56,14,10,10,9,15,11,LaLiga 2
J. Rijkhoff,FC Andorra,Países Bajos,9,"CAM, ST",Right,183,21,63,,63,63,66,65,37,55,63,65,48,69,59,67,68,65,62,63,63,63,66,69,63,59,55,59,56,64,48,39,66,68,58,66,34,37,27,10,7,15,13,13,6,LaLiga 2
E. Akman,FC Andorra,Turkiye,8,"CM, CDM",Right,175,20,63,,62,59,65,64,52,61,65,53,47,71,60,65,54,56,64,63,67,58,68,60,61,66,55,68,59,65,58,56,63,61,53,56,50,54,53,8,9,14,13,12,10,LaLiga 2
H. Solozábal,FC Andorra,España,6,CM,Right,183,23,60,,56,53,61,63,53,59,57,49,51,66,49,62,57,52,60,66,56,56,60,62,58,57,55,65,57,56,57,53,58,61,51,63,53,57,46,9,11,9,6,9,11,LaLiga 2
D. Alende,FC Andorra,España,23,CB,Right,180,29,63,,57,44,52,51,64,63,47,37,66,60,38,47,39,47,54,53,56,58,51,63,55,61,62,54,64,46,71,62,38,47,38,62,64,64,64,8,8,11,8,7,14,LaLiga 2
M. Vilà,FC Andorra,España,20,"LB, CB",Right,166,27,63,,70,49,58,59,60,60,66,44,54,58,47,54,53,48,61,62,68,72,69,58,70,61,61,71,54,46,62,63,53,53,49,57,62,57,58,11,12,11,14,13,9,LaLiga 2
A. López,FC Andorra,España,18,"LB, LM",Left,187,30,64,,66,51,60,60,60,62,68,49,61,63,49,59,52,52,58,61,67,66,63,60,65,54,57,67,60,51,63,60,52,53,54,60,60,59,64,11,11,7,14,11,11,LaLiga 2
T. Carrique,FC Andorra,Francia,17,RB,Right,173,27,66,,73,55,62,61,62,59,66,51,61,59,52,59,62,48,63,57,76,71,71,68,70,62,57,66,54,60,65,62,53,64,53,61,64,61,62,10,10,8,15,13,10,LaLiga 2
A. Calvo,FC Andorra,España,7,LB,Right,170,22,63,,66,47,56,61,60,59,65,43,55,58,49,58,50,48,57,61,69,64,69,60,61,55,50,67,55,48,62,64,54,48,46,64,57,62,62,14,8,9,10,15,12,LaLiga 2
Bomba,FC Andorra,España,5,"CB, RB",Right,185,20,64,,64,45,54,53,65,66,52,41,63,62,45,46,44,44,54,57,63,64,57,61,58,55,69,60,69,44,66,63,42,45,39,57,64,68,68,9,10,8,7,9,9,LaLiga 2
G. Alonso,FC Andorra,España,4,"CB, RB",Right,182,24,66,,63,44,56,57,71,69,52,37,68,64,45,54,49,50,55,60,60,65,57,63,54,60,63,61,73,48,69,68,36,48,43,59,72,75,65,6,9,11,8,12,7,LaLiga 2
L. Spatz,FC Andorra,Argentina,3,"CB, RB",Right,185,24,57,,52,37,45,45,57,58,40,33,62,51,33,41,36,36,52,46,48,55,43,51,51,46,57,53,60,37,62,61,32,39,38,54,55,57,54,15,7,7,12,12,13,LaLiga 2
J. Sebastián,FC Andorra,España,2,RB,Right,185,24,61,,66,44,58,56,60,58,64,40,56,61,39,57,54,52,55,54,66,66,59,60,56,56,57,62,56,43,59,60,44,50,47,55,60,62,61,13,11,15,10,6,11,LaLiga 2
J. Vicario,FC Andorra,España,26,"CB, CDM",Right,187,24,60,,58,41,49,49,64,66,44,36,64,57,34,43,41,46,52,51,58,58,51,61,48,55,64,56,70,40,68,61,40,41,34,60,61,70,63,10,6,9,10,6,13,LaLiga 2
J. Lagunas,FC Andorra,España,31,GK,Right,185,19,61,,36,19,26,25,18,47,10,13,20,28,15,17,13,20,35,23,38,34,34,53,39,37,45,39,55,16,36,25,17,36,23,40,16,13,22,64,54,54,59,60,36,LaLiga 2
J. Owono,FC Andorra,Guinea Ecuatorial,25,GK,Right,186,25,67,Guinea Ecuatorial,46,23,35,33,23,50,20,16,17,40,16,25,20,24,40,33,45,46,42,56,50,44,54,38,60,22,40,30,18,44,27,48,23,20,22,68,66,58,64,67,44,LaLiga 2
P. López,FC Andorra,España,13,GK,Left,189,31,73,,46,30,43,36,32,59,26,24,35,52,25,24,25,21,45,38,44,48,48,68,45,53,65,47,68,25,52,41,23,51,33,55,31,27,30,76,73,67,78,76,57,LaLiga 2
N. Ratti,FC Andorra,Argentina,1,GK,Right,174,33,65,,35,23,34,30,21,53,21,16,25,38,18,18,20,17,35,34,36,35,37,62,45,42,50,42,64,20,38,31,12,46,30,45,17,19,18,64,62,62,65,66,40,LaLiga 2
H. Calvo,Real Valladolid,España,37,"ST, LW",Left,177,19,61,,67,63,53,59,26,57,53,68,62,55,61,53,51,53,45,63,65,68,66,59,56,63,61,57,60,54,50,20,66,55,61,60,26,21,20,9,15,7,13,7,10,LaLiga 2
B. Obosso,Real Valladolid,Nigeria,34,"RW, ST",Right,173,21,58,,65,57,55,62,26,52,56,60,44,58,50,63,54,55,47,62,62,67,67,56,63,54,50,59,52,56,44,25,55,56,57,56,22,27,21,14,9,14,14,12,12,LaLiga 2
T. Abed,Real Valladolid,Israel,23,"RW, ST",Left,178,22,65,,68,62,63,66,33,56,66,60,50,65,60,66,65,56,55,64,72,65,71,65,69,67,56,63,55,61,48,35,64,66,56,59,32,29,30,11,13,7,11,11,7,LaLiga 2
K. de Rooij,Real Valladolid,Países Bajos,22,"LW, ST",Right,184,25,68,,73,65,66,71,37,62,70,64,54,65,66,72,71,70,63,72,74,72,64,68,68,68,62,68,64,64,51,35,73,65,66,67,36,36,29,15,10,14,13,12,11,LaLiga 2
R. van Duiven,Real Valladolid,Países Bajos,20,"ST, CAM",Right,185,20,63,,67,63,53,62,30,64,51,67,64,60,65,60,56,54,45,63,68,66,61,63,62,61,64,61,68,57,60,22,67,50,60,64,28,28,26,12,14,14,7,9,15,LaLiga 2
A. Arnuncio,Real Valladolid,España,19,ST,Right,185,19,60,,58,63,50,60,28,62,53,66,63,51,59,61,53,50,45,62,56,59,56,58,54,65,59,55,69,58,52,23,61,50,63,60,24,24,22,7,10,7,15,7,12,LaLiga 2
V. Barberà,Real Valladolid,España,17,RW,Right,177,22,62,,67,60,59,65,30,57,66,58,46,60,64,66,65,55,52,63,68,67,67,64,66,62,52,62,59,62,47,32,68,57,58,58,29,27,27,14,13,12,7,11,6,LaLiga 2
Y. Cabanzón,Real Valladolid,España,11,"RW, RM",Left,170,23,64,,71,63,60,67,33,56,57,65,47,68,57,68,65,61,53,64,70,72,73,63,72,65,54,68,51,59,53,32,67,54,62,59,33,28,32,11,12,13,11,12,13,LaLiga 2
J. Latasa,Real Valladolid,España,9,"ST, LW",Right,191,25,69,,69,71,59,65,36,71,58,73,70,61,70,65,63,59,58,65,65,72,61,72,63,75,74,59,80,61,61,31,72,57,70,69,31,36,32,14,8,8,15,14,8,LaLiga 2
L. Chacón,Real Valladolid,España,7,"ST, CAM, LM",Right,174,26,68,,74,70,60,65,34,65,55,72,65,64,71,62,67,60,49,67,75,73,68,70,60,73,61,66,67,61,59,33,70,63,66,69,33,28,28,7,13,10,15,13,11,LaLiga 2
M. Parriego,Real Valladolid,España,32,"RM, LM",Right,176,20,62,,68,57,59,65,41,56,64,56,48,60,53,67,57,51,55,66,66,69,63,60,62,58,55,68,52,58,52,38,52,59,58,55,38,47,35,12,14,11,9,12,10,LaLiga 2
V. Fernández,Real Valladolid,España,30,"CAM, CM",Left,170,18,59,,63,57,60,64,31,49,61,55,42,58,52,65,63,62,57,66,64,63,64,55,62,63,45,56,46,59,47,30,58,63,53,58,32,29,28,12,15,14,14,13,15,LaLiga 2
D. Pérez,Real Valladolid,España,28,"CDM, CB",Right,173,21,61,,53,52,58,57,64,61,51,50,59,64,42,53,52,54,60,58,52,53,59,67,63,56,58,65,59,57,64,67,52,56,50,60,61,68,64,12,6,10,8,10,11,LaLiga 2
S. Jurić,Real Valladolid,Croacia,24,"CDM, CM",Right,189,30,66,,62,54,64,63,68,69,55,46,67,71,50,65,55,56,66,60,64,60,61,66,59,62,63,66,72,63,67,66,61,62,62,67,68,69,68,10,8,7,13,14,15,LaLiga 2
J. Ponceau,Real Valladolid,Francia,21,"CDM, CM, CAM",Right,170,25,70,,65,61,67,66,70,69,58,55,63,72,55,63,60,62,71,66,64,65,69,70,71,66,59,72,68,72,69,76,59,66,62,69,72,68,70,7,13,12,9,6,14,LaLiga 2
Á. Balboa,Real Valladolid,Guinea Ecuatorial,16,"CM, CAM",Left,181,25,64,Guinea Ecuatorial,62,57,66,66,56,59,63,53,58,71,56,67,62,62,63,67,65,59,65,63,60,64,60,68,53,60,61,57,61,66,57,68,55,57,54,12,6,15,9,6,7,LaLiga 2
T. Ojeda,Real Valladolid,Argentina,8,"CDM, CM, CAM",Left,187,23,64,,55,56,61,59,66,66,54,55,61,64,53,57,53,56,65,62,55,55,54,62,60,65,60,68,67,53,65,63,54,61,54,62,66,71,60,14,10,11,7,15,12,LaLiga 2
M. Lachuer,Real Valladolid,Francia,6,"CM, CAM",Right,185,26,68,,62,65,67,67,59,67,60,64,62,67,60,68,64,61,74,68,61,63,66,67,64,67,56,71,67,68,66,61,66,71,66,64,58,60,54,11,8,12,15,8,11,LaLiga 2
R. Ito,Real Valladolid,Japón,10,"CAM, CM",Right,174,28,71,,73,74,73,74,46,64,72,76,52,78,65,75,69,68,67,73,75,71,79,70,70,71,57,69,63,74,62,44,74,73,70,69,47,46,38,11,15,14,11,9,10,LaLiga 2
I. Garriel,Real Valladolid,España,27,"LB, RB",Left,177,21,59,,64,45,54,56,58,59,59,41,55,57,38,55,54,45,50,55,66,63,55,58,68,49,54,64,59,49,56,57,50,49,43,58,58,59,60,6,13,6,13,7,12,LaLiga 2
C. Clerc,Real Valladolid,España,18,LB,Left,182,34,64,,64,47,59,59,64,62,69,43,59,57,42,57,62,51,59,57,63,64,66,63,65,57,59,67,61,48,57,63,49,56,49,66,63,67,65,12,7,11,12,7,8,LaLiga 2
P. Tomeo,Real Valladolid,España,15,CB,Right,186,26,66,,61,47,53,57,70,70,58,42,76,56,43,52,42,42,51,60,61,61,52,69,61,57,72,65,75,51,65,66,40,49,39,67,70,71,72,10,11,10,9,15,13,LaLiga 2
I. Alejo,Real Valladolid,España,14,"RB, LB",Right,186,31,65,,66,53,63,60,64,66,68,50,59,68,50,58,58,50,59,59,68,64,69,64,60,62,61,72,66,53,61,67,52,58,51,64,64,65,63,11,8,8,11,11,13,LaLiga 2
M. Rubio,Real Valladolid,España,12,"CB, CDM",Right,191,28,67,,60,46,55,56,71,69,57,44,78,61,35,55,49,42,57,56,59,60,53,62,58,57,72,64,71,46,69,67,41,46,46,64,70,73,70,12,12,8,13,8,8,LaLiga 2
R. Martínez,Real Valladolid,España,5,"CB, RB",Left,185,23,66,,65,48,54,57,68,70,49,42,71,62,42,53,42,49,59,61,62,67,56,63,55,61,67,63,72,49,72,67,44,44,51,64,66,69,69,15,10,8,12,14,15,LaLiga 2
D. Torres,Real Valladolid,España,4,CB,Right,182,23,69,,62,50,58,58,73,69,51,47,74,67,45,53,42,53,62,61,64,61,60,68,60,63,73,62,72,46,68,70,41,49,50,64,71,79,68,12,6,15,11,6,15,LaLiga 2
H. Elamin,Real Valladolid,Catar,3,"LB, LW, LM",Left,188,27,63,,68,48,58,59,63,65,66,47,60,61,44,59,49,50,53,58,65,71,60,59,57,58,60,67,67,43,61,63,49,53,48,62,61,61,74,13,13,9,9,8,11,LaLiga 2
G. Bueno,Real Valladolid,España,3,"LB, RB",Left,176,24,67,,69,53,60,67,64,66,68,50,59,63,44,68,59,54,57,66,67,70,69,62,79,65,64,71,65,51,65,61,58,50,45,64,66,64,64,13,10,11,6,8,14,LaLiga 2
Trilli,Real Valladolid,España,2,"RB, RM",Right,184,23,61,,62,50,56,58,60,58,63,48,55,59,44,58,51,47,53,57,63,61,62,61,62,58,58,61,57,48,57,63,51,50,49,57,59,59,60,8,14,12,7,12,10,LaLiga 2
D. Martín,Real Valladolid,España,25,"LB, LM",Left,175,29,61,,66,47,54,58,60,57,62,44,53,54,43,56,48,44,53,60,67,65,65,57,62,56,59,63,53,45,60,61,50,49,50,52,61,59,60,9,8,14,15,9,10,LaLiga 2
H. Wauthier,Real Valladolid,España,31,GK,Right,184,19,60,,37,18,30,26,16,41,17,10,19,40,10,15,16,16,30,31,39,35,31,56,39,41,47,37,45,19,34,27,11,35,19,36,13,11,18,60,59,54,62,68,38,LaLiga 2
L. Lavagnino,Real Valladolid,Argentina,26,GK,Left,190,22,60,,34,17,30,27,17,43,19,10,24,36,10,14,16,19,31,32,36,33,37,57,42,45,46,33,50,10,36,21,10,35,16,31,16,13,17,59,59,56,65,63,37,LaLiga 2
D. Martín,Real Valladolid,España,13,GK,Left,188,21,66,,45,23,35,34,22,50,20,15,28,42,12,20,25,16,45,39,44,45,42,66,48,49,53,42,58,19,40,26,14,39,26,49,19,24,13,65,62,60,62,72,46,LaLiga 2
Á. Aceves,Real Valladolid,España,1,GK,Left,190,23,64,,40,21,32,33,22,47,15,15,26,38,20,23,20,24,37,36,40,40,42,58,44,42,54,36,54,16,41,32,16,39,22,42,15,21,20,67,59,54,66,64,42,LaLiga 2
A. Pena,Mallorca,España,36,ST,Left,178,22,61,,65,63,51,58,27,62,45,68,60,57,55,55,49,58,40,60,65,65,57,59,60,60,61,57,68,58,53,30,65,52,60,59,27,18,19,13,15,13,9,6,6,LaLiga 2
J. Kalumba,Mallorca,Francia,30,ST,Right,182,21,66,,66,66,54,65,34,65,50,69,60,58,67,63,56,55,46,65,66,66,67,75,64,67,65,67,68,55,55,36,70,56,65,67,34,27,21,11,10,8,9,15,7,LaLiga 2
J. Cerdà,Mallorca,España,19,"LW, ST, RW",Right,175,23,66,,73,62,64,69,36,59,65,64,51,67,60,69,67,54,56,70,76,71,72,69,67,58,53,72,55,62,52,39,64,64,66,67,33,34,32,6,14,15,10,6,12,LaLiga 2
A. Fuentes,Mallorca,España,18,ST,Right,186,30,69,,73,69,60,70,36,73,56,71,74,65,67,69,65,56,56,70,78,69,66,75,66,71,71,66,79,60,67,33,75,58,73,77,30,34,29,6,6,9,10,12,7,LaLiga 2
A. Puigmal,Mallorca,España,17,RW,Right,173,25,66,,74,64,64,70,36,59,61,65,52,67,65,71,65,59,60,70,71,76,71,65,69,66,60,68,56,60,53,37,68,67,62,68,33,35,32,7,10,13,15,6,11,LaLiga 2
A. Buksa,Mallorca,Polonia,16,ST,Right,191,30,73,,78,75,64,72,39,73,57,77,72,73,74,71,64,66,58,73,78,78,69,71,65,76,74,68,78,67,65,39,80,61,73,78,34,35,30,6,14,9,9,12,13,LaLiga 2
Z. Luvumbo,Mallorca,Angola,11,"RW, RM, ST",Right,171,24,73,Angola,84,73,71,73,44,65,71,76,62,73,69,73,76,68,66,71,82,85,79,70,79,73,61,73,63,69,62,41,78,70,64,72,44,41,38,14,8,12,6,15,14,LaLiga 2
A. Prats,Mallorca,España,9,"ST, CF",Right,178,33,70,,70,75,60,71,38,65,53,80,75,66,70,70,57,60,57,75,70,70,64,72,67,74,75,64,67,66,57,36,73,62,70,69,34,35,27,13,6,10,15,9,8,LaLiga 2
J. Garcia,Mallorca,España,39,RM,Right,174,20,59,,69,53,59,60,40,52,59,48,53,59,53,60,58,56,59,59,72,66,65,52,63,61,46,57,50,54,53,46,59,58,53,53,40,34,38,11,13,8,6,10,6,LaLiga 2
A. Liso,Mallorca,España,33,"ST, LM, RM",Right,182,21,70,,73,72,58,67,38,71,59,76,70,60,67,63,66,64,52,71,72,73,66,72,66,69,68,68,77,65,59,38,73,57,70,66,33,32,36,15,9,14,14,8,12,LaLiga 2
A. Roca,Mallorca,España,23,"LM, LW",Left,180,24,63,,69,58,60,65,43,56,63,57,52,59,55,68,59,58,62,60,65,72,70,61,66,63,54,66,53,56,52,46,62,58,49,60,46,36,41,12,9,10,13,14,8,LaLiga 2
P. Torre,Mallorca,España,20,"CAM, ST, CM",Right,173,23,71,,72,72,73,73,44,64,70,71,56,76,67,73,68,71,70,72,70,74,75,72,77,73,64,68,63,78,60,41,69,77,70,78,43,45,38,6,14,13,6,9,10,LaLiga 2
S. Darder,Mallorca,España,10,"CAM, CM, CDM",Right,180,32,76,,75,72,77,78,49,66,70,66,64,79,66,76,78,75,73,80,73,76,77,80,75,76,59,71,66,81,64,52,75,83,76,87,48,47,40,12,8,11,11,7,7,LaLiga 2
M. Morlanes,Mallorca,España,8,"CDM, CM",Right,178,27,71,,67,62,68,68,70,73,61,59,63,74,55,67,63,59,76,68,65,69,67,77,64,68,72,77,72,66,72,74,60,63,57,66,69,71,68,10,11,15,9,13,14,LaLiga 2
Á. Sala,Mallorca,España,7,CM,Right,185,25,66,,62,61,65,67,59,65,64,58,61,69,52,68,59,58,67,67,60,63,68,61,60,59,62,67,64,68,67,58,67,61,61,69,56,63,58,10,6,6,8,11,11,LaLiga 2
A. Sánchez,Mallorca,España,6,"RW, RM, CDM",Right,179,29,68,,75,66,67,72,38,59,72,68,56,69,66,73,71,59,57,71,73,77,75,70,76,63,56,66,60,67,49,31,68,66,63,67,44,31,32,11,9,13,12,13,9,LaLiga 2
G. Fernández,Mallorca,España,2,"CM, CAM",Left,171,18,66,,72,63,65,66,55,61,64,63,54,64,59,65,56,62,72,67,69,74,67,58,69,62,61,66,59,62,58,52,70,66,63,62,61,51,57,15,13,6,6,14,6,LaLiga 2
J. Salas,Mallorca,España,14,"CM, CAM",Right,182,21,63,,61,57,65,63,52,63,62,55,57,63,50,61,65,56,66,67,63,60,63,63,60,57,54,68,63,63,58,53,59,75,56,61,49,53,55,10,8,8,6,6,8,LaLiga 2
M. Calatayud,Mallorca,España,34,RB,Right,177,20,59,,68,45,54,60,57,56,58,43,57,57,36,58,49,47,57,61,68,68,62,55,65,50,53,60,53,49,59,60,45,44,44,55,54,57,64,8,10,14,8,6,8,LaLiga 2
L. Sanchez,Mallorca,España,32,"LB, RB",Left,178,20,60,,69,43,54,57,57,59,57,39,56,57,47,52,52,46,58,60,70,68,64,58,56,45,61,64,58,47,56,53,46,46,45,56,57,59,61,14,11,6,6,11,13,LaLiga 2
L. Orejuela,Mallorca,España,29,LB,Left,178,19,59,,65,42,58,58,54,57,62,38,55,63,39,59,55,41,54,57,64,66,61,52,59,50,56,65,54,42,57,55,49,53,41,53,54,51,61,7,9,8,8,8,14,LaLiga 2
M. Valjent,Mallorca,Eslovaquia,24,"CB, RB",Right,180,30,73,Eslovaquia,68,54,59,62,77,76,55,49,76,66,51,57,49,51,65,65,66,70,61,73,61,68,74,70,77,53,80,83,45,51,50,74,74,78,70,10,10,14,12,13,11,LaLiga 2
A. Soumahoro,Mallorca,Francia,22,LB,Right,187,21,66,,68,50,59,62,62,69,63,47,65,60,45,63,60,50,63,59,62,73,67,65,63,55,64,67,72,53,65,62,53,51,56,61,61,63,64,8,10,13,13,15,12,LaLiga 2
A. Raíllo,Mallorca,España,21,CB,Left,186,34,72,,65,51,62,64,78,72,60,46,74,68,48,58,55,55,62,66,63,66,67,73,64,61,77,69,71,53,77,77,50,56,50,73,78,79,77,9,9,10,13,9,15,LaLiga 2
J. Donald,Mallorca,España,15,"CB, RB",Right,185,26,67,,61,45,53,57,70,69,51,40,69,56,42,52,48,48,58,61,58,64,57,75,51,61,66,60,74,45,69,71,37,48,45,63,68,72,65,10,9,11,14,12,6,LaLiga 2
A. Moreno,Mallorca,España,5,LB,Right,171,34,70,,70,54,67,71,70,68,71,48,58,70,47,71,58,58,62,68,69,70,79,76,74,68,66,75,65,52,67,69,57,64,57,72,67,77,70,8,8,14,14,11,7,LaLiga 2
D. López,Mallorca,España,4,"CB, CDM",Right,195,23,61,,56,43,45,50,67,69,43,37,67,50,35,48,39,42,50,51,53,59,50,61,48,54,62,61,75,46,66,69,38,36,45,58,67,68,63,12,11,10,10,11,8,LaLiga 2
T. Lato,Mallorca,España,3,LB,Left,173,28,65,,68,49,58,62,62,62,66,45,58,62,45,62,54,46,60,59,63,72,68,63,70,60,62,65,60,46,64,62,55,46,48,62,63,62,64,15,11,8,7,14,11,LaLiga 2
T. Dols,Mallorca,España,37,GK,Left,183,23,62,,34,17,30,30,19,46,13,10,24,38,13,17,12,10,34,36,35,34,37,62,44,40,45,38,53,12,40,33,10,38,18,37,14,15,14,58,65,55,65,63,39,LaLiga 2
I. Cuéllar,Mallorca,España,25,GK,Right,185,42,65,,27,23,36,29,22,48,21,17,25,42,16,17,23,26,34,31,23,30,34,63,45,42,56,38,53,22,46,30,13,49,24,48,20,18,16,65,61,61,67,68,47,LaLiga 2
L. Bergström,Mallorca,Finlandia,13,GK,Right,200,24,69,Finlandia,44,24,38,37,26,52,26,14,29,45,19,26,24,21,38,40,41,47,41,62,55,51,58,43,60,20,43,36,19,46,28,49,25,21,25,71,70,63,70,70,47,LaLiga 2
A. Tenas,Mallorca,España,1,GK,Right,185,25,74,,46,33,42,41,29,58,27,26,30,52,25,27,30,32,43,46,46,46,53,70,56,56,58,54,65,33,48,43,22,45,26,53,21,27,29,77,76,67,73,74,51,LaLiga 2
O. Emeka,Granada,España,36,RW,Right,169,17,58,,66,56,56,60,28,46,60,57,42,59,51,56,55,48,52,65,68,64,64,59,58,56,44,58,40,55,45,28,63,51,58,53,27,25,25,9,8,10,11,8,6,LaLiga 2
M. Jiménez,Granada,España,27,"CDM, CM",Right,183,19,60,,55,49,60,54,62,62,55,43,59,68,42,54,50,42,60,58,51,58,45,50,53,59,64,62,59,51,67,64,49,56,53,59,57,66,63,12,15,12,8,11,10,LaLiga 2
C. Onouha,Granada,España,19,ST,Right,187,21,60,,63,62,50,60,26,62,46,64,60,56,63,60,54,45,40,62,64,63,56,58,54,62,61,52,68,58,59,21,68,49,54,56,18,26,22,14,15,6,10,13,13,LaLiga 2
J. Arnáiz,Granada,España,11,"LW, ST, CM",Left,176,31,66,,67,63,62,68,33,58,63,65,54,64,65,67,62,62,55,70,68,66,66,67,67,60,56,61,59,61,52,35,68,65,65,68,34,25,33,9,12,8,13,12,8,LaLiga 2
J. Pascual,Granada,España,10,"ST, CAM",Left,183,23,65,,64,65,54,64,32,64,55,67,71,57,62,65,59,58,42,60,65,64,66,68,62,71,65,60,69,56,54,30,73,53,62,74,28,26,25,12,14,7,14,14,9,LaLiga 2
A. Marqués,Granada,Venezuela,9,"ST, LW",Right,189,26,67,,68,70,58,64,33,69,56,70,72,61,70,59,61,54,51,70,61,74,64,71,58,71,72,63,72,69,66,29,71,58,64,71,31,28,27,11,10,12,15,9,10,LaLiga 2
S. Rodelas,Granada,España,7,"RW, LW",Right,168,21,63,,66,65,59,65,33,54,63,67,50,57,62,65,68,57,57,65,68,65,66,63,69,67,51,67,51,62,48,30,69,59,55,66,33,30,28,12,7,14,12,13,15,LaLiga 2
D. Rodriguez,Granada,España,32,RM,Right,163,19,59,,65,56,59,62,40,49,63,57,41,58,52,63,59,51,59,61,68,63,66,58,65,55,47,62,43,56,48,40,55,59,56,48,42,40,38,15,11,9,7,10,10,LaLiga 2
A. Kader Bamba,Granada,Francia,17,"LW, CAM, LM",Left,176,32,69,,74,68,69,72,39,58,69,66,55,72,60,73,66,61,61,70,74,74,77,68,72,74,57,69,52,66,57,41,72,72,69,72,41,34,30,12,9,8,11,15,6,LaLiga 2
P. Alemañ,Granada,España,8,"CM, CAM",Right,182,24,69,,66,64,65,66,59,65,61,60,59,63,63,65,61,62,75,66,72,61,64,66,69,71,56,76,62,64,62,58,64,68,67,72,59,58,61,10,14,6,15,13,9,LaLiga 2
G. Gumbau,Granada,España,6,"CDM, CM, CAM",Left,188,31,69,,65,62,65,62,72,75,59,60,64,68,55,61,57,64,68,64,67,63,58,64,61,63,74,75,77,65,71,74,66,64,58,68,75,74,65,8,6,12,15,10,13,LaLiga 2
R. Alcaraz,Granada,España,4,"CM, CDM",Left,180,35,66,,55,64,66,67,60,67,66,65,63,65,55,63,60,62,69,73,53,57,66,69,66,63,60,72,66,65,63,59,63,68,56,60,58,61,62,12,15,9,15,8,9,LaLiga 2
B. Dembele,Granada,España,35,"CB, CDM",Right,186,18,57,,54,38,43,48,61,57,43,33,66,49,33,45,37,37,46,51,50,58,43,54,49,57,61,52,58,33,59,58,31,33,42,52,63,61,56,14,12,13,13,13,12,LaLiga 2
A. Garcia,Granada,España,33,LM,Right,179,20,60,,67,55,57,62,40,57,61,53,48,57,58,60,61,48,56,67,69,66,61,52,62,57,49,65,54,57,56,42,61,57,56,54,36,42,33,8,14,8,12,10,6,LaLiga 2
Juanjo,Granada,España,30,CB,Right,188,19,60,,54,40,50,52,62,63,52,35,62,58,36,47,34,36,50,59,51,57,42,56,47,59,61,61,65,36,63,64,37,42,38,59,58,64,64,9,13,12,7,8,15,LaLiga 2
B. Gimber,Granada,Alemania,23,"CB, RB",Left,185,29,68,,65,47,57,56,70,70,53,41,67,68,44,52,49,45,54,56,62,68,56,62,60,62,72,64,72,48,70,66,44,51,47,71,68,75,70,7,9,14,8,13,10,LaLiga 2
B. Diallo,Granada,Mauritania,22,"LB, LM",Left,176,25,67,,74,51,63,63,66,67,63,48,61,67,48,60,59,55,66,63,75,73,75,61,67,57,60,74,64,51,68,69,53,58,53,63,64,65,71,7,8,9,6,12,10,LaLiga 2
S. López,Granada,España,18,"RB, RM",Right,179,27,67,,74,51,64,66,64,65,70,44,56,65,53,67,60,54,64,62,71,76,73,63,69,59,64,71,63,57,61,62,58,61,49,64,63,72,59,10,12,9,6,6,6,LaLiga 2
D. Pampín,Granada,España,16,"LB, LM",Left,175,26,67,,72,52,60,65,64,65,63,49,56,62,45,65,64,53,61,63,75,69,75,57,67,58,66,68,62,52,67,63,58,55,49,63,71,62,64,13,10,6,15,10,6,LaLiga 2
M. Lama,Granada,España,5,"CB, CDM",Left,192,25,67,,60,47,54,57,71,73,50,41,73,61,37,49,45,50,60,65,67,54,54,67,49,62,73,61,78,49,74,73,43,46,42,63,74,70,63,9,7,13,10,7,7,LaLiga 2
D. Hormigo,Granada,España,3,"LB, CB, CM",Left,182,23,61,,63,46,52,58,60,61,58,45,56,50,41,59,55,51,52,54,65,62,63,59,66,51,59,62,63,47,57,58,44,48,44,56,59,64,63,8,15,15,10,10,11,LaLiga 2
P. Casadesús,Granada,España,2,RB,Right,182,22,61,,66,47,57,59,60,58,57,41,54,58,40,57,57,49,63,60,64,67,65,58,65,55,56,62,58,51,56,54,48,52,51,57,57,69,65,6,11,7,9,11,12,LaLiga 2
R. Lizoain,Granada,España,13,GK,Right,186,35,68,,37,28,36,34,25,52,19,20,25,39,27,20,22,22,44,40,38,37,42,60,45,57,55,45,60,20,41,32,22,51,28,52,19,26,22,69,66,59,67,68,47,LaLiga 2
A. Flores,Granada,España,1,GK,Right,187,22,62,,37,20,30,30,20,46,17,10,24,32,11,16,18,21,37,36,39,35,40,57,41,42,49,41,53,20,33,29,14,39,27,39,19,14,20,60,64,57,65,62,38,LaLiga 2
M. de la Fuente,Almería,España,24,ST,Right,180,27,70,,73,69,60,67,36,73,55,69,66,64,64,67,66,64,57,69,71,75,62,71,67,72,70,61,81,68,69,33,69,57,70,64,32,35,29,6,11,8,6,9,13,LaLiga 2
A. Embarba,Almería,España,23,"LW, RW",Right,177,34,70,,77,68,70,72,42,63,74,68,59,72,66,70,74,65,63,72,75,78,77,74,72,70,61,73,60,66,58,42,71,68,65,70,41,38,36,15,8,10,10,6,6,LaLiga 2
Á. Sola,Almería,España,20,"RW, LW",Left,178,27,71,,80,71,70,72,43,65,74,71,63,71,69,77,71,68,69,68,83,78,73,64,68,72,65,69,64,69,62,43,74,64,67,70,45,36,36,12,9,12,7,14,8,LaLiga 2
Léo Baptistão,Almería,Brasil,12,"RW, ST",Right,181,34,69,,70,68,67,73,38,58,69,67,61,67,65,70,69,63,64,76,69,71,74,73,73,75,64,66,58,64,49,37,76,70,69,72,40,31,32,11,8,13,10,6,6,LaLiga 2
N. Melamed,Almería,España,10,"LW, CAM",Left,171,25,70,,76,68,69,75,39,62,67,67,56,71,63,77,75,66,61,75,78,75,78,64,72,71,55,71,59,67,61,36,71,72,72,63,37,38,38,8,13,6,10,9,13,LaLiga 2
Thalys,Almería,Brasil,9,ST,Right,184,21,71,,72,74,60,72,37,73,51,75,75,67,73,74,62,62,56,70,71,73,70,78,67,73,78,65,79,73,67,31,73,61,70,65,35,34,30,9,13,15,15,13,14,LaLiga 2
J. Morcillo,Almería,España,7,"LW, LM",Left,183,28,68,,72,66,66,70,37,61,71,67,56,64,61,70,67,60,55,71,75,70,74,71,68,68,57,72,59,63,51,37,68,72,59,66,33,34,36,10,14,7,15,13,8,LaLiga 2
M. Tchami,Almería,Guinea-Bisáu,27,"LW, LM",Left,180,22,60,,68,56,57,63,30,52,60,57,52,54,54,66,61,55,53,60,70,66,69,58,57,53,53,60,51,57,46,29,58,61,60,57,26,28,27,9,7,14,14,10,6,LaLiga 2
I. Parra,Almería,Suiza,16,RW,Left,176,19,59,,72,57,59,62,27,51,61,55,44,62,54,59,60,56,54,66,69,74,71,53,60,63,53,63,49,57,42,31,56,57,54,53,28,17,27,15,12,6,10,13,14,LaLiga 2
I. Koné,Almería,Malí,4,ST,Right,190,27,63,,62,65,53,61,29,64,50,69,68,60,58,59,50,50,47,64,61,63,61,67,57,67,75,61,68,58,55,21,66,49,59,63,28,25,21,15,6,12,9,8,7,LaLiga 2
Q. Junyent,Almería,España,33,"CM, CDM",Right,171,19,59,,60,57,58,63,51,55,52,53,48,60,48,66,57,54,64,64,63,57,56,54,62,63,46,62,54,63,49,50,52,58,58,50,55,50,51,7,15,8,12,7,6,LaLiga 2
S. Džodić,Almería,Serbia,29,"CDM, CM",Right,190,21,65,Serbia,58,57,60,61,67,68,58,53,63,60,50,60,58,55,67,63,61,56,54,68,58,64,66,69,69,58,65,68,61,60,55,63,67,68,66,6,11,7,6,10,9,LaLiga 2
K. Kone,Almería,Francia,26,"LM, LW",Left,174,19,59,,64,54,58,62,40,54,63,55,47,56,52,65,58,58,50,62,66,63,58,52,61,53,51,62,52,52,48,41,58,60,52,54,35,42,36,8,12,10,10,8,12,LaLiga 2
B. Cipenga,Almería,República Democrática del Congo,17,"LM, LW, RM",Left,169,28,68,República Democrática del Congo,72,65,69,67,48,63,71,67,48,71,63,66,65,62,67,66,72,72,77,64,68,67,61,70,61,58,60,48,59,68,67,64,46,51,46,12,13,6,13,13,15,LaLiga 2
Leonardo Lelo,Almería,Portugal,15,"LM, LB, CB",Left,175,26,76,,85,73,75,78,61,70,74,73,64,76,68,78,79,68,72,80,87,83,79,72,82,73,74,76,68,73,65,62,71,79,71,70,61,60,57,14,11,14,14,13,13,LaLiga 2
J. Muñoz,Almería,España,14,"CM, CDM, CAM",Right,175,31,70,,64,64,71,71,60,65,63,60,59,74,61,69,69,64,68,73,66,62,71,71,71,74,59,70,63,65,66,57,68,79,62,77,59,65,52,15,6,7,9,15,8,LaLiga 2
S. Arribas,Almería,España,11,"CAM, RW",Right,172,25,82,,79,80,84,86,56,73,86,80,69,82,75,87,91,84,84,86,81,78,84,85,88,82,71,81,69,80,74,57,84,86,74,83,54,53,53,13,12,11,13,15,9,LaLiga 2
Gui Guedes,Almería,Portugal,8,"CDM, CM",Right,183,24,65,,58,57,63,58,68,71,55,53,61,68,47,54,51,53,67,62,58,58,51,73,56,68,59,70,73,59,71,69,57,65,54,61,67,69,68,6,8,13,10,9,14,LaLiga 2
M. Vesga,Almería,España,6,CDM,Right,191,33,71,,59,58,70,67,73,73,58,53,71,74,59,69,67,61,72,67,60,59,58,68,66,67,75,72,73,60,72,72,62,77,62,70,76,72,70,7,10,6,15,10,13,LaLiga 2
P. Cedillo,Almería,España,32,CB,Right,186,19,58,,52,38,47,47,62,62,42,35,60,53,30,42,46,36,50,52,49,54,42,55,52,51,64,57,67,36,56,65,30,43,31,49,62,62,63,6,15,10,9,14,11,LaLiga 2
A. Popović,Almería,Serbia,32,CB,Right,185,20,60,,56,42,46,49,64,57,42,39,63,53,29,48,41,40,49,50,57,56,45,57,50,57,62,50,59,40,61,65,37,37,39,56,60,67,61,15,13,14,8,12,9,LaLiga 2
D. Chirino,Almería,Países Bajos,22,RB,Left,158,24,70,,77,54,67,69,67,63,75,48,59,72,51,69,63,57,65,64,76,77,82,63,77,63,62,77,54,55,69,69,63,54,58,71,68,67,64,8,9,9,13,13,10,LaLiga 2
Chumi,Almería,España,21,CB,Right,186,27,63,,59,42,49,52,66,66,47,35,65,55,43,48,39,42,55,53,58,60,51,64,52,57,61,60,70,43,64,62,43,41,43,61,65,67,70,6,10,10,13,12,12,LaLiga 2
Rodrigo Ely,Almería,Brasil,19,CB,Right,188,32,67,,59,44,56,57,70,67,52,36,70,62,38,50,49,46,58,62,58,59,56,69,56,62,69,63,67,45,71,70,40,52,48,66,69,70,68,14,8,6,7,7,7,LaLiga 2
F. Bonini,Almería,Italia,18,CB,Right,188,25,72,,69,54,61,61,75,77,60,49,83,68,49,55,51,51,69,67,66,72,59,68,62,67,69,71,80,55,77,74,47,48,50,67,77,71,74,13,7,13,14,14,11,LaLiga 2
J. Pulido,Almería,España,5,"CB, CDM",Right,181,35,67,,55,48,56,56,71,66,57,44,70,63,42,51,45,52,56,57,59,51,57,66,60,60,67,62,67,51,70,74,40,49,48,66,71,71,68,11,10,13,7,6,13,LaLiga 2
Á. Muñoz,Almería,España,3,"LB, CB",Right,185,32,69,,68,53,62,68,68,68,67,47,68,61,51,68,64,54,64,67,69,68,67,68,71,62,66,75,65,56,68,65,59,59,50,64,69,69,68,6,12,11,6,13,13,LaLiga 2
M. Luna,Almería,España,2,RB,Right,183,23,60,,66,45,55,56,59,62,58,40,56,58,41,52,59,50,53,58,62,70,63,61,60,57,59,66,60,45,63,59,47,48,46,55,57,63,59,11,10,14,12,8,7,LaLiga 2
Á. Yaakobishvili,Almería,Hungría,31,GK,Right,185,20,69,,50,26,37,37,27,50,29,16,31,41,19,28,26,17,39,40,48,51,40,64,46,54,55,47,54,23,45,36,17,44,28,45,25,22,26,72,68,63,71,70,47,LaLiga 2
J. López,Almería,España,30,GK,Left,187,24,61,,36,18,30,23,19,45,11,10,22,38,12,11,19,16,33,23,37,35,34,59,41,39,46,34,54,18,36,27,10,39,22,44,16,18,13,60,59,58,61,59,37,LaLiga 2
F. Martínez,Almería,España,13,GK,Right,185,36,63,,33,19,28,31,20,45,14,11,19,30,10,20,14,23,33,34,32,34,39,58,42,40,51,34,52,20,40,26,15,38,25,50,19,17,18,65,62,58,56,66,41,LaLiga 2
A. Fernández,Almería,España,1,GK,Right,190,39,68,,36,24,38,37,26,50,22,16,28,41,20,27,21,28,43,39,35,36,43,68,48,50,55,43,55,18,44,31,19,50,25,50,26,23,19,68,67,60,66,71,42,LaLiga 2
Q. Utges,Sabadell,España,33,LW,Left,177,21,59,,65,57,58,62,31,50,56,57,48,63,54,63,59,52,51,63,65,65,65,57,65,57,48,58,47,57,47,28,55,57,53,53,29,31,25,13,9,8,13,13,8,LaLiga 2
J. Priego,Sabadell,España,23,ST,Right,174,27,62,,63,63,52,61,29,56,49,68,63,58,60,57,60,51,40,61,64,63,66,67,62,63,58,55,54,54,62,23,62,53,66,68,26,25,26,15,11,11,7,11,12,LaLiga 2
N. Gioacchini,Sabadell,Estados Unidos,16,"ST, LW",Left,183,26,63,,62,63,52,63,30,63,49,62,60,53,66,61,54,54,48,69,65,60,57,65,57,61,61,53,69,62,63,29,69,57,68,62,29,23,28,15,12,7,10,9,11,LaLiga 2
G. Vallés,Sabadell,Uruguay,12,"ST, CF",Right,192,25,62,,64,63,52,58,29,65,55,64,64,52,63,54,53,49,47,65,66,63,53,63,52,64,69,58,69,57,61,24,74,51,68,59,28,27,16,8,14,13,12,8,15,LaLiga 2
Á. Baena,Sabadell,España,10,"RW, RM, LM",Right,173,25,65,España,70,61,62,70,33,58,60,56,49,65,60,71,67,58,51,69,68,71,76,66,75,66,52,70,57,66,49,31,66,68,59,61,32,31,27,12,14,11,14,8,9,LaLiga 2
N. Obolskiy,Sabadell,Rusia,9,ST,Right,186,29,62,,67,64,51,62,30,62,50,66,64,53,69,62,58,52,48,64,66,67,58,58,54,65,63,60,66,60,53,20,66,50,60,67,30,27,22,15,13,7,14,15,14,LaLiga 2
Peque,Sabadell,España,17,RW,Right,179,26,63,,70,60,62,62,34,51,61,60,52,61,53,65,65,58,60,58,71,70,66,62,66,59,56,59,50,59,42,32,70,67,60,62,33,32,31,13,14,14,15,8,7,LaLiga 2
P. Nuamah,Sabadell,Italia,29,CAM,Right,179,20,65,,66,64,67,66,38,59,62,64,54,70,63,68,69,60,64,65,66,66,69,58,66,66,60,64,59,63,53,41,65,70,60,61,33,36,37,9,12,13,8,8,10,LaLiga 2
Q. Liameed,Sabadell,Nigeria,22,"CM, CDM, RM",Right,174,24,67,,62,62,69,68,58,65,62,58,57,73,61,70,64,62,72,64,56,66,74,68,68,63,58,72,63,68,64,52,71,69,65,67,60,59,58,13,6,14,11,12,14,LaLiga 2
A. Orriols,Sabadell,España,20,"CM, CDM",Right,172,28,63,,58,59,63,63,55,59,59,56,55,64,57,62,57,58,68,64,60,57,66,62,67,58,54,65,58,65,56,52,66,66,55,61,53,58,56,14,6,12,15,12,13,LaLiga 2
Y. Rahmani,Sabadell,Francia,19,ST,Right,179,31,66,,68,66,57,61,33,63,57,68,63,57,60,59,51,55,54,61,66,69,62,67,57,67,65,61,65,62,59,30,70,61,70,64,32,29,26,10,15,13,6,10,8,LaLiga 2
J. López-Pinto,Sabadell,España,11,RW,Right,186,25,61,,71,60,58,62,32,56,60,60,48,57,55,65,57,54,55,58,70,72,65,60,59,59,55,61,56,62,51,33,63,59,60,57,31,30,25,11,15,13,10,13,8,LaLiga 2
P. Pons,Sabadell,España,8,"CM, CDM, CAM",Right,177,33,67,,59,61,70,67,58,65,68,58,56,72,58,66,63,62,72,68,62,57,64,69,67,66,61,73,62,62,62,60,66,73,65,71,59,56,60,11,10,14,8,15,14,LaLiga 2
T. Ripoll,Sabadell,España,7,"RB, RM",Right,182,28,60,,67,45,55,57,59,58,60,43,51,58,41,54,52,45,58,59,71,64,62,61,61,49,61,61,55,47,59,59,51,47,40,52,62,57,61,11,10,12,6,7,7,LaLiga 2
Y. Owusu,Sabadell,Ghana,3,"CDM, CM",Left,172,20,61,,54,50,59,56,62,62,54,47,57,64,46,54,52,50,63,59,53,54,53,56,61,57,59,68,60,53,61,64,49,58,50,57,65,62,54,6,7,12,11,7,12,LaLiga 2
L. Estebe,Sabadell,España,32,"CAM, CF",Right,177,21,58,,57,56,57,63,32,51,53,57,42,61,55,64,56,51,53,67,55,59,57,52,59,55,55,52,52,55,47,33,63,59,55,58,29,33,26,10,13,13,9,13,12,LaLiga 2
X. Moreno,Sabadell,España,30,"LM, RM",Left,174,21,61,,66,54,63,62,43,59,66,54,51,62,55,65,64,57,59,61,67,65,59,58,60,57,53,70,55,51,56,40,57,64,54,54,44,43,37,7,13,6,8,12,14,LaLiga 2
J. Luis Català,Sabadell,España,27,CB,Right,188,22,63,,60,45,50,52,67,67,49,39,63,54,41,48,47,41,55,55,58,61,51,68,49,59,68,61,71,46,66,63,36,43,45,58,69,68,66,6,10,7,12,13,11,LaLiga 2
E. Aguilar,Sabadell,España,24,"LB, LM",Right,178,26,62,,61,49,58,59,60,59,58,47,55,65,45,57,52,52,53,59,62,61,66,61,68,56,59,67,53,48,64,61,43,51,45,57,59,63,62,11,9,8,13,13,14,LaLiga 2
A. Ribeiro,Sabadell,España,21,CB,Left,184,29,61,,54,41,50,48,67,63,46,34,67,59,28,44,41,34,54,49,53,55,52,55,57,58,66,57,65,42,66,66,37,41,41,55,67,67,65,13,14,11,9,7,13,LaLiga 2
Kaiser,Sabadell,España,15,CB,Right,187,30,59,,53,42,50,50,62,62,45,37,59,58,37,43,41,39,57,54,55,51,54,53,51,59,62,56,64,37,62,62,33,42,43,56,64,64,57,9,14,10,8,9,10,LaLiga 2
Ó. Sanz,Sabadell,España,14,CB,Right,188,26,64,,59,44,52,53,68,66,51,39,67,57,42,49,47,42,52,53,55,62,54,65,53,58,67,59,68,43,70,71,33,48,44,62,67,71,61,6,6,6,8,13,10,LaLiga 2
E. González,Sabadell,España,6,"CB, RB",Right,193,29,68,,69,50,60,56,71,75,58,46,71,69,44,54,49,43,63,58,68,70,49,65,56,60,73,65,81,52,74,73,45,49,46,64,70,71,68,13,8,11,7,12,6,LaLiga 2
Arthur,Sabadell,Brasil,5,"CB, RB",Right,181,30,63,,55,42,51,52,66,64,47,37,68,57,40,45,40,43,57,57,57,53,52,61,60,55,65,58,66,42,68,72,40,43,45,56,62,64,66,12,12,9,10,8,13,LaLiga 2
M. Codina,Sabadell,España,4,"LB, RB",Left,175,24,61,,66,46,58,59,62,60,68,44,56,58,39,60,53,50,57,55,63,69,62,65,67,50,53,75,54,44,59,63,57,53,46,57,59,66,61,15,10,15,14,8,11,LaLiga 2
Pipa,Sabadell,España,2,RB,Right,175,28,61,,68,45,57,60,61,60,60,39,55,62,44,60,54,52,53,60,64,71,65,58,64,52,57,66,56,50,64,59,50,51,46,54,63,60,65,10,10,9,10,11,9,LaLiga 2
H. Davis,Sabadell,Estados Unidos,28,LB,Left,196,20,59,,65,45,55,57,57,65,61,40,59,57,44,59,55,42,52,57,64,66,54,53,54,56,63,66,68,48,58,58,47,52,42,51,59,52,61,15,9,7,6,6,8,LaLiga 2
G. Fornés,Sabadell,España,18,CB,Left,181,26,61,,57,39,48,52,64,65,44,35,61,55,39,48,43,35,52,56,59,55,48,62,50,51,66,58,66,37,69,66,32,42,38,58,66,64,56,8,7,7,12,10,11,LaLiga 2
C. Aleman,Sabadell,España,26,"RB, RM",Right,174,22,61,,66,47,56,59,58,58,60,43,50,62,38,56,56,53,50,56,68,64,70,61,69,59,55,65,56,46,55,61,44,48,43,63,58,57,64,11,6,12,8,11,6,LaLiga 2
M. Estevez,Sabadell,España,31,GK,Left,183,19,59,,36,18,30,24,19,42,15,10,23,37,10,11,24,11,32,28,40,32,38,54,36,41,50,37,49,19,30,26,10,35,19,35,14,17,18,56,56,52,62,55,37,LaLiga 2
M. Vidal,Sabadell,España,25,GK,Right,185,26,61,,36,19,29,28,21,43,14,13,28,34,13,15,14,14,36,32,40,33,42,53,43,40,46,33,49,16,38,29,12,38,18,46,16,19,15,64,58,57,65,61,38,LaLiga 2
J. Ortega,Sabadell,España,13,GK,Right,185,34,60,,29,16,27,24,15,44,16,10,21,33,10,11,10,18,29,27,28,30,37,54,37,35,50,38,51,13,34,21,10,33,18,40,15,10,10,58,57,55,60,61,37,LaLiga 2
D. Fuoli,Sabadell,España,1,GK,Left,188,28,61,,33,20,27,27,20,47,12,11,20,32,10,13,18,19,29,33,34,32,34,55,40,42,51,33,57,21,38,32,13,34,25,44,19,14,19,64,59,58,62,66,37,LaLiga 2
Miguelón,Castellón,España,33,ST,Right,177,20,59,,65,62,50,59,27,55,48,64,55,53,58,59,45,50,43,63,62,67,52,51,54,61,60,53,54,59,57,21,62,53,57,63,24,25,22,10,12,12,6,6,13,LaLiga 2
O. Albiol,Castellón,España,31,LW,Right,173,17,58,,67,57,54,63,24,50,55,57,44,57,62,65,59,55,50,63,70,65,62,54,60,55,46,58,47,57,47,27,60,51,53,57,22,21,18,14,7,8,12,13,11,LaLiga 2
Rodrigo Rêgo,Castellón,Portugal,26,"RW, LM, RM",Left,173,21,64,,73,61,60,67,31,55,63,59,51,61,61,66,62,59,55,68,74,73,72,66,70,67,50,64,53,59,48,27,71,61,59,61,29,30,30,7,15,11,6,11,12,LaLiga 2
D. Nzanza,Castellón,Angola,24,RW,Right,179,23,60,,64,58,56,63,30,54,57,57,50,58,57,67,58,55,52,58,63,65,63,59,61,59,58,60,53,57,46,31,66,54,50,64,30,25,23,9,8,8,13,11,8,LaLiga 2
Á. Garcia,Castellón,España,23,ST,Left,185,26,61,,61,64,52,60,28,64,46,68,64,57,62,57,54,53,46,66,58,63,57,63,54,62,63,59,68,59,61,24,69,53,62,60,19,31,23,14,12,9,8,14,15,LaLiga 2
H. Bellari,Castellón,España,19,LW,Left,170,23,60,,68,57,58,62,32,47,64,54,43,57,54,63,53,46,52,61,69,67,64,63,56,62,53,53,46,56,40,32,63,63,58,66,36,25,28,8,8,10,12,15,10,LaLiga 2
A. Jakobsen,Castellón,Dinamarca,16,"ST, LM, CAM",Right,185,27,70,,71,74,62,73,40,70,59,77,81,65,68,74,70,68,56,75,73,69,70,71,66,72,74,66,74,71,63,40,77,61,67,72,34,34,31,8,9,14,10,12,10,LaLiga 2
I. Suero,Castellón,España,10,"CAM, LW",Right,172,32,65,,64,66,65,69,35,56,62,62,43,67,59,68,62,61,62,73,64,64,66,64,71,65,55,62,53,75,55,40,66,70,67,66,31,35,27,15,14,8,8,9,9,LaLiga 2
O. Nana Camara,Castellón,Guinea,9,"ST, LW",Left,184,24,70,,71,72,60,65,36,71,61,75,68,65,79,66,61,62,52,64,73,69,62,69,65,70,67,66,76,62,68,32,78,55,72,73,35,32,32,15,11,11,15,9,9,LaLiga 2
A. Perez,Castellón,Estados Unidos,32,"CM, CAM",Left,176,19,57,,56,53,55,60,51,53,57,48,48,55,49,60,59,51,53,63,57,56,52,58,56,60,51,58,52,58,49,57,55,54,56,51,48,50,51,8,10,15,9,9,9,LaLiga 2
A. Gala,Castellón,Italia,27,ST,Right,180,22,62,,63,64,52,60,28,60,54,68,58,55,60,59,55,54,41,61,65,61,61,65,57,65,60,57,63,51,56,27,69,54,65,62,29,20,23,11,14,7,11,8,7,LaLiga 2
J. Vlak,Castellón,Países Bajos,25,"CDM, CAM, CM",Left,191,28,65,,58,57,62,62,65,70,53,54,69,67,47,59,57,60,62,67,56,60,58,64,54,65,71,69,71,57,69,69,54,64,60,65,65,60,66,6,11,13,15,12,12,LaLiga 2
Á. Martin,Castellón,España,21,"CM, CDM, CAM",Left,174,25,66,,60,61,64,68,57,64,60,59,58,66,56,66,61,57,66,72,59,61,67,68,69,67,59,70,59,64,70,57,56,64,60,62,61,53,55,10,11,13,11,7,13,LaLiga 2
P. Santiago,Castellón,España,18,"LM, RM, LW",Right,173,26,65,,70,60,64,67,47,60,72,57,47,65,59,65,68,60,58,70,71,70,66,67,68,64,52,67,58,60,57,50,64,61,65,64,45,49,45,14,15,12,15,6,6,LaLiga 2
F. Castillo,Castellón,España,17,"CAM, CM",Right,175,29,61,,62,63,61,68,37,51,59,64,44,60,52,70,61,56,59,66,65,60,66,63,67,64,54,61,47,60,50,38,65,67,63,71,36,37,27,15,6,9,11,12,13,LaLiga 2
I. Córdoba,Castellón,España,14,"LM, RM, LW",Left,180,29,69,,75,61,70,71,50,64,74,57,55,68,62,72,72,62,66,74,74,76,65,65,69,65,61,71,61,63,62,54,66,75,65,64,51,48,44,15,13,8,15,11,12,LaLiga 2
Barri,Castellón,España,8,"CM, CDM",Right,188,31,67,,64,61,70,67,59,69,68,58,62,71,58,66,67,60,71,69,66,63,63,71,63,62,61,70,72,66,63,58,66,71,61,65,57,62,58,12,9,12,11,11,13,LaLiga 2
R. Sánchez,Castellón,España,7,"RM, ST",Right,188,28,68,,71,63,67,69,49,59,73,64,58,67,58,73,69,69,55,67,68,73,66,63,65,62,60,74,51,61,61,50,64,70,63,69,48,48,43,14,10,13,15,12,10,LaLiga 2
M. Orozco,Castellón,Colombia,6,"CDM, CM",Left,177,18,63,Colombia,58,52,59,59,64,66,53,48,61,62,40,59,50,51,60,60,56,60,59,54,64,63,62,66,67,52,65,65,55,64,54,61,65,64,65,15,6,14,8,13,10,LaLiga 2
J. Mellot,Castellón,Francia,22,"RB, CB",Right,178,32,65,,67,53,62,62,61,60,67,49,57,64,51,60,58,52,60,63,67,67,69,65,67,58,64,65,57,57,60,62,58,57,49,58,62,62,59,7,8,15,12,14,14,LaLiga 2
T. Conde,Castellón,España,20,LB,Left,167,23,63,,67,51,59,59,61,59,64,51,55,66,46,58,57,48,58,57,68,67,69,61,68,58,52,69,54,47,61,60,51,47,47,59,61,63,64,10,9,6,8,8,7,LaLiga 2
I. Kostis,Castellón,Chipre,15,"CB, RB",Right,188,23,59,,55,39,46,48,63,63,43,35,64,54,29,48,43,40,48,46,54,55,48,61,49,51,62,60,65,40,60,63,32,37,46,56,62,63,62,13,6,15,8,15,14,LaLiga 2
L. Alcázar,Castellón,España,12,"LB, CB",Right,182,24,66,,71,53,61,59,63,67,62,50,60,64,50,57,57,50,58,58,71,71,69,61,63,61,64,67,68,53,65,64,54,59,52,63,62,64,66,10,7,14,11,8,14,LaLiga 2
F. Ceccherini,Castellón,Italia,11,"CB, CDM",Right,186,34,66,,58,46,53,57,67,68,53,39,66,59,39,51,49,45,55,63,58,58,58,63,54,62,71,60,72,46,69,71,43,45,47,67,67,66,67,7,9,11,9,14,12,LaLiga 2
A. Jiménez,Castellón,España,5,"CB, RB",Right,186,33,69,,60,48,58,59,75,71,56,43,74,67,48,53,53,49,60,63,62,59,57,71,55,62,68,66,73,47,71,76,43,47,48,72,72,77,75,13,8,10,10,14,6,LaLiga 2
A. Sienra,Castellón,Argentina,4,"CB, LB",Right,185,27,63,,59,45,51,53,63,65,43,42,58,61,34,48,43,41,54,58,55,62,56,57,50,56,71,60,65,44,69,65,37,42,42,58,62,65,63,15,7,9,14,11,8,LaLiga 2
F. Brignani,Castellón,Italia,3,"CB, CDM",Right,191,28,69,,66,48,58,58,72,71,55,43,73,63,43,57,51,48,65,58,66,66,55,68,55,61,72,65,75,45,66,71,45,52,51,73,74,71,70,11,15,8,14,10,13,LaLiga 2
J. Nieto,Castellón,España,2,"CB, RB, LB",Right,174,32,66,,57,47,54,55,68,66,48,42,65,62,40,49,46,41,58,58,61,54,59,63,62,63,61,63,67,46,67,66,42,48,46,66,70,69,66,14,13,13,13,8,6,LaLiga 2
S. Torner,Castellón,España,35,GK,Right,196,22,62,,36,22,30,30,20,45,17,13,21,39,12,18,13,18,30,34,37,36,39,59,37,46,51,35,53,22,38,25,15,37,23,44,21,17,14,65,61,53,61,64,44,LaLiga 2
R. Matthys,Castellón,Bélgica,13,GK,Right,183,28,64,,39,19,33,31,22,47,15,10,26,40,13,19,22,22,38,35,42,37,41,60,45,41,55,33,55,20,41,28,12,39,22,43,21,19,22,67,65,57,66,65,43,LaLiga 2
A. Saipi,Castellón,Kosovo,1,GK,Right,194,26,66,Kosovo,41,22,36,32,24,51,24,11,25,44,20,23,26,21,38,33,38,43,39,64,44,48,49,44,58,23,42,29,13,40,28,49,23,22,22,67,65,60,65,67,42,LaLiga 2
