short_name,club_name,nationality_name,club_jersey_number,player_positions,preferred_foot,height_cm,age,overall,seleccion,pace,shooting,passing,dribbling,defending,physic,attacking_crossing,attacking_finishing,attacking_heading_accuracy,attacking_short_passing,attacking_volleys,skill_dribbling,skill_curve,skill_fk_accuracy,skill_long_passing,skill_ball_control,movement_acceleration,movement_sprint_speed,movement_agility,movement_reactions,movement_balance,power_shot_power,power_jumping,power_stamina,power_strength,power_long_shots,mentality_aggression,mentality_interceptions,mentality_positioning,mentality_vision,mentality_penalties,mentality_composure,defending_marking_awareness,defending_standing_tackle,defending_sliding_tackle,goalkeeping_diving,goalkeeping_handling,goalkeeping_kicking,goalkeeping_positioning,goalkeeping_reflexes,goalkeeping_speed,league_name
J. Martínez,Inter de Milán,España,1,GK,Right,191,28,77,España,54,35,45,43,33,59,33,30,33,51,26,35,32,33,47,44,60,50,47,69,57,57,64,50,66,27,53,38,21,53,40,49,26,35,36,76,77,73,78,80,56,Serie A
I. Provedel,Inter de Milán,Italia,49,GK,Right,194,32,76,,47,35,40,42,33,58,22,27,38,45,30,33,32,32,47,43,49,46,48,70,57,60,64,50,63,34,55,42,20,49,36,59,29,28,33,81,76,71,76,75,52,Serie A
R. Di Gennaro,Inter de Milán,Italia,12,GK,Right,188,33,66,,40,24,35,32,24,52,20,17,24,40,13,20,26,20,34,34,41,40,44,68,44,48,56,40,60,22,45,30,15,47,28,46,22,22,22,67,69,64,68,69,44,Serie A
A. Bastoni,Inter de Milán,Italia,95,"CB, RB",Left,190,27,83,Italia,79,66,72,72,86,87,68,62,84,80,59,67,70,60,81,76,80,78,67,82,72,81,84,79,93,64,84,84,59,61,64,83,86,86,87,15,7,8,10,11,10,Serie A
Y. Bisseck,Inter de Milán,Alemania,31,"CB, CDM",Right,196,25,82,Alemania,80,64,71,69,86,88,66,60,92,79,58,64,66,63,72,73,80,80,69,70,65,75,89,89,90,65,83,85,60,63,63,83,87,84,82,7,11,15,14,11,11,Serie A
M. Akanji,Inter de Milán,Suiza,25,CB,Right,188,31,81,Suiza,72,64,69,70,85,85,69,61,86,78,56,68,60,57,67,70,71,72,70,85,73,77,91,81,86,64,87,84,57,59,60,75,82,88,86,12,6,12,12,8,15,Serie A
J. Stones,Inter de Milán,Inglaterra,6,"CB, CDM",Right,188,32,81,,74,62,67,71,79,85,67,57,81,71,55,67,59,54,71,73,67,79,69,83,69,77,85,81,86,60,86,85,60,60,62,83,76,79,77,6,9,12,10,14,12,Serie A
B. Pavard,Inter de Milán,Francia,28,"CB, CDM",Right,186,30,78,,73,57,67,66,81,80,66,51,79,73,51,64,60,59,71,65,70,75,65,74,70,72,78,76,82,58,82,81,51,56,60,72,82,80,85,13,6,9,7,10,8,Serie A
F. Dimarco,Inter de Milán,Italia,32,"LB, LM",Left,175,28,83,,88,70,77,81,81,81,81,67,74,79,60,79,75,71,75,80,89,88,88,82,86,77,78,88,78,71,80,80,73,72,72,79,78,87,78,15,13,7,14,8,11,Serie A
Carlos Augusto,Inter de Milán,Brasil,30,"LB, RB",Left,184,27,76,,78,63,70,70,73,76,73,58,72,72,59,68,62,63,69,68,74,82,80,72,79,75,72,81,74,61,76,77,66,67,61,72,69,76,72,12,14,8,10,7,11,Serie A
D. Spence,Inter de Milán,Inglaterra,99,RB,Right,184,26,82,,86,66,80,78,79,80,86,60,72,82,62,80,74,70,79,75,87,85,84,74,84,78,84,86,75,66,82,72,70,75,66,75,83,81,83,11,12,10,12,15,14,Serie A
A. Stanković,Inter de Milán,Serbia,5,"CDM, CB",Right,185,21,76,Serbia,73,69,73,71,80,83,67,65,77,77,61,66,67,65,76,76,72,73,68,77,72,79,74,86,85,72,75,79,65,71,70,81,80,81,77,7,7,9,8,15,10,Serie A
H. Çalhanoğlu,Inter de Milán,Turquía,20,"CDM, CB",Right,178,32,81,,72,73,79,78,81,80,70,69,76,83,63,76,73,74,83,80,69,74,75,86,74,78,74,84,79,81,81,78,69,80,72,82,80,85,82,10,11,10,11,12,8,Serie A
N. Barella,Inter de Milán,Italia,23,CM,Right,175,29,83,Italia,84,78,84,84,77,82,84,77,74,85,74,83,79,78,86,87,82,85,79,77,86,79,75,87,81,79,82,76,85,81,76,77,80,76,76,12,10,9,14,6,12,Serie A
P. Sučić,Inter de Milán,Croacia,8,"CM, CDM",Right,183,22,80,Croacia,78,73,78,83,71,75,80,70,69,79,71,86,70,75,78,82,75,80,80,82,76,78,71,82,72,74,75,67,76,78,76,80,74,75,64,12,6,10,6,10,7,Serie A
C. Jones,Inter de Milán,Inglaterra,21,"CM, CDM",Right,185,25,80,,76,75,82,80,72,77,79,73,68,86,76,81,80,71,79,82,74,78,75,77,74,76,72,82,77,79,73,77,77,81,75,82,69,73,75,11,8,13,9,13,13,Serie A
A. Diouf,Inter de Milán,Francia,17,CM,Left,187,23,79,Francia,73,77,79,78,72,80,77,78,66,84,65,79,77,71,80,78,76,70,75,78,76,78,76,82,81,79,76,73,75,75,77,82,71,75,71,8,6,8,8,8,11,Serie A
P. Zielinski,Inter de Milán,Polonia,7,"CM, CDM",Both,180,32,81,Polonia,72,78,83,84,74,76,78,76,69,90,70,84,78,71,81,86,73,71,77,88,77,84,77,80,74,77,76,76,80,83,76,87,75,74,76,14,13,10,6,14,15,Serie A
H. Mkhitaryan,Inter de Milán,Armenia,22,CM,Both,177,37,77,,68,72,77,77,71,76,77,69,68,77,63,76,78,75,75,79,72,64,73,77,83,75,64,80,77,77,71,72,76,77,73,78,69,75,62,13,6,15,8,10,15,Serie A
Luis Henrique,Inter de Milán,Brasil,11,"RM, RW",Right,181,24,77,,83,74,75,75,56,72,78,77,71,71,71,73,80,77,76,75,82,84,79,78,77,70,71,83,68,77,68,60,70,78,67,71,54,53,52,8,15,15,6,7,7,Serie A
L. Martínez,Inter de Milán,Argentina,10,"ST, LW",Right,174,29,88,Argentina,90,90,78,88,57,86,74,91,85,84,95,85,77,79,70,92,93,88,93,83,87,92,90,87,87,86,82,57,88,78,89,82,52,54,52,12,9,15,12,6,6,Serie A
M. Thuram,Inter de Milán,Francia,9,ST,Right,192,29,86,,87,89,75,81,53,87,72,92,91,76,87,79,75,74,72,82,83,90,85,86,79,85,91,84,91,87,82,50,87,80,85,87,44,54,42,12,11,15,15,7,13,Serie A
P. Esposito,Inter de Milán,Italia,94,"ST, CF",Right,191,21,81,Italia,84,83,70,76,48,82,70,89,92,76,82,73,75,71,64,77,83,84,81,76,72,80,81,71,91,74,75,44,81,62,83,78,44,43,38,7,8,8,7,9,7,Serie A
A. Bonny,Inter de Milán,Costa de Marfil,14,ST,Right,189,22,78,Costa de Marfil,77,80,69,75,43,78,61,80,78,75,79,73,70,64,63,77,79,76,74,83,71,81,80,73,84,79,71,37,81,70,80,77,39,42,34,9,11,6,13,7,8,Serie A
K. Grabara,Juventus de Turín,Polonia,1,GK,Right,195,27,75,,47,32,42,42,31,62,34,24,35,46,26,35,31,26,47,40,46,48,49,73,51,55,55,51,70,30,56,41,28,48,38,58,28,26,31,76,72,70,73,75,57,Serie A
G. Vicario,Juventus de Turín,Italia,25,GK,Right,194,29,75,Italia,50,30,43,42,31,55,28,19,32,49,26,30,26,27,48,47,49,51,50,70,57,57,60,50,62,26,44,36,27,50,34,52,30,29,31,74,79,63,74,78,51,Serie A
Neto,Juventus de Turín,Brasil,33,GK,Right,190,37,71,,38,30,42,38,29,55,29,22,36,46,18,27,25,25,44,40,39,37,46,68,55,52,58,45,64,30,43,39,18,53,33,56,28,23,22,73,71,61,68,73,50,Serie A
C. Pinsoglio,Juventus de Turín,Italia,23,GK,Left,194,36,63,,28,22,33,31,20,46,20,14,20,38,13,19,16,17,35,33,29,27,37,64,45,48,53,39,52,17,37,31,20,43,24,46,18,16,19,66,64,60,66,63,42,Serie A
Bremer,Juventus de Turín,Brasil,3,CB,Right,188,29,82,,77,64,69,73,86,87,67,61,88,74,63,69,64,65,76,76,73,80,71,80,69,78,90,79,91,61,85,86,56,57,62,83,83,88,83,13,11,8,12,8,15,Serie A
P. Kalulu,Juventus de Turín,Francia,15,CB,Right,182,26,79,Francia,75,58,66,67,82,81,64,54,79,75,59,63,60,63,74,69,73,77,69,75,67,72,82,74,83,55,86,78,52,51,62,79,80,86,82,8,14,14,8,9,12,Serie A
L. Kelly,Juventus de Turín,Inglaterra,6,CB,Left,189,28,79,,74,60,65,67,82,81,64,55,76,68,55,62,61,59,71,69,69,78,68,71,73,78,81,82,80,57,81,84,59,57,55,78,83,83,77,10,9,14,14,8,9,Serie A
J. Lucumí,Juventus de Turín,Colombia,26,CB,Left,187,28,80,Colombia,76,60,66,68,84,84,62,56,86,72,54,60,61,58,70,74,77,76,67,81,69,74,87,81,87,58,81,81,53,58,60,85,84,88,79,10,13,10,11,13,8,Serie A
F. Gatti,Juventus de Turín,Italia,4,"CB, CDM",Right,190,28,73,,72,54,62,60,78,72,61,51,80,68,49,56,58,57,58,62,71,72,62,69,60,64,87,63,75,55,74,78,43,56,54,69,78,78,75,12,15,12,13,8,14,Serie A
D. Rugani,Juventus de Turín,Italia,24,CB,Right,190,32,72,,61,54,58,61,75,74,55,52,73,60,48,58,51,55,63,61,59,63,57,72,66,67,77,69,75,50,78,74,50,57,50,74,79,72,75,7,14,6,13,9,8,Serie A
A. Cambiaso,Juventus de Turín,Italia,20,"LB, LM",Both,182,26,78,,80,64,72,76,76,78,76,60,69,77,58,71,69,60,70,79,81,80,79,77,80,69,76,77,80,67,74,74,63,62,67,77,75,80,77,13,13,13,13,8,10,Serie A
J. Cabal,Juventus de Turín,Colombia,32,"LB, LM",Left,186,25,75,,79,62,73,70,72,76,79,59,69,76,58,72,75,62,69,67,82,76,76,70,73,69,72,81,74,63,76,74,64,68,64,70,70,74,71,14,6,7,15,12,12,Serie A
Z. Çelik,Juventus de Turín,Turquía,2,RB,Right,180,29,77,Turquía,82,62,71,75,75,75,79,58,68,73,63,77,73,58,71,73,83,82,77,75,77,71,70,80,72,61,76,71,58,62,64,75,77,78,74,13,9,13,12,8,8,Serie A
M. Locatelli,Juventus de Turín,Italia,5,"CDM, CB",Right,185,28,79,,70,69,75,77,80,86,73,63,76,77,67,76,73,68,75,79,71,70,73,77,77,78,76,81,89,72,87,76,71,78,74,77,83,83,79,12,15,7,6,14,6,Serie A
T. Koopmeiners,Juventus de Turín,Países Bajos,8,"CDM, CB",Left,185,28,76,Países Bajos,72,67,74,71,76,77,64,63,77,81,60,67,66,68,81,73,70,73,70,79,70,75,72,80,78,72,74,73,69,70,64,75,75,79,71,6,12,13,6,6,15,Serie A
K. Thuram,Juventus de Turín,Francia,19,CM,Right,192,25,82,,80,78,80,78,73,85,76,72,80,79,75,81,83,79,87,74,83,78,74,80,78,88,84,86,87,84,80,74,76,82,79,86,71,72,71,13,9,15,15,14,15,Serie A
W. McKennie,Juventus de Turín,Estados Unidos,22,"CM, CDM",Right,180,28,80,,75,73,81,80,74,80,76,69,72,86,68,82,74,78,80,80,73,76,77,80,77,81,72,87,78,73,79,72,79,82,71,81,74,77,72,11,12,11,13,10,7,Serie A
P. Matar Sarr,Juventus de Turín,Senegal,29,CM,Right,185,24,79,Senegal,73,74,79,79,69,76,75,69,72,79,64,80,72,67,90,80,75,71,75,80,73,82,74,82,75,79,74,74,75,80,71,79,65,67,74,12,7,13,13,7,11,Serie A
Douglas Luiz,Juventus de Turín,Brasil,12,CM,Right,177,28,79,Brasil,76,74,78,80,73,77,72,73,69,79,70,82,76,71,88,77,79,73,81,89,77,78,72,81,76,72,77,81,77,75,70,80,71,73,65,6,14,7,12,8,11,Serie A
K. Yıldız,Juventus de Turín,Turquía,10,LW,Both,187,21,82,,89,80,78,87,49,75,80,81,69,76,79,89,81,75,73,89,90,88,80,80,75,77,81,84,72,82,70,51,86,81,77,81,49,44,44,10,10,7,11,7,7,Serie A
K. Alajbegovic,Juventus de Turín,Bosnia y Herzegovina,17,"LW, ST",Both,186,19,76,Bosnia-Herzegovina,81,75,73,76,48,70,72,74,67,75,70,78,76,70,69,77,81,81,73,72,74,77,68,74,70,75,63,47,80,72,75,74,46,44,44,11,12,10,10,8,12,Serie A
N. González,Juventus de Turín,Argentina,31,LW,Left,180,28,79,Argentina,88,78,73,80,48,74,74,79,66,72,73,80,78,70,73,79,85,90,83,78,79,80,73,80,74,77,66,49,79,74,75,75,42,47,47,6,12,8,10,8,9,Serie A
J. Boga,Juventus de Turín,Costa de Marfil,13,LW,Left,172,29,75,,81,75,74,78,44,63,76,75,62,76,71,75,77,70,66,81,77,84,80,76,79,77,62,72,61,73,59,43,78,73,71,71,42,42,38,13,12,13,11,8,12,Serie A
Francisco Conceição,Juventus de Turín,Portugal,7,"RW, ST",Left,166,23,78,Portugal,85,75,77,81,48,68,80,75,63,81,72,79,78,72,68,80,86,85,91,78,87,73,65,86,61,76,63,50,82,75,77,80,46,46,42,14,6,7,12,7,8,Serie A
E. Zhegrova,Juventus de Turín,Kosovo,11,"RW, RM",Left,180,27,74,Kosovo,78,73,70,78,40,68,75,71,60,67,75,82,73,71,64,75,79,77,85,70,76,71,67,75,69,78,59,43,75,74,71,72,38,36,34,8,12,7,11,11,11,Serie A
N. Woltemade,Juventus de Turín,Alemania,27,ST,Right,198,24,82,Alemania,82,82,73,79,48,86,72,86,89,77,81,80,69,80,64,80,80,84,74,83,75,82,87,81,92,74,78,48,84,72,85,79,44,41,44,7,6,13,11,8,9,Serie A
R. Kolo Muani,Juventus de Turín,Francia,9,ST,Right,187,27,80,,82,80,71,81,47,81,70,78,81,76,85,78,72,67,62,87,85,79,76,77,78,84,82,74,89,78,68,43,86,72,80,77,46,41,38,12,11,10,14,12,9,Serie A
J. Ekhator,Juventus de Turín,Italia,18,"ST, LW",Right,188,19,71,,77,72,62,70,40,70,63,77,74,65,74,68,66,62,56,73,76,78,66,72,69,71,76,70,74,62,61,39,77,61,68,68,38,34,33,10,6,10,15,6,13,Serie A
A. Milik,Juventus de Turín,Polonia,14,ST,Left,186,32,72,,72,74,64,69,38,71,63,77,75,68,74,66,64,64,56,72,71,72,65,77,64,73,75,67,73,67,70,32,80,62,76,78,35,34,34,14,7,15,9,7,11,Serie A
R. Sánchez,Como 1907,España,97,GK,Right,197,28,78,,54,36,49,44,35,64,33,27,32,55,26,34,36,39,50,44,54,54,51,72,59,56,66,55,72,37,53,41,29,58,41,64,34,33,31,78,77,69,80,79,50,Serie A
J. Butez,Como 1907,Francia,1,GK,Right,189,31,75,Francia,48,34,42,41,32,58,28,29,34,49,23,29,31,25,44,42,47,49,49,77,60,55,62,49,63,29,54,40,25,50,30,58,29,29,32,77,76,64,78,76,53,Serie A
M. Vigorito,Como 1907,Italia,22,GK,Right,187,36,63,,35,22,31,27,18,47,19,13,20,38,16,10,20,17,30,32,32,37,41,61,47,47,57,40,54,19,37,22,16,36,25,48,17,16,18,65,64,60,62,65,46,Serie A
J. Ramón,Como 1907,España,4,CB,Right,196,21,79,,73,62,68,67,82,84,69,61,88,70,53,65,60,59,71,68,68,77,62,74,70,74,82,75,91,60,80,85,51,65,59,75,81,82,75,13,7,9,8,15,13,Serie A
T. Chalobah,Como 1907,Inglaterra,99,CB,Right,192,27,81,Inglaterra,78,59,65,71,86,85,62,53,86,70,56,69,62,67,68,74,77,78,66,75,67,72,87,79,90,61,80,83,57,57,62,79,82,92,89,9,10,12,14,9,7,Serie A
A. Dossena,Como 1907,Italia,13,"CB, RB",Right,195,27,74,,69,55,62,61,75,78,58,50,80,71,49,55,54,56,65,63,66,72,64,76,62,69,84,73,80,55,76,75,49,54,50,73,76,73,73,6,7,9,7,14,7,Serie A
M. Oliver Kempf,Como 1907,Alemania,2,"CB, RB",Left,186,31,73,,67,55,65,62,78,72,59,51,83,76,48,52,56,58,69,71,66,68,60,75,58,65,71,65,74,57,76,73,46,53,52,75,76,82,79,7,8,8,13,8,13,Serie A
W. Kambwala,Como 1907,RD del Congo,53,CB,Right,192,22,70,República Democrática del Congo,70,51,58,60,74,75,56,44,81,64,48,56,48,50,65,64,68,71,58,68,58,69,73,70,78,51,72,71,51,47,50,68,77,72,73,6,11,12,11,7,13,Serie A
E. Goldaniga,Como 1907,Italia,18,CB,Right,193,32,69,,64,52,58,60,73,72,54,48,78,64,38,54,51,48,66,64,61,66,59,71,58,71,75,66,75,46,73,69,50,52,46,71,74,74,69,9,7,8,12,12,15,Serie A
Kaiki,Como 1907,Brasil,16,"LB, LM",Left,172,23,76,,83,62,71,73,72,75,76,61,65,74,57,72,72,59,69,70,81,84,79,74,84,66,74,79,72,62,76,76,66,63,61,72,70,74,75,9,13,6,9,6,6,Serie A
Á. Valle,Como 1907,España,3,"LB, RB",Left,178,22,75,,80,62,71,72,73,74,74,61,63,79,57,70,62,62,72,74,81,80,74,72,70,71,76,79,72,58,71,75,60,60,58,66,76,73,74,13,13,12,15,15,6,Serie A
Yan Couto,Como 1907,Brasil,27,RB,Right,168,24,79,,83,64,74,76,76,76,79,61,66,77,56,74,63,68,73,76,85,82,81,71,85,74,72,84,73,65,72,77,68,68,61,78,75,79,77,8,15,15,8,12,13,Serie A
I. Smolcic,Como 1907,Croacia,28,"RB, LB",Right,181,26,71,Croacia,77,55,66,68,70,67,66,52,65,70,52,62,62,54,65,71,74,79,75,69,75,62,66,71,63,53,71,74,59,65,53,67,68,71,75,9,7,14,8,11,9,Serie A
M. Perrone,Como 1907,Argentina,5,CDM,Left,177,23,80,,72,72,77,75,80,81,66,70,76,83,62,74,69,70,80,76,72,72,72,79,75,80,78,83,79,72,82,79,73,81,75,79,79,84,82,12,9,7,15,14,13,Serie A
S. Ricci,Como 1907,Italia,21,CDM,Right,181,25,79,Italia,71,72,76,74,83,82,70,69,72,84,65,69,68,69,74,78,72,71,75,78,76,79,80,85,81,75,82,87,69,75,70,83,84,84,83,15,11,15,12,12,9,Serie A
L. Da Cunha,Como 1907,Francia,7,CM,Left,174,25,79,Francia,79,72,79,83,71,77,76,70,67,81,69,78,77,73,81,88,77,80,82,87,83,80,73,85,74,71,75,71,75,81,70,82,71,71,71,13,8,14,10,9,9,Serie A
M. Caqueret,Como 1907,Francia,8,"CM, CDM",Right,174,26,76,,74,71,76,77,69,73,70,66,61,79,67,78,74,70,76,76,73,75,79,75,83,76,65,74,72,76,76,67,71,79,72,72,69,72,68,15,9,12,13,11,7,Serie A
A. Lahdo,Como 1907,Suecia,15,"CM, CAM",Right,179,18,68,,70,61,68,69,59,63,65,56,59,69,50,70,68,65,68,69,74,66,66,68,65,69,55,68,59,65,68,62,64,68,63,66,60,58,54,10,14,6,9,8,10,Serie A
L. Milla,Como 1907,España,6,"CM, CDM",Right,175,31,78,,71,71,79,78,69,76,73,67,69,82,73,75,74,70,78,80,72,71,84,82,81,75,70,75,77,75,74,71,74,82,68,77,71,66,67,12,11,6,15,6,15,Serie A
N. Paz,Como 1907,Argentina,10,"CAM, CF",Left,185,22,83,Argentina,87,81,86,86,57,78,81,79,71,92,78,90,82,77,82,81,86,87,88,86,88,82,69,82,81,85,68,63,82,87,78,82,58,49,56,7,11,10,13,9,15,Serie A
M. Baturina,Como 1907,Croacia,20,CAM,Right,178,23,81,Croacia,82,83,85,85,55,75,79,87,70,90,76,87,78,75,85,83,84,81,87,77,82,81,70,84,73,79,69,56,86,86,81,81,55,49,52,13,13,7,11,15,14,Serie A
M. Liberali,Como 1907,Italia,30,CAM,Left,172,19,69,,72,68,72,74,39,61,68,65,55,77,67,73,69,67,66,75,69,74,72,68,75,70,55,65,61,71,57,43,72,73,67,74,38,32,35,8,9,14,6,8,9,Serie A
A. Diao,Como 1907,Senegal,11,"LW, ST",Left,185,21,77,Senegal,86,76,76,78,47,74,78,75,70,77,75,82,73,79,70,76,85,86,73,76,75,80,72,74,76,76,68,48,76,76,70,79,45,43,40,15,7,7,13,13,14,Serie A
J. Rodríguez,Como 1907,España,17,"LW, LM",Left,185,20,74,,82,71,71,81,45,69,78,68,61,75,75,83,74,68,57,83,84,80,80,74,73,72,68,69,73,76,60,52,74,68,69,71,40,42,35,8,8,9,7,11,10,Serie A
J. Addai,Como 1907,Países Bajos,42,"RW, RM",Left,177,21,75,,81,73,76,78,48,68,76,72,61,78,72,79,79,74,70,80,82,81,76,74,75,75,64,79,65,73,61,48,77,76,68,75,44,48,45,10,7,7,13,9,15,Serie A
M. Kean,Como 1907,Italia,90,"ST, LW",Right,183,26,78,Italia,80,79,68,75,43,76,69,82,77,70,74,74,71,65,61,75,79,80,76,80,70,75,68,74,80,77,73,42,83,69,76,79,40,37,38,7,10,10,13,10,11,Serie A
A. Douvikas,Como 1907,Grecia,9,"ST, CF",Right,186,27,79,Grecia,79,80,71,74,45,77,67,83,83,76,76,71,75,67,67,80,78,80,70,76,71,83,83,76,77,73,76,44,83,67,79,75,44,38,37,13,15,8,13,12,13,Serie A
M. Maignan,AC Milan,Francia,16,GK,Right,191,31,85,Francia,59,42,55,55,45,68,38,32,45,63,30,44,39,36,57,58,61,57,60,83,67,62,64,61,75,47,59,53,36,66,48,63,40,45,44,84,82,78,85,88,58,Serie A
L. Torriani,AC Milan,Italia,96,GK,Right,197,21,65,,40,24,33,31,24,48,25,16,27,37,14,19,18,17,37,32,37,43,44,62,46,49,47,38,58,21,37,25,18,38,27,44,23,24,18,70,69,60,63,63,47,Serie A
P. Terracciano,AC Milan,Italia,1,GK,Right,193,36,71,,42,27,41,35,26,54,23,19,28,52,19,27,23,21,39,32,44,41,47,67,51,54,61,49,61,21,41,30,24,50,34,53,28,21,28,69,69,62,73,75,49,Serie A
S. Pavlović,AC Milan,Serbia,31,"CB, RB",Left,194,25,81,Serbia,75,61,69,70,84,83,68,53,85,78,56,68,58,63,73,69,71,79,69,82,68,74,88,75,88,66,81,85,56,54,63,79,84,83,89,6,7,10,15,12,6,Serie A
M. Gila,AC Milan,España,34,CB,Right,185,26,81,,78,58,70,70,84,85,68,48,84,76,54,62,62,64,74,75,75,80,70,82,70,77,79,79,90,62,83,87,59,61,62,79,82,86,83,12,12,12,15,6,15,Serie A
K. De Winter,AC Milan,Bélgica,5,"CB, CDM",Right,191,24,81,Bélgica,78,59,71,70,86,85,66,52,87,80,54,67,62,60,69,74,74,81,61,78,66,76,87,73,91,55,86,81,56,65,68,83,86,89,83,8,15,14,8,13,14,Serie A
M. Gabbia,AC Milan,Italia,46,CB,Right,185,26,78,,71,62,66,68,81,79,60,57,79,79,53,66,55,60,68,69,69,73,66,76,71,78,78,74,83,63,74,81,54,53,57,73,79,85,76,13,8,14,10,7,6,Serie A
F. Tomori,AC Milan,Inglaterra,23,CB,Right,185,28,74,,71,51,61,62,77,76,55,45,75,69,50,54,55,54,66,67,68,74,68,68,62,66,76,74,81,51,67,76,46,53,52,74,78,77,75,7,13,9,13,14,10,Serie A
F. Terracciano,AC Milan,Italia,42,"CB, CDM",Right,186,23,70,,65,48,58,62,76,72,52,41,72,67,48,60,50,48,64,62,63,67,64,67,63,61,75,66,74,53,74,75,40,47,49,63,74,79,76,15,9,6,12,12,12,Serie A
S. Diawara,AC Milan,Francia,13,"CB, RB",Left,190,20,67,,65,47,56,57,71,68,55,44,67,64,40,51,47,46,59,63,64,66,57,60,56,57,74,61,70,49,69,70,36,46,51,61,72,73,72,13,8,9,10,13,12,Serie A
V. Vladimirov,AC Milan,Bulgaria,35,"CB, CDM",Right,190,18,58,,54,36,43,48,64,63,40,29,62,49,36,47,32,38,45,49,52,56,42,53,45,51,59,58,68,39,58,62,36,40,37,56,65,66,62,9,12,11,6,10,10,Serie A
D. Bartesaghi,AC Milan,Italia,33,"LB, LM",Left,193,20,76,,84,63,70,73,74,77,73,60,71,75,57,68,69,64,72,80,85,83,72,74,73,71,74,79,78,63,73,69,63,61,58,72,75,80,70,12,13,9,13,13,6,Serie A
P. Estupiñán,AC Milan,Ecuador,2,"LB, LM",Left,175,28,76,Ecuador,82,63,70,75,74,75,68,59,66,74,56,76,70,61,69,73,79,84,77,70,74,71,71,81,73,64,75,77,66,68,58,74,74,75,75,7,6,13,13,9,10,Serie A
A. Jashari,AC Milan,Suiza,30,"CDM, CB",Left,181,24,79,Suiza,76,70,75,74,81,83,71,65,81,76,59,70,68,71,82,76,78,74,75,78,76,79,76,86,82,71,83,82,75,77,73,86,79,81,86,14,6,15,9,7,15,Serie A
A. Rabiot,AC Milan,Francia,12,"CM, CAM",Left,191,31,80,Francia,78,76,80,78,72,80,76,72,72,79,74,75,75,74,82,80,77,78,74,87,78,81,71,84,80,81,77,67,69,87,76,80,76,73,69,15,6,12,6,9,11,Serie A
Y. Musah,AC Milan,Estados Unidos,80,CM,Right,178,23,76,Estados Unidos,71,72,76,76,70,75,73,69,64,79,71,76,69,71,78,76,72,71,76,74,76,75,72,84,73,76,69,70,82,76,70,74,66,76,70,11,15,14,8,15,6,Serie A
C. Comotto,AC Milan,Italia,28,CM,Right,185,18,69,,66,65,70,71,59,70,68,65,59,71,59,70,65,64,70,73,68,65,66,73,68,67,65,69,72,64,67,61,68,74,64,67,56,61,55,6,10,14,8,8,11,Serie A
R. Loftus-Cheek,AC Milan,Inglaterra,8,"CM, CAM",Right,191,30,77,,74,73,77,75,71,78,78,71,77,79,70,76,72,67,80,75,75,74,77,74,68,76,73,81,80,73,70,71,75,75,73,72,71,70,69,7,14,14,9,11,12,Serie A
W. Bondo,AC Milan,Francia,18,"CM, CAM",Right,177,23,71,,68,67,73,70,64,67,72,66,60,76,61,70,70,72,71,69,69,68,70,71,70,68,65,76,63,70,66,65,72,71,66,76,65,63,62,8,14,12,14,14,8,Serie A
L. Modrić,AC Milan,Croacia,14,"CM, CDM",Right,172,41,75,Croacia,61,68,76,75,66,72,71,66,65,81,64,73,72,73,73,76,64,59,78,75,79,70,67,76,73,69,68,67,80,77,70,72,67,66,65,6,6,8,12,12,12,Serie A
A. Saelemaekers,AC Milan,Bélgica,56,"RM, RW",Right,180,27,77,,84,72,78,77,60,73,82,73,67,75,72,76,74,78,76,80,83,85,77,72,76,72,68,81,72,70,67,56,71,81,75,77,62,59,54,8,7,6,9,13,10,Serie A
D. Moreira,AC Milan,Bélgica,22,"LM, RM",Left,179,22,80,Bélgica,84,80,80,78,61,75,84,81,67,78,74,80,85,74,78,73,80,88,87,82,85,83,69,84,73,77,68,63,76,82,74,75,59,63,54,11,9,6,10,9,11,Serie A
A. Cisse,AC Milan,Italia,70,CAM,Right,178,19,74,,77,79,78,80,48,69,74,79,62,83,73,83,77,72,73,80,80,74,79,74,78,75,65,78,67,85,65,58,76,80,71,66,43,43,43,7,15,14,9,11,6,Serie A
C. Pulisic,AC Milan,Estados Unidos,11,"RW, RM",Right,177,28,82,,88,80,79,84,54,72,83,81,72,78,79,85,80,77,74,82,90,87,89,86,84,83,74,83,69,77,66,54,83,79,78,79,55,48,49,14,8,13,14,15,11,Serie A
O. Hutchinson,AC Milan,Inglaterra,20,RW,Left,174,22,76,,86,75,73,78,43,69,81,78,61,74,70,78,76,71,60,78,80,91,78,75,77,74,61,78,67,71,65,40,77,75,70,72,44,39,43,8,10,10,14,12,14,Serie A
S. Chukwueze,AC Milan,Nigeria,21,RW,Left,172,27,78,Nigeria,85,76,75,81,47,67,75,74,65,78,76,84,80,70,67,78,82,88,82,71,81,77,65,74,66,80,61,49,82,75,78,81,41,48,42,6,9,12,9,10,7,Serie A
Gonçalo Ramos,AC Milan,Portugal,9,ST,Right,185,25,83,Portugal,82,85,72,83,50,81,73,88,89,76,86,85,72,73,65,83,86,79,80,83,80,86,87,78,84,77,76,51,85,70,85,85,46,43,42,12,7,11,6,7,6,Serie A
F. Camarda,AC Milan,Italia,73,"ST, LW",Right,189,18,71,,77,71,61,68,39,73,56,73,78,64,68,65,57,58,60,70,76,77,73,68,68,74,75,68,76,66,69,36,75,63,67,70,33,35,36,13,13,8,8,13,13,Serie A
M. Svilar,AS Roma,Serbia,99,GK,Right,189,27,80,,59,37,50,48,36,61,36,31,40,58,29,34,36,39,55,55,57,61,53,74,63,61,65,52,68,29,56,41,32,54,39,60,34,33,33,78,79,72,85,80,58,Serie A
D. Vásquez,AS Roma,Colombia,1,GK,Right,195,28,65,,41,23,35,32,23,47,24,15,27,40,14,18,20,18,38,37,43,40,41,60,47,45,55,39,55,25,34,29,12,41,21,42,21,19,21,63,64,57,67,65,43,Serie A
P. Gollini,AS Roma,Italia,95,GK,Right,194,31,66,,37,25,36,34,23,48,19,17,28,45,13,20,21,26,38,39,40,35,44,64,49,44,55,41,53,28,41,31,13,41,28,44,21,18,23,65,64,59,65,64,46,Serie A
G. De Marzi,AS Roma,Estados Unidos,70,GK,Right,192,19,52,,31,15,22,21,11,36,10,10,10,30,10,10,10,10,25,26,32,30,23,43,40,36,38,27,43,10,30,16,10,25,15,28,10,10,10,54,51,47,54,58,32,Serie A
E. Ndicka,AS Roma,Costa de Marfil,5,CB,Left,192,27,78,Costa de Marfil,75,58,68,70,82,80,61,55,85,79,53,69,61,58,69,72,72,77,63,80,61,70,82,72,83,55,81,82,56,60,53,74,80,83,79,15,15,7,11,11,7,Serie A
K. Koulierakis,AS Roma,Grecia,3,CB,Left,188,22,78,Grecia,73,57,69,67,82,81,66,50,82,78,57,62,59,56,72,71,74,73,67,73,68,75,76,77,81,55,85,78,50,60,56,75,83,86,79,9,11,8,12,15,14,Serie A
L. Balerdi,AS Roma,Argentina,26,"CB, CDM",Right,188,27,79,Argentina,71,58,67,66,81,83,62,50,81,75,53,61,58,61,69,69,72,70,62,80,65,79,85,74,86,57,84,82,52,58,52,76,82,81,78,12,15,8,7,15,8,Serie A
D. Ghilardi,AS Roma,Italia,87,CB,Right,189,23,78,Italia,72,59,65,67,80,82,60,55,81,73,61,63,50,61,72,69,65,77,63,77,71,73,86,72,85,58,84,81,53,56,56,76,82,76,85,8,9,14,10,15,10,Serie A
G. Mancini,AS Roma,Italia,23,"CB, RB",Right,190,30,78,Italia,73,59,65,64,80,85,67,54,82,68,49,56,56,60,73,70,70,76,61,80,69,76,85,80,88,57,83,82,53,54,56,78,78,80,80,14,15,15,11,14,8,Serie A
M. Hermoso,AS Roma,España,22,CB,Left,184,31,78,,73,59,65,67,80,83,71,54,80,70,52,62,55,48,67,68,71,74,69,76,73,77,80,79,87,56,81,84,47,57,58,81,78,78,82,8,11,15,6,11,10,Serie A
Wesley,AS Roma,Brasil,43,RB,Right,178,23,82,,85,68,77,80,80,82,80,63,74,84,65,76,75,65,72,83,83,86,84,85,82,76,78,89,81,70,75,77,75,70,64,80,81,83,85,10,14,12,12,6,10,Serie A
N. Molina,AS Roma,Argentina,20,"RB, RM",Right,179,28,77,,84,63,73,73,76,76,77,59,65,74,60,73,68,56,73,71,86,82,79,75,75,75,76,78,74,61,77,73,63,71,67,69,77,79,79,6,13,12,6,12,10,Serie A
D. Rensch,AS Roma,Países Bajos,2,RB,Right,181,23,73,,76,57,70,69,72,74,76,53,69,72,54,67,63,65,65,69,78,74,74,70,70,65,65,76,75,57,69,76,60,67,57,69,72,69,75,11,8,10,14,11,6,Serie A
E. Lulli,AS Roma,Italia,77,RB,Right,184,19,67,,76,53,61,63,66,69,64,51,66,65,49,62,56,52,59,63,77,75,69,59,67,56,66,73,67,57,70,61,56,58,53,67,67,67,67,12,11,11,9,13,10,Serie A
B. Cristante,AS Roma,Italia,4,CDM,Right,186,31,76,,68,69,72,69,76,81,65,68,70,76,59,65,63,62,76,71,68,68,69,75,71,74,74,79,81,70,84,75,69,76,63,78,76,79,74,14,15,11,8,10,10,Serie A
M. de Roon,AS Roma,Países Bajos,15,CDM,Right,186,35,75,,64,65,72,71,78,82,64,60,75,72,60,70,69,69,84,71,65,63,66,78,70,71,73,81,87,70,75,81,65,73,68,77,79,75,77,11,8,13,6,14,6,Serie A
M. Koné,AS Roma,Francia,17,"CM, CDM",Right,185,25,84,Francia,80,80,85,86,75,82,77,78,76,87,73,88,82,80,87,85,79,81,84,86,81,85,84,87,79,82,81,75,82,89,78,85,74,77,75,7,13,6,13,10,8,Serie A
N. Pisilli,AS Roma,Italia,61,"CM, CAM",Right,180,22,78,,72,70,78,79,68,72,74,65,67,80,64,77,74,70,76,82,75,70,76,79,76,71,73,73,71,77,74,70,74,82,77,85,67,69,68,10,13,15,12,12,7,Serie A
Rodrigo Mora,AS Roma,Portugal,86,CAM,Right,168,19,76,,82,75,78,81,48,66,77,74,57,78,71,80,75,72,77,83,85,79,83,70,82,76,66,74,65,78,61,49,77,82,73,76,48,48,41,13,9,15,7,14,10,Serie A
L. Pellegrini,AS Roma,Italia,7,"CAM, CM",Right,186,30,77,,78,77,78,79,53,72,79,79,63,77,71,82,79,74,77,80,79,77,75,72,72,73,65,76,75,80,62,52,71,82,73,78,56,49,46,13,13,13,10,15,8,Serie A
M. Soulé,AS Roma,Argentina,18,"RW, ST",Left,182,23,80,Argentina,90,79,81,84,48,74,84,83,72,79,72,86,81,76,78,85,91,89,81,82,81,79,72,79,74,72,67,49,83,83,79,69,48,42,42,7,10,14,7,12,12,Serie A
P. Dybala,AS Roma,Argentina,21,"CAM, CM",Left,177,32,76,,76,77,78,79,48,71,65,78,61,84,81,82,77,77,77,75,75,76,77,80,80,81,64,74,73,73,63,51,78,84,72,81,43,48,44,8,14,7,10,7,9,Serie A
D. Malen,AS Roma,Países Bajos,14,"ST, LW",Right,178,27,85,,84,84,74,80,52,83,73,83,85,77,86,78,79,72,65,80,84,84,85,88,81,85,83,82,84,84,84,52,92,75,87,84,46,49,45,8,11,14,8,15,12,Serie A
S. Castro,AS Roma,Argentina,9,ST,Right,179,22,77,Argentina,79,79,70,76,43,78,65,82,75,74,78,74,70,70,60,77,81,77,72,78,78,78,76,75,82,72,70,39,80,73,75,80,37,41,43,6,15,11,12,14,15,Serie A
A. Arena,AS Roma,Italia,68,"ST, CF",Left,188,17,63,,67,68,54,60,28,61,55,73,67,55,60,62,52,54,52,61,69,65,53,54,55,65,67,57,65,65,53,27,67,54,58,58,23,23,21,12,7,12,7,15,11,Serie A
M. Carnesecchi,Atalanta de Bérgamo,Italia,29,GK,Right,191,26,80,Italia,56,36,48,48,40,64,37,25,40,51,31,37,32,39,52,51,54,58,53,79,62,65,64,58,70,34,55,45,28,55,40,63,39,37,41,86,80,76,78,85,60,Serie A
M. Sportiello,Atalanta de Bérgamo,Italia,57,GK,Right,192,34,72,,40,29,42,37,29,58,27,23,34,48,15,23,28,27,49,40,38,41,50,70,52,50,55,48,67,23,47,39,23,49,36,56,25,26,23,71,68,65,69,71,51,Serie A
T. Pompei,Atalanta de Bérgamo,Italia,22,GK,Left,190,20,57,,32,20,27,24,14,40,14,14,19,36,14,19,10,10,27,21,38,28,32,52,35,41,41,30,46,15,36,23,10,32,16,37,12,10,13,58,57,53,55,59,34,Serie A
G. Scalvini,Atalanta de Bérgamo,Italia,42,CB,Right,194,22,80,Italia,80,59,65,70,82,85,55,52,91,73,56,64,63,62,72,76,79,80,67,73,71,73,88,79,89,62,84,80,44,58,62,75,80,83,84,15,13,6,8,11,8,Serie A
I. Hien,Atalanta de Bérgamo,Suecia,4,"CB, CDM",Right,191,27,78,,74,58,65,66,80,80,59,51,84,72,54,61,64,58,73,70,71,76,62,73,68,78,86,75,81,55,83,83,53,55,53,77,78,79,81,15,11,12,11,14,6,Serie A
T. Kristensen,Atalanta de Bérgamo,Dinamarca,31,"CB, RB",Right,198,24,77,,73,54,62,62,81,80,56,45,84,71,51,59,54,58,69,65,69,76,59,69,59,74,82,72,84,55,78,80,55,51,55,71,83,81,75,12,8,14,9,9,11,Serie A
O. Kossounou,Atalanta de Bérgamo,Costa de Marfil,3,"CB, CDM",Right,191,25,76,,76,57,64,64,82,78,60,48,80,71,52,61,55,49,63,68,72,80,60,74,61,74,83,74,80,62,77,82,50,61,55,70,85,79,82,15,12,15,10,7,9,Serie A
S. Kolasinac,Atalanta de Bérgamo,Bosnia y Herzegovina,23,CB,Left,183,33,77,Bosnia-Herzegovina,65,58,67,66,79,78,64,52,76,73,52,63,54,60,66,67,64,65,63,77,65,73,79,72,80,64,81,83,45,66,53,73,78,79,75,7,14,6,13,14,12,Serie A
R. Obrić,Atalanta de Bérgamo,Eslovenia,40,CB,Left,194,20,65,,62,42,54,51,71,68,52,32,74,62,43,46,41,46,58,57,56,66,45,59,50,64,72,60,75,44,59,66,37,43,46,58,70,74,68,7,11,6,14,10,13,Serie A
L. Bernasconi,Atalanta de Bérgamo,Italia,47,"LB, LM",Left,190,22,77,,82,62,74,73,73,80,80,57,70,78,52,72,71,67,70,72,84,81,77,74,78,73,75,85,79,65,77,78,66,66,66,72,67,75,74,8,6,7,8,11,12,Serie A
R. Bellanova,Atalanta de Bérgamo,Italia,16,RB,Right,188,26,77,,84,61,73,75,74,78,76,54,74,77,63,73,65,67,71,76,83,85,82,74,74,76,80,81,78,63,76,76,62,66,59,75,71,75,74,9,9,10,6,13,11,Serie A
D. Zappacosta,Atalanta de Bérgamo,Italia,77,RB,Right,182,34,76,,75,64,73,71,73,78,75,64,68,77,58,68,76,59,71,73,79,72,75,78,75,71,74,79,79,61,73,71,60,67,64,71,74,73,78,15,15,10,11,10,13,Serie A
G. Gaetano,Atalanta de Bérgamo,Italia,70,"CDM, CB",Right,183,26,74,,69,65,70,70,75,78,60,65,75,74,58,69,61,66,76,74,69,69,64,74,65,68,72,78,80,62,76,80,64,71,66,70,72,76,73,13,7,13,15,9,10,Serie A
Éderson,Atalanta de Bérgamo,Brasil,13,CM,Right,183,27,82,,77,76,82,83,76,80,73,75,71,88,66,83,78,70,79,86,75,79,81,82,80,81,73,87,79,75,77,81,84,85,69,77,77,72,76,6,7,7,6,7,14,Serie A
F. Kessié,Atalanta de Bérgamo,Costa de Marfil,19,"CM, CAM",Right,183,29,75,Costa de Marfil,76,71,76,78,68,72,72,72,69,79,64,73,71,70,75,86,72,79,73,77,71,72,66,84,70,68,66,65,73,76,76,77,67,73,66,9,7,6,9,12,15,Serie A
M. Pašalić,Atalanta de Bérgamo,Croacia,8,"CM, CDM",Right,188,31,77,Croacia,71,74,80,78,70,78,77,72,71,82,69,78,75,69,80,80,72,70,75,79,73,76,67,80,78,78,78,73,81,82,70,79,69,69,68,11,8,13,14,11,14,Serie A
N. Zalewski,Atalanta de Bérgamo,Polonia,59,"LM, RM",Left,175,24,79,Polonia,88,73,79,81,59,74,82,72,66,79,69,77,84,75,77,84,93,84,85,75,85,74,73,87,69,75,70,64,77,78,72,78,60,52,59,15,15,9,12,6,13,Serie A
C. De Ketelaere,Atalanta de Bérgamo,Bélgica,17,"CAM, CM",Left,192,25,82,Bélgica,80,82,83,82,54,77,78,84,77,85,77,84,81,85,78,81,81,80,79,81,81,82,70,78,80,81,71,57,82,88,83,91,53,47,49,12,14,7,10,14,8,Serie A
L. Samardžić,Atalanta de Bérgamo,Serbia,10,CAM,Left,184,24,76,Serbia,74,76,76,82,50,68,75,77,62,76,69,85,77,76,73,81,77,72,81,77,77,75,66,71,69,77,61,57,80,80,73,77,47,47,40,15,15,13,6,6,15,Serie A
E. Elmas,Atalanta de Bérgamo,Macedonia del Norte,99,CAM,Right,184,27,77,Macedonia del Norte,76,77,80,79,51,69,75,78,66,81,78,81,81,83,73,79,78,74,77,79,76,74,70,79,65,75,66,49,79,85,76,75,51,51,42,10,9,9,7,13,14,Serie A
J. Rowe,Atalanta de Bérgamo,Inglaterra,11,"LW, ST",Left,173,23,80,,87,79,75,84,50,70,80,75,63,74,77,86,85,76,65,84,86,88,87,80,87,81,71,81,69,84,60,50,84,76,81,72,51,45,45,14,13,10,10,8,9,Serie A
K. Sulemana,Atalanta de Bérgamo,Ghana,7,"LW, ST",Left,174,24,79,,88,78,75,82,49,69,79,76,63,73,75,83,80,76,69,80,87,88,86,84,81,83,68,74,69,80,65,49,81,77,75,83,46,50,43,14,8,8,6,8,13,Serie A
G. Raspadori,Atalanta de Bérgamo,Italia,18,CAM,Right,172,26,77,Italia,76,74,79,81,47,66,77,73,54,81,73,79,81,75,75,86,80,73,79,73,81,73,61,72,64,76,67,50,80,81,73,80,46,45,45,7,12,6,6,15,7,Serie A
N. Krstović,Atalanta de Bérgamo,Montenegro,90,ST,Right,185,26,80,Montenegro,80,78,71,78,48,79,69,79,81,73,78,75,71,71,64,82,82,78,79,82,76,78,85,74,82,75,75,44,87,76,81,80,49,38,48,8,6,13,8,13,6,Serie A
G. Scamacca,Atalanta de Bérgamo,Italia,9,ST,Right,195,27,79,Italia,82,82,68,77,44,81,70,85,83,69,78,78,70,62,60,78,80,84,76,79,71,81,83,75,85,77,78,44,84,69,78,77,40,37,38,7,14,13,15,7,13,Serie A
V. Milinković-Savić,SSC Nápoles,Serbia,32,GK,Right,202,29,79,Serbia,56,34,51,45,39,64,38,27,42,59,28,35,41,30,51,46,54,57,55,70,61,54,70,60,69,33,54,46,27,58,35,56,35,40,35,80,77,71,83,84,64,Serie A
A. Meret,SSC Nápoles,Italia,1,GK,Left,190,29,76,,50,35,47,45,32,61,30,28,33,52,24,37,34,34,57,44,52,48,51,77,61,59,61,54,67,32,53,40,27,53,33,52,29,31,32,75,71,69,78,75,55,Serie A
N. Contini,SSC Nápoles,Italia,14,GK,Right,190,30,66,,43,22,33,33,25,46,19,12,26,39,11,21,21,14,35,37,48,39,42,63,44,47,48,38,53,20,36,29,24,41,27,42,20,26,25,71,61,62,65,63,40,Serie A
C. Pugliese,SSC Nápoles,Italia,12,GK,Left,187,18,52,,29,15,19,19,12,35,10,10,14,23,10,10,10,10,25,21,30,29,25,45,29,33,46,26,40,12,30,18,10,22,13,32,10,10,10,55,50,44,50,53,29,Serie A
A. Buongiorno,SSC Nápoles,Italia,4,"CB, RB",Left,190,27,80,,73,58,68,67,84,83,65,52,88,75,49,61,60,55,77,70,69,76,68,83,71,73,84,78,86,58,81,83,57,56,61,75,84,83,80,9,8,14,9,10,10,Serie A
S. Beukema,SSC Nápoles,Países Bajos,31,CB,Right,188,27,78,,73,58,66,70,80,80,61,51,84,76,52,69,58,54,69,72,69,76,65,75,67,73,87,75,82,61,82,81,55,54,62,75,81,78,73,8,12,7,7,10,14,Serie A
R. Marín,SSC Nápoles,España,16,"CB, RB",Right,191,24,77,,71,59,66,64,80,79,65,54,84,68,55,64,58,56,72,62,66,75,60,80,62,75,77,73,80,58,84,81,51,61,52,73,78,78,83,11,9,10,6,8,9,Serie A
B. Badiashile,SSC Nápoles,Francia,5,CB,Left,194,25,78,,77,56,66,65,78,85,61,49,84,75,54,58,62,57,72,69,78,76,66,78,60,72,84,77,89,56,84,74,55,56,60,74,79,77,80,15,10,9,8,6,15,Serie A
A. Rrahmani,SSC Nápoles,Kosovo,13,CB,Right,192,32,78,,70,58,66,66,80,84,60,52,83,70,55,62,60,60,69,69,67,72,62,81,70,76,86,73,91,58,81,76,55,66,55,76,84,79,79,11,15,12,6,6,12,Serie A
L. Marianucci,SSC Nápoles,Italia,35,"CB, CDM",Right,186,22,73,,66,54,59,62,78,73,58,50,75,64,48,54,52,46,66,68,65,67,62,70,61,66,75,64,78,52,71,74,49,50,51,72,81,78,77,7,7,11,7,9,6,Serie A
M. Olivera,SSC Nápoles,Uruguay,17,LB,Left,185,28,78,Uruguay,81,64,72,74,75,82,75,59,72,73,57,73,67,63,72,74,80,82,75,79,77,77,73,82,84,66,79,78,65,72,64,75,73,78,71,10,6,9,7,9,12,Serie A
L. Spinazzola,SSC Nápoles,Italia,37,LB,Left,186,33,75,,77,64,72,73,74,76,75,65,69,73,56,72,65,61,69,72,76,78,81,69,77,66,79,83,72,63,77,71,65,72,62,71,76,76,77,8,12,9,6,10,10,Serie A
C. Favasuli,SSC Nápoles,Italia,2,"RB, LB",Right,178,22,69,,74,52,65,65,66,67,70,48,60,67,50,66,60,52,64,60,72,76,79,63,67,58,68,71,64,52,68,68,57,62,51,69,68,65,66,15,10,6,10,14,6,Serie A
G. Di Lorenzo,SSC Nápoles,Italia,22,RB,Right,183,33,77,Italia,79,68,71,75,76,78,77,66,73,71,65,72,69,61,75,76,78,79,80,79,76,77,75,81,78,65,77,76,69,65,58,74,75,77,83,8,11,6,14,9,9,Serie A
B. Gilmour,SSC Nápoles,Escocia,6,"CDM, CB",Right,170,25,78,Escocia,74,70,73,72,80,78,70,68,71,77,60,68,73,71,76,75,75,74,66,86,73,76,70,82,75,73,80,83,69,69,68,76,83,76,81,7,6,9,6,14,11,Serie A
S. Lobotka,SSC Nápoles,Eslovaquia,68,CDM,Right,168,31,77,,70,67,75,75,78,77,71,63,66,79,60,73,69,61,71,77,72,69,71,82,78,71,70,81,76,72,78,76,70,80,65,80,81,82,77,10,12,8,15,8,14,Serie A
S. McTominay,SSC Nápoles,Escocia,8,CM,Right,193,29,82,,78,76,80,80,74,84,78,73,80,81,74,79,77,77,81,82,80,77,78,79,80,80,82,91,83,80,80,71,82,81,75,82,75,74,74,11,13,12,7,12,15,Serie A
F. Anguissa,SSC Nápoles,Camerún,99,"CM, CDM",Right,184,30,80,,79,72,82,80,71,78,77,72,69,90,70,77,75,71,81,83,79,79,79,80,83,72,72,86,75,73,79,77,73,80,75,86,71,70,68,14,6,12,10,14,15,Serie A
A. Vergara,SSC Nápoles,Italia,26,"CAM, CM",Left,182,23,76,Italia,74,77,76,76,49,72,79,78,63,75,74,77,76,69,75,73,80,70,78,79,77,77,65,79,75,78,60,56,75,78,74,78,45,46,41,8,14,15,14,13,14,Serie A
K. De Bruyne,SSC Nápoles,Bélgica,11,CAM,Right,181,35,78,Bélgica,69,75,78,80,52,72,73,75,61,79,69,78,79,74,74,83,68,69,77,81,76,73,68,77,72,76,65,56,80,87,77,81,53,49,45,7,13,8,12,6,8,Serie A
Alisson Santos,SSC Nápoles,Brasil,27,LW,Left,177,24,81,,85,77,77,85,51,76,77,76,67,79,71,86,80,77,73,83,88,83,89,85,81,74,74,86,74,79,70,53,86,76,84,79,48,49,44,11,13,15,6,10,13,Serie A
N. Lang,SSC Nápoles,Países Bajos,70,LW,Left,176,27,77,Países Bajos,79,75,76,80,46,69,75,76,65,77,70,80,79,74,67,81,81,77,80,72,86,75,67,77,66,76,66,51,78,80,70,75,42,42,45,11,15,11,6,14,10,Serie A
David Neres,SSC Nápoles,Brasil,7,RW,Left,176,29,78,,85,79,74,81,48,69,74,82,67,76,73,82,79,70,67,78,85,85,88,79,82,75,72,80,67,77,58,48,84,76,74,75,48,45,39,6,11,10,9,14,11,Serie A
M. Politano,SSC Nápoles,Italia,21,"RW, RM",Left,171,33,79,,79,76,76,82,47,71,86,71,61,74,82,85,80,71,69,80,80,78,83,75,85,80,71,76,68,80,70,53,77,76,73,78,40,46,42,12,15,13,13,12,11,Serie A
R. Højlund,SSC Nápoles,Dinamarca,19,"ST, CF",Left,191,23,80,Dinamarca,83,82,68,82,46,79,62,83,86,74,83,80,72,70,60,86,81,84,78,84,74,82,84,77,81,78,74,41,92,66,84,80,42,43,42,9,13,6,15,6,7,Serie A
L. Lucca,SSC Nápoles,Italia,20,ST,Right,201,26,79,,82,79,66,78,45,84,73,77,87,62,84,76,73,67,61,81,83,82,73,83,68,82,89,78,91,78,73,41,82,68,74,79,39,41,38,15,9,7,14,15,15,Serie A
Giovane,SSC Nápoles,Brasil,23,"ST, LW",Left,184,22,75,,74,76,66,76,40,74,66,81,76,68,76,73,70,70,61,82,71,76,72,78,70,73,74,76,77,68,65,42,82,63,73,76,34,35,35,11,11,12,14,7,15,Serie A
D. de Gea,Fiorentina,España,43,GK,Right,192,35,76,,43,32,44,42,32,57,30,20,34,49,21,30,29,31,52,45,40,45,49,75,58,59,61,50,62,33,50,38,29,52,33,61,34,26,28,77,75,71,80,79,52,Serie A
O. Christensen,Fiorentina,Dinamarca,53,GK,Right,190,27,67,,42,25,38,34,27,48,22,15,26,45,16,23,22,20,45,36,41,42,42,67,42,51,53,45,54,25,38,33,19,44,32,48,29,22,24,68,70,59,68,72,48,Serie A
L. Lezzerini,Fiorentina,Italia,19,GK,Right,195,31,63,,35,19,33,31,18,48,23,10,23,42,12,19,21,19,32,34,32,37,32,64,45,41,51,40,57,20,36,27,13,36,21,48,17,15,11,62,65,61,63,67,41,Serie A
R. Drăgușin,Fiorentina,Rumania,3,"CB, CDM",Right,192,24,78,Rumanía,73,57,63,67,81,85,61,54,81,68,50,62,56,59,68,71,74,72,64,80,65,72,84,76,89,53,86,77,54,53,58,71,80,86,77,8,13,9,11,12,15,Serie A
V. Valdepeñas,Fiorentina,España,21,"CB, RB",Left,188,19,71,,67,51,60,61,75,74,57,47,71,67,46,57,55,52,62,65,67,67,54,69,59,63,76,73,73,50,76,72,48,53,54,67,74,79,72,11,10,6,15,6,12,Serie A
Viery,Fiorentina,Brasil,33,CB,Left,187,21,74,,74,54,60,62,79,77,59,47,75,67,51,56,54,48,65,65,73,74,62,71,64,70,83,70,82,56,72,75,49,51,57,71,84,77,82,7,8,13,11,12,15,Serie A
M. Pongracic,Fiorentina,Croacia,5,"CB, CDM",Right,193,29,73,Croacia,69,54,62,63,76,75,53,51,75,71,46,61,57,50,70,65,68,69,58,74,66,64,78,66,79,56,77,75,46,54,54,67,77,78,73,10,9,6,11,10,6,Serie A
L. Ranieri,Fiorentina,Italia,6,"CB, RB",Left,187,27,74,,68,54,61,63,77,78,60,49,85,65,45,60,54,57,69,64,66,69,58,76,68,70,74,74,79,55,81,78,47,54,56,74,71,80,72,7,11,8,12,6,10,Serie A
F. Parisi,Fiorentina,Italia,65,"LB, LM",Left,178,25,72,,77,58,67,72,70,70,74,57,62,72,45,71,55,59,68,73,79,76,77,66,72,63,67,71,70,59,71,73,60,57,59,71,72,69,74,12,6,14,8,13,9,Serie A
Á. Jiménez,Fiorentina,España,20,"RB, LB",Right,177,21,77,,82,65,73,74,73,75,80,63,64,74,60,70,70,69,71,77,82,82,79,74,79,72,72,78,74,63,74,74,71,68,62,75,72,74,80,10,12,14,13,6,7,Serie A
Dodô,Fiorentina,Brasil,2,"RB, LB",Right,166,27,81,,84,68,77,78,77,76,83,66,67,77,62,79,78,70,77,73,86,82,87,77,88,73,77,79,74,67,78,79,67,71,71,78,75,80,81,10,9,13,8,13,10,Serie A
João Mário,Fiorentina,Portugal,17,RB,Right,178,26,74,,80,59,70,70,70,71,75,58,64,72,59,66,70,67,69,72,76,83,74,72,74,61,72,80,66,61,72,68,59,62,54,77,69,73,76,10,13,6,11,14,7,Serie A
C. Inao Oulaï,Fiorentina,Costa de Marfil,42,CM,Right,173,20,76,Costa de Marfil,74,74,77,76,65,73,76,72,67,82,63,79,72,71,79,75,75,73,76,71,74,76,67,75,73,79,70,69,78,71,71,71,63,64,66,10,9,12,13,15,15,Serie A
A. Atta,Fiorentina,Francia,14,"CM, CAM",Right,189,23,79,,79,70,79,80,73,83,74,68,73,80,70,79,73,74,84,83,83,76,78,80,74,72,79,84,83,73,82,74,73,79,73,77,74,73,68,13,12,11,11,9,11,Serie A
C. Ndour,Fiorentina,Italia,27,"CM, CAM",Right,190,22,78,,73,72,78,78,70,80,74,68,68,81,67,80,73,69,80,78,75,71,76,75,75,78,73,81,84,77,71,70,76,78,75,76,71,71,63,8,9,8,11,12,11,Serie A
N. Fagioli,Fiorentina,Italia,44,CM,Right,178,25,78,Italia,79,73,82,78,70,79,74,71,69,88,72,81,74,75,78,77,77,81,71,75,76,79,70,80,82,75,71,76,72,84,70,78,67,70,64,9,12,8,7,9,15,Serie A
M. Brescianini,Fiorentina,Italia,4,"CM, CAM",Left,188,26,74,,70,71,73,76,68,75,64,68,69,76,61,75,70,70,78,80,73,67,72,74,76,76,68,75,77,78,74,72,73,76,65,73,66,69,64,10,9,15,7,7,13,Serie A
Pedro Gonçalves,Fiorentina,Portugal,28,"LW, LM",Left,173,28,80,,90,75,78,81,48,72,85,75,66,78,74,80,83,77,70,84,89,90,81,80,84,75,71,78,70,74,68,52,84,77,74,73,41,47,41,8,6,14,11,12,11,Serie A
A. Njie,Fiorentina,Suecia,25,LW,Left,185,21,74,,83,72,71,74,44,71,71,66,63,75,68,71,75,65,65,80,85,81,74,70,72,79,65,78,71,76,63,52,78,71,75,71,41,41,31,9,6,14,7,14,14,Serie A
R. Sottil,Fiorentina,Italia,11,"LW, ST",Left,180,27,67,,72,67,62,69,36,60,59,70,54,66,67,72,68,62,54,66,72,72,71,64,68,65,55,69,59,62,50,39,68,65,62,63,36,30,29,13,9,14,6,10,11,Serie A
F. Mastantuono,Fiorentina,Argentina,30,RW,Left,178,19,76,Argentina,82,75,73,80,47,64,72,75,65,75,74,80,74,69,67,83,81,83,79,74,78,79,66,72,62,71,59,48,80,75,68,72,44,45,43,15,7,12,8,9,9,Serie A
W. Gnonto,Fiorentina,Italia,29,"RW, ST",Right,170,22,75,,83,76,72,79,47,67,73,79,64,72,66,78,76,73,67,79,80,85,85,73,81,76,68,76,66,74,60,49,80,73,71,71,45,45,37,12,12,13,14,6,14,Serie A
F. Croci,Fiorentina,Italia,70,CAM,Left,177,16,64,,69,61,66,67,38,55,61,59,52,67,56,71,68,66,64,64,72,66,66,59,66,66,49,58,55,62,54,38,65,71,63,64,37,36,35,8,6,15,9,6,7,Serie A
M. Pellegrino,Fiorentina,Argentina,32,"ST, LW",Left,192,24,79,,81,78,71,78,46,80,68,76,86,80,81,79,75,65,63,80,84,78,73,78,71,84,82,77,84,75,74,40,83,66,81,79,45,39,40,6,6,11,14,15,14,Serie A
Beto,Fiorentina,Guinea-Bissau,23,ST,Right,194,28,77,,79,80,67,74,43,79,64,80,79,73,82,71,65,69,59,79,77,80,69,76,66,85,83,73,86,73,69,45,83,66,73,76,39,39,30,9,7,13,14,13,7,Serie A
C. Mandas,SS Lazio,Grecia,35,GK,Right,189,25,74,Grecia,54,30,46,43,30,57,32,24,33,51,29,29,29,28,49,50,53,55,49,73,54,50,58,46,67,25,47,36,27,60,33,59,30,26,28,76,73,66,77,79,52,Serie A
E. Motta,SS Lazio,Italia,40,GK,Right,194,21,70,,41,29,38,36,28,54,22,22,28,42,24,24,28,25,45,40,41,41,41,69,57,50,60,45,59,26,49,39,19,45,35,47,25,26,19,73,70,61,71,73,42,Serie A
A. Furlanetto,SS Lazio,Italia,55,GK,Right,191,24,63,,37,19,32,29,19,47,18,11,23,37,10,19,16,22,31,30,32,41,39,54,48,42,50,38,54,19,40,25,13,43,22,43,18,17,11,65,59,54,60,65,44,Serie A
D. Renzetti,SS Lazio,Italia,59,GK,Right,194,20,57,,33,18,27,25,14,39,13,10,11,32,10,16,15,16,28,27,36,31,35,48,36,42,39,28,49,18,29,22,10,35,16,35,15,10,10,59,59,52,55,58,36,Serie A
O. Provstgaard,SS Lazio,Dinamarca,25,"CB, RB",Left,194,23,78,Dinamarca,70,58,66,66,78,82,66,52,88,77,52,64,60,54,67,66,67,72,66,74,66,73,79,79,86,56,78,75,54,52,61,74,80,77,76,12,9,11,11,10,15,Serie A
D. Doekhi,SS Lazio,Países Bajos,5,CB,Right,190,28,77,,74,55,66,67,82,82,62,47,83,75,46,64,57,55,70,68,74,74,64,76,69,71,80,74,87,58,81,78,49,55,61,75,86,82,76,15,15,12,10,12,9,Serie A
Diogo Leite,SS Lazio,Portugal,2,CB,Left,190,27,75,,72,54,64,65,78,79,61,47,81,71,50,62,53,56,72,65,66,76,62,77,67,73,77,70,84,51,79,84,49,54,53,75,77,76,74,6,10,9,7,12,10,Serie A
J. Sutalo,SS Lazio,Croacia,37,CB,Right,185,26,75,Croacia,68,58,62,63,76,74,62,57,78,66,45,57,57,57,67,66,66,69,62,73,66,68,78,68,75,53,76,83,49,52,59,73,74,74,73,9,7,13,11,9,8,Serie A
Filipe Bordon,SS Lazio,Brasil,76,"CB, CDM",Right,194,21,62,,59,42,51,49,64,67,51,36,67,60,40,47,46,39,51,50,58,59,49,59,46,53,68,62,69,46,66,62,36,39,45,55,62,63,69,9,10,10,10,8,13,Serie A
Ricardo Bordon,SS Lazio,Brasil,33,"CB, RB",Right,182,19,56,,51,36,44,44,58,58,39,29,62,52,35,39,38,38,47,46,48,54,45,58,50,52,59,53,57,37,64,58,38,37,36,50,56,59,58,14,14,8,11,15,12,Serie A
Nuno Tavares,SS Lazio,Portugal,17,"LB, RB",Left,183,26,75,Portugal,80,60,69,74,73,75,77,56,70,70,59,71,60,60,68,76,82,78,74,70,77,69,64,78,76,59,71,75,64,66,62,77,73,72,73,7,11,10,14,10,10,Serie A
L. Pellegrini,SS Lazio,Italia,3,LB,Left,178,27,71,,75,57,66,70,69,68,75,52,67,69,60,68,61,57,63,70,74,76,76,65,69,67,71,69,68,60,68,69,59,56,54,70,74,62,77,7,7,15,8,11,6,Serie A
A. Pedraza,SS Lazio,España,23,LB,Left,184,30,71,,75,55,68,68,69,72,70,49,66,73,56,65,67,51,66,71,73,77,72,69,69,65,71,74,71,56,71,67,57,64,58,66,71,70,70,14,8,8,10,7,9,Serie A
M. Fares,SS Lazio,Argelia,18,LB,Left,183,30,63,,65,51,58,60,61,66,63,44,57,58,46,60,57,47,60,60,65,65,59,57,65,64,63,73,66,54,60,63,51,54,50,62,62,62,59,15,7,12,9,14,6,Serie A
R. Floriani Mussolini,SS Lazio,Italia,15,"RB, LB",Right,188,23,72,,76,58,69,71,72,72,71,55,72,76,60,70,70,55,66,72,78,74,69,70,68,67,73,74,73,55,65,67,61,62,56,75,72,75,72,11,12,8,7,6,7,Serie A
A. Marusic,SS Lazio,Montenegro,77,"RB, LB",Right,185,33,76,,78,61,71,76,76,77,76,57,67,74,55,79,70,62,68,73,76,79,75,77,73,72,78,79,77,60,72,73,65,67,59,74,79,78,71,8,14,10,8,6,9,Serie A
M. Lazzari,SS Lazio,Italia,29,"RB, RM",Right,174,32,73,,76,56,69,71,71,76,75,50,62,70,48,69,66,62,69,70,73,79,77,76,74,67,72,82,74,63,75,69,58,66,50,77,74,72,73,7,11,7,12,14,7,Serie A
N. Rovella,SS Lazio,Italia,6,"CDM, CB",Right,179,24,78,,73,68,74,74,79,79,69,64,76,78,63,68,76,69,78,78,71,75,72,81,74,78,77,79,79,70,80,83,69,71,68,84,77,80,80,10,12,7,12,6,7,Serie A
R. Belahyane,SS Lazio,Marruecos,21,"CDM, CM",Right,173,22,70,,61,60,68,65,69,71,58,58,63,74,49,58,55,64,72,71,59,63,65,65,70,68,62,80,67,60,70,71,61,67,63,75,67,73,66,6,11,10,14,7,15,Serie A
D. Cataldi,SS Lazio,Italia,32,CDM,Right,180,32,75,,63,65,72,70,75,77,64,60,67,78,59,65,64,67,74,73,62,63,68,80,71,71,71,83,74,67,77,80,74,73,72,77,71,80,74,13,10,14,13,11,7,Serie A
B. Galassi,SS Lazio,Argentina,8,CDM,Right,184,19,51,,47,38,47,47,50,55,40,31,51,52,33,47,39,43,51,49,48,47,41,47,42,51,49,58,52,41,58,52,47,47,37,50,47,48,57,8,15,8,14,12,7,Serie A
K. Taylor,SS Lazio,Países Bajos,24,"CM, CAM",Left,182,24,82,Países Bajos,80,77,80,84,75,79,80,71,73,80,73,87,79,79,78,81,79,80,85,79,84,84,74,78,80,81,81,74,82,82,77,84,79,74,73,13,6,6,6,10,9,Serie A
D. Frattesi,SS Lazio,Italia,16,"CM, CDM",Right,178,27,79,Italia,77,72,79,80,68,76,77,69,71,80,75,77,74,70,80,84,79,76,86,78,74,73,71,77,76,77,78,64,78,82,66,77,68,71,67,13,6,10,14,14,12,Serie A
F. Dele-Bashiru,SS Lazio,Nigeria,7,CM,Right,186,25,73,,72,67,73,73,62,73,74,62,64,76,66,73,73,61,71,73,74,70,75,74,67,75,70,67,77,69,69,62,67,70,72,66,61,64,62,9,13,15,8,6,11,Serie A
V. Farcomeni,SS Lazio,Italia,71,"CM, CAM",Right,176,20,55,,56,52,57,58,48,55,51,48,44,63,50,61,51,52,54,58,58,54,53,53,53,63,44,61,53,53,53,49,51,56,46,54,44,52,47,12,12,9,7,9,8,Serie A
A. Przyborek,SS Lazio,Polonia,28,CAM,Right,184,19,67,,71,67,70,73,40,62,67,66,55,73,63,77,67,69,67,74,68,73,67,65,66,70,57,65,64,69,56,43,66,71,68,64,42,35,28,14,9,13,11,13,7,Serie A
T. Noslin,SS Lazio,Países Bajos,14,LW,Left,178,27,72,,78,71,71,75,41,63,70,73,56,75,68,74,72,70,63,77,81,76,76,74,72,71,62,71,63,67,55,47,73,69,67,70,41,36,33,7,6,15,11,14,11,Serie A
M. Zaccagni,SS Lazio,Italia,10,LW,Left,177,31,77,,82,75,77,79,47,70,82,78,65,79,70,79,79,72,69,78,85,80,84,81,77,77,76,78,68,67,66,45,82,77,65,72,45,45,48,10,15,6,9,13,13,Serie A
G. Isaksen,SS Lazio,Dinamarca,11,RW,Left,181,25,78,Dinamarca,81,75,77,80,49,71,84,74,65,73,74,84,82,76,70,74,84,79,84,77,84,82,70,74,74,70,62,49,77,80,73,75,52,43,40,6,6,15,8,8,9,Serie A
M. Cancellieri,SS Lazio,Italia,22,"RW, ST",Left,185,24,73,,82,74,72,73,42,66,80,76,68,70,66,73,74,58,65,75,79,85,72,71,69,73,65,70,67,74,60,38,74,77,66,69,38,41,34,9,10,14,13,7,13,Serie A
A. Gudmundsson,SS Lazio,Islandia,80,CAM,Right,177,29,76,,78,76,76,83,51,67,71,75,61,79,74,89,80,72,70,81,83,74,78,70,75,78,65,74,64,76,66,55,79,81,71,84,50,49,43,15,10,9,10,13,13,Serie A
A. Pinamonti,SS Lazio,Italia,9,ST,Right,185,27,77,,81,78,67,74,42,78,70,80,79,68,79,73,69,74,62,73,82,80,76,77,72,76,77,76,82,73,70,44,80,65,78,82,38,35,32,6,10,12,12,14,8,Serie A
F. Serra,SS Lazio,Italia,63,ST,Right,183,20,58,,64,61,46,58,25,56,45,64,58,47,54,58,53,48,36,61,63,64,55,53,55,65,55,55,57,55,54,25,61,48,58,53,20,20,21,15,12,9,8,11,12,Serie A
M. Pessina,Bolonia,Italia,25,GK,Right,188,18,67,Italia,44,25,34,33,24,47,18,19,24,39,17,21,21,22,37,40,43,44,37,58,47,50,57,40,52,19,40,32,18,43,22,42,20,22,25,68,68,57,67,71,47,Serie A
L. Skorupski,Bolonia,Polonia,1,GK,Right,188,35,73,,42,33,41,40,31,56,24,29,36,48,20,26,20,28,46,44,39,44,50,69,52,52,60,49,61,30,50,39,24,51,32,54,33,25,21,78,69,70,72,72,46,Serie A
U. Happonen,Bolonia,Finlandia,72,GK,Right,193,19,49,,27,13,17,18,11,32,10,10,11,20,10,10,10,10,21,17,28,26,26,48,26,26,33,26,40,10,19,16,10,21,10,26,10,10,10,47,50,38,46,50,28,Serie A
A. Theate,Bolonia,Bélgica,3,"CB, RB",Left,185,26,78,Bélgica,73,60,67,66,79,81,62,56,83,77,56,62,56,62,69,67,71,75,65,79,71,72,79,75,85,59,81,79,58,58,59,78,81,78,75,9,12,11,12,12,6,Serie A
T. Heggem,Bolonia,Noruega,14,"CB, RB",Left,192,27,76,Noruega,72,56,64,66,79,80,64,51,87,71,56,62,52,53,68,68,70,73,64,74,67,69,83,72,83,55,80,78,56,53,52,77,75,81,83,8,11,11,8,9,10,Serie A
M. Vitík,Bolonia,República Checa,41,CB,Right,193,23,73,Chequia,70,54,61,61,78,79,57,50,78,68,46,59,53,55,66,62,67,73,58,70,58,68,75,65,87,51,78,80,49,53,52,67,77,77,77,14,10,6,12,6,8,Serie A
E. Helland,Bolonia,Noruega,5,"CB, RB",Right,196,21,71,,67,49,57,61,77,76,59,42,78,62,43,56,48,50,63,67,65,69,55,73,60,63,79,69,77,51,80,71,46,46,52,67,81,78,70,7,15,7,15,7,12,Serie A
N. Casale,Bolonia,Italia,16,CB,Right,191,28,71,,67,53,58,61,71,74,59,47,76,63,47,56,54,43,67,64,67,67,59,74,61,68,80,68,76,54,73,74,43,48,51,71,71,69,66,7,12,14,7,12,15,Serie A
J. Miranda,Bolonia,España,33,"LB, RB",Left,185,26,77,,86,61,73,72,75,75,76,53,67,75,57,73,67,66,75,70,83,88,76,78,72,73,72,84,69,64,80,71,68,66,61,71,75,79,79,14,10,10,15,12,7,Serie A
R. Alhassane,Bolonia,Níger,23,"LB, RB",Left,184,24,73,,75,60,69,72,72,73,68,56,71,76,60,75,70,61,67,70,74,75,72,73,72,68,69,77,73,63,70,74,64,63,52,70,67,78,69,9,15,10,8,15,7,Serie A
E. Holm,Bolonia,Suecia,2,"RB, LB",Right,191,26,76,Suecia,79,64,70,74,75,77,74,62,71,70,60,74,66,64,71,75,75,82,72,70,72,72,76,83,75,60,77,71,62,67,65,71,76,78,74,13,15,7,9,9,6,Serie A
N. Zortea,Bolonia,Italia,20,"RB, RM",Right,187,27,73,,83,58,68,70,70,76,74,53,64,70,57,69,68,60,64,71,85,82,68,71,73,70,74,79,75,59,75,70,58,66,58,66,68,72,80,10,10,7,11,9,7,Serie A
L. De Silvestri,Bolonia,Italia,29,RB,Right,187,38,70,,66,54,64,68,68,69,67,49,67,68,50,68,67,58,61,68,67,66,67,70,69,62,70,72,69,59,66,71,58,55,51,75,64,69,72,9,7,6,8,12,8,Serie A
N. Moro,Bolonia,Croacia,6,"CDM, CM",Right,183,28,71,,66,62,69,64,74,73,59,55,69,76,55,62,58,61,70,64,70,63,64,72,67,74,67,73,72,68,79,75,67,69,59,69,74,75,75,8,6,7,12,11,7,Serie A
O. El Azzouzi,Bolonia,Marruecos,17,"CDM, CB",Right,189,25,67,,60,58,64,60,68,71,59,55,67,68,51,55,58,56,66,63,63,58,59,67,62,62,66,70,72,64,69,75,59,64,53,70,64,67,69,11,12,11,6,8,12,Serie A
L. Ferguson,Bolonia,Escocia,19,CM,Right,181,27,78,Escocia,78,71,77,79,68,79,70,67,74,81,74,79,75,70,77,83,78,78,73,77,73,76,74,77,82,75,76,64,73,80,71,74,72,65,68,14,6,8,14,11,6,Serie A
M. Amondarain,Bolonia,Argentina,8,CM,Right,185,21,71,,68,64,72,71,61,69,62,59,63,76,59,71,70,65,76,72,71,66,69,72,65,69,64,76,69,71,61,67,66,72,69,71,58,59,61,14,14,6,11,12,7,Serie A
T. Pobega,Bolonia,Italia,4,CM,Left,188,27,74,,71,67,76,74,66,74,71,63,66,79,62,72,70,65,81,78,73,69,70,76,67,71,71,76,75,72,71,67,72,78,67,72,67,65,64,11,12,6,13,6,10,Serie A
M. Libra,Bolonia,Venezuela,18,"CM, CDM",Right,182,18,60,Venezuela,58,53,62,61,54,62,59,51,56,67,48,60,64,52,59,63,59,58,62,59,56,56,54,63,63,57,59,51,57,60,53,59,51,59,54,9,14,8,10,13,14,Serie A
J. Odgaard,Bolonia,Dinamarca,21,CAM,Left,188,27,75,,75,74,74,77,48,72,74,76,64,76,74,76,79,72,73,80,73,76,73,74,71,71,70,76,72,72,67,51,76,71,72,72,48,42,49,9,11,14,9,6,12,Serie A
N. Cambiaghi,Bolonia,Italia,28,"LW, LM",Left,176,25,76,Italia,82,74,76,76,44,66,75,70,65,79,66,75,74,71,69,77,85,80,77,70,82,78,66,78,63,78,61,45,77,80,80,73,46,38,37,9,15,6,8,10,11,Serie A
S. Mbangula,Bolonia,Bélgica,11,"LW, LM",Left,179,22,70,,74,66,70,74,40,64,73,68,59,73,67,75,68,63,65,74,73,75,73,69,71,65,64,68,65,62,54,39,68,69,66,71,37,42,31,13,12,6,10,12,6,Serie A
R. Orsolini,Bolonia,Italia,7,RW,Left,186,29,78,,86,79,76,83,47,70,77,83,71,79,69,87,77,66,72,83,86,86,78,76,77,76,71,72,70,76,68,46,81,74,82,78,43,46,43,14,13,14,13,11,11,Serie A
F. Bernardeschi,Bolonia,Italia,10,"RW, RM",Left,183,32,73,,78,73,71,72,41,67,74,73,68,74,68,71,69,67,67,70,77,78,76,73,76,77,62,77,67,69,58,38,80,69,69,75,39,37,38,7,11,14,8,13,13,Serie A
R. Piccoli,Bolonia,Italia,91,"ST, LW",Right,190,25,77,,77,81,68,78,44,78,64,85,77,74,82,78,73,63,56,80,79,75,71,78,68,80,88,68,84,71,72,45,82,71,81,80,42,36,34,13,12,7,10,8,13,Serie A
A. Dovbyk,Bolonia,Ucrania,9,"ST, CF",Left,189,29,78,,81,79,70,75,46,78,68,81,82,74,76,72,72,70,62,77,81,81,76,80,71,82,76,77,83,73,69,44,83,72,80,80,39,44,40,14,10,6,8,11,9,Serie A
J. Enem,Bolonia,Países Bajos,22,"ST, CF",Right,195,23,72,,71,74,61,70,36,73,59,80,80,64,64,69,66,60,53,72,68,74,67,70,64,73,81,68,75,65,70,32,78,63,71,75,31,32,30,10,12,8,6,8,8,Serie A
A. Murić,US Sassuolo,Kosovo,49,GK,Right,198,27,74,Kosovo,51,32,43,39,32,60,34,25,30,47,31,26,29,26,44,42,51,51,47,65,58,55,63,50,67,28,53,43,23,51,34,56,28,31,29,79,75,66,73,78,54,Serie A
S. Turati,US Sassuolo,Italia,80,GK,Right,188,25,70,,44,27,40,36,29,55,28,24,27,46,16,23,22,22,45,38,43,45,47,70,46,47,55,46,62,21,47,32,19,46,26,51,28,32,21,71,66,66,68,69,48,Serie A
G. Satalino,US Sassuolo,Italia,12,GK,Right,188,27,63,,39,20,29,28,21,46,19,12,23,32,14,15,15,20,33,29,38,39,40,63,42,41,47,40,52,19,36,31,11,35,23,43,18,15,22,60,64,56,60,66,43,Serie A
J. Idzes,US Sassuolo,Indonesia,21,CB,Right,190,26,76,,71,55,64,66,78,83,64,50,74,71,47,61,59,55,67,70,69,73,66,71,65,71,84,73,90,51,80,78,54,55,60,72,80,76,83,14,12,8,12,10,6,Serie A
F. Leysen,US Sassuolo,Bélgica,16,CB,Left,191,23,75,,72,57,64,62,78,78,58,53,76,74,49,55,53,53,72,67,74,71,61,75,62,69,82,72,79,57,80,76,48,52,56,74,78,80,81,12,10,10,8,15,11,Serie A
F. Candé,US Sassuolo,Guinea-Bissau,5,"CB, CDM",Left,184,28,70,,62,52,57,58,74,71,55,50,75,63,43,55,48,49,63,59,61,63,57,63,62,59,72,69,71,54,74,72,46,48,50,70,77,70,75,13,8,6,11,6,15,Serie A
D. Caleta-Car,US Sassuolo,Croacia,15,CB,Right,193,30,72,,71,56,59,59,72,74,55,53,70,65,52,55,53,56,62,62,72,70,54,68,61,69,76,66,77,51,74,71,51,53,55,74,72,75,69,7,14,9,14,15,9,Serie A
C. Odenthal,US Sassuolo,Países Bajos,26,CB,Right,190,26,65,,56,46,53,56,67,68,41,39,73,62,43,49,52,46,57,63,57,55,51,59,59,62,69,59,73,49,69,63,39,48,47,61,66,69,67,12,8,8,11,11,6,Serie A
R. Obrador,US Sassuolo,España,33,LB,Left,181,22,70,,73,55,68,69,69,70,67,54,67,73,51,70,64,58,67,67,72,74,65,66,80,57,67,73,68,55,71,69,55,62,52,69,63,73,73,9,7,14,11,9,7,Serie A
J. Doig,US Sassuolo,Escocia,3,LB,Left,189,24,73,Escocia,77,58,69,69,71,71,72,54,71,73,56,70,62,60,69,66,79,75,73,67,68,70,69,75,70,58,70,70,59,64,57,69,67,73,75,7,8,7,10,13,9,Serie A
E. Pieragnolo,US Sassuolo,Italia,70,"LB, RB",Left,184,23,68,,76,52,64,64,67,67,68,48,59,68,48,62,63,55,65,64,73,78,69,68,68,60,69,72,66,54,61,71,58,55,54,60,63,72,63,11,13,14,13,11,15,Serie A
S. Walukiewicz,US Sassuolo,Polonia,6,RB,Right,188,26,72,,72,59,65,68,73,75,73,58,74,64,55,67,64,60,63,67,73,72,72,74,74,62,72,75,75,59,75,69,61,61,57,65,74,74,74,7,12,7,12,11,7,Serie A
I. Van der Brempt,US Sassuolo,Bélgica,20,RB,Right,187,24,71,,73,55,64,69,70,76,65,52,65,64,49,67,62,61,68,70,69,77,65,74,74,64,71,76,76,53,75,69,59,59,56,69,71,72,71,7,12,7,7,10,8,Serie A
S. Cinquegrano,US Sassuolo,Italia,46,RB,Right,192,22,68,,74,54,64,64,68,69,70,49,70,64,47,61,60,54,65,65,74,74,67,71,66,65,68,73,68,57,65,66,50,60,50,58,70,67,71,14,8,9,8,7,11,Serie A
Y. Paz,US Sassuolo,Colombia,27,RB,Right,176,24,62,,67,49,59,58,60,59,64,45,54,64,43,55,53,47,55,60,63,70,66,61,61,57,58,63,56,51,62,61,51,54,47,56,57,63,64,7,11,10,8,8,14,Serie A
L. Lipani,US Sassuolo,Italia,35,"CDM, CM",Right,185,21,69,,64,58,66,66,72,71,56,52,66,73,57,60,62,63,66,73,62,66,59,70,62,66,65,72,69,63,74,69,59,64,60,72,74,74,73,10,6,15,8,15,10,Serie A
I. Sulemana,US Sassuolo,Ghana,55,CDM,Right,180,23,72,Ghana,65,67,69,68,72,74,59,63,69,73,53,69,67,62,75,63,68,62,72,72,68,75,71,75,74,72,73,75,69,72,61,74,71,73,73,13,11,9,12,10,8,Serie A
D. Boloca,US Sassuolo,Italia,11,CDM,Right,185,27,69,,63,63,65,67,70,71,61,59,67,69,58,65,54,64,69,71,64,62,61,63,63,72,68,71,71,67,70,77,59,62,58,70,67,69,66,9,11,11,9,9,8,Serie A
N. Matić,US Sassuolo,Serbia,18,CDM,Left,194,38,72,,59,63,69,68,74,75,66,61,76,72,57,68,54,60,72,67,59,59,62,78,63,71,72,75,78,62,69,72,65,70,63,80,74,74,71,7,6,9,14,14,15,Serie A
A. Ghion,US Sassuolo,Italia,8,CDM,Right,174,26,65,,57,56,62,60,64,68,53,52,59,68,53,57,55,54,64,62,56,58,61,69,60,63,54,73,68,59,67,68,60,64,55,68,65,63,62,13,9,9,7,14,13,Serie A
I. Koné,US Sassuolo,Canadá,90,CM,Right,188,24,79,,78,71,81,81,70,80,71,64,75,84,66,80,73,72,87,85,77,78,74,84,78,80,78,85,81,77,73,67,78,85,72,79,70,72,66,14,14,9,14,15,11,Serie A
D. Bakola,US Sassuolo,Francia,50,CM,Right,178,18,72,,69,68,72,69,63,68,73,64,67,73,65,72,72,69,74,66,68,70,73,68,71,70,67,71,67,79,68,69,70,70,63,66,59,62,59,10,11,8,11,6,15,Serie A
K. Thorstvedt,US Sassuolo,Noruega,42,CM,Left,189,27,75,Noruega,72,71,75,74,70,76,75,66,71,74,69,75,73,70,77,73,75,69,69,71,75,79,70,76,78,75,72,68,75,76,70,80,71,73,65,7,9,8,9,12,12,Serie A
V. Adžić,US Sassuolo,Montenegro,17,"CAM, CM",Right,185,20,70,Montenegro,73,69,72,73,44,66,65,67,56,76,66,74,74,68,69,74,76,71,73,68,69,75,58,67,69,72,58,46,67,76,63,69,41,44,38,15,6,15,11,7,11,Serie A
A. Laurienté,US Sassuolo,Francia,45,LW,Left,177,27,77,,83,73,77,79,48,67,80,71,69,81,75,78,78,71,67,79,84,82,80,80,77,77,67,74,67,72,59,50,81,75,69,77,41,46,45,6,14,11,7,7,14,Serie A
B. Domínguez,US Sassuolo,Argentina,25,LW,Left,172,23,72,,79,68,69,74,41,64,67,65,60,73,69,76,75,73,62,72,77,81,80,70,76,75,61,70,62,68,61,39,76,69,68,67,37,42,33,9,12,11,6,6,13,Serie A
C. Volpato,US Sassuolo,Australia,7,"RW, RM",Left,187,22,74,,81,74,70,75,42,71,72,74,69,68,68,77,75,61,64,72,79,82,78,73,73,78,70,77,73,75,58,38,72,79,69,74,42,38,32,8,9,9,11,6,15,Serie A
D. Berardi,US Sassuolo,Italia,10,RW,Left,183,32,77,,80,79,76,78,47,72,74,81,69,79,75,79,76,70,72,77,79,81,77,82,78,79,76,76,73,77,66,45,80,78,74,73,45,42,49,7,12,11,11,6,8,Serie A
N. Pierini,US Sassuolo,Italia,77,"RW, ST",Right,176,28,67,,71,64,65,70,38,61,69,62,55,65,64,68,68,63,59,71,73,70,72,65,72,68,60,73,60,63,51,43,75,66,58,69,37,34,31,6,13,11,8,13,7,Serie A
S. Esposito,US Sassuolo,Italia,94,"CAM, CF",Right,183,24,75,Italia,76,76,77,79,48,68,75,75,63,77,65,77,79,74,75,82,76,76,79,82,80,77,68,72,69,80,59,51,75,79,77,69,47,46,41,11,13,8,6,12,13,Serie A
K. Bowie,US Sassuolo,Escocia,9,"ST, CF",Left,190,24,73,Escocia,76,74,62,70,43,73,63,73,78,66,68,66,59,64,51,76,74,78,69,74,60,75,72,67,77,73,69,35,80,65,74,76,42,37,41,10,15,11,6,7,12,Serie A
L. Skjellerup,US Sassuolo,Dinamarca,19,ST,Right,195,24,67,,66,69,58,65,34,69,60,69,75,62,68,66,57,52,53,67,67,66,57,71,55,71,74,67,72,65,65,35,69,54,69,65,30,27,28,15,6,11,11,8,6,Serie A
Lucas Perri,Torino FC,Brasil,20,GK,Right,197,28,75,,50,32,44,41,31,56,27,26,31,51,29,28,28,30,46,44,54,46,53,72,55,55,64,47,64,28,44,43,17,57,36,58,29,24,33,77,77,66,74,77,55,Serie A
F. Israel,Torino FC,Uruguay,1,GK,Right,190,26,69,,44,24,37,37,29,51,23,14,27,43,19,23,22,23,47,43,43,45,40,66,57,49,53,43,57,22,44,38,19,39,27,45,27,28,19,67,63,65,66,77,49,Serie A
D. Mascardi,Torino FC,Italia,26,GK,Right,198,20,63,,37,20,32,27,22,43,19,14,25,36,10,14,24,18,40,32,35,38,40,53,40,41,53,36,51,17,30,26,13,37,24,36,21,18,23,63,64,58,64,67,42,Serie A
L. Siviero,Torino FC,Italia,76,GK,Right,195,19,59,,35,17,27,26,16,43,16,10,19,33,19,14,12,10,30,30,37,33,39,53,36,40,42,33,51,12,37,28,10,35,20,38,10,15,14,58,57,55,62,62,33,Serie A
P. Comuzzo,Torino FC,Italia,15,"CB, CDM",Right,188,21,73,,68,52,63,61,75,78,57,44,76,71,46,59,56,61,66,60,67,68,59,70,67,70,81,70,81,53,79,75,51,54,53,72,70,79,78,6,11,6,9,9,13,Serie A
S. Coco,Torino FC,Guinea Ecuatorial,23,"CB, CDM",Right,187,27,75,,69,55,64,65,76,80,62,51,82,69,48,60,53,57,67,69,70,69,67,72,62,65,81,75,82,57,80,74,51,58,55,76,78,74,75,7,11,15,7,13,12,Serie A
A. Ismajli,Torino FC,Albania,44,CB,Right,187,30,76,Albania,69,55,65,64,82,78,66,48,85,74,51,59,55,54,65,66,68,70,66,76,64,72,74,74,80,58,79,81,50,53,54,71,82,82,80,15,10,6,8,6,8,Serie A
E. Cömert,Torino FC,Suiza,5,CB,Right,183,28,70,Suiza,64,49,60,58,72,73,59,44,64,66,44,55,49,45,62,58,66,63,60,68,61,64,70,67,75,48,74,69,43,53,52,66,74,72,76,9,9,9,11,9,10,Serie A
N. Fortini,Torino FC,Italia,29,"LB, RB",Left,185,20,71,,79,54,68,67,70,72,72,50,66,68,51,65,69,56,66,68,75,82,76,68,68,63,71,83,67,58,70,66,54,68,47,64,66,75,74,9,13,15,6,6,13,Serie A
R. Rodríguez,Torino FC,Suiza,13,LB,Left,182,34,72,Suiza,74,59,68,70,68,69,73,56,62,70,49,70,64,58,65,69,75,73,74,75,72,69,69,74,67,60,70,69,54,66,57,65,70,68,68,8,11,9,10,10,10,Serie A
C. Biraghi,Torino FC,Italia,3,"LB, LM",Left,185,34,71,,72,58,66,67,69,72,72,55,64,66,52,65,64,59,64,67,71,72,69,67,70,67,69,77,72,56,65,71,66,65,56,68,64,72,76,11,7,14,12,14,13,Serie A
R. Belghali,Torino FC,Argelia,45,RB,Right,180,24,75,,80,60,68,72,74,75,75,57,75,69,62,70,65,59,69,73,78,81,77,72,73,67,70,79,73,61,75,71,60,64,59,72,75,72,79,12,14,7,12,13,15,Serie A
N. Patterson,Torino FC,Escocia,2,RB,Right,183,24,72,Escocia,73,59,68,67,68,72,76,56,68,72,58,67,58,56,67,67,72,74,67,69,68,64,68,77,70,62,74,65,55,57,57,64,71,66,66,11,15,9,14,8,10,Serie A
R. Mandragora,Torino FC,Italia,8,"CDM, CM",Left,183,29,76,Italia,72,67,72,72,79,79,64,62,74,77,63,67,67,64,73,77,71,73,74,72,64,73,75,79,81,72,75,77,67,72,65,78,79,84,73,6,15,6,8,13,10,Serie A
E. İlkhan,Torino FC,Turquía,6,CDM,Right,175,22,70,Turquía,62,61,66,70,72,70,58,59,62,70,54,70,62,58,69,72,65,60,66,75,66,64,66,72,67,65,74,75,63,66,61,73,76,70,67,10,15,11,6,8,10,Serie A
C. Casadei,Torino FC,Italia,22,CM,Right,192,23,78,,74,73,78,77,71,82,78,75,76,76,68,78,73,73,81,78,73,74,75,79,69,69,77,82,83,75,81,67,70,80,73,76,69,76,65,12,11,7,9,8,7,Serie A
G. Gineitis,Torino FC,Lituania,66,"CM, CAM",Left,191,22,70,,69,65,69,72,65,73,64,66,65,74,64,72,64,64,68,74,72,67,67,71,65,65,62,74,76,62,66,64,72,70,64,71,67,65,63,15,9,14,11,10,12,Serie A
Daniel Bragança,Torino FC,Portugal,21,CM,Left,178,27,74,,73,69,75,73,67,72,72,66,65,80,62,73,69,73,76,74,71,74,75,72,73,74,66,76,71,72,73,71,74,72,66,71,64,69,65,13,6,7,9,11,15,Serie A
K. Fitz-Jim,Torino FC,Países Bajos,28,CM,Right,174,23,71,,71,69,74,70,64,70,74,67,59,78,62,68,72,63,75,72,72,70,64,71,72,78,64,77,69,69,66,69,70,70,64,71,60,66,61,15,9,7,9,13,9,Serie A
A. Luongo,Torino FC,Italia,79,CM,Right,178,18,59,,57,54,59,59,49,55,53,51,44,62,46,61,57,55,61,59,54,60,60,50,63,58,51,62,52,57,55,52,56,59,59,54,48,51,48,15,14,6,13,6,13,Serie A
A. Cacciamani,Torino FC,Italia,77,"LM, RM",Left,175,19,71,,76,66,70,72,51,66,73,66,51,70,65,73,70,65,65,73,78,75,71,64,69,61,66,70,66,70,62,53,69,70,73,62,52,49,47,15,6,15,8,7,7,Serie A
N. Vlašić,Torino FC,Croacia,10,CAM,Right,179,29,76,Croacia,76,72,74,80,49,69,70,68,64,74,75,80,83,74,74,83,77,76,81,72,81,77,67,74,68,76,64,53,76,77,75,74,46,46,43,6,13,8,13,13,15,Serie A
G. Oristanio,Torino FC,Italia,11,"CAM, CF",Left,174,24,73,,72,71,72,75,46,67,66,67,58,73,70,75,75,64,71,75,76,68,77,76,74,72,60,75,65,76,63,49,73,76,75,76,44,45,39,9,7,11,11,8,13,Serie A
Z. Aboukhlal,Torino FC,Marruecos,7,"RW, RM",Both,179,26,73,,82,72,71,77,42,65,67,74,61,77,68,78,76,66,66,78,82,82,78,70,76,71,70,68,66,69,57,46,75,68,73,72,45,34,33,10,11,12,14,14,11,Serie A
G. Simeone,Torino FC,Argentina,18,ST,Right,180,31,76,,78,77,68,77,42,73,69,79,73,69,80,76,71,67,65,77,77,79,81,80,73,76,74,72,75,74,70,41,79,68,79,80,38,36,39,12,7,11,14,10,14,Serie A
C. Adams,Torino FC,Escocia,19,"ST, LW",Right,175,30,74,,74,78,65,73,41,74,61,81,75,70,80,71,60,66,57,74,74,74,78,75,72,75,74,72,78,74,69,33,75,66,75,77,46,31,35,14,10,8,7,12,12,Serie A
S. Kulenović,Torino FC,Croacia,17,"ST, LW",Right,191,26,69,,71,70,59,67,38,69,57,75,78,62,66,67,59,65,54,67,72,71,67,74,59,67,73,61,73,60,66,36,75,56,70,71,31,35,30,6,12,8,7,6,9,Serie A
D. Zapata,Torino FC,Colombia,91,"ST, LW",Right,188,35,76,,71,75,68,73,45,77,62,75,82,70,78,70,68,65,65,77,69,73,67,82,71,78,79,74,81,69,68,42,80,71,76,80,41,43,32,14,10,6,6,15,12,Serie A
P. Pellegri,Torino FC,Italia,9,"ST, CF",Right,189,25,62,,64,64,52,62,31,61,46,66,64,58,58,63,53,56,49,62,64,64,62,63,53,66,61,59,64,61,54,30,67,51,58,64,25,29,23,14,8,12,7,9,15,Serie A
J. Bijlow,Genoa CFC,Países Bajos,1,GK,Right,188,28,73,,48,33,44,38,29,56,32,26,36,55,17,26,24,27,41,42,46,49,50,60,54,54,60,48,64,33,46,37,28,49,36,53,28,20,34,81,74,67,72,72,54,Serie A
F. Stolz,Genoa CFC,Austria,99,GK,Right,193,25,63,,38,20,30,30,20,46,16,10,22,39,10,16,16,17,27,35,35,41,39,60,43,47,48,41,53,20,36,26,15,35,22,45,20,14,22,62,60,58,59,66,39,Serie A
D. Sommariva,Genoa CFC,Italia,39,GK,Right,185,29,58,,33,17,27,24,17,39,15,10,19,30,15,10,18,12,28,28,37,30,36,55,43,36,46,31,46,19,30,25,10,39,14,37,13,14,16,58,58,57,57,60,35,Serie A
R. Mihelsons,Genoa CFC,Letonia,93,GK,Right,195,18,51,,28,13,22,19,12,30,10,10,11,25,10,10,10,10,28,21,29,28,29,43,27,25,38,24,36,10,23,18,10,28,11,28,10,10,10,55,54,48,52,50,27,Serie A
J. Vásquez,Genoa CFC,México,22,"CB, CDM",Left,182,27,76,México,69,54,66,66,80,76,62,48,80,75,53,60,60,65,69,72,70,69,61,79,65,70,83,76,75,53,79,81,46,56,56,74,80,81,74,13,7,12,7,13,13,Serie A
A. Marcandalli,Genoa CFC,Italia,27,CB,Right,190,23,76,,70,54,63,65,81,80,59,47,82,69,50,61,55,55,70,67,69,70,62,72,67,70,84,69,86,54,78,82,52,56,53,72,83,79,78,13,13,10,12,10,6,Serie A
L. Østigård,Genoa CFC,Noruega,5,CB,Right,183,26,73,Noruega,66,53,61,61,79,73,60,45,74,68,46,59,49,46,64,61,66,66,61,69,64,74,78,70,73,51,76,79,50,52,51,67,83,79,71,8,12,9,8,13,12,Serie A
S. Otoa,Genoa CFC,Dinamarca,34,CB,Right,198,22,68,,61,48,58,57,71,72,53,46,77,69,41,55,43,50,57,59,63,60,52,67,56,58,71,68,75,47,69,75,43,51,48,66,71,68,70,6,6,7,6,12,9,Serie A
M. Doucouré,Genoa CFC,Francia,74,CB,Right,187,19,58,,52,38,46,46,62,65,41,32,63,53,32,41,40,41,50,51,51,52,44,54,42,52,60,60,70,38,62,63,34,41,37,52,61,62,65,7,14,8,13,15,9,Serie A
L. Klišys,Genoa CFC,Lituania,14,CB,Right,186,19,54,,52,38,44,39,59,54,40,35,58,51,34,36,36,31,51,40,52,52,38,51,44,51,58,55,52,33,56,53,29,37,39,48,61,62,57,11,8,10,13,6,15,Serie A
M. Mitaj,Genoa CFC,Albania,2,"LB, LM",Left,180,23,73,Albania,75,56,70,73,71,70,70,53,61,75,58,73,68,58,72,73,73,77,75,71,73,63,70,74,68,52,71,73,62,65,60,65,72,72,69,10,14,15,14,8,12,Serie A
D. Puczka,Genoa CFC,Austria,31,"LB, LM",Left,183,21,67,,75,50,60,65,66,69,65,47,67,61,49,64,57,54,59,64,73,76,70,66,67,54,71,72,69,50,66,67,57,56,51,70,63,68,65,13,14,8,9,15,11,Serie A
M. Vaz,Genoa CFC,Guinea-Bissau,85,LB,Left,183,19,56,,63,41,50,53,55,55,54,38,55,51,37,52,48,42,53,54,64,63,57,51,52,50,53,60,56,41,47,56,45,42,41,49,54,55,55,8,15,14,7,12,10,Serie A
C. Drameh,Genoa CFC,Inglaterra,16,"RB, RM",Right,181,24,73,,78,59,70,65,70,70,75,57,66,69,54,65,62,54,69,60,71,84,73,69,77,65,70,77,68,60,67,70,63,71,59,70,67,74,68,9,13,7,9,8,10,Serie A
K. Ehizibue,Genoa CFC,Países Bajos,3,RB,Right,189,31,69,,72,54,65,67,69,69,70,52,68,68,48,63,64,55,61,70,71,72,71,72,65,59,68,68,70,55,68,69,54,61,57,67,69,71,66,9,11,13,13,12,6,Serie A
S. Sabelli,Genoa CFC,Italia,20,"RB, LB",Right,176,33,71,,72,56,69,68,69,68,73,51,61,69,57,69,63,61,73,66,73,72,69,65,73,68,68,77,64,53,69,68,56,64,56,68,71,71,69,9,9,13,7,10,6,Serie A
M. Frendrup,Genoa CFC,Dinamarca,32,"CDM, CB",Right,178,25,78,,70,67,76,72,78,80,70,62,73,82,58,66,70,71,80,76,72,69,76,81,76,77,75,83,79,71,80,80,71,71,62,80,78,80,71,11,12,14,6,9,9,Serie A
Amorim,Genoa CFC,Brasil,4,CM,Right,177,21,72,,67,65,72,70,65,70,68,61,67,73,66,70,74,67,72,71,72,63,72,69,69,72,64,76,69,67,69,65,72,74,63,71,68,62,67,13,13,6,15,11,9,Serie A
D. Sow,Genoa CFC,Suiza,97,CM,Right,183,29,74,Suiza,73,68,73,75,66,73,70,69,66,77,63,78,72,64,75,72,73,73,74,74,70,69,65,73,77,68,66,65,70,71,68,71,63,69,66,12,14,11,7,14,8,Serie A
M. Egill Ellertsson,Genoa CFC,Islandia,77,"CM, CDM",Left,182,24,70,Islandia,69,63,71,70,62,70,66,56,64,74,59,71,70,66,71,73,64,73,63,68,68,73,66,73,70,69,66,67,63,70,63,67,63,58,56,12,7,13,14,14,10,Serie A
F. Meichtry,Genoa CFC,Suiza,11,"CM, CDM",Right,186,21,69,,71,62,71,70,63,69,66,58,64,73,59,68,68,65,70,73,69,72,66,78,64,70,61,72,69,63,67,69,65,74,59,71,61,62,63,12,8,6,6,12,12,Serie A
S. Wiafe,Genoa CFC,Italia,71,"CM, CAM",Right,181,18,64,,67,58,63,64,58,62,58,52,60,64,56,62,62,61,64,67,68,67,61,68,60,67,58,65,60,61,66,56,63,64,57,56,55,60,64,9,6,6,7,6,6,Serie A
T. Baldanzi,Genoa CFC,Italia,8,CAM,Left,170,23,74,,74,73,76,76,48,64,69,70,58,79,74,76,77,72,75,74,77,71,81,75,78,78,58,70,61,76,63,51,69,81,75,72,46,44,47,14,9,15,7,8,9,Serie A
H. Traoré,Genoa CFC,Costa de Marfil,25,"LW, ST",Left,177,26,75,,81,74,73,78,46,61,77,76,67,75,67,81,79,67,69,76,82,81,78,73,77,76,68,73,56,71,55,47,70,67,69,66,43,42,43,12,9,12,11,9,10,Serie A
S. El Shaarawy,Genoa CFC,Italia,92,LW,Left,178,33,74,,76,75,72,78,40,68,77,80,60,74,76,82,73,66,62,74,71,81,77,76,77,72,63,73,69,69,63,41,77,73,71,77,37,37,35,6,10,8,8,10,14,Serie A
Robinho Junior,Genoa CFC,Brasil,21,RW,Both,183,18,66,,73,65,64,68,34,59,64,65,59,67,65,72,70,57,58,66,73,73,72,62,65,63,61,65,60,64,50,31,74,62,63,55,35,29,30,15,6,11,8,7,7,Serie A
L. Venturino,Genoa CFC,Italia,76,"RW, RM",Right,178,20,65,,72,63,61,67,33,60,62,63,56,63,56,68,61,61,55,67,73,72,69,61,66,63,52,66,62,63,52,34,66,61,66,59,28,30,30,10,12,13,7,15,11,Serie A
Junior Messias,Genoa CFC,Brasil,10,"RW, ST",Left,174,35,72,,76,77,70,74,42,61,73,83,55,72,67,72,69,70,59,75,75,77,77,83,77,75,63,74,57,71,54,46,76,73,71,75,41,37,37,7,10,13,9,11,6,Serie A
L. Colombo,Genoa CFC,Italia,29,ST,Left,183,24,75,,77,79,65,75,39,76,62,85,80,65,71,76,68,61,64,74,78,77,73,79,66,76,79,70,80,74,71,38,73,71,75,76,38,31,30,12,11,13,10,9,7,Serie A
Vitinha,Genoa CFC,Portugal,9,ST,Right,178,26,76,,78,75,66,74,46,77,59,76,77,71,76,70,72,64,61,76,72,82,77,78,71,74,75,77,78,70,73,42,82,66,73,77,44,42,36,8,9,14,12,13,9,Serie A
M. Osmajic,Genoa CFC,Montenegro,18,ST,Right,186,27,70,Montenegro,71,72,63,70,36,70,61,73,69,66,69,67,62,63,64,72,73,70,70,71,67,72,69,69,71,70,70,35,77,58,71,72,32,32,30,13,12,15,7,6,9,Serie A
E. Havel,Genoa CFC,Austria,17,"ST, LW",Right,184,23,68,,67,69,60,69,35,66,56,68,69,63,68,66,62,61,57,71,65,69,73,68,67,72,68,65,69,70,61,31,68,61,68,75,29,35,28,11,15,12,10,15,12,Serie A
J. Nuredini,Genoa CFC,Albania,19,"ST, LW",Right,191,19,59,,64,61,50,57,26,59,47,61,65,54,59,59,51,49,46,56,65,64,54,60,55,64,58,55,63,57,55,19,63,47,56,49,22,25,15,11,7,6,11,11,7,Serie A
M. Okoye,Udinese,Nigeria,40,GK,Right,198,27,77,Nigeria,53,34,46,44,34,59,31,27,33,53,25,34,38,27,48,44,60,47,50,82,57,56,61,54,67,34,46,42,23,54,37,58,30,34,32,76,77,69,77,76,59,Serie A
B. Mrozek,Udinese,Polonia,41,GK,Right,194,26,69,,41,27,39,38,29,52,22,22,31,48,22,25,23,25,42,42,41,41,50,70,56,46,55,43,57,19,48,39,18,44,33,48,24,26,28,70,70,60,70,69,47,Serie A
D. Padelli,Udinese,Italia,93,GK,Right,191,40,65,,30,22,32,32,22,52,17,14,28,37,18,21,17,23,42,35,32,29,41,59,44,49,57,41,62,18,37,32,10,39,20,45,19,18,15,63,67,58,63,71,42,Serie A
O. Solet,Udinese,Francia,28,CB,Right,192,26,78,,73,59,66,66,82,83,67,55,84,74,58,59,57,56,70,72,72,73,64,80,69,73,76,72,91,56,77,79,49,53,61,77,77,87,82,14,11,8,13,7,7,Serie A
J. Abankwah,Udinese,Irlanda,14,CB,Right,188,22,74,Irlanda,70,55,63,61,77,76,57,50,77,71,47,57,54,50,66,62,65,74,56,76,66,74,75,69,78,50,80,78,51,58,55,69,76,75,80,11,13,11,14,14,6,Serie A
M. Palma,Udinese,Alemania,16,"CB, RB",Right,195,18,67,,63,48,54,57,72,72,50,41,71,60,42,53,46,44,54,61,62,64,53,60,52,66,70,65,78,48,68,68,39,50,45,62,71,77,69,7,9,8,13,13,15,Serie A
N. Bertola,Udinese,Italia,13,"CB, RB",Right,192,23,72,,69,52,59,60,75,75,56,46,78,64,42,58,58,49,59,59,68,69,59,73,57,67,81,70,76,52,79,75,50,54,52,68,76,74,74,9,10,9,7,12,15,Serie A
D. Alaba,Udinese,Austria,5,CB,Left,180,34,76,,64,58,64,65,79,77,57,53,77,69,52,61,61,55,73,66,65,63,67,78,66,72,75,75,76,58,83,80,50,57,56,73,80,78,81,14,9,9,8,7,9,Serie A
E. Ebosse,Udinese,Camerún,77,CB,Left,185,27,69,,66,49,58,58,74,74,48,45,72,67,46,57,53,50,62,57,64,67,59,68,60,65,70,63,80,45,72,77,42,51,46,67,75,72,72,7,12,14,11,14,10,Serie A
C. Kabasele,Udinese,Bélgica,27,"CB, RB",Right,187,35,70,,62,49,58,60,74,75,54,43,78,68,43,54,48,48,59,64,63,61,59,71,58,68,72,67,80,46,72,69,47,51,50,66,75,76,71,14,9,6,6,6,10,Serie A
H. Kamara,Udinese,Costa de Marfil,11,"LB, LM",Left,170,32,73,,74,59,68,72,71,70,73,56,64,68,59,68,66,63,68,71,72,76,84,74,79,68,67,77,66,57,73,70,61,67,57,70,73,71,72,13,6,12,12,6,13,Serie A
A. Zanoli,Udinese,Italia,59,"RB, RM",Right,188,26,74,,80,61,68,71,72,76,74,56,74,68,54,64,69,61,63,77,78,81,77,68,70,69,73,81,74,66,74,70,60,66,55,75,72,72,72,10,14,14,13,11,13,Serie A
M. Vojvoda,Udinese,Kosovo,23,RB,Right,187,31,71,Kosovo,76,59,65,71,69,72,74,56,61,65,54,67,60,58,65,75,79,74,72,73,66,65,68,74,73,62,67,71,58,61,51,67,75,67,65,8,9,6,9,11,11,Serie A
J. Karlström,Udinese,Suecia,8,CDM,Right,182,31,72,Suecia,65,66,68,69,76,73,64,66,66,71,56,67,61,60,70,69,64,65,67,75,68,74,75,77,72,61,70,79,62,68,67,81,74,80,71,8,11,14,13,14,13,Serie A
J. Ekkelenkamp,Udinese,Países Bajos,32,CM,Right,188,26,76,,74,72,79,76,69,79,71,70,69,86,65,71,78,71,76,82,72,75,73,79,71,76,70,81,80,73,76,72,77,80,70,73,66,74,60,10,6,12,13,9,6,Serie A
L. Miller,Udinese,Escocia,38,"CM, CAM",Right,182,20,72,Escocia,73,64,70,72,64,74,67,58,61,69,61,71,68,68,73,74,74,73,69,70,67,69,68,74,74,70,74,71,72,73,64,70,62,64,60,9,6,8,11,8,9,Serie A
J. Piotrowski,Udinese,Polonia,24,"CM, CAM",Right,188,29,72,,70,64,71,74,62,74,63,57,61,77,58,72,67,66,70,79,74,67,69,73,69,71,70,70,77,75,72,68,68,72,62,77,60,62,61,7,15,14,8,15,7,Serie A
S. Lovrić,Udinese,Eslovenia,4,"CM, CDM",Right,180,28,71,Eslovenia,69,65,70,75,63,72,65,63,63,71,67,75,72,64,71,78,68,69,74,67,70,71,61,74,74,65,68,65,66,76,63,76,64,62,58,6,6,6,15,7,7,Serie A
O. Zarraga,Udinese,España,6,"CM, CDM",Right,175,27,69,,66,66,69,71,60,65,69,64,62,70,59,71,67,63,67,74,73,60,71,66,66,69,57,70,61,68,70,61,68,71,60,65,62,56,65,12,7,10,15,14,12,Serie A
J. Arizala,Udinese,Colombia,20,"LM, RM",Left,183,20,66,,72,59,65,67,46,59,68,56,56,67,58,69,71,57,60,64,73,72,68,64,66,63,61,67,56,58,55,45,74,65,64,65,48,41,44,9,10,11,10,15,14,Serie A
U. Gómez,Udinese,España,46,CAM,Left,183,23,70,,73,69,71,75,42,63,71,66,58,75,67,74,71,65,66,77,77,70,72,73,73,72,62,68,63,71,57,45,72,71,71,71,41,40,34,13,13,10,11,14,8,Serie A
G. Chakvetadze,Udinese,Georgia,30,CAM,Right,183,27,71,Georgia,72,70,72,76,44,65,66,71,59,75,64,77,70,68,68,77,74,70,76,71,76,70,63,66,67,68,58,45,76,79,66,72,44,39,40,8,10,13,14,7,6,Serie A
L. Jovanovic,Udinese,Serbia,91,RW,Left,184,19,67,,76,66,64,68,36,62,65,68,59,66,61,69,66,59,60,68,75,77,71,62,69,65,63,65,63,65,54,38,71,63,62,64,36,33,22,7,9,14,14,7,10,Serie A
N. Zaniolo,Udinese,Italia,10,CAM,Left,190,27,80,,82,79,82,85,54,72,78,81,74,86,80,87,86,78,79,87,85,79,78,78,80,79,76,78,72,76,66,52,73,81,80,80,55,50,46,12,9,10,6,10,9,Serie A
K. Davis,Udinese,Inglaterra,9,ST,Left,189,28,74,,78,75,64,71,44,74,67,80,85,65,76,71,63,62,57,72,75,81,65,78,65,73,82,70,76,66,71,38,75,65,76,77,39,42,33,13,6,8,15,10,13,Serie A
I. Gueye,Udinese,Senegal,7,"ST, LW",Right,185,20,71,,73,72,61,71,39,70,58,71,74,65,72,75,63,68,53,67,72,74,70,75,69,77,72,67,75,71,63,33,72,61,75,72,40,35,25,13,12,8,9,15,7,Serie A
V. Bayo,Udinese,Costa de Marfil,15,"ST, LW",Right,184,29,72,,74,70,59,69,38,72,56,71,76,63,71,71,66,61,55,69,74,74,62,74,64,69,77,69,76,68,66,38,79,56,71,73,33,34,29,9,8,6,6,12,14,Serie A
G. Vinciati,Udinese,Italia,45,ST,Right,180,19,51,,58,51,42,49,17,53,41,51,46,49,52,48,41,42,33,49,58,58,52,47,48,57,56,50,56,44,48,15,55,39,52,46,14,14,12,11,14,9,11,10,11,Serie A
G. Daffara,Parma,Italia,30,GK,Right,194,21,66,,43,22,34,35,26,51,17,12,29,43,14,23,15,21,35,39,43,43,39,61,46,47,56,47,55,19,43,30,20,40,29,49,29,20,22,70,64,58,65,67,44,Serie A
E. Corvi,Parma,Italia,40,GK,Right,187,25,71,,46,29,42,39,28,53,29,20,30,48,24,30,29,22,48,39,47,45,48,67,52,55,61,42,61,24,45,35,19,47,34,50,24,29,25,74,70,69,73,74,48,Serie A
S. Ghidotti,Parma,Italia,22,GK,Right,193,26,63,,36,20,30,31,18,44,18,12,23,35,14,20,19,19,34,37,34,38,34,57,37,45,51,33,52,15,36,25,16,38,23,48,20,11,16,63,61,54,64,66,38,Serie A
M. Troilo,Parma,Argentina,37,"CB, RB",Both,194,23,75,,69,54,62,62,76,78,59,49,80,66,51,57,53,57,66,64,68,69,61,74,62,67,79,70,83,51,75,76,50,58,56,73,75,73,80,11,12,7,9,12,8,Serie A
A. Ndiaye,Parma,Senegal,3,"CB, CDM",Left,195,24,74,,71,57,67,61,77,82,65,54,75,76,45,59,56,60,67,60,69,72,61,70,57,68,84,74,85,56,82,72,53,58,59,70,79,81,74,6,7,9,14,10,11,Serie A
Diego Carlos,Parma,Brasil,34,"CB, CDM",Right,185,33,77,,68,60,66,66,78,78,60,52,80,75,57,60,56,55,70,70,67,69,63,84,71,76,79,74,81,63,77,76,52,58,60,75,80,77,79,12,7,7,7,7,12,Serie A
L. Valenti,Parma,Argentina,5,CB,Left,188,27,67,,61,49,54,56,71,69,52,43,76,58,45,49,43,52,58,62,57,65,49,64,59,64,69,66,69,50,71,64,42,48,53,69,73,74,69,12,8,6,9,12,11,Serie A
D. Drobnic,Parma,Eslovenia,72,"CB, RB",Left,195,19,63,,62,45,50,52,67,67,55,42,68,56,40,53,41,47,56,53,63,61,45,56,49,59,67,61,72,42,64,64,34,35,45,58,70,68,64,9,13,13,7,9,12,Serie A
E. Valeri,Parma,Italia,14,LB,Left,180,27,70,,70,57,65,67,64,68,74,53,61,65,52,67,60,56,64,66,69,70,73,64,69,67,68,69,66,59,70,68,57,62,57,70,64,61,73,10,9,10,12,8,7,Serie A
F. Carboni,Parma,Argentina,29,"LB, RB",Left,190,23,67,,73,54,64,64,63,71,69,51,65,63,50,63,62,55,63,67,75,71,63,66,61,62,69,73,70,53,70,59,54,63,51,59,63,64,64,12,7,10,15,6,11,Serie A
S. Britschgi,Parma,Suiza,27,"RB, RM",Right,182,20,70,Suiza,76,52,65,64,67,66,70,48,63,68,50,59,67,56,64,68,79,73,71,67,67,62,65,70,64,50,66,64,57,59,52,59,68,71,66,11,13,9,12,15,10,Serie A
E. Delprato,Parma,Italia,15,"RB, LB",Right,183,26,73,,78,54,67,67,70,74,74,47,66,71,48,64,63,51,70,66,79,77,74,73,70,69,70,79,74,56,68,72,59,58,57,69,70,69,76,7,12,8,10,9,13,Serie A
M. Keita,Parma,Bélgica,16,CDM,Right,180,24,77,Bélgica,72,68,76,72,75,77,65,61,75,86,67,68,67,66,75,77,72,72,65,76,75,79,82,80,73,72,81,74,70,77,66,75,73,78,77,6,9,7,13,14,12,Serie A
H. Nicolussi Caviglia,Parma,Italia,41,CDM,Right,184,26,73,,66,63,72,70,73,74,64,58,71,79,57,64,64,68,75,73,64,67,75,73,71,69,75,78,71,69,78,75,67,67,63,76,69,75,75,8,12,15,6,8,13,Serie A
A. Bernabé,Parma,España,10,CM,Left,174,25,77,,77,68,76,79,69,73,73,64,64,78,66,77,72,72,78,81,76,77,79,76,78,71,64,75,74,73,71,72,75,75,68,76,68,71,65,7,7,9,8,11,6,Serie A
C. Ordóñez,Parma,Argentina,32,"CM, CAM",Right,177,22,72,,70,66,72,73,65,70,71,64,57,74,63,74,70,73,66,74,68,72,71,70,71,73,65,72,68,61,72,70,68,75,68,69,64,64,66,8,10,12,15,8,6,Serie A
B. Cremaschi,Parma,Estados Unidos,8,CM,Right,180,21,67,,65,63,68,70,59,64,60,59,60,77,54,70,67,56,71,75,66,64,66,64,64,72,62,70,63,65,62,59,62,63,64,65,60,59,57,9,12,7,9,14,10,Serie A
V. Sierro,Parma,Suiza,4,CM,Right,185,30,71,Suiza,69,69,70,72,64,70,67,68,70,73,58,70,70,65,68,77,70,69,70,69,67,72,65,69,73,72,66,63,69,72,63,70,61,67,65,9,13,13,15,10,15,Serie A
A. Konate,Parma,Senegal,47,CM,Right,189,19,63,,64,59,60,60,56,62,55,56,54,64,59,60,55,55,60,61,63,65,56,62,53,64,60,62,64,61,60,52,55,59,59,58,55,62,55,7,9,15,13,12,13,Serie A
G. Fabbian,Parma,Italia,80,CAM,Right,190,23,75,,73,74,79,78,48,70,74,75,61,85,69,74,83,73,73,82,71,75,78,78,73,73,72,74,71,75,60,51,76,77,75,77,41,49,46,6,15,13,14,7,14,Serie A
E. Bilal Touré,Parma,Malí,19,"LW, LM",Left,185,25,77,,84,74,73,80,48,68,76,74,71,72,78,80,79,66,60,81,86,83,80,77,79,73,73,73,68,72,59,49,75,81,76,73,42,48,43,6,10,10,13,15,7,Serie A
O. Diallo,Parma,España,7,"LW, ST",Left,181,19,64,,76,63,63,68,33,56,67,66,51,66,62,70,69,53,53,69,74,77,65,64,62,60,55,65,53,61,54,36,64,63,60,65,32,28,27,10,10,11,8,9,14,Serie A
P. Almqvist,Parma,Suecia,11,"RW, RM",Left,183,27,69,,75,67,68,71,36,61,68,66,53,72,66,73,64,62,58,72,76,75,66,69,74,69,60,63,64,67,51,31,72,69,60,66,34,36,30,9,14,8,14,12,15,Serie A
S. Lontani,Parma,Italia,76,CAM,Right,181,18,68,,69,70,69,69,38,61,71,72,59,66,62,68,66,67,66,73,73,65,67,59,71,71,55,71,59,68,53,39,74,75,65,58,35,35,32,9,8,6,8,11,7,Serie A
D. Romero,Parma,Argentina,9,ST,Right,179,23,73,,72,72,65,72,41,70,61,74,71,66,72,70,64,69,60,75,75,69,74,69,71,71,71,71,71,66,67,38,77,69,75,75,38,37,36,8,12,8,10,14,9,Serie A
M. Frigan,Parma,Croacia,20,ST,Left,185,23,74,,78,76,65,73,39,75,61,76,75,74,71,70,64,59,64,75,76,80,72,80,72,83,76,74,77,68,69,39,78,58,73,72,38,34,24,15,10,12,6,8,15,Serie A
N. Elphege,Parma,Francia,23,"ST, CF",Left,196,25,72,,71,73,62,70,40,74,54,74,80,67,75,70,66,63,56,72,72,70,63,77,67,76,80,70,80,66,63,35,79,64,74,75,40,31,35,9,10,9,13,8,13,Serie A
T. De Martis,Parma,Argentina,25,ST,Right,185,18,54,,58,54,43,52,21,54,41,54,55,48,49,51,40,48,35,55,56,60,50,54,46,60,56,46,60,48,46,17,65,43,56,51,21,15,16,12,11,6,13,9,11,Serie A
E. Caprile,Cagliari,Italia,1,GK,Right,191,25,76,,50,34,42,44,35,62,27,27,40,49,23,34,31,29,51,44,54,46,52,74,61,54,63,59,67,33,52,43,28,46,36,53,30,33,32,80,76,69,76,78,50,Serie A
A. Sherri,Cagliari,Albania,12,GK,Right,197,28,66,Albania,38,26,35,31,26,49,21,19,31,40,15,21,31,20,36,32,39,38,39,62,39,45,53,40,57,27,41,36,14,45,27,45,20,24,20,68,65,63,69,64,45,Serie A
B. Radunović,Cagliari,Serbia,23,GK,Right,194,30,65,,38,23,34,30,23,48,21,16,30,40,12,20,22,23,38,29,38,38,37,64,45,46,57,40,58,20,33,32,10,38,28,44,18,20,22,63,64,57,65,67,42,Serie A
J. Rodríguez,Cagliari,Uruguay,15,CB,Left,190,21,74,Uruguay,71,54,60,62,79,77,61,51,79,68,53,63,60,49,69,61,71,71,61,72,56,65,76,72,80,51,77,76,53,43,52,68,82,78,79,9,7,14,6,14,8,Serie A
R. Kofler,Cagliari,Italia,22,CB,Right,193,21,69,,64,51,58,56,72,72,50,45,74,67,46,52,52,52,62,57,60,68,52,70,56,65,70,66,76,54,70,80,43,49,47,71,71,70,66,12,11,10,8,15,12,Serie A
Zé Pedro,Cagliari,Portugal,2,"CB, RB",Right,187,29,71,,68,48,61,62,75,75,55,40,68,70,45,56,50,51,65,66,67,69,60,73,63,62,69,68,79,55,74,80,42,53,55,64,74,76,73,14,15,11,7,10,11,Serie A
Y. Mina,Cagliari,Colombia,26,CB,Right,195,32,75,,66,54,62,64,79,80,63,49,78,64,46,56,57,59,70,74,66,66,54,71,62,73,86,70,86,48,74,79,53,52,52,73,79,79,80,6,13,15,15,12,13,Serie A
A. Obert,Cagliari,Eslovaquia,33,LB,Left,188,24,73,Eslovaquia,75,59,68,68,70,77,69,54,72,71,53,61,66,59,69,70,75,75,80,70,70,71,68,79,79,62,71,67,58,63,55,72,70,70,75,10,7,12,8,6,8,Serie A
R. Idrissi,Cagliari,Italia,3,LB,Left,182,21,68,,74,52,68,66,68,63,73,45,72,75,46,68,68,60,64,63,73,74,70,68,73,66,69,71,59,53,63,69,54,58,57,61,70,66,67,10,14,10,9,10,8,Serie A
G. Aurelio,Cagliari,Italia,24,LB,Left,186,26,64,,67,48,58,62,63,64,70,42,61,59,42,64,53,50,60,59,70,65,62,63,65,60,65,69,63,47,59,63,53,47,49,58,65,62,59,14,9,7,6,11,9,Serie A
N. Grandu,Cagliari,Italia,36,"LB, RB",Left,165,20,56,,64,42,53,55,54,52,54,41,42,58,42,55,50,47,49,52,63,65,61,55,66,48,49,59,45,41,62,55,43,49,40,51,55,56,59,14,6,11,15,7,12,Serie A
Y. Sugawara,Cagliari,Japón,28,RB,Right,179,26,74,,74,59,68,70,71,77,77,52,66,67,53,67,64,59,62,74,69,78,69,69,79,68,73,79,77,64,75,70,60,67,64,66,69,75,72,6,9,10,9,8,10,Serie A
A. Romano,Cagliari,Italia,4,"CDM, CM",Left,185,20,73,Italia,69,64,70,70,73,75,65,57,71,74,65,67,58,62,77,77,70,69,67,72,61,70,73,72,75,73,77,78,58,66,64,67,70,75,68,15,12,8,6,7,15,Serie A
H. Winks,Cagliari,Inglaterra,6,CDM,Right,178,30,70,,62,59,66,65,70,74,62,54,64,74,55,62,62,55,69,67,61,63,67,73,64,64,74,77,74,65,70,69,61,60,64,69,73,69,71,10,12,6,10,9,11,Serie A
M. Adopo,Cagliari,Francia,8,CM,Right,187,26,74,,71,71,75,74,70,78,73,73,65,78,65,77,73,65,73,71,72,71,69,70,74,69,71,87,76,70,73,74,69,74,64,75,68,71,66,11,15,14,7,7,6,Serie A
J. Fazzini,Cagliari,Italia,10,"CM, CAM",Right,178,23,74,,73,69,76,76,69,72,70,63,65,82,67,73,73,63,77,78,72,73,78,73,79,79,62,81,70,72,68,68,71,74,72,75,68,73,65,7,7,15,7,13,13,Serie A
J. Liteta,Cagliari,Zambia,27,CM,Right,175,20,66,,67,64,65,67,60,64,61,65,57,69,56,63,60,62,66,72,66,67,66,66,70,61,54,66,63,68,66,66,62,65,61,63,61,57,55,8,13,15,7,12,11,Serie A
A. Deiola,Cagliari,Italia,14,CM,Right,190,31,71,,69,64,72,71,62,72,74,60,62,70,61,70,63,60,69,72,65,72,73,77,70,68,68,76,72,71,67,64,72,79,61,70,61,63,56,11,7,7,12,13,9,Serie A
R. Gagliardini,Cagliari,Italia,21,CM,Right,188,32,71,,63,63,72,72,64,71,66,59,67,73,62,73,71,68,78,73,60,65,71,72,63,65,68,74,74,69,59,67,72,74,64,78,62,65,60,9,12,9,9,6,8,Serie A
D. Akarakiri,Cagliari,Inglaterra,30,CM,Right,190,19,55,,53,51,55,56,49,55,55,49,50,58,37,55,50,49,58,60,52,53,54,56,46,54,48,56,56,59,52,49,53,50,46,51,49,51,38,14,6,8,11,8,14,Serie A
I. Sulev,Cagliari,Bulgaria,32,"CM, CDM",Right,184,20,56,,52,52,55,55,47,55,51,49,49,60,46,54,54,53,52,56,54,51,54,51,55,59,49,60,55,53,49,43,50,51,48,55,46,48,49,13,11,8,15,11,12,Serie A
D. Maldini,Cagliari,Italia,70,"CAM, CM",Right,188,24,76,Italia,73,72,76,80,50,71,68,70,66,79,76,83,78,68,76,81,71,75,76,74,75,69,64,69,76,80,63,49,76,79,69,73,48,48,48,12,12,10,9,14,12,Serie A
Y. Massolin,Cagliari,Francia,79,"CAM, CF",Left,197,24,71,,70,70,72,72,45,67,67,70,68,73,68,74,70,71,71,73,68,71,64,71,64,72,67,71,70,70,54,43,69,79,68,64,45,40,39,14,9,11,10,11,14,Serie A
A. Fadera,Cagliari,Gambia,39,"LW, ST",Left,182,24,73,,81,72,70,77,42,64,74,74,64,70,73,78,78,61,61,77,83,79,78,73,76,71,64,70,63,70,57,43,74,72,72,73,36,40,41,9,8,9,11,8,6,Serie A
M. Felici,Cagliari,Italia,17,LW,Left,182,25,70,,79,70,68,71,40,65,72,70,52,68,66,73,72,64,61,69,79,79,75,71,71,72,62,68,65,72,61,41,76,69,61,69,40,35,37,13,10,10,12,12,7,Serie A
R. Ciervo,Cagliari,Italia,20,LW,Left,190,24,68,,73,68,67,71,42,62,69,68,58,70,61,73,67,57,61,73,72,73,66,61,67,70,58,69,63,67,52,43,67,67,69,68,40,43,29,6,9,13,15,6,13,Serie A
P. Mendy,Cagliari,Senegal,31,"ST, LW",Left,196,19,72,,71,72,61,69,39,75,55,71,74,67,70,68,62,65,54,71,72,71,67,64,63,78,73,69,81,68,67,35,74,62,73,69,38,33,33,13,10,10,11,13,13,Serie A
K. Carlos,Cagliari,España,9,"ST, LW",Right,186,25,69,,71,72,58,70,36,71,54,76,70,63,66,68,59,56,48,75,74,68,66,71,67,71,74,71,73,64,65,28,70,63,70,71,34,32,33,10,9,6,7,7,8,Serie A
M. Nzola,Cagliari,Angola,18,"ST, LW",Left,185,30,70,,73,72,60,68,39,71,53,74,70,66,71,67,64,60,48,68,71,75,68,66,66,72,69,63,80,66,60,35,74,62,68,74,40,33,31,12,15,13,9,10,10,Serie A
Y. Trepy,Cagliari,Francia,19,ST,Left,191,20,65,,68,66,57,64,31,69,51,67,67,63,63,65,65,58,48,66,65,70,61,61,57,65,69,63,76,64,60,30,68,57,62,60,30,24,20,14,11,15,6,12,14,Serie A
F. Stanković,Venezia FC,Serbia,1,GK,Right,187,24,73,Serbia,44,30,40,39,29,58,19,22,34,51,24,23,26,29,49,47,46,43,43,69,52,51,62,51,66,28,48,39,24,43,33,53,25,24,28,75,74,72,72,76,51,Serie A
L. Montipò,Venezia FC,Italia,96,GK,Right,191,30,70,,45,26,37,37,28,52,27,18,27,44,23,26,20,24,35,40,43,46,41,63,53,47,60,43,59,26,46,40,18,43,34,49,27,25,21,73,70,66,68,72,44,Serie A
A. Pozzi,Venezia FC,Italia,28,GK,Right,190,25,62,,37,20,30,31,21,42,18,13,25,36,13,16,17,14,42,39,38,36,40,59,40,43,53,28,50,18,35,25,12,32,23,45,20,19,17,60,61,57,67,69,36,Serie A
M. Grandi,Venezia FC,Italia,23,GK,Right,190,33,59,,29,18,27,29,19,44,12,12,15,34,11,18,16,16,30,34,28,29,31,58,35,37,45,31,54,15,36,25,13,31,19,41,15,21,15,62,60,54,61,60,33,Serie A
A. Bella-Kotchap,Venezia FC,Alemania,17,CB,Right,190,24,72,,71,52,59,60,76,77,57,45,74,65,46,55,48,51,65,65,69,73,61,68,57,67,78,70,81,55,75,78,47,53,52,67,78,72,75,7,11,6,10,14,9,Serie A
M. Moreno,Venezia FC,Argentina,2,CB,Right,193,23,72,,70,51,61,62,76,78,62,43,79,68,51,60,53,50,60,64,71,69,61,66,59,65,80,72,82,55,77,75,43,52,53,71,76,77,72,12,15,12,9,11,11,Serie A
J. Schingtienne,Venezia FC,Bélgica,3,"CB, CDM",Right,188,24,72,,63,54,58,61,77,75,64,50,75,60,49,57,52,52,62,65,62,63,57,71,63,67,80,69,76,50,78,78,52,49,53,70,77,75,82,11,15,15,6,13,9,Serie A
R. Halhal,Venezia FC,Marruecos,25,"CB, RB",Right,189,23,70,Marruecos,66,51,57,59,77,76,57,48,75,62,42,55,44,49,63,64,64,67,57,66,51,65,79,70,79,49,74,73,50,51,48,67,79,77,78,11,6,7,10,11,10,Serie A
M. Šverko,Venezia FC,Croacia,33,"CB, CDM",Left,187,28,67,,67,46,56,56,71,70,55,37,67,62,41,52,43,50,59,58,65,68,54,61,55,64,76,59,75,50,72,73,42,47,47,68,71,71,70,7,7,8,10,9,10,Serie A
A. Gomes,Venezia FC,España,95,CB,Right,187,18,62,,60,40,51,50,68,65,50,34,67,57,35,42,39,44,54,56,62,59,51,53,51,55,62,53,70,41,66,74,34,46,42,59,63,69,67,8,7,8,9,14,14,Serie A
B. Franjic,Venezia FC,Croacia,4,"CB, CDM",Left,188,26,67,,61,46,54,55,70,70,48,43,70,61,42,51,45,48,58,58,60,61,52,62,49,58,71,62,75,42,69,70,44,48,48,72,69,69,74,11,10,15,9,15,12,Serie A
Juan Jesus,Venezia FC,Brasil,15,"CB, RB",Left,185,35,72,,59,54,59,61,76,75,59,53,71,64,49,57,54,51,65,64,58,59,59,70,59,69,80,67,79,47,74,76,46,50,53,68,77,76,75,9,14,14,10,9,9,Serie A
R. Mohammed,Venezia FC,Ghana,16,CB,Right,198,20,57,,53,38,45,49,62,63,42,33,69,52,33,44,39,39,49,58,51,55,39,53,42,50,62,54,68,39,60,63,31,38,38,55,61,60,58,6,14,9,15,10,15,Serie A
P. Mazzocchi,Venezia FC,Italia,70,"RB, LB",Right,183,31,72,,74,59,66,71,70,75,69,62,61,67,55,69,65,53,70,74,74,74,72,68,68,63,70,78,76,51,70,76,60,62,58,66,69,72,66,6,9,13,14,8,7,Serie A
G. Busio,Venezia FC,Estados Unidos,6,CDM,Right,172,24,75,,67,63,73,72,77,79,63,60,67,82,60,75,63,63,75,69,65,68,65,74,75,69,73,77,81,64,80,78,68,70,67,79,77,80,72,9,15,6,10,6,11,Serie A
S. Panada,Venezia FC,Italia,55,"CDM, CB",Right,175,24,68,,62,60,66,62,68,65,59,55,62,69,47,59,62,59,69,64,61,63,64,65,64,71,67,65,61,62,74,72,58,66,58,67,70,67,67,11,14,7,13,10,14,Serie A
S. Sohm,Venezia FC,Suiza,19,CM,Right,188,25,76,,74,71,74,75,67,75,65,65,70,81,65,73,70,65,75,77,77,72,75,76,75,82,72,77,75,74,72,67,71,75,71,75,67,65,66,10,7,15,13,7,10,Serie A
M. Dagasso,Venezia FC,Italia,30,CM,Left,175,22,68,,66,66,68,70,62,65,66,67,57,68,57,68,62,64,77,74,68,65,69,65,69,68,57,70,63,63,64,64,69,67,58,68,58,66,58,9,15,13,11,13,10,Serie A
T. Bašić,Venezia FC,Croacia,26,"CM, CAM",Left,190,29,72,,69,66,73,69,67,72,70,62,67,74,60,64,70,62,78,75,68,70,69,71,67,72,68,74,75,70,64,66,64,73,71,72,66,69,62,9,9,8,11,12,8,Serie A
K. Pérez,Venezia FC,España,71,"CM, CAM",Left,184,29,70,,71,64,68,73,62,68,62,60,64,70,57,71,68,65,69,79,71,71,69,70,63,68,66,71,70,68,61,64,65,70,71,66,60,60,64,8,10,11,7,6,8,Serie A
T. Jóhann Helgason,Venezia FC,Islandia,21,CM,Right,187,26,68,,66,63,68,67,60,72,67,63,61,71,59,68,64,63,70,67,67,65,68,67,60,68,63,77,72,61,67,63,67,63,60,66,56,61,65,9,14,7,13,14,9,Serie A
L. Fanne,Venezia FC,España,8,CM,Right,187,22,64,,60,57,64,66,55,65,60,55,58,65,50,67,62,56,67,65,64,57,67,63,59,59,60,69,63,59,64,57,56,66,59,64,52,56,55,7,7,10,11,11,10,Serie A
A. Duncan,Venezia FC,Ghana,32,CM,Left,178,33,71,,63,66,72,74,65,67,69,66,65,72,62,75,71,62,70,73,65,62,74,77,69,66,65,73,65,65,66,72,72,80,69,75,60,66,60,9,8,7,8,11,7,Serie A
A. Hainaut,Venezia FC,Francia,18,RM,Right,187,24,71,,79,66,69,68,52,69,73,68,59,70,60,67,70,61,64,68,80,78,75,66,68,64,63,77,69,66,59,50,66,69,70,71,50,54,51,14,6,8,6,7,15,Serie A
Thierry Correia,Venezia FC,Portugal,14,"RM, RW",Right,176,27,70,,75,61,70,71,51,64,75,59,60,73,59,71,66,62,66,71,76,75,72,70,78,62,60,72,61,66,60,51,65,67,62,62,53,49,44,11,15,9,13,10,11,Serie A
R. Sagrado,Venezia FC,Bélgica,20,RM,Right,182,22,68,,75,63,65,68,48,64,68,62,58,64,58,70,64,64,57,67,75,75,70,74,65,64,61,74,60,64,61,47,68,71,63,62,46,50,45,12,13,9,10,6,15,Serie A
L. Berardi,Venezia FC,Italia,36,"LM, RM",Left,181,20,59,,67,54,58,59,39,54,61,55,44,59,50,59,59,51,62,59,66,68,59,56,63,54,52,63,53,51,44,35,58,54,55,51,38,41,40,7,10,8,9,15,9,Serie A
R. Haps,Venezia FC,Surinam,5,LM,Left,175,33,69,,71,63,68,70,48,64,75,63,60,65,62,69,74,61,62,70,70,71,77,70,68,64,61,71,63,65,59,49,60,70,61,68,46,47,47,11,8,15,10,15,7,Serie A
T. Fernández,Venezia FC,España,77,CAM,Left,175,18,65,,68,63,66,69,37,50,64,62,46,69,61,71,65,60,63,70,71,66,69,56,71,64,51,59,45,65,51,37,65,67,63,63,39,33,33,14,8,8,9,15,12,Serie A
K. Lisman,Venezia FC,Polonia,56,"LW, LM",Left,186,20,64,,74,64,62,64,34,57,64,67,55,64,60,65,65,55,59,64,76,72,70,57,62,57,61,68,57,62,44,35,70,58,62,56,32,29,27,12,10,10,12,8,8,Serie A
J. Yeboah,Venezia FC,Ecuador,10,"CAM, CF",Left,170,26,72,Ecuador,71,69,74,76,44,65,74,70,53,76,63,82,71,70,65,70,74,69,79,71,72,68,58,75,64,71,56,43,69,78,70,76,46,39,41,9,13,15,8,13,14,Serie A
A. Adams,Venezia FC,Nigeria,45,"ST, CF",Right,190,26,75,Nigeria,76,75,66,73,46,77,60,75,75,72,75,73,69,69,62,74,75,76,70,73,68,79,75,73,82,69,71,41,86,64,76,79,42,46,34,6,14,12,6,12,12,Serie A
A. Rrahmani,Venezia FC,Kosovo,7,ST,Both,188,26,74,,77,74,64,74,40,74,61,75,79,67,73,76,63,66,58,75,76,77,68,76,67,76,78,71,78,71,67,36,76,65,73,75,36,33,37,11,11,15,10,14,8,Serie A
A. Adorante,Venezia FC,Italia,9,"ST, LW",Right,184,26,73,,72,73,62,72,40,73,59,73,76,66,75,73,67,68,54,72,71,73,67,73,73,76,78,65,78,71,70,40,78,60,71,71,34,35,39,7,12,15,13,7,12,Serie A
L. Lauberbach,Venezia FC,Alemania,29,ST,Left,194,28,71,,72,73,60,69,38,74,58,77,77,62,72,68,65,63,53,72,71,73,66,60,67,70,72,66,81,68,67,35,74,61,67,76,36,31,33,13,15,6,11,6,8,Serie A
L. Palmisani,Frosinone Calcio,Italia,22,GK,Right,196,22,71,,48,29,42,40,31,53,30,23,33,48,23,27,25,29,48,46,44,51,45,64,52,52,59,43,59,24,48,40,23,44,28,55,29,28,30,74,69,71,69,70,51,Serie A
S. Desplanches,Frosinone Calcio,Italia,91,GK,Left,189,23,64,,37,20,33,31,23,49,16,10,27,43,12,19,16,19,38,36,40,35,34,60,48,42,55,42,56,21,41,28,13,37,25,48,21,22,19,62,62,58,64,69,39,Serie A
M. Pisseri,Frosinone Calcio,Italia,12,GK,Right,188,34,64,,30,20,32,33,22,47,20,14,23,39,17,22,15,21,37,34,27,33,38,65,46,41,49,44,51,14,38,28,11,37,24,51,22,20,20,68,65,61,68,68,44,Serie A
E. Lolic,Frosinone Calcio,Bosnia y Herzegovina,1,GK,Right,194,22,52,,24,15,20,19,11,33,10,10,11,23,10,10,11,10,24,20,27,22,30,40,35,36,38,24,38,10,29,16,10,26,13,30,10,10,10,55,48,46,50,54,30,Serie A
G. Calvani,Frosinone Calcio,Italia,3,CB,Right,190,22,72,,65,54,59,58,74,78,58,48,71,64,46,55,54,48,69,57,60,69,61,69,63,68,73,71,82,57,79,74,52,47,49,74,78,72,74,8,10,7,6,12,8,Serie A
I. Monterisi,Frosinone Calcio,Italia,30,CB,Right,190,24,69,,67,49,58,60,70,71,52,42,76,70,45,55,51,47,60,64,66,68,60,68,55,64,72,61,75,52,72,69,39,46,50,70,72,67,69,7,10,13,8,8,9,Serie A
G. Cittadini,Frosinone Calcio,Italia,2,"CB, CDM",Right,193,24,65,,59,46,54,53,69,72,50,43,72,61,40,50,43,44,56,54,56,62,48,64,56,60,71,63,77,42,70,68,37,49,40,58,72,68,65,12,12,12,9,6,6,Serie A
K. Akpoguma,Frosinone Calcio,Nigeria,25,CB,Right,192,31,71,,64,52,59,58,77,74,57,49,81,65,49,57,51,47,64,55,64,64,58,72,61,64,78,65,78,49,75,77,45,53,50,75,80,74,72,7,10,10,12,14,14,Serie A
W. Amey,Frosinone Calcio,Italia,5,CB,Right,182,21,63,,57,43,51,53,66,64,46,36,60,55,41,49,44,50,57,54,54,60,54,63,53,59,64,57,64,43,72,64,39,45,43,58,66,67,70,10,10,8,6,7,10,Serie A
O. Fayed,Frosinone Calcio,Egipto,74,"CB, CDM",Right,192,23,64,Egipto,61,46,52,50,67,70,51,42,70,63,41,43,39,36,56,54,60,61,50,64,56,63,64,60,77,44,65,74,40,40,41,64,62,69,61,13,10,8,10,12,15,Serie A
G. Bracaglia,Frosinone Calcio,Italia,79,LB,Left,185,23,70,,73,54,65,65,67,72,69,52,66,68,53,62,59,56,68,65,73,73,72,65,73,61,67,74,73,53,70,67,55,56,52,65,67,66,68,8,8,12,7,15,8,Serie A
A. Terzić,Frosinone Calcio,Serbia,71,"LB, RB",Left,184,27,68,Serbia,71,55,62,64,67,68,64,53,65,65,47,62,60,58,62,64,69,72,67,68,67,63,66,70,69,54,64,67,50,58,52,60,68,67,68,10,8,13,6,8,11,Serie A
A. Oyono,Frosinone Calcio,Gabón,20,RB,Right,184,25,66,,72,50,60,64,63,62,68,44,63,60,49,63,53,52,64,65,71,72,72,62,62,60,63,64,61,50,61,61,58,54,48,59,64,64,64,13,9,6,14,15,8,Serie A
E. Tchato,Frosinone Calcio,Camerún,90,RB,Right,182,23,64,,70,50,57,62,65,64,57,44,57,60,47,64,56,51,55,60,67,73,65,61,66,59,62,70,62,54,60,65,61,54,46,61,65,67,67,7,15,15,7,15,11,Serie A
M. Cichella,Frosinone Calcio,Italia,16,CDM,Right,169,21,68,,61,60,63,67,69,64,55,56,64,65,54,63,52,56,72,72,62,60,64,74,66,68,57,67,60,61,74,68,64,65,59,67,67,71,73,6,13,8,7,15,15,Serie A
G. Calò,Frosinone Calcio,Italia,14,CDM,Right,180,29,71,,69,62,70,66,72,74,64,60,67,75,54,63,64,60,80,67,69,69,69,73,67,69,67,77,73,63,77,77,65,63,60,69,71,71,69,13,9,13,9,10,9,Serie A
F. Grillitsch,Frosinone Calcio,Austria,27,"CDM, CB",Right,186,31,72,,64,62,69,67,75,75,65,61,67,71,59,63,68,66,70,71,66,63,65,74,68,66,74,75,75,64,73,75,63,70,59,74,76,75,77,8,8,13,12,8,10,Serie A
L. Hasa,Frosinone Calcio,Albania,70,"CM, CDM",Right,172,22,68,Albania,68,64,68,72,59,66,61,60,57,72,56,71,67,59,74,74,68,68,68,72,66,69,55,75,63,69,64,64,66,66,62,71,57,58,63,14,11,11,15,14,12,Serie A
P. Masini,Frosinone Calcio,Italia,73,"CM, CAM",Right,182,25,73,,69,70,71,73,65,72,62,71,72,75,58,72,71,65,70,76,66,71,73,77,64,69,71,83,70,73,66,60,68,77,68,70,66,64,64,6,14,10,14,10,10,Serie A
A. El Azzouzi,Frosinone Calcio,Marruecos,34,"CM, CAM",Right,187,25,68,,65,65,70,65,63,67,65,63,64,73,55,66,69,62,74,65,64,65,64,67,65,68,64,72,66,67,64,62,70,67,67,66,63,64,59,12,13,11,7,6,6,Serie A
B. Lhassine Kone,Frosinone Calcio,Costa de Marfil,4,CM,Left,172,26,63,,59,56,64,67,54,58,61,50,47,64,55,72,59,58,64,64,62,56,64,62,64,62,55,61,56,62,58,55,61,70,55,61,56,52,56,15,8,10,14,14,10,Serie A
F. Gelli,Frosinone Calcio,Italia,96,"CM, CDM",Right,173,29,63,,60,57,64,66,54,61,63,54,54,69,56,68,59,62,66,63,58,62,66,63,67,61,53,64,60,61,60,54,61,59,57,68,52,56,55,14,10,7,8,12,7,Serie A
A. Zerbin,Frosinone Calcio,Italia,24,RM,Right,182,27,68,,73,63,69,70,48,66,69,61,55,71,61,74,73,61,62,65,73,73,75,67,68,70,54,73,66,62,58,49,58,70,66,68,43,49,47,12,9,10,13,7,12,Serie A
R. Schmid,Frosinone Calcio,Austria,10,"CAM, CM",Right,168,26,78,Austria,80,76,79,82,50,71,78,75,60,79,70,87,78,73,76,77,82,78,80,76,89,78,67,77,71,76,66,51,76,84,73,74,51,48,44,12,10,15,12,6,12,Serie A
G. Kvernadze,Frosinone Calcio,Georgia,17,"LW, ST",Left,188,23,75,Georgia,83,74,74,76,46,72,74,75,72,79,76,80,76,71,62,75,82,83,77,69,73,71,70,77,76,72,58,47,77,76,74,69,42,44,38,10,9,7,12,15,12,Serie A
F. Ghedjemis,Frosinone Calcio,Argelia,7,RW,Left,183,24,76,,83,74,72,77,44,72,72,76,66,71,74,79,75,70,69,76,84,82,75,73,75,69,66,76,73,73,67,44,83,75,70,75,43,40,38,14,13,13,11,7,8,Serie A
S. Fini,Frosinone Calcio,Italia,40,RW,Left,178,20,66,,74,65,61,68,34,56,59,67,54,60,62,72,67,60,60,65,73,74,73,61,67,67,56,64,54,60,51,34,69,62,59,61,35,28,32,13,9,12,10,12,6,Serie A
T. Bobcek,Frosinone Calcio,Eslovaquia,89,"ST, LW",Right,187,25,76,,76,77,67,76,42,76,66,79,78,73,76,75,67,61,57,79,80,73,74,75,69,80,76,74,80,72,67,40,76,65,73,72,44,32,37,8,14,14,7,9,6,Serie A
A. Raimondo,Frosinone Calcio,Italia,9,ST,Left,185,22,72,,73,75,61,72,38,71,58,77,76,63,71,69,62,68,52,76,71,74,69,67,71,74,67,70,75,71,62,34,74,65,74,71,36,33,32,7,8,13,14,8,11,Serie A
D. Bîrligea,Frosinone Calcio,Rumania,11,ST,Right,184,26,70,Rumanía,72,71,60,68,37,68,50,70,73,64,73,66,69,65,54,69,69,74,68,71,66,68,71,67,73,75,58,35,75,62,70,72,33,34,29,13,14,13,11,13,6,Serie A
N. Törnqvist,AC Monza,Suecia,1,GK,Left,195,24,67,Suecia,39,26,36,33,24,48,28,18,26,38,15,19,20,25,34,37,40,38,43,65,43,47,53,43,53,26,40,32,14,48,30,50,23,20,20,67,65,61,66,67,46,Serie A
D. Thiam,AC Monza,Senegal,20,GK,Right,202,28,70,Senegal,46,31,38,38,27,53,23,26,34,45,18,25,22,24,39,42,48,44,46,66,47,53,55,43,59,26,50,35,21,48,30,51,22,26,23,74,73,66,71,75,49,Serie A
A. Strajnar,AC Monza,Eslovenia,43,GK,Right,185,19,55,,35,16,26,21,13,38,10,10,13,36,10,10,13,10,28,24,33,37,29,48,33,40,46,35,42,12,31,24,10,32,10,35,10,10,10,55,52,50,53,50,38,Serie A
J. Ziolkowski,AC Monza,Polonia,4,"CB, CDM",Right,194,21,71,,63,50,60,58,77,74,59,46,77,64,46,55,51,52,59,60,64,62,56,63,59,67,75,66,79,46,73,76,45,58,52,68,81,77,70,9,9,10,13,10,14,Serie A
E. Kouadio,AC Monza,Italia,60,CB,Right,191,20,68,Italia,61,49,54,56,70,71,51,43,72,63,42,46,48,41,60,64,64,59,56,65,58,67,76,63,75,48,71,68,43,43,46,61,72,69,68,8,8,9,14,7,6,Serie A
S. Goglichidze,AC Monza,Georgia,2,CB,Right,192,22,69,Georgia,65,52,57,57,69,70,50,51,76,66,42,52,46,52,59,59,63,66,56,67,56,62,73,64,72,50,74,69,46,50,45,72,70,65,69,12,13,8,9,8,9,Serie A
L. Lucchesi,AC Monza,Italia,3,CB,Left,190,23,69,,65,52,56,57,71,72,50,51,70,60,43,51,46,52,63,61,64,66,56,64,56,61,68,68,76,49,70,70,48,54,53,68,70,72,74,15,8,10,9,13,15,Serie A
A. Carboni,AC Monza,Italia,44,"CB, CDM",Left,187,25,68,,62,50,56,59,72,73,56,47,75,63,43,54,44,48,60,63,60,64,63,66,57,62,69,66,77,51,74,70,40,44,48,67,73,73,62,11,7,6,14,15,14,Serie A
Y. Maye,AC Monza,Francia,5,CB,Left,190,20,64,,57,45,52,54,70,70,48,42,70,58,38,52,43,45,57,55,56,58,53,60,51,57,66,64,74,44,66,67,38,44,37,63,71,70,68,10,13,11,14,6,9,Serie A
V. Antov,AC Monza,Bulgaria,6,"CB, CDM",Right,187,25,68,,61,50,56,60,74,70,58,46,71,62,43,57,52,49,59,63,59,63,53,65,61,65,72,66,73,47,68,73,44,44,46,68,75,75,70,8,8,7,15,14,9,Serie A
Ricardo Mangas,AC Monza,Portugal,7,LB,Left,179,28,70,,76,57,68,68,67,68,73,56,65,73,55,68,60,53,69,65,73,78,73,67,71,64,69,80,64,52,65,65,58,61,57,67,70,66,69,15,13,14,7,15,12,Serie A
S. Birindelli,AC Monza,Italia,19,RB,Right,175,27,67,,74,49,60,65,65,65,66,45,59,61,47,62,61,56,60,66,70,77,69,68,69,55,65,72,61,51,67,66,55,53,54,62,65,66,66,10,13,15,11,10,14,Serie A
A. Bakoune,AC Monza,Marruecos,24,"RB, RM",Right,192,20,64,,75,52,61,59,61,65,67,49,64,64,45,60,55,47,55,57,74,76,62,61,62,64,65,65,66,48,62,64,53,59,47,57,60,59,64,15,11,6,11,13,10,Serie A
L. Colombo,AC Monza,Italia,21,CDM,Right,179,21,67,,60,59,62,63,70,70,60,55,69,66,50,58,56,56,65,68,59,60,59,66,62,65,67,76,66,67,73,69,62,60,52,67,68,76,63,13,8,13,6,6,8,Serie A
E. Akinsanmiro,AC Monza,Nigeria,14,"CM, CDM",Right,184,21,72,,70,65,73,72,63,70,68,63,70,78,66,71,67,77,73,75,70,70,70,69,70,70,67,71,72,64,67,64,70,71,65,69,64,60,63,8,13,7,7,9,7,Serie A
M. Pessina,AC Monza,Italia,32,CM,Left,187,29,73,,68,71,73,74,64,73,71,72,64,77,64,72,70,65,73,79,70,67,74,73,68,74,71,77,73,69,67,66,73,73,68,71,62,64,61,7,15,7,9,7,6,Serie A
M. Folorunsho,AC Monza,Italia,90,CM,Right,190,28,74,,70,72,73,73,66,74,70,73,67,73,60,70,74,65,76,79,67,73,71,76,61,70,68,76,75,74,69,71,73,76,67,75,64,67,61,8,13,8,14,13,15,Serie A
M. Mout,AC Monza,Italia,80,"CM, CDM",Left,174,19,63,,62,57,63,63,56,59,56,56,50,70,53,63,57,57,68,64,59,64,65,59,60,57,55,64,58,62,54,58,58,59,57,54,55,58,56,13,13,14,11,13,15,Serie A
F. Ondoa,AC Monza,Francia,8,"CM, CDM",Right,183,20,63,,62,61,65,64,55,60,61,56,53,68,55,64,64,52,62,65,63,61,65,63,61,67,49,69,58,68,59,57,61,68,56,57,59,53,49,15,15,9,7,6,9,Serie A
I. Touré,AC Monza,Alemania,27,"RM, RW",Right,188,28,69,,71,62,66,68,52,65,70,59,60,63,63,69,70,66,65,70,71,71,69,69,61,63,63,68,66,64,59,53,70,68,63,60,50,52,49,9,6,14,11,12,8,Serie A
P. Ciurria,AC Monza,Italia,26,"RM, RW",Both,178,31,69,,70,66,67,71,50,66,73,65,53,65,65,72,70,64,63,69,72,69,73,68,76,68,61,71,65,68,66,53,66,68,63,70,47,51,51,13,14,15,9,6,9,Serie A
A. Colpani,AC Monza,Italia,28,CAM,Left,184,27,72,,76,69,71,78,43,66,69,67,63,74,66,78,77,67,65,83,77,75,74,67,73,73,64,70,65,71,62,45,62,74,71,73,41,39,38,9,9,11,6,7,14,Serie A
J. Robinson,AC Monza,Inglaterra,46,LW,Left,176,19,68,,77,66,66,69,36,61,71,65,48,67,65,67,72,62,59,73,80,74,72,61,69,69,62,71,60,62,52,38,73,66,66,66,34,34,30,12,14,9,13,6,15,Serie A
K. Baldé,AC Monza,Senegal,17,LW,Both,178,31,68,,76,67,67,71,37,60,64,66,58,68,64,76,62,63,63,64,74,77,74,73,71,70,58,68,60,65,51,34,70,73,65,66,37,32,33,12,14,13,7,15,13,Serie A
C. Ngonge,AC Monza,Bélgica,16,"RW, ST",Left,180,26,72,,79,71,71,75,42,65,73,71,67,74,65,77,70,59,63,74,83,76,71,72,78,69,60,72,65,71,58,43,77,72,74,67,37,39,36,15,6,11,7,9,6,Serie A
E. Zeballos,AC Monza,Argentina,22,RW,Right,175,24,73,,80,75,71,72,40,61,76,80,61,71,75,73,69,64,63,69,77,82,80,74,74,70,61,65,61,71,57,40,66,73,69,70,36,36,41,7,9,14,10,13,6,Serie A
O. Forson,AC Monza,Inglaterra,11,RW,Left,179,22,67,,77,68,66,72,36,58,69,70,53,65,65,72,62,61,64,72,79,75,75,68,70,66,57,72,54,63,53,41,73,69,66,66,29,36,33,10,9,7,11,7,9,Serie A
K. Martins,AC Monza,Italia,70,"RW, RM",Right,180,21,60,,69,59,58,64,29,50,67,58,45,59,57,67,63,50,50,64,62,74,61,61,63,62,55,57,50,60,42,30,64,54,57,58,29,24,25,8,10,10,7,14,11,Serie A
Gustavo Varela,AC Monza,Portugal,9,"ST, LW",Right,184,21,70,,71,74,61,68,36,69,61,74,69,63,68,67,60,59,57,67,69,72,71,72,67,78,75,62,74,70,65,29,76,61,73,67,38,30,24,11,15,9,14,12,15,Serie A
P. Cutrone,AC Monza,Italia,10,"ST, LW",Right,183,28,70,,73,72,62,70,36,70,55,74,72,67,63,67,63,65,57,73,71,75,67,71,68,74,74,72,71,65,63,37,75,65,75,70,30,31,26,11,8,14,12,8,12,Serie A
Dany Mota,AC Monza,Portugal,47,ST,Right,180,28,69,,68,71,59,68,37,69,57,76,73,64,68,67,63,59,53,69,63,73,67,67,64,70,70,69,72,60,61,36,77,58,65,69,34,30,29,8,13,11,11,9,15,Serie A
W. Falcone,US Lecce,Italia,30,GK,Right,195,31,72,,43,29,41,39,30,54,32,23,33,45,27,33,27,26,44,36,44,43,48,70,51,46,66,51,59,30,44,33,20,48,31,50,28,28,31,73,73,69,71,75,42,Serie A
M. Bleve,US Lecce,Italia,1,GK,Right,184,30,61,,31,18,30,27,20,44,21,11,19,34,17,14,15,16,37,28,32,30,38,60,47,40,47,30,55,14,34,30,11,32,25,43,19,16,20,58,58,54,59,65,36,Serie A
A. Borbei,US Lecce,Rumania,32,GK,Right,191,23,57,,32,16,25,25,14,41,10,10,13,30,10,13,13,10,27,27,33,32,37,54,38,34,48,32,49,12,29,20,10,36,16,38,14,10,15,58,54,50,55,57,35,Serie A
P. Penev,US Lecce,Bulgaria,33,GK,Left,193,18,52,,27,14,21,19,11,36,10,10,10,27,10,10,10,10,21,20,29,26,27,44,34,28,37,30,43,10,26,17,10,25,10,28,10,10,10,55,48,47,53,51,33,Serie A
Tiago Gabriel,US Lecce,Portugal,44,"CB, CDM",Right,196,21,76,,68,57,65,63,78,83,62,53,81,75,49,55,55,57,66,69,66,70,58,75,64,75,84,70,88,53,87,76,50,53,56,75,83,76,74,8,10,10,13,7,10,Serie A
J. Siebert,US Lecce,Alemania,5,CB,Right,193,24,70,,68,55,58,59,72,71,56,54,76,66,41,56,51,47,59,60,69,67,58,70,58,67,80,67,73,53,70,69,45,49,49,74,74,70,71,7,8,7,6,10,9,Serie A
Gaspar,US Lecce,Angola,4,CB,Right,193,29,72,,64,53,59,61,74,79,51,49,79,67,46,59,49,49,59,63,62,66,58,69,57,68,77,69,85,49,75,75,44,56,53,72,71,76,70,11,15,7,14,13,15,Serie A
G. Jean,US Lecce,Francia,18,"CB, CDM",Left,191,26,69,,62,49,57,58,73,73,55,45,79,62,42,55,53,52,59,59,63,61,54,68,55,61,75,66,76,49,76,75,41,51,53,67,73,71,73,6,15,12,10,11,8,Serie A
S. Esposito,US Lecce,Australia,6,CB,Right,191,21,61,,57,39,47,52,65,62,46,34,62,52,36,46,39,38,55,57,55,59,53,57,47,50,65,55,65,39,62,71,42,36,40,59,65,63,64,15,11,8,12,12,14,Serie A
E. Scott,US Lecce,Estados Unidos,31,"CB, CDM",Right,183,20,57,,53,37,44,47,60,60,42,34,67,51,29,41,38,39,48,52,48,57,45,55,48,48,60,54,63,37,62,60,31,33,37,52,60,60,56,15,7,6,7,15,8,Serie A
A. Gallo,US Lecce,Italia,25,"LB, RB",Left,183,26,72,,79,58,67,70,67,73,73,55,64,68,53,71,66,58,67,71,77,80,63,73,69,66,75,78,71,61,73,73,55,61,59,65,68,65,65,10,13,11,8,12,15,Serie A
C. Ndaba,US Lecce,Irlanda,3,LB,Left,188,26,66,,70,53,63,63,66,67,65,49,62,65,46,61,57,56,65,64,72,68,69,62,61,62,61,69,66,57,67,65,50,58,44,62,66,68,62,9,8,6,9,7,12,Serie A
V. Addo,US Lecce,Países Bajos,12,"LB, RB",Left,188,21,57,,64,43,52,54,55,61,60,40,50,54,39,56,53,40,51,52,62,65,57,50,55,48,55,64,60,42,59,56,45,46,47,55,52,58,58,12,15,10,11,11,7,Serie A
Danilo Veiga,US Lecce,Portugal,17,"RB, LB",Right,183,24,70,,77,59,62,70,69,71,66,60,68,65,53,69,62,58,64,69,81,74,73,68,70,64,69,74,70,55,71,67,55,54,54,71,69,69,72,12,10,12,13,7,7,Serie A
A. Dembélé,US Lecce,Francia,2,RB,Right,189,22,66,,69,51,59,59,64,68,66,48,61,58,51,56,59,48,59,59,66,72,64,69,65,57,64,68,70,52,62,62,57,57,52,63,66,64,64,6,14,15,14,12,8,Serie A
M. Ubani,US Lecce,Alemania,36,"RB, LB",Right,185,21,56,,61,41,53,54,54,59,60,39,48,56,33,50,49,47,48,57,59,62,57,53,52,50,55,60,59,36,60,52,41,47,42,56,55,57,55,10,8,12,13,14,10,Serie A
O. Ngom,US Lecce,Mauritania,79,CDM,Right,190,22,67,,58,58,61,66,68,71,52,54,70,62,53,65,58,56,71,68,60,57,60,73,60,66,72,69,71,60,71,68,55,61,63,66,66,69,64,14,12,8,14,8,11,Serie A
S. Fofana,US Lecce,Togo,8,"CDM, CM",Right,192,23,66,,59,55,60,61,69,69,57,48,69,62,52,55,61,54,63,67,62,57,63,63,58,61,69,71,69,63,65,72,57,60,58,67,66,70,70,11,7,8,13,15,10,Serie A
O. Gorter,US Lecce,Países Bajos,28,CDM,Right,185,21,64,,56,56,59,62,65,68,52,52,65,60,47,62,51,51,68,64,54,57,55,69,62,61,66,64,69,61,69,64,56,61,54,63,66,64,63,13,14,6,11,11,12,Serie A
N. Kovač,US Lecce,Bosnia y Herzegovina,80,CDM,Both,185,21,59,,55,50,55,54,59,64,51,46,57,58,44,53,47,55,58,54,57,53,51,57,52,57,63,63,65,53,62,65,51,53,42,60,57,60,55,6,13,9,13,15,14,Serie A
I. Ilić,US Lecce,Serbia,20,"CM, CDM",Left,186,25,72,,73,68,71,72,62,73,68,65,69,72,63,73,70,65,76,73,71,74,68,73,75,76,69,76,76,67,64,68,67,68,66,70,61,57,63,10,13,7,10,15,8,Serie A
M. Berisha,US Lecce,Albania,10,"CM, CAM",Right,186,22,70,,67,67,70,69,61,69,65,68,58,73,63,70,72,64,75,70,66,68,63,77,65,66,66,77,68,67,61,63,65,69,65,66,59,63,58,11,6,6,6,10,10,Serie A
M. Kaba,US Lecce,Guinea,77,CM,Right,185,24,70,,67,64,71,70,61,69,71,61,62,72,60,68,69,60,71,73,65,68,65,69,69,66,62,73,68,67,67,59,66,73,67,68,63,62,58,14,12,15,14,7,8,Serie A
L. Coulibaly,US Lecce,Malí,29,CM,Right,183,30,68,Malí,65,64,71,69,60,67,64,59,62,76,52,71,65,59,67,66,64,65,69,69,69,70,64,68,67,72,67,62,64,75,63,66,60,60,54,10,13,9,12,14,6,Serie A
Y. Maleh,US Lecce,Marruecos,14,"CM, CDM",Left,179,28,68,,65,64,69,69,62,66,60,63,60,72,59,69,66,66,72,68,63,67,68,72,66,69,56,67,66,65,66,60,66,71,58,70,64,60,63,12,9,11,10,15,11,Serie A
O. Gandelman,US Lecce,Israel,16,CAM,Left,188,26,74,Israel,68,73,77,75,46,70,75,73,63,79,69,74,77,70,76,78,70,67,73,69,76,70,67,73,73,74,58,49,75,77,74,76,44,41,45,7,9,8,11,6,7,Serie A
J. Monteiro,US Lecce,Suiza,99,LW,Left,191,27,70,Suiza,77,70,67,71,38,67,70,72,60,68,70,70,69,63,62,73,76,77,70,69,67,71,69,70,67,65,63,41,72,68,67,65,40,30,30,10,15,11,14,12,12,Serie A
A. Fatah,US Lecce,Suecia,7,LW,Left,180,22,62,,69,61,61,66,32,52,60,61,50,67,62,70,62,58,50,65,71,68,66,62,59,63,52,61,49,60,46,28,59,60,51,61,29,31,30,7,15,10,7,15,15,Serie A
S. Pierotti,US Lecce,Argentina,50,RW,Right,189,25,71,,77,73,68,72,42,66,68,74,62,70,74,74,67,67,63,71,78,77,68,71,69,71,68,73,66,72,58,38,75,68,77,67,39,44,34,13,6,14,14,11,14,Serie A
K. N’Dri,US Lecce,Níger,11,"RW, ST",Left,174,25,66,,73,61,65,72,36,60,63,58,50,68,65,73,66,65,57,74,72,74,72,61,70,67,57,66,59,61,56,38,63,68,59,57,36,33,29,14,10,8,13,12,14,Serie A
W. Geubbels,US Lecce,Francia,69,ST,Right,186,25,72,,76,71,62,69,40,71,57,72,72,69,74,67,64,57,52,70,75,76,69,69,65,67,71,69,75,69,62,39,74,61,72,79,39,32,34,14,13,11,9,6,13,Serie A
N. Stulic,US Lecce,Serbia,9,"ST, CF",Right,188,25,69,,69,72,58,70,35,66,55,77,71,66,68,71,61,59,47,71,68,69,68,69,65,67,73,60,70,68,64,33,74,53,70,69,34,29,27,13,13,8,10,14,13,Serie A
P. Esteban,US Lecce,España,22,ST,Right,185,20,60,,66,60,49,57,30,60,47,58,64,49,65,58,55,48,43,55,69,63,56,54,59,64,63,55,66,59,49,18,67,52,63,59,27,33,22,12,11,15,12,7,7,Serie A
