short_name,club_name,nationality_name,club_jersey_number,player_positions,preferred_foot,height_cm,age,overall,seleccion,pace,shooting,passing,dribbling,defending,physic,attacking_crossing,attacking_finishing,attacking_heading_accuracy,attacking_short_passing,attacking_volleys,skill_dribbling,skill_curve,skill_fk_accuracy,skill_long_passing,skill_ball_control,movement_acceleration,movement_sprint_speed,movement_agility,movement_reactions,movement_balance,power_shot_power,power_jumping,power_stamina,power_strength,power_long_shots,mentality_aggression,mentality_interceptions,mentality_positioning,mentality_vision,mentality_penalties,mentality_composure,defending_marking_awareness,defending_standing_tackle,defending_sliding_tackle,goalkeeping_diving,goalkeeping_handling,goalkeeping_kicking,goalkeeping_positioning,goalkeeping_reflexes,goalkeeping_speed,league_name
C. Buonaiuto,Padova,Italia,92,ST,Right,179,33,64,,62,65,56,63,30,62,50,70,63,62,65,63,60,53,43,64,61,63,58,68,66,62,66,54,68,58,56,31,65,59,60,66,24,26,28,8,7,7,14,11,12,Serie B
N. Galazzi,Padova,Italia,25,"CAM, CF",Right,182,25,66,,71,66,65,69,38,61,57,64,52,65,61,69,69,66,65,72,70,71,63,62,66,68,52,69,58,68,59,38,67,74,65,66,40,34,31,14,10,6,14,7,10,Serie B
M. Bortolussi,Padova,Italia,20,ST,Right,186,30,67,,71,68,54,64,34,66,53,68,70,55,70,60,54,58,51,68,73,70,61,68,62,69,68,63,69,63,63,33,74,53,67,73,29,29,27,8,8,7,12,9,8,Serie B
K. Lasagna,Padova,Italia,15,"ST, CF",Left,186,34,67,,62,67,59,65,35,70,54,68,65,62,61,60,61,59,54,69,59,65,67,74,59,66,73,68,74,67,60,32,70,60,66,65,32,32,31,6,6,14,6,7,10,Serie B
A. Seghetti,Padova,Italia,11,ST,Left,178,22,62,,64,63,53,62,28,61,48,66,63,59,61,62,57,49,49,62,61,67,61,66,67,59,66,57,65,59,57,24,69,49,66,58,23,27,22,7,6,8,12,13,8,Serie B
G. Caprari,Padova,Italia,10,ST,Right,176,33,66,,65,67,60,68,34,67,61,69,68,62,66,67,61,58,53,68,58,70,71,67,66,68,63,63,71,64,62,28,69,59,62,70,34,30,24,9,6,10,15,8,15,Serie B
L. Moro,Padova,Italia,9,ST,Right,189,25,69,,73,71,60,68,36,70,62,71,72,59,74,69,64,60,50,69,71,74,64,71,62,77,72,66,75,64,62,37,74,68,66,70,36,26,29,9,13,14,14,11,15,Serie B
G. Artistico,Padova,Italia,19,"ST, CF",Right,188,24,69,,72,73,56,69,35,73,53,80,78,58,63,64,60,57,56,76,74,70,69,67,57,65,69,67,79,66,66,30,69,56,75,72,33,27,34,8,15,15,11,7,6,Serie B
L. Zanimacchia,Padova,Italia,98,"LM, RM",Left,178,28,67,,73,59,65,66,47,63,69,59,52,68,51,67,60,62,58,64,73,73,73,65,66,61,56,75,58,59,62,54,65,62,60,63,42,46,46,12,11,8,8,14,11,Serie B
D. Marcolini,Padova,Italia,74,RM,Right,179,21,60,,69,52,60,62,38,60,59,47,44,64,51,62,57,57,52,62,68,69,62,61,61,58,51,69,59,56,53,39,51,64,57,62,41,33,40,14,6,7,13,6,6,Serie B
M. Cocchi,Padova,Italia,34,"LM, LB",Left,168,19,65,,76,60,62,68,46,60,69,61,48,59,57,65,65,55,60,72,75,76,74,66,69,62,60,66,57,57,60,51,62,64,56,59,43,45,45,9,10,9,11,8,9,Serie B
L. Carissoni,Padova,Italia,24,RM,Right,177,29,64,,69,56,63,67,44,60,67,53,51,62,54,66,61,64,61,67,67,71,72,64,68,60,55,68,59,57,56,45,65,61,55,65,41,46,36,14,13,14,13,9,15,Serie B
F. Di Mariano,Padova,Italia,23,"LM, ST, CAM",Right,177,30,63,,65,58,60,63,43,58,65,56,50,61,58,65,60,50,59,60,64,66,65,66,61,60,51,65,57,60,55,39,62,59,60,59,43,43,41,11,13,13,10,14,8,Serie B
E. Zuelli,Padova,Italia,21,"CM, CAM, CDM",Right,179,24,67,,63,64,68,68,60,67,68,61,59,68,56,68,62,64,70,69,63,63,64,66,72,73,58,73,67,62,62,58,67,69,61,67,60,62,64,11,14,15,8,12,6,Serie B
A. Capelli,Padova,Italia,17,"RM, LM, ST",Right,175,29,64,,71,60,65,66,43,63,69,59,48,69,52,68,64,56,61,64,72,70,66,71,64,62,52,67,64,60,60,43,59,60,61,63,43,43,42,8,10,15,7,12,11,Serie B
M. Pompetti,Padova,Italia,14,"CM, CDM",Right,176,26,67,,65,62,65,66,60,66,67,60,65,66,60,67,59,59,70,63,66,64,70,68,62,65,55,75,64,62,61,67,64,60,61,70,57,56,60,14,7,12,10,8,14,Serie B
P. Fusi,Padova,Italia,8,CM,Right,178,28,63,,60,58,64,62,57,59,57,52,56,65,59,62,60,57,69,63,60,60,57,65,62,64,59,66,56,63,58,61,56,69,61,65,55,57,55,6,9,9,11,9,6,Serie B
K. Varas,Padova,Ecuador,7,"CM, LM",Right,180,33,64,,56,60,64,65,58,64,56,58,51,67,53,64,60,62,66,65,52,60,64,72,64,60,56,71,63,65,61,61,64,66,58,61,61,59,51,8,11,7,12,14,13,Serie B
G. Giunti,Padova,Italia,6,CM,Left,175,21,66,,63,61,64,68,62,60,54,56,56,67,52,70,62,56,69,65,63,63,65,71,67,69,58,67,56,67,63,67,59,66,59,67,60,62,64,7,14,14,7,15,6,Serie B
A. Barreca,Padova,Italia,3,"LM, LB",Left,184,31,65,,71,61,66,63,45,61,68,60,56,71,61,61,66,60,55,64,67,74,67,66,66,63,58,70,59,60,55,46,62,64,57,58,45,41,41,8,11,8,6,15,13,Serie B
E. Caporello,Padova,Italia,2,"CAM, CF",Left,164,20,60,,63,59,61,64,32,46,56,60,43,64,57,66,60,58,53,61,64,62,72,55,69,57,45,52,44,60,45,36,57,70,60,57,34,28,24,9,10,15,7,9,7,Serie B
C. Faedo,Padova,Italia,72,"CB, LB, RB",Right,187,27,62,,53,44,50,54,66,66,48,38,64,58,41,52,42,45,52,55,49,57,52,58,48,58,61,62,68,46,65,70,37,39,45,60,65,65,61,15,9,15,10,8,7,Serie B
C. Pastina,Padova,Italia,58,"CB, RB",Right,185,25,65,,66,47,54,53,68,66,48,44,72,63,37,46,44,53,56,60,66,66,55,63,51,64,67,58,70,40,64,66,36,45,46,57,65,70,73,7,12,13,15,11,12,Serie B
F. Sgarbi,Padova,Italia,32,CB,Right,191,28,61,,54,41,51,47,63,66,48,36,64,57,36,42,42,39,56,50,52,55,47,62,50,58,65,61,69,40,65,62,34,44,41,57,60,67,60,11,15,8,12,9,10,Serie B
A. Dellavalle,Padova,Italia,27,"CB, RB",Right,189,22,68,,63,47,57,57,72,73,54,42,73,66,38,55,50,48,61,57,62,64,55,63,57,61,74,66,78,50,69,74,42,43,46,66,73,69,72,6,12,15,8,13,10,Serie B
E. Silletti,Padova,Italia,18,CB,Right,189,28,61,,56,41,49,48,66,63,43,34,64,58,39,46,42,44,57,46,58,55,47,61,53,55,60,60,64,43,66,69,40,38,37,58,66,66,63,6,7,11,10,11,12,Serie B
M. Lovato,Padova,Italia,5,"CB, RB",Right,188,26,68,,67,46,56,58,71,70,56,40,71,62,45,55,45,46,59,60,63,71,50,65,63,59,64,63,74,44,68,70,48,47,47,69,73,70,71,7,8,9,10,15,10,Serie B
A. Sorrentino,Padova,Italia,22,GK,Right,190,24,68,,46,22,37,33,27,51,22,16,32,48,18,23,20,22,41,35,43,48,38,60,50,42,57,46,56,18,42,33,20,37,27,46,25,26,22,71,70,63,69,72,48,Serie B
L. Mouquet,Padova,Francia,1,GK,Right,187,22,59,,35,18,25,29,16,45,15,10,21,29,10,17,14,10,29,34,36,34,38,58,43,39,45,35,54,16,35,28,13,31,19,36,11,10,15,61,53,50,60,59,33,Serie B
S. Scaglia,Padova,Italia,12,GK,Right,190,22,59,,36,16,27,28,18,43,12,10,18,33,12,17,18,18,28,32,33,39,35,56,36,34,52,35,48,11,36,27,10,37,20,40,17,16,10,59,57,52,60,61,38,Serie B
B. Popov,Empoli,Ucrania,77,ST,Right,193,19,69,,73,72,57,68,40,69,52,79,81,60,66,71,60,58,52,68,72,73,64,63,59,66,71,64,76,61,58,31,76,60,72,68,38,36,30,10,9,12,8,13,7,Serie B
F. Distefano,Empoli,Italia,20,"ST, LW",Right,176,23,66,,66,68,57,64,32,62,48,71,64,63,67,65,56,63,51,62,63,68,63,63,64,63,63,64,63,65,59,32,72,58,66,67,29,26,26,8,7,12,7,9,9,Serie B
S. Shpendi,Empoli,Albania,11,"ST, CAM, RM",Right,181,23,72,,72,74,63,70,40,70,60,79,71,66,75,70,62,64,60,69,69,74,67,73,67,72,74,65,73,68,68,40,70,61,67,75,37,34,31,7,7,9,7,12,7,Serie B
S. Monaco,Empoli,Italia,9,ST,Right,189,19,57,,61,58,45,54,20,55,52,57,54,42,65,56,52,51,38,52,61,61,54,54,49,66,62,54,57,49,51,22,62,45,62,57,20,11,13,12,9,9,8,9,13,Serie B
K. Zedadka,Empoli,Argelia,98,"LM, CM",Left,184,26,62,,67,55,62,63,43,56,66,52,49,60,54,64,60,58,62,66,69,65,58,60,61,63,60,66,51,56,54,49,54,62,55,58,42,41,35,14,8,12,15,6,9,Serie B
A. Orlandi,Empoli,Italia,96,"CM, CDM",Right,181,19,56,,57,49,56,55,49,57,51,44,45,63,45,57,50,48,58,54,58,57,54,49,59,52,47,56,60,58,51,49,58,53,49,54,48,52,49,8,9,15,6,13,6,Serie B
L. Belardinelli,Empoli,Italia,57,"CDM, CM",Left,190,25,62,,55,54,59,55,66,66,51,52,65,64,42,55,52,53,65,56,56,55,52,62,47,60,63,67,66,56,63,72,53,56,55,60,60,68,62,13,6,12,11,13,15,Serie B
D. Busiello,Empoli,Italia,53,"CDM, CM",Left,182,18,59,,54,49,56,55,62,63,50,47,53,58,42,54,51,49,65,57,52,55,53,56,52,54,59,67,63,50,59,64,50,57,52,56,63,64,58,13,8,12,8,15,11,Serie B
L. Deli,Empoli,Italia,44,CAM,Left,178,20,58,,59,58,57,62,30,51,57,58,41,59,56,65,60,53,53,62,59,59,59,55,59,63,49,57,51,56,43,32,58,58,56,58,27,30,27,7,10,11,13,12,8,Serie B
E. Biondini,Empoli,Italia,39,"CDM, RW, CM",Right,178,24,60,,50,52,57,53,62,60,46,47,57,64,46,51,48,49,60,54,52,48,56,58,54,59,55,68,56,56,62,64,52,59,50,58,61,62,63,6,11,15,10,12,6,Serie B
M. Huqi,Empoli,Albania,38,CDM,Left,185,19,58,,55,49,55,51,60,62,49,46,55,59,48,49,46,45,56,51,52,58,50,55,55,54,52,58,65,50,63,60,48,58,51,52,62,62,56,11,13,12,10,10,14,Serie B
M. Egan,Empoli,Irlanda,35,RB,Right,175,18,59,,65,47,54,55,57,53,58,45,48,57,40,50,54,46,48,60,67,64,63,53,61,58,56,58,48,44,58,56,47,50,44,49,61,55,59,9,8,13,8,8,10,Serie B
F. Bandinelli,Empoli,Italia,23,"CM, CAM",Right,180,31,63,,57,60,65,63,55,61,61,59,53,68,52,62,60,53,65,65,60,54,61,66,63,63,60,61,62,57,59,59,67,70,62,64,54,55,54,6,14,15,13,7,14,Serie B
G. Yepes,Empoli,España,21,"CDM, CM",Right,170,24,69,,65,60,66,61,69,68,56,55,66,70,59,56,60,64,68,62,65,65,67,69,70,66,63,71,65,65,73,71,60,68,64,66,71,69,65,12,10,13,11,15,13,Serie B
J. Ceesay,Empoli,The Gambia,15,"CAM, RB, RM",Left,180,28,62,,65,61,63,64,36,54,63,61,49,65,57,67,63,59,58,63,70,61,65,64,58,63,54,60,53,63,47,39,60,63,57,61,32,33,37,10,14,6,6,12,15,Serie B
E. Saporiti,Empoli,Italia,10,"CAM, LW, CM",Right,186,25,66,,63,69,67,68,38,61,61,73,54,70,62,71,68,67,66,65,65,61,68,65,69,62,61,65,60,69,57,41,70,69,66,71,35,35,36,13,10,9,6,11,8,Serie B
L. Magnino,Empoli,Italia,8,"CM, CB, CDM",Right,185,29,62,,61,57,65,60,56,61,58,51,55,70,51,57,60,59,61,64,64,59,61,67,55,64,59,62,62,63,56,60,58,68,64,60,54,58,53,10,13,11,8,11,9,Serie B
D. Degli Innocenti,Empoli,Italia,5,"CM, CDM, CAM",Right,180,23,67,,66,63,66,67,57,64,61,64,59,69,51,67,65,64,65,66,65,66,69,65,71,61,66,65,64,65,60,54,60,68,60,66,54,61,60,11,7,14,9,8,12,Serie B
N. Corrado,Empoli,Italia,91,"LB, LM",Left,179,26,63,,64,48,58,61,60,62,59,45,51,63,42,59,56,53,59,65,60,67,61,60,60,52,60,63,61,50,62,59,56,49,47,60,62,61,66,9,12,15,11,10,8,Serie B
R. Berizzi,Empoli,Italia,40,CB,Right,182,19,57,,53,36,42,48,58,57,39,31,61,49,28,45,34,34,48,52,51,55,44,49,47,52,63,53,59,36,54,60,31,34,36,54,56,59,57,15,11,7,6,14,13,Serie B
D. Bembnista,Empoli,Polonia,36,LB,Right,189,19,57,,63,43,51,52,56,60,55,40,58,52,42,50,48,43,52,51,62,64,58,52,51,52,59,60,63,38,52,55,46,45,43,54,55,57,53,8,6,12,6,8,11,Serie B
C. Cauz,Empoli,Italia,33,"CB, CDM",Right,188,30,62,,59,44,50,51,63,69,48,39,67,59,39,49,39,45,55,52,58,59,46,61,54,54,69,64,69,48,73,64,39,39,49,55,64,60,66,12,15,8,6,8,11,Serie B
S. Babalola,Empoli,Alemania,31,"CB, RB",Right,188,18,58,,53,39,46,46,60,62,43,33,67,49,31,44,42,40,49,48,56,51,46,50,46,58,55,55,66,36,62,60,35,44,35,54,61,58,57,8,8,12,8,6,6,Serie B
G. Indragoli,Empoli,Italia,28,CB,Right,179,22,58,,55,39,46,43,61,58,44,32,58,53,37,35,44,36,49,45,52,58,48,56,54,57,59,51,62,39,59,65,32,39,39,59,60,59,62,9,11,12,8,13,14,Serie B
M. Curto,Empoli,Italia,25,CB,Right,191,27,65,,60,45,54,56,71,70,51,41,71,61,41,48,41,46,62,63,57,62,55,61,50,63,70,64,73,40,69,68,39,44,44,65,71,73,67,8,6,10,7,11,12,Serie B
S. Romagnoli,Empoli,Italia,6,CB,Right,193,36,64,,50,43,52,54,69,70,49,36,76,56,41,49,47,43,60,59,46,53,46,65,51,53,74,61,75,50,68,67,32,44,42,61,66,71,65,14,10,8,10,8,11,Serie B
E. Filippis,Empoli,Italia,13,GK,Right,194,22,64,,40,19,34,29,21,48,16,10,22,46,14,17,26,25,32,32,39,40,38,61,49,41,58,37,57,17,39,27,14,38,22,41,23,16,15,64,63,61,62,65,41,Serie B
J. Seghetti,Empoli,Italia,12,GK,Right,180,21,60,,38,19,29,28,18,43,15,16,28,35,10,13,16,13,35,33,35,40,38,57,45,40,56,37,50,11,28,20,12,33,14,42,16,15,18,61,66,54,60,63,38,Serie B
S. Perisan,Empoli,Italia,1,GK,Left,185,29,60,,34,19,29,25,18,42,14,10,23,36,13,15,18,17,35,25,33,35,33,59,43,42,46,36,47,22,38,25,10,34,17,41,13,19,15,64,54,53,62,62,41,Serie B
A. Okoro,Südtirol,Italia,90,ST,Right,181,21,68,,71,71,57,64,35,66,55,77,68,61,64,64,59,54,53,66,68,74,58,69,61,67,67,62,69,66,62,31,65,56,64,68,31,34,24,6,11,10,7,9,6,Serie B
K. Mixtur,Südtirol,Guadeloupe,25,ST,Left,188,22,61,,62,65,51,63,28,61,49,69,65,55,64,65,52,51,43,64,64,60,51,62,57,68,69,55,67,56,52,23,67,50,61,64,24,28,17,10,7,7,12,13,10,Serie B
V. Lopes,Südtirol,Cabo Verde,11,"RW, LW, RM",Right,186,27,62,,70,61,59,66,34,57,61,60,53,63,57,68,65,53,54,65,66,73,66,62,63,59,56,65,58,67,45,32,63,54,59,60,33,32,27,8,12,6,7,9,14,Serie B
R. Burnete,Südtirol,Rumanía,9,"ST, LW, CAM",Left,185,22,62,,60,64,52,62,29,61,48,66,65,57,66,63,55,49,45,62,58,62,58,64,59,66,63,59,64,57,55,28,67,53,61,65,27,21,22,7,14,12,6,15,12,Serie B
E. Schrott,Südtirol,Italia,80,CDM,Right,188,17,59,,53,49,57,53,58,64,46,45,55,61,38,53,53,54,60,50,52,54,56,57,57,60,62,63,66,52,60,56,47,61,45,55,60,60,58,13,6,7,14,15,11,Serie B
S. Molina,Südtirol,Italia,79,"RM, RB",Right,177,34,67,,68,63,68,64,47,65,69,63,60,68,65,65,68,63,68,61,69,68,72,65,64,65,54,76,63,60,61,46,66,67,65,65,45,48,41,8,15,13,8,9,6,Serie B
D. Brik,Südtirol,Túnez,46,CM,Left,183,18,59,,54,54,60,59,52,58,55,50,56,63,49,59,54,52,64,60,53,54,56,58,57,55,54,60,57,59,59,54,57,58,58,53,49,52,49,11,6,6,10,10,6,Serie B
S. Davì,Südtirol,Italia,24,LM,Left,176,27,62,,69,59,58,66,44,58,60,56,49,60,55,69,62,56,51,64,73,65,66,62,65,62,58,63,55,62,57,44,60,59,60,58,46,43,40,9,7,15,15,9,10,Serie B
F. Tait,Südtirol,Italia,21,CM,Right,186,33,63,,60,58,62,61,59,62,56,56,56,66,45,58,62,50,65,66,62,59,59,65,58,62,55,63,64,61,60,61,61,64,62,60,61,59,52,11,14,8,7,13,10,Serie B
B. Steinn Bjarkason,Südtirol,Islandia,20,"LB, LM",Left,180,26,63,,68,50,58,62,63,62,63,44,60,64,47,60,56,50,51,64,72,65,68,58,61,61,58,69,58,55,64,68,47,50,51,60,62,64,60,14,10,9,10,8,7,Serie B
K. Zeroli,Südtirol,Italia,18,"CM, CDM",Left,187,21,69,,64,65,73,69,63,71,67,63,63,79,61,70,65,65,74,70,66,63,59,72,67,72,57,70,74,66,69,59,65,72,62,74,64,65,59,11,6,8,7,7,9,Serie B
L. Anghelè,Südtirol,Italia,17,CM,Right,188,21,63,,58,59,61,64,56,64,60,57,58,61,52,64,62,48,63,65,56,60,64,59,57,64,62,68,65,61,59,55,60,62,53,62,52,60,52,14,14,13,15,9,15,Serie B
A. Vasić,Südtirol,Italia,14,"CAM, LM",Right,188,24,66,,70,68,69,72,38,58,65,66,53,70,64,73,69,65,70,76,71,70,64,57,65,70,60,66,55,70,53,39,70,71,70,71,38,33,35,6,11,7,13,15,15,Serie B
F. Rispoli,Südtirol,Italia,10,"CM, CDM, CAM",Right,169,20,69,,71,62,66,69,59,65,62,61,58,69,58,69,64,62,67,70,71,71,69,63,74,62,60,67,65,62,63,61,68,66,66,64,57,63,54,8,6,12,11,12,7,Serie B
N. Pyyhtiä,Südtirol,Finlandia,8,CM,Right,186,23,68,,64,64,69,65,62,65,65,61,63,71,60,64,60,59,74,65,70,60,67,66,65,70,61,74,61,67,63,59,63,72,63,70,63,62,67,13,7,10,9,7,10,Serie B
S. Tronchin,Südtirol,Italia,5,"CM, CDM",Left,185,23,69,,64,63,69,69,63,69,67,60,64,71,64,71,66,60,70,67,63,64,68,75,67,68,61,73,68,65,67,62,63,70,65,70,64,65,57,10,6,14,15,13,12,Serie B
H. El Kaouakibi,Südtirol,Marruecos,94,CB,Right,185,28,64,,59,47,50,53,66,66,44,43,70,56,41,50,43,41,58,56,55,62,50,64,48,65,66,63,69,44,62,66,34,42,44,64,64,66,70,15,10,6,11,9,14,Serie B
A. Giorgini,Südtirol,Italia,55,"CB, CDM",Right,190,24,70,,66,48,56,59,72,75,56,42,72,63,45,52,47,53,57,63,61,70,57,68,57,64,77,70,78,47,73,75,39,47,48,75,71,70,75,11,9,9,11,12,7,Serie B
M. Iuliano,Südtirol,Italia,39,CB,Left,184,18,60,,57,39,48,51,61,62,50,34,61,54,36,47,39,42,49,55,53,60,50,53,49,56,67,56,66,34,57,63,38,37,38,58,61,60,62,7,15,9,6,9,12,Serie B
G. Stabile,Südtirol,Italia,27,CB,Left,187,21,65,,58,46,53,50,69,66,52,43,72,57,40,47,48,43,57,50,59,58,49,59,55,61,71,60,68,42,66,68,41,47,47,65,69,70,69,15,7,7,14,10,10,Serie B
F. Davi,Südtirol,Italia,23,"CB, RM",Right,186,24,64,,57,45,51,53,70,66,48,38,67,58,44,46,47,49,53,61,53,61,46,67,50,62,68,66,66,43,64,70,40,44,45,65,66,73,73,12,6,14,13,7,9,Serie B
M. Pellini,Südtirol,Italia,19,"CB, CDM",Right,191,19,57,,57,36,44,49,60,60,40,29,61,51,35,46,37,38,54,55,57,57,40,51,41,56,57,59,61,34,61,60,29,34,38,54,63,60,52,8,13,13,7,15,15,Serie B
M. Varnier,Südtirol,Italia,13,"CB, CDM",Right,186,28,59,,58,37,47,52,62,59,44,31,58,54,36,50,38,39,50,53,57,59,55,61,46,55,60,57,62,34,56,58,28,38,40,59,65,65,60,13,15,11,10,6,15,Serie B
C. Sabatini,Südtirol,Italia,13,"LB, LM",Right,168,19,58,,65,42,54,57,55,52,57,40,49,59,42,54,46,42,52,59,63,67,62,54,64,49,49,63,47,42,52,59,44,49,38,53,54,57,54,14,11,12,11,10,13,Serie B
A. Masiello,Südtirol,Italia,5,CB,Right,185,40,67,,52,46,55,58,70,69,53,44,69,62,45,53,47,48,56,63,52,52,52,75,60,58,69,62,72,41,71,69,41,46,46,65,69,74,68,13,6,8,13,14,13,Serie B
R. Stivanello,Südtirol,Italia,4,"CB, CDM",Right,188,22,66,,59,43,55,54,67,71,55,37,65,60,41,50,50,52,59,55,58,59,56,68,57,52,72,61,75,47,74,69,40,47,43,64,64,69,67,7,15,15,7,11,11,Serie B
D. Veroli,Südtirol,Italia,3,CB,Right,188,23,66,,63,46,51,55,72,70,46,41,72,56,39,49,46,45,55,57,61,65,60,65,56,57,72,64,73,47,69,72,39,49,49,67,66,78,68,12,13,12,8,11,10,Serie B
T. Laureti,Südtirol,Italia,32,GK,Right,190,17,57,,35,16,24,22,14,43,12,10,15,29,10,10,16,12,29,26,35,35,30,53,39,37,45,36,52,10,27,25,10,31,17,33,10,13,10,59,56,51,55,60,39,Serie B
M. Adamonis,Südtirol,Lituania,31,GK,Right,191,29,65,,39,20,32,33,22,49,21,14,23,39,15,23,13,17,36,35,40,39,36,59,45,39,53,38,60,18,36,29,13,38,23,49,25,14,24,62,63,54,65,65,43,Serie B
L. Bonifacio,Südtirol,Italia,22,GK,Right,187,19,61,,36,20,29,25,18,46,19,13,22,33,10,12,17,12,38,29,36,36,34,53,41,40,48,40,55,19,31,26,11,32,19,41,12,19,16,60,56,53,61,59,41,Serie B
A. Plizzari,Südtirol,Italia,22,GK,Left,187,26,65,,39,20,34,30,25,50,20,11,31,38,18,18,27,24,37,34,40,38,38,57,42,44,53,35,62,18,40,29,12,42,30,51,23,24,22,62,69,58,68,67,43,Serie B
R. Vadjunec,Südtirol,Eslovenia,12,GK,Right,190,20,58,,28,17,28,24,13,40,14,10,15,32,11,12,10,14,37,27,32,25,34,53,36,43,41,31,47,11,35,19,10,37,18,41,12,10,14,60,61,53,60,64,37,Serie B
L. Ploner,Südtirol,Italia,1,GK,Right,186,28,63,,39,20,33,27,23,47,19,11,24,39,17,13,24,20,35,31,38,39,38,59,46,43,53,34,56,17,38,33,13,40,21,39,20,19,19,62,62,58,64,63,38,Serie B
D. Borra,Südtirol,Italia,1,GK,Right,192,31,61,,38,19,32,26,18,47,17,12,19,42,10,12,18,21,33,31,39,37,35,56,36,47,46,42,53,10,39,24,11,35,22,42,15,16,15,60,61,55,60,62,37,Serie B
G. Marconi,Carrarese,Italia,91,ST,Left,179,21,59,,60,60,48,56,28,55,47,64,61,52,56,56,52,51,48,57,62,58,54,60,52,60,55,56,55,52,55,30,58,42,62,61,25,20,21,14,6,13,10,8,9,Serie B
N. Cudrig,Carrarese,Italia,70,LB,Right,185,24,61,,69,46,55,59,61,61,52,43,58,59,40,54,55,41,57,64,65,72,64,58,59,52,60,65,60,46,57,61,45,52,47,55,64,60,62,12,7,6,11,9,15,Serie B
M. Finotto,Carrarese,Italia,32,ST,Right,183,33,66,,66,67,58,63,33,64,55,68,69,64,63,62,50,57,49,64,66,66,65,66,59,70,65,60,68,64,61,32,69,61,67,67,33,26,23,12,6,9,8,13,10,Serie B
N. Bonfanti,Carrarese,Italia,21,ST,Right,178,24,64,,64,62,55,62,29,65,54,62,62,57,57,61,54,52,50,64,64,64,61,61,57,66,60,68,67,58,59,24,69,56,63,63,26,26,27,14,11,15,7,6,14,Serie B
M. Cissé,Carrarese,Guinea,11,"ST, CF",Right,182,23,64,,65,68,55,64,34,67,54,72,65,60,63,63,56,52,47,67,64,66,61,63,60,64,62,59,75,63,57,30,68,54,65,61,34,27,29,11,12,13,10,10,10,Serie B
T. Rubino,Carrarese,Italia,10,"ST, CM",Right,179,19,63,,66,65,52,62,30,61,53,68,58,51,61,63,52,52,45,61,63,68,61,61,62,66,68,58,65,60,55,28,64,60,64,63,29,25,22,11,14,8,15,11,9,Serie B
F. Abiuso,Carrarese,Italia,9,ST,Right,185,23,68,,66,70,58,69,34,66,58,72,69,62,64,68,58,58,52,72,68,65,64,73,60,71,65,63,72,66,57,30,73,55,68,64,28,35,26,11,12,8,15,10,8,Serie B
G. Parlanti,Carrarese,Italia,77,"CM, RW",Right,181,22,65,,62,59,64,67,57,65,63,59,60,63,54,68,65,58,71,68,65,59,65,65,68,55,60,75,62,66,61,65,63,64,55,63,57,53,52,6,11,12,15,13,9,Serie B
J. Rouhi,Carrarese,Suecia,73,"LM, LW",Right,183,22,68,,71,63,66,70,50,66,69,65,53,68,61,67,68,55,63,74,70,71,72,69,64,59,60,75,66,60,58,53,68,63,67,68,51,48,45,14,13,6,9,10,15,Serie B
G. Baroncelli,Carrarese,Italia,71,CM,Left,175,17,56,,57,51,53,56,47,54,50,49,52,55,47,56,55,46,55,56,56,57,58,54,60,55,48,64,51,52,50,48,53,54,49,53,47,45,47,6,15,7,13,12,8,Serie B
P. Pinelli,Carrarese,Italia,66,"CAM, CM",Right,175,20,58,,62,57,58,62,30,50,56,54,39,60,59,60,57,51,54,65,64,60,64,57,62,60,48,59,47,60,48,31,56,59,57,59,33,26,27,11,9,6,14,10,9,Serie B
F. Reale,Carrarese,Italia,33,"CB, CM",Right,188,20,63,,61,43,52,49,64,67,49,38,70,58,41,45,44,46,57,51,57,64,48,59,53,59,66,64,69,40,66,63,37,44,41,61,68,59,59,9,6,9,11,12,11,Serie B
J. Martini,Carrarese,Italia,28,"CM, CAM",Right,183,21,66,,63,62,64,67,61,67,64,59,59,65,58,67,59,59,69,68,60,65,67,63,65,64,58,72,70,65,56,63,67,62,64,64,62,62,54,15,6,7,8,15,13,Serie B
M. Braunöder,Carrarese,Austria,23,"CDM, CM",Right,173,24,66,,57,57,64,63,67,64,59,52,58,66,49,61,62,53,67,64,61,54,62,68,67,67,62,70,60,58,67,71,59,69,56,64,69,66,69,12,12,12,12,15,11,Serie B
Gonçalo Esteves,Carrarese,Portugal,20,"RB, RM",Right,171,22,64,,70,50,58,60,61,60,65,49,55,55,49,56,54,47,59,62,71,70,60,66,70,53,53,69,58,50,58,55,50,57,52,58,61,64,68,7,12,12,10,13,10,Serie B
N. Schiavi,Carrarese,Argentina,18,"CM, CDM",Left,173,31,63,,57,60,65,64,55,63,56,59,49,67,50,61,58,58,70,67,58,57,65,66,67,64,59,67,63,60,59,57,61,70,57,62,56,54,54,10,8,8,10,9,12,Serie B
L. Topalović,Carrarese,Eslovenia,17,"CAM, CM",Left,187,20,66,,69,66,68,72,39,60,66,66,58,73,67,75,70,64,58,75,71,68,65,66,66,64,55,65,61,67,55,37,66,68,63,61,38,37,34,11,15,8,14,7,13,Serie B
Y. Khafi,Carrarese,Marruecos,8,CM,Right,180,20,57,,59,53,60,56,48,56,53,53,46,65,48,58,54,51,60,53,61,58,57,52,56,55,49,63,56,51,50,55,54,61,53,54,45,50,44,8,11,7,7,11,12,Serie B
N. Belloni,Carrarese,Italia,7,"LM, RM, LW",Left,176,32,64,,65,59,64,66,42,58,64,58,50,66,56,69,63,60,61,64,69,61,64,64,73,57,51,69,55,62,56,41,60,64,59,63,42,41,36,13,12,12,13,9,8,Serie B
T. Guercio,Carrarese,Polonia,78,"RB, RM",Left,186,21,58,,59,44,54,57,57,59,54,42,52,58,42,56,53,43,53,58,61,57,61,57,57,51,56,61,59,42,57,56,46,50,38,47,59,55,62,9,14,6,7,6,15,Serie B
N. Romagnoli,Carrarese,Italia,56,"LB, LM",Left,179,17,58,,67,46,54,57,56,56,59,45,52,58,41,57,52,45,53,59,68,67,56,50,60,51,61,61,51,47,60,57,43,48,43,56,54,60,57,12,6,7,10,9,15,Serie B
L. Romani,Carrarese,Italia,41,"CB, CDM",Right,187,21,59,,54,38,48,49,63,61,45,35,61,53,29,45,45,35,53,50,53,55,46,65,50,50,62,57,63,37,61,65,32,41,41,58,63,63,59,9,15,10,15,11,9,Serie B
F. Ruggeri,Carrarese,Italia,13,CB,Right,169,21,64,,60,46,52,53,64,62,43,43,60,63,38,48,46,47,56,55,61,59,57,63,60,61,61,60,63,40,63,66,41,40,43,62,64,65,66,11,15,6,14,15,9,Serie B
F. Oliana,Carrarese,Italia,6,"CB, CDM",Right,183,27,65,,60,45,48,53,69,70,45,40,68,52,42,51,40,42,54,54,58,61,49,67,58,57,71,64,73,45,68,69,37,43,44,59,70,68,72,12,7,13,15,12,15,Serie B
T. Macchioni,Carrarese,Italia,5,CB,Right,192,20,62,,60,41,50,53,67,67,45,32,64,59,32,51,44,39,60,56,55,64,46,52,53,63,69,58,71,44,70,69,43,36,38,54,68,66,64,12,8,14,11,7,9,Serie B
C. Dagba,Carrarese,Francia,2,"RB, CB",Left,170,28,61,,65,48,56,58,57,53,60,47,47,59,43,58,50,49,57,57,64,66,61,56,64,56,55,64,48,42,53,63,48,47,51,53,55,57,62,14,15,6,13,12,13,Serie B
D. Vujevic,Carrarese,Suiza,4,CB,Right,182,19,66,,64,48,55,56,69,71,54,47,64,62,42,52,46,44,56,59,60,68,60,61,56,59,75,57,76,42,73,68,41,47,46,62,69,69,72,12,6,6,13,15,13,Serie B
N. Ravaglia,Carrarese,Italia,30,GK,Right,184,37,64,,29,19,34,31,20,47,24,12,22,42,10,21,19,20,33,32,24,33,45,63,44,44,52,38,53,16,42,24,12,39,18,40,21,17,17,60,65,56,65,67,40,Serie B
S. Mazzini,Carrarese,Italia,22,GK,Right,191,27,60,,34,18,29,28,17,44,12,11,16,30,10,18,19,18,34,30,35,34,38,58,40,43,48,37,49,12,37,21,10,44,17,40,20,12,17,62,60,55,60,59,37,Serie B
M. Bencaster,Carrarese,Italia,22,GK,Right,190,18,57,,33,16,26,22,16,41,11,10,16,33,10,11,17,17,28,22,29,37,34,47,44,37,46,32,48,11,35,24,10,34,14,35,10,16,15,57,55,50,58,62,28,Serie B
G. Garofani,Carrarese,Italia,12,GK,Right,188,23,60,,34,19,29,26,16,43,15,10,16,37,10,15,12,13,33,26,35,34,38,55,38,45,46,35,50,18,36,23,10,35,23,43,17,12,13,58,61,54,58,59,34,Serie B
S. Pizzignacco,Carrarese,Italia,1,GK,Right,188,25,63,,39,19,32,27,17,44,20,12,24,40,15,15,19,16,37,28,41,38,41,58,39,43,50,35,51,12,34,29,13,36,22,43,12,12,18,64,60,60,63,62,41,Serie B
M. Olivieri,Arezzo,Italia,99,"LW, ST",Left,178,27,63,,72,64,61,67,34,55,60,64,47,66,56,67,66,55,52,69,73,71,66,64,64,65,53,60,54,64,50,39,72,62,59,68,30,31,30,10,8,7,13,10,14,Serie B
P. Cianci,Arezzo,Italia,71,"ST, CF",Right,195,30,66,,68,70,54,64,34,67,50,72,76,59,72,62,56,60,51,67,65,71,61,72,54,69,70,58,73,66,61,32,66,50,64,67,31,26,29,8,8,6,13,14,11,Serie B
A. Arena,Arezzo,Italia,30,"RW, RM",Right,171,26,62,,66,61,61,64,32,53,62,62,44,60,56,63,59,54,56,63,65,67,70,65,69,65,53,63,51,57,45,32,68,66,58,62,30,30,27,8,10,13,10,11,11,Serie B
C. Tavernelli,Arezzo,Italia,21,"LW, LM",Left,171,27,63,,68,60,59,66,32,53,63,61,46,56,59,65,65,52,57,67,74,64,68,64,67,59,54,64,48,59,51,33,63,63,61,64,29,30,31,12,12,10,14,13,8,Serie B
L. Mancuso,Arezzo,Italia,11,ST,Right,182,34,66,,61,67,58,65,33,67,59,67,68,61,65,61,59,59,49,68,63,59,67,69,65,72,62,63,70,62,64,31,72,57,66,65,30,28,24,11,14,10,7,14,11,Serie B
E. Pattarello,Arezzo,Italia,10,"RW, ST",Right,169,27,67,,74,64,64,72,35,55,66,65,54,64,60,70,68,57,61,75,76,72,73,69,73,65,57,63,51,63,54,33,67,63,61,63,36,32,29,8,14,10,9,13,15,Serie B
A. Cerri,Arezzo,Italia,9,"ST, CF",Left,194,30,65,,65,69,53,65,34,64,52,72,75,57,67,65,54,55,46,69,64,65,59,62,59,71,70,62,67,60,56,30,70,52,64,66,30,31,27,11,15,10,7,6,12,Serie B
G. Iaccarino,Arezzo,Italia,78,"CM, CDM",Right,172,23,62,,57,59,61,64,56,62,59,54,52,62,50,65,62,58,59,65,59,56,66,55,63,64,52,68,62,67,59,57,60,63,52,61,53,59,54,12,10,10,10,10,9,Serie B
A. Manes,Arezzo,Italia,47,LM,Left,180,20,59,,70,52,56,61,40,54,65,53,48,54,56,58,59,51,52,68,71,69,58,51,62,49,48,66,50,52,49,38,50,56,55,50,38,43,36,14,7,13,14,6,6,Serie B
L. Chierico,Arezzo,Italia,24,CM,Right,176,25,64,,62,61,64,64,56,60,62,59,54,65,51,65,59,64,66,66,61,62,59,64,64,64,58,64,59,66,60,59,60,63,55,62,56,57,51,6,7,12,8,10,10,Serie B
M. Viviani,Arezzo,Italia,23,"CM, CAM",Right,183,26,64,,65,60,64,65,56,62,67,57,61,61,57,61,57,57,64,70,64,65,67,65,62,65,61,64,62,63,59,53,60,69,56,64,56,57,53,12,9,13,6,10,6,Serie B
A. Ioniţă,Arezzo,Moldavia,17,"CM, CDM",Left,185,36,68,,56,63,68,69,59,68,68,60,60,67,56,66,61,63,66,74,60,53,64,72,65,67,67,64,71,70,66,60,58,76,61,70,57,59,60,11,15,12,13,9,12,Serie B
M. Sala,Arezzo,Italia,16,CM,Right,172,21,63,,61,57,65,66,56,61,59,58,45,69,51,66,55,56,66,67,60,61,65,63,61,55,53,69,58,57,62,57,65,66,59,62,59,56,51,13,7,7,8,8,10,Serie B
S. Mawuli,Arezzo,Ghana,8,CM,Right,185,28,60,,54,57,60,60,52,58,57,57,57,62,49,61,54,51,63,59,53,54,57,58,57,58,49,63,57,58,57,47,59,63,58,61,54,50,57,7,15,11,6,15,13,Serie B
K. Leone,Arezzo,Italia,7,CM,Left,182,21,64,,60,58,62,65,57,62,58,53,53,64,56,64,59,58,70,67,61,59,67,65,63,65,57,60,65,62,60,56,59,60,51,63,58,59,58,9,15,15,12,7,8,Serie B
S. Righetti,Arezzo,Italia,37,LB,Left,169,24,66,,68,52,63,63,64,64,66,51,56,67,47,59,58,57,62,65,68,68,69,63,78,55,58,74,58,55,66,63,48,57,50,61,62,67,69,14,13,9,14,11,7,Serie B
D. Mancini,Arezzo,Italia,33,"CB, CDM",Left,187,21,58,,57,37,48,47,62,60,46,30,56,56,36,41,44,36,48,51,55,59,47,56,49,50,59,57,63,40,57,60,36,39,41,54,65,63,62,8,7,10,8,12,6,Serie B
A. Cagnano,Arezzo,Italia,32,"LB, RB",Left,182,28,59,,64,44,57,56,58,60,59,41,57,61,44,55,52,48,56,57,65,63,59,55,59,51,60,63,59,42,59,59,45,52,43,52,56,58,58,15,14,6,8,8,10,Serie B
F. De Col,Arezzo,Italia,26,"RB, LB",Right,183,32,66,,71,50,62,62,65,67,66,49,60,62,48,61,60,51,64,60,67,74,64,70,64,57,60,75,64,45,68,61,55,60,54,61,67,67,68,13,11,11,11,7,7,Serie B
M. Chiosa,Arezzo,Italia,19,CB,Right,178,32,64,,55,43,51,55,65,66,46,37,65,57,36,46,49,41,60,61,54,55,59,68,59,58,62,65,67,42,64,69,43,43,42,59,62,68,55,9,11,15,10,7,12,Serie B
M. Gilli,Arezzo,Italia,13,CB,Left,188,29,60,,55,43,52,51,63,63,50,41,64,59,39,43,43,40,54,58,51,58,49,54,57,54,64,58,66,40,63,67,41,43,40,57,64,58,63,9,6,11,6,8,12,Serie B
A. Renzi,Arezzo,Italia,6,RB,Right,172,22,61,,66,46,56,60,57,57,61,42,52,55,41,56,54,53,52,62,62,69,71,65,65,51,51,58,57,49,58,57,45,57,51,56,59,59,54,15,10,13,8,9,6,Serie B
J. Illanes,Arezzo,Argentina,5,CB,Right,188,29,67,,62,47,56,57,71,69,52,41,69,61,46,52,49,47,63,61,59,65,54,67,54,61,67,59,73,49,70,73,43,51,49,67,68,73,69,8,15,8,15,7,7,Serie B
M. Coppolaro,Arezzo,Italia,4,CB,Right,180,29,61,,58,40,50,52,63,63,49,34,60,57,38,44,38,41,51,60,59,57,44,65,50,53,62,63,64,41,61,62,35,44,40,57,66,63,55,8,6,10,11,13,10,Serie B
M. Mena,Arezzo,República Dominicana,2,"CB, RB",Right,190,20,59,,61,39,47,51,60,64,44,38,67,55,35,47,39,36,53,57,61,61,44,54,48,48,66,59,66,36,66,58,35,34,33,54,56,63,59,11,15,13,6,10,10,Serie B
G. Marco Ferrari,Arezzo,Italia,15,CB,Right,189,34,62,,47,42,50,53,68,64,47,37,68,55,33,49,45,34,57,57,49,46,46,61,49,56,61,56,68,43,67,66,38,45,43,59,68,68,72,13,12,9,10,14,12,Serie B
A. Seculin,Arezzo,Italia,90,GK,Right,185,36,64,,30,19,31,31,22,47,13,12,28,37,18,20,21,22,38,33,30,30,44,56,44,40,54,43,54,15,35,27,14,37,25,43,22,17,18,66,60,54,63,68,43,Serie B
F. Serban,Arezzo,Rumanía,22,GK,Right,205,18,56,,32,15,24,22,17,41,15,10,22,27,10,10,10,10,25,26,32,32,26,51,32,33,45,34,49,11,30,25,10,36,16,37,10,20,10,56,55,49,56,58,28,Serie B
A. Nunziante,Arezzo,Italia,14,GK,Left,193,19,64,,39,25,32,28,23,47,15,16,24,43,18,17,22,18,37,31,38,40,35,53,44,53,54,37,55,21,38,29,14,34,26,43,19,23,18,65,64,58,67,66,40,Serie B
L. Trombini,Arezzo,Italia,1,GK,Right,185,25,62,,36,20,28,29,17,45,18,15,23,32,14,17,12,12,32,33,41,31,36,57,41,42,53,34,52,14,37,24,12,36,20,43,13,16,15,61,66,57,65,63,40,Serie B
F. Tsadjout,LR Vicenza,Italia,74,ST,Left,190,27,65,,71,62,57,61,32,70,59,62,69,55,60,56,59,57,53,67,72,70,57,66,57,63,72,63,75,60,64,28,70,59,67,61,28,28,27,6,7,14,13,6,13,Serie B
S. Merkaj,LR Vicenza,Albania,33,"ST, LW",Left,188,28,64,,66,65,54,63,32,63,54,66,74,57,67,68,62,54,49,60,61,70,56,68,58,66,63,58,67,58,57,27,71,50,64,67,34,23,26,7,15,7,10,15,10,Serie B
F. Alessio,LR Vicenza,Italia,24,"ST, LW",Left,183,21,62,,59,65,56,60,32,62,54,66,69,59,67,59,61,52,48,62,56,61,60,63,58,67,63,60,65,62,58,31,64,59,64,63,29,29,19,12,7,10,13,11,6,Serie B
G. Moncini,LR Vicenza,Italia,11,"ST, CF",Left,183,30,68,,70,71,60,66,35,68,58,73,72,67,69,65,62,55,48,68,64,74,62,67,65,71,67,67,71,64,62,29,75,57,71,68,34,27,33,15,8,11,6,10,11,Serie B
C. Morra,LR Vicenza,Italia,9,ST,Right,187,31,65,,66,67,56,62,31,66,51,68,62,62,67,61,56,52,47,63,66,66,60,70,55,71,70,61,71,62,59,27,74,60,64,62,31,25,25,14,15,9,15,15,15,Serie B
N. Rauti,LR Vicenza,Italia,7,"ST, LW",Right,177,26,63,,66,67,53,67,30,62,49,70,57,56,66,67,58,54,48,67,67,66,67,64,64,67,63,58,63,59,62,28,74,53,68,73,26,28,26,9,9,14,8,13,12,Serie B
A. Pietrelli,LR Vicenza,Italia,99,"LB, LM",Right,192,23,64,,69,53,61,60,64,63,65,53,62,62,49,58,55,45,61,59,67,71,63,71,70,57,61,67,63,49,60,64,53,59,52,56,65,63,68,13,6,11,14,11,10,Serie B
A. Rada,LR Vicenza,Albania,77,CDM,Right,178,27,58,,51,46,54,53,62,60,49,39,47,53,40,53,49,49,62,52,51,51,50,60,60,57,52,61,60,54,61,62,46,56,47,57,65,66,57,11,13,6,13,9,8,Serie B
R. Talarico,LR Vicenza,Italia,44,LM,Left,172,24,62,,71,56,59,64,44,57,61,55,51,59,54,65,62,53,59,64,72,70,66,62,62,58,52,62,54,55,58,40,57,57,57,60,44,45,41,8,13,12,11,9,6,Serie B
F. Costa,LR Vicenza,Italia,32,"LM, RM",Left,176,31,64,,70,58,65,69,46,60,64,57,50,70,55,74,60,59,62,66,66,73,67,67,67,61,56,70,56,57,59,45,62,62,58,62,44,46,48,7,7,8,14,13,14,Serie B
L. Zonta,LR Vicenza,Italia,29,CM,Right,178,29,63,,59,56,65,61,55,62,60,51,59,66,55,57,62,59,65,64,60,59,67,63,56,64,53,64,63,58,58,54,61,69,59,67,52,58,49,11,14,14,10,13,14,Serie B
L. Caferri,LR Vicenza,Italia,28,RM,Right,176,27,63,,69,59,62,64,44,61,65,59,51,65,56,64,68,52,59,60,67,70,71,69,70,62,57,69,61,57,52,41,61,59,53,58,44,44,41,14,11,9,14,9,9,Serie B
G. Pellizzari,LR Vicenza,Italia,26,"CM, CDM",Right,190,22,63,,63,58,62,62,55,65,53,57,50,69,57,62,63,58,59,65,63,63,59,59,57,62,58,65,69,60,56,56,60,60,50,61,53,58,51,14,14,10,14,9,9,Serie B
T. Corazza,LR Vicenza,Italia,21,"LM, LB, RM",Left,174,22,66,,69,60,65,64,45,59,70,61,54,64,58,69,64,57,63,55,68,70,71,63,68,57,49,69,57,62,52,46,64,64,59,61,44,43,46,6,8,11,7,14,12,Serie B
M. Valoti,LR Vicenza,Italia,10,"CM, CAM",Right,181,33,67,,59,63,70,69,59,64,67,64,58,74,52,72,67,63,70,68,60,59,63,64,68,64,57,71,63,63,61,58,66,68,61,70,58,60,59,11,7,9,13,6,12,Serie B
A. Bellemo,LR Vicenza,Italia,8,"CM, CDM",Right,184,31,62,,57,58,62,65,56,63,57,55,57,64,55,63,62,60,62,68,59,56,61,67,61,61,59,66,63,62,61,58,59,63,56,63,57,56,51,9,10,6,11,8,13,Serie B
M. Carraro,LR Vicenza,Italia,4,CM,Right,190,28,66,,63,61,65,67,59,66,66,59,58,66,54,73,68,61,67,64,67,59,60,67,58,63,61,70,67,66,60,63,61,63,58,65,56,58,60,13,7,13,6,12,13,Serie B
A. Papetti,LR Vicenza,Italia,66,"CB, RB",Left,186,24,65,,60,45,54,55,70,69,49,39,68,63,41,51,54,46,56,58,58,61,52,66,56,60,69,68,72,45,63,71,42,46,48,61,71,69,73,7,9,14,8,14,13,Serie B
M. Vescovi,LR Vicenza,Italia,30,CB,Right,188,21,60,,56,37,49,50,62,64,41,34,66,58,39,43,35,41,55,56,55,56,47,63,53,47,62,55,68,36,67,61,35,42,36,60,62,61,63,13,8,12,8,6,12,Serie B
T. Sandon,LR Vicenza,Italia,27,CB,Right,186,23,63,,58,46,48,54,66,65,42,45,64,55,38,45,44,43,53,62,60,56,53,58,55,60,60,61,66,40,69,65,37,41,40,63,67,69,61,10,14,6,8,14,12,Serie B
N. Brighenti,LR Vicenza,Italia,23,CB,Right,178,37,65,,56,48,52,56,69,65,50,42,69,56,41,51,49,49,56,57,55,56,59,67,62,65,62,64,63,47,71,71,44,45,44,67,67,71,65,14,12,11,14,15,7,Serie B
E. Broggian,LR Vicenza,Italia,18,RB,Left,184,17,57,,63,43,52,53,54,56,59,42,53,52,37,49,48,39,52,58,62,63,52,52,59,51,51,56,57,41,53,51,42,50,42,43,56,54,56,15,6,11,10,15,7,Serie B
G. Cuomo,LR Vicenza,Italia,14,CB,Right,190,28,64,,63,41,56,52,67,65,50,36,67,65,35,51,47,44,64,52,60,65,52,57,54,53,71,61,66,40,67,64,39,45,48,62,68,68,64,8,9,13,13,10,15,Serie B
M. Leverbe,LR Vicenza,Francia,6,"CB, RB",Right,188,29,62,,56,41,49,51,65,65,42,31,69,59,36,44,40,44,56,56,55,56,51,58,53,61,65,60,70,46,61,63,35,35,37,59,63,67,64,9,15,6,15,6,8,Serie B
R. Marchizza,LR Vicenza,Italia,5,"LB, CB",Left,187,28,67,,72,50,62,66,65,67,66,45,67,66,47,61,59,54,56,69,74,70,71,68,65,57,62,73,64,56,69,65,54,59,51,65,64,66,67,15,7,10,13,13,12,Serie B
E. Tantalocchi,LR Vicenza,Italia,68,GK,Left,190,22,63,,38,21,34,30,23,46,20,14,19,45,12,18,12,16,34,34,37,38,42,57,46,45,56,44,50,16,38,28,13,40,23,36,22,24,17,63,65,60,66,64,45,Serie B
R. Gagno,LR Vicenza,Italia,16,GK,Right,186,29,67,,44,26,35,35,25,50,26,21,27,39,15,25,20,21,39,39,47,42,40,61,44,50,61,36,60,21,42,30,11,43,24,51,20,26,23,69,65,63,63,68,46,Serie B
F. Bagheria,LR Vicenza,Italia,1,GK,Right,189,25,60,,35,19,28,27,18,45,16,13,19,37,12,18,12,11,31,30,37,33,28,51,39,37,48,37,52,19,37,27,15,29,17,41,16,13,17,62,61,54,61,65,38,Serie B
M. Tumminello,Benevento,Italia,93,ST,Right,180,27,64,,66,68,53,61,29,64,47,69,66,56,63,60,55,50,48,63,68,64,57,65,61,69,66,66,65,63,58,29,70,57,70,68,28,20,25,13,6,12,14,6,14,Serie B
S. Verdi,Benevento,Italia,90,"ST, CF",Right,171,34,65,,61,65,55,67,32,60,55,66,64,58,63,64,55,54,50,70,62,60,69,68,64,66,64,58,62,60,56,27,71,55,62,68,31,28,24,13,7,12,6,14,8,Serie B
G. Mignani,Benevento,Italia,32,RW,Right,183,24,65,,67,61,63,68,37,59,60,58,59,65,60,75,67,63,59,62,69,66,64,63,67,68,59,62,59,61,54,34,67,64,64,59,36,35,32,6,9,12,9,6,12,Serie B
Logan,Benevento,Brasil,30,ST,Right,182,20,59,,64,62,48,61,27,55,47,67,59,50,61,59,50,47,41,65,65,64,56,59,58,59,61,53,59,55,48,23,61,48,64,59,25,23,21,10,7,7,8,11,14,Serie B
D. Okereke,Benevento,Nigeria,29,"ST, CAM",Right,182,29,68,,70,68,60,66,33,70,57,68,63,65,73,65,63,60,47,67,67,73,67,67,65,71,70,62,79,63,59,35,71,63,66,67,31,28,24,10,6,15,12,11,15,Serie B
M. Giugliano,Benevento,Italia,24,LW,Left,173,18,57,,64,55,52,61,29,45,53,54,42,53,55,64,51,51,46,58,65,64,64,53,67,54,47,56,42,56,40,30,57,54,53,50,27,29,23,6,6,13,13,8,13,Serie B
D. Lamesta,Benevento,Italia,11,"RW, RM",Right,170,26,64,,68,61,63,66,33,58,63,60,42,70,57,69,59,62,58,63,63,73,71,61,70,62,52,64,59,66,47,33,66,58,54,60,31,34,28,11,7,10,13,8,7,Serie B
F. Paolo Salvemini,Benevento,Italia,9,ST,Left,185,30,62,,59,64,49,59,31,60,48,68,65,50,60,59,54,54,46,60,60,58,60,58,51,66,62,61,61,54,58,27,69,49,62,66,29,27,24,12,14,10,12,13,6,Serie B
M. Donatiello,Benevento,Italia,80,"LM, RM",Right,172,20,59,,68,52,57,61,37,55,62,52,44,57,50,60,61,54,51,60,72,64,68,62,66,56,50,63,53,49,49,36,54,54,54,61,38,35,37,7,7,10,13,9,10,Serie B
A. Talia,Benevento,Italia,38,CAM,Right,175,23,62,,62,61,63,63,37,56,61,61,51,67,54,65,61,61,59,61,67,57,64,66,68,63,53,59,56,63,52,39,60,64,60,60,35,34,32,9,15,14,15,14,15,Serie B
C. Kouan,Benevento,Costa de Marfil,28,CDM,Right,178,26,65,,61,55,63,61,68,67,61,50,62,67,48,58,54,54,69,64,60,62,59,65,60,64,61,63,70,61,68,69,57,59,47,63,71,67,69,13,10,8,9,11,13,Serie B
R. Romano,Benevento,Italia,25,CM,Right,176,21,63,,56,57,65,65,59,58,61,54,53,65,50,69,64,54,70,63,57,56,59,63,68,62,55,58,57,61,62,61,61,66,55,66,59,62,56,12,15,11,7,13,12,Serie B
E. Schimmenti,Benevento,Italia,21,CAM,Right,172,24,62,,64,62,64,66,33,51,61,62,44,68,55,66,58,66,59,69,61,67,68,59,62,68,54,58,48,59,49,37,62,66,59,62,33,30,19,14,6,12,12,14,11,Serie B
P. Luigi Simonetti,Benevento,Italia,18,RM,Right,170,25,64,,68,58,62,65,45,58,63,53,45,63,54,67,66,58,62,64,72,65,66,63,65,67,55,64,55,61,60,46,66,58,58,61,47,44,40,8,10,15,9,10,11,Serie B
L. Sernicola,Benevento,Italia,17,"RM, RB, LB",Right,188,29,65,,72,62,66,66,46,60,73,64,54,67,53,68,59,56,67,64,73,72,63,72,62,61,57,66,60,63,52,45,62,61,55,63,44,45,45,13,15,13,6,7,7,Serie B
M. Mannini,Benevento,Italia,16,RM,Left,170,20,61,,67,59,61,63,43,53,66,61,49,62,52,63,66,52,57,62,64,70,73,54,67,58,52,63,47,58,55,44,57,57,54,54,43,41,40,7,9,15,12,14,6,Serie B
L. Cherubini,Benevento,Italia,10,"CAM, RW, LW",Right,175,22,70,,73,65,72,75,48,62,67,60,55,75,61,78,71,70,69,72,76,70,74,67,81,70,60,66,61,71,60,50,68,75,71,69,49,45,38,13,8,9,11,14,14,Serie B
M. Maita,Benevento,Italia,8,"CDM, CAM",Right,182,32,65,,56,54,61,62,65,69,52,48,61,66,50,58,56,57,70,66,57,55,65,65,56,65,59,72,69,60,69,65,53,58,55,68,61,70,62,15,13,9,10,14,11,Serie B
A. Siatounis,Benevento,Grecia,6,"CDM, CM",Right,186,24,63,,56,50,60,61,64,64,52,47,64,65,49,58,56,54,64,65,53,58,57,60,57,57,68,68,62,50,63,69,52,61,51,64,60,64,66,12,13,11,11,8,13,Serie B
A. Prisco,Benevento,Italia,4,CDM,Right,180,22,65,,57,54,59,64,65,69,50,47,60,64,42,63,53,57,62,65,56,58,61,60,67,64,62,69,70,62,66,65,59,61,59,69,64,68,68,12,8,9,8,6,13,Serie B
E. Pierozzi,Benevento,Italia,77,RB,Right,182,25,65,,67,55,62,62,63,63,65,54,63,64,51,62,55,50,56,64,71,63,62,63,61,61,59,63,64,52,62,63,54,66,50,57,62,60,71,10,9,12,13,14,6,Serie B
G. Ricci,Benevento,Italia,31,LM,Left,180,30,63,,71,59,62,65,44,61,66,60,52,63,58,65,61,54,57,63,69,72,74,62,70,58,58,74,57,60,55,47,62,64,56,63,44,40,41,13,15,12,9,7,13,Serie B
P. Saio,Benevento,Italia,23,CB,Left,185,23,65,,62,44,51,56,68,69,46,38,66,56,42,54,50,45,58,56,59,65,52,63,56,58,67,60,71,46,74,71,40,42,45,63,68,68,64,9,14,6,9,9,9,Serie B
P. Beruatto,Benevento,Italia,20,"CB, LB, LM",Right,184,27,66,,57,43,50,55,68,71,47,37,68,55,40,52,49,45,58,56,56,57,55,60,60,59,67,69,71,43,74,68,38,41,45,67,68,69,67,11,9,10,6,8,11,Serie B
C. Dalle Mura,Benevento,Italia,15,CB,Right,185,24,64,,58,45,51,53,65,65,48,41,65,60,38,50,43,39,56,53,59,57,50,65,54,64,68,60,66,39,67,65,43,40,43,66,66,65,61,9,14,14,7,12,7,Serie B
S. Scognamillo,Benevento,Italia,14,"CB, RB",Right,183,32,64,,54,47,53,54,67,63,52,41,64,58,42,50,43,46,57,55,58,50,59,62,54,62,70,63,63,48,63,68,37,46,45,62,67,66,72,6,12,7,12,12,11,Serie B
R. Celia,Benevento,Italia,13,LM,Right,180,27,61,,66,56,59,63,42,56,62,54,51,59,50,61,58,52,56,65,66,66,66,60,59,57,53,60,55,59,52,41,62,59,55,62,45,39,34,14,13,10,8,8,11,Serie B
L. Caldirola,Benevento,Italia,5,"CB, CDM",Right,189,35,63,,52,44,53,52,66,67,47,38,61,64,41,47,42,44,53,54,56,48,51,61,54,60,66,61,68,45,70,66,34,43,43,62,65,69,69,7,8,7,12,10,11,Serie B
A. Sylla,Benevento,Senegal,96,GK,Right,195,23,60,,38,18,28,24,17,44,16,10,18,33,10,15,14,13,38,24,40,37,32,51,43,44,41,39,51,12,36,24,11,32,22,42,12,17,18,62,60,52,60,61,37,Serie B
G. Vannucchi,Benevento,Italia,26,GK,Right,182,31,68,,40,23,35,36,26,51,23,16,25,38,23,24,22,24,37,40,41,39,43,65,45,45,54,47,57,19,41,35,18,45,28,49,29,18,21,67,67,61,65,73,49,Serie B
M. Esposito,Benevento,Italia,22,GK,Right,193,21,60,,38,17,27,28,19,42,19,13,21,32,13,17,20,14,25,31,38,38,33,62,43,36,51,34,48,10,35,24,11,33,22,40,20,16,14,60,60,55,54,58,37,Serie B
V. Vlahović,Mantova,Serbia,99,ST,Right,184,22,68,,68,69,59,64,35,67,50,70,69,66,69,66,64,58,54,59,66,70,67,77,61,70,66,64,71,63,60,32,73,59,68,67,33,31,26,6,13,9,15,8,7,Serie B
F. Chinetti,Mantova,Italia,71,CAM,Left,171,20,61,,65,59,63,63,33,50,59,57,42,66,57,62,67,59,60,63,67,64,62,61,70,60,49,55,49,61,49,37,60,66,58,62,33,28,30,15,15,15,13,15,15,Serie B
M. Bellini,Mantova,Italia,32,"LW, ST",Left,180,18,58,,67,56,56,60,26,52,60,59,48,57,54,62,56,52,49,58,69,66,62,52,62,52,53,61,48,51,48,25,62,57,57,56,24,24,21,15,11,7,15,6,6,Serie B
I. Cajazzo,Mantova,Francia,11,RB,Right,180,22,60,,62,48,57,56,58,58,63,45,54,64,41,54,53,44,48,57,64,61,61,56,59,54,57,67,55,52,57,56,55,51,43,53,61,55,62,11,9,8,15,6,11,Serie B
E. Gliozzi,Mantova,Italia,9,"ST, LW",Right,180,31,68,,68,72,60,66,36,66,54,75,65,65,70,64,63,58,48,68,67,68,62,76,65,74,69,60,69,67,64,31,71,64,69,69,36,30,30,10,15,14,8,12,13,Serie B
M. Spinaccè,Mantova,Italia,7,ST,Left,186,20,65,,69,66,58,64,33,63,59,68,66,62,67,61,59,48,49,69,66,71,61,62,60,68,69,58,65,60,62,30,66,59,63,60,25,35,24,11,8,15,11,11,6,Serie B
R. Kouda,Mantova,Burkina Faso,80,"CDM, CM, CAM",Right,188,24,70,Burkina Faso,61,58,67,64,72,74,65,52,66,70,56,63,61,66,70,63,59,63,60,71,62,66,69,74,76,65,71,74,59,63,60,76,72,73,76,13,7,8,9,8,13,Serie B
F. Benaïssa-Yahia,Mantova,Francia,50,"LB, RB",Left,188,24,60,,65,45,54,60,58,61,64,40,59,54,47,58,53,48,49,63,64,66,58,60,60,55,60,66,58,46,64,55,46,52,43,60,55,61,60,8,10,11,6,14,11,Serie B
Jonathan Silva,Mantova,Brasil,41,"RB, RM",Right,186,22,63,,65,50,58,62,62,64,67,47,53,57,46,64,57,48,62,63,63,66,55,57,61,55,59,68,63,53,62,63,53,50,47,57,64,62,64,9,9,10,10,15,10,Serie B
S. Baraldi,Mantova,Italia,31,CAM,Right,173,19,59,,63,55,60,61,31,53,61,52,43,59,58,67,63,57,57,54,60,66,64,58,59,59,51,67,48,55,49,33,67,62,59,56,33,25,29,12,9,14,15,9,7,Serie B
D. Bragantini,Mantova,Italia,30,"CAM, RW",Right,179,23,68,,69,66,69,71,38,58,66,63,56,72,62,71,73,65,68,73,72,66,69,68,70,68,55,66,56,72,53,36,72,67,66,73,33,39,38,9,7,6,8,9,12,Serie B
L. Ignacchiti,Mantova,Italia,25,"CDM, CM",Left,184,22,67,,58,58,64,63,68,68,61,52,63,69,50,63,58,57,65,63,56,60,58,71,65,65,63,73,65,65,71,76,59,61,61,66,68,65,64,15,14,15,13,8,10,Serie B
S. Trimboli,Mantova,Italia,21,"CDM, CM, CAM",Right,170,24,69,,59,61,64,64,67,73,58,58,64,66,53,62,61,66,68,65,58,59,61,70,72,65,64,81,69,65,73,68,60,65,59,69,65,70,65,14,8,6,8,9,7,Serie B
F. Paoletti,Mantova,Italia,20,"CDM, CM, CB",Right,182,23,65,,59,55,61,59,65,64,55,50,64,65,47,56,54,55,66,62,57,60,57,64,59,62,63,67,64,61,62,66,61,61,53,62,69,63,58,6,11,13,12,12,10,Serie B
F. Ruocco,Mantova,Italia,19,"CAM, LW",Right,170,25,68,,71,68,67,69,41,59,60,69,55,69,64,68,70,65,62,70,75,68,73,68,71,67,50,62,57,70,62,44,67,73,59,70,41,37,35,14,7,12,12,12,12,Serie B
S. Keita,Mantova,Francia,18,CM,Right,178,25,65,,62,58,66,65,57,65,63,51,59,68,58,63,62,57,73,67,61,62,66,67,62,64,53,73,65,66,60,62,70,63,61,64,57,55,54,12,11,7,10,6,9,Serie B
N. Radaelli,Mantova,Italia,17,"RB, RM",Right,189,23,63,,71,49,58,58,60,66,65,47,52,60,42,56,55,43,58,58,70,72,59,54,63,56,68,68,69,50,57,58,51,52,45,62,57,66,61,11,10,13,7,13,9,Serie B
D. Wieser,Mantova,Italia,10,"CDM, CM",Right,182,24,61,,59,52,60,58,63,65,54,46,55,62,49,57,55,51,60,61,61,57,52,62,53,60,57,66,65,57,64,63,54,64,51,63,61,69,55,6,10,6,9,9,8,Serie B
R. Ilie,Mantova,Rumanía,8,CAM,Right,183,23,65,,70,66,66,69,41,56,66,66,51,63,66,70,66,66,70,72,72,68,62,59,63,65,55,60,55,67,53,45,60,66,62,66,41,36,35,6,11,14,13,11,8,Serie B
J. Longonda,Mantova,Bélgica,6,CDM,Right,186,24,63,,59,54,59,58,63,69,50,49,56,65,46,57,57,51,64,60,59,59,52,60,56,67,60,67,72,55,66,65,52,57,52,58,64,65,59,12,13,15,13,10,11,Serie B
G. Fedel,Mantova,Italia,3,LB,Right,171,24,64,,70,51,60,62,62,63,59,51,59,64,52,58,50,47,63,62,68,71,70,64,76,54,64,71,59,49,65,58,54,56,51,66,63,66,61,14,11,8,8,9,8,Serie B
F. Vesentini,Mantova,Italia,80,"CB, RB",Right,190,24,63,,58,44,51,53,67,67,49,37,67,54,40,44,37,46,56,61,52,62,49,61,53,58,68,58,71,48,67,60,41,49,46,61,70,69,66,13,15,13,12,11,12,Serie B
E. Košpo,Mantova,Bosnia-Herzegovina,75,"CB, CDM",Right,191,19,65,,67,48,51,56,68,67,48,44,69,58,42,52,36,47,56,59,68,66,53,58,60,61,67,58,70,46,69,64,39,43,46,63,68,72,66,12,6,14,12,12,9,Serie B
T. Del Lungo,Mantova,Italia,58,"CB, RB",Left,186,22,59,,56,38,48,48,62,63,47,33,63,56,39,42,39,42,52,52,51,60,53,58,48,51,56,60,67,38,58,65,35,37,34,55,57,66,61,7,14,13,11,12,9,Serie B
C. Marai,Mantova,Italia,33,LB,Right,176,18,58,,65,43,54,50,56,58,55,38,46,59,43,46,47,43,52,48,66,64,65,53,59,53,51,65,57,42,56,53,52,50,52,51,56,60,57,7,14,14,11,8,14,Serie B
S. Cella,Mantova,Italia,29,CB,Right,185,25,67,,65,48,56,59,72,69,55,46,70,63,40,54,51,48,58,63,67,63,57,67,64,64,74,62,74,42,65,72,40,45,39,68,74,70,73,10,12,7,13,13,8,Serie B
A. Castellini,Mantova,Italia,27,CB,Right,185,23,69,,63,49,56,58,73,72,48,46,74,66,48,54,55,52,61,60,63,63,62,67,64,59,71,62,77,46,74,72,40,44,50,63,74,74,69,8,13,12,9,11,12,Serie B
A. Meroni,Mantova,Italia,13,CB,Right,188,29,65,,64,45,53,53,70,70,48,41,69,61,41,47,45,42,59,57,61,66,54,62,52,60,70,66,71,42,73,73,38,43,45,61,70,69,64,8,13,15,13,11,12,Serie B
B. Tomašević,Mantova,Montenegro,5,CB,Right,191,20,61,Montenegro,59,39,48,48,64,64,43,33,65,58,36,43,40,42,54,51,58,60,49,58,46,58,65,55,67,38,67,63,27,36,42,58,64,67,58,6,9,11,9,14,11,Serie B
E. Panizzi,Mantova,Italia,2,"LB, RB",Right,176,32,63,,63,47,57,60,60,60,63,44,54,57,40,59,55,45,58,60,67,59,65,59,63,50,59,63,56,51,65,60,52,54,47,64,57,63,66,15,10,15,14,13,11,Serie B
F. Bardi,Mantova,Italia,22,GK,Right,187,34,66,,36,27,34,34,23,48,21,22,27,40,21,23,27,20,35,36,38,35,42,66,45,50,54,39,54,20,43,26,17,43,24,45,25,17,21,66,69,58,67,70,45,Serie B
M. Gasparini,Mantova,Italia,12,GK,Right,195,24,61,,33,19,28,25,20,46,10,10,21,34,12,10,16,10,30,30,33,33,35,59,43,40,53,39,52,22,37,30,10,40,20,45,18,18,15,61,63,56,60,61,37,Serie B
L. Gemello,Mantova,Italia,1,GK,Right,185,26,64,,37,19,31,31,21,47,17,10,23,38,14,19,20,20,34,34,39,35,40,64,43,44,46,41,51,16,43,32,14,36,29,43,18,16,17,64,67,61,64,67,45,Serie B
A. Favilli,Avellino,Italia,99,ST,Left,191,29,62,,65,60,54,57,28,60,53,61,68,58,63,54,54,52,47,60,64,65,59,64,54,62,64,60,61,53,57,22,59,53,60,61,24,26,18,8,15,9,7,8,6,Serie B
S. Di Paolo,Avellino,Italia,77,ST,Right,183,19,62,,66,63,50,63,28,60,49,63,61,51,63,61,49,53,48,66,66,66,62,62,60,68,64,58,62,59,57,31,68,52,59,60,26,20,23,6,15,8,8,9,12,Serie B
T. Biasci,Avellino,Italia,14,"ST, CAM",Right,180,31,67,,67,67,55,64,32,65,53,66,65,56,70,60,57,60,53,67,65,68,64,67,61,66,70,61,68,67,63,32,78,57,70,70,28,27,25,9,15,9,9,13,10,Serie B
D. Fila,Avellino,Chequia,11,ST,Left,190,24,69,,69,74,58,69,36,68,56,78,69,59,70,70,66,58,52,68,66,71,68,71,69,72,69,64,74,67,57,41,80,59,69,72,27,32,29,15,11,10,7,6,12,Serie B
R. Russo,Avellino,Italia,10,"ST, CAM",Right,171,27,63,,66,65,52,62,28,56,48,68,58,58,62,62,59,53,45,62,62,69,63,70,60,63,56,56,56,59,54,25,68,48,65,64,23,25,24,6,6,12,13,12,12,Serie B
W. Cheddira,Avellino,Marruecos,9,ST,Right,187,28,69,,67,69,60,70,33,71,57,70,70,64,68,70,57,60,55,73,70,65,64,64,65,69,71,64,77,67,65,31,66,59,72,69,30,27,27,11,6,15,6,10,12,Serie B
L. Pandolfi,Avellino,Italia,7,ST,Left,186,28,63,,65,65,54,62,30,64,53,69,64,58,58,59,58,52,45,69,66,64,57,58,59,60,71,62,68,61,57,27,70,52,62,63,31,24,19,15,6,6,13,14,11,Serie B
M. Besaggio,Avellino,Italia,39,"CDM, CM",Right,181,24,64,,57,58,61,60,66,68,54,56,60,66,48,56,58,51,61,65,58,56,62,63,55,68,59,69,69,57,68,69,52,62,56,63,68,64,61,12,8,15,6,9,8,Serie B
E. Adamo,Avellino,Italia,30,"LM, CM, RM",Right,177,28,62,,68,57,61,62,43,58,61,57,52,61,51,64,62,60,57,56,69,67,67,66,70,54,50,64,55,60,60,45,59,63,62,59,41,42,40,7,6,9,11,8,8,Serie B
B. Moruzzi,Avellino,Italia,27,"LB, LM",Left,184,22,65,,67,51,59,64,62,64,65,49,60,60,52,66,60,52,61,61,65,69,68,66,61,56,66,72,64,49,56,58,49,52,53,64,63,63,63,13,7,9,6,11,6,Serie B
D. Sounas,Avellino,Grecia,24,"CDM, CM",Right,177,32,63,,52,53,63,57,64,66,57,48,61,68,47,53,58,51,66,58,51,53,59,67,60,60,61,73,64,58,66,59,55,61,49,66,65,67,63,6,9,6,9,9,13,Serie B
M. Palumbo,Avellino,Noruega,20,"CAM, CM, CDM",Right,183,24,68,,67,67,72,70,40,60,68,65,53,73,65,66,74,75,67,75,65,68,66,68,68,70,55,63,62,67,52,41,67,75,67,72,36,42,34,14,7,14,13,12,15,Serie B
T. Berenbruch,Avellino,Italia,18,CM,Right,176,21,65,,63,61,66,64,56,64,65,57,57,68,48,61,62,56,64,65,60,66,68,66,65,70,52,68,63,65,67,56,57,67,61,64,52,60,53,14,8,10,15,8,12,Serie B
G. Faticanti,Avellino,Italia,16,"CM, CAM",Right,186,22,68,,69,64,70,68,59,70,66,63,63,71,61,72,67,60,75,66,70,68,67,66,66,65,66,70,73,69,64,59,64,71,59,66,56,62,57,9,10,15,6,9,12,Serie B
L. Di Maggio,Avellino,Italia,8,CM,Right,174,21,63,,62,58,63,67,53,60,63,55,52,63,56,65,61,54,65,68,61,62,72,61,67,62,53,69,55,62,65,54,60,63,55,63,55,52,51,7,12,8,15,11,13,Serie B
L. Palmiero,Avellino,Italia,6,"CDM, CM",Left,177,30,65,,60,54,63,59,66,66,50,51,62,70,47,52,55,55,68,65,58,61,61,60,60,55,62,69,62,59,72,69,60,64,55,66,66,64,66,13,9,6,13,10,7,Serie B
M. Sala,Avellino,Italia,3,"LM, LB",Left,182,27,62,,67,55,61,63,44,58,61,51,52,62,50,62,61,52,60,62,68,67,72,61,61,64,51,67,54,57,59,45,58,61,53,55,45,39,44,12,13,6,9,9,12,Serie B
F. Missori,Avellino,Italia,2,"RM, RB, LB",Right,182,22,66,,68,61,65,68,48,63,64,62,54,66,52,69,73,55,67,69,66,70,69,66,63,63,62,72,59,59,62,47,62,64,60,64,49,46,50,14,7,11,12,15,11,Serie B
U. Volpe,Avellino,Italia,60,LB,Left,170,20,57,,63,40,55,57,53,53,59,33,49,58,42,54,46,47,55,59,64,63,62,56,62,51,54,58,50,42,53,55,47,49,45,49,56,52,50,14,11,6,9,10,10,Serie B
A. Aloisi,Avellino,Italia,59,LB,Left,172,18,58,,67,43,54,52,57,57,58,40,45,56,43,48,52,43,52,52,67,67,66,52,58,49,54,61,52,43,63,59,49,50,47,56,59,55,62,14,9,15,12,14,13,Serie B
C. Mellino,Avellino,Italia,58,CB,Right,183,20,58,,57,37,45,49,60,56,36,31,58,56,34,46,37,39,44,52,58,56,48,49,48,53,58,54,57,36,58,60,31,40,37,54,60,60,64,7,10,8,9,11,12,Serie B
P. Enrici,Avellino,Italia,56,"CB, CDM",Left,183,25,64,,60,43,52,52,68,69,50,38,64,58,38,43,44,41,58,58,64,56,55,63,56,57,69,61,72,44,70,70,38,46,43,59,70,67,66,13,13,9,12,13,13,Serie B
L. Šimić,Avellino,Croacia,44,"CB, CDM",Right,190,30,63,,52,44,51,50,66,69,47,36,69,57,35,45,43,42,55,53,47,56,48,61,52,64,68,64,74,43,64,68,42,44,43,59,65,66,58,15,14,8,8,11,13,Serie B
T. Cancellotti,Avellino,Italia,29,"RB, CB, RM",Right,181,34,67,,67,52,64,62,66,66,66,47,56,68,50,59,57,56,64,64,66,67,65,67,59,59,62,72,64,54,67,63,57,57,54,66,71,67,64,7,12,11,9,11,10,Serie B
M. Venturi,Avellino,Italia,23,CB,Right,193,27,60,,54,41,48,48,61,61,45,35,66,55,33,41,42,41,50,52,48,58,50,57,50,55,65,57,65,45,57,59,37,41,42,54,62,62,58,8,13,8,13,13,7,Serie B
A. Di Bitonto,Avellino,Italia,5,LB,Right,179,20,61,,67,45,54,57,59,63,62,41,52,55,48,57,54,52,49,54,66,68,68,56,69,51,59,63,65,47,57,60,51,49,41,52,62,57,63,6,15,11,14,7,8,Serie B
A. Izzo,Avellino,Italia,4,"CB, CDM",Right,183,34,70,,60,49,58,60,74,73,57,43,72,64,46,55,52,51,62,62,65,55,59,73,65,65,70,67,76,49,72,74,46,51,47,65,75,73,73,12,14,13,12,14,10,Serie B
T. Martinelli,Avellino,Italia,50,GK,Left,194,20,70,,48,27,38,36,29,54,26,24,34,42,20,26,29,31,41,37,49,48,43,61,52,45,58,48,59,19,46,36,19,43,31,49,27,25,30,71,70,61,71,73,50,Serie B
J. Sassi,Avellino,Italia,22,GK,Right,194,23,62,,36,18,30,29,20,50,12,10,22,38,12,20,13,17,34,31,37,36,32,62,43,41,48,38,61,17,39,26,10,40,23,42,17,19,21,62,60,55,61,63,41,Serie B
A. Iannarilli,Avellino,Italia,1,GK,Left,186,35,68,,39,27,39,37,23,49,22,21,29,47,14,27,22,23,39,38,38,39,46,68,46,47,63,42,55,28,39,29,19,48,25,48,20,22,20,65,68,63,65,73,43,Serie B
G. Arditi,Catanzaro,Italia,91,"ST, CF",Right,180,19,62,,68,61,53,61,27,61,54,60,64,56,64,62,53,54,48,60,70,67,59,58,62,64,64,55,66,59,56,24,61,52,57,58,21,23,24,13,12,10,12,13,14,Serie B
E. Pecorino,Catanzaro,Italia,31,ST,Right,192,25,63,,62,65,53,63,30,65,50,66,68,57,59,65,55,56,49,64,64,61,59,60,56,64,66,60,71,64,54,25,67,50,63,67,24,30,24,7,7,9,9,7,9,Serie B
F. Tchaouna,Catanzaro,Chad,28,ST,Left,167,21,58,,60,60,47,57,26,53,44,62,54,47,60,53,49,51,41,58,58,62,63,56,62,60,50,51,56,53,51,21,58,55,64,58,26,21,18,10,6,11,11,10,6,Serie B
N. Koffi,Catanzaro,Costa de Marfil,19,ST,Left,188,24,62,,65,64,52,60,28,62,50,67,66,54,56,61,54,54,49,62,61,69,55,60,56,65,58,60,67,58,54,27,66,53,66,61,24,23,21,11,6,6,15,7,8,Serie B
A. Garnica,Catanzaro,Argentina,18,"LW, LM",Right,187,22,59,,67,57,56,58,29,54,54,58,47,58,56,54,56,50,54,61,69,66,60,58,57,58,50,62,55,51,41,32,61,57,56,58,31,23,21,12,12,7,9,10,13,Serie B
P. Iemmello,Catanzaro,Italia,9,"CAM, ST",Right,179,34,68,,62,69,70,70,41,60,66,65,59,72,65,72,69,66,68,67,65,60,76,71,68,73,60,64,60,75,56,44,65,74,72,69,37,38,36,15,7,14,7,14,11,Serie B
S. Loubao,Catanzaro,Francia,2,ST,Right,181,20,59,,66,60,49,56,25,57,48,61,58,50,57,55,56,46,47,58,62,69,55,55,58,64,56,55,59,56,55,20,63,47,58,58,23,24,13,6,8,10,6,8,14,Serie B
A. Pogacar,Catanzaro,Eslovenia,8,ST,Right,187,24,58,,55,63,50,60,25,58,45,68,56,56,51,59,50,49,40,61,53,56,59,64,55,63,61,53,63,56,49,22,65,51,64,60,26,18,19,10,6,14,6,7,14,Serie B
N. Mosti,Catanzaro,Italia,98,"CM, CDM, CAM",Right,177,28,65,,61,59,65,64,57,65,61,56,51,64,55,64,67,56,72,62,65,57,63,67,67,60,58,66,66,66,64,56,59,65,60,66,58,61,51,12,15,8,14,7,14,Serie B
M. Dorval,Catanzaro,Argelia,93,"LB, LM, RB",Left,176,25,70,,71,54,68,67,69,68,73,46,63,67,48,67,65,59,66,65,68,73,68,63,76,69,67,67,69,58,66,74,57,67,52,68,70,68,66,7,8,10,11,7,12,Serie B
F. Reita,Catanzaro,Italia,80,CM,Left,176,17,56,,54,51,57,56,44,50,55,50,47,62,44,52,54,47,57,62,51,57,53,56,57,52,49,57,47,51,48,49,56,53,52,54,39,43,44,14,9,12,15,13,13,Serie B
M. D'Alessandro,Catanzaro,Italia,77,"LB, LM",Left,173,35,69,,71,54,66,65,68,66,71,49,60,68,50,60,63,60,64,65,74,68,75,70,77,64,63,76,60,55,71,68,57,63,58,69,70,69,68,6,13,11,13,15,11,Serie B
R. Frosinini,Catanzaro,Italia,62,"CB, RB",Right,189,25,65,,61,44,52,53,70,70,55,35,63,57,43,48,44,44,52,54,60,61,54,64,56,60,66,64,74,50,68,67,41,42,45,61,73,71,68,13,11,7,8,8,6,Serie B
G. Alesi,Catanzaro,Italia,30,"LB, CAM",Right,175,22,66,,74,53,59,62,63,70,66,52,56,59,45,60,60,45,61,60,71,76,70,72,73,58,64,71,70,52,69,57,52,54,49,62,68,64,63,15,11,14,11,10,8,Serie B
F. Di Francesco,Catanzaro,Italia,29,"LB, RB",Left,175,32,65,,68,51,63,63,61,67,66,46,53,67,47,64,53,50,62,57,73,64,70,65,72,62,60,74,66,51,63,61,58,60,48,69,58,65,65,14,7,9,15,14,11,Serie B
A. Candela,Catanzaro,Italia,27,"RM, RB, RW",Right,185,26,64,,68,60,64,63,44,60,72,60,54,65,52,59,58,61,56,67,69,68,62,66,64,59,60,68,60,62,51,51,60,61,60,58,39,42,42,14,6,7,7,7,9,Serie B
F. Tchaouna,Catanzaro,Chad,25,CM,Right,181,21,59,,55,54,60,61,52,58,57,53,50,61,50,62,55,53,59,62,56,54,55,57,62,56,52,61,59,57,52,56,54,64,56,65,50,53,48,13,12,10,13,7,14,Serie B
F. Cassa,Catanzaro,Italia,21,CAM,Left,165,20,60,,65,61,62,65,33,50,60,62,40,60,58,67,70,58,65,65,65,65,67,55,67,60,47,53,51,63,43,36,59,63,58,57,32,31,28,9,9,11,7,13,14,Serie B
S. Pafundi,Catanzaro,Italia,20,"CAM, ST",Left,166,20,70,,71,72,71,74,42,59,69,70,53,73,70,72,67,68,70,76,72,70,76,69,77,75,58,67,54,75,60,45,76,73,68,71,42,37,41,15,7,15,8,8,9,Serie B
S. Giovane,Catanzaro,Italia,14,CDM,Right,178,23,67,,62,58,64,61,67,70,55,54,60,74,53,58,57,61,65,62,62,62,60,67,64,68,71,67,70,57,73,70,55,59,57,68,64,71,65,15,7,9,9,12,8,Serie B
J. Petriccione,Catanzaro,Italia,10,"CDM, CM",Right,186,31,64,,57,54,62,58,67,69,63,48,63,65,51,54,57,49,58,60,60,55,56,67,58,65,64,70,69,55,70,69,58,64,50,65,66,68,64,9,7,7,9,7,14,Serie B
N. Buso,Catanzaro,Italia,7,CAM,Right,177,26,65,,66,62,66,68,39,56,68,59,47,67,65,66,69,64,60,71,69,64,69,63,74,64,54,64,53,65,52,46,69,68,60,68,41,31,31,7,8,10,14,10,14,Serie B
B. Verrengia,Catanzaro,Italia,26,CB,Right,186,23,62,,57,41,50,54,67,63,48,35,67,55,38,48,45,48,57,59,56,57,56,60,53,55,64,63,61,40,70,67,38,42,41,57,63,69,72,14,6,12,7,6,13,Serie B
M. Ruggero,Catanzaro,Italia,24,"CB, CDM",Right,189,26,63,,63,43,51,50,65,68,48,39,65,56,35,45,40,38,56,55,61,64,46,55,46,54,70,61,71,42,67,70,40,46,42,64,59,67,68,14,13,14,13,14,6,Serie B
N. Postiglione,Catanzaro,Italia,6,"CB, CDM",Right,190,21,66,,63,44,57,54,70,66,57,37,71,64,41,53,47,46,61,50,61,65,56,67,56,58,72,62,69,50,64,72,36,45,42,65,68,71,65,10,12,9,13,13,12,Serie B
Matias Antonini Lui,Catanzaro,Brasil,4,CB,Left,192,28,66,,62,48,55,55,71,69,51,42,70,61,38,51,47,47,57,58,59,64,53,62,49,61,71,61,75,50,65,71,45,49,51,62,70,72,72,12,9,6,8,6,14,Serie B
M. Imperiale,Catanzaro,Italia,3,CB,Right,181,27,66,,61,46,53,57,70,70,53,42,65,57,36,55,44,51,57,56,57,64,54,66,62,62,64,67,71,45,73,76,44,45,43,67,71,68,71,12,13,14,6,7,13,Serie B
R. Tassoni,Catanzaro,Italia,16,RB,Left,175,19,58,,64,40,53,55,54,53,62,35,50,55,45,55,48,44,50,55,63,64,58,55,62,49,54,64,46,39,56,54,45,45,46,46,53,54,59,7,14,7,15,7,12,Serie B
M. Piras,Catanzaro,Italia,5,CB,Right,190,22,59,,50,40,46,52,62,60,43,35,64,53,33,47,34,39,48,58,48,51,48,61,49,55,67,51,63,39,62,62,31,38,39,60,62,62,62,9,9,9,10,10,13,Serie B
E. Borrelli,Catanzaro,Italia,99,GK,Right,187,22,60,,37,19,28,29,14,43,15,10,17,33,10,16,14,14,29,36,34,40,31,58,37,42,52,35,50,17,35,18,13,37,23,44,11,15,12,64,58,56,63,62,37,Serie B
M. Pigliacelli,Catanzaro,Italia,22,GK,Right,184,33,68,,37,24,39,36,29,53,23,16,32,46,17,27,27,23,45,38,36,38,43,61,47,48,57,47,60,20,44,38,17,46,34,51,27,26,26,68,67,67,64,70,47,Serie B
C. Marietta,Catanzaro,Italia,1,GK,Right,195,24,62,,32,19,31,29,21,45,18,11,19,37,10,14,12,18,40,35,33,31,41,61,43,42,54,40,51,17,34,26,10,37,23,43,20,20,19,60,64,57,61,65,44,Serie B
F. Bonazzoli,Cremonese,Italia,90,"ST, CF",Left,186,29,71,,73,72,62,70,37,69,57,72,69,65,69,71,64,65,59,69,72,74,73,74,64,73,72,66,72,69,64,35,75,62,70,72,31,35,32,10,15,8,12,12,15,Serie B
G. Herzuah,Cremonese,Ghana,26,ST,Right,175,18,57,,60,58,47,58,23,53,44,59,57,48,54,59,56,44,44,59,63,58,54,59,57,56,50,52,54,56,51,22,65,48,58,53,21,17,16,12,15,10,11,8,14,Serie B
M. Nasti,Cremonese,Italia,19,"ST, CAM",Left,179,23,69,,72,70,58,68,36,63,53,70,71,65,63,69,61,57,53,65,66,77,68,65,67,74,67,58,68,66,56,30,72,56,71,75,36,27,37,7,15,7,10,7,13,Serie B
M. Collocolo,Cremonese,Italia,18,"RW, RM",Right,188,26,67,,73,66,68,70,35,62,73,64,57,71,61,70,65,65,57,70,70,75,70,71,65,73,60,72,61,66,53,40,70,68,64,65,28,35,28,9,6,10,15,6,15,Serie B
M. Djuric,Cremonese,Bosnia-Herzegovina,11,ST,Right,198,36,70,,66,71,61,66,41,70,60,73,82,64,69,64,56,59,56,68,67,66,61,78,55,71,82,61,76,68,65,43,73,61,71,77,39,32,31,9,12,13,15,9,8,Serie B
A. Ličina,Cremonese,Alemania,10,RW,Right,172,19,64,,78,61,63,66,34,57,65,64,52,66,58,69,64,58,56,64,77,78,67,57,66,59,56,60,56,56,55,36,66,64,57,59,32,32,25,11,8,6,6,15,15,Serie B
M. De Luca,Cremonese,Italia,9,ST,Right,190,28,68,,68,68,57,69,34,70,55,69,75,61,67,71,54,58,50,67,63,72,64,71,66,73,71,66,75,62,62,31,75,57,65,71,31,29,28,12,14,7,9,8,11,Serie B
D. Stückler,Cremonese,Dinamarca,7,"ST, LW",Right,189,21,64,,64,64,55,64,33,62,51,63,68,60,60,65,60,56,48,65,65,63,62,64,56,71,64,58,66,60,59,32,70,55,65,60,33,25,23,8,12,14,14,10,10,Serie B
N. Faye,Cremonese,Italia,31,RW,Left,176,19,60,,66,59,58,65,28,54,62,59,44,57,55,66,62,59,54,66,73,61,69,55,65,62,49,59,53,57,49,36,65,58,58,53,23,23,23,11,11,14,13,8,9,Serie B
S. Elia,Cremonese,Italia,71,"RB, LM, RM",Right,183,27,67,,70,52,65,65,64,65,68,47,61,66,58,64,63,54,70,65,68,71,67,68,69,59,65,69,64,55,62,65,50,61,46,59,63,64,68,11,14,6,6,14,13,Serie B
A. Grassi,Cremonese,Italia,33,CM,Right,180,31,70,,66,63,71,69,64,69,70,58,62,75,57,66,63,61,71,70,64,67,73,74,67,69,61,77,68,66,63,68,68,71,71,70,63,64,65,8,6,14,12,13,13,Serie B
J. Vandeputte,Cremonese,Bélgica,27,"CM, LM, LW",Right,175,30,73,,68,67,74,73,65,73,69,64,61,80,67,74,73,64,73,71,69,68,75,72,73,76,66,78,71,67,72,64,64,71,66,74,66,68,63,15,13,7,9,9,12,Serie B
D. Lordkipanidze,Cremonese,Georgia,25,"CDM, CM",Right,186,21,59,,55,50,54,55,62,61,49,46,57,60,44,51,45,50,56,59,54,56,53,61,59,57,59,62,60,56,65,62,47,52,53,62,64,60,63,14,13,15,8,13,8,Serie B
R. Barros Cabezas,Cremonese,Italia,24,"RM, RW",Left,191,17,57,,65,52,55,58,39,56,61,52,46,50,49,59,61,51,53,58,66,64,57,59,52,48,50,64,58,54,45,39,56,61,51,50,38,38,34,6,15,8,6,12,8,Serie B
S. Pontisso,Cremonese,Italia,20,"CDM, CM",Right,178,29,69,,65,58,68,64,70,71,58,55,65,71,55,59,66,57,75,68,62,68,62,72,63,62,61,72,69,60,76,66,58,72,61,69,71,73,74,7,13,8,10,7,9,Serie B
A. Lickūnas,Cremonese,Lituania,17,"RM, RW",Right,175,20,58,,63,54,57,59,41,52,60,51,42,58,51,59,57,56,56,58,64,62,65,50,66,63,48,62,46,53,53,41,55,53,52,47,45,38,37,10,11,13,9,13,13,Serie B
F. Gerli,Cremonese,Italia,16,"CM, CDM",Right,173,29,66,,63,63,66,69,59,63,62,63,55,70,51,69,62,63,65,70,64,63,68,61,66,65,53,68,62,64,60,62,61,67,56,68,59,60,51,11,9,10,6,14,12,Serie B
T. Berti,Cremonese,Italia,14,"CM, CAM",Left,171,22,71,,65,64,73,69,64,68,73,59,63,72,61,69,67,67,80,70,67,64,69,71,64,70,59,72,69,69,65,68,67,74,69,69,63,63,60,12,6,10,13,8,14,Serie B
S. Lottici Tessadri,Cremonese,Italia,8,"CDM, CB",Left,176,20,60,,56,50,59,56,63,61,48,44,58,67,39,51,51,48,57,60,57,56,62,56,54,58,54,62,62,59,58,62,53,60,49,56,62,65,66,14,11,6,11,15,15,Serie B
T. Barbieri,Cremonese,Italia,4,RM,Left,181,24,74,,78,70,75,76,53,70,76,71,62,79,57,79,70,68,70,75,79,78,75,74,77,72,67,73,70,68,67,51,73,75,70,70,54,48,56,12,8,9,10,10,9,Serie B
G. Pezzella,Cremonese,Italia,3,"LM, LB",Left,185,28,68,,76,62,67,69,49,64,72,63,55,68,57,66,72,59,59,73,74,77,71,64,67,63,60,74,62,60,59,48,68,65,60,63,49,47,53,10,7,9,10,15,11,Serie B
M. Thorsby,Cremonese,Noruega,2,"CM, CDM",Right,186,30,71,,67,66,71,71,65,73,74,65,70,70,58,74,68,61,75,69,66,68,72,72,69,70,66,70,75,64,72,66,68,72,68,67,65,66,56,11,11,7,10,15,11,Serie B
A. Brambilla,Cremonese,Italia,29,"CDM, CB",Right,184,25,61,,56,52,57,58,61,66,48,48,58,61,42,56,51,48,64,60,56,56,51,64,56,55,63,68,65,60,66,68,54,58,49,63,61,59,60,11,6,10,13,12,14,Serie B
A. Vogliacco,Cremonese,Italia,38,"CB, RB",Left,188,28,68,,65,50,55,56,74,73,48,45,76,62,43,52,53,48,55,57,64,65,57,64,59,64,73,67,77,52,71,72,42,50,45,64,74,77,70,7,11,13,9,12,14,Serie B
R. Villa,Cremonese,Italia,30,RB,Right,174,17,58,,68,42,53,57,56,57,56,36,51,56,39,56,52,47,51,57,65,71,63,54,56,55,58,63,53,45,59,59,44,48,41,51,54,58,56,12,8,15,6,11,9,Serie B
S. Marsi,Cremonese,Italia,28,"CB, CDM",Right,194,18,59,,55,41,47,45,61,67,44,36,59,54,36,41,40,39,52,46,54,56,44,53,51,57,68,63,69,40,69,61,33,39,41,58,61,61,62,8,13,7,9,9,14,Serie B
F. Rino Bignamini,Cremonese,Italia,23,CB,Right,186,17,59,,57,39,46,47,65,59,40,35,60,52,32,43,38,37,48,51,57,57,48,50,47,51,69,50,62,40,62,62,33,42,40,55,69,67,58,8,6,12,7,15,13,Serie B
Y. Rocchetti,Cremonese,Italia,21,LB,Left,182,23,60,,62,47,54,57,56,58,58,46,50,57,42,56,55,46,52,56,60,63,59,60,60,54,54,61,58,46,56,50,52,48,41,58,62,57,58,11,14,7,12,6,11,Serie B
M. Bianchetti,Cremonese,Italia,15,CB,Right,189,33,67,,56,45,53,60,71,71,48,38,71,58,46,62,49,46,57,56,59,54,57,68,58,63,67,68,72,44,73,67,42,48,43,70,74,70,75,6,13,12,6,10,11,Serie B
Fellipe Jack,Cremonese,Brasil,13,"CB, RB",Right,187,20,64,,59,44,54,54,69,65,49,40,68,64,38,48,46,44,56,58,59,59,55,60,54,60,63,64,65,39,69,65,42,45,47,57,69,73,68,9,14,12,7,14,13,Serie B
F. Baschirotto,Cremonese,Italia,6,"CB, CDM",Right,184,30,73,,73,51,64,62,75,75,58,43,78,75,48,60,54,57,66,64,71,75,59,72,63,73,78,68,78,52,77,76,43,56,49,67,72,77,71,10,14,11,14,9,14,Serie B
S. Luperto,Cremonese,Italia,5,"CB, RB",Right,191,30,73,,65,51,59,65,77,77,54,41,76,66,48,59,52,53,66,70,61,69,64,72,63,71,71,70,81,55,77,80,48,49,52,73,78,75,71,12,9,13,9,13,8,Serie B
R. Liberal,Cremonese,Italia,59,GK,Right,184,18,57,,33,17,27,22,16,39,11,10,16,31,10,10,15,14,31,25,28,37,28,49,40,39,45,29,49,12,27,25,10,38,17,35,15,12,10,59,56,52,55,60,32,Serie B
F. Agazzi,Cremonese,Italia,22,GK,Left,185,21,62,,35,19,31,27,18,46,19,11,21,35,13,14,14,17,36,31,34,35,37,55,42,43,47,38,52,16,41,29,15,38,26,37,15,14,19,66,65,53,56,65,39,Serie B
M. Festa,Cremonese,Italia,12,GK,Right,190,34,64,,34,18,30,33,22,47,21,10,28,33,12,24,21,11,34,34,35,34,36,58,48,43,50,35,56,13,39,24,17,36,25,44,20,22,18,63,64,61,63,67,42,Serie B
A. Fulignati,Cremonese,Italia,1,GK,Left,189,31,67,,41,23,37,35,26,48,29,16,30,40,17,25,19,22,33,37,47,36,39,64,49,47,56,40,54,18,42,30,17,51,25,56,25,26,22,66,64,62,68,66,49,Serie B
G. Sibilli,Juve Stabia,Italia,33,ST,Left,180,30,63,,64,62,52,62,28,65,52,61,59,52,67,61,54,53,49,63,63,64,66,64,64,65,59,60,72,58,56,28,70,53,66,61,24,22,22,12,7,9,8,11,7,Serie B
R. Sandrucci,Juve Stabia,Italia,30,"ST, CF",Right,188,19,56,,62,59,46,58,22,53,40,61,60,53,58,58,53,41,43,60,62,62,52,56,54,61,60,54,55,51,46,19,66,40,52,54,16,20,14,14,6,7,6,14,9,Serie B
L. Candellone,Juve Stabia,Italia,27,"ST, CAM",Left,175,29,63,,60,64,51,64,29,63,49,66,60,52,61,65,52,52,48,64,57,62,61,65,56,64,65,63,64,61,59,25,66,54,69,62,28,26,19,11,10,7,6,8,13,Serie B
L. Caccavo,Juve Stabia,Italia,20,"ST, CF",Right,190,22,62,,65,62,52,63,28,65,52,60,67,57,63,62,56,49,44,64,66,65,66,63,49,64,63,58,71,61,58,24,69,49,62,66,24,23,20,14,8,12,12,6,8,Serie B
A. Di Nardo,Juve Stabia,Italia,9,ST,Right,186,28,68,,70,70,59,66,35,67,57,72,73,61,71,67,56,61,51,65,71,70,62,68,61,73,70,65,69,65,66,34,72,63,60,68,34,27,29,6,13,10,11,14,15,Serie B
N. Patanè,Juve Stabia,Italia,7,RW,Right,168,22,61,,67,59,60,63,32,49,63,60,47,59,57,63,63,54,57,63,68,67,66,58,70,60,52,56,47,56,46,33,67,60,58,59,32,30,24,7,8,15,12,9,11,Serie B
E. Lonardo,Juve Stabia,Italia,21,"LW, ST",Right,193,21,58,,64,56,54,58,29,52,57,57,46,57,56,60,61,55,48,58,62,66,53,59,61,52,56,54,55,57,43,29,60,49,55,54,29,23,26,10,15,8,6,9,12,Serie B
F. Artioli,Juve Stabia,Italia,80,"CDM, CM",Right,178,25,62,,54,51,56,58,63,68,49,45,60,62,50,54,50,50,61,60,57,51,58,64,62,60,60,72,65,54,72,65,55,51,54,64,61,63,68,8,7,12,13,10,13,Serie B
Saná Fernandes,Juve Stabia,Portugal,77,RM,Right,165,20,60,,67,57,59,60,39,51,61,61,40,58,53,59,61,52,59,60,69,66,65,59,71,56,43,60,47,50,53,42,51,62,56,58,41,35,40,10,12,14,7,10,7,Serie B
F. Maistro,Juve Stabia,Italia,37,"CAM, ST, CM",Right,178,28,63,,66,63,63,67,36,59,58,67,51,66,58,68,63,64,64,67,68,64,65,66,64,58,53,64,58,59,56,35,64,64,61,63,35,35,33,15,9,7,14,7,13,Serie B
J. Kumi,Juve Stabia,Italia,24,CDM,Right,173,22,64,,58,52,62,58,64,65,56,47,58,68,49,56,46,53,69,58,59,57,60,63,64,57,57,66,64,60,66,65,59,59,49,67,64,68,60,11,15,8,13,6,10,Serie B
D. Perin,Juve Stabia,Italia,18,LM,Right,190,18,57,,66,53,56,57,38,59,57,50,50,59,50,61,60,48,49,54,71,62,58,53,61,58,56,64,59,55,54,35,58,57,57,49,37,40,33,12,13,7,8,9,6,Serie B
N. Karić,Juve Stabia,Suecia,17,"CDM, CM, CAM",Right,183,27,64,,58,52,61,56,66,68,51,46,60,66,44,55,51,58,63,55,59,57,58,62,57,61,64,66,68,57,69,69,55,62,53,67,62,69,64,11,14,6,14,10,15,Serie B
K. Piscopo,Juve Stabia,Italia,11,"LM, LB, CDM",Left,181,28,62,,68,57,60,62,43,59,62,57,54,61,54,64,60,54,57,61,65,70,61,55,64,58,51,68,58,57,53,40,58,58,56,57,41,45,40,11,14,15,10,11,14,Serie B
C. Pierobon,Juve Stabia,Italia,10,"CM, CAM",Right,169,24,65,,67,63,65,65,57,63,64,63,53,67,57,61,55,59,67,68,65,68,68,65,69,62,52,69,62,65,60,58,62,64,59,59,55,60,52,8,7,12,13,10,15,Serie B
D. Buglio,Juve Stabia,Italia,8,"CM, CDM, CAM",Right,178,28,59,,55,55,60,59,53,53,54,51,50,65,51,60,52,59,59,59,59,52,57,63,57,61,52,60,49,59,54,48,60,59,56,58,59,52,49,11,7,10,15,13,7,Serie B
T. Battistella,Juve Stabia,Italia,5,CM,Right,186,25,62,,59,58,63,65,55,62,57,52,55,65,48,64,60,59,61,71,54,63,55,64,60,66,58,64,63,64,60,60,58,69,58,57,57,51,48,9,14,14,14,11,11,Serie B
M. Ricciardi,Juve Stabia,Italia,2,"RM, RB",Right,184,26,64,,69,60,63,64,44,62,64,62,52,63,56,64,65,59,62,66,68,70,66,60,64,57,52,69,62,59,56,44,62,61,62,57,44,42,45,10,13,12,15,6,13,Serie B
T. Maggioni,Juve Stabia,Italia,96,"RB, CB",Right,181,25,62,,61,46,57,60,60,63,63,46,52,63,46,58,56,43,52,61,58,64,63,63,60,52,59,70,60,39,61,60,48,47,50,56,61,62,60,6,12,13,14,7,13,Serie B
F. Gallea,Juve Stabia,Malí,92,"LB, LM",Left,192,21,61,,67,46,55,60,60,62,62,41,61,56,39,59,53,44,57,63,68,67,61,61,60,56,64,65,62,47,58,58,53,49,46,51,61,60,62,6,8,8,7,9,7,Serie B
D. Bettella,Juve Stabia,Italia,87,"CB, CDM",Right,185,26,63,,58,46,52,52,64,64,56,43,63,56,41,47,43,48,55,55,57,59,54,63,58,56,68,57,67,47,62,67,38,41,45,59,65,63,60,10,10,12,8,6,13,Serie B
G. Scuderi,Juve Stabia,Italia,73,LB,Right,184,20,61,,69,47,56,60,58,63,62,42,61,60,46,62,49,43,53,58,67,70,62,54,61,58,68,65,62,47,62,58,43,48,44,50,62,55,57,11,15,9,15,8,14,Serie B
T. Douglas,Juve Stabia,Países Bajos,25,LB,Left,186,25,64,,64,50,63,62,61,62,67,45,63,67,42,62,48,52,67,61,67,61,63,65,62,58,57,67,61,51,62,59,59,54,52,59,57,65,62,15,6,9,8,15,8,Serie B
N. Pietrangeli,Juve Stabia,Italia,19,"CB, CDM",Right,186,26,65,,64,44,54,55,67,69,53,37,68,62,48,51,45,42,61,56,61,66,58,66,60,58,67,62,72,46,70,66,43,41,47,64,70,66,65,9,13,6,8,11,12,Serie B
M. Bellich,Juve Stabia,Italia,6,"CB, CDM",Left,188,27,68,,64,51,55,56,72,67,51,47,70,63,45,48,49,47,55,63,70,59,60,63,58,68,74,61,68,45,72,72,45,50,52,59,72,74,65,12,8,10,11,9,12,Serie B
P. Vismara,Juve Stabia,Italia,95,GK,Right,195,23,66,,41,24,35,29,21,51,22,17,25,38,12,17,18,24,43,32,42,40,35,59,42,45,52,41,62,22,37,26,21,42,27,45,19,17,24,69,60,59,65,67,43,Serie B
P. Boer,Juve Stabia,Italia,23,GK,Right,193,24,60,,34,20,28,27,18,43,17,12,22,34,17,16,17,13,30,28,36,33,36,58,46,42,48,34,51,17,33,26,10,31,22,38,18,13,17,60,56,55,59,62,40,Serie B
A. Vetrò,Juve Stabia,Italia,22,GK,Left,190,19,58,,34,16,26,24,15,40,10,10,21,31,13,12,12,11,35,29,30,37,30,51,39,35,48,37,44,13,33,20,10,35,21,37,12,13,12,61,55,51,59,60,38,Serie B
A. Signorini,Juve Stabia,Italia,16,GK,Left,182,27,59,,32,18,27,25,15,43,13,11,19,33,13,14,20,15,26,26,30,33,38,57,36,42,49,33,51,13,33,23,11,35,16,41,10,14,17,61,56,46,60,64,38,Serie B
A. Vuković,Juve Stabia,Croacia,1,GK,Right,192,22,63,,38,19,32,32,19,46,18,10,24,37,15,20,21,13,38,37,35,40,39,55,44,43,53,39,52,16,39,32,15,42,19,42,15,14,17,62,63,60,61,67,40,Serie B
A. Debenedetti,Cesena,Italia,91,ST,Left,188,23,64,,65,65,54,64,30,65,50,67,65,60,66,60,61,58,45,68,64,66,63,67,61,65,66,57,72,60,57,26,68,53,64,62,30,22,25,11,15,15,13,13,7,Serie B
A. Fiori,Cesena,Italia,80,LW,Left,180,23,67,,73,68,65,69,35,63,67,69,59,66,65,72,73,60,58,65,75,72,69,65,73,70,58,64,66,64,56,36,70,65,69,67,32,31,31,13,14,9,14,14,13,Serie B
M. Rossetti,Cesena,Italia,71,"ST, CF",Left,185,19,57,,60,58,48,52,25,56,48,60,62,54,57,53,44,45,45,50,62,59,49,53,56,56,59,58,57,54,51,26,62,42,60,56,22,19,14,12,15,11,12,13,10,Serie B
L. D'Andrea,Cesena,Italia,16,"RW, RM",Right,173,22,64,,72,63,64,66,36,52,62,63,55,69,56,66,61,54,58,65,76,69,68,66,68,67,56,63,49,60,46,35,67,63,63,60,36,32,28,6,6,6,13,7,11,Serie B
X. Druiventak,Cesena,Países Bajos,14,RW,Right,193,22,58,,67,55,53,58,27,52,50,54,52,55,56,60,58,48,51,58,65,68,57,56,50,60,55,60,50,52,44,26,61,52,52,57,23,25,25,11,14,9,8,6,6,Serie B
M. Caprini,Cesena,Italia,11,LW,Right,180,20,66,,75,63,65,69,36,58,64,63,55,68,61,69,61,59,63,71,77,73,72,62,67,62,59,66,56,62,53,33,69,67,62,61,36,34,28,10,9,9,13,12,12,Serie B
C. Shpendi,Cesena,Albania,9,"ST, RW, LW",Left,181,23,69,Albania,73,70,59,67,33,72,61,75,67,61,75,65,58,56,54,68,69,77,68,71,71,69,68,66,79,61,61,33,74,58,66,66,31,24,30,9,15,10,10,12,8,Serie B
F. Bertaccini,Cesena,Italia,43,"CAM, CF",Right,178,19,58,,59,59,61,62,33,50,58,57,44,63,53,64,55,66,57,62,60,59,59,53,57,62,46,57,49,61,46,34,60,62,53,57,32,30,29,10,14,13,9,7,11,Serie B
E. Bohinen,Cesena,Noruega,32,"CM, CAM",Right,189,27,65,,62,61,66,69,58,67,59,56,65,72,51,69,62,58,62,72,60,64,60,63,61,70,62,71,67,65,61,56,59,70,58,73,58,59,53,9,15,11,12,6,13,Serie B
M. Dalla Vecchia,Cesena,Italia,27,"CM, CAM, CDM",Left,173,21,61,,59,54,60,63,54,58,58,48,51,64,51,63,63,53,58,64,57,60,60,61,61,62,55,62,57,60,57,55,60,58,59,61,55,54,53,11,10,7,6,13,12,Serie B
D. Bisoli,Cesena,Italia,25,"CM, CDM, CAM",Right,180,32,66,,60,59,64,67,59,67,61,56,53,67,57,63,66,57,69,69,62,59,69,72,71,61,60,70,67,65,63,60,63,61,54,71,61,58,59,9,8,11,14,10,12,Serie B
M. Casadei,Cesena,Italia,20,CAM,Right,178,17,57,,58,59,58,60,28,47,53,59,44,63,57,64,55,51,58,59,63,54,59,52,59,57,45,56,45,61,42,31,64,59,54,49,26,24,26,8,12,9,14,11,7,Serie B
M. Guidi,Cesena,Italia,18,"CB, LM, CM",Right,184,23,64,,56,43,54,56,70,69,48,35,70,63,38,53,43,46,59,57,60,52,55,62,54,61,68,67,71,44,66,66,38,44,44,62,73,70,65,6,15,7,11,13,12,Serie B
R. Pagano,Cesena,Italia,10,"CAM, CM, CDM",Right,175,21,66,,70,64,68,66,40,60,67,61,52,71,65,62,65,72,59,70,69,71,65,67,70,63,52,66,59,69,56,45,68,71,69,66,40,35,36,6,7,10,7,7,14,Serie B
M. Francesconi,Cesena,Italia,8,CM,Right,183,22,66,,64,61,65,65,58,62,62,61,61,65,62,66,61,59,70,66,65,63,61,67,62,61,56,68,61,61,58,59,64,67,58,63,55,59,60,8,13,11,13,11,14,Serie B
G. Frabotta,Cesena,Italia,7,"LM, LB",Left,176,27,66,,73,61,63,71,48,62,69,59,53,62,53,71,64,56,63,72,70,75,70,68,72,63,55,71,59,64,59,51,63,62,58,62,47,49,42,6,11,12,10,6,11,Serie B
L. Schirone,Cesena,Italia,5,CM,Right,178,23,59,,53,55,58,58,53,54,56,53,49,57,44,57,57,54,64,59,53,53,58,62,56,58,48,60,50,60,57,52,57,59,53,57,54,54,49,6,10,12,6,9,13,Serie B
M. Piacentini,Cesena,Italia,26,"CB, CDM",Right,187,27,61,,54,42,49,50,63,62,45,37,66,53,40,45,42,37,55,54,53,54,49,64,48,56,61,59,64,44,63,67,35,46,38,55,59,63,64,7,11,12,12,7,6,Serie B
M. Mangraviti,Cesena,Italia,24,"CB, LB",Right,188,28,63,,58,43,51,53,69,70,44,39,68,56,29,47,44,43,60,56,57,59,51,61,55,58,69,61,74,41,69,65,37,44,43,67,72,69,67,10,8,13,11,15,11,Serie B
V. Magni,Cesena,Italia,23,"LM, RM",Right,183,20,63,,66,58,64,64,44,55,66,60,52,65,53,69,63,64,56,61,67,66,64,58,61,57,57,65,51,55,51,47,57,67,56,59,37,47,41,15,11,10,8,10,12,Serie B
A. Ciofi,Cesena,Italia,15,"CB, RB",Right,187,27,66,,58,46,54,53,70,69,55,39,70,63,39,50,39,52,55,55,55,60,48,67,57,58,71,63,72,51,68,69,45,42,42,60,73,71,64,7,13,14,13,8,14,Serie B
M. Ilić,Cesena,Serbia,6,CB,Right,192,23,67,,64,48,54,57,69,71,45,46,67,62,44,55,46,49,63,61,65,63,49,60,53,59,72,64,74,43,71,69,39,44,45,66,70,68,70,6,14,12,14,13,14,Serie B
J. Gelli,Cesena,Italia,4,CB,Right,197,25,67,,60,46,56,56,70,72,53,38,72,64,44,53,48,46,64,57,58,62,54,64,52,64,75,62,76,45,72,70,43,46,51,67,64,76,66,8,14,9,15,8,6,Serie B
A. David,Cesena,Rumanía,3,LB,Left,184,22,60,,65,44,56,55,59,58,56,41,52,59,43,56,49,49,58,51,62,68,62,61,62,52,56,63,57,44,57,54,48,51,43,56,60,63,64,15,13,12,14,7,8,Serie B
M. Natta,Cesena,Australia,2,CB,Left,185,23,62,,56,43,51,52,65,64,46,37,66,60,33,50,42,44,52,51,57,56,50,62,54,59,61,64,65,45,60,66,34,42,44,58,61,66,67,7,7,14,12,7,11,Serie B
T. Mazzi,Cesena,Italia,90,GK,Right,189,17,58,,34,17,27,25,14,39,12,10,17,34,10,15,22,13,25,29,35,33,26,52,31,40,45,35,44,14,29,17,10,36,15,37,14,13,11,60,57,58,61,58,33,Serie B
S. Gianfanti,Cesena,Italia,48,GK,Right,186,19,58,,35,16,24,26,15,46,10,10,16,31,12,16,11,14,28,28,33,37,37,53,40,35,43,38,55,13,32,25,10,31,21,29,10,14,15,55,54,49,58,63,34,Serie B
N. Fontana,Cesena,Italia,39,GK,Right,193,18,58,,35,17,30,24,14,40,17,10,17,39,10,10,13,12,31,30,38,32,34,48,38,42,43,32,46,12,32,19,10,33,17,32,11,15,10,59,60,55,58,59,36,Serie B
J. Klinsmann,Cesena,Estados Unidos,33,GK,Left,192,29,70,,47,30,39,38,27,55,23,23,29,49,21,26,24,33,47,43,45,49,44,64,55,54,60,40,67,24,44,38,23,39,27,47,20,25,31,72,68,65,64,74,50,Serie B
L. Ferretti,Cesena,Italia,13,GK,Right,189,22,61,,38,20,30,29,20,44,16,11,22,35,10,17,17,20,33,31,42,35,40,64,41,45,48,35,52,17,34,29,13,38,29,43,21,17,11,62,60,53,64,63,38,Serie B
A. Siano,Cesena,Italia,1,GK,Right,185,25,62,,37,18,30,25,20,44,18,10,28,38,11,13,19,25,33,27,35,39,41,56,38,40,53,33,52,19,38,34,11,32,18,34,18,14,12,59,62,54,62,64,41,Serie B
F. Forte,Virtus Entella,Italia,32,ST,Left,187,33,65,,69,66,56,64,33,64,54,66,73,60,65,63,60,56,53,64,66,71,60,73,60,70,70,58,69,61,59,32,70,53,63,66,31,22,30,6,15,15,13,7,13,Serie B
A. Traniello,Virtus Entella,Italia,29,ST,Right,178,19,57,,59,58,48,55,27,55,37,61,57,58,55,54,50,48,38,56,62,56,52,58,57,58,60,53,58,55,49,20,59,47,55,59,24,26,20,12,15,7,6,6,9,Serie B
M. Tirelli,Virtus Entella,Italia,17,ST,Left,183,24,61,,66,62,50,62,29,62,46,64,65,57,61,62,53,43,47,64,62,70,62,56,59,59,60,55,68,63,55,28,64,46,59,62,29,21,20,10,11,12,15,8,15,Serie B
L. Cuppone,Virtus Entella,Italia,10,"ST, CF",Right,176,29,67,,73,69,60,67,33,64,58,73,63,68,65,66,62,54,49,68,73,73,71,70,65,71,65,63,67,58,58,33,73,55,67,64,27,30,26,12,8,9,8,6,10,Serie B
G. Corona,Virtus Entella,Italia,9,"ST, LW",Right,195,22,61,,62,61,54,60,31,63,50,63,68,56,56,60,53,56,52,61,63,61,56,63,55,62,69,60,67,57,55,24,71,55,58,58,27,30,22,6,6,9,14,11,15,Serie B
E. Banfi,Virtus Entella,Italia,19,"RW, ST",Right,177,22,59,,68,57,58,62,32,51,64,57,44,58,53,63,62,54,56,61,69,68,66,56,69,55,52,60,49,60,46,30,59,54,52,52,34,29,24,11,9,11,15,8,10,Serie B
F. Mezzoni,Virtus Entella,Italia,94,"RB, RM, CAM",Right,181,26,63,,68,49,58,60,60,63,63,44,59,60,42,55,57,49,59,64,69,68,64,60,63,57,61,69,61,51,61,64,53,50,51,60,63,56,61,13,14,12,13,6,13,Serie B
L. Benedetti,Virtus Entella,Italia,80,"CM, CAM",Right,182,26,64,,59,59,63,65,58,63,57,54,60,65,60,66,61,54,63,63,60,58,66,64,63,63,60,66,64,63,57,56,58,66,62,63,59,58,60,15,12,14,12,6,8,Serie B
Lucas Felippe,Virtus Entella,Brasil,55,"CDM, CB",Right,178,26,59,,54,51,55,55,62,59,53,48,54,57,42,51,47,51,64,56,53,55,57,66,55,55,57,60,60,55,57,64,52,52,48,59,62,63,58,9,13,15,14,12,15,Serie B
M. Valori,Virtus Entella,Italia,28,LM,Left,181,21,61,,66,57,60,58,40,58,59,55,51,64,52,54,66,57,56,59,64,67,66,63,57,62,51,59,58,57,58,39,59,56,55,55,43,37,29,13,9,14,7,8,14,Serie B
S. Di Mario,Virtus Entella,Italia,26,"LB, LM",Left,181,21,66,,69,52,62,62,66,63,66,50,60,67,50,59,61,48,65,62,70,69,69,64,68,59,64,68,60,50,64,68,51,52,53,63,67,65,68,10,10,6,13,7,8,Serie B
A. Franzoni,Virtus Entella,Italia,24,"CM, CAM, CDM",Right,188,29,65,,60,60,65,64,59,64,59,59,56,68,55,65,61,54,68,63,60,60,60,72,56,60,57,71,61,66,64,65,59,69,58,65,61,53,59,14,7,12,12,14,6,Serie B
T. Annoni,Virtus Entella,Italia,18,"CM, CAM",Right,177,18,59,,58,54,59,58,52,57,61,55,49,54,46,57,60,52,62,59,61,56,55,61,59,56,47,60,57,53,56,52,55,63,52,56,52,52,51,9,8,10,12,9,14,Serie B
R. Turicchia,Virtus Entella,Italia,16,LM,Right,180,23,61,,69,56,59,60,43,57,64,55,48,57,54,65,62,56,60,56,68,69,59,57,64,60,54,60,57,55,55,43,53,57,61,58,43,42,42,14,15,10,12,11,13,Serie B
B. Guiu,Virtus Entella,España,11,"ST, CAM, LM",Right,186,26,66,,68,66,57,63,34,64,58,68,67,61,68,61,53,54,50,65,66,69,63,67,58,67,64,62,68,62,57,32,72,56,62,69,30,30,24,11,7,13,8,8,6,Serie B
L. Vignali,Virtus Entella,Italia,8,"RM, CB",Right,183,30,63,,68,57,60,62,47,57,66,56,58,59,54,65,67,59,55,60,69,67,60,57,64,55,50,65,55,61,52,45,62,60,57,56,51,43,38,12,15,7,8,10,11,Serie B
D. Bariti,Virtus Entella,Italia,7,"RB, RM",Right,173,35,66,,64,52,62,64,62,64,62,50,52,64,41,66,54,52,61,58,66,63,66,68,71,59,59,69,59,52,69,63,54,62,52,69,64,61,68,7,7,9,15,14,11,Serie B
N. Squizzato,Virtus Entella,Italia,5,"CM, CDM",Right,186,24,67,,64,63,66,68,59,66,61,60,63,66,54,65,61,64,63,71,66,62,74,71,63,69,60,69,65,69,66,63,58,73,58,66,62,52,60,9,13,14,6,7,10,Serie B
G. Costa,Virtus Entella,Italia,2,CDM,Right,179,21,62,,56,50,60,58,66,68,55,45,55,66,45,56,52,54,63,62,58,54,55,59,58,60,58,67,70,52,67,68,56,57,53,58,69,65,66,14,6,10,12,11,9,Serie B
M. Kritta,Virtus Entella,Italia,70,"CB, RB",Right,181,24,60,,56,40,47,50,64,58,43,35,62,53,38,45,38,32,53,53,56,56,49,58,58,52,67,55,58,44,62,61,35,43,38,56,64,67,65,6,15,9,6,15,9,Serie B
M. Motolese,Virtus Entella,Italia,39,LB,Left,188,22,60,,58,44,55,56,57,59,58,37,54,58,41,60,48,50,58,53,58,58,57,52,55,58,61,63,59,46,52,58,50,49,42,54,53,60,59,15,6,8,9,13,8,Serie B
M. Alborghetti,Virtus Entella,Italia,27,"CB, RB",Right,178,28,61,,57,42,46,50,64,61,44,36,69,50,35,42,40,41,46,54,54,59,52,62,54,58,62,60,61,40,62,63,37,45,43,59,66,62,61,12,13,12,9,9,6,Serie B
L. Parodi,Virtus Entella,Italia,23,CB,Right,188,31,63,,58,42,50,55,65,64,48,38,67,51,34,50,41,42,56,59,60,57,53,66,55,59,70,57,66,39,65,65,33,52,46,65,66,63,67,6,11,12,10,6,10,Serie B
I. Marconi,Virtus Entella,Italia,15,"CB, RB",Right,182,36,67,,57,47,58,52,69,69,57,40,65,66,45,48,43,43,56,51,57,57,55,67,63,63,68,65,70,49,71,72,42,52,42,66,70,68,70,14,11,12,10,9,9,Serie B
A. Tiritiello,Virtus Entella,Italia,6,CB,Right,178,31,65,,58,45,52,54,67,67,48,40,62,61,40,45,39,47,54,59,57,58,57,69,54,60,68,61,68,45,73,68,38,44,47,63,67,68,65,8,15,7,9,14,12,Serie B
N. Previtali,Virtus Entella,Italia,3,RB,Right,171,21,63,,69,51,58,60,59,60,59,49,54,63,39,59,56,49,55,58,68,69,68,61,63,59,63,69,54,51,63,60,52,51,47,58,63,53,64,9,9,10,8,15,15,Serie B
S. Colombi,Virtus Entella,Italia,91,GK,Right,188,35,67,,33,26,36,32,24,51,19,19,27,42,16,20,20,21,41,34,34,32,42,69,48,53,52,46,57,19,42,31,19,44,34,49,21,21,24,68,67,63,67,71,44,Serie B
F. Del Frate,Virtus Entella,Italia,22,GK,Right,182,30,63,,38,23,31,31,23,48,17,17,23,40,13,15,15,18,31,39,40,37,39,58,39,49,50,37,56,14,42,31,13,38,27,43,22,20,17,68,63,58,61,62,40,Serie B
E. Torrielli,Virtus Entella,Italia,12,GK,Left,185,20,57,,32,17,28,22,12,39,12,10,13,37,10,10,11,12,26,26,31,33,29,50,39,37,48,26,46,16,35,18,10,36,19,33,10,10,12,62,54,52,55,61,32,Serie B
A. Gabrielloni,Palermo,Italia,99,ST,Right,178,32,70,,68,73,61,70,35,72,58,77,68,66,70,71,61,56,52,71,71,66,64,76,69,72,71,74,74,64,67,35,72,63,72,72,32,29,29,11,7,7,7,8,15,Serie B
J. Pohjanpalo,Palermo,Finlandia,20,ST,Right,185,32,72,Finlandia,70,73,63,73,39,74,57,75,74,67,72,73,60,60,56,73,68,71,68,77,67,73,79,62,81,68,69,35,78,67,72,79,37,36,31,14,7,6,13,6,8,Serie B
D. Vavassori,Palermo,Italia,9,"RW, ST",Right,190,20,68,,76,64,64,71,39,60,64,64,64,65,58,77,69,60,62,69,77,75,68,65,63,64,62,64,60,62,54,34,71,65,62,65,41,33,32,8,8,9,13,14,8,Serie B
Gabriel Strefezza,Palermo,Brasil,7,"ST, RW, LW",Right,170,29,74,,74,74,65,72,41,72,60,76,74,69,74,73,65,62,60,72,73,75,75,70,72,79,80,70,75,67,65,39,74,67,72,70,39,34,35,11,8,14,15,8,8,Serie B
S. Squillacioti,Palermo,Italia,80,CM,Right,179,18,56,,53,51,56,59,46,53,53,47,43,59,42,60,54,45,63,58,53,53,62,50,57,56,50,61,49,55,52,46,51,51,51,56,47,47,41,10,7,13,12,15,12,Serie B
L. Mazzitelli,Palermo,Italia,36,CM,Right,184,30,67,,65,64,66,67,60,68,61,62,57,64,52,65,67,62,71,71,64,65,64,74,62,68,64,70,68,68,65,63,63,69,60,67,63,57,55,11,15,15,9,7,14,Serie B
A. Bozzolan,Palermo,Italia,33,"LB, LM",Left,178,22,69,,70,59,64,67,68,68,72,58,60,64,55,64,64,53,65,70,68,71,72,63,72,62,62,78,69,60,57,66,61,60,50,67,72,68,67,7,12,14,12,11,15,Serie B
N. Pierozzi,Palermo,Italia,27,"RB, CB, RM",Right,184,25,73,,78,60,68,69,73,74,67,60,65,70,54,71,62,62,69,66,74,82,73,72,75,65,72,78,75,56,67,69,58,69,58,66,77,74,74,10,9,6,7,6,10,Serie B
N. Estévez,Palermo,Argentina,24,"CM, CDM",Right,181,30,72,,75,71,72,75,63,70,71,67,65,74,62,78,70,64,76,74,74,76,74,76,69,77,66,73,70,75,69,63,72,68,72,72,61,65,59,9,12,12,15,6,13,Serie B
Hernani,Palermo,Brasil,23,"CAM, CM, CDM",Left,188,32,71,,68,68,72,74,44,65,67,67,59,77,62,77,76,72,65,76,69,67,68,71,64,69,58,68,68,71,57,49,70,74,71,70,47,38,32,11,8,12,13,9,14,Serie B
P. Avena,Palermo,Italia,18,CM,Right,170,19,59,,59,53,60,58,51,53,56,48,47,64,53,56,54,54,57,57,62,57,61,60,62,58,50,61,49,60,53,51,58,62,49,62,51,55,45,10,9,15,13,9,13,Serie B
D. Tørset Johnsen,Palermo,Noruega,17,"LW, CAM, CM",Right,184,28,69,,74,67,64,71,40,63,70,65,57,65,62,72,67,66,60,71,71,76,72,67,66,67,64,69,65,71,52,42,72,59,66,65,41,35,32,11,9,15,13,14,9,Serie B
E. Quartsin Gyasi,Palermo,Ghana,11,"RB, CAM",Right,180,32,67,,70,52,65,64,63,67,70,51,62,69,45,63,55,54,62,63,64,75,68,64,68,61,62,76,66,47,60,61,55,59,58,63,66,60,70,13,13,13,11,7,10,Serie B
F. Ranocchia,Palermo,Italia,10,"CDM, CM",Right,186,25,75,,67,62,70,70,78,78,63,55,71,76,63,65,63,60,73,74,68,66,69,75,67,69,81,80,80,69,72,78,67,70,65,78,75,83,81,6,6,6,10,12,14,Serie B
J. Segre,Palermo,Italia,8,"CDM, CM, CAM",Right,185,29,69,,63,60,66,64,71,73,57,55,71,69,49,65,60,62,75,63,64,63,62,67,62,69,67,73,72,66,75,71,63,65,57,72,68,77,66,8,14,8,6,15,8,Serie B
C. Gomes,Palermo,Francia,6,"CDM, CM",Right,180,26,68,,61,58,66,64,72,73,61,52,66,66,54,62,59,54,68,66,63,59,57,67,68,65,67,71,75,65,73,76,62,73,59,64,73,73,67,13,7,14,14,13,9,Serie B
A. Palumbo,Palermo,Italia,5,"CAM, RW",Right,182,30,70,,72,68,71,72,42,62,67,69,62,72,63,73,73,66,69,72,72,72,73,73,72,65,61,65,61,71,59,44,75,74,67,66,40,39,37,14,13,12,10,10,14,Serie B
T. Augello,Palermo,Italia,3,"LB, LM",Left,180,32,68,,72,52,64,68,64,66,69,47,60,69,47,69,57,51,65,67,70,73,67,70,66,63,63,73,63,52,65,59,60,57,48,68,68,63,65,15,15,11,12,8,11,Serie B
V. Brutto,Palermo,Italia,16,"CDM, CB",Right,186,19,59,,53,48,57,52,60,61,50,46,50,62,42,50,55,41,65,55,55,52,48,57,57,48,60,61,61,54,59,62,53,54,46,53,60,64,58,14,10,13,6,12,6,Serie B
G. Magnani,Palermo,Italia,96,"CB, RB",Right,192,31,69,,63,51,58,57,73,75,53,41,73,65,47,54,43,47,59,59,65,61,54,70,53,73,76,67,78,53,77,71,46,54,50,67,74,74,75,12,11,14,13,6,11,Serie B
F. Barba,Palermo,Italia,93,"CB, LB",Right,188,33,66,,60,45,53,60,73,68,53,36,73,58,49,57,39,47,57,63,59,61,56,70,56,63,69,66,69,49,70,69,39,47,45,67,73,79,63,13,7,6,6,10,6,Serie B
T. Cassandro,Palermo,Italia,84,"CB, RB",Right,185,26,69,,67,48,55,58,71,70,52,43,73,62,50,55,49,53,59,59,70,65,60,68,58,60,69,70,70,49,70,73,49,47,42,65,69,72,66,9,6,12,10,7,9,Serie B
P. Ceccaroni,Palermo,Italia,32,"CB, CDM",Right,187,30,68,,62,46,56,58,71,67,54,42,73,63,43,56,51,45,63,60,62,62,52,67,54,64,69,68,67,42,66,64,39,43,42,65,74,73,65,8,11,9,14,8,15,Serie B
P. Peda,Palermo,Polonia,29,CB,Right,190,24,69,,63,49,55,60,72,75,49,47,72,64,41,58,53,44,58,62,63,63,53,72,54,63,76,69,77,45,76,78,44,48,46,70,70,72,70,11,8,13,12,9,8,Serie B
E. Karol Nicolosi,Palermo,Italia,15,CB,Right,191,20,58,,54,39,45,46,61,65,39,34,59,53,33,44,36,33,47,48,53,55,43,48,48,56,64,56,71,37,62,61,37,41,33,55,60,63,57,7,9,10,12,12,6,Serie B
M. Bani,Palermo,Italia,13,"CB, CDM",Right,188,32,71,,61,50,55,61,76,73,54,44,78,59,41,55,46,52,59,63,65,58,63,78,56,65,70,65,78,52,71,79,50,51,50,71,78,74,73,9,14,9,7,7,10,Serie B
J. Joronen,Palermo,Finlandia,66,GK,Right,197,33,66,,34,22,36,32,24,48,24,12,26,42,16,17,27,24,34,39,37,31,40,59,46,48,50,35,56,21,43,38,16,42,26,53,22,19,16,65,65,61,65,66,46,Serie B
N. Balagušs,Palermo,Letonia,63,GK,Right,194,18,58,,35,16,25,25,15,41,11,11,21,31,10,15,10,11,32,27,38,33,31,54,38,33,49,28,49,14,34,20,10,31,16,34,12,13,14,58,59,50,59,61,38,Serie B
M. Fortin,Palermo,Italia,14,GK,Right,202,23,66,,39,25,35,31,21,51,28,17,24,36,14,19,20,18,43,34,39,39,38,56,51,51,51,38,61,19,43,31,18,41,29,46,17,19,20,68,60,62,68,65,42,Serie B
M. Nespola,Palermo,Italia,12,GK,Right,189,21,58,,32,17,27,24,14,41,14,10,21,34,10,10,12,15,30,28,32,32,34,53,40,37,49,34,46,17,34,25,10,34,18,39,10,10,10,60,56,57,58,63,35,Serie B
M. Perin,Palermo,Italia,1,GK,Right,188,33,72,,40,27,41,37,30,56,28,20,36,47,21,22,29,27,45,43,42,38,45,71,50,49,59,47,64,23,47,36,22,46,35,51,27,30,25,71,71,63,70,75,52,Serie B
A. Gomis,Palermo,Senegal,1,GK,Right,196,33,65,,37,22,33,32,23,52,16,16,28,40,16,17,18,20,35,38,36,37,38,59,53,43,55,38,61,17,44,31,17,42,24,49,22,19,19,64,64,61,68,68,46,Serie B
M. Brunori,Ascoli,Italia,99,"ST, CAM",Left,180,31,72,,70,71,62,69,37,68,56,74,69,70,74,65,59,59,56,71,68,71,71,74,72,68,70,71,68,68,65,30,74,62,70,78,36,32,33,8,13,14,11,8,8,Serie B
G. Gori,Ascoli,Italia,35,ST,Right,187,27,65,,67,70,55,62,34,67,53,78,68,62,69,61,57,55,50,61,65,68,64,67,58,64,68,69,69,60,59,31,71,50,71,66,31,30,28,9,14,8,6,6,15,Serie B
S. D'Uffizi,Ascoli,Italia,15,"LW, ST",Left,175,22,64,,72,63,63,69,32,56,66,65,51,66,61,76,67,55,54,63,72,72,68,64,70,58,56,61,56,62,51,36,69,61,58,68,33,25,28,7,12,9,9,13,7,Serie B
A. Chakir,Ascoli,Italia,9,ST,Right,184,25,62,,67,62,53,62,28,61,52,62,63,59,61,59,55,53,45,64,64,69,63,64,57,66,61,58,66,57,53,27,62,48,61,64,27,20,21,6,9,9,6,9,11,Serie B
D. Bolsius,Ascoli,Países Bajos,77,CAM,Right,180,27,63,,62,62,64,65,38,54,58,61,47,68,58,65,65,56,59,66,64,60,68,58,66,60,54,61,51,67,51,38,62,66,64,64,37,37,32,10,14,10,9,6,10,Serie B
M. Ricci,Ascoli,Italia,27,"CM, CDM",Right,172,32,65,,57,60,66,66,56,60,64,58,54,70,57,64,60,63,62,68,61,54,66,63,69,62,58,68,58,65,57,55,59,65,59,68,54,57,60,14,12,9,15,13,10,Serie B
G. De Pieri,Ascoli,Italia,21,CAM,Right,174,19,65,,70,63,66,69,38,56,65,62,49,70,64,70,65,60,62,68,69,71,72,61,77,64,51,65,55,67,50,44,61,66,61,62,33,36,37,10,6,10,6,13,7,Serie B
L. Lo Scalzo,Ascoli,Italia,18,"CAM, CF",Right,177,19,58,,62,58,60,59,32,49,55,56,46,61,56,61,63,58,54,57,62,62,64,56,66,63,44,57,49,60,42,39,61,68,56,51,31,26,25,9,8,15,13,7,13,Serie B
A. Russo,Ascoli,Italia,16,CDM,Left,174,18,55,,51,46,51,52,57,52,42,40,46,54,43,52,43,48,56,52,51,51,50,58,55,56,51,57,51,47,51,58,48,52,48,51,59,56,59,8,8,11,7,13,11,Serie B
A. Oliveri,Ascoli,Italia,14,"RM, LM",Left,181,23,63,,67,60,60,65,45,60,59,56,54,61,56,63,65,62,51,69,65,68,67,62,61,72,61,67,60,60,53,48,65,62,57,57,43,42,41,12,14,7,7,6,8,Serie B
G. Acampora,Ascoli,Italia,13,"CDM, CAM",Right,174,32,65,,59,55,62,62,65,66,56,49,60,66,46,61,57,57,62,62,58,60,62,65,62,66,69,68,65,59,65,69,61,62,52,62,65,64,63,11,12,10,11,11,14,Serie B
S. Perciun,Ascoli,Moldavia,11,"CM, ST",Right,182,20,66,Moldavia,65,61,67,70,60,64,59,58,57,69,57,69,65,63,70,74,67,63,67,65,61,68,55,72,61,63,62,60,66,73,56,63,59,63,52,15,12,12,6,11,10,Serie B
G. Corradini,Ascoli,Italia,8,"CDM, CM",Right,182,23,60,,52,50,57,57,61,63,46,45,54,63,44,54,50,52,62,56,53,51,60,67,61,58,60,65,64,51,60,59,53,59,54,61,60,68,57,15,10,14,12,13,11,Serie B
A. Silipo,Ascoli,Italia,7,"RM, RW",Right,170,25,62,,66,58,62,63,39,57,65,56,46,68,52,60,67,57,56,64,71,61,67,62,69,63,52,66,55,57,52,39,57,55,59,59,35,41,39,6,14,15,9,7,7,Serie B
S. Damiani,Ascoli,Italia,4,"CDM, CM",Right,170,28,63,,55,50,60,60,65,66,56,45,53,64,48,57,55,51,65,61,56,55,59,64,65,58,60,69,63,53,72,74,49,55,51,63,65,64,61,6,6,9,13,11,7,Serie B
T. Milanese,Ascoli,Italia,62,"RB, CB",Right,173,24,67,,74,53,62,64,67,66,69,50,59,65,46,66,59,52,59,58,73,75,74,63,68,60,61,74,61,57,71,74,50,55,47,65,64,68,65,10,10,7,8,12,15,Serie B
N. Rizzo,Ascoli,Italia,33,CB,Right,191,26,62,,62,42,51,53,67,65,49,36,64,56,45,48,42,40,55,58,64,60,52,56,46,53,65,57,68,44,69,64,35,46,40,67,70,68,64,6,12,7,15,10,7,Serie B
F. Gattoni,Ascoli,Argentina,32,"CB, RB",Right,183,27,66,,61,46,55,56,68,70,52,42,65,57,44,52,52,46,62,58,58,63,58,67,59,62,67,68,70,44,72,67,38,50,45,63,69,67,68,13,7,13,6,7,7,Serie B
M. Curado,Ascoli,Argentina,30,CB,Right,186,31,65,,57,47,52,51,68,69,53,41,66,53,40,45,48,43,55,54,58,56,53,64,55,64,70,62,72,46,72,66,43,50,45,61,64,73,68,8,13,15,8,14,10,Serie B
M. Alagna,Ascoli,Italia,23,"LB, RB",Left,175,24,65,,71,48,60,59,65,62,65,44,53,64,49,57,52,51,59,59,70,72,66,61,66,55,64,74,57,47,60,65,56,53,51,59,66,66,67,7,14,12,12,9,15,Serie B
A. Guiébré,Ascoli,Burkina Faso,19,"LB, LM",Left,178,29,64,,71,50,60,61,62,64,63,48,59,62,51,63,58,50,64,57,69,72,63,62,64,57,64,72,59,50,69,58,51,54,47,60,66,61,61,8,6,14,7,6,9,Serie B
F. Diamanti,Ascoli,Italia,17,CB,Right,189,17,57,,54,38,48,43,60,61,45,33,61,60,31,38,37,35,46,48,55,53,43,48,43,52,62,51,66,36,59,55,31,38,41,49,61,63,57,13,13,11,15,11,9,Serie B
M. Nicoletti,Ascoli,Italia,3,"LM, RM",Left,180,27,59,,61,51,60,58,38,57,60,49,47,61,48,66,59,56,63,49,63,60,61,57,59,53,58,65,55,55,52,38,57,55,49,55,38,36,39,11,7,7,8,14,9,Serie B
D. Menna,Ascoli,Italia,2,"CB, CDM",Right,186,31,64,,57,45,56,54,66,64,50,39,67,66,41,51,49,45,60,55,56,58,48,64,58,62,70,61,64,44,67,66,37,44,43,63,68,67,59,14,6,12,10,7,12,Serie B
G. Crespi,Ascoli,Italia,45,GK,Right,189,25,62,,35,21,31,26,20,42,16,13,20,38,11,14,12,18,36,26,35,35,35,60,40,48,51,32,48,15,36,27,10,39,28,46,17,18,17,62,63,56,64,65,38,Serie B
R. Brzan,Ascoli,Eslovenia,41,GK,Left,197,22,63,,41,21,31,32,21,45,21,14,24,34,10,22,19,20,34,35,40,42,37,65,40,39,52,37,52,24,37,28,15,38,25,45,20,16,25,62,64,56,65,66,44,Serie B
M. Raffaelli,Ascoli,Italia,22,GK,Right,185,21,61,,32,20,29,30,21,42,13,14,22,35,12,21,18,12,35,29,35,30,39,60,42,43,49,37,47,15,33,30,12,36,23,41,20,18,18,66,59,55,65,62,44,Serie B
R. Dente,Ascoli,Italia,12,GK,Right,185,18,57,,37,17,27,23,15,36,15,10,17,31,10,11,11,10,35,29,31,42,31,47,32,39,43,26,41,12,35,23,10,33,18,35,10,13,14,59,56,52,59,59,31,Serie B
S. Vitale,Ascoli,Italia,1,GK,Right,183,24,69,,45,24,36,35,25,52,23,15,35,42,17,24,21,24,44,39,48,42,40,62,47,48,53,44,58,24,47,31,20,41,29,51,22,23,19,69,69,65,70,72,48,Serie B
D. Denoon,Pisa,Suiza,44,CB,Left,192,22,62,,58,40,51,49,64,66,46,33,68,59,38,45,41,40,54,50,53,62,47,64,49,58,66,60,71,36,61,63,37,44,43,57,64,66,61,13,11,13,8,8,14,Serie B
A. Petagna,Pisa,Italia,37,ST,Right,185,31,66,,63,66,57,65,35,69,49,67,71,62,68,67,51,62,52,66,68,59,57,67,57,71,64,63,76,58,61,33,68,58,68,65,33,29,23,10,15,12,8,7,12,Serie B
S. Moreo,Pisa,Italia,32,"ST, CAM",Right,191,33,71,,71,71,61,68,39,74,52,73,69,69,67,68,70,61,54,66,72,70,66,79,62,73,78,72,79,64,62,39,77,58,71,74,35,34,32,14,10,10,11,13,9,Serie B
L. Buffon,Pisa,Italia,16,"LW, ST",Left,183,18,62,,72,60,57,62,31,57,64,57,53,55,61,63,61,57,52,61,70,74,68,57,60,60,49,64,57,65,48,28,65,58,56,59,28,29,28,14,14,9,13,8,15,Serie B
I. Ferrah,Pisa,Francia,11,"RW, LW, CM",Right,171,21,67,,76,64,64,71,34,55,65,64,53,64,66,74,74,60,59,68,77,76,75,71,76,65,56,64,52,63,51,32,67,64,67,63,34,30,31,15,8,8,8,7,11,Serie B
F. Pittarello,Pisa,Italia,8,"ST, LW",Left,185,29,66,,71,67,56,67,30,70,55,67,70,61,60,65,54,54,47,71,72,70,66,66,64,73,70,63,77,63,61,29,66,56,69,67,27,24,23,8,11,11,13,6,6,Serie B
E. Giani,Pisa,Italia,9,ST,Right,185,25,62,,63,63,54,61,28,63,53,63,62,55,58,61,49,57,49,62,61,64,59,64,57,67,63,58,68,59,57,26,66,56,61,61,23,26,19,11,13,12,14,10,9,Serie B
S. Zanon,Pisa,Italia,72,"RM, CAM, RB",Right,175,25,68,,75,62,65,69,51,66,63,63,55,65,59,69,67,68,63,68,76,75,74,67,67,60,59,72,65,63,64,50,64,67,59,66,52,49,48,7,8,15,13,6,15,Serie B
G. Leone,Pisa,Italia,55,"CM, CDM",Right,183,25,69,,67,62,72,71,62,68,66,61,63,74,56,68,66,63,73,75,70,64,65,75,64,64,63,72,68,64,64,60,71,77,59,74,63,66,53,10,9,7,6,11,13,Serie B
D. Battistella,Pisa,Italia,41,"CM, CDM",Left,181,19,60,,63,55,61,57,52,57,58,57,52,63,48,59,57,56,59,55,64,63,59,63,57,53,55,64,54,55,57,58,54,63,58,52,51,50,54,14,15,10,6,8,14,Serie B
G. Piccinini,Pisa,Italia,36,"CM, CAM",Right,184,25,69,,67,63,69,70,63,68,66,58,65,72,54,67,67,58,71,73,64,69,71,70,68,70,65,76,66,69,63,63,66,70,65,69,67,61,57,14,11,13,7,9,15,Serie B
O. Correia,Pisa,Francia,29,"CM, CDM",Right,187,26,70,,69,65,70,71,63,68,66,61,67,75,59,72,67,62,73,71,65,72,69,76,68,70,64,69,70,72,64,64,70,68,61,68,62,62,64,6,10,15,9,14,11,Serie B
J. Frosali,Pisa,Italia,24,"CM, CAM",Right,192,20,58,,61,54,60,56,50,58,55,53,57,63,49,52,52,51,58,62,65,58,53,55,51,55,48,61,60,59,53,51,55,64,51,57,47,49,49,14,14,10,13,15,11,Serie B
T. Marras,Pisa,Italia,23,"CAM, RW",Right,183,22,66,,65,66,69,68,40,62,62,68,57,70,63,68,70,64,66,69,66,64,69,70,67,63,54,63,65,67,57,40,68,77,61,64,41,34,36,12,10,12,6,13,11,Serie B
İ. Vural,Pisa,Turkiye,21,CM,Right,189,20,70,,70,65,73,70,61,73,71,64,66,74,57,71,66,64,77,71,69,70,67,68,66,68,67,73,75,66,69,63,66,73,66,65,59,59,61,12,12,14,15,8,8,Serie B
Tomás Esteves,Pisa,Portugal,19,CAM,Right,180,24,69,,74,67,70,74,42,62,68,66,59,72,65,73,71,67,62,76,72,76,74,73,72,68,65,64,65,70,52,40,66,76,72,67,40,37,47,8,6,14,8,8,10,Serie B
E. Rao,Pisa,Italia,17,"CAM, ST, LW",Right,181,20,69,,73,68,69,69,42,58,67,67,60,72,62,71,70,68,68,68,72,74,69,63,72,72,55,70,56,69,51,45,72,67,67,69,40,40,35,13,9,11,8,7,14,Serie B
F. Loyola,Pisa,Chile,14,"CDM, CM",Left,180,25,74,Chile,65,65,72,69,76,76,67,63,69,76,59,68,63,66,77,68,62,68,67,81,73,69,76,78,75,68,75,88,69,70,65,75,71,77,73,12,14,9,10,8,7,Serie B
M. Tramoni,Pisa,Francia,10,"CAM, LW, ST",Left,175,26,70,,71,72,73,72,43,60,64,73,55,79,65,74,77,70,70,68,75,68,76,73,73,72,56,66,60,71,54,48,69,73,70,70,40,40,37,11,7,10,11,15,11,Serie B
M. Léris,Pisa,Argelia,7,"RM, LB, CAM",Right,186,28,68,,77,63,68,70,50,66,69,63,63,68,60,70,71,61,65,71,76,78,68,69,67,60,67,76,65,68,56,50,65,68,65,65,46,51,46,10,11,7,12,13,11,Serie B
S. Angori,Pisa,Italia,3,"LM, LB",Left,184,22,70,,77,68,68,74,49,66,73,68,58,66,63,81,67,63,68,70,79,76,67,70,74,68,61,69,68,68,57,49,68,69,64,67,49,46,50,9,10,14,15,10,13,Serie B
A. Calabresi,Pisa,Italia,33,"CB, RB",Left,186,30,65,,57,46,54,54,68,67,47,43,67,62,38,49,45,45,59,57,56,57,49,59,58,58,71,60,72,45,64,68,42,48,43,69,70,67,68,12,12,11,15,10,8,Serie B
F. Coppola,Pisa,Italia,26,"CB, RB",Right,186,21,69,,64,50,58,59,74,70,59,49,71,62,43,56,50,47,64,61,60,68,57,63,61,58,72,62,72,50,74,75,43,48,44,63,73,77,73,12,15,9,11,10,9,Serie B
A. Primasso,Pisa,Italia,13,"CB, RB",Right,189,20,58,,56,39,47,49,61,62,40,38,63,57,32,48,38,38,50,51,56,56,48,52,48,53,60,53,67,33,60,62,32,40,37,50,62,61,58,14,7,7,14,15,7,Serie B
S. Canestrelli,Pisa,Italia,5,CB,Left,192,26,73,,71,54,60,61,74,74,54,46,78,67,53,55,47,54,65,66,70,71,60,66,57,69,79,66,77,55,75,73,52,57,55,69,76,72,76,7,8,8,8,12,7,Serie B
A. Caracciolo,Pisa,Italia,4,"CB, CDM",Right,175,36,68,,57,50,55,59,73,70,53,46,66,61,43,54,49,45,60,61,56,57,61,71,65,60,67,62,75,52,66,71,37,48,48,66,77,73,70,8,9,10,8,15,6,Serie B
R. Bozhinov,Pisa,Bulgaria,2,CB,Right,193,21,70,,65,54,59,58,72,72,55,51,76,68,49,54,49,51,62,59,61,69,58,68,61,67,76,61,77,50,73,73,47,50,52,68,70,72,68,8,14,10,9,6,12,Serie B
Mateus Lusuardi,Pisa,Brasil,6,CB,Left,190,22,65,,64,48,55,55,68,68,52,44,73,63,38,49,43,44,61,60,63,64,54,67,51,60,74,61,72,51,67,71,39,43,44,60,68,64,65,14,9,6,11,8,8,Serie B
A. Confente,Pisa,Italia,98,GK,Right,194,28,66,,40,26,35,32,24,47,16,20,26,42,14,21,22,27,41,33,38,41,44,62,41,50,58,39,53,21,38,38,13,41,31,52,22,17,19,67,65,62,69,68,43,Serie B
L. Loria,Pisa,Italia,22,GK,Left,195,27,59,,33,17,25,25,16,41,11,10,13,31,10,10,11,12,25,31,36,30,39,56,34,40,48,31,48,13,34,26,13,36,20,37,17,10,10,60,60,52,61,62,40,Serie B
S. Scuffet,Pisa,Italia,1,GK,Left,193,30,64,,41,23,33,30,22,45,16,20,28,42,16,17,15,17,37,35,42,40,36,61,40,40,56,34,53,15,34,31,15,39,21,44,23,15,21,67,63,52,69,68,41,Serie B
G. Tutino,Sampdoria,Italia,99,"ST, LW",Right,177,30,68,,68,69,57,68,33,70,47,72,66,60,70,67,66,56,56,71,67,69,64,69,67,69,68,67,74,62,63,31,75,60,71,66,31,28,24,15,13,8,13,14,15,Serie B
L. Mezzotero,Sampdoria,Italia,39,ST,Right,183,18,59,,62,63,50,56,26,59,45,67,64,54,57,54,58,48,43,59,60,63,57,56,52,65,63,53,64,54,52,24,62,53,57,54,25,18,16,12,11,15,15,10,10,Serie B
G. Forte,Sampdoria,Italia,21,"LW, LM",Left,174,18,57,,65,58,56,60,28,48,56,61,42,57,52,64,59,51,53,56,64,65,58,58,61,61,49,58,45,50,44,26,59,55,54,52,27,25,25,11,15,13,12,11,10,Serie B
L. Paratici,Sampdoria,Italia,17,ST,Right,188,17,57,,59,57,47,54,25,56,44,57,59,53,55,49,49,40,41,61,62,57,49,56,49,59,60,54,60,56,50,23,64,46,53,55,25,18,15,12,15,11,8,11,12,Serie B
Y. Karamoh,Sampdoria,Francia,14,"RW, LW",Right,185,28,65,,75,65,61,67,36,59,60,70,55,61,64,70,64,60,57,65,76,74,69,63,67,61,56,63,59,57,53,34,72,63,62,66,34,35,29,8,11,14,10,13,12,Serie B
T. Lauritsen,Sampdoria,Noruega,9,"ST, LW",Right,194,29,72,,77,72,62,72,37,76,63,75,72,62,71,74,61,58,58,72,78,77,67,77,63,75,73,71,83,64,63,36,74,64,73,70,33,36,23,13,13,11,15,15,13,Serie B
N. Sekulov,Sampdoria,Italia,19,ST,Left,185,24,62,,64,66,52,62,30,65,48,67,61,58,65,60,56,52,45,64,60,68,62,65,59,63,68,60,70,65,59,30,71,49,64,64,28,25,18,14,14,6,10,15,7,Serie B
S. Esposito,Sampdoria,Italia,94,"CM, CDM",Right,178,25,71,Italia,65,69,75,72,64,70,69,67,57,81,60,71,69,67,72,75,68,62,68,68,68,72,55,71,71,73,70,65,71,74,63,72,67,65,60,15,9,12,6,15,7,Serie B
A. Makoumbou,Sampdoria,Congo,45,"CDM, CM",Right,187,28,70,,62,61,69,64,71,74,59,60,68,76,52,59,63,61,73,68,61,63,60,72,65,67,70,73,75,60,76,75,60,65,53,75,69,74,65,8,6,15,12,14,11,Serie B
K. Mbabu,Sampdoria,Suiza,43,"RB, RM",Right,184,31,71,,73,57,69,66,67,72,75,54,69,71,52,61,61,54,71,68,76,71,73,74,69,68,71,77,69,53,72,67,60,63,57,65,66,68,69,9,12,15,6,11,13,Serie B
L. Rodella,Sampdoria,Italia,35,RM,Right,176,18,57,,63,52,56,58,36,53,57,53,46,58,49,57,53,49,56,60,63,63,61,52,63,50,49,66,49,52,46,35,50,53,53,54,36,33,37,10,13,15,13,13,6,Serie B
F. Conti,Sampdoria,Italia,33,"CM, CDM",Left,177,21,66,,68,61,67,69,59,65,65,60,55,69,53,71,68,65,67,68,69,67,63,69,66,61,55,70,63,64,67,60,62,65,59,67,55,61,64,9,6,10,12,6,15,Serie B
F. Depaoli,Sampdoria,Italia,23,"RB, RM, LW",Right,178,29,68,,71,53,64,63,65,62,69,49,60,68,52,63,60,61,60,59,67,74,68,64,72,59,65,64,61,53,62,67,57,56,55,68,64,65,67,6,11,13,13,8,12,Serie B
D. Sinani,Sampdoria,Luxemburgo,20,"CAM, ST, RW",Right,185,29,71,Luxemburgo,72,70,72,74,47,66,71,68,63,70,70,74,73,68,72,77,75,70,70,70,75,71,65,65,68,72,62,49,75,77,70,70,47,43,40,12,11,12,10,9,15,Serie B
Y. Verschaeren,Sampdoria,Bélgica,16,"CAM, CM",Right,172,25,72,,71,71,73,75,43,64,74,69,57,77,62,77,68,68,67,73,68,73,75,74,77,73,60,70,64,75,60,46,74,74,75,74,39,41,39,10,7,11,15,6,12,Serie B
T. Begić,Sampdoria,Eslovenia,11,"RW, CAM, RM",Left,175,23,66,Eslovenia,73,62,60,68,36,59,61,60,54,61,67,68,68,61,59,67,69,76,69,62,71,62,56,72,54,61,55,38,71,58,64,69,32,33,31,14,7,9,12,13,13,Serie B
L. Insigne,Sampdoria,Italia,10,"CAM, LW, ST",Right,163,35,72,,68,69,74,76,47,59,71,66,52,76,65,74,72,74,69,77,74,64,79,71,85,72,60,69,56,76,54,48,68,77,67,78,49,43,42,15,9,13,11,15,11,Serie B
M. Cicconi,Sampdoria,Italia,7,"LM, LB, LW",Left,182,29,67,,72,61,65,67,49,62,68,61,54,66,59,66,67,57,64,68,70,73,69,63,65,62,61,69,62,56,56,54,65,62,66,66,48,46,49,15,6,10,9,7,13,Serie B
L. Henderson,Sampdoria,Escocia,6,"CM, CDM, CAM",Right,183,30,65,,64,61,65,68,57,66,60,61,57,66,59,69,62,63,71,69,64,64,65,65,66,62,58,70,69,62,57,58,63,65,54,67,54,60,56,9,7,6,14,10,6,Serie B
N. Mondani,Sampdoria,Italia,41,RB,Right,179,17,59,,63,43,53,53,58,58,59,40,56,58,37,51,44,39,49,52,66,61,64,48,61,51,57,62,57,44,54,59,44,49,40,51,55,60,60,15,6,11,10,6,13,Serie B
F. Piermattei,Sampdoria,Italia,40,CB,Right,188,18,59,,56,37,45,47,62,59,43,30,63,49,34,41,41,32,48,49,51,61,51,58,50,54,64,54,60,35,62,66,28,40,43,56,58,62,62,11,14,8,10,7,11,Serie B
K. Diop,Sampdoria,Italia,38,CB,Right,190,17,56,,49,36,43,45,61,62,42,30,69,48,28,36,36,37,46,54,50,49,43,47,39,49,57,58,66,41,59,56,29,35,36,55,60,64,53,12,6,9,15,11,15,Serie B
A. Di Pardo,Sampdoria,Italia,29,RB,Right,182,27,66,,73,55,62,61,63,65,65,53,56,65,52,63,55,53,61,57,76,70,64,66,67,63,68,68,63,54,67,61,53,57,47,57,63,66,64,6,13,15,6,7,7,Serie B
O. Abildgaard,Sampdoria,Dinamarca,28,"CB, CDM",Right,192,30,64,,61,42,51,52,67,69,46,34,67,59,40,52,51,42,58,50,58,63,56,57,49,59,69,63,73,44,68,64,39,41,43,60,72,63,68,9,10,8,10,14,7,Serie B
A. Ferrari,Sampdoria,Italia,25,CB,Right,183,32,63,,57,42,50,52,64,66,45,38,64,57,36,43,47,45,54,58,54,59,55,68,56,54,66,61,67,43,69,64,39,44,45,66,62,66,59,7,8,9,12,6,11,Serie B
F. Delli Carri,Sampdoria,Italia,15,"CB, RB",Right,189,27,67,,61,48,54,56,71,70,51,43,75,60,47,53,42,43,62,55,62,61,59,67,56,60,67,68,71,46,70,69,46,45,48,63,70,71,74,6,8,10,15,6,10,Serie B
L. Ravanelli,Sampdoria,Italia,13,CB,Right,185,29,69,,64,50,56,57,70,71,53,47,68,64,46,50,52,44,58,61,61,67,51,72,63,64,69,69,71,47,74,72,49,48,46,70,69,72,67,13,10,12,13,13,14,Serie B
S. Gartenmann,Sampdoria,Suiza,3,CB,Right,185,29,69,,65,48,57,59,73,70,54,40,71,64,42,56,51,50,57,64,61,68,51,64,58,66,71,69,71,53,70,77,43,51,45,66,72,72,74,10,14,6,7,14,10,Serie B
M. Viti,Sampdoria,Italia,2,CB,Right,190,24,72,,68,54,59,63,75,76,58,51,80,64,51,57,51,49,67,69,64,71,63,67,64,67,73,64,83,52,73,77,48,51,51,72,75,72,71,8,13,11,7,8,11,Serie B
B. Meijer,Sampdoria,Países Bajos,18,LB,Right,190,23,71,,76,57,68,71,70,72,69,52,70,73,57,71,67,59,65,72,78,75,69,69,69,68,69,74,76,55,62,67,56,64,59,67,73,69,73,14,13,7,11,8,9,Serie B
S. Massolo,Sampdoria,Italia,96,GK,Right,185,30,61,,33,19,32,30,17,46,18,12,24,39,12,20,21,18,31,32,32,34,37,58,43,41,46,38,53,16,36,25,10,39,19,41,15,13,12,64,58,53,58,60,42,Serie B
A. Krastev,Sampdoria,Bulgaria,12,GK,Left,181,18,58,,39,17,25,27,17,42,14,10,19,29,12,18,13,10,25,29,40,38,37,50,41,39,45,37,48,11,32,23,10,36,21,31,16,16,10,59,60,49,58,61,34,Serie B
P. Vindahl Jensen,Sampdoria,Dinamarca,1,GK,Right,185,28,60,,34,18,28,24,19,44,18,10,18,35,10,13,19,10,27,25,33,35,34,55,40,43,48,34,52,14,33,24,10,34,18,41,19,16,15,61,61,55,59,66,40,Serie B
N. Scardigno,Sampdoria,Italia,4,GK,Right,189,20,58,,38,16,28,24,13,40,12,10,14,35,10,11,15,14,35,27,42,35,36,52,42,36,50,30,47,10,30,21,12,32,19,28,12,10,10,60,55,48,59,62,36,Serie B
G. Ambrosino,Modena,Italia,70,ST,Left,187,23,67,,68,66,61,64,34,67,58,68,74,64,65,63,59,55,60,69,66,69,59,63,54,62,68,56,72,68,67,34,70,61,63,65,26,33,25,9,9,7,15,15,14,Serie B
Stênio,Modena,Brasil,33,ST,Right,180,23,64,,66,69,54,62,30,63,52,73,61,58,61,58,58,57,49,63,66,66,62,73,63,71,62,61,65,61,59,30,67,52,63,67,28,25,21,6,7,13,9,6,15,Serie B
L. Bacchin,Modena,Italia,29,RW,Left,179,22,61,,67,59,58,62,28,52,64,59,49,57,65,60,61,58,52,61,71,63,65,67,67,57,52,60,52,58,44,30,64,58,64,60,27,23,19,14,11,11,11,7,8,Serie B
E. Colpo,Modena,Italia,24,ST,Right,195,17,57,,59,61,48,54,28,60,44,64,59,53,58,58,52,46,41,51,61,57,53,54,46,62,61,57,64,56,53,28,57,50,53,52,24,24,17,7,8,13,15,7,10,Serie B
A. Belotti,Modena,Italia,11,ST,Right,181,32,70,,68,71,60,67,40,72,59,75,68,65,65,69,56,59,57,63,65,70,68,71,61,68,75,66,78,65,62,39,73,55,68,74,40,34,32,7,14,8,12,15,10,Serie B
D. Montevago,Modena,Italia,9,ST,Left,184,23,64,,64,65,55,65,30,61,53,66,69,58,63,65,55,59,47,67,63,65,66,64,61,62,64,59,63,61,60,23,76,57,67,63,29,26,23,7,13,6,15,7,10,Serie B
J. Manquant,Modena,Francia,19,ST,Left,182,20,60,,68,62,48,59,25,60,51,65,62,50,58,56,54,51,43,63,66,69,59,62,51,60,58,56,62,57,58,24,65,42,62,64,20,22,17,10,12,12,14,12,10,Serie B
P. Arnaboldi,Modena,Italia,73,CM,Right,176,18,60,,61,53,59,58,52,58,56,48,50,59,51,57,58,50,64,60,63,59,55,53,56,59,52,68,56,59,54,50,54,61,52,60,53,56,48,15,12,10,9,7,13,Serie B
G. Olzer,Modena,Italia,72,"CM, CAM, RW",Right,188,25,62,,61,57,63,63,52,63,58,56,54,63,47,63,64,55,66,66,60,62,61,63,54,62,56,66,63,58,59,56,61,66,56,63,54,47,50,13,14,14,15,15,9,Serie B
A. Bianco,Modena,Italia,42,"CM, CDM, CAM",Right,173,24,74,,68,68,74,73,66,69,69,66,65,78,64,71,68,62,76,76,69,68,77,69,71,73,63,80,66,70,64,65,68,75,65,70,66,70,61,13,9,15,6,12,9,Serie B
T. Egharevba,Modena,Italia,37,"LM, LW",Left,174,18,59,,60,56,59,60,40,55,60,55,46,63,51,61,60,49,51,58,61,60,65,59,61,60,47,63,53,56,52,45,56,58,54,54,39,38,37,13,11,6,12,6,8,Serie B
W. Acquah,Modena,Ghana,32,"CAM, CM",Right,190,19,60,,63,62,60,63,33,56,56,62,55,60,54,65,64,61,57,64,66,60,60,62,52,64,49,63,55,64,49,35,61,67,59,57,27,33,26,12,9,13,11,11,11,Serie B
Paulo Azzi,Modena,Brasil,27,"LB, LM",Left,188,32,68,,67,56,64,66,68,70,69,54,68,64,56,71,64,56,62,59,68,67,67,70,67,65,61,70,71,53,68,66,59,60,51,67,70,68,68,12,10,11,9,9,12,Serie B
A. Imputato,Modena,Italia,26,"RM, LM",Right,177,22,61,,62,56,60,64,42,56,64,54,47,62,49,66,63,52,55,63,61,62,64,59,62,57,54,67,54,58,48,44,64,56,56,57,41,42,40,13,11,13,14,8,8,Serie B
K. Bozhanaj,Modena,Albania,17,"CAM, CDM",Right,180,25,62,,62,60,64,65,36,56,60,59,49,65,59,69,65,60,59,64,64,60,58,63,57,55,51,63,55,66,50,36,66,70,63,67,35,34,30,11,14,15,7,11,7,Serie B
G. Brugman,Modena,Uruguay,16,"CDM, CM",Right,178,34,70,,58,60,66,66,68,72,58,54,67,71,52,63,57,63,64,69,55,60,63,73,58,69,68,72,72,67,71,71,60,68,59,74,65,68,73,11,7,9,8,9,7,Serie B
G. Caso,Modena,Italia,10,"LW, CAM, LM",Left,172,27,65,,74,65,64,67,35,56,61,65,50,65,59,69,61,62,60,65,71,76,68,63,70,66,52,64,53,65,55,34,65,69,62,63,33,33,32,8,11,15,15,12,13,Serie B
S. Santoro,Modena,Italia,8,"CM, CDM",Left,181,27,67,,62,62,68,69,57,68,65,60,56,72,55,69,64,60,69,70,67,57,68,64,71,67,59,73,69,66,59,64,64,64,59,67,53,58,53,9,11,13,6,12,10,Serie B
F. Zampano,Modena,Italia,7,"LM, RM, LB",Right,177,33,71,,73,66,71,73,53,69,73,68,58,67,68,73,73,67,71,74,77,69,77,71,72,65,63,78,67,65,62,53,66,75,63,67,53,52,50,11,13,15,13,10,10,Serie B
T. Fabbri,Modena,Italia,6,CAM,Right,175,17,57,,61,56,58,61,32,48,52,55,43,64,57,63,60,56,50,60,63,59,58,58,62,55,46,53,46,58,46,36,57,60,51,54,35,25,26,10,10,14,14,15,13,Serie B
A. Sersanti,Modena,Italia,5,CM,Right,182,24,68,,64,64,67,68,60,66,66,61,61,69,56,67,64,63,70,68,65,64,67,69,65,70,63,66,68,68,63,65,60,66,62,70,54,64,58,15,12,12,7,7,11,Serie B
D. Tonoli,Modena,Italia,77,"CB, RB",Right,184,24,71,,66,51,63,58,76,73,59,44,68,72,43,50,51,49,66,63,67,65,61,69,67,71,68,70,74,51,77,77,50,54,50,70,76,79,75,8,12,15,11,6,7,Serie B
D. Ronco,Modena,Italia,34,"RB, LB",Right,171,21,61,,63,49,58,57,60,57,62,44,51,59,47,52,57,48,56,59,63,63,62,59,65,57,58,65,52,51,58,60,54,54,43,61,61,60,61,13,10,8,11,14,11,Serie B
D. Adorni,Modena,Italia,28,CB,Right,185,34,63,,55,41,53,51,67,64,51,37,70,60,44,47,40,42,55,54,53,57,48,59,53,55,60,60,66,37,67,67,32,47,43,59,67,68,63,8,12,8,14,7,8,Serie B
F. Folino,Modena,Italia,23,CB,Right,192,24,66,,57,46,53,55,69,70,50,41,65,60,39,51,47,52,52,57,56,57,56,70,50,62,70,60,77,44,65,67,43,44,43,65,66,73,70,6,15,11,7,7,9,Serie B
B. Nieling,Modena,Países Bajos,20,CB,Right,193,23,70,,63,47,58,60,72,76,54,41,78,65,42,58,50,50,65,63,58,67,57,64,53,66,76,67,83,43,70,78,43,49,50,69,69,68,76,7,13,9,12,10,7,Serie B
M. Odero,Modena,Italia,15,LB,Left,184,19,59,,59,44,54,54,57,57,61,38,51,55,39,52,51,45,52,53,58,60,65,50,52,56,58,60,56,45,54,59,48,48,50,52,56,57,60,10,15,6,14,13,15,Serie B
S. Nador,Modena,Togo,6,"CB, CDM",Right,193,24,66,,61,48,55,54,69,72,53,44,75,65,45,49,48,46,61,57,63,60,49,64,54,60,72,66,76,47,67,69,41,41,47,65,68,66,71,13,8,8,13,14,7,Serie B
A. Laidani,Modena,Suiza,25,GK,Right,182,23,61,,38,17,31,28,21,44,18,10,21,41,11,13,16,19,27,36,37,39,37,53,43,34,50,35,52,18,32,27,13,36,23,43,19,21,17,64,59,54,58,60,41,Serie B
L. Consiglio,Modena,Italia,22,GK,Right,182,20,64,,43,22,33,30,20,48,17,16,21,43,15,13,18,21,39,41,42,43,33,58,45,46,52,38,53,14,47,29,11,36,24,41,16,18,16,66,63,54,61,66,40,Serie B
A. Maran,Modena,Italia,12,GK,Right,190,18,59,,37,17,27,24,16,41,10,10,20,33,10,11,19,11,31,29,38,36,31,50,36,41,47,33,48,11,33,27,14,38,19,36,14,10,17,63,54,55,59,70,38,Serie B
L. Chichizola,Modena,Argentina,1,GK,Right,189,36,67,,34,20,35,36,24,50,26,10,27,36,13,27,27,27,36,36,35,33,42,64,48,42,52,43,55,22,45,32,17,45,28,51,23,19,25,68,66,62,69,67,46,Serie B
S. Cerbone,Hellas Verona,Italia,35,"ST, CF",Right,181,18,59,,61,59,50,55,24,57,50,62,59,57,61,57,47,47,39,54,57,64,54,55,55,62,63,55,61,50,50,19,61,48,61,54,18,22,20,6,8,8,7,8,8,Serie B
R. Akalé,Hellas Verona,Francia,28,"ST, CF",Right,186,19,61,,62,62,53,60,29,60,50,60,69,58,67,57,48,51,46,64,62,62,60,61,55,68,61,58,62,58,59,27,62,52,60,61,23,25,23,15,10,13,14,7,12,Serie B
D. Mosquera,Hellas Verona,Colombia,25,ST,Right,180,26,68,,72,68,58,65,37,69,59,69,66,64,73,60,58,60,46,69,69,74,67,69,63,70,71,66,75,62,58,31,69,56,65,67,35,38,25,7,13,6,8,10,7,Serie B
S. Mulattieri,Hellas Verona,Italia,19,ST,Left,183,25,68,,70,68,59,66,33,67,54,70,64,62,71,61,59,57,58,69,67,73,71,72,65,66,69,62,72,65,61,34,75,59,69,63,30,28,28,7,11,14,9,9,9,Serie B
D. Livramento,Hellas Verona,Cabo Verde,14,"ST, LW, RW",Right,185,25,66,Cabo Verde,68,66,56,64,34,68,50,70,73,63,61,62,60,57,45,64,73,63,67,67,64,65,70,63,72,60,63,33,69,58,69,76,27,32,26,9,9,12,11,10,11,Serie B
M. Compagnon,Hellas Verona,Italia,11,"RW, ST",Right,171,24,67,,75,68,64,69,36,58,71,68,49,63,63,70,71,60,54,66,74,76,75,69,69,71,50,66,56,64,57,36,69,64,68,63,35,34,28,9,9,6,13,8,15,Serie B
T. Suslov,Hellas Verona,Eslovaquia,10,"RW, CAM, ST",Left,173,24,71,Eslovaquia,80,72,67,73,40,64,69,75,61,70,67,73,69,63,57,75,78,82,72,74,74,70,66,73,63,70,53,37,72,69,65,66,42,35,35,9,11,14,13,11,15,Serie B
A. Sarr,Hellas Verona,Suecia,9,"ST, LW",Right,188,25,70,,70,72,59,68,40,72,57,76,76,63,64,65,58,57,54,72,68,71,64,75,61,71,70,66,77,67,66,34,69,58,73,74,37,38,27,7,14,11,11,8,13,Serie B
J. Manuel Cruz,Hellas Verona,Argentina,2,"ST, CF",Right,186,27,60,,63,62,50,60,27,58,45,63,64,55,63,56,52,49,43,66,67,59,56,65,56,60,65,51,62,59,57,23,66,53,60,66,19,27,19,12,13,12,6,10,13,Serie B
C. Ekuban,Hellas Verona,Ghana,29,"ST, LW",Right,188,32,70,,71,73,61,66,38,70,57,77,72,65,69,62,67,61,54,70,72,71,67,71,60,73,71,64,75,68,65,33,70,63,70,73,35,35,28,15,11,7,7,7,8,Serie B
K. Sezonienko,Hellas Verona,Polonia,79,"CAM, ST, LM",Right,190,23,64,,65,63,64,68,38,57,60,64,56,69,60,69,66,64,59,71,63,66,65,66,62,61,57,59,60,65,48,38,62,65,62,63,34,37,31,8,15,14,6,10,12,Serie B
E. Iannoni,Hellas Verona,Italia,44,"RW, ST",Right,185,25,66,,70,64,63,70,36,61,62,67,58,64,64,70,67,56,58,70,69,70,69,67,68,57,63,69,59,63,54,38,67,66,61,70,32,33,26,6,13,6,10,14,13,Serie B
A. Bernede,Hellas Verona,Francia,24,"CM, CAM, CDM",Right,177,27,72,,65,69,72,74,64,72,71,68,59,74,65,73,68,70,71,75,69,61,70,74,74,70,67,77,69,73,72,63,68,71,65,73,63,69,64,7,10,9,12,14,8,Serie B
N. Lella,Hellas Verona,Italia,23,CM,Right,188,26,64,,64,60,64,66,57,63,61,57,60,67,52,68,64,58,65,67,62,65,58,67,59,66,59,69,63,61,58,54,65,62,64,63,56,60,56,6,14,12,7,15,14,Serie B
A. Harroui,Hellas Verona,Países Bajos,21,"CM, CAM",Right,181,28,67,,63,63,67,62,59,64,63,63,54,67,55,61,73,59,70,63,65,61,61,68,61,66,63,70,61,61,65,61,63,68,64,64,64,55,56,6,13,10,14,6,8,Serie B
G. Kastanos,Hellas Verona,Chipre,20,"CDM, CM, CAM",Right,179,28,64,Chipre,58,51,63,60,62,67,57,42,57,69,56,58,61,53,64,60,57,58,59,66,64,60,68,69,64,58,70,68,62,59,59,63,59,63,65,15,14,11,11,10,9,Serie B
L. Bega,Hellas Verona,Suiza,18,"CM, LW, CAM",Right,194,23,61,,61,56,60,62,53,64,56,52,54,61,51,67,55,55,56,60,63,60,55,58,53,61,58,68,66,64,56,55,55,66,55,64,51,55,50,11,15,8,15,7,13,Serie B
A. Le Borgne,Hellas Verona,Francia,17,"CM, CDM",Right,181,20,68,,70,59,70,69,60,67,66,53,61,76,52,66,66,60,69,73,69,70,65,67,69,66,60,73,65,63,66,65,65,66,60,69,59,56,59,7,9,7,9,15,12,Serie B
S. Serdar,Hellas Verona,Alemania,8,CM,Right,183,29,70,,62,66,71,68,62,66,68,65,63,73,62,69,67,70,67,66,62,62,71,71,68,67,70,68,67,70,62,65,68,73,59,72,60,64,58,7,10,15,9,10,6,Serie B
D. Bradarić,Hellas Verona,Croacia,6,"LM, LB, RM",Right,178,26,68,,72,64,68,69,48,62,73,63,56,70,61,68,66,61,61,71,71,72,67,67,70,67,58,72,59,66,59,53,67,65,62,65,45,46,49,8,11,9,15,6,13,Serie B
M. Frese,Hellas Verona,Dinamarca,3,"LM, CB",Left,179,28,67,,74,61,65,69,48,61,73,61,56,65,61,72,66,62,65,68,78,71,69,64,69,62,55,71,58,59,59,46,65,59,61,64,45,48,48,9,15,9,7,6,12,Serie B
D. De Battisti,Hellas Verona,Italia,71,"LB, RB",Left,174,20,58,,67,42,50,56,56,58,51,37,55,50,44,53,52,43,57,57,65,69,65,57,66,51,53,66,54,42,61,59,45,46,38,51,54,55,57,15,13,11,6,13,6,Serie B
F. Cham,Hellas Verona,The Gambia,70,RM,Left,182,20,63,,65,58,62,64,44,59,69,57,48,63,59,64,62,58,53,65,68,63,67,55,62,55,57,67,55,61,60,43,67,59,51,54,45,42,44,15,12,13,8,12,11,Serie B
S. Korač,Hellas Verona,Luxemburgo,48,"CB, CDM",Left,191,24,67,,60,45,54,58,73,71,51,38,82,60,41,56,43,43,59,61,59,61,55,65,51,62,69,62,77,44,69,71,41,49,47,67,72,74,67,14,15,8,13,12,11,Serie B
N. Calabrese,Hellas Verona,Italia,37,CB,Right,183,21,65,,57,48,51,53,68,69,43,43,66,56,38,48,45,48,61,54,55,59,57,60,56,61,65,62,72,51,70,73,35,43,46,66,68,65,69,9,8,7,7,13,8,Serie B
N. Tagne,Hellas Verona,Francia,33,LB,Right,171,18,58,,65,46,53,56,53,56,56,43,45,58,37,57,47,43,50,54,66,64,62,52,61,56,50,64,53,44,57,54,46,49,46,56,57,53,50,7,11,7,7,11,11,Serie B
T. Slotsager,Hellas Verona,Dinamarca,28,CB,Right,185,20,68,,65,48,56,59,72,71,48,45,73,67,47,57,47,49,60,59,64,66,60,65,60,58,70,67,72,46,72,74,41,44,47,64,72,70,72,11,14,7,12,14,6,Serie B
P. Dawidowicz,Hellas Verona,Polonia,27,"CB, RB",Right,188,31,64,,61,44,50,56,70,68,51,39,73,52,36,53,43,42,53,59,60,62,53,63,55,59,65,66,70,47,66,71,33,47,46,63,68,71,69,10,14,12,8,6,6,Serie B
A. Edmundsson,Hellas Verona,Islas Feroe,5,"CB, RB",Right,193,25,69,,66,47,55,55,72,70,54,39,75,55,41,51,47,48,62,59,63,68,53,58,56,70,70,64,72,46,70,72,45,53,46,64,73,70,71,6,11,12,7,6,12,Serie B
G. Zappa,Hellas Verona,Italia,4,"CB, RB, RM",Right,186,26,70,,60,53,60,58,72,73,58,50,79,70,51,51,53,50,58,63,58,62,55,64,63,68,74,70,76,49,69,70,47,50,50,73,72,71,71,8,15,6,6,10,13,Serie B
Arthur Borghi,Hellas Verona,Brasil,47,GK,Right,194,19,58,,34,16,26,25,17,40,16,10,17,32,14,13,10,10,29,29,36,33,34,58,37,38,48,35,45,10,34,32,10,31,17,37,10,15,10,57,56,51,61,61,30,Serie B
S. Perilli,Hellas Verona,Italia,34,GK,Right,184,31,61,,35,18,31,29,19,45,21,10,18,34,13,17,18,16,31,33,32,37,35,60,45,37,54,35,54,20,35,28,10,41,24,42,16,16,17,64,59,52,63,64,43,Serie B
G. Toniolo,Hellas Verona,Italia,22,GK,Right,185,22,57,,35,15,24,25,19,39,13,10,24,30,11,12,12,10,28,30,33,36,30,54,35,32,42,31,44,10,35,31,10,29,19,39,16,13,14,56,57,53,55,57,34,Serie B
N. Leali,Hellas Verona,Italia,1,GK,Left,188,33,73,,44,28,41,42,28,55,29,18,34,46,22,31,25,28,43,43,40,47,52,72,55,54,62,49,60,29,50,31,19,51,33,53,30,22,32,75,73,68,75,79,51,Serie B
