short_name,club_name,nationality_name,club_jersey_number,player_positions,preferred_foot,height_cm,age,overall,seleccion,pace,shooting,passing,dribbling,defending,physic,attacking_crossing,attacking_finishing,attacking_heading_accuracy,attacking_short_passing,attacking_volleys,skill_dribbling,skill_curve,skill_fk_accuracy,skill_long_passing,skill_ball_control,movement_acceleration,movement_sprint_speed,movement_agility,movement_reactions,movement_balance,power_shot_power,power_jumping,power_stamina,power_strength,power_long_shots,mentality_aggression,mentality_interceptions,mentality_positioning,mentality_vision,mentality_penalties,mentality_composure,defending_marking_awareness,defending_standing_tackle,defending_sliding_tackle,goalkeeping_diving,goalkeeping_handling,goalkeeping_kicking,goalkeeping_positioning,goalkeeping_reflexes,goalkeeping_speed,league_name
P. Płacheta,Austin FC,Polonia,77,"RW, CAM, RM",Right,177,28,65,,72,61,62,70,36,56,59,59,45,63,65,72,69,62,61,69,73,72,74,68,73,63,54,60,55,60,53,36,64,61,62,62,36,36,26,13,7,15,10,13,6,Major League Soccer
M. Burton,Austin FC,Estados Unidos,32,"RW, LW",Right,172,20,57,,66,54,54,62,28,48,55,54,47,56,55,62,57,45,49,64,67,66,66,55,60,58,49,58,44,50,45,30,58,55,51,51,27,22,24,12,9,15,10,8,10,Major League Soccer
C. Ramirez,Austin FC,Estados Unidos,21,"ST, LW",Right,188,35,62,,57,62,54,58,28,63,55,67,64,56,61,52,53,52,46,62,58,57,61,64,61,58,60,57,67,55,59,28,68,58,64,67,24,24,19,15,8,9,9,12,11,Major League Soccer
F. Torres,Austin FC,Uruguay,11,"RW, CAM, RM",Right,175,26,75,,83,74,74,79,41,66,80,74,60,74,71,77,74,72,68,82,86,81,80,73,79,74,70,78,63,74,58,41,78,75,72,74,38,38,43,15,13,11,7,10,9,Major League Soccer
M. Uzuni,Austin FC,Albania,10,"ST, LW, RW",Right,178,31,73,Albania,72,76,62,72,40,70,60,81,71,66,71,71,62,59,56,72,74,70,74,69,70,74,75,64,76,72,63,41,76,63,70,76,37,35,29,13,10,14,14,15,7,Major League Soccer
B. Vázquez,Austin FC,Estados Unidos,9,"ST, CF",Left,188,27,71,,74,71,64,70,37,72,64,74,76,67,70,68,68,60,55,71,73,74,72,73,61,71,70,67,77,67,66,39,73,65,68,73,31,32,30,15,9,14,15,12,7,Major League Soccer
E. Torres,Austin FC,Estados Unidos,38,"CM, CDM, RW",Right,171,18,60,,56,55,58,62,52,54,54,51,48,62,52,65,57,52,56,61,57,56,64,54,63,62,52,62,52,58,47,54,57,59,54,58,51,53,50,8,13,6,12,15,12,Major League Soccer
J. Rosales,Austin FC,Honduras,30,"LB, RM, LM",Left,180,25,66,Honduras,72,51,61,63,64,66,64,49,59,64,45,60,56,50,57,65,73,71,67,62,69,55,68,73,64,51,63,61,52,59,51,65,65,65,66,14,14,13,7,9,9,Major League Soccer
J. Alastuey,Austin FC,España,24,"CM, CAM, ST",Right,178,23,62,,59,61,61,58,53,57,58,61,51,62,52,56,61,56,64,60,61,58,64,57,61,62,52,59,56,62,58,57,59,59,56,55,55,51,50,7,11,8,6,7,10,Major League Soccer
J. Gallagher,Austin FC,Irlanda,17,"LM, RB, LW",Right,175,30,65,,68,57,64,69,46,58,71,51,51,61,54,68,61,61,62,73,71,65,68,65,66,63,55,68,55,62,52,51,63,66,57,57,40,47,44,10,9,15,7,6,9,Major League Soccer
B. Šabović,Austin FC,Suecia,14,"CM, CDM",Right,186,28,64,,59,59,63,68,57,67,57,55,57,64,53,69,60,60,65,71,61,57,60,60,60,66,58,64,69,61,67,61,64,65,55,64,59,53,57,8,15,6,14,7,13,Major League Soccer
I. Sánchez,Austin FC,España,6,"CM, CDM",Right,182,35,59,,49,55,62,60,51,60,54,52,49,66,52,58,62,55,63,63,51,48,53,63,59,57,56,61,61,63,57,55,55,64,51,57,51,52,46,10,6,7,7,13,13,Major League Soccer
M. Djordjević,Austin FC,Serbia,35,CB,Right,191,23,64,,53,45,53,52,69,68,48,37,69,62,38,52,45,48,58,50,54,52,53,66,46,60,62,60,72,52,71,66,37,44,39,59,69,72,63,12,15,7,13,15,8,Major League Soccer
Guilherme Biro,Austin FC,Brasil,29,"CB, LB",Right,184,26,65,,60,43,54,57,68,66,50,36,69,66,39,51,49,43,52,60,59,61,59,65,51,58,70,59,70,46,65,70,42,45,45,70,66,70,66,8,10,10,11,14,12,Major League Soccer
Ž. Kolmanič,Austin FC,Eslovenia,23,"LB, CB",Left,177,26,59,,60,45,53,54,58,57,53,40,51,55,42,52,51,41,55,54,61,60,57,58,64,53,52,62,56,49,56,60,42,50,45,58,59,59,59,9,6,13,14,7,12,Major League Soccer
C. Applewhite,Austin FC,Estados Unidos,22,"CB, CDM",Right,180,19,60,,57,42,48,50,60,59,52,39,61,51,34,43,41,38,51,55,55,58,52,56,50,55,58,58,59,39,62,57,31,41,41,52,63,61,56,10,9,15,7,15,7,Major League Soccer
J. Bell,Austin FC,Jamaica,15,"CB, LB",Right,180,29,60,,58,42,48,50,62,61,45,35,63,55,32,45,39,37,55,56,61,55,41,60,49,61,59,60,60,42,67,67,31,41,43,62,61,61,59,14,10,12,10,6,14,Major League Soccer
O. Svatok,Austin FC,Ucrania,5,CB,Left,185,32,70,,66,50,59,57,73,72,56,45,78,65,45,52,51,50,61,60,63,69,59,66,55,62,71,61,77,55,74,73,41,53,49,70,74,72,71,6,9,11,13,10,8,Major League Soccer
B. Hines-Ike,Austin FC,Estados Unidos,4,CB,Right,185,31,64,,53,45,51,52,66,64,46,40,70,58,40,51,44,44,55,49,50,56,60,64,54,59,68,59,66,45,66,64,36,44,43,60,65,65,71,8,12,9,11,10,7,Major League Soccer
M. Desler,Austin FC,Dinamarca,3,"RB, CB, RM",Right,184,31,67,,69,51,60,65,67,69,65,47,59,61,50,66,60,50,56,63,71,68,67,68,68,58,65,81,64,51,68,69,61,60,52,67,68,67,69,14,13,9,8,8,13,Major League Soccer
R. Thomas,Austin FC,Estados Unidos,2,RB,Right,175,24,63,,65,48,56,60,60,58,65,42,55,56,43,61,58,51,56,59,66,64,66,59,60,58,54,63,55,53,58,58,51,46,47,58,61,61,58,8,7,13,10,10,14,Major League Soccer
E. Watt,Austin FC,Estados Unidos,7,CB,Left,191,23,60,,55,41,47,50,64,64,43,34,69,54,35,47,33,41,50,51,57,54,46,59,49,56,72,58,66,44,65,65,36,40,45,67,63,63,67,8,9,11,6,12,10,Major League Soccer
C. Farrar,Austin FC,Inglaterra,39,GK,Left,187,23,62,,39,17,29,32,22,45,15,10,20,35,11,22,21,16,35,36,42,36,35,61,36,35,53,40,50,16,36,30,16,33,19,42,18,21,20,62,62,54,65,66,35,Major League Soccer
D. Las,Austin FC,Estados Unidos,12,GK,Right,188,24,59,,35,18,29,26,18,44,17,10,17,37,13,12,20,18,29,31,36,35,32,59,38,43,48,30,54,16,35,23,11,32,19,41,18,16,15,60,58,53,58,62,35,Major League Soccer
B. Stuver,Austin FC,Estados Unidos,1,GK,Right,191,35,62,,27,20,32,28,20,44,12,12,22,38,12,16,20,20,42,31,26,27,33,58,47,42,47,36,51,19,37,31,14,39,21,41,13,21,19,58,56,55,63,62,38,Major League Soccer
O. Wolff,Sporting Kansas City,Estados Unidos,33,"LW, CM",Left,175,21,66,,73,64,63,70,32,62,65,63,49,60,65,74,64,62,57,68,74,73,72,67,68,65,61,73,62,63,46,39,71,69,57,63,29,27,28,15,10,9,14,11,6,Major League Soccer
S. Reid,Sporting Kansas City,Jamaica,29,ST,Right,175,18,61,,63,61,48,58,26,59,44,64,60,50,61,55,54,50,48,61,60,65,57,60,58,60,62,54,61,55,60,23,63,48,60,59,22,23,22,14,13,10,9,7,11,Major League Soccer
R. Ramos,Sporting Kansas City,Estados Unidos,24,"CAM, LW, ST",Right,175,19,58,,59,57,61,62,30,50,59,55,43,62,55,61,66,53,57,65,60,58,60,54,61,63,48,58,47,57,46,35,56,63,60,58,33,23,24,13,13,6,15,12,12,Major League Soccer
T. Calheira,Sporting Kansas City,Estados Unidos,19,ST,Right,185,24,62,,65,64,52,60,29,62,52,65,60,54,63,62,56,56,44,58,67,63,59,60,59,63,64,51,72,61,51,24,63,51,65,66,27,24,25,9,13,15,12,11,14,Major League Soccer
S. Afrifa,Sporting Kansas City,Canadá,17,ST,Left,180,25,58,,62,63,48,56,24,58,45,66,58,53,61,56,51,38,45,53,61,62,55,62,60,62,57,55,63,58,52,24,65,47,57,59,22,17,21,6,8,10,10,10,12,Major League Soccer
André Luiz,Sporting Kansas City,Brasil,11,"RW, RM",Right,185,24,71,,76,69,69,75,44,66,69,68,59,72,64,75,68,63,60,78,82,71,72,69,67,73,66,67,69,67,57,47,77,72,66,70,41,41,37,15,14,11,13,7,7,Major League Soccer
Capita,Sporting Kansas City,Angola,7,"LW, RM, RW",Left,172,24,65,,75,64,63,68,32,57,69,63,46,66,64,70,61,54,53,64,73,76,71,69,68,64,60,68,53,65,53,39,72,64,69,64,29,25,31,8,13,9,10,15,13,Major League Soccer
M. Suleymanov,Sporting Kansas City,Rusia,93,"RM, LW, CAM",Right,170,26,65,,64,60,66,67,46,61,71,59,49,63,55,68,67,58,62,67,65,64,69,60,67,66,57,67,61,60,54,47,62,69,56,65,46,44,42,15,10,14,9,7,15,Major League Soccer
Z. Bassong,Sporting Kansas City,Canadá,22,"CM, CDM",Right,179,27,65,,62,59,66,65,59,64,59,56,58,69,52,68,60,59,72,63,64,61,65,67,63,65,58,69,63,60,62,61,62,68,58,59,57,60,55,10,14,14,11,14,11,Major League Soccer
K. Agyabeng,Sporting Kansas City,Ghana,20,CM,Right,169,20,56,,54,51,56,56,48,52,53,49,44,58,50,55,53,51,59,56,57,52,64,54,57,50,44,56,52,55,51,50,53,56,50,54,51,48,43,11,12,10,10,13,14,Major League Soccer
J. Bartlett,Sporting Kansas City,Estados Unidos,16,"CM, CDM",Right,188,20,61,,62,53,63,59,53,59,57,48,56,66,57,55,62,57,66,64,57,67,61,54,57,57,58,63,59,57,54,54,57,63,55,60,54,52,52,11,10,7,14,10,15,Major League Soccer
C. Harris,Sporting Kansas City,Inglaterra,14,"LM, LW, RW",Left,183,26,62,,68,59,61,65,42,57,66,57,54,62,54,68,61,63,55,62,71,65,64,62,65,62,58,66,54,60,54,45,57,58,62,58,39,42,36,7,14,6,8,14,14,Major League Soccer
L. Berg Johnsen,Sporting Kansas City,Noruega,4,"CM, CDM",Left,177,27,69,,67,66,70,71,63,68,66,60,56,70,58,69,61,59,76,74,70,64,69,70,74,74,62,76,64,73,72,65,66,75,64,67,67,62,60,8,6,6,7,10,13,Major League Soccer
J. Reid,Sporting Kansas City,Estados Unidos,99,LB,Right,180,25,56,,58,46,50,54,51,54,53,42,49,51,39,52,45,44,53,54,63,54,58,55,61,56,51,56,53,47,56,49,45,44,42,49,50,53,58,15,15,12,14,14,15,Major League Soccer
Diego Borges,Sporting Kansas City,Brasil,57,"CB, RB",Right,194,21,59,,53,38,46,48,62,64,45,32,63,53,34,43,40,39,52,51,56,51,48,53,49,52,64,57,67,40,65,62,32,34,34,57,62,65,52,7,12,8,14,11,9,Major League Soccer
W. Meyer,Sporting Kansas City,Estados Unidos,28,CB,Right,188,24,58,,53,39,44,46,60,57,44,35,65,49,34,41,37,33,48,48,57,49,47,61,46,53,63,52,58,37,60,59,29,38,34,60,56,63,59,12,8,7,8,12,15,Major League Soccer
E. Karić,Sporting Kansas City,Bosnia-Herzegovina,18,"LB, LM",Left,186,29,65,,71,53,62,63,63,64,64,51,67,65,46,61,59,49,63,63,64,76,70,64,62,58,62,73,62,54,60,68,54,59,52,68,59,63,65,6,15,10,6,10,6,Major League Soccer
J. Miller,Sporting Kansas City,Estados Unidos,15,"CB, RB",Left,189,24,62,,56,44,49,50,66,66,45,39,69,57,37,47,37,41,48,52,54,58,48,63,47,60,67,59,70,41,67,69,41,43,41,56,64,64,64,10,13,10,8,11,10,Major League Soccer
J. Reynolds,Sporting Kansas City,Estados Unidos,13,"RB, RM",Right,175,22,59,,60,47,55,58,56,56,58,43,47,55,41,60,47,48,56,56,58,62,59,60,62,55,55,63,53,50,57,55,50,56,51,55,57,56,62,9,10,7,6,13,12,Major League Soccer
J. Davis,Sporting Kansas City,Estados Unidos,8,RB,Left,178,24,66,,69,49,63,65,65,64,70,45,56,64,41,64,53,57,63,63,70,68,68,71,69,61,61,65,66,48,60,65,54,58,52,62,67,65,67,6,9,12,8,6,6,Major League Soccer
O. Blorian,Sporting Kansas City,Israel,5,CB,Left,188,26,65,,61,49,52,55,69,70,53,47,65,54,40,52,41,42,61,58,60,61,51,56,59,58,68,61,76,49,68,66,38,47,44,61,74,68,69,10,9,6,10,12,10,Major League Soccer
M. Mosquera,Sporting Kansas City,Colombia,3,"CB, CDM",Left,187,25,67,,67,46,54,56,72,71,53,39,67,59,41,52,45,45,60,57,66,68,53,69,60,59,77,63,75,53,70,71,40,46,48,66,72,75,71,9,6,15,6,9,8,Major League Soccer
I. James,Sporting Kansas City,Estados Unidos,2,"CB, RB",Right,188,18,59,,59,39,47,47,61,64,44,36,57,52,31,44,39,38,52,50,58,59,44,53,48,51,65,58,69,37,61,62,31,43,39,54,58,66,57,10,14,9,6,8,8,Major League Soccer
S. Cleveland,Sporting Kansas City,Estados Unidos,30,GK,Right,188,32,58,,29,16,26,24,14,43,17,10,18,30,10,16,14,15,25,24,33,26,31,52,38,36,43,37,48,14,36,22,10,34,15,40,10,10,13,55,60,52,59,60,34,Major League Soccer
J. Kortkamp,Sporting Kansas City,Estados Unidos,12,GK,Right,190,18,59,,42,18,27,24,17,42,20,10,19,32,12,10,13,16,27,29,39,45,38,52,36,37,50,30,49,18,38,26,10,32,19,40,14,16,11,62,59,51,56,59,38,Major League Soccer
J. Pulskamp,Sporting Kansas City,Estados Unidos,1,GK,Right,193,25,60,,35,17,27,25,16,47,13,10,20,31,12,10,16,13,33,32,33,37,35,52,41,41,55,35,55,14,38,23,12,36,11,39,14,13,17,61,60,57,63,62,38,Major League Soccer
M. Pašalić,Orlando City,Croacia,87,"RM, RW, ST",Right,177,26,72,Croacia,80,66,67,76,54,72,71,68,60,66,69,77,72,64,69,74,75,84,79,69,79,62,63,79,72,65,65,58,69,64,69,74,52,50,53,13,8,14,14,7,15,Major League Soccer
G. Caraballo,Orlando City,Venezuela,65,"RW, ST, RM",Right,162,18,60,,73,60,58,61,32,50,60,62,45,62,54,59,58,51,52,60,75,71,70,57,71,61,47,59,46,58,49,31,61,57,57,58,35,25,28,8,8,8,9,14,8,Major League Soccer
H. Sarajian,Orlando City,Estados Unidos,23,"LW, ST, LM",Left,188,21,59,,69,56,56,61,29,55,65,53,57,53,53,61,63,49,53,63,68,69,61,56,54,59,52,56,58,61,45,31,57,56,53,58,26,25,19,10,13,11,13,6,13,Major League Soccer
J. Ellis,Orlando City,Estados Unidos,22,"ST, CAM, RM",Right,190,19,63,Estados Unidos,66,65,54,62,30,61,52,68,64,59,57,57,57,58,47,69,66,66,59,59,60,63,64,57,64,62,56,29,68,53,61,63,28,23,24,7,8,15,12,13,9,Major League Soccer
T. Spicer,Orlando City,Trinidad y Tobago,14,"LW, LM",Left,185,25,60,Trinidad y Tobago,68,61,59,62,30,55,65,63,52,58,59,63,61,52,56,61,69,68,62,60,60,60,55,66,52,58,49,34,64,57,57,56,26,25,26,15,6,14,14,13,13,Major League Soccer
Tiago Carvalho,Orlando City,Brasil,11,"CM, LW, ST",Left,175,21,59,,60,54,62,60,50,57,59,49,45,63,48,55,60,46,63,65,64,57,61,61,60,56,54,62,55,60,56,52,61,66,56,60,56,47,42,13,15,9,8,6,8,Major League Soccer
M. Ojeda,Orlando City,Argentina,10,"ST, CAM",Right,173,27,75,,77,76,65,73,44,74,60,80,78,67,72,70,69,65,59,77,76,78,75,72,73,77,69,72,78,67,68,41,81,68,77,75,43,37,37,14,9,9,14,8,8,Major League Soccer
D. Dike,Orlando City,Estados Unidos,9,ST,Right,187,26,64,,67,66,55,63,31,63,55,68,65,55,61,65,54,58,50,63,68,66,61,62,54,69,64,58,67,58,60,33,70,56,66,69,29,22,27,7,15,6,15,13,8,Major League Soccer
A. Griezmann,Orlando City,Francia,7,"ST, CAM",Right,174,35,75,,68,76,68,75,43,72,66,77,80,70,75,73,72,62,66,76,69,68,79,80,74,78,76,73,72,71,70,39,83,71,76,80,42,40,28,15,7,13,6,8,12,Major League Soccer
Pedro Leão,Orlando City,Brasil,29,ST,Right,186,20,60,,64,62,50,58,31,57,48,67,65,52,59,58,51,55,43,59,66,63,60,58,50,58,62,54,60,55,51,25,61,51,63,58,28,28,23,9,15,8,15,13,8,Major League Soccer
I. Gómez,Orlando City,Argentina,80,"CDM, CM",Right,181,20,58,,58,49,54,55,60,60,41,48,55,61,44,52,45,47,60,57,60,56,56,54,57,56,54,63,57,48,64,65,46,54,42,53,59,59,62,12,7,13,7,7,7,Major League Soccer
I. Angulo,Orlando City,Colombia,77,"LM, LB, RW",Right,170,27,68,,71,62,68,71,52,63,72,61,56,68,58,71,62,61,67,72,74,68,73,65,73,61,61,71,62,67,57,54,62,69,64,60,48,57,42,14,6,13,9,15,6,Major League Soccer
D. Judelson,Orlando City,Estados Unidos,41,"CDM, CM",Right,180,18,62,,62,51,59,58,63,64,54,45,57,65,46,58,56,54,57,58,61,63,53,62,62,61,60,64,63,56,66,68,51,56,43,58,62,63,65,12,11,12,12,13,14,Major League Soccer
I. Haruna,Orlando City,Ghana,38,"RW, CAM, CDM",Right,170,22,62,,70,57,59,67,30,54,63,60,49,58,62,67,57,53,58,67,69,71,65,68,69,56,46,61,54,50,49,30,63,60,59,65,26,27,29,8,6,6,10,6,13,Major League Soccer
J. Gerbet,Orlando City,Francia,35,"CM, CDM",Left,180,25,56,,53,49,58,56,48,55,50,45,44,60,49,54,53,53,63,59,56,50,50,60,56,50,48,60,54,55,53,47,51,60,50,56,51,49,41,13,11,12,10,7,15,Major League Soccer
E. Atuesta,Orlando City,Colombia,20,"CM, CDM",Right,180,29,69,,69,64,70,67,60,65,63,62,61,72,57,66,63,62,72,68,71,67,66,73,66,70,63,70,63,62,62,62,67,75,65,72,60,59,59,10,12,12,13,6,8,Major League Soccer
W. Cartagena,Orlando City,Perú,16,CDM,Right,179,32,65,Perú,58,56,60,62,67,69,56,53,62,63,44,62,53,55,64,64,56,59,54,65,59,66,58,71,70,56,69,69,56,61,49,73,69,66,66,14,8,15,11,12,6,Major League Soccer
B. Ojeda,Orlando City,Paraguay,8,"CM, CDM",Left,173,26,67,,63,64,67,68,59,64,64,64,52,67,58,66,65,58,70,71,66,61,64,62,72,65,58,74,61,65,63,57,62,71,64,72,55,65,62,12,14,15,11,11,11,Major League Soccer
Luis Otávio,Orlando City,Brasil,5,"CDM, CM",Right,175,19,59,,54,47,57,55,60,61,55,42,49,60,40,51,47,51,61,58,52,56,56,59,57,56,55,64,60,52,63,65,48,56,50,57,59,60,60,12,13,10,8,11,14,Major League Soccer
Iago,Orlando City,Brasil,57,"CB, RB",Right,188,21,63,,59,42,50,52,64,67,49,36,59,57,35,47,43,44,50,55,56,62,53,69,50,57,66,60,69,40,69,72,47,43,42,63,66,58,67,9,7,8,8,6,9,Major League Soccer
B. Rhein Goncalves,Orlando City,Estados Unidos,44,"LB, RB",Right,181,19,59,,65,45,54,56,58,57,58,45,51,57,45,57,50,42,52,54,67,64,59,54,61,50,54,60,56,43,55,61,46,48,41,51,58,58,60,7,12,7,13,11,10,Major League Soccer
C. Archange,Orlando City,Estados Unidos,33,"LB, CB",Right,177,18,58,,64,45,52,55,53,58,55,41,52,54,43,54,48,45,51,54,61,66,63,49,57,58,57,61,59,42,52,52,50,51,39,50,52,55,57,14,11,10,6,10,11,Major League Soccer
Vinícius Nogueira,Orlando City,Brasil,27,LB,Left,180,24,66,,74,53,59,61,63,66,66,53,62,61,52,61,60,52,58,56,73,74,72,73,65,57,64,70,66,51,60,64,54,52,54,66,64,62,65,7,7,6,15,7,9,Major League Soccer
G. Dorsey,Orlando City,Estados Unidos,24,"RB, RM",Left,182,27,63,,64,46,59,59,59,64,62,42,59,66,43,57,50,50,60,61,66,63,60,62,62,57,58,65,64,43,64,56,51,47,44,60,64,58,57,7,13,14,14,11,11,Major League Soccer
N. Miller,Orlando City,Estados Unidos,21,CB,Right,188,22,57,,53,37,48,47,60,58,45,33,58,55,36,41,38,37,50,52,52,53,44,54,50,51,57,48,60,36,66,66,31,41,34,56,57,58,61,7,10,7,11,10,6,Major League Soccer
Z. Taifi,Orlando City,Estados Unidos,19,"RB, LB",Right,177,21,57,,62,43,52,54,54,54,56,38,50,56,40,54,45,43,53,54,63,61,57,53,59,54,50,62,51,41,53,54,45,46,44,53,51,57,56,8,8,12,14,13,12,Major League Soccer
R. Jansson,Orlando City,Suecia,6,CB,Right,185,34,63,,52,40,53,51,65,65,54,33,63,58,30,48,42,40,55,51,54,51,52,60,52,59,65,64,63,38,71,59,39,48,48,66,64,70,63,14,8,8,12,7,14,Major League Soccer
D. Brekalo,Orlando City,Eslovenia,4,"CB, CDM",Left,186,27,68,Eslovenia,64,47,56,57,68,71,55,40,71,64,37,51,47,46,55,60,61,66,59,66,59,67,68,66,73,46,73,75,39,51,48,65,65,67,67,10,13,15,9,6,6,Major League Soccer
A. Marin,Orlando City,España,3,"CB, LB",Right,181,29,64,,63,47,50,55,68,63,49,44,69,54,37,52,44,46,54,54,62,64,55,64,62,63,62,58,67,45,60,66,36,45,44,65,67,70,66,13,9,14,8,15,9,Major League Soccer
M. Crépeau,Orlando City,Canadá,71,GK,Right,185,32,68,,42,24,36,36,24,50,24,16,27,39,19,23,18,24,38,40,42,42,46,64,47,44,55,40,58,23,43,35,18,48,34,49,25,17,22,72,67,59,72,67,46,Major League Soccer
T. Himes,Orlando City,Estados Unidos,40,GK,Right,186,23,62,,34,21,30,25,21,48,18,15,19,32,16,10,15,20,39,29,32,35,36,57,48,42,47,41,55,19,38,30,10,38,20,44,20,18,18,61,62,54,63,67,41,Major League Soccer
J. Otero,Orlando City,Venezuela,12,GK,Right,198,23,60,,36,16,27,31,17,43,14,10,16,35,12,20,14,17,29,36,33,39,34,56,42,37,41,31,53,10,33,25,10,31,17,41,12,18,17,58,59,56,61,64,36,Major League Soccer
M. Jiménez,Red Bull New York,Panamá,91,ST,Left,181,19,60,Panamá,63,64,47,59,29,61,46,67,58,51,63,59,47,49,44,59,64,62,56,60,55,65,61,56,65,56,57,25,67,41,61,59,27,26,19,7,13,14,9,10,7,Major League Soccer
R. Mosquera,Red Bull New York,Panamá,79,RW,Right,170,21,61,Panamá,71,59,58,68,31,51,65,59,45,54,57,70,59,56,56,67,73,70,67,62,68,60,49,64,48,56,45,33,57,59,62,60,25,32,26,13,10,11,15,7,13,Major League Soccer
A. Rojas,Red Bull New York,Costa Rica,70,"LW, CAM, CM",Left,181,20,63,,71,62,61,64,32,56,66,62,49,63,60,66,63,60,57,63,73,69,69,61,59,62,59,59,56,61,50,36,64,56,60,58,25,32,28,8,11,9,15,6,11,Major League Soccer
T. Rosborough,Red Bull New York,Estados Unidos,66,LW,Left,177,18,59,,65,59,58,60,27,52,58,60,45,63,59,59,56,52,54,61,67,64,63,55,58,60,46,59,52,57,45,33,67,56,51,55,24,23,21,10,10,12,10,7,9,Major League Soccer
C. Harper,Red Bull New York,Estados Unidos,17,"RW, RM",Right,176,24,62,,71,57,61,62,30,54,62,54,45,62,57,58,67,55,55,64,69,73,67,62,67,63,50,60,52,58,50,31,63,61,56,61,29,26,26,15,7,10,14,11,8,Major League Soccer
J. Hall,Red Bull New York,Estados Unidos,16,"ST, LW",Right,178,18,66,Estados Unidos,71,68,56,64,31,66,61,68,74,56,63,66,51,59,51,62,74,68,66,63,65,72,59,67,68,62,60,28,76,55,64,65,27,23,27,9,14,12,7,15,12,Major League Soccer
E. Maxim Choupo-Moting,Red Bull New York,Camerún,13,ST,Right,191,37,69,,64,74,62,66,34,71,56,77,77,67,74,68,62,57,57,65,66,63,63,71,65,71,74,65,77,72,62,34,77,64,69,69,28,28,30,13,9,10,13,6,6,Major League Soccer
J. Ruvalcaba,Red Bull New York,México,11,"LW, RW, LM",Right,180,25,72,,81,70,71,74,42,66,70,73,65,73,75,74,74,68,64,76,82,81,76,72,71,68,70,74,65,66,55,40,69,75,72,70,40,41,36,9,6,8,13,14,10,Major League Soccer
C. Cowell,Red Bull New York,Estados Unidos,7,"RW, LW",Left,182,22,65,,78,61,62,67,33,57,61,61,53,64,65,70,62,60,57,65,77,78,67,65,69,62,53,63,57,59,51,35,68,64,63,63,31,28,34,12,10,10,6,12,12,Major League Soccer
D. Nelich,Red Bull New York,Estados Unidos,21,"LW, LM",Right,173,18,61,,70,56,59,66,30,53,61,55,46,59,54,70,61,58,52,65,71,70,68,54,68,59,48,62,51,56,47,32,60,61,61,57,31,25,25,9,14,14,6,6,6,Major League Soccer
A. Jarvis,Red Bull New York,Estados Unidos,88,"CM, CDM",Right,177,19,58,,58,53,57,58,53,53,50,52,48,59,49,55,58,53,60,61,56,59,58,55,61,58,51,61,50,54,53,52,53,60,49,56,51,58,49,10,6,13,13,15,8,Major League Soccer
S. Kone,Red Bull New York,Malí,60,"CM, CAM, CDM",Right,176,19,60,,59,53,63,60,51,59,59,49,46,68,51,59,57,58,61,62,63,55,60,57,60,58,52,67,59,56,51,57,57,61,50,52,49,52,47,14,7,15,11,11,11,Major League Soccer
R. Donkor,Red Bull New York,Ghana,48,"CM, CAM",Right,173,21,63,Ghana,59,58,64,62,58,61,61,55,53,71,54,62,59,53,59,63,60,59,55,60,59,60,56,67,59,65,62,61,58,61,59,70,56,59,58,6,14,14,14,8,14,Major League Soccer
N. Benedetti,Red Bull New York,Argentina,39,"CM, CAM",Right,177,21,60,,61,55,61,60,50,61,54,55,49,65,49,59,63,53,63,62,61,61,63,60,57,59,55,65,60,52,58,56,62,60,52,60,46,50,55,11,6,9,10,12,13,Major League Soccer
M. Sofo,Red Bull New York,Ghana,37,"CM, LW",Left,175,21,62,,59,58,64,63,53,58,61,55,52,67,55,59,61,61,62,67,59,59,64,62,62,64,52,63,56,58,57,52,59,63,53,60,54,56,46,15,8,12,11,6,7,Major League Soccer
A. Mehmeti,Red Bull New York,Estados Unidos,15,"CM, CDM",Right,177,17,65,Estados Unidos,69,59,66,64,57,63,55,54,51,73,52,62,58,58,74,65,71,67,67,61,70,68,56,72,60,63,61,55,55,63,56,63,57,62,55,14,8,11,15,15,14,Major League Soccer
E. Forsberg,Red Bull New York,Suecia,10,"CM, CAM",Right,179,34,70,,61,64,70,71,59,64,62,60,60,79,57,71,72,66,63,73,59,62,64,76,71,70,60,71,62,68,62,56,69,69,61,72,66,55,59,10,6,11,7,11,8,Major League Soccer
D. Ruiz,Red Bull New York,Honduras,8,CM,Right,181,22,64,Honduras,63,58,66,62,56,62,59,55,52,69,56,60,63,60,70,65,59,67,59,62,60,61,58,65,62,62,60,54,64,66,57,66,57,59,55,11,10,11,8,11,12,Major League Soccer
D. Padelford,Red Bull New York,Estados Unidos,59,"CB, LB",Left,183,23,57,,56,37,46,46,62,60,44,29,60,52,34,41,39,36,49,50,49,62,43,53,52,57,59,55,63,37,60,64,31,39,36,56,60,64,55,11,6,6,8,13,12,Major League Soccer
M. Dos Santos,Red Bull New York,Estados Unidos,56,"LB, LM",Right,179,18,64,,73,47,60,59,63,66,63,40,56,63,48,58,51,55,57,59,77,69,64,56,60,61,56,72,65,47,64,67,54,56,45,56,63,63,60,8,7,8,13,10,11,Major League Soccer
T. Parker,Red Bull New York,Estados Unidos,26,CB,Right,188,33,58,,46,39,46,48,63,63,48,33,65,53,42,45,38,38,46,49,44,48,43,59,48,55,63,56,67,39,61,65,31,38,38,55,63,62,63,14,10,12,10,10,11,Major League Soccer
J. Mina,Red Bull New York,Colombia,20,RB,Right,184,22,60,,65,47,57,58,59,58,63,48,51,61,41,55,55,43,52,60,64,65,65,55,54,51,48,62,59,45,54,62,45,52,44,56,60,60,59,12,14,14,13,9,6,Major League Soccer
J. Bazán,Red Bull New York,Colombia,14,"CB, CDM",Right,183,20,60,,55,41,47,50,64,61,42,35,59,55,40,44,35,42,50,57,56,54,48,53,51,54,58,58,62,46,63,64,36,40,37,58,65,65,66,13,9,14,12,9,15,Major League Soccer
D. Nealis,Red Bull New York,Estados Unidos,12,"CB, RB",Left,181,28,64,,57,44,53,55,67,68,49,38,64,59,42,51,41,47,56,56,56,58,57,65,59,61,67,64,68,42,73,68,42,48,42,63,67,67,69,6,13,6,10,6,11,Major League Soccer
R. Voloder,Red Bull New York,Alemania,6,CB,Left,185,25,61,,58,40,51,50,65,63,54,37,67,55,35,44,40,42,54,54,56,60,50,62,52,52,66,54,67,38,64,63,34,43,44,65,68,64,61,11,12,15,15,12,8,Major League Soccer
O. Valencia,Red Bull New York,Panamá,5,"LB, RB",Right,172,22,56,Panamá,59,41,53,49,54,51,58,40,47,57,40,47,44,43,52,48,59,59,51,57,60,50,52,62,45,34,54,53,40,45,49,47,53,57,56,7,12,11,10,6,10,Major League Soccer
J. Marshall-Rutty,Red Bull New York,Canadá,3,"RB, LB",Left,170,22,66,,69,49,61,64,65,62,68,45,56,65,50,60,56,52,59,67,66,71,71,62,70,60,58,69,58,49,66,63,49,54,49,62,64,70,65,6,12,15,8,7,9,Major League Soccer
J. Che,Red Bull New York,Estados Unidos,2,CB,Right,185,22,62,,53,43,46,49,65,64,38,40,62,55,37,44,42,36,50,51,52,54,54,58,50,53,66,55,68,42,63,54,36,39,46,60,71,66,66,6,6,9,6,9,6,Major League Soccer
D. Alexandre,Red Bull New York,Estados Unidos,4,CB,Left,182,19,56,,56,40,47,45,58,56,42,39,58,51,30,44,37,40,53,47,53,58,42,55,39,51,56,51,55,38,66,57,28,44,38,50,58,56,62,8,10,7,9,7,11,Major League Soccer
J. McCarthy,Red Bull New York,Estados Unidos,77,GK,Left,190,34,61,,31,19,29,26,18,44,17,10,21,33,16,13,10,17,32,29,32,30,35,56,41,43,51,36,52,19,31,27,11,39,18,46,15,12,20,58,57,50,60,67,40,Major League Soccer
E. Horvath,Red Bull New York,Estados Unidos,34,GK,Right,195,31,65,,38,24,32,33,27,50,23,18,24,38,19,21,22,19,34,35,39,37,41,71,47,42,57,42,57,21,40,37,15,36,26,47,27,24,20,69,64,55,69,72,45,Major League Soccer
A. Marcucci,Red Bull New York,Estados Unidos,1,GK,Left,191,27,56,,33,18,25,25,14,38,12,14,20,32,10,14,10,12,24,27,32,34,32,57,37,37,49,33,43,14,30,20,11,32,19,37,12,13,10,59,59,53,58,55,34,Major League Soccer
T. Szewczyk,Red Bull New York,Estados Unidos,23,GK,Left,186,17,59,,34,17,30,25,17,44,14,10,19,37,14,13,13,16,35,28,28,39,34,49,41,36,47,33,51,17,37,23,13,39,20,35,16,12,17,58,61,51,60,59,38,Major League Soccer
J. Vilsaint,Toronto FC,Canadá,99,"ST, CF",Left,193,23,57,,57,56,48,54,24,60,44,57,60,54,56,57,49,53,40,52,57,57,45,60,52,59,63,54,65,51,54,19,60,44,56,57,22,22,15,12,13,6,8,14,14,Major League Soccer
L. Morgan,Toronto FC,Escocia,90,"ST, LW",Right,178,30,64,,63,68,53,64,32,64,52,69,60,56,69,63,60,52,48,66,62,64,60,70,61,69,60,58,70,66,57,31,72,51,57,66,32,23,28,7,8,6,11,10,7,Major League Soccer
M. Henry,Toronto FC,Canadá,78,"RW, RM",Right,163,24,56,,61,54,52,59,27,47,52,54,44,52,48,60,56,48,48,58,60,61,62,53,59,59,42,55,45,51,41,27,61,54,51,55,24,26,19,12,11,9,9,6,14,Major League Soccer
A. Piedrahita,Toronto FC,Colombia,27,"LW, RW",Right,182,24,63,,70,60,59,67,31,59,64,59,52,59,64,71,61,58,52,64,69,70,68,58,67,60,55,70,58,60,48,32,68,61,59,59,30,24,29,7,13,6,15,10,12,Major League Soccer
D. Sallói,Toronto FC,Hungría,20,"LW, RW, CAM",Left,185,30,69,,77,70,66,73,39,63,69,72,64,70,65,74,67,65,57,75,76,77,69,67,67,75,60,67,64,65,55,40,69,64,62,70,34,37,30,13,10,12,15,6,9,Major League Soccer
E. Aristizábal,Toronto FC,Colombia,17,"ST, RW",Right,187,21,63,,64,65,53,63,34,63,52,67,64,56,64,62,54,52,47,65,65,63,63,62,59,67,61,60,68,59,57,36,61,54,65,63,31,31,20,10,14,10,6,14,15,Major League Soccer
D. Etienne,Toronto FC,Haití,11,"LW, ST, RW",Right,178,29,62,,66,61,59,61,32,56,63,59,47,58,55,61,58,59,55,60,64,67,63,63,63,62,55,64,55,65,47,34,66,61,58,63,29,30,25,13,14,8,15,9,9,Major League Soccer
J. Sargent,Toronto FC,Estados Unidos,9,ST,Right,185,26,76,,76,79,65,75,42,77,61,81,76,68,76,71,66,70,62,81,77,76,72,74,71,83,74,72,81,70,72,35,80,64,82,80,43,38,31,12,11,14,12,12,14,Major League Soccer
T. Corbeanu,Toronto FC,Canadá,7,RW,Right,190,24,67,,75,66,65,73,36,64,69,67,56,65,67,76,67,60,64,75,71,78,66,65,64,65,67,67,68,63,49,39,68,63,64,66,31,32,32,10,12,6,10,9,7,Major League Soccer
J. Osorio,Toronto FC,Canadá,21,"CDM, CM",Right,175,34,67,,57,58,63,66,68,70,59,54,60,68,49,66,55,55,65,69,61,53,57,70,62,66,67,65,71,63,73,71,57,61,57,69,67,72,64,15,10,9,13,14,14,Major League Soccer
A. Coello,Toronto FC,España,14,"CDM, CM",Left,185,26,64,,56,55,60,60,64,66,54,53,61,67,44,59,51,51,65,63,60,53,52,64,59,60,65,64,67,58,66,60,53,57,52,64,59,70,69,14,10,7,15,7,13,Major League Soccer
D. Mihailović,Toronto FC,Estados Unidos,10,"CAM, CM, LW",Right,177,27,71,,70,71,71,75,45,64,65,73,61,74,67,74,70,72,65,78,72,68,70,75,69,69,57,70,63,70,62,47,69,76,69,78,47,39,40,13,14,15,11,13,10,Major League Soccer
N. Palacio,Toronto FC,Colombia,8,"CM, CDM, CB",Right,180,25,63,,60,59,64,65,56,58,60,57,51,66,51,61,63,62,65,71,62,59,60,62,64,63,51,65,59,61,51,55,61,65,58,65,55,58,55,7,8,15,8,6,9,Major League Soccer
N. Dorsch,Toronto FC,Alemania,6,"CM, CDM",Left,178,28,69,,64,65,67,67,60,69,62,63,62,69,59,65,67,62,69,68,63,65,66,69,68,66,62,72,70,70,65,63,67,67,62,70,60,59,55,11,6,7,7,15,7,Major League Soccer
R. Edwards,Toronto FC,Canadá,44,"LB, LW",Right,173,31,62,,64,46,57,57,58,60,61,42,47,60,46,53,53,44,53,57,61,66,68,61,66,58,57,63,60,40,58,61,54,53,47,59,56,61,64,8,9,12,7,10,9,Major League Soccer
J. Gilman,Toronto FC,Estados Unidos,38,"RB, CB, CM",Right,180,22,56,,61,43,52,53,55,52,57,39,50,55,39,51,45,44,51,53,58,63,55,56,59,51,51,62,47,44,52,58,43,44,43,53,52,56,56,15,15,13,6,10,15,Major League Soccer
W. Zimmerman,Toronto FC,Estados Unidos,25,"CB, RB",Right,191,33,72,,65,51,60,60,78,77,65,42,74,64,46,57,50,47,61,61,64,66,59,71,58,71,77,69,79,50,80,78,52,54,54,73,81,75,79,13,13,8,10,9,15,Major League Soccer
R. Laryea,Toronto FC,Canadá,22,"LB, RB, CB",Left,175,31,65,Canadá,67,52,61,64,66,64,66,51,58,63,53,66,58,59,59,59,68,67,69,64,72,58,59,74,61,50,62,69,55,53,50,62,66,69,64,12,14,9,7,12,13,Major League Soccer
K. Franklin,Toronto FC,Canadá,19,"RB, LB",Right,168,23,57,,65,44,52,55,52,52,57,38,41,56,41,53,53,45,48,55,65,65,60,57,64,54,51,62,46,47,57,53,43,46,43,53,54,54,52,15,11,7,9,15,10,Major League Soccer
N. Gomis,Toronto FC,Francia,15,"CB, RB",Right,185,24,59,,53,41,48,50,64,63,47,39,64,55,36,44,40,40,50,54,51,54,48,54,55,51,61,57,64,37,68,67,34,39,39,57,59,65,65,8,15,8,10,9,8,Major League Soccer
B. Kuščević,Toronto FC,Chile,13,CB,Right,186,30,65,,62,45,53,55,67,68,49,37,62,60,43,49,37,46,60,60,63,62,53,64,55,62,62,63,72,46,65,65,39,44,47,61,68,70,67,10,14,9,12,14,12,Major League Soccer
Z. Monlouis,Toronto FC,Jamaica,12,CB,Left,185,22,60,,54,39,45,49,62,63,41,32,64,49,34,47,44,38,54,49,56,53,45,58,52,55,60,56,65,38,66,57,39,37,40,58,65,63,63,9,8,9,9,15,15,Major League Soccer
Matheus Pereira,Toronto FC,Brasil,3,LB,Right,172,25,65,,71,54,61,62,62,63,70,53,53,65,49,62,55,53,62,60,73,70,64,68,69,62,65,72,56,52,67,69,56,49,47,64,61,59,66,13,7,14,15,7,13,Major League Soccer
W. Yarbrough,Toronto FC,Estados Unidos,23,GK,Right,187,37,58,,26,17,27,24,18,37,19,11,19,32,12,12,14,10,29,26,24,27,34,54,41,39,42,29,43,15,32,26,11,34,11,38,10,20,16,58,53,49,61,60,36,Major League Soccer
L. Gavran,Toronto FC,Canadá,1,GK,Right,198,26,62,,33,21,30,27,21,46,20,13,21,38,10,18,11,13,32,26,31,35,35,58,42,44,50,37,52,19,43,25,10,35,22,38,24,15,23,65,62,58,57,63,42,Major League Soccer
A. Miranchuk,Atlanta United,Rusia,59,"RW, ST",Left,185,30,74,Rusia,83,72,73,75,44,71,73,74,61,75,71,77,77,67,70,74,87,80,71,78,69,70,70,78,69,70,66,45,79,72,73,68,39,43,40,13,11,7,10,10,11,Major League Soccer
B. Embolo,Atlanta United,Suiza,36,"ST, CF",Left,187,29,78,,78,77,69,80,50,80,65,77,78,75,82,81,70,72,62,82,81,75,72,75,71,79,82,79,85,71,70,46,80,69,78,81,52,45,37,13,12,11,15,13,6,Major League Soccer
C. Togashi,Atlanta United,Japón,30,ST,Left,178,33,60,,58,60,50,60,25,56,44,63,61,55,58,56,57,50,42,63,57,59,61,67,58,58,58,52,58,53,56,25,61,49,61,66,22,17,21,6,10,8,9,9,15,Major League Soccer
F. Picault,Atlanta United,Haití,22,"ST, LW, CAM",Right,173,35,61,Haití,58,62,51,60,30,54,51,65,59,54,60,56,62,48,43,63,56,59,60,62,60,60,54,57,53,58,52,30,65,51,67,62,30,25,20,12,15,10,13,8,7,Major League Soccer
L. Brennan,Atlanta United,Estados Unidos,20,"RW, LW",Left,182,21,58,,67,54,55,58,27,52,59,50,47,59,58,56,59,54,46,60,68,66,62,59,56,56,51,61,51,57,44,28,63,51,53,59,24,23,23,11,13,9,10,9,7,Major League Soccer
Sérgio Santos,Atlanta United,Brasil,19,"ST, CF",Right,180,32,62,,57,66,53,61,29,61,50,68,62,56,66,59,59,55,44,62,55,58,63,64,59,66,56,59,65,60,55,31,66,54,64,66,26,22,23,13,12,6,14,15,12,Major League Soccer
M. Almirón,Atlanta United,Paraguay,10,"LW, LM, RM",Left,174,32,78,Paraguay,79,79,74,83,47,69,82,83,63,71,69,87,77,70,74,79,79,79,81,80,83,76,67,81,65,78,65,49,81,71,73,80,47,43,40,11,6,11,9,10,12,Major League Soccer
P. Weah,Atlanta United,Estados Unidos,17,RW,Right,185,22,60,,67,59,58,63,30,54,58,57,51,62,56,64,57,52,53,61,69,65,66,63,57,62,59,57,55,62,46,29,64,59,59,62,29,27,27,13,8,15,9,12,14,Major League Soccer
C. Dunbar,Atlanta United,Estados Unidos,21,"LW, CAM, ST",Left,176,23,62,,68,61,59,63,30,56,62,64,47,59,56,63,63,59,56,63,66,69,66,62,68,58,49,62,58,60,47,30,61,59,58,59,30,25,23,10,15,9,13,12,13,Major League Soccer
C. Sanchez,Atlanta United,Estados Unidos,48,"CM, CAM, CDM",Right,181,18,61,,58,56,61,62,52,62,54,54,48,66,51,62,57,56,60,65,60,57,61,56,58,60,57,67,63,60,56,56,55,60,55,58,52,50,56,15,11,15,8,8,10,Major League Soccer
S. Pita,Atlanta United,Estados Unidos,40,CAM,Right,172,19,58,,58,59,59,60,27,50,59,57,47,60,52,62,61,59,55,61,56,60,57,53,62,61,39,60,47,63,49,28,62,61,55,52,21,26,26,15,10,10,12,7,11,Major League Soccer
A. Fortune,Atlanta United,Trinidad y Tobago,35,"CM, CAM, CDM",Right,173,23,63,,62,60,63,66,55,57,61,58,51,65,55,67,58,53,65,64,60,64,69,61,65,63,54,65,54,64,55,57,67,64,55,64,57,54,52,10,13,15,6,8,13,Major League Soccer
W. Reilly,Atlanta United,Estados Unidos,28,"CM, CDM",Right,178,23,55,,51,45,56,57,50,53,49,41,49,56,48,54,60,52,61,58,51,51,58,56,59,46,43,55,54,51,50,50,50,58,49,64,48,54,48,6,10,15,14,12,13,Major League Soccer
A. Gill,Atlanta United,Estados Unidos,16,"CDM, CM",Right,177,20,56,,54,46,55,51,60,58,49,42,56,60,40,45,47,45,55,58,53,54,53,49,54,58,54,63,56,46,58,62,49,55,44,54,60,60,55,13,14,8,14,6,9,Major League Soccer
M. Amaro,Atlanta United,Uruguay,14,"CM, CDM",Right,179,21,66,,64,62,68,69,61,64,58,61,57,74,57,66,66,59,65,73,64,64,66,65,69,63,58,70,63,65,63,61,67,75,58,69,60,63,58,10,10,9,12,6,15,Major League Soccer
G. Galoppo,Atlanta United,Argentina,11,"CM, CDM",Right,179,27,67,,65,65,69,67,62,66,63,63,56,72,51,69,66,58,72,65,61,69,68,65,65,69,62,75,63,70,63,62,66,72,64,67,63,62,61,8,13,12,12,6,14,Major League Soccer
T. Muyumba,Atlanta United,Francia,8,"CM, CDM, CAM",Right,165,29,66,,67,61,66,68,56,62,61,59,48,69,59,66,56,59,68,69,70,65,71,62,76,63,52,76,57,64,59,59,64,68,60,69,57,55,54,7,8,8,12,14,12,Major League Soccer
S. Alzate,Atlanta United,Colombia,7,CM,Right,180,28,69,,64,61,66,71,63,69,60,60,64,71,60,72,61,62,65,74,63,64,66,64,69,65,67,75,69,60,62,59,63,66,66,67,61,68,63,9,6,6,9,8,9,Major League Soccer
E. Dovlo,Atlanta United,Togo,5,"RW, RB, RM",Right,184,23,57,,66,55,53,62,26,51,59,58,50,53,54,68,55,51,45,58,63,69,60,61,58,53,51,55,51,51,44,29,58,54,47,53,23,18,28,11,15,9,15,7,10,Major League Soccer
T. Jacob,Atlanta United,Argentina,55,"RB, CM, CB",Right,179,22,69,,74,56,62,65,67,69,62,52,58,62,47,62,61,54,66,65,72,76,75,61,71,66,64,79,65,56,67,66,55,59,58,62,67,68,71,11,15,9,6,8,6,Major League Soccer
D. Chong-Qui,Atlanta United,Estados Unidos,50,"LB, LM",Left,185,18,61,,64,47,54,56,60,61,55,45,55,59,45,57,49,52,54,56,63,65,57,51,58,54,62,69,57,43,63,60,48,48,47,55,62,60,61,6,8,9,13,14,14,Major League Soccer
M. Edwards,Atlanta United,Estados Unidos,47,"RB, RM",Right,178,23,55,,61,42,51,51,51,54,54,38,50,56,36,49,46,46,47,52,62,61,57,48,60,49,51,61,50,42,56,49,48,45,47,51,49,54,54,8,10,10,14,9,15,Major League Soccer
P. Díaz,Atlanta United,Chile,27,"CB, CDM",Left,184,32,72,Chile,65,54,61,60,74,74,57,49,71,68,48,52,58,52,63,65,64,65,63,69,60,70,75,66,78,53,73,74,48,56,45,74,72,79,73,14,13,13,7,11,10,Major League Soccer
J. Alonso,Atlanta United,Paraguay,6,"CB, LB",Right,185,33,68,Paraguay,56,46,55,60,71,66,54,39,68,59,43,54,49,45,62,64,55,56,56,72,62,60,71,61,68,48,68,73,41,50,47,70,67,74,76,9,10,10,7,14,10,Major League Soccer
E. Mihaj,Atlanta United,Albania,4,CB,Right,186,28,64,,58,45,50,53,70,66,49,40,61,56,38,49,41,46,59,56,60,56,49,66,53,64,64,60,69,42,68,68,42,38,40,63,73,71,66,7,11,15,9,9,14,Major League Soccer
E. Báez,Atlanta United,Argentina,3,"LB, LM",Right,175,21,66,,69,51,63,64,65,62,70,48,50,65,50,59,54,55,59,65,66,71,74,67,67,57,59,72,57,50,64,65,56,60,51,63,64,70,68,14,12,11,7,6,12,Major League Soccer
D. Chica,Atlanta United,Estados Unidos,2,"RB, CB",Right,188,24,60,,63,45,57,59,57,61,59,41,58,58,42,59,52,49,60,59,60,65,62,57,62,57,59,65,60,42,59,59,50,54,42,55,58,50,67,15,15,12,15,12,12,Major League Soccer
J. Hibbert,Atlanta United,Jamaica,42,GK,Right,188,22,58,,32,17,26,24,15,41,14,10,18,32,10,13,10,12,26,26,34,30,33,58,41,37,45,36,48,13,29,23,10,35,23,35,13,13,11,58,57,56,58,61,34,Major League Soccer
L. Hoyos,Atlanta United,Argentina,1,GK,Right,183,37,61,,27,18,29,29,17,42,17,11,24,34,13,18,16,14,36,29,29,26,42,59,44,40,48,38,48,13,33,29,10,36,24,43,11,13,20,61,56,53,63,68,37,Major League Soccer
João Klauss,LA Galaxy,Brasil,99,ST,Right,190,29,68,,74,71,57,69,35,66,55,73,75,61,68,66,57,61,47,73,71,76,65,72,64,71,65,65,71,67,56,33,74,57,65,68,34,25,33,8,15,10,13,7,6,Major League Soccer
J. Placias,LA Galaxy,Estados Unidos,57,"ST, CF",Right,188,20,60,,59,63,49,58,25,60,48,65,64,47,59,58,55,49,45,59,60,59,54,58,52,64,59,47,70,57,53,24,72,53,56,62,22,18,15,15,15,6,12,10,9,Major League Soccer
J. Paintsil,LA Galaxy,Ghana,28,"LW, RW, ST",Left,170,28,73,,83,71,72,77,43,65,73,72,57,73,69,78,78,64,66,76,81,84,80,74,81,66,60,73,63,75,60,41,69,72,69,71,40,44,38,8,7,6,6,14,7,Major League Soccer
E. Thommy,LA Galaxy,Alemania,27,"LW, CM, RW",Left,174,32,64,,68,62,63,70,34,55,66,62,49,63,55,70,63,57,61,72,67,69,72,66,66,58,53,68,52,65,48,35,70,64,62,66,34,30,26,9,13,7,9,11,7,Major League Soccer
R. Taylor,LA Galaxy,Finlandia,21,"RW, LW",Right,182,31,61,,67,57,61,63,32,53,64,57,51,63,57,62,62,54,50,65,68,66,66,58,62,58,50,61,52,54,47,35,59,66,61,58,31,28,27,7,13,9,6,6,10,Major League Soccer
H. Lozano,LA Galaxy,México,11,LW,Left,176,31,70,México,71,67,66,78,38,62,66,66,59,68,64,83,71,65,61,72,75,68,76,80,78,67,62,71,60,67,55,38,68,65,69,74,37,33,39,11,15,14,10,12,7,Major League Soccer
K. Furuhashi,LA Galaxy,Japón,7,"ST, LW",Right,170,31,72,,67,75,62,71,39,70,59,76,74,64,72,70,63,64,57,70,68,67,75,73,75,77,75,67,71,74,70,38,76,63,72,79,36,33,30,9,7,6,8,7,14,Major League Soccer
B. Phan,LA Galaxy,Estados Unidos,90,"CDM, CM",Left,186,18,58,,56,50,52,56,59,62,43,46,55,56,40,54,50,47,55,58,58,54,55,58,52,55,64,65,60,57,64,63,53,51,45,55,58,61,54,13,12,13,7,14,15,Major League Soccer
T. Elgersma,LA Galaxy,Estados Unidos,76,"LM, LW, CM",Left,188,22,60,,63,53,61,59,41,56,68,52,52,62,50,62,59,55,54,57,65,62,56,59,60,55,56,63,56,56,46,44,52,58,54,58,39,40,37,10,10,6,6,11,15,Major League Soccer
V. Garcia,LA Galaxy,Estados Unidos,45,"RW, CDM, CAM",Right,173,16,59,,68,57,58,61,29,50,60,58,45,58,52,63,61,53,56,57,72,65,66,58,63,61,47,57,50,51,42,29,68,56,50,56,24,30,23,11,12,8,9,6,6,Major League Soccer
E. Wynder,LA Galaxy,Estados Unidos,22,"CM, CDM",Left,172,23,62,,58,57,63,61,54,61,57,55,57,61,56,58,58,58,69,62,61,56,61,65,65,62,49,73,58,55,57,56,63,69,59,65,49,57,55,8,8,15,12,9,15,Major League Soccer
M. Reus,LA Galaxy,Alemania,18,"CAM, ST, CM",Left,180,37,70,,62,71,71,75,44,62,70,70,59,72,70,74,73,72,66,77,59,64,74,72,74,71,57,66,63,71,57,48,70,72,76,76,42,39,41,13,7,9,15,15,10,Major League Soccer
P. Ruiz,LA Galaxy,Argentina,17,"CDM, CM",Right,172,27,63,,59,55,59,60,63,63,55,51,55,62,52,52,46,50,62,67,58,59,62,63,64,60,60,65,61,58,68,63,54,59,59,63,63,67,62,12,7,8,15,8,15,Major League Soccer
I. Parente,LA Galaxy,Estados Unidos,16,"CM, CDM",Right,175,26,56,,54,52,56,57,48,51,51,50,39,61,40,55,48,50,55,59,53,54,59,55,59,58,51,62,45,56,51,54,54,56,49,50,47,50,46,14,10,15,10,12,13,Major League Soccer
R. Puig,LA Galaxy,España,10,CM,Right,169,27,73,,69,69,74,75,65,72,67,68,61,81,59,74,71,65,73,77,69,69,74,70,77,75,64,79,68,71,73,65,69,71,61,71,65,66,62,13,13,7,6,10,15,Major League Soccer
L. Sanabria,LA Galaxy,Uruguay,8,"CM, CDM, CAM",Left,177,22,67,,64,61,68,70,60,62,60,58,55,70,53,70,68,67,75,72,63,64,66,63,72,64,59,67,59,64,66,64,66,66,59,67,55,63,58,10,14,14,14,10,14,Major League Soccer
S. Roberto,LA Galaxy,España,6,"CDM, CM",Right,178,34,71,,61,64,69,67,70,71,59,62,69,73,52,61,61,61,74,70,59,62,70,75,68,68,69,73,70,70,71,72,61,71,57,70,72,68,71,6,8,15,14,12,12,Major League Soccer
R. Dalgado,LA Galaxy,Estados Unidos,50,"LB, LM",Left,176,20,61,,71,47,59,58,59,59,62,45,55,62,40,56,50,46,62,60,70,71,62,50,66,54,55,66,57,45,56,59,48,55,45,54,58,62,61,15,10,12,7,8,6,Major League Soccer
H. Miller,LA Galaxy,Estados Unidos,26,"LW, RB, RM",Left,170,19,60,,69,60,57,65,32,48,58,60,46,58,59,64,65,55,51,66,68,69,68,64,68,59,48,58,44,59,44,31,69,59,53,53,35,29,25,6,8,15,14,6,15,Major League Soccer
E. Garcés,LA Galaxy,Colombia,25,CB,Right,186,24,64,,63,45,51,58,69,66,46,37,67,59,39,55,48,44,53,62,61,65,53,56,56,61,70,58,68,48,68,71,44,43,43,62,69,67,70,9,13,12,12,10,10,Major League Soccer
C. Rindov,LA Galaxy,Estados Unidos,20,"CB, RB",Right,188,24,57,,52,37,47,48,60,62,46,33,67,53,32,43,35,35,51,53,50,53,45,51,47,51,60,58,62,34,65,61,33,41,40,59,58,59,57,9,11,9,13,6,14,Major League Soccer
J. Haak,LA Galaxy,Estados Unidos,15,"CB, CDM, CM",Left,183,25,67,,58,49,57,54,71,70,48,45,66,66,44,51,51,43,57,55,59,58,53,67,58,67,73,69,70,44,70,71,45,53,46,65,70,74,69,9,15,12,8,8,11,Major League Soccer
J. Nelson,LA Galaxy,Estados Unidos,14,"LB, RB",Left,175,28,62,,66,48,60,60,61,61,69,43,55,66,46,58,54,47,56,59,65,66,62,65,65,55,52,69,56,54,65,60,51,49,47,62,62,60,65,10,6,14,15,6,13,Major League Soccer
J. Glesnes,LA Galaxy,Noruega,5,CB,Left,187,32,70,,62,50,57,60,74,74,52,49,72,65,42,55,47,51,63,64,61,62,59,70,59,60,76,68,76,47,74,78,44,48,48,67,69,76,72,13,11,9,14,14,6,Major League Soccer
M. Yoshida,LA Galaxy,Japón,4,CB,Left,189,38,60,,46,44,49,49,66,61,51,42,60,54,33,42,42,37,49,55,43,49,47,61,53,58,62,55,62,40,65,68,33,44,36,58,67,66,62,7,7,8,14,15,7,Major League Soccer
J. Aude,LA Galaxy,Argentina,3,LB,Right,180,23,65,,67,52,61,64,64,61,64,50,56,63,50,62,55,47,65,66,65,68,67,62,58,57,64,62,59,50,63,66,55,57,53,63,62,68,65,9,6,12,7,15,13,Major League Soccer
Calegari,LA Galaxy,Brasil,2,"RB, RM",Right,171,24,66,,72,50,63,65,61,63,71,44,51,66,46,62,53,54,63,64,74,70,72,65,73,59,54,68,62,52,62,62,57,53,52,67,62,63,62,10,15,7,15,9,8,Major League Soccer
B. Scott,LA Galaxy,Estados Unidos,31,GK,Right,180,27,55,,31,15,22,23,15,39,10,10,14,29,11,15,11,12,24,23,28,34,27,50,40,33,38,26,48,12,32,19,10,28,14,33,10,19,10,56,54,51,54,58,35,Major League Soccer
J. Marcinkowski,LA Galaxy,Estados Unidos,12,GK,Right,185,29,62,,33,18,31,29,19,44,16,10,21,41,12,18,16,18,33,32,31,34,36,63,37,40,49,35,51,13,35,27,12,33,25,43,14,20,13,65,59,56,60,68,43,Major League Soccer
N. Mićović,LA Galaxy,Serbia,1,GK,Left,190,24,58,,33,17,26,26,15,44,12,10,16,34,10,15,17,12,27,32,32,34,28,54,38,37,45,32,53,17,35,22,10,29,18,35,12,15,10,59,61,54,55,62,40,Major League Soccer
N. Streit,CF Montréal,Suiza,23,"RW, LW, RM",Left,181,20,62,,70,62,59,63,32,58,60,63,49,61,59,65,68,57,55,60,69,70,65,61,67,64,51,63,59,58,51,32,67,58,58,53,32,30,25,14,15,7,13,7,14,Major League Soccer
H. Synchuk,CF Montréal,Ucrania,18,"RW, ST",Right,186,20,65,,70,64,63,67,35,60,68,66,57,61,63,71,64,54,60,63,71,70,67,59,68,64,61,63,61,63,52,30,62,67,63,67,36,34,26,11,10,6,10,10,15,Major League Soccer
D. Sealy,CF Montréal,Trinidad y Tobago,17,"RW, LW, RM",Left,178,23,65,,73,60,63,68,35,58,67,59,52,65,60,69,58,54,59,66,71,75,69,67,64,60,58,68,54,59,56,35,68,61,64,69,37,32,24,14,15,14,6,15,13,Major League Soccer
D. Ríos,CF Montréal,México,14,"ST, LW",Right,185,31,60,,56,63,52,57,28,60,48,69,60,55,59,54,53,42,46,59,57,56,59,63,52,59,56,56,65,54,55,30,63,56,64,66,23,23,20,7,13,15,7,9,15,Major League Soccer
A. Sánchez,CF Montréal,Chile,10,"ST, CAM, LW",Right,169,37,69,,61,70,59,70,36,65,59,70,65,59,72,68,60,58,48,70,59,63,71,69,72,71,64,71,65,68,60,36,73,69,74,73,32,36,24,9,7,7,15,12,14,Major League Soccer
P. Owusu,CF Montréal,Ghana,9,ST,Right,191,29,67,,68,68,59,67,33,68,49,70,74,69,76,68,60,55,53,68,69,67,65,72,59,65,78,61,70,66,68,29,73,55,65,66,30,28,28,14,9,10,8,7,12,Major League Soccer
J. Nteziryayo,CF Montréal,Canadá,36,"CDM, CM",Left,168,17,57,,51,46,53,57,59,57,45,41,51,59,41,58,48,50,55,57,47,54,55,49,56,55,54,64,53,49,61,60,47,52,51,53,59,60,58,10,12,15,12,13,14,Major League Soccer
O. Escobar,CF Montréal,Guatemala,29,"CAM, CM, RW",Right,173,20,58,Guatemala,62,59,57,65,33,51,55,60,40,58,53,68,60,54,55,64,63,62,64,58,64,57,50,52,51,60,48,31,55,60,60,55,37,30,25,8,11,13,13,8,13,Major League Soccer
I. Losenko,CF Montréal,Ucrania,26,CDM,Left,183,22,60,,56,52,57,53,63,64,53,48,57,60,48,49,50,51,57,55,55,56,50,59,52,60,56,61,67,53,61,61,51,57,47,63,62,66,67,6,14,15,9,8,14,Major League Soccer
F. Amaya,CF Montréal,Estados Unidos,25,CM,Right,163,26,64,,62,59,64,65,55,57,62,59,53,65,53,64,61,61,64,66,65,60,66,70,70,60,49,63,56,62,56,59,60,65,51,62,56,53,53,14,9,10,15,15,15,Major League Soccer
V. Loturi,CF Montréal,Canadá,22,"CM, CDM",Right,173,25,62,,56,56,62,64,56,56,58,56,48,65,51,66,59,53,57,62,57,56,64,63,66,59,53,63,52,56,60,59,54,65,57,64,54,61,51,14,12,6,9,15,15,Major League Soccer
F. Herbers,CF Montréal,Alemania,21,"CM, CAM",Right,180,33,59,,53,54,62,59,50,55,57,50,48,64,50,59,57,55,62,61,52,53,56,59,56,59,54,57,53,59,57,52,54,65,49,61,52,49,47,8,9,15,9,13,6,Major League Soccer
W. Carmona,CF Montréal,Venezuela,16,"CAM, RW, CM",Right,172,23,66,Venezuela,68,69,68,72,38,59,63,70,47,71,58,73,67,69,63,71,67,69,77,66,70,71,54,64,58,68,57,46,69,73,64,65,35,35,33,9,11,10,14,13,7,Major League Soccer
M. Longstaff,CF Montréal,Inglaterra,8,"CM, CDM",Right,170,26,63,,59,55,65,65,54,62,58,51,54,72,53,61,62,54,65,68,57,61,68,63,64,61,59,69,59,58,59,58,62,64,55,64,51,55,56,11,9,8,15,11,11,Major League Soccer
D. Pereira,CF Montréal,Venezuela,7,"CM, CDM",Right,175,26,70,Venezuela,70,68,71,70,62,68,72,66,59,71,60,69,72,61,73,69,73,67,75,73,68,69,60,77,66,76,63,61,66,70,68,68,60,66,60,11,13,15,12,13,8,Major League Soccer
S. Piette,CF Montréal,Canadá,6,"CM, CDM",Right,171,31,63,Canadá,58,57,65,64,56,57,57,53,48,67,50,67,63,58,65,62,61,56,62,62,64,61,46,62,56,63,57,54,59,71,54,60,56,60,53,12,12,12,10,10,15,Major League Soccer
V. Radojević,CF Montréal,Serbia,28,LB,Right,178,22,64,,73,46,58,63,62,62,60,39,57,65,47,66,52,50,58,59,72,74,65,63,65,59,60,66,59,44,63,61,54,49,48,62,60,68,62,12,6,12,15,14,9,Major League Soccer
D. Bugaj,CF Montréal,Polonia,27,RB,Right,185,22,60,,66,47,55,55,57,58,58,46,58,59,41,52,53,54,55,55,66,66,59,58,60,54,58,69,53,46,57,56,46,47,43,61,55,58,61,8,7,8,7,11,7,Major League Soccer
E. Morales,CF Montréal,Bolivia,24,CB,Left,191,22,61,Bolivia,54,43,48,49,63,64,46,41,68,56,36,45,43,39,49,53,52,55,46,57,46,58,67,57,66,35,66,65,37,41,47,58,60,64,63,9,10,6,12,11,10,Major League Soccer
B. Hidalgo,CF Montréal,Estados Unidos,19,RB,Left,183,24,67,,74,49,64,65,67,65,74,43,59,69,45,66,63,51,59,65,66,80,68,64,67,60,65,69,63,51,63,67,51,53,48,58,67,68,72,8,15,15,8,11,13,Major League Soccer
L. Petrasso,CF Montréal,Canadá,13,LB,Left,180,26,62,,68,47,55,61,61,58,56,43,52,56,42,58,56,54,58,63,69,67,61,64,63,53,55,60,58,48,58,66,49,52,48,57,59,61,65,12,7,11,13,7,12,Major League Soccer
B. Craig,CF Montréal,Estados Unidos,5,"CB, RB",Left,185,22,57,,55,37,48,49,61,58,44,30,63,55,30,47,39,38,50,50,52,58,43,59,49,56,61,51,61,37,58,61,33,41,36,51,60,61,62,12,12,8,12,11,8,Major League Soccer
B. Vera,CF Montréal,Colombia,4,"CB, LB",Right,180,27,67,,64,46,56,55,69,68,53,41,69,62,34,52,47,45,60,57,62,65,53,65,54,60,70,67,65,47,77,67,40,49,56,63,66,74,70,7,12,8,14,13,12,Major League Soccer
B. Ceballos,CF Montréal,Colombia,3,"RB, CB",Right,183,25,68,,72,52,60,65,66,68,59,47,62,62,50,65,60,51,60,63,74,71,69,71,64,59,66,69,66,52,72,65,61,60,53,64,65,70,68,12,10,15,10,12,7,Major League Soccer
J. Neal,CF Montréal,Estados Unidos,2,CB,Right,191,23,63,,62,42,52,53,70,69,51,36,72,59,40,52,40,46,58,54,55,67,49,57,55,55,69,65,72,42,66,67,41,40,48,60,69,72,70,12,13,10,12,14,7,Major League Soccer
S. Keita,CF Montréal,Canadá,41,GK,Right,185,17,60,,37,19,28,26,17,45,14,11,23,34,11,15,12,17,34,27,40,35,39,54,40,39,55,37,48,20,47,22,10,34,19,39,13,14,18,60,62,54,56,60,39,Major League Soccer
E. Gazdov,CF Montréal,Canadá,33,GK,Right,196,23,57,,32,15,28,26,15,42,14,10,16,32,10,15,13,18,33,30,29,35,33,48,34,32,38,30,51,12,33,25,10,38,16,39,10,12,15,59,59,48,57,58,36,Major League Soccer
T. Gillier,CF Montréal,Chile,31,GK,Right,186,22,64,,39,19,31,31,22,45,17,10,22,38,14,21,16,11,32,33,38,39,34,64,47,41,51,39,50,19,39,28,13,39,22,45,24,17,15,66,65,59,64,66,44,Major League Soccer
S. Breza,CF Montréal,Canadá,1,GK,Right,195,28,59,,38,17,28,27,17,42,16,10,16,32,10,20,16,15,29,28,40,36,30,53,38,37,47,36,47,16,34,18,11,36,17,37,13,22,10,57,61,53,60,60,35,Major League Soccer
G. Turner,DC United,Estados Unidos,48,ST,Left,173,19,55,,60,57,44,58,24,53,40,64,54,48,52,59,47,48,39,57,60,60,62,55,53,53,57,56,54,49,47,21,59,44,54,51,22,20,15,6,8,11,11,11,7,Major League Soccer
O. Avilez,DC United,Estados Unidos,32,"RW, ST",Left,173,16,57,,65,52,54,59,26,46,52,52,45,58,54,62,61,48,44,54,67,63,63,55,68,53,46,60,44,51,34,28,56,57,53,48,23,21,22,14,13,15,14,9,8,Major League Soccer
N. Ordaz,DC United,El Salvador,22,"ST, RW, CAM",Right,180,22,65,El Salvador,70,65,56,64,31,63,55,64,67,59,65,67,57,56,47,59,70,70,65,66,66,72,66,65,65,60,57,30,72,57,63,72,29,25,24,7,6,7,10,12,6,Major League Soccer
G. Segal,DC United,Estados Unidos,14,ST,Right,178,25,57,,56,57,48,56,22,54,47,60,61,54,57,55,43,46,41,55,57,55,59,59,56,55,53,50,57,53,50,24,62,47,55,54,16,17,17,8,13,12,9,13,10,Major League Soccer
L. Munteanu,DC United,Rumanía,11,"ST, RW, LW",Right,184,24,73,,71,76,63,72,40,77,62,79,73,68,76,69,65,62,58,76,72,70,69,68,70,73,78,75,79,70,72,31,81,61,74,72,39,37,36,15,12,8,15,6,15,Major League Soccer
T. Baribo,DC United,Israel,9,"ST, CF",Right,181,28,71,Israel,76,74,60,69,38,72,58,79,69,64,71,71,61,61,54,68,74,77,67,69,67,69,69,72,73,70,68,41,78,61,71,72,38,25,36,7,6,13,10,7,12,Major League Soccer
H. Kijima,DC United,Japón,77,LM,Left,178,24,54,,58,48,52,56,37,48,52,45,39,55,47,54,52,49,50,58,59,57,60,55,54,52,45,54,45,53,47,42,48,49,46,48,36,37,26,13,14,8,15,9,15,Major League Soccer
K. Castillo,DC United,República Dominicana,40,"CM, CDM",Right,180,16,57,,55,51,57,55,50,57,50,46,48,62,42,53,56,53,59,57,57,54,55,52,59,57,49,62,57,56,54,47,49,57,57,56,53,51,49,13,9,6,12,6,15,Major League Soccer
J. Hopkins,DC United,Estados Unidos,25,"ST, RM, CM",Right,188,22,64,,67,62,52,58,32,63,55,61,71,49,65,56,54,54,44,58,64,70,65,65,52,64,65,57,68,63,58,31,66,60,58,63,31,24,25,14,14,6,12,9,15,Major League Soccer
B. Servania,DC United,Puerto Rico,23,CM,Right,178,27,59,,55,51,61,60,50,56,56,48,51,63,51,58,56,53,62,62,53,56,64,61,62,53,54,68,53,55,49,54,56,64,52,54,45,50,54,13,12,15,13,12,7,Major League Soccer
A. Dozzell,DC United,Inglaterra,21,"CDM, CM, CB",Right,178,27,65,,57,53,63,62,66,69,60,48,61,67,43,61,55,59,64,61,56,57,64,69,64,58,59,72,69,60,69,65,54,59,55,64,68,65,67,8,7,13,7,8,12,Major League Soccer
J. Stroud,DC United,Estados Unidos,8,RM,Right,178,30,62,,65,60,61,64,44,62,63,56,46,65,56,65,64,55,52,65,65,65,66,65,61,66,56,73,60,66,54,45,63,60,56,57,45,45,39,9,15,13,15,13,7,Major League Soccer
Peglow,DC United,Brasil,7,"LM, CM, ST",Right,172,24,66,,69,60,68,65,48,65,67,60,50,73,54,64,69,57,61,64,72,67,68,65,72,62,55,69,63,59,66,47,63,69,58,66,51,48,43,9,14,10,14,14,10,Major League Soccer
M. Peltola,DC United,Finlandia,4,CM,Left,185,24,66,Finlandia,64,63,67,66,61,65,65,63,64,69,58,64,63,60,68,70,66,62,64,71,62,60,60,69,65,67,60,61,67,68,62,65,60,61,57,6,13,12,15,14,10,Major League Soccer
N. Marković,DC United,Canadá,27,CB,Left,193,22,58,,56,38,48,48,60,63,43,30,64,57,35,50,38,34,51,43,53,58,45,57,46,59,66,54,66,37,65,60,31,41,42,57,61,59,58,6,13,6,13,6,12,Major League Soccer
K. Rowles,DC United,Australia,15,"CB, LB",Right,185,28,61,,59,42,48,50,62,64,42,36,64,54,37,45,43,36,54,53,59,59,49,59,50,58,66,57,67,42,63,60,35,41,39,61,60,65,63,15,7,6,7,8,15,Major League Soccer
S. Nealis,DC United,Estados Unidos,13,CB,Right,193,29,63,,56,46,50,52,69,68,51,44,72,57,38,49,42,41,49,55,55,56,51,59,49,55,68,59,73,46,65,65,36,40,45,61,71,69,65,10,11,10,12,14,10,Major League Soccer
C. Antley,DC United,Estados Unidos,12,"RB, RM",Right,185,31,57,,61,40,55,56,53,60,54,35,56,62,42,53,48,44,51,58,60,61,56,59,56,51,59,66,59,40,56,55,45,51,39,57,55,48,58,7,8,15,14,9,11,Major League Soccer
K. Kurokawa,DC United,Japón,6,LB,Right,173,29,63,,70,48,60,60,65,59,64,44,52,66,45,58,49,53,65,59,73,68,67,56,67,55,60,70,53,49,59,68,49,47,47,58,67,66,61,6,13,7,8,9,14,Major League Soccer
S. Hefti,DC United,Suiza,5,RB,Left,184,28,61,,63,46,59,60,60,63,61,40,57,63,44,60,53,48,59,58,57,68,65,62,58,55,57,65,63,50,61,60,50,54,49,55,59,62,64,13,11,13,9,15,15,Major League Soccer
L. Bartlett,DC United,Estados Unidos,3,CB,Right,191,29,68,,64,47,58,54,70,76,59,40,71,69,38,44,46,52,56,63,64,64,55,61,55,61,71,68,82,51,70,71,42,45,54,63,74,65,75,13,15,13,13,14,12,Major League Soccer
K. Nono,DC United,Japón,2,"RB, RM",Right,179,24,66,,70,52,61,66,63,65,67,51,57,61,43,66,57,53,60,66,71,70,70,59,63,58,67,64,65,49,64,61,54,58,49,59,64,63,68,6,8,11,14,7,8,Major League Soccer
A. Bono,DC United,Estados Unidos,26,GK,Right,191,32,58,,27,18,25,25,18,42,14,13,18,29,10,12,14,14,32,30,25,28,34,57,36,44,41,33,48,10,37,26,10,31,17,41,13,18,13,59,56,54,59,60,36,Major League Soccer
G. Leveillé,DC United,Haití,20,GK,Right,187,18,57,,37,16,24,24,14,41,11,10,20,32,10,13,13,10,28,26,37,37,35,50,33,37,45,31,48,13,35,24,10,27,16,31,10,10,10,56,55,52,57,62,37,Major League Soccer
S. Johnson,DC United,Estados Unidos,1,GK,Left,193,37,61,,31,19,30,26,18,48,15,10,23,37,10,12,17,23,31,30,33,30,33,60,46,45,50,36,60,17,34,27,10,38,27,40,18,12,18,63,61,54,60,61,42,Major League Soccer
D. McGuire,Houston Dynamo FC,Estados Unidos,23,"ST, CF",Left,185,25,66,,65,68,57,65,32,68,59,69,65,60,67,66,56,55,52,64,65,65,66,67,56,73,63,62,73,60,62,28,67,56,63,63,30,28,30,6,15,7,14,9,7,Major League Soccer
Guilherme Augusto,Houston Dynamo FC,Brasil,20,"LW, ST, CAM",Right,180,31,69,,73,69,65,72,36,62,73,67,61,60,64,71,64,67,54,74,72,73,70,65,69,71,61,71,62,70,51,39,72,75,73,74,30,35,30,12,7,7,10,14,12,Major League Soccer
M. Bogusz,Houston Dynamo FC,Polonia,19,"RW, LM, CAM",Left,175,25,72,,76,72,69,75,42,64,72,72,60,70,66,74,70,68,64,76,74,77,81,74,68,72,62,72,62,75,57,41,72,70,66,71,43,38,38,10,7,14,10,6,14,Major League Soccer
N. Markanich,Houston Dynamo FC,Filipinas,17,"RW, ST",Right,185,26,58,,62,56,55,60,25,51,59,54,46,54,56,59,61,50,46,63,63,62,59,51,56,55,51,56,49,59,50,28,60,58,55,59,21,21,22,13,10,14,14,12,15,Major League Soccer
L. Foster,Houston Dynamo FC,Sudáfrica,9,"ST, RW",Right,185,26,72,,73,72,60,70,39,73,55,73,80,63,73,72,65,63,55,67,76,70,70,70,68,71,76,69,79,69,64,38,81,63,72,68,35,33,31,7,9,9,11,12,15,Major League Soccer
N. Quiñónes,Houston Dynamo FC,Colombia,7,"LW, ST",Right,175,24,60,,66,56,57,62,32,52,60,53,48,61,54,62,63,58,49,64,62,70,63,51,63,60,50,66,47,61,45,35,59,49,50,61,33,28,24,7,14,15,9,7,6,Major League Soccer
A. Bouzat,Houston Dynamo FC,Argentina,30,"CDM, CM, CAM",Left,167,32,65,,53,53,62,63,62,66,56,53,54,65,51,60,55,57,67,62,55,52,65,66,68,54,55,67,66,52,70,66,54,62,55,74,60,63,63,14,6,6,14,8,13,Major League Soccer
I. Aliyu,Houston Dynamo FC,Nigeria,24,"RM, RW",Left,184,24,65,,70,61,63,67,47,61,61,58,58,68,62,70,68,55,59,66,67,73,64,59,64,63,58,69,59,64,56,49,66,58,64,64,45,46,45,10,7,15,8,11,10,Major League Soccer
M. Arana,Houston Dynamo FC,México,22,"CDM, CM, RW",Left,182,16,58,,50,45,55,52,59,59,50,41,61,61,42,52,47,48,59,52,48,51,50,52,50,50,62,61,58,50,59,56,48,52,46,51,60,59,61,7,15,9,6,6,9,Major League Soccer
D. Samassékou,Houston Dynamo FC,Malí,18,"CM, CDM",Right,175,30,63,,61,56,63,66,56,60,55,51,52,68,57,67,61,54,66,65,62,60,64,64,67,60,55,65,60,62,55,58,58,61,56,63,51,62,58,7,7,10,6,11,15,Major League Soccer
H. Herrera,Houston Dynamo FC,México,16,"CM, CDM, CAM",Right,183,36,64,,51,60,66,63,54,64,57,56,49,72,58,60,61,59,67,65,52,51,64,64,64,63,56,70,64,63,61,58,66,68,64,66,54,54,56,12,7,15,11,12,9,Major League Soccer
D. Holmes,Houston Dynamo FC,Estados Unidos,14,"RM, RB",Left,172,31,62,,64,56,62,65,42,55,62,53,48,63,52,65,61,62,57,63,64,64,74,61,61,63,50,64,49,57,59,45,57,66,60,62,39,40,45,6,9,15,10,13,12,Major League Soccer
Artur,Houston Dynamo FC,Brasil,6,"CDM, CM",Right,180,30,66,,59,59,64,64,67,67,59,57,64,69,51,64,52,57,70,66,64,55,59,71,58,65,68,76,62,59,69,68,58,60,58,68,64,71,66,7,9,7,14,8,13,Major League Soccer
Felipe Andrade,Houston Dynamo FC,Brasil,36,"RB, CB, LB",Right,182,24,66,,74,50,65,62,64,66,70,45,62,67,46,60,64,57,61,63,71,77,66,62,67,59,65,68,67,54,63,65,53,61,50,61,63,63,69,13,6,15,9,15,10,Major League Soccer
A. Resch,Houston Dynamo FC,Argentina,34,CB,Right,181,24,61,,57,40,49,50,65,62,47,36,64,53,35,46,44,42,50,52,53,61,52,58,54,52,59,51,68,39,64,63,36,47,41,56,64,67,65,14,7,9,8,15,6,Major League Soccer
F. Negri,Houston Dynamo FC,Argentina,21,"LB, CB",Left,176,31,59,,62,44,53,58,60,58,57,44,54,57,44,56,52,42,53,56,62,62,62,59,68,52,58,66,53,38,61,64,41,47,47,59,62,57,61,9,12,13,10,7,14,Major League Soccer
L. Ennali,Houston Dynamo FC,Alemania,11,"LB, LM, RB",Left,172,24,66,,70,50,63,61,62,63,69,43,54,69,51,58,54,53,55,61,72,68,70,65,65,65,63,67,59,49,67,64,51,58,53,59,64,64,58,9,12,11,6,8,13,Major League Soccer
Lucas Halter,Houston Dynamo FC,Brasil,5,"CB, CDM",Right,187,26,66,,61,47,54,54,68,71,48,43,65,64,41,49,48,42,56,58,61,61,57,61,57,59,68,65,74,45,71,65,40,45,49,60,67,71,68,12,9,14,11,8,9,Major League Soccer
M. Saracchi,Houston Dynamo FC,Uruguay,4,LB,Left,172,28,67,,71,55,63,63,64,67,69,50,56,66,47,62,58,55,62,61,70,71,70,61,69,68,64,74,63,57,67,65,56,57,50,63,65,65,68,13,9,12,13,14,15,Major League Soccer
Antônio Carlos,Houston Dynamo FC,Brasil,3,"CB, RB",Right,191,33,61,,55,43,49,52,64,60,46,36,66,55,36,43,40,38,49,57,57,54,54,66,55,60,68,58,60,46,59,69,40,45,40,61,63,64,56,8,8,10,14,12,7,Major League Soccer
R. Miller,Houston Dynamo FC,Estados Unidos,2,"LB, LM",Right,183,22,61,,66,48,57,58,60,59,69,43,58,59,44,57,50,49,56,57,63,68,59,58,67,55,59,60,58,50,58,55,52,47,51,58,60,62,64,12,14,12,9,11,14,Major League Soccer
L. Erb,Houston Dynamo FC,Estados Unidos,35,GK,Right,191,22,63,,37,18,32,29,21,44,15,10,26,39,12,17,15,16,35,31,35,38,36,60,40,42,53,38,48,12,39,30,11,42,25,50,16,20,16,68,62,57,62,68,39,Major League Soccer
J. Bond,Houston Dynamo FC,Inglaterra,31,GK,Right,193,33,63,,35,20,33,33,20,46,15,10,25,41,10,25,17,21,38,33,34,36,37,62,42,43,46,42,52,23,36,27,11,42,19,43,18,17,14,63,64,58,68,67,42,Major League Soccer
B. Gillingham,Houston Dynamo FC,Estados Unidos,26,GK,Left,188,23,61,,37,16,30,29,16,45,11,10,22,42,10,21,10,16,34,27,35,38,41,57,41,35,51,39,52,14,35,25,10,36,19,44,13,13,12,64,62,54,61,61,40,Major League Soccer
J. Maurer,Houston Dynamo FC,Estados Unidos,1,GK,Right,188,37,56,,19,16,25,22,14,40,11,10,16,34,11,10,10,15,27,23,17,21,32,56,35,37,45,33,46,10,30,17,10,28,16,41,12,14,11,52,57,54,59,59,31,Major League Soccer
M. Jones,New York City FC,Sierra Leona,88,"LW, ST",Left,178,23,57,,64,56,55,60,27,54,60,59,44,55,50,60,56,53,50,59,67,62,65,59,57,57,48,58,55,53,47,23,57,56,51,58,26,28,20,10,9,10,10,9,14,Major League Soccer
A. Farnós,New York City FC,España,87,"LW, LM",Left,175,23,53,,63,55,50,56,24,47,57,61,42,50,51,59,55,43,47,53,59,66,66,52,56,52,41,51,48,49,42,25,58,46,47,47,22,21,20,11,11,14,7,15,11,Major League Soccer
E. Hadji Samb,New York City FC,Estados Unidos,75,"LW, RW, ST",Right,176,16,60,,69,60,56,61,28,53,55,61,47,58,54,66,64,54,51,57,74,65,62,58,65,61,52,63,53,59,43,31,62,58,54,49,23,25,26,13,7,10,15,8,6,Major League Soccer
J. Arroyave,New York City FC,Estados Unidos,47,"ST, LW",Right,182,18,60,,63,63,48,56,29,61,46,65,60,49,66,56,53,47,43,55,62,64,59,56,57,66,66,57,65,55,55,29,66,52,56,56,26,24,20,13,8,8,9,7,11,Major League Soccer
A. Ojeda,New York City FC,Argentina,26,"RW, RM",Right,169,22,69,,78,67,68,76,40,61,74,67,55,65,65,77,69,62,66,78,81,75,72,62,78,67,57,74,57,68,58,42,69,68,66,68,41,34,33,8,13,9,9,12,10,Major League Soccer
Luighi,New York City FC,Brasil,20,"ST, LW",Right,182,20,70,,76,71,60,69,37,67,55,71,71,63,68,69,62,69,53,71,79,73,66,70,65,71,67,71,65,71,67,32,72,60,72,71,38,32,26,10,14,6,13,11,6,Major League Soccer
H. Wolf,New York City FC,Austria,17,LW,Right,179,27,67,,74,66,68,73,36,58,70,66,53,73,63,78,64,65,60,70,72,76,76,61,61,68,60,68,55,68,54,38,67,65,58,66,32,34,28,12,8,11,15,9,9,Major League Soccer
A. Martínez,New York City FC,Costa Rica,16,ST,Right,177,27,70,,72,70,57,70,36,68,58,73,67,56,71,71,57,62,56,68,69,75,69,70,66,71,71,66,70,63,63,34,72,57,70,73,27,36,34,8,11,15,12,6,7,Major League Soccer
Talles Magno,New York City FC,Brasil,11,"ST, LW",Right,186,24,70,,69,72,60,70,38,68,62,76,72,64,72,76,59,65,53,65,69,69,63,73,62,72,64,66,72,66,61,36,71,57,70,66,34,34,31,10,10,8,13,10,11,Major League Soccer
B. Traoré,New York City FC,Costa de Marfil,9,"LW, RW, ST",Left,172,23,73,,78,70,73,77,41,65,77,69,59,73,67,78,73,63,69,77,79,78,76,72,76,68,63,75,64,71,56,41,76,73,73,72,41,38,33,6,8,13,12,10,9,Major League Soccer
N. Fernández,New York City FC,Argentina,7,"ST, CAM, RW",Right,172,26,74,,74,75,65,74,39,71,59,78,68,72,73,72,64,68,54,76,76,73,75,74,73,73,73,69,73,70,66,34,78,66,74,75,34,40,30,14,11,14,9,9,12,Major League Soccer
P. Molinari,New York City FC,Estados Unidos,71,"CDM, CM",Right,178,17,60,,58,48,56,56,61,61,51,43,50,64,41,57,48,50,58,54,55,61,56,57,55,55,59,65,60,51,60,62,55,50,48,54,63,62,65,6,10,6,10,14,12,Major League Soccer
K. Parks,New York City FC,Estados Unidos,55,"CM, CDM",Right,193,29,66,,64,59,67,66,60,65,66,58,63,74,56,64,59,59,61,69,67,61,66,65,61,60,60,67,67,60,57,58,58,65,60,63,63,58,62,15,11,15,11,8,14,Major League Soccer
J. Shore,New York City FC,Estados Unidos,32,"CM, CDM",Right,173,19,62,,65,58,61,62,51,60,57,60,54,64,47,62,59,57,62,61,64,66,63,65,63,59,52,63,59,55,62,55,58,62,58,58,51,50,46,11,13,8,12,13,6,Major League Soccer
M. Carrizo,New York City FC,Estados Unidos,29,"CAM, RW",Right,160,18,59,,61,60,60,63,31,49,56,62,46,61,54,63,62,60,61,62,58,63,69,54,69,57,41,62,46,62,44,30,62,63,60,60,28,31,27,8,14,11,9,14,12,Major League Soccer
C. Flax,New York City FC,Estados Unidos,27,"CDM, CM, CAM",Right,180,22,61,,57,54,57,56,68,66,49,49,57,64,49,58,52,53,57,52,55,58,53,59,59,61,59,66,66,60,67,66,50,56,53,60,73,69,62,13,9,15,12,11,15,Major League Soccer
A. O'Neill,New York City FC,Australia,21,"CDM, CM",Right,178,28,67,Australia,59,59,64,62,69,69,53,58,64,68,45,55,59,58,68,67,55,62,64,74,63,65,57,73,67,61,72,68,58,69,56,66,68,73,66,6,8,10,13,11,8,Major League Soccer
K. Pierre,New York City FC,Estados Unidos,15,"CM, CDM",Right,173,23,57,,56,53,58,58,48,53,51,48,45,60,49,58,57,53,61,58,58,54,59,58,58,58,49,60,50,59,55,52,53,59,56,54,45,52,45,14,13,7,12,10,10,Major League Soccer
M. Moralez,New York City FC,Argentina,10,"CAM, ST",Right,160,39,60,,52,60,63,65,34,48,58,61,43,67,55,63,62,57,57,65,57,48,73,65,69,60,43,56,45,57,46,38,61,66,57,67,37,27,28,8,10,15,14,6,15,Major League Soccer
A. Perea,New York City FC,Estados Unidos,8,"CDM, CM, CAM",Right,184,25,67,,62,56,64,62,69,73,55,50,64,68,47,56,55,61,72,67,61,62,60,68,62,64,66,70,76,63,71,73,58,61,58,67,69,68,71,9,11,8,10,11,8,Major League Soccer
J. Sands,New York City FC,Estados Unidos,6,"CB, CM, CDM",Right,186,26,72,,63,53,59,61,74,74,53,48,74,67,50,58,53,47,70,62,66,61,59,69,57,66,74,68,75,52,78,75,52,47,47,73,73,75,73,6,15,8,15,13,11,Major League Soccer
K. Trewin,New York City FC,Australia,5,"CDM, CB, CM",Right,179,25,67,,58,56,63,64,68,70,59,51,61,69,45,58,53,56,68,69,62,55,63,63,61,66,66,71,69,61,70,69,58,59,60,76,67,70,70,8,8,8,12,8,11,Major League Soccer
K. Acito,New York City FC,Estados Unidos,45,CB,Right,188,22,62,,57,41,50,51,66,65,46,37,66,59,36,48,45,39,55,53,55,59,51,57,50,56,67,62,66,39,68,64,31,40,44,62,68,65,63,15,8,13,6,12,9,Major League Soccer
D. Baiera,New York City FC,Estados Unidos,38,"RB, LB",Right,175,19,61,,65,49,56,59,58,57,58,42,52,60,50,54,52,46,60,61,67,63,68,60,62,57,59,60,53,54,63,57,50,49,51,57,55,61,61,12,8,14,9,11,12,Major League Soccer
M. Ilenič,New York City FC,Eslovenia,35,"RB, RM",Right,180,21,61,,68,46,57,59,61,63,58,44,54,60,39,58,55,45,57,58,69,67,66,59,59,56,56,67,61,41,63,57,55,52,48,62,59,66,65,12,11,11,12,13,14,Major League Soccer
Raul,New York City FC,Brasil,34,"CB, LB",Right,190,27,66,,60,47,53,58,68,69,54,43,69,59,42,50,46,47,53,64,58,62,58,67,56,60,64,61,76,46,65,66,44,46,45,66,69,68,64,13,10,8,13,15,15,Major League Soccer
T. Gray,New York City FC,Jamaica,24,RB,Right,180,24,67,Jamaica,67,53,66,62,65,68,70,48,57,70,46,58,55,50,68,65,68,67,67,61,62,63,65,75,66,55,65,66,58,58,48,65,64,67,65,10,6,11,15,13,10,Major League Soccer
M. Murray,New York City FC,Estados Unidos,23,CB,Right,187,24,63,,59,45,51,52,64,68,50,41,65,59,35,48,43,42,50,55,54,63,47,63,53,63,62,61,72,44,70,61,35,44,42,61,64,66,64,7,12,7,15,14,6,Major League Soccer
K. O'Toole,New York City FC,Irlanda,22,LB,Right,178,27,63,,67,49,56,61,61,64,63,45,54,53,46,61,55,45,57,59,68,66,61,64,65,62,59,69,64,49,61,61,47,58,47,59,62,63,59,10,13,9,10,14,6,Major League Soccer
Thiago Martins,New York City FC,Brasil,13,"CB, RB",Right,185,31,68,,60,47,57,58,71,72,56,38,70,62,43,54,45,43,64,62,57,63,53,66,59,67,72,67,76,48,69,71,44,50,54,70,71,70,72,11,8,15,7,10,13,Major League Soccer
M. Miazga,New York City FC,Estados Unidos,3,CB,Right,195,31,68,,62,49,58,60,72,73,57,44,76,63,44,55,47,52,62,65,55,68,53,70,55,66,73,65,77,48,73,71,39,51,46,65,72,71,69,7,12,6,8,15,14,Major League Soccer
N. Cavallo,New York City FC,Estados Unidos,2,LB,Left,178,24,62,,61,48,57,60,60,62,60,42,53,59,46,58,58,49,60,61,64,58,61,61,66,56,55,70,60,50,57,57,52,51,51,57,59,67,60,7,13,11,11,7,8,Major League Soccer
M. Freese,New York City FC,Estados Unidos,49,GK,Right,191,28,65,Estados Unidos,40,25,36,32,23,48,22,17,26,43,19,19,20,18,42,37,38,41,40,55,47,48,53,41,54,24,41,30,15,40,25,46,19,24,18,65,65,58,64,68,41,Major League Soccer
T. Romero,New York City FC,El Salvador,30,GK,Left,184,25,55,,29,16,26,22,13,41,13,10,15,32,10,12,10,11,28,23,31,27,29,50,36,35,44,29,52,12,28,20,10,33,17,38,10,10,13,59,53,49,61,56,32,Major League Soccer
G. Ranjitsingh,New York City FC,Trinidad y Tobago,18,GK,Right,188,33,59,,31,17,29,24,17,43,14,13,21,32,11,10,13,17,35,29,32,30,30,57,33,36,49,39,49,10,33,22,10,39,22,39,12,16,19,60,62,56,58,60,38,Major League Soccer
M. Learned,New York City FC,Estados Unidos,1,GK,Right,188,24,62,,35,20,30,31,19,45,12,14,20,34,11,20,19,18,37,37,37,33,39,50,39,42,51,33,51,18,44,27,12,39,20,37,14,20,17,59,59,54,61,66,40,Major League Soccer
K. Velde,Portland Timbers,Noruega,99,"LW, RW",Left,179,27,74,,79,72,70,78,47,68,70,74,62,70,69,80,77,69,68,75,80,79,83,77,73,73,66,70,68,69,64,43,73,72,68,74,48,48,37,15,7,14,10,9,13,Major League Soccer
G. Guerra,Portland Timbers,Estados Unidos,88,"ST, CF",Left,184,23,56,,58,59,42,51,20,55,42,63,59,42,60,47,45,50,40,55,59,58,50,58,52,57,54,47,62,52,46,19,62,42,58,54,15,14,15,7,14,8,14,7,9,Major League Soccer
A. Aravena,Portland Timbers,Chile,28,"LW, ST",Left,174,24,68,,74,68,66,72,36,60,67,68,52,68,66,75,70,58,59,69,76,73,73,67,73,65,54,67,61,71,50,37,68,69,69,71,38,32,27,8,11,9,8,15,7,Major League Soccer
O. Fernandez,Portland Timbers,Estados Unidos,22,ST,Right,170,27,63,,62,66,55,62,29,60,52,69,60,62,61,62,58,54,48,60,64,61,64,60,68,67,63,59,59,61,61,29,67,51,64,61,23,28,21,12,14,6,13,6,7,Major League Soccer
V. Janssen,Portland Timbers,Países Bajos,14,ST,Right,180,32,70,,72,72,60,67,37,66,57,73,71,62,76,67,66,59,57,66,69,75,71,72,63,73,70,63,68,64,66,32,76,63,73,73,35,31,34,6,7,14,15,8,13,Major League Soccer
Antony,Portland Timbers,Brasil,11,"RW, LW",Right,178,25,69,,76,66,66,71,36,59,68,66,53,66,62,72,67,63,64,70,75,76,78,69,70,69,55,65,58,64,56,37,72,67,65,66,32,35,35,12,8,13,15,10,8,Major League Soccer
A. Lassiter,Portland Timbers,Costa Rica,7,"RW, LW",Right,178,32,59,,63,58,56,62,29,51,61,59,49,56,56,62,56,51,47,61,64,62,60,62,66,58,49,59,49,58,45,27,58,57,55,61,27,27,27,7,6,11,14,8,6,Major League Soccer
J. Ortiz,Portland Timbers,Ecuador,80,"CM, CDM",Right,177,30,65,,61,57,65,65,56,59,64,50,56,67,57,62,59,60,61,68,62,60,65,70,63,64,53,68,54,62,60,57,67,69,59,62,58,57,50,10,13,14,11,6,15,Major League Soccer
E. Izoita,Portland Timbers,Estados Unidos,73,"CDM, CM",Right,175,19,61,,57,53,58,59,60,64,50,48,57,66,48,58,47,50,65,61,55,58,51,56,58,58,59,65,64,58,63,59,54,54,53,65,65,59,58,7,10,9,7,10,14,Major League Soccer
J. Caicedo,Portland Timbers,Colombia,30,"CM, CDM",Right,184,24,68,,64,66,67,70,60,67,64,68,60,66,60,72,68,62,72,70,63,64,71,70,65,68,63,70,69,65,58,64,63,67,60,65,56,61,59,11,9,9,11,12,10,Major League Soccer
D. Chará,Portland Timbers,Colombia,21,"CDM, CM",Right,170,40,61,,44,52,57,58,63,61,50,48,53,60,43,55,50,52,60,59,39,48,58,65,64,59,60,68,58,59,62,63,52,59,50,66,65,63,63,10,8,13,6,14,8,Major League Soccer
C. Bassett,Portland Timbers,Estados Unidos,17,"CDM, CM, CAM",Left,180,25,67,,60,61,62,62,68,69,56,59,63,66,46,57,57,56,65,67,61,60,61,70,62,67,65,71,67,63,71,67,61,62,56,68,70,68,70,9,6,9,15,13,13,Major League Soccer
David Da Costa,Portland Timbers,Portugal,10,"CAM, CM",Right,168,25,73,,68,72,74,76,46,61,66,71,60,77,75,74,70,75,73,78,72,65,82,70,75,75,58,70,57,73,61,47,72,78,69,75,45,44,38,8,13,15,15,9,14,Major League Soccer
J. Mosquera,Portland Timbers,Colombia,29,"RB, RM",Right,180,24,70,,76,58,61,66,70,70,64,56,59,65,49,63,57,54,63,68,74,77,67,67,73,66,69,74,70,56,67,67,58,53,53,65,73,71,70,9,11,12,11,14,6,Major League Soccer
J. Fory,Portland Timbers,Colombia,27,LB,Left,187,24,66,,74,52,60,61,66,67,64,48,61,62,49,57,56,51,59,63,74,74,66,65,65,60,65,68,67,51,66,63,57,55,50,60,65,68,71,11,8,13,11,12,12,Major League Soccer
I. Smith,Portland Timbers,Estados Unidos,23,LB,Left,177,24,58,,59,41,53,57,57,57,57,35,55,55,42,55,49,47,53,58,57,61,60,54,63,53,60,62,54,43,56,61,45,47,36,54,54,58,61,11,9,9,14,11,15,Major League Soccer
F. Surman,Portland Timbers,Nueva Zelanda,20,CB,Right,190,23,64,,60,43,53,53,67,70,44,37,68,61,35,53,47,46,60,52,65,55,51,61,53,58,69,61,74,46,71,67,37,48,40,63,65,70,62,12,7,8,15,9,15,Major League Soccer
Z. McGraw,Portland Timbers,Canadá,18,CB,Right,193,29,56,,47,38,44,42,57,61,38,35,62,54,33,34,36,32,49,46,45,48,44,56,43,53,67,53,67,33,55,56,32,36,38,54,58,56,54,8,9,12,6,13,6,Major League Soccer
S. Jura,Portland Timbers,Estados Unidos,16,RB,Right,174,20,59,,64,46,52,56,56,56,58,41,54,52,39,51,50,46,53,60,62,66,64,54,64,52,53,58,55,51,55,57,45,49,50,56,56,57,58,12,15,10,8,12,14,Major League Soccer
E. Miller,Portland Timbers,Estados Unidos,15,RB,Right,186,33,59,,58,45,55,56,56,59,56,43,52,58,44,57,46,43,54,54,59,58,59,59,61,53,53,67,58,45,55,57,45,54,40,54,54,58,56,6,15,15,12,15,13,Major League Soccer
R. Hernández,Portland Timbers,Venezuela,12,"RB, CB",Right,171,29,54,,57,39,48,50,53,52,55,37,44,46,35,51,47,44,47,48,54,59,54,48,58,49,49,59,50,35,50,53,43,48,41,51,55,53,52,14,10,6,9,12,10,Major League Soccer
A. Bonetig,Portland Timbers,Australia,6,"CB, RB",Left,184,24,61,,54,42,49,52,66,65,46,36,61,55,39,44,37,40,53,57,53,55,49,63,55,55,71,59,67,42,66,68,44,43,42,64,68,67,61,12,6,7,14,14,12,Major League Soccer
B. Bye,Portland Timbers,Estados Unidos,5,RB,Right,183,30,66,,73,54,64,64,63,66,67,51,61,68,50,62,57,53,60,65,75,71,63,66,66,62,65,70,64,54,67,61,47,59,50,62,62,66,66,15,8,8,9,14,11,Major League Soccer
K. Miller,Portland Timbers,Canadá,4,CB,Right,183,29,68,,62,48,54,60,72,67,46,44,73,64,41,53,45,47,56,66,57,67,56,66,60,64,70,63,67,47,72,70,38,46,44,69,72,71,74,6,8,7,10,12,10,Major League Soccer
J. Waterman,Portland Timbers,Canadá,2,CB,Right,188,30,68,,65,48,59,57,71,69,51,45,64,70,45,52,49,49,60,61,64,65,55,64,63,60,75,65,70,42,70,71,44,51,48,63,71,71,77,13,12,6,12,12,7,Major League Soccer
J. Pantemis,Portland Timbers,Canadá,41,GK,Right,185,29,63,Canadá,36,21,30,33,18,45,17,14,22,35,10,23,21,19,35,38,37,35,35,57,48,45,49,41,49,18,39,22,10,37,25,40,22,10,17,63,63,57,63,62,42,Major League Soccer
H. Sulte,Portland Timbers,Estados Unidos,26,GK,Right,201,24,59,,31,19,28,26,16,39,11,12,17,36,10,10,15,11,35,35,33,30,29,55,39,38,49,31,43,18,35,20,10,34,20,35,14,15,13,62,60,58,60,62,36,Major League Soccer
T. Muse,Portland Timbers,Estados Unidos,25,GK,Right,193,27,56,,30,15,24,23,15,42,10,10,19,32,10,13,10,10,26,24,34,27,34,55,35,35,42,33,52,10,30,21,10,28,13,37,15,10,10,61,56,55,55,55,37,Major League Soccer
S. Gomez,Seattle Sounders FC,Estados Unidos,90,"LW, RW",Right,171,20,58,,65,52,56,60,28,50,57,50,44,60,53,57,60,51,44,62,67,63,68,52,70,52,47,59,46,55,49,32,61,58,53,54,29,23,18,7,9,6,12,7,6,Major League Soccer
D. Musovski,Seattle Sounders FC,Macedonia del Norte,19,ST,Right,182,30,66,,64,67,59,63,34,66,55,69,71,64,72,61,56,57,48,64,63,64,64,69,65,74,64,66,68,55,59,23,68,63,69,66,31,34,23,6,15,8,7,9,10,Major League Soccer
P. Arriola,Seattle Sounders FC,Estados Unidos,17,"LW, RW",Right,165,31,69,,72,67,65,73,38,61,66,71,54,67,68,71,64,65,62,72,79,66,77,78,77,62,54,73,56,66,58,37,66,64,62,72,35,38,32,11,10,9,10,11,15,Major League Soccer
P. Rothrock,Seattle Sounders FC,Estados Unidos,14,"LW, RW",Left,173,27,68,,74,66,64,74,37,60,65,66,50,68,60,74,65,59,59,75,73,75,73,73,67,65,56,63,60,67,55,35,68,62,68,67,39,34,33,8,7,12,14,11,7,Major League Soccer
J. Morris,Seattle Sounders FC,Estados Unidos,13,"RW, ST, LW",Right,180,31,69,,71,70,69,74,38,59,66,73,54,73,60,75,67,61,61,73,72,71,82,74,63,70,62,68,57,66,52,39,70,73,65,65,37,34,35,15,10,11,8,6,12,Major League Soccer
P. De la Vega,Seattle Sounders FC,Argentina,10,RW,Right,172,25,63,,68,64,61,65,34,52,59,66,45,63,67,67,63,60,57,61,66,70,71,61,67,64,50,57,49,61,52,38,66,62,61,59,32,31,29,11,10,15,11,9,9,Major League Soccer
J. Ferreira,Seattle Sounders FC,Estados Unidos,9,"RW, CAM, LW",Left,175,25,67,,74,65,66,69,36,60,69,64,53,65,67,69,70,62,67,70,71,76,74,62,71,66,61,69,56,65,56,37,68,64,64,62,35,32,29,15,15,7,10,9,11,Major League Soccer
D. Joveljić,Seattle Sounders FC,Serbia,9,ST,Right,180,27,74,Serbia,73,74,66,75,42,70,61,74,76,70,76,73,64,69,58,78,74,73,73,78,70,77,73,68,73,69,63,41,78,69,75,73,37,39,35,13,9,9,10,15,14,Major League Soccer
C. Clark,Seattle Sounders FC,Estados Unidos,8,CAM,Right,180,23,62,,64,61,62,66,34,58,56,58,49,62,58,66,62,60,61,69,66,63,63,57,63,59,50,59,59,68,55,32,60,67,64,65,35,30,32,14,12,8,15,15,13,Major League Soccer
P. Kingston,Seattle Sounders FC,Estados Unidos,45,"CDM, CM, RB",Right,191,25,57,,53,49,55,52,58,62,51,45,56,55,39,48,45,50,67,58,54,53,49,56,45,56,59,60,63,52,63,64,52,56,49,60,52,62,56,11,13,14,15,14,14,Major League Soccer
N. Petković,Seattle Sounders FC,Serbia,44,"CDM, CB",Right,181,23,61,,53,54,60,58,65,67,54,52,57,64,41,55,55,52,61,62,56,51,54,55,59,63,61,66,70,52,64,67,54,59,50,60,66,65,64,11,9,15,7,7,11,Major League Soccer
M. O'Neill,Seattle Sounders FC,Estados Unidos,40,"CDM, CB, RB",Right,178,24,63,,58,53,62,56,65,67,56,48,59,70,46,54,53,55,67,56,59,58,54,59,64,65,56,67,68,55,66,70,54,53,55,64,65,65,64,8,6,14,15,6,9,Major League Soccer
S. Brunell,Seattle Sounders FC,Estados Unidos,37,"CDM, RW",Right,178,19,59,,57,53,57,56,62,61,53,51,51,65,43,56,53,55,58,57,56,58,60,52,52,59,54,66,60,56,60,63,52,50,47,54,61,66,59,14,9,6,10,15,10,Major League Soccer
X. Gnaulati,Seattle Sounders FC,Estados Unidos,32,"CDM, CAM, CM",Right,180,21,59,,51,51,59,51,60,64,53,49,55,62,42,45,56,45,62,53,53,50,56,61,57,55,56,64,65,53,65,59,52,61,52,54,62,62,60,10,15,13,6,8,6,Major League Soccer
H. Dotson,Seattle Sounders FC,Estados Unidos,31,"CDM, CM",Right,180,29,68,,63,58,66,64,71,71,60,51,68,72,52,62,57,59,66,66,63,63,61,66,62,66,64,73,71,64,72,73,63,64,56,69,70,73,70,9,6,13,7,15,8,Major League Soccer
A. Rusnák,Seattle Sounders FC,Eslovaquia,11,CAM,Right,180,32,69,,71,67,68,73,42,60,65,67,58,68,66,74,67,71,66,72,73,69,71,78,67,61,61,64,59,71,57,40,71,74,68,72,41,40,34,10,13,12,14,6,8,Major League Soccer
C. Roldan,Seattle Sounders FC,Estados Unidos,7,"CDM, CM",Right,173,31,68,,62,60,63,64,69,71,58,57,60,68,55,62,58,57,69,62,59,65,65,74,70,67,66,76,68,64,72,73,55,58,58,69,72,67,69,13,7,8,14,8,14,Major League Soccer
R. Jauregui,Seattle Sounders FC,Estados Unidos,2,"CAM, LW, RW",Left,178,21,58,,61,60,59,62,31,50,59,62,48,61,50,63,53,57,61,62,62,60,64,58,62,63,50,55,48,56,47,34,62,56,55,54,30,28,24,8,8,9,9,6,15,Major League Soccer
E. Carli,Seattle Sounders FC,Estados Unidos,22,"CAM, RW, ST",Right,169,19,60,,60,59,64,65,33,53,63,59,42,69,56,64,68,56,58,68,60,60,65,53,69,63,45,59,52,57,49,33,54,64,56,58,37,29,28,8,12,8,10,7,15,Major League Soccer
K. Rienzi,Seattle Sounders FC,Estados Unidos,85,RB,Right,170,24,63,,69,51,59,61,62,58,63,49,53,61,46,59,59,47,58,61,73,66,65,57,68,58,55,63,54,50,64,62,50,55,44,62,64,63,62,9,15,9,10,9,7,Major League Soccer
G. Sandnes,Seattle Sounders FC,Estados Unidos,53,CB,Right,186,18,58,,55,41,45,49,60,61,39,36,61,52,32,43,39,40,55,54,54,56,45,52,57,60,62,55,62,40,65,64,35,33,38,52,63,57,53,12,12,10,9,13,9,Major League Soccer
S. Russell Hawkins,Seattle Sounders FC,Estados Unidos,39,CB,Right,183,20,58,,55,37,46,48,60,63,45,29,52,52,33,44,37,38,51,51,50,59,48,53,53,51,62,57,66,44,61,63,30,37,40,57,59,63,57,11,12,10,7,14,8,Major League Soccer
A. Lopez,Seattle Sounders FC,Estados Unidos,35,"CB, RB",Left,183,24,56,,51,35,45,41,60,60,36,28,56,55,29,35,32,36,49,43,48,53,44,56,47,56,66,52,65,33,54,62,29,37,32,54,62,61,56,8,9,14,7,7,7,Major League Soccer
Y. Gómez,Seattle Sounders FC,Colombia,28,CB,Right,187,34,64,,53,43,52,53,67,68,49,36,65,58,44,51,43,40,53,52,50,55,54,69,53,57,69,58,73,43,67,67,39,47,44,67,71,65,66,12,6,10,7,14,15,Major League Soccer
J. Ragen,Seattle Sounders FC,Estados Unidos,25,CB,Left,198,28,66,,63,46,57,54,68,68,56,39,71,64,34,49,42,47,59,59,62,64,46,66,51,61,70,60,73,52,66,68,42,51,45,66,66,68,67,6,13,10,12,15,12,Major League Soccer
K. Kim,Seattle Sounders FC,Corea del Sur,20,"CB, CDM",Right,188,37,60,,50,40,47,52,62,66,43,35,63,54,37,49,34,39,51,51,52,48,49,64,60,51,64,57,72,41,62,60,35,41,43,63,63,61,63,15,9,7,11,14,10,Major League Soccer
Á. Roldán,Seattle Sounders FC,El Salvador,16,"CB, RB, CDM",Right,178,30,69,,66,48,59,60,74,71,55,41,68,66,46,54,51,45,64,64,64,67,60,69,63,63,67,72,71,49,69,67,46,51,52,72,75,79,73,10,7,8,15,11,10,Major League Soccer
N. Tolo,Seattle Sounders FC,Camerún,5,"LB, CB",Left,178,29,68,,67,57,61,66,66,64,63,53,60,63,48,66,64,56,62,62,68,67,73,73,73,67,66,72,58,58,70,63,58,57,53,62,62,72,71,9,11,6,13,9,9,Major League Soccer
R. Sailor,Seattle Sounders FC,Estados Unidos,4,"CB, CDM",Right,193,27,54,,49,36,45,43,59,58,43,34,59,52,27,38,40,31,50,48,53,45,33,55,38,49,56,51,63,32,55,56,29,35,37,52,60,60,55,11,11,14,11,10,15,Major League Soccer
M. Anchor,Seattle Sounders FC,Canadá,50,GK,Right,191,22,56,,33,16,26,24,14,41,10,10,21,33,10,15,10,10,31,24,35,31,34,54,34,37,45,32,48,11,34,25,10,32,17,33,10,11,10,57,57,52,57,54,31,Major League Soccer
A. Thomas,Seattle Sounders FC,Estados Unidos,26,GK,Right,188,28,55,,29,15,24,21,15,38,15,10,17,29,10,10,12,10,31,24,27,30,30,52,37,34,41,31,44,10,31,24,10,28,14,31,13,10,16,59,61,46,55,58,36,Major League Soccer
S. Frei,Seattle Sounders FC,Suiza,24,GK,Right,190,40,59,,25,18,25,27,16,41,14,10,24,29,10,17,15,11,30,27,21,29,34,60,38,40,50,35,46,14,36,25,12,32,26,48,10,16,13,59,57,52,60,61,32,Major League Soccer
C. Bakambu,San Diego FC,República Democrática del Congo,94,ST,Right,183,35,68,,61,71,60,69,32,66,59,77,77,66,68,71,64,57,50,67,63,60,67,70,64,66,69,64,70,68,59,29,67,58,62,71,31,23,24,9,6,14,6,15,9,Major League Soccer
A. Pellegrino,San Diego FC,Noruega,90,"LW, ST",Right,190,36,61,,64,59,60,64,32,58,66,59,55,62,56,64,59,52,54,67,69,60,57,62,60,61,53,68,57,60,50,32,59,59,53,62,28,31,28,8,9,9,6,10,10,Major League Soccer
A. Mighten,San Diego FC,Inglaterra,77,LW,Right,172,24,59,,65,56,58,62,30,50,64,56,46,58,52,63,57,58,53,62,66,64,66,58,64,59,54,55,48,53,46,30,63,57,60,54,31,25,23,15,10,7,6,12,7,Major League Soccer
E. Boateng,San Diego FC,Ghana,24,LW,Left,165,32,58,,62,54,56,58,27,48,57,52,39,57,53,60,59,50,49,52,64,60,62,60,65,57,47,58,45,56,41,32,57,58,55,58,28,23,18,14,11,12,11,14,6,Major League Soccer
B. Zamblé,San Diego FC,Costa de Marfil,14,"LW, LM",Left,165,18,60,,71,57,57,63,31,49,62,56,42,55,57,64,68,54,45,60,69,72,73,57,69,59,53,60,46,58,42,36,62,64,52,51,29,28,25,10,6,8,9,12,6,Major League Soccer
A. Dreyer,San Diego FC,Dinamarca,10,RW,Right,173,28,75,,83,73,74,77,43,67,78,74,57,74,70,79,78,74,69,76,84,83,81,72,79,70,64,74,67,74,60,40,75,75,69,70,42,43,39,15,8,14,12,6,15,Major League Soccer
M. Ingvartsen,San Diego FC,Dinamarca,7,ST,Right,182,30,68,,72,69,58,66,36,69,61,71,66,58,73,64,59,60,53,67,73,72,65,67,65,71,69,67,73,63,60,30,70,57,69,67,33,34,28,15,11,10,9,6,15,Major League Soccer
E. Achouri,San Diego FC,Túnez,99,"LM, LW, RW",Left,177,27,66,Túnez,69,60,66,66,45,64,73,58,49,69,55,67,66,61,61,65,70,69,65,65,70,65,57,77,62,61,54,44,60,58,64,63,48,42,44,7,11,8,13,10,9,Major League Soccer
A. Alvarado,San Diego FC,Estados Unidos,70,"CM, CAM",Right,173,23,58,,53,54,60,59,51,53,55,56,49,65,52,55,54,52,60,61,50,55,65,61,58,56,47,59,51,52,51,51,53,59,47,57,49,54,47,9,9,7,15,8,10,Major League Soccer
A. Godoy,San Diego FC,Panamá,20,"CM, CDM",Right,183,36,60,,50,53,59,60,55,58,53,50,52,61,46,61,53,50,62,61,46,53,60,58,55,54,54,67,56,57,52,55,57,62,55,57,57,55,50,7,10,8,12,10,7,Major League Soccer
D. Vazquez,San Diego FC,Estados Unidos,19,"CM, LW, RW",Right,175,20,64,,66,61,64,67,56,61,59,57,50,63,59,66,63,58,72,70,65,66,64,66,61,67,54,63,61,63,61,65,66,66,61,61,51,55,57,11,13,10,8,15,8,Major League Soccer
P. Soma,San Diego FC,Estados Unidos,15,CM,Right,173,20,61,,58,57,64,59,54,57,59,58,53,68,52,56,58,54,61,62,61,55,59,60,68,59,55,66,54,55,53,54,61,66,58,58,52,56,50,13,10,11,8,14,7,Major League Soccer
Gabriel Pirani,San Diego FC,Brasil,12,"CM, ST",Right,167,24,64,,61,59,62,67,56,58,55,54,51,63,59,67,64,55,70,69,60,61,65,70,65,67,50,66,53,59,63,58,63,62,61,65,59,54,57,12,6,11,11,12,6,Major League Soccer
O. Valakari,San Diego FC,Finlandia,8,"CM, ST",Right,187,27,73,Finlandia,72,67,73,70,64,73,76,65,68,74,64,71,68,62,73,70,75,70,65,72,64,71,65,78,73,70,71,69,68,73,68,72,65,61,58,15,10,12,6,9,10,Major League Soccer
J. Tverskov,San Diego FC,Dinamarca,6,CM,Right,185,33,64,,53,57,65,65,59,64,56,54,61,68,51,65,60,57,70,65,55,52,60,69,63,62,56,69,66,59,56,61,58,66,58,65,56,61,52,7,15,8,8,14,9,Major League Soccer
D. Mimbang,San Diego FC,Camerún,4,"CDM, CB",Right,177,18,58,,54,48,55,52,56,60,45,46,53,59,40,48,50,50,58,56,55,54,52,53,52,53,58,68,56,52,63,59,46,58,50,56,55,54,63,9,9,7,13,12,8,Major League Soccer
C. McVey,San Diego FC,Suecia,97,"CB, RB",Left,192,29,67,,59,48,56,58,69,70,54,41,68,61,46,54,49,46,62,62,61,57,54,65,53,66,73,64,74,45,68,68,43,48,48,61,68,70,68,10,13,6,10,7,6,Major League Soccer
O. Verhoeven,San Diego FC,Estados Unidos,33,RB,Left,180,20,62,,70,49,58,60,56,61,60,44,54,60,41,60,52,47,60,61,69,70,60,54,63,58,60,71,58,54,58,54,52,55,47,58,53,60,57,10,10,7,9,12,8,Major League Soccer
I. Murphy,San Diego FC,Estados Unidos,32,"CB, CDM",Right,188,26,63,,57,41,51,51,67,65,46,34,69,59,39,48,41,43,52,53,55,59,47,61,54,54,72,65,64,43,65,69,40,44,42,61,70,60,70,10,9,11,15,11,13,Major League Soccer
M. Duah,San Diego FC,Ghana,26,CB,Right,188,21,68,,64,47,54,59,74,70,47,42,70,61,41,56,48,48,59,62,65,63,53,65,57,65,67,69,71,43,70,75,42,46,50,67,78,72,67,11,6,11,9,9,14,Major League Soccer
I. Pilcher,San Diego FC,Estados Unidos,25,"RB, CB, LB",Left,178,23,56,,60,42,52,54,53,53,54,39,45,56,39,50,53,39,51,57,59,60,57,58,57,50,48,53,51,39,58,54,47,46,42,44,53,55,53,6,8,13,10,6,14,Major League Soccer
S. Vines,San Diego FC,Estados Unidos,23,LB,Left,178,27,63,,70,48,60,62,62,63,65,46,54,63,39,59,57,45,59,64,71,69,65,62,63,60,58,68,59,43,67,58,50,56,50,61,63,64,64,7,12,11,9,15,12,Major League Soccer
O. Gabriel Søe,San Diego FC,Dinamarca,17,"CB, RB",Right,186,20,60,,58,39,50,47,64,64,46,30,62,59,34,46,38,37,53,45,50,64,50,62,47,52,64,56,67,49,66,63,40,43,40,52,61,68,64,14,8,12,13,12,10,Major League Soccer
K. Sargeant,San Diego FC,Estados Unidos,5,"LB, LM",Left,186,23,63,,64,48,57,61,62,63,64,45,54,59,50,58,53,51,58,63,67,62,67,61,59,58,65,65,60,44,67,59,44,50,53,57,68,63,57,6,7,6,14,12,7,Major League Soccer
D. Thórhallsson,San Diego FC,Islandia,3,"RB, LW, RW",Right,178,26,66,,70,51,61,62,65,61,69,46,61,62,47,62,62,53,58,59,66,74,67,63,67,65,62,68,57,50,60,65,57,57,51,60,63,67,66,13,7,13,12,15,6,Major League Soccer
W. Kumado,San Diego FC,Ghana,2,"RB, RM",Right,167,23,62,,64,51,57,59,60,55,66,49,50,57,47,58,50,48,54,57,63,64,63,61,70,59,50,64,50,53,58,60,49,55,44,60,64,58,65,13,12,9,6,15,13,Major League Soccer
D. Ferree,San Diego FC,Estados Unidos,18,GK,Right,194,20,65,,45,23,31,32,21,48,13,16,23,38,13,18,14,24,36,38,42,48,49,52,41,47,51,36,57,18,39,30,17,37,29,39,16,19,19,64,65,60,65,65,44,Major League Soccer
M. Alstrup,San Diego FC,Dinamarca,16,GK,Right,191,22,55,,28,15,25,23,13,38,13,10,15,31,10,12,13,10,29,27,29,27,27,52,34,30,44,30,46,12,27,18,10,31,17,34,11,11,10,56,58,45,58,62,30,Major League Soccer
P. Sisniega,San Diego FC,México,13,GK,Right,194,31,59,,36,16,27,28,15,41,13,10,17,34,10,12,13,19,29,34,35,36,38,57,44,36,46,30,48,12,35,21,10,31,19,41,13,11,16,61,58,54,56,61,38,Major League Soccer
C. Dos Santos,San Diego FC,Cabo Verde,1,GK,Right,194,26,65,Cabo Verde,37,23,35,34,25,47,19,17,28,42,12,22,16,21,39,37,38,36,39,59,44,42,52,40,53,22,41,27,14,43,24,55,24,25,17,68,63,56,65,69,43,Major League Soccer
A. Jabbari,FC Cincinnati,Marruecos,99,ST,Right,198,26,65,,70,66,53,61,35,66,51,69,79,52,68,65,56,57,50,57,71,70,58,65,56,65,70,60,73,59,54,27,69,59,67,65,32,32,29,14,13,9,12,11,14,Major League Soccer
Ș. Chirilă,FC Cincinnati,Rumanía,19,"ST, CAM, LW",Right,182,19,59,,63,62,46,58,25,59,45,64,56,53,55,56,52,52,36,60,62,63,62,58,56,58,57,59,60,62,55,17,62,41,57,55,26,22,13,7,7,11,6,8,12,Major League Soccer
T. Barlow,FC Cincinnati,Estados Unidos,16,ST,Right,188,31,60,,56,62,50,58,27,61,46,66,63,55,56,60,55,50,44,60,56,56,47,65,51,62,59,59,63,54,59,30,63,46,58,60,23,19,21,14,14,11,8,13,15,Major League Soccer
K. Fletcher,FC Cincinnati,Estados Unidos,14,ST,Right,183,21,58,,58,59,48,55,26,60,47,60,59,55,58,55,43,47,40,55,55,60,56,55,52,56,61,59,63,60,55,22,64,42,58,55,22,23,23,7,13,6,12,7,12,Major League Soccer
K. Denkey,FC Cincinnati,Togo,9,ST,Right,181,25,76,,78,78,67,71,44,73,66,82,74,69,71,70,71,67,64,71,76,79,71,80,70,78,75,70,76,70,70,40,80,67,76,74,46,38,33,13,15,8,13,7,12,Major League Soccer
E. Echenique,FC Cincinnati,Venezuela,66,"RM, RB, RW",Right,167,22,62,Venezuela,67,59,61,65,46,55,65,60,44,61,49,64,61,58,60,64,68,67,73,59,70,54,51,62,53,64,53,46,54,57,56,66,47,46,43,15,10,14,9,15,7,Major League Soccer
A. Chávez,FC Cincinnati,Estados Unidos,30,"RM, ST, CAM",Right,173,17,59,,66,55,59,61,41,53,59,55,42,64,50,65,56,51,55,58,68,65,65,53,63,57,48,62,48,52,56,42,63,55,50,52,41,40,40,7,14,15,13,6,15,Major League Soccer
B. Ramírez,FC Cincinnati,Ecuador,29,"LB, LM, LW",Right,177,26,67,,72,53,60,65,68,67,64,51,61,59,45,64,63,47,66,64,72,72,70,64,68,62,57,73,67,51,64,71,58,55,52,65,63,71,70,14,15,13,7,9,10,Major League Soccer
B. Anunga,FC Cincinnati,Camerún,27,"CDM, CM",Left,180,30,60,,53,53,56,55,63,64,45,46,60,64,46,52,52,50,56,57,56,51,54,62,58,63,59,71,62,62,60,65,56,55,52,58,63,63,60,8,15,9,11,14,13,Major League Soccer
D. Douděra,FC Cincinnati,Chequia,23,"RM, RB",Right,175,28,67,,73,60,68,68,50,60,64,57,54,70,60,68,75,62,64,68,70,76,69,63,69,66,59,71,56,60,59,48,69,70,57,61,53,49,42,15,14,6,14,6,10,Major League Soccer
G. Valenzuela,FC Cincinnati,Estados Unidos,22,"CM, CDM, ST",Right,183,22,64,,62,59,66,69,59,63,61,60,58,70,59,72,62,57,68,71,63,62,64,68,59,57,63,63,63,61,62,60,59,67,56,60,60,60,55,12,15,12,9,15,10,Major League Soccer
P. Bucha,FC Cincinnati,Chequia,20,"CM, RB, RM",Right,174,28,69,Chequia,68,65,69,73,61,66,63,62,58,72,57,72,63,64,67,74,70,66,72,74,77,70,62,72,65,69,60,66,65,73,62,69,59,63,53,11,9,12,15,8,12,Major League Soccer
K. Mboma Dem,FC Cincinnati,Francia,17,"ST, CAM, LM",Right,185,24,57,,58,59,45,57,24,58,41,59,63,50,58,52,53,44,41,64,64,53,53,61,52,62,56,54,64,57,51,23,60,43,58,58,23,15,19,6,13,10,8,13,14,Major League Soccer
S. Gidi,FC Cincinnati,Eslovaquia,11,"CM, CB, CDM",Right,178,22,65,,65,61,66,66,56,62,60,60,61,69,54,65,64,56,67,68,68,63,67,67,62,61,57,64,62,63,63,57,70,67,63,71,56,59,45,14,11,10,11,10,12,Major League Soccer
Evander Ferreira,FC Cincinnati,Brasil,10,"CM, CAM, ST",Right,179,28,74,,70,71,73,75,65,71,68,70,64,71,65,72,71,70,77,79,74,66,73,72,73,72,66,74,70,73,70,73,74,80,68,73,60,67,60,9,10,8,9,14,6,Major League Soccer
O. Nwobodo,FC Cincinnati,Nigeria,5,"CM, CDM",Left,179,29,68,,68,62,69,67,60,66,69,58,58,69,63,66,63,63,71,68,70,67,67,72,67,66,57,67,67,66,62,59,67,69,61,71,58,63,58,15,7,8,7,15,11,Major League Soccer
A. Elvis Powell,FC Cincinnati,Jamaica,2,CB,Left,182,32,58,,51,36,44,49,59,61,39,28,61,50,35,42,38,36,51,55,50,52,48,58,51,52,61,50,66,38,63,61,28,38,41,61,60,56,63,14,15,8,11,10,6,Major League Soccer
A. Chirilă,FC Cincinnati,Estados Unidos,88,CB,Right,181,18,59,,54,36,45,46,59,62,42,32,66,53,28,38,40,34,46,53,51,57,47,50,52,53,60,55,66,32,61,60,33,36,37,53,56,59,60,6,6,12,7,9,14,Major League Soccer
A. Lajhar,FC Cincinnati,Libia,55,"CB, LB, LM",Right,189,22,53,,45,34,41,42,53,57,39,28,54,48,31,38,32,35,48,43,47,44,40,56,42,47,58,48,62,36,56,51,29,31,37,47,54,55,51,10,12,6,15,7,13,Major League Soccer
K. Smith,FC Cincinnati,Estados Unidos,24,CB,Right,184,34,59,,50,39,47,53,64,60,43,36,60,51,35,51,39,37,52,55,46,54,47,60,51,51,58,53,63,37,62,62,34,43,37,58,65,65,65,14,7,7,10,12,7,Major League Soccer
T. Lingani Hadebe,FC Cincinnati,Zimbabue,15,"CB, RB",Right,185,31,63,,54,40,51,50,66,66,47,32,66,60,38,48,38,42,55,51,52,55,49,59,48,61,65,58,70,40,65,63,37,41,41,59,60,73,66,9,15,6,9,11,8,Major League Soccer
M. Robinson,FC Cincinnati,Estados Unidos,12,"CB, RB",Right,188,29,67,Estados Unidos,61,49,55,56,72,70,50,46,74,65,46,49,47,46,59,61,62,60,57,66,55,58,77,64,71,51,74,78,38,46,45,71,69,72,71,10,7,14,7,8,15,Major League Soccer
J. Malatini,FC Cincinnati,Argentina,6,CB,Left,191,25,67,,60,47,57,58,72,72,51,43,73,66,42,54,49,47,63,62,57,62,56,65,53,63,75,64,77,43,67,73,44,46,48,66,70,73,70,12,12,7,12,15,9,Major League Soccer
N. Hagglund,FC Cincinnati,Estados Unidos,4,"CB, RB",Right,185,34,63,,54,42,51,50,67,66,50,39,67,56,40,47,39,46,54,50,48,58,47,62,55,55,62,62,68,40,66,68,39,43,40,62,67,68,63,9,15,10,6,11,13,Major League Soccer
T. Malacia,FC Cincinnati,Países Bajos,3,"LB, LM",Left,169,27,67,,72,54,62,67,65,64,68,51,58,67,48,67,59,52,57,65,73,71,67,67,76,60,62,76,58,58,65,65,56,53,54,68,64,66,68,11,14,14,13,14,14,Major League Soccer
F. Mrozek,FC Cincinnati,Polonia,93,GK,Right,192,23,55,,31,15,22,20,12,39,14,10,14,25,10,10,10,10,26,22,26,35,27,44,35,33,41,31,47,13,29,20,10,28,15,36,10,10,10,55,54,50,56,62,34,Major League Soccer
R. Celentano,FC Cincinnati,Estados Unidos,18,GK,Left,191,26,67,,46,25,34,30,23,50,23,18,30,38,16,20,19,21,44,30,47,45,45,61,44,49,53,43,57,20,42,30,21,38,29,44,22,20,16,67,69,61,70,73,41,Major League Soccer
E. Louro,FC Cincinnati,Estados Unidos,13,GK,Right,190,30,54,,27,15,23,20,14,37,13,10,15,29,10,10,12,10,25,22,27,27,27,50,34,35,47,29,41,10,33,22,10,25,14,35,12,10,10,59,51,48,53,59,34,Major League Soccer
C. Dale,FC Cincinnati,Estados Unidos,1,GK,Right,184,16,59,,31,19,29,28,16,44,18,10,15,36,10,16,12,10,35,31,35,27,35,55,40,44,48,36,51,19,33,26,10,34,15,40,16,10,17,54,55,54,56,63,36,Major League Soccer
N. Richmond,Charlotte FC,Estados Unidos,71,"RW, CM",Right,172,22,61,,66,59,61,63,29,51,62,59,49,65,60,65,56,57,55,60,65,66,66,55,67,62,50,58,49,59,48,29,59,59,55,59,27,26,22,9,13,6,9,14,8,Major League Soccer
B. Romero,Charlotte FC,Estados Unidos,41,RW,Left,176,20,58,,64,56,57,59,31,52,61,56,46,59,57,57,57,50,51,60,63,64,66,58,64,51,47,60,51,58,48,33,64,55,56,55,32,27,22,14,6,6,12,11,9,Major League Soccer
R. Aloko,Charlotte FC,Benín,37,"RW, ST, LW",Left,174,19,61,Benín,71,57,59,61,26,53,59,58,40,61,60,64,65,55,53,57,73,69,67,56,62,54,54,58,53,60,48,30,56,60,55,54,26,20,22,15,15,14,6,15,6,Major League Soccer
N. Berchimas,Charlotte FC,Estados Unidos,27,"LW, RW, LM",Right,172,18,62,,74,57,60,63,31,56,60,56,52,60,57,64,64,51,56,63,71,76,62,62,68,54,50,66,57,59,44,31,69,62,50,55,29,28,25,15,6,15,13,12,6,Major League Soccer
T. Smalls,Charlotte FC,Inglaterra,25,LW,Left,185,24,58,,64,56,55,59,30,51,54,57,49,56,54,59,54,56,48,59,62,66,63,58,59,56,49,56,52,56,44,30,58,58,49,57,30,27,20,14,12,14,11,6,9,Major League Soccer
L. Abada,Charlotte FC,Israel,11,"RW, LW",Right,165,25,69,Israel,77,70,69,75,40,62,72,72,53,72,68,78,70,61,60,72,78,76,80,65,72,64,57,75,59,71,57,42,77,70,65,66,39,39,28,9,8,9,15,6,15,Major League Soccer
A. Saint-Maximin,Charlotte FC,Francia,10,"LW, CAM, LM",Left,173,29,76,,83,74,72,79,47,68,79,74,60,71,72,81,73,69,66,76,80,85,83,74,78,77,65,78,65,74,63,55,75,72,72,77,42,46,38,6,9,11,13,10,9,Major League Soccer
I. Toklomati,Charlotte FC,Israel,9,ST,Right,178,22,67,Israel,68,70,59,66,31,68,58,74,67,60,70,62,63,57,56,72,67,69,63,70,66,64,67,62,73,66,64,30,73,58,67,63,29,25,24,10,9,15,9,14,10,Major League Soccer
A. Goodwin,Charlotte FC,Australia,7,ST,Left,178,21,63,,65,62,55,61,31,59,51,64,61,65,61,63,55,50,43,58,61,69,63,59,61,66,65,56,61,55,56,29,68,51,59,62,32,24,26,15,12,12,14,14,8,Major League Soccer
A. John,Charlotte FC,Estados Unidos,48,"CM, CAM",Left,186,20,60,,57,54,62,61,52,59,57,49,53,66,51,61,57,50,65,64,60,55,60,54,58,61,51,62,60,58,56,55,54,64,57,56,57,47,50,13,15,9,9,7,12,Major League Soccer
D. Diani,Charlotte FC,Francia,28,"CDM, CM",Right,195,28,62,,58,51,60,57,64,67,49,44,67,67,46,53,57,52,60,63,59,58,50,66,52,60,60,69,69,57,62,73,55,64,49,58,60,63,59,7,8,11,6,10,9,Major League Soccer
B. Coulibaly,Charlotte FC,Malí,20,"CM, CDM",Right,187,20,62,,58,56,61,61,55,60,57,55,56,61,51,60,62,57,66,64,59,58,59,56,62,60,57,61,61,54,57,57,60,61,61,60,54,53,56,13,15,11,15,7,15,Major League Soccer
L. de la Torre,Charlotte FC,Estados Unidos,17,"CM, CDM",Right,177,28,67,,69,60,69,71,62,63,55,58,58,76,61,70,62,62,68,74,66,71,68,68,70,63,59,66,61,61,67,61,58,73,63,64,65,62,59,12,7,11,14,9,11,Major League Soccer
P. Biel,Charlotte FC,España,16,"CAM, CM, RW",Right,167,30,72,,74,72,73,77,45,63,70,71,54,73,69,78,77,76,71,78,78,71,70,76,78,74,56,73,61,73,59,44,74,76,73,69,45,46,39,10,12,10,15,7,14,Major League Soccer
B. Bronico,Charlotte FC,Estados Unidos,13,"CDM, CAM, CM",Right,173,31,66,,59,56,63,63,67,63,59,52,58,68,45,58,55,57,64,66,56,61,66,69,63,63,60,68,59,58,69,68,59,61,54,74,66,69,68,12,12,12,13,9,13,Major League Soccer
A. Westwood,Charlotte FC,Inglaterra,8,"CM, CDM",Left,175,36,62,,54,58,63,64,52,58,60,59,53,67,47,60,59,52,61,68,56,52,67,62,64,60,50,63,56,56,58,59,57,66,64,68,51,49,50,14,15,12,13,9,7,Major League Soccer
M. Agyemang,Charlotte FC,Ghana,44,CB,Left,192,21,63,,58,43,51,53,66,65,46,36,60,59,39,51,40,39,54,55,60,57,52,62,52,60,68,58,68,45,65,65,36,47,42,57,68,66,65,10,11,6,10,13,9,Major League Soccer
J. Neeley,Charlotte FC,Estados Unidos,39,"CB, RB",Right,185,21,58,,56,37,47,50,62,61,44,31,62,51,31,47,39,39,54,54,53,58,44,54,47,52,55,59,63,36,58,58,30,44,39,60,64,60,68,10,12,12,6,9,11,Major League Soccer
W. Cleary,Charlotte FC,Estados Unidos,35,"RB, RM",Right,188,23,58,,63,43,53,55,58,57,61,40,54,56,37,57,49,40,51,52,61,64,53,53,58,51,58,56,57,43,56,61,48,45,41,54,58,58,56,8,9,7,8,14,14,Major League Soccer
A. Johnson,Charlotte FC,Saint Vincent and The Grenadines,34,CB,Right,188,22,58,,52,37,46,49,60,61,42,33,65,53,36,42,37,37,48,55,50,54,45,60,49,50,62,49,64,34,67,62,37,40,35,57,56,64,52,6,6,12,9,12,9,Major League Soccer
M. Thomas,Charlotte FC,Estados Unidos,24,"LB, LM",Left,180,21,60,,63,45,54,59,59,60,61,42,56,53,45,57,56,44,57,60,63,63,64,57,62,58,61,67,58,42,56,60,42,49,42,52,57,61,62,10,9,13,15,10,6,Major League Soccer
D. Schnegg,Charlotte FC,Austria,23,LB,Left,178,28,63,,71,47,58,60,63,61,65,43,56,57,46,59,55,48,56,58,70,71,69,65,66,54,60,65,59,51,60,66,45,58,45,62,63,62,63,10,9,14,11,10,12,Major League Soccer
H. Kessler,Charlotte FC,Estados Unidos,22,CB,Right,193,28,64,,59,45,50,55,69,68,45,36,72,58,39,54,45,47,55,55,53,64,51,61,53,66,68,60,74,46,62,66,35,40,46,62,68,73,66,12,12,10,12,9,9,Major League Soccer
H. Toffolo,Charlotte FC,Inglaterra,15,"LB, RB",Right,183,31,68,,68,54,63,63,65,67,67,51,61,67,50,63,61,54,60,60,69,67,69,68,65,62,71,69,65,56,69,61,50,57,58,62,66,65,73,6,10,14,15,12,14,Major League Soccer
N. Byrne,Charlotte FC,Inglaterra,14,RB,Right,183,34,62,,62,50,57,59,58,64,61,49,51,59,42,61,52,48,56,57,64,60,58,61,59,59,59,67,64,48,61,60,47,56,46,55,60,57,57,13,10,11,11,9,14,Major League Soccer
A. Privett,Charlotte FC,Estados Unidos,4,"CB, RB",Right,185,26,65,,57,44,53,55,69,66,53,36,69,61,46,54,43,41,54,53,54,60,51,64,56,57,68,60,68,47,68,70,45,45,43,66,71,69,59,12,13,10,11,9,15,Major League Soccer
T. Ream,Charlotte FC,Estados Unidos,3,"CB, RB",Left,186,39,63,,49,43,50,53,69,66,47,34,70,53,34,51,44,44,59,52,46,51,53,66,57,62,65,66,65,44,69,67,43,43,48,62,73,66,67,10,15,14,15,8,7,Major League Soccer
I. Walker,Charlotte FC,Estados Unidos,42,GK,Right,193,26,56,,31,15,22,23,14,40,10,10,14,26,10,11,13,10,25,26,33,29,32,50,35,35,49,33,47,10,31,26,10,31,14,39,10,13,10,61,55,51,54,57,36,Major League Soccer
T. Miller,Charlotte FC,Estados Unidos,21,GK,Right,193,33,61,,28,19,29,25,18,42,18,11,24,33,11,15,14,14,34,28,27,28,29,58,37,39,50,37,47,18,35,26,10,36,23,40,16,14,14,65,63,54,61,65,40,Major League Soccer
K. Kahlina,Charlotte FC,Croacia,1,GK,Right,188,34,67,,38,23,36,31,24,52,19,14,32,42,15,16,24,20,37,36,42,35,43,65,48,49,54,41,60,17,43,25,18,47,29,50,24,22,21,66,64,55,68,70,49,Major League Soccer
Lineker Rodrigues dos Santos,Real Salt Lake,Brasil,70,"ST, CAM, RM",Right,192,24,58,,59,59,47,57,26,59,48,60,67,48,62,55,45,47,42,61,59,59,55,55,52,62,58,53,65,55,54,25,63,50,55,58,18,23,23,12,7,11,12,7,6,Major League Soccer
A. Hezarkhani,Real Salt Lake,Estados Unidos,39,"RW, CAM",Left,177,19,64,,72,59,62,64,32,59,64,57,52,63,59,65,64,56,56,61,69,75,68,60,65,64,55,67,59,59,51,28,66,63,58,62,28,32,28,14,15,13,10,13,7,Major League Soccer
S. Solans,Real Salt Lake,España,22,ST,Right,183,23,64,,70,64,55,63,30,64,58,64,66,55,67,64,62,50,44,61,68,71,65,61,57,64,67,60,70,62,54,28,68,59,63,67,28,24,23,13,7,11,13,7,15,Major League Soccer
A. Piol,Real Salt Lake,Australia,19,"ST, LW",Right,176,21,59,,60,60,51,60,27,55,47,60,59,58,60,60,50,52,40,59,59,61,58,62,59,61,61,52,57,57,50,21,70,52,63,67,26,22,24,12,9,9,11,7,15,Major League Soccer
T. Booth,Real Salt Lake,Estados Unidos,18,LW,Left,173,25,63,,72,62,60,66,34,52,60,65,46,60,62,63,63,57,57,68,71,73,75,64,71,60,57,67,46,62,48,29,58,60,56,57,34,35,27,15,7,15,8,6,14,Major League Soccer
E. Eneli,Real Salt Lake,Estados Unidos,14,LM,Right,175,26,63,,69,57,61,67,45,58,61,57,51,63,55,73,62,54,56,62,72,66,70,64,66,60,54,63,58,56,51,50,63,61,51,56,42,45,41,6,11,6,7,14,6,Major League Soccer
J. Shokalook,Real Salt Lake,Estados Unidos,13,ST,Left,185,24,59,,63,62,50,61,26,60,49,66,58,56,59,65,49,48,41,60,63,63,54,55,55,61,62,56,65,55,53,22,64,47,62,60,23,23,20,7,6,9,9,10,12,Major League Soccer
S. Lobjanidze,Real Salt Lake,Georgia,12,"RW, ST",Right,175,31,68,Georgia,70,64,65,74,39,57,65,66,56,68,62,76,64,61,58,74,69,70,72,69,73,64,63,66,52,58,56,40,72,66,66,64,38,34,34,12,10,7,12,14,12,Major League Soccer
A. Katranis,Real Salt Lake,Grecia,98,"LM, LB",Left,174,28,61,,63,56,61,62,40,56,64,54,49,62,54,62,55,55,59,62,61,64,63,60,62,62,51,62,54,54,55,41,60,61,55,57,39,40,37,14,12,9,7,15,7,Major League Soccer
N. Çalışkan,Real Salt Lake,Alemania,92,"CM, CDM",Left,180,26,66,,66,61,66,68,60,66,63,61,55,67,58,68,67,59,67,69,67,66,68,68,70,59,61,74,67,62,56,60,61,68,61,62,62,61,57,6,6,14,15,9,14,Major League Soccer
O. Marquez,Real Salt Lake,Estados Unidos,40,"CM, CDM",Left,185,18,58,,61,54,58,57,52,56,53,52,49,62,46,56,55,51,59,60,63,60,55,59,55,63,58,58,55,55,56,53,57,58,45,51,56,49,48,8,10,13,13,7,14,Major League Soccer
A. Riquelme,Real Salt Lake,Estados Unidos,38,"CAM, RW, CM",Right,178,18,59,,62,58,63,59,32,51,61,57,46,64,58,62,65,59,54,57,64,60,59,54,64,60,48,56,49,59,49,36,59,69,56,58,30,28,23,10,8,12,13,14,9,Major League Soccer
L. Moisa,Real Salt Lake,Estados Unidos,34,"CM, CDM, CAM",Left,180,18,60,,61,56,60,60,52,59,57,53,54,63,50,59,56,52,64,64,69,55,55,54,61,60,52,61,59,60,58,53,54,60,56,58,54,51,48,11,6,7,10,7,14,Major League Soccer
O. Anderson,Real Salt Lake,Estados Unidos,30,"LW, LM, CAM",Left,171,19,61,,74,62,60,63,33,53,61,66,48,61,55,64,65,56,54,62,73,75,72,56,67,60,46,63,50,59,49,38,58,60,56,54,36,23,32,8,14,12,7,11,13,Major League Soccer
G. Dillon,Real Salt Lake,Estados Unidos,27,"CM, CDM",Right,180,23,58,,52,55,59,55,54,56,46,54,46,66,44,52,50,56,59,57,52,52,59,57,55,59,54,63,56,54,49,55,54,61,58,60,57,57,45,10,9,9,8,14,8,Major League Soccer
C. Guske,Real Salt Lake,Estados Unidos,25,"CDM, CB",Right,178,19,59,,57,50,57,56,59,60,52,46,54,65,42,55,49,49,60,61,54,60,45,60,51,56,55,66,57,57,61,57,47,52,53,52,59,59,65,13,9,14,14,7,11,Major League Soccer
Z. Booth,Real Salt Lake,Estados Unidos,23,"RB, LW",Right,184,22,55,,56,38,51,50,52,54,59,32,49,53,41,48,46,39,51,50,58,55,52,48,59,52,49,59,51,38,57,52,41,44,39,54,54,51,55,10,10,15,9,8,12,Major League Soccer
D. Marczuk,Real Salt Lake,Polonia,11,"RM, LM",Left,174,22,62,,67,57,62,61,43,59,63,56,51,64,49,62,63,56,59,58,68,66,62,63,68,60,47,66,59,59,51,38,61,61,57,59,45,44,39,7,7,15,6,9,14,Major League Soccer
D. Luna,Real Salt Lake,Estados Unidos,10,"CAM, LM, RW",Left,173,23,70,,73,66,73,74,44,59,73,62,61,75,63,74,68,70,68,74,70,75,73,76,78,69,60,61,59,71,54,43,73,75,66,72,46,38,37,8,7,12,9,15,15,Major League Soccer
M. Guilavogui,Real Salt Lake,Guinea,9,"CAM, LW, RW",Right,188,28,69,,70,69,72,74,40,62,67,69,54,78,68,75,72,65,67,77,72,69,69,69,62,70,60,68,63,71,54,42,67,74,69,70,41,36,34,15,8,15,7,9,7,Major League Soccer
J. Sanabria,Real Salt Lake,Uruguay,8,"LB, LM, LW",Right,172,26,71,,75,56,64,66,69,65,69,54,60,64,52,64,63,53,64,65,73,76,76,65,72,65,67,66,65,55,63,67,57,60,54,67,68,73,73,11,15,12,7,15,12,Major League Soccer
S. Spierings,Real Salt Lake,Países Bajos,6,"CM, CDM",Right,187,30,67,,64,65,65,66,61,67,61,65,64,69,61,65,63,58,72,67,64,64,66,67,68,66,69,73,67,66,57,64,66,60,64,67,59,62,57,12,11,15,11,15,7,Major League Soccer
L. O'Gara,Real Salt Lake,Estados Unidos,7,"CM, CB",Right,169,22,61,,57,56,61,64,54,58,62,52,45,61,53,60,55,58,62,69,56,57,64,64,67,61,48,64,56,60,58,52,58,60,53,64,55,56,56,9,15,10,10,14,14,Major League Soccer
D. Žagar,Real Salt Lake,Serbia,17,"RM, LW, LM",Right,171,19,58,,64,52,58,60,40,48,61,52,45,59,51,56,59,54,57,63,63,64,68,52,63,56,49,59,40,48,52,39,58,55,51,59,43,39,36,9,14,10,11,12,8,Major League Soccer
C. Cowell,Real Salt Lake,Estados Unidos,44,ST,Right,170,18,57,,61,56,47,55,22,55,41,60,56,53,56,54,48,46,42,53,60,61,62,55,60,56,53,54,57,47,52,19,62,46,58,52,19,17,19,12,11,7,15,14,15,Major League Soccer
G. Villa,Real Salt Lake,Estados Unidos,41,"RB, LB",Right,165,18,60,,68,47,57,60,56,55,59,44,47,60,41,62,51,49,60,57,64,71,63,53,71,54,51,61,52,47,58,54,48,52,44,51,55,57,64,10,10,12,9,10,14,Major League Soccer
L. Rivera,Real Salt Lake,Estados Unidos,37,"CB, LB",Right,181,18,56,,49,38,44,45,60,60,43,33,61,50,32,39,36,34,52,50,45,53,45,51,52,52,55,58,62,40,58,61,30,33,38,50,61,58,61,14,10,14,9,7,13,Major League Soccer
S. Junqua,Real Salt Lake,Estados Unidos,29,"CB, LM",Right,183,29,62,,57,40,51,52,64,61,47,35,58,59,39,47,44,39,52,56,59,55,53,63,55,53,68,59,62,41,60,67,32,43,43,57,64,65,60,10,7,12,9,9,12,Major League Soccer
P. Quinton,Real Salt Lake,Estados Unidos,26,CB,Right,196,26,59,,52,40,49,51,62,63,48,33,67,57,35,49,41,40,52,55,50,54,41,54,48,53,63,55,68,44,59,63,30,40,42,53,59,62,62,15,14,15,6,8,8,Major League Soccer
J. José Arias,Real Salt Lake,Colombia,21,CB,Right,184,22,61,,55,39,46,50,64,67,45,36,63,52,33,45,37,42,48,53,52,57,52,62,49,52,66,64,69,36,65,61,38,39,38,60,62,69,57,12,6,10,13,13,8,Major League Soccer
J. Glad,Real Salt Lake,Estados Unidos,15,"CB, RB",Right,185,29,66,,58,49,53,52,70,65,48,45,72,59,36,46,43,47,58,54,57,59,53,63,58,65,72,61,65,49,70,69,41,48,41,62,71,70,66,11,7,13,10,15,6,Major League Soccer
L. Engel,Real Salt Lake,Dinamarca,4,"CB, RB",Right,178,27,66,,62,47,55,57,66,69,50,45,62,64,43,53,42,45,58,60,63,62,55,64,57,64,67,70,68,38,71,65,37,50,47,66,65,68,67,9,13,7,10,6,6,Major League Soccer
K. Henry,Real Salt Lake,Trinidad y Tobago,3,"CB, RB",Right,187,22,62,Trinidad y Tobago,59,41,50,51,64,65,42,35,66,59,42,51,37,43,57,48,59,59,51,55,53,59,63,59,67,38,66,64,37,42,42,62,67,62,61,11,8,13,8,8,8,Major League Soccer
D. Yedlin,Real Salt Lake,Estados Unidos,2,"CB, RB, RM",Left,172,33,63,,52,42,52,54,64,62,47,34,59,57,42,45,39,45,58,60,49,54,59,65,56,56,62,57,62,47,69,67,32,48,42,60,67,62,65,13,9,11,6,11,15,Major League Soccer
L. De Fougerolles,Real Salt Lake,Canadá,5,CB,Right,178,20,67,Canadá,59,47,53,55,69,65,49,40,69,60,41,47,44,43,55,60,60,59,58,63,62,66,67,64,63,49,70,65,39,46,49,55,71,70,70,12,13,15,8,15,14,Major League Soccer
M. Kerkvliet,Real Salt Lake,Estados Unidos,24,GK,Right,195,21,62,,37,18,31,28,19,45,14,10,21,40,15,12,17,13,39,33,40,34,38,55,48,43,47,36,52,13,40,30,10,35,22,44,17,12,22,62,63,52,61,64,42,Major League Soccer
Rafael Cabral,Real Salt Lake,Brasil,1,GK,Right,186,36,65,,29,21,33,34,26,48,21,12,27,38,16,20,15,16,32,41,33,26,36,64,49,45,53,42,51,17,47,34,18,44,23,49,23,27,20,67,66,61,63,63,42,Major League Soccer
J. Martínez,Columbus Crew,Venezuela,77,ST,Left,170,33,70,,68,72,59,70,36,64,56,74,72,63,73,68,59,57,53,70,69,68,75,70,70,79,65,67,64,62,60,37,72,62,68,71,31,31,25,8,14,13,13,15,6,Major League Soccer
C. Adams,Columbus Crew,Estados Unidos,46,"ST, CF",Left,182,18,60,,64,62,50,57,26,60,43,64,57,55,60,55,53,51,43,60,60,67,58,54,54,61,62,52,63,57,60,24,66,53,60,53,24,19,21,10,13,6,7,7,10,Major League Soccer
G. Tapia,Columbus Crew,Chile,33,"ST, RW",Right,178,24,70,Chile,67,70,57,70,37,66,60,75,71,60,70,71,59,60,51,68,69,65,70,73,72,73,65,63,70,60,61,32,68,54,65,71,36,32,31,14,6,6,14,12,9,Major League Soccer
L. Giaccone,Columbus Crew,Argentina,26,"LW, RW, LM",Left,172,25,64,,69,60,62,68,33,57,66,59,49,62,64,73,61,66,55,64,70,69,72,65,67,61,61,61,57,60,51,36,66,60,58,57,33,28,27,12,6,13,13,9,10,Major League Soccer
J. Thiaré,Columbus Crew,Senegal,19,ST,Left,180,33,59,,56,62,51,59,27,58,46,67,61,55,61,59,51,52,47,58,54,58,59,63,58,63,59,57,62,49,49,22,62,51,60,61,28,20,19,6,7,7,7,11,14,Major League Soccer
W. Abou Ali,Columbus Crew,Palestina,9,ST,Right,186,27,71,,72,73,61,67,38,70,58,77,73,63,70,66,61,63,60,69,68,75,65,72,64,73,80,65,72,64,67,36,79,61,70,71,35,32,33,15,15,6,11,15,13,Major League Soccer
S. Rodríguez,Columbus Crew,Uruguay,8,"RW, LW, CM",Left,167,26,72,,79,71,72,76,40,65,74,71,57,75,71,77,68,60,70,72,81,78,82,76,79,69,61,69,66,70,58,47,75,71,73,71,36,36,37,6,9,8,15,6,15,Major League Soccer
T. Karumanchi,Columbus Crew,Estados Unidos,50,"CM, CDM",Right,176,23,56,,57,49,55,58,48,53,57,45,47,57,43,58,52,49,56,58,56,58,58,55,52,52,47,61,51,53,49,47,55,53,53,59,48,48,46,8,10,7,8,12,15,Major League Soccer
K. Gbamblé,Columbus Crew,Estados Unidos,39,"RM, CAM, LW",Right,179,19,58,,63,51,56,58,40,54,67,48,43,54,50,59,58,56,54,59,63,63,59,51,57,53,44,57,53,56,53,43,54,51,46,49,40,37,38,6,10,10,14,10,6,Major League Soccer
C. Mrowka,Columbus Crew,Filipinas,29,"CAM, CDM",Right,174,20,54,,61,53,54,56,28,43,52,55,40,54,50,57,59,51,52,55,60,61,59,53,60,53,42,51,40,52,43,27,51,59,53,50,22,29,28,12,15,7,6,11,13,Major League Soccer
M. Farsi,Columbus Crew,Argelia,23,"RM, RB",Right,183,26,66,,71,61,62,68,47,63,61,60,52,59,60,71,66,57,61,68,68,73,66,64,63,61,57,69,60,61,64,52,62,70,61,64,43,46,44,15,13,14,6,9,14,Major League Soccer
A. Zaroury,Columbus Crew,Marruecos,21,"LW, LM, CAM",Left,176,25,73,,82,71,71,77,40,64,75,70,54,73,71,81,71,62,66,73,82,82,80,70,75,74,67,72,62,69,59,41,77,69,68,67,41,34,38,11,8,8,14,14,6,Major League Soccer
André Gomes,Columbus Crew,Portugal,20,"CM, CDM",Right,188,33,71,,62,66,71,74,64,70,63,66,59,75,61,75,66,66,71,76,61,62,69,78,68,67,73,72,70,68,67,62,69,73,64,72,66,68,58,7,10,10,14,10,13,Major League Soccer
S. Bangoura,Columbus Crew,Guinea,17,"CDM, CM",Right,173,24,62,,54,53,61,60,63,63,50,47,53,69,48,60,53,58,65,59,54,54,56,64,69,64,57,70,59,57,68,63,55,59,53,65,63,64,66,15,14,15,8,14,14,Major League Soccer
T. Habroune,Columbus Crew,Estados Unidos,16,"ST, CAM, LM",Right,182,20,65,,67,67,55,63,31,68,52,67,63,59,67,62,51,57,48,64,70,65,64,64,58,68,67,62,72,64,66,27,70,57,67,60,33,21,29,12,15,6,13,12,7,Major League Soccer
A. Sejdić,Columbus Crew,Estados Unidos,14,"CM, CAM",Right,179,29,56,,57,50,54,54,46,52,47,45,48,56,38,50,53,44,59,58,53,60,55,55,57,57,51,58,49,56,52,53,53,59,45,55,44,43,45,9,12,14,12,6,8,Major League Soccer
B. Méndez,Columbus Crew,España,10,"CAM, ST, RW",Right,187,29,74,,74,73,73,76,47,68,71,74,63,72,73,76,76,65,78,77,76,73,77,77,75,69,68,75,67,76,61,49,70,76,69,72,44,45,41,7,8,10,9,12,13,Major League Soccer
D. Chambost,Columbus Crew,Francia,7,"CM, CDM",Right,177,29,67,,65,65,67,66,61,63,63,66,56,70,56,65,67,62,68,68,64,66,61,69,67,68,57,72,60,64,60,61,67,68,55,74,61,63,59,6,15,15,11,7,6,Major League Soccer
S. Moreira,Columbus Crew,Cabo Verde,31,"RB, CB",Right,178,32,68,,74,53,63,68,66,69,71,49,65,65,50,67,60,49,58,66,71,76,73,67,73,63,66,80,63,55,72,68,52,58,49,68,62,68,72,14,9,13,12,7,15,Major League Soccer
S. Zawadzki,Columbus Crew,Estados Unidos,25,"CB, LB, CDM",Right,175,26,67,,64,48,56,58,72,68,54,45,67,64,42,55,46,51,58,59,61,66,62,66,62,57,65,60,70,47,72,71,41,44,47,65,74,71,72,13,11,15,14,12,13,Major League Soccer
T. Brown,Columbus Crew,Estados Unidos,22,"LB, LM",Left,180,18,56,,66,36,51,56,55,58,59,30,47,50,34,57,46,35,54,55,64,67,58,49,61,45,57,64,58,37,53,55,43,46,39,49,54,59,53,15,12,10,10,15,11,Major League Soccer
M. Amundsen,Columbus Crew,Dinamarca,18,"LB, CB",Left,179,28,67,,72,53,63,64,64,68,67,51,57,65,52,63,59,53,64,64,67,76,65,63,67,58,62,72,67,52,67,71,55,56,47,65,66,61,61,6,10,8,6,12,11,Major League Soccer
C. Ruvalcaba,Columbus Crew,Estados Unidos,12,CB,Right,189,25,55,,53,34,42,40,58,57,40,28,63,51,30,37,34,32,45,41,51,54,43,46,38,48,58,44,62,32,62,57,31,33,39,57,55,60,58,14,14,13,7,10,12,Major League Soccer
B. Lennon,Columbus Crew,Estados Unidos,11,"RB, RM",Right,177,29,64,,71,50,62,62,60,63,69,46,55,64,47,61,51,52,60,62,71,71,67,59,64,57,59,75,57,55,65,62,49,57,46,61,56,62,62,7,8,8,15,9,11,Major League Soccer
R. Camacho,Columbus Crew,Francia,4,CB,Right,185,35,59,,51,38,48,52,63,64,44,31,60,55,32,49,41,39,55,55,50,51,45,65,48,55,64,59,67,39,61,65,32,40,34,57,62,65,63,12,15,9,15,14,9,Major League Soccer
E. Bailly,Columbus Crew,Costa de Marfil,3,CB,Right,187,32,68,,58,48,59,57,70,70,49,42,68,68,45,52,49,51,65,60,51,64,59,65,56,64,73,63,75,49,68,75,43,51,46,68,69,67,70,8,12,10,15,12,9,Major League Soccer
A. Herrera,Columbus Crew,Argentina,2,"RB, RM",Right,180,27,62,,66,46,56,62,58,61,61,41,50,60,41,63,54,46,54,60,64,68,65,60,63,57,59,67,59,46,57,58,47,51,55,60,57,59,61,6,6,14,12,6,14,Major League Soccer
L. Pruter,Columbus Crew,Estados Unidos,54,GK,Right,187,25,58,,31,18,25,27,16,42,10,11,15,29,12,14,13,16,27,34,33,29,33,52,38,39,50,35,49,15,30,24,10,36,19,37,15,14,10,61,57,46,58,54,33,Major League Soccer
S. Lapkes,Columbus Crew,Bielorrusia,41,GK,Right,189,20,58,,37,15,26,27,17,41,10,10,19,31,10,14,10,15,29,32,36,37,33,56,36,34,47,33,47,10,35,21,10,36,22,40,13,17,15,56,60,50,59,59,38,Major League Soccer
P. Schulte,Columbus Crew,Estados Unidos,28,GK,Right,191,25,68,,45,24,37,33,24,47,26,16,33,45,15,24,21,22,37,33,41,49,40,63,49,44,58,40,53,25,36,29,17,41,29,47,26,18,19,67,68,58,64,66,56,Major League Soccer
E. Bush,Columbus Crew,Estados Unidos,24,GK,Right,188,40,57,,21,16,26,23,15,40,14,10,16,35,10,13,14,12,25,22,25,18,31,57,45,36,49,32,47,11,30,19,10,32,18,43,10,16,14,56,58,50,58,57,34,Major League Soccer
N. Hagen,Columbus Crew,Guatemala,1,GK,Right,193,30,55,Guatemala,30,17,25,22,15,35,14,10,20,28,10,10,12,10,33,26,27,32,28,52,34,41,45,31,40,12,27,25,10,31,13,33,11,11,10,57,53,51,55,60,35,Major League Soccer
G. Minoungou,Colorado Rapids,Burkina Faso,93,LW,Left,178,24,66,Burkina Faso,73,66,62,69,37,58,62,66,51,63,65,70,65,64,56,71,70,75,68,68,68,67,56,69,55,64,53,34,67,66,63,60,40,32,32,15,10,7,8,10,8,Major League Soccer
D. Yapi,Colorado Rapids,Estados Unidos,77,"LW, ST, RW",Left,185,21,67,,74,65,65,71,37,63,63,66,62,65,62,74,66,61,64,69,74,74,72,71,64,70,62,69,65,61,52,37,68,69,61,68,34,33,29,14,6,9,7,13,9,Major League Soccer
D. Phillip,Colorado Rapids,Saint Lucia,32,"ST, RW, LW",Right,187,21,57,,58,57,47,56,25,56,46,58,65,50,59,56,47,45,42,57,63,54,55,63,47,59,62,49,61,53,50,19,56,45,52,57,21,24,15,10,10,7,11,11,13,Major League Soccer
M. Billo Diop,Colorado Rapids,Senegal,26,ST,Right,189,20,59,,61,61,50,58,25,60,46,65,66,53,65,57,50,52,44,60,62,60,59,59,55,59,64,60,60,51,57,20,65,51,60,61,21,20,22,7,15,6,8,8,9,Major League Soccer
S. Abu Farkhi,Colorado Rapids,Israel,9,"ST, LW",Right,184,20,63,Israel,64,64,52,64,29,60,46,68,64,56,61,64,56,55,43,65,63,64,59,67,59,64,64,54,64,56,56,31,69,54,63,60,24,25,21,15,12,9,9,14,11,Major League Soccer
M. Whittaker,Colorado Rapids,Inglaterra,7,"RW, ST, CAM",Right,183,25,76,,84,77,74,78,47,71,71,77,64,79,69,76,80,69,67,80,81,87,78,77,83,81,74,75,71,74,66,43,80,71,70,76,47,47,39,13,7,10,11,10,14,Major League Soccer
I. Sadiq,Colorado Rapids,Ghana,11,"LW, ST, RW",Left,173,26,68,,76,68,67,71,36,61,71,69,54,68,65,70,71,64,62,69,74,78,79,72,70,69,58,76,57,65,55,38,69,64,66,68,32,35,32,11,13,8,15,14,12,Major League Soccer
Y. Maziz,Colorado Rapids,Francia,88,"CAM, CM, LW",Right,175,28,63,,66,65,63,67,35,53,60,65,45,63,62,65,67,66,61,71,68,65,69,66,62,65,50,59,50,67,53,38,67,68,60,61,36,32,27,9,14,11,15,9,12,Major League Soccer
K. Stewart,Colorado Rapids,Canadá,27,"LW, LM, RM",Right,175,21,56,,59,57,55,59,28,49,56,61,43,58,52,60,52,47,52,57,56,61,63,56,64,53,47,56,48,53,42,30,57,53,53,53,26,24,24,8,8,9,11,7,7,Major League Soccer
T. Ku-DiPietro,Colorado Rapids,Estados Unidos,21,LW,Right,178,24,64,,72,59,62,68,32,57,67,61,52,61,53,70,57,58,56,67,74,70,73,68,67,60,57,67,56,54,49,32,60,63,62,58,31,31,23,11,15,11,15,13,13,Major League Soccer
A. Harris,Colorado Rapids,Estados Unidos,16,"RM, ST",Right,180,21,57,,65,51,56,59,38,52,59,49,49,54,49,58,60,53,53,60,61,68,61,56,62,54,51,62,50,52,47,35,55,56,51,51,38,38,36,9,9,15,13,12,13,Major League Soccer
A. Fadal,Colorado Rapids,Ghana,15,"CM, CDM",Right,178,22,55,,53,51,58,56,47,53,55,46,45,64,43,53,49,48,55,59,50,55,53,58,52,56,47,64,50,59,47,48,52,55,47,62,48,47,40,9,14,13,13,8,7,Major League Soccer
W. Frederick,Colorado Rapids,Trinidad y Tobago,13,"CDM, CM, CAM",Right,177,22,60,Trinidad y Tobago,55,51,57,56,61,58,56,47,57,60,47,55,48,50,58,55,53,56,56,61,63,55,58,61,55,55,60,65,54,58,49,62,57,63,61,6,12,15,11,7,15,Major League Soccer
J. Atencio,Colorado Rapids,Estados Unidos,12,"CDM, CM",Right,185,24,67,,61,56,62,62,68,70,61,51,68,65,51,59,51,62,64,65,62,60,59,70,60,64,70,69,71,55,70,70,64,60,60,73,66,69,62,14,13,9,8,6,12,Major League Soccer
P. Aaronson,Colorado Rapids,Estados Unidos,10,"CAM, CM, RW",Right,175,23,70,,72,71,68,72,44,60,60,72,58,71,65,72,76,69,63,73,74,70,74,71,75,71,53,66,59,73,58,46,72,74,63,69,43,40,41,14,7,9,14,6,9,Major League Soccer
H. Ojediran,Colorado Rapids,Nigeria,8,"CDM, CM",Right,179,22,65,,63,55,60,59,66,67,57,51,64,61,48,54,54,54,66,62,64,63,62,62,60,58,64,70,65,60,68,66,61,62,59,68,66,65,67,9,13,12,11,9,14,Major League Soccer
J. Travis,Colorado Rapids,Estados Unidos,99,"LB, RB, LW",Right,172,22,62,,68,46,58,59,58,59,65,43,49,60,44,60,56,43,59,55,67,68,67,57,63,55,64,66,53,44,63,60,47,49,47,55,59,58,59,15,12,10,10,11,8,Major League Soccer
K. Thompson,Colorado Rapids,Canadá,33,"RB, CB, LB",Right,178,23,62,,64,50,56,58,59,61,59,49,50,55,48,58,50,46,62,55,66,62,63,61,66,54,56,67,59,48,60,62,49,53,44,57,61,57,63,15,11,7,12,12,10,Major League Soccer
M. Navarro,Colorado Rapids,Venezuela,29,LB,Left,175,27,66,,73,53,62,61,62,66,68,52,60,64,46,62,54,51,62,54,71,75,71,65,77,58,65,76,61,53,64,60,56,55,49,58,58,67,66,8,15,13,11,6,14,Major League Soccer
N. Cobb,Colorado Rapids,Estados Unidos,24,CB,Right,183,21,62,,59,41,49,50,66,62,48,35,64,54,40,44,46,36,56,55,61,57,48,58,54,59,61,59,63,39,65,66,32,42,40,62,66,66,65,7,10,12,14,7,7,Major League Soccer
R. Holding,Colorado Rapids,Inglaterra,6,CB,Right,189,31,69,,60,49,58,60,73,72,54,43,82,65,45,57,47,53,61,62,61,60,53,65,57,63,79,71,71,49,75,74,43,54,51,72,69,72,74,6,11,8,14,15,11,Major League Soccer
L. Williams,Colorado Rapids,España,5,"CB, RB",Right,188,24,67,,66,48,56,55,68,72,61,44,70,62,43,49,45,43,58,59,64,67,53,64,59,60,67,66,76,49,73,69,46,44,43,65,63,72,66,9,10,14,15,15,9,Major League Soccer
R. Cannon,Colorado Rapids,Estados Unidos,4,"RB, CB",Right,180,28,66,,71,54,61,65,63,66,68,51,57,62,47,69,54,55,62,59,70,72,69,63,69,62,65,71,65,57,65,62,50,54,55,58,65,61,69,9,15,6,8,10,13,Major League Soccer
K. Rosenberry,Colorado Rapids,Estados Unidos,2,RB,Right,173,32,66,,67,52,61,63,65,62,65,50,56,62,50,61,51,47,66,62,65,69,65,62,70,60,58,72,58,50,62,67,51,56,49,67,65,68,64,6,9,6,7,6,8,Major League Soccer
B. Dowd,Colorado Rapids,Estados Unidos,61,GK,Left,183,24,60,,37,18,29,30,20,47,15,14,23,32,10,21,15,17,32,32,38,37,35,56,35,34,51,39,55,13,35,29,10,40,21,44,18,17,11,61,59,54,63,68,38,Major League Soccer
N. Hansen,Colorado Rapids,Estados Unidos,41,GK,Right,193,25,61,,34,18,26,28,19,40,10,10,22,29,13,18,15,19,36,29,33,35,31,62,41,41,52,29,47,13,34,27,10,36,24,38,18,15,19,58,63,53,62,58,42,Major League Soccer
Z. Steffen,Colorado Rapids,Estados Unidos,1,GK,Left,190,31,65,,35,23,33,32,21,48,17,16,21,40,12,18,15,19,36,37,33,36,36,65,43,45,52,38,57,22,38,26,16,42,25,48,21,20,17,68,64,66,64,67,46,Major League Soccer
D. Turgeman,New England Revolution,Israel,99,ST,Right,186,22,68,Israel,69,69,58,68,36,67,57,71,70,61,70,68,56,57,52,70,65,73,61,70,62,71,73,59,73,60,60,29,69,60,72,72,36,31,27,14,7,12,11,15,7,Major League Soccer
L. Langoni,New England Revolution,Argentina,41,RW,Right,172,24,73,,78,71,69,75,41,66,66,73,57,70,67,77,80,69,68,70,77,79,83,74,79,69,56,72,66,72,59,38,74,70,67,74,38,43,38,10,15,13,13,8,9,Major League Soccer
W. Harris,New England Revolution,Estados Unidos,27,"ST, CF",Right,183,26,59,,63,61,49,58,26,54,45,63,60,52,56,58,50,51,42,58,62,64,58,61,55,62,58,54,54,54,55,22,67,51,61,65,24,23,20,11,7,8,7,11,10,Major League Soccer
P. Miller,New England Revolution,Estados Unidos,25,"LW, RW, LB",Left,170,18,63,Estados Unidos,77,61,61,68,32,54,66,64,46,63,59,70,60,52,53,65,78,77,73,60,80,63,52,63,52,52,46,37,67,62,57,60,30,27,28,11,12,11,6,6,9,Major League Soccer
M. Zambrano,New England Revolution,Estados Unidos,17,"ST, LW",Right,183,21,54,,58,59,45,53,21,52,43,62,59,45,55,54,45,45,43,53,54,62,51,53,47,59,55,51,53,53,51,19,57,47,52,57,15,15,20,14,12,7,6,12,6,Major League Soccer
D. Gazdag,New England Revolution,Hungría,16,"ST, LW",Right,178,30,68,,71,68,60,67,33,65,55,69,66,68,71,65,60,61,54,69,70,71,69,70,65,68,71,69,63,65,62,33,69,53,67,70,29,27,28,15,7,11,13,7,9,Major League Soccer
J. Harrison,New England Revolution,Inglaterra,11,"RW, LW",Right,175,29,72,,78,71,69,75,41,64,69,71,55,71,68,76,73,69,66,73,79,77,80,75,71,70,61,72,62,72,59,42,71,67,71,76,41,38,36,15,13,10,13,15,11,Major League Soccer
L. Campana,New England Revolution,Ecuador,9,"ST, LW",Right,187,26,69,,72,69,60,66,36,71,60,71,75,65,72,64,61,54,50,71,73,71,61,66,61,70,73,70,74,63,63,35,72,61,69,70,33,31,26,6,7,11,8,11,15,Major League Soccer
G. Yow,New England Revolution,Estados Unidos,7,"LW, RW",Left,170,24,66,,74,61,64,67,32,55,67,60,46,66,59,63,64,63,55,70,75,73,68,67,72,67,54,67,51,55,48,32,68,65,58,62,32,29,32,14,13,9,6,14,9,Major League Soccer
A. Yusuf,New England Revolution,Nigeria,80,"CM, CDM, LW",Right,175,26,68,,65,64,67,67,63,65,64,63,53,70,55,65,68,62,67,66,69,62,69,70,71,68,65,71,60,63,68,67,60,67,64,71,68,60,56,12,14,10,15,12,13,Major League Soccer
D. Fagúndez,New England Revolution,Uruguay,77,CM,Right,173,31,65,,60,57,66,66,57,60,56,53,56,71,51,60,62,59,69,70,65,56,71,67,66,63,54,69,55,62,63,53,65,68,55,67,61,58,50,9,10,8,6,7,6,Major League Soccer
J. Siqueira,New England Revolution,Estados Unidos,65,"CM, CAM, RW",Left,181,17,57,,56,51,59,57,50,54,58,47,48,65,42,62,55,45,58,54,54,57,58,56,55,54,52,61,50,60,54,47,55,55,47,48,53,50,47,8,6,7,15,11,14,Major League Soccer
C. Oliveira,New England Revolution,Estados Unidos,35,"RW, CM, RM",Right,175,18,58,,67,56,58,61,28,52,59,56,46,64,49,63,58,53,48,62,63,71,60,57,63,63,50,59,52,53,45,25,56,54,54,50,24,31,19,6,14,15,11,8,12,Major League Soccer
B. Raines,New England Revolution,Estados Unidos,21,"CM, CDM",Right,173,21,64,Estados Unidos,61,58,63,62,56,61,51,54,57,70,60,59,58,53,66,65,60,61,65,66,64,60,59,69,58,65,60,60,56,64,59,63,58,53,55,12,8,9,15,15,15,Major League Soccer
J. Yueill,New England Revolution,Estados Unidos,14,"CM, CDM",Right,178,29,63,,63,60,62,64,55,62,59,61,54,67,53,68,56,54,57,61,62,63,60,67,65,62,57,70,62,60,55,53,62,66,58,62,55,57,56,6,11,7,8,10,13,Major League Soccer
C. Gil,New England Revolution,España,10,"CAM, CM",Right,170,33,68,,66,68,69,71,41,57,66,67,53,70,65,72,70,65,66,68,68,64,72,72,74,68,55,69,52,74,57,42,69,75,60,70,40,39,35,12,15,13,13,8,9,Major League Soccer
J. Mussenden,New England Revolution,Estados Unidos,18,"CM, CDM, RB",Right,175,19,58,,58,52,60,60,51,57,52,49,40,63,48,56,55,52,59,64,55,60,66,58,53,59,46,63,57,52,52,54,57,65,48,57,50,57,41,9,6,8,6,6,6,Major League Soccer
A. Farrell,New England Revolution,Estados Unidos,88,CB,Right,180,34,59,,47,39,46,47,61,59,46,36,60,48,29,44,40,35,49,48,48,46,48,58,48,52,64,47,65,37,59,62,36,43,37,58,62,58,64,14,12,12,13,6,13,Major League Soccer
J. Wynder,New England Revolution,Estados Unidos,66,"CB, RB",Right,183,21,62,,61,42,49,52,65,64,49,33,57,58,35,45,41,39,51,59,63,59,46,62,53,60,60,61,65,44,67,67,38,38,44,58,66,66,59,10,12,12,9,13,9,Major League Soccer
W. Sands,New England Revolution,Estados Unidos,23,"LB, RB",Left,178,26,61,,66,46,56,58,59,59,61,42,54,54,41,57,56,44,58,55,64,67,69,56,61,55,59,66,56,46,58,63,55,54,44,57,53,64,63,11,7,13,15,9,15,Major League Soccer
E. Kohler,New England Revolution,Estados Unidos,22,"CB, CDM",Right,183,21,61,,56,40,48,51,64,64,46,36,61,56,34,48,40,42,52,55,55,56,44,55,52,54,64,62,66,38,64,61,36,38,38,60,64,68,63,8,9,8,7,10,13,Major League Soccer
B. Sammer,New England Revolution,Austria,21,"CB, CDM",Right,183,21,54,,50,33,42,40,58,54,35,27,52,47,26,30,35,30,48,47,42,56,41,55,50,49,54,49,56,33,57,55,24,39,34,50,58,64,55,14,8,14,13,9,12,Major League Soccer
D. McIntosh,New England Revolution,Jamaica,19,RB,Right,178,19,60,,68,48,54,57,58,57,57,46,49,54,46,54,54,49,52,60,65,71,58,48,60,58,57,61,52,41,63,61,53,55,49,55,59,58,61,6,6,10,13,13,15,Major League Soccer
C. Baker,New England Revolution,Estados Unidos,15,"RB, RM",Right,178,22,57,,61,42,51,55,56,54,53,37,51,56,39,51,46,45,50,57,57,65,62,53,58,50,47,57,51,46,57,53,45,44,43,56,62,53,56,10,9,9,7,8,9,Major League Soccer
I. Feingold,New England Revolution,Israel,12,"RB, LB",Left,178,22,67,Israel,72,54,62,64,65,66,63,49,62,68,49,63,57,53,62,63,67,76,65,61,71,65,63,68,66,54,64,64,55,56,54,63,64,67,68,9,11,9,11,11,11,Major League Soccer
M. Polster,New England Revolution,Estados Unidos,8,"RB, CDM",Right,183,33,65,,66,52,61,62,65,63,69,51,61,63,44,59,57,57,58,64,65,66,62,62,66,58,63,68,61,53,61,63,54,55,45,62,67,64,66,7,7,10,8,10,11,Major League Soccer
T. Smith,New England Revolution,Sudáfrica,6,CB,Right,188,21,53,,49,31,44,41,57,57,43,27,58,55,25,34,35,34,44,45,51,48,45,51,50,47,56,46,62,27,57,56,29,32,36,48,55,60,53,6,15,6,15,13,8,Major League Soccer
T. Beason,New England Revolution,Estados Unidos,4,"CB, RB",Left,185,29,60,,55,40,50,52,62,63,44,37,56,58,38,49,36,39,55,53,53,56,52,59,51,52,61,59,63,35,69,64,39,42,39,54,58,69,60,13,8,6,8,15,13,Major League Soccer
M. Fofana,New England Revolution,Malí,2,CB,Left,187,28,65,,59,50,51,55,67,63,44,45,69,59,37,49,45,47,57,60,55,63,58,65,50,65,67,59,62,51,69,65,44,43,50,61,70,67,64,6,10,14,11,14,6,Major League Soccer
J. Gunn,New England Revolution,Panamá,73,GK,Right,187,26,53,,29,15,22,19,12,36,10,10,13,27,10,10,10,13,22,18,26,31,25,49,33,32,40,27,44,10,26,17,10,29,13,35,10,10,10,53,44,46,51,52,26,Major League Soccer
D. Parisian,New England Revolution,Estados Unidos,33,GK,Right,193,22,60,,36,19,29,28,18,45,13,14,22,37,10,19,20,14,30,28,38,35,38,62,39,43,49,33,52,11,41,27,13,36,20,42,18,13,11,61,60,53,58,63,37,Major League Soccer
M. Turner,New England Revolution,Estados Unidos,30,GK,Right,190,32,71,,43,28,38,39,28,52,26,20,35,43,27,27,26,27,43,44,44,43,43,70,54,50,63,45,59,29,38,37,16,45,30,52,23,26,28,73,68,65,71,72,49,Major League Soccer
J. Adebayo-Smith,Minnesota United,Nigeria,99,"ST, RW",Left,181,25,57,,57,58,48,58,23,55,40,60,50,54,62,59,48,45,44,59,57,57,53,62,52,57,54,59,54,54,53,23,60,51,59,58,19,19,19,14,10,11,13,9,8,Major League Soccer
D. Randell,Minnesota United,Estados Unidos,98,"LW, RW, LM",Left,178,19,58,,67,56,56,62,29,51,57,56,44,55,57,58,59,55,50,68,64,70,60,57,58,58,50,60,49,52,45,31,63,59,53,55,29,25,22,13,13,12,10,8,6,Major League Soccer
T. Putt,Minnesota United,Nueva Zelanda,32,"LW, ST, RB",Left,168,20,57,,66,55,56,59,27,46,56,56,39,59,48,58,58,53,46,61,68,64,58,57,64,53,43,51,46,58,40,27,55,57,54,53,30,20,24,7,14,7,7,10,15,Major League Soccer
M. Dieng,Minnesota United,Senegal,29,"ST, LW",Right,187,22,56,,58,58,47,53,24,54,47,60,61,47,53,53,50,51,43,52,59,57,55,58,46,58,49,49,58,54,51,19,61,47,61,56,22,19,19,7,7,10,11,13,13,Major League Soccer
M. Caldeira,Minnesota United,Canadá,22,"ST, LW",Right,185,21,57,,63,59,46,55,26,55,44,60,65,47,60,53,49,47,42,57,64,62,52,63,53,62,59,50,58,55,53,25,60,49,57,55,21,18,23,7,13,7,15,9,9,Major League Soccer
B. Hlongwane,Minnesota United,Sudáfrica,21,"RB, RW, ST",Right,182,26,69,,77,55,64,68,66,66,68,51,57,66,47,68,62,54,66,68,79,75,70,65,73,63,69,65,67,55,63,67,58,60,55,67,65,71,65,10,6,10,14,7,7,Major League Soccer
M. González,Minnesota United,Colombia,18,LW,Left,171,22,62,,68,60,60,64,30,54,64,60,42,60,52,63,60,56,54,64,67,68,74,62,69,63,56,62,53,58,46,31,66,59,63,58,34,24,23,7,14,11,13,14,9,Major League Soccer
A. Jackson,Minnesota United,Estados Unidos,16,"LW, LM",Right,175,24,66,,69,65,64,67,36,61,69,66,49,67,66,65,65,55,56,69,65,73,72,68,68,64,56,73,60,61,50,35,72,63,61,66,35,35,30,15,10,9,10,9,13,Major League Soccer
M. Malone,Minnesota United,Alemania,11,"ST, CAM, RW",Left,184,26,64,,66,65,53,63,30,69,52,68,65,55,66,66,52,58,47,59,68,64,62,65,60,64,65,66,74,60,60,25,67,55,64,66,28,24,24,13,13,11,14,13,11,Major League Soccer
K. Yeboah,Minnesota United,Italia,9,"ST, CF",Left,182,26,73,,70,75,65,71,40,75,61,79,77,73,70,70,63,67,54,72,70,70,75,79,66,74,74,71,78,69,71,35,75,61,77,68,40,33,34,15,9,13,6,6,10,Major League Soccer
O. Gene,Minnesota United,Francia,30,"CM, CDM",Right,180,23,66,,63,61,66,67,56,66,65,59,59,67,61,67,60,60,72,68,64,62,65,65,62,65,60,73,66,61,58,58,64,66,55,66,56,55,52,11,14,15,15,9,11,Major League Soccer
J. Pereyra,Minnesota United,Argentina,26,"CAM, RW, LM",Right,181,27,73,,73,72,75,75,47,68,72,72,62,80,69,74,75,73,67,75,73,73,79,74,72,73,65,72,69,73,59,55,74,78,70,72,40,48,36,9,10,9,15,11,13,Major League Soccer
N. Triantis,Minnesota United,Grecia,25,"CM, CDM",Right,191,23,67,Grecia,65,61,67,68,60,66,59,56,58,68,64,65,63,68,68,75,66,64,61,65,62,66,62,62,71,65,61,52,62,71,60,66,65,64,56,14,8,15,12,7,10,Major League Soccer
J. Gressel,Minnesota United,Estados Unidos,24,CM,Left,185,32,66,,65,62,68,65,60,66,65,60,60,70,61,63,61,63,68,68,67,64,62,66,63,61,58,64,68,64,63,60,66,72,64,67,61,59,58,6,15,10,9,13,10,Major League Soccer
W. Trapp,Minnesota United,Estados Unidos,20,"CM, CDM",Right,173,33,63,,58,59,64,66,54,61,55,57,50,67,55,62,64,56,65,70,59,57,65,67,69,61,52,64,60,64,60,54,61,70,54,62,50,59,51,11,15,8,7,7,6,Major League Soccer
T. Chancalay,Minnesota United,Argentina,8,"LW, CAM, LM",Left,179,27,68,,74,68,66,69,40,60,64,70,59,70,66,69,71,64,60,70,72,76,73,68,67,69,57,69,58,66,54,38,64,65,66,66,41,36,34,13,7,6,11,13,8,Major League Soccer
P. Stroud,Minnesota United,Estados Unidos,6,CDM,Right,178,24,60,,52,52,54,57,58,64,50,52,53,55,43,52,52,51,61,64,55,50,51,57,58,55,56,65,64,52,64,58,46,52,50,59,57,60,62,9,6,7,7,10,7,Major League Soccer
K. Duncan,Minnesota United,Jamaica,3,"RB, RM",Right,178,29,63,,67,47,57,56,59,63,61,43,56,57,45,54,55,53,59,55,65,69,61,58,70,58,62,65,63,46,60,59,50,51,47,59,64,55,57,14,15,11,8,6,9,Major League Soccer
C. Harvey,Minnesota United,Panamá,67,"CB, CM, CDM",Right,185,26,60,Panamá,54,38,47,47,63,61,41,32,65,56,35,44,40,38,49,47,58,50,50,53,51,54,61,58,63,38,58,63,37,40,35,60,60,65,64,14,12,9,11,15,10,Major League Soccer
C. Valerius,Minnesota United,Países Bajos,52,"RB, CB",Left,192,21,60,,66,49,55,55,60,61,61,49,50,60,39,54,53,46,54,56,69,63,56,59,58,55,61,60,65,47,53,53,52,42,47,55,66,60,64,9,13,12,12,14,8,Major League Soccer
K. Chandler,Minnesota United,Estados Unidos,33,"LB, LM, LW",Left,179,21,58,,65,46,53,56,57,55,57,43,54,56,43,52,47,40,52,58,60,69,60,56,60,50,57,60,51,50,58,59,48,47,42,53,56,59,57,13,8,9,6,10,7,Major League Soccer
J. Díaz,Minnesota United,Colombia,28,"CB, RB",Right,186,25,63,,56,42,53,51,65,67,46,37,67,62,36,47,45,46,57,53,51,60,49,61,52,59,63,61,69,40,69,67,39,43,45,62,64,63,66,8,7,13,6,7,15,Major League Soccer
D. Taylor,Minnesota United,Estados Unidos,27,"RB, CB",Right,173,29,62,,66,47,57,59,63,62,60,43,60,61,43,55,58,44,61,59,67,65,69,63,66,53,63,66,57,47,68,63,53,47,49,60,63,64,62,13,15,15,8,10,9,Major League Soccer
M. Duggan,Minnesota United,Alemania,23,"CB, RB",Right,193,25,63,,56,44,51,49,64,66,46,41,66,58,39,44,42,49,54,52,57,55,43,61,48,57,69,61,68,44,68,58,36,46,39,60,64,67,62,12,8,10,8,9,8,Major League Soccer
M. Boxall,Minnesota United,Nueva Zelanda,15,"CB, RB",Right,188,38,61,Nueva Zelanda,51,40,51,51,65,65,47,32,64,58,39,49,39,39,53,53,48,53,46,58,47,55,72,53,68,42,69,70,36,46,44,60,62,67,63,14,10,11,7,8,6,Major League Soccer
A. Markanich,Minnesota United,Filipinas,13,"LB, LM",Left,185,26,68,,71,55,64,66,66,67,67,54,61,68,46,69,55,57,65,61,69,73,69,66,71,57,64,69,68,57,65,64,58,59,54,65,67,67,66,8,10,14,13,13,7,Major League Soccer
N. Romero,Minnesota United,Argentina,5,"CB, CDM",Right,186,22,66,,62,45,53,56,69,73,52,43,71,59,43,53,50,46,56,58,55,68,53,65,56,58,75,66,76,39,73,70,37,43,46,64,69,69,65,9,10,14,7,14,15,Major League Soccer
K. Rizvanovich,Minnesota United,Estados Unidos,94,GK,Right,190,18,56,,34,15,24,22,14,40,10,10,17,30,10,10,10,10,33,26,27,40,29,50,35,32,42,34,47,11,31,21,10,30,14,36,10,12,11,61,52,51,55,53,34,Major League Soccer
D. Callender,Minnesota United,Estados Unidos,12,GK,Right,188,28,61,,36,19,30,29,17,44,13,13,18,36,14,21,19,11,39,26,33,39,39,56,45,41,46,28,55,15,37,28,16,39,16,43,14,15,13,62,61,56,65,61,38,Major League Soccer
A. Smir,Minnesota United,Estados Unidos,1,GK,Right,185,27,51,,28,15,20,20,10,35,10,10,13,27,10,10,10,10,22,24,25,30,23,40,38,31,30,27,44,13,23,10,10,21,11,33,10,10,10,52,52,44,53,54,26,Major League Soccer
W. Madrigal,Nashville SC,Costa Rica,41,"LW, ST, RW",Right,178,22,60,,66,58,60,60,31,52,61,58,43,61,59,60,58,59,53,58,70,63,67,63,64,60,51,62,49,55,49,28,62,62,55,54,32,28,30,7,14,14,8,15,6,Major League Soccer
A. Qasem,Nashville SC,Irak,37,"LW, LM, RW",Right,183,23,69,Irak,78,64,67,70,35,62,67,61,55,68,64,72,72,62,63,68,80,77,69,71,73,67,63,67,63,66,54,36,72,67,66,67,32,34,26,12,11,6,10,15,13,Major League Soccer
J. Knight,Nashville SC,Canadá,23,"LW, RB, RM",Left,191,24,58,,66,57,56,57,27,57,60,56,48,56,59,55,56,55,53,60,65,67,59,56,52,57,55,64,58,58,45,25,61,55,53,61,22,29,19,13,8,6,9,9,9,Major League Soccer
Z. Yáñez,Nashville SC,Chile,15,ST,Right,182,18,58,Chile,64,59,48,54,25,58,43,63,62,50,63,52,54,47,48,54,63,65,59,51,56,59,61,50,62,50,57,28,64,48,57,52,21,17,19,14,14,15,11,13,9,Major League Soccer
E. Saad,Nashville SC,Túnez,11,"LW, ST, CAM",Right,185,26,66,,73,64,64,68,34,59,66,64,54,65,66,69,64,63,56,67,69,76,68,65,67,66,58,60,59,63,58,32,67,67,62,65,34,34,23,12,14,14,11,11,6,Major League Soccer
H. Mukhtar,Nashville SC,Alemania,10,"ST, CAM, LW",Left,174,31,69,,67,69,58,71,35,66,56,72,63,58,70,72,62,58,54,70,68,66,73,74,66,69,66,62,70,62,62,33,68,63,69,69,33,32,29,12,14,12,6,8,8,Major League Soccer
S. Surridge,Nashville SC,Inglaterra,9,ST,Right,191,28,69,,68,72,58,67,35,74,58,75,75,60,73,67,66,56,50,66,69,68,67,71,58,74,72,62,83,63,66,33,75,61,67,71,26,33,29,15,15,15,9,10,14,Major League Soccer
C. Espinoza,Nashville SC,Argentina,7,"RW, RM",Right,173,31,72,,79,67,70,77,39,67,68,68,58,74,60,77,71,62,69,79,81,78,76,76,72,71,58,70,69,63,61,40,76,67,65,69,38,35,32,14,14,12,8,14,9,Major League Soccer
F. Camara,Nashville SC,Senegal,26,CM,Right,185,21,59,,56,54,59,62,53,58,55,49,50,61,48,66,56,53,63,62,53,58,50,59,57,59,56,62,57,61,57,53,54,60,52,58,56,54,44,12,11,11,12,10,15,Major League Soccer
E. Tagseth,Nashville SC,Noruega,20,"CM, CDM",Right,171,25,66,,63,64,67,68,60,60,65,61,54,66,61,66,64,63,68,71,66,61,70,71,63,73,52,70,54,61,62,61,64,70,62,68,61,59,62,10,15,13,8,8,15,Major League Soccer
A. Muyl,Nashville SC,Estados Unidos,19,"LM, CM, LW",Right,179,31,69,,71,62,67,69,50,63,66,58,64,69,57,68,66,59,63,67,69,72,74,69,77,65,61,74,60,65,59,49,69,71,63,74,46,51,47,9,14,13,7,12,14,Major League Soccer
M. Corcoran,Nashville SC,Estados Unidos,16,"CM, CDM, LM",Right,178,20,65,,64,58,65,66,57,63,58,51,58,69,53,61,63,63,63,72,70,60,63,63,66,67,54,70,61,63,60,59,61,68,59,63,57,56,52,7,13,7,14,14,10,Major League Soccer
S. Mohammed,Nashville SC,Ghana,14,"RW, CM, RM",Right,178,23,58,,64,59,54,61,29,49,58,62,46,49,54,63,58,53,49,58,69,60,65,60,62,54,44,55,49,56,44,30,62,60,56,55,24,31,20,14,15,7,14,12,10,Major League Soccer
P. Yazbek,Nashville SC,Australia,8,"CM, CDM",Right,183,24,68,Australia,66,63,69,66,60,68,59,60,67,74,61,63,68,62,69,70,68,64,63,68,64,65,61,71,69,66,63,60,65,71,63,65,58,62,55,6,10,8,13,14,15,Major League Soccer
B. Acosta,Nashville SC,Honduras,6,"CM, CDM",Right,174,32,62,,57,57,65,62,53,58,66,53,45,66,50,62,52,58,64,60,61,54,64,62,61,61,52,64,56,63,58,56,63,66,59,64,52,56,52,14,14,6,7,9,14,Major League Soccer
M. Molina,Nashville SC,Jamaica,35,"RB, LB",Right,175,19,60,,65,46,56,56,57,56,60,48,50,60,40,53,49,47,56,59,68,62,67,54,58,51,54,60,53,39,59,56,48,48,45,46,54,62,61,8,8,9,14,14,6,Major League Soccer
A. Nájar,Nashville SC,Honduras,31,"RB, LB",Right,171,33,61,,61,47,59,60,62,59,63,40,47,63,48,57,51,53,55,62,62,60,62,62,62,57,54,63,58,53,58,60,48,54,45,60,63,69,55,14,10,10,6,6,12,Major League Soccer
J. Gaines,Nashville SC,Estados Unidos,29,"RB, CB",Right,178,23,58,,59,45,51,56,56,55,55,43,52,51,43,57,52,47,53,53,57,61,58,61,62,51,57,59,51,44,61,55,46,46,44,55,61,55,55,9,14,14,10,9,7,Major League Soccer
R. Baker-Whiting,Nashville SC,Estados Unidos,27,"LB, RB",Left,170,21,62,,67,46,57,61,59,61,61,44,50,60,45,60,50,50,57,58,69,65,71,53,75,55,50,64,59,42,64,59,50,49,50,60,64,59,55,7,14,9,14,10,11,Major League Soccer
J. Bauer,Nashville SC,Estados Unidos,22,"RB, LB, CB",Right,185,28,55,,57,41,49,54,53,54,54,39,50,50,39,58,48,44,42,50,60,55,55,47,48,46,53,56,56,44,45,57,38,47,38,53,53,51,50,10,13,7,9,9,7,Major League Soccer
T. Williams,Nashville SC,Estados Unidos,21,"CB, RB",Right,190,22,59,,53,37,49,47,66,62,44,32,66,57,29,39,44,40,57,53,50,55,44,58,48,55,63,58,66,32,59,69,31,38,39,57,62,68,63,9,6,12,15,10,9,Major League Soccer
O. Presthus,Nashville SC,Estados Unidos,17,"RB, RM, LB",Left,181,20,57,,63,44,55,56,54,55,56,42,51,58,38,56,52,43,61,57,65,61,58,52,56,54,50,56,54,41,59,55,45,48,39,52,53,55,58,11,6,11,10,13,7,Major League Soccer
J. Maher,Nashville SC,Estados Unidos,5,CB,Right,188,26,65,,60,43,55,57,68,67,50,35,71,62,43,53,44,44,58,58,60,60,54,68,57,60,73,61,70,47,64,59,38,51,41,70,71,71,67,15,8,8,15,10,7,Major League Soccer
J. Palacios,Nashville SC,Colombia,4,CB,Left,186,32,62,,52,44,50,50,65,68,44,38,66,59,33,47,45,43,51,51,58,48,50,60,53,60,61,66,68,45,70,65,37,43,41,63,65,67,57,14,15,15,8,10,9,Major League Soccer
M. Woledzi,Nashville SC,Ghana,3,"CB, RB",Right,187,25,69,,64,49,58,60,73,71,53,42,68,66,46,57,44,48,58,64,58,68,52,63,55,62,73,62,78,53,64,75,45,53,49,69,72,75,71,12,9,13,13,7,6,Major League Soccer
D. Lovitz,Nashville SC,Estados Unidos,2,LB,Left,178,35,59,,57,45,53,55,59,60,58,42,54,50,37,55,54,44,54,53,59,55,60,59,60,47,55,64,58,53,59,60,44,53,45,55,57,62,58,8,11,13,8,6,13,Major League Soccer
B. Schwake,Nashville SC,Estados Unidos,99,GK,Left,188,25,62,Estados Unidos,39,21,29,29,20,44,17,14,24,36,19,17,16,20,30,33,37,41,37,58,40,41,50,40,49,20,36,29,13,34,24,43,17,20,10,62,62,52,61,67,41,Major League Soccer
W. Joshua Mackay,Nashville SC,Estados Unidos,95,GK,Left,189,18,59,,37,16,28,24,17,44,14,10,14,36,10,13,14,15,31,27,39,35,33,56,34,40,50,37,53,10,30,31,14,34,15,33,16,13,11,61,57,54,62,62,37,Major League Soccer
X. Valdez,Nashville SC,República Dominicana,13,GK,Right,195,22,55,República Dominicana,29,17,23,21,12,38,10,10,13,27,10,11,12,10,25,22,28,29,31,48,29,38,42,26,47,15,30,16,10,33,11,33,10,10,12,54,60,48,60,58,31,Major League Soccer
J. Willis,Nashville SC,Estados Unidos,1,GK,Left,196,38,59,,26,16,26,26,16,42,15,10,15,28,10,15,11,11,31,29,28,24,32,58,38,36,49,33,49,13,35,28,10,37,17,43,11,14,11,64,57,56,54,61,40,Major League Soccer
R. Turdean,Chicago Fire FC,Estados Unidos,37,"CAM, ST, RW",Left,170,16,59,,64,56,63,62,30,50,63,54,40,68,51,63,65,59,52,61,66,62,60,57,71,57,45,53,49,56,48,28,61,64,60,58,26,30,37,8,10,10,12,6,6,Major League Soccer
D. Boltz,Chicago Fire FC,Estados Unidos,28,"ST, CAM",Left,188,20,59,,65,60,47,56,25,60,49,64,62,47,55,56,50,45,40,56,63,67,51,62,51,60,63,55,66,50,48,26,64,49,59,59,19,21,18,14,14,11,7,10,14,Major League Soccer
J. Bamba,Chicago Fire FC,Costa de Marfil,19,"LW, LM",Left,175,30,67,,73,68,65,70,37,58,65,71,53,70,67,70,66,60,60,70,72,73,76,66,75,65,60,65,56,66,54,36,66,61,63,64,35,37,30,15,6,13,7,14,14,Major League Soccer
P. Dithejane,Chicago Fire FC,Sudáfrica,12,"LW, RW",Right,172,22,61,Sudáfrica,69,60,57,63,32,54,61,62,42,58,56,67,61,57,49,57,67,70,69,60,63,66,43,60,55,55,47,38,59,56,49,58,28,29,29,15,10,13,14,10,6,Major League Soccer
P. Zinckernagel,Chicago Fire FC,Dinamarca,11,"RW, RM",Right,175,31,72,,73,68,70,78,43,62,74,70,57,71,71,81,70,64,62,75,72,74,78,75,71,65,55,68,62,66,56,48,75,72,65,75,43,36,41,7,10,8,14,14,9,Major League Soccer
R. Lewandowski,Chicago Fire FC,Polonia,9,"ST, CF",Left,185,38,79,Polonia,71,82,69,77,46,79,69,84,82,71,69,77,73,68,61,77,69,72,76,82,72,83,80,75,81,76,77,43,87,72,84,83,43,41,41,12,9,15,6,15,8,Major League Soccer
C. Mueller,Chicago Fire FC,Estados Unidos,8,"ST, LW",Left,175,30,57,,60,61,47,54,25,52,46,65,59,53,57,51,52,47,39,56,59,61,54,55,59,59,53,52,55,57,45,17,67,43,53,65,23,23,20,10,14,7,8,8,14,Major League Soccer
M. Haile-Selassie,Chicago Fire FC,Suiza,7,"LW, ST, LM",Right,175,27,65,,70,61,62,65,36,59,65,60,51,65,62,66,63,55,57,63,71,70,73,64,69,62,53,66,58,61,54,35,65,61,56,55,34,34,32,6,7,7,9,11,12,Major League Soccer
O. Pineda,Chicago Fire FC,Estados Unidos,65,"CDM, CM",Right,181,18,60,,52,49,55,57,62,60,46,44,61,58,47,53,48,53,60,61,53,52,54,59,56,56,51,63,60,53,61,62,50,55,46,58,65,60,59,12,13,9,11,9,8,Major League Soccer
D. D'Avilla,Chicago Fire FC,Costa de Marfil,42,"CM, CDM",Left,191,23,68,,63,64,70,71,59,70,71,57,66,73,56,73,64,67,70,73,64,62,68,66,59,75,73,73,69,71,66,57,69,65,54,65,59,57,59,7,12,14,9,10,6,Major League Soccer
S. Oregel,Chicago Fire FC,Estados Unidos,35,"CM, CDM",Left,175,21,64,,60,57,65,63,58,61,62,53,58,66,57,65,59,54,69,59,62,59,67,55,69,62,55,69,58,62,60,61,57,69,60,63,53,59,59,12,12,11,14,7,13,Major League Soccer
D. Poręba,Chicago Fire FC,Estados Unidos,29,"CM, CAM, CDM",Left,182,23,55,,55,52,53,56,47,53,44,53,47,56,48,54,52,48,58,61,56,54,52,53,51,51,44,59,51,53,54,45,56,53,47,55,45,50,45,15,11,12,7,8,12,Major League Soccer
A. Mekvabishvili,Chicago Fire FC,Georgia,23,"CM, CDM",Right,174,25,66,Georgia,64,59,65,65,61,62,58,54,49,66,58,64,64,61,70,65,62,65,66,67,68,61,58,64,62,68,63,61,58,66,61,69,65,63,57,12,8,9,7,9,8,Major League Soccer
M. Pineda,Chicago Fire FC,Estados Unidos,22,"CM, CDM",Right,185,28,64,,66,58,65,66,56,63,54,54,57,69,54,66,56,59,70,70,64,67,60,63,61,63,57,66,61,61,64,57,60,69,57,61,56,56,54,11,7,12,10,10,14,Major League Soccer
J. Gómez,Chicago Fire FC,Estados Unidos,18,"RB, LW, CAM",Right,183,25,63,,66,46,57,58,62,60,59,40,59,59,45,55,57,50,61,59,64,68,64,61,63,59,63,61,59,47,62,61,47,51,54,65,61,62,65,11,14,9,14,11,13,Major League Soccer
R. Lod,Chicago Fire FC,Finlandia,17,"CM, ST, RM",Left,180,33,68,Finlandia,63,64,70,66,60,69,59,64,59,77,58,64,64,61,74,68,64,62,66,71,64,70,67,67,72,61,66,62,65,68,64,71,58,62,58,14,14,12,9,6,12,Major League Soccer
André Franco,Chicago Fire FC,Portugal,10,"CDM, CB",Right,177,28,63,,54,53,60,57,64,68,51,46,55,67,48,52,50,51,62,61,54,54,58,65,60,64,57,70,67,57,70,68,61,58,52,57,66,64,61,14,10,15,10,7,10,Major League Soccer
A. Salétros,Chicago Fire FC,Suecia,6,"CM, CDM",Right,185,30,69,,63,64,72,68,60,70,65,66,59,81,62,67,65,67,70,72,66,60,62,73,64,63,62,72,70,61,67,59,66,68,65,64,59,62,63,15,7,11,15,15,8,Major League Soccer
N. Allen,Chicago Fire FC,Grecia,32,"LB, CB, LM",Left,175,22,65,,70,51,61,61,61,63,65,49,57,66,51,59,57,53,60,59,69,71,70,60,68,58,59,74,59,49,61,65,49,52,52,59,58,63,64,8,15,7,11,13,13,Major League Soccer
J. Dean,Chicago Fire FC,Estados Unidos,24,"RB, RM, LB",Right,173,29,63,,68,51,59,62,60,66,64,46,56,61,49,61,53,50,60,63,69,67,64,65,61,60,60,70,66,54,65,55,51,55,46,58,60,64,61,9,8,7,14,10,8,Major League Soccer
A. Gutman,Chicago Fire FC,Estados Unidos,15,"LB, LM",Left,180,30,66,,68,52,62,63,65,65,67,46,53,64,46,63,61,54,59,61,71,65,72,64,67,63,62,70,64,54,63,65,56,60,49,59,66,69,66,12,9,12,11,14,7,Major League Soccer
S. Rogers,Chicago Fire FC,Estados Unidos,5,CB,Left,193,27,56,,52,35,43,46,58,60,37,30,63,47,31,43,36,31,51,48,45,58,40,54,37,48,63,51,66,37,55,53,30,41,35,59,55,62,56,11,6,6,14,10,7,Major League Soccer
M. Mbokazi,Chicago Fire FC,Sudáfrica,4,"CB, CDM",Right,177,21,62,,59,42,47,52,67,64,41,37,63,53,36,48,42,42,51,54,54,63,50,62,57,60,67,65,63,39,67,61,41,42,41,55,68,73,62,11,15,11,6,15,9,Major League Soccer
J. Elliott,Chicago Fire FC,Inglaterra,3,CB,Right,198,31,68,,65,49,55,57,69,71,53,43,70,60,44,52,45,51,62,60,63,67,58,66,53,60,75,65,75,56,68,68,43,48,45,69,70,69,65,15,7,15,13,14,9,Major League Soccer
Leonardo Barroso,Chicago Fire FC,Portugal,2,RB,Right,168,21,60,,63,47,57,57,57,56,66,49,54,57,38,54,51,45,61,57,61,64,68,58,64,52,61,63,52,41,55,55,43,51,43,57,55,59,64,12,11,11,6,9,15,Major League Soccer
O. González,Chicago Fire FC,Estados Unidos,14,CB,Right,196,37,60,,44,40,52,48,63,63,46,34,68,60,38,41,44,38,54,53,43,45,47,63,44,51,65,56,68,47,60,68,28,46,44,61,58,67,54,14,8,15,8,12,8,Major League Soccer
A. Hanche-Olsen,Chicago Fire FC,Noruega,13,"CB, CDM",Right,185,29,71,,66,53,57,61,75,74,55,47,77,64,45,63,51,56,64,59,64,67,58,64,61,69,69,65,79,54,76,76,45,45,50,60,73,78,71,13,6,8,9,10,6,Major League Soccer
J. Cohen,Chicago Fire FC,Estados Unidos,44,GK,Right,186,34,59,,29,17,30,27,15,40,16,10,21,37,10,13,17,14,29,34,31,27,33,57,43,43,46,28,46,11,36,20,10,39,23,36,10,15,15,56,59,53,60,65,40,Major League Soccer
J. Gal,Chicago Fire FC,Estados Unidos,25,GK,Left,187,33,61,,33,19,30,27,16,46,19,11,14,33,10,13,14,14,36,32,31,34,35,59,45,43,46,39,54,17,36,27,13,39,21,44,10,15,17,65,58,52,63,60,40,Major League Soccer
C. Brady,Chicago Fire FC,Estados Unidos,1,GK,Right,190,22,68,Estados Unidos,42,26,36,34,24,53,26,17,31,40,19,23,21,31,40,37,40,43,38,62,49,48,57,42,63,28,41,34,18,41,25,45,21,19,24,71,66,66,66,71,45,Major League Soccer
D. Bouanga,Los Angeles FC,Gabón,99,"LW, ST, CAM",Left,180,31,74,Gabón,76,73,72,74,44,68,77,76,63,74,68,73,76,69,65,74,74,78,77,76,71,70,60,72,69,70,60,43,77,71,72,73,48,37,38,14,15,11,7,13,13,Major League Soccer
T. Mihalić,Los Angeles FC,Croacia,90,"LW, RW",Left,170,23,56,,59,55,54,57,25,51,55,57,40,59,51,54,50,48,49,59,58,59,62,56,66,56,47,64,47,53,47,29,56,50,49,52,27,19,16,7,13,10,15,12,14,Major League Soccer
T. Boyd,Los Angeles FC,Estados Unidos,19,"RW, ST",Right,177,31,60,,65,56,56,62,31,53,59,55,47,52,56,63,60,51,57,62,66,65,66,61,54,55,46,57,53,58,48,34,66,59,56,62,25,31,24,10,10,9,9,8,8,Major League Soccer
J. Shaffelburg,Los Angeles FC,Canadá,18,"RW, LW, LB",Right,178,26,66,Canadá,75,64,64,69,35,60,69,66,60,64,66,73,65,55,53,65,73,77,68,68,70,66,57,66,60,57,51,34,70,68,62,68,29,35,28,7,12,12,10,6,10,Major League Soccer
J. Ebobisse,Los Angeles FC,Estados Unidos,17,ST,Right,184,29,62,,64,67,51,60,29,61,46,73,62,58,59,56,50,55,43,62,71,58,63,63,62,66,66,52,68,58,55,33,64,50,60,64,25,22,19,12,12,6,14,6,6,Major League Soccer
A. Sieb,Los Angeles FC,Alemania,9,"ST, RW",Right,180,23,67,,67,65,58,67,34,67,58,68,68,61,64,66,60,57,49,68,65,69,71,64,64,62,71,62,70,61,63,34,70,58,67,68,32,29,24,12,8,9,14,12,12,Major League Soccer
H. Son,Los Angeles FC,Corea del Sur,7,"ST, CAM",Right,184,34,76,Corea del Sur,71,76,66,78,42,74,65,78,73,69,79,75,68,63,63,81,73,69,78,83,71,77,79,71,77,72,68,43,78,65,74,79,39,36,31,7,15,14,7,9,14,Major League Soccer
Thayllon,Los Angeles FC,Brasil,2,"RW, CAM, RM",Right,166,20,63,,75,62,58,66,34,48,59,62,45,60,57,65,61,55,50,67,75,75,70,60,66,65,50,60,45,63,41,32,63,59,57,58,34,33,27,10,7,14,10,14,9,Major League Soccer
M. Aiyenero,Los Angeles FC,Canadá,29,"ST, LW",Right,176,18,60,,65,62,50,59,28,57,46,63,60,54,60,58,51,47,44,58,64,66,61,61,62,62,63,54,61,59,51,23,65,53,58,57,23,27,20,10,15,14,8,14,8,Major League Soccer
L. Walta,Los Angeles FC,Finlandia,81,"CM, CAM",Right,170,23,67,Finlandia,70,60,69,67,60,65,67,56,56,69,61,66,63,59,74,67,71,69,71,64,63,69,58,75,61,60,63,57,57,69,60,66,66,59,57,14,9,7,7,15,9,Major League Soccer
M. Choinière,Los Angeles FC,Canadá,66,"CM, CDM",Right,175,27,63,Canadá,62,61,62,61,54,57,59,59,49,64,52,57,63,57,65,65,59,64,60,59,70,67,53,62,55,59,57,54,62,59,62,59,55,58,49,9,7,11,9,8,13,Major League Soccer
J. Terry,Los Angeles FC,Estados Unidos,22,"CM, CAM, CDM",Left,175,17,55,,58,48,56,52,48,54,53,43,45,58,40,48,59,50,57,53,58,58,62,52,57,58,46,61,54,51,48,49,47,57,50,56,48,52,42,14,7,13,12,13,7,Major League Soccer
S. Vasquez,Los Angeles FC,Ecuador,20,"CDM, CM, RW",Left,188,22,61,,58,52,57,56,63,66,48,48,62,61,39,56,51,43,64,57,59,58,54,60,49,57,59,67,69,57,59,63,57,58,51,63,63,63,61,14,13,9,6,14,12,Major League Soccer
T. Tillman,Los Angeles FC,Estados Unidos,11,"CM, CAM, RW",Right,182,27,69,,68,64,69,65,62,66,58,59,51,73,58,63,65,61,73,65,69,67,68,69,70,70,63,72,64,66,64,60,69,73,70,70,68,63,58,8,13,15,7,9,10,Major League Soccer
M. Delgado,Los Angeles FC,Estados Unidos,8,"CM, CDM",Right,175,31,69,,68,64,69,70,59,67,69,65,57,70,53,68,62,62,70,70,69,67,72,71,73,65,60,74,66,63,62,59,71,70,64,76,59,59,62,6,6,14,9,6,12,Major League Soccer
Igor Jesus,Los Angeles FC,Brasil,6,"CM, CAM",Right,179,23,67,,65,59,68,67,61,68,65,58,60,74,59,66,64,59,69,69,64,66,64,68,69,60,61,73,69,57,61,62,62,63,65,67,63,59,58,8,10,14,7,6,8,Major League Soccer
N. Tafari,Los Angeles FC,Estados Unidos,91,CB,Left,193,29,65,,60,42,53,55,68,70,51,35,73,59,36,52,48,43,57,56,59,61,54,65,52,59,77,68,70,45,71,65,42,45,41,62,68,68,65,14,10,12,13,7,8,Major League Soccer
K. Nielsen,Los Angeles FC,Estados Unidos,45,"CB, CDM",Right,187,24,59,,57,40,49,49,63,59,47,34,61,55,32,43,43,40,50,54,55,59,47,58,49,54,65,58,59,40,59,65,35,44,43,61,62,64,62,11,12,14,9,13,11,Major League Soccer
C. Díaz,Los Angeles FC,Estados Unidos,44,CB,Left,184,20,59,,58,38,48,51,62,61,42,28,63,57,32,48,37,44,52,54,57,59,48,52,46,55,58,56,66,43,57,64,35,37,39,57,61,60,62,14,12,14,15,6,12,Major League Soccer
A. Long,Los Angeles FC,Estados Unidos,33,CB,Left,186,33,67,,56,49,54,56,66,71,48,44,67,61,45,53,52,50,63,57,58,54,57,67,59,61,68,65,74,53,73,63,40,44,50,66,64,70,66,13,10,6,9,13,8,Major League Soccer
R. Hollingshead,Los Angeles FC,Estados Unidos,24,"RB, LB, RM",Left,186,35,63,,59,47,56,60,60,64,59,44,60,57,44,61,55,44,56,60,57,61,63,58,58,54,60,66,64,47,64,60,47,55,52,57,59,62,60,6,6,15,10,11,11,Major League Soccer
E. Cheberko,Los Angeles FC,Ucrania,23,"LB, CB",Left,177,28,62,,65,48,58,60,58,63,62,46,55,64,41,56,51,46,54,62,63,67,70,58,66,57,51,69,65,49,54,58,45,53,43,58,58,60,58,11,14,7,12,10,13,Major League Soccer
R. Raposo,Los Angeles FC,Canadá,21,"RB, RM",Right,170,27,59,,64,46,55,54,58,56,54,41,47,64,41,50,48,44,53,54,61,66,62,56,65,61,53,63,52,44,60,60,48,45,39,57,58,60,61,12,10,15,11,10,10,Major League Soccer
L. Dellavalle,Los Angeles FC,Italia,15,CB,Right,190,22,54,,51,35,41,42,58,57,42,28,57,45,31,38,36,30,44,45,51,51,40,56,40,55,60,56,57,33,58,56,28,36,33,50,59,60,56,8,9,7,13,10,11,Major League Soccer
S. Palencia,Los Angeles FC,España,14,RB,Right,168,30,68,,71,53,65,63,66,64,68,49,58,69,55,63,55,50,63,57,68,74,71,63,75,54,58,70,63,59,62,66,56,61,54,70,65,70,65,10,13,13,15,7,15,Major League Soccer
R. Porteous,Los Angeles FC,Escocia,5,CB,Right,188,27,68,,61,49,57,56,70,74,44,46,69,69,43,54,47,49,56,56,59,63,56,62,58,58,74,64,80,51,73,70,40,54,46,64,65,75,73,15,15,7,14,6,8,Major League Soccer
E. Segura,Los Angeles FC,Colombia,4,"LB, CB, CM",Left,178,29,65,,72,52,60,64,64,62,67,49,57,60,48,64,57,50,62,63,70,73,72,64,67,59,66,65,62,53,59,61,56,57,49,61,64,67,63,6,6,7,7,15,7,Major League Soccer
C. Carter,Los Angeles FC,Estados Unidos,31,GK,Right,188,22,57,,33,16,25,25,15,40,13,10,15,30,10,13,11,13,30,28,30,36,32,57,43,36,44,32,46,12,33,22,10,29,18,32,15,12,11,60,57,52,55,62,32,Major League Soccer
T. Hasal,Los Angeles FC,Canadá,12,GK,Right,188,27,56,,31,17,24,24,14,39,11,10,15,31,16,15,12,10,26,25,33,30,34,54,40,39,42,34,44,13,33,25,10,29,13,33,10,12,10,55,60,51,53,53,35,Major League Soccer
H. Lloris,Los Angeles FC,Francia,1,GK,Right,188,39,67,,31,23,38,34,27,51,20,14,30,47,13,21,23,24,40,39,28,34,42,66,47,49,51,44,60,22,38,31,16,46,25,47,24,27,23,66,69,60,66,66,46,Major League Soccer
D. García,FC Dallas,Estados Unidos,50,"LW, CM, ST",Left,180,19,61,,70,58,59,63,29,54,60,58,44,60,57,63,63,57,49,66,69,70,60,58,62,59,59,59,53,53,49,33,68,61,59,61,27,26,25,12,6,7,8,13,8,Major League Soccer
D. Baran,FC Dallas,Estados Unidos,36,"LW, LM",Left,172,20,61,,70,61,58,64,31,50,65,61,46,56,63,67,60,55,55,62,69,70,68,60,61,59,50,60,49,61,42,33,61,57,61,56,30,28,21,9,11,12,14,10,11,Major League Soccer
B. Flowers,FC Dallas,Estados Unidos,31,LW,Right,177,15,58,,72,55,58,60,29,46,59,54,51,61,52,58,61,46,57,61,70,73,63,66,63,56,49,57,44,55,39,30,59,56,53,50,28,23,29,12,15,12,8,14,15,Major League Soccer
S. Sarver,FC Dallas,Estados Unidos,28,RW,Right,175,23,61,,69,58,60,64,31,52,59,58,48,64,56,66,65,60,47,62,69,69,62,71,68,55,51,63,49,60,47,33,60,64,61,58,30,26,24,7,6,13,11,11,9,Major League Soccer
L. Farrington,FC Dallas,Estados Unidos,23,ST,Right,188,24,66,,71,69,58,63,33,68,61,73,71,59,64,64,59,61,54,62,72,70,64,65,59,68,68,60,77,64,58,33,62,57,71,69,32,25,24,9,15,14,12,12,10,Major League Soccer
N. Simmonds,FC Dallas,Jamaica,16,"ST, RW",Right,191,19,55,,61,58,46,52,22,57,43,63,61,50,54,54,45,51,44,51,62,60,49,54,47,60,62,55,61,47,49,22,54,40,57,49,18,17,12,8,11,11,14,7,6,Major League Soccer
R. Louis,FC Dallas,Haití,15,"RW, ST, RM",Right,188,22,56,,61,56,52,61,28,50,55,58,50,53,54,64,61,50,48,60,64,58,62,60,51,55,51,53,51,55,44,25,59,47,49,49,28,24,21,8,9,13,11,15,8,Major League Soccer
A. Julio,FC Dallas,Ecuador,11,ST,Right,180,30,69,,72,70,59,69,34,71,53,73,73,63,69,70,59,57,56,68,68,76,66,71,69,70,72,61,77,64,67,30,74,60,70,64,31,29,27,15,7,9,9,15,11,Major League Soccer
P. Musa,FC Dallas,Croacia,9,ST,Left,190,28,75,Croacia,79,74,64,74,42,77,65,76,81,67,74,74,69,67,58,76,82,76,73,78,66,72,78,69,82,71,73,39,76,61,77,74,42,34,31,6,15,13,12,8,15,Major League Soccer
D. Job,FC Dallas,Nigeria,7,LW,Right,176,21,61,,67,62,59,65,32,54,62,64,49,61,59,69,62,49,54,62,65,69,65,62,61,59,51,59,51,60,56,33,62,58,57,61,31,28,26,14,15,8,11,8,10,Major League Soccer
B. Kamungo,FC Dallas,Estados Unidos,77,"LM, LB",Left,175,24,64,,69,59,63,67,44,58,60,57,46,68,59,67,64,59,59,68,65,73,72,60,65,68,52,67,57,53,53,42,58,59,59,67,45,44,41,8,10,14,9,7,11,Major League Soccer
Kaick Ferreira,FC Dallas,Brasil,55,"CM, CDM, CAM",Left,175,20,62,,64,55,65,64,55,58,59,52,55,72,51,63,53,61,67,67,63,65,63,59,61,60,54,65,56,56,55,54,61,60,55,54,56,56,51,13,15,8,8,6,8,Major League Soccer
C. Holstad,FC Dallas,Estados Unidos,33,"CDM, CM, RM",Right,183,26,54,,50,44,49,48,53,58,42,43,50,51,38,46,45,47,53,47,50,50,54,52,47,50,56,58,56,43,64,55,44,53,44,53,48,58,55,13,10,11,7,15,11,Major League Soccer
C. Swann,FC Dallas,Estados Unidos,27,"CM, CAM, CDM",Right,179,19,58,,62,54,60,58,52,57,56,53,47,64,49,58,60,56,59,60,62,62,59,53,56,51,51,64,56,57,52,53,57,61,56,55,52,54,48,6,14,9,15,10,8,Major League Soccer
J. Valiente,FC Dallas,Uruguay,21,"CAM, RW, RM",Right,165,25,67,,67,66,69,72,38,56,69,69,50,73,56,73,69,61,65,72,70,65,73,67,73,65,48,64,53,65,54,43,67,69,64,63,33,35,39,8,14,9,11,9,14,Major League Soccer
Ramiro,FC Dallas,Brasil,17,"CM, CDM",Right,168,33,61,,51,56,62,63,54,55,55,54,45,62,53,65,56,58,64,60,52,51,61,59,69,60,50,70,47,58,57,52,56,69,56,69,55,56,53,10,7,6,15,13,9,Major League Soccer
H. Johansson,FC Dallas,Suecia,14,"RM, RB",Right,190,28,65,,73,59,63,67,46,63,62,58,59,66,55,72,63,57,60,65,69,76,63,66,64,61,64,71,63,57,53,52,65,64,62,61,44,43,41,11,12,7,15,14,6,Major League Soccer
C. Cappis,FC Dallas,Estados Unidos,12,"CM, CDM, LM",Left,185,27,62,,61,57,61,61,55,64,57,55,58,62,49,61,50,57,68,63,63,59,56,58,57,65,53,68,65,57,57,57,56,60,56,58,56,54,47,14,8,13,7,13,15,Major League Soccer
S. Moreno,FC Dallas,Colombia,10,"CAM, LW, LM",Right,173,26,70,,69,68,71,71,40,59,64,67,50,72,63,70,75,70,71,71,70,68,73,67,75,70,59,63,56,71,60,44,71,75,68,70,39,38,36,11,8,13,14,14,11,Major League Soccer
P. Delgado,FC Dallas,Ecuador,8,"CAM, CM",Right,180,22,65,,64,67,65,68,38,54,62,69,57,68,65,68,68,61,63,68,67,61,70,61,65,66,52,57,54,68,50,38,64,63,62,68,37,35,32,14,13,11,6,14,10,Major League Soccer
R. Binyamin,FC Dallas,Israel,6,"CM, LW, LB",Right,181,22,64,,59,60,64,64,58,60,58,58,57,67,59,61,68,58,61,66,56,62,66,65,62,64,55,66,57,62,63,58,62,65,58,61,61,58,51,14,13,12,14,6,14,Major League Soccer
K. Scabin,FC Dallas,Estados Unidos,34,"RB, RM",Left,188,19,59,,66,45,52,56,59,61,61,42,53,53,43,58,48,50,50,54,66,66,56,56,58,50,62,65,60,45,57,56,47,44,49,57,64,58,56,9,11,14,12,11,7,Major League Soccer
N. Norris,FC Dallas,Estados Unidos,32,"CB, LB",Left,178,21,62,,60,42,51,51,68,66,50,38,65,59,29,45,41,43,51,56,57,63,49,58,56,56,61,64,68,41,66,63,36,44,42,62,67,76,63,6,10,15,13,6,14,Major League Soccer
E. Newman,FC Dallas,Estados Unidos,29,RB,Right,177,20,60,,65,46,59,57,56,58,68,43,44,61,42,54,55,45,58,57,66,65,64,59,61,53,57,60,58,47,58,60,47,50,48,56,58,57,55,7,8,7,11,7,10,Major League Soccer
S. Starnes,FC Dallas,Estados Unidos,26,CB,Right,195,22,62,,56,45,54,51,65,66,52,39,66,61,36,46,43,44,53,56,58,55,48,56,51,64,72,61,67,45,66,68,40,49,38,58,62,67,64,11,6,12,7,10,8,Major League Soccer
S. Ibeagha,FC Dallas,Nigeria,25,"CB, RB",Right,189,34,61,,53,43,50,52,67,64,46,40,63,57,32,44,38,49,51,58,53,53,52,63,49,57,64,59,67,39,61,69,38,46,40,58,64,70,65,15,14,12,10,8,14,Major League Soccer
J. Torquato,FC Dallas,Estados Unidos,24,LB,Left,180,19,59,,67,46,55,56,58,57,62,45,55,56,37,55,56,46,52,58,64,69,55,50,59,53,56,65,52,46,60,57,44,49,45,50,58,58,63,10,8,8,11,6,11,Major League Soccer
Álvaro Augusto,FC Dallas,Brasil,22,"CB, RB",Right,188,21,60,,53,42,49,48,63,62,45,42,66,57,32,45,43,38,50,49,53,53,48,55,49,55,61,60,64,37,58,63,29,42,38,58,62,64,58,6,12,12,8,12,12,Major League Soccer
S. Moore,FC Dallas,Estados Unidos,18,"CB, RB, RM",Right,180,29,64,,59,44,54,55,69,65,51,42,67,64,41,50,43,48,52,57,55,63,55,66,57,58,70,64,66,39,63,69,35,45,43,66,62,76,67,15,15,13,14,6,15,Major League Soccer
L. Abubakar,FC Dallas,Ghana,5,CB,Left,185,31,54,,51,34,44,44,57,59,39,27,57,52,31,37,36,34,47,48,47,55,49,54,46,50,58,55,61,39,58,57,31,36,29,53,58,56,57,7,9,10,8,15,10,Major League Soccer
O. Urhoghide,FC Dallas,Inglaterra,3,CB,Right,187,26,67,,64,48,54,58,69,69,51,43,66,58,42,55,52,46,61,60,62,65,59,65,57,64,70,63,71,44,73,70,43,46,48,64,66,71,69,15,14,8,9,11,9,Major League Soccer
Geovane Jesus,FC Dallas,Brasil,2,RB,Right,180,25,63,,64,47,59,59,62,59,60,39,58,63,46,61,57,44,59,55,62,66,60,63,59,61,59,68,54,49,60,60,46,53,50,58,64,62,63,9,7,6,11,7,11,Major League Soccer
E. Dymora,FC Dallas,Estados Unidos,98,GK,Right,185,23,61,,35,17,28,28,17,45,19,10,21,34,11,15,13,16,33,33,33,36,35,54,40,40,47,38,50,10,43,24,10,30,26,41,17,14,10,62,57,54,57,61,37,Major League Soccer
Daniel,FC Dallas,Brasil,42,GK,Right,188,32,63,,37,20,32,33,22,48,21,11,20,40,10,22,16,18,32,35,38,36,42,60,42,44,49,36,57,18,40,31,11,37,26,44,20,19,19,66,67,55,63,60,43,Major League Soccer
J. Sirois,FC Dallas,Canadá,40,GK,Right,187,25,57,,33,17,26,26,15,39,13,11,14,33,10,13,10,13,29,30,31,35,32,55,37,39,46,31,44,14,33,27,10,31,17,40,10,12,16,56,49,53,56,60,33,Major League Soccer
M. Collodi,FC Dallas,Estados Unidos,30,GK,Right,189,25,57,,31,16,27,23,16,40,10,10,14,38,10,10,15,13,30,28,34,29,33,54,35,36,42,31,47,10,31,18,10,30,20,33,12,18,15,57,56,53,58,59,33,Major League Soccer
D. Johnson,San Jose Earthquakes,Grenada,79,LW,Left,182,26,57,,64,57,53,60,26,48,55,57,42,54,52,62,57,45,49,60,68,61,61,58,58,54,47,55,47,59,43,26,60,55,60,51,23,24,20,7,14,8,9,7,10,Major League Soccer
N. Adimabua,San Jose Earthquakes,Nigeria,32,ST,Right,193,26,57,,57,62,45,58,24,58,45,68,63,48,62,58,49,44,39,61,60,54,51,61,48,59,61,51,63,51,51,19,66,44,60,57,22,16,21,11,11,15,13,15,12,Major League Soccer
P. Judd,San Jose Earthquakes,Estados Unidos,19,ST,Left,191,27,63,,63,65,55,60,32,63,52,67,65,60,61,58,58,55,53,63,62,64,53,65,56,68,68,54,69,59,56,31,69,51,65,66,31,23,26,8,7,11,9,6,15,Major League Soccer
J. Skahan,San Jose Earthquakes,Estados Unidos,16,"RW, LW",Right,178,28,55,,61,55,51,59,27,47,57,58,44,50,54,61,50,50,46,57,58,64,63,55,55,51,49,52,47,51,40,31,57,52,53,56,25,23,22,10,14,12,11,15,10,Major League Soccer
T. Werner,San Jose Earthquakes,Alemania,11,"LW, LM",Right,181,30,68,,71,67,65,70,38,62,67,67,54,69,65,73,67,55,62,71,75,68,69,61,61,69,64,66,63,64,56,38,72,62,68,64,37,35,32,9,12,11,11,11,6,Major League Soccer
L. Jovanović,San Jose Earthquakes,Australia,9,ST,Right,170,21,65,,68,67,57,67,32,61,51,69,62,62,67,66,58,57,52,69,69,68,67,63,67,63,64,64,62,65,56,32,72,60,64,65,31,24,24,11,14,12,6,6,6,Major League Soccer
O. Bouda,San Jose Earthquakes,Burkina Faso,7,"RW, ST, LW",Right,180,26,65,Burkina Faso,74,61,65,64,35,62,69,61,57,69,57,61,67,54,59,66,72,75,68,61,64,59,54,70,63,62,53,36,69,59,61,65,33,29,31,12,15,9,7,9,15,Major League Soccer
P. Marie,San Jose Earthquakes,Francia,3,"CAM, RW, LW",Left,173,31,56,,55,53,56,58,29,49,54,51,41,57,47,58,60,49,55,60,60,51,55,59,55,59,44,51,49,53,46,31,55,59,57,59,28,28,20,7,8,14,13,15,12,Major League Soccer
K. Spivey,San Jose Earthquakes,Estados Unidos,29,"ST, CM, CAM",Right,187,17,57,,62,58,47,55,26,57,47,65,60,49,57,57,46,49,41,54,61,63,60,53,50,52,63,48,64,48,49,25,62,47,55,52,23,19,19,9,14,6,7,7,11,Major League Soccer
J. González,San Jose Earthquakes,México,40,"CDM, CM",Left,175,27,58,,49,48,55,54,64,58,49,42,55,59,34,57,50,49,61,51,49,49,53,61,52,58,52,58,58,53,57,57,51,53,52,57,69,71,55,12,9,14,6,6,12,Major League Soccer
B. Leroux,San Jose Earthquakes,Estados Unidos,34,"CDM, CAM, CM",Right,178,23,67,,59,59,62,62,67,70,59,54,61,65,48,60,57,56,65,63,62,56,62,68,59,71,68,76,68,60,69,66,57,60,59,65,70,67,68,12,12,8,8,7,12,Major League Soccer
E. Löwen,San Jose Earthquakes,Alemania,23,"CAM, CM, CDM",Left,188,29,69,,71,68,71,75,42,62,66,64,64,76,66,72,72,68,69,82,74,69,70,68,69,68,54,66,61,75,62,41,72,69,67,75,41,38,39,6,8,12,10,13,14,Major League Soccer
N. Buck,San Jose Earthquakes,Estados Unidos,21,"CM, RW",Right,180,21,61,,60,55,63,61,52,61,57,52,53,69,50,60,59,55,66,64,57,62,62,62,53,58,54,62,61,58,60,53,55,57,57,59,48,56,51,15,8,9,12,10,9,Major League Soccer
N. Fernandez,San Jose Earthquakes,Estados Unidos,20,"CAM, CM, CDM",Right,180,24,59,,61,60,63,63,34,54,58,60,44,68,56,64,64,59,58,66,64,59,60,61,56,58,51,57,56,62,47,30,61,65,57,49,34,33,32,9,11,13,10,6,8,Major League Soccer
R. Vieira,San Jose Earthquakes,Guinea-Bisáu,14,"CDM, CM",Left,178,28,59,,48,48,56,55,60,60,48,43,59,64,45,58,51,51,51,52,48,48,53,54,52,53,55,62,59,53,61,64,48,58,49,59,56,63,61,7,14,12,14,7,15,Major League Soccer
N. Tsakiris,San Jose Earthquakes,Estados Unidos,10,"CAM, CM",Left,178,21,65,,64,61,67,67,38,56,65,61,46,69,57,65,69,61,64,69,62,66,66,65,68,60,52,66,52,61,53,44,69,69,58,72,36,34,35,6,12,10,11,8,15,Major League Soccer
I. Harkes,San Jose Earthquakes,Estados Unidos,6,CDM,Right,180,31,62,,53,49,60,58,66,62,52,46,63,66,43,57,47,57,57,58,54,53,52,63,58,53,58,71,58,53,62,69,54,63,48,65,64,68,61,10,7,11,6,9,6,Major League Soccer
R. Rajagopal,San Jose Earthquakes,Estados Unidos,13,"CM, CDM",Left,172,19,59,,60,55,59,63,51,58,53,53,53,65,44,63,56,51,58,66,62,59,56,58,58,59,48,68,55,59,55,51,56,60,56,59,51,50,54,8,14,7,8,13,10,Major League Soccer
E. Mendoza,San Jose Earthquakes,Estados Unidos,8,"CM, CDM",Right,178,20,60,,58,58,59,62,50,61,53,57,50,62,49,63,51,58,60,63,59,58,62,60,62,61,54,64,61,59,58,53,58,61,53,58,50,50,49,11,7,6,14,12,15,Major League Soccer
Vítor Costa,San Jose Earthquakes,Brasil,87,LB,Right,182,32,59,,64,45,52,56,56,60,55,42,53,56,42,52,46,42,47,57,63,64,67,54,60,51,58,65,58,45,61,63,49,52,45,59,52,59,53,13,8,8,11,6,10,Major League Soccer
B. Kikanović,San Jose Earthquakes,Estados Unidos,28,RB,Right,185,26,62,,65,49,54,58,62,62,58,45,58,55,45,57,50,43,53,58,66,64,58,63,59,56,61,64,62,50,60,59,52,55,54,55,62,67,57,14,6,10,11,12,11,Major League Soccer
M. Floriani,San Jose Earthquakes,Estados Unidos,25,"CB, CDM",Left,188,23,54,,47,36,44,43,53,57,41,28,51,55,28,40,35,35,46,44,45,49,37,50,45,53,61,47,63,42,53,51,20,32,30,54,57,50,57,10,15,14,6,11,7,Major League Soccer
D. Jones,San Jose Earthquakes,Estados Unidos,24,LB,Left,181,29,66,,73,53,61,62,63,64,61,50,58,64,48,60,61,48,64,63,70,76,63,61,66,63,71,69,64,51,56,59,51,55,47,59,64,65,70,15,12,15,14,11,10,Major League Soccer
R. Roberts,San Jose Earthquakes,Estados Unidos,18,"CB, RB",Right,185,22,61,,57,43,48,50,61,61,44,39,61,56,33,49,41,39,54,50,58,57,50,57,50,57,64,59,63,40,60,60,32,40,48,57,59,63,65,14,15,9,14,7,12,Major League Soccer
J. Jasinski,San Jose Earthquakes,Estados Unidos,17,"RB, LB",Right,183,22,55,,62,41,50,52,51,55,53,39,44,52,34,51,52,47,51,55,65,59,51,53,48,47,51,58,55,41,51,51,47,44,39,49,50,53,51,12,11,10,6,9,10,Major League Soccer
D. Munie,San Jose Earthquakes,Estados Unidos,5,"CB, CDM",Right,183,26,67,,61,47,56,58,72,71,51,44,66,62,41,54,48,48,59,61,60,62,56,65,60,59,70,62,76,47,69,77,41,52,45,61,73,73,67,13,11,12,14,15,6,Major League Soccer
D. Romney,San Jose Earthquakes,Estados Unidos,4,"CB, LB",Right,188,33,60,,56,40,46,51,63,61,45,36,64,52,34,46,38,39,52,52,55,57,50,66,48,57,66,52,65,40,63,60,30,35,33,66,61,66,63,7,12,9,12,15,11,Major League Soccer
J. Ricketts,San Jose Earthquakes,Estados Unidos,2,"LB, LW",Left,175,24,61,,68,47,56,57,57,57,59,39,45,59,47,56,54,45,58,54,70,67,63,60,64,60,54,66,52,50,60,59,47,48,49,60,59,55,65,8,12,11,15,10,8,Major League Soccer
E. Edwards Jr.,San Jose Earthquakes,Estados Unidos,36,GK,Right,191,34,59,,27,17,30,26,16,41,16,10,21,36,10,13,18,16,33,29,28,26,37,54,37,39,44,32,48,11,35,23,10,37,25,45,15,12,16,58,57,50,59,61,38,Major League Soccer
F. Montali,San Jose Earthquakes,Estados Unidos,31,GK,Right,188,26,61,,36,18,30,28,17,43,16,10,19,41,11,15,16,22,25,33,32,39,34,50,44,41,46,34,51,16,35,24,10,36,25,45,16,12,16,57,55,58,61,63,39,Major League Soccer
N. Crockford,San Jose Earthquakes,Estados Unidos,22,GK,Right,193,24,56,,31,17,24,22,13,36,11,13,12,33,13,10,10,14,27,25,30,32,31,54,35,34,46,32,37,10,35,20,19,26,16,31,10,10,16,55,54,47,55,59,40,Major League Soccer
A. Gunn,San Jose Earthquakes,Escocia,1,GK,Right,196,30,65,Escocia,43,21,35,29,23,48,19,12,23,43,15,12,18,21,41,34,41,44,45,59,52,44,57,42,54,20,40,32,15,42,32,37,19,25,15,65,66,59,64,68,43,Major League Soccer
L. Ulrich,San Jose Earthquakes,Estados Unidos,12,GK,Right,185,23,61,,33,19,31,30,16,43,16,11,21,38,13,19,20,15,36,33,35,32,39,59,43,37,52,36,50,20,30,25,10,37,23,38,12,10,19,61,62,56,59,59,42,Major League Soccer
D. Pintér,Inter Miami CF,Estados Unidos,56,"ST, LW",Right,181,19,60,,64,59,51,58,28,57,48,62,67,54,63,57,52,49,45,59,67,62,60,53,58,58,61,57,57,52,57,22,61,54,58,59,24,24,23,12,15,11,15,10,10,Major League Soccer
M. Silvetti,Inter Miami CF,Argentina,24,"LW, LM, RW",Left,175,20,68,,79,66,68,70,36,62,71,66,62,67,61,69,75,68,59,70,83,76,78,68,73,69,55,70,62,64,54,41,71,71,63,62,32,30,31,8,8,10,9,10,9,Major League Soccer
T. Allende,Inter Miami CF,Argentina,21,"RW, RM",Right,183,27,70,,75,68,65,72,40,63,63,70,61,67,61,75,67,64,60,69,78,73,74,71,67,67,64,67,63,66,59,42,72,66,64,67,39,34,37,15,15,8,7,10,14,Major League Soccer
S. Morales,Inter Miami CF,Estados Unidos,20,"LW, ST",Right,176,19,57,,67,54,55,57,23,47,63,52,42,53,49,59,54,51,41,55,65,68,59,53,62,61,51,61,41,52,44,21,63,61,57,53,26,17,15,9,12,7,6,14,15,Major League Soccer
G. Berterame,Inter Miami CF,México,19,"ST, LW, RW",Right,173,27,76,México,76,79,65,75,43,72,62,85,77,71,77,71,67,66,58,77,80,72,79,81,73,77,79,73,73,73,66,42,75,64,72,86,39,39,37,13,11,8,7,6,15,Major League Soccer
Riquelme Fillipi,Inter Miami CF,Brasil,11,LW,Left,176,20,59,,70,57,55,58,26,48,59,57,46,56,57,55,55,49,49,59,71,69,66,48,63,56,52,52,47,57,46,27,63,57,58,56,26,19,28,11,8,12,10,13,8,Major League Soccer
L. Messi,Inter Miami CF,Argentina,10,"ST, RW, CAM",Right,170,39,80,Argentina,73,81,70,81,46,78,66,81,74,76,81,77,75,67,61,87,72,73,74,88,75,85,79,77,78,77,78,42,80,71,83,86,44,45,33,7,6,9,13,13,8,Major League Soccer
L. Suárez,Inter Miami CF,Uruguay,9,"ST, LW",Right,182,39,70,,61,73,59,72,37,69,55,77,69,61,67,73,62,60,58,75,58,63,63,75,63,73,75,62,76,66,61,39,77,61,66,75,33,33,29,7,14,10,13,8,7,Major League Soccer
A. Shaw,Inter Miami CF,Colombia,88,"CDM, CM",Right,180,18,55,,48,44,52,49,54,58,45,41,53,55,35,47,47,44,57,50,49,47,51,52,52,46,57,61,56,49,62,59,49,54,42,51,51,56,51,9,6,11,8,8,9,Major League Soccer
M. Galarza,Inter Miami CF,Paraguay,80,"CM, LM, CAM",Left,175,24,68,Paraguay,63,62,65,71,60,63,58,59,59,68,63,71,66,61,71,68,60,66,77,70,72,69,66,68,61,64,63,61,62,64,62,72,62,59,56,12,14,8,14,10,13,Major League Soccer
P. Plambeck,Inter Miami CF,Estados Unidos,59,LM,Left,171,20,54,,63,48,54,53,35,51,56,45,41,56,50,51,55,50,48,54,64,63,56,55,60,52,41,65,45,49,50,39,48,55,50,45,34,32,32,13,9,10,8,10,12,Major League Soccer
L. Delinois,Inter Miami CF,Haití,54,ST,Right,179,22,56,Haití,59,57,47,55,20,55,43,58,59,51,60,53,46,49,42,58,60,58,55,56,49,54,55,51,58,57,52,13,66,47,51,62,18,16,17,7,6,11,14,15,15,Major League Soccer
Y. Bright,Inter Miami CF,Italia,42,"CM, CDM, RM",Right,183,25,65,,67,59,65,65,57,60,58,53,57,69,60,62,59,59,68,70,65,68,66,64,58,66,61,62,58,63,60,61,63,67,55,67,56,57,56,10,8,10,11,7,15,Major League Soccer
D. Ayala,Inter Miami CF,Argentina,22,"CM, CDM",Right,170,24,65,,63,61,66,68,57,62,61,57,51,72,53,68,59,58,65,69,64,63,73,67,69,65,55,72,59,65,58,58,65,65,62,60,57,60,49,11,7,13,10,10,6,Major League Soccer
T. Segovia,Inter Miami CF,Venezuela,8,"CM, LW, LM",Right,172,23,70,Venezuela,71,67,70,70,62,64,64,67,65,74,55,71,65,63,72,70,73,69,70,71,73,72,57,69,62,68,67,59,66,68,58,67,66,62,57,10,12,7,7,8,9,Major League Soccer
R. De Paul,Inter Miami CF,Argentina,7,"CM, CDM, RM",Right,178,32,78,Argentina,71,75,79,78,72,77,75,75,72,80,71,78,81,70,78,80,68,73,73,79,74,79,65,81,77,74,73,72,71,82,75,81,70,76,68,15,9,14,9,7,14,Major League Soccer
Casemiro,Inter Miami CF,Brasil,5,"CDM, CM, CB",Right,185,34,74,,61,63,70,67,75,77,63,58,72,72,58,63,65,64,74,69,63,59,63,73,70,69,67,77,78,68,78,74,66,73,64,78,76,75,75,11,11,10,9,14,6,Major League Soccer
E. Abadia-Reda,Inter Miami CF,Estados Unidos,76,LB,Left,180,20,54,,62,41,50,52,52,52,52,38,48,53,34,52,45,39,44,52,64,61,56,48,54,50,48,56,50,39,53,51,42,51,42,42,54,53,54,8,10,8,11,14,7,Major League Soccer
D. Sumalla,Inter Miami CF,Estados Unidos,70,"CB, RB",Right,181,19,59,,55,38,48,49,63,59,49,30,64,55,35,42,39,37,55,53,54,56,53,57,52,54,62,59,58,44,59,58,31,37,38,56,63,66,60,7,7,15,15,7,12,Major League Soccer
I. Boatwright,Inter Miami CF,República Dominicana,62,"RM, RW",Left,180,21,58,,61,54,58,61,40,50,58,54,44,57,47,63,59,56,55,62,63,59,63,51,61,59,50,60,47,53,44,44,54,60,51,53,35,41,37,10,9,8,14,6,6,Major League Soccer
M. Falcón,Inter Miami CF,Uruguay,37,"CB, RB",Right,190,29,66,,61,44,54,52,69,74,51,36,68,61,42,46,46,45,61,57,57,65,48,69,54,62,73,66,79,45,71,69,39,43,51,60,72,67,69,9,10,8,12,7,8,Major League Soccer
T. Hall,Inter Miami CF,Estados Unidos,26,"CB, RB",Left,186,20,58,,54,42,46,50,60,61,45,41,59,49,34,47,38,37,51,53,51,56,47,54,49,54,62,58,64,38,58,63,36,40,39,54,63,58,57,11,14,6,8,10,10,Major League Soccer
I. Fray,Inter Miami CF,Jamaica,17,"RB, CB",Right,183,24,66,,71,51,63,59,65,66,67,46,64,68,47,57,61,51,63,58,67,74,68,61,64,57,61,69,64,54,67,69,54,55,52,64,60,68,67,8,15,10,15,12,6,Major League Soccer
Micael,Inter Miami CF,Brasil,16,CB,Left,183,26,67,,60,49,55,56,72,70,54,45,72,60,39,51,49,50,57,58,65,56,60,66,60,62,62,61,75,50,71,76,46,47,50,62,67,75,72,13,7,11,6,8,13,Major League Soccer
F. Caicedo,Inter Miami CF,Ecuador,15,"LB, CB",Left,195,18,56,Ecuador,62,44,51,56,54,59,60,44,52,53,39,59,49,40,51,55,65,59,56,52,54,45,59,58,61,44,54,59,43,42,42,50,53,53,55,12,14,8,9,14,11,Major League Soccer
F. Mura,Inter Miami CF,Argentina,4,"RB, RM, LB",Right,170,27,66,,69,54,60,63,64,65,66,51,57,63,50,62,52,51,61,63,68,70,63,64,74,60,62,72,60,58,68,67,54,54,54,63,65,66,61,10,14,12,8,12,13,Major League Soccer
S. Reguilón,Inter Miami CF,España,3,LB,Right,178,29,70,,73,58,66,70,68,69,73,52,60,68,56,69,62,53,66,70,74,72,77,63,73,64,62,71,69,64,70,68,60,59,54,64,67,69,71,14,13,10,8,6,7,Major League Soccer
G. Luján,Inter Miami CF,Argentina,2,"CB, CDM",Right,182,25,64,,61,44,52,54,67,62,45,37,67,60,38,53,49,43,57,53,58,63,52,61,58,60,68,62,62,47,63,64,39,44,44,67,66,70,68,12,8,9,12,9,14,Major League Soccer
D. St. Clair,Inter Miami CF,Canadá,97,GK,Left,191,29,67,Canadá,48,25,36,33,24,48,22,16,31,41,14,24,28,22,42,34,46,50,39,65,46,47,50,38,56,26,39,30,20,44,26,50,26,19,19,67,62,64,67,69,46,Major League Soccer
R. Ríos Novo,Inter Miami CF,Argentina,34,GK,Left,181,24,60,,34,18,29,31,17,43,20,10,23,31,10,24,14,17,36,29,35,34,35,55,46,44,48,30,52,16,34,25,10,34,19,46,15,12,15,63,56,52,64,61,36,Major League Soccer
L. Barraza,Inter Miami CF,Estados Unidos,13,GK,Right,188,29,54,,28,16,24,21,13,36,10,10,12,28,14,10,10,10,25,25,34,24,27,48,36,34,42,22,47,11,24,22,11,35,18,32,10,10,10,55,56,51,57,55,34,Major League Soccer
S. Olivas,Philadelphia Union,Estados Unidos,55,"ST, CF",Left,180,20,60,,64,64,52,60,29,58,48,69,58,58,60,60,52,49,46,61,67,62,59,60,59,64,58,48,63,53,58,25,63,52,64,54,27,24,27,6,9,7,6,10,10,Major League Soccer
M. Jakupović,Philadelphia Union,Estados Unidos,51,"ST, CF",Right,174,17,57,,60,60,50,55,26,57,49,61,58,57,54,53,50,46,36,56,56,63,57,58,61,63,52,54,60,59,55,29,60,48,58,59,22,22,15,8,15,8,12,6,15,Major League Soccer
A. Anello,Philadelphia Union,Estados Unidos,28,"ST, LM",Right,182,24,67,,68,71,59,69,33,64,60,75,69,66,70,71,57,59,50,68,63,72,68,66,62,66,67,57,69,65,58,32,71,52,72,68,30,27,27,9,9,8,8,15,11,Major League Soccer
E. Alladoh,Philadelphia Union,Ghana,23,ST,Right,191,21,69,,72,72,58,69,36,68,54,76,78,63,68,68,61,63,52,72,74,71,66,67,62,74,73,71,69,65,60,31,69,58,65,73,36,25,33,12,13,9,10,14,6,Major League Soccer
M. Iloski,Philadelphia Union,Estados Unidos,10,"ST, RM, LM",Left,177,27,67,,69,69,56,69,34,66,53,72,63,61,61,64,63,55,50,76,69,69,69,63,65,70,63,69,68,65,56,36,76,55,63,70,32,30,24,15,13,8,11,12,15,Major League Soccer
B. Damiani,Philadelphia Union,Uruguay,9,ST,Right,185,24,68,,74,69,58,70,36,66,56,71,68,59,70,67,63,59,55,76,71,76,69,67,63,64,73,63,68,65,64,38,75,57,72,67,34,28,29,12,6,6,13,12,7,Major League Soccer
Q. Sullivan,Philadelphia Union,Estados Unidos,33,RM,Right,180,22,70,,74,65,69,73,54,66,71,65,62,71,60,77,66,63,68,71,76,72,70,68,71,68,54,76,62,64,65,54,63,66,64,72,53,54,47,11,9,10,14,9,7,Major League Soccer
D. Jean Jacques,Philadelphia Union,Haití,21,"CM, CDM, RM",Right,180,26,66,Haití,66,63,68,68,58,67,63,61,62,71,59,70,61,59,71,68,63,68,66,63,62,63,56,69,67,68,66,58,64,68,58,66,56,61,55,6,9,8,8,13,11,Major League Soccer
I. Vassilev,Philadelphia Union,Estados Unidos,19,"LM, RM",Left,175,25,69,,77,61,68,69,51,63,76,60,53,66,58,72,78,61,68,66,81,73,74,66,69,63,56,74,60,62,59,56,64,63,66,64,51,48,50,14,15,10,11,14,6,Major League Soccer
J. Rafanello,Philadelphia Union,Estados Unidos,14,CM,Right,183,26,55,,51,50,53,56,48,54,49,46,46,54,47,57,49,46,55,56,50,51,55,58,50,52,50,56,54,55,54,45,50,56,51,51,50,50,45,12,12,6,12,15,8,Major League Soccer
A. Bedoya,Philadelphia Union,Estados Unidos,11,RM,Right,178,39,60,,53,55,58,62,44,55,62,54,51,57,57,63,59,55,55,63,52,54,61,63,65,62,50,60,53,51,54,46,57,59,54,52,42,45,32,8,12,6,14,14,8,Major League Soccer
J. Bueno,Philadelphia Union,Venezuela,8,CM,Right,178,27,61,,62,56,62,59,52,56,64,52,48,66,51,56,59,52,67,64,65,59,57,59,54,62,58,62,52,59,57,57,59,54,54,60,49,53,51,12,10,12,8,10,11,Major League Soccer
C. Sullivan,Philadelphia Union,Estados Unidos,6,"RM, LM, RW",Left,170,17,65,Estados Unidos,70,62,64,69,46,60,62,64,51,63,60,68,65,55,65,71,65,74,73,60,72,64,58,74,54,58,56,47,60,67,60,57,48,43,41,9,9,9,11,15,15,Major League Soccer
J. Lukić,Philadelphia Union,Serbia,4,CM,Left,180,24,68,,67,62,70,69,61,68,65,57,58,74,59,64,66,62,69,73,70,65,72,67,66,72,64,73,65,64,70,63,63,73,69,75,61,64,55,8,12,7,8,15,14,Major League Soccer
F. Sundstrom,Philadelphia Union,Estados Unidos,66,"CB, LB, RB",Right,178,19,58,,56,38,46,48,60,61,44,33,59,51,32,45,37,39,51,49,55,56,50,51,49,47,59,61,61,41,60,58,35,40,35,51,59,63,57,15,15,10,6,11,8,Major League Soccer
N. Pierre,Philadelphia Union,Estados Unidos,44,"CB, RB",Left,196,18,58,Estados Unidos,57,40,48,49,60,64,43,35,63,55,30,46,43,42,54,53,55,59,44,50,41,56,60,55,69,42,62,63,34,39,38,54,55,64,58,15,13,6,10,14,7,Major League Soccer
F. Westfield,Philadelphia Union,Estados Unidos,39,"RB, LB",Left,176,20,62,Estados Unidos,68,49,54,59,60,57,56,46,49,55,43,58,55,47,57,58,69,68,60,60,63,60,62,64,53,46,57,60,40,52,50,60,57,65,67,10,7,13,13,12,6,Major League Soccer
G. Sequera,Philadelphia Union,Venezuela,38,"RB, RM, LB",Right,174,20,59,,65,45,55,59,59,58,58,39,51,59,37,60,52,38,53,60,64,66,62,56,58,55,53,69,56,47,52,55,48,51,48,45,57,66,56,8,15,8,14,6,10,Major League Soccer
K. Wagner,Philadelphia Union,Alemania,27,LB,Left,182,29,68,,73,52,64,65,67,64,68,46,65,65,48,64,59,53,65,68,70,76,60,65,66,61,64,70,59,53,71,68,59,59,54,69,65,67,72,10,9,11,15,12,13,Major League Soccer
N. Harriel,Philadelphia Union,Estados Unidos,26,"CB, RB, LB",Left,178,25,65,,60,44,56,55,67,66,59,36,59,63,43,51,52,44,53,55,58,62,56,61,60,57,62,70,63,47,72,67,41,46,49,69,67,71,61,8,15,15,6,12,9,Major League Soccer
P. Ossibadjouo,Philadelphia Union,Gabón,20,LB,Left,184,21,60,Gabón,65,44,55,58,59,61,56,40,61,56,43,57,48,46,58,57,64,65,59,60,64,51,58,70,58,47,60,58,44,56,42,54,59,59,56,10,14,12,12,14,15,Major League Soccer
B. Bender,Philadelphia Union,Estados Unidos,16,"LB, RB",Right,182,25,57,,61,43,54,54,56,55,62,39,52,55,42,52,48,41,55,56,60,61,54,57,53,46,53,58,53,50,55,55,44,49,35,56,54,58,60,11,15,6,10,8,8,Major League Soccer
J. Sery Larsen,Philadelphia Union,Dinamarca,5,CB,Right,185,26,63,,58,44,50,50,67,65,43,38,68,60,34,45,43,43,54,54,61,55,43,64,54,60,67,56,69,45,64,68,37,40,40,61,67,66,67,13,12,10,8,15,6,Major League Soccer
G. Martínez,Philadelphia Union,Colombia,2,"CB, RB",Right,189,23,58,,50,37,46,47,60,62,44,30,63,50,35,43,45,39,46,49,47,53,48,55,45,53,66,56,64,38,62,64,32,41,37,55,57,57,67,15,12,6,7,8,9,Major League Soccer
M. McKenzie,Philadelphia Union,Estados Unidos,15,CB,Right,184,27,70,,68,51,54,58,72,72,50,47,73,60,44,51,51,48,62,64,69,67,54,70,62,66,70,65,78,48,66,71,46,46,53,68,72,72,69,14,14,8,7,12,11,Major League Soccer
K. Moore,Philadelphia Union,Estados Unidos,3,"CB, LB",Right,193,19,60,,56,45,48,49,63,62,44,48,66,59,39,43,43,42,48,55,57,56,49,51,49,52,61,57,67,38,58,66,37,36,41,61,58,65,63,7,12,11,10,12,15,Major League Soccer
J. Romaine Griffin,Philadelphia Union,Estados Unidos,7,LB,Right,178,17,59,,64,44,51,57,58,57,59,40,55,51,41,58,52,42,52,58,66,63,60,51,58,55,57,64,54,45,54,53,44,44,45,49,58,62,62,15,6,15,14,12,7,Major League Soccer
A. Rick,Philadelphia Union,Estados Unidos,76,GK,Right,184,20,60,,34,19,26,24,17,45,12,10,15,31,10,12,16,14,37,25,35,34,36,55,38,41,52,39,49,19,42,29,12,30,22,36,11,15,16,57,57,54,56,64,43,Major League Soccer
G. Marks,Philadelphia Union,Estados Unidos,31,GK,Right,185,26,56,,31,15,25,27,17,40,10,10,17,33,10,17,12,16,28,31,31,31,34,55,32,34,47,32,47,10,30,23,10,28,14,38,17,14,12,59,56,52,52,60,37,Major League Soccer
A. Blake,Philadelphia Union,Jamaica,18,GK,Right,193,35,62,Jamaica,31,18,32,30,19,42,19,10,23,37,17,21,16,16,36,29,28,34,35,63,49,40,48,36,47,15,38,25,15,43,27,43,16,16,19,63,62,56,58,66,42,Major League Soccer
Z. Zengue,St. Louis City,Estados Unidos,91,"LW, LM, ST",Right,175,22,61,,68,58,58,62,33,54,61,60,52,59,60,62,58,55,53,61,67,69,66,56,65,51,55,59,52,57,50,34,62,60,56,55,31,30,27,11,13,7,10,12,12,Major League Soccer
B. McSorley,St. Louis City,Estados Unidos,80,"ST, RW",Right,182,24,60,,59,60,51,57,25,57,47,62,67,53,62,56,53,50,45,58,63,56,57,53,62,59,67,52,60,57,53,26,62,56,54,61,19,18,20,7,14,10,11,10,6,Major League Soccer
S. Jeong,St. Louis City,Corea del Sur,77,"CAM, RW, ST",Right,173,24,65,Corea del Sur,67,63,68,67,37,56,67,61,54,66,60,66,66,67,66,67,66,68,69,66,68,61,47,66,51,66,56,36,70,73,66,74,36,38,26,12,13,6,15,10,7,Major League Soccer
M. Joyner,St. Louis City,Estados Unidos,59,"RW, LW",Right,183,20,60,,69,58,56,62,29,54,57,60,48,54,56,62,62,55,53,61,67,71,66,56,64,60,48,58,56,53,47,33,62,57,51,60,30,21,23,14,12,11,14,6,12,Major League Soccer
D. Downs,St. Louis City,Estados Unidos,42,"ST, LW",Right,192,22,69,Estados Unidos,69,68,62,67,36,71,63,68,74,68,77,63,57,54,49,71,66,71,68,69,60,67,65,63,80,66,61,31,74,62,66,68,33,34,28,14,11,12,11,11,7,Major League Soccer
P. Ault,St. Louis City,Estados Unidos,29,"ST, LW",Right,185,22,57,,56,59,48,56,24,55,44,59,62,54,54,56,49,47,41,57,57,55,53,57,47,62,62,50,61,55,46,22,63,46,56,59,18,22,18,7,10,13,8,10,7,Major League Soccer
S. Becher,St. Louis City,Estados Unidos,11,ST,Left,185,27,63,,65,64,56,64,31,62,56,65,63,59,64,65,54,58,43,64,65,65,66,65,54,64,63,60,65,62,57,28,72,59,61,62,28,28,23,10,14,7,8,9,14,Major League Soccer
Rafael Navarro,St. Louis City,Brasil,9,"ST, CF",Right,183,26,70,,72,69,61,69,38,69,60,70,78,67,76,66,61,65,52,73,70,73,67,74,61,66,72,64,74,66,61,37,78,59,70,66,32,33,30,9,6,7,7,6,10,Major League Soccer
T. Ostrák,St. Louis City,Chequia,7,LW,Right,176,26,60,,69,59,56,62,28,53,57,60,46,58,53,62,61,53,48,62,68,70,65,62,66,59,51,66,50,60,45,26,61,57,53,62,24,27,28,7,10,7,12,12,13,Major League Soccer
C. Glover,St. Louis City,Estados Unidos,46,"LW, ST",Left,188,19,59,,66,59,56,59,29,55,59,59,49,57,54,65,60,54,53,54,64,68,62,50,56,62,54,65,55,58,44,24,65,53,53,57,26,31,23,8,11,8,14,8,12,Major League Soccer
T. Pearce,St. Louis City,Estados Unidos,33,"RM, RB, LM",Right,176,19,58,,65,53,55,59,35,52,57,52,47,53,53,61,54,56,52,57,67,64,62,56,55,53,44,62,49,53,48,38,53,60,54,49,31,34,34,11,10,15,11,15,9,Major League Soccer
M. Perez,St. Louis City,Estados Unidos,28,"CM, CDM",Left,180,21,59,,56,54,59,60,53,54,53,51,52,61,54,60,57,49,67,62,55,56,56,56,56,57,54,61,50,56,54,53,57,58,51,61,55,51,54,13,15,14,7,14,6,Major League Soccer
D. Edelman,St. Louis City,Estados Unidos,24,"CDM, CM, RW",Right,175,23,67,,60,56,68,63,68,66,57,48,59,78,54,60,52,57,67,65,61,60,63,74,68,61,62,72,62,66,69,68,61,69,56,66,73,68,66,10,6,13,9,14,10,Major League Soccer
A. Mățan,St. Louis City,Rumanía,23,"CAM, LW, CM",Right,167,27,64,,67,63,65,67,34,54,65,59,45,64,62,68,64,60,63,66,71,63,70,64,74,67,46,64,52,67,50,41,64,68,62,61,34,29,28,8,6,13,15,15,9,Major League Soccer
Rafael Santos,St. Louis City,Brasil,20,"LM, LB",Left,180,28,58,,65,52,55,59,37,53,59,49,46,52,53,59,61,50,57,60,64,65,63,59,56,55,47,60,52,52,48,37,55,54,53,56,37,35,34,13,13,13,12,14,11,Major League Soccer
C. Holse,St. Louis City,Dinamarca,19,"CAM, LW, RW",Right,175,27,70,,70,69,71,74,43,62,66,67,59,72,62,73,70,73,66,76,72,69,72,73,72,74,56,66,62,68,59,45,73,80,68,75,40,40,38,14,15,8,15,8,15,Major League Soccer
T. Totland,St. Louis City,Noruega,14,"LB, LM, RM",Right,183,27,63,,69,46,59,58,62,60,65,44,59,62,44,57,52,50,62,58,70,68,63,58,59,47,64,66,58,49,59,61,51,51,54,58,65,62,63,14,10,9,8,13,7,Major League Soccer
Célio Pompeu,St. Louis City,Brasil,12,CAM,Right,178,26,60,,57,57,63,63,33,53,60,55,43,65,61,64,61,61,63,64,61,53,66,59,55,57,46,60,52,58,50,34,58,64,58,62,35,30,22,14,7,15,9,9,15,Major League Soccer
C. Durkin,St. Louis City,Estados Unidos,8,"CDM, CM",Right,183,26,67,,58,58,65,65,72,69,55,54,64,72,50,62,51,50,71,69,59,58,62,71,59,66,67,77,68,61,64,73,58,64,60,68,73,74,67,8,9,12,14,9,7,Major League Soccer
C. Wallem,St. Louis City,Noruega,6,"RB, RM, CAM",Left,180,26,68,,68,57,65,64,67,66,69,54,64,69,52,61,60,52,65,64,69,68,72,67,68,69,61,74,65,52,59,64,58,58,56,61,66,68,73,8,12,9,10,7,11,Major League Soccer
C. Brunet,St. Louis City,Canadá,18,CM,Right,173,22,56,,51,49,55,55,49,52,49,47,45,54,41,57,49,47,65,53,54,49,55,56,56,52,43,55,51,50,53,51,51,57,52,59,49,50,44,11,10,13,15,10,6,Major League Soccer
J. Orozco,St. Louis City,Estados Unidos,99,CB,Right,184,22,58,,52,36,46,48,60,61,40,32,56,56,28,39,37,34,51,57,45,58,40,61,50,50,55,57,65,36,56,62,28,35,41,55,63,58,55,15,14,6,10,11,9,Major League Soccer
T. Baumgartl,St. Louis City,Alemania,32,"CB, CDM",Right,190,30,61,,58,39,48,50,65,67,43,32,67,57,40,48,37,40,51,52,59,58,45,56,53,54,61,61,70,41,70,64,35,42,38,59,66,66,63,6,9,9,13,11,11,Major League Soccer
F. Fall,St. Louis City,Senegal,27,"CB, RB",Right,192,22,64,,57,43,51,52,68,65,49,37,68,56,40,48,45,43,58,55,59,55,52,61,53,58,67,60,66,42,68,68,36,43,44,61,71,63,73,6,11,13,7,14,12,Major League Soccer
K. Hiebert,St. Louis City,Canadá,22,CB,Right,183,29,63,,57,43,49,49,65,63,44,38,60,56,38,41,41,43,56,52,55,59,49,64,57,58,66,58,66,45,61,70,36,40,41,61,64,67,58,12,11,11,13,15,13,Major League Soccer
D. Polvara,St. Louis City,Estados Unidos,21,"CB, CDM, CM",Right,193,26,64,,55,47,51,52,66,67,44,41,62,56,38,49,50,53,54,53,58,52,51,68,53,62,65,61,71,47,65,67,43,45,47,62,65,69,67,8,15,10,9,14,14,Major League Soccer
L. MacNaughton,St. Louis City,Canadá,5,CB,Right,188,31,62,,58,41,50,51,65,65,48,34,69,58,33,48,39,42,53,52,54,62,51,64,52,59,64,56,71,41,62,68,38,43,44,63,59,67,66,8,6,13,12,14,15,Major League Soccer
M. Mbacke,St. Louis City,Senegal,4,CB,Left,189,23,59,,54,38,47,48,62,61,47,33,63,53,34,42,35,45,47,53,57,52,47,56,45,56,67,55,62,35,64,59,35,39,40,59,64,62,66,6,9,9,13,7,7,Major League Soccer
T. Reid-Brown,St. Louis City,Estados Unidos,3,"CB, LB",Right,188,20,58,,52,38,46,44,62,60,48,34,64,53,30,42,34,40,49,45,52,52,41,53,47,49,64,51,64,37,58,62,31,36,39,54,61,63,60,12,14,11,13,9,14,Major League Soccer
B. Lundt,St. Louis City,Alemania,39,GK,Left,197,31,59,,30,17,28,26,17,43,10,10,12,35,10,15,16,12,31,28,29,30,30,54,37,36,49,33,51,15,32,23,11,37,16,46,14,18,12,63,62,58,60,59,36,Major League Soccer
C. Welsh,St. Louis City,Estados Unidos,34,GK,Right,193,23,60,,37,18,28,30,18,43,13,10,19,35,12,19,16,14,32,34,33,40,38,57,35,37,46,35,50,21,37,25,10,34,21,38,16,17,16,58,54,51,60,66,36,Major League Soccer
R. Bürki,St. Louis City,Suiza,1,GK,Left,188,35,70,,42,29,37,40,30,51,25,23,34,41,17,29,25,23,42,42,39,45,52,65,48,51,60,47,55,26,45,32,23,47,31,50,27,33,24,66,68,64,70,71,49,Major League Soccer
Z. Campagnolo,St. Louis City,Estados Unidos,13,GK,Right,181,18,62,,35,23,29,28,20,44,16,15,19,37,17,13,19,10,32,34,36,34,36,58,39,42,55,34,52,28,34,28,11,34,14,43,18,18,20,62,65,57,60,62,41,Major League Soccer
Y. Diaby,Vancouver Whitecaps,Guinea,77,"LW, LM, ST",Right,184,26,64,Guinea,71,63,59,65,35,58,61,63,59,56,63,66,65,58,58,66,68,74,62,68,61,63,57,63,59,59,49,33,72,63,61,62,27,36,32,13,11,14,6,14,6,Major League Soccer
J. Badwal,Vancouver Whitecaps,Canadá,59,"RW, CDM, CAM",Left,168,20,63,Canadá,73,63,60,67,30,51,61,63,46,62,60,67,61,51,52,68,77,69,66,62,76,63,51,61,47,64,48,33,62,64,54,65,29,27,20,11,9,13,12,13,14,Major League Soccer
B. White,Vancouver Whitecaps,Estados Unidos,24,ST,Right,180,30,72,,75,75,62,70,38,72,58,78,74,64,78,73,62,66,56,67,73,76,70,72,70,73,75,64,77,68,68,36,75,67,72,74,32,34,31,9,13,13,10,13,9,Major League Soccer
K. Poku,Vancouver Whitecaps,Canadá,22,"ST, CF",Right,191,23,57,,55,58,48,55,24,57,44,58,63,54,61,54,47,45,40,58,59,52,49,61,49,61,60,48,63,56,51,22,58,48,53,59,21,16,17,8,13,14,7,14,13,Major League Soccer
R. Elloumi,Vancouver Whitecaps,Túnez,19,"ST, CF",Right,180,19,62,Túnez,64,64,54,58,26,61,55,65,60,56,60,61,50,47,49,57,63,65,55,57,60,67,59,60,65,57,53,21,65,54,66,56,28,21,13,7,7,12,13,7,7,Major League Soccer
K. Cabrera,Vancouver Whitecaps,Perú,17,"LW, RW",Left,174,23,60,,66,57,59,62,29,53,60,58,49,61,56,58,60,60,51,66,65,67,66,60,65,56,46,65,49,54,48,31,61,60,58,56,25,26,26,7,8,14,6,10,14,Major League Soccer
B. Caicedo,Vancouver Whitecaps,Ecuador,14,"LW, RW",Left,179,21,63,,69,60,59,67,34,54,63,59,51,58,61,69,66,56,56,66,70,69,69,58,64,62,59,64,50,58,51,34,69,60,64,63,31,34,31,12,14,13,7,7,11,Major League Soccer
E. Sabbi,Vancouver Whitecaps,Estados Unidos,11,"RW, LW",Right,178,28,67,,74,68,66,70,37,60,69,73,54,69,61,71,65,60,59,69,77,71,69,68,68,64,59,72,58,65,52,32,68,63,61,67,43,31,27,15,11,8,14,11,14,Major League Soccer
C. Sabaly,Vancouver Whitecaps,Senegal,7,"RW, LW, CAM",Right,168,27,66,,74,63,65,68,37,59,65,62,49,68,65,68,72,58,56,66,75,74,72,66,77,64,52,65,59,63,52,37,71,66,63,69,39,33,30,15,14,7,8,10,15,Major League Soccer
R. Gauld,Vancouver Whitecaps,Escocia,25,"CAM, RW",Right,169,30,70,,69,69,72,72,43,63,66,68,57,75,64,70,67,63,71,72,71,68,73,78,78,69,59,73,63,71,52,47,72,77,65,67,41,39,35,14,14,9,7,15,9,Major League Soccer
A. Cvetković,Vancouver Whitecaps,Serbia,23,"CAM, CM",Right,176,21,55,,55,57,58,58,28,47,60,58,39,59,55,57,59,55,54,58,57,54,64,58,55,56,41,56,46,56,42,30,62,58,52,58,28,25,25,10,15,6,6,14,8,Major League Soccer
A. Cubas,Vancouver Whitecaps,Paraguay,20,"CDM, CM",Right,168,30,68,Paraguay,57,58,65,62,70,68,56,51,61,72,57,60,59,60,68,61,54,60,64,67,67,68,64,68,65,64,75,71,62,64,58,72,71,73,66,9,15,6,9,14,9,Major League Soccer
T. Müller,Vancouver Whitecaps,Alemania,13,"CAM, CF",Right,185,37,71,,63,67,74,74,45,64,71,68,60,77,61,70,72,68,70,78,62,64,74,65,77,65,64,67,65,70,60,43,68,77,68,75,43,46,36,14,14,8,13,8,14,Major League Soccer
O. Larraz,Vancouver Whitecaps,Estados Unidos,8,"CDM, CM",Right,178,25,63,,60,55,58,60,66,64,51,52,58,60,53,63,57,48,67,56,59,60,55,64,61,60,57,65,63,57,68,66,56,60,53,63,67,69,61,15,6,8,7,6,14,Major League Soccer
R. Modesto,Vancouver Whitecaps,Angola,70,"RB, CB",Left,181,26,65,,67,51,61,61,64,62,63,45,59,65,54,58,53,50,61,62,67,67,64,61,65,59,64,61,60,54,68,60,52,56,51,64,64,67,68,8,12,7,7,10,10,Major League Soccer
T. Blackmon,Vancouver Whitecaps,Estados Unidos,33,CB,Right,189,30,71,,66,52,60,62,74,75,53,47,71,71,45,56,52,53,65,66,64,68,62,72,62,65,78,75,76,56,70,73,43,49,54,71,73,77,73,13,6,10,9,9,11,Major League Soccer
M. Gherasimencov,Vancouver Whitecaps,Moldavia,29,"LB, CB",Left,177,21,60,Moldavia,65,47,56,58,59,60,63,46,51,61,36,58,52,48,50,57,65,65,61,55,59,56,59,62,59,45,58,58,44,50,39,56,58,63,61,8,13,7,11,14,13,Major League Soccer
T. Johnson,Vancouver Whitecaps,Estados Unidos,28,"LB, LM",Left,170,21,67,,71,53,61,66,66,67,61,52,58,64,44,69,61,56,59,62,71,71,69,64,74,63,64,69,65,51,70,64,48,59,47,63,67,67,71,15,14,7,6,13,6,Major League Soccer
É. Ocampo,Vancouver Whitecaps,Colombia,18,RB,Right,175,23,67,Colombia,78,51,63,62,65,66,67,44,62,65,52,61,62,50,61,61,75,80,67,65,69,67,62,72,63,52,68,63,50,60,52,59,66,65,68,14,9,6,7,6,11,Major League Soccer
B. Halbouni,Vancouver Whitecaps,Siria,12,CB,Right,188,26,58,,52,40,46,50,65,62,41,35,61,51,33,50,38,39,51,51,52,52,44,54,47,55,63,53,66,42,64,61,31,41,40,54,66,67,64,14,12,6,11,14,7,Major League Soccer
R. Priso,Vancouver Whitecaps,Canadá,6,CB,Right,175,24,61,Canadá,54,41,48,50,63,62,41,34,62,58,34,46,39,43,51,52,53,54,49,58,52,52,60,60,62,49,63,62,39,41,41,57,60,66,64,11,9,11,11,10,15,Major League Soccer
R. Veselinović,Vancouver Whitecaps,Serbia,4,CB,Right,188,27,65,,54,47,52,56,67,66,51,41,66,55,39,50,47,45,52,62,56,53,55,54,54,62,73,63,66,54,69,67,34,50,41,62,65,70,65,13,10,11,14,6,8,Major League Soccer
S. Adekugbe,Vancouver Whitecaps,Canadá,3,"LB, LM",Right,175,31,59,,59,46,55,58,56,60,57,44,48,59,44,56,53,41,55,58,62,57,61,65,63,55,53,63,57,44,64,49,49,49,45,57,61,59,56,13,8,14,11,12,10,Major League Soccer
M. Laborda,Vancouver Whitecaps,Uruguay,2,"CB, LB, RB",Right,183,27,65,,61,45,53,52,70,66,48,40,65,60,41,49,47,41,62,53,58,64,51,61,55,58,70,63,67,44,68,69,40,44,48,63,72,67,76,11,7,15,8,12,7,Major League Soccer
Y. Takaoka,Vancouver Whitecaps,Japón,1,GK,Right,183,30,70,,48,27,37,34,28,56,23,19,31,43,17,24,25,21,39,35,46,50,42,68,50,50,59,43,66,28,47,38,18,45,28,49,26,26,21,72,66,67,67,72,47,Major League Soccer
