short_name,club_name,nationality_name,club_jersey_number,player_positions,preferred_foot,height_cm,age,overall,seleccion,pace,shooting,passing,dribbling,defending,physic,attacking_crossing,attacking_finishing,attacking_heading_accuracy,attacking_short_passing,attacking_volleys,skill_dribbling,skill_curve,skill_fk_accuracy,skill_long_passing,skill_ball_control,movement_acceleration,movement_sprint_speed,movement_agility,movement_reactions,movement_balance,power_shot_power,power_jumping,power_stamina,power_strength,power_long_shots,mentality_aggression,mentality_interceptions,mentality_positioning,mentality_vision,mentality_penalties,mentality_composure,defending_marking_awareness,defending_standing_tackle,defending_sliding_tackle,goalkeeping_diving,goalkeeping_handling,goalkeeping_kicking,goalkeeping_positioning,goalkeeping_reflexes,goalkeeping_speed,league_name
Diogo Costa,FC Oporto,Portugal,99,GK,Right,188,27,82,Portugal,63,41,52,48,40,66,38,34,48,59,34,33,36,39,55,52,64,63,60,77,67,71,72,59,74,28,55,49,33,60,42,62,42,32,36,83,81,77,79,84,57,Liga Portugal
Cláudio Ramos,FC Oporto,Portugal,14,GK,Right,183,34,67,,42,25,34,34,25,49,15,21,27,42,16,20,20,21,39,38,40,43,41,74,47,42,59,38,56,23,42,27,15,41,25,50,22,26,22,67,65,61,68,70,45,Liga Portugal
João Costa,FC Oporto,Portugal,24,GK,Right,186,30,64,,37,22,31,30,23,46,13,16,31,38,15,16,16,20,38,33,41,34,44,61,44,49,51,41,50,13,39,34,17,40,24,47,19,16,22,65,63,61,66,65,46,Liga Portugal
J. Kiwior,FC Oporto,Polonia,4,"CB, CDM",Left,189,26,82,Polonia,74,62,72,71,86,89,70,57,88,82,66,64,64,66,72,78,75,74,66,79,75,75,88,83,93,64,85,87,58,61,54,78,85,84,87,13,6,10,10,15,7,Liga Portugal
J. Bednarek,FC Oporto,Polonia,5,"CB, RB",Right,189,30,76,Polonia,69,54,65,67,79,81,62,51,83,72,48,61,54,58,65,73,68,70,63,73,63,67,79,71,89,50,76,79,52,58,58,71,76,82,78,14,10,15,10,15,6,Liga Portugal
N. Pérez,FC Oporto,Argentina,18,CB,Right,186,26,77,,73,57,66,66,78,81,59,53,79,71,51,58,55,56,71,70,72,73,70,76,67,69,82,76,85,61,76,83,43,65,56,76,73,80,77,6,8,8,14,13,14,Liga Portugal
D. Prpić,FC Oporto,Croacia,21,CB,Left,188,22,70,,67,52,59,58,73,74,51,48,69,69,50,55,49,51,60,60,68,67,58,67,55,66,74,70,76,50,76,71,46,55,47,72,73,77,72,11,11,15,15,13,6,Liga Portugal
C. Smalling,FC Oporto,Inglaterra,6,"CB, CDM",Right,194,36,71,,57,52,59,60,77,75,55,46,75,64,44,55,52,56,64,65,60,54,54,71,54,69,78,70,79,52,72,79,52,54,50,67,76,78,71,10,10,8,12,7,11,Liga Portugal
Souza,FC Oporto,Brasil,33,"LB, RB",Left,183,20,72,,77,55,69,70,71,72,76,50,69,70,49,70,63,54,69,69,78,77,73,69,73,69,67,74,71,54,73,70,61,67,54,63,70,71,75,10,11,12,15,12,12,Liga Portugal
Francisco Moura,FC Oporto,Portugal,74,"LB, RB",Left,181,27,73,,79,59,71,70,71,73,73,57,67,78,57,68,63,58,66,71,76,82,72,68,73,67,68,77,70,56,78,73,62,67,58,73,72,70,75,9,15,8,10,8,15,Liga Portugal
Z. Sanusi,FC Oporto,Nigeria,12,"LB, RB",Left,182,29,73,,81,56,71,71,71,71,77,53,66,73,53,75,68,62,73,68,78,83,74,68,69,64,76,75,68,56,71,69,59,64,55,68,73,70,74,11,9,15,12,6,12,Liga Portugal
Alberto Costa,FC Oporto,Portugal,20,RB,Right,186,23,76,,81,59,69,74,74,77,74,54,71,74,58,76,66,62,66,69,79,82,75,79,80,66,75,78,78,63,73,76,60,61,58,72,73,74,77,10,11,13,9,6,9,Liga Portugal
Martim Fernandes,FC Oporto,Portugal,52,"RB, RM",Right,181,20,70,,78,56,64,63,68,72,69,53,66,66,46,64,62,53,65,59,77,79,72,60,75,69,68,74,72,54,70,69,54,59,53,59,66,68,74,11,11,10,15,13,8,Liga Portugal
A. Varela,FC Oporto,Argentina,22,CDM,Right,177,25,78,,72,70,76,74,78,80,72,65,72,76,59,74,73,69,84,75,73,72,74,78,75,80,78,80,82,73,78,82,70,77,68,72,81,74,78,15,11,11,10,8,11,Liga Portugal
P. Rosario,FC Oporto,República Dominicana,13,"CDM, CB",Right,188,29,74,República Dominicana,67,66,70,70,78,77,64,61,73,75,58,69,63,60,73,72,67,67,66,73,66,69,75,78,77,73,77,78,65,71,71,77,81,77,72,6,15,7,10,14,7,Liga Portugal
V. Froholdt,FC Oporto,Dinamarca,8,"CM, CDM",Right,187,20,81,Dinamarca,79,77,83,78,75,81,77,73,73,85,70,77,74,77,86,80,81,77,74,78,72,82,76,81,84,82,75,79,78,86,76,83,74,78,67,7,8,13,13,8,11,Liga Portugal
S. Fofana,FC Oporto,Costa de Marfil,42,CM,Right,185,31,76,,73,71,74,78,70,76,68,65,74,73,63,81,74,75,81,77,72,74,76,77,75,81,70,81,75,77,72,73,70,76,70,78,69,70,67,10,10,9,8,12,7,Liga Portugal
I. Hwang,FC Oporto,Corea del Sur,16,"CM, CDM",Both,177,30,74,Corea del Sur,74,70,75,75,64,71,73,67,66,76,59,76,66,64,79,75,71,77,73,73,76,73,63,80,69,74,68,68,72,75,68,74,65,61,65,11,15,15,11,12,13,Liga Portugal
Vasco Sousa,FC Oporto,Portugal,15,"CM, CAM",Right,169,23,64,,61,58,65,67,57,60,60,51,60,67,58,71,62,60,63,62,56,65,65,68,70,66,49,66,59,65,57,58,62,71,63,65,58,56,51,12,15,6,9,15,8,Liga Portugal
G. Veiga,FC Oporto,España,10,CAM,Right,185,24,81,,85,80,83,84,54,75,83,78,70,83,74,82,91,78,77,87,86,84,82,81,80,82,71,80,74,83,70,56,78,86,81,81,53,50,54,15,8,9,10,8,13,Liga Portugal
O. Pietuszewski,FC Oporto,Polonia,77,LW,Left,179,18,74,Polonia,83,72,72,79,41,64,71,71,61,76,68,80,73,76,65,80,81,84,82,69,75,73,67,73,61,72,62,38,77,69,66,72,39,38,38,15,13,13,13,9,15,Liga Portugal
B. Sainz,FC Oporto,España,17,"LW, ST",Left,174,25,77,,83,78,72,81,47,69,73,78,71,70,71,82,80,63,71,79,85,81,85,80,81,80,72,75,67,78,67,48,82,75,75,72,44,44,42,14,8,6,6,12,10,Liga Portugal
William Gomes,FC Oporto,Brasil,7,"RW, ST",Left,171,20,75,,86,78,71,79,44,68,72,81,58,74,72,80,75,68,59,77,87,85,84,75,86,77,61,82,65,74,59,44,81,75,67,67,43,43,38,12,12,15,12,15,12,Liga Portugal
Pepê,FC Oporto,Brasil,11,RW,Right,175,29,80,,87,81,78,82,49,72,78,82,61,77,72,83,82,74,79,79,88,87,83,86,84,86,71,81,69,77,66,49,81,80,77,82,46,49,47,7,11,12,14,6,9,Liga Portugal
Gabriel Mec,FC Oporto,Brasil,37,"RW, RM",Both,173,18,71,,83,72,69,73,42,59,75,76,56,69,68,78,71,65,59,65,80,86,82,65,80,69,61,73,53,66,54,44,74,71,66,69,41,39,41,12,10,14,7,7,13,Liga Portugal
Duarte Cunha,FC Oporto,Portugal,57,RW,Right,175,18,60,,66,61,59,64,33,52,64,63,48,59,59,66,61,52,55,64,71,62,67,54,68,59,51,57,51,61,50,34,59,57,58,54,32,31,25,14,6,14,10,11,8,Liga Portugal
S. Aghehowa,FC Oporto,España,9,ST,Right,193,22,78,,76,80,66,77,45,79,65,83,82,67,78,79,67,65,65,76,72,80,74,78,69,76,88,73,84,80,73,44,79,67,77,79,43,40,31,12,6,12,10,11,10,Liga Portugal
S. Gimenez,FC Oporto,México,29,"ST, LW",Left,180,25,77,México,76,80,66,77,44,78,65,82,76,70,81,72,64,70,59,81,77,75,81,79,70,77,74,77,80,78,75,46,79,67,79,77,39,38,36,12,6,8,7,6,12,Liga Portugal
André Silva,FC Oporto,Portugal,19,ST,Right,186,30,75,,76,75,65,74,43,78,64,81,81,71,77,76,65,66,56,72,79,73,73,77,71,69,78,71,84,69,73,47,80,64,71,74,35,37,35,8,11,13,14,13,8,Liga Portugal
A. Trubin,SL Benfica,Ucrania,1,GK,Right,199,25,80,Ucrania,55,38,48,45,38,65,35,30,33,53,32,34,34,36,56,47,59,52,52,75,61,58,65,53,74,37,59,43,30,52,44,60,39,38,31,82,82,74,78,87,63,Liga Portugal
Samuel Soares,SL Benfica,Portugal,24,GK,Right,190,24,74,Portugal,46,33,41,42,32,58,29,25,33,47,24,33,28,32,47,43,46,46,47,66,50,59,61,50,66,30,48,38,20,42,34,55,31,31,27,74,75,71,76,77,56,Liga Portugal
Tomás Araújo,SL Benfica,Portugal,44,CB,Right,187,24,80,Portugal,76,62,68,70,84,83,60,58,80,78,54,63,58,61,69,74,75,76,74,79,69,76,87,75,85,59,85,85,56,61,60,83,85,86,76,14,7,12,10,6,8,Liga Portugal
A. Circati,SL Benfica,Australia,3,"CB, RB",Right,191,22,78,Australia,71,57,64,65,83,83,59,50,84,70,52,59,52,53,68,70,67,75,62,79,62,74,84,79,86,58,81,81,53,59,59,75,82,85,82,7,6,11,12,11,13,Liga Portugal
C. Lenglet,SL Benfica,Francia,2,"CB, CDM",Left,186,31,71,,66,51,60,59,73,75,54,47,74,69,48,54,47,50,65,63,65,66,61,67,51,67,76,68,79,47,73,79,45,50,48,69,72,68,80,7,13,15,14,13,10,Liga Portugal
Gabriel Índio,SL Benfica,Brasil,33,CB,Left,186,18,65,,63,48,51,51,67,68,52,45,64,56,42,50,44,41,57,48,65,61,54,62,57,63,73,63,72,42,62,69,46,40,44,63,66,67,69,7,15,14,13,9,15,Liga Portugal
S. El Karouani,SL Benfica,Marruecos,34,LB,Left,178,25,76,,83,64,71,74,73,73,78,62,71,70,57,72,73,69,76,74,81,85,77,76,79,73,72,76,72,61,73,73,61,64,59,72,73,71,79,7,9,13,11,13,8,Liga Portugal
S. Dahl,SL Benfica,Suecia,26,"LB, LM",Left,174,23,78,,83,64,74,79,74,77,76,61,62,74,60,77,74,69,75,83,79,86,80,70,83,71,73,80,75,65,77,75,69,72,63,74,77,72,79,14,14,9,12,7,10,Liga Portugal
José Neto,SL Benfica,Portugal,62,LB,Left,184,18,65,,71,52,57,60,63,62,68,49,54,55,47,60,55,50,58,61,72,71,60,59,63,59,63,69,60,49,59,63,56,53,55,59,65,63,64,6,9,7,8,9,15,Liga Portugal
A. Bah,SL Benfica,Dinamarca,6,"RB, RM",Right,183,28,77,,87,60,72,72,76,77,81,54,72,74,64,69,67,63,72,72,89,85,78,78,74,70,77,85,74,61,75,74,74,64,62,71,77,77,83,9,6,10,9,12,13,Liga Portugal
Daniel Banjaqui,SL Benfica,Portugal,58,RB,Right,184,18,69,,74,55,63,69,68,71,66,48,64,61,51,68,61,62,65,71,73,75,65,63,72,67,70,71,74,60,64,68,59,63,52,67,69,67,68,9,10,11,13,15,13,Liga Portugal
João Palhinha,SL Benfica,Portugal,36,CDM,Right,190,31,80,Portugal,69,70,78,76,84,84,75,64,83,82,62,75,73,71,76,78,71,68,70,82,73,80,81,86,83,76,85,84,74,79,64,86,83,85,80,7,6,6,7,13,14,Liga Portugal
E. Barrenechea,SL Benfica,Argentina,5,CDM,Right,186,25,77,,70,70,72,74,77,81,66,67,74,75,63,77,71,63,76,71,73,68,66,80,72,73,78,84,80,74,82,82,72,73,64,77,80,75,71,12,10,9,15,12,8,Liga Portugal
Manu Silva,SL Benfica,Portugal,16,CDM,Right,190,25,71,,61,62,65,67,75,74,59,54,70,69,54,63,62,63,65,71,60,62,67,71,68,78,73,72,76,65,70,81,62,65,68,70,74,76,70,14,6,8,6,6,11,Liga Portugal
L. Barreiro,SL Benfica,Luxemburgo,18,"CM, CDM",Right,174,26,76,Luxemburgo,74,72,75,74,69,75,71,72,67,80,67,73,70,76,73,74,74,74,80,72,77,72,69,80,73,78,75,71,69,75,65,78,70,67,67,12,12,12,10,6,15,Liga Portugal
F. Aursnes,SL Benfica,Noruega,8,"CM, CDM",Right,181,30,79,Noruega,76,73,81,81,71,76,73,68,75,85,67,80,79,74,83,83,76,76,77,81,78,77,76,79,77,79,68,72,76,82,72,82,66,74,70,11,10,12,15,13,10,Liga Portugal
G. Sudakov,SL Benfica,Ucrania,10,CAM,Both,177,24,79,Ucrania,79,79,79,83,52,68,81,78,67,77,75,80,83,74,76,86,79,79,87,84,84,80,71,75,66,82,64,57,82,85,75,77,51,46,52,14,7,13,10,13,8,Liga Portugal
C. Echeverri,SL Benfica,Argentina,30,"CAM, CM",Right,170,20,74,,77,73,78,78,47,63,72,74,55,83,68,78,74,74,74,79,77,77,83,71,80,72,61,73,59,74,60,53,77,78,71,66,46,44,42,13,8,8,12,15,14,Liga Portugal
A. Schjelderup,SL Benfica,Noruega,21,LW,Left,177,22,81,Noruega,89,81,82,86,50,71,85,80,70,85,77,84,83,81,73,91,92,87,86,77,80,83,71,78,71,82,63,54,84,82,77,82,45,45,50,12,13,11,8,10,11,Liga Portugal
J. Kamiński,SL Benfica,Polonia,13,LW,Left,179,24,78,Polonia,85,76,76,82,45,73,76,78,64,79,69,83,79,73,69,81,82,88,83,81,81,77,69,75,75,71,67,44,82,74,76,74,47,38,42,9,7,9,10,9,11,Liga Portugal
G. Prestianni,SL Benfica,Argentina,25,RW,Right,166,20,80,Argentina,89,79,80,86,49,71,81,80,58,80,80,86,83,77,75,88,90,88,92,75,85,80,64,85,66,76,66,50,84,81,72,77,51,45,48,11,12,14,10,13,12,Liga Portugal
D. Lukébakio,SL Benfica,Bélgica,11,RW,Left,184,29,78,Bélgica,82,75,75,81,48,74,79,75,67,75,72,84,81,70,72,79,82,82,82,77,78,73,74,78,75,74,64,46,79,74,77,78,44,48,44,9,8,12,12,6,8,Liga Portugal
Rafa Silva,SL Benfica,Portugal,27,"RW, ST",Right,172,33,77,,79,75,77,80,45,68,83,75,62,75,74,80,79,67,67,78,78,80,84,76,83,79,66,75,69,73,58,46,77,82,74,77,42,43,44,9,11,8,7,15,14,Liga Portugal
V. Pavlidis,SL Benfica,Grecia,14,ST,Right,186,27,81,Grecia,83,82,70,81,48,81,66,83,81,74,78,80,71,69,63,84,81,85,78,85,77,81,81,78,84,80,78,42,86,72,80,80,47,44,42,12,15,10,8,11,11,Liga Portugal
J. Durán,SL Benfica,Colombia,22,"ST, CF",Left,185,22,75,,78,79,66,71,43,74,67,84,80,67,72,68,67,69,57,75,73,82,70,78,64,74,77,70,80,72,65,40,84,67,76,75,42,37,35,13,13,6,14,7,12,Liga Portugal
Anísio Cabral,SL Benfica,Portugal,72,ST,Left,187,18,66,,73,69,58,63,33,67,52,74,71,62,67,62,58,51,53,64,72,73,64,63,63,70,67,61,72,61,60,33,67,61,63,66,32,23,31,15,15,6,14,6,11,Liga Portugal
Rui Silva,Sporting de Lisboa,Portugal,1,GK,Left,191,32,76,Portugal,49,33,44,43,33,61,31,26,36,48,29,35,24,25,51,41,48,50,52,67,56,55,61,50,67,26,59,34,30,53,40,57,30,33,34,81,73,71,79,78,54,Liga Portugal
Kaique Pereira,Sporting de Lisboa,Brasil,30,GK,Both,193,23,71,,48,29,40,36,26,54,26,25,30,44,25,28,30,25,47,35,49,47,47,65,48,49,63,49,59,21,43,40,22,47,31,48,18,26,23,76,69,64,78,71,53,Liga Portugal
Diego Callai,Sporting de Lisboa,Brasil,41,GK,Right,192,22,66,,41,25,32,31,25,46,21,19,28,37,16,20,18,15,34,30,39,43,42,63,49,48,60,38,50,17,40,35,19,39,25,48,25,19,21,71,69,60,63,68,43,Liga Portugal
Gonçalo Inácio,Sporting de Lisboa,Portugal,25,CB,Left,185,25,80,,74,62,66,68,84,82,60,58,80,72,50,64,55,62,73,69,76,73,70,77,70,77,84,75,86,63,79,86,54,61,61,72,86,85,79,7,9,7,13,9,7,Liga Portugal
Z. Debast,Sporting de Lisboa,Bélgica,6,"CB, CDM",Right,191,22,78,Bélgica,75,59,66,67,81,82,66,55,83,70,55,59,52,58,70,74,74,76,67,76,64,71,77,72,89,59,80,82,53,61,53,68,80,80,81,10,7,10,14,9,13,Liga Portugal
I. Ba,Sporting de Lisboa,Senegal,55,"CB, RB",Right,190,21,75,,68,55,63,65,80,80,60,50,80,73,51,63,53,54,68,66,65,70,60,72,63,67,83,74,85,56,75,83,55,48,56,72,80,79,76,9,13,6,14,7,10,Liga Portugal
Eduardo Quaresma,Sporting de Lisboa,Portugal,72,"CB, RB",Right,185,24,75,,67,54,62,64,78,77,57,50,73,65,49,57,61,57,70,68,68,67,64,76,63,71,80,69,80,50,81,77,53,56,53,75,78,80,76,6,7,14,6,15,12,Liga Portugal
M. Araújo,Sporting de Lisboa,Uruguay,20,LB,Left,176,26,82,Uruguay,88,68,78,79,81,82,85,63,76,81,61,77,74,68,76,76,85,91,89,82,85,76,82,86,78,73,85,80,77,73,68,82,84,81,81,11,13,15,11,7,12,Liga Portugal
M. Zekri,Sporting de Lisboa,Marruecos,18,LB,Left,172,18,66,,72,48,59,61,64,63,63,44,59,60,49,61,60,52,57,61,70,73,64,58,64,57,65,64,63,46,61,59,60,55,49,59,68,62,72,12,12,13,10,14,10,Liga Portugal
Nuno Santos,Sporting de Lisboa,Portugal,11,LB,Left,177,31,72,,79,56,67,71,70,68,73,49,67,68,55,72,64,51,68,70,76,82,74,68,76,67,62,69,67,60,72,72,60,63,54,69,72,68,74,6,6,8,15,14,8,Liga Portugal
Rodrigo Dias,Sporting de Lisboa,Portugal,50,LB,Left,179,21,65,,68,48,61,63,64,62,63,45,56,65,42,64,63,46,56,61,68,68,68,60,68,55,63,69,58,50,63,66,51,57,51,63,65,63,65,7,14,12,10,8,10,Liga Portugal
I. Fresneda,Sporting de Lisboa,España,22,RB,Right,183,22,74,España,83,57,68,70,71,75,74,52,71,67,53,64,68,62,73,74,81,84,75,70,75,66,73,77,75,60,74,67,59,62,56,70,71,70,81,15,11,13,8,15,10,Liga Portugal
G. Vagiannidis,Sporting de Lisboa,Grecia,13,"RB, RM",Right,182,25,71,Grecia,77,55,65,66,69,70,74,55,69,63,54,65,66,55,65,65,78,76,70,66,73,59,72,73,69,54,66,68,57,63,49,72,72,65,74,10,8,14,7,15,14,Liga Portugal
Salvador Blopa,Sporting de Lisboa,Portugal,70,RB,Right,188,19,63,,71,47,55,62,59,65,62,42,60,56,45,58,51,44,56,66,69,72,67,60,60,53,61,65,69,55,58,56,48,51,46,57,61,60,57,6,14,6,8,8,14,Liga Portugal
S. Altimira,Sporting de Lisboa,España,5,CDM,Right,188,25,80,,73,72,77,78,82,84,72,71,81,81,61,75,64,73,82,82,72,74,72,81,77,78,76,82,86,69,84,84,73,77,69,83,83,83,74,8,10,13,15,6,13,Liga Portugal
S. Andersen,Sporting de Lisboa,Dinamarca,4,CDM,Right,190,22,71,,62,61,66,70,70,76,59,58,70,71,56,66,58,66,66,77,67,58,64,74,67,65,74,73,78,66,74,77,63,67,57,69,66,71,68,6,11,6,6,10,10,Liga Portugal
I. Doumbia,Sporting de Lisboa,Italia,77,"CM, CAM",Right,187,22,78,Italia,73,73,78,78,69,82,72,69,70,80,65,80,78,70,81,77,74,73,75,81,68,83,74,87,82,76,79,71,74,78,73,80,65,72,67,13,6,14,11,6,9,Liga Portugal
João Simões,Sporting de Lisboa,Portugal,8,"CM, CAM",Left,178,19,73,,71,68,71,76,64,69,66,65,69,74,65,75,75,62,75,79,72,70,70,70,72,73,68,75,66,70,71,66,67,69,68,80,66,61,60,12,10,7,14,9,8,Liga Portugal
Pedro Lima,Sporting de Lisboa,Brasil,21,"CM, CAM",Left,184,23,69,,66,63,69,72,61,67,72,59,61,68,59,73,67,66,70,74,68,64,64,73,63,65,64,68,64,70,73,61,69,68,62,70,60,62,59,7,14,6,12,7,8,Liga Portugal
S. Alexandropoulos,Sporting de Lisboa,Grecia,52,CM,Right,185,24,66,,60,66,68,66,59,65,60,64,61,73,54,65,65,62,69,69,65,56,62,63,65,68,60,69,65,71,59,57,69,67,64,64,60,61,54,13,8,6,14,11,7,Liga Portugal
R. Zalazar,Sporting de Lisboa,Uruguay,17,"CAM, CF",Right,175,27,79,Uruguay,83,77,82,78,53,72,78,78,67,84,76,78,78,84,75,79,82,83,75,82,84,74,71,78,72,78,65,53,77,86,72,76,55,47,47,15,6,11,8,10,10,Liga Portugal
N. Irankunda,Sporting de Lisboa,Australia,19,"LW, LM",Left,175,20,73,Australia,84,69,72,73,43,63,71,68,62,73,65,77,77,66,61,69,83,84,74,70,75,71,64,70,61,69,61,40,72,78,70,64,41,44,37,15,12,9,12,10,14,Liga Portugal
Flávio Gonçalves,Sporting de Lisboa,Portugal,58,LW,Left,175,19,70,,83,66,65,73,37,63,67,65,51,65,68,71,71,63,59,73,80,85,78,75,72,66,63,68,63,67,58,40,73,68,64,70,38,32,32,15,7,14,10,8,9,Liga Portugal
J. Derry,Sporting de Lisboa,Inglaterra,28,"LW, LM",Left,178,19,64,,74,61,61,66,35,57,62,61,53,62,59,66,61,58,57,67,71,76,68,60,68,63,51,68,55,58,52,29,64,62,57,55,36,34,28,9,7,13,13,6,13,Liga Portugal
G. Catamo,Sporting de Lisboa,Mozambique,10,"RW, RM",Left,172,25,80,,82,78,78,80,48,69,81,78,65,77,72,79,82,73,77,81,83,81,81,76,88,80,71,75,66,79,67,50,81,76,73,77,46,44,43,7,10,11,11,15,12,Liga Portugal
Luís Guilherme,Sporting de Lisboa,Brasil,31,RW,Left,175,20,71,,82,68,68,73,41,64,68,69,59,71,68,76,72,63,64,71,84,80,77,68,74,66,67,70,63,67,56,38,76,68,68,65,37,43,33,8,7,15,14,14,6,Liga Portugal
L. Suárez,Sporting de Lisboa,Colombia,97,"ST, LW",Right,179,28,80,Colombia,81,83,69,80,47,77,71,84,81,72,83,80,74,69,66,79,78,83,81,85,79,82,82,83,77,79,69,44,84,64,83,79,47,40,38,10,14,12,6,11,8,Liga Portugal
F. Ioannidis,Sporting de Lisboa,Grecia,7,"ST, LW",Both,187,26,77,Grecia,81,80,68,77,44,80,61,83,79,71,75,77,71,69,62,78,77,84,77,81,75,80,80,76,84,73,73,42,82,72,76,77,41,39,41,7,15,6,12,10,6,Liga Portugal
Rafael Nel,Sporting de Lisboa,Portugal,9,ST,Right,182,21,69,,73,69,60,68,35,72,55,71,67,64,64,68,65,61,51,66,72,73,68,73,67,71,72,67,74,64,71,33,69,62,70,68,32,30,28,10,12,10,6,14,8,Liga Portugal
Bernardo,SC Braga,Brasil,31,GK,Left,196,24,73,,48,30,41,41,29,57,24,23,35,46,19,25,30,25,48,47,50,46,51,74,58,51,60,49,63,28,51,39,21,49,30,51,25,25,27,74,75,74,73,77,51,Liga Portugal
João Carvalho,SC Braga,Portugal,78,GK,Right,189,22,68,,43,25,36,35,26,52,22,18,25,42,15,25,24,23,40,38,42,43,40,69,47,47,56,39,62,21,44,34,16,42,31,45,22,25,21,68,65,63,65,67,42,Liga Portugal
Tiago Sá,SC Braga,Portugal,12,GK,Right,186,31,64,,40,19,32,32,21,46,20,10,20,34,17,17,24,17,37,38,40,40,39,64,41,42,47,43,50,20,38,26,18,40,15,48,16,22,20,62,62,57,63,63,49,Liga Portugal
G. Lagerbielke,SC Braga,Suecia,14,CB,Right,193,26,73,Suecia,66,55,63,62,76,77,59,49,79,70,52,59,53,58,68,66,62,70,57,64,57,70,80,71,79,57,77,72,48,56,54,69,74,78,77,6,8,6,6,13,6,Liga Portugal
B. Arrey-Mbi,SC Braga,Alemania,26,CB,Left,187,23,72,,69,53,62,62,73,74,58,45,77,71,44,57,56,49,65,65,67,70,59,72,56,76,74,71,76,53,75,69,44,51,56,75,73,77,68,15,8,15,9,6,8,Liga Portugal
S. Niakaté,SC Braga,Malí,4,"CB, CDM",Left,186,27,73,,68,55,62,61,80,76,67,50,82,67,50,57,47,61,64,62,65,70,60,66,63,69,75,75,78,53,75,80,50,49,54,75,80,80,77,15,6,6,12,15,15,Liga Portugal
Vítor Carvalho,SC Braga,Brasil,6,"CB, CDM",Right,186,29,74,,70,56,62,64,77,76,56,53,81,69,47,58,60,55,69,70,73,68,61,70,66,70,74,68,80,52,78,75,51,55,51,73,76,79,71,6,8,8,8,8,7,Liga Portugal
A. Barisic,SC Braga,Bosnia y Herzegovina,37,"CB, CDM",Right,192,25,71,,64,52,59,57,74,73,59,48,83,64,44,52,56,50,61,58,63,64,59,69,58,66,80,67,74,50,74,75,47,50,53,70,74,73,68,14,15,11,6,15,8,Liga Portugal
A. Bajrami,SC Braga,Suiza,44,"CB, RB",Left,188,24,72,Suiza,65,48,59,61,74,77,53,39,72,68,39,55,50,49,59,65,64,65,63,64,67,68,72,77,78,52,74,72,46,53,48,69,78,72,76,12,15,12,11,6,11,Liga Portugal
S. Barcia,SC Braga,España,22,CB,Right,184,25,69,,66,48,58,60,72,73,51,39,73,63,48,55,52,50,67,63,65,67,57,72,59,68,75,72,75,47,71,71,43,53,53,64,76,71,68,13,14,8,15,10,12,Liga Portugal
V. Gómez,SC Braga,España,2,RB,Right,171,26,75,,84,62,72,73,74,71,75,57,68,75,60,69,62,60,71,76,84,84,80,75,79,70,67,76,69,61,69,72,72,69,63,71,74,77,70,12,13,6,14,12,11,Liga Portugal
Diogo Travassos,SC Braga,Portugal,7,RB,Right,178,22,70,,79,56,65,69,66,69,71,54,64,64,50,68,63,58,71,68,79,79,73,68,74,64,71,70,68,56,72,66,55,57,53,64,63,69,71,7,12,8,10,8,12,Liga Portugal
T. Marqués,SC Braga,España,16,CDM,Right,186,19,69,,66,60,65,65,71,74,56,55,69,67,48,62,62,58,70,70,64,67,61,59,62,69,67,73,75,63,74,74,62,68,63,64,72,70,68,15,11,12,9,12,10,Liga Portugal
D. Ege Tıknaz,SC Braga,Turquía,34,CDM,Right,193,22,73,Turquía,64,64,69,69,78,75,63,57,74,76,60,66,64,62,73,75,66,63,59,75,68,71,80,75,74,72,76,76,64,65,63,73,78,84,73,7,9,15,6,8,12,Liga Portugal
Gorby,SC Braga,Francia,29,"CM, CAM",Right,183,24,74,,73,70,73,73,68,77,68,66,70,75,65,76,72,69,76,71,75,71,73,71,71,75,70,80,77,73,73,67,71,74,70,76,66,70,66,8,12,13,10,9,15,Liga Portugal
Diego Rodrigues,SC Braga,Portugal,50,CM,Right,185,21,68,,63,64,69,69,62,67,61,59,64,75,65,71,68,61,67,70,61,65,66,68,63,72,63,74,67,66,58,63,63,72,61,67,65,58,59,6,10,7,14,12,14,Liga Portugal
D. Huseinbasic,SC Braga,Bosnia y Herzegovina,23,CM,Right,184,25,66,,60,62,68,67,58,64,65,59,56,69,57,65,68,57,66,68,63,57,67,67,66,66,62,69,64,67,60,60,66,72,57,68,55,61,56,10,11,8,15,11,6,Liga Portugal
João Moutinho,SC Braga,Portugal,8,"CM, CDM",Right,170,40,66,,52,60,68,68,60,61,69,57,57,70,55,66,59,57,71,68,51,53,71,70,69,63,55,70,58,64,61,63,62,64,63,70,59,61,58,7,11,12,11,13,10,Liga Portugal
M. Dorgeles,SC Braga,Costa de Marfil,20,RM,Left,177,22,75,,82,69,77,81,53,70,78,67,57,81,70,84,75,66,74,80,83,81,79,75,79,69,66,80,66,72,68,56,76,75,73,74,58,46,52,10,6,10,10,9,12,Liga Portugal
Gabriel Silva,SC Braga,Brasil,11,"LM, LW",Left,177,24,72,,76,67,70,73,53,70,70,63,57,75,63,73,66,65,64,73,77,75,83,73,72,73,66,76,68,69,66,53,68,68,69,63,50,56,51,15,12,6,10,11,9,Liga Portugal
G. Martínez,SC Braga,España,77,LM,Left,185,23,74,,80,74,71,73,57,71,69,75,65,75,62,71,78,67,69,75,84,76,74,71,75,80,65,74,71,71,67,58,69,68,75,77,57,57,51,8,10,6,15,13,9,Liga Portugal
Ricardo Horta,SC Braga,Portugal,21,CAM,Right,173,32,77,,75,77,76,81,49,68,75,76,66,77,73,80,78,74,70,84,76,75,76,73,79,78,61,73,68,80,65,50,77,82,70,83,50,43,44,14,10,14,8,7,15,Liga Portugal
João Trovisco,SC Braga,Portugal,87,"CAM, CM",Right,171,18,59,,63,59,61,63,31,49,60,57,44,63,55,65,57,53,61,62,61,65,68,52,65,65,47,52,49,60,44,34,62,62,59,60,32,25,29,6,9,15,15,10,15,Liga Portugal
P. Víctor,SC Braga,España,10,"ST, CF",Right,184,24,78,,80,80,68,75,44,78,66,81,82,71,73,72,71,71,61,77,84,76,77,80,70,85,82,73,84,73,68,38,80,67,82,78,39,43,37,9,7,8,9,13,11,Liga Portugal
J. Milosevic,SC Braga,Serbia,17,ST,Right,190,21,71,,72,73,60,72,42,69,57,77,74,62,76,69,63,63,53,77,75,69,70,70,65,75,71,65,73,63,64,37,76,62,72,74,36,40,39,8,13,14,7,15,13,Liga Portugal
F. Navarro,SC Braga,España,9,"ST, CF",Right,179,28,73,,73,72,62,73,40,70,56,72,73,70,71,70,63,64,51,75,74,73,73,78,71,71,75,62,76,72,63,35,80,64,75,71,39,35,30,9,11,12,13,11,8,Liga Portugal
J. Wind,SC Braga,Dinamarca,19,ST,Right,190,27,71,,71,72,60,69,37,70,59,73,73,64,70,68,61,59,58,71,73,70,66,74,68,73,79,69,72,70,66,31,74,57,71,74,35,32,31,9,11,7,13,9,15,Liga Portugal
L. Carević,FC Famalicão,Montenegro,25,GK,Right,195,27,73,,50,27,41,40,28,56,28,16,33,45,25,29,24,27,46,41,50,50,44,68,57,54,64,47,62,26,50,33,26,52,33,61,29,21,31,71,72,72,73,73,51,Liga Portugal
I. Zlobin,FC Famalicão,Rusia,1,GK,Right,191,29,67,,42,24,36,34,24,50,26,16,31,45,18,19,20,22,40,40,45,39,40,62,48,49,57,45,56,19,42,32,13,37,28,48,21,21,21,69,61,61,66,71,49,Liga Portugal
Gabriel Cabral,FC Famalicão,Brasil,22,GK,Right,196,23,64,,41,20,35,31,23,47,22,15,24,38,15,20,23,23,41,32,43,39,40,59,45,38,49,34,57,16,40,30,14,44,20,43,22,20,23,68,65,54,64,67,39,Liga Portugal
L. Realpe,FC Famalicão,Ecuador,3,CB,Right,186,25,72,Ecuador,71,51,60,62,76,74,63,47,73,62,44,59,50,51,62,62,71,71,58,77,67,65,77,71,74,49,77,79,46,55,54,75,75,76,71,12,9,15,7,13,14,Liga Portugal
F. van Breemen,FC Famalicão,Países Bajos,4,"CB, RB",Left,193,23,68,,62,46,56,57,73,75,53,40,76,63,42,52,49,44,62,61,61,63,60,61,57,62,70,62,82,47,73,73,43,47,44,68,70,76,71,11,12,8,8,15,14,Liga Portugal
V. Rofino,FC Famalicão,Guinea-Bissau,15,"CB, RB",Right,185,24,68,,65,49,57,56,72,68,54,44,75,63,39,53,48,44,62,56,62,67,53,69,57,66,71,59,72,48,70,72,43,52,39,64,72,73,70,13,13,6,7,10,9,Liga Portugal
V. Serafimovic,FC Famalicão,Serbia,30,"CB, RB",Left,190,20,58,,52,38,46,48,62,60,43,31,61,54,34,47,44,40,48,48,50,53,46,49,47,51,63,50,64,40,64,65,34,37,41,58,66,57,56,14,9,12,13,8,9,Liga Portugal
Matheus Mattara,FC Famalicão,Brasil,36,"CB, CDM",Right,191,20,61,,59,43,50,49,64,68,45,38,68,57,36,46,44,44,51,50,59,59,44,62,49,60,64,65,71,39,63,64,36,44,43,58,63,66,59,6,11,12,7,10,9,Liga Portugal
P. Bondo,FC Famalicão,Angola,28,LB,Left,172,21,65,,68,50,62,61,65,63,69,47,60,62,43,62,62,47,60,60,70,67,65,56,66,57,60,72,59,51,62,62,50,59,57,61,65,67,68,13,6,8,8,10,12,Liga Portugal
L. Meyer,FC Famalicão,Suiza,5,"LB, RB",Left,182,22,61,,65,46,54,59,60,61,57,41,53,55,43,57,56,46,58,60,63,66,59,65,63,58,56,64,61,45,57,59,50,50,47,57,60,65,57,10,7,13,9,7,6,Liga Portugal
Rodrigo Pinheiro,FC Famalicão,Portugal,17,RB,Right,183,24,73,,78,58,67,68,72,72,72,53,71,69,51,67,65,57,69,67,81,76,71,73,76,69,73,72,70,62,76,71,58,59,55,68,72,72,71,14,14,8,15,13,8,Liga Portugal
Garcia,FC Famalicão,Brasil,2,RB,Right,175,24,68,,70,55,62,66,70,66,68,51,64,63,48,67,55,53,63,64,68,72,72,63,72,63,60,78,63,57,62,68,61,59,50,64,69,74,69,13,15,11,6,7,8,Liga Portugal
T. van de Looi,FC Famalicão,Países Bajos,6,"CDM, CM",Right,186,27,71,,63,62,68,66,72,73,63,58,73,74,54,63,61,63,68,69,62,63,64,79,67,68,72,74,71,66,78,67,60,63,62,69,71,74,73,10,11,14,9,13,15,Liga Portugal
Mathias de Amorim,FC Famalicão,Portugal,14,CM,Right,174,21,75,,71,71,74,74,67,72,66,70,57,80,63,75,74,69,75,71,68,73,73,76,76,79,67,79,69,69,73,68,75,74,68,76,67,67,71,10,10,9,12,8,10,Liga Portugal
T. Szűcs,FC Famalicão,Hungría,21,"CM, CDM",Right,177,21,67,Hungría,67,61,68,66,59,64,66,59,56,70,54,64,59,60,71,68,67,67,64,65,67,66,60,64,64,61,63,58,65,67,66,65,55,65,58,12,13,9,14,7,12,Liga Portugal
M. Peña,FC Famalicão,España,8,"CM, CAM",Right,180,21,66,,61,62,64,69,59,63,61,59,58,67,64,68,60,61,60,70,60,61,66,68,67,68,59,66,61,63,64,61,69,67,55,70,53,65,55,6,14,13,12,15,14,Liga Portugal
Paulo Moreira,FC Famalicão,Portugal,19,CM,Right,176,26,67,,70,62,67,70,60,64,59,60,59,71,60,71,70,60,66,70,67,72,70,65,69,63,61,73,61,64,61,64,63,69,69,63,58,59,61,6,7,6,11,15,14,Liga Portugal
M. Jangéal,FC Famalicão,Francia,24,CAM,Right,180,18,62,,67,62,61,66,35,53,57,62,51,63,60,71,65,61,55,63,69,66,64,56,59,58,54,55,54,63,48,38,65,65,65,62,32,30,34,15,9,13,15,6,12,Liga Portugal
Sorriso,FC Famalicão,Brasil,7,"LW, LM",Left,175,25,71,,75,67,69,75,39,64,69,63,55,71,68,80,68,71,62,71,78,73,78,68,71,71,59,72,64,68,57,45,74,70,66,68,39,33,33,8,7,10,12,11,14,Liga Portugal
Ó. Aranda,FC Famalicão,España,11,"LW, ST",Left,181,24,70,,74,72,70,74,39,63,71,75,63,70,67,76,68,65,63,74,78,70,74,70,67,71,66,64,63,72,59,41,74,74,62,67,34,37,32,8,9,15,15,6,12,Liga Portugal
R. Beney,FC Famalicão,Suiza,18,"LW, ST",Left,187,21,64,,68,62,60,65,32,61,61,64,56,60,62,65,63,57,52,64,65,70,66,68,62,62,64,65,64,59,49,31,68,65,56,68,31,26,26,7,7,6,9,8,13,Liga Portugal
Gil Dias,FC Famalicão,Portugal,23,"RW, RM",Left,186,30,71,,78,69,68,74,39,67,72,69,58,69,61,73,70,67,59,75,81,76,76,74,67,69,68,69,70,72,55,43,70,71,69,73,37,34,34,14,14,10,7,10,13,Liga Portugal
Pedro Santos,FC Famalicão,Portugal,10,"RW, ST",Left,178,23,64,,72,62,64,66,33,57,66,61,54,65,60,64,69,60,57,67,73,71,76,62,65,63,56,66,57,63,47,35,67,64,58,66,36,26,23,7,12,8,11,14,13,Liga Portugal
G. Koutsias,FC Famalicão,Grecia,70,"ST, CF",Both,184,22,71,,71,74,61,68,36,71,54,79,70,70,74,66,65,61,57,70,72,71,67,74,66,71,72,65,77,65,64,34,76,53,72,69,28,37,31,12,6,9,7,7,9,Liga Portugal
Pato,FC Famalicão,México,33,ST,Left,180,22,71,,73,75,61,70,34,71,55,80,64,68,74,71,61,62,55,69,76,70,74,72,62,73,68,61,80,68,64,35,76,59,68,75,34,24,31,14,7,14,13,11,7,Liga Portugal
U. Abubakar,FC Famalicão,Nigeria,9,"ST, LW",Right,190,20,64,,71,67,53,62,32,65,55,73,70,55,59,62,56,52,44,64,71,71,55,63,56,65,68,60,69,58,60,26,74,53,65,62,30,25,28,10,11,8,10,10,7,Liga Portugal
O. Zych,Vitória Guimarães SC,Polonia,48,GK,Right,193,22,67,,40,25,37,35,25,51,20,18,23,42,21,25,21,22,42,37,41,39,39,72,49,46,51,50,56,24,42,36,17,47,24,48,22,22,25,69,64,64,66,70,45,Liga Portugal
J. Castillo,Vitória Guimarães SC,Colombia,22,GK,Right,191,23,63,,42,18,31,29,21,47,20,10,23,38,14,17,19,22,31,32,46,39,37,64,41,42,45,36,56,13,40,31,11,34,22,39,19,15,26,65,64,57,65,63,42,Liga Portugal
Lucas Furtado,Vitória Guimarães SC,Brasil,98,GK,Right,197,21,52,,25,15,20,20,11,36,10,10,10,24,10,10,11,11,19,23,22,28,26,49,30,32,45,22,45,10,28,15,10,28,15,31,10,10,10,54,55,45,51,54,30,Liga Portugal
T. Borevković,Vitória Guimarães SC,Croacia,21,"CB, CDM",Right,193,29,71,,68,52,59,58,76,74,55,45,78,66,47,57,54,52,61,58,63,72,54,69,58,71,76,68,76,53,77,71,46,51,48,66,76,79,71,10,14,6,15,6,12,Liga Portugal
Thiago Balieiro,Vitória Guimarães SC,Brasil,28,CB,Right,190,23,67,,61,49,56,56,70,68,55,46,75,61,40,51,46,51,54,59,62,61,51,62,60,61,77,64,69,47,69,71,41,51,45,71,66,71,69,12,7,14,12,13,10,Liga Portugal
Ó. Rivas,Vitória Guimarães SC,España,4,"CB, CDM",Both,193,26,67,,58,46,55,57,72,74,52,38,75,64,43,55,47,41,60,60,58,58,50,65,54,64,69,70,78,50,71,77,38,43,45,61,69,72,65,9,10,9,11,13,11,Liga Portugal
A. Sidibé,Vitória Guimarães SC,Francia,5,CB,Left,189,24,66,,60,44,56,53,70,72,54,39,75,62,44,51,47,50,63,51,63,58,56,67,54,52,68,63,75,49,76,65,41,47,41,63,65,76,67,14,13,12,10,11,9,Liga Portugal
Y. Mosquera,Vitória Guimarães SC,Colombia,15,CB,Left,190,21,59,,54,40,46,48,63,61,48,33,64,48,33,43,43,38,53,50,51,56,47,57,51,59,61,58,62,42,60,66,37,40,34,61,64,59,65,10,11,11,9,11,7,Liga Portugal
João Mendes,Vitória Guimarães SC,Portugal,13,LB,Left,179,26,69,,74,55,65,70,69,66,75,50,66,66,50,71,58,54,67,70,71,77,69,68,67,63,62,73,62,59,67,70,60,58,51,66,66,72,69,11,15,14,9,12,7,Liga Portugal
Francisco Dias,Vitória Guimarães SC,Portugal,82,LB,Left,178,23,58,,63,43,53,56,54,54,53,41,53,55,37,58,50,42,56,54,62,64,60,53,54,53,54,57,52,43,56,55,40,50,35,55,53,55,54,15,10,15,12,13,7,Liga Portugal
T. Strata,Vitória Guimarães SC,Rumania,23,"RB, LB",Right,177,22,69,Rumanía,75,55,63,67,67,68,69,56,60,67,49,68,60,53,62,65,74,76,76,62,69,59,66,74,67,51,66,68,55,56,52,65,66,69,69,6,12,6,8,10,7,Liga Portugal
Maga,Vitória Guimarães SC,Portugal,2,"RB, RM",Right,175,23,66,,71,52,61,64,63,62,71,51,59,62,50,65,59,53,59,63,69,72,67,66,65,56,63,69,58,48,64,64,54,53,51,58,59,65,67,9,14,13,9,11,13,Liga Portugal
L. Doucet,Vitória Guimarães SC,Burkina Faso,44,CDM,Right,180,24,66,Burkina Faso,61,55,62,66,67,67,55,51,65,67,53,70,57,59,63,64,61,61,61,66,63,65,62,70,68,54,64,67,55,62,57,68,66,69,65,13,6,10,8,10,6,Liga Portugal
Rica Rocha,Vitória Guimarães SC,Portugal,80,"CDM, CM",Both,182,23,56,,49,43,54,56,54,60,44,39,47,64,39,53,43,51,51,59,52,47,53,60,52,48,53,59,61,47,59,58,44,51,48,55,54,53,58,7,13,9,10,13,14,Liga Portugal
Gonçalo Nogueira,Vitória Guimarães SC,Portugal,8,"CM, CDM",Right,185,22,72,,67,66,73,75,65,72,69,62,62,72,63,77,67,68,78,74,66,68,74,73,70,70,72,72,74,67,69,71,74,78,67,71,65,62,62,7,15,12,15,11,11,Liga Portugal
B. Mukendi,Vitória Guimarães SC,Angola,16,CM,Right,180,24,69,,67,63,67,68,62,64,65,61,58,68,55,65,62,59,72,70,68,67,73,70,68,65,69,71,60,67,66,61,65,69,64,69,62,66,60,13,8,9,10,9,6,Liga Portugal
M. Mitrović,Vitória Guimarães SC,Serbia,6,CM,Right,182,21,65,,62,62,64,66,56,64,58,61,58,65,59,65,63,61,66,68,64,61,64,71,63,63,56,68,64,62,62,57,63,67,64,66,54,55,56,8,11,8,11,10,13,Liga Portugal
Marco Cruz,Vitória Guimarães SC,Portugal,14,CM,Left,181,22,59,,59,55,60,58,52,59,59,55,48,61,48,60,57,50,65,54,63,56,61,57,56,56,49,59,60,56,57,57,56,61,55,57,51,51,50,11,13,6,13,7,10,Liga Portugal
Santi Verdi,Vitória Guimarães SC,Portugal,56,"CM, CAM",Right,178,18,54,,55,48,56,54,50,51,54,45,43,56,44,51,53,46,62,58,56,55,52,54,59,55,46,54,51,48,49,47,49,58,49,52,53,52,44,12,8,10,10,10,7,Liga Portugal
Alan,Vitória Guimarães SC,Brasil,10,CAM,Right,165,26,71,,72,70,75,75,40,57,69,68,50,79,66,75,76,79,70,76,70,73,78,62,75,72,60,64,54,73,56,39,68,76,71,69,40,40,36,11,12,10,15,6,15,Liga Portugal
Samu,Vitória Guimarães SC,Portugal,20,CAM,Left,170,30,70,,68,71,71,73,45,58,69,70,57,75,65,72,67,66,66,72,71,65,76,76,76,71,56,64,57,73,52,46,71,74,69,69,45,43,40,14,11,14,15,14,15,Liga Portugal
O. Camara,Vitória Guimarães SC,Francia,7,LW,Left,185,19,69,,80,69,67,72,38,62,70,69,57,62,68,70,73,64,65,76,78,81,70,69,70,73,63,71,62,69,52,38,68,72,64,67,35,35,35,9,13,14,15,6,13,Liga Portugal
F. Blanco,Vitória Guimarães SC,España,27,"LW, ST",Left,173,22,63,,70,65,60,65,33,55,64,69,51,57,61,66,67,57,53,65,68,72,68,56,67,60,58,61,54,62,49,33,74,65,61,56,30,31,29,13,14,13,7,12,12,Liga Portugal
V. Andersson,Vitória Guimarães SC,Suecia,19,"LW, ST",Left,174,21,61,,69,60,61,63,30,53,64,60,46,61,56,66,61,52,54,58,75,64,71,58,58,62,50,64,49,60,50,34,64,64,56,65,27,28,20,11,9,12,15,8,7,Liga Portugal
Gustavo Silva,Vitória Guimarães SC,Brasil,11,"RW, ST",Right,180,27,70,,78,70,68,71,37,61,71,73,58,69,61,73,70,64,60,68,76,79,74,72,68,66,59,75,57,68,56,40,73,68,73,66,33,34,33,8,10,13,7,13,6,Liga Portugal
T. Arcanjo,Vitória Guimarães SC,Cabo Verde,18,RW,Left,180,25,73,Cabo Verde,79,67,71,76,42,66,75,64,62,70,70,77,74,67,65,76,79,79,80,75,75,71,64,71,67,68,60,46,75,74,67,68,41,36,35,8,7,11,9,7,8,Liga Portugal
Miguel Nogueira,Vitória Guimarães SC,Portugal,17,"RW, ST",Left,182,21,68,,72,66,67,72,36,61,67,66,55,68,65,75,65,64,59,69,75,70,74,72,74,68,58,70,60,67,52,39,67,72,62,69,32,32,34,7,11,11,9,10,9,Liga Portugal
A. Ndoye,Vitória Guimarães SC,Senegal,24,ST,Right,191,25,66,,68,68,56,64,34,71,61,72,70,58,65,64,62,53,53,67,70,67,60,62,60,66,67,64,79,61,61,28,69,48,68,67,36,28,26,15,9,6,10,13,7,Liga Portugal
A. Jakupovic,Vitória Guimarães SC,Austria,9,"ST, LW",Left,188,28,65,,67,67,57,60,32,63,51,72,69,65,66,61,61,56,53,60,64,70,52,66,56,68,66,57,68,58,57,30,64,51,66,66,30,25,25,15,11,12,12,11,12,Liga Portugal
P. Ouotro,Vitória Guimarães SC,Costa de Marfil,29,ST,Right,182,21,58,,60,60,47,57,28,59,43,60,64,54,60,55,48,49,34,59,57,63,58,55,53,63,59,52,65,55,52,25,61,47,61,60,26,23,16,13,15,7,11,14,14,Liga Portugal
N. Raveyre,FC Alverca,Francia,1,GK,Right,195,21,66,,43,25,34,33,24,51,18,18,24,40,17,21,21,27,37,34,47,39,43,60,46,49,55,40,60,23,41,31,19,41,22,53,21,23,17,67,64,60,70,70,41,Liga Portugal
Matheus Mendes,FC Alverca,Brasil,31,GK,Right,193,27,64,,41,22,31,31,23,47,14,13,25,40,14,20,14,16,41,34,40,42,39,56,44,44,50,38,55,21,38,28,13,34,27,45,21,22,16,67,61,56,67,62,43,Liga Portugal
Mateus,FC Alverca,Brasil,31,GK,Right,199,24,57,,32,16,24,24,16,42,13,10,20,27,10,10,14,10,25,30,35,30,30,54,37,39,43,36,47,10,39,25,11,33,13,41,15,10,10,61,56,51,58,58,35,Liga Portugal
Jhonatan,FC Alverca,Brasil,91,GK,Right,190,35,62,,34,20,33,30,20,42,20,14,21,41,10,18,16,14,35,32,30,38,42,64,44,39,51,39,45,18,38,27,15,41,21,42,17,18,18,67,63,57,60,65,41,Liga Portugal
B. Meupiyou,FC Alverca,Francia,33,"CB, CDM",Left,191,20,70,,69,48,57,59,72,77,54,41,80,58,47,58,55,47,60,58,70,68,60,59,58,66,76,72,81,49,74,75,45,57,48,69,71,71,66,13,6,8,13,12,6,Liga Portugal
Y. Bojang,FC Alverca,Gambia,4,"CB, CDM",Right,192,22,67,,60,48,52,57,72,70,50,42,74,54,42,53,40,48,58,58,60,60,56,68,58,64,69,66,71,47,75,73,44,49,47,66,68,73,73,10,7,14,14,11,7,Liga Portugal
S. Baseya,FC Alverca,Francia,14,"CB, CDM",Right,190,21,61,,57,40,50,51,65,66,47,36,64,57,30,48,41,42,52,54,59,56,48,63,49,59,68,54,72,33,68,67,37,42,40,59,61,67,65,13,15,13,11,8,9,Liga Portugal
J. Martínez,FC Alverca,Honduras,3,CB,Left,185,22,61,,55,42,50,51,65,64,44,37,66,55,35,49,42,43,56,51,57,53,51,54,52,58,65,60,66,39,63,60,40,44,39,60,67,66,61,12,6,11,13,12,9,Liga Portugal
S. Gómez,FC Alverca,España,21,CB,Right,185,34,63,,54,41,49,52,65,66,45,36,67,52,35,49,44,45,57,52,48,59,45,66,52,56,67,60,69,38,65,68,34,44,42,66,60,66,65,9,11,13,12,14,7,Liga Portugal
M. Jemide,FC Alverca,Inglaterra,24,CB,Right,187,19,61,,56,44,49,53,63,64,46,39,63,61,32,52,38,41,50,55,58,55,44,56,49,61,64,64,64,43,62,62,35,35,36,57,63,65,60,15,10,14,15,6,15,Liga Portugal
Chissumba,FC Alverca,Portugal,55,LB,Left,180,21,69,,73,56,65,69,67,69,68,53,59,71,52,65,64,52,62,73,73,73,74,71,69,64,66,80,64,57,67,72,56,57,49,63,63,69,67,8,13,8,9,11,12,Liga Portugal
I. James,FC Alverca,Nigeria,12,"LB, RB",Left,175,22,65,Nigeria,70,51,62,63,65,66,65,48,58,62,50,62,54,52,66,63,66,74,66,64,67,60,63,74,63,51,65,64,51,59,47,58,69,64,62,12,15,9,10,8,11,Liga Portugal
Diogo Spencer,FC Alverca,Portugal,20,"RB, RM",Right,178,22,66,,72,49,62,64,63,65,68,43,52,64,51,62,55,54,63,66,71,72,67,62,70,61,56,74,61,50,68,68,51,55,55,65,68,59,65,7,6,14,15,11,7,Liga Portugal
T. Tamarit,FC Alverca,España,27,RB,Right,187,20,59,,64,42,56,57,58,57,58,36,57,60,41,59,56,43,55,55,61,67,56,59,54,52,56,58,58,42,55,52,46,49,43,52,63,56,63,9,11,11,10,8,11,Liga Portugal
Vasco Moreira,FC Alverca,Portugal,8,"CDM, CB",Right,180,25,65,,61,53,59,61,65,66,52,46,59,63,41,58,56,57,63,64,60,62,59,67,61,65,64,62,68,59,69,67,51,57,57,68,63,68,64,11,15,15,7,12,15,Liga Portugal
Ian Luccas,FC Alverca,Brasil,25,CDM,Right,188,23,65,,59,57,63,62,63,67,58,53,63,66,47,64,56,62,65,65,59,59,53,59,53,68,69,68,68,56,64,69,59,62,55,64,62,57,70,10,15,15,12,15,14,Liga Portugal
Rayan Lucas,FC Alverca,Brasil,35,CDM,Right,185,21,63,,56,53,60,61,64,68,54,49,59,63,50,58,50,53,70,65,54,57,54,65,60,60,66,68,70,59,66,64,44,59,50,63,68,65,58,12,6,6,9,10,13,Liga Portugal
S. Abdulai,FC Alverca,Ghana,5,CDM,Right,187,27,63,,55,51,60,59,67,66,62,46,63,64,52,64,53,51,62,54,53,57,55,60,59,58,65,64,68,56,66,69,52,54,53,63,63,69,69,6,8,13,6,14,9,Liga Portugal
D. Gui,FC Alverca,Costa de Marfil,6,"CM, CDM",Right,185,20,61,,59,57,64,64,52,60,56,55,57,68,49,65,63,60,65,67,59,59,56,58,59,57,56,70,57,63,55,49,61,64,60,61,53,51,56,13,6,7,9,6,7,Liga Portugal
Zé Rafael,FC Alverca,Brasil,93,"CM, CAM",Right,175,33,70,,62,64,73,71,62,68,73,55,57,74,59,67,63,60,71,76,63,62,72,72,73,72,63,70,66,77,70,67,63,77,65,70,62,63,58,12,9,13,9,7,8,Liga Portugal
Z. Kassary,FC Alverca,Marruecos,18,CM,Right,178,20,51,,52,47,51,50,42,50,46,43,42,52,43,50,48,45,54,50,50,54,50,50,45,51,44,55,49,52,46,43,47,52,47,54,44,43,36,15,14,6,10,14,12,Liga Portugal
Tiago Octávio,FC Alverca,Portugal,90,CM,Right,172,22,62,,59,60,61,65,54,58,53,61,53,64,49,66,58,59,61,65,59,59,62,61,71,60,50,63,53,60,65,55,55,65,58,62,54,55,48,10,8,14,6,7,12,Liga Portugal
N. Touaizi,FC Alverca,Marruecos,2,RM,Right,183,25,67,,68,62,69,68,48,66,72,64,62,70,62,68,64,64,67,70,72,65,67,63,74,57,68,72,65,60,61,46,65,68,62,63,47,46,43,7,7,14,10,6,9,Liga Portugal
I. Julian,FC Alverca,Bélgica,15,LM,Left,181,21,61,,62,55,58,63,42,55,64,52,53,56,48,68,59,56,60,60,61,63,65,58,54,60,54,60,56,57,47,43,60,55,56,54,40,40,38,11,13,6,14,13,12,Liga Portugal
L. Giuntini,FC Alverca,Italia,81,"CAM, CM",Right,166,20,61,,64,59,59,63,35,53,54,56,40,62,55,62,61,53,56,63,67,61,68,62,69,64,44,58,51,62,53,42,64,63,57,54,30,36,30,8,11,15,7,15,6,Liga Portugal
Chiquinho,FC Alverca,Portugal,10,LW,Left,179,26,71,,76,70,66,73,38,63,70,73,59,65,68,74,69,68,62,71,78,75,80,67,75,67,64,69,62,68,57,37,74,66,67,69,34,36,34,6,11,15,15,9,9,Liga Portugal
Figueiredo,FC Alverca,Brasil,22,"LW, ST",Left,178,25,72,,78,68,70,73,40,66,72,65,61,73,62,74,71,63,64,74,77,79,72,71,73,72,65,68,67,72,59,44,77,70,66,67,36,38,33,15,15,6,8,10,6,Liga Portugal
A. Vidigal,FC Alverca,Angola,7,LW,Left,176,28,66,,74,64,65,70,37,59,67,65,55,65,63,69,66,55,60,73,70,77,70,64,66,65,58,71,55,63,52,37,65,70,62,65,36,34,27,9,8,10,9,8,6,Liga Portugal
C. Nuozzi,FC Alverca,Bélgica,11,"LW, ST",Left,177,20,59,,68,58,56,64,29,52,64,59,48,56,57,63,61,46,50,69,67,68,64,57,62,60,49,60,49,54,48,27,60,55,56,55,29,24,26,10,11,6,10,6,9,Liga Portugal
Rodrigo Catraio,FC Alverca,Portugal,87,"RW, RM",Right,173,21,63,,68,61,59,66,32,51,65,61,51,57,59,64,64,56,59,69,68,68,66,60,68,63,52,62,49,57,44,37,63,57,60,60,32,27,22,10,10,13,7,8,8,Liga Portugal
Matheus França,FC Alverca,Brasil,26,CAM,Right,184,22,71,,71,71,73,76,43,64,70,70,52,75,70,78,72,71,71,75,78,66,73,72,74,72,65,67,65,70,59,42,75,74,71,73,40,43,44,13,11,10,7,12,12,Liga Portugal
Vivaldo Semedo,FC Alverca,Portugal,9,ST,Left,194,21,66,,64,67,57,65,31,69,53,72,70,61,68,66,55,65,51,66,59,68,56,66,58,61,67,67,75,60,59,30,72,55,64,69,27,23,26,11,9,9,14,11,10,Liga Portugal
D. Camara,FC Alverca,Mauritania,19,ST,Right,188,23,67,,69,65,58,65,35,69,58,66,69,59,61,65,60,57,53,67,71,67,65,68,56,65,75,66,74,63,60,32,68,62,64,64,31,29,34,15,11,6,10,6,6,Liga Portugal
S. Jr. Merheg,FC Alverca,Líbano,17,"ST, LW",Right,186,19,60,,58,61,49,59,28,58,47,66,62,53,59,59,54,56,40,62,53,62,58,57,51,58,66,52,63,56,53,21,59,47,57,56,28,24,22,13,12,15,7,11,12,Liga Portugal
Léo Linck,CF Estrela Amadora,Brasil,24,GK,Right,194,25,68,,44,24,35,33,27,49,22,15,32,42,22,20,22,19,38,36,46,43,41,66,47,51,56,46,52,20,43,38,19,43,21,53,23,24,25,67,67,63,68,70,42,Liga Portugal
Diogo Pinto,CF Estrela Amadora,Portugal,51,GK,Right,192,22,59,,38,17,26,26,17,40,15,10,19,29,10,13,14,17,32,28,33,42,39,54,41,40,47,31,46,12,34,24,11,35,18,39,16,14,14,63,58,56,59,61,35,Liga Portugal
David Grilo,CF Estrela Amadora,Portugal,22,GK,Right,184,30,60,,37,19,27,27,19,43,15,10,20,33,18,14,15,13,34,31,36,38,33,60,37,40,46,31,53,19,32,30,11,29,22,39,21,11,15,60,57,55,60,58,39,Liga Portugal
S. Lekovic,CF Estrela Amadora,Serbia,5,CB,Right,192,22,69,,66,49,58,59,72,70,58,42,75,64,46,55,52,46,60,62,67,66,54,67,57,61,79,61,73,53,70,75,46,48,48,72,69,72,71,13,12,12,6,9,7,Liga Portugal
Luan Patrick,CF Estrela Amadora,Brasil,30,CB,Right,190,24,68,,65,46,54,57,74,70,47,41,68,60,43,53,44,45,58,61,62,68,51,64,59,60,72,63,71,47,78,71,39,50,48,66,78,75,74,13,9,14,13,6,14,Liga Portugal
Bernardo Schappo,CF Estrela Amadora,Brasil,4,"CB, RB",Left,191,27,66,,57,45,53,55,71,68,47,38,69,61,44,52,44,44,58,58,56,57,52,62,52,62,74,63,70,46,69,72,41,45,46,64,71,72,70,15,8,6,9,12,13,Liga Portugal
A. Chernev,CF Estrela Amadora,Bulgaria,79,"CB, CDM",Right,195,24,62,,56,41,50,53,66,68,43,34,67,58,39,48,41,44,56,57,52,60,53,63,47,56,69,61,71,43,67,67,33,41,42,58,65,65,67,10,10,9,12,12,8,Liga Portugal
Rafa Soares,CF Estrela Amadora,Portugal,55,LB,Left,177,31,68,,74,54,61,65,64,66,67,51,59,62,49,59,60,54,61,69,75,74,70,66,69,61,65,70,63,55,71,65,56,54,53,65,65,65,64,12,6,12,11,10,11,Liga Portugal
L. Mincarelli,CF Estrela Amadora,Francia,3,LB,Left,180,22,63,,68,48,58,60,61,63,60,42,56,63,47,58,55,44,58,62,64,71,62,63,65,58,62,68,61,49,62,63,54,49,47,60,61,60,68,8,13,14,14,11,12,Liga Portugal
M. Scholze,CF Estrela Amadora,Alemania,21,"RB, RM",Right,184,21,67,,76,52,61,67,65,64,62,50,65,64,53,66,58,50,63,69,79,73,67,66,62,56,68,70,61,53,65,64,57,56,48,65,64,66,63,6,6,13,11,11,11,Liga Portugal
J. Encada,CF Estrela Amadora,Guinea-Bissau,17,"RB, LB",Right,188,28,65,,72,50,62,65,62,64,71,45,57,63,46,65,56,44,62,65,72,72,70,68,61,56,63,64,64,55,63,64,51,55,51,60,59,66,58,15,14,14,9,12,9,Liga Portugal
E. Doué,CF Estrela Amadora,Costa de Marfil,39,CDM,Right,180,20,68,Costa de Marfil,64,57,68,63,69,69,64,53,66,71,51,58,60,56,72,66,60,68,67,65,63,64,65,71,70,61,66,66,57,68,60,68,75,67,70,14,6,13,10,8,7,Liga Portugal
Santiago Serra,CF Estrela Amadora,Portugal,78,CDM,Left,185,19,65,,60,56,63,62,67,70,60,53,60,69,49,63,54,54,65,60,58,62,61,64,59,61,62,69,70,59,72,71,60,57,53,65,71,63,68,12,11,10,13,10,9,Liga Portugal
K. Höög Jansson,CF Estrela Amadora,Suecia,6,"CDM, CB",Left,190,26,61,,54,51,58,56,61,68,53,45,63,62,43,56,57,54,62,57,49,58,51,64,46,56,66,66,69,59,66,58,57,54,55,62,62,61,61,13,12,8,13,11,11,Liga Portugal
V. Pavicevic,CF Estrela Amadora,Montenegro,18,CDM,Right,190,18,60,,54,51,57,55,61,64,53,48,60,62,43,51,51,49,61,61,56,52,51,58,51,60,61,63,63,52,71,63,54,55,50,54,58,64,60,10,11,8,7,8,10,Liga Portugal
J. Jordán,CF Estrela Amadora,España,19,"CM, CAM",Right,185,32,69,,64,63,69,68,59,66,63,58,57,75,64,68,68,61,68,68,65,63,65,73,61,70,59,72,64,66,63,59,65,69,62,71,59,58,60,8,8,10,11,11,13,Liga Portugal
Robinho,CF Estrela Amadora,Brasil,8,"CM, CDM",Right,180,24,65,,66,59,64,65,57,69,60,55,62,67,60,66,65,62,64,64,64,67,66,65,63,63,55,73,71,65,62,62,59,65,56,66,57,54,54,11,11,10,14,9,15,Liga Portugal
T. Moustier,CF Estrela Amadora,Francia,28,"CM, CAM",Right,185,24,63,,62,56,65,65,56,62,61,54,65,70,52,64,53,58,65,68,59,65,62,68,63,61,56,67,63,59,53,56,56,67,55,65,58,55,48,15,8,13,12,13,11,Liga Portugal
L. Zvonarek,CF Estrela Amadora,Croacia,14,"CAM, CM",Right,180,21,64,,66,59,64,69,37,58,60,56,53,68,58,69,64,65,57,70,67,65,67,65,70,61,50,61,57,61,57,38,64,65,59,67,40,31,32,10,14,10,12,9,7,Liga Portugal
E. Vanga,CF Estrela Amadora,Francia,71,"CAM, CM",Right,178,20,53,,59,54,56,59,25,44,55,54,39,57,50,56,55,49,51,65,57,60,53,54,58,57,44,52,41,54,42,25,55,60,51,52,24,21,23,9,7,12,13,13,9,Liga Portugal
I. Stoica,CF Estrela Amadora,Rumania,10,"LW, ST",Left,180,23,71,,80,68,69,72,44,64,78,66,60,70,66,67,67,64,65,77,81,79,73,73,78,71,65,71,62,68,61,43,75,62,64,73,41,41,43,10,6,11,7,15,11,Liga Portugal
Bénito,CF Estrela Amadora,Francia,92,"LW, ST",Both,191,23,62,,67,58,60,63,32,57,61,60,52,63,55,67,64,57,53,59,65,68,65,66,57,56,61,58,58,57,51,31,61,59,57,55,30,31,25,7,7,9,15,9,7,Liga Portugal
R. Dudok,CF Estrela Amadora,Uruguay,11,LW,Left,175,19,51,,57,49,48,56,21,42,50,49,37,51,44,60,53,47,44,53,52,61,56,49,57,49,46,48,41,49,36,22,54,44,51,47,17,18,21,15,9,11,12,8,15,Liga Portugal
Alisson Souza,CF Estrela Amadora,Brasil,80,"LW, LM",Left,176,21,53,,60,51,49,58,22,45,48,51,37,51,49,61,50,48,48,57,60,60,59,57,59,50,42,50,45,51,40,25,65,48,49,47,22,17,13,7,13,9,12,12,6,Liga Portugal
A. Marcus,CF Estrela Amadora,Nigeria,99,"RW, RM",Left,178,26,70,,79,68,69,72,42,61,71,69,58,72,68,74,69,64,64,69,85,74,73,72,74,71,62,67,61,64,51,36,68,66,67,68,43,43,31,8,7,13,7,6,13,Liga Portugal
S. Yang,CF Estrela Amadora,Corea del Sur,41,RW,Right,185,20,50,,59,49,47,52,21,42,49,48,42,49,46,56,54,44,42,47,62,57,58,45,50,50,43,46,45,51,30,23,52,45,48,44,17,20,12,13,15,8,9,15,15,Liga Portugal
J. Arévalo,CF Estrela Amadora,Ecuador,29,"ST, LW",Left,182,21,73,,73,74,64,71,40,72,62,74,76,70,77,68,70,63,59,74,77,69,70,69,71,74,80,70,75,72,65,34,76,57,71,74,37,38,31,9,11,7,9,12,10,Liga Portugal
L. Antonetti,CF Estrela Amadora,Puerto Rico,37,ST,Left,189,23,70,,75,69,61,67,40,68,59,69,69,65,66,65,62,52,56,68,71,78,62,71,68,71,70,65,73,66,58,35,72,61,75,75,42,32,37,15,15,12,7,7,7,Liga Portugal
R. Mitongo,CF Estrela Amadora,Bélgica,49,"ST, CF",Right,187,18,61,,64,64,49,61,28,62,47,68,62,53,66,64,55,49,46,60,61,66,54,56,58,60,65,59,64,57,59,26,65,46,60,58,27,20,24,6,9,14,13,6,11,Liga Portugal
Henrique Poniewas,CF Estrela Amadora,Brasil,72,ST,Right,193,20,62,,65,68,52,60,28,64,53,69,66,54,63,63,50,53,45,59,63,66,59,53,58,69,67,61,70,65,54,20,69,54,65,63,27,23,28,12,15,15,11,6,13,Liga Portugal
M. Turk,GD Estoril Praia,Eslovenia,16,GK,Left,190,23,63,,39,21,34,32,21,45,21,14,23,40,12,23,15,19,38,33,41,38,37,60,43,39,48,39,50,21,40,25,10,41,25,42,19,20,21,64,63,55,66,66,44,Liga Portugal
J. Robles,GD Estoril Praia,España,1,GK,Right,194,36,64,,32,24,32,30,22,45,18,18,21,41,11,19,23,15,30,33,34,31,35,62,43,44,51,37,50,21,39,28,19,37,22,43,19,22,20,63,64,60,65,66,43,Liga Portugal
Diogo Dias,GD Estoril Praia,Portugal,23,GK,Right,188,23,60,,34,18,27,28,17,43,17,11,23,32,11,18,13,16,33,30,33,35,31,58,40,44,46,39,50,13,30,26,10,31,20,41,11,15,17,62,61,57,61,65,39,Liga Portugal
S. Andreou,GD Estoril Praia,Chipre,25,"CB, CDM",Right,187,24,68,,64,51,56,56,71,70,46,47,76,67,39,50,47,47,59,60,62,65,55,65,56,66,69,70,69,48,73,73,52,49,47,63,67,73,70,11,12,11,7,10,6,Liga Portugal
Ferro,GD Estoril Praia,Portugal,4,CB,Right,191,29,67,,64,43,53,56,68,72,49,39,72,58,42,56,52,47,61,55,65,64,52,56,55,56,73,63,76,40,71,65,41,45,50,63,67,68,70,9,6,15,6,11,14,Liga Portugal
I. Sierra,GD Estoril Praia,España,15,CB,Right,192,23,65,,60,45,56,56,70,65,50,40,65,65,45,54,47,48,59,58,63,57,51,58,54,57,69,60,67,43,66,66,47,46,42,62,70,72,73,7,7,7,6,9,13,Liga Portugal
X. Sintes,GD Estoril Praia,España,6,CB,Right,190,25,63,,64,43,50,53,66,65,44,36,62,61,43,55,43,38,50,49,63,65,50,60,53,62,66,52,71,42,64,67,37,41,42,59,64,67,66,12,11,7,9,12,6,Liga Portugal
Jordan Arnolin,GD Estoril Praia,Portugal,42,"CB, RB",Right,183,18,55,,44,32,43,45,60,55,38,29,60,50,31,40,37,33,50,48,42,46,41,53,46,44,61,48,58,27,56,59,22,33,40,59,59,62,55,13,8,12,9,9,15,Liga Portugal
S. Amissah,GD Estoril Praia,Inglaterra,35,CB,Both,184,19,61,,61,42,51,48,69,61,50,36,63,60,40,47,42,38,52,47,58,63,50,58,53,61,69,58,61,41,61,67,33,39,38,50,70,71,68,10,6,7,12,8,15,Liga Portugal
R. Jurisic,GD Estoril Praia,Croacia,21,"LB, RB",Left,173,25,64,,69,52,59,59,62,62,61,49,54,61,44,54,56,55,60,63,68,70,63,62,67,58,59,66,62,52,58,64,53,56,52,53,59,64,66,9,12,14,11,11,8,Liga Portugal
F. Medrano,GD Estoril Praia,España,3,LB,Left,172,26,61,,67,50,57,61,58,56,64,47,49,55,41,60,50,53,61,62,65,68,65,58,64,59,57,66,51,53,55,60,51,51,45,53,56,61,56,11,14,12,7,9,11,Liga Portugal
Tiago Parente,GD Estoril Praia,Portugal,19,"LB, RB",Left,178,22,61,,61,46,59,56,59,60,64,42,56,61,38,53,55,52,60,56,65,58,58,61,66,56,55,66,57,48,63,61,47,51,40,53,57,59,61,12,6,12,7,14,13,Liga Portugal
R. Sánchez,GD Estoril Praia,España,2,"RB, RM",Right,175,26,69,,74,56,66,65,66,68,66,54,59,71,51,59,62,50,64,68,73,74,71,67,71,66,65,76,63,51,72,64,58,63,58,70,68,68,70,13,8,11,8,6,12,Liga Portugal
Pedro Carvalho,GD Estoril Praia,Portugal,22,RB,Right,169,23,61,,68,49,58,59,59,59,62,45,45,59,46,58,52,54,57,59,66,70,64,59,66,54,53,72,52,53,60,62,50,53,45,59,58,63,60,15,15,12,14,7,10,Liga Portugal
J. Holsgrove,GD Estoril Praia,Escocia,10,CDM,Left,180,27,71,,64,65,69,65,73,70,64,62,69,74,60,62,65,64,74,68,61,66,61,70,65,64,66,73,69,75,72,75,63,64,57,75,75,73,68,12,11,14,11,13,10,Liga Portugal
A. Tsoungui,GD Estoril Praia,Bélgica,5,"CDM, CB",Right,185,23,67,,59,56,64,65,67,74,62,49,64,69,50,65,54,56,66,68,62,57,59,67,59,67,67,73,75,60,72,69,58,60,57,62,66,71,60,9,8,11,14,11,12,Liga Portugal
Tiago Brito,GD Estoril Praia,Portugal,90,"CDM, CB",Right,190,22,60,,53,52,55,55,62,62,51,50,66,59,40,53,46,50,56,56,56,51,55,57,54,59,61,58,66,52,58,64,56,57,52,58,58,64,57,9,11,14,8,13,8,Liga Portugal
M. Robin,GD Estoril Praia,Francia,44,"CM, CAM",Right,186,26,68,,64,63,70,67,61,70,69,60,61,73,56,64,65,63,67,71,68,60,64,67,65,66,59,72,72,66,66,63,64,71,65,68,60,61,60,9,7,10,6,10,9,Liga Portugal
Xeka,GD Estoril Praia,Portugal,8,"CM, CAM",Both,185,31,67,,65,59,70,70,60,65,69,53,61,71,58,69,64,66,71,73,68,63,68,68,60,66,58,69,65,66,63,64,67,71,59,66,56,61,57,8,15,10,10,14,9,Liga Portugal
João Carvalho,GD Estoril Praia,Portugal,12,"CAM, CM",Right,172,29,75,,77,72,78,78,49,64,76,69,60,81,72,79,80,71,75,77,76,78,83,73,75,70,62,74,60,77,63,53,75,79,74,76,51,44,42,10,13,8,14,7,15,Liga Portugal
Luís Gomes,GD Estoril Praia,Portugal,80,"CAM, CM",Right,172,22,63,,62,64,66,67,36,54,69,63,49,67,61,70,65,65,59,65,61,63,68,62,68,68,46,63,50,66,54,40,65,65,58,67,32,33,31,15,11,8,6,8,8,Liga Portugal
N. Omerovic,GD Estoril Praia,Bosnia y Herzegovina,11,"LW, ST",Left,174,23,68,Bosnia-Herzegovina,75,66,66,70,36,59,69,66,52,66,60,73,66,59,60,65,76,75,76,68,74,64,62,69,57,69,49,43,66,67,65,68,32,33,30,6,9,10,7,14,12,Liga Portugal
André Lacximicant,GD Estoril Praia,Portugal,7,LW,Left,188,25,64,,68,60,61,68,36,58,62,58,53,64,63,72,63,49,51,65,66,69,72,55,64,63,57,64,57,59,53,36,67,64,54,64,31,38,25,13,14,10,9,13,15,Liga Portugal
R. Guitane,GD Estoril Praia,Argelia,99,"RW, ST",Left,170,27,70,,79,66,70,69,38,62,75,63,50,72,66,69,67,64,65,66,77,80,70,74,80,68,57,72,59,68,56,42,73,66,62,69,36,36,35,11,15,11,10,13,7,Liga Portugal
A. Camblan,GD Estoril Praia,Francia,9,RW,Right,174,23,65,,73,64,62,69,35,59,67,66,48,62,66,70,66,59,61,69,75,71,73,64,72,64,56,69,57,60,54,36,63,60,58,58,36,32,30,8,8,11,13,14,6,Liga Portugal
F. Garcia,GD Estoril Praia,Cabo Verde,98,"RW, RM",Left,172,25,62,,66,59,58,65,31,54,63,62,49,56,63,68,61,55,51,64,65,66,64,60,66,58,48,59,54,53,49,36,61,62,54,60,26,28,24,12,13,10,12,9,15,Liga Portugal
Peixinho,GD Estoril Praia,Portugal,17,RW,Left,185,22,57,,63,54,53,61,27,49,61,52,45,49,51,65,55,53,46,58,65,62,60,61,55,54,47,54,47,60,48,27,61,55,54,61,25,25,25,14,10,6,10,9,13,Liga Portugal
Y. Begraoui,GD Estoril Praia,Marruecos,14,ST,Both,179,25,78,,79,80,67,77,46,75,62,84,78,71,79,78,71,69,61,78,79,79,75,76,75,77,76,74,77,73,73,42,82,68,77,78,47,40,38,10,15,10,14,11,10,Liga Portugal
I. Salazar,GD Estoril Praia,España,38,ST,Right,178,23,56,,59,55,46,56,21,53,37,56,55,52,56,55,51,48,41,56,55,63,58,57,55,56,56,53,56,49,47,21,61,46,57,60,16,14,19,9,15,6,8,7,13,Liga Portugal
C. Miszta,Rio Ave FC,Polonia,1,GK,Right,193,24,73,,49,31,42,41,31,54,30,26,38,49,16,31,27,30,44,43,47,50,47,64,53,53,59,44,61,24,47,39,22,47,33,58,25,31,26,76,71,64,75,79,51,Liga Portugal
Vítor Hugo,Rio Ave FC,Brasil,32,GK,Right,195,25,64,,41,23,33,33,19,48,17,16,26,38,10,23,22,15,36,38,42,40,36,56,45,44,55,38,59,19,33,25,20,43,25,43,17,16,15,69,61,53,67,65,46,Liga Portugal
E. van der Gouw,Rio Ave FC,Países Bajos,99,GK,Right,195,26,63,,38,19,34,29,24,46,20,10,22,39,18,16,25,15,38,31,40,37,39,61,41,44,49,40,51,16,39,30,12,44,21,48,27,21,19,63,62,62,64,64,39,Liga Portugal
K. Chamorro,Rio Ave FC,Costa Rica,22,GK,Left,187,26,60,,36,18,28,25,16,48,20,10,16,34,10,13,15,14,31,29,38,35,37,51,40,38,48,35,58,19,41,23,11,32,19,34,14,13,18,67,56,53,60,65,37,Liga Portugal
A. Sina,Rio Ave FC,Albania,15,GK,Left,186,22,56,,31,16,25,22,13,39,10,10,17,33,10,11,12,13,25,24,31,31,26,51,42,37,43,27,46,10,34,21,10,33,17,30,11,10,10,60,59,50,57,60,33,Liga Portugal
A. Ntoi,Rio Ave FC,Grecia,5,"CB, CDM",Right,190,23,71,Grecia,68,51,60,60,75,77,59,48,74,67,44,57,49,48,60,63,69,68,57,66,58,64,73,65,85,48,73,76,47,54,50,70,77,74,74,14,8,7,9,13,11,Liga Portugal
S. García,Rio Ave FC,Colombia,3,"CB, CDM",Right,190,21,65,,61,45,53,54,71,69,52,40,76,59,45,48,43,47,54,57,57,64,54,67,54,58,66,57,76,47,67,74,38,46,41,66,67,73,70,10,9,14,6,12,11,Liga Portugal
N. Abbey,Rio Ave FC,Inglaterra,6,"CB, CDM",Left,187,23,65,,62,45,54,54,69,68,54,39,70,61,40,50,45,47,55,58,65,60,45,65,53,62,66,63,70,45,68,71,40,43,49,64,65,68,78,9,11,7,8,10,7,Liga Portugal
F. Petrasso,Rio Ave FC,Argentina,23,"CB, RB",Right,191,24,67,,63,46,55,57,69,73,53,40,72,62,42,52,44,46,59,59,60,65,59,65,59,61,71,68,78,46,65,68,48,45,46,71,70,66,70,10,11,11,8,11,13,Liga Portugal
Gustavo Mancha,Rio Ave FC,Brasil,39,CB,Left,190,22,64,,62,46,52,52,67,67,53,44,72,57,38,46,45,43,51,55,61,62,54,59,50,58,71,58,73,45,63,70,39,48,37,62,70,62,66,15,9,7,15,14,12,Liga Portugal
J. Lomboto,Rio Ave FC,Francia,13,"CB, CDM",Right,192,24,60,,53,38,49,49,61,63,46,29,69,56,35,41,40,41,55,54,52,53,46,61,51,54,62,58,66,42,60,60,33,41,42,62,61,57,63,8,14,14,13,14,12,Liga Portugal
J. Brabec,Rio Ave FC,República Checa,14,"CB, CDM",Right,186,34,63,,53,44,50,52,66,69,51,39,62,57,42,51,43,38,49,49,50,56,53,62,53,59,65,63,72,42,71,63,41,42,36,67,71,66,63,6,7,11,11,7,7,Liga Portugal
Caike,Rio Ave FC,Brasil,60,"CB, CDM",Left,187,21,55,,50,34,42,44,58,57,42,28,55,48,34,43,32,33,47,43,47,53,42,54,42,52,59,53,59,30,56,58,26,33,34,52,55,59,62,10,13,11,8,11,10,Liga Portugal
Pedro Amaral,Rio Ave FC,Portugal,24,LB,Left,178,29,68,,73,55,64,62,67,68,68,51,60,66,53,58,59,53,68,62,70,76,66,70,71,65,63,74,67,54,62,67,62,58,53,63,68,69,69,8,11,15,8,10,9,Liga Portugal
M. Vrousai,Rio Ave FC,Grecia,17,"RB, RM",Right,183,28,71,,73,55,66,70,69,70,68,52,65,67,53,72,59,64,68,67,76,71,74,69,71,62,70,79,67,55,68,68,59,63,55,64,69,71,70,7,14,15,15,15,12,Liga Portugal
Zé Carlos,Rio Ave FC,Portugal,2,RB,Right,178,28,67,,75,49,61,62,66,66,66,48,57,62,47,64,61,56,63,57,79,72,68,65,66,55,63,74,66,46,58,68,51,55,54,63,65,69,64,12,14,9,10,8,6,Liga Portugal
João Tomé,Rio Ave FC,Portugal,20,RB,Right,185,23,63,,65,51,58,57,60,65,63,47,58,60,45,53,54,44,55,60,64,66,61,61,66,57,64,67,66,55,58,56,52,54,49,55,60,60,65,7,14,12,9,15,12,Liga Portugal
T. Nikitscher,Rio Ave FC,Hungría,44,"CDM, CM",Right,193,26,65,,59,58,60,59,65,73,55,58,71,64,45,57,56,55,63,62,55,63,54,67,57,65,72,73,74,57,72,70,56,60,55,67,66,61,61,6,10,12,14,7,13,Liga Portugal
G. Liavas,Rio Ave FC,Grecia,54,CDM,Both,181,25,64,,58,56,63,60,65,67,57,51,59,69,48,54,53,57,65,65,57,58,61,64,56,64,64,66,69,60,66,64,58,60,56,68,68,66,62,14,9,10,8,6,10,Liga Portugal
Diogo Nascimento,Rio Ave FC,Portugal,90,CM,Right,166,23,71,,63,67,70,71,64,68,70,66,63,72,64,70,66,64,66,72,69,58,71,73,70,67,60,75,64,69,69,59,73,71,64,73,67,64,68,10,7,14,11,11,10,Liga Portugal
B. Aguilera,Rio Ave FC,Costa Rica,10,CM,Left,179,23,68,,69,60,70,72,58,63,67,56,57,73,55,72,60,59,72,76,68,69,67,66,66,67,61,69,60,61,62,61,67,72,55,67,60,55,60,14,15,10,12,9,11,Liga Portugal
Ryan Guilherme,Rio Ave FC,Brasil,8,CM,Right,188,23,63,,61,56,63,63,56,65,53,53,56,67,55,60,61,55,66,67,59,63,60,64,62,57,63,64,67,61,64,61,60,67,61,61,56,55,49,8,14,9,11,15,9,Liga Portugal
A. Wenck,Rio Ave FC,Senegal,70,"CM, CAM",Left,185,20,50,,49,46,50,51,45,48,49,43,48,51,35,55,50,43,53,52,53,46,43,45,49,51,43,52,48,49,46,42,53,51,40,45,45,47,39,7,9,9,8,11,15,Liga Portugal
M. Sellouki,Rio Ave FC,Francia,19,"CAM, CM",Right,177,26,65,,68,66,65,67,38,56,64,68,51,65,63,67,66,61,60,68,71,66,65,64,68,65,49,61,55,64,55,40,62,70,68,64,39,33,36,7,7,8,10,6,8,Liga Portugal
Miguel Patricío,Rio Ave FC,Portugal,79,CAM,Right,180,19,54,,54,55,54,57,28,46,52,56,38,54,48,59,62,52,53,56,58,51,53,50,58,58,42,50,47,50,42,29,57,57,56,55,29,23,24,13,13,13,11,9,7,Liga Portugal
T. Medina,Rio Ave FC,Argentina,27,LW,Left,180,22,59,,65,57,56,64,28,53,60,56,51,55,57,67,61,52,47,64,67,63,63,61,61,60,53,59,53,57,44,23,62,59,54,58,29,25,23,10,10,6,12,10,9,Liga Portugal
Diogo Bezerra,Rio Ave FC,Brasil,7,RW,Right,186,24,71,,77,68,72,70,42,67,76,67,66,77,61,73,69,71,58,67,77,77,73,70,66,69,62,75,69,70,53,45,76,69,63,67,45,32,38,11,8,8,13,11,13,Liga Portugal
D. Špikić,Rio Ave FC,Croacia,77,RW,Right,183,27,67,,72,63,64,69,38,62,67,61,61,64,67,72,65,59,58,67,71,72,70,69,67,66,61,70,63,60,51,38,70,67,64,66,32,37,32,15,15,11,13,14,8,Liga Portugal
S. Clemmensen,Rio Ave FC,Dinamarca,80,"RW, ST",Left,183,23,65,,69,64,64,68,34,56,63,64,54,67,64,71,64,63,56,67,69,69,64,64,63,65,55,63,55,65,52,32,67,65,53,66,33,31,26,8,7,12,10,14,12,Liga Portugal
R. Galcik,Rio Ave FC,Eslovaquia,30,RW,Left,173,25,62,Eslovaquia,71,60,60,67,33,52,64,60,46,60,63,69,61,53,62,66,68,74,68,60,65,65,54,62,52,56,40,36,63,58,58,62,32,29,29,15,15,11,10,11,15,Liga Portugal
J. Blesa,Rio Ave FC,España,11,ST,Right,187,25,71,,72,72,59,68,36,70,58,75,71,58,73,68,66,62,54,69,70,73,69,73,59,73,77,67,74,63,60,38,77,62,72,71,31,32,29,12,10,13,7,7,6,Liga Portugal
R. Siler,Rio Ave FC,República Checa,21,"ST, CF",Right,187,22,66,,68,67,56,66,31,66,58,72,68,57,64,67,58,59,43,66,66,69,67,71,61,65,65,64,69,56,61,24,71,62,65,64,30,29,21,8,13,14,10,13,15,Liga Portugal
Tamble,Rio Ave FC,Guinea-Bissau,9,"ST, LW",Right,191,25,66,,67,68,54,61,33,65,49,70,73,57,69,58,57,50,45,63,64,70,65,65,58,69,71,61,68,62,60,38,73,60,68,68,26,27,25,12,11,8,7,12,14,Liga Portugal
Samuel Alves,Rio Ave FC,Brasil,67,"ST, CF",Left,187,18,58,,60,62,49,56,24,57,46,65,58,49,56,50,49,47,47,62,59,61,57,54,57,62,59,49,61,57,55,24,64,53,56,57,17,17,28,14,11,13,8,7,8,Liga Portugal
I. de Arruabarrena,FC Arouca,Uruguay,12,GK,Right,185,29,68,,44,24,39,34,25,52,28,14,25,46,17,23,31,26,39,38,43,45,39,66,47,48,57,40,62,24,39,31,22,42,28,47,22,24,21,67,64,64,65,70,44,Liga Portugal
J. Vinarčík,FC Arouca,Eslovaquia,1,GK,Right,202,21,57,,32,17,24,23,15,39,13,10,22,29,10,14,17,10,25,23,28,36,30,55,37,44,45,34,44,10,31,21,10,32,21,37,14,11,10,57,53,54,49,59,35,Liga Portugal
Martim Duarte,FC Arouca,Portugal,71,GK,Right,185,23,63,,36,22,30,30,21,44,10,14,24,37,13,21,22,18,34,29,38,35,44,57,48,48,55,34,49,18,41,27,20,40,22,44,16,21,22,67,67,58,58,62,43,Liga Portugal
J. Fontán,FC Arouca,España,3,"CB, RB",Left,182,26,72,,65,52,59,58,74,74,51,47,69,69,50,54,49,54,62,58,61,68,57,68,69,67,76,73,76,49,71,75,45,50,55,70,76,75,72,6,7,12,7,6,15,Liga Portugal
B. Popović,FC Arouca,Serbia,5,"CB, RB",Right,189,26,66,,61,46,56,53,68,67,50,43,62,65,40,46,43,51,58,59,59,63,49,65,54,60,68,64,70,42,62,70,42,48,45,61,71,66,65,6,10,7,11,10,9,Liga Portugal
J. Sánchez,FC Arouca,España,15,"CB, CDM",Right,189,29,70,,63,49,60,58,74,72,57,44,75,64,49,51,55,52,64,64,60,65,58,68,57,67,76,67,72,46,76,74,43,54,49,63,75,73,71,7,6,9,11,10,13,Liga Portugal
Diogo Monteiro,FC Arouca,Portugal,4,"CB, CDM",Right,187,21,60,,56,41,46,48,63,61,44,37,60,53,35,44,39,39,49,49,53,59,49,59,55,55,58,59,64,38,56,56,37,37,41,59,67,64,62,7,10,9,11,14,10,Liga Portugal
O. Lebedenko,FC Arouca,Ucrania,18,LB,Left,176,28,64,,69,52,60,63,59,65,61,50,53,68,49,62,55,51,57,64,71,68,72,55,69,63,59,72,63,49,64,59,53,53,50,55,56,62,64,7,9,15,10,9,14,Liga Portugal
M. Climent,FC Arouca,España,37,"LB, LM",Left,179,24,65,,69,54,59,64,64,64,63,50,65,61,53,60,61,50,59,68,67,70,70,59,65,63,59,71,63,54,58,65,55,53,50,66,63,67,59,7,9,12,11,6,10,Liga Portugal
Tiago Esgaio,FC Arouca,Portugal,28,"RB, RM",Right,175,31,68,,73,54,62,65,65,65,66,48,58,63,50,66,64,59,58,63,71,74,68,66,67,68,62,69,62,54,68,67,58,57,54,66,63,67,69,14,14,12,12,11,9,Liga Portugal
L. Shahar,FC Arouca,Inglaterra,2,RB,Right,175,19,61,,69,48,56,60,60,60,63,44,57,61,50,60,47,44,48,59,72,67,64,59,65,57,58,65,59,48,57,62,55,52,47,56,55,63,60,14,14,8,15,11,7,Liga Portugal
T. Fukui,FC Arouca,Japón,8,"CM, CAM",Right,177,22,69,,66,61,70,72,62,68,65,58,62,75,60,69,65,64,70,75,67,66,75,70,70,60,61,72,68,70,67,64,62,71,60,70,64,59,59,9,8,14,7,8,15,Liga Portugal
E. van Ee,FC Arouca,Países Bajos,6,"CM, CDM",Right,183,23,65,,60,60,65,66,59,62,60,55,60,69,57,67,61,64,64,67,58,62,62,67,64,62,55,64,62,68,60,61,59,66,59,65,55,64,52,13,14,9,9,7,7,Liga Portugal
M. Flores,FC Arouca,España,21,CM,Left,178,22,64,,61,61,65,68,56,62,56,58,52,67,56,66,60,59,67,73,63,60,68,65,68,66,55,68,62,60,56,57,69,72,61,61,56,56,53,11,10,7,13,6,14,Liga Portugal
Pedro Santos,FC Arouca,Portugal,89,CM,Right,183,25,63,,59,56,61,65,56,63,56,50,56,59,51,66,62,59,69,65,59,59,64,60,66,64,58,66,65,61,55,55,57,64,59,66,58,56,56,15,10,9,8,13,14,Liga Portugal
H. Lee,FC Arouca,Corea del Sur,14,"CAM, CM",Right,172,23,70,,76,70,72,72,43,60,68,72,53,74,68,74,72,64,69,70,75,76,74,76,71,70,53,68,57,68,57,44,71,76,67,66,44,39,40,7,9,13,15,12,13,Liga Portugal
P. Gozálbez,FC Arouca,España,10,CAM,Right,171,25,64,,65,65,64,69,37,54,61,64,54,65,60,71,65,61,63,69,63,67,69,67,69,66,47,62,51,67,51,39,65,67,64,59,35,34,33,7,15,9,12,14,14,Liga Portugal
N. Djouahra,FC Arouca,Francia,7,LW,Left,172,26,67,,76,67,66,72,41,58,67,73,54,71,60,75,69,60,56,69,77,75,79,68,70,62,56,63,57,60,55,45,71,66,64,67,41,36,35,7,9,12,6,8,7,Liga Portugal
B. Mansilla,FC Arouca,Uruguay,24,"LW, ST",Left,176,24,65,,74,66,64,71,34,56,67,70,48,66,61,75,65,58,60,67,72,75,76,65,69,64,54,67,53,60,50,38,68,62,57,62,33,30,29,9,8,14,11,12,12,Liga Portugal
G. Rukavina,FC Arouca,Croacia,20,LW,Left,180,22,61,,70,57,59,66,27,57,61,55,47,60,55,65,57,52,50,67,71,69,68,60,64,61,53,58,61,57,45,24,64,66,55,66,30,21,21,7,13,10,14,10,13,Liga Portugal
S. Park,FC Arouca,Corea del Sur,77,"LW, ST",Left,184,19,56,,68,55,54,56,25,51,55,57,46,56,51,56,54,46,50,56,64,71,61,55,60,54,47,57,51,52,43,25,60,54,50,52,25,19,19,13,13,12,10,7,6,Liga Portugal
M. Puche,FC Arouca,España,11,"LW, ST",Left,180,25,63,,74,63,62,64,30,56,60,65,55,64,58,65,59,54,60,62,75,74,64,61,65,59,52,64,55,63,48,35,64,63,56,62,26,26,16,8,9,8,12,9,14,Liga Portugal
A. Trezza,FC Arouca,Uruguay,19,RW,Right,166,27,68,,75,65,64,70,38,57,65,64,53,66,63,72,70,59,61,69,74,76,73,68,73,68,55,68,52,63,55,43,68,63,63,64,36,33,32,15,11,7,7,11,12,Liga Portugal
Costinha,FC Arouca,Portugal,97,"RW, RM",Right,165,18,60,,65,57,57,61,30,50,57,58,45,60,56,59,58,54,49,61,66,64,68,58,67,59,46,60,46,55,46,31,60,56,52,52,26,30,22,6,11,14,8,13,6,Liga Portugal
I. Barbero,FC Arouca,España,17,ST,Right,186,28,69,,71,71,59,69,37,70,56,74,74,64,68,69,62,63,50,72,68,74,63,66,62,74,74,67,72,60,66,34,76,59,70,64,35,30,29,7,9,10,13,11,15,Liga Portugal
F. Mayulu,FC Arouca,Francia,9,ST,Right,193,24,65,,66,71,56,62,32,64,54,76,70,59,71,64,60,56,50,61,63,69,61,64,54,67,68,58,68,65,58,23,71,57,65,68,29,29,26,15,13,14,12,6,7,Liga Portugal
D. Nandín,FC Arouca,Uruguay,23,ST,Right,186,24,66,,65,67,57,67,33,65,52,69,67,61,65,70,55,55,51,68,64,65,60,66,58,75,68,61,69,56,57,24,71,59,64,69,32,29,28,14,10,7,9,12,7,Liga Portugal
P. Sequeira,Casa Pia AC,Costa Rica,1,GK,Right,190,27,72,Costa Rica,50,32,41,36,30,56,25,24,34,51,27,21,25,26,45,43,49,50,44,68,55,59,64,46,65,26,44,34,23,45,29,48,26,28,34,74,71,62,70,72,50,Liga Portugal
André Gomes,Casa Pia AC,Portugal,31,GK,Left,186,21,68,,44,26,38,34,27,52,27,20,29,43,18,21,26,24,41,36,43,44,46,62,45,47,60,44,59,22,40,40,27,46,26,54,24,21,23,67,62,67,67,72,47,Liga Portugal
I. Mandić,Casa Pia AC,Croacia,95,GK,Left,196,23,61,,38,16,30,27,18,46,15,10,23,39,10,17,15,21,32,28,40,37,35,54,41,37,53,37,53,10,39,31,10,34,20,42,13,14,15,57,57,60,62,64,35,Liga Portugal
Daniel Azevedo,Casa Pia AC,Portugal,22,GK,Right,195,28,59,,37,17,29,26,17,39,17,10,19,35,11,10,14,15,28,33,36,37,37,54,41,38,44,31,46,15,31,27,10,38,22,39,14,12,15,61,60,50,53,62,33,Liga Portugal
João Goulart,Casa Pia AC,Portugal,4,"CB, CDM",Right,191,26,66,,60,47,56,56,69,67,54,44,70,62,42,54,44,50,62,55,58,62,57,60,55,59,69,64,67,46,68,72,45,47,45,67,67,68,70,9,11,12,9,10,10,Liga Portugal
David Sousa,Casa Pia AC,Brasil,43,CB,Left,190,25,68,,65,50,53,56,73,71,53,49,75,60,43,51,47,53,58,61,63,67,55,64,54,63,69,65,76,45,65,74,44,40,48,65,73,72,71,10,8,9,15,10,15,Liga Portugal
Kaique Rocha,Casa Pia AC,Brasil,27,CB,Right,195,25,65,,61,45,52,55,70,70,55,41,72,56,39,55,43,44,59,55,57,64,50,60,52,57,70,60,75,46,68,70,41,43,47,62,70,71,70,6,13,8,9,11,15,Liga Portugal
Felipe Silva,Casa Pia AC,Brasil,44,CB,Left,188,24,67,,63,46,54,56,71,71,53,41,74,58,45,52,46,46,60,60,64,63,50,66,61,61,75,62,77,46,66,69,41,49,45,63,72,71,69,8,12,8,9,8,10,Liga Portugal
Kaly,Casa Pia AC,Angola,3,CB,Right,192,22,60,,54,39,50,49,64,65,44,33,65,57,34,43,41,42,52,54,51,57,48,61,47,58,64,57,69,38,64,65,36,47,37,58,61,66,60,9,14,14,7,12,12,Liga Portugal
Abdu Conté,Casa Pia AC,Portugal,5,LB,Left,183,28,66,,73,51,61,62,63,64,68,46,61,61,49,61,58,48,58,60,71,75,67,62,72,63,61,74,61,49,61,63,55,58,52,60,61,64,68,7,14,8,7,8,8,Liga Portugal
Pedro Rosas,Casa Pia AC,Portugal,75,"LB, LM",Left,189,25,66,,71,52,63,65,64,67,64,47,65,71,42,64,60,50,59,67,68,74,66,65,58,60,68,67,70,55,61,62,64,55,48,57,64,66,63,15,7,7,8,13,11,Liga Portugal
André Geraldes,Casa Pia AC,Portugal,18,RB,Right,181,35,61,,61,47,58,59,58,61,68,43,52,59,44,59,56,45,60,58,57,65,61,61,62,57,59,70,60,48,55,57,50,46,48,58,58,61,57,7,14,10,12,11,10,Liga Portugal
S. Clua,Casa Pia AC,España,16,CDM,Left,189,21,60,,55,51,56,54,59,63,48,47,60,60,45,49,47,49,62,63,53,56,46,53,55,62,60,62,65,51,62,57,45,54,50,56,57,60,67,15,10,9,13,15,15,Liga Portugal
S. Pérez,Casa Pia AC,Colombia,24,"CDM, CM",Right,175,33,66,,56,57,64,61,70,66,61,54,60,70,47,55,56,51,66,63,59,54,68,71,65,59,65,67,65,65,69,71,63,62,57,67,74,67,70,10,8,11,6,13,13,Liga Portugal
JP,Casa Pia AC,Brasil,98,CM,Both,182,21,65,,65,59,65,65,56,64,61,56,58,67,52,65,61,55,74,68,63,67,60,67,64,67,58,68,64,60,61,54,60,61,60,59,54,59,58,11,12,10,15,8,13,Liga Portugal
L. Ofori,Casa Pia AC,Ghana,80,"CM, CDM",Right,169,28,66,,66,60,64,67,59,60,61,57,60,64,59,68,66,54,70,66,64,68,65,69,70,65,56,68,56,61,60,62,58,67,59,68,55,61,57,8,6,11,15,15,11,Liga Portugal
Gabi,Casa Pia AC,Portugal,8,CM,Left,181,26,64,,63,60,62,65,55,63,60,58,54,63,50,66,58,60,66,66,61,64,62,65,54,66,55,69,60,60,67,55,59,63,57,65,53,57,54,11,6,6,8,9,11,Liga Portugal
Abdu Dafé,Casa Pia AC,Portugal,59,"CM, CDM",Right,185,18,54,,53,51,54,51,47,53,45,48,46,59,45,48,49,52,60,55,57,50,48,56,47,57,51,59,51,53,50,46,48,53,50,55,49,48,41,15,6,8,13,15,13,Liga Portugal
K. Prieto,Casa Pia AC,Uruguay,19,"RM, LM",Right,184,23,63,,66,54,62,65,42,61,64,51,52,63,54,65,62,55,61,67,65,66,63,61,64,57,57,62,63,56,57,37,57,59,58,63,42,42,44,15,8,15,13,7,10,Liga Portugal
João Rego,Casa Pia AC,Portugal,70,"CAM, CF",Right,182,21,65,,65,66,64,69,39,58,58,66,51,67,68,70,65,60,61,72,64,65,63,64,63,63,57,65,56,68,56,37,62,67,63,60,38,40,27,7,11,15,11,15,8,Liga Portugal
B. Pauwels,Casa Pia AC,Bélgica,77,LW,Left,181,21,61,,69,57,59,64,29,55,59,59,45,63,59,64,57,57,50,63,69,69,64,63,63,53,47,59,56,55,50,29,65,60,57,63,26,28,24,14,8,13,12,9,12,Liga Portugal
Rochinha,Casa Pia AC,Portugal,10,"LW, LM",Left,169,31,64,,67,63,64,67,35,56,69,63,47,65,63,67,64,55,58,65,68,67,71,70,66,63,59,65,54,62,49,37,65,65,58,63,32,33,31,14,6,12,9,14,7,Liga Portugal
A. Zouin,Casa Pia AC,Marruecos,21,"LW, LM",Left,185,19,55,,61,55,53,56,23,48,55,54,46,56,50,56,57,48,44,58,58,63,53,51,48,55,50,53,48,58,43,23,60,55,49,53,18,20,21,10,14,14,9,11,15,Liga Portugal
J. Livolant,Casa Pia AC,Francia,29,"RW, ST",Right,175,28,69,,74,67,64,73,39,59,66,66,58,64,61,76,66,66,59,72,74,74,68,67,73,72,59,65,60,67,51,40,72,66,64,69,41,33,32,13,15,11,7,7,6,Liga Portugal
M. Salah,Casa Pia AC,Bélgica,11,RW,Left,180,22,65,,74,65,62,67,36,59,69,66,54,63,61,69,65,57,57,64,75,73,74,61,67,64,54,62,60,67,52,37,69,58,59,68,36,31,28,6,12,15,9,9,7,Liga Portugal
Henrique Araújo,Casa Pia AC,Portugal,9,"ST, CF",Right,182,24,67,,66,69,59,66,34,65,55,74,65,63,69,64,61,62,57,67,64,68,66,71,65,67,63,59,69,60,61,33,71,58,66,72,30,30,28,6,12,13,9,10,12,Liga Portugal
A. Jatta,Casa Pia AC,Gambia,20,"ST, LW",Right,192,27,63,,63,66,54,62,31,64,53,71,70,60,60,62,54,54,50,65,65,61,58,61,57,64,67,58,69,56,57,29,67,50,64,64,29,24,26,6,9,13,10,14,14,Liga Portugal
E. Maurin,Casa Pia AC,Francia,17,ST,Left,179,25,59,,61,62,52,61,27,59,46,62,61,59,61,62,55,45,44,62,63,59,56,63,59,62,59,51,65,65,55,22,63,51,56,60,26,23,22,7,11,15,14,14,10,Liga Portugal
Cassiano,Casa Pia AC,Brasil,90,"ST, CF",Right,184,37,62,,56,64,51,61,28,62,44,68,68,59,59,61,56,48,43,60,57,56,61,68,55,65,66,60,64,56,59,26,67,49,65,61,22,23,24,9,8,10,8,6,13,Liga Portugal
André Ferreira,Moreirense FC,Portugal,13,GK,Right,193,30,66,,39,21,31,33,21,47,19,12,23,37,11,21,18,19,37,37,38,39,37,60,48,41,56,40,53,22,38,25,16,36,26,44,20,18,21,68,62,61,63,71,44,Liga Portugal
Aranha,Moreirense FC,Brasil,1,GK,Right,190,21,61,,35,22,28,31,18,43,20,17,20,32,11,16,12,17,36,39,37,33,36,60,41,45,51,34,50,14,36,29,10,29,24,41,15,13,16,63,62,54,62,62,40,Liga Portugal
G. Batista,Moreirense FC,Guinea-Bissau,66,"CB, RB",Right,187,22,67,,60,48,56,58,69,71,51,43,72,65,47,51,49,41,58,63,58,61,59,66,55,59,72,66,73,50,71,69,36,49,47,62,74,65,67,9,11,14,10,7,9,Liga Portugal
Kevyn,Moreirense FC,Brasil,4,"CB, RB",Right,196,21,60,,55,38,50,49,65,65,48,30,69,58,31,45,39,34,57,52,53,56,40,62,52,55,70,60,66,38,68,64,38,40,44,62,64,66,60,9,9,7,12,14,11,Liga Portugal
Maracás,Moreirense FC,Brasil,26,"CB, CDM",Right,184,32,66,,57,47,54,55,69,68,49,37,72,61,42,46,43,46,63,62,54,60,54,64,58,65,67,62,71,52,68,67,44,47,47,69,69,69,66,7,6,12,8,7,9,Liga Portugal
Janderson,Moreirense FC,Brasil,32,"CB, RB",Right,190,21,63,,58,44,52,50,65,65,52,42,66,60,39,46,42,44,58,51,54,61,52,59,57,57,66,61,68,40,64,66,39,38,42,59,66,62,67,13,10,14,12,15,6,Liga Portugal
Kiko,Moreirense FC,Portugal,27,"LB, RB",Left,180,24,70,,73,57,65,66,69,68,68,56,69,66,56,64,56,56,70,65,74,73,71,68,74,64,64,75,66,53,67,66,59,62,56,59,68,71,72,10,12,14,12,7,7,Liga Portugal
Á. Martínez,Moreirense FC,España,17,"LB, LM",Left,181,24,61,,67,46,57,58,56,57,59,46,48,64,38,57,55,53,50,59,64,70,59,60,59,49,63,62,54,45,59,52,38,51,53,59,60,58,57,10,11,6,6,7,13,Liga Portugal
Dinis Pinto,Moreirense FC,Portugal,76,RB,Right,178,26,72,,76,56,69,66,71,72,74,52,58,70,55,63,66,61,68,65,71,80,74,66,75,65,73,72,72,56,70,76,63,66,51,68,69,74,71,10,7,10,7,13,13,Liga Portugal
Leandro Santos,Moreirense FC,Portugal,2,RB,Right,181,21,64,,69,49,61,60,60,63,73,42,58,62,43,57,50,50,55,62,65,72,61,67,63,59,60,72,59,55,63,55,49,59,52,60,59,66,57,14,6,10,9,6,8,Liga Portugal
M. Stjepanović,Moreirense FC,Serbia,8,"CDM, CM",Right,185,22,67,,59,58,64,64,70,72,54,53,75,69,54,66,63,53,63,62,55,63,64,66,60,65,67,73,73,62,72,65,58,68,53,66,66,76,71,15,6,7,10,12,10,Liga Portugal
Guilherme Liberato,Moreirense FC,Brasil,65,CDM,Right,184,25,65,,59,55,63,61,67,64,59,50,64,68,49,63,57,52,61,59,56,62,54,62,62,64,63,67,62,58,66,71,54,62,59,64,67,65,65,12,14,14,13,9,8,Liga Portugal
Afonso Assis,Moreirense FC,Portugal,25,CDM,Left,183,20,59,,54,48,56,53,59,61,46,45,62,62,42,53,48,51,58,53,51,57,53,55,57,49,58,65,58,56,64,59,53,55,49,50,56,60,61,15,8,10,13,15,12,Liga Portugal
Miguel Silva,Moreirense FC,Portugal,87,"CDM, CB",Right,186,18,53,,49,41,52,51,54,57,47,36,51,56,36,48,42,44,56,55,45,52,47,49,48,50,51,58,57,45,56,58,42,52,41,55,56,50,52,7,9,13,6,9,9,Liga Portugal
R. Alonso,Moreirense FC,España,21,CM,Right,172,23,67,,63,65,68,69,60,65,61,63,55,73,58,69,62,64,66,70,63,63,63,65,67,69,60,69,64,68,62,68,63,69,66,73,54,64,59,8,13,8,8,9,14,Liga Portugal
João Veloso,Moreirense FC,Portugal,20,"CM, CAM",Right,185,21,68,,63,65,69,70,60,69,68,66,60,71,58,68,63,59,70,73,60,65,68,65,70,68,67,71,68,63,68,58,59,71,57,66,62,61,54,14,9,9,6,12,6,Liga Portugal
N. John,Moreirense FC,Inglaterra,23,"CM, CAM",Right,176,23,63,,59,60,62,64,56,59,61,56,55,65,54,64,56,52,61,64,58,59,64,66,63,67,52,70,54,65,61,57,63,64,57,61,53,61,50,10,6,12,15,9,7,Liga Portugal
Manuel Mendonça,Moreirense FC,Portugal,7,"CAM, CF",Left,170,21,66,,68,64,68,70,41,57,62,65,54,71,62,66,66,67,64,75,70,67,76,57,71,61,48,63,57,63,52,42,64,73,65,66,39,40,31,13,8,11,7,10,7,Liga Portugal
C. Songa,Moreirense FC,Zambia,28,"CAM, CF",Right,177,22,62,,65,63,62,66,33,54,54,65,48,64,56,69,64,61,59,64,64,65,63,58,63,63,54,55,56,62,50,38,61,67,57,64,28,30,28,9,7,11,9,12,14,Liga Portugal
Tiago Andrade,Moreirense FC,Portugal,19,LW,Left,170,20,63,,73,58,60,66,32,52,63,59,47,58,58,66,63,54,58,63,76,71,78,62,65,59,56,64,47,55,49,26,66,61,57,62,33,33,28,11,12,7,12,8,12,Liga Portugal
Landerson,Moreirense FC,Brasil,11,"LW, ST",Left,168,19,61,,68,61,60,65,30,50,66,60,41,60,60,64,63,55,56,65,65,71,67,60,70,63,49,61,46,60,48,28,65,57,60,60,32,28,28,15,9,6,10,6,11,Liga Portugal
Kiko Bondoso,Moreirense FC,Portugal,10,"LW, LM",Left,169,30,69,,75,66,68,71,40,58,72,66,51,68,67,74,70,65,58,68,75,75,75,65,74,68,56,68,56,65,52,45,73,74,59,62,35,38,38,9,15,6,13,6,10,Liga Portugal
Afonso Vieira,Moreirense FC,Portugal,89,LW,Left,175,19,52,,62,53,49,54,21,44,54,55,40,47,43,53,49,48,45,54,60,63,58,54,53,51,41,56,44,51,31,26,54,49,51,45,20,15,13,9,8,12,10,10,8,Liga Portugal
M. Dacosta,Moreirense FC,España,44,RW,Left,186,21,54,,57,54,51,57,20,50,50,58,42,52,48,57,57,48,48,60,59,55,54,51,49,54,46,55,51,47,40,13,55,54,51,52,22,18,14,9,13,11,10,7,6,Liga Portugal
L. Vonić,Moreirense FC,Croacia,79,ST,Both,185,23,63,,67,63,53,62,31,64,52,62,69,57,60,62,57,48,47,63,64,70,61,69,55,67,66,57,71,60,56,30,66,54,65,66,27,23,27,10,7,10,12,15,6,Liga Portugal
A. Parsemain,Moreirense FC,Martinica,9,"ST, CF",Right,185,23,66,,71,67,54,64,33,69,49,65,70,56,65,63,57,61,53,65,72,70,61,68,63,74,70,65,72,64,66,31,73,56,62,74,28,27,31,6,7,13,9,12,11,Liga Portugal
Yan Maranhão,Moreirense FC,Brasil,99,ST,Right,184,24,62,,65,61,51,60,29,61,52,64,68,54,57,56,55,51,42,64,63,66,64,67,55,60,68,56,65,58,54,26,66,52,58,62,28,24,18,8,8,9,6,12,8,Liga Portugal
Lucão,Gil Vicente FC,Brasil,30,GK,Right,190,25,65,,38,23,33,32,20,46,22,12,23,40,14,16,20,19,33,38,36,39,43,63,44,49,55,41,50,24,42,29,13,38,29,46,14,19,25,62,60,58,65,67,41,Liga Portugal
Samuel Portugal,Gil Vicente FC,Brasil,94,GK,Right,188,32,69,,43,25,39,39,24,52,23,17,26,49,15,26,19,26,39,44,45,41,48,68,52,52,58,43,58,21,46,36,15,45,32,47,21,19,24,67,73,69,71,75,48,Liga Portugal
A. Picornell,Gil Vicente FC,Suecia,1,GK,Left,191,22,63,,37,21,31,29,23,47,13,14,24,36,10,18,18,17,37,32,37,37,37,61,38,43,49,40,55,19,37,34,13,42,19,46,21,20,12,63,64,56,62,64,43,Liga Portugal
Tiago Ferreira,Gil Vicente FC,Portugal,44,GK,Right,189,17,60,,34,18,27,26,16,42,14,10,21,34,10,13,13,13,31,29,36,33,37,52,44,39,47,31,51,18,34,26,11,34,19,41,12,11,17,65,61,52,65,63,38,Liga Portugal
M. Elimbi,Gil Vicente FC,Francia,4,"CB, CDM",Right,186,23,70,,66,52,57,59,72,73,56,47,69,61,47,58,51,52,62,59,66,66,54,65,56,63,72,67,75,55,75,74,44,51,53,71,74,71,70,7,12,14,14,14,10,Liga Portugal
D. Moreira,Gil Vicente FC,Cabo Verde,45,"CB, RB",Left,171,22,65,,58,48,55,53,68,66,56,44,60,61,44,47,49,47,53,55,58,58,59,65,55,57,66,63,66,50,69,62,43,47,49,62,70,73,70,8,9,15,9,12,13,Liga Portugal
Buatu,Gil Vicente FC,Angola,39,"CB, RB",Right,187,33,69,,62,48,58,59,71,72,51,40,72,67,47,55,53,44,63,59,60,64,59,70,61,66,72,64,78,47,69,65,50,49,53,72,71,73,73,12,8,8,13,12,12,Liga Portugal
A. Espigares,Gil Vicente FC,España,3,CB,Right,187,22,60,,57,39,47,50,61,63,43,36,65,52,36,46,37,36,50,54,59,55,47,57,47,52,67,54,66,36,67,62,30,44,35,62,57,63,63,11,14,11,14,15,7,Liga Portugal
A. Tchaptchet,Gil Vicente FC,Francia,95,"CB, RB",Right,190,20,53,,50,34,38,40,56,57,42,27,55,46,31,36,30,30,40,41,49,51,41,46,42,51,58,53,59,32,56,54,31,25,34,51,56,57,60,7,7,7,15,14,9,Liga Portugal
Weverson,Gil Vicente FC,Brasil,26,LB,Left,185,26,65,,66,52,60,61,66,64,67,46,60,62,42,59,57,51,59,61,66,66,62,65,64,63,66,70,62,58,60,63,51,54,54,63,67,69,65,11,14,13,10,8,14,Liga Portugal
José Silva,Gil Vicente FC,Portugal,2,RB,Right,180,21,60,,63,44,55,59,58,57,58,40,54,59,41,59,52,42,53,58,62,64,64,63,57,54,58,67,53,44,56,59,46,50,45,54,58,59,58,10,14,14,8,11,7,Liga Portugal
Ricardo Esgaio,Gil Vicente FC,Portugal,47,RB,Right,172,33,69,,70,56,63,64,67,64,61,54,60,67,51,60,63,58,65,64,74,66,72,68,69,59,55,72,58,57,71,66,61,59,55,68,70,66,72,11,7,11,8,8,10,Liga Portugal
M. Bamba,Gil Vicente FC,Costa de Marfil,8,CDM,Left,188,21,64,,60,56,59,62,64,67,56,54,67,63,47,64,55,57,60,63,58,62,55,64,54,59,63,68,69,58,64,68,56,58,56,65,65,60,65,10,10,10,8,6,8,Liga Portugal
Diogo Prioste,Gil Vicente FC,Portugal,86,"CM, CAM",Right,179,22,67,,62,64,68,67,59,66,63,62,54,71,61,65,65,58,69,69,60,63,68,66,70,67,58,66,66,66,66,54,63,72,64,70,62,60,58,15,10,14,8,14,10,Liga Portugal
Zé Carlos,Gil Vicente FC,Portugal,6,"CM, CDM",Right,172,24,63,,61,57,64,60,56,58,60,52,52,70,51,59,59,56,63,60,59,62,61,66,65,62,51,63,56,66,57,51,62,60,56,65,57,59,57,7,14,11,7,6,15,Liga Portugal
A. Lausen,Gil Vicente FC,Dinamarca,12,"CM, CDM",Right,185,23,65,,63,61,64,64,58,64,63,57,55,68,61,66,58,52,66,65,60,65,61,60,55,64,55,70,60,69,67,60,61,63,56,66,59,58,57,10,12,13,15,7,14,Liga Portugal
Gonçalo Maia,Gil Vicente FC,Portugal,82,CM,Right,173,20,54,,54,48,53,55,46,52,52,45,47,52,44,57,48,46,60,53,56,53,60,46,56,51,41,56,51,51,52,49,58,52,50,53,47,45,42,14,11,11,9,15,6,Liga Portugal
S. García,Gil Vicente FC,España,10,"CAM, CM",Right,188,25,71,,76,72,71,74,42,64,63,70,55,74,67,72,73,70,69,78,77,75,70,72,71,73,65,64,67,75,56,44,73,75,68,69,40,41,33,8,8,6,13,12,12,Liga Portugal
Gil Martins,Gil Vicente FC,Portugal,20,CAM,Right,180,20,64,,69,67,63,68,37,57,64,69,48,62,59,68,66,61,58,70,69,69,65,58,67,66,49,65,56,63,51,42,75,69,64,64,37,33,29,12,12,8,11,15,9,Liga Portugal
M. Fernández,Gil Vicente FC,Uruguay,32,"CAM, CF",Left,171,23,59,,62,59,60,61,31,51,60,58,45,62,58,62,63,57,53,60,63,62,66,61,60,60,38,59,51,58,45,36,65,64,59,58,28,28,28,14,14,9,14,13,11,Liga Portugal
Guilherme Gomes,Gil Vicente FC,Brasil,19,"CAM, CF",Right,180,20,60,,64,59,61,61,33,51,60,59,46,63,57,61,64,61,55,64,66,62,56,59,59,57,48,61,47,60,51,37,57,63,64,54,33,25,33,9,6,6,10,10,14,Liga Portugal
Joelson Fernandes,Gil Vicente FC,Portugal,11,"LW, ST",Left,172,23,64,,75,62,64,67,35,52,62,62,50,67,57,71,61,58,62,65,74,75,72,59,68,60,59,63,49,64,44,37,65,65,58,55,37,28,28,14,15,14,10,10,7,Liga Portugal
T. Touré,Gil Vicente FC,Francia,7,LW,Left,175,24,65,,70,61,66,66,33,57,68,59,51,66,65,67,69,60,60,65,71,70,63,66,71,61,56,66,55,61,49,32,64,68,65,63,28,35,26,12,12,15,10,10,11,Liga Portugal
A. Moreira,Gil Vicente FC,Uruguay,27,RW,Right,174,25,64,,66,63,62,65,32,54,61,62,55,61,62,65,67,61,60,64,69,63,70,61,65,65,49,62,52,63,49,30,65,65,55,58,29,29,29,6,13,12,11,10,13,Liga Portugal
Murilo,Gil Vicente FC,Brasil,77,"RW, ST",Left,177,31,67,,70,66,65,69,38,59,67,65,55,63,59,71,69,57,60,67,72,69,72,70,69,65,53,67,61,70,46,41,69,71,63,61,34,37,31,7,9,6,9,6,7,Liga Portugal
S. Bermejo,Gil Vicente FC,España,17,"RW, ST",Left,170,29,64,,69,61,61,71,34,55,66,61,49,63,59,70,66,59,51,74,68,70,72,65,69,59,51,61,54,62,50,29,62,57,57,60,41,31,20,13,7,7,11,12,7,Liga Portugal
H. Hernández,Gil Vicente FC,España,23,"ST, CF",Right,180,31,69,,71,74,59,68,35,67,57,74,65,60,74,67,64,57,54,69,73,70,64,73,69,77,69,65,71,72,58,36,71,61,70,69,31,28,33,8,14,9,7,10,6,Liga Portugal
Walace França,Gil Vicente FC,Brasil,9,ST,Left,187,21,61,,65,64,54,62,26,62,55,67,60,60,61,60,54,53,47,66,67,64,63,58,52,62,62,56,66,59,57,15,69,47,63,64,30,20,22,9,14,13,7,7,8,Liga Portugal
M. Kaba,Gil Vicente FC,Malí,99,ST,Right,189,24,55,,56,56,43,56,22,52,41,58,55,44,58,55,56,42,38,60,55,57,51,58,47,55,53,49,54,54,51,19,57,44,56,55,20,15,18,7,6,13,15,13,14,Liga Portugal
Lucas França,CD Santa Clara,Brasil,1,GK,Right,194,30,66,,42,25,34,32,18,51,22,20,25,44,15,26,19,19,34,29,43,42,35,66,48,44,54,43,55,23,48,24,18,34,23,50,15,14,24,72,68,60,70,68,47,Liga Portugal
Neneca,CD Santa Clara,Brasil,12,GK,Right,192,23,59,,34,18,28,26,16,43,11,10,16,37,10,16,16,19,30,26,37,32,36,55,41,43,42,31,50,14,42,19,10,31,19,40,11,18,22,55,58,51,58,64,35,Liga Portugal
MT,CD Santa Clara,Brasil,2,"CB, RB",Left,185,25,71,,66,54,59,62,74,75,55,51,70,66,46,57,53,49,65,67,60,71,58,66,68,66,81,68,79,50,73,70,52,51,50,68,77,74,73,15,13,15,11,14,8,Liga Portugal
Emanuel Moreira,CD Santa Clara,Portugal,21,"CB, RB",Left,190,23,66,,60,47,54,53,71,70,52,44,70,65,44,50,46,44,53,55,59,61,48,61,57,59,69,62,75,45,69,70,38,40,43,61,73,69,74,10,9,7,10,9,14,Liga Portugal
Henrique Silva,CD Santa Clara,Brasil,3,"CB, CDM",Right,178,20,58,,55,39,50,49,61,63,45,35,56,59,32,43,41,42,53,54,57,54,44,53,57,53,58,56,67,35,61,62,39,39,41,54,60,63,60,11,6,12,10,10,11,Liga Portugal
Pedro Pacheco,CD Santa Clara,Portugal,4,CB,Right,189,29,64,,62,45,50,55,66,68,45,38,71,54,43,51,46,45,53,59,61,62,53,57,52,61,67,62,70,46,70,70,41,48,40,55,67,62,60,9,14,14,6,10,15,Liga Portugal
Ythallo,CD Santa Clara,Brasil,19,"CB, CDM",Right,193,22,60,,56,40,48,48,64,63,41,36,69,57,33,43,37,39,51,52,53,59,42,56,49,56,67,53,69,39,59,61,35,42,37,58,68,63,60,13,12,7,11,13,15,Liga Portugal
Guilherme Romão,CD Santa Clara,Brasil,5,"LB, RB",Left,176,28,64,,70,50,60,61,60,64,64,47,52,63,42,61,59,48,58,58,72,69,67,69,70,57,60,72,60,51,65,64,55,55,52,58,62,59,62,13,13,11,9,13,12,Liga Portugal
Lucas Soares,CD Santa Clara,Brasil,42,RB,Right,174,28,68,,73,54,63,66,64,64,69,48,58,63,51,65,61,53,61,64,70,75,73,69,73,60,65,70,63,61,61,61,58,63,49,64,59,71,69,11,12,11,6,6,6,Liga Portugal
Pedro Ferreira,CD Santa Clara,Portugal,6,CDM,Right,183,28,70,,66,61,67,65,70,74,58,57,67,70,51,62,64,65,71,69,66,66,59,70,66,68,67,73,74,65,78,66,65,71,62,65,70,73,70,9,11,12,9,12,13,Liga Portugal
Dani Borges,CD Santa Clara,Brasil,41,"CDM, CB",Right,183,23,65,,59,56,61,62,67,71,51,54,59,66,46,61,47,59,64,63,60,59,60,61,55,61,59,79,69,59,70,68,58,63,56,69,68,68,65,7,6,13,6,10,15,Liga Portugal
Djé,CD Santa Clara,Cabo Verde,8,"CM, CAM",Right,178,23,62,Cabo Verde,61,55,64,63,53,57,61,52,57,66,51,61,54,56,65,67,59,63,60,65,61,58,52,68,52,58,58,52,62,66,55,64,51,55,53,15,7,8,14,9,14,Liga Portugal
Tiago Ribeiro,CD Santa Clara,Portugal,20,"CM, CDM",Left,183,24,64,,62,57,66,66,58,61,62,55,55,67,51,66,58,55,68,69,61,63,63,65,62,62,59,62,63,55,57,58,64,69,54,66,58,59,59,12,10,15,15,13,10,Liga Portugal
Vitinho,CD Santa Clara,Brasil,22,CM,Left,173,22,62,,61,58,62,65,53,60,62,58,47,62,52,63,59,57,63,70,60,61,63,60,66,56,55,64,59,60,58,57,63,65,51,58,53,51,53,8,7,12,6,6,14,Liga Portugal
Kamika,CD Santa Clara,Portugal,85,LM,Left,174,22,61,,64,56,61,63,42,56,62,56,49,62,56,64,66,62,60,62,63,64,64,61,66,58,50,61,54,55,54,45,57,59,52,53,42,41,34,8,15,13,13,15,14,Liga Portugal
Vasconcelos,CD Santa Clara,Portugal,17,"CAM, CM",Left,180,21,61,,59,59,58,68,36,53,57,57,55,61,53,68,62,58,55,74,62,56,61,64,56,66,49,59,54,56,45,37,61,57,61,62,35,31,31,9,14,14,10,12,15,Liga Portugal
Fredy,CD Santa Clara,Portugal,25,"CAM, CM",Right,187,20,53,,55,53,57,54,24,47,55,54,44,58,48,55,58,53,51,56,58,53,52,45,52,50,44,47,50,57,38,27,49,61,51,50,22,21,18,6,9,15,11,9,11,Liga Portugal
Sorriso,CD Santa Clara,Brasil,99,"LW, ST",Both,171,20,62,,72,59,60,67,31,51,58,61,42,66,60,68,64,56,53,69,68,75,65,55,66,57,53,62,47,58,49,36,61,59,58,54,28,30,26,15,10,11,10,6,14,Liga Portugal
Afonso Duarte,CD Santa Clara,Portugal,18,LW,Left,180,21,53,,62,52,51,55,23,45,51,52,40,54,53,56,54,43,47,54,61,63,55,56,56,54,44,51,43,49,41,22,56,50,53,50,18,23,21,7,6,6,11,11,14,Liga Portugal
Vinícius Lopes,CD Santa Clara,Brasil,70,"RW, RM",Right,180,27,70,,82,68,68,75,41,61,69,69,62,70,64,76,73,66,64,74,81,82,78,70,74,68,61,66,58,69,60,45,73,67,64,68,36,37,37,7,7,12,6,11,15,Liga Portugal
Brenner,CD Santa Clara,Brasil,10,RW,Right,171,24,68,,74,67,67,72,37,58,68,68,50,71,63,71,72,65,63,72,76,72,78,65,73,70,60,68,53,66,59,38,63,62,64,66,36,36,32,9,6,13,7,8,13,Liga Portugal
Welinton Torrão,CD Santa Clara,Brasil,11,"RW, ST",Right,183,27,61,,68,63,56,65,31,56,57,65,45,53,58,66,60,59,55,66,67,68,63,61,65,63,50,59,59,62,46,29,60,58,56,59,31,30,22,8,12,8,14,9,6,Liga Portugal
Gonçalo Paciência,CD Santa Clara,Portugal,9,ST,Right,184,32,70,,71,72,63,65,40,72,61,74,64,64,72,61,65,59,60,67,74,68,67,78,65,71,75,61,81,71,65,38,73,67,68,75,41,34,31,10,8,15,12,9,11,Liga Portugal
Fernando,CD Santa Clara,Brasil,7,ST,Right,175,21,59,,62,60,49,57,27,56,49,59,55,49,58,55,53,50,43,58,61,63,55,61,57,59,59,53,58,60,55,25,68,52,61,60,27,20,20,10,10,8,12,13,10,Liga Portugal
Léo Jacó,CD Santa Clara,Brasil,73,ST,Left,184,21,61,,64,64,50,61,25,64,46,68,62,55,60,61,54,47,40,62,59,68,57,64,53,61,65,57,70,59,56,19,69,52,62,65,25,19,18,13,12,14,7,15,9,Liga Portugal
R. Marin,CD Nacional,Italia,1,GK,Right,190,20,62,,40,20,31,28,22,45,13,14,24,40,10,17,19,13,27,31,44,37,34,58,38,41,51,31,55,16,36,27,10,43,23,35,21,17,26,63,66,50,63,62,45,Liga Portugal
João Gonçalves,CD Nacional,Portugal,13,GK,Right,188,25,63,,39,21,29,31,20,49,19,11,23,35,14,18,15,10,33,37,41,38,36,59,44,46,52,42,55,20,44,29,20,36,22,42,15,18,18,64,67,55,65,67,40,Liga Portugal
Kevyn,CD Nacional,Brasil,50,GK,Right,192,21,55,,30,16,25,23,13,38,12,10,19,35,10,10,10,13,22,30,29,30,30,48,35,35,43,34,43,14,31,18,10,28,16,33,11,10,10,56,57,48,59,54,33,Liga Portugal
Zé Vítor,CD Nacional,Brasil,38,CB,Left,189,25,68,,63,49,58,55,72,73,51,45,76,65,39,50,46,54,63,57,62,63,57,70,63,63,70,62,79,47,71,67,44,51,49,63,76,70,70,7,10,12,7,14,7,Liga Portugal
Léo Santos,CD Nacional,Brasil,34,"CB, CDM",Right,186,27,68,,67,48,56,60,72,71,52,44,75,58,49,55,51,49,62,61,66,67,59,72,64,67,76,61,75,37,71,74,46,53,51,69,70,71,77,9,12,12,12,12,11,Liga Portugal
Ulisses,CD Nacional,Brasil,4,"CB, CDM",Right,186,27,65,,61,44,52,54,69,65,46,38,64,59,40,50,46,44,60,57,59,63,56,62,53,62,66,62,69,42,59,66,38,45,44,60,74,69,67,9,10,15,6,14,15,Liga Portugal
I. Fernandes,CD Nacional,Cabo Verde,14,"CB, CDM",Left,194,30,62,,55,43,48,53,66,66,48,36,68,51,36,52,46,45,55,54,53,57,49,58,53,60,70,59,69,43,67,62,40,41,49,58,64,73,61,10,9,14,10,9,7,Liga Portugal
Chico Gonçalves,CD Nacional,Portugal,33,"CB, RB",Right,188,22,59,,54,36,48,47,63,59,41,30,63,53,38,42,37,46,56,48,53,55,45,59,51,48,59,51,64,38,58,67,36,45,37,61,62,62,58,11,7,10,8,7,7,Liga Portugal
José Gomes,CD Nacional,Portugal,5,"LB, RB",Left,185,30,66,,73,54,58,62,64,68,62,53,54,62,43,61,57,45,62,60,77,69,71,65,67,59,64,75,66,53,66,67,57,50,51,62,65,65,64,7,6,15,6,12,7,Liga Portugal
Matias Silva,CD Nacional,Portugal,55,"LB, LM",Left,178,17,59,,62,45,55,55,59,57,59,43,56,58,42,53,52,43,54,54,60,64,66,50,60,52,48,65,52,44,62,59,44,50,46,55,60,61,57,12,7,8,7,10,12,Liga Portugal
Wesley Gasolina,CD Nacional,Brasil,52,"RB, LB",Right,170,26,66,,70,51,63,62,62,65,64,45,54,68,43,61,56,48,62,59,73,68,67,67,74,63,60,70,64,53,62,62,57,60,48,62,63,60,69,9,12,7,14,13,10,Liga Portugal
D. de la Cruz,CD Nacional,Ecuador,2,RB,Right,191,22,60,,62,44,58,55,60,63,61,42,50,63,41,53,51,47,58,57,62,62,56,59,53,51,60,62,65,44,61,59,46,53,44,53,59,67,55,10,7,11,10,8,10,Liga Portugal
Matheus Dias,CD Nacional,Brasil,6,CDM,Right,187,24,68,,64,57,65,63,68,71,58,50,70,69,49,64,62,59,67,63,62,65,58,65,65,66,71,75,70,68,70,70,60,65,54,68,68,67,64,11,6,12,9,14,12,Liga Portugal
Liziero,CD Nacional,Brasil,28,CM,Left,177,28,68,,67,62,68,69,60,67,66,58,56,73,61,72,62,59,68,65,66,68,70,70,68,63,64,73,65,67,63,57,67,65,60,74,58,66,60,6,13,10,11,13,12,Liga Portugal
C. Labidi,CD Nacional,Túnez,15,"CM, CDM",Left,190,25,64,,60,56,66,63,56,64,63,51,58,66,53,62,59,55,67,66,62,59,61,63,57,57,58,63,65,65,63,54,66,71,62,63,55,58,57,7,9,6,7,14,9,Liga Portugal
Joel Silva,CD Nacional,Portugal,26,CM,Left,185,23,62,,58,57,64,60,54,61,57,51,56,71,53,58,58,54,63,62,59,57,61,61,59,62,53,71,61,64,51,56,61,64,54,63,49,57,51,15,8,9,11,12,13,Liga Portugal
D. Dongmo,CD Nacional,Camerún,31,CM,Left,182,25,63,,62,58,63,63,55,59,57,55,55,68,56,63,64,56,64,64,66,59,61,63,61,65,55,64,57,58,59,57,56,61,62,63,52,55,59,6,6,14,6,6,8,Liga Portugal
Deivison,CD Nacional,Brasil,88,CM,Right,185,20,56,,56,48,55,57,48,53,51,44,54,57,48,56,53,50,59,62,54,57,52,50,46,51,52,52,56,52,47,49,58,54,51,52,46,45,50,14,12,14,8,13,9,Liga Portugal
Josué Souza,CD Nacional,Brasil,18,CM,Right,170,21,53,,51,49,52,53,46,51,45,49,44,55,44,52,49,48,56,52,49,53,66,51,58,46,42,57,47,53,56,45,49,50,53,47,48,46,48,13,13,7,12,13,11,Liga Portugal
W. Kokolo,CD Nacional,Francia,21,LM,Left,181,26,63,,68,58,60,63,43,61,63,55,52,59,55,63,64,57,57,63,70,67,65,68,61,63,57,63,60,60,60,45,58,63,57,59,45,40,36,10,14,6,7,7,10,Liga Portugal
Daniel Jr,CD Nacional,Brasil,10,CAM,Left,174,24,65,,68,64,68,69,39,59,63,62,44,71,59,69,69,64,65,72,69,67,70,57,68,65,55,65,56,69,58,43,71,69,65,68,42,32,35,11,8,15,10,12,10,Liga Portugal
Matchoi Djaló,CD Nacional,Portugal,20,CAM,Right,180,23,64,,64,62,63,71,37,58,57,60,46,63,58,74,64,58,64,67,66,63,74,63,75,65,54,61,59,66,53,40,63,68,59,66,37,34,35,14,14,15,9,11,15,Liga Portugal
Filipe Soares,CD Nacional,Portugal,22,CAM,Right,180,27,65,,66,64,68,70,41,58,66,66,57,70,61,70,63,64,66,74,67,65,65,69,63,61,59,61,57,65,57,46,66,71,62,70,37,38,36,11,9,8,13,10,7,Liga Portugal
M. Baeza,CD Nacional,España,8,"CAM, CF",Left,177,26,61,,65,61,62,65,36,52,58,59,47,64,58,64,66,58,59,66,67,63,64,62,61,65,48,60,50,60,46,35,59,65,66,66,37,32,33,12,14,13,9,8,6,Liga Portugal
Mateus Iseppe,CD Nacional,Brasil,23,"CAM, CM",Right,178,20,59,,62,58,59,64,30,52,58,61,44,62,56,63,60,52,56,68,59,64,60,59,62,57,54,54,51,53,53,33,51,59,60,60,28,27,24,10,9,15,14,9,9,Liga Portugal
M. Song,CD Nacional,Corea del Sur,12,"LW, LM",Left,181,27,67,Corea del Sur,75,65,62,70,37,57,65,66,57,62,66,68,67,60,57,73,79,72,75,66,67,67,62,64,54,62,54,36,69,64,59,65,39,32,27,9,7,8,6,7,15,Liga Portugal
F. Nava,CD Nacional,Bolivia,17,LW,Left,186,22,61,Bolivia,66,60,59,61,31,56,59,59,51,62,60,59,62,58,51,61,65,67,67,63,59,62,53,60,58,58,49,31,66,60,57,59,26,32,24,8,11,11,14,12,6,Liga Portugal
M. Jensen,CD Nacional,Dinamarca,7,LW,Both,184,21,60,,65,58,55,66,30,55,60,58,53,55,54,69,53,56,51,66,69,61,64,59,57,59,51,63,55,60,44,34,59,54,59,59,28,25,23,13,13,14,6,9,13,Liga Portugal
S. Gavriel,CD Nacional,Chipre,11,RW,Left,180,24,64,,71,62,62,69,34,56,64,64,52,64,55,72,67,62,59,69,71,71,66,66,63,60,55,69,53,59,49,33,62,58,61,60,33,31,32,13,13,6,6,9,15,Liga Portugal
Pablo Ruan,CD Nacional,Brasil,99,"RW, RM",Right,181,23,63,,70,62,58,69,32,55,61,62,57,56,65,71,59,54,55,69,69,71,69,66,68,64,52,62,54,59,49,33,67,60,60,55,31,28,25,12,10,13,13,9,9,Liga Portugal
Watts,CD Nacional,Portugal,30,RW,Right,184,21,56,,65,55,51,58,25,52,54,54,47,51,55,60,58,54,40,58,67,63,62,54,53,52,50,56,52,57,47,27,58,52,56,50,24,21,16,7,14,7,13,13,10,Liga Portugal
A. Obando,CD Nacional,Ecuador,9,ST,Right,189,20,63,,67,66,53,61,28,66,50,68,64,55,62,67,55,55,49,56,62,71,61,59,53,67,70,54,73,61,61,23,68,55,67,58,26,25,20,10,9,12,15,7,13,Liga Portugal
N. Abdel,CD Nacional,Camerún,29,"ST, CF",Right,186,23,63,,62,62,52,62,31,65,48,66,68,58,63,64,59,53,44,62,60,64,60,60,54,59,62,61,71,58,57,24,65,51,59,66,30,26,25,6,10,11,6,7,11,Liga Portugal
J. Soriano,Académico Viseu FC,España,12,GK,Right,185,29,68,,39,28,36,35,25,49,27,22,25,41,22,24,25,18,36,38,37,41,43,64,48,52,57,36,60,23,37,32,16,41,28,46,23,21,25,69,67,59,70,65,48,Liga Portugal
Ewerton,Académico Viseu FC,Brasil,98,GK,Right,190,28,63,,36,22,30,30,22,45,22,13,20,36,15,20,14,17,37,33,34,37,36,53,44,45,50,38,49,23,41,29,12,31,24,44,24,18,21,71,64,51,60,68,41,Liga Portugal
M. Lavín,Académico Viseu FC,España,1,GK,Right,190,30,61,,35,21,29,26,18,47,17,13,22,33,11,14,24,16,34,29,31,39,37,57,43,43,46,37,56,20,39,25,10,37,24,38,17,15,15,60,61,56,62,65,37,Liga Portugal
Matheus Sampaio,Académico Viseu FC,Brasil,58,GK,Right,188,22,56,,34,16,24,22,16,42,10,10,15,26,10,10,12,10,34,25,33,34,27,49,37,36,45,39,49,14,27,22,10,35,18,36,15,14,14,55,56,51,57,60,31,Liga Portugal
A. Correia,Académico Viseu FC,Francia,41,CB,Both,185,27,68,,65,45,57,57,72,70,49,38,72,66,42,50,50,48,62,59,67,64,65,66,62,59,67,66,72,49,71,66,40,49,47,70,77,74,66,10,11,9,12,11,12,Liga Portugal
H. Gambor,Académico Viseu FC,República Centroafricana,4,"CB, CDM",Right,186,23,63,,60,42,51,53,67,66,51,35,62,58,40,50,46,45,55,59,56,64,49,57,47,63,68,62,68,41,63,70,34,38,42,54,64,69,68,10,11,11,12,12,10,Liga Portugal
N. Michelis,Académico Viseu FC,Grecia,2,"CB, RB",Left,192,25,65,,62,47,52,53,64,70,54,46,70,56,43,49,43,50,55,54,59,65,51,62,47,62,67,63,74,37,67,67,46,45,43,71,62,62,66,10,6,14,11,7,8,Liga Portugal
Rúben Pereira,Académico Viseu FC,Portugal,44,CB,Right,193,28,59,,50,40,47,49,62,61,47,36,65,53,32,45,39,36,52,53,48,51,46,56,47,54,61,54,65,41,61,61,33,39,35,55,63,60,60,15,10,7,7,13,8,Liga Portugal
Pedro Barcelos,Académico Viseu FC,Brasil,5,"CB, RB",Left,188,30,61,,57,39,49,49,61,62,41,32,63,57,35,49,42,44,55,46,55,58,52,63,49,55,61,56,65,41,64,59,35,42,40,58,59,64,62,10,14,9,12,13,11,Liga Portugal
Gu Costa,Académico Viseu FC,Portugal,57,"LB, LM",Left,180,21,65,,70,50,60,62,64,62,65,44,60,62,54,61,61,50,57,60,69,71,63,66,70,62,60,67,59,48,64,68,54,56,46,61,69,56,64,9,15,11,10,6,11,Liga Portugal
M. Ángel Brau,Académico Viseu FC,España,3,"LB, RB",Left,183,24,65,,70,49,60,60,63,69,63,41,65,64,50,53,58,57,60,65,68,72,67,61,65,65,67,65,72,48,66,63,51,53,49,56,62,64,63,11,6,15,7,7,8,Liga Portugal
Igor Milioransa,Académico Viseu FC,Brasil,66,LB,Left,185,30,61,,66,45,57,60,59,60,61,39,54,62,46,59,55,50,52,59,66,66,64,62,60,55,58,68,58,47,57,58,50,50,45,66,58,61,59,8,8,15,12,15,12,Liga Portugal
Robinho,Académico Viseu FC,Portugal,75,"RB, LB",Right,178,29,65,,67,47,60,58,66,65,66,42,61,63,47,56,58,54,57,58,70,65,61,62,66,57,59,74,62,46,63,68,50,54,54,61,65,66,65,13,13,11,11,7,14,Liga Portugal
Tomás Domingos,Académico Viseu FC,Portugal,21,"RB, RM",Right,175,27,58,,63,44,55,55,57,54,60,39,52,57,38,55,50,47,55,53,61,64,58,57,61,58,53,61,50,44,56,57,49,50,38,52,57,58,60,6,15,6,13,11,13,Liga Portugal
A. Babic,Académico Viseu FC,Croacia,29,CDM,Right,181,22,58,,54,48,52,52,58,62,49,42,54,58,46,52,48,51,51,51,57,51,50,58,53,56,59,64,62,54,62,60,52,48,44,58,55,61,53,6,8,6,15,12,13,Liga Portugal
André Ceitil,Académico Viseu FC,Portugal,6,"CDM, CM",Right,184,31,62,,57,53,59,56,65,64,55,47,62,60,40,56,50,54,62,57,59,55,51,63,56,62,59,62,64,61,69,68,49,62,53,61,66,65,63,11,8,9,8,8,15,Liga Portugal
S. Messeguem,Académico Viseu FC,Alemania,14,CM,Left,180,25,67,,67,63,69,70,59,65,65,62,56,71,51,70,62,64,73,72,64,69,66,71,65,66,58,68,64,64,65,60,67,71,60,70,59,59,56,10,14,7,9,12,14,Liga Portugal
C. Ferreira,Académico Viseu FC,Argentina,18,"CM, CAM",Right,175,27,62,,59,57,64,63,54,59,58,54,47,67,56,63,56,59,69,65,57,60,61,54,57,60,50,65,56,59,62,56,59,63,59,59,53,55,55,9,9,10,8,10,6,Liga Portugal
Luís Silva,Académico Viseu FC,Portugal,7,"CM, CAM",Left,185,34,65,,62,60,68,64,58,62,61,58,65,74,53,65,65,53,71,62,64,61,65,70,67,61,58,67,59,63,62,58,60,67,61,68,57,59,54,11,14,6,14,7,10,Liga Portugal
C. Kahraman,Académico Viseu FC,Turquía,8,"CAM, CF",Right,175,27,67,,68,65,69,72,41,59,65,65,52,72,62,73,69,68,66,72,71,66,70,69,72,67,47,62,59,63,59,44,69,72,62,66,43,34,35,7,11,8,6,15,11,Liga Portugal
A. Mestanza,Académico Viseu FC,España,45,CAM,Right,177,21,58,,57,61,59,60,32,49,56,64,46,60,53,60,58,50,54,60,61,53,63,60,62,61,42,54,48,59,49,33,58,66,60,55,32,29,29,9,14,12,6,15,8,Liga Portugal
Á. Zamora,Académico Viseu FC,Costa Rica,10,"LW, LM",Left,180,24,69,,77,67,67,67,38,63,71,65,55,67,67,67,72,66,61,66,76,78,69,65,72,68,59,71,61,67,58,40,72,66,68,71,38,32,36,8,9,8,7,14,15,Liga Portugal
L. Gohi,Académico Viseu FC,Costa de Marfil,47,LW,Both,182,22,61,,69,58,61,63,31,58,67,56,53,60,58,62,58,53,56,66,71,68,62,58,58,61,53,65,60,61,48,31,63,62,57,59,31,25,26,9,7,11,7,9,15,Liga Portugal
João Guilherme,Académico Viseu FC,Brasil,31,RW,Right,180,25,66,,79,65,65,67,36,57,65,66,57,69,62,70,65,61,56,63,78,79,72,65,69,64,57,62,56,65,53,41,71,66,63,70,35,28,31,12,8,14,14,7,10,Liga Portugal
V. Fernández,Académico Viseu FC,España,17,"RW, ST",Right,182,26,61,,66,59,62,64,30,56,67,59,46,64,60,65,60,55,54,65,68,64,57,64,69,62,50,62,55,55,51,27,63,60,54,58,30,29,23,9,12,8,10,15,12,Liga Portugal
N. Mortimer,Académico Viseu FC,España,22,"RW, RM",Left,178,25,60,,67,61,58,61,30,51,66,63,48,58,54,60,56,57,49,60,68,66,68,61,60,62,47,57,50,58,49,28,62,58,57,65,33,25,26,15,15,12,6,15,8,Liga Portugal
André Clóvis,Académico Viseu FC,Brasil,33,"ST, LW",Right,186,28,69,,69,72,60,66,34,68,54,73,67,61,67,64,61,59,59,69,67,71,62,75,65,74,68,67,73,70,57,36,72,63,69,71,28,29,29,10,8,6,12,12,15,Liga Portugal
M. Bouldini,Académico Viseu FC,Marruecos,9,"ST, LW",Right,187,30,64,,62,66,58,65,31,64,57,69,68,62,63,63,59,54,51,68,67,58,60,68,59,63,67,56,69,62,59,35,71,57,65,64,26,21,29,15,8,15,15,6,8,Liga Portugal
Paulinho,Académico Viseu FC,Portugal,77,ST,Right,186,27,60,,58,60,51,59,26,61,48,62,64,56,58,59,51,49,45,60,60,56,58,59,57,63,61,57,63,52,59,18,62,50,65,59,27,23,12,10,13,10,10,13,14,Liga Portugal
F. Vieites,CS Marítimo,España,30,GK,Left,196,27,65,,42,24,37,32,24,48,25,17,29,45,13,21,19,14,41,34,42,42,42,63,45,48,54,42,52,22,44,35,10,40,22,45,19,22,21,64,66,58,65,71,39,Liga Portugal
Gonçalo Tabuaço,CS Marítimo,Portugal,99,GK,Right,188,25,59,,34,18,25,26,18,44,11,10,15,29,10,12,12,19,29,32,35,33,37,50,36,43,48,31,54,12,36,29,13,35,19,38,19,13,10,56,55,54,60,65,37,Liga Portugal
A. Pastor,CS Marítimo,España,1,GK,Right,192,26,56,,32,16,23,23,14,40,11,10,21,30,10,10,10,11,26,27,33,31,28,52,37,36,44,33,43,14,38,19,10,27,17,37,10,13,10,56,51,54,60,54,34,Liga Portugal
Romain Correia,CS Marítimo,Portugal,44,CB,Right,187,27,66,,65,47,56,57,71,71,59,39,69,61,43,54,48,48,59,60,63,67,59,64,55,65,67,63,73,48,76,66,40,47,47,60,72,74,68,10,11,12,6,9,7,Liga Portugal
G. Szalai,CS Marítimo,Hungría,22,CB,Left,191,26,64,,57,45,52,53,68,68,49,40,72,59,39,49,47,47,56,54,59,55,53,60,52,57,66,60,71,46,69,69,38,44,43,63,68,66,65,6,9,13,7,12,7,Liga Portugal
Rafael Fernandes,CS Marítimo,Portugal,64,"CB, CDM",Right,191,24,61,,59,41,48,51,66,65,41,34,70,55,36,47,39,45,51,53,58,59,49,57,45,54,68,60,66,44,69,67,39,41,44,65,61,67,69,15,8,7,7,12,9,Liga Portugal
Nilton,CS Marítimo,Portugal,5,LB,Left,182,25,66,,68,49,61,62,62,65,67,47,59,67,48,56,58,48,58,63,68,68,74,65,67,54,71,75,58,45,67,62,56,52,50,64,59,63,69,9,7,7,15,9,7,Liga Portugal
Paulo Henrique,CS Marítimo,Portugal,23,"LB, LM",Left,182,29,64,,70,48,59,61,60,62,60,40,56,64,46,61,56,51,58,59,72,69,65,64,57,61,61,64,61,52,64,62,54,54,45,63,58,61,63,7,8,8,8,9,13,Liga Portugal
N. Ogbeta,CS Marítimo,Inglaterra,3,LB,Left,184,25,62,,67,48,57,58,58,62,65,42,58,56,45,61,48,46,58,53,67,67,60,56,66,59,67,71,60,52,54,54,52,55,51,60,56,61,62,15,11,15,6,10,12,Liga Portugal
Tomás Tavares,CS Marítimo,Portugal,15,RB,Right,184,25,62,,69,48,57,61,57,62,61,42,55,59,42,56,58,50,59,67,68,70,64,65,59,61,64,63,61,51,61,59,47,48,52,59,57,58,56,10,10,6,7,11,8,Liga Portugal
Igor Julião,CS Marítimo,Brasil,2,"RB, RM",Right,175,32,62,,65,48,57,59,58,60,61,45,52,59,43,59,55,50,50,57,69,62,62,64,66,55,59,67,57,47,57,56,46,56,48,62,61,58,60,12,13,15,13,6,13,Liga Portugal
V. Danilović,CS Marítimo,Bosnia y Herzegovina,18,"CDM, CM",Right,183,27,65,,58,58,59,64,69,66,54,56,64,62,51,61,53,57,62,67,58,58,61,63,64,68,65,68,65,56,68,67,56,58,54,70,73,69,62,10,6,8,8,10,9,Liga Portugal
Rodri Andrade,CS Marítimo,Portugal,6,"CDM, CB",Right,180,24,63,,62,55,63,57,62,67,53,52,51,72,47,56,52,56,67,59,63,62,49,61,52,61,56,69,67,59,66,62,53,59,51,68,63,65,63,11,9,12,14,7,9,Liga Portugal
Francisco Silva,CS Marítimo,Portugal,16,CDM,Right,182,19,60,,57,51,57,57,60,63,53,45,58,60,41,60,53,51,62,56,59,56,52,59,56,59,52,65,62,56,65,60,60,55,48,56,59,61,61,15,13,11,11,10,11,Liga Portugal
Y. Santiago,CS Marítimo,España,25,CM,Right,192,22,62,,58,56,64,63,55,63,57,55,56,70,52,66,57,57,61,63,65,52,56,60,53,57,61,63,63,59,62,53,63,66,54,63,59,53,52,12,11,12,14,15,6,Liga Portugal
I. Alani,CS Marítimo,Nigeria,21,CM,Right,175,20,58,,56,57,57,60,50,54,50,52,47,63,53,58,54,54,60,64,57,55,58,57,65,68,54,58,51,58,54,47,57,55,53,56,50,54,50,8,6,10,13,15,6,Liga Portugal
Raphael Guzzo,CS Marítimo,Portugal,14,CM,Right,178,31,65,,62,59,65,64,57,63,62,53,55,63,57,67,63,54,68,58,62,62,69,66,65,63,52,74,59,64,64,60,63,71,65,61,52,60,58,13,12,13,8,15,15,Liga Portugal
I. Isaac Ayuma,CS Marítimo,Nigeria,66,CM,Right,185,21,59,,59,54,57,58,51,60,57,50,48,57,51,54,59,50,57,62,58,60,58,63,57,57,54,63,61,60,56,55,55,60,50,57,50,50,53,14,13,14,13,7,8,Liga Portugal
Nélio Batista,CS Marítimo,Portugal,68,"CM, CDM",Right,173,17,61,,62,56,62,59,52,58,55,51,55,66,53,57,59,59,62,60,63,61,61,62,63,62,50,65,54,63,59,56,57,64,50,55,52,50,50,10,9,14,6,14,9,Liga Portugal
M. Dominguez,CS Marítimo,Suiza,8,CAM,Left,173,30,64,,63,62,65,68,36,56,63,59,48,67,59,67,64,64,62,71,62,64,70,57,65,67,55,60,56,65,51,38,62,68,61,66,31,35,39,15,11,6,7,7,8,Liga Portugal
M. Tejón,CS Marítimo,España,10,"LW, LM",Left,165,22,68,,79,69,66,73,38,57,72,71,46,67,55,70,72,59,60,75,75,82,81,71,79,71,54,65,55,64,54,38,74,63,67,66,35,40,35,10,14,12,11,8,11,Liga Portugal
S. Bouzaidi,CS Marítimo,Marruecos,11,LW,Left,171,26,69,,77,69,68,73,37,61,70,70,57,69,64,75,65,59,64,72,77,77,78,64,76,69,56,67,61,68,56,34,72,68,63,69,38,33,34,14,15,6,15,12,15,Liga Portugal
E. Peña Zauner,CS Marítimo,Venezuela,7,"LW, LM",Left,177,26,60,,66,60,55,64,29,52,61,60,48,55,59,62,61,49,50,66,67,66,70,65,63,61,48,61,49,59,47,29,66,54,56,60,25,29,20,9,9,15,9,10,8,Liga Portugal
B. Limbombe,CS Marítimo,Bélgica,35,"RW, RM",Right,172,25,64,,75,63,63,66,35,53,63,65,51,64,62,69,65,61,58,63,71,78,71,58,62,63,58,55,53,59,50,38,64,63,63,60,38,28,26,6,12,13,14,6,9,Liga Portugal
S. Bamba,CS Marítimo,Alemania,27,RW,Both,179,22,60,,64,58,58,62,28,52,60,60,44,59,54,65,59,57,52,59,61,67,64,63,63,58,54,60,51,52,46,27,65,59,56,59,28,25,20,14,11,10,9,12,6,Liga Portugal
Xiko Gomes,CS Marítimo,Portugal,20,RW,Right,175,22,58,,64,55,53,64,26,49,59,55,44,51,55,64,56,49,50,66,61,67,64,60,64,51,45,59,45,56,46,26,57,54,57,57,19,27,21,9,11,6,15,8,13,Liga Portugal
A. Butzke,CS Marítimo,España,3,ST,Right,193,27,66,,67,71,58,61,33,68,56,76,69,64,61,62,62,55,49,62,70,65,56,62,52,74,72,60,73,58,62,30,71,57,67,64,32,26,26,15,12,7,8,8,14,Liga Portugal
M. Boakye,CS Marítimo,Alemania,90,"ST, CF",Right,179,22,61,,64,64,52,64,28,62,53,68,60,56,61,66,50,51,42,63,64,64,64,68,59,64,60,54,69,58,54,29,62,54,59,64,22,25,19,8,8,12,10,14,15,Liga Portugal
José Melro,CS Marítimo,Portugal,9,ST,Left,183,22,61,,61,63,52,62,29,62,49,66,60,55,59,62,58,51,50,62,57,65,60,69,57,68,64,57,65,54,60,29,65,51,61,64,28,22,19,11,10,8,10,9,14,Liga Portugal
M. Bassouamina,CS Marítimo,Congo,12,ST,Right,172,28,62,,62,63,53,61,30,60,47,65,59,59,59,64,56,51,44,56,59,65,67,63,57,65,61,58,64,59,54,31,66,56,61,66,29,24,18,14,11,8,10,12,11,Liga Portugal
