short_name,club_name,nationality_name,club_jersey_number,player_positions,preferred_foot,height_cm,age,overall,seleccion,pace,shooting,passing,dribbling,defending,physic,attacking_crossing,attacking_finishing,attacking_heading_accuracy,attacking_short_passing,attacking_volleys,skill_dribbling,skill_curve,skill_fk_accuracy,skill_long_passing,skill_ball_control,movement_acceleration,movement_sprint_speed,movement_agility,movement_reactions,movement_balance,power_shot_power,power_jumping,power_stamina,power_strength,power_long_shots,mentality_aggression,mentality_interceptions,mentality_positioning,mentality_vision,mentality_penalties,mentality_composure,defending_marking_awareness,defending_standing_tackle,defending_sliding_tackle,goalkeeping_diving,goalkeeping_handling,goalkeeping_kicking,goalkeeping_positioning,goalkeeping_reflexes,goalkeeping_speed,league_name
Z. Suzuki,Aston Villa,Japón,1,GK,Right,190,24,81,Japón,57,38,48,46,40,63,33,34,40,52,35,32,35,40,54,50,58,57,51,79,61,56,66,59,68,33,54,47,31,56,36,65,35,43,36,79,80,75,80,80,59,Copa Asiática
L. Kokubo,Sint-Truidense VV,Japón,12,GK,Right,193,25,71,Japón,43,31,38,39,29,54,19,25,31,47,17,29,29,26,42,40,42,44,47,67,54,48,56,44,60,30,50,39,22,45,35,54,27,26,25,70,69,67,70,73,49,Copa Asiática
T. Hayakawa,Kashima Antlers,Japón,23,GK,Right,187,27,70,Japón,45,27,40,37,29,54,29,18,32,45,19,27,25,27,41,38,44,45,44,69,48,52,66,44,58,26,52,34,21,50,29,51,27,26,29,66,64,61,69,73,51,Copa Asiática
H. Ito,Bayern Múnich,Japón,21,"CB, CDM",Left,188,27,80,Japón,75,57,68,70,82,84,69,50,84,75,49,68,59,58,71,72,73,76,69,79,67,75,83,76,88,62,82,81,51,56,51,78,82,83,76,7,12,11,11,15,15,Copa Asiática
A. Seko,Le Havre AC,Japón,3,"CB, CDM",Right,186,26,70,Japón,66,51,56,57,71,71,52,45,68,64,42,52,50,51,56,58,67,66,61,66,54,65,68,65,74,52,72,71,46,51,52,67,67,75,71,12,13,13,10,14,13,Copa Asiática
K. Itakura,Borussia Mönchengladbach,Japón,4,"CB, RB",Right,188,29,73,Japón,69,54,61,61,74,74,55,50,69,70,44,56,55,52,62,66,70,68,62,64,62,69,76,64,77,56,78,76,43,56,50,67,76,74,72,15,13,7,6,13,14,Copa Asiática
J. Suzuki,FC Copenhague,Japón,25,"CB, CDM",Right,180,23,71,Japón,63,52,59,62,74,74,60,48,69,67,46,59,51,51,58,62,59,66,58,71,66,66,73,70,77,50,73,73,47,51,45,72,74,78,74,11,14,7,14,10,9,Copa Asiática
H. Araki,Sanfrecce Hiroshima,Japón,22,CB,Right,186,30,68,Japón,63,52,57,60,72,72,53,51,72,63,42,60,50,53,61,61,61,65,54,65,55,62,70,56,79,49,73,68,44,49,45,65,73,72,73,7,12,8,9,9,9,Copa Asiática
S. Nakano,Sanfrecce Hiroshima,Japón,2,"RB, RM",Right,183,26,66,Japón,71,53,63,63,63,67,73,52,60,64,50,62,62,51,58,62,70,72,67,61,60,59,64,71,67,50,61,64,57,59,51,66,63,62,70,10,10,10,8,12,9,Copa Asiática
H. Heroki Mochizuki,Machida Zelvia,Japón,32,"RB, RM",Right,192,25,65,Japón,71,51,58,61,66,64,64,49,62,60,45,60,60,49,62,61,73,70,62,70,59,58,63,65,65,49,61,66,50,49,49,57,67,66,65,13,8,7,12,13,9,Copa Asiática
K. Sano,1.FSV Mainz 05,Japón,24,"CDM, CM",Both,176,25,80,Japón,76,70,74,77,81,81,72,67,75,73,69,77,79,75,81,77,75,76,81,74,71,78,77,88,77,69,83,80,70,73,66,83,82,83,84,11,10,9,15,11,14,Copa Asiática
K. Sano,PSV Eindhoven,Japón,28,"CDM, CB",Right,180,23,77,Japón,71,70,73,74,77,77,67,66,78,78,61,73,60,67,74,76,71,71,70,77,69,75,75,80,77,78,76,80,70,72,70,75,73,80,75,6,6,15,15,8,10,Copa Asiática
S. Tanaka,FC Schalke 04,Japón,6,"CDM, CB",Left,175,24,73,Japón,66,64,67,71,76,73,60,63,73,70,58,68,63,58,72,74,64,67,71,78,72,69,69,78,70,63,74,76,63,67,59,74,75,79,77,12,6,8,10,12,10,Copa Asiática
A. Tanaka,Leeds United,Japón,17,"CM, CAM",Right,180,28,76,Japón,73,68,75,79,67,77,69,65,63,77,63,77,73,68,74,84,74,72,74,77,72,68,70,79,77,76,74,68,75,82,70,73,66,71,64,7,8,13,7,15,11,Copa Asiática
D. Kamada,Crystal Palace,Japón,15,CM,Right,180,30,76,Japón,69,70,76,76,68,71,70,68,68,79,66,74,75,72,75,79,70,68,77,78,74,72,68,78,68,75,71,73,76,80,68,79,68,68,63,6,12,7,8,12,14,Copa Asiática
K. Matsuki,Southampton FC,Japón,19,"CAM, CM",Left,180,23,68,Japón,68,70,68,70,41,59,64,70,56,71,63,68,70,64,61,74,67,69,68,70,69,70,58,64,58,70,54,40,70,71,69,66,41,40,33,12,10,9,6,6,13,Copa Asiática
D. Maeda,Ipswich Town,Japón,11,"LW, ST",Left,173,28,73,Japón,76,71,72,75,40,64,75,71,62,73,70,70,72,70,67,77,74,78,81,76,79,70,62,73,61,71,61,44,71,72,73,76,37,36,36,10,14,7,12,10,13,Copa Asiática
K. Nakamura,Olympique de Lyon,Japón,13,"LW, LM",Left,180,26,74,Japón,82,70,71,78,44,68,81,72,63,71,71,78,79,71,62,76,81,82,87,73,76,70,62,72,70,67,60,46,70,64,73,71,40,42,38,9,8,15,15,10,9,Copa Asiática
Y. Soma,Machida Zelvia,Japón,7,"LW, LM",Left,166,29,71,Japón,78,72,69,75,40,63,70,74,54,67,71,75,68,66,70,75,77,78,78,66,74,65,62,69,62,76,60,43,76,72,69,72,38,37,35,8,7,15,14,14,9,Copa Asiática
S. Saito,KVC Westerlo,Japón,29,LW,Left,174,21,65,Japón,68,66,63,69,35,57,68,66,52,63,64,73,59,59,52,62,68,68,75,67,72,65,54,67,56,65,49,40,72,66,65,66,36,27,27,7,7,6,14,9,12,Copa Asiática
T. Kubo,Real Sociedad,Japón,20,RW,Left,173,25,79,Japón,88,78,78,84,49,71,81,78,65,79,73,82,82,74,71,88,89,87,86,81,79,80,68,79,68,76,69,49,77,80,77,77,50,44,42,8,6,11,12,13,14,Copa Asiática
R. Doan,Eintracht Fráncfort​​,Japón,10,"RW, ST",Left,172,28,78,Japón,83,75,78,82,48,70,80,76,60,82,76,81,70,74,72,86,86,81,78,77,90,72,66,78,66,77,70,50,80,76,71,73,48,44,48,14,6,11,6,10,11,Copa Asiática
J. Ito,KRC Genk,Japón,14,"RW, RM",Right,177,33,75,Japón,76,76,75,79,46,66,77,78,64,77,74,83,77,66,65,76,75,76,77,79,74,78,65,75,64,70,62,53,77,77,74,74,46,39,36,7,15,9,10,9,15,Copa Asiática
Y. Suzuki,SC Friburgo,Japón,8,CAM,Right,175,24,79,Japón,82,77,79,81,50,70,81,76,61,77,72,83,82,75,75,80,84,81,76,77,83,78,66,80,68,79,65,53,78,84,78,80,52,47,38,13,11,12,10,13,11,Copa Asiática
A. Ueda,LOSC Lille,Japón,18,ST,Right,182,28,79,Japón,81,80,70,80,43,80,69,80,80,78,75,76,76,67,60,84,84,79,79,80,74,82,77,77,82,77,78,41,84,65,80,82,36,39,43,15,10,14,11,8,9,Copa Asiática
K. Goto,SC Friburgo,Japón,9,"ST, CF",Right,191,21,74,Japón,77,72,63,70,40,75,62,71,83,65,75,69,68,66,55,71,76,77,68,76,69,78,80,73,81,65,63,32,80,65,76,72,41,32,33,7,7,13,7,8,14,Copa Asiática
K. Shiogai,VfL Wolfsburgo,Japón,26,"ST, CF",Right,180,21,68,Japón,67,72,60,65,36,69,60,74,64,67,77,63,55,56,53,65,64,69,67,67,68,75,68,69,71,64,64,43,73,54,67,73,34,29,26,10,14,15,14,8,14,Copa Asiática
K. Tanimura,Yokohama F. Marinos,Japón,31,"ST, LW",Right,183,28,68,Japón,65,70,58,64,34,65,62,73,74,58,72,63,61,62,53,65,64,66,63,68,68,68,68,62,67,65,63,34,78,55,68,69,32,27,26,8,11,15,8,15,9,Copa Asiática
B. Song,Jeonbuk Hyundai Motors,Corea del Sur,12,GK,Right,196,28,65,Corea del Sur,39,22,34,32,23,48,19,14,21,40,16,20,16,20,38,36,42,37,35,64,45,43,59,46,51,23,39,27,17,41,26,50,25,20,20,59,64,59,68,66,47,Copa Asiática
H. Jo,Ulsan HD FC,Corea del Sur,21,GK,Right,189,35,68,Corea del Sur,41,26,34,34,26,53,18,22,30,38,19,22,23,19,40,37,40,41,41,67,43,44,56,42,59,22,50,34,14,46,28,47,18,28,25,70,65,63,65,70,41,Copa Asiática
S. Kim,FC Tokyo,Corea del Sur,1,GK,Right,189,36,68,Corea del Sur,34,26,36,36,27,55,24,20,25,41,15,22,26,22,40,42,39,30,45,74,45,51,59,45,63,17,46,30,18,43,29,48,24,28,26,72,66,62,68,67,49,Copa Asiática
S. Gu,FC Seoul,Corea del Sur,23,GK,Right,197,32,67,Corea del Sur,38,22,37,33,26,51,21,14,26,43,13,17,16,27,41,38,37,39,45,62,47,43,58,45,57,18,41,31,18,45,29,50,23,27,24,70,67,61,66,63,47,Copa Asiática
M. Kim,Bayern Múnich,Corea del Sur,4,CB,Right,190,29,80,Corea del Sur,77,60,66,68,84,82,59,57,86,75,52,68,57,65,70,65,77,77,67,78,70,72,81,79,84,59,79,81,48,57,60,77,84,87,79,13,13,12,7,15,14,Copa Asiática
H. Lee,Club Brujas KV,Corea del Sur,2,"CB, RB",Right,188,24,68,Corea del Sur,57,49,58,55,73,69,51,43,76,65,40,53,49,45,67,56,57,57,48,64,62,65,71,62,71,52,70,71,42,50,48,67,74,74,69,14,11,14,6,10,11,Copa Asiática
T. Kim,Kashima Antlers,Corea del Sur,5,CB,Left,187,26,68,Corea del Sur,63,51,57,55,73,72,54,46,69,64,42,51,48,49,57,54,68,59,61,63,57,66,73,69,72,50,73,75,46,51,47,66,68,79,69,8,13,12,11,6,13,Copa Asiática
W. Cho,Jeonbuk Hyundai Motors,Corea del Sur,28,"CB, RB",Right,190,25,65,Corea del Sur,59,47,52,53,69,67,50,40,67,55,44,47,48,50,57,55,57,61,58,61,54,63,66,61,69,50,68,70,42,44,43,65,66,70,71,11,6,11,7,13,11,Copa Asiática
G. Kim,Incheon United,Corea del Sur,25,CB,Right,192,24,64,Corea del Sur,59,45,52,52,69,69,46,40,73,60,41,47,46,47,57,56,62,56,52,59,51,57,71,63,73,45,68,77,38,45,46,67,66,68,64,9,11,10,15,7,12,Copa Asiática
T. Lee,FK Austria Viena,Corea del Sur,13,LB,Left,174,24,70,Corea del Sur,74,58,66,65,68,69,69,55,64,70,54,63,56,58,60,64,72,75,74,69,71,67,68,76,68,58,65,70,59,65,58,68,70,68,67,11,7,12,7,8,9,Copa Asiática
T. Kim,Jeonbuk Hyundai Motors,Corea del Sur,3,LB,Left,175,29,65,Corea del Sur,69,51,62,67,63,61,69,47,59,64,48,63,56,50,62,68,72,66,70,74,72,58,57,68,56,52,65,63,55,56,48,65,64,64,63,10,13,9,14,13,13,Copa Asiática
H. Cho,Ulsan HD FC,Corea del Sur,26,"LB, RB",Left,182,25,63,Corea del Sur,66,46,57,60,62,64,61,39,55,61,46,59,60,47,59,59,64,67,60,64,58,56,61,73,62,49,61,62,52,48,51,64,63,62,61,15,11,14,15,10,14,Copa Asiática
Y. Seol,FC Augsburgo,Corea del Sur,22,RB,Right,183,27,70,Corea del Sur,76,56,66,66,68,73,70,54,66,70,48,67,64,54,70,62,78,74,68,71,71,61,68,75,73,56,73,67,60,58,56,69,65,71,69,13,12,10,10,13,13,Copa Asiática
J. Choi,FC Seoul,Corea del Sur,15,RB,Right,177,27,64,Corea del Sur,70,49,60,63,62,63,69,46,55,61,45,60,52,52,58,64,67,73,68,66,67,53,64,64,62,54,62,64,51,57,48,59,60,64,64,15,13,15,13,6,15,Copa Asiática
J. Park,Zhejiang FC,Corea del Sur,16,CDM,Right,183,30,68,Corea del Sur,62,58,65,65,69,71,57,52,65,69,50,64,59,54,73,65,63,61,65,68,62,66,68,71,70,66,74,67,61,62,62,72,74,66,67,11,15,7,11,11,9,Copa Asiática
I. Hwang,FC Oporto,Corea del Sur,6,"CM, CDM",Both,177,30,74,Corea del Sur,74,70,75,75,64,71,73,67,66,76,59,76,66,64,79,75,71,77,73,73,76,73,63,80,69,74,68,68,72,75,68,74,65,61,65,11,15,15,11,12,13,Copa Asiática
S. Paik,Birmingham City,Corea del Sur,8,CM,Right,182,29,69,Corea del Sur,62,64,69,70,63,64,66,63,61,73,61,71,64,65,72,67,66,58,75,75,65,65,62,67,64,65,62,58,63,66,66,69,63,67,59,8,10,13,7,12,8,Copa Asiática
B. Kim,Daejeon Hana Citizen,Corea del Sur,24,"CM, CDM",Right,181,26,66,Corea del Sur,61,63,65,68,61,62,63,62,61,62,55,64,61,60,72,73,59,63,62,61,72,65,59,68,59,66,62,65,64,70,58,70,62,61,52,10,8,15,15,15,8,Copa Asiática
T. Park,Gimcheon Sangmu,Corea del Sur,30,CM,Right,176,27,63,Corea del Sur,62,56,66,62,53,60,59,52,51,73,50,59,59,56,65,62,64,60,61,68,66,62,53,69,57,60,58,48,61,65,57,69,56,55,50,9,7,15,15,8,15,Copa Asiática
K. Lee,Atlético de Madrid,Corea del Sur,19,"CAM, CF",Left,173,25,82,Corea del Sur,81,82,82,83,52,74,77,82,64,84,78,85,85,80,83,81,83,80,84,84,83,80,71,80,73,84,72,59,86,84,77,83,49,46,49,11,13,11,10,8,6,Copa Asiática
J. Lee,1.FSV Mainz 05,Corea del Sur,10,CAM,Left,180,34,71,Corea del Sur,66,68,73,75,46,62,68,68,61,76,67,77,74,71,66,73,70,62,74,74,69,65,60,70,59,70,58,50,72,80,67,74,46,40,39,10,7,6,10,12,14,Copa Asiática
D. Lee,Ulsan HD FC,Corea del Sur,14,"CAM, CM",Left,175,29,70,Corea del Sur,68,70,73,72,44,63,76,68,55,72,63,73,71,64,73,71,67,68,73,71,72,71,58,70,62,75,59,42,69,74,73,70,48,38,38,6,9,6,7,11,8,Copa Asiática
H. Son,Los Ángeles FC,Corea del Sur,7,"LW, LM",Both,183,34,82,Corea del Sur,82,80,82,87,49,76,81,82,70,86,82,89,80,73,76,86,80,83,83,88,84,81,75,87,73,72,70,48,85,81,78,86,45,48,47,14,6,8,6,12,6,Copa Asiática
M. Kim,Rangers FC,Corea del Sur,27,"LW, ST",Left,177,20,69,Corea del Sur,78,70,66,72,35,61,67,72,56,65,70,73,70,66,62,74,80,77,70,67,73,67,55,72,61,68,47,34,71,69,65,64,30,34,33,7,15,10,12,8,12,Copa Asiática
M. Song,CD Nacional,Corea del Sur,17,"LW, LM",Left,181,27,67,Corea del Sur,75,65,62,70,37,57,65,66,57,62,66,68,67,60,57,73,79,72,75,66,67,67,62,64,54,62,54,36,69,64,59,65,39,32,27,9,7,8,6,7,15,Copa Asiática
S. Jeong,FC Seoul,Corea del Sur,29,RW,Right,173,29,68,Corea del Sur,78,66,65,71,38,61,64,66,52,67,62,69,68,62,58,72,76,80,77,73,72,69,60,67,62,66,53,35,68,67,65,67,38,35,35,9,13,15,8,11,9,Copa Asiática
H. Oh,Besiktas JK,Corea del Sur,18,ST,Right,187,25,75,Corea del Sur,75,77,66,73,43,74,64,78,76,70,74,69,66,64,59,77,70,79,75,77,69,78,79,75,76,75,66,44,87,69,74,75,37,40,36,6,15,8,10,11,10,Copa Asiática
H. Hwang,FC Schalke 04,Corea del Sur,11,"ST, CF",Right,177,30,71,Corea del Sur,73,74,61,70,37,71,55,77,68,66,72,67,64,62,55,73,74,72,72,75,66,72,76,72,74,68,62,39,80,63,71,66,30,36,29,15,7,9,11,12,7,Copa Asiática
G. Cho,FC Midtjylland,Corea del Sur,9,"ST, CF",Right,188,28,70,Corea del Sur,71,73,60,66,35,70,55,74,73,66,69,60,64,63,51,71,74,69,64,70,68,74,73,67,73,70,64,31,75,60,75,68,32,30,27,6,9,10,13,15,9,Copa Asiática
S. Oh,Shimizu S-Pulse,Corea del Sur,20,ST,Left,194,27,66,Corea del Sur,68,68,56,62,28,67,55,69,66,59,61,60,58,51,53,63,62,73,57,71,60,71,71,60,74,66,55,28,75,53,65,69,24,22,25,10,7,11,8,15,15,Copa Asiática
A. Nematov,Nasaf Qarshi,Uzbekistán,12,GK,Right,182,25,69,Uzbekistán,44,28,37,36,28,51,24,23,30,41,24,24,21,24,44,38,46,43,49,61,48,50,56,45,54,23,48,34,16,44,27,48,26,26,24,66,63,66,70,70,42,Copa Asiática
V. Nazarov,Pakhtakor Tashkent,Uzbekistán,1,GK,Right,188,24,62,Uzbekistán,39,17,31,31,20,45,18,10,20,36,18,20,16,15,40,33,36,41,38,62,42,32,49,37,51,19,38,25,11,35,17,43,20,17,18,61,60,57,66,62,42,Copa Asiática
E. Nemanov,Dinamo Samarqand,Uzbekistán,16,GK,Left,190,22,58,Uzbekistán,36,17,27,23,16,41,16,12,20,34,10,10,17,10,24,28,37,36,33,52,32,39,46,33,46,12,36,26,10,37,17,38,10,17,12,54,60,52,62,62,36,Copa Asiática
A. Khusanov,Manchester City,Uzbekistán,2,"CB, RB",Right,186,22,81,Uzbekistán,79,64,70,68,85,82,66,60,85,76,60,62,57,66,81,72,79,79,62,80,72,79,85,79,83,60,80,86,58,60,58,78,82,89,77,14,13,10,8,9,6,Copa Asiática
J. Urozov,Rubin Kazan,Uzbekistán,5,CB,Left,190,22,65,Uzbekistán,58,45,52,54,69,70,53,40,77,58,42,52,46,39,58,54,55,60,53,64,53,58,72,66,71,43,71,74,41,41,47,63,66,67,68,11,12,12,12,12,9,Copa Asiática
M. Abdumazhidov,Pakhtakor Tashkent,Uzbekistán,15,CB,Right,190,22,63,Uzbekistán,58,44,52,51,66,65,46,40,68,60,38,46,46,48,57,53,61,56,53,66,52,54,63,61,68,43,65,68,40,43,44,59,68,62,64,13,9,9,9,12,12,Copa Asiática
M. Khakimov,Bunyodkor Tashkent,Uzbekistán,27,"CB, CDM",Left,187,17,54,Uzbekistán,52,35,42,41,57,59,40,33,58,46,31,35,35,39,46,45,51,52,41,47,41,50,51,58,62,29,56,58,30,36,27,48,57,58,55,11,12,13,11,11,12,Copa Asiática
N. Abduganiev,Neftchi Fergana,Uzbekistán,26,CB,Right,187,19,50,Uzbekistán,50,32,39,37,52,54,39,26,52,44,23,35,31,31,39,39,49,50,34,41,38,50,50,48,59,32,49,57,22,34,30,43,49,52,49,12,8,10,12,8,9,Copa Asiática
S. Nasrullaev,Pakhtakor Tashkent,Uzbekistán,13,LB,Left,183,28,67,Uzbekistán,67,51,64,63,63,69,72,47,58,66,49,61,58,54,56,64,64,69,71,61,64,61,60,75,71,47,61,63,56,60,52,63,65,62,68,8,10,11,8,11,8,Copa Asiática
M. Makhamadzhonov,Dinamo Makhachkala,Uzbekistán,25,"LB, RB",Left,181,23,60,Uzbekistán,64,46,55,57,57,64,62,42,50,55,43,52,54,49,55,62,62,65,63,59,61,57,60,66,67,45,55,58,49,52,41,52,56,59,60,6,10,15,8,8,11,Copa Asiática
B. Karimov,FC Lugano,Uzbekistán,4,RB,Right,180,19,62,Uzbekistán,69,48,59,61,61,60,67,46,54,64,44,57,51,44,59,66,72,67,65,54,65,53,59,61,59,50,62,61,48,50,41,53,58,67,63,7,11,13,13,6,10,Copa Asiática
K. Alizhonov,Pakhtakor Tashkent,Uzbekistán,3,RB,Right,180,29,68,Uzbekistán,72,54,62,67,65,66,65,49,62,63,53,71,60,54,64,65,70,74,61,64,68,59,63,73,65,58,60,64,58,58,55,63,63,68,64,15,6,12,15,13,14,Copa Asiática
U. Rakhmonaliev,Sabah FK,Uzbekistán,7,"CDM, CB",Right,170,23,65,Uzbekistán,59,56,62,64,67,65,58,54,66,68,46,62,55,53,66,68,57,60,62,64,62,61,59,70,61,58,70,70,56,59,51,63,67,69,60,15,6,6,10,11,12,Copa Asiática
O. Khamrobekov,Tractor FC,Uzbekistán,9,"CDM, CB",Right,180,30,67,Uzbekistán,58,57,63,60,70,68,58,54,66,68,48,60,55,53,64,58,61,55,61,65,65,63,70,71,67,59,66,63,59,61,57,63,73,74,68,8,11,9,10,11,9,Copa Asiática
A. Ganiev,FC Baniyas,Uzbekistán,10,"CM, CAM",Right,178,28,70,Uzbekistán,71,65,72,73,61,66,74,62,65,74,62,73,66,63,75,73,71,71,76,67,70,68,62,65,68,70,62,58,67,69,67,68,56,66,63,12,7,8,8,8,10,Copa Asiática
A. Mozgovoy,Pakhtakor Tashkent,Uzbekistán,6,"CM, CDM",Right,180,27,66,Uzbekistán,63,63,67,66,59,64,62,61,58,71,53,66,65,59,66,67,60,65,66,66,64,67,58,63,66,67,64,56,67,67,57,68,59,59,65,12,9,6,14,12,7,Copa Asiática
S. Esanov,FC Buxoro,Uzbekistán,23,CM,Left,190,23,63,Uzbekistán,58,58,65,63,57,61,60,57,55,68,47,64,58,57,68,63,57,58,63,64,49,65,52,66,61,59,55,59,59,67,53,61,63,51,52,7,6,11,7,11,13,Copa Asiática
B. Uktamov,Surkhon Termiz,Uzbekistán,18,CM,Left,185,20,52,Uzbekistán,50,47,54,53,46,54,53,46,50,55,39,52,45,49,56,55,51,49,53,49,50,50,48,55,56,47,49,46,53,54,52,51,44,47,41,11,12,13,14,6,9,Copa Asiática
J. Jaloliddinov,Navbahor Namangan,Uzbekistán,8,CAM,Left,171,24,65,Uzbekistán,66,67,68,69,38,55,62,67,47,72,59,67,69,62,67,71,72,62,74,62,64,69,47,62,54,66,50,39,66,69,66,73,42,34,28,6,9,8,9,8,7,Copa Asiática
D. Kholmatov,Navbahor Namangan,Uzbekistán,24,CAM,Right,174,24,63,Uzbekistán,67,63,64,65,38,53,61,62,49,63,64,66,63,62,60,64,68,66,71,63,62,62,51,58,52,65,51,41,66,74,57,60,38,34,35,6,14,15,10,12,9,Copa Asiática
A. Fayzullaev,Basaksehir FK,Uzbekistán,22,"LW, ST",Left,167,23,70,Uzbekistán,77,67,69,76,40,60,71,68,58,70,64,76,74,64,62,77,75,78,79,72,76,67,64,69,55,67,61,43,74,69,61,67,37,35,36,11,15,12,12,6,10,Copa Asiática
R. Jiyanov,Navbahor Namangan,Uzbekistán,19,LW,Left,180,25,64,Uzbekistán,71,62,62,67,33,59,63,60,53,66,60,68,63,58,56,66,70,72,66,66,65,69,58,69,56,57,53,37,68,58,58,65,28,31,29,9,9,8,7,8,6,Copa Asiática
D. Khamdamov,Pakhtakor Tashkent,Uzbekistán,17,"RW, RM",Both,180,30,66,Uzbekistán,71,61,63,67,36,60,68,61,53,62,61,65,69,60,56,68,68,74,75,67,68,64,56,64,60,57,57,38,73,62,62,65,33,32,31,8,15,15,9,7,7,Copa Asiática
E. Shomurodov,Basaksehir FK,Uzbekistán,14,"ST, CF",Right,190,31,77,Uzbekistán,76,80,67,77,43,80,65,82,79,69,76,75,69,69,54,80,79,73,72,82,74,82,77,74,86,74,74,38,83,74,80,77,37,41,43,13,9,6,10,7,8,Copa Asiática
K. Norchaev,Navbahor Namangan,Uzbekistán,21,ST,Left,180,24,66,Uzbekistán,64,68,57,64,34,64,50,66,66,64,69,65,54,55,54,62,63,64,68,70,61,76,63,57,69,62,61,35,69,55,66,68,31,30,26,15,8,7,7,7,9,Copa Asiática
A. Amanov,Dinamo Samarqand,Uzbekistán,20,"ST, LW",Left,181,28,61,Uzbekistán,64,66,50,62,29,63,51,71,60,55,57,62,55,50,38,66,62,65,59,57,51,66,56,56,70,62,56,27,60,46,62,57,27,26,20,10,6,14,9,11,7,Copa Asiática
A. Kholmurodov,FC OKMK Olmaliq,Uzbekistán,11,"ST, CF",Left,186,23,61,Uzbekistán,68,65,50,60,28,59,47,69,62,53,61,60,52,49,42,59,67,69,60,62,56,64,67,54,64,60,53,26,62,52,61,59,22,26,21,10,10,7,10,9,14,Copa Asiática
P. Beach,ESTAC Troyes,Australia,,GK,Left,189,23,65,Australia,40,24,34,30,20,46,21,19,26,38,12,15,17,22,41,33,40,40,42,61,51,43,48,36,55,20,34,30,13,41,27,46,17,16,17,65,66,58,68,67,45,Copa Asiática
P. Izzo,Randers FC,Australia,,GK,Right,184,31,65,Australia,37,23,32,32,22,46,22,15,25,36,13,15,22,19,31,39,38,37,45,64,47,46,54,37,52,22,38,26,18,44,21,55,20,22,18,70,63,61,65,72,40,Copa Asiática
J. Chapman,St. Mirren FC,Australia,,GK,Right,188,25,61,Australia,39,19,29,31,17,43,15,12,20,36,10,19,17,14,32,35,38,40,37,57,40,40,51,33,52,14,33,21,10,33,30,44,16,13,18,59,63,55,59,68,39,Copa Asiática
A. Circati,SL Benfica,Australia,,"CB, RB",Right,191,22,78,Australia,71,57,64,65,83,83,59,50,84,70,52,59,52,53,68,70,67,75,62,79,62,74,84,79,86,58,81,81,53,59,59,75,82,85,82,7,6,11,12,11,13,Copa Asiática
L. Herrington,Hull City,Australia,,CB,Right,193,19,69,Australia,66,50,57,56,75,76,53,43,74,64,42,53,42,49,65,59,68,65,55,63,58,65,68,71,79,52,75,77,45,48,53,62,73,76,71,10,8,13,11,6,14,Copa Asiática
H. Souttar,Leicester City,Australia,,CB,Right,198,27,69,Australia,65,46,58,59,75,74,53,40,68,69,37,53,51,46,61,65,66,65,55,68,51,60,74,66,81,46,67,74,40,44,51,72,76,79,69,15,10,13,10,15,12,Copa Asiática
M. Degenek,APOEL FC,Australia,,"CB, CDM",Right,187,32,66,Australia,61,45,54,55,69,72,45,41,68,65,41,47,41,49,57,61,59,63,54,64,57,60,74,63,77,42,68,69,39,48,44,70,68,70,66,14,9,10,6,13,10,Copa Asiática
D. Leonard,Alemannia Aachen,Australia,,CB,Right,187,19,58,Australia,54,41,47,49,62,58,46,35,59,56,28,41,33,41,49,57,55,53,48,56,51,53,65,54,58,48,63,58,33,37,38,55,61,68,59,11,15,7,7,11,10,Copa Asiática
K. Bos,Excelsior Rotterdam,Australia,,LB,Left,186,22,61,Australia,69,45,56,60,59,61,59,38,54,59,43,55,52,49,56,65,67,71,59,60,62,55,58,63,63,48,54,56,52,52,46,58,60,61,57,9,8,14,6,9,12,Copa Asiática
A. Behich,Melbourne City FC,Australia,,"LB, LM",Left,170,35,65,Australia,66,51,58,64,62,59,62,48,54,62,51,61,56,52,57,64,68,64,72,66,69,54,60,65,58,52,56,61,54,52,51,58,63,64,58,11,12,10,7,7,11,Copa Asiática
K. Adamson,Queens Park Rangers,Australia,,RB,Right,185,23,65,Australia,70,52,59,59,65,65,62,51,61,59,45,58,59,47,63,57,69,70,64,60,62,55,61,69,63,51,64,66,53,54,50,63,64,66,64,13,11,15,10,9,8,Copa Asiática
J. Italiano,Grazer AK 1902,Australia,,RB,Both,177,25,66,Australia,70,52,63,60,62,64,71,46,59,63,46,59,55,55,62,61,64,75,63,60,65,63,62,66,62,54,67,57,62,62,50,59,61,67,67,11,13,9,6,13,8,Copa Asiática
J. Geria,Albirex Niigata,Australia,,"RB, RM",Right,181,33,67,Australia,70,52,66,66,62,66,73,49,58,67,47,66,66,51,66,64,66,73,64,74,66,58,71,72,66,55,59,58,53,61,43,67,63,64,66,14,13,15,11,9,7,Copa Asiática
A. O'Neill,New York City FC,Australia,,CDM,Right,180,28,70,Australia,61,61,67,68,69,73,56,57,69,73,53,62,60,58,70,74,58,64,66,69,69,68,69,72,75,62,71,73,65,69,60,72,67,71,65,15,6,13,10,10,10,Copa Asiática
P. Okon-Engstler,FC Colonia,Australia,,CDM,Left,185,21,66,Australia,63,55,63,64,68,66,54,48,64,68,52,58,58,54,64,71,64,62,62,63,63,64,64,71,64,63,65,71,52,65,60,69,68,66,67,12,14,8,11,11,9,Copa Asiática
R. McGree,Middlesbrough FC,Australia,,CM,Left,178,27,70,Australia,70,64,71,71,61,70,63,62,55,75,57,74,75,65,70,69,71,70,68,67,72,69,60,71,71,64,69,63,66,73,64,72,61,63,56,15,11,9,7,10,6,Copa Asiática
P. Yazbek,Nashville SC,Australia,,"CM, CAM",Right,183,24,69,Australia,66,63,69,70,62,67,64,58,59,71,61,68,69,58,68,73,64,67,66,70,66,70,68,71,64,68,67,61,67,76,61,67,66,59,61,11,12,12,14,11,10,Copa Asiática
C. Metcalfe,FC St. Pauli,Australia,,"CM, CDM",Left,183,26,69,Australia,66,65,68,70,60,69,68,64,61,69,56,72,63,58,71,72,63,69,63,68,63,71,64,73,68,65,70,60,66,69,62,67,59,61,59,13,7,15,13,15,6,Copa Asiática
J. Irvine,Cerezo Osaka,Australia,,"CM, CDM",Right,189,33,71,Australia,68,65,71,73,66,71,68,62,59,74,59,70,72,65,72,77,62,72,71,72,70,70,66,76,70,69,68,68,68,69,63,74,67,66,63,7,7,8,13,12,15,Copa Asiática
N. Irankunda,Sporting de Lisboa,Australia,,"LW, LM",Left,175,20,73,Australia,84,69,72,73,43,63,71,68,62,73,65,77,77,66,61,69,83,84,74,70,75,71,64,70,61,69,61,40,72,78,70,64,41,44,37,15,12,9,12,10,14,Copa Asiática
N. Velupillay,FC Ingolstadt 04,Australia,,LW,Left,181,25,65,Australia,73,64,64,67,34,60,63,65,55,69,63,75,73,59,57,60,69,76,67,65,63,63,58,65,61,63,50,35,67,61,66,60,35,30,25,15,10,8,8,7,15,Copa Asiática
M. Younis,Brøndby IF,Australia,,"RW, RM",Right,175,21,61,Australia,66,58,62,64,30,54,64,55,46,66,56,65,61,53,51,63,62,70,66,57,67,61,53,62,54,60,45,29,62,63,54,57,31,27,25,12,13,7,13,7,15,Copa Asiática
E. Adams,Gamba Osaka,Australia,,RW,Left,183,24,61,Australia,68,58,59,63,29,56,63,58,55,59,58,63,63,56,51,64,68,68,61,62,63,65,59,60,58,52,46,32,62,59,57,53,20,30,24,13,12,14,12,12,14,Copa Asiática
Y. Dukuly,NK Celje,Australia,,"RW, RM",Left,176,23,63,Australia,67,60,57,67,32,58,58,61,52,54,61,67,61,58,54,68,69,65,73,57,66,60,51,67,55,61,54,36,62,64,54,61,27,30,24,14,8,10,12,9,11,Copa Asiática
T. Yengi,Machida Zelvia,Australia,,"ST, LW",Right,197,25,62,Australia,61,63,53,58,30,63,51,63,67,59,65,58,58,51,46,60,63,59,53,63,49,66,58,58,70,60,52,23,71,49,60,59,28,27,21,8,10,14,8,15,14,Copa Asiática
H. Al-Meqbaali,Shabab Al-Ahli Club,Emiratos Árabes Unidos,22,GK,Right,187,23,62,Emiratos Árabes Unidos,36,18,31,28,19,44,22,13,22,36,10,16,16,15,36,30,35,36,42,59,37,40,49,40,48,10,37,25,10,33,25,45,19,16,15,59,61,55,61,61,38,Copa Asiática
A. Al-Hosani,Sharjah FC,Emiratos Árabes Unidos,17,GK,Right,180,37,65,Emiratos Árabes Unidos,33,22,33,32,23,46,15,11,25,43,15,19,17,20,36,35,32,34,48,65,40,50,59,39,51,21,41,30,14,39,22,50,22,18,26,69,61,56,70,70,43,Copa Asiática
A. Khaseif,Al-Jazira Club,Emiratos Árabes Unidos,1,GK,Right,184,39,63,Emiratos Árabes Unidos,31,19,31,30,20,46,21,10,16,32,10,19,23,14,38,32,30,31,40,63,44,41,50,38,52,19,42,32,14,39,23,47,18,16,21,65,62,59,61,63,44,Copa Asiática
Glauber,Al-Nasr SC (UAE),Emiratos Árabes Unidos,,"CB, CDM",Left,191,26,69,Emiratos Árabes Unidos,60,51,57,55,71,77,54,44,72,62,39,52,49,43,63,58,57,63,50,59,56,67,69,70,83,54,73,69,42,51,52,71,69,73,71,8,7,14,14,6,9,Copa Asiática
K. Al-Hammadi,Al-Jazira Club,Emiratos Árabes Unidos,12,CB,Left,178,27,66,Emiratos Árabes Unidos,63,45,53,55,67,67,49,40,63,60,38,51,49,45,55,56,62,63,56,63,60,60,62,62,68,45,73,68,40,45,45,69,68,68,67,6,13,9,14,8,14,Copa Asiática
S. Ivkovic,Al-Wasl SC,Emiratos Árabes Unidos,6,"CB, RB",Right,192,33,69,Emiratos Árabes Unidos,63,48,58,54,71,70,56,43,72,63,44,48,51,48,63,56,59,66,54,71,52,63,68,68,71,47,73,73,46,52,47,72,68,72,73,15,6,12,12,13,11,Copa Asiática
L. Amesimeku,Al-Dhafra FC,Emiratos Árabes Unidos,,CB,Right,186,22,58,Emiratos Árabes Unidos,53,37,45,46,63,60,42,29,65,51,38,42,35,30,52,49,56,50,42,54,45,58,61,59,62,33,58,66,35,39,36,57,65,61,54,10,9,8,10,13,10,Copa Asiática
B. Abaelaziz,Kalba FC,Emiratos Árabes Unidos,13,LB,Left,179,25,60,Emiratos Árabes Unidos,66,48,54,59,57,61,57,45,54,55,41,60,56,44,58,56,64,67,61,55,63,58,61,65,59,50,60,58,50,49,42,60,54,59,65,14,8,6,6,9,10,Copa Asiática
M. Meloni,Al-Jazira Club,Emiratos Árabes Unidos,16,"RB, RM",Right,170,26,66,Emiratos Árabes Unidos,68,51,61,63,63,60,64,46,56,64,48,59,59,48,58,64,69,68,76,63,71,60,60,67,54,52,64,65,56,59,50,61,60,64,69,14,8,7,13,13,7,Copa Asiática
M. Rabii,Al-Jazira Club,Emiratos Árabes Unidos,,"RB, LB",Right,185,25,63,Emiratos Árabes Unidos,66,46,56,62,62,58,61,39,56,55,42,62,54,47,59,61,67,65,67,61,64,55,69,64,55,48,57,60,52,53,55,57,61,67,61,10,15,13,12,11,12,Copa Asiática
M. Coulibaly,Al-Jazira Club,Emiratos Árabes Unidos,,"CDM, CB",Right,170,23,68,Emiratos Árabes Unidos,61,58,66,61,68,70,60,55,63,70,56,60,62,54,68,58,63,60,66,68,66,61,64,72,70,60,68,71,64,67,54,68,68,70,65,7,7,14,13,14,7,Copa Asiática
Y. Nader,Al-Wasl SC,Emiratos Árabes Unidos,15,CDM,Right,178,28,66,Emiratos Árabes Unidos,61,57,63,62,67,67,59,52,64,69,47,63,61,51,67,61,57,64,57,69,66,66,61,65,67,58,69,67,62,56,57,68,64,71,65,14,15,13,7,8,15,Copa Asiática
A. Hamad,Al-Wahda FC,Emiratos Árabes Unidos,14,"CDM, CB",Right,171,25,63,Emiratos Árabes Unidos,57,52,60,62,62,68,53,47,59,65,49,58,61,54,62,67,60,55,60,64,63,55,56,70,69,59,65,63,57,57,52,59,58,66,64,13,12,15,14,15,6,Copa Asiática
I. Faiz,Al-Nasr SC (UAE),Emiratos Árabes Unidos,12,CM,Right,180,26,68,Emiratos Árabes Unidos,65,62,68,68,60,65,62,57,57,74,57,70,60,66,64,67,62,67,68,59,61,68,59,69,66,67,61,67,67,71,59,65,59,57,58,11,8,12,6,9,12,Copa Asiática
R. Akonnor,Göztepe,Emiratos Árabes Unidos,8,"LM, LW",Left,185,22,64,Emiratos Árabes Unidos,68,63,63,67,46,60,69,65,57,63,56,69,61,63,54,66,70,67,68,64,64,65,56,70,57,61,55,48,57,62,59,57,41,48,39,15,9,14,7,9,8,Copa Asiática
N. Giménez,Al-Wasl SC,Emiratos Árabes Unidos,14,"CAM, CM",Right,179,30,72,Emiratos Árabes Unidos,69,69,74,74,46,64,70,69,55,78,69,72,74,71,69,77,71,67,74,69,74,65,62,67,63,72,63,49,73,77,70,69,42,45,42,12,8,12,10,7,14,Copa Asiática
M. Al-Baloushi,Al-Ain FC,Emiratos Árabes Unidos,16,"CAM, CM",Right,174,24,63,Emiratos Árabes Unidos,66,62,62,66,36,52,61,62,46,64,64,69,68,61,59,61,65,67,67,67,69,63,48,64,48,63,48,44,64,63,56,67,31,34,34,15,15,9,10,11,6,Copa Asiática
G. Bala,Shabab Al-Ahli Club,Emiratos Árabes Unidos,,"LW, ST",Left,177,25,69,Emiratos Árabes Unidos,78,68,68,73,38,62,71,69,51,66,66,73,69,62,64,72,75,80,77,73,69,67,62,68,60,69,57,38,71,73,66,71,34,37,39,8,8,13,6,8,8,Copa Asiática
A. Saleh,Al-Wasl SC,Emiratos Árabes Unidos,7,LW,Left,177,26,68,Emiratos Árabes Unidos,76,66,66,71,39,62,69,67,55,67,62,72,68,57,61,70,72,79,77,69,70,65,60,71,63,64,51,43,69,67,63,63,38,34,33,12,9,9,14,7,15,Copa Asiática
Y. César,Shabab Al-Ahli Club,Emiratos Árabes Unidos,,"LW, ST",Left,168,26,67,Emiratos Árabes Unidos,70,63,67,72,37,59,68,63,54,70,65,76,60,61,62,67,71,69,74,71,74,63,53,69,56,59,57,40,71,67,61,68,34,34,35,13,11,10,10,6,12,Copa Asiática
Y. Al-Ghassani,Sharjah FC,Emiratos Árabes Unidos,20,"LW, ST",Left,175,28,68,Emiratos Árabes Unidos,74,68,64,74,37,63,63,67,55,66,70,77,69,60,58,71,76,73,79,71,72,74,54,70,63,64,55,35,70,67,61,69,35,37,32,10,10,15,14,12,14,Copa Asiática
H. Suhail,Sharjah FC,Emiratos Árabes Unidos,9,RW,Right,172,23,66,Emiratos Árabes Unidos,73,66,63,68,35,60,66,66,54,62,60,70,71,58,56,64,74,72,75,66,70,68,55,66,57,65,61,32,67,66,68,64,37,31,26,11,12,15,7,8,10,Copa Asiática
O. Camara,Sharjah FC,Emiratos Árabes Unidos,,"ST, CF",Right,176,25,69,Emiratos Árabes Unidos,73,72,57,68,35,64,56,75,66,60,72,62,63,62,47,72,76,70,71,70,66,71,69,62,65,67,64,30,73,57,73,73,31,33,32,8,12,13,6,15,8,Copa Asiática
Bruno,Al-Jazira Club,Emiratos Árabes Unidos,11,ST,Right,182,25,67,Emiratos Árabes Unidos,64,71,58,65,32,66,55,73,69,63,71,62,59,61,52,67,65,64,67,67,62,77,68,63,70,61,61,30,74,55,65,72,28,27,25,10,6,6,15,12,7,Copa Asiática
P. Niazmand,Persepolis FC,Irán,12,GK,Right,193,31,66,Irán,41,23,36,32,21,50,26,16,19,42,13,20,23,20,38,32,38,43,43,64,48,39,51,39,60,24,39,29,18,41,26,48,21,16,23,68,67,60,69,67,45,Copa Asiática
A. Beiranvand,Tractor FC,Irán,1,GK,Right,195,34,70,Irán,40,29,39,38,27,55,22,21,28,45,20,29,22,23,45,37,40,40,44,67,53,51,57,48,62,26,48,38,24,48,32,52,25,23,20,73,71,61,72,69,43,Copa Asiática
S. Hossein Hosseini,Sepahan FC,Irán,22,GK,Right,189,34,68,Irán,39,22,38,36,25,52,24,11,27,43,23,25,26,19,40,38,39,39,45,65,45,52,59,42,59,18,43,35,16,47,25,50,26,17,22,68,72,61,65,68,47,Copa Asiática
S. Fallah,Esteghlal FC,Irán,18,CB,Right,191,25,65,Irán,61,44,52,53,68,68,52,39,73,58,37,52,48,42,57,52,60,61,52,58,56,59,67,61,71,43,70,66,44,42,42,59,67,71,64,10,6,10,15,11,14,Copa Asiática
M. Zare,Persepolis FC,Irán,13,CB,Right,195,23,65,Irán,63,47,51,54,68,71,43,42,68,56,36,51,36,47,61,58,61,64,48,63,55,64,72,59,80,47,65,66,44,46,46,58,67,72,64,10,11,8,7,7,10,Copa Asiática
A. Aghasi,Esteghlal FC,Irán,33,CB,Right,189,29,65,Irán,61,43,51,53,69,66,49,36,62,56,44,46,47,41,57,57,59,62,54,59,51,56,74,62,67,44,66,70,46,42,46,70,69,71,70,6,12,11,12,7,11,Copa Asiática
S. Khalilzadeh,Tractor FC,Irán,4,"CB, CDM",Right,183,37,64,Irán,47,44,50,53,68,67,47,39,68,56,39,45,43,45,55,58,48,47,55,64,57,62,66,61,71,42,65,68,34,44,38,68,68,68,69,10,12,8,12,8,9,Copa Asiática
M. Naderi,Tractor FC,Irán,28,LB,Left,188,30,67,Irán,72,54,61,62,65,66,63,49,63,64,47,62,57,57,62,60,71,72,68,64,67,60,64,72,63,60,66,64,56,55,51,66,65,66,66,9,10,10,6,15,12,Copa Asiática
A. Nemati,Lusail SC,Irán,19,"LB, LM",Left,182,30,65,Irán,71,51,62,60,62,64,72,47,58,64,49,57,61,49,61,61,72,71,62,64,67,61,60,71,62,51,60,60,52,51,49,56,63,64,65,12,9,7,13,10,9,Copa Asiática
E. Hajsafi,Sepahan FC,Irán,3,"LB, LM",Left,178,36,66,Irán,64,52,62,64,62,65,67,47,56,64,49,62,54,53,61,64,61,66,68,63,67,64,61,67,64,53,66,61,55,59,52,66,58,66,71,11,7,12,9,15,9,Copa Asiática
A. Yousefi,Sepahan FC,Irán,17,"RB, LB",Right,181,24,68,Irán,71,53,61,68,63,68,63,49,62,61,54,70,59,57,65,66,69,72,68,63,68,62,72,76,63,56,67,67,52,57,50,63,63,61,61,10,13,14,10,12,10,Copa Asiática
S. Hardani,Esteghlal FC,Irán,2,RB,Right,176,27,67,Irán,70,55,62,63,65,62,68,54,62,61,46,63,63,49,62,62,69,70,67,66,67,63,64,67,58,54,66,65,53,60,56,62,64,69,63,8,11,13,9,11,13,Copa Asiática
R. Rezaeian,Foolad FC,Irán,23,RB,Right,184,36,66,Irán,61,53,62,63,64,63,62,52,62,64,51,62,53,54,64,64,63,60,63,69,62,58,63,69,60,50,62,59,56,59,48,58,66,64,66,8,12,10,13,10,11,Copa Asiática
S. Ezatolahi,Shabab Al-Ahli Club,Irán,6,"CDM, CB",Right,189,30,71,Irán,62,60,69,64,72,80,61,53,67,71,53,63,64,59,76,62,63,62,65,73,60,73,76,78,84,65,72,75,62,70,60,73,74,71,72,12,12,13,7,14,7,Copa Asiática
M. Ghorbani,Al-Wahda FC,Irán,16,"CDM, CB",Right,190,25,68,Irán,64,61,62,64,69,77,50,55,69,70,52,62,61,59,69,66,62,65,59,70,61,75,71,75,83,62,65,72,57,58,59,66,67,68,72,6,15,8,9,10,12,Copa Asiática
A. Hajieydi,Sepahan FC,Irán,27,CDM,Right,186,27,65,Irán,59,56,61,63,67,70,57,51,65,64,46,67,55,57,62,59,58,59,61,68,60,68,59,65,72,61,72,65,55,62,52,65,70,67,64,12,9,11,6,15,11,Copa Asiática
O. Noorafkan,Sepahan FC,Irán,21,CM,Left,184,29,65,Irán,63,60,65,63,58,65,67,54,61,62,58,59,64,57,72,65,66,61,62,67,63,65,68,66,65,65,63,59,68,64,60,70,58,57,53,12,6,14,14,10,10,Copa Asiática
M. Limouchi,Sepahan FC,Irán,11,LW,Left,179,26,64,Irán,70,64,62,68,32,57,65,66,49,64,61,70,62,59,58,69,73,68,65,61,64,60,52,60,60,62,48,33,67,61,65,67,32,28,29,10,13,11,9,15,6,Copa Asiática
M. Sourgi,Shams Azar Qazvin,Irán,26,LW,Left,182,24,61,Irán,67,58,59,63,32,55,57,56,52,59,59,67,60,59,54,57,68,67,69,64,64,61,58,60,56,58,47,24,58,65,57,58,34,30,29,7,14,10,11,6,10,Copa Asiática
M. Mohebi,Persepolis FC,Irán,29,"RW, ST",Left,186,26,63,Irán,66,62,63,65,34,59,65,61,60,67,55,67,68,53,57,63,62,70,64,61,63,65,60,64,60,61,51,31,65,61,57,63,32,32,28,12,11,12,15,12,7,Copa Asiática
A. Mahmoudi,Persepolis FC,Irán,25,RW,Right,172,20,60,Irán,71,57,57,62,30,53,58,56,46,60,56,56,62,53,55,69,71,71,65,57,66,59,47,63,52,56,45,33,66,54,55,58,31,22,28,6,9,14,15,9,9,Copa Asiática
S. Azmoun,Shabab Al-Ahli Club,Irán,20,ST,Both,186,31,75,Irán,73,76,66,74,41,74,65,79,76,68,75,69,69,67,54,80,69,77,70,79,68,77,77,68,79,69,70,36,78,70,71,79,40,37,32,13,13,6,11,10,14,Copa Asiática
M. Taremi,Al-Wasl SC,Irán,9,"ST, LW",Right,187,34,73,Irán,68,75,63,75,38,71,61,74,77,67,80,73,61,62,53,76,69,67,78,77,70,79,80,71,72,71,65,29,73,68,72,80,40,31,35,11,9,6,15,14,14,Copa Asiática
D. Eckert Ayensa,Standard de Lieja,Irán,24,ST,Right,182,29,68,Irán,71,66,57,65,33,65,55,68,68,62,69,62,61,61,49,67,72,70,62,78,66,64,68,64,66,62,62,31,73,54,66,74,30,27,28,14,12,9,14,9,10,Copa Asiática
S. Zahedi,Johor Darul Ta'zim,Irán,8,ST,Both,187,31,65,Irán,68,68,56,66,29,68,57,69,69,58,66,65,56,60,44,67,67,69,67,69,58,69,71,65,73,64,56,25,73,59,64,73,26,23,22,10,9,10,7,10,9,Copa Asiática
E. Audero,Rayo Vallecano,Indonesia,1,GK,Right,190,29,69,Indonesia,47,23,38,37,28,49,26,16,29,45,12,23,26,25,41,42,48,46,44,75,46,45,60,41,55,21,40,37,21,42,28,53,24,27,20,69,68,63,68,72,45,Copa Asiática
M. Paes,Ajax de Ámsterdam,Indonesia,12,GK,Right,191,28,69,Indonesia,44,30,39,35,28,50,18,25,31,52,24,25,21,22,38,37,43,45,40,63,49,53,52,41,55,22,46,31,19,45,26,45,25,26,30,67,66,65,68,72,47,Copa Asiática
N. Argawinata,Persija Jakarta,Indonesia,13,GK,Right,188,29,64,Indonesia,39,22,34,31,23,50,22,14,29,44,19,24,17,18,36,30,41,37,38,59,42,48,50,41,59,19,37,31,14,36,22,37,19,20,19,62,60,60,63,65,38,Copa Asiática
K. Diks,Borussia Mönchengladbach,Indonesia,2,"CB, CDM",Right,186,30,74,Indonesia,68,55,60,62,74,71,60,50,74,64,50,57,59,54,64,63,66,69,63,71,63,73,72,69,69,53,77,77,50,51,54,78,70,73,80,10,14,7,14,8,7,Copa Asiática
E. Baggott,Millwall FC,Indonesia,20,CB,Left,196,23,63,Indonesia,59,42,49,53,68,69,47,34,73,59,37,46,49,46,51,60,57,61,47,63,45,56,66,61,78,46,58,64,41,34,45,61,67,69,70,15,10,7,14,13,6,Copa Asiática
J. Hubner,Fortuna Sittard,Indonesia,23,CB,Left,187,23,66,Indonesia,58,48,54,54,70,69,49,42,69,64,39,45,47,44,53,60,58,58,54,63,62,64,73,65,70,48,71,70,39,48,47,66,69,73,65,8,12,12,6,12,7,Copa Asiática
R. Ridho,Persija Jakarta,Indonesia,5,"CB, RB",Right,183,24,65,Indonesia,59,47,53,53,66,69,52,41,70,59,39,50,45,40,58,52,52,65,56,65,55,62,69,65,71,50,67,67,40,44,39,68,68,63,63,14,11,13,12,15,10,Copa Asiática
J. Amat,Persija Jakarta,Indonesia,4,"CB, RB",Right,185,34,70,Indonesia,63,49,60,59,72,69,52,44,71,68,46,58,51,52,67,58,62,64,55,68,60,63,67,68,69,48,71,70,43,51,47,63,72,73,71,10,10,6,11,11,14,Copa Asiática
D. Markx,Persita Tangerang,Indonesia,3,CB,Right,188,21,49,Indonesia,46,29,31,34,54,52,28,22,53,38,26,28,26,27,42,36,41,50,37,44,39,42,55,49,53,35,53,52,24,18,26,46,55,56,51,10,14,12,14,7,14,Copa Asiática
C. Verdonk,LOSC Lille,Indonesia,17,"LB, RB",Left,174,29,72,Indonesia,79,54,68,71,67,70,74,49,57,71,53,68,65,61,64,73,75,82,71,71,77,66,65,72,68,53,72,69,60,62,57,69,67,67,72,9,8,11,8,15,13,Copa Asiática
D. James,Go Ahead Eagles Deventer,Indonesia,21,LB,Left,177,26,69,Indonesia,71,51,66,64,67,69,67,46,60,70,52,65,60,59,66,60,70,71,72,65,74,61,65,74,67,52,70,67,59,63,51,64,67,70,67,15,9,12,11,8,13,Copa Asiática
N. Tjoe-A-On,Willem II Tilburg,Indonesia,22,LB,Left,182,24,65,Indonesia,67,52,61,60,59,64,70,50,58,63,46,61,58,50,55,57,66,68,60,69,64,59,61,69,61,50,64,59,53,56,49,60,59,58,65,12,14,15,9,11,7,Copa Asiática
S. Pattynama,Persija Jakarta,Indonesia,16,"LB, RB",Left,185,28,61,Indonesia,62,49,60,59,60,61,65,48,57,66,44,56,54,46,53,61,61,63,55,66,64,54,63,70,57,50,58,58,48,54,40,58,60,62,62,13,13,7,10,10,6,Copa Asiática
T. Haye,PERSIB Bandung,Indonesia,19,"CDM, CB",Right,187,31,67,Indonesia,56,57,63,61,70,74,55,52,66,66,46,61,55,57,67,59,59,54,62,69,60,65,68,71,76,64,74,67,58,65,60,67,69,74,66,8,10,10,15,13,14,Copa Asiática
J. Pelupessy,Lommel SK,Indonesia,14,CDM,Right,180,33,64,Indonesia,54,53,61,60,66,65,55,49,58,64,50,62,53,56,64,58,51,56,57,66,62,60,64,63,68,54,62,69,60,63,52,63,68,65,66,14,8,15,15,9,14,Copa Asiática
I. Jenner,Dewa United Banten FC,Indonesia,18,"CM, CAM",Right,186,22,59,Indonesia,56,55,58,59,54,57,57,50,58,59,50,59,58,50,59,61,58,55,54,58,53,61,54,61,56,60,57,55,58,60,50,60,52,57,49,12,11,10,9,13,15,Copa Asiática
R. Hannan,Persija Jakarta,Indonesia,15,"CAM, CM",Right,172,22,57,Indonesia,58,58,57,59,28,50,54,60,38,56,55,58,60,47,56,60,59,57,64,58,57,58,45,57,49,53,45,34,61,62,53,57,28,23,26,13,6,11,12,9,9,Copa Asiática
R. Oratmangoen,PERSIB Bandung,Indonesia,11,LW,Left,181,28,62,Indonesia,69,60,60,64,32,55,65,60,48,60,59,69,65,61,58,60,71,68,64,58,64,59,57,60,55,60,49,30,66,56,55,61,32,31,24,15,7,14,6,15,9,Copa Asiática
R. Eka Pratama,PSM Makassar,Indonesia,6,"LW, LM",Left,171,26,57,Indonesia,65,58,56,64,28,45,58,58,38,60,46,64,55,48,49,64,69,62,68,56,63,58,48,58,39,60,45,30,58,55,55,55,27,25,21,14,10,8,9,8,10,Copa Asiática
L. Vickery,Macarthur FC,Indonesia,8,"RW, ST",Right,183,20,57,Indonesia,65,54,55,57,28,49,54,55,49,57,50,58,59,52,47,58,63,67,57,54,57,56,50,58,48,53,40,28,59,58,50,51,28,22,21,13,7,14,14,9,7,Copa Asiática
E. Maulana Vikri,Dewa United Banten FC,Indonesia,7,"RW, ST",Left,170,26,61,Indonesia,68,58,58,65,29,53,59,56,41,59,53,65,62,56,50,64,68,68,75,61,69,57,48,54,56,61,46,36,64,60,59,60,27,25,24,10,13,12,9,8,6,Copa Asiática
O. Romeny,Fortuna Sittard,Indonesia,10,ST,Right,185,26,64,Indonesia,67,63,54,63,29,67,51,64,63,59,58,64,56,52,45,61,70,65,66,65,60,64,71,63,72,58,58,24,70,53,63,65,27,25,26,12,6,8,11,14,6,Copa Asiática
M. Baker,Georgetown Hoyas (Georgetown University),Indonesia,9,ST,Right,196,19,51,Indonesia,55,52,40,48,21,50,41,55,59,39,53,50,41,39,35,46,54,56,44,49,41,52,57,44,58,46,38,18,56,42,48,51,17,18,10,7,8,12,6,9,13,Copa Asiática
Y. Abulaila,Al-Hussein SC (Irbid),Jordania,1,GK,Right,188,33,67,Jordania,37,26,38,37,26,54,25,18,25,44,13,27,21,25,43,41,39,35,44,64,44,50,59,45,61,22,45,30,23,43,30,48,27,24,22,70,66,60,68,66,47,Copa Asiática
A. Al-Fakhouri,Al-Faisaly SC,Jordania,22,GK,Right,190,26,60,Jordania,37,20,27,28,17,45,13,14,20,33,10,18,16,14,30,30,39,35,32,54,39,41,52,37,51,18,38,23,12,33,18,42,15,12,19,59,57,54,62,67,39,Copa Asiática
A. Juaidi,Al-Salt SC,Jordania,,GK,Right,185,25,58,Jordania,31,18,27,27,17,44,17,10,18,32,10,16,14,10,32,33,30,32,28,54,40,39,48,32,51,17,41,22,10,32,16,36,17,15,11,55,56,54,57,65,37,Copa Asiática
A. Smir,Minnesota United FC,Jordania,30,GK,Left,185,27,60,Jordania,36,17,28,26,18,42,15,10,17,31,10,15,14,23,32,28,36,36,33,55,40,40,45,30,50,15,34,28,10,35,16,41,10,21,15,64,59,51,61,66,37,Copa Asiática
Y. Al-Arab,FC Seoul,Jordania,5,CB,Left,185,30,67,Jordania,61,45,54,55,71,71,52,38,70,56,40,54,46,45,62,53,60,62,54,63,56,67,67,66,75,42,69,70,40,49,45,65,73,70,74,15,15,7,10,8,13,Copa Asiática
S. Al-Rousan,Al-Quwa Al-Jawiya,Jordania,19,"CB, CDM",Right,186,29,65,Jordania,61,44,55,53,69,67,49,35,64,67,38,49,46,45,56,54,62,60,55,63,57,64,69,58,73,48,63,73,43,46,42,59,69,67,69,9,15,14,7,8,10,Copa Asiática
A. Nasib,Al-Hussein SC (Irbid),Jordania,3,"CB, RB",Right,184,32,66,Jordania,59,48,52,57,70,67,47,44,71,61,42,54,43,50,55,58,57,60,54,67,54,64,74,63,66,46,74,69,44,43,41,64,70,71,65,12,10,7,12,11,6,Copa Asiática
H. Al-Hourani,ES Sétif,Jordania,,"CB, CDM",Right,186,26,61,Jordania,56,40,47,50,66,68,46,33,61,53,34,41,38,38,59,56,54,58,53,54,51,52,61,65,70,43,68,65,37,35,44,59,67,70,61,8,12,8,8,10,10,Copa Asiática
M. Abualnadi,Corvinul Hunedoara,Jordania,16,CB,Left,185,25,64,Jordania,58,40,52,52,70,68,49,33,70,55,37,46,40,48,62,54,60,57,53,63,53,56,68,62,72,41,66,69,39,46,46,71,73,68,65,11,10,13,13,15,11,Copa Asiática
M. Abu Taha,NEOM SC,Jordania,20,"LB, RB",Left,176,23,62,Jordania,66,51,56,57,58,61,62,49,54,60,42,50,54,51,56,63,65,67,62,60,65,57,58,68,60,51,57,56,49,47,49,59,56,61,64,14,13,11,14,9,7,Copa Asiática
E. Haddad,Al-Faisaly SC,Jordania,23,"RB, LB",Right,181,32,65,Jordania,64,49,59,63,63,64,61,44,58,59,49,63,61,55,60,62,63,65,66,64,66,57,64,68,65,51,59,61,53,58,48,65,63,67,61,15,9,10,10,8,8,Copa Asiática
A. Badawi,Al-Faisaly SC,Jordania,26,RB,Right,174,29,59,Jordania,66,42,53,56,56,56,60,38,51,52,39,59,54,44,55,48,68,65,61,54,71,50,59,65,53,40,53,55,47,47,42,58,56,58,55,14,11,12,13,14,11,Copa Asiática
A. Assaf,Al-Hussein SC (Irbid),Jordania,,RB,Right,175,27,59,Jordania,68,44,55,56,58,61,58,38,50,58,42,58,56,46,52,52,62,72,60,54,65,55,52,69,59,45,57,57,45,49,43,53,60,59,64,14,14,15,8,11,6,Copa Asiática
N. Al-Rashdan,Wydad Casablanca,Jordania,21,CDM,Right,184,27,66,Jordania,61,53,62,62,68,71,56,47,60,70,51,62,53,57,61,64,60,61,52,61,60,60,64,74,71,58,70,72,58,59,55,69,67,67,72,6,13,13,7,15,9,Copa Asiática
A. Jamous,Erbil SC,Jordania,6,"CM, CDM",Right,177,24,62,Jordania,61,61,63,65,57,58,61,60,51,65,55,62,64,53,68,69,58,63,69,65,58,61,54,68,54,66,56,56,61,59,52,62,58,60,49,11,15,10,13,14,13,Copa Asiática
N. Al-Rawabdeh,Al-Faisaly SC,Jordania,8,CM,Right,182,29,64,Jordania,59,60,64,65,55,64,57,59,52,65,56,65,63,59,67,68,61,58,59,67,63,67,60,65,65,58,60,62,62,66,59,62,49,57,55,7,7,7,8,12,8,Copa Asiática
I. Saadeh,Al-Karma,Jordania,15,"CM, CDM",Right,180,26,64,Jordania,61,56,65,64,57,62,60,53,57,69,52,61,62,58,71,68,57,65,62,62,64,61,59,70,61,57,56,55,65,63,54,64,58,59,56,10,13,13,15,7,15,Copa Asiática
Y. Qashi,Al-Hussein SC (Irbid),Jordania,,CM,Both,183,21,56,Jordania,55,49,56,58,50,55,49,45,53,60,41,55,52,49,58,63,57,53,54,55,55,59,44,61,52,47,58,44,53,56,53,58,51,54,43,14,8,10,13,14,14,Copa Asiática
M. Shawkat,Al-Hussein SC (Irbid),Jordania,,"CM, CAM",Left,171,31,62,Jordania,56,60,64,64,54,61,59,60,50,68,51,64,59,55,66,62,55,56,70,66,57,60,52,63,62,65,59,59,58,66,57,63,51,55,55,7,15,13,6,13,15,Copa Asiática
Sisa,ES Sétif,Jordania,,CAM,Left,172,28,63,Jordania,61,61,64,67,36,53,64,59,47,66,55,68,63,62,56,69,63,59,63,60,65,64,51,62,51,63,49,32,67,66,58,66,35,36,31,12,13,13,7,10,12,Copa Asiática
A. Ersan,Al-Faisaly SC,Jordania,14,LW,Left,171,31,66,Jordania,77,64,68,71,34,59,74,62,49,71,62,71,67,59,58,72,80,74,71,70,67,61,53,69,56,72,54,39,69,65,62,75,32,28,32,6,8,7,13,11,14,Copa Asiática
O. Fakhoury,Pyramids FC,Jordania,11,"LW, LM",Left,180,20,58,Jordania,68,54,57,62,29,53,60,54,45,60,51,64,60,51,48,63,66,70,59,59,59,54,48,60,54,50,43,28,59,54,59,53,27,28,22,11,7,8,8,15,6,Copa Asiática
M. Al-Mardi,Al-Hussein SC (Irbid),Jordania,13,LW,Left,176,33,65,Jordania,71,64,64,68,34,56,70,65,55,62,62,68,65,54,58,66,69,72,76,65,68,64,60,62,56,65,47,32,65,66,61,72,29,35,33,12,10,11,9,11,13,Copa Asiática
M. Al-Tamari,Stade Rennais FC,Jordania,10,"RW, ST",Left,176,29,74,Jordania,77,71,74,77,45,68,70,72,60,78,71,78,75,71,66,77,76,78,79,79,77,72,69,83,64,70,57,44,74,76,67,71,45,42,42,14,10,7,13,12,12,Copa Asiática
M. Abu Zrayq,Raja Club Athletic,Jordania,7,"RW, RM",Left,170,28,66,Jordania,71,62,64,72,34,58,70,61,47,62,61,71,67,62,62,74,73,69,76,67,73,63,59,70,54,60,51,36,68,62,61,62,31,31,35,15,8,13,13,8,10,Copa Asiática
A. Azaizeh,MC Alger,Jordania,24,RW,Left,178,22,59,Jordania,67,58,58,64,30,54,58,57,46,59,55,65,56,53,56,67,66,68,63,60,58,60,50,61,55,61,43,27,59,60,54,55,30,29,24,13,15,15,10,10,14,Copa Asiática
A. Al-Awadat,Al-Faisaly SC,Jordania,28,"RW, ST",Right,169,28,62,Jordania,71,60,61,67,33,53,64,62,45,60,60,68,63,58,54,65,74,68,74,62,68,60,46,60,51,56,49,36,65,63,58,62,35,28,27,8,7,10,8,9,15,Copa Asiática
A. Olwan,Al-Sailiya SC,Jordania,9,ST,Right,182,26,65,Jordania,69,68,56,65,32,62,56,70,68,60,68,64,60,56,49,67,67,70,61,70,61,66,70,66,61,65,57,28,65,54,64,70,30,27,22,11,6,8,7,12,11,Copa Asiática
T. Bany,West Bromwich Albion,Jordania,,ST,Right,181,22,60,Jordania,65,62,48,61,28,58,49,63,65,49,63,65,51,53,43,57,62,67,58,67,57,67,54,53,62,53,56,23,64,48,57,64,28,23,20,12,8,11,11,12,9,Copa Asiática
N. Al-Aqidi,Al-Nassr FC,Arabia Saudita,1,GK,Right,186,26,64,Arabia Saudita,38,23,33,30,22,44,21,17,20,40,10,18,16,20,33,34,40,36,34,60,43,45,52,35,51,19,34,31,15,39,25,45,20,20,16,67,64,56,64,62,41,Copa Asiática
M. Al-Owais,Al-Hilal SFC,Arabia Saudita,21,GK,Left,185,34,65,Arabia Saudita,34,21,33,33,23,47,17,13,21,37,22,21,22,17,41,39,33,34,36,64,40,39,53,37,56,21,34,30,13,42,27,48,24,19,21,69,68,58,64,72,41,Copa Asiática
A. Al-Kassar,Al-Qadsiah FC,Arabia Saudita,22,GK,Right,178,35,64,Arabia Saudita,32,23,32,27,24,47,17,17,28,38,12,18,20,23,35,27,29,35,33,61,46,43,53,38,54,19,40,33,17,38,23,43,17,23,22,64,62,59,63,66,42,Copa Asiática
H. Tambakti,Al-Hilal SFC,Arabia Saudita,5,"CB, RB",Right,183,27,70,Arabia Saudita,67,48,57,61,76,75,56,42,78,65,42,59,49,51,58,64,69,65,53,72,57,60,80,62,81,52,75,73,44,48,50,69,78,76,79,14,9,12,9,12,15,Copa Asiática
A. Al-Amri,Al-Nassr FC,Arabia Saudita,4,CB,Right,185,29,69,Arabia Saudita,64,49,56,61,71,71,57,45,69,62,45,60,50,52,62,63,65,63,51,67,57,66,68,65,76,45,69,69,42,45,49,71,75,70,72,9,7,11,15,7,15,Copa Asiática
J. Thakri,Al-Qadsiah FC,Arabia Saudita,25,CB,Right,184,25,68,Arabia Saudita,61,47,55,57,71,70,43,41,71,61,45,54,53,49,61,58,65,57,59,63,60,61,75,61,73,48,71,72,39,52,51,64,69,73,69,7,10,10,14,6,15,Copa Asiática
A. Lajami,Al-Hilal SFC,Arabia Saudita,3,"CB, CDM",Right,177,30,67,Arabia Saudita,57,46,55,57,69,67,52,39,64,64,43,48,45,45,63,62,55,58,58,64,69,62,66,61,70,48,65,72,43,43,49,66,71,67,69,8,12,6,15,15,9,Copa Asiática
M. Al-Harbi,Al-Hilal SFC,Arabia Saudita,24,"LB, LM",Left,177,26,67,Arabia Saudita,74,50,63,66,64,70,68,45,59,65,44,66,58,53,65,65,72,76,67,66,70,61,68,74,67,50,71,63,53,55,53,64,66,65,65,15,14,7,10,9,14,Copa Asiática
H. Kadesh,Al-Ittihad Club,Arabia Saudita,14,"LB, RB",Left,179,34,66,Arabia Saudita,69,52,65,64,64,65,70,49,59,70,50,64,58,49,64,63,70,68,70,68,63,60,61,69,64,49,63,66,57,57,49,64,65,63,67,8,14,11,13,12,6,Copa Asiática
M. Abu Al-Shamat,Al-Qadsiah FC,Arabia Saudita,26,"RB, RM",Right,170,24,67,Arabia Saudita,71,51,63,66,66,63,67,46,64,61,47,64,62,58,69,67,69,73,74,62,73,64,59,71,61,52,61,67,56,60,47,65,65,65,67,14,6,14,8,13,7,Copa Asiática
A. Majrashi,Al-Ahli SFC,Arabia Saudita,2,RB,Right,169,27,69,Arabia Saudita,72,55,64,67,68,66,67,50,56,65,54,63,62,54,63,69,73,71,73,71,71,59,63,71,65,59,65,62,60,64,55,64,69,72,76,9,6,15,6,15,12,Copa Asiática
N. Boushal,Al-Nassr FC,Arabia Saudita,13,"RB, LB",Right,173,27,64,Arabia Saudita,68,50,62,60,63,61,67,46,57,67,46,58,55,48,57,59,67,68,66,65,66,54,65,69,55,56,63,66,54,55,49,58,61,64,63,15,12,12,11,15,12,Copa Asiática
Z. Al-Johani,Al-Ahli SFC,Arabia Saudita,16,"CDM, CM",Left,180,24,65,Arabia Saudita,59,58,61,62,66,67,54,56,60,65,49,61,51,54,61,62,61,58,63,68,64,65,67,69,66,61,68,72,58,64,53,69,58,72,67,6,13,6,14,12,12,Copa Asiática
A. Al-Khaibari,Al-Nassr FC,Arabia Saudita,15,CDM,Right,175,30,67,Arabia Saudita,61,58,64,64,68,69,51,55,60,68,50,65,58,57,71,61,59,63,63,70,66,67,65,70,68,60,69,73,58,67,51,63,66,70,63,12,10,14,14,7,9,Copa Asiática
M. Ali,Al-Ittihad Club,Arabia Saudita,7,CDM,Right,185,28,64,Arabia Saudita,59,55,62,62,64,66,55,50,63,68,46,63,58,53,62,64,61,57,54,60,64,65,69,65,65,56,67,64,58,60,59,59,63,66,62,14,10,10,9,11,14,Copa Asiática
N. Al-Dawsari,Al-Hilal SFC,Arabia Saudita,6,CM,Left,178,27,65,Arabia Saudita,67,60,66,65,57,65,63,57,53,73,55,62,63,56,63,68,70,64,59,62,65,64,58,67,65,62,65,58,63,62,61,76,56,60,54,7,8,13,6,11,15,Copa Asiática
M. Kanno,Al-Hilal SFC,Arabia Saudita,23,"CM, CDM",Right,191,32,68,Arabia Saudita,61,61,70,66,61,66,62,59,63,75,51,61,62,59,72,70,61,61,65,72,64,67,62,59,72,63,63,65,64,75,58,70,57,62,58,8,11,15,6,8,8,Copa Asiática
A. Hejji,NEOM SC,Arabia Saudita,18,CM,Right,178,30,65,Arabia Saudita,58,58,68,65,58,64,63,52,58,73,55,66,67,57,68,65,59,58,61,64,63,66,61,70,63,64,58,55,56,68,56,64,60,59,59,13,8,15,14,10,14,Copa Asiática
S. Mandash,Al-Hilal SFC,Arabia Saudita,20,RW,Left,172,31,64,Arabia Saudita,68,62,64,67,32,54,69,62,51,67,61,69,60,61,53,66,67,69,68,60,64,59,48,62,54,66,48,31,68,66,60,69,33,26,27,6,12,7,7,9,6,Copa Asiática
F. Al-Buraikan,Al-Ahli SFC,Arabia Saudita,9,ST,Left,185,26,70,Arabia Saudita,71,70,59,69,36,68,60,74,74,63,71,68,63,57,53,70,72,70,65,76,63,70,70,66,70,61,64,32,73,55,66,68,31,32,32,9,14,7,8,11,7,Copa Asiática
S. Al-Shehri,Al-Ittihad Club,Arabia Saudita,11,"ST, CF",Right,184,32,70,Arabia Saudita,70,70,63,64,37,69,60,70,78,67,68,61,55,57,56,66,71,69,65,70,60,73,76,66,71,66,65,37,69,66,73,76,31,31,30,9,10,9,15,13,6,Copa Asiática
A. Al-Hamdan,Al-Nassr FC,Arabia Saudita,19,"ST, LW",Right,186,27,61,Arabia Saudita,62,63,50,60,30,61,46,65,60,56,60,57,46,48,44,62,63,62,63,63,58,66,60,56,64,55,61,28,57,49,66,63,26,27,21,9,9,6,13,11,9,Copa Asiática
M. Abunada,Al-Rayyan SC,Catar,1,GK,Left,185,26,63,Catar,41,21,31,29,18,48,17,13,21,38,14,19,17,19,35,33,39,42,30,54,44,43,48,41,53,20,42,26,14,38,29,47,16,12,21,66,61,55,60,68,43,Copa Asiática
S. Zakaria,Al-Duhail SC,Catar,21,GK,Right,186,27,63,Catar,39,22,30,30,20,45,12,18,27,39,10,20,18,21,34,32,44,35,41,60,41,43,47,40,50,17,40,25,12,35,25,43,18,17,16,68,60,57,67,63,38,Copa Asiática
S. Ellethy,Al-Shahania SC,Catar,22,GK,Left,183,26,62,Catar,34,20,30,26,19,44,16,10,25,37,12,15,11,18,32,27,35,34,37,57,39,44,50,37,49,19,37,29,14,37,24,41,20,11,16,58,65,56,59,68,42,Copa Asiática
T. Salman,Al-Sadd SC,Catar,5,CB,Right,179,28,63,Catar,57,42,51,53,68,66,51,35,66,58,36,50,46,42,54,55,55,59,51,60,58,57,66,64,65,43,71,65,38,41,47,62,66,72,65,14,8,11,11,7,7,Copa Asiática
I. Laye,Al-Arabi SC,Catar,4,CB,Right,188,28,59,Catar,53,40,48,47,64,62,47,32,63,55,39,41,43,33,49,49,52,54,48,60,47,55,62,53,65,43,64,62,31,39,40,59,66,65,62,15,6,15,12,11,11,Copa Asiática
B. Khoukhi,Al-Sadd SC,Catar,16,CB,Right,185,36,67,Catar,57,46,53,57,73,71,54,38,71,55,42,52,44,48,60,60,55,58,54,65,59,63,69,64,75,47,69,76,45,48,45,66,72,73,74,9,6,13,8,9,13,Copa Asiática
H. Al-Amin,Real Valladolid CF,Catar,14,LB,Left,188,27,62,Catar,67,47,59,58,60,59,63,42,64,64,50,57,54,50,59,60,66,68,61,56,59,54,64,71,52,51,61,59,52,49,46,55,58,61,65,13,11,9,10,15,11,Copa Asiática
S. Al-Brake,Al-Duhail SC,Catar,18,LB,Left,178,30,62,Catar,67,48,55,60,59,60,59,45,58,58,44,55,51,43,59,62,66,67,69,58,64,53,59,63,59,50,61,61,49,47,44,64,58,58,66,9,15,15,10,7,8,Copa Asiática
J. Gaber,Al-Rayyan SC,Catar,3,RB,Right,181,24,64,Catar,65,51,61,61,64,61,65,49,61,64,49,57,55,48,58,64,69,62,66,64,65,57,61,66,60,51,57,65,54,57,47,59,64,64,64,10,15,14,12,15,13,Copa Asiática
A. Al-Oui,Al-Gharafa SC,Catar,13,"RB, RM",Right,181,21,58,Catar,62,41,53,58,56,56,57,36,55,60,37,58,49,46,53,58,60,64,58,59,62,49,48,63,52,44,59,59,48,41,38,51,55,55,58,7,8,9,10,6,7,Copa Asiática
P. Miguel,Al-Sadd SC,Catar,2,RB,Right,180,36,64,Catar,59,53,60,63,61,62,63,49,57,65,52,59,51,50,57,67,58,60,69,61,61,59,65,72,57,57,59,57,52,57,54,63,63,64,61,12,14,15,15,15,8,Copa Asiática
A. Madibo,Al-Duhail SC,Catar,23,"CDM, CM",Right,168,29,62,Catar,57,54,60,59,63,65,43,50,55,72,43,58,53,54,63,58,53,61,59,59,62,61,57,67,63,59,70,64,53,55,55,64,66,65,58,10,12,6,15,13,15,Copa Asiática
A. Fathi,Al-Arabi SC,Catar,20,"CDM, CB",Right,171,33,66,Catar,57,54,65,65,67,68,63,48,54,65,48,59,59,62,68,72,54,59,62,72,66,61,64,70,66,61,69,68,57,65,53,69,65,73,68,6,9,12,11,9,13,Copa Asiática
K. Boudiaf,Al-Duhail SC,Catar,12,"CDM, CB",Right,190,36,64,Catar,50,57,60,60,64,66,54,51,64,65,50,58,48,55,67,63,46,53,51,70,55,71,70,68,65,60,66,72,57,58,56,68,63,61,62,15,15,12,14,13,9,Copa Asiática
A. Hatim,Al-Rayyan SC,Catar,6,CM,Left,179,35,65,Catar,52,63,65,66,58,68,59,62,58,67,57,65,60,58,70,67,52,52,65,67,63,64,61,67,70,66,66,58,65,67,58,70,54,59,63,9,15,14,14,6,10,Copa Asiática
N. Al-Hadhrami,Lusail SC,Catar,25,"CM, CAM",Right,180,25,61,Catar,58,54,62,60,53,60,60,48,53,64,46,61,55,57,63,60,56,59,59,60,61,60,55,59,62,59,58,50,62,62,56,59,53,55,54,6,12,7,8,15,6,Copa Asiática
A. Afif,Al-Sadd SC,Catar,11,LW,Left,176,29,74,Catar,81,70,74,76,42,66,77,69,61,77,77,77,70,66,66,76,79,82,78,66,76,72,63,74,65,69,59,49,71,74,73,68,34,42,34,10,13,15,14,13,7,Copa Asiática
E. Junior,Al-Duhail SC,Catar,8,"LW, ST",Left,180,32,73,Catar,76,78,69,72,44,68,68,83,61,66,71,71,76,66,63,73,79,73,73,74,73,72,68,73,66,77,65,46,74,79,68,74,43,41,40,6,7,6,10,13,10,Copa Asiática
A. Al-Ganehi,Al-Rayyan SC,Catar,17,"RW, ST",Right,175,26,64,Catar,71,64,63,67,33,55,64,67,52,67,58,64,64,60,58,70,68,73,68,71,67,65,51,67,53,60,48,36,63,61,57,66,28,31,30,6,14,13,6,11,15,Copa Asiática
H. Al-Haydos,Al-Sadd SC,Catar,10,"RW, ST",Right,174,35,67,Catar,70,67,64,72,34,57,65,70,52,63,66,74,62,65,60,71,71,70,77,63,74,72,60,65,56,57,50,39,65,66,59,63,33,28,30,6,11,15,13,10,15,Copa Asiática
T. Mohammed Jamshid,Al-Duhail SC,Catar,24,"RW, ST",Right,177,20,55,Catar,63,52,50,59,24,48,54,51,41,50,56,63,56,51,47,55,66,61,66,51,58,52,46,54,50,53,36,22,59,48,51,49,25,21,21,15,15,7,11,7,15,Copa Asiática
H. Ali,Al-Sadd SC,Catar,9,RW,Right,166,26,59,Catar,66,60,56,67,27,49,65,60,39,57,59,70,58,56,48,66,68,65,64,60,69,59,44,59,44,60,51,24,66,53,56,56,28,24,24,10,9,8,15,11,10,Copa Asiática
A. Ali,Al-Duhail SC,Catar,19,"ST, LW",Right,180,30,72,Catar,72,72,60,69,38,71,58,73,70,59,75,63,63,61,58,75,68,75,66,76,73,72,70,71,73,69,64,36,74,63,73,76,36,32,34,11,8,8,8,9,14,Copa Asiática
M. Manai,Al-Sadd SC,Catar,26,ST,Right,180,23,62,Catar,58,61,52,62,28,61,51,62,60,56,65,62,55,47,45,62,60,57,63,63,60,62,65,58,66,55,53,22,65,53,67,63,26,25,18,11,6,13,14,8,9,Copa Asiática
A. Alaaeldin,Al-Rayyan SC,Catar,7,"ST, LW",Right,179,33,65,Catar,62,65,55,65,32,65,50,67,62,58,67,66,61,53,49,65,60,63,62,67,61,63,66,61,70,61,57,29,72,58,64,66,31,27,21,12,12,13,7,8,7,Copa Asiática
Y. Abdurisag,Al-Sadd SC,Catar,15,"ST, LW",Right,177,27,62,Catar,66,61,56,61,28,61,50,63,62,63,65,60,52,52,50,62,65,66,59,66,59,63,60,56,64,53,59,25,64,54,64,66,28,22,13,12,14,8,15,10,15,Copa Asiática
A. Basil Fadhil,Al-Zawraa SC,Irak,22,GK,Both,186,30,63,Irak,39,21,31,30,21,46,17,14,25,38,18,18,16,19,32,30,40,38,45,63,49,43,51,41,50,16,39,34,12,38,24,38,15,19,15,62,62,54,65,66,38,Copa Asiática
H. Hasan,Erbil SC,Irak,22,GK,Right,190,23,61,Irak,32,18,31,28,20,42,20,10,19,37,10,15,15,13,35,33,31,33,36,56,38,40,46,29,50,17,39,27,10,36,22,39,15,20,20,62,61,52,61,62,40,Copa Asiática
M. Salih,Al-Quwa Al-Jawiya,Irak,1,GK,Right,191,32,64,Irak,35,22,34,32,21,44,19,12,16,41,17,20,20,24,36,37,35,35,37,68,40,45,55,40,46,24,42,33,15,43,30,44,18,21,15,66,66,61,64,61,42,Copa Asiática
A. Hashem,Zakho SC,Irak,5,CB,Left,186,28,66,Irak,58,45,54,56,68,70,54,38,61,58,38,49,46,44,60,59,59,58,61,65,57,59,72,65,71,51,71,69,45,48,41,66,66,71,69,10,15,8,8,8,12,Copa Asiática
Z. Tahseen,Pakhtakor Tashkent,Irak,4,CB,Right,193,25,64,Irak,58,46,52,52,67,67,45,42,65,56,39,49,38,46,61,54,60,57,53,65,47,58,65,59,71,46,67,67,37,49,47,59,68,67,63,12,13,7,6,14,15,Copa Asiática
M. Jabbar,Al-Shorta SC,Irak,5,"CB, RB",Right,188,25,62,Irak,55,40,50,52,63,65,50,30,66,58,36,45,42,39,47,59,57,53,51,55,50,56,62,59,69,45,62,61,41,42,45,61,56,71,61,8,8,10,6,13,12,Copa Asiática
J. Al-Imam,Duhok SC,Irak,,CB,Left,187,22,59,Irak,53,39,46,47,61,63,40,33,62,52,37,44,42,38,53,48,53,53,49,58,50,56,60,57,65,38,64,63,33,39,44,55,64,56,58,15,14,9,13,11,10,Copa Asiática
M. Doski,FC Viktoria Plzen,Irak,23,LB,Left,173,26,68,Irak,71,54,64,66,68,66,71,50,59,71,47,64,58,52,59,68,69,72,66,65,73,60,67,73,62,61,67,64,53,54,54,61,69,71,70,6,7,14,14,6,6,Copa Asiática
A. Yahya,Al-Shorta SC,Irak,15,"LB, LM",Left,187,31,64,Irak,67,50,62,60,61,62,66,45,60,66,43,59,56,52,64,60,65,68,61,66,66,58,62,65,63,51,58,60,55,56,54,61,57,64,65,14,6,14,6,14,9,Copa Asiática
M. Dlawar,Newroz SC,Irak,,RB,Right,160,25,61,Irak,64,46,57,61,60,57,64,41,48,60,43,58,47,48,57,63,63,65,62,61,72,54,51,63,56,48,55,60,54,49,48,58,65,60,61,11,12,7,8,10,6,Copa Asiática
M. Saadoon,Zakho SC,Irak,25,RB,Right,182,25,63,Irak,68,50,60,60,59,61,63,45,57,63,46,58,59,48,61,59,67,69,66,65,65,56,68,63,57,54,65,60,54,54,50,52,59,60,59,10,9,7,8,13,12,Copa Asiática
A. Al-Ammari,Cracovia,Irak,16,"CDM, CB",Left,184,29,65,Irak,64,57,60,58,68,69,58,51,64,63,48,57,55,54,60,58,65,64,53,62,62,68,65,74,68,62,67,71,58,59,61,63,69,65,72,9,10,13,7,6,9,Copa Asiática
Z. Ismail,Al-Talaba SC,Irak,24,CDM,Left,185,24,62,Irak,57,51,56,57,63,68,48,46,54,57,47,57,54,51,65,57,56,57,57,66,57,60,65,69,67,53,71,69,54,57,50,57,62,64,62,13,9,10,8,15,8,Copa Asiática
A. Razaq Qassem,Al-Mina'a SC,Irak,13,"CDM, CM",Left,176,23,61,Irak,59,51,56,56,62,61,50,46,55,60,44,56,48,50,57,57,58,59,52,61,57,59,60,61,60,57,64,64,52,60,55,60,60,64,64,6,10,8,8,10,10,Copa Asiática
Z. Iqbal,Dundee United FC,Irak,14,CM,Right,181,23,66,Irak,61,59,65,66,58,67,63,56,61,66,55,66,66,57,68,70,59,62,66,55,60,62,58,71,66,62,68,59,64,64,57,63,57,57,56,13,7,10,14,13,8,Copa Asiática
H. Abdulkareem,Al-Nassr FC,Irak,,CM,Left,190,22,59,Irak,61,55,59,58,51,62,56,53,56,58,45,54,56,53,63,63,59,62,55,54,55,61,57,63,65,57,56,55,52,63,55,58,48,51,46,8,13,11,7,12,10,Copa Asiática
J. Nasrawe,SV Ried,Irak,,"CAM, CF",Left,173,19,57,Irak,56,59,57,62,30,51,57,60,41,57,53,65,58,50,55,61,58,54,61,58,58,60,42,59,48,60,50,35,55,60,56,53,33,22,19,6,11,6,8,10,9,Copa Asiática
M. Qasim,Al-Zawraa SC,Irak,19,"CAM, CF",Left,167,29,62,Irak,63,59,64,66,34,53,58,58,46,70,56,66,61,62,62,63,65,61,71,65,71,55,49,63,46,67,58,33,63,64,57,64,36,30,31,11,14,10,8,13,14,Copa Asiática
K. Nabeel,Al-Talaba SC,Irak,18,CAM,Right,160,28,60,Irak,61,58,62,66,32,48,56,57,40,64,54,67,61,62,57,66,63,60,66,58,68,61,44,59,44,61,46,31,61,70,53,65,34,31,27,9,11,6,12,11,13,Copa Asiática
A. Qasem,Nashville SC,Irak,11,LW,Left,183,23,69,Irak,77,64,64,71,36,61,66,64,58,63,64,75,70,57,61,69,80,75,71,69,68,66,62,66,59,61,58,38,73,65,61,66,34,32,33,11,8,11,12,13,15,Copa Asiática
A. Jasim,Zakho SC,Irak,17,LW,Left,178,22,62,Irak,72,61,60,68,33,54,64,60,51,58,56,72,62,58,57,66,74,71,66,61,68,59,51,61,55,64,45,34,68,61,55,57,33,28,25,10,12,10,11,15,10,Copa Asiática
I. Bayesh,Erbil SC,Irak,8,RW,Right,177,26,65,Irak,72,64,63,67,33,58,69,66,52,65,59,72,64,63,54,61,75,70,71,63,68,61,58,67,55,63,54,35,65,62,63,68,35,27,23,13,11,8,14,6,8,Copa Asiática
H. Abdulkareem,Al-Zawraa SC,Irak,11,"RW, ST",Left,174,27,67,Irak,73,67,65,71,38,56,69,71,61,64,63,71,69,62,64,73,76,70,70,67,70,64,62,67,53,59,50,40,76,62,65,64,37,31,31,12,9,15,13,11,13,Copa Asiática
M. Qabeel,Erbil SC,Irak,,"RW, ST",Right,182,21,58,Irak,63,57,57,63,26,51,59,57,46,61,57,63,65,51,49,65,64,63,61,61,58,57,54,56,51,58,44,24,62,52,52,54,26,25,18,11,8,14,11,15,7,Copa Asiática
S. Rasheed Hameed,Al-Talaba SC,Irak,,ST,Right,185,26,64,Irak,65,68,56,63,32,65,54,70,66,62,72,66,60,55,47,62,64,66,60,60,60,73,60,63,67,57,63,25,68,52,66,61,32,27,25,12,12,11,12,14,11,Copa Asiática
A. Hussein,Pakhtakor Tashkent,Irak,18,"ST, LW",Right,189,30,63,Irak,63,65,52,63,30,62,51,66,65,58,64,64,54,52,45,65,64,63,57,63,59,67,63,58,67,61,56,27,65,47,66,66,29,21,28,10,15,7,6,15,8,Copa Asiática
R. Hamadeh,Sin equipoSin equipo,Palestina,22,GK,Right,183,32,64,Palestina,36,21,33,36,22,46,19,11,22,40,15,27,17,20,33,37,40,32,44,61,50,47,51,35,54,18,40,29,17,42,23,48,18,24,19,65,65,57,58,65,43,Copa Asiática
A. Yassin,Sin equipoSin equipo,Palestina,1,GK,Right,184,22,55,Palestina,27,14,26,23,13,35,12,10,11,33,10,15,10,10,29,24,30,24,25,52,32,30,39,29,39,10,32,18,10,35,20,39,14,10,15,58,53,47,54,59,27,Copa Asiática
M. Assi,Homs Al-Fidaa SC,Palestina,16,GK,Left,186,21,50,Palestina,23,13,22,18,10,34,10,10,10,32,10,10,10,10,21,21,23,23,21,40,29,24,41,23,44,10,23,12,10,22,10,26,10,10,10,53,51,41,52,54,29,Copa Asiática
M. Termanini,Al-Shamal SC,Palestina,15,CB,Right,185,28,64,Palestina,62,44,53,50,68,65,47,38,60,61,45,47,44,42,56,49,55,67,55,60,55,59,67,62,64,41,70,71,41,48,44,64,71,67,64,12,10,6,10,15,14,Copa Asiática
B. Morales,Trujillanos FC,Palestina,27,CB,Right,188,24,59,Palestina,53,40,46,48,63,63,40,36,65,55,33,44,41,42,50,54,54,53,43,54,41,56,62,54,67,39,65,63,29,36,35,59,62,65,60,15,11,7,13,13,15,Copa Asiática
K. Abu El Haija,1.FC Nuremberg II,Palestina,3,CB,Right,197,20,54,Palestina,54,36,44,42,58,60,37,31,64,52,29,39,41,36,50,44,53,54,41,53,41,47,59,53,66,40,55,56,36,35,37,51,60,55,58,6,9,9,13,7,12,Copa Asiática
A. Mahajneh,Al-Arabi SC,Palestina,20,"CB, RB",Right,187,29,58,Palestina,52,36,46,51,61,59,41,31,65,55,35,47,40,38,49,56,53,51,44,55,43,46,59,56,60,39,58,58,34,37,39,57,60,63,60,9,9,9,15,9,10,Copa Asiática
Y. Hamed,Al-Khor SC,Palestina,4,"CB, RB",Right,188,28,57,Palestina,51,39,44,46,60,60,42,37,56,49,30,44,34,40,50,46,50,52,45,54,44,52,62,55,64,36,56,65,27,34,38,57,55,65,55,6,12,11,8,12,12,Copa Asiática
W. Nabhan,Zed FC,Palestina,2,LB,Left,186,25,60,Palestina,60,45,58,58,58,62,64,40,56,61,42,60,54,45,54,54,61,59,58,62,64,51,60,63,64,49,58,57,50,52,40,59,58,58,61,11,9,9,8,9,9,Copa Asiática
A. Taha,SC Kfar Qasem,Palestina,14,LB,Left,178,25,60,Palestina,65,45,55,60,57,58,61,41,54,59,45,61,54,43,52,58,66,65,61,57,60,52,59,68,53,46,60,57,50,49,44,58,55,59,59,9,12,6,14,11,8,Copa Asiática
E. Saba,Sport Boys Association,Palestina,17,"RB, RM",Right,180,25,62,Palestina,68,47,56,58,64,61,63,46,59,58,43,56,59,47,55,58,68,68,61,60,64,56,55,66,60,43,59,67,46,49,49,60,63,64,64,12,7,9,12,12,14,Copa Asiática
M. Al-Batat,Sin equipoSin equipo,Palestina,7,"RB, RM",Right,168,32,62,Palestina,67,45,57,60,59,59,64,41,47,58,49,56,53,45,59,60,65,69,67,63,73,54,53,68,56,42,59,63,51,51,45,58,59,61,57,15,7,12,7,12,8,Copa Asiática
H. Hamdan,Pyramids FC,Palestina,8,CDM,Left,178,26,67,Palestina,59,58,64,65,68,70,55,50,67,69,51,64,58,57,69,65,61,58,65,65,67,69,64,69,72,67,70,67,57,62,54,65,68,70,64,8,13,9,10,6,12,Copa Asiática
A. Shhade,FK Velez Mostar,Palestina,13,"CDM, CB",Right,170,25,56,Palestina,52,47,51,52,56,56,47,45,54,54,37,50,48,45,58,52,49,55,53,57,53,51,51,57,54,51,60,59,44,49,51,56,51,58,60,11,8,13,9,7,8,Copa Asiática
A. Manzur,Club Libertad Asunción,Palestina,19,CM,Right,169,26,68,Palestina,68,64,70,68,60,63,66,60,55,78,61,69,59,61,70,67,73,63,70,69,70,72,56,72,60,66,63,62,63,65,66,69,60,63,57,9,11,9,12,15,10,Copa Asiática
A. Sawafta,El Masry SC,Palestina,5,"CM, CAM",Right,183,26,61,Palestina,57,58,61,57,56,58,52,54,54,66,52,55,59,60,63,57,58,56,60,60,58,61,54,62,59,64,54,58,56,59,56,63,54,59,49,14,13,15,15,12,7,Copa Asiática
A. Kaied,Zamalek SC,Palestina,18,CM,Right,177,24,59,Palestina,57,56,58,61,51,57,53,54,42,58,47,60,57,56,63,62,58,57,59,59,60,61,48,65,55,60,55,56,56,61,52,63,49,55,48,6,13,8,7,14,8,Copa Asiática
A. Al-Qaq,Sporting Club Jacksonville,Palestina,25,"LM, LW",Left,185,24,58,Palestina,66,55,57,58,40,54,56,57,51,62,49,60,57,44,57,58,60,70,56,52,59,58,49,58,55,51,50,42,51,53,51,48,38,38,36,8,8,11,8,13,11,Copa Asiática
A. Rashid,Suez Petrojet FC,Palestina,23,CAM,Left,179,21,47,Palestina,47,47,49,53,19,36,42,45,29,53,42,54,49,43,47,53,47,47,53,44,52,48,36,42,34,51,34,19,50,51,44,46,18,18,17,11,6,11,6,8,6,Copa Asiática
B. Mousa,Suez Petrojet FC,Palestina,24,LW,Left,176,27,61,Palestina,71,60,60,63,34,54,64,61,49,59,60,62,58,62,58,64,73,69,64,59,68,63,51,61,55,54,44,33,62,57,54,61,33,34,25,8,15,7,9,13,15,Copa Asiática
H. Aladin,Al-Gharafa SC,Palestina,25,LW,Left,180,26,59,Palestina,69,55,58,60,29,53,61,54,47,60,55,59,58,53,49,61,72,66,63,64,58,57,56,64,52,54,43,29,62,58,56,57,28,25,23,14,6,7,15,14,11,Copa Asiática
O. Dabbagh,Zamalek SC,Palestina,11,RW,Left,183,27,68,Palestina,75,66,65,69,36,56,68,66,53,62,62,71,68,64,59,68,77,74,70,69,64,63,63,67,55,67,45,42,70,71,65,68,33,30,30,6,13,8,15,8,12,Copa Asiática
T. Seyam,Al-Shamal SC,Palestina,9,RW,Left,185,33,64,Palestina,68,63,63,67,34,56,65,63,52,65,57,68,61,62,59,66,69,67,67,65,66,62,62,64,56,64,47,33,69,63,62,63,35,30,30,7,6,7,10,6,6,Copa Asiática
A. Al-Hamlawi,CS Universitatea Craiova,Palestina,12,"ST, CF",Right,188,25,67,Palestina,67,68,58,66,33,67,61,72,72,63,66,64,53,52,49,69,64,70,64,71,60,63,68,63,71,63,62,34,71,56,65,67,27,27,26,14,6,13,7,10,11,Copa Asiática
Z. Qunbar,Al-Arabi SC (Kuwait),Palestina,21,ST,Right,185,24,60,Palestina,65,62,51,60,26,60,53,62,63,57,60,60,46,50,42,59,66,64,62,64,55,64,58,60,66,59,48,19,64,46,63,60,25,23,18,15,14,15,6,11,10,Copa Asiática
A. Ahmad,Esbjerg fB,Palestina,6,ST,Right,176,23,60,Palestina,58,62,50,57,26,55,47,66,58,54,62,54,48,49,43,56,58,58,62,61,59,58,60,52,57,56,51,20,66,50,58,63,24,22,24,14,12,10,12,8,11,Copa Asiática
K. Al-Nabris,Cleopatra FC,Palestina,10,ST,Right,180,23,57,Palestina,60,58,48,58,23,56,46,61,58,53,61,58,50,41,44,59,62,59,54,58,52,55,54,54,60,53,50,21,63,46,56,60,18,19,17,9,9,8,7,11,14,Copa Asiática
P. Khammai,True Bangkok United,Tailandia,1,GK,Right,187,31,63,Tailandia,35,21,31,32,19,45,16,13,26,36,13,26,19,19,35,32,33,37,37,60,37,46,52,35,51,21,39,27,12,41,19,45,14,17,17,61,65,58,67,63,44,Copa Asiática
S. Anuin,BG Pathum United,Tailandia,20,GK,Left,186,32,65,Tailandia,37,22,36,34,26,52,19,11,26,44,14,24,22,20,40,34,36,37,47,68,49,50,48,49,57,19,43,37,18,42,32,47,25,21,19,65,63,58,69,70,39,Copa Asiática
K. Pathomakkakul,Ratchaburi FC,Tailandia,23,GK,Right,182,34,65,Tailandia,36,22,34,31,23,46,18,15,21,41,13,19,25,26,33,32,36,36,42,65,42,47,52,40,53,16,36,30,13,42,21,44,18,25,17,64,64,59,64,65,41,Copa Asiática
J. Khemdee,Ratchaburi FC,Tailandia,,"CB, CDM",Right,191,24,64,Tailandia,62,44,53,52,68,68,51,37,74,59,39,51,37,44,58,51,58,65,47,61,51,62,63,61,74,46,65,67,38,47,38,59,68,69,66,15,10,7,9,6,10,Copa Asiática
P. Akkratum,Port FC,Tailandia,5,"CB, RB",Right,180,27,62,Tailandia,57,41,49,50,65,61,45,37,61,52,38,45,42,43,59,52,55,58,53,65,54,55,56,55,62,36,67,67,40,42,44,60,64,65,65,8,15,10,6,15,11,Copa Asiática
M. Bihr,Port FC,Tailandia,4,"CB, CDM",Right,184,33,63,Tailandia,54,44,53,52,66,68,47,42,72,61,34,50,44,43,57,52,54,54,52,60,56,51,70,62,71,46,68,65,38,46,45,64,66,66,60,13,13,6,11,15,14,Copa Asiática
N. Sayriya,Chonburi FC,Tailandia,2,"CB, CDM",Right,176,34,58,Tailandia,52,37,47,47,62,57,41,32,58,57,27,45,35,39,52,45,48,55,49,63,49,50,58,54,56,36,61,61,35,38,43,61,63,66,58,12,13,6,8,8,15,Copa Asiática
N. Mickelson,SV 07 Elversberg,Tailandia,12,"LB, LM",Left,179,27,65,Tailandia,66,52,63,60,65,64,68,49,62,64,46,60,62,56,67,59,70,63,64,63,66,60,62,66,62,52,66,64,58,54,54,58,63,68,64,10,14,11,12,12,10,Copa Asiática
C. Otton,Port FC,Tailandia,3,"LB, RB",Left,173,23,59,Tailandia,65,42,53,59,56,57,57,36,51,55,41,57,51,39,51,59,66,65,62,59,65,53,51,64,54,44,55,52,48,52,41,54,55,61,59,15,6,10,15,8,12,Copa Asiática
W. Choolthong,BG Pathum United,Tailandia,13,RB,Right,180,22,61,Tailandia,65,50,55,60,60,62,58,48,58,56,39,59,54,44,58,61,63,66,61,59,62,58,57,72,59,50,60,57,46,53,44,60,56,65,63,13,15,13,9,12,15,Copa Asiática
S. Bureerat,Port FC,Tailandia,21,"RB, RM",Right,177,32,64,Tailandia,65,51,61,62,61,64,71,48,55,59,45,58,60,48,63,64,65,65,65,65,72,57,60,69,60,52,67,59,53,57,48,54,61,63,63,9,7,8,6,11,10,Copa Asiática
K. Kaman,BG Pathum United,Tailandia,15,"CDM, CM",Right,176,27,61,Tailandia,55,50,58,56,62,64,48,47,54,69,44,55,49,57,57,54,55,55,54,67,56,58,58,62,66,53,64,65,52,54,43,64,62,61,62,8,8,15,13,9,15,Copa Asiática
S. Yooyen,BG Pathum United,Tailandia,6,"CDM, CB",Right,168,34,64,Tailandia,53,55,61,63,67,66,55,54,57,63,51,61,56,57,66,63,54,52,68,68,63,60,63,75,60,56,69,66,54,64,50,66,70,68,63,14,6,9,11,12,8,Copa Asiática
P. Chamrasamee,Port FC,Tailandia,8,CM,Right,173,34,67,Tailandia,57,61,68,68,60,63,64,59,53,67,57,70,64,67,69,67,56,58,68,66,64,66,64,64,62,63,64,62,60,75,60,65,58,64,57,12,6,12,15,13,6,Copa Asiática
C. Songkrasin,BG Pathum United,Tailandia,18,CAM,Both,158,33,72,Tailandia,66,73,74,77,44,58,71,72,54,72,68,77,74,73,76,77,65,67,76,69,85,72,55,65,53,79,63,43,75,79,74,74,38,45,46,11,8,13,9,15,10,Copa Asiática
S. Sarachat,Hokkaido Consadole Sapporo,Tailandia,10,"CAM, CM",Right,169,28,64,Tailandia,68,65,66,66,34,56,62,62,42,69,57,70,68,62,63,63,71,65,65,62,68,69,56,66,53,71,53,37,60,68,59,66,35,31,31,11,13,11,8,15,7,Copa Asiática
K. Khamyok,True Bangkok United,Tailandia,7,CAM,Right,177,22,60,Tailandia,62,58,62,64,32,54,57,57,41,67,57,62,65,62,57,67,60,64,62,62,64,60,48,58,54,58,50,35,57,61,58,57,30,30,28,6,10,6,14,10,15,Copa Asiática
S. Ratree,Port FC,Tailandia,22,"CAM, CF",Right,177,23,63,Tailandia,63,64,66,66,38,58,63,64,48,69,60,66,64,64,62,65,65,61,68,63,63,69,52,67,54,64,59,36,58,66,61,70,42,34,27,14,13,14,6,11,10,Copa Asiática
A. Yodsangwal,Buriram United,Tailandia,11,LW,Left,176,25,63,Tailandia,68,61,61,67,29,57,67,64,52,60,56,71,61,55,52,62,67,69,71,65,67,59,54,67,55,59,48,30,63,67,54,60,28,24,23,9,9,12,15,9,10,Copa Asiática
I. Sanron,Buriram United,Tailandia,16,LW,Left,174,21,59,Tailandia,68,57,58,62,25,48,61,54,45,63,54,62,60,54,51,63,66,69,68,56,59,62,48,57,46,59,43,28,64,53,50,56,19,24,23,10,15,7,6,6,11,Copa Asiática
T. Pruetong,Hokkaido Consadole Sapporo,Tailandia,19,"RW, RM",Left,175,19,56,Tailandia,61,55,54,58,25,46,52,57,45,56,49,56,55,52,45,60,62,61,60,53,55,55,42,58,44,49,38,24,62,57,54,56,25,22,19,15,9,9,12,7,9,Copa Asiática
S. Chaided,Buriram United,Tailandia,9,ST,Right,185,27,63,Tailandia,63,62,53,62,29,62,58,62,64,55,60,62,56,52,46,64,63,63,60,63,62,65,71,62,64,57,56,24,67,48,63,58,27,25,23,7,10,7,7,9,10,Copa Asiática
T. Poeiphimai,Port FC,Tailandia,14,ST,Right,181,24,60,Tailandia,60,62,49,58,24,62,41,63,63,55,60,57,50,60,38,61,57,62,53,63,54,63,58,54,68,59,59,21,70,52,57,59,17,21,24,10,10,11,12,9,11,Copa Asiática
J. Soonsup-Bell,Port FC,Tailandia,17,ST,Right,184,22,58,Tailandia,61,59,46,56,24,60,45,63,60,49,60,53,52,46,40,58,62,61,56,60,56,60,57,53,67,52,53,22,55,46,57,56,23,18,17,15,9,12,10,8,13,Copa Asiática
R. Yatimov,FK Rostov,Tayikistán,1,GK,Right,194,28,68,Tayikistán,42,27,37,35,26,53,23,21,27,42,15,24,25,21,43,37,38,45,46,65,47,49,60,42,61,25,45,28,16,44,24,51,22,27,28,69,65,65,68,72,48,Copa Asiática
O. Baklov,Turan-Tovuz IK,Tayikistán,23,GK,Right,201,31,67,Tayikistán,42,25,34,33,25,49,20,19,22,44,16,22,16,25,30,35,40,43,40,66,42,47,54,42,53,22,45,40,15,41,28,45,22,22,17,66,66,61,67,67,48,Copa Asiática
D. Azizov,Khosilot Farkhor,Tayikistán,16,GK,Right,184,26,59,Tayikistán,32,16,26,25,17,42,15,10,21,30,10,14,14,15,24,26,33,32,33,54,42,37,46,35,51,10,29,17,14,38,17,39,16,15,18,65,58,52,58,64,37,Copa Asiática
Z. Dzhuraboev,Sogdiana Jizzakh,Tayikistán,2,"CB, RB",Left,184,28,63,Tayikistán,59,43,49,51,69,66,45,40,69,57,39,48,42,42,54,51,58,60,48,59,53,57,66,58,71,40,63,67,35,39,44,62,72,67,67,8,11,14,12,12,11,Copa Asiática
S. Kurbonov,Istiqlol Dushanbe,Tayikistán,4,"CB, RB",Right,184,23,60,Tayikistán,56,41,51,50,66,66,48,36,61,59,36,45,44,41,55,53,57,56,49,55,56,54,64,58,70,44,64,65,34,39,41,57,65,69,63,13,13,11,12,14,7,Copa Asiática
V. Khanonov,Istiqlol Dushanbe,Tayikistán,6,"CB, RB",Right,183,26,62,Tayikistán,59,44,47,53,64,64,47,40,63,52,40,47,42,42,52,57,59,59,51,60,59,57,63,59,66,45,63,63,39,39,40,62,63,64,68,14,13,10,6,14,13,Copa Asiática
A. Karomatullozoda,Istiqlol Dushanbe,Tayikistán,20,"CB, RB",Right,178,24,59,Tayikistán,59,43,48,47,60,60,45,42,62,54,35,43,42,38,60,50,55,63,44,56,53,58,62,54,63,34,58,56,32,36,40,56,60,61,59,12,7,7,11,8,10,Copa Asiática
M. Karimov,Ravshan Kulob,Tayikistán,12,CB,Right,190,22,57,Tayikistán,52,31,44,45,61,60,38,23,56,48,31,41,32,36,52,48,52,52,46,55,40,49,59,54,63,33,59,58,28,44,34,52,61,65,61,15,15,10,15,15,11,Copa Asiática
A. Melikmurodov,Regar-TadAZ Tursunzoda,Tayikistán,13,CB,Left,187,18,50,Tayikistán,46,29,39,38,52,53,35,26,52,47,26,34,28,31,44,38,43,48,43,45,37,40,48,48,56,28,55,50,30,28,26,53,54,51,50,8,11,9,8,6,7,Copa Asiática
T. Islomov,Istiqlol Dushanbe,Tayikistán,3,"LB, RB",Left,178,28,60,Tayikistán,65,41,57,57,59,58,62,33,55,61,48,56,52,47,52,55,69,62,63,57,61,54,58,66,55,42,55,60,47,53,42,57,59,59,57,8,7,14,12,8,15,Copa Asiática
A. Nazarov,Vakhsh Bokhtar,Tayikistán,19,"LB, RB",Left,181,34,61,Tayikistán,60,49,55,60,59,59,64,48,57,53,43,58,51,48,57,61,59,60,66,62,59,53,54,68,53,46,62,58,50,51,50,64,59,59,62,14,14,8,7,14,10,Copa Asiática
P. Umarbaev,Lokomotiv Plovdiv,Tayikistán,7,CDM,Left,168,31,66,Tayikistán,59,58,61,63,66,64,53,54,56,65,49,63,55,59,61,62,60,58,63,65,69,60,52,70,60,67,69,69,57,64,56,67,62,72,69,10,9,6,10,14,13,Copa Asiática
A. Dzhuraboev,Istiqlol Dushanbe,Tayikistán,8,"CDM, CM",Right,180,30,65,Tayikistán,61,57,63,63,67,67,58,55,58,69,48,58,56,51,64,70,62,61,55,65,66,65,60,71,64,57,69,68,55,62,61,66,69,69,61,14,8,7,12,14,7,Copa Asiática
R. Rakhmatzoda,Persijap Jepara,Tayikistán,13,"CDM, CB",Right,182,22,60,Tayikistán,52,51,55,56,63,62,43,45,56,59,50,54,50,53,58,58,53,51,50,58,57,61,61,63,61,54,64,66,50,60,51,61,62,63,63,9,8,15,15,9,15,Copa Asiática
E. Pandzhshanbe,Istiqlol Dushanbe,Tayikistán,17,"CM, CAM",Both,174,27,66,Tayikistán,64,60,63,68,61,62,61,60,54,67,61,67,62,57,59,69,67,62,68,67,68,62,55,71,58,59,60,63,64,64,59,65,62,63,54,11,7,8,7,15,9,Copa Asiática
A. Shukurov,Istiqlol Dushanbe,Tayikistán,18,"CM, CAM",Right,178,24,57,Tayikistán,57,53,56,57,48,55,51,49,48,59,48,56,55,49,55,58,55,58,60,57,58,56,53,63,52,59,52,52,57,58,53,56,46,49,45,8,12,7,10,7,7,Copa Asiática
F. Rakhimzoda,Khosilot Farkhor,Tayikistán,25,LM,Left,180,17,53,Tayikistán,58,47,53,54,34,48,60,46,39,52,49,54,49,47,51,53,59,58,54,54,56,48,44,58,46,46,44,34,52,50,45,50,34,34,32,11,12,11,12,11,10,Copa Asiática
A. Dzhalilov,Istiqlol Dushanbe,Tayikistán,10,"CAM, CM",Left,168,33,67,Tayikistán,64,65,68,70,39,55,67,62,52,70,62,73,72,65,65,64,64,64,77,70,79,69,53,65,53,67,50,44,72,70,63,69,34,39,35,13,6,15,7,11,15,Copa Asiática
A. Khaitov,Regar-TadAZ Tursunzoda,Tayikistán,26,CAM,Right,175,23,61,Tayikistán,65,62,63,63,36,54,62,62,47,66,57,62,61,66,58,65,67,64,63,60,66,64,53,58,55,62,46,35,62,62,54,61,41,31,28,7,9,6,14,12,9,Copa Asiática
S. Irgashev,Khosilot Farkhor,Tayikistán,5,CAM,Right,182,23,58,Tayikistán,57,55,59,61,29,50,61,55,46,63,56,58,59,57,52,65,59,56,59,61,60,53,49,54,48,59,49,33,55,57,52,65,27,24,22,9,6,12,9,14,9,Copa Asiática
N. Babajanov,Regar-TadAZ Tursunzoda,Tayikistán,20,CAM,Right,175,31,65,Tayikistán,62,65,67,67,39,57,67,64,49,67,56,67,68,65,65,65,59,64,72,69,69,70,53,62,56,65,56,40,64,68,63,66,39,34,39,9,10,6,12,7,15,Copa Asiática
F. Olimzoda,Ravshan Kulob,Tayikistán,21,"CAM, CM",Right,175,21,55,Tayikistán,58,53,54,60,32,47,50,51,44,54,46,62,53,48,56,58,60,56,64,53,62,54,42,51,46,57,46,34,54,56,63,57,37,24,26,7,6,9,12,14,10,Copa Asiática
S. Mabatshoev,Istiqlol Dushanbe,Tayikistán,15,"LW, ST",Both,183,25,60,Tayikistán,68,59,57,61,29,54,57,58,50,63,57,60,54,55,49,62,70,67,63,61,60,61,51,60,54,59,49,30,64,52,54,56,29,25,21,7,13,6,15,15,11,Copa Asiática
M. Rakhimov,Istiqlol Dushanbe,Tayikistán,11,"RW, RM",Both,179,27,60,Tayikistán,66,60,60,62,31,52,63,60,49,63,61,62,65,50,52,61,68,65,66,56,64,61,51,57,53,60,44,33,60,59,60,60,30,28,25,14,14,6,7,15,7,Copa Asiática
M. Kakhorov,Barqchi Hisor,Tayikistán,24,RW,Right,176,19,53,Tayikistán,63,50,51,52,25,46,57,52,41,50,47,53,49,47,45,49,62,63,61,49,54,53,40,53,44,45,42,27,52,51,47,49,21,25,14,12,14,12,9,13,8,Copa Asiática
S. Boboev,Khosilot Farkhor,Tayikistán,14,ST,Right,182,27,61,Tayikistán,61,63,51,61,28,58,53,65,63,51,61,62,55,50,45,61,63,60,58,59,58,67,60,52,62,56,56,27,65,55,63,62,27,20,19,15,9,14,7,6,15,Copa Asiática
S. Samiev,Istiqlol Dushanbe,Tayikistán,22,"ST, CF",Right,185,25,60,Tayikistán,59,62,51,57,27,62,50,66,59,54,56,58,52,50,45,56,60,59,56,60,55,59,61,59,66,56,56,22,68,50,57,65,22,26,21,14,8,10,13,6,15,Copa Asiática
R. Soirov,Istiqlol Dushanbe,Tayikistán,9,ST,Right,171,24,60,Tayikistán,60,62,52,61,28,53,48,68,58,60,59,63,53,49,45,58,54,64,61,65,56,60,55,52,54,49,52,25,66,50,63,60,26,24,22,15,7,12,13,6,11,Copa Asiática
E. Hadaya,Sandefjord Fotball,Siria,,GK,Right,196,28,66,Siria,41,21,33,37,21,48,24,11,26,35,20,28,21,22,41,41,43,39,41,64,45,41,53,39,56,21,40,27,15,39,29,44,18,19,17,66,68,64,63,70,45,Copa Asiática
A. Madanieh,Al-Karamah SC,Siria,,GK,Right,180,36,64,Siria,31,20,31,30,23,47,18,13,23,34,12,15,24,20,33,36,30,32,36,59,51,42,55,39,55,18,35,31,16,42,23,49,19,23,19,69,60,57,65,65,44,Copa Asiática
S. Al-Shakhir,Al-Ahli SC (Siria),Siria,,GK,Left,180,33,62,Siria,31,20,29,29,21,48,12,17,24,35,10,16,16,18,30,36,29,33,33,57,41,38,46,44,55,14,37,26,10,39,22,40,18,23,15,65,58,56,59,65,43,Copa Asiática
A. Ousou,R Charleroi SC,Siria,,"CB, CDM",Right,186,26,71,Siria,66,49,60,60,76,72,58,42,72,68,47,57,50,47,62,62,63,69,56,66,61,67,73,65,74,49,73,74,46,50,51,66,76,78,73,6,7,6,7,12,13,Copa Asiática
A. Faqa,Degerfors IF,Siria,,CB,Right,187,23,59,Siria,54,38,47,50,62,63,43,31,66,52,39,49,39,35,53,52,48,58,48,56,45,56,63,58,67,35,61,59,34,41,37,56,63,61,62,6,14,14,15,11,13,Copa Asiática
A. Al-Shami,Al-Ahli SC (Siria),Siria,,CB,Right,184,31,61,Siria,54,39,50,49,66,60,44,34,64,55,37,47,49,39,57,49,58,51,48,56,50,51,67,64,58,40,60,67,31,46,37,62,65,66,66,13,8,6,8,10,7,Copa Asiática
A. Razak Al-Mohamad,Al-Karamah SC,Siria,,"CB, CDM",Right,189,31,61,Siria,56,40,50,52,63,64,48,35,64,57,34,48,37,41,51,54,53,59,53,61,47,56,58,58,66,38,66,71,34,44,39,60,62,60,60,15,6,8,6,6,9,Copa Asiática
J. Abboud,Al-Arabi SC (Kuwait),Siria,,"CB, RB",Right,188,27,57,Siria,54,36,47,46,60,62,44,30,63,56,32,43,40,33,53,49,55,53,42,56,43,48,58,59,63,38,63,65,35,35,35,53,57,59,58,7,11,13,14,12,15,Copa Asiática
K. Kourdoghli,Al-Mina'a SC,Siria,,"LB, RB",Left,175,29,64,Siria,72,50,56,63,62,64,60,48,51,61,49,63,52,46,53,62,69,74,72,61,62,58,63,68,63,47,61,64,56,51,51,56,59,67,64,9,14,6,15,7,7,Copa Asiática
J. Danho,Sollentuna FK,Siria,,LB,Left,177,22,58,Siria,63,45,55,59,56,54,60,43,51,60,40,58,46,41,50,60,62,64,63,58,60,51,49,65,49,46,54,51,44,53,42,49,57,60,60,11,7,13,7,14,13,Copa Asiática
Z. Hanan,Al-Ahli SC (Siria),Siria,,"RB, LB",Left,163,29,60,Siria,67,48,55,55,54,53,59,46,41,55,42,49,50,44,53,55,65,69,64,63,70,55,54,65,43,49,63,52,47,57,41,57,54,57,57,15,11,6,8,14,9,Copa Asiática
A. Al-Dali,Al-Tadamon SC (Kuwait),Siria,,CDM,Right,173,24,57,Siria,53,50,54,53,59,58,47,47,46,59,40,50,49,48,57,52,51,54,55,56,60,60,53,63,56,53,58,58,45,51,47,62,61,63,58,7,14,7,8,10,7,Copa Asiática
E. Abraham,IFK Skövde,Siria,,CM,Right,175,27,60,Siria,59,56,62,62,52,57,60,52,51,62,47,62,58,58,64,60,60,58,65,64,58,61,52,59,54,61,61,54,52,65,56,62,52,52,51,14,8,10,10,7,15,Copa Asiática
W. Dukhan,FBK Karlstad,Siria,,"CM, CDM",Right,180,21,56,Siria,54,53,58,57,46,53,49,54,49,59,52,58,54,48,61,58,55,53,52,52,54,53,47,59,49,53,56,52,52,64,50,57,44,43,45,13,11,6,6,6,13,Copa Asiática
M. Osman,Lamphun Warriors,Siria,,"CAM, CM",Right,181,32,63,Siria,60,63,61,66,37,55,57,64,52,60,58,74,64,59,60,60,62,58,61,64,63,59,56,58,56,65,49,37,66,68,57,58,36,33,34,11,8,6,7,6,15,Copa Asiática
C. Moustfa,1. FC Núremberg​,Siria,,"LW, ST",Both,178,21,58,Siria,64,58,56,63,27,54,58,60,52,57,52,68,59,47,51,59,60,68,61,60,64,54,48,61,55,57,42,27,61,55,55,59,23,26,17,9,7,8,10,7,11,Copa Asiática
N. Shamoun,Kalmar FF,Siria,,LW,Left,183,23,59,Siria,68,54,58,60,27,51,58,53,49,61,55,57,61,53,52,63,65,70,64,58,60,58,53,64,48,52,44,28,61,60,53,57,24,24,24,11,12,15,14,7,10,Copa Asiática
M. Abdullatif,FC Emmen,Siria,,"LW, LM",Left,178,22,56,Siria,60,57,54,57,27,52,58,59,48,59,50,54,53,48,43,61,63,58,57,59,57,55,48,59,52,57,42,30,64,52,49,54,28,18,21,12,10,14,12,11,8,Copa Asiática
M. Al-Aswad,Al-Salmiya SC,Siria,,"RW, RM",Right,183,23,61,Siria,70,60,58,63,30,55,60,62,50,59,54,66,60,53,52,63,71,69,64,50,59,60,54,62,54,58,47,28,64,58,59,61,28,29,28,13,10,12,14,10,7,Copa Asiática
M. Al-Mawas,Duhok SC,Siria,,"RW, RM",Right,172,33,68,Siria,73,65,66,70,34,60,70,64,49,66,64,68,69,67,57,69,72,73,75,71,74,65,62,70,58,67,52,34,75,70,66,70,34,31,32,11,14,8,13,11,10,Copa Asiática
M. Al-Hallaq,Dibba Al-Hisn SC,Siria,,RW,Right,168,27,63,Siria,71,62,58,66,34,49,64,64,47,57,57,66,64,59,53,66,69,72,72,61,72,64,55,57,47,59,42,32,63,58,59,51,32,33,32,14,14,13,14,14,8,Copa Asiática
A. Al-Dali,Mosul SC,Siria,,"ST, CF",Right,182,29,64,Siria,65,66,51,64,33,63,47,67,68,55,63,62,53,52,46,63,66,65,71,68,63,72,62,56,69,58,58,30,65,53,63,62,31,29,19,10,9,9,9,14,10,Copa Asiática
O. Al-Somah,Al-Wahda SC (Syria),Siria,,"ST, CF",Both,192,37,61,Siria,54,63,51,60,27,64,49,67,65,53,59,58,51,50,46,62,52,55,61,67,51,61,63,57,70,58,60,26,68,53,60,65,24,22,18,6,9,13,6,15,9,Copa Asiática
B. Yan,Tianjin Jinmen Tiger,China,30,GK,Right,197,26,62,China,41,21,33,29,19,43,22,16,27,42,13,14,12,16,33,36,40,42,31,59,44,36,47,34,49,19,39,25,14,36,26,43,15,19,15,62,65,59,63,64,42,Copa Asiática
J. Yan,Shanghai Port,China,1,GK,Right,191,35,62,China,33,18,32,30,22,46,21,12,21,36,21,17,11,22,37,34,31,35,39,59,43,36,48,34,56,14,33,32,11,38,18,42,18,20,16,64,63,57,61,66,39,Copa Asiática
D. Liu,Chengdu Rongcheng,China,12,GK,Right,190,36,64,China,30,21,34,31,24,46,20,13,23,43,12,19,19,13,34,34,31,30,44,61,38,42,56,36,55,19,36,37,16,43,27,45,16,24,21,70,62,59,70,62,42,Copa Asiática
Z. Wei,Shanghai Port,China,5,"CB, RB",Right,188,29,63,China,61,43,51,50,64,67,48,38,64,61,33,45,41,48,55,55,59,62,47,58,55,52,64,67,70,46,61,63,38,39,46,56,61,67,66,13,9,15,9,12,14,Copa Asiática
T. Browning,Shanghai Port,China,2,"CB, RB",Right,188,32,66,China,59,47,56,60,69,69,52,40,71,63,43,56,46,47,55,66,58,60,50,62,53,61,67,64,71,52,69,66,36,53,48,68,70,71,66,9,11,6,11,8,11,Copa Asiática
A. Zhang,Zhejiang FC,China,24,CB,Left,188,21,57,China,51,35,44,45,60,61,40,30,60,52,30,43,35,35,48,47,54,49,41,53,44,48,64,53,63,34,64,58,25,35,38,56,58,61,65,8,8,10,15,7,13,Copa Asiática
Z. Gao,Shandong Taishan,China,4,"CB, RB",Right,186,31,62,China,52,43,51,53,68,61,49,41,67,60,40,50,41,39,49,53,50,53,51,64,56,53,63,58,62,42,64,68,43,42,37,59,69,68,62,6,6,7,12,15,11,Copa Asiática
Y. Li,Chengdu Rongcheng,China,21,CB,Right,185,29,61,China,57,40,50,47,63,64,48,35,64,58,38,41,44,40,50,50,55,58,47,57,54,56,65,61,64,36,68,70,41,44,35,57,62,60,61,11,11,12,13,8,9,Copa Asiática
P. Han,Chengdu Rongcheng,China,18,CB,Right,190,33,61,China,51,43,50,49,64,65,48,37,62,56,38,44,45,40,50,50,50,52,48,62,49,59,69,59,66,42,69,65,35,43,44,65,62,64,68,14,8,6,7,7,12,Copa Asiática
Y. Liu,Shandong Taishan,China,19,LB,Left,184,31,65,China,67,51,61,62,62,63,59,47,58,67,50,60,58,54,60,61,65,68,67,68,68,60,61,67,62,50,63,62,52,54,50,64,65,60,67,12,12,6,13,14,10,Copa Asiática
G. Wang,Qingdao West Coast,China,3,LB,Left,176,18,53,China,61,40,47,50,50,53,50,41,43,50,30,45,50,39,46,56,59,62,51,46,55,45,52,60,51,35,48,46,45,43,39,48,50,56,49,12,11,8,12,8,7,Copa Asiática
J. Huang,Tianjin Jinmen Tiger,China,14,"CDM, CM",Right,185,25,61,China,53,54,60,57,62,67,47,50,60,71,51,57,51,41,62,55,54,53,56,59,57,61,60,69,66,59,68,61,48,60,51,62,65,63,58,6,9,12,9,13,9,Copa Asiática
M. Yang,Chengdu Rongcheng,China,15,"CDM, CM",Right,175,31,66,China,59,58,61,61,68,67,61,56,62,64,51,55,54,52,66,63,61,58,68,70,66,60,63,70,64,66,73,68,52,58,55,69,68,70,64,12,10,7,6,12,9,Copa Asiática
S. Wang,Henan FC,China,6,CDM,Right,185,33,63,China,55,52,62,57,63,68,56,47,62,66,47,56,58,56,69,56,53,56,58,62,55,55,66,64,70,60,67,66,52,58,52,64,65,60,60,6,6,15,6,12,12,Copa Asiática
S. Huang,Guangdong GZ-Power,China,13,"CDM, CB",Left,183,19,47,China,41,38,42,43,48,51,36,35,43,47,32,43,37,32,49,42,42,41,40,48,42,43,50,50,53,42,46,53,41,40,39,45,48,47,44,9,10,12,14,9,12,Copa Asiática
T. Gao,Shanghai Shenhua,China,8,"CM, CAM",Right,185,28,65,China,61,63,63,68,60,63,53,63,53,67,58,65,63,61,68,74,64,58,62,66,61,65,59,68,63,66,56,58,62,65,57,67,62,59,63,11,8,14,6,15,12,Copa Asiática
W. Dai,Shenzhen Peng City,China,11,"CAM, CM",Right,177,27,63,China,62,62,66,64,37,55,60,61,49,68,57,66,67,60,61,63,65,59,62,60,63,64,50,65,53,65,49,42,61,71,59,61,38,31,31,6,6,14,13,7,13,Copa Asiática
J. Cheng,Zhejiang FC,China,22,CAM,Right,172,31,61,China,58,58,63,66,34,56,59,58,45,63,59,64,66,58,64,70,61,56,63,63,61,62,46,59,57,54,50,33,63,67,59,62,35,32,30,11,14,7,7,14,7,Copa Asiática
S. Wei,Chengdu Rongcheng,China,10,"LW, LM",Both,178,31,68,China,70,66,66,72,40,60,71,67,55,66,66,76,72,60,57,68,67,72,70,66,75,66,58,61,62,62,53,39,69,66,61,67,40,37,32,9,13,8,12,9,11,Copa Asiática
P. Chen,Shandong Taishan,China,28,LW,Left,175,29,62,China,68,58,60,64,32,51,63,57,54,63,56,66,62,58,55,63,70,66,66,64,64,61,51,60,51,55,40,37,63,58,59,54,31,25,26,8,9,11,7,9,10,Copa Asiática
B. Abdusalam,Yunnan Yukun,China,17,"LW, ST",Left,186,18,51,China,56,50,47,55,24,43,49,50,42,50,47,59,46,42,45,55,58,55,50,46,49,49,38,50,43,51,34,26,50,45,49,48,20,23,17,13,8,11,9,9,14,Copa Asiática
W. Xie,Shandong Taishan,China,7,"RW, RM",Right,175,25,66,China,75,66,67,68,35,58,74,66,50,69,62,69,62,57,61,66,72,77,74,64,68,63,54,71,55,70,52,34,68,64,66,57,36,33,29,9,12,15,15,12,9,Copa Asiática
M. Yang,Dalian Yingbo,China,25,"RW, RM",Right,180,19,57,China,65,56,53,61,26,51,57,58,46,54,56,62,58,50,47,62,64,65,61,52,54,54,53,58,50,52,46,27,60,51,51,53,25,21,20,10,13,12,13,15,6,Copa Asiática
Y. Zhong,Henan FC,China,23,RW,Right,178,30,62,China,72,59,61,65,29,56,66,60,49,64,53,65,59,55,55,65,73,71,69,63,67,61,54,61,56,57,51,32,60,57,58,54,31,21,23,11,11,12,8,13,15,Copa Asiática
Q. Tao,Zhejiang FC,China,20,"ST, LW",Right,172,24,62,China,65,65,52,61,27,60,53,67,61,55,62,59,57,49,46,60,65,65,65,60,67,69,59,59,63,61,56,22,61,50,62,62,25,22,24,10,11,9,10,7,13,Copa Asiática
Z. Wang,Chengdu Rongcheng,China,9,"ST, CF",Right,187,30,60,China,62,61,49,61,25,62,49,61,58,54,62,58,51,49,39,66,61,63,53,62,58,66,65,55,68,58,54,24,59,49,57,61,21,20,19,15,9,10,11,10,13,Copa Asiática
Y. Du,Chongqing Tonglianglong,China,26,"ST, LW",Right,185,21,54,China,58,53,43,53,18,54,37,53,54,46,51,54,50,44,35,52,58,58,54,57,44,54,53,53,58,51,48,21,60,48,49,51,11,13,11,14,9,10,8,10,11,Copa Asiática
S. Zhao,Tsinghua University High School,China,27,ST,Left,194,17,52,China,57,54,40,50,18,56,42,59,53,46,52,48,40,44,29,54,58,56,45,48,47,50,58,52,62,47,46,20,57,37,53,54,11,13,11,10,11,8,10,9,11,Copa Asiática
I. Al-Mukhaini,Al-Seeb Club,Omán,1,GK,Right,188,29,62,Omán,36,20,28,27,20,47,10,13,22,35,16,17,19,15,36,28,40,32,34,58,40,40,50,38,55,20,36,29,10,34,25,41,19,14,19,64,63,57,67,63,36,Copa Asiática
I. Al-Rajhi,Al-Nasr Club,Omán,18,GK,Right,191,26,59,Omán,36,16,26,24,17,42,10,10,18,29,11,12,13,12,34,28,35,37,30,54,40,35,48,33,50,15,34,24,11,36,16,41,13,16,18,61,60,50,60,62,36,Copa Asiática
A. Al-Rawahi,Bahla Club,Omán,22,GK,Right,186,32,64,Omán,40,21,31,33,23,47,17,10,27,36,15,24,17,20,35,34,39,40,38,64,45,44,50,35,53,25,46,25,13,40,21,49,23,22,15,67,60,61,62,66,41,Copa Asiática
G. Al-Habashi,Al-Nahda Club,Omán,2,CB,Right,178,28,62,Omán,58,40,49,52,66,64,48,33,60,55,34,52,44,43,55,50,56,60,54,59,56,57,61,65,62,41,66,69,36,37,45,59,66,69,62,7,11,10,11,14,15,Copa Asiática
K. Al-Ghatrifi,Al-Nasr Club,Omán,3,"CB, RB",Right,184,23,60,Omán,55,39,47,49,62,63,41,34,62,53,30,46,36,40,58,50,55,55,51,58,47,58,60,59,65,37,63,64,31,41,41,62,61,63,62,15,14,6,15,11,9,Copa Asiática
M. Al-Shaqsy,Al-Seeb Club,Omán,5,"CB, RB",Right,188,26,60,Omán,59,41,47,52,64,62,47,38,68,51,33,49,42,46,57,56,58,59,45,58,47,53,67,57,64,37,64,61,36,35,44,55,60,68,61,11,10,14,8,12,13,Copa Asiática
T. Beit Rabie,Al-Nasr Club,Omán,6,"CB, RB",Right,188,22,58,Omán,51,36,44,50,61,63,43,30,64,46,34,46,35,41,47,54,53,49,46,54,46,50,62,53,69,38,62,61,27,40,35,55,63,58,59,13,6,9,13,14,9,Copa Asiática
K. Al-Braiki,Al-Shabab SC (Oman),Omán,16,CB,Right,184,33,62,Omán,50,41,52,50,66,64,46,37,64,61,37,47,41,48,53,48,46,54,51,62,56,55,62,58,68,38,61,65,37,43,39,62,66,66,65,15,14,10,12,13,9,Copa Asiática
A. Saif Al-Mamari,Sohar SC,Omán,4,CB,Right,185,21,53,Omán,45,34,41,42,58,56,40,30,55,45,30,34,28,29,44,46,41,48,42,55,42,49,50,55,59,31,53,55,35,40,29,55,61,58,62,11,14,11,15,13,10,Copa Asiática
A. Al-Kaabi,Al-Nahda Club,Omán,14,"LB, RB",Left,168,30,61,Omán,64,43,56,59,60,56,60,38,53,64,42,58,54,44,56,57,67,61,64,61,65,53,54,67,52,43,54,63,50,44,45,55,61,60,56,9,15,8,13,8,10,Copa Asiática
A. Al-Harthi,Al-Nahda Club,Omán,13,RB,Right,175,32,63,Omán,66,48,60,61,61,61,64,42,52,65,44,61,56,49,61,60,65,66,66,60,62,57,62,71,56,53,60,59,55,52,45,67,64,63,57,6,6,12,9,9,14,Copa Asiática
A. Al-Mashaiki,Al-Nahda Club,Omán,25,"CDM, CB",Right,181,23,62,Omán,56,54,61,57,63,68,52,49,55,66,48,52,52,51,66,60,58,55,60,63,58,58,60,65,71,60,68,65,56,60,53,64,61,65,65,13,13,10,11,7,8,Copa Asiática
H. Al-Saadi,Al-Nahda Club,Omán,23,CDM,Right,172,36,63,Omán,48,53,59,62,63,62,49,47,56,67,46,63,51,54,59,63,49,48,57,59,66,64,55,64,58,58,69,70,58,60,48,64,59,64,62,10,12,10,9,13,10,Copa Asiática
A. Fawaz,Al-Seeb Club,Omán,12,"CM, CDM",Right,175,30,63,Omán,61,57,64,65,56,61,57,55,48,67,55,64,62,52,64,67,63,60,63,63,68,59,57,71,58,59,57,54,58,71,57,68,58,61,50,14,15,12,15,14,11,Copa Asiática
S. Al-Marzouq,Dhofar Club,Omán,21,CM,Right,175,21,56,Omán,51,51,55,57,47,51,52,47,38,56,47,59,47,47,54,58,49,53,53,55,55,53,46,60,48,54,50,45,58,60,57,45,46,51,52,12,11,12,14,14,7,Copa Asiática
M. Al-Mamari,Al-Shabab SC (Oman),Omán,19,"CM, CAM",Right,169,26,63,Omán,58,58,63,63,55,57,54,57,47,70,52,59,51,59,63,67,56,59,64,61,66,62,55,63,53,56,62,59,59,64,64,58,58,55,50,9,6,10,8,14,6,Copa Asiática
A. Hafez Al-Mukhaini,Al-Nasr Club,Omán,26,CM,Right,175,24,60,Omán,58,55,62,59,52,54,56,52,48,68,47,57,52,58,64,61,63,53,58,62,60,61,49,63,49,57,57,57,54,62,51,61,54,50,50,9,14,13,15,6,8,Copa Asiática
H. Al-Shahri,Al-Shabab SC (Oman),Omán,15,"CAM, CF",Left,178,23,62,Omán,61,61,64,66,35,52,59,59,47,67,56,67,65,60,62,67,62,60,65,59,61,66,49,64,49,63,46,35,60,64,62,61,33,35,29,10,10,12,10,13,13,Copa Asiática
A. Al-Mukhaini,Oman Club,Omán,24,CAM,Right,173,22,55,Omán,54,55,53,59,26,44,49,57,37,54,48,60,55,53,49,58,56,52,65,53,55,51,42,46,45,58,42,30,54,59,51,59,23,25,24,14,15,13,15,6,15,Copa Asiática
Z. Al-Aghbari,Al-Seeb Club,Omán,8,LW,Left,178,27,62,Omán,72,64,60,65,30,58,62,66,48,59,53,67,62,52,58,62,73,71,69,60,65,65,55,64,58,61,49,28,65,61,60,62,30,26,26,11,8,15,12,10,9,Copa Asiática
N. Al-Rawahi,Qadsia SC,Omán,17,"RW, ST",Right,180,25,62,Omán,70,64,58,64,32,55,61,63,50,58,58,64,68,56,50,65,66,73,63,56,63,64,54,61,56,68,47,29,65,60,52,59,33,28,30,8,14,13,12,10,14,Copa Asiática
J. Al-Yahmadi,Al-Nahda Club,Omán,10,RW,Right,173,30,64,Omán,67,59,60,68,34,58,65,58,51,60,56,70,63,62,53,67,65,69,69,64,72,59,50,63,60,61,47,32,66,60,63,64,35,29,35,13,13,13,9,14,11,Copa Asiática
A. Majeed Al-Balushi,Al-Seeb Club,Omán,20,RW,Both,177,21,58,Omán,64,57,53,62,25,50,58,56,44,55,52,64,54,48,45,59,66,63,61,63,64,59,44,60,51,58,38,24,61,53,50,57,22,24,21,7,6,8,14,9,9,Copa Asiática
E. Al-Subhi,Port FC,Omán,7,"ST, LW",Right,180,29,63,Omán,63,63,52,64,30,58,57,64,63,53,64,63,54,54,45,65,61,64,64,60,58,65,64,56,58,58,58,29,66,48,63,68,27,25,21,7,13,7,12,10,9,Copa Asiática
A. Al-Shukaili,Al-Seeb Club,Omán,11,"ST, LW",Right,182,30,61,Omán,62,60,49,57,26,61,48,60,61,53,65,55,56,51,47,58,64,60,60,61,50,66,61,56,64,52,58,21,65,42,65,66,21,24,24,8,14,11,7,11,12,Copa Asiática
W. Al-Muslimi,Sur SC,Omán,9,"ST, CF",Right,178,26,59,Omán,59,61,49,61,26,56,50,63,54,53,60,61,45,44,42,64,57,61,58,65,58,60,56,50,59,57,57,26,61,50,59,53,25,18,22,6,13,7,10,12,11,Copa Asiática
J. Kang,Hwaebul SC,Corea del Norte,1,GK,Right,187,29,64,Corea del Norte,42,20,33,30,23,49,19,12,22,38,16,18,18,24,38,33,41,43,38,59,42,42,51,37,57,18,42,33,18,41,22,47,21,21,15,67,62,61,67,65,47,Copa Asiática
K. Yu,Ryomyong SC,Corea del Norte,21,GK,Right,185,25,59,Corea del Norte,35,16,28,28,18,42,12,10,19,34,10,15,16,14,33,33,32,38,33,60,43,36,47,34,51,14,30,27,10,37,15,35,15,14,17,61,58,50,64,61,34,Copa Asiática
T. Sin,4.25 SC,Corea del Norte,18,GK,Left,194,26,59,Corea del Norte,34,18,25,25,15,42,10,10,18,31,10,12,14,15,26,29,31,37,32,55,40,38,46,32,48,20,37,22,10,34,21,41,12,12,15,59,56,52,60,62,37,Copa Asiática
Y. Kim,Amnokgang SC,Corea del Norte,16,CB,Right,181,23,61,Corea del Norte,55,41,47,53,64,64,38,32,62,53,39,50,42,38,56,54,54,56,50,61,50,58,65,56,67,44,64,66,37,41,39,68,61,65,66,15,13,8,15,8,8,Copa Asiática
K. Jang,Hwaebul SC,Corea del Norte,3,CB,Right,185,32,64,Corea del Norte,55,47,53,54,64,65,49,43,62,61,39,51,45,43,59,55,52,58,52,63,55,63,65,58,68,44,65,63,38,41,48,65,62,66,68,12,13,10,12,8,12,Copa Asiática
K. Jong,Rimyongsu SC,Corea del Norte,23,CB,Right,185,29,62,Corea del Norte,53,42,49,54,66,62,46,39,58,57,40,50,41,48,54,56,49,56,54,63,47,53,68,57,64,42,63,66,35,38,42,61,71,66,64,8,12,13,13,14,9,Copa Asiática
H. Jong,Ryomyong SC,Corea del Norte,5,"CB, CDM",Left,190,23,56,Corea del Norte,52,35,44,46,59,58,41,31,64,54,29,44,36,31,45,48,49,54,38,52,44,43,61,52,60,37,59,60,32,33,40,56,57,58,64,13,15,6,12,15,15,Copa Asiática
P. Kim,Ryomyong SC,Corea del Norte,24,"LB, LM",Left,172,26,61,Corea del Norte,66,47,54,58,57,58,64,43,52,51,45,58,56,49,60,55,64,68,63,67,60,55,55,68,54,49,57,54,45,48,46,55,57,58,62,9,7,11,9,8,8,Copa Asiática
O. Choe,Kigwancha SC,Corea del Norte,27,"LB, LM",Left,178,27,62,Corea del Norte,66,48,58,58,60,61,67,43,54,60,44,60,53,45,57,55,66,66,61,56,64,59,57,71,58,50,58,59,50,49,49,55,63,56,71,12,14,7,10,7,10,Copa Asiática
S. Kim,Sonbong SC,Corea del Norte,19,LB,Left,178,23,57,Corea del Norte,62,45,51,53,57,56,54,44,51,53,44,52,44,38,52,54,64,61,56,52,55,49,51,59,55,42,54,59,47,48,40,51,56,59,55,8,14,9,12,13,8,Copa Asiática
J. Kim,Sonbong SC,Corea del Norte,2,"RB, LB",Right,185,24,58,Corea del Norte,65,42,53,54,56,54,57,41,58,58,35,52,49,44,54,54,64,65,60,55,57,48,54,60,53,39,50,60,43,43,49,51,55,52,59,9,11,15,6,10,15,Copa Asiática
R. Choe,Ryomyong SC,Corea del Norte,25,RB,Right,178,22,56,Corea del Norte,58,40,49,54,55,55,53,32,53,53,40,54,46,45,48,53,57,58,59,51,60,55,49,56,55,45,54,51,39,40,37,50,57,54,58,10,14,11,14,12,10,Copa Asiática
T. Kye,Ryomyong SC,Corea del Norte,6,CDM,Right,171,26,59,Corea del Norte,51,51,55,55,59,59,45,47,50,60,43,55,47,46,61,53,49,53,54,60,57,58,59,60,58,56,62,66,51,54,52,65,56,60,61,8,8,6,12,13,7,Copa Asiática
M. Ra,Amnokgang SC,Corea del Norte,15,"CDM, CM",Right,182,23,59,Corea del Norte,54,50,55,58,62,64,45,45,57,57,43,53,47,45,60,65,56,52,52,63,59,58,56,67,62,54,66,61,48,62,50,57,67,59,64,12,12,6,9,6,15,Copa Asiática
C. Han,DesconocidoDesconocido,Corea del Norte,22,GK,Right,182,24,58,Corea del Norte,34,18,28,23,16,41,14,10,17,36,10,10,10,11,33,24,36,33,36,57,39,38,45,36,47,18,29,25,10,33,23,38,12,14,12,55,60,48,57,60,35,Copa Asiática
K. Kang,Rimyongsu SC,Corea del Norte,17,"CM, CAM",Right,176,27,63,Corea del Norte,62,59,64,66,56,59,64,54,52,62,56,66,64,60,67,66,65,59,65,63,63,66,56,70,57,63,53,62,59,64,61,69,54,57,52,8,6,14,10,11,15,Copa Asiática
U. Ri,Kigwancha SC,Corea del Norte,28,"CM, CDM",Right,175,31,62,Corea del Norte,60,58,62,64,54,63,52,53,60,65,54,62,60,54,67,67,59,61,63,61,62,67,57,68,63,62,56,55,60,63,52,61,54,51,55,14,13,15,13,10,12,Copa Asiática
K. Sin,DesconocidoDesconocido,Corea del Norte,8,"CM, CAM",Right,184,22,53,Corea del Norte,48,47,52,54,45,53,41,44,45,56,41,52,49,51,58,56,52,44,55,52,50,51,49,55,52,51,55,46,49,54,48,53,49,42,43,15,11,11,11,7,9,Copa Asiática
K. Choe,Wolmido SC,Corea del Norte,13,"CAM, CM",Right,172,21,53,Corea del Norte,49,50,53,59,26,44,49,47,36,56,54,60,51,52,50,60,50,49,58,56,55,52,44,47,42,51,43,29,53,55,52,55,25,24,19,12,11,10,11,9,13,Copa Asiática
I. Ri,Ryomyong SC,Corea del Norte,10,LW,Left,178,22,61,Corea del Norte,71,61,60,64,31,55,57,63,45,64,60,65,58,54,53,61,69,73,68,65,67,58,54,70,50,58,49,31,65,62,54,62,32,28,22,11,12,13,11,7,7,Copa Asiática
J. Choe,Amnokgang SC,Corea del Norte,12,LW,Left,177,30,62,Corea del Norte,63,57,62,64,31,57,64,55,53,63,50,64,60,57,54,63,65,62,66,62,68,54,52,67,56,62,48,31,64,66,59,55,29,26,29,8,14,8,11,10,6,Copa Asiática
K. Kim,Kigwancha SC,Corea del Norte,7,"LW, ST",Left,183,25,62,Corea del Norte,72,61,62,64,27,56,62,58,49,65,61,62,68,63,55,66,71,72,67,60,59,61,55,63,58,67,45,32,67,61,54,64,21,24,20,12,10,8,15,15,7,Copa Asiática
C. Paek,Ryomyong SC,Corea del Norte,20,RW,Right,169,26,62,Corea del Norte,68,60,57,64,32,52,58,61,48,56,54,69,61,57,51,58,74,63,70,61,66,63,49,62,49,56,48,27,66,61,58,56,36,29,26,7,11,11,9,13,11,Copa Asiática
K. Pak,Rimyongsu SC,Corea del Norte,11,RW,Right,180,29,59,Corea del Norte,64,56,55,58,28,48,57,61,47,56,52,59,54,50,50,56,63,65,58,59,62,53,58,52,44,51,50,31,55,55,57,60,24,26,23,10,15,9,7,8,10,Copa Asiática
K. Ryang,DesconocidoDesconocido,Corea del Norte,14,RW,Right,175,21,57,Corea del Norte,63,54,57,61,26,49,53,54,47,64,51,60,59,47,50,63,64,63,61,64,61,52,45,61,46,55,44,23,57,58,55,56,28,22,22,11,9,10,11,8,13,Copa Asiática
K. Han,4.25 SC,Corea del Norte,10,"ST, LW",Right,178,28,61,Corea del Norte,64,61,51,62,29,58,52,64,58,54,58,61,55,51,41,65,65,63,59,64,58,61,59,54,61,52,54,33,64,50,61,62,25,23,19,14,10,9,6,15,6,Copa Asiática
J. Ri,Ryomyong SC,Corea del Norte,9,"ST, CF",Right,180,24,61,Corea del Norte,59,63,53,58,27,60,50,66,63,57,61,56,53,58,46,61,60,59,57,62,54,60,59,60,63,60,53,28,68,51,60,57,23,21,16,6,10,15,14,15,15,Copa Asiática
I. Jong,Ryomyong SC,Corea del Norte,26,"ST, CF",Right,175,33,67,Corea del Norte,64,71,57,65,35,63,54,75,70,60,67,66,57,59,47,63,60,67,65,69,66,71,68,60,66,62,60,29,75,61,67,66,29,35,29,13,14,13,6,8,9,Copa Asiática
K. Ri,Ryomyong SC,Corea del Norte,4,ST,Right,178,22,53,Corea del Norte,54,56,43,48,20,52,44,60,53,48,56,47,45,43,37,47,55,53,50,47,49,53,50,50,58,52,42,19,56,39,52,54,14,17,11,8,9,8,9,7,11,Copa Asiática
E. Tokotaev,Alga Bishkek,Kirguistán,1,GK,Right,189,26,63,Kirguistán,42,21,32,28,19,44,22,12,26,35,11,17,18,21,38,30,46,38,36,62,42,46,51,35,52,20,35,29,13,37,26,47,14,17,17,66,65,56,63,61,42,Copa Asiática
S. Chomoev,Alga Bishkek,Kirguistán,16,GK,Right,188,23,57,Kirguistán,36,17,26,24,14,40,14,12,16,32,12,10,10,13,30,29,38,35,28,56,42,37,48,33,47,12,31,20,10,34,17,42,10,15,10,57,57,48,59,59,39,Copa Asiática
K. Nurlanbekov,FK Dordoi Bishkek,Kirguistán,21,GK,Right,194,22,55,Kirguistán,29,15,24,23,12,43,11,10,10,30,10,12,10,10,28,25,28,30,34,52,38,35,44,32,53,10,30,15,10,29,12,33,12,10,10,61,52,46,57,55,38,Copa Asiática
V. Kichin,Bars Karakol,Kirguistán,2,"CB, CDM",Left,185,33,65,Kirguistán,55,44,52,51,66,64,48,36,71,58,49,47,48,47,53,48,53,57,57,68,57,61,65,60,67,46,62,63,45,45,44,69,69,64,64,7,10,11,11,13,12,Copa Asiática
A. Bekberdinov,Alga Bishkek,Kirguistán,5,"CB, RB",Right,181,23,60,Kirguistán,55,43,50,49,64,65,49,41,61,55,37,42,43,39,49,56,56,55,46,57,45,55,59,62,68,38,65,66,34,47,42,65,59,67,64,15,11,8,11,7,13,Copa Asiática
V. Murzakov,Talant Besh-Küngöy,Kirguistán,3,CB,Right,192,23,58,Kirguistán,50,37,47,49,63,60,43,31,64,55,36,45,43,38,49,52,51,50,52,54,47,52,63,50,62,34,66,61,33,37,39,52,57,72,58,12,9,13,8,11,14,Copa Asiática
A. Balbakov,FK Ilbirs Bishkek,Kirguistán,6,"CB, CDM",Right,189,21,53,Kirguistán,44,33,40,40,54,58,35,26,56,48,29,35,32,33,39,44,47,41,39,53,38,54,61,51,63,31,52,53,27,37,32,52,54,56,51,14,10,13,8,7,11,Copa Asiática
E. Kenzhebaev,Alga Bishkek,Kirguistán,19,"LB, LM",Left,175,23,58,Kirguistán,62,44,53,55,59,53,60,40,52,56,44,54,50,45,46,53,61,62,63,51,62,49,53,60,49,51,55,55,38,51,47,50,61,63,55,11,11,7,15,13,9,Copa Asiática
S. Datsiev,Bars Karakol,Kirguistán,4,"RB, LB",Both,180,23,62,Kirguistán,66,46,57,62,63,59,61,37,58,60,46,63,55,49,56,63,66,66,61,56,66,59,63,65,55,52,61,63,49,50,48,61,62,64,66,10,10,8,8,6,15,Copa Asiática
A. Mishchenko,FK Dordoi Bishkek,Kirguistán,14,"RB, LB",Right,175,29,62,Kirguistán,69,49,59,61,57,58,65,47,54,67,40,62,51,47,57,58,70,68,63,61,68,59,54,65,56,46,54,60,49,46,44,56,55,56,64,15,10,14,6,14,9,Copa Asiática
N. Alizhanov,FK Ilbirs Bishkek,Kirguistán,22,RB,Right,170,21,48,Kirguistán,54,32,42,46,47,46,50,27,36,41,34,39,38,34,43,51,52,56,56,48,52,45,47,51,43,30,47,48,37,38,32,39,42,53,49,9,8,9,6,14,14,Copa Asiática
E. Zarypbekov,FK Leningradets,Kirguistán,8,"CDM, CM",Right,187,25,63,Kirguistán,58,56,61,59,66,69,57,53,63,65,49,59,55,53,58,57,59,57,53,70,60,63,66,69,72,60,61,67,59,63,51,67,68,65,64,11,12,15,12,14,14,Copa Asiática
A. Kadyrzhanov,FK Dordoi Bishkek,Kirguistán,13,CDM,Right,179,26,59,Kirguistán,57,48,57,53,60,59,52,40,57,60,44,49,56,48,61,58,58,56,54,55,49,58,56,58,56,55,67,64,48,58,53,58,60,61,57,15,9,7,11,11,8,Copa Asiática
E. Atabaev,NK Lokomotiva Zagreb,Kirguistán,23,"CM, CDM",Right,178,25,63,Kirguistán,63,56,64,66,52,62,57,55,59,71,51,68,57,62,59,64,63,63,65,63,66,56,53,70,59,59,64,53,60,65,60,65,49,52,54,10,11,12,6,8,8,Copa Asiática
A. Shukurov,Muras United Manas,Kirguistán,22,CM,Right,168,27,61,Kirguistán,63,53,61,64,51,54,61,48,46,61,45,64,58,56,63,67,62,63,59,59,68,60,47,62,49,60,56,56,55,61,53,59,51,49,51,13,7,15,7,10,7,Copa Asiática
O. Abdurakhmanov,Thanh Hoa FC,Kirguistán,12,"CM, CAM",Right,185,30,63,Kirguistán,60,59,65,63,53,66,58,56,56,71,50,59,63,60,66,68,63,57,62,64,57,65,58,66,68,64,61,54,60,63,56,64,50,54,51,15,6,9,15,7,14,Copa Asiática
A. Azarov,Muras United Manas,Kirguistán,20,"CM, CDM",Left,183,30,61,Kirguistán,58,55,59,62,53,61,57,49,54,63,52,62,58,55,59,63,59,57,63,60,55,62,56,66,60,60,59,55,61,56,60,64,52,54,47,12,11,15,9,13,8,Copa Asiática
K. Zhyrgalbek uulu,Bars Karakol,Kirguistán,18,"RM, RW",Right,177,33,66,Kirguistán,66,63,65,68,47,61,67,63,54,65,57,67,69,62,63,67,69,64,74,70,71,65,58,71,57,64,59,44,59,63,66,66,45,48,53,13,7,12,12,9,13,Copa Asiática
A. Beksulov,Talant Besh-Küngöy,Kirguistán,24,"LM, RM",Left,174,24,58,Kirguistán,68,52,55,61,37,59,54,53,45,57,52,61,59,59,48,65,67,68,56,51,63,49,45,62,61,54,54,39,53,56,52,56,34,37,36,15,10,6,9,9,9,Copa Asiática
A. Zhaparov,Muras United Manas,Kirguistán,15,CAM,Right,177,26,63,Kirguistán,65,65,63,67,37,55,64,68,49,65,56,67,64,63,58,70,63,67,64,65,63,68,46,65,50,60,56,45,62,60,66,65,34,32,34,15,8,12,13,14,8,Copa Asiática
G. Alykulov,Dinamo Minsk,Kirguistán,10,LW,Left,169,25,63,Kirguistán,72,62,62,66,33,55,65,64,49,61,61,69,64,59,56,61,71,72,70,65,67,58,50,66,52,61,48,34,68,63,67,64,32,31,25,12,12,14,11,15,15,Copa Asiática
N. Stalbekov,FC Ozgon,Kirguistán,9,RW,Both,178,25,57,Kirguistán,62,58,54,61,27,48,61,62,42,57,55,64,59,51,45,59,64,60,65,57,58,59,50,54,48,53,40,28,57,50,51,53,26,23,25,6,8,13,15,15,13,Copa Asiática
S. Astanakulov,FC Ozgon,Kirguistán,11,RW,Left,167,20,51,Kirguistán,60,49,48,53,22,40,54,51,33,48,45,54,47,46,42,52,59,61,58,51,54,51,43,47,39,45,35,21,54,48,42,47,19,24,15,10,6,13,12,12,6,Copa Asiática
J. Kojo,Navbahor Namangan,Kirguistán,7,"ST, LW",Right,174,28,62,Kirguistán,65,61,51,63,28,61,46,65,58,53,61,61,49,52,46,67,66,64,60,62,63,60,64,62,63,53,52,28,68,55,59,56,25,21,23,8,10,9,10,7,6,Copa Asiática
M. Alygulov,Asia Talas,Kirguistán,17,ST,Right,178,25,61,Kirguistán,62,65,49,60,24,62,48,69,56,51,60,58,53,56,45,62,60,64,62,63,53,65,57,58,66,58,60,21,67,49,63,60,23,18,23,8,10,6,14,8,9,Copa Asiática
T. Kien Tran,Hoang Anh Gia Lai FC,Vietnam,21,GK,Right,191,23,61,Vietnam,34,19,31,27,18,43,15,10,14,41,15,17,17,14,31,28,34,34,34,54,41,42,48,37,50,18,32,28,10,37,20,42,17,15,12,61,64,56,60,60,40,Copa Asiática
V. Viet Nguyen,The Cong - Viettel FC,Vietnam,23,GK,Right,181,24,60,Vietnam,38,19,29,27,16,44,16,12,23,35,10,17,22,18,33,29,43,34,34,55,38,41,49,32,51,15,41,21,12,34,23,38,15,14,12,61,57,56,59,62,40,Copa Asiática
P. Le Giang,Cong An Ho Chi Minh City FC,Vietnam,1,GK,Both,188,34,66,Vietnam,37,22,33,32,22,49,18,12,23,42,13,15,22,23,34,39,38,36,40,67,46,47,52,40,56,22,43,26,14,39,30,47,24,16,24,65,61,58,67,71,47,Copa Asiática
H. Viet Anh Bui,Cong An Ha Noi FC,Vietnam,20,CB,Right,186,27,63,Vietnam,58,45,50,53,65,69,43,40,64,56,39,49,40,45,54,55,59,58,56,66,52,62,70,65,70,44,70,66,39,48,37,61,64,67,64,8,11,7,10,6,10,Copa Asiática
N. Minh Nguyen,Cong An Ho Chi Minh City FC,Vietnam,6,CB,Left,178,23,57,Vietnam,49,37,47,44,60,58,44,32,59,55,30,38,36,40,46,46,50,49,49,58,51,49,55,55,60,39,58,58,32,40,41,54,61,58,63,8,13,6,8,6,7,Copa Asiática
L. Adou,Cong An Ha Noi FC,Vietnam,5,"CB, RB",Right,178,29,61,Vietnam,57,42,50,50,65,63,50,39,62,56,39,46,33,44,52,49,59,55,57,62,51,53,62,60,66,41,60,65,33,42,47,56,66,66,65,13,15,7,11,13,15,Copa Asiática
N. Bao Le,Ninh Binh FC,Vietnam,2,"CB, RB",Left,177,28,57,Vietnam,53,37,46,43,60,61,44,32,53,54,32,35,35,40,47,47,54,52,47,56,46,51,52,51,67,37,60,64,32,38,42,53,56,64,61,7,14,6,10,15,13,Copa Asiática
J. Pendant,Cong An Ha Noi FC,Vietnam,3,LB,Left,177,29,63,Vietnam,66,48,62,62,59,63,68,44,63,70,47,65,54,49,55,58,64,67,64,61,66,55,61,73,58,48,64,58,53,52,50,56,56,62,61,13,12,12,8,10,14,Copa Asiática
T. Tai Phan,The Cong - Viettel FC,Vietnam,22,"LB, LM",Left,176,25,61,Vietnam,62,46,55,58,60,58,60,43,51,53,44,53,58,46,58,61,56,66,62,56,62,55,57,63,55,46,61,61,48,55,47,59,63,58,59,8,9,10,14,10,9,Copa Asiática
X. Manh Pham,Ha Noi FC,Vietnam,7,"RB, LB",Right,174,30,63,Vietnam,67,48,60,58,61,61,61,44,54,65,47,58,51,52,59,56,69,66,66,59,66,54,59,70,58,51,60,56,52,55,48,53,64,62,70,7,13,15,14,13,6,Copa Asiática
P. Thanh Long Le,Cong An Ha Noi FC,Vietnam,8,"CDM, CB",Right,165,30,62,Vietnam,54,52,59,59,64,58,50,46,48,65,52,60,52,49,66,56,57,52,57,60,69,62,53,63,55,54,63,67,54,57,50,62,65,67,64,11,15,9,6,9,7,Copa Asiática
H. Duc Nguyen,Ninh Binh FC,Vietnam,14,"CM, CAM",Left,184,28,61,Vietnam,60,56,59,59,54,61,56,54,49,59,47,59,55,60,60,61,63,58,58,62,58,61,56,69,60,56,57,58,58,63,56,54,55,53,55,14,13,8,10,10,9,Copa Asiática
H. Minh Khoa Vo,Becamex Ho Chi Minh City FC,Vietnam,19,CM,Right,173,25,59,Vietnam,56,54,59,57,50,56,51,50,52,62,53,59,56,55,63,53,57,55,59,58,65,59,47,66,52,56,55,52,54,59,57,58,50,49,46,10,14,15,12,13,15,Copa Asiática
H. Long Nguyen,Ha Noi FC,Vietnam,18,"RM, LM",Both,168,26,61,Vietnam,64,54,61,64,41,56,67,52,43,60,57,66,58,54,57,61,63,64,71,61,65,60,51,66,53,51,53,41,59,61,58,59,42,42,37,9,13,15,9,8,9,Copa Asiática
T. Anh Truong,Ninh Binh FC,Vietnam,15,"RM, RW",Right,172,27,64,Vietnam,69,60,64,65,45,56,67,61,49,64,55,67,66,56,62,63,67,70,69,59,70,60,54,66,53,60,51,48,58,64,63,60,42,45,45,7,7,13,6,6,7,Copa Asiática
V. Do Le,Cong An Ha Noi FC,Vietnam,4,RM,Right,173,25,59,Vietnam,63,54,57,61,41,52,57,53,45,56,49,61,60,48,55,62,64,63,57,62,64,56,49,63,44,55,57,37,58,60,53,54,43,42,36,11,15,9,10,7,15,Copa Asiática
Hêndrio,Ha Noi FC,Vietnam,10,CAM,Left,181,32,64,Vietnam,61,64,65,65,38,53,58,63,54,71,62,69,66,59,62,60,61,61,65,64,68,64,51,60,49,65,53,39,65,66,60,66,36,34,41,7,12,12,13,9,13,Copa Asiática
G. Magno,Ninh Binh FC,Vietnam,13,"CAM, CM",Left,188,32,67,Vietnam,67,64,69,70,40,61,68,64,58,69,61,71,69,64,67,69,68,67,67,73,60,64,59,68,62,63,51,42,69,74,63,75,37,40,29,8,10,7,11,7,8,Copa Asiática
D. Bac Nguyen,Cong An Ha Noi FC,Vietnam,9,LW,Left,179,22,62,Vietnam,72,61,60,65,29,55,63,64,51,64,61,69,62,54,48,61,71,73,73,63,62,60,53,66,53,58,45,29,62,62,56,56,25,26,25,8,7,7,13,9,13,Copa Asiática
K. Ngo,Cong An Ho Chi Minh City FC,Vietnam,16,"LW, ST",Left,165,20,57,Vietnam,65,54,55,60,29,48,58,54,45,56,49,61,59,52,52,60,62,68,65,53,64,55,47,59,46,55,42,34,61,50,49,49,28,24,23,10,6,9,15,14,9,Copa Asiática
Rafaelson,Thep Xanh Nam Dinh FC,Vietnam,12,ST,Right,185,29,64,Vietnam,68,65,56,63,31,63,52,65,62,59,63,62,60,58,53,64,65,70,61,62,62,67,65,60,67,61,55,28,70,57,71,65,26,28,29,8,9,13,14,14,7,Copa Asiática
L. Williams,Cong An Ho Chi Minh City FC,Vietnam,11,"ST, CF",Right,188,19,53,Vietnam,58,55,43,50,19,56,39,57,60,49,53,51,43,39,37,50,56,59,48,52,48,57,59,54,59,49,49,16,59,43,48,53,13,15,10,15,8,8,10,15,14,Copa Asiática
G. Hung Pham,Ninh Binh FC,Vietnam,17,ST,Right,182,26,59,Vietnam,61,59,51,58,26,59,49,59,64,55,58,55,54,47,48,59,62,60,56,67,55,63,58,56,63,56,55,25,62,47,56,64,23,18,18,12,8,10,7,6,13,Copa Asiática
E. Lutfalla,Al-Ahli SC (Bahrain),Baréin,22,GK,Right,182,34,65,Baréin,35,22,32,34,21,47,14,12,23,36,14,25,21,18,41,36,32,38,39,60,44,49,57,36,56,21,36,26,16,43,19,50,24,18,12,67,65,60,63,69,45,Copa Asiática
M. El Garably,Al-Khaldiya SC,Baréin,21,GK,Left,196,26,61,Baréin,35,18,29,26,18,43,10,10,20,39,15,13,17,14,26,31,31,38,36,52,38,39,48,40,48,18,31,27,10,38,26,43,16,16,15,63,57,57,60,63,34,Copa Asiática
O. Salem Rajab,A'Ali SC  (Bahrain),Baréin,1,GK,Right,186,31,60,Baréin,34,18,28,26,18,41,14,12,26,34,10,11,19,17,28,33,40,30,37,57,39,37,48,32,49,16,32,22,11,39,24,37,20,12,12,63,59,56,58,65,34,Copa Asiática
G. Chia,Al-Ettifaq SC (Bahrain),Baréin,22,GK,Right,186,25,57,Baréin,35,16,23,24,15,40,10,10,10,27,10,13,10,12,26,24,37,34,34,54,41,37,49,30,49,10,29,26,12,31,17,41,10,15,17,54,54,53,57,58,38,Copa Asiática
Y. Habib,Sin equipoSin equipo,Baréin,24,GK,Right,187,28,59,Baréin,34,18,26,24,15,43,13,10,14,32,11,14,12,13,33,26,36,32,29,53,39,45,42,35,50,13,37,25,10,29,20,36,10,12,19,63,60,51,60,63,37,Copa Asiática
A. Benaddi,Muharraq SC,Baréin,2,"CB, RB",Right,186,33,67,Baréin,58,50,55,55,70,70,54,46,67,59,45,49,45,48,60,59,58,58,53,68,54,62,72,63,74,51,66,70,46,50,48,68,70,69,71,11,15,9,8,6,6,Copa Asiática
A. Bughammar,Muharraq SC,Baréin,17,CB,Right,181,28,61,Baréin,55,46,49,52,64,61,44,42,64,58,37,53,43,41,51,52,56,54,49,55,49,61,62,58,61,46,64,65,33,38,44,58,59,70,61,15,7,14,12,14,9,Copa Asiática
W. Al-Hayyam,Muharraq SC,Baréin,3,"CB, CDM",Left,181,35,65,Baréin,57,47,52,56,68,68,54,43,64,54,39,48,48,43,57,62,56,57,54,64,59,60,62,67,72,47,60,67,37,44,43,67,72,67,68,7,13,10,14,12,10,Copa Asiática
S. Mahmood Al-Moosawi,Riffa SC,Baréin,5,"CB, CDM",Left,193,22,56,Baréin,48,33,44,43,58,62,39,26,61,54,31,37,37,39,48,48,50,47,44,53,38,51,61,54,68,33,56,61,29,33,35,57,54,58,59,6,11,8,12,10,13,Copa Asiática
A. Al-Khulasi,Muharraq SC,Baréin,23,"LB, LM",Left,181,23,59,Baréin,63,45,53,53,57,60,63,41,52,53,34,53,51,43,54,51,61,64,55,58,63,55,59,62,60,45,59,54,43,46,45,55,59,58,60,7,6,11,8,12,10,Copa Asiática
H. Ali,Al-Khaldiya SC,Baréin,19,"LB, RB",Left,181,31,62,Baréin,67,44,55,56,60,61,63,38,59,57,39,52,53,45,54,57,65,68,60,64,61,51,55,69,59,50,59,62,51,47,45,66,56,61,62,10,13,12,9,8,10,Copa Asiática
H. Al-Eker,Riffa SC,Baréin,6,"RB, LB",Right,179,25,60,Baréin,63,46,54,57,59,58,60,41,48,56,46,60,53,44,54,51,66,60,63,51,60,53,58,65,56,49,55,58,51,48,47,58,63,62,55,9,6,11,14,12,13,Copa Asiática
M. Adel,Al-Khaldiya SC,Baréin,18,RB,Right,179,30,61,Baréin,66,48,54,60,58,63,56,44,52,57,47,57,51,46,55,61,63,69,64,59,64,54,58,66,63,51,59,59,52,50,48,56,56,60,63,11,12,6,7,6,8,Copa Asiática
V. Emmanuel,Sitra SC,Baréin,14,RB,Right,183,25,62,Baréin,68,46,56,59,60,63,58,39,55,59,42,58,56,45,55,59,67,68,62,57,66,58,61,58,67,49,59,61,51,52,52,62,60,58,67,12,10,15,13,6,15,Copa Asiática
J. Al-Shaikh,Riffa SC,Baréin,15,CM,Right,179,30,62,Baréin,61,56,64,62,55,62,59,52,55,71,48,62,62,61,62,63,59,63,62,64,59,58,53,69,61,63,57,60,64,62,61,62,53,55,52,14,9,6,10,14,15,Copa Asiática
S. Dhiya Saeed,Al-Khaldiya SC,Baréin,4,CM,Left,176,34,65,Baréin,57,60,67,64,59,58,64,57,51,71,55,60,65,62,66,67,58,56,69,67,67,65,55,63,55,63,62,56,61,67,58,64,62,61,61,7,7,13,7,12,8,Copa Asiática
O. Saber,Sitra SC,Baréin,16,CM,Right,178,25,56,Baréin,51,50,59,57,51,57,54,49,49,64,45,60,52,54,65,55,54,49,55,53,54,51,46,62,56,51,55,52,51,55,51,61,48,54,47,11,11,9,15,7,6,Copa Asiática
K. Al-Aswad,Riffa SC,Baréin,10,"CAM, CM",Left,169,32,67,Baréin,68,68,71,70,38,56,63,69,49,75,64,71,69,63,66,69,69,67,74,67,72,66,50,61,55,72,55,39,67,77,61,65,37,37,30,6,9,11,12,6,14,Copa Asiática
M. Marhoon,Kuwait SC,Baréin,8,"LW, LM",Left,176,28,62,Baréin,66,61,58,66,32,56,60,63,44,59,53,64,58,54,53,69,65,66,69,63,63,61,55,63,57,58,43,34,64,58,52,65,34,28,23,10,15,6,14,6,6,Copa Asiática
E. Al-Khatal,Hidd SC,Baréin,11,"LW, LM",Left,174,26,60,Baréin,67,58,60,63,30,54,64,58,42,62,59,62,62,50,51,64,70,65,68,60,58,57,50,65,53,57,46,25,63,61,57,56,30,30,27,8,11,10,13,12,11,Copa Asiática
M. Al-Humaidan,Al-Khaldiya SC,Baréin,20,"LW, LM",Left,175,33,65,Baréin,67,62,62,68,35,57,65,64,50,59,64,73,63,62,61,62,64,70,72,66,70,57,55,70,55,59,47,34,67,64,59,67,37,30,28,15,13,14,10,14,6,Copa Asiática
A. Madan,Riffa SC,Baréin,7,RW,Right,167,30,68,Baréin,76,67,62,71,36,55,63,66,50,63,66,69,60,60,60,70,73,79,83,65,82,71,60,66,51,66,51,37,71,64,63,70,35,35,30,15,14,12,11,13,7,Copa Asiática
S. Hashim Isa,Al-Ahli SC (Bahrain),Baréin,9,"ST, LW",Right,178,28,58,Baréin,59,60,49,56,22,55,44,64,58,50,58,54,53,48,46,55,61,57,65,59,55,62,51,53,59,52,50,21,59,52,58,56,19,16,16,11,13,13,14,9,14,Copa Asiática
M. Abduljabbar,Riffa SC,Baréin,12,ST,Right,175,35,62,Baréin,61,62,52,61,28,63,57,63,66,52,66,64,52,54,47,58,61,61,63,62,61,63,57,58,66,54,63,23,72,52,58,62,28,22,21,12,7,13,8,14,7,Copa Asiática
M. Al-Romaihi,Al-Khaldiya SC,Baréin,13,"ST, CF",Right,186,36,59,Baréin,58,60,49,56,25,57,50,62,66,51,60,52,56,52,38,58,58,58,60,62,49,54,64,52,59,60,57,22,61,49,62,63,23,19,16,9,7,15,11,9,8,Copa Asiática
S. Al-Hoshan,Kuwait SC,Kuwait,23,GK,Left,185,26,61,Kuwait,31,19,27,28,18,44,13,10,18,30,14,17,15,16,35,31,30,31,34,62,44,43,50,35,51,15,34,26,10,34,25,39,17,14,17,65,61,52,54,63,38,Copa Asiática
K. Al-Rashidi,Kuwait SC,Kuwait,1,GK,Right,185,39,61,Kuwait,26,17,31,32,18,46,16,12,15,38,10,20,23,19,34,36,28,25,41,60,37,34,53,42,52,12,35,23,10,36,23,42,18,16,15,61,63,54,65,63,38,Copa Asiática
A. Al-Fadhli,Al-Salmiya SC,Kuwait,22,GK,Right,184,25,59,Kuwait,35,19,29,24,14,42,10,12,17,42,10,12,13,18,30,27,36,34,31,59,31,37,44,33,51,20,28,23,10,32,17,42,12,11,11,58,62,55,55,61,36,Copa Asiática
K. Al-Fadhli,Qadsia SC,Kuwait,6,"CB, RB",Right,184,24,61,Kuwait,58,39,49,50,62,64,46,33,64,55,34,41,43,42,58,55,60,57,52,61,51,55,66,57,68,41,64,64,30,39,40,62,61,61,64,9,7,11,11,8,8,Copa Asiática
F. Al-Hajeri,Kazma SC,Kuwait,5,"CB, RB",Right,186,34,66,Kuwait,53,48,57,58,65,70,56,44,68,64,39,54,42,41,58,60,57,50,56,65,58,62,72,68,70,48,73,71,42,54,51,65,65,61,65,12,8,15,14,12,13,Copa Asiática
Y. Al-Haqan,Qadsia SC,Kuwait,25,"CB, RB",Right,188,23,58,Kuwait,54,38,46,44,62,59,46,31,62,52,32,39,38,40,50,44,55,53,47,57,44,54,58,58,59,40,61,59,36,38,44,57,64,62,59,14,8,11,8,13,13,Copa Asiática
A. Murad,Al-Fahaheel SC,Kuwait,26,CB,Left,175,25,58,Kuwait,54,39,44,47,60,60,43,33,59,48,35,41,42,41,47,49,52,56,54,57,49,53,63,55,60,42,63,63,33,38,41,58,58,61,61,10,10,10,10,12,10,Copa Asiática
M. Al-Dhafiri,Qadsia SC,Kuwait,3,LB,Left,178,29,62,Kuwait,64,46,59,58,61,61,64,42,54,63,42,56,57,48,61,59,66,63,63,61,64,49,50,66,58,52,63,65,51,49,49,57,60,60,63,7,7,12,8,12,6,Copa Asiática
M. Al-Sharifi,Al-Tadamon SC (Kuwait),Kuwait,16,LB,Left,176,22,58,Kuwait,65,43,52,56,56,55,53,38,50,53,45,56,49,51,53,56,63,67,60,57,58,56,52,58,54,40,54,49,45,50,43,55,58,58,59,10,11,6,14,15,7,Copa Asiática
M. Al-Ghareeb,Kuwait SC,Kuwait,12,"LB, RB",Left,173,21,56,Kuwait,63,43,52,56,55,56,55,41,44,57,37,52,47,40,53,59,61,64,60,54,59,49,49,67,51,44,56,56,46,45,39,53,56,58,53,15,13,11,14,13,7,Copa Asiática
R. Al-Dosary,Qadsia SC,Kuwait,4,RB,Right,180,26,60,Kuwait,64,46,56,58,57,58,59,43,54,60,43,59,51,46,55,58,61,66,59,55,59,55,56,61,55,40,60,57,52,48,49,55,60,55,57,10,8,12,6,9,11,Copa Asiática
M. Khaled,Al-Arabi SC (Kuwait),Kuwait,13,RB,Left,179,30,62,Kuwait,67,47,58,59,64,63,69,42,56,56,43,54,55,50,57,64,66,67,63,59,62,55,63,62,67,49,56,66,57,52,48,54,62,67,63,6,13,14,8,10,14,Copa Asiática
A. Al-Awadhi,Al-Arabi SC (Kuwait),Kuwait,2,"RB, LB",Right,181,24,60,Kuwait,64,48,55,55,59,58,66,45,49,56,42,54,53,50,53,53,63,65,63,54,59,52,59,63,55,50,59,58,48,46,49,55,61,59,61,13,6,6,9,8,9,Copa Asiática
R. Hani,Kuwait SC,Kuwait,14,CDM,Left,173,29,62,Kuwait,56,51,58,56,61,63,54,47,55,65,43,56,56,52,61,53,59,53,61,63,61,58,52,71,59,56,65,64,54,52,51,60,64,59,60,15,15,7,15,13,6,Copa Asiática
A. Khalifah,DesconocidoDesconocido,Kuwait,24,ST,Right,179,22,58,Kuwait,60,61,49,55,23,58,47,59,55,54,58,54,55,45,41,56,64,57,58,58,57,69,55,53,62,58,55,18,61,47,54,52,19,24,12,9,10,13,10,11,9,Copa Asiática
F. Ayedh,Al-Salmiya SC,Kuwait,10,CM,Right,173,29,61,Kuwait,59,59,60,58,53,60,53,59,51,61,52,56,56,58,64,59,58,60,58,55,60,61,49,64,58,61,62,53,51,65,54,61,49,57,57,12,12,8,12,7,12,Copa Asiática
J. Al-Mutar,Qadsia SC,Kuwait,21,CM,Right,183,20,54,Kuwait,52,49,56,56,45,52,50,45,46,58,44,58,49,47,61,57,49,54,53,49,51,55,46,55,52,54,51,50,51,57,43,49,44,42,46,12,6,10,12,13,7,Copa Asiática
A. Al-Dhefiri,Kuwait SC,Kuwait,8,CM,Right,179,34,65,Kuwait,56,58,63,68,58,63,60,54,53,66,57,62,58,58,66,74,58,55,69,67,64,64,55,70,62,61,59,55,62,63,58,71,63,59,52,15,6,8,12,10,11,Copa Asiática
N. Falah,Kazma SC,Kuwait,9,"CAM, CF",Right,168,26,61,Kuwait,65,60,63,65,36,54,59,58,44,67,57,67,60,56,62,62,67,64,67,60,69,59,48,58,53,63,53,41,65,64,60,58,36,31,29,8,9,9,14,12,13,Copa Asiática
M. Daham,Kuwait SC,Kuwait,7,"LW, ST",Left,177,26,64,Kuwait,72,64,61,67,33,56,65,65,50,62,59,69,63,50,51,64,72,72,68,66,68,69,57,64,56,58,48,33,66,63,62,67,32,28,35,11,6,15,13,7,7,Copa Asiática
E. Al-Rasheedi,Qadsia SC,Kuwait,11,RW,Right,175,27,62,Kuwait,71,61,60,67,30,57,64,63,45,59,60,72,65,57,54,64,73,69,65,61,68,59,57,66,56,57,48,27,65,60,56,58,32,25,26,9,11,8,11,11,12,Copa Asiática
Y. Majed,Al-Arabi SC (Kuwait),Kuwait,15,"RW, ST",Right,170,21,57,Kuwait,65,57,56,60,28,46,58,56,39,56,51,63,54,50,55,57,66,65,65,59,61,57,50,54,45,60,37,31,61,56,56,54,27,25,21,15,10,12,7,6,9,Copa Asiática
M. Al-Enezi,Al-Salmiya SC,Kuwait,19,"RW, RM",Right,167,23,60,Kuwait,68,58,59,64,28,48,64,57,41,59,59,60,58,54,55,69,65,71,67,62,64,59,49,58,44,56,46,30,65,60,54,63,27,25,24,14,15,9,15,9,7,Copa Asiática
A. Shehab,Qadsia SC,Kuwait,18,RW,Right,176,32,62,Kuwait,66,60,62,64,31,55,61,62,51,67,61,64,62,59,55,63,68,64,65,66,64,56,54,59,53,56,55,29,64,62,64,61,31,29,23,12,6,9,6,12,12,Copa Asiática
S. Al-Khaldi,Kazma SC,Kuwait,17,ST,Right,185,28,59,Kuwait,57,61,51,57,24,61,49,62,53,55,57,53,52,46,39,60,58,56,59,60,55,60,64,57,66,57,54,25,65,56,63,59,17,20,22,10,6,9,6,15,8,Copa Asiática
Y. Nasser,Kuwait SC,Kuwait,20,ST,Right,179,35,64,Kuwait,60,67,55,62,32,64,52,71,63,62,64,60,58,57,44,62,62,59,66,64,62,64,63,62,67,60,59,29,69,53,66,70,30,27,24,8,15,6,6,10,13,Copa Asiática
A. Al-Awadhi,Al-Sulaibikhat SC,Kuwait,24,"ST, LW",Left,187,23,54,Kuwait,54,58,44,54,20,56,41,59,60,49,58,55,44,41,38,53,53,55,55,54,47,59,55,47,62,54,50,21,56,46,55,56,13,14,18,11,7,6,7,7,8,Copa Asiática
I. Mahbud,Young Lions,Singapur,1,GK,Right,183,36,63,Singapur,31,20,33,28,20,44,19,10,25,37,15,19,17,17,32,27,32,30,35,65,40,48,55,36,49,15,37,29,10,47,26,46,18,14,19,62,61,61,64,67,41,Copa Asiática
S. Buhari,Tampines Rovers,Singapur,12,GK,Right,172,34,59,Singapur,26,17,28,25,17,44,15,10,20,36,10,14,13,11,28,28,28,24,35,54,35,42,50,35,51,10,38,24,13,33,16,42,14,14,17,59,64,57,62,61,37,Copa Asiática
R. Barudin,Hougang United,Singapur,23,GK,Right,182,39,57,Singapur,23,17,27,25,17,42,12,10,17,36,10,10,14,10,31,32,22,23,36,56,36,39,44,34,49,14,33,23,10,31,19,40,20,10,14,57,58,53,61,60,38,Copa Asiática
L. Tan,Lion City Sailors,Singapur,15,"CB, CDM",Right,184,29,60,Singapur,53,42,48,48,64,63,48,39,66,53,35,42,37,42,53,50,49,57,56,58,53,54,55,59,64,39,67,64,37,39,35,57,64,64,59,8,10,14,8,9,7,Copa Asiática
J. Mahler,Tampines Rovers,Singapur,18,"CB, CDM",Right,184,26,58,Singapur,57,39,46,46,61,58,42,36,62,49,31,40,41,39,53,51,53,60,44,56,50,54,56,52,62,37,58,64,33,40,33,54,61,61,57,14,6,8,14,12,6,Copa Asiática
R. Suhaimi,Tampines Rovers,Singapur,5,"CB, CDM",Right,179,21,53,Singapur,51,32,38,42,54,53,35,25,49,43,23,36,28,28,45,47,54,49,40,46,48,47,50,49,52,34,59,55,29,30,34,51,57,54,48,10,9,10,9,7,10,Copa Asiática
S. Baharudin,Selangor FC,Singapur,21,CB,Right,181,35,61,Singapur,47,42,48,52,62,60,40,36,59,55,40,49,40,40,56,52,49,45,50,59,56,58,63,59,58,39,64,61,37,42,43,60,59,65,64,7,10,13,7,14,15,Copa Asiática
H. Harun,Lion City Sailors,Singapur,14,"CB, CDM",Right,178,35,63,Singapur,53,46,51,54,66,65,50,43,61,58,34,47,43,42,49,58,54,53,56,58,56,58,64,60,66,46,68,66,34,45,43,67,67,65,69,10,13,6,11,6,7,Copa Asiática
N. Adam Abdullah,Lion City Sailors,Singapur,4,LB,Left,168,25,60,Singapur,63,45,56,58,58,59,62,45,48,57,37,55,56,48,55,56,63,63,67,66,66,49,55,64,56,42,60,64,45,49,46,56,58,58,60,14,10,8,11,12,11,Copa Asiática
R. Stewart,Lion City Sailors,Singapur,3,"RB, LB",Right,183,26,59,Singapur,58,44,55,58,57,62,63,41,56,62,45,55,52,48,51,60,58,58,58,59,61,46,58,64,65,46,52,59,47,42,48,56,55,57,63,12,15,8,14,11,8,Copa Asiática
I. Najeeb,Tampines Rovers,Singapur,2,"RB, LB",Right,178,27,58,Singapur,65,47,53,55,55,60,54,44,55,57,43,54,53,44,55,55,62,67,60,58,59,53,55,63,59,48,59,55,49,46,42,55,54,56,54,9,9,8,12,12,9,Copa Asiática
K. Nakamura,Lion City Sailors,Singapur,6,"CM, CDM",Left,165,30,61,Singapur,57,54,63,64,52,59,58,49,45,66,48,60,57,57,67,68,58,56,66,65,69,59,49,67,55,62,60,54,58,61,56,57,51,56,51,9,6,6,8,10,13,Copa Asiática
S. Shahiran,Tampines Rovers,Singapur,8,"CM, CDM",Right,173,26,60,Singapur,56,57,61,62,53,55,56,53,52,66,47,65,55,52,63,59,63,50,62,64,63,64,52,61,53,61,55,48,61,60,55,63,55,55,50,7,14,8,10,6,7,Copa Asiática
U. Song,Lion City Sailors,Singapur,7,CM,Right,171,32,63,Singapur,55,57,67,63,53,63,64,55,55,69,54,61,64,62,66,66,59,51,65,64,61,57,52,73,62,62,54,53,61,67,60,63,51,56,51,9,13,12,15,12,14,Copa Asiática
H. Syahin,Lion City Sailors,Singapur,16,CM,Right,166,27,58,Singapur,57,52,58,57,50,54,55,47,44,59,47,53,54,52,64,59,59,56,63,56,64,61,52,62,50,56,53,55,52,56,54,55,50,49,51,12,15,8,10,15,15,Copa Asiática
H. Kamarudin,FC Jurong,Singapur,17,RM,Right,179,25,54,Singapur,64,48,50,56,34,48,55,45,40,53,48,55,51,45,45,58,65,63,57,51,58,52,45,59,44,50,47,34,50,46,47,51,35,32,32,11,9,9,6,6,7,Copa Asiática
H. Stewart,Singha Chiangrai United,Singapur,13,"CAM, CF",Right,185,25,63,Singapur,65,59,64,65,36,59,61,58,47,66,54,66,67,59,56,64,69,62,68,69,64,59,55,64,60,59,50,41,65,69,63,58,29,39,29,6,13,9,6,14,7,Copa Asiática
J. Chew,Young Lions,Singapur,22,"CAM, CF",Right,168,26,57,Singapur,55,58,58,62,32,48,52,58,38,60,55,60,56,56,59,62,57,54,66,62,67,56,46,57,46,57,42,26,62,63,59,60,36,31,24,8,8,8,9,9,12,Copa Asiática
F. Zulkifli,Lion City Sailors,Singapur,9,LW,Left,162,23,57,Singapur,63,55,55,60,24,47,55,56,35,59,53,61,59,47,46,60,64,62,62,55,64,57,38,57,45,53,41,25,57,55,50,55,24,24,14,11,10,12,14,9,13,Copa Asiática
F. Ramli,Tampines Rovers,Singapur,10,"LW, LM",Left,168,34,62,Singapur,63,59,63,65,32,55,61,58,50,66,51,65,65,63,54,64,61,64,70,67,65,60,57,62,54,61,47,33,63,65,63,61,30,28,26,10,6,6,7,11,15,Copa Asiática
G. Kweh,Lion City Sailors,Singapur,11,RW,Left,172,26,59,Singapur,67,57,56,64,30,52,59,57,45,57,56,65,58,49,52,63,70,64,67,56,67,60,50,61,50,55,47,36,57,58,52,56,29,24,29,7,13,6,13,9,12,Copa Asiática
I. Fandi,Lion City Sailors,Singapur,19,ST,Right,183,23,60,Singapur,60,63,51,57,29,60,50,65,66,56,62,55,50,48,45,59,58,61,55,58,56,62,63,54,63,58,58,26,70,50,61,59,31,20,22,6,15,7,9,11,15,Copa Asiática
S. Anuar,Lion City Sailors,Singapur,20,ST,Right,168,35,61,Singapur,58,62,51,58,26,56,49,61,59,55,64,58,50,52,42,56,56,59,61,63,60,65,57,55,56,62,57,25,63,51,60,65,24,22,17,11,15,6,8,8,13,Copa Asiática
M. Aman,Al-Sha'ab Hadramaut,Yemen,1,GK,Right,197,29,58,Yemen,34,18,26,26,17,41,15,12,15,32,10,18,13,10,30,25,36,33,34,54,38,41,48,31,48,10,34,23,11,32,19,37,12,21,10,56,60,47,57,61,34,Copa Asiática
O. Mokref,Al-Wehda SSC (Yemen),Yemen,22,GK,Right,181,21,58,Yemen,33,17,25,22,16,44,13,11,15,34,10,10,10,10,26,25,31,35,34,51,39,41,49,33,53,11,32,22,10,30,19,35,15,16,12,61,57,55,59,62,31,Copa Asiática
O. Haidar,Al-Ahli Club Sana'a,Yemen,23,GK,Right,186,27,59,Yemen,31,16,28,25,18,43,13,10,19,38,10,11,14,10,33,30,34,29,36,53,38,35,43,33,52,13,31,22,10,31,20,41,20,12,16,58,59,56,53,60,35,Copa Asiática
A. Al-Dugin,Al-Wehda SC (Yemen),Yemen,14,CB,Right,186,23,59,Yemen,54,39,48,47,63,60,43,33,57,56,34,44,44,38,52,47,53,54,47,58,45,55,65,58,61,39,61,66,38,40,42,59,62,64,59,10,15,10,14,7,9,Copa Asiática
H. Al-Zubaidi,Miami FC,Yemen,3,"CB, CDM",Right,188,26,59,Yemen,56,41,47,48,62,61,41,35,67,55,30,46,40,43,49,50,55,57,38,60,48,59,59,56,64,39,61,60,35,40,42,60,59,65,61,7,10,7,6,9,7,Copa Asiática
H. Ghaleb,Al-Gharraf SC,Yemen,4,"CB, RB",Right,180,24,58,Yemen,51,39,43,51,62,58,42,31,61,47,35,44,40,34,48,56,50,52,51,56,49,55,51,55,59,42,61,59,34,38,40,63,65,62,60,9,7,15,10,9,14,Copa Asiática
M. Ban Agag,Al-Tadamon Mukalla,Yemen,12,CB,Right,183,23,56,Yemen,52,34,45,44,59,58,42,29,59,53,32,43,36,33,48,43,53,51,42,56,44,46,55,54,62,37,55,60,27,37,33,58,55,62,56,8,6,13,13,12,9,Copa Asiática
N. Sahal,Tadamone Hadramout,Yemen,2,"CB, RB",Left,185,36,56,Yemen,39,38,44,46,57,61,40,33,57,49,31,41,42,38,48,49,42,37,43,57,49,55,60,57,64,34,60,56,31,37,39,62,56,60,50,14,9,12,9,15,10,Copa Asiática
R. Al-Hubaishi,Al-Tadamon Mukalla,Yemen,19,CB,Left,187,33,57,Yemen,51,37,45,43,58,57,48,31,58,49,34,37,25,37,49,43,54,49,52,57,49,49,63,48,63,39,54,60,30,38,37,55,60,55,60,12,15,12,7,9,14,Copa Asiática
R. Al-Wasmani,Sin equipoSin equipo,Yemen,6,"RB, RM",Right,174,29,61,Yemen,66,44,57,56,58,58,61,42,51,56,36,51,54,50,60,55,63,68,67,63,65,51,57,68,53,46,59,58,42,54,42,58,55,62,61,12,7,7,15,15,10,Copa Asiática
N. Abdullah,Malkiya SC,Yemen,26,"CDM, CM",Right,180,31,58,Yemen,50,52,56,53,59,59,50,49,61,59,48,48,53,43,65,57,49,51,54,58,52,57,57,60,60,55,54,59,45,55,50,55,61,59,54,7,11,13,6,14,8,Copa Asiática
O. Anbar,Al-Ahli Club Sana'a,Yemen,15,CM,Right,183,31,61,Yemen,57,57,59,63,54,59,57,56,58,60,50,64,58,56,58,62,62,53,64,58,64,57,60,64,58,58,54,51,59,59,58,60,56,53,49,9,14,12,12,15,8,Copa Asiática
O. Al-Golan,Al-Tadamon Mukalla,Yemen,16,"CM, CDM",Left,175,26,54,Yemen,53,50,55,54,44,51,53,48,38,56,47,54,53,48,61,57,50,56,49,55,52,56,48,60,48,51,48,45,54,53,47,53,45,43,51,15,9,14,12,14,11,Copa Asiática
T. Shihab,ÍR Reykjavík,Yemen,20,CM,Right,179,25,52,Yemen,48,47,53,53,44,51,45,43,45,56,44,51,55,46,57,55,46,50,52,51,53,55,40,60,50,51,47,46,42,53,50,51,42,46,43,8,9,9,10,10,12,Copa Asiática
N. Mohammedoh,Kazma SC,Yemen,7,CAM,Right,175,27,59,Yemen,60,58,59,60,31,54,61,54,47,60,55,59,60,56,53,62,60,60,64,60,57,58,49,63,52,65,49,32,65,61,53,54,33,25,27,14,13,13,13,9,6,Copa Asiática
A. Al-Matari,Diyala SC,Yemen,11,CAM,Right,167,32,62,Yemen,63,61,62,66,34,53,60,61,43,59,55,68,67,59,62,63,67,60,67,67,69,62,50,58,52,63,49,39,62,70,56,65,31,33,28,15,11,10,13,14,9,Copa Asiática
M. Hashm Al-Najjar,Al-Wehda SSC (Yemen),Yemen,10,CAM,Left,173,29,54,Yemen,51,52,60,58,28,44,55,51,40,61,43,58,56,57,58,56,58,46,63,52,64,51,42,56,39,57,40,34,52,64,55,52,26,22,23,12,12,13,11,15,13,Copa Asiática
A. Abbas Qasem,Al-Shabab FC U19,Yemen,18,"CAM, CF",Left,172,18,51,Yemen,55,51,52,52,22,45,50,49,37,51,47,49,52,52,50,53,55,55,61,46,59,54,42,50,44,52,41,24,48,58,51,48,19,21,17,13,6,15,15,14,14,Copa Asiática
A. Al-Maari,Al-Gharraf SC,Yemen,8,"RW, ST",Right,178,26,60,Yemen,66,58,56,63,27,55,57,56,46,56,58,62,60,54,47,62,65,67,67,66,68,63,47,62,55,59,46,23,57,60,54,56,29,21,24,9,10,10,10,6,15,Copa Asiática
A. Majeed Sabarah,Sin equipoSin equipo,Yemen,17,RW,Right,178,26,60,Yemen,67,57,56,60,29,54,57,58,44,56,56,62,58,52,47,56,66,67,64,60,61,57,54,63,54,54,41,31,67,61,47,62,27,25,28,13,14,14,6,14,11,Copa Asiática
O. Al-Dahy,Sin equipoSin equipo,Yemen,9,RW,Right,180,26,59,Yemen,67,59,57,63,29,50,56,59,45,58,59,66,60,55,56,60,68,66,61,62,63,55,52,58,49,60,42,28,67,58,56,62,30,24,23,8,9,15,11,13,6,Copa Asiática
A. Maher,Sin equipoSin equipo,Yemen,21,"ST, CF",Left,176,24,58,Yemen,62,60,49,60,24,52,47,60,59,54,60,59,51,45,44,60,62,62,56,65,60,62,57,54,52,59,50,21,63,48,56,65,21,20,19,6,15,11,15,14,15,Copa Asiática
D. Mellor,Forest Green Rovers,Yemen,24,"ST, CF",Right,186,26,58,Yemen,59,61,51,57,25,59,47,65,55,56,55,59,49,49,47,56,56,61,52,63,51,66,65,53,65,50,48,18,65,48,59,59,23,23,20,9,12,10,9,8,14,Copa Asiática
S. Al-Harbi,Al-Ahli Club Sana'a,Yemen,13,"ST, CF",Right,185,25,57,Yemen,56,57,46,55,24,57,38,57,56,53,60,56,48,47,40,54,54,58,52,56,53,61,55,54,60,51,52,25,60,48,55,63,23,16,18,14,11,13,8,9,10,Copa Asiática
