short_name,club_name,nationality_name,club_jersey_number,player_positions,preferred_foot,height_cm,age,overall,seleccion,pace,shooting,passing,dribbling,defending,physic,attacking_crossing,attacking_finishing,attacking_heading_accuracy,attacking_short_passing,attacking_volleys,skill_dribbling,skill_curve,skill_fk_accuracy,skill_long_passing,skill_ball_control,movement_acceleration,movement_sprint_speed,movement_agility,movement_reactions,movement_balance,power_shot_power,power_jumping,power_stamina,power_strength,power_long_shots,mentality_aggression,mentality_interceptions,mentality_positioning,mentality_vision,mentality_penalties,mentality_composure,defending_marking_awareness,defending_standing_tackle,defending_sliding_tackle,goalkeeping_diving,goalkeeping_handling,goalkeeping_kicking,goalkeeping_positioning,goalkeeping_reflexes,goalkeeping_speed,league_name
M. Maignan,AC Milan,Francia,16,GK,Right,191,31,85,Francia,59,42,55,55,45,68,38,32,45,63,30,44,39,36,57,58,61,57,60,83,67,62,64,61,75,47,59,53,36,66,48,63,40,45,44,84,82,78,85,88,58,Copa del Mundo
G. Restes,Toulouse FC,Francia,1,GK,Left,188,21,75,Francia,50,34,44,41,34,58,31,29,32,53,30,30,30,30,48,44,48,51,47,67,52,56,59,47,67,30,50,42,24,47,31,57,33,30,32,81,72,66,74,78,57,Copa del Mundo
J. Butez,Como 1907,Francia,23,GK,Right,189,31,75,Francia,48,34,42,41,32,58,28,29,34,49,23,29,31,25,44,42,47,49,49,77,60,55,62,49,63,29,54,40,25,50,30,58,29,29,32,77,76,64,78,76,53,Copa del Mundo
D. Upamecano,Bayern Múnich,Francia,4,CB,Right,186,27,85,Francia,78,64,71,78,90,87,70,58,87,76,60,73,63,64,79,81,76,80,80,79,76,82,90,80,89,63,90,90,61,62,63,86,90,93,89,8,10,15,7,6,9,Copa del Mundo
J. Jacquet,Liverpool FC,Francia,22,CB,Right,190,21,82,Francia,78,59,70,73,86,87,66,49,84,80,54,72,59,63,74,75,76,80,66,77,71,77,89,80,91,66,83,87,55,58,62,79,89,85,76,12,13,12,10,14,13,Copa del Mundo
L. Yoro,Manchester United,Francia,15,CB,Right,190,20,79,Francia,77,58,68,73,85,84,60,52,86,78,54,65,58,57,71,82,74,79,66,76,77,70,78,80,88,58,80,84,56,59,62,73,88,84,78,14,14,15,11,10,9,Copa del Mundo
M. Lacroix,Chelsea FC,Francia,17,"CB, CDM",Right,190,26,83,Francia,80,63,68,72,85,85,67,57,84,71,58,70,61,58,74,73,80,80,68,84,68,77,85,80,87,62,86,83,64,64,61,80,87,84,85,10,12,11,7,10,8,Copa del Mundo
P. Kalulu,Juventus de Turín,Francia,2,CB,Right,182,26,79,Francia,75,58,66,67,82,81,64,54,79,75,59,63,60,63,74,69,73,77,69,75,67,72,82,74,83,55,86,78,52,51,62,79,80,86,82,8,14,14,8,9,12,Copa del Mundo
A. Truffert,AFC Bournemouth,Francia,3,"LB, LM",Left,176,24,80,Francia,86,68,74,78,79,75,72,65,68,81,61,74,71,65,75,78,85,87,88,83,84,74,76,86,69,72,77,79,65,67,67,79,80,82,80,9,13,7,15,13,11,Copa del Mundo
J. Koundé,FC Barcelona,Francia,5,RB,Right,181,27,83,Francia,86,69,79,79,80,83,82,67,72,83,69,77,68,68,79,81,85,87,82,77,83,73,77,86,83,68,81,79,69,73,71,80,80,82,85,15,14,11,9,8,15,Copa del Mundo
M. Koné,AS Roma,Francia,8,"CM, CDM",Right,185,25,84,Francia,80,80,85,86,75,82,77,78,76,87,73,88,82,80,87,85,79,81,84,86,81,85,84,87,79,82,81,75,82,89,78,85,74,77,75,7,13,6,13,10,8,Copa del Mundo
E. Camavinga,Real Madrid CF,Francia,6,"CM, CDM",Left,182,23,82,Francia,77,74,80,82,76,81,78,70,72,83,73,82,80,78,80,83,76,78,83,81,84,78,75,87,80,79,78,76,78,79,78,82,76,80,72,6,8,6,8,12,9,Copa del Mundo
A. Diouf,Inter de Milán,Francia,13,CM,Left,187,23,79,Francia,73,77,79,78,72,80,77,78,66,84,65,79,77,71,80,78,76,70,75,78,76,78,76,82,81,79,76,73,75,75,77,82,71,75,71,8,6,8,8,8,11,Copa del Mundo
L. Da Cunha,Como 1907,Francia,21,CM,Left,174,25,79,Francia,79,72,79,83,71,77,76,70,67,81,69,78,77,73,81,88,77,80,82,87,83,80,73,85,74,71,75,71,75,81,70,82,71,71,71,13,8,14,10,9,9,Copa del Mundo
A. Rabiot,AC Milan,Francia,14,"CM, CAM",Left,191,31,80,Francia,78,76,80,78,72,80,76,72,72,79,74,75,75,74,82,80,77,78,74,87,78,81,71,84,80,81,77,67,69,87,76,80,76,73,69,15,6,12,6,9,11,Copa del Mundo
R. Cherki,Manchester City,Francia,9,"CAM, CF",Both,177,23,87,Francia,88,86,91,89,58,80,85,85,73,94,85,86,92,90,91,93,90,87,88,88,88,91,78,84,81,86,74,64,90,90,81,92,54,53,53,14,9,11,15,11,10,Copa del Mundo
B. Barcola,Liverpool FC,Francia,12,"LW, ST",Left,187,24,85,Francia,93,82,82,88,53,78,87,83,72,83,83,90,85,74,76,88,93,93,87,84,88,80,78,87,75,80,76,52,85,82,86,84,52,52,45,8,6,14,8,13,8,Copa del Mundo
M. Olise,Bayern Múnich,Francia,11,"RW, ST",Left,180,24,91,Francia,95,90,88,95,61,86,90,90,82,91,87,95,92,79,83,95,95,95,95,92,95,89,81,89,88,90,81,62,95,88,87,91,60,55,55,7,11,11,12,10,11,Copa del Mundo
D. Doué,París Saint-Germain,Francia,20,"RW, ST",Right,181,21,83,Francia,89,81,81,89,54,78,83,81,75,83,78,94,82,78,75,86,88,89,86,80,86,80,80,89,75,83,73,56,85,82,84,80,52,48,49,6,13,10,14,8,6,Copa del Mundo
M. Akliouche,París Saint-Germain,Francia,18,"RW, RM",Left,183,24,81,Francia,88,81,79,80,50,75,79,80,69,84,72,79,77,68,71,81,88,88,80,78,82,86,76,81,77,82,64,53,86,78,74,81,49,46,40,11,7,9,14,6,15,Copa del Mundo
K. Mbappé,Real Madrid CF,Francia,10,"ST, CF",Right,180,27,92,Francia,89,93,82,90,59,92,83,95,95,84,90,91,90,80,76,88,87,90,94,91,91,90,90,87,95,92,89,62,95,81,94,88,57,51,47,11,15,9,9,8,8,Copa del Mundo
O. Dembélé,París Saint-Germain,Francia,7,"ST, CF",Both,179,29,88,Francia,95,89,78,91,55,87,76,89,87,80,86,92,81,78,75,91,94,95,90,91,85,92,85,83,90,85,84,51,93,80,84,85,55,51,42,11,9,10,14,13,7,Copa del Mundo
E. Lepaul,Stade Rennais FC,Francia,19,"ST, CF",Right,181,26,82,Francia,89,84,71,79,48,81,69,87,85,70,81,77,79,69,66,80,83,94,76,82,82,84,83,79,84,79,77,50,86,79,82,80,44,44,35,11,8,15,8,9,7,Copa del Mundo
J. Trafford,Leeds United,Inglaterra,,GK,Right,192,23,79,Inglaterra,52,35,47,47,37,63,33,27,38,53,31,34,36,31,56,51,52,52,54,77,59,59,72,50,71,32,57,43,31,52,36,65,35,35,37,79,79,76,78,83,59,Copa del Mundo
J. Pickford,Everton FC,Inglaterra,,GK,Left,185,32,80,Inglaterra,53,39,48,46,36,65,32,32,42,55,32,33,41,34,51,47,51,54,58,80,60,65,67,54,74,31,54,45,33,57,41,62,31,33,39,79,81,70,75,83,55,Copa del Mundo
J. Steele,Brighton & Hove Albion,Inglaterra,,GK,Right,188,36,70,Inglaterra,36,27,39,38,27,53,25,20,31,44,18,28,28,23,41,39,35,37,41,67,54,47,57,49,59,27,44,29,21,49,29,53,26,26,21,68,65,66,70,72,46,Copa del Mundo
M. Guéhi,Manchester City,Inglaterra,,CB,Right,182,26,85,Inglaterra,76,67,70,74,87,86,67,62,86,75,62,67,65,69,76,78,74,78,77,83,78,81,87,78,91,66,85,91,60,62,63,85,83,88,89,8,7,15,14,10,15,Copa del Mundo
J. Quansah,Bayer 04 Leverkusen,Inglaterra,,CB,Right,190,23,83,Inglaterra,76,62,70,73,85,88,69,58,87,76,54,67,62,63,75,78,77,76,69,82,73,75,95,85,90,61,86,82,58,58,68,81,82,89,90,9,9,13,6,13,10,Copa del Mundo
E. Konsa,Arsenal FC,Inglaterra,,"CB, RB",Right,183,28,83,Inglaterra,76,65,72,71,87,84,68,59,89,77,61,68,62,64,78,72,76,76,70,81,72,82,84,77,88,64,85,86,59,66,68,79,89,85,87,14,10,12,13,15,9,Copa del Mundo
J. Branthwaite,Everton FC,Inglaterra,,CB,Left,195,24,79,Inglaterra,69,61,67,67,86,83,63,54,88,75,57,63,62,57,71,70,67,70,63,78,68,80,88,77,86,60,83,85,53,57,61,78,88,84,81,10,8,8,8,6,9,Copa del Mundo
T. Chalobah,Como 1907,Inglaterra,,CB,Right,192,27,81,Inglaterra,78,59,65,71,86,85,62,53,86,70,56,69,62,67,68,74,77,78,66,75,67,72,87,79,90,61,80,83,57,57,62,79,82,92,89,9,10,12,14,9,7,Copa del Mundo
N. O'Reilly,Manchester City,Inglaterra,,LB,Left,193,21,82,Inglaterra,88,69,79,78,80,80,80,65,85,83,69,82,76,67,78,73,90,87,74,85,81,76,86,80,80,70,78,75,72,74,67,76,81,81,82,11,15,14,10,6,14,Copa del Mundo
L. Hall,Newcastle United,Inglaterra,,"LB, LM",Left,179,22,80,Inglaterra,84,66,74,77,78,79,76,61,73,80,60,77,73,65,76,76,84,84,78,74,79,74,76,82,78,68,79,78,68,65,65,75,74,81,84,13,12,6,12,12,10,Copa del Mundo
T. Alexander-Arnold,Real Madrid CF,Inglaterra,,"RB, LB",Right,180,27,84,Inglaterra,88,70,80,81,83,81,87,68,82,82,63,85,73,71,83,75,88,88,85,82,86,78,81,86,78,69,80,85,66,72,71,84,85,81,79,15,12,10,10,12,13,Copa del Mundo
E. Anderson,Manchester City,Inglaterra,,"CDM, CB",Right,179,23,87,Inglaterra,84,78,84,84,87,88,80,73,82,91,67,81,76,80,85,88,85,83,82,89,85,88,83,88,87,80,90,92,84,78,79,84,87,86,84,12,15,13,6,13,9,Copa del Mundo
J. Garner,Everton FC,Inglaterra,,"CDM, CB",Right,182,25,81,Inglaterra,74,71,76,77,84,85,67,68,82,85,64,73,69,78,79,81,75,74,76,79,81,77,80,86,86,73,83,88,75,70,75,82,81,87,79,7,7,11,6,9,11,Copa del Mundo
M. Lewis-Skelly,Arsenal FC,Inglaterra,,"CDM, CM",Left,178,20,77,Inglaterra,74,68,73,72,78,80,64,61,71,81,64,67,67,64,72,76,75,73,74,75,71,81,75,82,81,74,76,81,67,73,65,73,76,79,84,10,8,10,7,11,10,Copa del Mundo
A. Scott,AFC Bournemouth,Inglaterra,,CM,Right,178,23,82,Inglaterra,78,78,81,80,74,80,72,78,67,83,74,74,78,78,87,85,79,77,79,83,84,82,78,83,81,77,75,74,79,84,76,84,73,79,70,8,7,14,10,6,7,Copa del Mundo
J. Bellingham,Real Madrid CF,Inglaterra,,CAM,Right,186,23,88,Inglaterra,91,85,90,90,62,81,85,82,74,92,88,91,95,89,87,91,94,88,88,93,83,86,78,86,82,87,73,69,91,93,85,82,57,61,52,6,15,14,14,9,10,Copa del Mundo
M. Rogers,Chelsea FC,Inglaterra,,CAM,Right,187,24,89,Inglaterra,88,87,90,92,64,82,85,85,85,93,84,95,94,86,89,88,91,86,93,93,92,88,77,86,83,91,76,65,88,92,91,92,60,60,61,6,11,14,6,11,10,Copa del Mundo
M. Gibbs-White,Nottingham Forest,Inglaterra,,"CAM, CM",Right,176,26,84,Inglaterra,84,84,83,86,56,77,78,82,70,83,77,88,81,82,84,85,82,85,87,86,83,91,72,80,80,87,69,63,79,90,78,86,54,52,51,13,7,15,12,9,11,Copa del Mundo
E. Eze,Arsenal FC,Inglaterra,,CAM,Right,178,28,84,Inglaterra,83,83,86,91,58,78,86,83,64,86,82,94,87,84,84,91,82,83,88,80,85,81,73,79,80,85,73,57,79,88,83,89,55,58,60,6,11,14,9,14,15,Copa del Mundo
A. Gordon,FC Barcelona,Inglaterra,,"LW, ST",Left,183,25,87,Inglaterra,94,84,88,89,57,82,89,84,76,89,85,87,88,83,80,92,94,94,92,87,90,86,85,89,84,83,70,57,87,90,80,87,53,59,45,6,11,14,8,12,12,Copa del Mundo
R. Ngumoha,Liverpool FC,Inglaterra,,"LW, ST",Left,170,18,73,Inglaterra,82,70,67,75,41,64,73,71,61,67,64,74,76,63,61,77,84,81,79,69,76,69,60,77,61,69,56,44,72,64,70,69,38,36,40,11,8,15,9,8,12,Copa del Mundo
B. Saka,Arsenal FC,Inglaterra,,"RW, ST",Left,178,25,87,Inglaterra,92,86,86,91,56,77,86,88,78,85,89,93,90,83,82,90,89,95,95,85,86,81,78,85,74,86,73,54,90,90,83,85,58,53,46,9,15,11,6,12,11,Copa del Mundo
H. Kane,Bayern Múnich,Inglaterra,,ST,Right,188,33,90,Inglaterra,91,91,79,89,58,91,80,92,93,81,89,89,77,81,69,91,90,92,83,93,80,95,94,86,95,84,86,49,94,83,95,84,59,53,50,8,6,13,14,9,14,Copa del Mundo
D. Calvert-Lewin,Leeds United,Inglaterra,,"ST, LW",Right,189,29,80,Inglaterra,77,81,71,77,44,83,70,84,80,72,79,78,77,72,62,75,75,79,73,80,75,80,85,70,91,75,77,40,86,73,80,85,41,41,33,14,13,13,8,15,14,Copa del Mundo
J. Urbig,Bayern Múnich,Alemania,1,GK,Both,189,23,74,Alemania,52,35,43,42,30,58,27,29,28,49,28,35,26,33,46,40,50,54,49,75,51,56,66,48,65,31,50,39,25,51,35,52,29,25,27,73,72,73,76,77,53,Copa del Mundo
N. Atubolu,Eintracht Fráncfort​​,Alemania,21,GK,Right,190,24,78,Alemania,55,36,45,42,35,62,32,27,34,49,35,31,32,32,49,40,54,55,54,81,64,59,70,55,68,32,53,45,31,56,37,61,35,29,34,82,73,71,80,78,54,Copa del Mundo
F. Dahmen,FC Augsburgo,Alemania,12,GK,Right,186,28,76,Alemania,56,32,46,42,36,59,33,23,32,49,27,31,34,35,48,46,61,51,41,76,57,56,70,51,66,29,47,47,28,56,28,54,35,30,43,75,79,70,77,78,53,Copa del Mundo
A. Nübel,Besiktas JK,Alemania,21,GK,Right,193,30,76,Alemania,51,33,44,40,34,62,30,24,31,54,25,28,36,29,48,41,51,51,53,74,58,55,65,55,67,32,57,40,28,44,41,54,29,37,33,77,78,67,75,78,55,Copa del Mundo
M. ter Stegen,Ajax de Ámsterdam,Alemania,1,GK,Right,187,34,74,Alemania,45,31,41,41,29,57,27,20,33,46,29,30,33,26,45,43,43,47,47,73,56,59,62,51,64,27,48,39,28,49,32,54,27,23,28,74,72,70,78,78,51,Copa del Mundo
N. Schlotterbeck,Borussia Dortmund,Alemania,15,CB,Left,191,26,82,Alemania,78,64,69,73,83,85,67,63,87,75,50,71,58,62,75,75,74,81,66,78,72,78,88,79,90,60,80,81,53,60,56,79,83,83,86,13,10,14,9,7,10,Copa del Mundo
Y. Bisseck,Inter de Milán,Alemania,2,"CB, CDM",Right,196,25,82,Alemania,80,64,71,69,86,88,66,60,92,79,58,64,66,63,72,73,80,80,69,70,65,75,89,89,90,65,83,85,60,63,63,83,87,84,82,7,11,15,14,11,11,Copa del Mundo
M. Thiaw,Newcastle United,Alemania,2,CB,Right,194,25,83,Alemania,82,64,67,72,87,86,59,57,92,71,59,67,66,64,73,76,81,83,66,87,68,76,86,79,91,67,84,81,64,63,63,82,87,89,85,10,15,14,9,6,15,Copa del Mundo
F. Jeltsch,VfB Stuttgart,Alemania,4,"CB, CDM",Right,188,20,76,Alemania,72,56,66,66,80,81,62,52,77,73,45,65,57,59,71,66,69,75,66,70,61,72,79,75,85,52,77,75,52,59,49,73,85,82,73,7,11,12,14,15,15,Copa del Mundo
J. Tah,Bayern Múnich,Alemania,4,"CB, CDM",Right,195,30,82,Alemania,79,60,69,69,87,87,60,53,87,78,57,64,62,60,72,72,78,80,67,82,70,78,90,80,89,59,88,86,56,62,66,85,85,90,85,15,11,12,7,10,10,Copa del Mundo
W. Anton,Borussia Dortmund,Alemania,3,"CB, RB",Right,189,30,78,Alemania,71,58,66,66,81,82,59,55,82,72,55,62,53,60,68,70,72,71,61,69,70,70,82,80,82,57,84,76,55,64,55,80,87,80,76,13,9,8,9,13,9,Copa del Mundo
M. Rosenfelder,SC Friburgo,Alemania,3,CB,Right,186,23,73,Alemania,71,53,63,63,76,74,59,47,72,71,44,59,53,50,70,65,73,69,61,67,65,74,73,76,72,52,77,70,42,54,52,75,76,81,73,15,7,11,6,11,10,Copa del Mundo
N. Brown,Bayern Múnich,Alemania,18,LB,Left,176,23,82,Alemania,85,66,79,81,82,82,82,62,75,81,60,82,71,71,81,79,83,86,86,85,82,76,81,86,82,69,78,82,69,76,62,79,82,82,85,7,12,12,10,7,8,Copa del Mundo
D. Raum,RB Leipzig,Alemania,22,"LB, LM",Left,181,28,79,Alemania,80,66,74,77,76,80,81,64,72,74,65,74,71,65,72,80,82,78,81,76,80,72,75,78,84,65,75,73,69,69,62,75,77,76,79,12,13,13,10,12,15,Copa del Mundo
M. Mittelstädt,VfB Stuttgart,Alemania,18,LB,Left,180,29,79,Alemania,83,65,77,74,78,78,81,60,74,83,65,72,67,63,78,73,86,81,80,79,78,72,83,84,76,67,75,79,64,66,67,78,77,79,77,12,6,10,7,6,10,Copa del Mundo
H. Behrens,FC Augsburgo,Alemania,22,"LB, RB",Both,175,21,71,Alemania,78,59,67,67,70,70,72,57,57,70,57,63,62,58,68,68,77,78,72,68,77,62,59,76,67,60,71,73,60,58,54,64,70,70,73,11,14,14,7,12,13,Copa del Mundo
P. Treu,SC Friburgo,Alemania,13,RB,Right,173,25,77,Alemania,83,66,76,74,75,76,76,61,67,85,55,73,71,62,70,73,85,81,80,75,81,73,68,85,71,70,81,77,69,67,65,67,74,77,78,6,6,12,9,8,8,Copa del Mundo
J. Vagnoman,VfB Stuttgart,Alemania,14,"RB, RM",Right,190,25,77,Alemania,80,62,70,75,78,76,74,59,74,72,60,74,67,65,73,77,76,84,72,76,79,71,78,78,77,59,72,74,66,64,60,68,81,77,79,10,8,6,10,10,8,Copa del Mundo
R. Baku,RB Leipzig,Alemania,16,"RB, LB",Right,176,28,75,Alemania,84,61,68,71,76,75,74,59,66,69,54,69,63,59,67,71,83,84,79,72,77,70,68,79,72,56,78,81,61,64,61,67,78,76,74,6,6,11,8,8,8,Copa del Mundo
A. Pavlovic,Bayern Múnich,Alemania,5,"CDM, CM",Both,188,22,84,Alemania,78,74,82,79,84,90,82,69,78,83,71,74,76,80,86,85,80,77,75,85,81,79,88,91,92,80,86,87,78,81,72,83,83,86,84,11,10,9,14,11,10,Copa del Mundo
J. Kimmich,Bayern Múnich,Alemania,6,"CDM, CB",Right,177,31,81,Alemania,68,71,77,77,83,84,64,65,77,84,63,76,75,74,84,78,67,69,73,78,79,79,81,88,82,76,84,87,72,73,73,85,78,88,80,6,6,6,12,15,10,Copa del Mundo
A. Stach,Leeds United,Alemania,16,"CDM, CM",Right,194,27,81,Alemania,73,73,77,78,82,85,71,69,81,83,63,74,70,74,80,85,74,72,75,75,71,78,84,86,87,83,81,83,69,75,67,86,85,77,83,6,9,7,8,11,11,Copa del Mundo
V. Janelt,Brentford FC,Alemania,23,CDM,Left,184,28,77,Alemania,71,67,76,73,76,83,65,63,79,82,56,68,67,66,80,75,69,72,82,78,71,73,77,79,87,73,80,75,70,76,69,81,79,74,73,9,12,11,13,8,14,Copa del Mundo
Y. Engelhardt,SC Friburgo,Alemania,6,"CDM, CB",Right,184,25,74,Alemania,69,65,74,73,76,75,66,58,74,82,63,71,64,60,78,75,68,69,72,75,70,73,74,72,74,71,82,81,65,69,67,72,74,75,72,6,11,12,9,14,8,Copa del Mundo
F. Keidel,SV 07 Elversberg,Alemania,20,CDM,Right,178,23,71,Alemania,64,62,67,67,71,72,63,56,65,74,48,66,53,63,70,69,64,64,64,69,64,72,66,74,71,67,76,74,64,63,62,67,73,70,66,14,10,6,13,11,10,Copa del Mundo
F. Nmecha,Borussia Dortmund,Alemania,8,"CM, CDM",Right,190,25,85,Alemania,79,81,86,83,78,85,84,76,79,85,73,80,82,81,91,86,77,81,80,84,86,88,80,91,85,85,77,82,83,86,81,85,76,75,80,11,11,7,8,6,6,Copa del Mundo
T. Bischof,Bayern Múnich,Alemania,8,CM,Left,176,21,80,Alemania,77,77,81,83,74,78,76,76,69,85,67,84,78,72,82,84,76,78,81,76,80,82,74,82,77,78,77,78,74,79,77,76,70,76,72,10,13,11,10,7,8,Copa del Mundo
M. Baur,Celtic FC,Alemania,14,"CM, CAM",Both,172,22,73,Alemania,71,67,74,74,66,68,67,64,57,78,61,74,74,70,76,74,74,68,73,77,71,71,58,73,66,72,68,66,63,73,66,78,73,65,62,13,13,8,12,9,8,Copa del Mundo
F. Wirtz,Liverpool FC,Alemania,17,CAM,Right,177,23,84,Alemania,85,85,83,85,56,76,80,85,67,81,77,82,87,83,82,87,84,86,86,84,86,86,76,84,72,87,74,63,84,87,85,86,52,55,47,8,10,12,14,10,7,Copa del Mundo
J. Musiala,Bayern Múnich,Alemania,10,CAM,Right,184,23,84,Alemania,87,84,83,86,56,78,80,85,72,86,83,89,89,78,83,84,88,87,84,85,86,82,74,81,80,83,69,59,83,81,85,82,56,50,55,14,6,12,15,15,14,Copa del Mundo
L. Karl,Bayern Múnich,Alemania,15,CAM,Left,168,18,77,Alemania,79,78,80,81,48,64,75,79,60,81,72,81,79,75,85,80,82,76,84,76,83,77,64,73,60,78,65,47,75,81,74,78,47,46,42,12,13,15,6,13,9,Copa del Mundo
N. Amiri,1.FSV Mainz 05,Alemania,11,"CAM, CM",Right,180,29,80,Alemania,79,84,82,83,54,72,76,79,70,85,74,88,80,81,81,78,80,78,78,79,81,89,69,75,72,94,71,52,79,82,77,86,52,53,46,12,7,8,7,7,6,Copa del Mundo
B. Conté,TSG 1899 Hoffenheim,Alemania,19,CAM,Left,182,23,73,Alemania,73,72,75,79,46,66,72,71,55,73,69,79,76,73,77,82,72,73,74,76,69,72,61,73,64,71,63,46,74,79,76,76,48,44,40,14,6,14,9,10,12,Copa del Mundo
S. El Mala,FC Colonia,Alemania,7,"LW, LM",Both,187,20,77,Alemania,86,75,74,77,45,69,77,78,68,72,74,78,77,71,67,77,89,84,77,74,75,71,69,74,70,73,60,42,78,81,77,73,43,42,40,7,15,8,11,8,6,Copa del Mundo
K. Schade,Brentford FC,Alemania,9,"LW, LM",Left,185,24,81,Alemania,88,80,77,83,50,72,77,81,76,78,80,79,81,78,72,86,91,86,87,81,81,80,72,78,72,76,65,47,82,77,84,83,47,47,44,15,6,10,6,13,9,Copa del Mundo
D. Scherhant,SC Friburgo,Alemania,9,LW,Left,185,23,77,Alemania,87,78,73,79,49,72,72,78,74,75,74,77,77,70,63,81,88,86,85,75,78,78,64,79,72,80,66,52,76,77,72,74,46,45,42,6,14,8,6,10,11,Copa del Mundo
C. Führich,VfB Stuttgart,Alemania,7,"LW, ST",Left,181,28,76,Alemania,79,73,75,78,43,66,75,70,67,76,72,81,80,74,72,75,80,79,79,69,79,79,72,74,64,72,59,44,83,76,71,74,42,37,38,6,7,8,10,10,12,Copa del Mundo
K. Adeyemi,FC Barcelona,Alemania,19,RW,Left,180,24,82,Alemania,90,78,82,83,52,75,91,77,70,80,76,85,88,77,76,83,92,88,80,80,82,85,81,84,72,75,71,54,84,82,71,85,50,50,45,13,8,7,6,6,13,Copa del Mundo
S. Gnabry,Bayern Múnich,Alemania,20,"CAM, CM",Right,176,31,79,Alemania,82,78,80,78,53,71,79,77,65,83,77,78,82,83,71,77,79,84,79,82,77,78,65,74,71,82,69,56,82,82,76,84,55,48,46,10,14,14,15,10,7,Copa del Mundo
K. Havertz,Arsenal FC,Alemania,7,"ST, LW",Left,193,27,85,Alemania,88,85,75,83,50,88,72,89,91,81,80,82,77,78,66,86,87,88,81,80,74,82,86,80,95,80,81,47,92,72,85,82,46,46,42,12,14,6,10,11,13,Copa del Mundo
N. Woltemade,Juventus de Turín,Alemania,11,ST,Right,198,24,82,Alemania,82,82,73,79,48,86,72,86,89,77,81,80,69,80,64,80,80,84,74,83,75,82,87,81,92,74,78,48,84,72,85,79,44,41,44,7,6,13,11,8,9,Copa del Mundo
J. Burkardt,Eintracht Fráncfort​​,Alemania,10,ST,Right,181,26,79,Alemania,80,81,72,76,47,80,73,83,77,75,77,76,73,72,64,76,77,83,77,78,75,79,83,73,85,80,73,47,81,70,72,81,47,39,42,14,15,12,11,7,8,Copa del Mundo
Y. Ebnoutalib,Eintracht Fráncfort​​,Alemania,23,"ST, LW",Right,191,23,76,Alemania,81,76,65,73,41,77,66,76,76,66,77,72,65,65,61,74,83,80,70,85,64,76,80,72,81,71,74,39,83,65,79,73,39,34,37,9,14,9,15,9,8,Copa del Mundo
D. Raya,Arsenal FC,España,1,GK,Right,186,31,82,España,50,42,50,51,39,64,37,37,43,57,30,36,39,34,53,56,52,49,61,84,64,61,67,61,68,38,56,47,31,56,42,67,35,36,36,83,79,77,87,85,61,Copa del Mundo
U. Simón,Athletic Club,España,23,GK,Right,190,29,79,España,60,36,47,49,37,63,33,28,37,54,29,34,34,31,53,56,60,60,56,74,59,61,69,53,71,34,55,45,25,51,40,64,30,39,34,80,77,71,80,81,54,Copa del Mundo
J. Martínez,Inter de Milán,España,13,GK,Right,191,28,77,España,54,35,45,43,33,59,33,30,33,51,26,35,32,33,47,44,60,50,47,69,57,57,64,50,66,27,53,38,21,53,40,49,26,35,36,76,77,73,78,80,56,Copa del Mundo
P. Cubarsí,FC Barcelona,España,22,CB,Right,184,19,82,España,75,64,72,73,86,87,69,59,84,78,54,69,63,64,82,77,74,76,71,86,67,77,80,87,88,64,88,83,62,60,71,78,90,83,88,14,10,12,10,10,11,Copa del Mundo
D. Huijsen,Real Madrid CF,España,2,"CB, CDM",Both,195,21,79,España,74,59,67,66,83,83,62,54,80,75,61,63,59,62,69,69,70,77,64,73,63,73,87,76,87,56,82,86,55,60,55,79,83,81,84,12,6,9,6,11,8,Copa del Mundo
M. Pubill,Atlético de Madrid,España,12,"CB, RB",Right,191,23,83,España,75,64,69,72,89,87,63,63,84,75,53,70,66,64,76,74,76,75,70,77,70,74,88,84,91,62,82,91,60,63,63,80,90,90,80,8,14,6,10,13,15,Copa del Mundo
R. Le Normand,Atlético de Madrid,España,3,"CB, CDM",Right,187,29,79,España,75,62,68,69,84,83,66,59,79,72,53,66,64,59,73,69,71,78,67,79,70,74,84,75,88,61,79,81,56,60,59,80,88,86,77,10,9,13,14,10,6,Copa del Mundo
A. Laporte,Athletic Club,España,14,"CB, CDM",Left,191,32,78,España,71,58,67,69,80,78,68,54,85,71,50,69,58,61,70,68,68,73,68,77,63,66,83,74,80,61,76,80,53,60,65,82,77,81,78,14,11,11,13,15,8,Copa del Mundo
M. Cucurella,Real Madrid CF,España,22,LB,Left,174,28,83,España,86,69,80,78,82,83,81,65,74,85,62,76,77,67,80,78,88,84,83,81,85,75,77,85,83,71,84,79,70,75,76,80,81,88,84,13,9,13,7,8,11,Copa del Mundo
F. García,Real Betis Balompié,España,5,"LB, RB",Left,169,27,75,España,81,60,70,74,74,73,73,55,61,73,58,70,65,61,71,75,79,83,83,69,82,67,68,78,71,65,75,73,54,63,62,73,73,79,79,7,10,7,13,12,6,Copa del Mundo
I. Fresneda,Sporting de Lisboa,España,4,RB,Right,183,22,74,España,83,57,68,70,71,75,74,52,71,67,53,64,68,62,73,74,81,84,75,70,75,66,73,77,75,60,74,67,59,62,56,70,71,70,81,15,11,13,8,15,10,Copa del Mundo
M. Zubimendi,Arsenal FC,España,18,"CDM, CB",Right,181,27,85,España,78,76,84,83,85,90,75,73,79,91,70,83,75,72,86,86,83,73,79,86,79,86,86,87,90,73,93,89,80,83,76,77,82,86,85,12,7,6,14,6,14,Copa del Mundo
Rodri,FC Barcelona,España,16,CDM,Right,190,30,88,España,85,79,84,83,90,91,78,76,93,87,75,79,78,74,91,87,85,85,78,89,80,83,90,93,91,83,89,92,84,86,75,89,88,89,92,14,15,13,9,9,15,Copa del Mundo
Pedri,FC Barcelona,España,20,"CM, CAM",Right,174,23,89,España,85,83,89,89,82,85,85,78,79,92,77,88,85,88,91,92,86,84,88,84,88,92,74,89,85,86,85,84,85,87,81,91,81,82,80,14,15,8,12,12,15,Copa del Mundo
F. Ruiz,París Saint-Germain,España,8,CM,Left,188,30,81,España,80,75,81,78,74,78,76,72,78,86,73,81,74,80,80,75,79,81,79,78,75,79,85,80,77,76,77,80,79,78,79,78,72,73,72,10,7,14,13,15,13,Copa del Mundo
M. Merino,Arsenal FC,España,6,CM,Left,188,30,80,España,76,72,79,80,70,79,74,69,74,84,72,81,77,73,78,83,72,79,74,74,75,74,72,82,80,74,73,69,82,77,78,78,71,70,69,13,15,11,7,11,6,Copa del Mundo
F. López,FC Barcelona,España,9,CAM,Right,176,23,86,España,87,85,88,91,60,77,88,86,70,85,83,92,93,86,85,89,89,86,90,91,93,80,73,84,75,86,74,64,86,93,85,92,58,56,55,8,8,10,7,14,10,Copa del Mundo
D. Olmo,FC Barcelona,España,10,"CAM, CF",Right,179,28,83,España,85,84,84,86,56,78,85,87,75,84,82,82,84,85,81,92,86,84,82,84,83,78,70,82,79,86,74,56,81,87,82,83,53,54,50,11,9,10,15,11,15,Copa del Mundo
Á. Baena,Atlético de Madrid,España,15,LW,Left,172,25,83,España,90,79,79,88,52,76,85,76,73,78,80,91,82,77,74,85,91,89,89,81,85,78,69,86,75,83,67,53,89,80,80,87,53,47,44,6,10,6,13,14,14,Copa del Mundo
V. Muñoz,Liverpool FC,España,7,LW,Left,173,23,77,España,86,77,75,82,47,66,76,80,62,74,74,86,82,73,71,79,85,86,87,77,79,75,66,71,64,74,64,49,79,76,73,75,48,44,37,11,15,6,15,15,7,Copa del Mundo
Y. Pino,Crystal Palace,España,11,LW,Left,174,23,79,España,83,76,76,83,46,71,77,74,63,75,75,83,83,73,66,83,84,83,82,86,85,81,71,80,68,74,68,51,82,84,77,74,44,41,37,6,12,8,6,11,13,Copa del Mundo
L. Yamal,FC Barcelona,España,19,"RW, RM",Left,183,19,87,España,95,85,84,90,56,76,86,83,76,87,81,93,86,81,80,89,95,95,90,82,93,86,80,84,74,89,72,54,89,79,84,76,54,54,47,9,14,12,9,8,9,Copa del Mundo
C. Espí,Real Madrid CF,España,,ST,Right,194,21,78,España,85,77,68,78,45,84,67,79,85,73,82,78,72,65,60,81,83,86,67,81,71,75,85,80,90,70,74,39,85,66,73,74,42,41,40,10,7,13,15,13,9,Copa del Mundo
M. Oyarzabal,Real Sociedad,España,21,ST,Left,181,29,81,España,80,82,70,79,48,79,68,84,83,73,80,77,68,68,63,80,78,81,81,81,78,79,80,78,82,82,73,45,83,74,82,80,45,45,42,8,10,11,6,6,11,Copa del Mundo
R. Fernández,RCD Espanyol,España,17,ST,Right,186,24,78,España,76,77,70,75,44,78,71,79,79,75,82,77,70,71,63,73,79,74,74,83,70,74,80,74,81,74,75,40,76,67,76,76,41,41,37,8,11,15,11,12,13,Copa del Mundo
E. Martínez,Chelsea FC,Argentina,23,GK,Right,195,34,82,Argentina,52,41,50,51,40,65,36,35,44,58,35,43,34,36,57,51,51,52,52,83,62,61,71,57,72,34,57,52,37,53,45,64,34,37,37,80,78,76,83,85,57,Copa del Mundo
S. Beltrán,CA River Plate,Argentina,27,GK,Left,191,22,75,Argentina,48,33,43,45,34,58,28,27,31,53,26,33,31,31,47,50,47,49,49,68,61,50,60,50,64,33,53,44,26,44,32,56,32,30,34,72,71,63,72,74,53,Copa del Mundo
G. Rulli,Manchester City,Argentina,12,GK,Right,189,34,77,Argentina,42,37,45,43,38,60,30,31,38,49,24,36,29,27,53,39,43,42,50,80,60,60,66,55,65,33,54,43,30,57,34,59,38,37,30,79,72,71,74,77,56,Copa del Mundo
J. Musso,Atlético de Madrid,Argentina,1,GK,Right,193,32,73,Argentina,48,30,40,38,32,58,30,22,31,42,28,27,26,26,46,41,47,48,39,70,56,57,57,49,68,26,46,41,20,48,31,63,31,27,29,72,70,69,74,71,49,Copa del Mundo
L. Martínez,Manchester United,Argentina,6,CB,Left,175,28,81,Argentina,75,64,70,69,82,81,69,62,79,74,58,64,69,64,75,69,71,79,77,80,77,77,76,79,80,57,89,83,59,62,59,82,83,82,84,14,6,8,8,13,15,Copa del Mundo
C. Romero,Atlético de Madrid,Argentina,13,"CB, RB",Right,185,28,82,Argentina,73,64,72,69,87,86,74,60,88,77,52,65,61,59,78,70,75,71,70,79,74,79,90,77,89,63,89,89,56,62,65,80,85,88,81,10,14,6,10,13,12,Copa del Mundo
F. Medina,Bayer 04 Leverkusen,Argentina,25,"CB, CDM",Left,184,27,79,Argentina,71,57,68,70,81,82,63,50,79,77,56,66,59,55,71,74,70,72,70,73,74,73,83,75,84,59,85,74,49,60,58,72,88,80,77,8,6,6,10,10,15,Copa del Mundo
L. Balerdi,AS Roma,Argentina,2,"CB, CDM",Right,188,27,79,Argentina,71,58,67,66,81,83,62,50,81,75,53,61,58,61,69,69,72,70,62,80,65,79,85,74,86,57,84,82,52,58,52,76,82,81,78,12,15,8,7,15,8,Copa del Mundo
V. Gómez,Real Betis Balompié,Argentina,34,CB,Left,181,23,75,Argentina,68,55,64,68,77,77,57,50,77,72,53,64,50,58,69,69,64,71,68,74,69,73,78,68,79,50,81,73,45,59,54,76,79,80,73,14,11,11,15,14,9,Copa del Mundo
T. Palacios,Club Estudiantes de La Plata,Argentina,32,"CB, CDM",Left,196,23,72,Argentina,66,51,59,60,80,77,56,47,84,66,42,60,45,52,61,59,65,66,58,65,54,66,76,64,82,46,81,79,46,52,51,70,81,80,74,12,9,11,8,14,10,Copa del Mundo
R. Vega,Zenit de San Petersburgo,Argentina,33,"LB, LM",Left,177,22,70,Argentina,75,56,65,69,68,68,66,54,64,67,53,65,58,47,71,71,73,77,75,73,71,63,70,75,66,57,66,69,58,60,51,62,70,66,73,10,9,11,12,12,14,Copa del Mundo
N. Tagliafico,Olympique de Lyon,Argentina,3,"LB, RB",Left,172,34,78,Argentina,75,60,74,75,78,74,78,54,70,79,56,74,70,63,75,72,74,75,80,82,81,73,74,79,70,58,78,75,65,64,63,79,82,79,75,14,13,15,14,8,12,Copa del Mundo
A. Giay,SE Palmeiras,Argentina,4,RB,Right,180,22,76,Argentina,78,62,72,74,73,77,77,60,64,77,58,76,67,59,70,72,77,78,74,76,74,67,76,82,75,66,75,70,62,64,55,70,73,75,78,12,11,13,8,10,7,Copa del Mundo
G. Montiel,CA River Plate,Argentina,4,RB,Right,175,29,72,Argentina,74,56,67,71,70,67,73,51,66,70,58,69,59,63,66,73,72,76,75,70,73,65,66,76,61,58,73,71,61,61,57,64,72,66,75,7,13,11,10,11,10,Copa del Mundo
S. Simón,Deportivo Toluca FC,Argentina,26,"RB, RM",Right,178,24,73,Argentina,77,58,68,67,71,74,74,53,61,69,54,64,66,56,66,67,80,75,71,72,73,69,67,82,71,59,71,73,63,67,58,69,73,69,75,10,10,11,11,12,7,Copa del Mundo
E. Fernández,Bayer 04 Leverkusen,Argentina,5,"CDM, CM",Left,178,24,77,Argentina,72,68,75,72,77,83,71,60,71,79,65,70,71,69,80,74,71,72,69,81,72,75,71,85,83,76,83,79,74,72,67,77,78,77,74,14,7,9,14,7,7,Copa del Mundo
E. Fernández,Manchester City,Argentina,24,CM,Right,178,25,90,Argentina,86,81,88,89,82,87,86,76,79,85,84,90,86,80,93,87,87,86,90,87,89,85,80,93,85,89,85,80,85,92,80,87,81,86,82,12,13,6,15,14,6,Copa del Mundo
A. Mac Allister,Liverpool FC,Argentina,20,"CM, CAM",Right,176,27,84,Argentina,81,79,83,85,78,82,79,78,77,85,72,83,76,73,83,88,86,77,84,82,78,81,74,89,79,82,83,79,80,86,79,87,78,77,77,15,11,12,6,6,12,Copa del Mundo
V. Barco,Chelsea FC,Argentina,24,CM,Left,170,22,78,Argentina,76,74,77,79,70,75,77,70,62,78,69,77,75,77,78,82,79,74,76,75,82,81,64,86,70,80,75,75,73,74,70,77,70,69,71,15,8,6,8,8,7,Copa del Mundo
E. Palacios,Ipswich Town,Argentina,14,"CM, CDM",Right,177,28,77,Argentina,75,71,78,79,68,76,73,65,65,83,71,76,76,75,78,81,75,75,82,74,79,79,68,76,75,76,79,70,71,73,68,80,70,69,61,6,13,6,10,10,15,Copa del Mundo
R. De Paul,Inter Miami CF,Argentina,7,CM,Right,178,32,81,Argentina,77,74,81,81,74,80,74,70,68,82,70,76,76,73,84,83,76,77,86,85,83,80,76,80,82,79,76,76,76,89,75,85,77,74,69,13,8,6,14,6,7,Copa del Mundo
N. Paz,Como 1907,Argentina,18,"CAM, CF",Left,185,22,83,Argentina,87,81,86,86,57,78,81,79,71,92,78,90,82,77,82,81,86,87,88,86,88,82,69,82,81,85,68,63,82,87,78,82,58,49,56,7,11,10,13,9,15,Copa del Mundo
G. Lo Celso,Real Betis Balompié,Argentina,11,CAM,Left,177,30,74,Argentina,77,73,78,78,48,64,76,74,63,81,71,73,80,71,70,84,74,79,79,72,78,69,61,73,61,73,61,45,78,83,72,75,48,45,43,15,10,12,11,14,12,Copa del Mundo
N. González,Juventus de Turín,Argentina,15,LW,Left,180,28,79,Argentina,88,78,73,80,48,74,74,79,66,72,73,80,78,70,73,79,85,90,83,78,79,80,73,80,74,77,66,49,79,74,75,75,42,47,47,6,12,8,10,8,9,Copa del Mundo
F. Mastantuono,Fiorentina,Argentina,30,RW,Left,178,19,76,Argentina,82,75,73,80,47,64,72,75,65,75,74,80,74,69,67,83,81,83,79,74,78,79,66,72,62,71,59,48,80,75,68,72,44,45,43,15,7,12,8,9,9,Copa del Mundo
G. Prestianni,SL Benfica,Argentina,16,RW,Right,166,20,80,Argentina,89,79,80,86,49,71,81,80,58,80,80,86,83,77,75,88,90,88,92,75,85,80,64,85,66,76,66,50,84,81,72,77,51,45,48,11,12,14,10,13,12,Copa del Mundo
G. Simeone,Atlético de Madrid,Argentina,17,"RW, RM",Right,174,23,80,Argentina,88,76,76,86,46,73,77,76,67,76,79,86,86,73,73,86,91,86,91,83,82,75,68,86,71,78,62,49,81,74,73,79,43,44,39,12,9,6,7,15,11,Copa del Mundo
M. Soulé,AS Roma,Argentina,28,"RW, ST",Left,182,23,80,Argentina,90,79,81,84,48,74,84,83,72,79,72,86,81,76,78,85,91,89,81,82,81,79,72,79,74,72,67,49,83,83,79,69,48,42,42,7,10,14,7,12,12,Copa del Mundo
L. Messi,Inter Miami CF,Argentina,10,"RW, ST",Left,170,39,83,Argentina,76,82,82,84,53,72,81,80,64,89,80,83,84,72,72,84,78,75,92,84,83,87,73,79,71,82,68,51,82,79,76,85,52,54,45,12,9,13,11,10,12,Copa del Mundo
L. Flores,CA Boca Juniors,Argentina,31,RW,Right,177,19,69,Argentina,79,68,68,74,40,59,69,67,56,73,64,76,71,65,59,76,76,82,76,58,71,72,59,67,57,67,56,43,70,66,66,66,39,35,33,9,11,12,15,9,10,Copa del Mundo
J. Alvarez,Atlético de Madrid,Argentina,9,ST,Right,170,26,89,Argentina,93,89,80,88,55,86,74,90,85,86,89,83,75,87,75,93,94,92,88,88,88,92,84,89,87,81,79,56,94,80,86,95,52,49,48,12,6,6,7,9,11,Copa del Mundo
L. Martínez,Inter de Milán,Argentina,22,"ST, LW",Right,174,29,88,Argentina,90,90,78,88,57,86,74,91,85,84,95,85,77,79,70,92,93,88,93,83,87,92,90,87,87,86,82,57,88,78,89,82,52,54,52,12,9,15,12,6,6,Copa del Mundo
S. Castro,AS Roma,Argentina,29,ST,Right,179,22,77,Argentina,79,79,70,76,43,78,65,82,75,74,78,74,70,70,60,77,81,77,72,78,78,78,76,75,82,72,70,39,80,73,75,80,37,41,43,6,15,11,12,14,15,Copa del Mundo
J. Manuel López,SE Palmeiras,Argentina,21,"ST, LW",Left,190,25,81,Argentina,81,84,71,80,47,81,70,85,83,77,87,81,76,71,60,80,79,82,74,85,69,86,84,79,85,80,75,41,87,69,84,85,45,44,38,7,6,6,10,6,15,Copa del Mundo
Diogo Costa,FC Oporto,Portugal,1,GK,Right,188,27,82,Portugal,63,41,52,48,40,66,38,34,48,59,34,33,36,39,55,52,64,63,60,77,67,71,72,59,74,28,55,49,33,60,42,62,42,32,36,83,81,77,79,84,57,Copa del Mundo
Samuel Soares,SL Benfica,Portugal,22,GK,Right,190,24,74,Portugal,46,33,41,42,32,58,29,25,33,47,24,33,28,32,47,43,46,46,47,66,50,59,61,50,66,30,48,38,20,42,34,55,31,31,27,74,75,71,76,77,56,Copa del Mundo
Rui Silva,Sporting de Lisboa,Portugal,12,GK,Left,191,32,76,Portugal,49,33,44,43,33,61,31,26,36,48,29,35,24,25,51,41,48,50,52,67,56,55,61,50,67,26,59,34,30,53,40,57,30,33,34,81,73,71,79,78,54,Copa del Mundo
Rúben Dias,Manchester City,Portugal,3,"CB, CDM",Right,187,29,85,Portugal,80,64,75,74,88,88,71,58,90,82,55,71,64,66,79,76,75,84,71,82,72,80,88,84,89,63,89,86,58,67,68,83,84,93,83,13,12,12,11,7,11,Copa del Mundo
Tomás Araújo,SL Benfica,Portugal,4,CB,Right,187,24,80,Portugal,76,62,68,70,84,83,60,58,80,78,54,63,58,61,69,74,75,76,74,79,69,76,87,75,85,59,85,85,56,61,60,83,85,86,76,14,7,12,10,6,8,Copa del Mundo
Renato Veiga,Villarreal CF,Portugal,13,"CB, RB",Left,188,23,79,Portugal,76,63,66,70,83,80,64,63,88,73,54,66,58,55,73,73,75,76,67,73,71,75,83,73,81,56,87,85,55,57,66,77,85,78,81,7,6,6,13,9,14,Copa del Mundo
Nuno Mendes,París Saint-Germain,Portugal,19,"LB, RB",Left,180,24,87,Portugal,89,72,82,87,83,86,91,69,78,83,68,85,76,72,84,89,90,88,91,86,85,83,85,90,84,68,86,84,69,73,72,85,84,81,86,9,6,10,9,14,14,Copa del Mundo
Nuno Tavares,SS Lazio,Portugal,5,"LB, RB",Left,183,26,75,Portugal,80,60,69,74,73,75,77,56,70,70,59,71,60,60,68,76,82,78,74,70,77,69,64,78,76,59,71,75,64,66,62,77,73,72,73,7,11,10,14,10,10,Copa del Mundo
Diogo Dalot,Manchester United,Portugal,2,"RB, RM",Right,184,27,83,Portugal,89,68,79,80,80,82,84,63,76,85,67,78,71,75,74,83,89,89,78,81,81,76,80,86,80,69,83,75,69,69,69,87,78,84,84,6,8,9,7,6,15,Copa del Mundo
João Cancelo,FC Barcelona,Portugal,20,RB,Right,182,32,79,Portugal,80,63,72,76,79,81,78,58,69,71,57,73,69,63,75,76,85,76,76,87,79,73,79,88,78,65,81,80,62,71,65,77,82,81,76,12,15,6,14,13,7,Copa del Mundo
Vitinha,París Saint-Germain,Portugal,23,"CDM, CM",Right,170,26,88,Portugal,81,79,84,82,87,87,80,73,83,90,72,78,76,78,85,85,82,81,84,85,85,85,83,90,83,87,92,90,80,81,77,91,86,86,88,14,12,10,6,8,7,Copa del Mundo
Rúben Neves,Al-Hilal SFC,Portugal,21,"CDM, CM",Right,183,29,80,Portugal,75,70,77,78,80,83,69,63,72,82,68,75,71,68,80,83,76,75,75,79,71,79,80,84,82,75,85,83,75,76,66,82,81,81,75,9,7,10,10,14,6,Copa del Mundo
João Palhinha,SL Benfica,Portugal,6,CDM,Right,190,31,80,Portugal,69,70,78,76,84,84,75,64,83,82,62,75,73,71,76,78,71,68,70,82,73,80,81,86,83,76,85,84,74,79,64,86,83,85,80,7,6,6,7,13,14,Copa del Mundo
João Neves,París Saint-Germain,Portugal,15,"CM, CDM",Right,171,22,86,Portugal,82,80,88,86,76,82,81,77,71,92,76,83,80,78,94,88,79,84,88,83,83,85,75,90,80,85,81,77,80,90,80,89,76,78,74,7,10,6,15,8,7,Copa del Mundo
Bruno Fernandes,Manchester United,Portugal,8,"CAM, CM",Right,183,32,85,Portugal,86,84,87,86,58,79,84,80,74,87,84,86,91,78,82,86,87,86,84,94,86,88,72,85,79,87,73,57,89,93,87,87,55,58,51,13,9,9,10,9,11,Copa del Mundo
Bernardo Silva,Real Madrid CF,Portugal,10,"CAM, CF",Left,173,32,81,Portugal,79,78,81,87,53,72,74,77,66,81,80,93,82,81,83,82,80,78,83,85,85,82,70,77,71,75,69,52,83,86,77,82,54,50,49,11,12,10,10,11,6,Copa del Mundo
Rafael Leão,Galatasaray,Portugal,7,"LW, ST",Left,188,27,81,Portugal,87,77,77,82,52,80,80,78,76,81,77,84,79,71,68,82,88,87,79,81,84,75,73,84,83,76,69,53,85,74,74,77,48,48,46,11,7,7,6,13,11,Copa del Mundo
Pedro Neto,Chelsea FC,Portugal,17,RW,Left,174,26,81,Portugal,88,79,79,84,49,74,83,81,67,80,73,85,79,72,71,84,86,89,89,82,83,80,70,76,74,74,70,52,83,79,76,77,45,45,50,14,15,10,11,14,10,Copa del Mundo
Francisco Trincão,Al-Ahli SFC,Portugal,16,"RW, ST",Left,184,26,82,Portugal,86,81,80,81,54,76,85,80,71,83,79,78,81,80,70,85,85,86,87,77,77,83,73,84,76,83,68,55,81,75,77,76,53,52,47,11,14,7,15,14,10,Copa del Mundo
Francisco Conceição,Juventus de Turín,Portugal,14,"RW, ST",Left,166,23,78,Portugal,85,75,77,81,48,68,80,75,63,81,72,79,78,72,68,80,86,85,91,78,87,73,65,86,61,76,63,50,82,75,77,80,46,46,42,14,6,7,12,7,8,Copa del Mundo
João Félix,Al-Nassr FC,Portugal,11,"CAM, CM",Right,179,26,80,Portugal,77,81,80,82,54,72,77,81,79,80,77,84,90,77,77,78,79,75,87,82,83,80,65,78,73,83,65,59,80,84,76,80,50,46,52,9,12,6,12,15,12,Copa del Mundo
Gonçalo Ramos,AC Milan,Portugal,9,ST,Right,185,25,83,Portugal,82,85,72,83,50,81,73,88,89,76,86,85,72,73,65,83,86,79,80,83,80,86,87,78,84,77,76,51,85,70,85,85,46,43,42,12,7,11,6,7,6,Copa del Mundo
Fábio Silva,Borussia Dortmund,Portugal,18,ST,Right,185,24,79,Portugal,81,78,68,78,47,81,68,77,85,71,71,80,73,70,61,78,84,78,75,80,72,80,81,75,84,78,80,47,84,68,77,82,44,39,38,6,13,7,9,8,13,Copa del Mundo
Hugo Souza,SC Corinthians,Brasil,1,GK,Right,199,27,76,Brasil,53,35,42,43,35,60,31,29,36,48,27,30,31,24,46,47,51,54,53,68,61,50,67,49,67,35,52,42,28,47,40,52,37,31,30,78,72,70,76,76,56,Copa del Mundo
Otávio,Cruzeiro Esporte Clube,Brasil,12,GK,Right,192,20,72,Brasil,48,30,41,38,27,55,25,23,27,47,22,25,28,25,49,45,50,47,46,64,51,52,58,45,61,25,54,32,26,47,36,48,25,25,26,72,73,68,73,76,52,Copa del Mundo
Pedro Morisco,Coritiba Foot Ball Club,Brasil,23,GK,Right,191,22,73,Brasil,48,28,40,40,31,55,31,20,32,46,25,25,28,28,41,47,50,47,45,66,55,50,55,45,64,28,45,40,21,44,31,55,29,27,28,72,72,67,72,77,54,Copa del Mundo
Gabriel,Arsenal FC,Brasil,3,"CB, RB",Left,190,28,87,Brasil,81,64,74,74,90,91,71,54,89,83,65,72,67,63,81,73,80,81,71,82,80,83,89,87,95,67,88,91,62,62,69,81,91,93,81,8,6,9,10,8,11,Copa del Mundo
Vitor Reis,Manchester City,Brasil,14,"CB, CDM",Right,186,20,77,Brasil,76,60,66,68,79,80,65,56,85,72,45,63,54,59,71,71,72,79,66,80,67,77,80,79,82,58,78,77,52,59,57,73,77,81,78,15,6,14,9,15,12,Copa del Mundo
Marquinhos,París Saint-Germain,Brasil,4,CB,Right,183,32,82,Brasil,75,64,70,72,87,80,67,61,85,76,57,64,68,62,75,77,72,77,72,83,75,74,84,77,82,62,78,84,62,63,62,88,85,91,88,14,6,11,12,9,12,Copa del Mundo
Arthur Dias,Club Athletico Paranaense,Brasil,15,CB,Left,188,19,72,Brasil,69,51,62,58,77,77,56,46,77,68,50,52,49,57,67,61,68,69,58,75,62,68,73,68,83,47,76,76,48,56,55,64,77,79,74,15,12,12,9,13,8,Copa del Mundo
Jair Cunha,Nottingham Forest,Brasil,24,CB,Both,198,21,76,Brasil,71,55,63,66,80,79,62,45,78,67,55,64,53,51,70,68,69,72,59,72,65,74,85,77,81,61,76,82,48,56,60,79,77,83,80,13,8,10,8,11,6,Copa del Mundo
Mauro Júnior,PSV Eindhoven,Brasil,16,"LB, RB",Left,171,27,77,Brasil,81,67,72,77,76,72,73,61,67,73,61,75,75,61,71,77,78,83,81,79,87,77,75,81,67,71,74,81,65,71,64,75,76,74,84,6,8,12,10,13,8,Copa del Mundo
Douglas Santos,Zenit de San Petersburgo,Brasil,6,LB,Left,173,32,78,Brasil,79,66,77,75,78,76,83,64,74,79,60,75,70,62,80,73,80,79,82,75,79,75,73,83,72,63,77,77,68,70,59,77,78,80,76,11,12,14,7,7,15,Copa del Mundo
Vanderson,AS Mónaco,Brasil,2,RB,Right,173,25,77,Brasil,82,62,71,78,74,75,77,59,64,70,58,76,66,58,75,77,80,84,88,78,86,75,73,78,73,58,79,72,64,69,60,69,72,79,78,6,13,9,8,13,15,Copa del Mundo
Matheuzinho,SC Corinthians,Brasil,13,"RB, RM",Right,171,26,78,Brasil,85,65,73,78,74,77,76,64,65,76,61,80,74,72,68,74,84,85,85,77,87,69,71,82,76,66,77,78,62,68,65,75,70,78,76,13,14,7,12,12,13,Copa del Mundo
Andrey Santos,Manchester United,Brasil,21,"CDM, CM",Right,180,22,79,Brasil,69,67,75,76,80,84,66,62,70,80,59,72,69,73,77,82,72,66,75,76,68,76,78,85,83,70,85,79,76,75,70,76,79,85,79,12,11,9,8,8,11,Copa del Mundo
Martinelli,Fluminense Football Club,Brasil,20,"CDM, CB",Right,176,25,76,Brasil,69,65,74,74,81,80,67,61,74,76,58,74,67,67,74,74,70,69,68,73,74,67,77,79,82,73,76,84,65,79,64,78,80,86,74,14,6,14,7,6,7,Copa del Mundo
Bruno Guimarães,Arsenal FC,Brasil,8,"CM, CAM",Right,182,28,85,Brasil,84,80,86,87,77,82,81,76,73,85,76,89,82,82,89,87,85,84,85,86,86,84,80,84,80,86,83,84,86,93,78,81,74,79,74,15,10,7,10,6,12,Copa del Mundo
Danilo,Botafogo de Futebol e Regatas,Brasil,5,CM,Left,177,25,81,Brasil,80,74,80,81,74,76,75,70,73,80,74,80,83,74,80,82,78,81,82,82,82,81,69,82,74,77,77,75,81,84,68,80,76,72,72,9,14,10,12,9,12,Copa del Mundo
Breno Bidon,SC Corinthians,Brasil,17,"CM, CAM",Left,178,21,76,Brasil,72,71,74,77,67,74,71,66,69,77,69,76,73,74,70,78,75,70,75,75,76,81,71,78,73,76,72,67,68,76,70,76,65,70,65,13,14,10,14,10,13,Copa del Mundo
Douglas Luiz,Juventus de Turín,Brasil,18,CM,Right,177,28,79,Brasil,76,74,78,80,73,77,72,73,69,79,70,82,76,71,88,77,79,73,81,89,77,78,72,81,76,72,77,81,77,75,70,80,71,73,65,6,14,7,12,8,11,Copa del Mundo
Gabriel Bontempo,Santos FC,Brasil,25,"CM, CDM",Right,181,21,75,Brasil,76,70,75,75,68,74,65,66,64,78,65,72,70,67,87,79,77,75,75,79,77,72,66,79,74,79,69,72,72,76,71,74,66,70,66,8,8,8,8,6,6,Copa del Mundo
Vinicius Junior,Real Madrid CF,Brasil,7,"LW, ST",Left,176,26,86,Brasil,94,84,84,89,55,80,89,85,78,86,84,89,85,84,77,90,95,93,92,79,89,84,75,90,79,82,70,53,89,79,84,85,55,48,56,7,12,13,13,12,12,Copa del Mundo
Samuel Lino,CR Flamengo,Brasil,22,"LW, LM",Left,177,26,77,Brasil,83,79,74,78,47,70,77,82,67,75,77,81,74,70,70,76,85,82,78,79,81,79,67,79,70,73,58,50,76,73,74,74,45,42,41,12,6,9,8,9,15,Copa del Mundo
Estêvão,Chelsea FC,Brasil,11,RW,Left,178,19,81,Brasil,90,78,78,85,51,74,76,78,73,85,79,87,81,76,71,85,89,91,86,83,85,80,72,80,75,76,64,54,83,72,79,73,48,48,45,8,6,8,11,12,12,Copa del Mundo
Rayan,AFC Bournemouth,Brasil,26,"RW, RM",Left,187,20,79,Brasil,91,77,75,82,49,72,79,78,69,75,73,81,82,73,71,84,94,88,87,75,77,76,70,80,70,77,65,51,86,72,70,70,46,45,42,9,12,10,6,12,15,Copa del Mundo
Raphinha,FC Barcelona,Brasil,10,"ST, LW",Left,176,29,85,Brasil,85,84,76,85,53,82,77,88,82,81,84,84,74,76,67,83,81,88,89,89,88,82,79,80,88,74,72,52,85,72,88,85,49,49,46,15,14,8,12,8,13,Copa del Mundo
Endrick,Real Madrid CF,Brasil,9,ST,Left,172,20,77,Brasil,79,78,68,76,42,77,68,77,73,71,73,76,74,63,63,75,77,81,79,79,83,80,78,77,76,76,78,40,84,67,77,75,39,37,37,12,10,11,11,9,11,Copa del Mundo
Pedro,CR Flamengo,Brasil,19,ST,Right,185,29,78,Brasil,79,80,67,76,44,80,60,80,79,68,75,75,76,70,67,77,76,81,75,80,75,82,86,74,86,77,72,47,80,70,79,73,42,36,38,12,12,12,13,12,14,Copa del Mundo
B. Verbruggen,Brighton & Hove Albion,Países Bajos,1,GK,Right,193,24,80,Países Bajos,57,39,50,46,40,63,39,35,41,56,29,31,37,38,52,52,55,58,54,73,56,62,75,57,68,32,55,43,31,55,37,61,40,37,40,80,78,77,81,83,58,Copa del Mundo
R. Roefs,Sunderland AFC,Países Bajos,13,GK,Left,193,23,78,Países Bajos,53,34,45,45,36,62,33,26,36,52,31,35,36,33,48,47,55,52,52,72,60,60,68,54,68,27,53,42,29,48,37,58,37,33,29,75,76,83,75,83,60,Copa del Mundo
M. Flekken,Bayer 04 Leverkusen,Países Bajos,23,GK,Both,195,33,78,Países Bajos,52,36,46,44,35,61,33,27,36,51,34,34,37,38,47,44,50,53,54,75,54,62,62,55,66,30,56,40,34,54,41,60,34,32,33,76,76,71,79,82,58,Copa del Mundo
M. van de Ven,Tottenham Hotspur,Países Bajos,15,CB,Left,193,25,83,Países Bajos,78,64,73,73,88,85,65,58,89,83,51,66,68,64,77,81,73,83,70,81,67,85,89,81,87,62,84,90,55,63,68,85,89,86,84,14,9,13,13,6,13,Copa del Mundo
V. van Dijk,Liverpool FC,Países Bajos,4,CB,Right,195,35,82,Países Bajos,71,61,73,72,85,86,68,59,89,81,57,71,62,59,72,74,68,73,62,82,70,74,88,82,87,56,88,82,53,69,61,83,85,86,87,7,13,6,11,7,13,Copa del Mundo
N. Aké,Fenerbahce,Países Bajos,5,"CB, RB",Left,180,31,78,Países Bajos,68,60,64,66,83,81,61,57,77,68,56,59,56,61,70,68,69,68,70,76,72,70,77,76,85,59,78,86,59,59,66,80,85,80,83,6,6,9,10,9,7,Copa del Mundo
J. Hato,Chelsea FC,Países Bajos,3,"LB, LM",Left,182,20,77,Países Bajos,85,64,73,72,77,76,78,60,73,77,58,69,68,69,71,74,82,87,80,73,76,71,77,79,75,69,76,76,69,66,60,64,78,80,74,7,10,14,11,7,6,Copa del Mundo
J. Timber,Arsenal FC,Países Bajos,12,RB,Right,179,25,85,Países Bajos,86,70,80,80,85,82,86,64,83,82,70,79,82,72,78,78,84,88,84,81,82,75,83,90,77,79,84,89,74,74,72,82,82,87,84,15,12,8,12,7,6,Copa del Mundo
J. Frimpong,Liverpool FC,Países Bajos,2,RB,Right,172,25,83,Países Bajos,89,68,80,83,83,80,87,67,72,83,61,81,79,69,75,82,87,90,86,91,91,76,81,87,77,63,81,87,74,73,70,75,88,81,79,9,13,8,13,12,13,Copa del Mundo
D. Dumfries,Real Madrid CF,Países Bajos,22,RB,Right,188,30,84,Países Bajos,87,71,80,84,83,84,85,69,82,82,69,83,74,66,79,89,90,84,81,76,77,77,88,89,82,70,81,85,70,76,65,81,83,81,89,10,13,6,6,7,9,Copa del Mundo
R. Gravenberch,Liverpool FC,Países Bajos,8,"CDM, CB",Right,190,24,87,Países Bajos,84,78,86,81,88,90,75,72,90,92,70,82,79,75,90,81,86,82,75,88,77,86,88,89,91,86,87,91,79,86,77,88,88,87,88,11,13,8,9,8,13,Copa del Mundo
T. Koopmeiners,Juventus de Turín,Países Bajos,20,"CDM, CB",Left,185,28,76,Países Bajos,72,67,74,71,76,77,64,63,77,81,60,67,66,68,81,73,70,73,70,79,70,75,72,80,78,72,74,73,69,70,64,75,75,79,71,6,12,13,6,6,15,Copa del Mundo
T. Reijnders,Al-Qadsiah FC,Países Bajos,14,CM,Right,178,28,82,Países Bajos,80,79,84,84,74,79,76,78,73,87,74,86,80,78,87,84,78,81,82,82,84,82,76,80,78,80,83,80,79,87,73,84,75,70,72,13,14,8,12,12,11,Copa del Mundo
Q. Timber,Crystal Palace,Países Bajos,6,"CM, CAM",Right,176,25,78,Países Bajos,73,74,77,77,73,77,78,72,72,82,65,74,73,69,73,80,71,75,74,81,76,72,70,81,78,82,70,74,78,71,72,75,72,75,65,7,12,11,10,11,11,Copa del Mundo
J. Veerman,Borussia Dortmund,Países Bajos,18,"CM, CAM",Right,185,27,79,Países Bajos,70,74,80,81,71,78,76,70,74,84,69,79,77,75,78,84,72,69,74,86,78,77,71,78,77,83,80,70,76,83,69,79,73,69,71,13,15,7,14,9,6,Copa del Mundo
K. Taylor,SS Lazio,Países Bajos,19,"CM, CAM",Left,182,24,82,Países Bajos,80,77,80,84,75,79,80,71,73,80,73,87,79,79,78,81,79,80,85,79,84,84,74,78,80,81,81,74,82,82,77,84,79,74,73,13,6,6,6,10,9,Copa del Mundo
G. Zechiël,Feyenoord,Países Bajos,21,"CM, CDM",Right,180,22,75,Países Bajos,75,72,75,75,67,70,73,71,63,77,60,72,74,69,74,77,72,77,74,83,78,75,64,74,66,75,78,67,75,74,67,71,69,67,63,8,8,15,10,9,12,Copa del Mundo
G. Til,PSV Eindhoven,Países Bajos,16,"CAM, CF",Right,188,28,79,Países Bajos,80,78,80,82,54,72,75,78,72,80,75,85,80,72,74,81,78,81,79,76,77,76,69,73,75,79,66,56,82,91,78,82,49,51,52,6,11,6,15,8,13,Copa del Mundo
C. Summerville,Al-Hilal SFC,Países Bajos,7,"LW, LM",Left,172,24,82,Países Bajos,91,80,80,86,49,73,80,80,66,79,80,85,82,76,76,88,92,91,89,83,90,79,67,82,71,78,66,52,87,86,81,79,48,45,45,10,10,8,15,6,8,Copa del Mundo
N. Lang,SSC Nápoles,Países Bajos,10,LW,Left,176,27,77,Países Bajos,79,75,76,80,46,69,75,76,65,77,70,80,79,74,67,81,81,77,80,72,86,75,67,77,66,76,66,51,78,80,70,75,42,42,45,11,15,11,6,14,10,Copa del Mundo
R. van Bommel,PSV Eindhoven,Países Bajos,11,"LW, ST",Left,192,22,75,Países Bajos,81,74,71,77,46,70,73,75,63,75,75,78,74,63,65,79,80,82,74,76,71,73,71,71,72,71,65,51,78,70,72,74,46,42,35,7,14,15,8,8,8,Copa del Mundo
J. Zirkzee,Manchester United,Países Bajos,9,ST,Right,193,25,78,Países Bajos,81,80,69,74,47,82,68,77,85,72,77,73,75,67,66,75,79,83,73,81,72,85,81,74,89,80,74,40,82,66,81,82,45,43,37,6,11,10,15,13,14,Copa del Mundo
M. Meerdink,AZ Alkmaar,Países Bajos,17,ST,Left,182,23,75,Países Bajos,77,76,65,73,41,72,60,78,71,72,72,72,70,60,61,75,77,77,74,80,69,72,78,69,74,74,71,33,78,62,77,71,41,41,30,14,6,15,7,13,14,Copa del Mundo
S. Tangvik,Hamburgo SV,Noruega,,GK,Right,193,23,69,Noruega,46,27,38,36,26,51,24,16,27,46,22,20,19,18,37,43,49,44,48,62,51,49,58,42,56,31,46,38,20,48,27,50,27,18,23,71,68,61,65,70,45,Copa del Mundo
E. Selvik,Stade Brestois 29,Noruega,,GK,Left,193,29,69,Noruega,46,27,33,34,28,52,19,24,26,40,22,22,23,23,36,37,49,44,44,58,50,45,51,40,59,22,48,37,15,39,28,45,30,22,25,69,68,64,70,70,47,Copa del Mundo
Ø. Nyland,RB Leipzig,Noruega,,GK,Right,192,36,68,Noruega,39,27,36,34,24,53,23,20,29,41,18,20,25,24,34,40,36,41,39,67,44,50,58,41,62,22,45,31,14,46,31,49,21,22,24,65,69,59,67,74,46,Copa del Mundo
K. Ajer,Brentford FC,Noruega,,"CB, RB",Right,198,28,79,Noruega,71,57,66,68,85,86,62,48,87,72,50,65,61,61,70,70,70,72,62,78,65,69,87,77,91,64,84,82,56,61,62,75,85,87,83,8,6,15,12,12,12,Copa del Mundo
T. Heggem,Bolonia,Noruega,,"CB, RB",Left,192,27,76,Noruega,72,56,64,66,79,80,64,51,87,71,56,62,52,53,68,68,70,73,64,74,67,69,83,72,83,55,80,78,56,53,52,77,75,81,83,8,11,11,8,9,10,Copa del Mundo
L. Østigård,Genoa CFC,Noruega,,CB,Right,183,26,73,Noruega,66,53,61,61,79,73,60,45,74,68,46,59,49,46,64,61,66,66,61,69,64,74,78,70,73,51,76,79,50,52,51,67,83,79,71,8,12,9,8,13,12,Copa del Mundo
S. Langås,Derby County,Noruega,,"CB, RB",Right,190,25,72,Noruega,65,55,59,62,74,78,51,50,77,69,48,59,55,53,63,64,62,67,61,70,64,71,73,71,84,54,74,73,48,47,48,64,75,75,70,12,14,7,11,15,15,Copa del Mundo
O. Bjørtuft,FK Bodø/Glimt,Noruega,,"CB, CDM",Right,188,27,72,Noruega,65,50,60,60,74,75,61,43,76,68,49,55,58,50,60,62,66,64,63,74,59,66,76,68,79,50,75,73,46,50,52,68,72,78,71,7,14,11,11,6,7,Copa del Mundo
D. Møller Wolfe,Hamburgo SV,Noruega,,LB,Left,185,24,77,Noruega,81,63,74,75,74,76,78,59,68,82,57,77,67,64,73,71,85,78,77,73,74,73,73,79,75,64,73,77,65,63,60,79,72,74,79,9,6,8,10,15,10,Copa del Mundo
J. Ryerson,Borussia Dortmund,Noruega,,RB,Right,183,28,77,Noruega,82,64,72,76,77,77,77,61,71,75,56,77,71,63,75,77,80,83,75,74,77,73,78,82,75,65,75,76,64,62,63,72,81,76,74,12,6,15,13,11,9,Copa del Mundo
F. Sjøvold,FK Bodø/Glimt,Noruega,,"RB, LB",Right,174,23,74,Noruega,85,57,69,70,70,72,76,53,69,70,59,70,63,57,70,65,79,90,82,70,73,67,70,79,71,56,68,71,63,65,56,69,70,69,75,13,11,8,8,14,6,Copa del Mundo
M. Pedersen,Olympiacos El Pireo,Noruega,,"RB, RM",Right,184,26,73,Noruega,76,58,67,71,72,72,75,53,70,64,52,69,63,54,69,72,74,78,74,70,70,67,68,72,72,61,71,74,58,65,58,70,69,73,77,14,6,8,8,13,9,Copa del Mundo
S. Berge,Fulham FC,Noruega,,CDM,Right,195,28,79,Noruega,70,73,75,73,82,83,67,72,77,79,66,70,65,69,80,78,71,70,69,73,71,79,84,80,84,74,86,85,68,77,69,81,80,83,82,6,13,13,7,12,15,Copa del Mundo
P. Berg,FK Bodø/Glimt,Noruega,,CDM,Right,178,28,75,Noruega,66,63,70,70,74,79,65,58,72,75,55,65,71,64,71,74,59,71,73,73,74,74,73,82,79,65,78,73,67,68,59,76,71,76,76,7,7,9,14,15,6,Copa del Mundo
F. Aursnes,SL Benfica,Noruega,,"CM, CDM",Right,181,30,79,Noruega,76,73,81,81,71,76,73,68,75,85,67,80,79,74,83,83,76,76,77,81,78,77,76,79,77,79,68,72,76,82,72,82,66,74,70,11,10,12,15,13,10,Copa del Mundo
K. Thorstvedt,US Sassuolo,Noruega,,CM,Left,189,27,75,Noruega,72,71,75,74,70,76,75,66,71,74,69,75,73,70,77,73,75,69,69,71,75,79,70,76,78,75,72,68,75,76,70,80,71,73,65,7,9,8,9,12,12,Copa del Mundo
M. Ødegaard,Arsenal FC,Noruega,,"CAM, CM",Left,178,27,88,Noruega,87,88,90,90,61,82,88,89,75,89,89,93,93,82,89,89,86,88,92,87,89,84,81,91,83,92,69,61,82,95,85,83,58,60,61,10,14,13,7,15,13,Copa del Mundo
T. Aasgaard,RSC Anderlecht,Noruega,,"CAM, CM",Right,188,24,71,Noruega,70,74,73,77,47,66,69,76,60,73,69,79,71,70,75,79,71,69,68,77,71,73,67,71,67,72,56,53,75,75,68,72,40,47,40,14,8,7,15,14,13,Copa del Mundo
A. Nusa,RB Leipzig,Noruega,,"LW, LM",Left,183,21,80,Noruega,88,80,80,82,50,79,81,83,72,81,74,81,80,76,72,86,89,88,78,78,75,80,69,83,84,73,63,52,80,82,81,77,54,41,44,9,12,6,11,10,9,Copa del Mundo
A. Schjelderup,SL Benfica,Noruega,,LW,Left,177,22,81,Noruega,89,81,82,86,50,71,85,80,70,85,77,84,83,81,73,91,92,87,86,77,80,83,71,78,71,82,63,54,84,82,77,82,45,45,50,12,13,11,8,10,11,Copa del Mundo
O. Bobb,Fulham FC,Noruega,,RW,Left,177,23,79,Noruega,86,78,76,82,47,70,79,79,63,79,78,86,77,67,71,80,83,88,81,81,83,74,76,74,68,77,66,49,78,74,80,76,44,44,43,15,12,9,15,8,11,Copa del Mundo
O. Didrik Blomberg,FK Bodø/Glimt,Noruega,,RW,Right,177,26,70,Noruega,75,69,67,70,40,66,68,66,56,64,69,72,71,66,63,67,73,76,72,72,79,74,63,70,67,69,57,43,72,72,66,67,36,37,35,8,6,15,11,6,15,Copa del Mundo
E. Haaland,Manchester City,Noruega,,ST,Left,195,26,93,Noruega,94,93,82,90,61,89,76,95,95,87,95,88,84,83,78,95,92,95,86,91,77,95,95,87,92,86,84,61,95,80,93,90,57,56,56,9,14,10,14,12,15,Copa del Mundo
J. Strand Larsen,Crystal Palace,Noruega,,"ST, CF",Right,193,26,82,Noruega,88,83,73,81,48,82,71,84,88,78,78,78,76,70,63,85,87,88,81,85,74,88,81,79,87,75,72,43,89,76,84,86,46,44,40,8,13,12,14,12,8,Copa del Mundo
E. Botheim,Viking FK,Noruega,,ST,Both,187,26,70,Noruega,70,72,61,67,38,70,59,75,69,66,66,65,62,62,54,69,67,72,68,65,68,70,66,65,75,66,65,42,75,58,77,69,36,32,25,15,12,6,15,14,12,Copa del Mundo
Y. Bounou,Al-Hilal SFC,Marruecos,1,GK,Left,192,35,72,Marruecos,42,30,41,42,29,55,26,24,32,47,23,34,25,29,43,44,40,44,50,71,50,52,57,51,61,25,45,34,18,50,35,49,29,27,26,72,70,63,70,74,49,Copa del Mundo
A. Reda Tagnaouti,AS FAR Rabat,Marruecos,22,GK,Right,194,30,67,Marruecos,45,23,34,33,24,48,20,14,31,41,19,22,23,25,36,36,46,44,41,53,54,41,55,42,53,28,41,33,17,38,24,52,20,19,23,69,66,59,71,67,46,Copa del Mundo
A. Bellaarouch,FC Dinamo 1948,Marruecos,31,GK,Right,189,24,65,Marruecos,40,22,35,32,20,51,19,16,25,47,18,21,15,24,36,35,43,38,41,58,42,41,54,44,61,19,35,30,16,39,20,43,18,15,17,66,62,58,66,65,46,Copa del Mundo
M. El Kajoui,Renaissance de Berkane,Marruecos,12,GK,Right,190,37,72,Marruecos,37,30,44,37,30,53,26,24,34,50,21,25,27,29,48,40,34,40,43,67,50,52,61,47,58,26,44,35,20,54,35,54,26,30,23,73,67,65,73,74,46,Copa del Mundo
A. Ait Boudlal,Stade Rennais FC,Marruecos,27,"CB, RB",Right,190,20,75,Marruecos,73,53,62,64,77,78,60,47,79,69,49,61,48,55,67,67,70,75,59,72,64,69,79,71,80,53,79,76,52,51,48,73,77,77,79,13,9,6,8,7,9,Copa del Mundo
N. Aguerd,Olympique de Marsella,Marruecos,5,CB,Left,190,30,78,Marruecos,75,56,66,66,79,86,62,49,83,75,51,60,62,60,65,72,74,75,65,72,64,71,81,77,92,57,82,80,49,57,58,79,78,78,80,11,6,14,13,15,14,Copa del Mundo
I. Diop,Ipswich Town,Marruecos,14,CB,Right,194,29,77,Marruecos,69,58,62,62,81,81,62,53,82,64,57,58,57,52,70,61,68,70,60,79,66,72,86,74,86,58,76,80,59,54,57,79,81,80,82,7,10,15,7,14,14,Copa del Mundo
R. Halhal,Venezia FC,Marruecos,25,"CB, RB",Right,189,23,70,Marruecos,66,51,57,59,77,76,57,48,75,62,42,55,44,49,63,64,64,67,57,66,51,65,79,70,79,49,74,73,50,51,48,67,79,77,78,11,6,7,10,11,10,Copa del Mundo
M. Saadane,Al-Fateh SC,Marruecos,4,CB,Right,187,34,66,Marruecos,61,48,54,59,68,69,49,43,69,60,42,56,42,47,59,62,58,64,54,67,50,60,72,57,72,48,74,70,44,49,45,68,64,72,62,6,6,11,10,11,10,Copa del Mundo
A. Salah-Eddine,Panathinaikos,Marruecos,26,"LB, LM",Left,181,24,75,Marruecos,80,60,71,73,73,74,73,57,68,70,62,70,67,61,75,76,80,80,77,68,72,69,73,79,72,59,73,76,61,69,57,76,72,72,76,12,14,8,12,14,12,Copa del Mundo
A. Hakimi,París Saint-Germain,Marruecos,2,"RB, RM",Right,180,27,86,Marruecos,90,72,83,85,85,86,83,69,75,90,72,86,78,77,81,83,87,93,85,83,92,78,85,92,84,74,83,86,70,73,68,83,84,87,86,8,10,13,7,6,11,Copa del Mundo
N. Mazraoui,Manchester United,Marruecos,3,"RB, RM",Right,183,28,76,Marruecos,81,62,69,75,74,76,72,58,76,69,55,71,70,62,75,80,79,83,77,81,72,72,72,83,77,60,67,73,66,65,61,73,70,76,77,13,14,15,15,14,9,Copa del Mundo
Z. El Ouahdi,Hamburgo SV,Marruecos,13,RB,Right,171,24,77,Marruecos,80,62,72,73,78,74,80,58,69,72,56,68,73,62,77,74,84,77,81,78,81,72,69,86,71,63,70,78,62,65,61,72,76,84,79,13,7,7,14,8,6,Copa del Mundo
A. Maamar,RSC Anderlecht,Marruecos,28,RB,Right,182,21,64,Marruecos,69,50,61,63,59,65,70,49,53,63,48,63,55,50,59,64,69,69,57,63,62,57,61,66,64,47,68,58,50,55,54,61,60,61,59,11,12,15,15,14,13,Copa del Mundo
A. Bouaddi,Manchester City,Marruecos,6,CDM,Right,185,19,80,Marruecos,74,70,75,75,80,84,70,67,75,80,63,73,74,67,76,78,72,76,70,81,75,72,79,79,89,78,80,83,76,75,67,77,77,85,76,15,7,15,14,9,6,Copa del Mundo
O. Targhalline,Feyenoord,Marruecos,18,CDM,Right,186,24,77,Marruecos,70,67,72,74,78,82,67,64,78,75,62,72,70,62,80,75,69,71,74,81,67,73,76,78,86,70,76,78,69,71,61,79,81,76,77,10,6,14,7,12,8,Copa del Mundo
N. El Aynaoui,RB Leipzig,Marruecos,24,CM,Right,185,25,79,Marruecos,76,77,80,80,71,80,72,76,70,83,67,80,81,75,83,81,75,77,76,84,78,86,72,83,81,76,74,74,75,83,71,85,70,71,72,12,12,9,14,6,8,Copa del Mundo
S. El Mourabet,Racing Club de Estrasburgo,Marruecos,15,"CM, CDM",Left,187,21,77,Marruecos,74,72,77,78,69,79,76,68,74,77,72,76,72,69,82,78,75,73,84,79,73,79,73,87,78,73,72,69,71,76,70,79,66,70,69,12,8,10,10,7,7,Copa del Mundo
A. Ounahi,Panathinaikos,Marruecos,8,"CM, CAM",Right,182,26,76,Marruecos,74,71,76,77,68,73,71,68,72,79,64,78,68,72,78,78,76,72,72,78,70,76,68,75,73,74,71,72,71,77,71,79,69,66,60,13,15,7,9,14,9,Copa del Mundo
S. El-Faouzi,FC Schalke 04,Marruecos,19,CM,Right,178,24,75,Marruecos,72,72,74,74,65,73,69,69,62,73,64,77,70,73,78,70,70,73,72,84,73,74,65,81,71,77,71,70,76,79,73,81,63,66,61,7,9,14,14,9,6,Copa del Mundo
I. Saibari,Bayern Múnich,Marruecos,11,"CAM, CM",Right,185,25,84,Marruecos,84,82,86,90,58,77,81,79,67,87,78,92,86,83,87,92,81,86,85,81,84,85,80,80,78,86,70,61,87,89,83,88,55,59,52,7,8,7,10,13,7,Copa del Mundo
B. El Khannouss,VfB Stuttgart,Marruecos,23,"CAM, CF",Right,180,22,78,Marruecos,80,78,79,86,51,72,71,78,70,83,72,87,81,75,76,90,82,79,80,79,78,82,67,77,71,75,67,53,81,85,77,77,47,48,49,6,15,15,11,9,7,Copa del Mundo
A. Ouazane,Ajax Amsterdam U21,Marruecos,20,"CAM, CM",Right,184,17,66,Marruecos,72,64,68,73,42,56,65,65,56,69,65,73,65,69,70,76,71,72,68,64,70,64,55,63,56,64,50,45,67,68,58,65,37,41,35,11,14,14,12,9,10,Copa del Mundo
A. Ezzalzouli,Real Betis Balompié,Marruecos,17,LW,Left,177,24,81,Marruecos,87,76,78,85,52,76,83,73,66,77,72,88,82,71,73,83,89,86,92,80,80,79,76,85,74,81,72,49,83,80,74,79,54,46,51,7,6,6,9,13,11,Copa del Mundo
B. Díaz,Real Madrid CF,Marruecos,10,"RW, ST",Both,170,27,82,Marruecos,94,79,77,86,50,76,79,81,66,78,75,90,80,72,72,81,95,94,92,80,87,76,68,85,74,79,71,52,89,79,70,80,49,45,48,12,14,15,14,15,12,Copa del Mundo
G. Yassine,Racing Club de Estrasburgo,Marruecos,16,"RW, RM",Left,172,20,77,Marruecos,84,76,72,80,47,69,76,73,66,71,73,84,75,70,71,77,85,83,81,76,80,82,72,73,70,76,62,50,79,72,72,73,45,44,38,14,15,10,11,7,14,Copa del Mundo
I. Akhomach,Villarreal CF,Marruecos,7,"RW, RM",Left,175,22,75,Marruecos,83,73,72,79,45,68,74,74,59,74,77,80,75,74,68,78,84,83,83,75,82,74,70,78,67,70,56,41,77,69,70,76,45,44,40,15,6,14,6,6,11,Copa del Mundo
Y. Zabiri,Real Racing Club,Marruecos,21,ST,Left,182,21,75,Marruecos,79,80,65,72,46,71,63,86,77,70,78,68,66,65,56,75,78,79,71,76,70,75,75,66,76,76,66,38,78,66,67,77,48,39,42,11,13,15,14,15,8,Copa del Mundo
T. Bentayeb,RSC Anderlecht,Marruecos,29,ST,Left,180,24,75,Marruecos,77,76,65,72,42,75,64,74,71,69,75,71,68,66,62,70,78,77,75,75,74,85,72,74,79,74,65,40,81,62,72,75,43,33,38,11,9,7,9,10,15,Copa del Mundo
S. Rahimi,Al-Ain FC,Marruecos,9,ST,Right,180,30,74,Marruecos,78,72,63,74,40,73,64,73,74,63,75,71,67,61,58,78,79,77,68,78,75,76,76,72,76,64,67,32,78,67,78,77,40,36,33,12,6,9,12,10,11,Copa del Mundo
S. Lammens,Manchester United,Bélgica,1,GK,Right,193,24,80,Bélgica,55,39,50,45,37,62,37,32,42,54,38,33,38,37,56,48,54,56,55,73,57,61,67,55,69,34,54,37,27,57,40,62,35,37,37,80,78,77,77,82,58,Copa del Mundo
M. Penders,Chelsea FC,Bélgica,13,GK,Left,200,21,75,Bélgica,47,30,45,44,33,57,37,20,31,49,22,32,28,29,48,50,50,45,50,73,58,54,59,50,66,31,45,41,27,51,35,52,33,30,29,77,75,69,75,75,56,Copa del Mundo
M. Vandevoordt,RB Leipzig,Bélgica,12,GK,Right,192,24,77,Bélgica,54,34,44,47,34,62,28,25,39,54,27,35,37,28,44,51,48,58,52,75,59,56,65,55,69,33,50,44,29,50,39,66,30,30,34,80,77,73,80,84,60,Copa del Mundo
J. De Busser,AZ Alkmaar,Bélgica,,GK,Right,190,26,74,Bélgica,48,30,42,38,32,56,31,22,37,44,27,22,29,25,46,42,48,48,52,71,59,55,62,49,62,26,50,37,22,52,39,51,23,34,34,71,74,68,72,76,52,Copa del Mundo
K. De Winter,AC Milan,Bélgica,,"CB, CDM",Right,191,24,81,Bélgica,78,59,71,70,86,85,66,52,87,80,54,67,62,60,69,74,74,81,61,78,66,76,87,73,91,55,86,81,56,65,68,83,86,89,83,8,15,14,8,13,14,Copa del Mundo
Z. Debast,Sporting de Lisboa,Bélgica,2,"CB, CDM",Right,191,22,78,Bélgica,75,59,66,67,81,82,66,55,83,70,55,59,52,58,70,74,74,76,67,76,64,71,77,72,89,59,80,82,53,61,53,68,80,80,81,10,7,10,14,9,13,Copa del Mundo
N. Ngoy,LOSC Lille,Bélgica,15,"CB, RB",Right,183,23,79,Bélgica,74,57,69,68,82,79,64,51,82,78,60,64,62,62,71,69,72,75,69,78,72,72,75,76,81,57,81,82,54,60,58,72,81,83,79,14,11,13,9,7,9,Copa del Mundo
A. Theate,Bolonia,Bélgica,3,"CB, RB",Left,185,26,78,Bélgica,73,60,67,66,79,81,62,56,83,77,56,62,56,62,69,67,71,75,65,79,71,72,79,75,85,59,81,79,58,58,59,78,81,78,75,9,12,11,12,12,6,Copa del Mundo
B. Mechele,Club Brujas KV,Bélgica,4,"CB, RB",Right,190,33,75,Bélgica,62,54,62,63,76,77,59,48,78,69,51,59,51,58,65,63,58,66,62,72,64,69,83,69,81,51,77,72,49,54,61,80,77,76,75,13,8,6,6,11,10,Copa del Mundo
M. De Cuyper,Brighton & Hove Albion,Bélgica,5,"LB, RB",Left,182,25,81,Bélgica,87,69,79,79,77,78,82,68,76,83,60,79,77,69,78,77,86,87,80,85,80,76,77,81,77,66,76,82,73,74,66,79,72,78,79,10,11,8,7,8,8,Copa del Mundo
J. Seys,Club Brujas KV,Bélgica,18,LB,Left,178,21,74,Bélgica,81,60,70,70,71,73,73,56,65,72,60,72,66,56,72,66,82,80,74,67,77,69,71,74,73,60,70,73,60,67,63,70,71,72,70,11,7,6,9,11,11,Copa del Mundo
K. Sabbe,Club Brujas KV,Bélgica,16,RB,Right,175,21,72,Bélgica,77,55,67,69,67,68,69,49,62,68,55,69,62,63,72,65,74,79,78,72,75,67,63,76,65,56,67,65,63,63,50,70,69,66,77,12,10,7,14,14,15,Copa del Mundo
T. Castagne,Fulham FC,Bélgica,21,"RB, RM",Right,185,30,77,Bélgica,84,66,71,71,72,78,78,62,69,74,60,72,71,58,72,66,81,86,80,74,77,75,75,80,78,67,76,76,68,63,61,72,65,77,78,7,8,10,12,8,9,Copa del Mundo
R. Lavia,Chelsea FC,Bélgica,6,"CDM, CM",Right,181,22,78,Bélgica,72,68,74,73,78,79,68,61,72,78,60,71,67,68,78,76,74,71,69,78,68,77,72,80,78,72,83,82,72,71,73,72,77,77,83,14,14,6,7,9,8,Copa del Mundo
M. Keita,Parma,Bélgica,8,CDM,Right,180,24,77,Bélgica,72,68,76,72,75,77,65,61,75,86,67,68,67,66,75,77,72,72,65,76,75,79,82,80,73,72,81,74,70,77,66,75,73,78,77,6,9,7,13,14,12,Copa del Mundo
N. Raskin,Rangers FC,Bélgica,23,"CDM, CM",Right,178,25,75,Bélgica,72,65,74,69,76,79,59,60,74,82,54,67,67,64,79,70,70,74,71,72,68,71,75,81,78,72,80,77,66,78,63,76,77,77,74,6,15,6,9,10,14,Copa del Mundo
Y. Tielemans,Manchester United,Bélgica,,CM,Right,176,29,83,Bélgica,81,75,85,84,75,81,85,69,73,86,65,86,83,75,87,83,83,80,82,80,84,82,78,85,82,82,76,79,80,86,71,86,71,77,73,6,13,15,7,11,14,Copa del Mundo
D. Moreira,AC Milan,Bélgica,19,"LM, RM",Left,179,22,80,Bélgica,84,80,80,78,61,75,84,81,67,78,74,80,85,74,78,73,80,88,87,82,85,83,69,84,73,77,68,63,76,82,74,75,59,63,54,11,9,6,10,9,11,Copa del Mundo
C. De Ketelaere,Atalanta de Bérgamo,Bélgica,17,"CAM, CM",Left,192,25,82,Bélgica,80,82,83,82,54,77,78,84,77,85,77,84,81,85,78,81,81,80,79,81,81,82,70,78,80,81,71,57,82,88,83,91,53,47,49,12,14,7,10,14,8,Copa del Mundo
K. De Bruyne,SSC Nápoles,Bélgica,,CAM,Right,181,35,78,Bélgica,69,75,78,80,52,72,73,75,61,79,69,78,79,74,74,83,68,69,77,81,76,73,68,77,72,76,65,56,80,87,77,81,53,49,45,7,13,8,12,6,8,Copa del Mundo
H. Vanaken,Club Brujas KV,Bélgica,20,"CAM, CM",Right,195,34,77,Bélgica,74,76,76,82,53,75,76,75,72,73,75,85,81,69,77,84,77,71,73,77,68,76,78,73,80,79,64,52,77,82,80,78,49,54,44,12,11,9,15,15,6,Copa del Mundo
M. Godts,París Saint-Germain,Bélgica,7,LW,Left,176,21,80,Bélgica,82,80,77,81,52,72,83,85,67,76,75,77,77,74,70,82,83,82,93,82,86,77,70,81,70,75,67,49,74,77,78,72,49,51,51,8,11,15,15,9,7,Copa del Mundo
M. Fofana,Sunderland AFC,Bélgica,,"LW, LM",Left,169,21,77,Bélgica,84,77,75,81,47,71,73,79,58,80,71,83,75,72,67,78,79,88,90,71,81,77,66,79,70,75,65,46,79,77,79,71,45,47,41,9,9,11,14,10,6,Copa del Mundo
L. Trossard,Besiktas JK,Bélgica,10,"LW, ST",Left,172,31,82,Bélgica,86,79,83,90,52,72,86,82,66,83,77,89,82,76,72,92,87,86,94,83,92,76,73,77,70,76,70,54,86,90,74,79,50,51,46,15,13,6,7,11,13,Copa del Mundo
D. Lukébakio,SL Benfica,Bélgica,14,RW,Left,184,29,78,Bélgica,82,75,75,81,48,74,79,75,67,75,72,84,81,70,72,79,82,82,82,77,78,73,74,78,75,74,64,46,79,74,77,78,44,48,44,9,8,12,12,6,8,Copa del Mundo
M. Fernandez-Pardo,Newcastle United,Bélgica,22,ST,Right,188,21,78,Bélgica,78,82,67,78,46,80,61,85,89,75,76,75,70,69,59,82,81,76,75,86,73,84,84,75,87,75,68,40,83,66,77,78,45,39,34,10,13,14,14,14,11,Copa del Mundo
L. Openda,Olympique de Lyon,Bélgica,11,ST,Right,177,26,78,Bélgica,80,80,69,77,45,74,64,79,77,75,76,75,70,71,60,78,76,84,80,80,78,85,78,72,77,79,70,48,81,68,75,80,39,40,41,8,14,9,13,11,12,Copa del Mundo
R. Lukaku,Fenerbahce,Bélgica,9,"ST, CF",Left,190,33,77,Bélgica,77,78,69,74,45,79,69,79,81,70,76,76,69,71,59,72,77,77,75,77,65,77,80,75,85,76,68,46,80,72,75,80,42,37,37,9,12,12,14,11,15,Copa del Mundo
Y. Diouf,OGC Niza,Senegal,,GK,Right,188,26,72,Senegal,47,29,42,40,32,52,32,23,28,47,20,27,32,29,50,45,51,43,48,72,55,50,57,47,58,25,44,37,23,45,34,51,30,33,30,73,75,64,68,73,51,Copa del Mundo
D. Thiam,AC Monza,Senegal,,GK,Right,202,28,70,Senegal,46,31,38,38,27,53,23,26,34,45,18,25,22,24,39,42,48,44,46,66,47,53,55,43,59,26,50,35,21,48,30,51,22,26,23,74,73,66,71,75,49,Copa del Mundo
M. Ndiaye,AS Saint-Étienne,Senegal,,GK,Right,190,20,62,Senegal,39,19,30,29,19,47,14,11,24,34,10,18,19,18,34,31,40,38,38,55,42,36,53,41,55,22,33,20,11,40,20,41,21,16,19,63,63,56,61,67,38,Copa del Mundo
M. Diaw,Al-Shabab FC,Senegal,,GK,Right,197,33,71,Senegal,44,27,41,36,28,53,23,20,31,49,18,23,25,29,46,40,46,43,46,69,49,48,65,41,62,23,43,39,19,50,34,52,22,26,25,72,71,64,72,74,43,Copa del Mundo
M. Sarr,Real Sociedad,Senegal,,CB,Right,194,21,76,Senegal,73,57,66,64,82,81,61,52,82,74,55,63,60,47,67,63,70,76,64,70,58,73,82,74,86,55,76,79,50,62,54,73,82,84,77,7,6,6,13,7,9,Copa del Mundo
M. Sarr,NEOM SC,Senegal,,"CB, CDM",Left,183,27,79,Senegal,72,57,69,66,83,79,68,54,82,76,49,61,58,58,72,69,74,71,67,74,69,65,82,73,81,54,82,85,55,63,65,73,85,80,84,15,15,15,8,8,14,Copa del Mundo
M. Niakhaté,Olympique de Lyon,Senegal,,CB,Left,190,30,79,Senegal,76,59,66,68,80,82,63,54,88,74,54,63,61,56,68,72,78,75,64,78,70,74,83,77,84,57,84,82,57,58,64,81,81,74,85,6,10,8,11,11,7,Copa del Mundo
S. Sané,AS Mónaco,Senegal,,"CB, CDM",Right,184,22,72,Senegal,67,53,62,62,74,74,59,48,73,71,44,63,51,48,65,60,63,71,58,72,66,70,72,73,74,51,74,73,47,55,54,69,73,76,74,12,11,10,6,13,8,Copa del Mundo
A. Sangante,Sevilla FC,Senegal,,"CB, CDM",Right,189,24,73,Senegal,70,53,63,60,75,74,64,45,83,68,51,52,56,53,69,65,68,71,58,67,64,72,73,62,80,53,75,75,47,55,58,74,74,74,77,9,11,15,7,7,9,Copa del Mundo
N. Mendy,Hull City,Senegal,,CB,Left,187,22,71,Senegal,66,52,60,59,74,75,54,43,78,70,47,59,52,49,60,57,63,68,59,68,58,67,77,62,80,56,77,76,48,54,56,68,71,76,73,8,6,11,11,8,9,Copa del Mundo
K. Koulibaly,Al-Hilal SFC,Senegal,,CB,Right,186,35,77,Senegal,65,53,67,67,79,80,65,47,76,72,52,63,56,58,73,70,64,65,60,83,66,71,80,75,82,51,80,79,47,59,59,74,80,79,83,11,7,14,8,12,7,Copa del Mundo
E. Hadji Malick Diouf,Brentford FC,Senegal,,"LB, RB",Left,183,21,77,Senegal,81,62,72,75,72,80,78,59,71,71,59,72,68,62,77,76,80,82,81,74,80,73,79,82,80,59,76,70,70,68,61,72,72,73,75,9,7,15,9,8,10,Copa del Mundo
L. Sy,AJ Auxerre,Senegal,,"RB, RM",Right,171,24,69,Senegal,73,53,64,67,65,68,70,47,58,64,55,66,60,57,62,67,68,77,70,67,68,63,58,81,64,57,66,70,56,60,53,66,66,64,61,6,13,11,8,11,6,Copa del Mundo
I. Gueye,Al-Diriyah FC,Senegal,,"CDM, CB",Right,174,37,70,Senegal,57,61,70,64,72,71,61,57,68,76,60,59,58,58,72,65,59,55,63,77,70,65,63,78,70,68,68,71,61,72,60,74,78,69,70,9,6,14,7,10,12,Copa del Mundo
L. Camara,AS Mónaco,Senegal,,CM,Right,174,22,84,Senegal,84,79,85,84,77,83,73,80,73,92,72,80,78,79,82,86,85,84,86,86,88,78,71,88,83,83,80,74,77,89,74,86,76,84,73,10,6,14,12,7,12,Copa del Mundo
P. Gueye,Villarreal CF,Senegal,,CM,Left,189,27,80,Senegal,77,75,81,77,73,80,74,71,72,85,71,76,78,72,86,78,79,76,76,81,76,75,75,80,81,81,78,74,80,80,77,84,72,73,74,13,7,6,6,9,11,Copa del Mundo
P. Matar Sarr,Juventus de Turín,Senegal,,CM,Right,185,24,79,Senegal,73,74,79,79,69,76,75,69,72,79,64,80,72,67,90,80,75,71,75,80,73,82,74,82,75,79,74,74,75,80,71,79,65,67,74,12,7,13,13,7,11,Copa del Mundo
R. Ndiaye,Le Havre AC,Senegal,,"CM, CDM",Right,179,24,74,Senegal,71,67,75,77,67,72,70,62,67,76,58,77,72,65,80,78,73,69,77,78,69,74,68,76,73,71,65,72,72,80,65,73,67,64,64,14,13,12,12,9,7,Copa del Mundo
B. Sapoko Ndiaye,Bayern Múnich,Senegal,,"CM, CDM",Right,180,18,66,Senegal,67,60,66,66,59,65,63,57,61,66,52,70,62,61,71,63,70,64,62,61,69,64,55,70,65,64,60,55,63,69,59,60,59,62,55,13,15,7,10,10,8,Copa del Mundo
I. Ndiaye,Manchester City,Senegal,,LW,Left,180,26,84,Senegal,93,83,81,86,53,80,85,81,68,82,85,88,81,78,77,82,93,93,92,82,84,81,74,87,81,87,69,52,89,80,82,82,54,49,48,11,7,6,13,6,9,Copa del Mundo
A. Diao,Como 1907,Senegal,,"LW, ST",Left,185,21,77,Senegal,86,76,76,78,47,74,78,75,70,77,75,82,73,79,70,76,85,86,73,76,75,80,72,74,76,76,68,48,76,76,70,79,45,43,40,15,7,7,13,13,14,Copa del Mundo
I. Soumaré,Stade Rennais FC,Senegal,,"LW, LM",Left,184,25,75,Senegal,84,73,75,77,46,68,75,75,64,77,72,73,74,69,71,81,86,83,79,71,79,75,72,74,67,68,60,47,78,78,72,77,44,43,39,13,8,9,9,9,9,Copa del Mundo
A. Sima,RC Lens,Senegal,,"LW, ST",Left,188,25,74,Senegal,80,72,71,78,44,68,68,72,67,73,65,81,80,68,63,75,81,79,82,74,75,72,68,72,70,70,56,44,82,77,72,76,42,39,41,13,6,14,11,10,8,Copa del Mundo
M. Diakhon,Club Brujas KV,Senegal,,"LW, LM",Left,180,21,69,Senegal,77,66,66,74,37,59,70,67,56,65,59,79,70,58,60,71,79,75,74,68,67,65,62,62,60,66,52,42,71,67,64,65,35,30,33,13,15,7,15,9,15,Copa del Mundo
I. Sarr,Crystal Palace,Senegal,,"RW, ST",Right,185,28,82,Senegal,91,81,82,82,52,75,86,81,69,81,81,86,81,74,75,78,92,91,83,82,81,82,76,81,74,81,71,54,85,86,82,83,51,48,42,6,9,12,15,12,7,Copa del Mundo
I. Mbaye,Aston Villa,Senegal,,"RW, ST",Right,175,18,74,Senegal,84,72,71,77,43,65,78,71,57,72,73,78,78,68,66,79,82,85,75,72,72,72,66,72,63,72,62,46,74,67,69,61,47,35,35,13,10,9,6,12,12,Copa del Mundo
N. Jackson,Aston Villa,Senegal,,ST,Right,187,25,84,Senegal,80,87,73,81,50,84,72,92,86,76,86,83,78,70,65,79,78,81,80,87,75,86,88,72,92,80,76,50,88,76,82,82,49,42,43,9,10,9,6,10,11,Copa del Mundo
P. Moussa Fall,FC Metz,Senegal,,ST,Right,203,22,74,Senegal,73,75,65,70,42,78,61,77,87,69,78,66,65,70,58,75,73,73,59,80,67,76,80,71,85,71,68,37,76,65,73,78,34,41,37,10,11,14,14,14,12,Copa del Mundo
B. Dia,Stade Rennais FC,Senegal,,ST,Right,180,29,73,Senegal,74,76,65,73,38,74,63,81,77,68,72,74,59,64,61,73,68,78,68,73,74,70,73,70,79,70,69,33,78,68,75,76,39,31,31,14,7,12,15,7,8,Copa del Mundo
Y. Fofana,Caykur Rizespor,Costa de Marfil,,GK,Right,194,26,70,Costa de Marfil,43,29,38,37,27,52,24,24,26,44,19,25,26,25,41,40,40,46,45,66,52,48,58,42,58,27,46,35,22,45,28,54,25,26,19,74,65,64,67,73,48,Copa del Mundo
A. Lafont,Amed SK,Costa de Marfil,,GK,Right,196,27,70,Costa de Marfil,41,27,38,35,30,50,25,19,29,46,20,22,24,24,40,37,47,36,46,64,56,49,62,44,56,27,42,40,19,41,29,54,27,27,24,69,68,64,70,69,48,Copa del Mundo
M. Koné,R Charleroi SC,Costa de Marfil,,GK,Right,186,24,69,Costa de Marfil,47,28,39,37,26,55,24,21,32,44,16,22,27,29,45,45,45,49,45,64,49,50,59,50,62,26,41,34,24,46,29,52,22,24,27,67,65,64,69,70,42,Copa del Mundo
O. Diomande,Nottingham Forest,Costa de Marfil,,CB,Right,190,22,81,Costa de Marfil,71,61,68,72,84,81,64,51,84,73,59,67,61,61,74,76,66,75,71,83,67,80,86,78,83,63,79,80,59,64,62,81,82,86,88,12,9,12,8,9,15,Copa del Mundo
E. Ndicka,AS Roma,Costa de Marfil,,CB,Left,192,27,78,Costa de Marfil,75,58,68,70,82,80,61,55,85,79,53,69,61,58,69,72,72,77,63,80,61,70,82,72,83,55,81,82,56,60,53,74,80,83,79,15,15,7,11,11,7,Copa del Mundo
E. Agbadou,Besiktas JK,Costa de Marfil,,CB,Right,185,29,77,Costa de Marfil,73,58,65,65,80,80,55,52,78,75,50,62,60,56,68,66,72,73,65,75,63,72,81,77,82,60,77,79,54,60,61,70,78,85,74,15,8,8,8,11,10,Copa del Mundo
C. Tapé,Toulouse FC,Costa de Marfil,,"LB, RB",Left,188,20,68,Costa de Marfil,74,53,63,66,67,69,68,48,66,66,53,65,62,56,61,70,73,74,65,62,68,64,68,73,70,54,63,64,56,57,53,59,67,66,77,12,9,11,11,12,11,Copa del Mundo
G. Konan,Wolverhampton Wanderers,Costa de Marfil,,"LB, LM",Left,176,30,74,Costa de Marfil,84,60,70,73,74,74,78,52,67,70,57,72,67,59,68,71,82,85,80,73,72,71,69,80,72,65,71,76,63,66,60,74,74,73,78,12,12,7,14,11,7,Copa del Mundo
I. Sangaré,Nottingham Forest,Costa de Marfil,,CDM,Right,191,28,78,Costa de Marfil,70,69,74,73,78,82,69,63,80,73,62,70,70,68,80,75,68,72,71,81,70,79,84,86,82,75,79,77,66,77,67,83,81,76,79,11,7,9,12,10,13,Copa del Mundo
A. Koné,NEOM SC,Costa de Marfil,,CDM,Left,178,21,71,Costa de Marfil,64,63,66,64,72,74,59,61,62,73,53,59,57,61,72,68,61,66,65,70,67,68,73,75,72,68,79,77,62,61,60,73,75,70,67,11,6,13,15,11,7,Copa del Mundo
E. Doué,CF Estrela Amadora,Costa de Marfil,,CDM,Right,180,20,68,Costa de Marfil,64,57,68,63,69,69,64,53,66,71,51,58,60,56,72,66,60,68,67,65,63,64,65,71,70,61,66,66,57,68,60,68,75,67,70,14,6,13,10,8,7,Copa del Mundo
C. Inao Oulaï,Fiorentina,Costa de Marfil,,CM,Right,173,20,76,Costa de Marfil,74,74,77,76,65,73,76,72,67,82,63,79,72,71,79,75,75,73,76,71,74,76,67,75,73,79,70,69,78,71,71,71,63,64,66,10,9,12,13,15,15,Copa del Mundo
P. Zabi,Paris FC,Costa de Marfil,,CM,Right,191,20,75,Costa de Marfil,73,68,75,73,67,74,75,66,75,76,62,70,68,66,74,78,72,74,71,68,70,71,71,80,73,70,70,70,71,78,70,76,65,65,65,7,7,6,13,11,15,Copa del Mundo
F. Kessié,Atalanta de Bérgamo,Costa de Marfil,,"CM, CAM",Right,183,29,75,Costa de Marfil,76,71,76,78,68,72,72,72,69,79,64,73,71,70,75,86,72,79,73,77,71,72,66,84,70,68,66,65,73,76,76,77,67,73,66,9,7,6,9,12,15,Copa del Mundo
M. Yalcouyé,Brighton & Hove Albion,Costa de Marfil,,"CM, CDM",Right,169,20,74,Costa de Marfil,74,67,73,77,65,69,68,64,59,74,64,77,76,69,76,76,75,73,80,74,80,70,66,73,69,69,67,63,70,75,65,76,63,72,61,13,15,7,11,11,14,Copa del Mundo
B. Touré,Newcastle United,Costa de Marfil,,LW,Left,178,20,78,Costa de Marfil,89,75,75,81,49,69,77,73,68,77,75,80,79,79,65,83,94,85,79,74,85,79,68,80,65,76,64,47,78,75,70,78,50,44,42,13,13,6,10,7,8,Copa del Mundo
Y. Gboho,Coventry City,Costa de Marfil,,"LW, LM",Left,178,25,76,Costa de Marfil,82,74,75,79,44,69,75,76,64,79,67,79,80,68,70,77,83,82,85,73,81,74,67,77,70,69,58,45,81,74,69,76,44,36,41,13,12,12,13,10,15,Copa del Mundo
Y. Diomande,Real Madrid CF,Costa de Marfil,,RW,Right,180,19,82,Costa de Marfil,91,81,80,85,51,73,83,86,66,79,74,88,83,77,73,85,93,89,84,75,86,75,76,76,73,79,70,57,84,86,79,77,51,44,47,13,11,8,6,10,11,Copa del Mundo
N. Pépé,Villarreal CF,Costa de Marfil,,"RW, ST",Left,183,31,77,Costa de Marfil,81,78,76,81,48,73,78,79,68,79,78,83,77,69,68,82,79,83,80,77,76,79,69,80,75,78,59,46,83,78,69,78,46,45,42,12,15,10,15,6,7,Copa del Mundo
A. Bonny,Inter de Milán,Costa de Marfil,,ST,Right,189,22,78,Costa de Marfil,77,80,69,75,43,78,61,80,78,75,79,73,70,64,63,77,79,76,74,83,71,81,80,73,84,79,71,37,81,70,80,77,39,42,34,9,11,6,13,7,8,Copa del Mundo
E. Wahi,OGC Niza,Costa de Marfil,,ST,Right,181,23,75,Costa de Marfil,77,78,66,75,39,72,61,84,75,72,79,72,65,67,62,76,75,79,78,73,72,78,74,67,76,65,69,37,80,65,74,83,36,32,34,12,15,8,11,9,7,Copa del Mundo
R. Fofana,Le Havre AC,Costa de Marfil,,ST,Right,187,20,71,Costa de Marfil,74,71,59,70,37,72,56,72,72,64,71,68,60,62,55,71,76,72,73,66,70,72,72,64,76,70,70,34,68,56,73,70,33,34,30,13,15,15,10,13,6,Copa del Mundo
I. Pandur,Rangers FC,Croacia,12,GK,Right,187,26,74,Croacia,50,32,41,42,32,56,29,28,32,49,22,31,29,28,46,46,50,50,53,67,54,53,62,47,64,26,47,44,24,42,34,49,27,28,31,74,74,70,70,74,51,Copa del Mundo
D. Kotarski,GNK Dinamo Zagreb,Croacia,23,GK,Right,190,26,73,Croacia,42,31,41,38,33,57,25,26,39,46,24,25,31,28,50,41,45,39,48,70,50,49,64,47,65,28,49,40,28,46,34,52,31,28,32,74,74,69,77,81,48,Copa del Mundo
D. Livakovic,FC Barcelona,Croacia,1,GK,Right,188,31,73,Croacia,46,31,43,39,32,55,27,24,31,49,23,26,26,23,50,40,48,45,53,69,58,55,63,50,61,27,46,38,18,51,35,50,31,31,27,79,68,69,75,78,51,Copa del Mundo
L. Vušković,Brighton & Hove Albion,Croacia,22,"CB, RB",Right,193,19,79,Croacia,77,59,67,68,82,81,69,58,85,70,50,64,61,56,69,73,74,80,64,75,67,73,83,75,86,54,76,81,48,61,53,74,83,82,81,6,14,10,7,6,6,Copa del Mundo
J. Sutalo,SS Lazio,Croacia,6,CB,Right,185,26,75,Croacia,68,58,62,63,76,74,62,57,78,66,45,57,57,57,67,66,66,69,62,73,66,68,78,68,75,53,76,83,49,52,59,73,74,74,73,9,7,13,11,9,8,Copa del Mundo
M. Pongracic,Fiorentina,Croacia,,"CB, CDM",Right,193,29,73,Croacia,69,54,62,63,76,75,53,51,75,71,46,61,57,50,70,65,68,69,58,74,66,64,78,66,79,56,77,75,46,54,54,67,77,78,73,10,9,6,11,10,6,Copa del Mundo
J. Gvardiol,Manchester City,Croacia,4,LB,Left,185,24,84,Croacia,89,69,78,78,84,86,85,66,83,80,66,83,77,68,79,71,86,91,80,78,81,79,84,93,84,69,83,84,68,72,65,84,85,84,82,13,8,14,13,7,6,Copa del Mundo
J. Stanisic,Bayern Múnich,Croacia,2,"RB, RM",Both,187,26,83,Croacia,88,71,79,80,81,82,80,71,78,84,65,81,76,70,80,81,88,88,75,84,81,77,82,88,80,66,81,81,71,71,73,78,82,80,84,15,8,13,11,15,12,Copa del Mundo
I. Smolcic,Como 1907,Croacia,,"RB, LB",Right,181,26,71,Croacia,77,55,66,68,70,67,66,52,65,70,52,62,62,54,65,71,74,79,75,69,75,62,66,71,63,53,71,74,59,65,53,67,68,71,75,9,7,14,8,11,9,Copa del Mundo
K. Jakic,PAOK de Salónica FC,Croacia,,CDM,Right,181,29,70,Croacia,68,59,70,64,70,71,64,56,68,77,56,61,59,59,66,66,73,64,63,71,64,66,69,69,69,59,79,74,59,71,61,70,67,72,70,15,13,11,12,9,13,Copa del Mundo
J. Misic,GNK Dinamo Zagreb,Croacia,15,CDM,Right,187,32,69,Croacia,61,59,66,67,69,76,57,52,67,73,55,66,62,59,71,69,63,59,66,74,60,70,69,73,79,64,73,72,62,63,63,65,68,71,64,14,8,8,6,8,6,Copa del Mundo
P. Sučić,Inter de Milán,Croacia,17,"CM, CDM",Right,183,22,80,Croacia,78,73,78,83,71,75,80,70,69,79,71,86,70,75,78,82,75,80,80,82,76,78,71,82,72,74,75,67,76,78,76,80,74,75,64,12,6,10,6,10,7,Copa del Mundo
L. Sucic,Real Sociedad,Croacia,21,CM,Left,185,24,77,Croacia,72,70,79,79,71,73,77,63,72,86,64,79,72,74,79,81,73,72,76,84,76,78,67,82,70,77,70,72,75,72,69,77,75,68,68,13,6,14,15,13,11,Copa del Mundo
M. Kovacic,Manchester City,Croacia,8,CM,Right,178,32,78,Croacia,75,72,78,80,69,75,73,68,71,77,67,80,82,73,82,81,80,71,78,80,77,78,71,80,75,75,71,74,74,84,70,78,64,67,74,9,13,7,12,10,12,Copa del Mundo
M. Pašalić,Atalanta de Bérgamo,Croacia,15,"CM, CDM",Right,188,31,77,Croacia,71,74,80,78,70,78,77,72,71,82,69,78,75,69,80,80,72,70,75,79,73,76,67,80,78,78,78,73,81,82,70,79,69,69,68,11,8,13,14,11,14,Copa del Mundo
L. Modrić,AC Milan,Croacia,10,"CM, CDM",Right,172,41,75,Croacia,61,68,76,75,66,72,71,66,65,81,64,73,72,73,73,76,64,59,78,75,79,70,67,76,73,69,68,67,80,77,70,72,67,66,65,6,6,8,12,12,12,Copa del Mundo
M. Baturina,Como 1907,Croacia,16,CAM,Right,178,23,81,Croacia,82,83,85,85,55,75,79,87,70,90,76,87,78,75,85,83,84,81,87,77,82,81,70,84,73,79,69,56,86,86,81,81,55,49,52,13,13,7,11,15,14,Copa del Mundo
N. Vlašić,Torino FC,Croacia,13,CAM,Right,179,29,76,Croacia,76,72,74,80,49,69,70,68,64,74,75,80,83,74,74,83,77,76,81,72,81,77,67,74,68,76,64,53,76,77,75,74,46,46,43,6,13,8,13,13,15,Copa del Mundo
L. Majer,AEK Atenas FC,Croacia,,"CAM, CM",Left,178,28,75,Croacia,74,73,78,79,47,67,79,66,63,78,71,80,75,71,74,81,74,74,73,74,71,81,66,74,65,83,64,50,72,84,71,78,46,44,41,6,14,14,13,9,14,Copa del Mundo
M. Pasalic,Orlando City SC,Croacia,24,"RW, ST",Left,177,26,71,Croacia,79,71,68,73,42,66,67,72,60,68,63,74,68,68,62,72,78,79,78,68,77,72,65,80,60,69,63,45,73,72,70,71,41,37,33,11,8,12,9,9,8,Copa del Mundo
I. Perisic,PSV Eindhoven,Croacia,14,"RW, ST",Both,186,37,70,Croacia,67,69,68,74,41,67,69,72,61,69,65,75,69,65,62,74,70,64,73,76,67,66,71,68,71,65,57,42,70,70,69,67,41,33,39,6,13,13,6,13,10,Copa del Mundo
A. Kramaric,TSG 1899 Hoffenheim,Croacia,9,"CAM, CF",Right,177,35,74,Croacia,69,75,76,76,48,66,71,80,56,77,65,73,76,73,75,79,70,69,80,76,74,77,59,73,67,66,57,48,77,83,75,77,47,45,48,7,9,15,10,11,13,Copa del Mundo
I. Matanovic,SC Friburgo,Croacia,20,"ST, LW",Right,194,23,78,Croacia,83,80,68,80,44,80,65,81,83,71,80,79,67,68,64,84,79,86,73,78,69,82,81,75,85,75,73,42,85,68,83,83,42,35,40,15,13,13,8,8,12,Copa del Mundo
F. Ivanović,RC Lens,Croacia,,ST,Right,185,23,76,Croacia,75,80,68,74,41,71,68,85,81,71,78,73,63,69,63,76,78,73,73,81,71,78,77,70,72,71,66,39,80,69,71,74,37,36,35,6,8,14,6,15,14,Copa del Mundo
D. Beljo,GNK Dinamo Zagreb,Croacia,20,"ST, CF",Left,195,24,76,Croacia,77,79,65,74,45,80,62,84,87,70,74,71,67,62,56,77,81,73,74,74,65,74,82,76,84,75,72,40,82,65,72,77,41,41,37,7,8,9,11,9,7,Copa del Mundo
P. Musa,FC Dallas,Croacia,26,ST,Right,190,28,77,Croacia,78,81,67,76,44,78,68,86,88,69,76,77,68,65,63,76,77,78,74,77,70,81,75,73,86,74,66,39,82,67,74,79,41,37,38,6,11,15,13,10,9,Copa del Mundo
A. Budimir,CA Osasuna,Croacia,11,ST,Left,190,35,75,Croacia,71,77,66,74,44,77,63,77,79,70,76,73,71,66,60,74,69,72,69,79,72,79,83,67,87,72,62,40,83,66,77,81,44,37,33,15,13,14,10,6,13,Copa del Mundo
U. Çakır,Galatasaray,Turquía,1,GK,Right,191,30,79,Turquía,53,39,46,46,38,59,32,34,37,52,22,37,30,35,50,49,54,53,49,74,55,61,63,51,67,36,48,46,32,52,39,60,37,36,36,82,81,74,78,82,54,Copa del Mundo
A. Bayındır,RC Celta de Vigo,Turquía,12,GK,Right,198,28,71,Turquía,46,26,40,37,27,54,20,15,28,49,21,26,25,27,43,40,48,45,40,69,51,48,64,47,59,30,46,31,25,50,26,60,26,26,27,71,72,64,73,74,49,Copa del Mundo
M. Şengezer,Basaksehir FK,Turquía,23,GK,Right,192,29,72,Turquía,45,29,41,38,30,58,26,21,33,50,24,24,28,31,46,43,44,45,51,64,50,57,60,48,69,22,45,37,22,41,33,54,29,27,29,71,72,64,71,75,48,Copa del Mundo
O. Kocuk,Samsunspor,Turquía,,GK,Right,187,31,71,Turquía,46,23,40,37,31,55,25,13,32,46,26,25,27,27,41,40,48,44,45,68,50,45,52,52,59,22,51,37,23,52,29,58,32,26,29,74,72,63,70,71,49,Copa del Mundo
O. Kabak,TSG 1899 Hoffenheim,Turquía,15,"CB, CDM",Right,187,26,75,Turquía,73,55,63,65,77,78,63,53,76,71,49,61,52,56,68,66,72,73,65,75,64,69,78,73,81,51,78,80,51,50,52,76,75,78,79,13,11,15,7,9,14,Copa del Mundo
Y. Akçiçek,Al-Hilal SFC,Turquía,,"CB, CDM",Left,193,20,73,Turquía,69,53,61,62,78,76,57,48,75,69,48,62,49,53,63,64,69,69,56,69,57,64,76,71,78,54,79,80,45,56,58,64,77,79,77,15,14,12,8,8,13,Copa del Mundo
M. Demiral,Al-Ahli SFC,Turquía,3,CB,Right,190,28,77,Turquía,73,60,67,67,82,81,67,55,81,75,53,60,58,61,65,74,75,71,66,78,61,73,80,73,85,63,80,85,51,59,55,78,80,84,82,11,14,6,13,13,14,Copa del Mundo
E. Topçu,Besiktas JK,Turquía,4,"CB, CDM",Left,188,25,76,Turquía,74,55,66,64,80,77,62,47,78,73,50,59,57,52,65,66,72,75,63,73,67,70,76,76,77,59,77,80,53,62,59,75,81,81,77,12,7,9,15,6,7,Copa del Mundo
A. Bardakcı,Galatasaray,Turquía,14,"CB, RB",Left,185,32,76,Turquía,67,56,64,66,78,77,62,50,77,69,51,64,54,58,75,64,64,69,64,76,71,76,77,76,76,50,81,77,52,53,53,77,79,82,70,7,13,11,12,11,8,Copa del Mundo
A. Demirbağ,Konyaspor,Turquía,,"CB, RB",Right,185,28,69,Turquía,64,48,59,54,72,70,53,46,71,66,44,47,56,51,60,59,63,65,57,60,59,60,76,66,72,42,66,71,46,54,49,65,74,70,71,11,6,15,14,9,14,Copa del Mundo
S. Akaydin,Trabzonspor,Turquía,,"CB, CDM",Right,190,32,69,Turquía,63,48,56,59,74,71,53,40,77,64,48,59,48,46,57,57,59,66,53,71,60,66,77,69,72,49,71,73,42,48,45,73,74,75,67,15,11,8,10,9,7,Copa del Mundo
F. Kadıoğlu,Brighton & Hove Albion,Turquía,20,"LB, RB",Left,174,26,81,Turquía,88,65,74,79,79,81,71,61,73,81,60,78,75,68,71,76,85,91,88,80,87,72,79,86,81,66,75,77,69,70,72,81,81,79,82,6,12,11,10,15,11,Copa del Mundo
E. Elmalı,Galatasaray,Turquía,13,LB,Left,181,26,71,Turquía,75,56,65,70,68,71,67,52,62,70,54,69,65,57,63,71,76,74,72,72,73,67,67,73,70,54,72,71,62,58,62,70,62,71,75,12,8,15,13,7,8,Copa del Mundo
M. Eskihellaç,Trabzonspor,Turquía,22,LB,Left,175,29,74,Turquía,80,61,70,72,72,76,74,62,64,73,57,70,70,56,68,74,78,81,76,73,78,61,68,79,77,58,73,76,62,66,59,69,70,76,71,14,6,12,15,12,10,Copa del Mundo
Z. Çelik,Juventus de Turín,Turquía,2,RB,Right,180,29,77,Turquía,82,62,71,75,75,75,79,58,68,73,63,77,73,58,71,73,83,82,77,75,77,71,70,80,72,61,76,71,58,62,64,75,77,78,74,13,9,13,12,8,8,Copa del Mundo
İ. Yüksek,Fenerbahce,Turquía,16,"CDM, CB",Right,183,27,77,Turquía,68,69,72,71,78,81,62,65,74,75,60,67,70,68,73,75,65,71,67,75,73,74,78,82,79,75,85,76,72,76,69,76,74,84,79,11,15,13,11,15,8,Copa del Mundo
D. Ege Tıknaz,SC Braga,Turquía,8,CDM,Right,193,22,73,Turquía,64,64,69,69,78,75,63,57,74,76,60,66,64,62,73,75,66,63,59,75,68,71,80,75,74,72,76,76,64,65,63,73,78,84,73,7,9,15,6,8,12,Copa del Mundo
E. İlkhan,Torino FC,Turquía,,CDM,Right,175,22,70,Turquía,62,61,66,70,72,70,58,59,62,70,54,70,62,58,69,72,65,60,66,75,66,64,66,72,67,65,74,75,63,66,61,73,76,70,67,10,15,11,6,8,10,Copa del Mundo
S. Özcan,Besiktas JK,Turquía,5,CDM,Right,182,28,74,Turquía,69,63,72,72,74,77,66,60,71,81,57,70,65,62,71,75,65,73,71,73,70,70,68,77,79,67,75,74,61,66,63,69,70,77,77,8,14,11,15,11,14,Copa del Mundo
B. Elmaz,Fenerbahce,Turquía,6,CDM,Right,179,23,70,Turquía,64,60,67,64,71,71,58,53,64,74,51,60,60,59,71,68,67,62,63,65,62,70,69,68,73,67,71,67,63,66,68,66,71,74,73,11,8,8,11,12,9,Copa del Mundo
M. Kabasakal,Trabzonspor,Turquía,17,CDM,Right,178,30,68,Turquía,64,59,61,67,68,68,53,56,60,67,51,64,58,55,65,68,66,63,70,67,64,68,63,72,67,60,69,70,59,60,60,74,67,70,70,13,7,6,7,13,8,Copa del Mundo
A. Güler,Real Madrid CF,Turquía,10,CAM,Left,176,21,84,Turquía,87,85,84,87,60,77,84,87,72,80,77,88,87,83,84,88,89,85,91,80,83,82,73,83,76,86,73,63,86,91,77,84,62,55,46,12,11,10,10,15,11,Copa del Mundo
C. Uzun,Eintracht Fráncfort​​,Turquía,,CAM,Right,186,20,78,Turquía,82,78,78,80,50,74,70,78,64,82,77,80,78,79,77,84,85,79,77,76,75,81,71,80,75,76,66,53,77,78,71,74,47,47,50,11,11,10,14,8,8,Copa del Mundo
İ. Can Kahveci,Fenerbahce,Turquía,10,"CAM, CF",Left,180,31,75,Turquía,72,74,74,77,46,70,72,71,61,73,75,81,77,76,70,75,74,71,74,73,76,80,67,76,69,78,64,48,74,80,68,79,47,40,43,7,6,9,6,12,6,Copa del Mundo
B. Alper Yılmaz,Galatasaray,Turquía,21,"LW, ST",Left,186,26,80,Turquía,90,79,78,80,50,74,80,79,68,80,75,81,82,69,71,78,92,89,87,80,80,83,70,79,75,77,67,53,85,78,76,82,52,43,40,9,7,11,13,9,7,Copa del Mundo
K. Aktürkoğlu,Fenerbahce,Turquía,7,"LW, LM",Left,172,27,80,Turquía,86,80,78,82,50,71,77,81,59,78,75,83,80,78,77,79,84,87,86,78,88,77,69,80,67,78,68,46,90,81,78,76,54,47,43,12,10,6,7,10,9,Copa del Mundo
A. Şimşir,Trabzonspor,Turquía,21,"LW, LM",Left,175,24,77,Turquía,82,74,74,80,46,66,76,74,65,75,68,81,76,74,71,80,82,82,81,77,81,76,68,78,63,74,60,45,74,73,71,79,44,44,46,6,8,10,8,8,7,Copa del Mundo
O. Aydın,Fenerbahce,Turquía,18,"LW, ST",Left,183,25,75,Turquía,81,77,71,76,43,72,68,78,67,75,75,73,72,65,67,78,80,82,78,74,74,76,67,76,75,75,63,42,79,72,73,77,40,39,40,14,11,6,9,13,15,Copa del Mundo
İ. Fakılı,Besiktas JK,Turquía,11,"LW, LM",Left,180,20,69,Turquía,75,68,67,70,39,60,69,71,59,68,70,70,70,64,65,68,72,78,72,73,75,62,59,68,58,64,55,41,71,65,66,64,40,34,31,14,14,15,14,15,6,Copa del Mundo
Y. Akgün,Galatasaray,Turquía,19,RW,Left,173,26,78,Turquía,84,75,76,83,48,68,78,78,67,79,70,84,77,72,73,83,83,85,84,81,82,73,72,73,67,70,64,46,80,71,75,75,47,47,41,13,9,6,14,6,11,Copa del Mundo
D. Gül,Galatasaray,Turquía,9,ST,Right,192,22,72,Turquía,76,73,64,70,40,73,64,77,77,72,70,70,68,63,51,69,75,76,68,71,68,76,77,72,77,62,65,36,71,59,78,74,38,35,29,9,15,14,15,12,8,Copa del Mundo
V. Johansson,Stoke City,Suecia,12,GK,Right,187,28,77,Suecia,49,34,45,44,36,60,33,28,35,55,26,31,32,36,43,48,47,51,50,74,59,55,67,54,65,28,52,40,26,47,37,54,38,32,32,75,74,68,79,76,57,Copa del Mundo
M. Ellborg,Sunderland AFC,Suecia,23,GK,Right,191,23,67,Suecia,43,24,37,33,24,48,24,16,24,44,20,17,22,23,39,42,47,40,39,59,45,46,49,44,53,21,40,29,18,45,32,48,20,26,24,68,65,63,69,66,44,Copa del Mundo
N. Törnqvist,AC Monza,Suecia,1,GK,Left,195,24,67,Suecia,39,26,36,33,24,48,28,18,26,38,15,19,20,25,34,37,40,38,43,65,43,47,53,43,53,26,40,32,14,48,30,50,23,20,20,67,65,61,66,67,46,Copa del Mundo
G. Lagerbielke,SC Braga,Suecia,,CB,Right,193,26,73,Suecia,66,55,63,62,76,77,59,49,79,70,52,59,53,58,68,66,62,70,57,64,57,70,80,71,79,57,77,72,48,56,54,69,74,78,77,6,8,6,6,13,6,Copa del Mundo
V. Lindelöf,Aston Villa,Suecia,3,CB,Right,187,32,74,Suecia,65,58,63,65,77,76,58,56,72,69,52,63,55,54,72,67,62,67,60,72,62,69,77,72,80,54,70,79,53,55,52,78,75,79,77,9,11,8,9,12,15,Copa del Mundo
H. Ekdal,Burnley FC,Suecia,14,CB,Right,187,27,70,Suecia,65,51,54,58,74,73,48,45,72,60,41,54,45,44,63,61,61,68,55,59,60,65,75,69,76,50,71,72,53,48,52,69,79,74,63,9,7,7,12,14,9,Copa del Mundo
C. Starfelt,RC Celta de Vigo,Suecia,15,CB,Right,185,31,76,Suecia,68,57,65,63,80,78,62,52,77,74,53,56,59,49,71,66,65,71,63,78,69,76,73,73,81,54,77,81,46,52,57,72,76,85,73,12,15,6,11,6,15,Copa del Mundo
F. Beijmo,FC Copenhague,Suecia,,"CB, CDM",Right,185,28,70,Suecia,67,51,58,58,74,74,54,49,71,67,45,56,51,52,65,59,64,69,52,69,65,61,74,65,80,47,71,72,46,46,51,67,75,74,73,7,11,9,9,15,15,Copa del Mundo
J. Mellberg,Red Bull Salzburgo,Suecia,2,CB,Left,191,20,64,Suecia,59,44,51,52,65,69,47,40,70,59,37,50,42,40,55,55,57,61,45,55,50,59,70,64,73,42,64,66,42,45,42,61,67,60,65,12,13,12,15,15,9,Copa del Mundo
D. Svensson,Borussia Dortmund,Suecia,8,LB,Left,183,24,77,Suecia,82,65,71,72,74,78,75,66,68,72,60,66,66,58,73,77,84,80,75,71,76,70,80,81,76,61,77,75,68,66,62,77,77,73,75,14,9,15,10,12,7,Copa del Mundo
G. Gudmundsson,Leeds United,Suecia,5,LB,Left,181,27,79,Suecia,84,64,75,78,76,77,76,60,72,76,63,78,73,66,76,79,84,84,79,79,79,69,73,84,74,68,75,72,71,74,62,76,73,81,78,10,9,9,10,11,14,Copa del Mundo
E. Holm,Bolonia,Suecia,,"RB, LB",Right,191,26,76,Suecia,79,64,70,74,75,77,74,62,71,70,60,74,66,64,71,75,75,82,72,70,72,72,76,83,75,60,77,71,62,67,65,71,76,78,74,13,15,7,9,9,6,Copa del Mundo
H. Skoglund,Hammarby IF,Suecia,22,RB,Right,181,22,69,Suecia,70,52,64,65,66,68,70,44,66,67,48,61,54,53,66,69,73,68,68,65,75,63,67,73,67,57,67,62,59,57,60,62,66,65,77,7,11,13,8,15,15,Copa del Mundo
J. Karlström,Udinese,Suecia,16,CDM,Right,182,31,72,Suecia,65,66,68,69,76,73,64,66,66,71,56,67,61,60,70,69,64,65,67,75,68,74,75,77,72,61,70,79,62,68,67,81,74,80,71,8,11,14,13,14,13,Copa del Mundo
Y. Ayari,Brighton & Hove Albion,Suecia,18,"CM, CDM",Right,172,23,81,Suecia,79,75,80,80,70,77,74,70,71,84,68,77,82,78,84,82,81,78,79,83,84,83,71,85,74,79,77,76,78,78,76,83,66,71,70,12,7,15,12,9,9,Copa del Mundo
L. Bergvall,Tottenham Hotspur,Suecia,7,"CM, CAM",Right,187,20,78,Suecia,77,72,80,81,73,74,73,67,79,83,71,86,77,70,83,78,86,70,77,72,75,77,72,82,73,77,69,71,72,82,77,76,72,75,69,11,10,10,11,7,8,Copa del Mundo
H. Larsson,Fulham FC,Suecia,20,"CM, CAM",Right,187,22,79,Suecia,75,78,81,79,71,77,81,77,70,81,71,79,74,76,84,80,76,75,75,77,79,84,70,81,78,77,72,70,72,81,76,76,72,70,74,7,10,10,11,7,9,Copa del Mundo
B. Zeneli,Union Saint-Gilloise,Suecia,,"CM, CDM",Right,187,23,71,Suecia,69,66,72,71,63,68,63,64,61,77,59,71,68,63,73,73,68,69,63,70,67,69,68,71,69,71,63,64,67,76,60,75,61,65,59,10,10,11,10,14,6,Copa del Mundo
B. Nygren,Celtic FC,Suecia,10,CAM,Left,187,25,77,Suecia,76,76,77,81,51,71,72,75,69,77,72,85,78,75,74,79,77,75,74,76,78,75,70,76,73,81,61,53,77,84,75,79,48,49,46,7,13,7,6,7,9,Copa del Mundo
W. Swedberg,RC Celta de Vigo,Suecia,13,"LW, ST",Left,187,22,76,Suecia,86,74,73,76,44,71,72,74,71,77,75,77,75,74,68,76,88,84,76,78,77,73,73,79,71,75,60,44,81,72,72,75,45,38,35,7,8,6,11,10,12,Copa del Mundo
S. Nanasi,Racing Club de Estrasburgo,Suecia,19,LW,Left,178,24,76,Suecia,83,73,72,81,45,71,77,72,59,71,69,82,79,68,64,84,83,83,78,77,78,74,63,75,72,73,66,45,77,75,74,70,44,44,40,15,8,15,7,7,8,Copa del Mundo
E. Stroud,Hull City,Suecia,4,LW,Left,185,24,76,Suecia,86,77,73,79,45,69,74,82,71,75,70,80,77,67,63,79,86,86,78,75,80,75,69,77,68,69,62,44,76,76,73,73,44,42,36,8,6,12,6,6,10,Copa del Mundo
P. Walemark,Lech Poznan,Suecia,11,"RW, RM",Left,184,24,73,Suecia,82,70,72,76,42,68,78,67,65,73,69,80,71,63,62,76,82,82,72,71,71,69,63,75,68,76,60,38,77,72,65,72,44,39,33,7,9,7,12,8,14,Copa del Mundo
A. Bernhardsson,VfL Wolfsburgo,Suecia,21,RW,Left,184,28,70,Suecia,76,68,68,71,41,64,61,72,67,74,66,69,70,64,60,72,75,76,74,69,74,65,59,61,70,64,55,42,76,72,64,65,39,36,31,6,10,7,8,11,12,Copa del Mundo
A. Isak,Liverpool FC,Suecia,9,"ST, CF",Right,190,27,85,Suecia,87,89,75,85,50,87,73,92,88,80,85,82,71,72,68,90,89,85,78,88,76,88,88,85,91,84,79,51,89,74,86,87,40,49,46,11,15,15,12,15,11,Copa del Mundo
V. Gyökeres,Arsenal FC,Suecia,17,ST,Right,189,28,86,Suecia,90,88,73,83,52,85,67,91,89,80,88,85,81,71,64,81,89,91,79,83,79,87,89,84,89,83,77,46,91,73,84,91,50,46,46,7,7,14,14,7,12,Copa del Mundo
P. Abraham,Hammarby IF,Suecia,,ST,Left,181,24,66,Suecia,68,71,57,66,31,66,55,77,61,59,66,66,52,55,56,65,66,70,69,66,61,68,66,64,71,64,58,30,76,57,64,64,31,25,25,14,10,15,10,11,11,Copa del Mundo
G. Kobel,Borussia Dortmund,Suiza,,GK,Right,196,28,80,Suiza,54,38,47,43,36,63,31,32,41,59,33,29,30,28,48,48,54,54,53,76,63,59,66,57,70,33,54,42,24,52,43,55,32,36,31,80,76,77,77,82,59,Copa del Mundo
M. Keller,BSC Young Boys,Suiza,,GK,Right,189,24,70,Suiza,45,29,42,38,27,56,30,22,31,50,20,26,24,25,41,41,43,46,48,66,58,48,59,47,62,28,51,39,21,50,34,52,21,26,23,70,67,64,72,77,47,Copa del Mundo
Y. Mvogo,FC Lorient,Suiza,,GK,Right,190,32,70,Suiza,39,27,39,37,28,52,26,18,32,44,18,20,26,23,44,46,38,40,46,66,50,54,56,39,59,22,48,33,19,45,34,53,30,22,24,74,62,69,72,69,47,Copa del Mundo
A. Racioppi,FC Sion,Suiza,21,GK,Right,189,27,68,Suiza,46,25,37,36,28,51,27,17,33,40,20,27,21,22,40,38,49,43,44,59,45,47,57,47,55,22,43,34,17,47,25,46,27,25,23,66,70,65,69,65,48,Copa del Mundo
M. Akanji,Inter de Milán,Suiza,,CB,Right,188,31,81,Suiza,72,64,69,70,85,85,69,61,86,78,56,68,60,57,67,70,71,72,70,85,73,77,91,81,86,64,87,84,57,59,60,75,82,88,86,12,6,12,12,8,15,Copa del Mundo
N. Elvedi,Leeds United,Suiza,,CB,Right,189,30,76,Suiza,69,54,63,67,78,79,58,47,81,69,51,64,55,55,70,70,71,67,65,66,65,71,84,77,80,54,77,74,49,55,56,77,76,81,78,8,8,11,12,7,11,Copa del Mundo
A. Bajrami,SC Braga,Suiza,,"CB, RB",Left,188,24,72,Suiza,65,48,59,61,74,77,53,39,72,68,39,55,50,49,59,65,64,65,63,64,67,68,72,77,78,52,74,72,46,53,48,69,78,72,76,12,15,12,11,6,11,Copa del Mundo
E. Cömert,Torino FC,Suiza,,CB,Right,183,28,70,Suiza,64,49,60,58,72,73,59,44,64,66,44,55,49,45,62,58,66,63,60,68,61,64,70,67,75,48,74,69,43,53,52,66,74,72,76,9,9,9,11,9,10,Copa del Mundo
R. Rodríguez,Torino FC,Suiza,,LB,Left,182,34,72,Suiza,74,59,68,70,68,69,73,56,62,70,49,70,64,58,65,69,75,73,74,75,72,69,69,74,67,60,70,69,54,66,57,65,70,68,68,8,11,9,10,10,10,Copa del Mundo
Z. Athekame,Olympique de Lyon,Suiza,,RB,Right,181,21,73,Suiza,78,59,72,70,73,70,76,56,70,75,50,69,66,59,69,69,74,82,73,70,72,72,69,75,68,56,71,73,59,69,58,67,72,75,75,9,8,14,9,11,12,Copa del Mundo
S. Britschgi,Parma,Suiza,,"RB, RM",Right,182,20,70,Suiza,76,52,65,64,67,66,70,48,63,68,50,59,67,56,64,68,79,73,71,67,67,62,65,70,64,50,66,64,57,59,52,59,68,71,66,11,13,9,12,15,10,Copa del Mundo
I. Schmidt,BSC Young Boys,Suiza,,"RB, RM",Right,172,26,70,Suiza,72,55,66,67,66,67,72,50,56,70,53,67,62,54,68,66,76,68,73,68,68,65,61,76,64,57,64,70,60,55,55,69,61,71,66,15,15,11,12,9,6,Copa del Mundo
A. Jashari,AC Milan,Suiza,,"CDM, CB",Left,181,24,79,Suiza,76,70,75,74,81,83,71,65,81,76,59,70,68,71,82,76,78,74,75,78,76,79,76,86,82,71,83,82,75,77,73,86,79,81,86,14,6,15,9,7,15,Copa del Mundo
D. Sow,Genoa CFC,Suiza,,CM,Right,183,29,74,Suiza,73,68,73,75,66,73,70,69,66,77,63,78,72,64,75,72,73,73,74,74,70,69,65,73,77,68,66,65,70,71,68,71,63,69,66,12,14,11,7,14,8,Copa del Mundo
M. Aebischer,1.FC Unión Berlín,Suiza,,CM,Right,183,29,72,Suiza,68,68,72,70,66,69,64,66,67,76,62,69,74,68,73,71,72,65,73,73,70,72,66,70,69,70,70,63,67,73,67,70,67,69,62,7,6,15,15,9,9,Copa del Mundo
R. Freuler,Olympiacos El Pireo,Suiza,,"CM, CDM",Right,181,34,74,Suiza,68,69,73,73,65,74,68,69,66,76,62,68,72,68,74,78,70,66,76,79,72,68,64,77,75,72,71,62,67,73,67,74,63,68,64,11,13,7,11,13,6,Copa del Mundo
V. Sierro,Parma,Suiza,,CM,Right,185,30,71,Suiza,69,69,70,72,64,70,67,68,70,73,58,70,70,65,68,77,70,69,70,69,67,72,65,69,73,72,66,63,69,72,63,70,61,67,65,9,13,13,15,10,15,Copa del Mundo
J. Manzambi,Aston Villa,Suiza,,CAM,Right,182,20,82,Suiza,83,81,86,87,56,73,82,84,64,89,78,88,80,76,85,89,87,80,83,77,85,79,73,81,72,79,67,61,85,88,78,77,56,50,52,11,15,7,10,14,9,Copa del Mundo
F. Rieder,FC Augsburgo,Suiza,,"CAM, CM",Left,181,24,78,Suiza,82,76,80,81,49,71,81,78,67,81,71,81,88,78,79,82,81,82,85,80,81,74,67,78,69,77,68,55,75,79,72,76,45,47,40,9,9,11,14,12,9,Copa del Mundo
A. Sanches,BSC Young Boys,Suiza,,CAM,Left,181,23,76,Suiza,79,76,77,82,48,71,77,78,67,79,73,82,78,79,68,84,83,75,81,81,78,73,64,73,73,76,65,48,79,78,72,79,50,41,48,6,14,6,14,12,7,Copa del Mundo
J. Monteiro,US Lecce,Suiza,,LW,Left,191,27,70,Suiza,77,70,67,71,38,67,70,72,60,68,70,70,69,63,62,73,76,77,70,69,67,71,69,70,67,65,63,41,72,68,67,65,40,30,30,10,15,11,14,12,12,Copa del Mundo
D. Ndoye,Nottingham Forest,Suiza,,"RW, ST",Right,184,25,81,Suiza,86,78,79,84,52,74,78,76,75,81,73,84,81,74,74,87,85,87,80,86,81,81,71,78,76,79,66,49,88,81,78,75,51,48,48,7,15,14,15,10,13,Copa del Mundo
W. Boteli,FC Sion,Suiza,,ST,Right,184,20,73,Suiza,76,76,66,66,38,70,66,78,70,72,71,68,67,64,53,60,74,77,69,68,70,77,74,67,73,71,66,34,77,67,75,72,37,32,33,10,6,15,10,15,10,Copa del Mundo
Z. Amdouni,Burnley FC,Suiza,,ST,Right,183,25,73,Suiza,75,71,62,70,40,73,60,74,75,64,71,69,68,62,56,72,78,73,68,70,68,69,75,71,78,68,64,39,75,62,68,72,37,34,35,9,6,14,7,11,14,Copa del Mundo
C. Itten,SV Werder Bremen,Suiza,,ST,Right,190,29,67,Suiza,68,70,60,64,34,70,55,73,68,67,71,64,63,55,48,63,69,68,65,66,64,71,72,61,77,63,64,35,71,61,65,69,30,29,26,13,13,15,15,9,6,Copa del Mundo
T. Cardozo,CA Belgrano,Uruguay,12,GK,Right,182,30,72,Uruguay,48,31,41,37,32,52,28,27,30,49,22,28,25,26,47,37,47,48,44,63,55,56,56,44,59,20,43,41,20,45,30,49,29,30,30,78,70,64,69,76,48,Copa del Mundo
S. Mele,CA Independiente,Uruguay,1,GK,Right,185,29,69,Uruguay,41,27,39,36,28,49,21,18,35,45,13,23,24,21,46,40,44,38,43,63,51,50,52,45,53,27,42,41,23,49,28,48,24,24,16,69,68,62,66,74,49,Copa del Mundo
C. Fiermarín,Atlético Bucaramanga,Uruguay,23,GK,Right,189,28,70,Uruguay,45,28,40,36,25,52,24,19,34,49,23,24,25,28,43,40,46,45,49,62,46,53,56,39,58,29,50,29,19,46,26,52,22,22,22,66,72,64,71,77,48,Copa del Mundo
R. Araujo,Liverpool FC,Uruguay,4,"CB, RB",Right,192,27,79,Uruguay,79,62,70,68,81,82,66,57,81,76,55,61,55,61,77,76,76,82,63,82,62,74,81,81,85,62,77,84,59,62,60,73,77,83,81,13,6,9,11,14,14,Copa del Mundo
J. Rodríguez,Cagliari,Uruguay,24,CB,Left,190,21,74,Uruguay,71,54,60,62,79,77,61,51,79,68,53,63,60,49,69,61,71,71,61,72,56,65,76,72,80,51,77,76,53,43,52,68,82,78,79,9,7,14,6,14,8,Copa del Mundo
J. María Giménez,RC Deportivo A Coruña,Uruguay,2,CB,Right,186,31,75,Uruguay,70,55,64,63,78,78,59,52,78,68,48,59,52,56,75,65,68,72,59,79,69,65,74,73,83,54,75,79,51,59,53,72,79,78,75,11,10,11,6,6,10,Copa del Mundo
S. Cáceres,RC Celta de Vigo,Uruguay,3,"CB, CDM",Right,180,27,71,Uruguay,61,52,58,62,75,71,62,46,74,60,50,60,47,53,62,63,64,59,64,67,62,69,75,69,70,52,73,72,40,52,46,65,82,71,76,10,12,12,14,8,10,Copa del Mundo
M. Araújo,Sporting de Lisboa,Uruguay,20,LB,Left,176,26,82,Uruguay,88,68,78,79,81,82,85,63,76,81,61,77,74,68,76,76,85,91,89,82,85,76,82,86,78,73,85,80,77,73,68,82,84,81,81,11,13,15,11,7,12,Copa del Mundo
M. Olivera,SSC Nápoles,Uruguay,16,LB,Left,185,28,78,Uruguay,81,64,72,74,75,82,75,59,72,73,57,73,67,63,72,74,80,82,75,79,77,77,73,82,84,66,79,78,65,72,64,75,73,78,71,10,6,9,7,9,12,Copa del Mundo
J. Piquerez,SE Palmeiras,Uruguay,22,LB,Left,185,28,75,Uruguay,79,58,69,71,73,75,69,51,66,70,62,70,71,64,73,72,78,79,67,76,72,68,82,84,74,60,66,74,61,65,61,68,74,75,69,12,6,10,8,8,6,Copa del Mundo
J. Manuel Sanabria,Real Salt Lake City,Uruguay,25,"LB, LM",Left,170,26,70,Uruguay,74,54,67,67,70,68,75,52,61,70,47,67,61,53,65,65,73,74,72,73,72,61,62,68,66,53,74,70,59,62,56,66,71,72,68,9,15,13,7,15,7,Copa del Mundo
S. Mouriño,Villarreal CF,Uruguay,19,RB,Right,186,24,79,Uruguay,88,65,72,74,77,83,77,60,77,72,61,74,79,67,72,73,85,90,76,77,78,71,84,89,81,69,78,80,66,68,67,78,79,74,77,15,8,14,15,14,12,Copa del Mundo
G. Varela,CR Flamengo,Uruguay,13,RB,Right,174,33,71,Uruguay,69,56,68,69,69,68,68,52,61,73,47,68,63,51,67,71,68,69,69,69,73,60,65,75,67,61,65,69,61,64,59,68,70,71,72,14,11,14,10,11,9,Copa del Mundo
R. Bentancur,Tottenham Hotspur,Uruguay,6,CDM,Right,187,29,79,Uruguay,74,71,78,72,82,81,73,67,84,84,58,72,71,73,79,70,80,69,72,83,75,79,81,82,82,75,76,89,70,73,64,82,80,80,74,7,7,8,7,12,9,Copa del Mundo
F. Bernal,Real Betis Balompié,Uruguay,5,"CDM, CM",Right,187,23,72,Uruguay,66,61,71,70,75,73,63,58,72,79,51,70,69,68,72,70,66,66,68,69,67,69,69,72,71,61,80,79,64,64,61,75,73,78,69,9,14,9,11,9,9,Copa del Mundo
L. Torreira,Galatasaray,Uruguay,14,"CDM, CB",Right,166,30,80,Uruguay,76,70,77,76,78,79,70,65,68,84,61,75,71,69,77,76,76,76,73,80,81,77,76,86,74,76,82,79,70,73,69,79,80,79,76,9,6,11,7,11,9,Copa del Mundo
E. Martínez,SE Palmeiras,Uruguay,15,CDM,Right,184,27,73,Uruguay,65,64,70,69,73,73,65,57,70,70,55,68,63,70,72,71,61,68,61,72,65,73,69,76,70,76,80,75,64,74,62,72,73,72,74,14,7,9,12,12,13,Copa del Mundo
N. Nández,Al-Qadsiah FC,Uruguay,8,"RM, LM",Right,172,30,75,Uruguay,78,69,74,75,55,69,78,68,64,74,64,73,74,69,71,76,81,76,78,76,84,70,63,79,67,71,63,52,73,75,72,67,55,54,54,13,12,9,14,12,8,Copa del Mundo
R. Zalazar,Sporting de Lisboa,Uruguay,17,"CAM, CF",Right,175,27,79,Uruguay,83,77,82,78,53,72,78,78,67,84,76,78,78,84,75,79,82,83,75,82,84,74,71,78,72,78,65,53,77,86,72,76,55,47,47,15,6,11,8,10,10,Copa del Mundo
G. de Arrascaeta,CR Flamengo,Uruguay,10,"CAM, CM",Right,177,32,82,Uruguay,81,82,85,83,55,73,80,78,74,90,75,82,88,79,79,84,83,79,83,85,82,84,73,77,72,88,72,55,85,88,80,86,53,53,50,8,15,14,8,6,11,Copa del Mundo
B. Rodríguez,CF América,Uruguay,18,LW,Left,175,26,76,Uruguay,86,78,76,78,45,66,78,80,63,76,66,81,76,67,70,75,83,88,79,73,79,80,66,74,65,74,59,45,73,79,75,73,44,43,39,12,11,13,8,14,12,Copa del Mundo
F. Pellistri,Panathinaikos,Uruguay,11,RW,Right,174,24,72,Uruguay,77,73,70,75,39,64,72,77,51,69,68,78,74,65,66,73,76,77,75,74,75,72,61,70,63,69,59,44,72,73,64,72,36,35,39,10,7,10,9,6,11,Copa del Mundo
D. Núñez,Al-Diriyah FC,Uruguay,9,"ST, CF",Right,185,27,78,Uruguay,76,80,67,78,47,78,67,83,80,71,73,79,72,65,61,78,77,76,77,81,69,83,78,75,82,74,71,42,84,64,78,79,46,45,34,10,7,12,14,14,12,Copa del Mundo
M. Satriano,Getafe CF,Uruguay,26,"ST, CF",Right,187,25,75,Uruguay,77,76,64,72,40,77,62,77,80,68,78,71,70,65,55,71,73,81,77,74,71,80,78,72,83,67,68,42,80,65,72,70,34,34,32,7,9,8,12,15,8,Copa del Mundo
F. Viñas,Deportivo Toluca FC,Uruguay,21,"ST, CF",Left,181,28,74,Uruguay,75,77,67,75,39,71,65,78,75,72,77,77,66,68,58,73,72,77,73,78,71,79,77,69,72,72,71,39,74,65,74,75,33,36,30,14,8,12,15,8,9,Copa del Mundo
R. Aguirre,Tigres UANL,Uruguay,7,ST,Left,182,32,72,Uruguay,70,72,61,71,38,71,58,73,74,65,71,71,60,60,58,71,74,66,70,75,65,72,73,73,72,70,65,39,79,62,74,78,36,28,33,10,6,15,10,12,13,Copa del Mundo
Z. Suzuki,Aston Villa,Japón,1,GK,Right,190,24,81,Japón,57,38,48,46,40,63,33,34,40,52,35,32,35,40,54,50,58,57,51,79,61,56,66,59,68,33,54,47,31,56,36,65,35,43,36,79,80,75,80,80,59,Copa del Mundo
L. Kokubo,Sint-Truidense VV,Japón,12,GK,Right,193,25,71,Japón,43,31,38,39,29,54,19,25,31,47,17,29,29,26,42,40,42,44,47,67,54,48,56,44,60,30,50,39,22,45,35,54,27,26,25,70,69,67,70,73,49,Copa del Mundo
T. Hayakawa,Kashima Antlers,Japón,23,GK,Right,187,27,70,Japón,45,27,40,37,29,54,29,18,32,45,19,27,25,27,41,38,44,45,44,69,48,52,66,44,58,26,52,34,21,50,29,51,27,26,29,66,64,61,69,73,51,Copa del Mundo
H. Ito,Bayern Múnich,Japón,21,"CB, CDM",Left,188,27,80,Japón,75,57,68,70,82,84,69,50,84,75,49,68,59,58,71,72,73,76,69,79,67,75,83,76,88,62,82,81,51,56,51,78,82,83,76,7,12,11,11,15,15,Copa del Mundo
A. Seko,Le Havre AC,Japón,3,"CB, CDM",Right,186,26,70,Japón,66,51,56,57,71,71,52,45,68,64,42,52,50,51,56,58,67,66,61,66,54,65,68,65,74,52,72,71,46,51,52,67,67,75,71,12,13,13,10,14,13,Copa del Mundo
K. Itakura,Borussia Mönchengladbach,Japón,4,"CB, RB",Right,188,29,73,Japón,69,54,61,61,74,74,55,50,69,70,44,56,55,52,62,66,70,68,62,64,62,69,76,64,77,56,78,76,43,56,50,67,76,74,72,15,13,7,6,13,14,Copa del Mundo
J. Suzuki,FC Copenhague,Japón,25,"CB, CDM",Right,180,23,71,Japón,63,52,59,62,74,74,60,48,69,67,46,59,51,51,58,62,59,66,58,71,66,66,73,70,77,50,73,73,47,51,45,72,74,78,74,11,14,7,14,10,9,Copa del Mundo
H. Araki,Sanfrecce Hiroshima,Japón,22,CB,Right,186,30,68,Japón,63,52,57,60,72,72,53,51,72,63,42,60,50,53,61,61,61,65,54,65,55,62,70,56,79,49,73,68,44,49,45,65,73,72,73,7,12,8,9,9,9,Copa del Mundo
S. Nakano,Sanfrecce Hiroshima,Japón,2,"RB, RM",Right,183,26,66,Japón,71,53,63,63,63,67,73,52,60,64,50,62,62,51,58,62,70,72,67,61,60,59,64,71,67,50,61,64,57,59,51,66,63,62,70,10,10,10,8,12,9,Copa del Mundo
H. Heroki Mochizuki,Machida Zelvia,Japón,32,"RB, RM",Right,192,25,65,Japón,71,51,58,61,66,64,64,49,62,60,45,60,60,49,62,61,73,70,62,70,59,58,63,65,65,49,61,66,50,49,49,57,67,66,65,13,8,7,12,13,9,Copa del Mundo
K. Sano,1.FSV Mainz 05,Japón,24,"CDM, CM",Both,176,25,80,Japón,76,70,74,77,81,81,72,67,75,73,69,77,79,75,81,77,75,76,81,74,71,78,77,88,77,69,83,80,70,73,66,83,82,83,84,11,10,9,15,11,14,Copa del Mundo
K. Sano,PSV Eindhoven,Japón,28,"CDM, CB",Right,180,23,77,Japón,71,70,73,74,77,77,67,66,78,78,61,73,60,67,74,76,71,71,70,77,69,75,75,80,77,78,76,80,70,72,70,75,73,80,75,6,6,15,15,8,10,Copa del Mundo
S. Tanaka,FC Schalke 04,Japón,6,"CDM, CB",Left,175,24,73,Japón,66,64,67,71,76,73,60,63,73,70,58,68,63,58,72,74,64,67,71,78,72,69,69,78,70,63,74,76,63,67,59,74,75,79,77,12,6,8,10,12,10,Copa del Mundo
A. Tanaka,Leeds United,Japón,17,"CM, CAM",Right,180,28,76,Japón,73,68,75,79,67,77,69,65,63,77,63,77,73,68,74,84,74,72,74,77,72,68,70,79,77,76,74,68,75,82,70,73,66,71,64,7,8,13,7,15,11,Copa del Mundo
D. Kamada,Crystal Palace,Japón,15,CM,Right,180,30,76,Japón,69,70,76,76,68,71,70,68,68,79,66,74,75,72,75,79,70,68,77,78,74,72,68,78,68,75,71,73,76,80,68,79,68,68,63,6,12,7,8,12,14,Copa del Mundo
K. Matsuki,Southampton FC,Japón,19,"CAM, CM",Left,180,23,68,Japón,68,70,68,70,41,59,64,70,56,71,63,68,70,64,61,74,67,69,68,70,69,70,58,64,58,70,54,40,70,71,69,66,41,40,33,12,10,9,6,6,13,Copa del Mundo
D. Maeda,Ipswich Town,Japón,11,"LW, ST",Left,173,28,73,Japón,76,71,72,75,40,64,75,71,62,73,70,70,72,70,67,77,74,78,81,76,79,70,62,73,61,71,61,44,71,72,73,76,37,36,36,10,14,7,12,10,13,Copa del Mundo
K. Nakamura,Olympique de Lyon,Japón,13,"LW, LM",Left,180,26,74,Japón,82,70,71,78,44,68,81,72,63,71,71,78,79,71,62,76,81,82,87,73,76,70,62,72,70,67,60,46,70,64,73,71,40,42,38,9,8,15,15,10,9,Copa del Mundo
Y. Soma,Machida Zelvia,Japón,7,"LW, LM",Left,166,29,71,Japón,78,72,69,75,40,63,70,74,54,67,71,75,68,66,70,75,77,78,78,66,74,65,62,69,62,76,60,43,76,72,69,72,38,37,35,8,7,15,14,14,9,Copa del Mundo
S. Saito,KVC Westerlo,Japón,29,LW,Left,174,21,65,Japón,68,66,63,69,35,57,68,66,52,63,64,73,59,59,52,62,68,68,75,67,72,65,54,67,56,65,49,40,72,66,65,66,36,27,27,7,7,6,14,9,12,Copa del Mundo
T. Kubo,Real Sociedad,Japón,20,RW,Left,173,25,79,Japón,88,78,78,84,49,71,81,78,65,79,73,82,82,74,71,88,89,87,86,81,79,80,68,79,68,76,69,49,77,80,77,77,50,44,42,8,6,11,12,13,14,Copa del Mundo
R. Doan,Eintracht Fráncfort​​,Japón,10,"RW, ST",Left,172,28,78,Japón,83,75,78,82,48,70,80,76,60,82,76,81,70,74,72,86,86,81,78,77,90,72,66,78,66,77,70,50,80,76,71,73,48,44,48,14,6,11,6,10,11,Copa del Mundo
J. Ito,KRC Genk,Japón,14,"RW, RM",Right,177,33,75,Japón,76,76,75,79,46,66,77,78,64,77,74,83,77,66,65,76,75,76,77,79,74,78,65,75,64,70,62,53,77,77,74,74,46,39,36,7,15,9,10,9,15,Copa del Mundo
Y. Suzuki,SC Friburgo,Japón,8,CAM,Right,175,24,79,Japón,82,77,79,81,50,70,81,76,61,77,72,83,82,75,75,80,84,81,76,77,83,78,66,80,68,79,65,53,78,84,78,80,52,47,38,13,11,12,10,13,11,Copa del Mundo
A. Ueda,LOSC Lille,Japón,18,ST,Right,182,28,79,Japón,81,80,70,80,43,80,69,80,80,78,75,76,76,67,60,84,84,79,79,80,74,82,77,77,82,77,78,41,84,65,80,82,36,39,43,15,10,14,11,8,9,Copa del Mundo
K. Goto,SC Friburgo,Japón,9,"ST, CF",Right,191,21,74,Japón,77,72,63,70,40,75,62,71,83,65,75,69,68,66,55,71,76,77,68,76,69,78,80,73,81,65,63,32,80,65,76,72,41,32,33,7,7,13,7,8,14,Copa del Mundo
K. Shiogai,VfL Wolfsburgo,Japón,26,"ST, CF",Right,180,21,68,Japón,67,72,60,65,36,69,60,74,64,67,77,63,55,56,53,65,64,69,67,67,68,75,68,69,71,64,64,43,73,54,67,73,34,29,26,10,14,15,14,8,14,Copa del Mundo
K. Tanimura,Yokohama F. Marinos,Japón,31,"ST, LW",Right,183,28,68,Japón,65,70,58,64,34,65,62,73,74,58,72,63,61,62,53,65,64,66,63,68,68,68,68,62,67,65,63,34,78,55,68,69,32,27,26,8,11,15,8,15,9,Copa del Mundo
C. Zawieschitzky,Red Bull Salzburgo,Austria,13,GK,Left,192,19,69,Austria,43,26,36,36,26,55,24,17,30,41,18,25,23,22,40,39,45,41,45,65,51,50,60,46,61,24,48,29,17,45,29,47,24,25,26,70,71,68,70,72,51,Copa del Mundo
L. Jungwirth,LASK,Austria,13,GK,Right,193,22,68,Austria,41,29,35,35,26,52,23,24,29,40,17,23,23,22,38,38,43,40,42,61,50,48,57,43,59,25,44,31,20,41,34,50,24,24,22,69,71,61,63,67,44,Copa del Mundo
F. Wiegele,FC Viktoria Plzen,Austria,12,GK,Left,205,25,69,Austria,46,26,41,35,25,55,31,18,29,48,25,24,24,25,44,37,43,49,42,67,50,48,52,47,62,21,46,36,24,43,26,46,23,19,26,67,69,66,71,74,42,Copa del Mundo
A. Schlager,SV Werder Bremen,Austria,1,GK,Right,185,30,69,Austria,50,30,37,37,29,50,20,25,35,42,20,30,21,20,41,34,47,52,48,64,51,49,58,41,57,26,43,38,24,50,32,47,25,25,31,70,64,67,70,73,48,Copa del Mundo
M. Bignetti,1.FC Saarbrücken,Austria,,GK,Right,190,22,62,Austria,38,20,30,29,19,42,23,16,22,33,10,17,19,21,31,31,39,37,38,57,45,35,51,33,47,16,41,30,13,36,19,43,17,12,17,63,62,55,62,63,38,Copa del Mundo
D. Affengruber,Fulham FC,Austria,2,"CB, RB",Right,185,25,81,Austria,73,60,72,68,86,84,73,54,85,80,53,64,57,62,74,67,72,74,70,83,71,76,82,80,85,61,85,83,57,60,62,83,86,87,86,10,10,10,9,6,12,Copa del Mundo
K. Danso,Sunderland AFC,Austria,3,"CB, CDM",Right,190,28,78,Austria,71,59,66,66,81,78,60,56,84,74,51,62,58,58,72,72,72,71,59,74,65,69,79,73,80,58,81,86,48,58,62,71,76,83,78,8,12,15,7,6,7,Copa del Mundo
P. Lienhart,SC Friburgo,Austria,15,"CB, RB",Right,189,30,78,Austria,77,57,65,65,79,86,62,51,82,71,53,62,58,60,69,67,78,76,63,72,68,76,80,80,91,55,81,77,53,58,57,75,78,79,83,12,10,13,9,6,8,Copa del Mundo
M. Friedl,SV Werder Bremen,Austria,23,CB,Left,187,28,75,Austria,72,56,62,65,76,76,61,48,81,67,47,59,52,52,69,67,70,73,70,75,68,74,78,71,80,58,74,78,49,52,56,73,76,74,76,7,8,11,14,6,7,Copa del Mundo
F. Bacher,Olympique de Lyon,Austria,,CB,Right,190,25,72,Austria,71,51,59,60,77,74,51,46,77,68,47,56,57,54,67,65,68,73,53,71,57,65,76,66,77,51,75,72,46,47,55,70,75,81,78,13,7,13,9,12,8,Copa del Mundo
S. Posch,1.FSV Mainz 05,Austria,5,CB,Right,188,29,75,Austria,69,55,62,63,79,79,60,47,81,71,51,57,56,54,65,69,68,69,61,72,63,70,83,74,82,61,76,78,53,47,57,72,79,81,75,6,9,14,14,11,7,Copa del Mundo
M. Wöber,FC Schalke 04,Austria,,CB,Left,188,28,69,Austria,62,48,56,59,70,72,55,42,72,60,42,52,49,48,62,63,62,62,61,62,57,63,69,68,74,47,71,68,45,48,51,73,70,70,74,13,11,10,7,12,8,Copa del Mundo
P. Mwene,1.FSV Mainz 05,Austria,16,LB,Left,170,32,73,Austria,75,58,68,71,70,69,69,53,61,67,54,69,64,60,71,72,71,78,75,72,77,68,69,75,63,59,75,75,65,71,57,71,67,73,74,8,12,10,14,8,13,Copa del Mundo
K. Laimer,Bayern Múnich,Austria,20,RB,Right,180,29,82,Austria,88,69,78,78,82,82,85,68,78,77,62,76,74,68,82,79,83,93,81,87,73,76,78,88,79,69,81,85,67,71,65,82,76,86,86,15,14,13,8,14,7,Copa del Mundo
N. Veratschnig,Red Bull Salzburgo,Austria,14,RB,Right,180,23,72,Austria,76,61,67,66,67,72,69,60,59,71,58,65,64,55,69,63,77,75,73,73,68,70,72,74,71,55,71,74,60,58,59,69,67,64,68,12,10,7,15,8,9,Copa del Mundo
N. Seiwald,RB Leipzig,Austria,6,CDM,Right,179,25,82,Austria,75,72,80,77,83,84,75,67,78,84,69,77,74,71,85,77,72,77,74,83,77,79,82,87,84,75,81,88,76,78,74,81,83,83,82,14,15,8,8,13,9,Copa del Mundo
P. Wanner,PSV Eindhoven,Austria,10,"CM, CDM",Left,185,20,75,Austria,68,73,76,77,65,76,70,73,68,77,71,80,73,72,76,77,71,66,72,73,74,75,75,75,78,73,70,66,70,80,63,76,64,66,64,15,7,9,15,14,10,Copa del Mundo
C. Chukwuemeka,Borussia Dortmund,Austria,17,"CM, CDM",Right,187,22,75,Austria,72,72,75,78,66,73,70,73,73,78,62,79,67,63,72,79,75,70,73,77,78,73,75,76,73,72,70,65,69,81,63,78,63,68,63,9,10,15,12,15,15,Copa del Mundo
X. Schlager,Nottingham Forest,Austria,4,"CM, CAM",Left,174,29,76,Austria,73,74,78,76,69,73,76,74,68,81,61,76,74,71,80,75,74,73,74,76,79,76,65,83,70,76,71,68,72,75,68,77,69,73,63,12,9,8,12,10,6,Copa del Mundo
V. Markovic,FK Austria Viena,Austria,,"CM, CAM",Right,182,18,68,Austria,64,61,69,71,57,61,72,58,57,71,61,70,63,65,69,75,65,64,70,60,68,63,63,70,57,67,60,58,64,65,62,61,55,56,61,8,14,13,14,9,12,Copa del Mundo
S. Horvath,LASK,Austria,20,"CM, CDM",Right,168,30,70,Austria,67,66,68,70,68,63,64,65,53,72,63,71,67,62,66,68,65,68,69,74,71,68,64,69,59,67,65,69,69,69,63,66,72,70,61,13,11,15,14,10,11,Copa del Mundo
A. Prass,TSG 1899 Hoffenheim,Austria,22,"LM, LW",Left,180,25,75,Austria,82,69,75,79,54,73,81,69,60,77,68,84,72,69,69,77,81,83,78,73,70,76,65,78,75,64,66,57,76,70,64,74,57,46,53,11,14,7,9,7,13,Copa del Mundo
R. Schmid,Frosinone Calcio,Austria,18,"CAM, CM",Right,168,26,78,Austria,80,76,79,82,50,71,78,75,60,79,70,87,78,73,76,77,82,78,80,76,89,78,67,77,71,76,66,51,76,84,73,74,51,48,44,12,10,15,12,6,12,Copa del Mundo
M. Grüll,SV Werder Bremen,Austria,19,LW,Both,181,28,72,Austria,77,70,69,71,42,64,78,73,61,67,63,72,71,68,67,68,75,78,77,69,73,69,61,71,65,67,54,41,75,65,69,70,44,35,38,9,10,7,15,12,11,Copa del Mundo
P. Wimmer,TSG 1899 Hoffenheim,Austria,21,RW,Right,182,25,75,Austria,82,69,74,78,44,70,79,68,57,77,70,80,73,67,70,75,83,82,82,83,76,69,71,75,74,71,54,47,74,70,67,70,42,43,37,12,9,13,7,11,7,Copa del Mundo
S. Kalajdzic,LASK,Austria,9,ST,Right,200,29,72,Austria,73,74,64,72,38,75,63,73,83,69,71,72,66,68,57,74,70,76,68,74,61,75,77,68,81,73,70,39,80,62,71,69,35,28,33,15,15,7,6,14,7,Copa del Mundo
C. Lang,LASK,Austria,7,ST,Both,183,24,68,Austria,71,69,58,68,35,68,55,71,65,64,72,68,62,52,52,71,73,69,64,71,62,72,69,62,72,59,63,31,72,58,67,66,30,34,32,13,13,7,12,12,11,Copa del Mundo
J. Adamu,FC Schalke 04,Austria,8,"ST, CF",Right,183,25,69,Austria,74,70,56,70,35,66,55,75,69,59,71,71,61,57,47,70,70,77,68,69,64,64,71,63,69,65,62,30,75,59,68,68,28,38,27,9,15,8,6,11,8,Copa del Mundo
M. Gregoritsch,FC Augsburgo,Austria,11,ST,Left,193,32,71,Austria,73,71,63,69,39,73,59,74,78,68,74,71,65,59,58,66,72,73,65,78,62,72,77,66,80,64,62,35,70,63,72,83,35,33,36,7,10,7,14,6,13,Copa del Mundo
C. Brady,Chicago Fire FC,Estados Unidos,25,GK,Right,193,22,69,Estados Unidos,46,27,36,36,27,52,23,22,29,40,14,25,23,21,46,39,49,44,47,68,46,45,55,45,57,25,45,39,14,40,28,47,24,23,26,75,69,62,68,73,51,Copa del Mundo
M. Freese,New York City FC,Estados Unidos,1,GK,Right,191,28,69,Estados Unidos,45,25,38,36,26,52,28,17,29,47,21,22,26,24,38,39,42,48,49,66,52,49,59,43,59,24,42,37,14,41,25,48,24,19,24,69,70,63,68,74,46,Copa del Mundo
D. Kochen,Lyngby Boldklub,Estados Unidos,24,GK,Right,190,20,64,Estados Unidos,41,20,30,31,21,47,16,14,21,37,15,21,14,16,30,32,39,43,45,61,38,41,48,38,54,15,39,27,13,40,28,37,18,21,16,67,62,62,63,65,45,Copa del Mundo
B. Schwake,Nashville SC,Estados Unidos,28,GK,Right,189,25,67,Estados Unidos,38,26,38,32,24,50,27,22,22,44,13,21,15,22,42,32,36,39,43,66,44,47,60,37,57,22,44,37,18,47,22,47,22,22,17,64,65,66,66,71,42,Copa del Mundo
C. Richards,Crystal Palace,Estados Unidos,,CB,Right,189,26,78,Estados Unidos,73,60,66,66,83,83,63,55,84,72,54,59,59,60,69,71,73,73,62,77,67,76,85,76,87,56,81,76,56,62,60,77,85,84,85,11,7,7,11,6,8,Copa del Mundo
A. Trusty,Celtic FC,Estados Unidos,6,CB,Left,190,28,74,Estados Unidos,71,52,62,64,78,79,58,44,77,72,44,58,49,54,67,71,74,69,59,70,65,67,83,73,81,55,79,77,48,51,55,72,79,78,75,14,11,12,7,13,11,Copa del Mundo
M. Robinson,FC Cincinnati,Estados Unidos,12,"CB, CDM",Right,187,29,72,Estados Unidos,68,51,60,59,76,73,55,50,80,67,50,52,48,51,66,61,66,69,61,71,63,60,75,66,77,47,70,78,42,56,54,72,76,76,72,7,15,9,10,8,6,Copa del Mundo
G. Campbell,West Bromwich Albion,Estados Unidos,18,"CB, RB",Right,188,25,70,Estados Unidos,63,47,57,58,74,74,50,39,71,68,45,53,52,50,58,62,61,64,53,69,61,62,75,70,77,47,73,75,48,47,52,64,76,73,72,12,9,12,10,10,10,Copa del Mundo
N. Pierre,Philadelphia Union,Estados Unidos,20,"CB, CDM",Right,201,18,62,Estados Unidos,64,43,48,49,68,68,44,41,71,52,38,47,41,41,56,53,61,66,42,53,43,56,70,59,73,39,67,67,35,41,45,57,66,70,64,7,10,10,13,6,9,Copa del Mundo
A. Robinson,Fulham FC,Estados Unidos,5,"LB, RB",Left,183,29,81,Estados Unidos,87,66,76,76,78,82,79,63,77,79,72,72,74,64,74,78,90,84,84,77,81,72,76,84,83,65,77,79,72,71,67,72,81,73,87,10,9,12,9,11,6,Copa del Mundo
P. Miller,New England Revolution,Estados Unidos,13,"LB, RB",Left,170,18,67,Estados Unidos,75,54,65,63,67,67,62,48,53,70,44,63,65,55,66,60,75,75,70,67,70,66,65,76,65,55,59,70,60,60,54,59,70,65,68,14,8,9,10,10,7,Copa del Mundo
S. Dest,PSV Eindhoven,Estados Unidos,2,"RB, LB",Right,173,25,77,Estados Unidos,83,62,72,75,75,77,80,54,69,70,56,72,73,68,70,76,82,84,80,69,84,74,75,80,74,66,82,75,68,68,61,71,80,74,72,13,7,6,13,7,11,Copa del Mundo
A. Freeman,Villarreal CF,Estados Unidos,16,"RB, LB",Right,188,22,74,Estados Unidos,81,58,70,70,73,73,74,53,72,74,57,70,67,62,68,68,82,80,73,72,71,67,71,76,72,61,71,69,61,65,62,72,78,72,74,15,13,12,12,9,10,Copa del Mundo
F. Westfield,Philadelphia Union,Estados Unidos,21,RB,Right,175,20,65,Estados Unidos,71,51,62,65,62,65,66,49,61,65,46,63,62,54,60,67,75,68,67,64,64,59,57,69,63,50,68,64,51,57,47,57,61,61,68,8,6,14,9,13,10,Copa del Mundo
T. Adams,AFC Bournemouth,Estados Unidos,4,CDM,Right,175,27,79,Estados Unidos,74,68,74,76,78,80,69,62,73,78,61,77,67,66,78,78,77,71,71,78,70,77,80,84,79,71,79,76,73,75,70,76,82,77,79,6,9,15,10,7,11,Copa del Mundo
Y. Musah,AC Milan,Estados Unidos,10,CM,Right,178,23,76,Estados Unidos,71,72,76,76,70,75,73,69,64,79,71,76,69,71,78,76,72,71,76,74,76,75,72,84,73,76,69,70,82,76,70,74,66,76,70,11,15,14,8,15,6,Copa del Mundo
S. Berhalter,Middlesbrough FC,Estados Unidos,14,CM,Right,175,25,73,Estados Unidos,74,68,73,71,67,68,68,65,63,74,64,69,70,71,78,73,72,75,71,74,76,73,61,74,66,69,66,66,67,72,70,70,68,69,63,15,12,7,13,9,7,Copa del Mundo
A. Mehmeti,Red Bull New York,Estados Unidos,26,CM,Right,183,17,68,Estados Unidos,66,62,68,67,62,68,63,58,62,69,56,63,65,62,69,74,64,67,67,64,57,60,57,67,70,73,65,58,63,71,67,60,58,67,62,12,10,6,10,8,12,Copa del Mundo
B. Raines,New England Revolution,Estados Unidos,15,"CM, CDM",Right,173,21,67,Estados Unidos,62,63,68,69,59,63,66,61,52,68,58,65,67,62,69,73,65,60,71,66,69,65,61,70,61,65,61,65,62,72,65,70,56,61,53,12,10,15,12,14,10,Copa del Mundo
C. Sullivan,Philadelphia Union,Estados Unidos,8,RM,Left,170,17,67,Estados Unidos,70,65,64,69,48,62,69,63,53,64,64,67,68,62,65,70,70,70,77,61,73,69,56,75,58,67,57,51,62,58,68,61,45,47,44,11,11,9,11,15,8,Copa del Mundo
M. Tillman,Bayer 04 Leverkusen,Estados Unidos,17,"CAM, CM",Right,187,24,81,Estados Unidos,82,81,81,82,53,78,73,82,78,85,82,82,85,75,80,83,80,83,83,76,77,78,70,81,82,81,68,55,87,83,82,83,54,45,49,8,15,12,6,9,12,Copa del Mundo
G. Reyna,Racing Club de Estrasburgo,Estados Unidos,7,CAM,Right,187,23,71,Estados Unidos,71,70,75,69,44,64,72,71,62,75,64,70,66,71,78,68,70,72,67,72,72,68,64,67,65,71,59,49,72,80,67,74,41,40,39,11,8,15,7,13,10,Copa del Mundo
M. Albert,Borussia Dortmund,Estados Unidos,27,"LW, ST",Left,179,17,66,Estados Unidos,74,68,66,69,37,60,68,68,56,65,59,70,70,62,63,70,76,72,73,61,66,69,57,67,62,67,46,35,69,68,69,66,40,29,38,14,7,10,14,7,9,Copa del Mundo
C. Campbell,SV 07 Elversberg,Estados Unidos,,RW,Left,180,20,69,Estados Unidos,81,68,67,70,40,63,70,69,57,70,69,74,66,59,59,67,81,81,75,64,65,68,61,66,63,68,58,41,71,67,65,61,41,33,35,14,10,11,12,11,12,Copa del Mundo
Z. Gozo,Crystal Palace,Estados Unidos,11,RW,Right,180,19,68,Estados Unidos,78,66,66,70,35,62,75,61,54,67,68,71,68,61,60,68,77,78,76,67,76,69,62,75,58,73,55,32,71,62,66,59,37,32,29,7,6,11,6,14,15,Copa del Mundo
J. Hall,Red Bull New York,Estados Unidos,19,ST,Right,178,18,69,Estados Unidos,72,69,59,70,35,68,55,70,64,62,75,70,60,54,54,69,70,73,75,65,69,72,74,63,70,63,66,34,70,61,68,68,34,30,26,13,10,10,12,12,8,Copa del Mundo
D. Downs,St. Louis CITY SC,Estados Unidos,9,"ST, LW",Right,192,22,70,Estados Unidos,69,72,61,71,39,72,57,74,72,68,69,69,63,64,55,77,67,71,65,68,64,76,76,64,78,66,66,31,77,58,64,66,33,39,36,15,12,11,11,7,15,Copa del Mundo
J. Ellis,Orlando City SC,Estados Unidos,22,ST,Right,182,19,63,Estados Unidos,63,64,54,61,31,58,51,69,65,55,63,60,56,55,52,63,64,62,61,58,61,60,62,58,59,57,55,30,67,58,62,56,30,24,25,6,10,10,6,6,8,Copa del Mundo
K. Mier,CD Cruz Azul,Colombia,1,GK,Right,187,26,74,Colombia,49,31,42,43,31,56,26,22,30,49,25,30,28,31,45,52,47,50,44,65,54,56,64,48,63,27,47,37,23,50,33,48,29,29,31,73,79,65,73,79,52,Copa del Mundo
Á. Montero,CA Boca Juniors,Colombia,24,GK,Right,201,31,73,Colombia,51,29,42,41,29,54,27,19,34,52,24,30,26,26,42,42,56,47,48,68,56,55,59,44,62,28,44,37,22,46,35,60,26,25,28,72,73,64,74,78,53,Copa del Mundo
A. Quintana,Independiente del Valle,Colombia,12,GK,Left,195,32,71,Colombia,42,29,39,39,26,53,22,22,29,45,21,29,25,34,40,41,38,45,46,70,49,51,57,47,58,27,47,33,22,49,34,56,27,20,25,74,69,62,77,73,48,Copa del Mundo
J. Lucumí,Juventus de Turín,Colombia,3,CB,Left,187,28,80,Colombia,76,60,66,68,84,84,62,56,86,72,54,60,61,58,70,74,77,76,67,81,69,74,87,81,87,58,81,81,53,58,60,85,84,88,79,10,13,10,11,13,8,Copa del Mundo
D. Sánchez,Galatasaray,Colombia,23,"CB, CDM",Right,188,30,80,Colombia,75,62,67,69,83,83,66,55,89,73,57,63,59,65,73,74,75,75,65,78,71,78,81,76,86,64,84,88,52,55,58,76,79,83,83,12,14,6,12,8,15,Copa del Mundo
K. Andrade,Zenit de San Petersburgo,Colombia,25,CB,Right,189,27,72,Colombia,68,54,62,60,77,75,58,50,73,70,47,57,56,48,69,62,70,67,56,65,59,63,78,73,75,57,77,76,48,53,50,69,76,79,79,10,6,13,15,7,11,Copa del Mundo
R. Caicedo,Círculo de Brujas,Colombia,15,"CB, CDM",Left,195,20,63,Colombia,60,42,52,51,67,69,46,37,69,63,36,48,42,41,56,52,56,63,54,57,46,62,73,63,74,36,63,70,41,42,40,65,67,66,64,11,14,14,10,8,7,Copa del Mundo
Á. Angulo,Pumas UNAM,Colombia,4,"LB, LM",Left,176,29,71,Colombia,79,57,65,68,68,71,68,52,63,66,59,66,56,57,71,67,76,82,76,69,72,67,67,77,69,60,71,66,57,58,57,74,67,70,71,7,13,7,7,6,10,Copa del Mundo
S. Velásquez,Atlético Nacional,Colombia,17,LB,Left,174,23,63,Colombia,70,51,58,59,62,61,63,51,49,57,37,59,52,47,63,56,72,69,67,58,63,51,56,68,60,57,58,57,51,56,46,58,63,65,68,9,8,7,6,9,14,Copa del Mundo
D. Muñoz,Nottingham Forest,Colombia,2,"RB, LB",Right,180,30,81,Colombia,85,68,77,74,80,82,81,65,76,80,66,68,76,66,74,76,82,87,80,82,78,77,81,78,85,69,82,79,74,71,61,82,79,83,76,7,10,9,14,8,10,Copa del Mundo
É. Ocampo,Vancouver Whitecaps FC,Colombia,18,RB,Right,171,23,70,Colombia,72,54,64,71,69,67,69,51,62,66,50,70,60,59,64,71,71,72,75,65,77,61,64,76,61,52,71,68,59,60,52,66,66,73,71,12,11,8,14,10,7,Copa del Mundo
R. Ríos,Al-Ittihad Club,Colombia,6,CDM,Right,185,26,81,Colombia,80,71,77,76,81,84,67,64,75,87,67,77,69,72,72,76,76,84,73,80,76,83,79,83,85,75,82,80,74,78,70,80,84,80,84,14,13,8,13,7,8,Copa del Mundo
K. Castaño,Clube Atlético Mineiro,Colombia,5,"CDM, CM",Right,179,26,69,Colombia,64,61,66,70,68,72,56,61,66,69,54,68,64,64,75,73,67,62,67,65,66,68,67,70,74,57,73,64,67,64,56,70,65,74,67,14,7,9,12,9,13,Copa del Mundo
M. Orozco,CD Castellón,Colombia,16,"CDM, CB",Right,186,18,66,Colombia,62,59,64,62,67,67,60,55,63,69,50,65,54,62,68,60,59,64,56,68,56,64,61,68,67,65,69,68,61,60,57,63,67,68,66,7,7,10,11,13,9,Copa del Mundo
G. Puerta,Olympiacos El Pireo,Colombia,14,"CM, CAM",Right,173,23,78,Colombia,75,76,81,78,70,74,74,78,65,85,69,76,76,75,81,80,78,73,81,74,78,74,72,81,69,78,79,70,73,86,69,77,69,73,71,8,7,15,7,9,9,Copa del Mundo
J. Solís,Birmingham City,Colombia,14,CM,Right,186,22,70,Colombia,67,62,71,70,61,71,62,57,63,75,62,76,70,64,71,66,66,67,69,61,66,72,62,76,71,61,65,62,67,74,69,72,58,66,53,6,6,6,13,12,10,Copa del Mundo
J. Manuel Rengifo,Atlético Nacional,Colombia,19,CAM,Left,173,21,69,Colombia,68,68,70,69,40,62,66,68,52,73,61,68,72,64,68,71,68,68,66,74,72,70,62,70,60,66,57,42,68,71,68,62,41,36,36,11,11,13,13,10,12,Copa del Mundo
A. Gómez,Clube de Regatas Vasco da Gama,Colombia,26,"LW, ST",Left,170,24,77,Colombia,85,75,77,81,49,69,75,79,59,82,68,81,80,70,70,80,89,82,82,79,81,71,64,79,64,72,69,48,78,76,78,83,48,49,43,12,12,8,11,12,12,Copa del Mundo
J. Campaz,CA Rosario Central,Colombia,21,LW,Left,166,26,73,Colombia,79,70,73,73,41,60,79,70,56,72,71,73,74,70,66,71,83,76,79,73,81,66,58,71,55,70,61,44,77,75,68,72,40,35,37,6,11,15,12,9,10,Copa del Mundo
Ó. Perea,CF América,Colombia,7,"LW, LM",Left,174,21,68,Colombia,72,68,69,69,40,59,73,70,58,71,66,69,66,61,60,68,73,72,72,75,72,65,61,65,55,66,59,42,72,71,61,62,32,42,34,6,14,12,8,14,15,Copa del Mundo
D. Arcila,Club León FC,Colombia,13,"LW, ST",Left,182,24,67,Colombia,77,65,67,71,35,60,70,66,60,69,61,70,70,56,59,74,76,78,75,66,66,64,55,65,63,64,48,34,72,67,62,66,37,29,28,8,6,7,13,6,14,Copa del Mundo
J. Arias,SE Palmeiras,Colombia,11,RW,Right,168,29,80,Colombia,87,78,79,81,50,73,83,79,64,78,71,78,78,77,72,83,84,90,83,81,91,76,73,78,74,80,64,47,85,84,72,79,49,50,47,10,10,13,10,7,15,Copa del Mundo
Y. Asprilla,Girona FC,Colombia,22,"RW, ST",Left,176,22,73,Colombia,80,68,72,75,41,62,73,68,57,72,71,77,69,72,69,72,77,83,75,75,79,72,68,68,59,64,58,42,70,76,69,69,39,37,38,10,14,13,7,12,11,Copa del Mundo
L. Suárez,Sporting de Lisboa,Colombia,25,"ST, LW",Right,179,28,80,Colombia,81,83,69,80,47,77,71,84,81,72,83,80,74,69,66,79,78,83,81,85,79,82,82,83,77,79,69,44,84,64,83,79,47,40,38,10,14,12,6,11,8,Copa del Mundo
K. Viveros,Club Athletico Paranaense,Colombia,20,"ST, LW",Right,180,26,77,Colombia,79,80,67,76,44,76,60,82,75,69,77,80,67,65,66,74,76,82,72,75,74,82,75,74,79,75,69,45,86,71,78,75,43,38,34,14,9,7,7,9,11,Copa del Mundo
C. Durán,Celtic FC,Colombia,11,ST,Left,178,24,71,Colombia,74,75,64,70,36,70,59,76,68,73,73,71,66,61,57,67,75,73,72,75,69,73,73,66,75,74,62,41,74,61,72,70,26,33,30,11,8,10,8,11,6,Copa del Mundo
M. Mastil,FC Lausanne-Sport,Argelia,,GK,Right,194,26,66,Argelia,40,25,36,34,22,46,24,19,22,44,19,21,23,17,40,38,41,39,47,62,51,49,55,39,52,21,40,32,14,39,23,46,17,21,19,67,68,58,68,67,44,Copa del Mundo
A. Ramdane,MC Alger,Argelia,,GK,Right,190,25,64,Argelia,40,23,34,32,20,49,23,14,32,39,10,20,17,23,40,35,41,40,40,60,40,47,53,39,59,22,37,29,17,37,28,47,15,14,18,64,59,59,61,67,41,Copa del Mundo
K. Belazzoug,Stade Rennais FC,Argelia,,GK,Right,198,20,62,Argelia,39,19,29,31,21,45,13,11,19,38,13,22,16,14,32,33,36,42,40,60,40,34,48,35,53,24,35,25,13,34,25,40,24,17,18,65,64,56,64,63,41,Copa del Mundo
R. Bensebaini,Borussia Dortmund,Argelia,,CB,Left,187,31,79,Argelia,71,60,67,70,82,83,69,56,78,72,55,66,54,57,71,75,71,71,64,78,67,71,82,79,85,59,83,77,54,57,63,79,84,86,78,10,7,13,8,10,15,Copa del Mundo
S. Chergui,Paris FC,Argelia,,"CB, CDM",Right,185,27,69,Argelia,65,48,59,59,71,73,55,46,70,65,43,55,49,49,63,59,63,66,58,69,64,59,68,63,76,43,79,71,43,53,48,69,67,74,72,15,10,8,14,12,12,Copa del Mundo
S. Naïr,AS Saint-Étienne,Argelia,,CB,Right,186,24,70,Argelia,65,50,58,58,73,73,57,47,74,63,40,52,52,56,63,62,66,64,59,66,62,63,68,66,78,48,70,75,51,48,43,70,76,71,67,7,7,7,13,14,7,Copa del Mundo
A. Touba,Le Havre AC,Argelia,,CB,Left,190,28,71,Argelia,66,49,58,61,74,75,55,45,74,64,47,58,45,57,62,63,65,66,61,70,56,58,78,67,79,49,74,78,45,53,51,73,72,73,74,6,11,6,9,12,8,Copa del Mundo
Z. Belaid,Al-Taawoun FC,Argelia,,CB,Right,186,27,69,Argelia,62,47,56,57,72,73,49,40,74,63,41,49,55,51,65,65,60,63,53,67,59,65,73,64,75,44,78,72,44,47,54,64,74,69,68,7,15,10,10,9,9,Copa del Mundo
A. Abada,USM Alger,Argelia,,"CB, CDM",Right,185,27,67,Argelia,65,48,55,53,70,67,48,41,73,59,45,46,43,47,65,58,61,69,51,67,59,63,67,60,70,49,70,69,44,52,49,64,69,72,68,6,7,10,11,12,13,Copa del Mundo
R. Aït-Nouri,Manchester City,Argelia,,LB,Left,180,25,83,Argelia,86,67,80,80,79,82,82,64,75,85,63,76,79,68,84,84,85,86,84,80,79,76,80,87,77,66,87,81,72,72,66,74,77,80,85,13,9,13,9,9,9,Copa del Mundo
J. Hadjam,Brighton & Hove Albion,Argelia,,"LB, LM",Left,185,23,73,Argelia,77,58,71,69,72,72,72,54,68,76,52,70,62,62,67,64,76,77,76,76,72,68,73,78,70,54,69,69,66,68,61,71,70,75,76,9,15,15,8,15,13,Copa del Mundo
S. Radouani,USM Alger,Argelia,,RB,Right,182,31,66,Argelia,69,54,59,67,61,62,65,52,57,59,46,66,57,52,55,69,72,66,69,64,66,61,62,66,59,53,65,60,56,58,50,68,59,62,67,8,15,15,9,9,15,Copa del Mundo
A. Zorgane,Union Saint-Gilloise,Argelia,,CM,Right,184,26,76,Argelia,72,70,75,75,70,72,68,65,73,79,68,78,75,70,78,74,74,70,69,78,71,78,65,75,74,72,67,68,72,75,67,77,70,72,60,10,6,10,6,14,13,Copa del Mundo
H. Abdelli,Olympique de Marsella,Argelia,,"CM, CDM",Right,185,26,71,Argelia,70,65,72,73,64,70,71,59,63,74,59,71,64,63,72,77,64,75,69,71,73,72,63,70,72,73,67,65,70,73,62,72,61,66,64,6,7,12,12,8,14,Copa del Mundo
A. Bourabaa,Le Mans FC,Argelia,,CM,Right,183,21,67,Argelia,66,63,68,66,61,67,66,60,59,69,58,65,68,57,73,68,69,63,67,65,63,68,60,71,66,65,66,61,65,69,58,64,58,64,60,9,15,11,10,8,11,Copa del Mundo
I. Maza,Bayer 04 Leverkusen,Argelia,,CAM,Right,180,20,78,Argelia,79,79,78,82,52,68,75,80,66,79,73,81,77,80,75,85,78,80,85,75,84,77,62,79,63,82,66,47,75,81,71,77,56,50,45,13,6,11,12,6,6,Copa del Mundo
F. Chaïbi,Eintracht Fráncfort​​,Argelia,,CAM,Right,183,23,74,Argelia,81,72,75,77,48,70,76,71,66,74,64,77,80,72,73,79,79,82,78,74,66,72,66,70,74,75,63,51,73,76,69,75,48,44,41,7,12,12,15,7,12,Copa del Mundo
A. Aouchiche,FC Schalke 04,Argelia,,CAM,Right,181,24,74,Argelia,76,74,75,77,45,69,69,76,59,79,67,78,80,69,71,76,75,76,78,69,73,72,62,73,71,75,63,44,71,78,73,77,43,44,42,9,14,9,13,15,6,Copa del Mundo
M. Amoura,OGC Niza,Argelia,,"LW, LM",Left,170,26,79,Argelia,83,75,79,81,50,70,82,75,62,82,74,81,82,76,69,80,88,79,84,78,84,76,69,84,66,73,65,50,75,78,75,78,50,50,42,9,15,7,8,7,13,Copa del Mundo
A. Boulbina,Al-Diriyah FC,Argelia,,LW,Left,167,23,69,Argelia,80,69,65,72,38,58,70,69,52,65,66,75,70,57,62,67,81,79,77,68,74,73,59,73,52,67,55,36,70,65,63,66,33,40,34,6,9,12,13,6,15,Copa del Mundo
I. Kebbal,Paris FC,Argelia,,"RW, RM",Left,169,28,76,Argelia,83,70,74,76,43,65,78,65,57,73,74,75,81,69,67,76,86,80,85,75,79,75,57,78,63,73,58,45,74,76,71,71,42,39,37,11,9,13,8,11,8,Copa del Mundo
M. Belloumi,Hull City,Argelia,,RW,Left,177,24,73,Argelia,77,74,74,76,42,66,74,77,62,72,67,75,75,65,71,79,78,76,77,76,74,71,65,72,68,72,54,41,81,80,66,65,40,38,43,15,11,6,14,11,7,Copa del Mundo
A. Gouiri,Olympique de Marsella,Argelia,,"ST, LW",Right,180,26,79,Argelia,77,80,67,78,45,81,64,80,77,71,80,73,72,64,63,82,81,73,83,76,72,81,79,75,85,80,78,47,80,67,77,84,47,33,37,8,6,6,9,6,11,Copa del Mundo
A. Chiakha,Rosenborg BK,Argelia,,ST,Right,192,20,71,Argelia,77,73,62,72,40,72,66,75,74,64,71,76,66,59,54,72,75,78,69,66,62,73,77,65,79,71,64,37,74,58,71,67,38,32,38,8,14,12,12,11,8,Copa del Mundo
M. Bakrar,Al Ahly FC,Argelia,,ST,Right,183,25,69,Argelia,69,71,59,67,36,72,55,70,64,62,73,66,62,58,55,67,68,70,67,73,64,74,69,69,76,67,64,39,77,58,71,64,29,34,26,13,13,14,10,8,14,Copa del Mundo
R. Rangel,CD Guadalajara,México,1,GK,Right,190,26,76,México,51,31,45,44,33,60,29,21,38,52,32,32,30,30,49,46,49,52,56,77,56,54,69,50,66,27,56,38,33,51,34,53,27,35,31,76,72,68,73,84,56,Copa del Mundo
Ó. García,Club León FC,México,12,GK,Right,186,23,72,México,47,28,38,38,28,56,23,23,34,46,20,27,21,27,43,40,49,45,50,68,52,48,61,50,64,23,44,38,13,41,34,51,24,24,25,74,75,64,74,75,48,Copa del Mundo
Á. Padilla,Athletic Club,México,29,GK,Right,190,23,67,México,42,24,38,33,22,50,21,16,21,45,21,22,26,29,44,35,43,41,45,59,46,46,50,39,57,22,46,35,15,42,24,44,21,16,23,67,66,64,69,68,47,Copa del Mundo
J. Vásquez,Genoa CFC,México,5,"CB, CDM",Left,182,27,76,México,69,54,66,66,80,76,62,48,80,75,53,60,60,65,69,72,70,69,61,79,65,70,83,76,75,53,79,81,46,56,56,74,80,81,74,13,7,12,7,13,13,Copa del Mundo
C. Montes,Lokomotiv Moscú,México,3,CB,Right,195,29,74,México,70,54,61,64,78,75,54,47,76,68,45,60,60,53,65,68,66,74,64,72,59,73,78,68,79,53,75,74,45,54,55,73,77,82,76,12,10,15,13,10,13,Copa del Mundo
D. Campillo,CD Guadalajara,México,3,CB,Right,182,24,73,México,65,54,61,64,77,71,55,47,74,68,47,60,59,58,66,68,62,67,64,68,65,69,75,68,74,58,67,78,49,50,55,73,80,74,76,11,9,11,14,13,13,Copa del Mundo
V. Guzmán,CF Monterrey,México,4,CB,Right,182,24,72,México,67,53,59,61,76,71,55,48,74,68,46,59,53,50,60,61,66,67,59,71,65,63,72,65,72,54,75,79,53,51,57,66,77,75,74,14,13,7,13,11,10,Copa del Mundo
E. López,Deportivo Toluca FC,México,27,CB,Left,180,21,68,México,61,48,54,57,71,68,47,43,70,62,43,54,46,51,57,56,63,60,60,68,58,63,65,63,70,46,69,67,45,49,47,63,71,73,72,14,10,8,10,12,12,Copa del Mundo
M. Chávez,AZ Alkmaar,México,20,LB,Left,178,22,71,México,75,59,66,66,70,69,70,55,66,70,56,66,62,57,62,63,73,76,74,72,73,67,69,78,66,61,67,72,59,61,56,65,68,71,77,15,6,12,10,14,8,Copa del Mundo
J. Gallardo,Deportivo Toluca FC,México,23,"LB, LM",Left,174,32,73,México,74,59,68,71,73,74,74,56,66,71,58,72,60,55,68,69,75,74,73,72,77,66,65,76,74,58,73,75,59,61,59,69,74,72,74,8,13,8,8,14,6,Copa del Mundo
I. Reyes,CF América,México,15,RB,Right,181,26,72,México,78,57,70,67,71,74,70,53,68,71,51,64,63,58,73,68,76,79,70,66,74,69,73,77,74,57,70,73,59,69,55,68,69,72,74,6,10,13,11,9,7,Copa del Mundo
D. Espinoza,CF América,México,13,"RB, LB",Right,180,22,69,México,75,54,68,66,67,69,72,51,64,74,48,69,63,55,64,60,75,75,69,70,69,60,64,71,68,53,69,65,65,60,55,68,68,69,67,11,15,13,11,7,14,Copa del Mundo
J. Sánchez,Atlas Guadalajara,México,2,RB,Right,176,28,71,México,76,54,67,67,69,69,74,50,61,67,50,65,65,60,68,68,73,78,71,76,69,67,63,77,65,49,71,67,58,62,56,65,70,71,74,6,11,8,7,6,11,Copa del Mundo
É. Lira,CD Cruz Azul,México,6,CDM,Right,172,26,77,México,73,67,72,74,76,76,68,64,72,73,61,72,66,64,78,74,72,74,75,81,74,70,73,77,73,70,81,77,68,73,68,79,77,76,72,14,11,11,13,7,9,Copa del Mundo
L. Chávez,Dinamo Moscú,México,24,"CDM, CM",Left,178,30,74,México,67,64,72,69,73,78,69,60,65,76,61,68,62,61,72,69,69,65,74,71,62,72,78,79,78,66,75,76,65,74,65,74,72,76,73,12,8,11,8,14,10,Copa del Mundo
D. García,FC Juárez,México,19,CDM,Left,170,23,72,México,63,60,70,68,72,70,61,55,64,81,58,65,61,64,73,69,57,68,68,72,70,66,64,74,65,62,77,76,64,63,66,73,70,72,75,11,15,13,14,15,6,Copa del Mundo
O. Vargas,Atlético de Madrid,México,18,"CM, CAM",Right,175,21,73,México,71,68,74,73,67,68,71,63,61,74,63,72,72,72,78,74,70,71,72,76,72,76,63,75,62,70,74,65,72,75,71,70,67,72,64,15,6,11,15,8,14,Copa del Mundo
J. Márquez,CD Cruz Azul,México,16,"CM, CDM",Right,177,26,74,México,72,70,74,75,66,70,73,69,61,75,66,75,68,73,75,75,73,71,75,70,78,74,64,71,70,72,69,66,72,72,65,78,64,71,62,15,10,9,7,10,14,Copa del Mundo
O. Pineda,CF Monterrey,México,17,CM,Right,169,30,76,México,75,71,74,77,68,71,72,68,60,76,60,76,74,70,75,78,76,74,79,75,84,77,62,81,67,73,73,65,72,74,69,76,73,66,71,14,7,9,14,11,15,Copa del Mundo
Á. Fidalgo,Real Betis Balompié,México,8,"CM, CAM",Right,175,29,72,México,70,66,75,72,63,69,68,62,59,77,59,72,71,67,74,73,73,67,69,75,65,73,66,76,65,70,69,69,72,81,64,70,62,64,58,9,9,6,11,8,14,Copa del Mundo
L. Romo,CD Guadalajara,México,,CM,Right,183,31,73,México,65,66,74,76,66,71,77,64,64,74,62,80,68,66,75,73,64,66,72,74,71,71,61,78,69,66,70,66,72,76,67,79,62,70,64,6,9,14,13,8,6,Copa del Mundo
G. Mora,Club Tijuana,México,10,CAM,Right,168,17,74,México,77,73,78,73,47,61,77,72,56,81,60,67,71,73,72,77,78,76,82,75,79,74,59,69,57,76,60,51,76,79,68,65,49,42,43,7,14,13,11,8,9,Copa del Mundo
S. Sandoval,CD Guadalajara,México,28,CAM,Left,172,19,68,México,74,66,71,73,40,61,69,66,51,73,67,76,73,66,67,71,78,71,70,64,74,65,58,70,58,68,60,45,64,71,63,70,39,36,36,10,9,15,15,15,13,Copa del Mundo
H. Lozano,Los Ángeles Galaxy,México,,"LW, ST",Left,175,31,73,México,81,75,69,76,42,63,74,79,57,66,70,75,69,74,67,76,84,78,77,76,80,72,66,69,60,69,60,48,79,71,69,70,40,35,37,13,11,12,10,6,10,Copa del Mundo
R. Alvarado,CD Guadalajara,México,25,RW,Left,176,28,76,México,84,75,74,76,45,68,75,76,64,73,66,75,76,68,68,76,82,85,80,72,79,75,61,74,66,74,65,45,75,78,74,74,43,43,37,15,12,8,11,7,11,Copa del Mundo
H. Camberos,CD Guadalajara,México,21,"RW, ST",Right,167,19,67,México,76,67,67,69,33,56,70,71,47,66,61,70,66,60,64,67,76,76,72,63,73,64,54,70,50,66,54,37,67,68,60,62,32,29,28,8,8,6,11,11,8,Copa del Mundo
I. Violante,CF América,México,26,"RW, RM",Left,173,22,71,México,77,70,70,75,41,63,70,69,59,70,65,78,76,65,65,71,76,78,79,69,79,74,59,74,58,71,63,37,74,73,68,67,36,45,36,13,6,6,9,9,15,Copa del Mundo
S. Gimenez,FC Oporto,México,11,"ST, LW",Left,180,25,77,México,76,80,66,77,44,78,65,82,76,70,81,72,64,70,59,81,77,75,81,79,70,77,74,77,80,78,75,46,79,67,79,77,39,38,36,12,6,8,7,6,12,Copa del Mundo
A. González,Olympiacos El Pireo,México,14,ST,Right,179,23,77,México,80,80,69,75,45,76,66,85,79,72,74,73,65,71,66,77,79,81,77,78,79,79,79,78,77,69,70,46,81,69,80,74,42,40,35,12,6,9,11,9,14,Copa del Mundo
G. Berterame,Inter Miami CF,México,,"ST, LW",Right,175,27,76,México,77,74,68,76,42,75,70,77,75,71,76,70,71,64,59,82,76,77,79,81,78,75,73,71,80,65,69,39,82,68,78,71,38,40,35,15,12,7,8,7,10,Copa del Mundo
G. Valle,LDU Quito,Ecuador,22,GK,Right,186,30,71,Ecuador,45,27,38,38,31,51,23,21,37,44,20,29,23,29,43,38,44,45,44,70,52,48,57,41,58,25,45,38,22,47,26,55,25,30,30,70,70,63,70,70,46,Copa del Mundo
M. Ramírez,Kifisia FC,Ecuador,12,GK,Right,185,26,65,Ecuador,40,23,33,30,22,47,22,15,20,37,14,13,22,20,36,37,39,41,41,59,47,47,55,36,53,23,45,30,13,42,15,46,16,23,22,71,68,62,65,69,44,Copa del Mundo
H. Galíndez,CA Huracán,Ecuador,1,GK,Right,189,39,67,Ecuador,28,23,35,34,24,49,24,13,24,37,12,25,21,25,45,33,26,30,42,73,48,46,51,43,55,23,41,30,16,41,29,52,20,24,24,66,69,59,70,71,40,Copa del Mundo
W. Pacho,París Saint-Germain,Ecuador,6,CB,Left,188,24,86,Ecuador,83,68,73,76,91,90,69,63,93,79,62,71,68,66,73,79,80,85,76,85,71,85,92,85,92,67,93,93,64,68,64,85,90,91,85,10,9,11,7,11,15,Copa del Mundo
L. Realpe,FC Famalicão,Ecuador,24,CB,Right,186,25,72,Ecuador,71,51,60,62,76,74,63,47,73,62,44,59,50,51,62,62,71,71,58,77,67,65,77,71,74,49,77,79,46,55,54,75,75,76,71,12,9,15,7,13,14,Copa del Mundo
J. Porozo,Club Tijuana,Ecuador,25,CB,Right,192,26,69,Ecuador,65,50,56,62,71,74,50,46,73,63,44,60,50,51,61,66,64,66,60,65,56,64,72,72,75,47,73,72,46,50,51,65,70,71,69,8,6,12,13,12,6,Copa del Mundo
F. Torres,Sport Club Internacional,Ecuador,2,CB,Right,187,29,64,Ecuador,61,46,51,53,66,66,49,44,64,57,30,49,45,44,53,53,60,62,56,65,54,62,74,58,70,41,63,69,38,42,44,61,64,66,63,8,13,9,7,7,6,Copa del Mundo
F. Caicedo,Inter Miami CF,Ecuador,3,"CB, CDM",Left,195,18,57,Ecuador,55,36,44,44,61,61,41,29,63,51,33,38,36,30,45,48,51,58,42,54,42,52,64,51,66,36,59,61,34,40,43,54,64,59,55,9,8,8,14,14,12,Copa del Mundo
P. Estupiñán,AC Milan,Ecuador,7,"LB, LM",Left,175,28,76,Ecuador,82,63,70,75,74,75,68,59,66,74,56,76,70,61,69,73,79,84,77,70,74,71,71,81,73,64,75,77,66,68,58,74,74,75,75,7,6,13,13,9,10,Copa del Mundo
A. Preciado,Clube Atlético Mineiro,Ecuador,17,"RB, RM",Right,174,28,70,Ecuador,77,54,66,67,68,68,72,49,60,68,48,65,65,60,65,68,73,80,71,73,66,66,70,75,64,54,67,69,59,59,58,60,66,72,65,8,9,9,13,13,15,Copa del Mundo
J. Andrés Hurtado,Red Bull Bragantino,Ecuador,19,RB,Right,178,24,68,Ecuador,76,56,63,65,67,68,64,57,66,67,51,62,59,50,63,67,75,76,70,67,73,57,65,80,63,53,66,67,59,57,51,61,68,66,72,11,11,14,9,7,8,Copa del Mundo
J. Alcívar,Independiente del Valle,Ecuador,5,CDM,Right,173,27,69,Ecuador,63,62,66,64,71,66,55,58,67,72,55,62,61,58,75,66,63,63,64,68,66,73,66,72,59,64,74,69,59,63,58,68,73,72,71,10,11,14,15,7,13,Copa del Mundo
D. Castillo,FC Midtjylland,Ecuador,18,CM,Right,189,22,71,Ecuador,69,66,72,73,65,70,69,64,67,75,67,75,66,66,75,74,70,69,66,71,69,70,65,70,72,68,66,70,70,68,62,66,61,65,63,9,14,13,10,7,7,Copa del Mundo
P. Vite,Pumas UNAM,Ecuador,15,"CM, CAM",Left,172,24,72,Ecuador,72,67,71,70,64,68,65,63,62,70,59,67,73,69,73,72,70,73,73,74,65,73,65,76,63,71,69,65,73,75,63,74,66,64,60,12,15,12,6,9,9,Copa del Mundo
A. Franco,Clube Atlético Mineiro,Ecuador,21,CM,Right,175,28,72,Ecuador,70,65,69,73,67,69,66,59,65,73,58,77,61,67,71,70,69,70,73,68,74,73,59,75,65,71,73,70,69,68,66,71,65,67,65,15,13,8,14,9,15,Copa del Mundo
N. Angulo,Sunderland AFC,Ecuador,20,"LW, ST",Left,184,23,78,Ecuador,85,74,77,81,49,74,77,73,66,80,70,83,74,70,70,79,86,85,81,79,79,78,72,76,75,70,70,46,78,79,76,76,50,45,47,8,10,13,14,8,9,Copa del Mundo
J. Mercado,AC Sparta Praga,Ecuador,23,LW,Left,186,24,74,Ecuador,83,72,73,76,42,67,73,72,61,75,67,80,75,66,71,72,79,87,77,70,72,73,66,73,70,70,54,45,78,70,68,71,38,39,37,13,7,9,6,7,11,Copa del Mundo
J. Sarmiento,Middlesbrough FC,Ecuador,16,LW,Left,178,24,71,Ecuador,79,72,69,72,41,63,73,75,57,67,66,74,70,65,65,70,80,79,75,75,74,71,64,70,63,66,52,40,76,71,65,66,42,37,40,15,13,10,15,7,10,Copa del Mundo
K. Arroyo,Cruzeiro Esporte Clube,Ecuador,11,RW,Left,176,20,71,Ecuador,81,70,69,73,41,63,70,72,59,66,65,76,71,72,64,69,80,81,76,74,74,67,60,74,61,69,53,41,74,74,66,66,41,36,41,15,7,10,8,12,9,Copa del Mundo
A. Minda,Clube Atlético Mineiro,Ecuador,14,"RW, RM",Right,174,23,72,Ecuador,81,71,69,77,42,62,69,74,60,71,68,80,75,62,65,75,72,88,76,72,84,71,62,72,60,64,57,43,79,69,76,70,38,40,38,13,13,8,7,7,8,Copa del Mundo
A. Valencia,CR Flamengo,Ecuador,8,RW,Left,173,23,68,Ecuador,70,66,65,72,39,60,66,66,56,69,65,73,68,60,61,72,67,72,77,71,75,67,59,73,57,66,50,41,70,61,64,61,40,34,28,12,7,6,7,13,12,Copa del Mundo
J. Yeboah,Venezia FC,Ecuador,10,"CAM, CF",Left,170,26,72,Ecuador,71,69,74,76,44,65,74,70,53,76,63,82,71,70,65,70,74,69,79,71,72,68,58,75,64,71,56,43,69,78,70,76,46,39,41,9,13,15,8,13,14,Copa del Mundo
J. Caicedo,CA Huracán,Ecuador,9,ST,Right,186,28,69,Ecuador,68,70,59,68,36,68,49,72,70,67,71,66,67,66,49,72,66,70,65,70,68,68,74,68,70,66,62,33,75,58,65,66,35,31,26,6,10,10,12,13,14,Copa del Mundo
J. Riquelme Angulo,AFC Sunderland Sub-21,Ecuador,13,"ST, CF",Right,193,18,58,Ecuador,63,62,50,54,24,60,49,67,70,55,61,51,54,47,43,59,60,66,48,54,46,61,59,57,66,55,51,23,60,46,57,57,17,22,11,6,13,10,9,13,8,Copa del Mundo
L. Hornicek,Newcastle United,Chequia,16,GK,Right,198,24,76,Chequia,54,32,44,44,32,61,27,24,35,51,29,36,36,31,49,44,55,53,50,72,53,51,60,52,71,33,48,41,25,49,35,63,27,30,29,79,75,73,79,78,54,Copa del Mundo
A. Kinský,Tottenham Hotspur,Chequia,23,GK,Right,190,23,78,Chequia,54,36,45,44,36,58,30,32,38,53,27,33,30,30,51,47,50,58,51,72,60,58,69,47,65,28,50,48,25,50,41,53,30,37,28,82,76,68,77,81,53,Copa del Mundo
M. Kovar,PSV Eindhoven,Chequia,1,GK,Right,196,26,74,Chequia,50,29,41,43,29,56,27,19,33,49,25,32,31,28,41,45,53,48,50,72,53,53,61,49,63,31,46,40,20,48,35,57,26,23,29,72,78,66,74,77,49,Copa del Mundo
L. Krejci,Wolverhampton Wanderers,Chequia,7,CB,Left,191,27,79,Chequia,74,61,65,67,85,85,59,57,84,74,58,62,60,58,69,70,70,77,66,79,64,70,81,79,89,63,82,86,62,57,54,83,87,84,80,6,6,9,9,15,6,Copa del Mundo
M. Vitík,Bolonia,Chequia,14,CB,Right,193,23,73,Chequia,70,54,61,61,78,79,57,50,78,68,46,59,53,55,66,62,67,73,58,70,58,68,75,65,87,51,78,80,49,53,52,67,77,77,77,14,10,6,12,6,8,Copa del Mundo
R. Hranac,TSG 1899 Hoffenheim,Chequia,4,"CB, RB",Right,189,26,75,Chequia,68,55,62,62,79,79,60,49,80,65,47,55,51,57,72,68,70,67,61,64,60,73,82,73,83,56,77,78,46,57,56,69,80,80,74,6,8,14,8,11,12,Copa del Mundo
S. Chaloupek,SK Slavia Praga,Chequia,6,"CB, CDM",Right,188,23,76,Chequia,72,58,64,64,78,82,62,54,77,73,53,59,49,58,66,69,72,72,64,70,61,71,83,79,85,55,80,79,51,56,59,75,80,76,76,6,8,13,15,13,12,Copa del Mundo
O. Zmrzly,Górnik Zabrze,Chequia,3,LB,Left,185,27,69,Chequia,75,55,64,68,69,70,70,55,64,61,55,66,61,56,68,69,74,76,73,64,72,56,65,76,70,56,64,68,55,61,50,60,69,68,79,12,12,6,8,10,6,Copa del Mundo
J. Slama,FK Jablonec,Chequia,5,LB,Left,177,27,66,Chequia,73,51,60,64,62,66,69,50,56,61,49,62,53,55,64,65,74,72,65,66,67,58,56,70,66,48,62,64,52,51,51,59,65,58,67,9,6,12,12,7,14,Copa del Mundo
V. Coufal,TSG 1899 Hoffenheim,Chequia,5,"RB, RM",Right,175,34,74,Chequia,75,58,71,69,71,72,73,53,62,76,57,69,67,61,72,65,76,74,74,78,77,67,69,76,69,61,77,73,60,64,58,72,70,71,79,10,11,10,14,8,9,Copa del Mundo
M. Sacek,Górnik Zabrze,Chequia,22,RB,Right,180,30,68,Chequia,74,54,66,65,66,64,68,54,61,71,45,59,60,55,68,68,71,76,73,62,68,58,67,69,61,53,66,67,59,59,54,69,62,68,70,14,7,7,15,9,12,Copa del Mundo
O. Kricfalusi,Union Saint-Gilloise,Chequia,2,CDM,Right,195,22,68,Chequia,63,58,64,65,70,75,60,55,69,70,52,66,59,59,63,67,64,62,50,72,61,67,71,74,78,59,70,66,57,60,59,72,69,73,70,15,11,6,13,13,14,Copa del Mundo
M. Sadílek,SK Slavia Praga,Chequia,8,CM,Left,169,27,75,Chequia,75,71,75,77,65,72,73,66,63,78,65,77,68,71,77,75,75,75,83,80,77,78,77,79,68,74,73,68,76,75,69,72,66,65,59,13,15,13,6,9,10,Copa del Mundo
L. Cerv,FC Viktoria Plzen,Chequia,12,"CM, CAM",Right,182,25,73,Chequia,71,67,75,73,66,75,71,64,61,80,62,75,69,74,79,72,70,72,73,67,76,73,62,80,77,68,68,69,68,70,64,71,63,68,68,15,13,13,6,13,12,Copa del Mundo
P. Bucha,FC Cincinnati,Chequia,17,"CM, CAM",Right,177,28,72,Chequia,71,69,72,74,64,70,69,68,61,76,63,73,66,68,71,77,67,74,73,71,71,70,59,78,68,72,69,64,73,73,64,75,62,68,60,10,7,8,6,6,14,Copa del Mundo
A. Král,FC Copenhague,Chequia,21,CM,Right,186,28,68,Chequia,67,62,67,67,62,68,62,59,57,68,62,64,60,63,69,70,69,66,66,66,65,70,60,72,66,63,70,67,67,73,53,69,64,61,54,12,9,15,12,11,10,Copa del Mundo
R. Macek,AC Sparta Praga,Chequia,19,CM,Right,188,29,69,Chequia,67,65,72,68,63,70,72,66,60,73,58,62,70,61,74,74,65,69,69,72,62,67,63,75,70,65,66,64,61,70,63,68,61,65,64,11,14,8,8,14,7,Copa del Mundo
M. Subert,FK Mlada Boleslav,Chequia,7,"CM, CAM",Right,179,24,65,Chequia,63,59,68,66,59,63,63,56,56,72,56,67,58,58,68,67,65,61,64,62,66,63,57,70,61,63,60,58,62,69,60,64,58,61,57,11,11,8,6,13,12,Copa del Mundo
M. Radosta,FK Teplice,Chequia,18,"LM, RM",Left,178,25,65,Chequia,67,60,65,65,46,61,65,57,49,66,63,63,65,62,63,66,66,67,74,68,64,63,60,67,58,61,60,49,58,65,61,62,46,43,47,7,8,14,11,6,15,Copa del Mundo
P. Sulc,Olympique de Lyon,Chequia,15,"CAM, CF",Right,177,25,77,Chequia,76,76,75,80,51,68,68,73,64,75,79,80,78,78,73,81,78,74,81,77,75,79,61,74,66,79,68,53,78,81,75,76,49,51,44,13,15,15,15,13,11,Copa del Mundo
A. Karabec,AC Sparta Praga,Chequia,9,"CAM, CF",Left,187,23,75,Chequia,77,74,76,81,47,70,76,75,66,74,69,85,75,77,75,81,81,74,78,75,72,73,66,71,74,75,60,43,77,80,72,75,47,46,41,10,8,7,9,11,12,Copa del Mundo
L. Ambros,RSC Anderlecht,Chequia,13,"CAM, CM",Left,182,22,70,Chequia,73,69,71,72,43,66,65,67,61,77,66,72,72,65,67,70,77,69,77,70,69,71,62,65,71,71,57,46,66,70,70,74,42,37,41,9,11,6,11,9,15,Copa del Mundo
O. Lingr,Korona Kielce,Chequia,20,RW,Right,175,27,68,Chequia,77,69,66,73,36,59,73,71,51,62,70,74,66,64,61,72,78,77,76,66,69,69,56,71,54,63,55,34,71,68,66,68,35,33,35,11,8,14,9,13,15,Copa del Mundo
A. Hlozek,TSG 1899 Hoffenheim,Chequia,10,"ST, LW",Right,188,24,76,Chequia,76,76,68,73,42,77,69,77,82,74,74,70,66,62,56,73,72,79,79,78,64,76,81,73,82,74,67,35,79,67,80,83,38,38,38,15,12,8,12,12,15,Copa del Mundo
R. Naderi,Rangers FC,Chequia,9,"ST, LW",Right,194,23,72,Chequia,73,70,64,73,39,74,62,70,74,70,66,70,63,61,52,78,70,75,67,76,69,73,77,70,78,65,66,40,74,66,70,71,36,32,28,8,12,9,14,11,7,Copa del Mundo
V. Sejk,SK Sigma Olomouc,Chequia,11,"ST, LW",Right,180,24,70,Chequia,73,70,60,72,39,72,54,73,70,67,71,72,60,60,54,73,71,75,70,73,71,68,72,69,76,63,64,39,78,58,68,73,35,35,34,13,14,6,9,8,14,Copa del Mundo
D. Vasulin,FC Zbrojovka Brno,Chequia,11,"ST, CF",Right,195,28,65,Chequia,67,67,55,61,33,70,51,68,66,61,67,60,60,51,47,62,69,65,61,66,52,73,74,66,76,59,57,33,67,54,63,69,37,20,24,9,12,14,12,12,15,Copa del Mundo
A. Gunn,San José Earthquakes,Escocia,1,GK,Right,196,30,67,Escocia,44,24,33,33,26,54,19,19,32,40,21,22,25,21,38,35,41,46,38,69,44,41,56,41,64,21,46,33,16,38,31,49,24,24,21,71,71,63,70,69,49,Copa del Mundo
L. Kelly,Rangers FC,Escocia,12,GK,Right,184,30,65,Escocia,37,25,33,34,22,47,21,18,23,40,14,22,16,13,37,36,36,38,42,63,53,47,56,35,55,24,38,33,20,38,24,45,17,18,21,68,64,57,64,69,43,Copa del Mundo
J. McCracken,Bradford City,Escocia,,GK,Right,190,26,63,Escocia,37,22,32,28,20,47,19,16,19,38,12,14,13,17,37,34,36,38,39,58,37,45,52,38,57,18,34,27,10,37,25,38,19,20,15,63,60,54,61,68,40,Copa del Mundo
S. Bain,Falkirk FC,Escocia,,GK,Right,183,34,62,Escocia,29,18,31,31,22,46,19,11,24,37,10,18,15,20,28,36,26,31,37,60,42,39,53,39,51,15,40,30,12,40,17,41,14,23,21,67,62,61,61,67,39,Copa del Mundo
L. Binks,Brøndby IF,Escocia,,CB,Left,190,25,72,Escocia,69,50,60,61,75,74,54,46,79,68,42,61,50,53,62,60,71,67,60,72,59,64,77,66,78,49,74,73,46,53,56,68,73,77,71,8,9,15,7,6,11,Copa del Mundo
S. McKenna,GNK Dinamo Zagreb,Escocia,26,CB,Left,189,29,72,Escocia,60,55,60,60,77,76,59,49,75,64,47,56,55,56,63,64,60,60,57,68,60,70,72,71,80,58,71,77,44,55,51,69,78,78,71,13,13,12,7,6,6,Copa del Mundo
L. Graham,Stoke City,Escocia,,CB,Left,192,22,69,Escocia,61,48,59,60,77,76,57,41,77,66,45,56,47,46,62,66,60,61,56,70,51,63,69,68,82,53,75,78,42,53,45,59,73,81,72,15,6,14,12,6,7,Copa del Mundo
J. Hendry,Al-Ettifaq FC,Escocia,13,CB,Right,192,31,71,Escocia,64,48,58,60,71,76,54,39,72,67,45,57,54,50,62,63,66,62,52,71,57,67,77,75,77,50,72,71,48,48,51,76,68,73,76,15,15,11,6,10,10,Copa del Mundo
S. Welsh,Swansea City,Escocia,,"CB, CDM",Right,189,26,71,Escocia,65,51,59,59,74,75,56,49,76,65,44,53,53,52,67,62,63,66,58,69,63,62,74,70,78,48,73,77,48,51,55,72,74,74,69,10,6,9,11,13,9,Copa del Mundo
A. Robertson,Tottenham Hotspur,Escocia,3,LB,Left,178,32,76,Escocia,78,62,75,74,73,75,76,61,71,79,56,67,65,62,69,78,81,76,83,80,79,69,70,82,72,62,73,69,61,78,58,74,71,78,77,14,12,7,14,7,9,Copa del Mundo
K. Tierney,Celtic FC,Escocia,6,LB,Left,180,29,73,Escocia,76,60,69,71,71,70,72,58,66,75,51,65,66,61,62,75,77,76,74,71,75,71,68,76,67,60,70,71,56,63,53,76,72,71,74,9,11,6,11,14,12,Copa del Mundo
J. Doig,US Sassuolo,Escocia,,LB,Left,189,24,73,Escocia,77,58,69,69,71,71,72,54,71,73,56,70,62,60,69,66,79,75,73,67,68,70,69,75,70,58,70,70,59,64,57,69,67,73,75,7,8,7,10,13,9,Copa del Mundo
A. Hickey,Brentford FC,Escocia,2,"RB, LB",Both,185,24,77,Escocia,81,63,71,73,75,76,77,58,73,74,56,74,65,66,74,70,84,79,78,78,72,70,73,87,73,69,72,77,65,61,65,74,74,72,83,12,15,7,7,12,11,Copa del Mundo
N. Patterson,Torino FC,Escocia,22,RB,Right,183,24,72,Escocia,73,59,68,67,68,72,76,56,68,72,58,67,58,56,67,67,72,74,67,69,68,64,68,77,70,62,74,65,55,57,57,64,71,66,66,11,15,9,14,8,10,Copa del Mundo
C. Donovan,Celtic FC,Escocia,,"RB, RM",Right,186,20,65,Escocia,70,53,61,60,62,65,64,49,61,65,45,57,57,50,59,63,69,70,63,59,66,60,69,66,65,55,61,62,54,54,53,58,63,61,60,12,6,7,15,7,9,Copa del Mundo
B. Gilmour,SSC Nápoles,Escocia,,"CDM, CB",Right,170,25,78,Escocia,74,70,73,72,80,78,70,68,71,77,60,68,73,71,76,75,75,74,66,86,73,76,70,82,75,73,80,83,69,69,68,76,83,76,81,7,6,9,6,14,11,Copa del Mundo
L. Ferguson,Bolonia,Escocia,19,CM,Right,181,27,78,Escocia,78,71,77,79,68,79,70,67,74,81,74,79,75,70,77,83,78,78,73,77,73,76,74,77,82,75,76,64,73,80,71,74,72,65,68,14,6,8,14,11,6,Copa del Mundo
L. Miller,Udinese,Escocia,,"CM, CAM",Right,182,20,72,Escocia,73,64,70,72,64,74,67,58,61,69,61,71,68,68,73,74,74,73,69,70,67,69,68,74,74,70,74,71,72,73,64,70,62,64,60,9,6,8,11,8,9,Copa del Mundo
R. Christie,AFC Bournemouth,Escocia,11,CM,Left,178,31,78,Escocia,71,73,79,78,71,75,74,69,68,79,66,75,74,71,82,82,74,69,75,77,83,79,71,81,74,75,73,74,80,83,75,81,76,67,67,11,6,6,14,7,12,Copa del Mundo
K. Montgomery,Blackburn Rovers,Escocia,,"CM, CAM",Right,184,22,65,Escocia,63,58,65,66,59,67,59,56,55,66,57,66,65,61,71,69,63,63,61,62,61,60,59,66,71,61,59,64,60,64,59,65,57,59,58,11,6,15,15,7,6,Copa del Mundo
K. McLean,Norwich City,Escocia,23,"CM, CAM",Left,183,34,68,Escocia,58,66,71,70,58,66,70,66,58,72,49,70,69,62,67,74,58,58,66,64,63,69,61,72,63,67,65,56,63,75,64,68,55,60,61,9,15,8,14,6,7,Copa del Mundo
J. McGinn,Aston Villa,Escocia,7,"RM, LM",Left,178,31,77,Escocia,78,72,78,79,57,71,79,72,70,75,70,80,74,71,76,79,74,81,79,73,80,74,66,80,66,71,73,60,71,84,75,75,55,55,53,7,9,8,13,7,12,Copa del Mundo
F. Curtis,Rangers FC,Escocia,25,"LW, LM",Left,180,20,65,Escocia,73,63,62,67,34,56,66,62,54,62,60,68,70,54,57,65,78,69,70,63,68,66,58,65,55,64,49,39,66,63,62,61,29,31,32,6,12,11,9,15,11,Copa del Mundo
J. McPake,Heart of Midlothian FC,Escocia,,LW,Left,180,25,68,Escocia,77,64,69,75,35,59,65,62,56,74,63,81,70,63,65,73,80,75,71,62,73,68,59,69,57,66,51,40,59,70,65,66,32,31,29,7,12,10,7,9,10,Copa del Mundo
B. Gannon-Doak,AFC Bournemouth,Escocia,17,"RW, RM",Right,173,20,72,Escocia,81,71,73,75,39,63,77,74,59,74,72,75,70,66,61,75,79,82,83,73,76,66,63,74,59,68,60,41,73,80,69,65,35,36,37,15,8,12,11,12,15,Copa del Mundo
K. Bowie,US Sassuolo,Escocia,,"ST, CF",Left,190,24,73,Escocia,76,74,62,70,43,73,63,73,78,66,68,66,59,64,51,76,74,78,69,74,60,75,72,67,77,73,69,35,80,65,74,76,42,37,41,10,15,11,6,7,12,Copa del Mundo
R. Ure,Sevilla FC,Escocia,,"ST, LW",Right,189,22,71,Escocia,70,73,63,71,38,71,58,78,74,67,68,73,62,65,60,72,68,72,62,71,69,72,76,62,77,63,66,33,78,63,70,77,38,35,26,9,15,7,12,9,12,Copa del Mundo
O. McBurnie,Hull City,Escocia,,"ST, CF",Right,188,30,74,Escocia,73,78,62,72,42,75,60,77,79,64,76,67,64,62,59,78,75,71,71,73,70,78,78,67,79,80,74,37,80,62,82,76,47,32,30,7,15,15,15,9,9,Copa del Mundo
J. Wilson,Heart of Midlothian FC,Escocia,,ST,Right,184,19,66,Escocia,69,68,56,64,31,66,52,69,67,61,63,63,56,53,47,65,66,71,61,66,63,71,64,57,71,61,64,33,74,59,69,68,29,22,21,8,13,8,6,13,9,Copa del Mundo
M. Epolo,Standard de Lieja,República Democrática del Congo,,GK,Right,189,21,72,República Democrática del Congo,43,32,41,37,28,54,29,27,31,43,26,25,22,30,45,39,41,45,47,67,51,49,66,46,60,29,47,31,21,53,32,50,24,31,24,68,69,63,76,76,48,Copa del Mundo
D. Bertaud,Forge FC,República Democrática del Congo,,GK,Right,183,28,63,República Democrática del Congo,37,20,31,32,20,46,15,12,22,36,16,21,19,21,38,35,43,32,38,63,45,43,51,36,52,17,41,27,12,40,24,44,19,17,13,65,62,54,64,62,37,Copa del Mundo
N. Ndibu Mukadi,FC Les Aigles du Congo,República Democrática del Congo,,GK,Right,185,22,62,República Democrática del Congo,38,21,32,27,20,43,16,13,20,41,10,17,16,17,33,27,40,36,37,58,39,47,51,33,50,16,37,27,15,39,27,44,18,16,20,62,61,53,61,62,38,Copa del Mundo
A. Tuanzebe,AJ Auxerre,República Democrática del Congo,,CB,Right,188,28,74,República Democrática del Congo,71,51,60,64,79,75,60,46,76,66,47,59,54,56,60,68,70,71,59,68,69,63,79,69,80,56,71,80,42,54,49,75,76,83,73,14,14,15,7,7,14,Copa del Mundo
W. Kambwala,Como 1907,República Democrática del Congo,,CB,Right,192,22,70,República Democrática del Congo,70,51,58,60,74,75,56,44,81,64,48,56,48,50,65,64,68,71,58,68,58,69,73,70,78,51,72,71,51,47,50,68,77,72,73,6,11,12,11,7,13,Copa del Mundo
S. Kapuadi,RTS Widzew Łódź,República Democrática del Congo,,CB,Left,196,28,69,República Democrática del Congo,63,52,58,57,73,75,60,50,75,62,36,54,45,49,60,58,62,63,57,69,55,63,74,69,79,54,74,70,47,52,46,68,75,73,71,9,11,10,11,6,8,Copa del Mundo
C. Mbemba,Al-Diriyah FC,República Democrática del Congo,,"CB, CDM",Right,182,32,73,República Democrática del Congo,62,54,62,62,77,74,60,49,75,67,52,56,56,51,72,66,64,61,61,68,60,67,75,68,74,53,80,74,47,51,56,70,76,80,78,12,15,9,14,6,12,Copa del Mundo
J. Makengo,SC Friburgo,República Democrática del Congo,,"LB, LM",Left,191,25,75,República Democrática del Congo,81,62,71,72,72,80,75,57,69,73,54,72,69,59,73,70,83,79,77,75,69,73,73,79,85,62,73,69,64,65,59,72,72,77,71,7,12,15,6,12,10,Copa del Mundo
J. Kayembe,KRC Genk,República Democrática del Congo,,"LB, LM",Left,180,32,72,República Democrática del Congo,72,58,66,72,68,75,69,53,62,68,60,73,61,55,70,71,73,71,69,76,74,64,66,77,76,62,70,69,63,63,58,63,71,67,70,14,7,14,12,13,9,Copa del Mundo
A. Masuaku,Konyaspor,República Democrática del Congo,,LB,Left,179,32,72,República Democrática del Congo,72,56,66,71,69,73,69,53,64,67,60,70,63,59,67,71,72,72,74,75,69,63,69,75,73,52,71,69,63,64,64,67,72,67,73,10,10,11,12,14,15,Copa del Mundo
A. Wan-Bissaka,Aston Villa,República Democrática del Congo,,"RB, RM",Right,183,28,76,República Democrática del Congo,78,57,71,73,74,75,76,52,71,74,57,71,72,65,70,74,75,81,76,79,75,64,69,87,72,61,71,75,65,65,59,68,71,76,79,6,13,9,12,10,14,Copa del Mundo
G. Kalulu,Aris Limassol,República Democrática del Congo,,"RB, RM",Right,178,29,67,República Democrática del Congo,73,54,65,67,66,66,64,54,64,69,47,68,60,56,59,65,70,76,74,58,67,60,61,76,64,50,60,65,53,65,48,65,67,66,63,14,6,15,13,12,10,Copa del Mundo
N. Mukau,LOSC Lille,República Democrática del Congo,,"CDM, CB",Left,186,21,72,República Democrática del Congo,66,61,71,65,74,74,61,58,69,76,57,61,65,61,76,69,67,65,62,73,65,65,69,76,73,61,77,77,69,73,65,73,77,70,71,7,10,13,14,15,9,Copa del Mundo
N. Sadiki,Sunderland AFC,República Democrática del Congo,,"CM, CAM",Right,173,21,76,República Democrática del Congo,72,70,75,76,69,70,69,67,62,75,65,69,69,73,82,83,73,72,79,79,80,78,65,81,63,72,75,72,72,79,62,74,71,69,61,9,9,8,15,13,13,Copa del Mundo
E. Kayembe,Watford FC,República Democrática del Congo,,CM,Left,183,28,71,República Democrática del Congo,68,66,73,72,61,69,66,63,63,78,60,71,72,61,72,74,73,63,75,71,66,72,64,73,70,70,64,63,67,75,67,72,59,60,63,8,8,11,15,15,6,Copa del Mundo
S. Moutoussamy,Atromitos FC,República Democrática del Congo,,"CM, CDM",Left,176,30,68,República Democrática del Congo,66,63,69,69,59,63,64,60,56,73,58,72,64,64,73,67,64,67,71,66,70,66,58,65,63,65,62,59,71,67,65,63,61,60,56,8,15,8,12,13,10,Copa del Mundo
A. Tshibola,Kilmarnock FC,República Democrática del Congo,,CM,Right,184,31,60,República Democrática del Congo,55,52,63,56,53,59,57,49,51,63,49,56,59,56,65,56,56,55,57,55,58,58,54,62,58,55,57,54,53,68,53,62,52,59,40,11,12,6,7,8,6,Copa del Mundo
J. Kadile,RC Lens,República Democrática del Congo,,"LW, LM",Left,180,23,72,República Democrática del Congo,78,69,71,77,42,63,73,67,56,71,71,79,76,65,70,75,79,77,81,72,74,72,61,70,61,68,62,41,72,70,70,67,41,39,39,9,7,9,15,12,8,Copa del Mundo
B. Cipenga,UD Almería,República Democrática del Congo,,"LW, ST",Left,172,28,70,República Democrática del Congo,82,65,69,74,39,61,73,64,54,70,62,78,65,65,61,70,79,84,77,65,73,66,65,70,58,66,55,40,66,69,68,67,37,35,38,14,7,15,8,7,9,Copa del Mundo
N. Mbuku,Sint-Truidense VV,República Democrática del Congo,,LW,Left,170,24,70,República Democrática del Congo,77,66,65,73,39,61,63,64,56,67,65,76,73,67,58,72,76,78,75,66,72,69,59,73,58,69,56,43,69,66,65,67,38,34,35,12,6,12,11,7,6,Copa del Mundo
T. Bongonda,Al-Faisaly FC,República Democrática del Congo,,RW,Left,176,30,72,República Democrática del Congo,80,67,70,75,43,64,68,64,58,71,70,74,74,66,65,77,82,79,78,69,75,67,60,73,62,68,61,44,76,72,71,68,47,35,35,14,7,11,7,13,10,Copa del Mundo
Y. Wissa,Newcastle United,República Democrática del Congo,,"ST, LW",Right,176,30,81,República Democrática del Congo,82,83,69,81,49,79,67,82,77,67,79,82,72,72,67,80,83,81,77,83,83,88,82,78,81,79,73,47,89,75,82,85,52,39,45,14,9,7,6,8,15,Copa del Mundo
S. Banza,PAOK de Salónica FC,República Democrática del Congo,,"ST, CF",Right,189,30,74,República Democrática del Congo,75,74,64,71,41,73,65,74,83,66,73,69,69,62,57,76,73,76,65,66,68,80,73,70,76,66,68,37,76,63,74,73,40,33,31,11,11,13,12,15,8,Copa del Mundo
A. Pululu,Al-Hazem SC,República Democrática del Congo,,"ST, CF",Left,175,27,71,República Democrática del Congo,72,72,61,69,37,64,56,75,69,64,71,67,64,63,60,68,69,74,73,71,74,74,70,65,64,62,62,32,75,61,67,69,34,35,31,9,14,11,6,6,15,Copa del Mundo
F. Mayele,Al-Ahli SC,República Democrática del Congo,,ST,Right,185,32,70,República Democrática del Congo,72,72,61,69,35,69,59,76,71,62,72,69,59,62,56,68,69,74,69,72,70,67,72,71,68,68,68,32,69,63,72,75,29,32,31,10,12,13,13,15,8,Copa del Mundo
O. Gill,LOSC Lille,Paraguay,12,GK,Left,199,26,72,Paraguay,46,31,43,37,31,59,32,24,33,49,24,24,25,26,48,39,46,46,51,69,49,49,61,46,69,30,52,35,20,50,36,50,31,29,23,72,69,66,67,76,51,Copa del Mundo
S. Rojas,Club Nacional Asunción,Paraguay,1,GK,Right,189,30,66,Paraguay,36,24,34,32,24,48,26,18,26,41,10,21,22,23,34,33,39,34,38,65,48,46,51,42,52,21,43,34,17,38,23,47,19,22,21,67,67,55,65,66,45,Copa del Mundo
G. Olveira,Club Olimpia,Paraguay,22,GK,Right,191,33,70,Paraguay,38,24,39,41,29,53,28,17,34,46,17,32,21,23,41,40,37,38,49,72,49,47,56,44,61,19,44,37,19,45,31,57,29,23,26,69,68,62,74,71,48,Copa del Mundo
O. Alderete,Sunderland AFC,Paraguay,3,"CB, RB",Left,190,29,77,Paraguay,71,58,63,67,79,79,57,54,80,72,48,60,52,52,67,74,74,69,65,78,62,73,83,78,79,55,80,78,45,58,62,77,79,79,77,12,14,10,8,15,13,Copa del Mundo
G. Gómez,SE Palmeiras,Paraguay,15,CB,Right,185,33,75,Paraguay,66,57,63,66,79,74,63,55,76,70,50,60,56,54,67,70,64,67,64,78,71,68,78,71,75,55,76,77,47,54,57,77,81,80,76,8,13,9,14,14,15,Copa del Mundo
C. Ferreira,Club Atlético Tucumán,Paraguay,5,"CB, CDM",Right,185,23,68,Paraguay,66,45,59,58,72,72,58,36,71,65,46,52,52,48,60,62,65,67,55,69,58,64,71,70,75,47,67,70,44,51,44,67,74,73,69,15,8,7,8,7,11,Copa del Mundo
J. Canale,CA Lanús,Paraguay,13,CB,Left,187,30,72,Paraguay,70,52,58,61,74,78,59,44,79,64,48,58,55,58,61,61,67,72,59,74,67,70,77,72,81,53,78,73,47,45,53,66,74,74,70,14,12,11,9,8,14,Copa del Mundo
J. Alonso,Atlanta United FC,Paraguay,6,"CB, CDM",Left,185,33,74,Paraguay,63,52,61,60,76,77,60,44,77,69,47,55,53,54,69,60,59,66,60,74,66,69,76,69,80,59,81,75,48,48,47,73,73,77,81,11,10,15,9,11,11,Copa del Mundo
A. Maidana,CA Talleres,Paraguay,26,LB,Left,178,21,68,Paraguay,71,53,61,65,65,64,68,49,55,60,50,65,53,50,64,63,70,71,70,63,72,60,69,72,59,56,66,67,58,60,48,63,70,62,69,8,10,13,6,15,8,Copa del Mundo
J. José Cáceres,Dinamo Moscú,Paraguay,4,"RB, RM",Right,176,26,76,Paraguay,80,62,70,72,71,74,76,59,70,69,58,72,67,63,73,70,79,80,77,72,75,69,70,83,72,63,69,71,69,66,54,77,71,71,73,15,7,13,14,15,11,Copa del Mundo
A. Benítez,Club Libertad Asunción,Paraguay,2,RB,Right,177,32,66,Paraguay,69,50,65,63,63,61,65,47,55,70,48,64,61,49,64,58,68,69,73,72,69,54,64,68,57,53,61,60,57,63,48,62,66,66,63,8,8,13,9,15,13,Copa del Mundo
A. Cubas,Vancouver Whitecaps FC,Paraguay,14,CDM,Right,166,30,76,Paraguay,70,67,73,76,76,74,62,63,69,79,69,74,63,65,77,76,68,72,79,74,77,74,69,78,71,67,79,83,70,73,72,77,76,76,73,10,11,11,11,13,14,Copa del Mundo
M. Villasanti,Grêmio Foot-Ball Porto Alegrense,Paraguay,20,CDM,Right,178,29,73,Paraguay,68,65,69,68,76,75,60,60,68,76,57,73,63,59,71,63,68,68,66,71,71,71,67,81,76,73,69,74,65,68,64,71,77,79,75,13,11,9,9,7,12,Copa del Mundo
D. Gómez,Brighton & Hove Albion,Paraguay,8,"CM, CDM",Right,183,23,79,Paraguay,75,73,78,79,69,79,74,70,69,81,64,79,80,73,78,81,73,76,71,83,76,81,72,84,77,72,78,69,78,80,70,81,67,73,67,14,6,8,13,7,8,Copa del Mundo
M. Galarza,Inter Miami CF,Paraguay,23,CM,Left,175,24,73,Paraguay,71,68,71,74,66,71,69,64,60,71,64,73,70,68,70,74,73,70,74,74,70,73,64,76,70,74,70,71,73,73,68,76,61,69,64,14,13,12,8,11,13,Copa del Mundo
H. Quintana,Independiente del Valle,Paraguay,16,"CM, CAM",Right,175,24,69,Paraguay,64,64,69,69,61,65,64,58,60,73,59,68,68,61,67,70,63,65,71,69,71,71,57,75,61,67,65,64,72,72,65,69,56,65,56,10,12,15,12,11,13,Copa del Mundo
J. Enciso,Ipswich Town,Paraguay,19,CAM,Right,173,22,79,Paraguay,78,79,79,81,53,70,75,81,62,80,70,81,86,75,78,80,82,75,82,82,82,79,65,75,69,77,68,57,78,83,75,81,54,48,49,7,14,15,10,15,14,Copa del Mundo
Mauricio,SE Palmeiras,Paraguay,11,"CAM, CF",Left,175,25,78,Paraguay,78,77,78,78,49,69,73,77,64,77,77,74,78,80,74,81,77,79,85,79,78,77,68,76,67,76,66,52,79,85,70,76,48,44,44,8,13,14,9,15,9,Copa del Mundo
R. Sosa,SE Palmeiras,Paraguay,7,LW,Left,178,27,74,Paraguay,82,74,73,76,44,63,74,78,61,72,71,80,76,67,70,72,79,84,83,73,72,71,67,71,60,70,58,45,72,75,71,69,40,44,38,6,6,7,11,10,14,Copa del Mundo
E. González,Wolverhampton Wanderers,Paraguay,17,LW,Left,169,21,65,Paraguay,71,66,61,69,34,59,63,68,49,63,64,68,64,60,56,70,70,71,70,68,71,64,58,71,54,65,55,34,70,60,65,63,32,32,27,8,6,10,10,11,7,Copa del Mundo
G. Caballero,Santos FC,Paraguay,24,"LW, LM",Left,189,25,67,Paraguay,71,66,66,72,39,61,69,67,58,68,66,74,65,59,60,72,74,68,70,57,66,68,60,65,63,63,51,35,66,68,64,72,41,38,29,8,6,7,11,11,6,Copa del Mundo
M. Almirón,Atlanta United FC,Paraguay,10,RW,Left,178,32,78,Paraguay,82,75,74,82,48,69,78,74,66,75,73,82,77,68,67,81,84,81,83,79,81,79,72,76,68,72,60,46,80,76,75,81,48,47,40,11,13,6,10,10,15,Copa del Mundo
R. Morales,Pumas UNAM,Paraguay,21,ST,Right,179,27,75,Paraguay,78,79,66,77,42,75,63,80,74,73,78,79,67,64,58,78,76,79,69,69,72,81,73,73,78,75,70,42,79,64,77,77,39,35,36,10,12,7,14,6,9,Copa del Mundo
Á. Arce,CS Independiente Rivadavia,Paraguay,18,ST,Right,188,31,73,Paraguay,74,77,64,73,40,74,62,83,78,67,79,70,64,60,60,77,76,72,69,80,62,77,74,67,81,65,67,38,75,63,77,79,34,37,38,13,14,10,7,7,9,Copa del Mundo
A. Sanabria,Sport Club Internacional,Paraguay,9,ST,Right,180,30,70,Paraguay,71,73,57,68,37,68,58,75,70,63,68,68,55,55,49,69,74,68,69,65,64,74,70,65,72,68,63,36,73,54,70,68,32,33,30,10,9,13,13,15,14,Copa del Mundo
H. Adrián Benítez,Club Nacional Asunción,Paraguay,25,ST,Right,183,23,60,Paraguay,62,58,52,59,29,60,47,59,60,59,59,56,56,51,41,63,62,62,57,60,46,64,65,60,62,51,53,29,61,54,59,63,27,25,19,12,12,10,10,7,11,Copa del Mundo
M. Zlomislic,Qarabağ FK,Bosnia-Herzegovina,22,GK,Right,189,28,68,Bosnia-Herzegovina,42,24,37,36,23,49,28,15,25,41,28,25,18,19,42,41,38,46,43,56,46,46,50,42,54,23,47,30,20,46,26,48,17,23,22,69,65,62,71,72,45,Copa del Mundo
S. Hamzic,WSG Tirol,Bosnia-Herzegovina,12,GK,Left,190,20,62,Bosnia-Herzegovina,44,20,32,28,18,47,24,16,22,38,10,17,17,23,33,30,42,46,38,59,39,40,49,36,56,16,40,26,10,37,18,35,14,17,15,61,61,52,58,61,41,Copa del Mundo
M. Jurkas,FK Borac Banja Luka,Bosnia-Herzegovina,1,GK,Right,193,18,58,Bosnia-Herzegovina,37,18,24,24,15,44,10,10,19,28,10,12,14,14,28,29,36,38,32,51,40,39,48,39,50,17,34,19,10,35,19,36,18,10,12,59,57,50,57,59,38,Copa del Mundo
T. Muharemović,Leeds United,Bosnia-Herzegovina,4,"CB, RB",Left,192,23,80,Bosnia-Herzegovina,74,63,68,68,83,83,65,59,81,72,62,61,60,64,70,72,72,76,71,78,65,77,86,79,87,60,78,85,52,63,62,79,84,83,79,15,15,14,15,14,9,Copa del Mundo
Z. Smajlović,Olympiacos El Pireo,Bosnia-Herzegovina,7,"CB, CDM",Both,191,22,71,Bosnia-Herzegovina,67,50,58,60,78,74,51,44,74,65,47,58,47,50,61,60,65,68,59,69,55,66,76,66,78,51,75,76,47,54,50,67,80,80,70,6,10,12,10,11,14,Copa del Mundo
S. Kolasinac,Atalanta de Bérgamo,Bosnia-Herzegovina,5,CB,Left,183,33,77,Bosnia-Herzegovina,65,58,67,66,79,78,64,52,76,73,52,63,54,60,66,67,64,65,63,77,65,73,79,72,80,64,81,83,45,66,53,73,78,79,75,7,14,6,13,14,12,Copa del Mundo
S. Radeljic,GNK Dinamo Zagreb,Bosnia-Herzegovina,21,CB,Left,201,29,71,Bosnia-Herzegovina,63,51,58,56,75,78,55,46,83,65,43,50,44,48,66,59,61,64,56,75,56,62,84,67,85,54,75,78,47,51,49,71,73,73,76,15,13,15,12,9,15,Copa del Mundo
N. Katic,FC Schalke 04,Bosnia-Herzegovina,18,CB,Right,194,29,69,Bosnia-Herzegovina,59,45,56,54,72,69,56,38,69,61,43,53,53,48,59,54,60,58,53,62,54,62,73,67,69,47,71,76,42,49,46,65,67,75,73,10,9,10,7,11,7,Copa del Mundo
N. Mujakic,BErzurumspor FK,Bosnia-Herzegovina,2,CB,Left,189,28,67,Bosnia-Herzegovina,63,50,55,57,68,68,48,46,73,60,43,51,52,49,57,63,60,66,54,63,57,67,71,63,69,47,70,73,43,53,52,59,66,65,68,7,8,8,14,10,13,Copa del Mundo
A. Malic,SK Sturm Graz,Bosnia-Herzegovina,3,RB,Right,186,21,65,Bosnia-Herzegovina,69,53,60,61,64,68,67,49,61,66,46,61,58,47,57,60,66,71,61,63,65,66,60,74,68,51,63,64,54,50,52,63,68,63,62,12,6,15,8,12,13,Copa del Mundo
I. Šunjić,Pafos FC,Bosnia-Herzegovina,14,CDM,Right,183,29,70,Bosnia-Herzegovina,62,64,68,69,71,72,63,63,65,75,55,70,56,59,69,69,59,64,69,67,66,68,66,77,69,65,75,73,62,65,58,71,72,71,73,15,14,15,15,8,12,Copa del Mundo
B. Tahirović,KRC Genk,Bosnia-Herzegovina,6,"CM, CAM",Right,191,23,70,Bosnia-Herzegovina,67,65,70,71,62,73,64,64,67,76,58,71,65,66,70,72,70,65,65,71,69,70,63,77,75,65,66,61,69,67,64,71,64,61,59,7,9,15,7,8,15,Copa del Mundo
A. Gigovic,BSC Young Boys,Bosnia-Herzegovina,8,CM,Right,187,24,70,Bosnia-Herzegovina,68,67,70,69,64,73,65,63,66,75,60,70,68,58,69,70,70,67,62,73,64,75,71,74,75,71,69,66,63,68,64,68,65,61,62,9,7,12,10,8,9,Copa del Mundo
I. Basic,FC Astana,Bosnia-Herzegovina,13,"CM, CDM",Left,178,24,67,Bosnia-Herzegovina,63,61,70,67,58,64,67,57,55,73,56,66,61,58,72,70,66,61,65,63,67,65,62,69,61,68,65,61,68,72,57,69,58,56,57,15,12,15,8,13,8,Copa del Mundo
L. Duric,SC Paderborn 07,Bosnia-Herzegovina,,"CM, CAM",Right,181,23,64,Bosnia-Herzegovina,61,59,67,60,60,62,61,56,63,73,57,56,62,52,66,64,59,62,62,63,61,60,63,68,62,64,56,61,61,67,60,66,57,65,52,10,10,12,14,8,9,Copa del Mundo
A. Memić,FC Viktoria Plzen,Bosnia-Herzegovina,15,RM,Right,176,25,73,Bosnia-Herzegovina,81,68,74,71,53,64,84,67,53,73,65,72,74,70,66,71,79,83,72,69,71,71,65,71,60,69,65,58,70,72,70,68,51,51,53,6,10,8,8,6,15,Copa del Mundo
E. Mahmic,Corum FK,Bosnia-Herzegovina,16,CAM,Right,182,21,70,Bosnia-Herzegovina,73,71,69,72,43,62,65,71,57,73,71,73,75,63,65,72,73,73,71,66,74,71,58,67,61,70,57,42,73,70,70,72,39,46,32,7,13,14,15,14,6,Copa del Mundo
K. Alajbegovic,Juventus de Turín,Bosnia-Herzegovina,,"LW, ST",Both,186,19,76,Bosnia-Herzegovina,81,75,73,76,48,70,72,74,67,75,70,78,76,70,69,77,81,81,73,72,74,77,68,74,70,75,63,47,80,72,75,74,46,44,44,11,12,10,10,8,12,Copa del Mundo
N. Omerovic,GD Estoril Praia,Bosnia-Herzegovina,20,"LW, ST",Left,174,23,68,Bosnia-Herzegovina,75,66,66,70,36,59,69,66,52,66,60,73,66,59,60,65,76,75,76,68,74,64,62,69,57,69,49,43,66,67,65,68,32,33,30,6,9,10,7,14,12,Copa del Mundo
E. Bajraktarevic,PSV Eindhoven,Bosnia-Herzegovina,11,"RW, ST",Left,175,21,73,Bosnia-Herzegovina,80,72,70,77,43,68,74,75,59,74,69,78,73,66,58,76,83,78,77,71,80,67,62,81,66,71,59,40,80,69,73,71,43,43,35,8,13,6,10,8,15,Copa del Mundo
A. Hasic,Cracovia,Bosnia-Herzegovina,17,"RW, RM",Left,180,24,70,Bosnia-Herzegovina,76,69,67,70,42,66,73,69,59,69,64,70,76,69,65,69,72,80,76,66,70,70,63,71,67,68,57,41,71,57,65,71,40,42,31,14,8,14,15,15,8,Copa del Mundo
E. Demirovic,VfB Stuttgart,Bosnia-Herzegovina,10,"ST, CF",Right,185,28,81,Bosnia-Herzegovina,82,80,70,79,48,81,69,80,85,76,80,76,69,71,62,81,83,82,82,80,79,83,80,77,84,77,78,45,83,69,77,80,45,42,39,14,6,7,8,13,13,Copa del Mundo
H. Tabakovic,Red Bull Salzburgo,Bosnia-Herzegovina,23,"ST, LW",Right,196,32,75,Bosnia-Herzegovina,74,77,64,71,43,78,58,81,81,67,75,72,68,68,61,70,77,71,65,81,67,77,77,70,85,69,70,41,83,67,75,76,39,38,39,6,9,13,15,13,13,Copa del Mundo
J. Lukić,FC Universitatea Cluj,Bosnia-Herzegovina,19,ST,Left,190,27,70,Bosnia-Herzegovina,74,71,60,70,36,72,57,73,77,65,68,71,61,60,49,71,73,74,68,67,68,73,71,67,78,67,62,31,76,62,68,73,36,29,31,14,11,13,14,15,6,Copa del Mundo
S. Bazdar,Sint-Truidense VV,Bosnia-Herzegovina,9,ST,Right,189,22,66,Bosnia-Herzegovina,65,66,56,63,33,67,52,68,71,61,69,61,60,55,49,65,66,65,57,67,61,71,72,65,70,54,59,28,68,55,63,70,27,30,29,9,7,12,6,11,15,Copa del Mundo
L. Ati Zigi,FC St. Gallen 1879,Ghana,,GK,Right,188,29,69,Ghana,44,28,38,36,26,51,21,22,29,46,19,28,26,26,41,33,43,45,46,63,53,50,59,45,56,25,42,36,21,45,29,47,26,18,23,66,71,60,68,71,45,Copa del Mundo
J. Anang,St. Patrick's Athletic,Ghana,,GK,Right,190,26,63,Ghana,39,19,30,28,21,44,17,10,25,34,15,16,19,19,32,29,37,40,37,61,47,41,48,36,50,18,40,26,15,41,24,43,17,20,22,62,63,61,64,63,33,Copa del Mundo
B. Asare,Hearts of Oak,Ghana,,GK,Right,188,34,63,Ghana,30,21,33,31,22,47,14,14,24,39,13,19,17,20,38,35,32,29,43,57,41,43,52,40,53,17,40,30,13,44,24,41,21,18,16,64,63,55,61,64,41,Copa del Mundo
K. Oppong,Fenerbahce,Ghana,,CB,Right,185,22,73,Ghana,66,55,61,60,74,75,60,50,70,67,46,56,53,58,64,63,67,65,51,69,67,66,76,69,75,57,81,69,49,53,56,72,77,76,75,7,7,7,6,8,12,Copa del Mundo
J. Opoku,Basaksehir FK,Ghana,,CB,Left,197,27,77,Ghana,75,59,64,64,80,81,60,56,83,72,51,58,57,60,65,67,73,77,60,82,64,73,86,74,85,60,80,80,45,54,55,75,79,80,77,10,8,14,7,8,7,Copa del Mundo
J. Adjetey,VfL Wolfsburgo,Ghana,,"CB, RB",Right,188,22,69,Ghana,64,50,58,57,71,77,53,44,68,68,44,53,50,51,60,58,64,64,56,63,62,65,75,69,82,51,74,65,45,49,45,68,75,72,72,12,9,12,7,13,13,Copa del Mundo
A. Djiku,FC Spartak de Moscú,Ghana,,CB,Right,182,32,76,Ghana,69,54,65,66,79,77,60,47,74,75,49,60,57,59,69,69,65,72,69,77,64,67,79,73,78,59,78,81,48,53,59,74,80,80,78,6,12,8,14,7,10,Copa del Mundo
R. Yeboah,CA Osasuna,Ghana,,"CB, CDM",Right,189,22,69,Ghana,65,48,58,58,70,72,54,45,68,67,37,53,49,49,65,61,67,64,58,66,57,60,75,61,78,47,72,68,42,46,49,66,71,72,67,13,10,12,12,9,8,Copa del Mundo
G. Mensah,FC Colonia,Ghana,,"LB, LM",Left,178,28,70,Ghana,73,54,63,65,67,68,69,50,57,67,49,62,63,52,60,67,70,76,70,68,70,61,67,76,64,59,70,71,53,56,58,65,66,67,68,15,12,10,8,15,8,Copa del Mundo
E. Annan,FC Rapid 1923,Ghana,,LB,Left,178,24,70,Ghana,77,52,65,69,68,68,72,45,61,68,51,69,61,44,63,68,74,79,73,71,73,62,66,76,65,57,67,68,59,62,55,64,69,69,70,13,7,15,13,7,10,Copa del Mundo
I. Sulemana,US Sassuolo,Ghana,,CDM,Right,180,23,72,Ghana,65,67,69,68,72,74,59,63,69,73,53,69,67,62,75,63,68,62,72,72,68,75,71,75,74,72,73,75,69,72,61,74,71,73,73,13,11,9,12,10,8,Copa del Mundo
C. Yirenkyi,Coventry City,Ghana,,"CM, CDM",Right,182,20,74,Ghana,74,69,74,76,66,69,66,69,66,80,58,78,74,65,76,75,73,74,74,71,72,74,69,74,68,68,63,70,68,72,73,78,67,64,58,11,6,7,12,6,11,Copa del Mundo
R. Donkor,Red Bull New York,Ghana,,"CM, CAM",Left,173,21,67,Ghana,62,62,66,66,60,65,64,59,53,67,56,63,63,65,67,71,63,62,60,69,74,66,58,69,63,66,66,65,59,65,60,62,58,63,53,12,12,6,13,6,14,Copa del Mundo
R. Ibrahim,Slovan Bratislava,Ghana,,CM,Left,185,25,66,Ghana,64,59,68,67,61,67,64,59,60,70,51,67,65,53,72,69,64,64,59,67,65,63,60,67,69,56,66,62,61,69,64,70,60,64,58,14,13,6,11,14,6,Copa del Mundo
K. Sibo,Swehly SC,Ghana,,"CM, CDM",Right,183,28,67,Ghana,64,64,67,67,61,67,61,61,55,70,59,66,66,58,71,68,68,61,63,69,65,71,63,74,65,64,64,62,68,67,63,67,66,59,59,12,14,13,12,14,13,Copa del Mundo
A. Boakye,AS Saint-Étienne,Ghana,,CAM,Left,178,25,74,Ghana,78,73,76,77,45,68,77,71,58,77,69,78,76,72,70,77,79,77,73,72,83,74,59,76,67,76,65,48,75,78,72,72,44,41,41,10,9,8,7,12,11,Copa del Mundo
C. Bonsu Baah,Al-Qadsiah FC,Ghana,,"LW, ST",Left,172,21,75,Ghana,82,73,71,77,45,68,76,74,64,68,76,78,75,64,71,77,81,82,83,73,77,75,62,79,66,67,61,40,77,74,67,68,45,44,38,8,12,8,10,8,11,Copa del Mundo
F. Afena-Gyan,Igdir FK,Ghana,,LW,Left,175,23,65,Ghana,72,64,61,68,33,57,60,65,51,61,67,71,65,56,58,65,71,73,69,65,66,65,49,63,58,62,49,34,64,63,61,67,30,29,34,10,7,8,15,11,9,Copa del Mundo
A. Fatawu,Ipswich Town,Ghana,,"RW, ST",Left,177,22,76,Ghana,78,77,72,76,44,69,74,80,63,74,67,79,72,69,69,73,80,77,81,73,75,76,69,78,67,75,61,48,77,72,70,68,42,39,40,6,10,15,10,9,11,Copa del Mundo
E. Nuamah,Olympique de Lyon,Ghana,,RW,Left,178,22,73,Ghana,75,71,70,77,43,67,67,74,65,75,72,76,72,67,61,80,76,75,79,69,74,69,59,73,65,67,65,50,75,70,66,70,35,42,35,7,7,7,10,9,11,Copa del Mundo
B. Thomas-Asante,Coventry City,Ghana,,"ST, LW",Right,182,27,78,Ghana,76,78,70,79,44,76,70,83,76,72,81,79,67,68,62,81,77,75,76,80,70,75,76,70,80,71,72,44,81,72,76,77,41,42,31,7,10,12,11,6,12,Copa del Mundo
M. Fuseini,Derby County,Ghana,,"ST, LW",Right,169,24,67,Ghana,69,69,59,64,34,64,61,72,64,61,62,63,63,59,49,59,64,73,73,69,73,68,65,67,65,66,58,30,72,60,71,72,30,34,28,6,14,15,6,11,8,Copa del Mundo
B. Tetteh,Kalba FC,Ghana,,ST,Right,193,29,68,Ghana,66,72,60,65,37,69,59,75,76,65,68,68,57,60,55,61,63,69,63,75,61,71,75,61,76,70,61,28,73,59,66,67,39,30,30,15,11,15,7,14,9,Copa del Mundo
D. St. Clair,Inter Miami CF,Canadá,,GK,Left,191,29,72,Canadá,48,29,39,39,32,55,27,23,32,45,17,30,26,28,44,40,49,48,43,69,55,48,59,43,64,25,46,38,20,45,37,55,31,29,31,71,70,64,70,73,45,Copa del Mundo
J. Pantemis,Portland Timbers,Canadá,,GK,Right,191,29,66,Canadá,43,26,34,31,25,51,18,20,26,39,20,17,17,21,43,36,46,40,40,67,45,43,59,42,58,25,44,32,18,41,27,44,25,22,21,70,63,62,65,70,40,Copa del Mundo
O. Goodman,Dundee FC,Canadá,,GK,Left,193,22,59,Canadá,35,17,26,25,16,43,15,10,19,33,11,12,17,12,29,30,35,35,35,56,41,39,45,34,50,14,36,28,15,28,18,35,10,15,10,59,58,51,59,60,38,Copa del Mundo
A. Jones,Middlesbrough FC,Canadá,,CB,Right,191,28,74,Canadá,67,56,64,62,80,78,63,54,79,66,51,57,56,54,68,63,66,68,66,73,64,67,78,73,81,55,79,81,47,61,53,71,78,83,76,14,10,11,6,12,7,Copa del Mundo
L. De Fougerolles,Real Salt Lake City,Canadá,,CB,Right,183,20,67,Canadá,65,47,53,54,72,66,49,40,70,57,43,52,43,44,59,52,61,68,55,63,60,62,65,63,66,48,72,67,42,50,49,64,74,75,71,6,8,7,15,9,6,Copa del Mundo
D. Cornelius,Olympique de Marsella,Canadá,,CB,Left,186,28,69,Canadá,64,48,57,57,73,70,57,42,78,63,47,51,52,49,59,59,66,63,62,65,61,66,70,70,70,47,72,72,43,49,46,69,73,75,68,9,13,8,11,10,8,Copa del Mundo
J. Ivanisevic,FK Sarajevo,Canadá,,"CB, CDM",Right,191,21,61,Canadá,56,41,49,47,66,65,44,34,66,57,38,40,39,41,55,54,53,58,41,58,46,59,61,59,69,40,65,67,31,42,41,56,67,65,62,10,6,7,6,10,9,Copa del Mundo
R. Chukwu,Toronto FC,Canadá,,CB,Left,183,18,53,Canadá,51,35,42,44,56,53,39,29,57,49,26,39,24,32,50,48,48,54,41,51,45,49,58,49,55,38,51,62,29,33,30,49,51,58,55,10,15,11,10,11,13,Copa del Mundo
R. Laryea,Toronto FC,Canadá,,"RB, RM",Right,175,31,68,Canadá,70,53,66,67,64,65,70,48,56,68,49,63,61,59,62,68,72,68,72,71,74,65,58,67,65,51,63,54,58,62,55,63,68,65,73,9,6,13,6,12,9,Copa del Mundo
N. Sigur,Toulouse FC,Canadá,,"CDM, CB",Right,178,23,69,Canadá,66,58,66,65,72,70,62,56,64,68,52,62,63,62,73,66,65,66,67,69,67,60,66,76,68,63,66,72,58,65,59,71,72,75,66,10,8,13,10,15,6,Copa del Mundo
R. Priso,Vancouver Whitecaps FC,Canadá,,"CDM, CM",Left,175,24,64,Canadá,57,53,62,63,65,68,56,49,55,70,49,60,53,58,62,67,54,59,61,60,61,58,56,68,70,55,66,66,58,59,54,63,69,66,60,10,12,15,7,11,13,Copa del Mundo
S. Piette,CF Montréal,Canadá,,"CDM, CM",Right,171,31,66,Canadá,61,57,63,62,65,68,54,52,59,68,47,59,58,52,68,62,57,64,66,66,66,64,64,72,64,65,72,67,57,64,57,70,68,62,65,10,8,7,12,10,8,Copa del Mundo
N. Saliba,Villarreal CF,Canadá,,CM,Right,174,22,76,Canadá,75,69,76,78,69,72,73,67,63,79,64,80,72,73,79,77,73,76,77,76,77,73,65,74,71,69,76,72,73,75,71,79,66,73,64,14,9,11,15,12,6,Copa del Mundo
S. Eustaquio,Swansea City,Canadá,,CM,Right,175,29,76,Canadá,74,72,75,77,69,71,68,69,65,80,65,75,67,70,74,82,76,72,73,74,81,79,65,79,68,77,72,72,67,76,67,74,69,70,68,12,7,10,10,9,9,Copa del Mundo
J. Badwal,Vancouver Whitecaps FC,Canadá,,CM,Left,179,20,65,Canadá,66,59,64,64,59,65,59,59,58,69,55,62,54,61,65,67,67,65,63,61,71,64,55,71,65,56,59,56,64,63,54,60,64,60,50,7,7,8,15,13,9,Copa del Mundo
M. Choinière,Los Ángeles FC,Canadá,,"CM, CAM",Right,173,27,68,Canadá,69,63,68,69,60,61,65,60,54,71,61,66,66,62,72,73,71,68,64,68,72,70,60,66,59,62,62,62,67,63,62,64,59,63,55,15,6,15,7,7,9,Copa del Mundo
L. Millar,Birmingham City,Canadá,,"LW, LM",Left,181,27,71,Canadá,76,68,69,75,39,66,75,68,58,71,66,76,70,64,59,77,78,74,73,73,68,73,65,69,67,64,60,39,73,70,63,74,37,37,32,13,11,10,11,6,10,Copa del Mundo
J. Shaffelburg,Los Ángeles FC,Canadá,,"LW, ST",Left,181,26,72,Canadá,76,75,72,73,41,65,74,78,64,75,68,69,73,69,59,76,80,72,73,73,74,75,64,74,65,75,54,39,71,74,59,74,41,36,35,11,13,10,11,7,11,Copa del Mundo
J. Hoilett,Sin equipoSin equipo,Canadá,,LW,Left,174,36,57,Canadá,56,56,55,62,27,47,48,58,45,57,51,63,57,57,53,61,56,56,63,63,60,52,47,61,44,57,39,30,60,59,54,54,25,23,18,14,13,13,8,12,12,Copa del Mundo
T. Buchanan,Villarreal CF,Canadá,,"RW, ST",Right,183,27,77,Canadá,84,74,75,81,48,74,75,74,66,77,70,84,77,73,68,79,88,80,81,75,73,77,68,79,77,69,64,48,79,75,79,81,47,44,44,8,7,15,8,14,13,Copa del Mundo
J. David,Atlético de Madrid,Canadá,,ST,Both,178,26,80,Canadá,81,82,70,80,44,77,75,85,80,71,80,80,69,66,63,79,79,82,80,84,79,85,82,72,82,71,70,40,86,70,80,81,37,43,45,7,6,6,6,9,13,Copa del Mundo
P. David,Brighton & Hove Albion,Canadá,24,"ST, CF",Right,195,25,79,Canadá,81,80,69,79,48,80,69,79,87,72,77,78,66,66,60,80,78,83,78,80,69,82,80,74,87,83,69,43,82,71,72,83,45,42,42,11,7,14,8,11,15,Copa del Mundo
T. Oluwaseyi,Villarreal CF,Canadá,,"ST, CF",Left,187,26,73,Canadá,77,74,64,69,39,74,57,76,67,68,73,65,66,60,61,72,74,79,69,79,66,71,76,67,79,71,71,35,80,66,77,76,35,38,31,13,13,12,14,9,9,Copa del Mundo
D. Jebbison,AFC Bournemouth,Canadá,,ST,Right,190,23,73,Canadá,80,75,64,75,39,75,62,75,73,68,76,77,65,63,62,76,79,81,75,73,65,77,83,68,80,73,67,35,80,61,76,73,34,38,27,11,9,9,11,13,15,Copa del Mundo
C. Larin,Southampton FC,Canadá,,"ST, CF",Right,188,31,75,Canadá,73,75,65,72,42,76,58,78,82,68,69,68,69,60,63,74,76,71,75,80,67,77,77,71,80,65,71,38,79,69,74,84,43,35,28,8,10,12,14,14,7,Copa del Mundo
J. Russell-Rowe,Toulouse FC,Canadá,,"ST, CF",Right,183,24,69,Canadá,72,69,62,68,35,71,58,70,68,65,68,70,60,63,52,65,70,73,71,65,68,72,72,67,78,65,58,29,72,66,70,74,33,33,29,13,9,11,14,13,12,Copa del Mundo
B. Song,Jeonbuk Hyundai Motors,Corea del Sur,12,GK,Right,196,28,65,Corea del Sur,39,22,34,32,23,48,19,14,21,40,16,20,16,20,38,36,42,37,35,64,45,43,59,46,51,23,39,27,17,41,26,50,25,20,20,59,64,59,68,66,47,Copa del Mundo
H. Jo,Ulsan HD FC,Corea del Sur,21,GK,Right,189,35,68,Corea del Sur,41,26,34,34,26,53,18,22,30,38,19,22,23,19,40,37,40,41,41,67,43,44,56,42,59,22,50,34,14,46,28,47,18,28,25,70,65,63,65,70,41,Copa del Mundo
S. Kim,FC Tokyo,Corea del Sur,1,GK,Right,189,36,68,Corea del Sur,34,26,36,36,27,55,24,20,25,41,15,22,26,22,40,42,39,30,45,74,45,51,59,45,63,17,46,30,18,43,29,48,24,28,26,72,66,62,68,67,49,Copa del Mundo
S. Gu,FC Seoul,Corea del Sur,23,GK,Right,197,32,67,Corea del Sur,38,22,37,33,26,51,21,14,26,43,13,17,16,27,41,38,37,39,45,62,47,43,58,45,57,18,41,31,18,45,29,50,23,27,24,70,67,61,66,63,47,Copa del Mundo
M. Kim,Bayern Múnich,Corea del Sur,4,CB,Right,190,29,80,Corea del Sur,77,60,66,68,84,82,59,57,86,75,52,68,57,65,70,65,77,77,67,78,70,72,81,79,84,59,79,81,48,57,60,77,84,87,79,13,13,12,7,15,14,Copa del Mundo
H. Lee,Club Brujas KV,Corea del Sur,2,"CB, RB",Right,188,24,68,Corea del Sur,57,49,58,55,73,69,51,43,76,65,40,53,49,45,67,56,57,57,48,64,62,65,71,62,71,52,70,71,42,50,48,67,74,74,69,14,11,14,6,10,11,Copa del Mundo
T. Kim,Kashima Antlers,Corea del Sur,5,CB,Left,187,26,68,Corea del Sur,63,51,57,55,73,72,54,46,69,64,42,51,48,49,57,54,68,59,61,63,57,66,73,69,72,50,73,75,46,51,47,66,68,79,69,8,13,12,11,6,13,Copa del Mundo
W. Cho,Jeonbuk Hyundai Motors,Corea del Sur,28,"CB, RB",Right,190,25,65,Corea del Sur,59,47,52,53,69,67,50,40,67,55,44,47,48,50,57,55,57,61,58,61,54,63,66,61,69,50,68,70,42,44,43,65,66,70,71,11,6,11,7,13,11,Copa del Mundo
G. Kim,Incheon United,Corea del Sur,25,CB,Right,192,24,64,Corea del Sur,59,45,52,52,69,69,46,40,73,60,41,47,46,47,57,56,62,56,52,59,51,57,71,63,73,45,68,77,38,45,46,67,66,68,64,9,11,10,15,7,12,Copa del Mundo
T. Lee,FK Austria Viena,Corea del Sur,13,LB,Left,174,24,70,Corea del Sur,74,58,66,65,68,69,69,55,64,70,54,63,56,58,60,64,72,75,74,69,71,67,68,76,68,58,65,70,59,65,58,68,70,68,67,11,7,12,7,8,9,Copa del Mundo
T. Kim,Jeonbuk Hyundai Motors,Corea del Sur,3,LB,Left,175,29,65,Corea del Sur,69,51,62,67,63,61,69,47,59,64,48,63,56,50,62,68,72,66,70,74,72,58,57,68,56,52,65,63,55,56,48,65,64,64,63,10,13,9,14,13,13,Copa del Mundo
H. Cho,Ulsan HD FC,Corea del Sur,26,"LB, RB",Left,182,25,63,Corea del Sur,66,46,57,60,62,64,61,39,55,61,46,59,60,47,59,59,64,67,60,64,58,56,61,73,62,49,61,62,52,48,51,64,63,62,61,15,11,14,15,10,14,Copa del Mundo
Y. Seol,FC Augsburgo,Corea del Sur,22,RB,Right,183,27,70,Corea del Sur,76,56,66,66,68,73,70,54,66,70,48,67,64,54,70,62,78,74,68,71,71,61,68,75,73,56,73,67,60,58,56,69,65,71,69,13,12,10,10,13,13,Copa del Mundo
J. Choi,FC Seoul,Corea del Sur,15,RB,Right,177,27,64,Corea del Sur,70,49,60,63,62,63,69,46,55,61,45,60,52,52,58,64,67,73,68,66,67,53,64,64,62,54,62,64,51,57,48,59,60,64,64,15,13,15,13,6,15,Copa del Mundo
J. Park,Zhejiang FC,Corea del Sur,16,CDM,Right,183,30,68,Corea del Sur,62,58,65,65,69,71,57,52,65,69,50,64,59,54,73,65,63,61,65,68,62,66,68,71,70,66,74,67,61,62,62,72,74,66,67,11,15,7,11,11,9,Copa del Mundo
I. Hwang,FC Oporto,Corea del Sur,6,"CM, CDM",Both,177,30,74,Corea del Sur,74,70,75,75,64,71,73,67,66,76,59,76,66,64,79,75,71,77,73,73,76,73,63,80,69,74,68,68,72,75,68,74,65,61,65,11,15,15,11,12,13,Copa del Mundo
S. Paik,Birmingham City,Corea del Sur,8,CM,Right,182,29,69,Corea del Sur,62,64,69,70,63,64,66,63,61,73,61,71,64,65,72,67,66,58,75,75,65,65,62,67,64,65,62,58,63,66,66,69,63,67,59,8,10,13,7,12,8,Copa del Mundo
B. Kim,Daejeon Hana Citizen,Corea del Sur,24,"CM, CDM",Right,181,26,66,Corea del Sur,61,63,65,68,61,62,63,62,61,62,55,64,61,60,72,73,59,63,62,61,72,65,59,68,59,66,62,65,64,70,58,70,62,61,52,10,8,15,15,15,8,Copa del Mundo
T. Park,Gimcheon Sangmu,Corea del Sur,30,CM,Right,176,27,63,Corea del Sur,62,56,66,62,53,60,59,52,51,73,50,59,59,56,65,62,64,60,61,68,66,62,53,69,57,60,58,48,61,65,57,69,56,55,50,9,7,15,15,8,15,Copa del Mundo
K. Lee,Atlético de Madrid,Corea del Sur,19,"CAM, CF",Left,173,25,82,Corea del Sur,81,82,82,83,52,74,77,82,64,84,78,85,85,80,83,81,83,80,84,84,83,80,71,80,73,84,72,59,86,84,77,83,49,46,49,11,13,11,10,8,6,Copa del Mundo
J. Lee,1.FSV Mainz 05,Corea del Sur,10,CAM,Left,180,34,71,Corea del Sur,66,68,73,75,46,62,68,68,61,76,67,77,74,71,66,73,70,62,74,74,69,65,60,70,59,70,58,50,72,80,67,74,46,40,39,10,7,6,10,12,14,Copa del Mundo
D. Lee,Ulsan HD FC,Corea del Sur,14,"CAM, CM",Left,175,29,70,Corea del Sur,68,70,73,72,44,63,76,68,55,72,63,73,71,64,73,71,67,68,73,71,72,71,58,70,62,75,59,42,69,74,73,70,48,38,38,6,9,6,7,11,8,Copa del Mundo
H. Son,Los Ángeles FC,Corea del Sur,7,"LW, LM",Both,183,34,82,Corea del Sur,82,80,82,87,49,76,81,82,70,86,82,89,80,73,76,86,80,83,83,88,84,81,75,87,73,72,70,48,85,81,78,86,45,48,47,14,6,8,6,12,6,Copa del Mundo
M. Kim,Rangers FC,Corea del Sur,27,"LW, ST",Left,177,20,69,Corea del Sur,78,70,66,72,35,61,67,72,56,65,70,73,70,66,62,74,80,77,70,67,73,67,55,72,61,68,47,34,71,69,65,64,30,34,33,7,15,10,12,8,12,Copa del Mundo
M. Song,CD Nacional,Corea del Sur,17,"LW, LM",Left,181,27,67,Corea del Sur,75,65,62,70,37,57,65,66,57,62,66,68,67,60,57,73,79,72,75,66,67,67,62,64,54,62,54,36,69,64,59,65,39,32,27,9,7,8,6,7,15,Copa del Mundo
S. Jeong,FC Seoul,Corea del Sur,29,RW,Right,173,29,68,Corea del Sur,78,66,65,71,38,61,64,66,52,67,62,69,68,62,58,72,76,80,77,73,72,69,60,67,62,66,53,35,68,67,65,67,38,35,35,9,13,15,8,11,9,Copa del Mundo
H. Oh,Besiktas JK,Corea del Sur,18,ST,Right,187,25,75,Corea del Sur,75,77,66,73,43,74,64,78,76,70,74,69,66,64,59,77,70,79,75,77,69,78,79,75,76,75,66,44,87,69,74,75,37,40,36,6,15,8,10,11,10,Copa del Mundo
H. Hwang,FC Schalke 04,Corea del Sur,11,"ST, CF",Right,177,30,71,Corea del Sur,73,74,61,70,37,71,55,77,68,66,72,67,64,62,55,73,74,72,72,75,66,72,76,72,74,68,62,39,80,63,71,66,30,36,29,15,7,9,11,12,7,Copa del Mundo
G. Cho,FC Midtjylland,Corea del Sur,9,"ST, CF",Right,188,28,70,Corea del Sur,71,73,60,66,35,70,55,74,73,66,69,60,64,63,51,71,74,69,64,70,68,74,73,67,73,70,64,31,75,60,75,68,32,30,27,6,9,10,13,15,9,Copa del Mundo
S. Oh,Shimizu S-Pulse,Corea del Sur,20,ST,Left,194,27,66,Corea del Sur,68,68,56,62,28,67,55,69,66,59,61,60,58,51,53,63,62,73,57,71,60,71,71,60,74,66,55,28,75,53,65,69,24,22,25,10,7,11,8,15,15,Copa del Mundo
O. Shobeir,Al Ahly FC,Egipto,1,GK,Right,185,26,69,Egipto,44,25,39,36,28,50,29,16,28,43,14,23,26,22,39,39,43,44,42,71,47,47,59,50,53,25,38,32,18,51,27,53,25,28,25,69,70,61,70,69,48,Copa del Mundo
M. Alaa,Cleopatra FC,Egipto,26,GK,Right,188,27,65,Egipto,40,24,32,28,22,48,21,20,29,37,15,15,26,19,35,31,39,41,40,60,47,42,53,43,54,20,36,32,15,38,21,44,20,15,22,63,66,60,67,64,49,Copa del Mundo
E. Mahdi Soliman,Zamalek SC,Egipto,16,GK,Right,187,39,62,Egipto,24,21,30,28,20,43,14,17,22,37,10,16,21,14,36,31,22,26,38,59,43,43,48,34,49,12,38,28,12,38,21,45,17,19,14,63,62,53,58,68,42,Copa del Mundo
A. El Balouti,Bank El Ahly,Egipto,23,GK,Right,188,32,62,Egipto,35,20,32,29,21,45,19,11,21,37,17,16,18,16,33,31,38,33,39,61,49,42,48,36,53,22,36,24,10,41,19,44,20,21,14,59,56,54,64,63,40,Copa del Mundo
M. Abdelmonem,OGC Niza,Egipto,6,"CB, CDM",Right,184,27,69,Egipto,64,50,58,59,71,72,53,42,67,62,45,53,58,51,62,64,62,66,57,67,60,67,71,67,74,56,72,73,45,54,46,69,72,70,71,6,9,11,10,15,11,Copa del Mundo
H. Abdelmaguid,Ludogorets Razgrad,Egipto,4,CB,Right,193,25,66,Egipto,62,48,53,56,70,70,45,46,69,60,43,50,54,46,59,61,64,61,54,63,55,60,71,63,73,41,73,68,47,47,44,65,73,69,69,8,12,14,12,13,6,Copa del Mundo
O. Fayed,Frosinone Calcio,Egipto,2,"CB, CDM",Right,192,23,64,Egipto,61,46,52,50,67,70,51,42,70,63,41,43,39,36,56,54,60,61,50,64,56,63,64,60,77,44,65,74,40,40,41,64,62,69,61,13,10,8,10,12,15,Copa del Mundo
R. Rabia,Al-Ain FC,Egipto,5,"CB, RB",Right,183,33,69,Egipto,63,49,56,61,71,76,51,46,74,62,41,59,51,46,60,61,61,65,62,69,64,65,73,67,79,45,78,78,42,52,52,66,69,70,67,8,12,12,7,10,7,Copa del Mundo
A. Fatouh,Zamalek SC,Egipto,13,"LB, LM",Left,177,28,66,Egipto,72,49,62,61,65,66,66,41,53,66,50,59,55,55,65,59,71,73,73,61,66,61,64,73,62,54,66,65,50,54,54,58,67,68,64,10,15,8,14,10,8,Copa del Mundo
K. Hafez,Pyramids FC,Egipto,15,"LB, RB",Left,174,30,68,Egipto,73,55,63,66,65,67,66,52,58,69,50,69,56,54,61,62,75,71,69,66,73,64,63,74,65,54,65,59,60,54,55,64,67,70,66,15,13,12,6,7,6,Copa del Mundo
M. Hany,Al Ahly FC,Egipto,3,"RB, RM",Right,180,30,70,Egipto,74,56,66,64,68,70,73,55,61,64,53,64,67,59,63,61,73,74,73,70,68,61,65,73,71,53,66,68,56,64,56,65,67,70,73,14,11,13,6,11,7,Copa del Mundo
T. Alaa,Zed FC,Egipto,24,"RB, RM",Right,178,24,61,Egipto,65,49,56,60,56,64,57,48,52,57,44,59,51,48,59,59,66,65,64,61,65,52,58,72,60,50,64,54,53,53,48,53,56,59,59,7,8,12,7,13,14,Copa del Mundo
M. Ateya,Al Ahly FC,Egipto,19,CDM,Right,176,28,72,Egipto,70,62,71,67,73,77,62,58,67,77,59,64,61,65,73,68,69,70,72,72,68,70,70,80,75,65,79,73,59,73,60,63,76,73,71,6,6,8,12,10,9,Copa del Mundo
M. Lasheen,Pyramids FC,Egipto,17,"CDM, CB",Right,180,30,72,Egipto,68,60,69,69,75,73,59,52,65,75,58,67,63,59,71,71,68,68,67,77,69,71,70,76,72,67,74,79,67,69,59,73,72,78,73,14,12,10,7,8,10,Copa del Mundo
E. Ashour,Al Ahly FC,Egipto,8,"CM, CAM",Right,180,28,73,Egipto,69,70,75,73,67,71,68,69,66,79,59,71,70,68,76,76,74,65,74,75,70,75,64,81,69,73,64,71,64,78,71,75,64,67,65,13,10,12,15,9,6,Copa del Mundo
A. Mahmoud,Al Ahly FC,Egipto,18,"CM, CDM",Left,178,23,64,Egipto,60,60,65,68,56,61,58,60,54,66,51,68,57,61,67,68,65,56,66,66,66,61,62,69,58,61,59,61,62,70,64,69,57,52,53,6,7,14,12,15,13,Copa del Mundo
M. Saber,Pyramids FC,Egipto,21,CAM,Right,170,25,69,Egipto,70,69,70,75,39,60,65,69,52,72,65,74,72,65,64,78,73,68,73,69,73,70,53,69,56,68,58,44,69,75,74,69,36,37,35,10,7,7,9,10,6,Copa del Mundo
M. Ziko,Pyramids FC,Egipto,11,LW,Left,179,29,71,Egipto,79,69,68,73,40,62,75,65,58,68,65,73,73,62,57,72,82,76,72,72,73,71,65,70,60,74,54,41,71,68,71,77,36,38,34,12,6,9,9,6,6,Copa del Mundo
I. Adel,FC Nordsjælland,Egipto,20,LW,Left,178,25,71,Egipto,79,68,67,76,39,62,73,68,58,66,65,78,73,66,62,74,81,78,79,70,73,68,57,70,60,71,59,34,72,63,64,73,34,42,34,14,12,15,8,7,10,Copa del Mundo
H. Hassan,Celtic FC,Egipto,12,RW,Left,175,24,74,Egipto,83,72,72,79,43,65,75,71,61,74,71,85,71,72,67,75,79,86,77,75,79,74,63,75,65,70,54,49,76,70,70,76,39,38,37,8,8,14,14,8,11,Copa del Mundo
Zizo,Al Ahly FC,Egipto,25,RW,Right,175,30,73,Egipto,82,72,70,75,43,69,71,71,63,70,72,78,75,70,69,72,83,82,80,70,74,72,63,74,72,74,57,42,77,70,68,69,43,41,34,15,6,7,7,8,6,Copa del Mundo
O. Marmoush,Tottenham Hotspur,Egipto,22,"ST, CF",Right,183,27,83,Egipto,84,87,75,81,50,83,76,89,83,78,83,80,77,63,68,81,85,83,82,85,77,89,89,78,87,83,77,45,89,75,81,86,52,44,41,11,6,15,8,13,8,Copa del Mundo
H. Abdelkarim,FC Barcelona,Egipto,9,ST,Both,182,18,69,Egipto,71,74,60,70,34,69,58,81,63,64,69,72,64,59,53,71,70,71,66,66,66,75,74,63,74,62,62,34,72,60,70,70,33,27,29,13,6,13,10,14,14,Copa del Mundo
O. Faisal,Bank El Ahly,Egipto,7,"ST, LW",Right,185,25,67,Egipto,69,70,57,65,36,66,55,74,70,60,66,64,61,58,50,65,68,69,62,70,66,70,69,62,72,63,57,28,69,59,67,69,35,32,29,9,9,8,6,9,13,Copa del Mundo
A. Nematov,Nasaf Qarshi,Uzbekistán,12,GK,Right,182,25,69,Uzbekistán,44,28,37,36,28,51,24,23,30,41,24,24,21,24,44,38,46,43,49,61,48,50,56,45,54,23,48,34,16,44,27,48,26,26,24,66,63,66,70,70,42,Copa del Mundo
V. Nazarov,Pakhtakor Tashkent,Uzbekistán,1,GK,Right,188,24,62,Uzbekistán,39,17,31,31,20,45,18,10,20,36,18,20,16,15,40,33,36,41,38,62,42,32,49,37,51,19,38,25,11,35,17,43,20,17,18,61,60,57,66,62,42,Copa del Mundo
E. Nemanov,Dinamo Samarqand,Uzbekistán,16,GK,Left,190,22,58,Uzbekistán,36,17,27,23,16,41,16,12,20,34,10,10,17,10,24,28,37,36,33,52,32,39,46,33,46,12,36,26,10,37,17,38,10,17,12,54,60,52,62,62,36,Copa del Mundo
A. Khusanov,Manchester City,Uzbekistán,2,"CB, RB",Right,186,22,81,Uzbekistán,79,64,70,68,85,82,66,60,85,76,60,62,57,66,81,72,79,79,62,80,72,79,85,79,83,60,80,86,58,60,58,78,82,89,77,14,13,10,8,9,6,Copa del Mundo
J. Urozov,Rubin Kazan,Uzbekistán,5,CB,Left,190,22,65,Uzbekistán,58,45,52,54,69,70,53,40,77,58,42,52,46,39,58,54,55,60,53,64,53,58,72,66,71,43,71,74,41,41,47,63,66,67,68,11,12,12,12,12,9,Copa del Mundo
M. Abdumazhidov,Pakhtakor Tashkent,Uzbekistán,15,CB,Right,190,22,63,Uzbekistán,58,44,52,51,66,65,46,40,68,60,38,46,46,48,57,53,61,56,53,66,52,54,63,61,68,43,65,68,40,43,44,59,68,62,64,13,9,9,9,12,12,Copa del Mundo
M. Khakimov,Bunyodkor Tashkent,Uzbekistán,27,"CB, CDM",Left,187,17,54,Uzbekistán,52,35,42,41,57,59,40,33,58,46,31,35,35,39,46,45,51,52,41,47,41,50,51,58,62,29,56,58,30,36,27,48,57,58,55,11,12,13,11,11,12,Copa del Mundo
N. Abduganiev,Neftchi Fergana,Uzbekistán,26,CB,Right,187,19,50,Uzbekistán,50,32,39,37,52,54,39,26,52,44,23,35,31,31,39,39,49,50,34,41,38,50,50,48,59,32,49,57,22,34,30,43,49,52,49,12,8,10,12,8,9,Copa del Mundo
S. Nasrullaev,Pakhtakor Tashkent,Uzbekistán,13,LB,Left,183,28,67,Uzbekistán,67,51,64,63,63,69,72,47,58,66,49,61,58,54,56,64,64,69,71,61,64,61,60,75,71,47,61,63,56,60,52,63,65,62,68,8,10,11,8,11,8,Copa del Mundo
M. Makhamadzhonov,Dinamo Makhachkala,Uzbekistán,25,"LB, RB",Left,181,23,60,Uzbekistán,64,46,55,57,57,64,62,42,50,55,43,52,54,49,55,62,62,65,63,59,61,57,60,66,67,45,55,58,49,52,41,52,56,59,60,6,10,15,8,8,11,Copa del Mundo
B. Karimov,FC Lugano,Uzbekistán,4,RB,Right,180,19,62,Uzbekistán,69,48,59,61,61,60,67,46,54,64,44,57,51,44,59,66,72,67,65,54,65,53,59,61,59,50,62,61,48,50,41,53,58,67,63,7,11,13,13,6,10,Copa del Mundo
K. Alizhonov,Pakhtakor Tashkent,Uzbekistán,3,RB,Right,180,29,68,Uzbekistán,72,54,62,67,65,66,65,49,62,63,53,71,60,54,64,65,70,74,61,64,68,59,63,73,65,58,60,64,58,58,55,63,63,68,64,15,6,12,15,13,14,Copa del Mundo
U. Rakhmonaliev,Sabah FK,Uzbekistán,7,"CDM, CB",Right,170,23,65,Uzbekistán,59,56,62,64,67,65,58,54,66,68,46,62,55,53,66,68,57,60,62,64,62,61,59,70,61,58,70,70,56,59,51,63,67,69,60,15,6,6,10,11,12,Copa del Mundo
O. Khamrobekov,Tractor FC,Uzbekistán,9,"CDM, CB",Right,180,30,67,Uzbekistán,58,57,63,60,70,68,58,54,66,68,48,60,55,53,64,58,61,55,61,65,65,63,70,71,67,59,66,63,59,61,57,63,73,74,68,8,11,9,10,11,9,Copa del Mundo
A. Ganiev,FC Baniyas,Uzbekistán,10,"CM, CAM",Right,178,28,70,Uzbekistán,71,65,72,73,61,66,74,62,65,74,62,73,66,63,75,73,71,71,76,67,70,68,62,65,68,70,62,58,67,69,67,68,56,66,63,12,7,8,8,8,10,Copa del Mundo
A. Mozgovoy,Pakhtakor Tashkent,Uzbekistán,6,"CM, CDM",Right,180,27,66,Uzbekistán,63,63,67,66,59,64,62,61,58,71,53,66,65,59,66,67,60,65,66,66,64,67,58,63,66,67,64,56,67,67,57,68,59,59,65,12,9,6,14,12,7,Copa del Mundo
S. Esanov,FC Buxoro,Uzbekistán,23,CM,Left,190,23,63,Uzbekistán,58,58,65,63,57,61,60,57,55,68,47,64,58,57,68,63,57,58,63,64,49,65,52,66,61,59,55,59,59,67,53,61,63,51,52,7,6,11,7,11,13,Copa del Mundo
B. Uktamov,Surkhon Termiz,Uzbekistán,18,CM,Left,185,20,52,Uzbekistán,50,47,54,53,46,54,53,46,50,55,39,52,45,49,56,55,51,49,53,49,50,50,48,55,56,47,49,46,53,54,52,51,44,47,41,11,12,13,14,6,9,Copa del Mundo
J. Jaloliddinov,Navbahor Namangan,Uzbekistán,8,CAM,Left,171,24,65,Uzbekistán,66,67,68,69,38,55,62,67,47,72,59,67,69,62,67,71,72,62,74,62,64,69,47,62,54,66,50,39,66,69,66,73,42,34,28,6,9,8,9,8,7,Copa del Mundo
D. Kholmatov,Navbahor Namangan,Uzbekistán,24,CAM,Right,174,24,63,Uzbekistán,67,63,64,65,38,53,61,62,49,63,64,66,63,62,60,64,68,66,71,63,62,62,51,58,52,65,51,41,66,74,57,60,38,34,35,6,14,15,10,12,9,Copa del Mundo
A. Fayzullaev,Basaksehir FK,Uzbekistán,22,"LW, ST",Left,167,23,70,Uzbekistán,77,67,69,76,40,60,71,68,58,70,64,76,74,64,62,77,75,78,79,72,76,67,64,69,55,67,61,43,74,69,61,67,37,35,36,11,15,12,12,6,10,Copa del Mundo
R. Jiyanov,Navbahor Namangan,Uzbekistán,19,LW,Left,180,25,64,Uzbekistán,71,62,62,67,33,59,63,60,53,66,60,68,63,58,56,66,70,72,66,66,65,69,58,69,56,57,53,37,68,58,58,65,28,31,29,9,9,8,7,8,6,Copa del Mundo
D. Khamdamov,Pakhtakor Tashkent,Uzbekistán,17,"RW, RM",Both,180,30,66,Uzbekistán,71,61,63,67,36,60,68,61,53,62,61,65,69,60,56,68,68,74,75,67,68,64,56,64,60,57,57,38,73,62,62,65,33,32,31,8,15,15,9,7,7,Copa del Mundo
E. Shomurodov,Basaksehir FK,Uzbekistán,14,"ST, CF",Right,190,31,77,Uzbekistán,76,80,67,77,43,80,65,82,79,69,76,75,69,69,54,80,79,73,72,82,74,82,77,74,86,74,74,38,83,74,80,77,37,41,43,13,9,6,10,7,8,Copa del Mundo
K. Norchaev,Navbahor Namangan,Uzbekistán,21,ST,Left,180,24,66,Uzbekistán,64,68,57,64,34,64,50,66,66,64,69,65,54,55,54,62,63,64,68,70,61,76,63,57,69,62,61,35,69,55,66,68,31,30,26,15,8,7,7,7,9,Copa del Mundo
A. Amanov,Dinamo Samarqand,Uzbekistán,20,"ST, LW",Left,181,28,61,Uzbekistán,64,66,50,62,29,63,51,71,60,55,57,62,55,50,38,66,62,65,59,57,51,66,56,56,70,62,56,27,60,46,62,57,27,26,20,10,6,14,9,11,7,Copa del Mundo
A. Kholmurodov,FC OKMK Olmaliq,Uzbekistán,11,"ST, CF",Left,186,23,61,Uzbekistán,68,65,50,60,28,59,47,69,62,53,61,60,52,49,42,59,67,69,60,62,56,64,67,54,64,60,53,26,62,52,61,59,22,26,21,10,10,7,10,9,14,Copa del Mundo
P. Beach,ESTAC Troyes,Australia,,GK,Left,189,23,65,Australia,40,24,34,30,20,46,21,19,26,38,12,15,17,22,41,33,40,40,42,61,51,43,48,36,55,20,34,30,13,41,27,46,17,16,17,65,66,58,68,67,45,Copa del Mundo
P. Izzo,Randers FC,Australia,,GK,Right,184,31,65,Australia,37,23,32,32,22,46,22,15,25,36,13,15,22,19,31,39,38,37,45,64,47,46,54,37,52,22,38,26,18,44,21,55,20,22,18,70,63,61,65,72,40,Copa del Mundo
J. Chapman,St. Mirren FC,Australia,,GK,Right,188,25,61,Australia,39,19,29,31,17,43,15,12,20,36,10,19,17,14,32,35,38,40,37,57,40,40,51,33,52,14,33,21,10,33,30,44,16,13,18,59,63,55,59,68,39,Copa del Mundo
A. Circati,SL Benfica,Australia,,"CB, RB",Right,191,22,78,Australia,71,57,64,65,83,83,59,50,84,70,52,59,52,53,68,70,67,75,62,79,62,74,84,79,86,58,81,81,53,59,59,75,82,85,82,7,6,11,12,11,13,Copa del Mundo
L. Herrington,Hull City,Australia,,CB,Right,193,19,69,Australia,66,50,57,56,75,76,53,43,74,64,42,53,42,49,65,59,68,65,55,63,58,65,68,71,79,52,75,77,45,48,53,62,73,76,71,10,8,13,11,6,14,Copa del Mundo
H. Souttar,Leicester City,Australia,,CB,Right,198,27,69,Australia,65,46,58,59,75,74,53,40,68,69,37,53,51,46,61,65,66,65,55,68,51,60,74,66,81,46,67,74,40,44,51,72,76,79,69,15,10,13,10,15,12,Copa del Mundo
M. Degenek,APOEL FC,Australia,,"CB, CDM",Right,187,32,66,Australia,61,45,54,55,69,72,45,41,68,65,41,47,41,49,57,61,59,63,54,64,57,60,74,63,77,42,68,69,39,48,44,70,68,70,66,14,9,10,6,13,10,Copa del Mundo
D. Leonard,Alemannia Aachen,Australia,,CB,Right,187,19,58,Australia,54,41,47,49,62,58,46,35,59,56,28,41,33,41,49,57,55,53,48,56,51,53,65,54,58,48,63,58,33,37,38,55,61,68,59,11,15,7,7,11,10,Copa del Mundo
K. Bos,Excelsior Rotterdam,Australia,,LB,Left,186,22,61,Australia,69,45,56,60,59,61,59,38,54,59,43,55,52,49,56,65,67,71,59,60,62,55,58,63,63,48,54,56,52,52,46,58,60,61,57,9,8,14,6,9,12,Copa del Mundo
A. Behich,Melbourne City FC,Australia,,"LB, LM",Left,170,35,65,Australia,66,51,58,64,62,59,62,48,54,62,51,61,56,52,57,64,68,64,72,66,69,54,60,65,58,52,56,61,54,52,51,58,63,64,58,11,12,10,7,7,11,Copa del Mundo
K. Adamson,Queens Park Rangers,Australia,,RB,Right,185,23,65,Australia,70,52,59,59,65,65,62,51,61,59,45,58,59,47,63,57,69,70,64,60,62,55,61,69,63,51,64,66,53,54,50,63,64,66,64,13,11,15,10,9,8,Copa del Mundo
J. Italiano,Grazer AK 1902,Australia,,RB,Both,177,25,66,Australia,70,52,63,60,62,64,71,46,59,63,46,59,55,55,62,61,64,75,63,60,65,63,62,66,62,54,67,57,62,62,50,59,61,67,67,11,13,9,6,13,8,Copa del Mundo
J. Geria,Albirex Niigata,Australia,,"RB, RM",Right,181,33,67,Australia,70,52,66,66,62,66,73,49,58,67,47,66,66,51,66,64,66,73,64,74,66,58,71,72,66,55,59,58,53,61,43,67,63,64,66,14,13,15,11,9,7,Copa del Mundo
A. O'Neill,New York City FC,Australia,,CDM,Right,180,28,70,Australia,61,61,67,68,69,73,56,57,69,73,53,62,60,58,70,74,58,64,66,69,69,68,69,72,75,62,71,73,65,69,60,72,67,71,65,15,6,13,10,10,10,Copa del Mundo
P. Okon-Engstler,FC Colonia,Australia,,CDM,Left,185,21,66,Australia,63,55,63,64,68,66,54,48,64,68,52,58,58,54,64,71,64,62,62,63,63,64,64,71,64,63,65,71,52,65,60,69,68,66,67,12,14,8,11,11,9,Copa del Mundo
R. McGree,Middlesbrough FC,Australia,,CM,Left,178,27,70,Australia,70,64,71,71,61,70,63,62,55,75,57,74,75,65,70,69,71,70,68,67,72,69,60,71,71,64,69,63,66,73,64,72,61,63,56,15,11,9,7,10,6,Copa del Mundo
P. Yazbek,Nashville SC,Australia,,"CM, CAM",Right,183,24,69,Australia,66,63,69,70,62,67,64,58,59,71,61,68,69,58,68,73,64,67,66,70,66,70,68,71,64,68,67,61,67,76,61,67,66,59,61,11,12,12,14,11,10,Copa del Mundo
C. Metcalfe,FC St. Pauli,Australia,,"CM, CDM",Left,183,26,69,Australia,66,65,68,70,60,69,68,64,61,69,56,72,63,58,71,72,63,69,63,68,63,71,64,73,68,65,70,60,66,69,62,67,59,61,59,13,7,15,13,15,6,Copa del Mundo
J. Irvine,Cerezo Osaka,Australia,,"CM, CDM",Right,189,33,71,Australia,68,65,71,73,66,71,68,62,59,74,59,70,72,65,72,77,62,72,71,72,70,70,66,76,70,69,68,68,68,69,63,74,67,66,63,7,7,8,13,12,15,Copa del Mundo
N. Irankunda,Sporting de Lisboa,Australia,,"LW, LM",Left,175,20,73,Australia,84,69,72,73,43,63,71,68,62,73,65,77,77,66,61,69,83,84,74,70,75,71,64,70,61,69,61,40,72,78,70,64,41,44,37,15,12,9,12,10,14,Copa del Mundo
N. Velupillay,FC Ingolstadt 04,Australia,,LW,Left,181,25,65,Australia,73,64,64,67,34,60,63,65,55,69,63,75,73,59,57,60,69,76,67,65,63,63,58,65,61,63,50,35,67,61,66,60,35,30,25,15,10,8,8,7,15,Copa del Mundo
M. Younis,Brøndby IF,Australia,,"RW, RM",Right,175,21,61,Australia,66,58,62,64,30,54,64,55,46,66,56,65,61,53,51,63,62,70,66,57,67,61,53,62,54,60,45,29,62,63,54,57,31,27,25,12,13,7,13,7,15,Copa del Mundo
E. Adams,Gamba Osaka,Australia,,RW,Left,183,24,61,Australia,68,58,59,63,29,56,63,58,55,59,58,63,63,56,51,64,68,68,61,62,63,65,59,60,58,52,46,32,62,59,57,53,20,30,24,13,12,14,12,12,14,Copa del Mundo
Y. Dukuly,NK Celje,Australia,,"RW, RM",Left,176,23,63,Australia,67,60,57,67,32,58,58,61,52,54,61,67,61,58,54,68,69,65,73,57,66,60,51,67,55,61,54,36,62,64,54,61,27,30,24,14,8,10,12,9,11,Copa del Mundo
T. Yengi,Machida Zelvia,Australia,,"ST, LW",Right,197,25,62,Australia,61,63,53,58,30,63,51,63,67,59,65,58,58,51,46,60,63,59,53,63,49,66,58,58,70,60,52,23,71,49,60,59,28,27,21,8,10,14,8,15,14,Copa del Mundo
C. dos Santos,San Diego FC,Cabo Verde,,GK,Right,189,26,66,Cabo Verde,39,23,33,32,25,51,16,16,30,38,16,24,17,29,38,31,40,38,40,61,50,41,58,43,56,23,47,34,18,43,26,47,23,23,15,69,61,63,66,65,44,Copa del Mundo
Vozinha,CSD Colo-Colo,Cabo Verde,,GK,Right,189,40,68,Cabo Verde,33,27,36,36,29,49,23,22,28,40,17,22,28,19,42,41,33,33,43,68,50,47,59,43,56,22,35,32,18,46,31,51,29,29,20,69,70,62,71,69,42,Copa del Mundo
M. Rosa,UTA Arad,Cabo Verde,,GK,Right,187,29,64,Cabo Verde,42,22,34,29,23,44,21,15,27,43,10,20,22,17,34,27,39,44,43,59,43,43,53,39,48,21,39,29,16,37,25,44,18,24,23,61,63,63,65,67,40,Copa del Mundo
L. Costa,Villarreal CF,Cabo Verde,,"CB, CDM",Right,190,25,77,Cabo Verde,71,56,65,67,81,80,63,52,82,73,56,62,55,60,71,71,71,71,65,78,64,69,79,77,81,55,79,81,50,50,58,73,75,86,84,7,10,9,13,12,9,Copa del Mundo
D. Borges,Sharjah FC,Cabo Verde,,CB,Right,185,31,68,Cabo Verde,63,48,59,56,73,70,53,45,76,67,37,53,49,52,65,56,61,65,56,66,61,59,78,65,71,46,71,73,47,52,55,68,71,74,70,14,10,8,7,7,14,Copa del Mundo
K. Pires,SJK Seinäjoki,Cabo Verde,,CB,Right,193,26,62,Cabo Verde,60,45,49,51,68,66,49,44,73,57,36,46,42,39,47,56,61,59,45,61,49,60,62,58,72,39,61,64,39,41,38,63,68,71,61,11,8,9,6,11,9,Copa del Mundo
R. Lopes,Shamrock Rovers,Cabo Verde,,"CB, CDM",Right,186,34,63,Cabo Verde,52,45,52,51,67,65,46,44,69,61,38,45,44,40,57,53,52,52,55,63,53,52,68,56,67,46,71,67,38,45,40,58,67,67,67,15,12,10,15,6,12,Copa del Mundo
S. Lopes Cabral,Trabzonspor,Cabo Verde,,LB,Both,176,24,76,Cabo Verde,78,60,71,73,71,76,72,55,67,73,62,71,64,64,75,74,78,78,79,74,77,69,68,84,72,62,76,77,61,67,60,70,69,70,75,15,10,10,11,10,9,Copa del Mundo
W. Pina,Trabzonspor,Cabo Verde,,RB,Right,180,23,76,Cabo Verde,82,62,72,72,75,71,74,57,75,78,60,69,69,63,67,72,82,82,81,76,80,76,76,70,70,62,72,73,67,65,53,71,77,74,73,14,10,13,10,13,10,Copa del Mundo
Jójó,FC Vizela,Cabo Verde,,"RB, LB",Right,188,25,65,Cabo Verde,67,53,62,61,62,66,62,51,63,68,44,63,55,54,61,60,64,70,63,61,57,61,65,70,65,49,66,61,55,57,53,58,62,61,65,15,13,9,9,7,7,Copa del Mundo
K. Pina,FK Krasnodar,Cabo Verde,,"CDM, CM",Both,177,29,75,Cabo Verde,71,64,70,71,77,80,62,62,72,75,57,69,66,64,73,72,69,72,69,75,75,70,68,80,81,65,83,83,68,69,66,76,79,74,77,6,13,13,11,10,6,Copa del Mundo
L. Duarte,Puskás Akadémia FC,Cabo Verde,,CDM,Right,184,29,69,Cabo Verde,61,58,68,65,70,72,61,55,65,76,55,62,62,53,69,66,62,61,68,73,59,63,69,68,74,59,73,71,56,66,58,72,71,70,70,14,6,7,6,8,13,Copa del Mundo
J. Paulo,FCSB,Cabo Verde,,CDM,Left,180,28,67,Cabo Verde,60,58,64,65,71,70,55,55,66,66,57,64,59,58,72,66,62,59,61,65,66,68,64,73,69,57,70,69,60,66,58,64,72,75,63,8,11,13,6,15,14,Copa del Mundo
D. Duarte,Ludogorets Razgrad,Cabo Verde,,"CM, CDM",Right,177,27,68,Cabo Verde,64,66,67,70,60,64,66,62,60,65,58,70,65,64,72,71,65,63,69,67,66,68,61,65,64,75,64,64,64,69,61,72,56,61,59,10,7,6,7,10,7,Copa del Mundo
Djé,CD Santa Clara,Cabo Verde,,"CM, CAM",Right,178,23,62,Cabo Verde,61,55,64,63,53,57,61,52,57,66,51,61,54,56,65,67,59,63,60,65,61,58,52,68,52,58,58,52,62,66,55,64,51,55,53,15,7,8,14,9,14,Copa del Mundo
J. Monteiro,NEC Nijmegen,Cabo Verde,,"CM, CAM",Right,175,32,69,Cabo Verde,63,63,70,69,62,67,61,59,58,78,63,67,63,60,70,70,68,59,68,71,70,66,60,75,64,69,67,61,67,70,65,72,64,65,57,11,7,6,13,11,8,Copa del Mundo
A. Santos,PSV Eindhoven,Cabo Verde,,CAM,Right,183,21,67,Cabo Verde,68,66,69,71,42,60,68,63,55,71,67,74,69,68,64,70,69,67,73,63,70,71,59,61,60,66,57,42,65,70,67,63,43,40,34,11,13,14,14,9,11,Copa del Mundo
J. Cabral,Grêmio Foot-Ball Porto Alegrense,Cabo Verde,,LW,Left,174,28,67,Cabo Verde,76,66,66,73,36,56,68,67,54,66,61,75,67,58,59,72,80,73,76,64,69,69,52,59,58,64,50,38,67,70,58,68,35,31,29,10,11,15,12,10,8,Copa del Mundo
R. Mendes,Renaissance de Berkane,Cabo Verde,,"LW, LM",Left,178,36,65,Cabo Verde,64,64,62,66,36,58,63,65,53,58,68,67,65,59,59,64,63,64,72,70,65,65,54,64,57,58,52,35,69,71,63,67,36,35,29,9,12,10,8,8,8,Copa del Mundo
T. Arcanjo,Vitória Guimarães SC,Cabo Verde,,RW,Left,180,25,73,Cabo Verde,79,67,71,76,42,66,75,64,62,70,70,77,74,67,65,76,79,79,80,75,75,71,64,71,67,68,60,46,75,74,67,68,41,36,35,8,7,11,9,7,8,Copa del Mundo
G. Rodrigues,Apollon Limassol,Cabo Verde,,"RW, RM",Right,173,35,65,Cabo Verde,67,64,63,71,33,58,68,65,50,60,60,69,65,60,57,72,67,67,76,70,70,66,57,67,55,61,53,32,69,70,67,67,35,31,22,15,13,7,13,10,8,Copa del Mundo
G. Benchimol,Akron Togliatti,Cabo Verde,,ST,Right,187,24,69,Cabo Verde,69,70,61,66,39,68,54,71,68,67,68,63,66,58,55,70,67,71,64,77,55,72,71,64,72,65,63,33,74,62,69,72,39,36,28,11,10,11,9,9,11,Copa del Mundo
D. Livramento,Hellas Verona,Cabo Verde,,ST,Right,185,25,66,Cabo Verde,70,68,58,67,36,65,55,69,67,62,61,67,57,58,52,69,67,72,61,66,64,72,70,57,71,64,59,33,68,60,66,67,34,30,30,8,8,13,15,15,9,Copa del Mundo
N. da Costa,Antalyaspor,Cabo Verde,,ST,Right,182,35,68,Cabo Verde,63,68,58,67,34,67,59,69,67,61,72,70,55,60,51,63,61,65,64,76,66,68,71,65,69,62,64,33,74,59,63,66,31,31,26,9,12,11,7,10,13,Copa del Mundo
A. Pierre,FC Sochaux-Montbéliard,Haití,1,GK,Right,190,25,62,Haití,38,20,31,28,17,43,16,12,20,38,12,14,18,21,33,32,37,39,37,62,49,43,53,36,50,18,33,26,10,40,22,40,14,15,13,66,62,56,63,67,40,Copa del Mundo
J. Duverger,FC Cosmos Koblenz,Haití,23,GK,Left,187,26,61,Haití,37,20,29,31,18,43,15,15,21,39,11,23,12,18,34,32,37,37,39,53,41,41,46,39,48,14,36,25,12,31,20,48,15,18,14,61,57,52,60,63,38,Copa del Mundo
J. Mednard,Wake Forest Demon Deacons (Wake Forest University),Haití,12,GK,Right,186,21,58,Haití,34,17,26,26,16,40,10,10,16,35,10,16,10,12,28,28,36,33,32,60,38,37,44,32,46,15,32,24,10,34,14,40,10,16,17,58,57,53,59,62,39,Copa del Mundo
M. Joseph,Mount Pleasant Academy,Haití,8,CB,Left,191,17,58,Haití,56,38,47,45,62,60,45,32,67,52,29,43,34,40,54,46,57,56,41,56,43,51,66,54,62,41,63,63,36,41,35,52,59,63,64,13,15,9,6,13,10,Copa del Mundo
H. Delcroix,FC Lugano,Haití,5,CB,Left,183,27,70,Haití,64,52,58,60,74,72,52,48,69,66,48,56,53,50,62,64,61,67,53,65,62,66,73,65,73,50,76,69,49,49,50,71,73,82,68,10,6,8,7,8,15,Copa del Mundo
F. Dulysse,KF Vllaznia,Haití,3,"CB, CDM",Right,183,27,59,Haití,55,40,46,50,62,62,46,33,61,52,34,44,36,36,48,53,57,53,50,59,57,58,62,54,64,43,69,65,35,41,36,58,60,64,56,13,13,6,9,7,7,Copa del Mundo
G. Metusala,Colorado Springs Switchbacks FC,Haití,4,CB,Right,186,26,58,Haití,52,38,45,48,63,63,44,32,60,52,32,46,37,43,46,49,51,53,45,58,47,52,58,62,66,40,60,60,32,35,34,57,59,70,60,9,10,8,11,11,13,Copa del Mundo
K. Thermoncy,FC Stade Nyonnais,Haití,14,"CB, RB",Right,185,20,52,Haití,48,31,40,40,56,51,39,23,55,47,28,33,30,30,43,47,46,49,43,45,35,49,48,54,49,32,53,53,27,34,38,48,57,55,60,12,13,13,8,8,11,Copa del Mundo
M. Expérience,FCV Dender EH,Haití,8,LB,Left,178,27,61,Haití,63,47,55,55,58,62,57,46,48,55,43,53,58,46,57,55,60,65,59,53,58,54,58,70,60,45,56,60,46,52,46,54,57,60,62,6,11,8,12,9,15,Copa del Mundo
D. Lacroix,Colorado Springs Switchbacks FC,Haití,13,LB,Left,175,32,61,Haití,65,49,57,59,59,61,59,49,56,61,45,58,49,41,54,56,66,65,64,60,66,54,55,70,57,46,60,56,47,58,45,64,58,61,62,12,6,15,12,9,11,Copa del Mundo
C. Arcus,Angers SCO,Haití,2,RB,Right,180,30,70,Haití,74,57,65,68,66,72,70,54,60,68,45,68,66,51,62,67,74,74,72,70,68,66,75,74,73,59,66,70,56,61,55,67,64,66,66,8,14,6,8,6,10,Copa del Mundo
J. Duverne,Omonia Nicosia,Haití,22,RB,Right,184,29,70,Haití,76,57,70,65,70,70,71,54,68,75,48,58,67,55,68,70,78,74,73,65,74,66,64,72,71,58,68,68,54,65,54,67,72,71,66,13,13,12,11,10,6,Copa del Mundo
D. Jean Jacques,Philadelphia Union,Haití,17,"CDM, CM",Right,182,26,71,Haití,68,62,66,64,72,73,62,58,67,70,57,61,55,55,69,65,69,67,61,74,66,69,75,69,76,65,70,76,60,67,58,70,73,70,68,12,9,13,15,6,8,Copa del Mundo
D. Simon,Hatta Club,Haití,14,"CDM, CB",Right,178,26,60,Haití,51,50,54,58,61,62,46,43,59,55,46,58,51,51,59,58,48,53,55,59,54,62,61,66,60,54,61,57,47,57,48,62,60,66,63,14,12,14,10,9,12,Copa del Mundo
C. Sainté,El Paso Locomotive FC,Haití,6,CDM,Right,182,24,59,Haití,56,48,56,56,60,58,50,42,57,59,38,52,47,52,59,59,54,58,52,61,58,58,60,59,59,53,56,60,51,59,48,59,60,58,66,9,6,6,10,14,12,Copa del Mundo
J. Bellegarde,Wolverhampton Wanderers,Haití,10,"CM, CDM",Right,170,28,77,Haití,73,71,77,77,68,71,73,65,66,77,72,75,78,68,78,76,70,75,83,77,82,75,67,77,68,77,72,70,75,83,75,78,70,68,65,7,11,12,14,6,12,Copa del Mundo
D. Jean,SC União Torreense,Haití,21,LW,Left,175,23,68,Haití,76,66,67,72,37,58,69,66,57,66,59,74,74,60,61,73,78,74,70,69,67,66,60,65,56,65,56,34,76,70,63,67,36,34,32,13,15,10,11,13,14,Copa del Mundo
R. Providence,Bodrum FK,Haití,15,LW,Left,178,25,61,Haití,64,61,58,64,32,52,64,63,54,62,57,64,57,58,48,66,65,64,67,58,66,62,51,62,50,55,43,28,63,52,56,55,30,29,31,13,14,6,6,7,11,Copa del Mundo
F. Picault,Atlanta United FC,Haití,7,"LW, ST",Left,173,35,65,Haití,65,65,63,69,33,56,61,66,47,68,61,75,61,50,56,63,66,65,70,61,74,65,51,65,53,66,54,35,64,66,61,65,31,31,26,6,15,15,14,14,15,Copa del Mundo
L. Deedson,FC Sochaux-Montbéliard,Haití,11,RW,Left,178,25,67,Haití,73,65,65,69,38,60,64,66,57,69,62,71,70,57,55,67,76,71,71,70,70,64,61,74,57,63,50,42,69,66,61,70,36,33,30,8,9,6,6,9,12,Copa del Mundo
L. Delinois,Inter Miami CF,Haití,16,"RW, RM",Right,180,22,54,Haití,60,53,50,56,22,47,48,54,42,51,49,57,52,52,48,58,59,61,54,51,53,54,49,54,47,49,37,18,57,52,54,51,18,24,13,9,6,12,14,8,13,Copa del Mundo
W. Isidor,Sunderland AFC,Haití,18,ST,Right,184,26,77,Haití,79,80,69,74,46,76,68,86,81,73,73,74,70,65,66,74,80,78,74,79,74,77,79,73,80,73,70,41,78,65,76,79,45,41,36,6,14,14,13,8,14,Copa del Mundo
K. Quetant,SV Werder Bremen,Haití,9,"ST, LW",Right,189,20,66,Haití,72,67,56,66,32,69,53,69,66,59,68,67,61,55,53,68,71,72,61,64,62,68,72,65,75,62,58,23,65,56,66,63,34,27,25,15,12,7,6,13,13,Copa del Mundo
F. Pierrot,AEK Atenas FC,Haití,20,"ST, CF",Right,194,31,71,Haití,70,74,62,67,38,74,60,78,80,65,73,66,58,58,56,69,68,71,64,72,60,72,77,67,80,67,67,35,74,64,75,73,35,32,31,10,9,6,15,12,7,Copa del Mundo
Y. Fortuné,FC Vizela,Haití,19,"ST, LW",Right,186,27,62,Haití,64,65,52,59,26,60,46,67,66,55,67,62,57,49,45,56,64,64,59,64,56,67,62,60,60,56,58,20,68,57,64,63,24,21,18,7,6,6,13,12,7,Copa del Mundo
A. Chamakh,Club Africain,Túnez,1,GK,Right,189,25,64,Túnez,39,22,33,32,22,45,16,11,21,39,13,21,20,22,36,34,37,41,40,64,44,49,49,37,53,23,36,29,15,41,28,46,20,23,15,66,65,56,65,63,44,Copa del Mundo
A. Dahmen,CS Sfaxien,Túnez,16,GK,Right,188,29,67,Túnez,37,27,33,33,26,52,17,20,33,39,16,17,20,26,37,42,38,37,40,66,45,52,52,40,63,25,41,32,15,41,24,47,24,26,18,70,60,60,66,71,42,Copa del Mundo
M. Talbi,FC Lorient,Túnez,3,CB,Right,190,28,73,Túnez,65,50,61,63,75,79,58,44,77,69,46,56,54,53,63,72,64,66,60,65,60,62,78,71,84,52,77,79,52,54,55,69,72,74,76,11,9,8,10,12,6,Copa del Mundo
A. Arous,Kasimpasa,Túnez,6,CB,Right,188,22,68,Túnez,63,46,56,57,73,71,55,40,76,61,46,49,46,52,57,62,60,66,59,66,61,60,66,70,71,47,72,74,44,51,47,69,71,73,73,10,10,10,14,11,11,Copa del Mundo
M. Nasraoui,NK Istra 1961,Túnez,4,CB,Right,186,24,63,Túnez,60,42,51,52,66,66,51,34,70,56,38,46,44,42,53,54,61,59,55,64,54,62,66,58,68,44,71,67,33,47,47,62,65,64,70,6,7,13,13,8,7,Copa del Mundo
A. Cherni,FC Nantes,Túnez,21,"LB, LM",Left,181,25,70,Túnez,75,54,65,69,72,72,73,52,66,66,46,67,61,59,62,69,76,74,72,66,72,59,69,83,70,52,65,67,58,59,59,70,74,75,75,15,11,14,9,14,11,Copa del Mundo
M. Amine Ben Hamida,Al-Hazem SC,Túnez,2,"LB, LM",Left,181,30,67,Túnez,70,50,64,64,64,68,70,45,64,68,50,64,59,55,64,64,66,74,68,64,62,59,65,73,64,53,70,65,54,54,51,60,64,64,67,10,14,11,12,10,9,Copa del Mundo
A. Maâloul,CS Sfaxien,Túnez,12,LB,Left,175,36,64,Túnez,59,49,63,61,61,64,64,44,61,64,49,58,54,54,68,61,57,60,66,64,60,56,54,72,60,53,64,60,53,59,46,66,59,64,64,11,12,12,6,11,12,Copa del Mundo
Y. Valery,Sheffield Wednesday,Túnez,20,RB,Right,185,27,67,Túnez,72,54,61,65,64,70,64,51,61,65,49,63,57,59,64,68,74,71,66,64,68,60,62,73,69,58,72,62,59,52,47,62,61,70,67,15,14,12,12,10,10,Copa del Mundo
M. Neffati,IFK Norrköping,Túnez,18,"RB, RM",Right,182,22,63,Túnez,73,46,58,59,60,62,64,39,58,60,44,56,49,46,57,61,72,73,61,58,65,54,60,69,58,52,65,60,50,55,49,57,60,59,63,7,13,6,8,7,13,Copa del Mundo
A. Laïdouni,Al-Wakrah SC,Túnez,,"CM, CAM",Right,184,29,71,Túnez,70,67,69,69,64,69,67,62,62,69,65,68,69,67,71,69,67,72,71,71,68,74,68,70,68,71,69,63,69,71,62,74,67,63,65,14,11,13,7,15,12,Copa del Mundo
M. Ali Ben Romdhane,Al-Shamal SC,Túnez,5,CM,Right,185,27,67,Túnez,66,60,70,66,61,66,68,58,59,72,55,64,62,58,74,69,65,66,65,68,61,62,63,69,66,61,65,59,64,70,59,67,65,60,59,6,12,15,12,7,15,Copa del Mundo
F. Sassi,Al-Gharafa SC,Túnez,13,"CM, CAM",Right,185,34,69,Túnez,63,64,68,68,61,65,63,59,65,70,58,69,68,65,67,66,60,66,67,77,61,68,59,69,64,70,66,61,61,69,69,73,62,59,56,12,12,9,15,10,12,Copa del Mundo
S. Chouchane,Dijon FCO,Túnez,15,CM,Right,180,23,61,Túnez,55,55,60,60,53,59,53,50,53,63,49,58,59,54,63,60,56,55,62,62,58,59,57,63,56,64,62,55,58,61,54,63,50,56,50,12,7,8,15,7,12,Copa del Mundo
A. Ben Slimane,Norwich City,Túnez,14,CAM,Both,188,25,70,Túnez,69,69,72,69,44,64,68,70,63,74,66,69,72,68,72,67,71,67,74,71,65,62,67,63,65,74,62,49,69,73,67,70,44,39,32,9,14,7,11,12,15,Copa del Mundo
H. Rafia,Esperance Tunis,Túnez,8,"CAM, CF",Right,181,27,65,Túnez,66,67,66,65,38,57,59,68,54,69,63,62,68,65,68,68,70,63,65,63,63,68,56,57,58,69,53,36,63,65,59,65,38,37,28,8,6,12,11,11,9,Copa del Mundo
I. Gharbi,CD Leganés,Túnez,11,"LW, ST",Left,180,22,70,Túnez,75,69,68,72,39,61,70,69,52,69,62,71,66,62,62,72,75,75,77,67,72,70,61,68,57,69,61,36,75,71,65,72,37,41,34,8,13,10,8,9,14,Copa del Mundo
S. Tounekti,Celtic FC,Túnez,17,"LW, LM",Left,182,24,71,Túnez,84,70,67,74,40,66,73,74,57,71,62,76,75,58,61,73,85,83,79,70,69,70,70,71,65,65,61,35,68,60,69,71,41,41,32,7,13,11,15,10,6,Copa del Mundo
E. Achouri,San Diego FC,Túnez,7,LW,Left,187,27,71,Túnez,74,69,70,73,42,65,73,71,61,73,66,76,71,63,64,74,75,73,68,69,68,68,70,73,63,67,58,41,72,70,67,67,42,38,34,15,14,13,7,6,11,Copa del Mundo
S. Ltaief,Cracovia,Túnez,23,LW,Left,178,26,66,Túnez,76,66,65,69,36,59,67,67,54,69,63,69,64,57,57,70,77,75,69,69,71,64,55,69,59,66,48,34,65,62,62,64,41,29,29,9,8,9,13,13,11,Copa del Mundo
K. Ayari,USL Dunkerque,Túnez,10,RW,Left,174,21,65,Túnez,70,63,61,66,36,56,65,64,54,62,61,66,65,63,56,66,73,67,67,67,65,62,53,62,54,65,54,33,62,58,62,65,34,36,27,9,6,8,10,7,6,Copa del Mundo
R. Elloumi,Vancouver Whitecaps FC,Túnez,22,"ST, CF",Right,180,19,61,Túnez,61,62,52,59,28,59,48,64,63,57,58,56,54,49,48,65,65,58,56,60,57,67,58,59,63,57,50,25,64,52,56,56,25,26,19,9,15,6,13,7,15,Copa del Mundo
H. Mastouri,Esperance Tunis,Túnez,9,"ST, CF",Right,191,29,67,Túnez,71,70,58,67,32,68,53,71,71,65,71,67,60,64,53,69,73,69,63,69,62,70,68,67,74,65,55,27,71,55,70,67,31,26,23,13,9,12,14,7,6,Copa del Mundo
S. Kadida,Club Africain,Túnez,19,ST,Right,185,22,56,Túnez,56,57,47,53,24,56,43,61,60,53,59,56,49,48,39,51,52,59,50,58,52,54,60,53,58,49,53,21,62,44,55,53,22,19,15,15,8,12,7,13,11,Copa del Mundo
S. Chaine,Orlando Pirates,Sudáfrica,,GK,Right,186,29,69,Sudáfrica,45,27,39,36,26,51,27,17,29,47,16,23,27,24,39,42,47,44,46,67,44,53,58,46,58,27,40,36,23,46,25,49,21,25,22,70,67,60,66,71,47,Copa del Mundo
R. Williams,Mamelodi Sundowns FC,Sudáfrica,,GK,Right,184,34,70,Sudáfrica,41,27,40,39,27,53,27,20,25,49,19,25,19,25,43,44,45,38,44,73,52,48,57,44,61,24,45,39,19,44,31,55,23,24,25,71,72,62,69,69,50,Copa del Mundo
R. Goss,Mamelodi Sundowns FC,Sudáfrica,,GK,Right,181,32,65,Sudáfrica,34,24,34,30,24,50,23,19,28,42,13,17,25,16,35,35,38,31,40,63,39,43,54,42,59,20,38,36,17,38,22,44,21,18,23,65,63,60,66,63,44,Copa del Mundo
O. Makhanya,Rangers FC,Sudáfrica,,"CB, CDM",Right,185,22,71,Sudáfrica,66,53,58,60,76,70,54,48,71,67,40,57,45,50,64,62,67,65,59,73,61,70,75,65,73,53,69,77,48,48,51,68,77,77,73,15,15,12,8,6,14,Copa del Mundo
I. Okon,Hannover 96,Sudáfrica,,"CB, RB",Right,187,22,69,Sudáfrica,65,48,56,61,70,72,57,41,70,61,44,57,45,51,65,63,66,65,59,69,56,63,70,67,75,50,71,72,49,46,45,73,71,68,70,14,15,12,10,8,15,Copa del Mundo
N. Sibisi,Orlando Pirates,Sudáfrica,,CB,Right,177,31,73,Sudáfrica,68,55,59,63,73,70,52,55,69,66,46,58,52,53,63,64,67,69,64,69,69,65,73,66,71,51,74,74,51,56,53,76,71,75,74,6,11,8,8,11,6,Copa del Mundo
K. Ndamane,Mamelodi Sundowns FC,Sudáfrica,,CB,Right,183,22,66,Sudáfrica,64,45,55,54,69,70,50,40,68,64,36,49,46,42,63,57,66,62,57,63,56,61,69,65,72,42,72,65,41,43,47,64,71,71,67,13,13,10,13,12,6,Copa del Mundo
L. Seema,Orlando Pirates,Sudáfrica,,"CB, RB",Right,182,23,66,Sudáfrica,58,46,54,55,68,70,51,41,65,63,41,53,44,48,58,55,57,58,54,61,52,56,68,68,70,50,73,65,38,44,50,63,71,70,66,11,12,8,8,6,11,Copa del Mundo
S. Kabini,Molde FK,Sudáfrica,,LB,Left,179,22,67,Sudáfrica,74,56,63,63,66,64,67,53,61,65,48,63,59,51,63,57,79,70,73,61,72,63,65,74,58,56,67,64,54,58,56,69,63,72,61,12,8,15,9,9,7,Copa del Mundo
A. Modiba,Mamelodi Sundowns FC,Sudáfrica,,LB,Left,171,31,72,Sudáfrica,75,57,67,68,70,69,69,55,57,69,58,64,64,56,69,66,74,76,79,76,77,64,68,75,66,54,70,73,62,64,61,65,73,67,73,10,9,14,11,11,13,Copa del Mundo
F. Basadien,Mamelodi Sundowns FC,Sudáfrica,,"LB, RB",Left,173,29,68,Sudáfrica,73,54,64,68,69,69,71,47,61,64,56,67,63,57,62,68,74,73,67,66,76,65,61,75,68,55,66,68,58,58,56,62,68,73,66,11,12,13,6,11,10,Copa del Mundo
K. Sebelebele,Orlando Pirates,Sudáfrica,,"RB, RM",Right,166,24,69,Sudáfrica,73,54,61,66,65,68,68,49,56,63,48,66,60,57,63,64,70,76,68,67,75,65,54,76,63,56,72,66,55,52,51,62,64,67,70,11,13,15,10,14,9,Copa del Mundo
T. Matuludi,Mamelodi Sundowns FC,Sudáfrica,,RB,Right,189,27,66,Sudáfrica,74,52,61,65,65,68,66,50,67,61,42,65,61,57,60,66,72,75,65,60,61,61,65,72,69,50,62,68,56,56,51,64,66,61,64,15,7,8,7,14,10,Copa del Mundo
T. Morena,Mamelodi Sundowns FC,Sudáfrica,,RB,Right,170,33,71,Sudáfrica,74,55,68,68,68,65,73,53,61,73,52,63,63,53,65,71,68,79,69,76,75,58,61,70,62,57,68,65,58,63,52,66,69,70,70,15,10,13,13,7,10,Copa del Mundo
T. Mokoena,Mamelodi Sundowns FC,Sudáfrica,,CDM,Right,177,29,70,Sudáfrica,66,58,67,67,72,72,62,52,61,73,56,63,58,59,68,72,69,63,68,69,66,67,65,68,75,62,70,74,58,67,62,65,75,71,69,9,12,12,14,14,12,Copa del Mundo
B. Poggenpoel,Durban City Football Club,Sudáfrica,,CDM,Right,178,27,66,Sudáfrica,60,55,64,60,65,67,58,53,57,70,54,55,55,56,69,62,58,62,66,65,68,60,70,68,66,56,68,65,59,61,55,66,65,69,65,6,8,14,6,6,11,Copa del Mundo
B. Aubaas,Mamelodi Sundowns FC,Sudáfrica,,CDM,Right,180,31,64,Sudáfrica,58,53,61,61,65,65,56,45,61,64,52,59,58,50,63,63,55,61,59,70,54,61,60,67,62,62,70,65,53,62,57,66,71,61,65,11,8,12,9,7,10,Copa del Mundo
Y. Sithole,CD Tondela,Sudáfrica,,CM,Right,186,27,62,Sudáfrica,62,59,64,62,54,62,62,56,51,67,54,60,60,56,66,63,60,63,63,67,58,65,62,64,61,60,60,58,59,62,54,64,52,55,51,7,13,12,8,6,11,Copa del Mundo
R. Mofokeng,Union Saint-Gilloise,Sudáfrica,,"LW, LM",Left,168,21,67,Sudáfrica,70,70,66,71,36,57,70,72,56,65,64,73,68,61,60,69,69,70,73,68,77,69,57,65,54,68,54,37,71,67,62,65,30,38,31,7,14,10,11,7,6,Copa del Mundo
T. Matthews,Mamelodi Sundowns FC,Sudáfrica,,"LW, ST",Left,175,26,70,Sudáfrica,76,70,65,72,36,65,64,72,51,66,64,74,74,65,59,69,75,76,70,69,74,68,63,73,64,70,57,38,73,66,69,75,35,30,38,14,12,14,6,7,6,Copa del Mundo
O. Appollis,Orlando Pirates,Sudáfrica,,"LW, LM",Left,171,25,68,Sudáfrica,76,66,69,70,37,60,68,69,55,73,66,69,74,58,60,71,78,75,78,63,70,66,56,65,62,62,52,36,60,72,64,66,38,32,35,15,15,15,14,6,6,Copa del Mundo
T. Moremi,Orlando Pirates,Sudáfrica,,LW,Left,169,26,70,Sudáfrica,77,66,68,74,40,61,76,66,53,62,63,76,72,62,67,71,79,75,77,72,77,64,58,70,57,68,59,44,76,70,66,73,36,38,32,14,11,15,15,7,6,Copa del Mundo
S. Campbell,KV Kortrijk,Sudáfrica,,"LW, ST",Left,178,21,65,Sudáfrica,75,63,63,69,36,59,67,64,51,65,60,74,65,57,56,66,77,73,69,62,62,67,61,73,56,57,49,40,66,63,65,65,35,31,28,8,6,7,13,10,7,Copa del Mundo
L. Singh,AEL Limassol,Sudáfrica,,LW,Left,171,29,65,Sudáfrica,71,65,63,68,33,54,66,65,46,64,68,72,65,50,63,62,68,74,73,68,69,65,52,60,53,64,52,34,66,62,59,66,32,33,25,8,14,8,9,10,12,Copa del Mundo
T. Zwane,Mamelodi Sundowns FC,Sudáfrica,,"LW, ST",Left,178,37,66,Sudáfrica,70,62,65,72,34,58,66,62,53,66,67,75,66,61,60,70,69,70,70,70,71,60,53,68,55,62,54,36,63,68,65,68,31,30,29,12,15,11,7,13,10,Copa del Mundo
T. Maseko,FC Copenhague,Sudáfrica,,RW,Left,178,22,65,Sudáfrica,72,63,64,68,32,58,67,64,57,64,59,69,65,59,59,68,76,69,71,65,70,62,57,68,56,62,50,30,66,67,58,61,33,25,30,9,11,12,10,8,11,Copa del Mundo
P. Dithejane,Chicago Fire FC,Sudáfrica,,RW,Right,183,22,63,Sudáfrica,73,62,60,69,31,55,63,65,48,58,60,70,63,62,56,72,71,74,67,64,65,60,56,63,53,59,52,31,62,63,59,58,29,28,29,7,15,12,8,7,10,Copa del Mundo
I. Rayners,Mamelodi Sundowns FC,Sudáfrica,,"ST, LW",Right,174,30,72,Sudáfrica,72,74,62,71,38,72,59,76,73,66,75,68,66,64,58,73,71,73,75,74,70,74,74,66,76,67,69,34,78,61,75,74,35,35,33,6,8,9,6,6,14,Copa del Mundo
Y. Mbuthuma,Orlando Pirates,Sudáfrica,,"ST, CF",Right,182,24,66,Sudáfrica,69,69,58,69,32,66,53,74,68,65,65,72,60,57,52,69,70,69,63,66,58,67,68,65,67,63,63,34,73,53,64,64,27,25,28,7,9,15,7,14,8,Copa del Mundo
C. Mailula,Mamelodi Sundowns FC,Sudáfrica,,"ST, LW",Left,173,25,63,Sudáfrica,69,66,52,62,28,61,49,69,61,57,62,62,52,51,46,60,70,68,63,59,65,69,65,55,67,61,52,26,68,51,54,67,23,26,22,9,13,10,7,15,9,Copa del Mundo
O. Mosquera,Al-Fayha FC,Panamá,22,GK,Right,191,31,69,Panamá,45,28,38,36,29,51,26,20,29,43,17,27,27,23,40,36,39,50,42,63,51,50,54,42,58,25,46,31,23,47,33,51,29,28,27,71,67,66,68,69,46,Copa del Mundo
M. De León,Sporting San Miguelito,Panamá,1,GK,Right,192,28,61,Panamá,38,18,30,28,19,42,14,10,23,37,16,16,14,17,35,29,38,38,42,57,39,42,48,36,49,12,33,24,10,36,23,41,15,19,15,65,62,57,61,64,39,Copa del Mundo
E. Roberts,Estudiantes de Mérida,Panamá,12,GK,Right,190,32,64,Panamá,39,24,34,29,18,47,18,16,25,40,10,22,23,20,41,25,38,40,43,58,42,53,50,44,50,19,44,26,12,38,22,42,13,16,20,68,63,58,62,64,45,Copa del Mundo
E. Anderson,Baltika Kaliningrad,Panamá,24,CB,Right,191,25,70,Panamá,66,50,59,58,75,76,57,45,73,65,46,51,52,54,62,62,61,71,60,67,59,65,72,69,81,51,74,74,45,51,43,71,75,78,73,13,13,14,9,13,11,Copa del Mundo
J. Jones,Kryvbas Kryvyi Rig,Panamá,25,CB,Left,182,21,60,Panamá,55,37,45,49,64,62,39,31,62,53,34,44,40,38,49,51,56,54,53,57,50,52,68,60,60,37,66,64,34,39,38,62,64,67,61,8,9,7,10,11,13,Copa del Mundo
J. Ramos,Academia Puerto Cabello,Panamá,13,"CB, RB",Right,188,29,65,Panamá,57,46,53,55,70,68,52,39,74,59,36,53,42,44,56,57,56,57,51,64,52,64,67,60,71,49,70,72,34,47,42,61,67,73,67,13,13,9,9,6,7,Copa del Mundo
M. Krug,Juventud Torremolinos CF,Panamá,4,"CB, CDM",Right,192,20,51,Panamá,47,31,40,42,56,54,37,24,58,45,29,38,30,31,46,47,47,47,42,48,36,47,54,42,61,33,54,49,22,33,28,47,60,56,54,11,11,14,9,13,9,Copa del Mundo
O. Valencia,Red Bull New York,Panamá,19,"LB, LM",Left,180,22,66,Panamá,67,50,63,64,65,66,68,46,56,65,47,63,56,54,62,63,65,69,69,66,67,58,60,70,67,50,61,63,53,61,50,63,63,70,66,14,13,12,7,7,6,Copa del Mundo
J. Gutiérrez,Universitario de Deportes,Panamá,15,"LB, LM",Left,171,28,66,Panamá,70,54,60,62,64,62,67,51,58,63,49,61,55,54,59,61,69,71,70,63,70,63,60,71,57,54,66,65,55,53,53,53,64,64,66,10,7,10,15,10,14,Copa del Mundo
J. Modelo,FC Sheriff Tiraspol,Panamá,27,"LB, LM",Left,176,22,59,Panamá,65,43,55,57,59,56,59,39,54,61,41,53,51,37,51,60,59,70,62,58,66,51,51,66,52,41,57,59,49,47,47,53,59,60,57,14,13,12,14,14,11,Copa del Mundo
A. Murillo,Besiktas JK,Panamá,23,"RB, LB",Right,185,30,77,Panamá,80,63,73,77,72,76,81,62,76,73,61,79,63,64,73,75,79,81,82,73,76,68,71,81,73,63,81,74,64,68,60,73,73,67,73,10,6,6,12,10,12,Copa del Mundo
C. Blackman,Slovan Bratislava,Panamá,2,RB,Right,174,28,69,Panamá,72,52,65,67,67,66,72,46,62,64,49,63,64,55,65,69,75,69,73,68,77,61,66,70,64,54,64,71,56,62,52,66,67,64,71,13,10,6,11,15,15,Copa del Mundo
C. Martínez,Slovan Bratislava,Panamá,6,"CDM, CM",Right,170,29,68,Panamá,65,60,66,62,68,69,59,60,61,72,48,58,58,58,67,64,67,64,64,64,68,63,60,71,66,62,76,68,60,64,62,69,65,72,67,9,13,9,11,7,15,Copa del Mundo
C. Harvey,Minnesota United FC,Panamá,14,"CDM, CB",Right,184,26,63,Panamá,54,50,60,57,68,67,54,42,56,65,48,58,56,53,64,57,57,52,49,57,59,61,60,71,66,57,67,71,47,58,51,65,68,69,66,8,15,10,6,9,14,Copa del Mundo
V. Griffith,CS Emelec,Panamá,5,"CDM, CM",Right,174,25,60,Panamá,53,50,55,53,60,61,50,44,60,56,40,49,52,46,61,55,50,55,56,60,55,58,58,61,61,56,63,61,53,55,52,64,60,59,66,9,14,13,9,12,12,Copa del Mundo
A. Carrasquilla,Pumas UNAM,Panamá,8,CM,Right,171,27,71,Panamá,72,68,69,72,64,66,67,66,59,69,64,70,69,69,71,74,74,71,73,75,74,69,56,74,61,75,69,68,67,70,63,72,62,66,62,8,11,11,12,9,6,Copa del Mundo
D. Murillo,CD Plaza Amador,Panamá,26,"CM, CDM",Right,172,20,56,Panamá,57,52,55,57,46,53,52,49,48,55,52,57,49,50,60,60,55,58,53,57,58,52,45,60,50,57,54,49,56,58,51,52,47,45,42,14,11,13,11,8,8,Copa del Mundo
G. Herbert,Kryvbas Kryvyi Rig,Panamá,20,"CAM, CM",Right,183,21,61,Panamá,62,63,63,67,34,56,60,65,50,66,58,69,59,62,58,69,60,63,62,63,61,59,46,59,56,64,53,34,61,67,65,59,34,30,26,7,11,8,6,9,15,Copa del Mundo
J. Luis Rodríguez,FC Juárez,Panamá,7,LW,Left,180,28,69,Panamá,75,68,68,71,39,62,72,69,60,70,67,72,68,66,62,71,78,72,72,64,69,68,59,68,60,66,58,40,69,67,68,68,36,35,33,13,12,14,6,8,6,Copa del Mundo
R. Mosquera,Red Bull New York,Panamá,10,LW,Left,180,21,57,Panamá,63,55,56,59,29,50,59,55,45,60,52,58,58,44,46,61,62,64,62,59,59,57,47,57,47,54,47,25,59,57,44,52,26,31,25,7,9,15,11,9,8,Copa del Mundo
J. Vergara,KAA Gante,Panamá,18,"ST, CF",Right,196,19,62,Panamá,61,67,49,55,28,64,43,71,67,56,63,54,50,49,44,56,57,65,58,56,51,66,68,56,70,60,59,22,65,46,60,61,26,22,20,12,13,8,15,9,11,Copa del Mundo
T. Rodríguez,Barcelona SC Guayaquil,Panamá,9,ST,Right,183,27,65,Panamá,67,68,55,63,30,64,54,73,66,59,64,62,57,55,50,66,66,67,59,67,57,64,64,61,67,60,58,28,69,51,65,62,23,27,29,11,9,15,8,7,7,Copa del Mundo
A. Londoño,CD Universidad Católica,Panamá,11,ST,Right,185,25,67,Panamá,63,69,58,67,31,67,58,69,69,66,71,68,62,50,46,66,65,62,65,71,66,67,61,68,70,68,61,26,77,56,70,69,27,29,25,9,7,9,12,10,14,Copa del Mundo
M. Jiménez,Red Bull New York,Panamá,21,"ST, LW",Right,187,19,59,Panamá,63,64,50,59,26,61,47,70,64,57,57,63,45,50,43,57,61,64,56,60,52,60,59,61,66,60,51,26,63,48,54,58,24,22,11,10,14,13,6,15,7,Copa del Mundo
J. Fajardo,CD Universidad Católica,Panamá,17,ST,Right,184,33,69,Panamá,70,71,58,66,36,67,57,74,66,59,68,65,55,61,55,68,72,68,66,68,63,68,78,66,71,67,56,29,73,60,67,70,38,32,23,11,15,13,15,15,11,Copa del Mundo
A. Paulsen,Motherwell FC,Nueva Zelanda,1,GK,Right,184,24,66,Nueva Zelanda,42,22,36,33,24,50,26,12,28,43,19,23,23,21,39,35,43,41,37,63,47,48,55,44,57,21,38,31,18,41,16,43,23,19,21,70,67,64,62,73,44,Copa del Mundo
M. Woud,Auckland FC,Nueva Zelanda,12,GK,Left,196,27,62,Nueva Zelanda,36,20,29,29,22,44,15,10,22,36,12,15,17,18,34,34,39,33,39,54,39,49,57,41,48,19,37,31,13,34,23,42,20,20,17,64,60,56,67,66,40,Copa del Mundo
H. Gray,Wellington Phoenix,Nueva Zelanda,22,GK,Right,193,21,54,Nueva Zelanda,27,15,23,21,13,35,12,10,15,25,10,10,10,15,31,21,26,28,33,48,36,29,47,26,41,15,29,22,10,29,16,34,10,10,10,53,53,48,53,54,34,Copa del Mundo
T. Bindon,Charlton Athletic,Nueva Zelanda,4,"CB, RB",Right,193,21,66,Nueva Zelanda,61,45,56,54,69,71,56,36,67,63,40,50,48,47,59,55,63,59,52,65,58,63,70,64,77,51,66,68,40,46,41,61,68,71,69,15,11,9,9,9,10,Copa del Mundo
B. Tuiloma,Wellington Phoenix,Nueva Zelanda,15,"CB, RB",Right,182,31,63,Nueva Zelanda,56,43,52,51,67,67,49,36,64,61,36,46,44,41,52,50,54,57,54,67,53,62,65,56,72,43,69,65,38,46,40,66,66,70,69,8,6,6,11,6,7,Copa del Mundo
G. Stanger,Kilmarnock FC,Nueva Zelanda,16,"CB, RB",Right,191,26,61,Nueva Zelanda,58,42,49,50,63,63,48,35,64,57,41,50,48,39,48,50,59,57,46,60,49,56,62,56,65,43,67,61,36,41,45,57,66,62,62,12,8,8,6,10,7,Copa del Mundo
M. Boxall,Minnesota United FC,Nueva Zelanda,,CB,Right,191,38,61,Nueva Zelanda,48,42,50,49,66,64,49,39,72,55,30,46,41,38,49,51,48,48,44,62,48,56,67,63,66,38,61,65,39,49,40,61,67,64,67,14,11,12,8,7,15,Copa del Mundo
B. Old,AS Saint-Étienne,Nueva Zelanda,19,LB,Left,173,24,69,Nueva Zelanda,75,56,66,65,66,66,70,55,60,69,54,65,65,56,72,61,75,75,74,65,69,67,65,75,60,51,72,69,59,57,50,65,60,72,70,10,9,9,13,10,7,Copa del Mundo
S. Sutton,Perth Glory,Nueva Zelanda,3,"LB, RB",Left,175,24,63,Nueva Zelanda,66,48,58,61,62,59,59,43,53,59,50,59,53,50,56,64,69,64,62,60,66,55,59,68,53,53,65,61,51,59,48,59,60,67,63,7,7,6,12,10,15,Copa del Mundo
D. Wilkins,Sönderjyske Fodbold,Nueva Zelanda,13,"LB, RB",Both,181,27,59,Nueva Zelanda,60,41,52,54,60,57,56,34,53,51,39,55,49,45,56,50,59,61,57,54,58,53,57,67,53,42,56,64,48,51,43,63,62,60,56,14,12,13,7,6,12,Copa del Mundo
C. Elliot,Auckland FC,Nueva Zelanda,2,"RB, LB",Right,177,27,64,Nueva Zelanda,70,52,57,63,63,63,61,51,54,61,47,62,58,47,55,61,69,71,68,62,69,60,61,65,63,46,60,65,57,51,48,62,60,67,62,14,8,13,7,12,13,Copa del Mundo
D. Ingham,Sabah FC,Nueva Zelanda,17,"RB, LB",Right,186,27,62,Nueva Zelanda,67,46,57,59,61,64,63,41,59,60,48,54,48,50,55,65,60,73,60,65,59,61,62,69,64,42,57,64,54,53,40,58,64,57,62,15,8,12,6,7,7,Copa del Mundo
M. Stamenić,Swansea City,Nueva Zelanda,8,CDM,Right,188,24,69,Nueva Zelanda,61,61,65,63,72,74,58,57,74,71,56,59,56,56,67,63,63,59,67,69,66,66,73,77,72,65,73,72,64,65,56,69,71,75,69,6,11,13,7,12,13,Copa del Mundo
A. Rufer,Wellington Phoenix,Nueva Zelanda,14,CDM,Right,180,30,65,Nueva Zelanda,60,57,60,63,67,69,54,53,60,63,47,62,57,55,66,63,57,62,58,68,61,64,61,71,67,60,75,68,59,58,52,71,69,67,65,9,12,15,6,8,8,Copa del Mundo
O. Parker-Price,Örgryte IS,Nueva Zelanda,23,"CM, CDM",Right,173,27,63,Nueva Zelanda,61,58,63,64,53,58,57,52,52,69,50,60,60,60,60,69,64,59,67,63,62,66,56,64,58,64,53,53,60,61,53,63,51,55,52,7,11,12,8,9,12,Copa del Mundo
E. Just,Swansea City,Nueva Zelanda,11,"CAM, CF",Left,176,26,73,Nueva Zelanda,69,72,75,75,45,64,66,71,56,80,65,78,75,71,75,74,73,66,75,69,76,75,63,68,62,71,64,49,73,77,71,71,43,40,45,6,14,10,10,8,12,Copa del Mundo
C. McCowatt,Aarhus GF,Nueva Zelanda,20,CAM,Right,180,27,69,Nueva Zelanda,70,67,69,70,40,63,69,67,58,69,70,74,68,73,63,67,71,70,68,68,74,64,62,69,62,68,59,43,74,75,65,71,37,36,37,10,14,8,14,13,8,Copa del Mundo
L. Bayliss,Auckland FC,Nueva Zelanda,6,CAM,Right,178,24,65,Nueva Zelanda,66,62,67,68,38,53,61,61,51,73,63,67,63,65,60,71,65,66,68,66,69,58,50,63,49,65,52,43,71,70,65,63,39,31,35,11,14,14,7,6,12,Copa del Mundo
J. Randall,Dundee United FC,Nueva Zelanda,21,RW,Right,176,24,66,Nueva Zelanda,72,62,64,72,35,56,66,63,53,65,59,76,64,61,62,69,69,75,74,66,70,61,61,67,53,62,50,34,64,64,62,68,33,34,29,7,14,10,9,12,6,Copa del Mundo
L. Rogerson,Auckland FC,Nueva Zelanda,7,"RW, RM",Right,182,28,62,Nueva Zelanda,69,60,58,61,30,58,54,58,53,63,60,57,65,55,52,63,68,70,61,67,64,60,56,67,57,62,51,26,68,56,58,61,27,29,30,8,15,15,9,15,9,Copa del Mundo
C. Wood,Nottingham Forest,Nueva Zelanda,,ST,Right,191,34,77,Nueva Zelanda,71,77,69,75,46,77,61,77,81,73,76,74,73,66,62,80,71,71,66,73,72,83,84,72,80,73,73,44,81,73,74,77,39,44,41,9,13,8,12,12,11,Copa del Mundo
B. Waine,Port Vale FC,Nueva Zelanda,18,"ST, LW",Right,185,25,64,Nueva Zelanda,68,66,51,60,33,66,51,65,71,53,62,57,58,50,43,63,66,70,59,64,56,66,67,65,72,65,53,35,73,54,69,65,29,27,22,12,7,8,7,14,7,Copa del Mundo
M. Dyer,Phnom Penh Crown,Nueva Zelanda,24,"ST, LW",Right,178,29,63,Nueva Zelanda,65,65,55,63,30,63,51,69,62,59,65,68,56,55,47,60,62,67,61,61,57,63,67,61,66,57,57,29,67,56,64,65,24,26,26,14,14,13,12,12,10,Copa del Mundo
S. Ukich,NK Istra 1961,Nueva Zelanda,10,ST,Right,184,19,52,Nueva Zelanda,53,56,42,51,18,53,41,62,50,47,47,50,44,48,34,55,54,52,47,51,49,54,55,52,57,49,44,17,58,36,47,50,16,13,13,9,9,14,7,8,8,Copa del Mundo
P. Niazmand,Persepolis FC,Irán,12,GK,Right,193,31,66,Irán,41,23,36,32,21,50,26,16,19,42,13,20,23,20,38,32,38,43,43,64,48,39,51,39,60,24,39,29,18,41,26,48,21,16,23,68,67,60,69,67,45,Copa del Mundo
A. Beiranvand,Tractor FC,Irán,1,GK,Right,195,34,70,Irán,40,29,39,38,27,55,22,21,28,45,20,29,22,23,45,37,40,40,44,67,53,51,57,48,62,26,48,38,24,48,32,52,25,23,20,73,71,61,72,69,43,Copa del Mundo
S. Hossein Hosseini,Sepahan FC,Irán,22,GK,Right,189,34,68,Irán,39,22,38,36,25,52,24,11,27,43,23,25,26,19,40,38,39,39,45,65,45,52,59,42,59,18,43,35,16,47,25,50,26,17,22,68,72,61,65,68,47,Copa del Mundo
S. Fallah,Esteghlal FC,Irán,18,CB,Right,191,25,65,Irán,61,44,52,53,68,68,52,39,73,58,37,52,48,42,57,52,60,61,52,58,56,59,67,61,71,43,70,66,44,42,42,59,67,71,64,10,6,10,15,11,14,Copa del Mundo
M. Zare,Persepolis FC,Irán,13,CB,Right,195,23,65,Irán,63,47,51,54,68,71,43,42,68,56,36,51,36,47,61,58,61,64,48,63,55,64,72,59,80,47,65,66,44,46,46,58,67,72,64,10,11,8,7,7,10,Copa del Mundo
A. Aghasi,Esteghlal FC,Irán,33,CB,Right,189,29,65,Irán,61,43,51,53,69,66,49,36,62,56,44,46,47,41,57,57,59,62,54,59,51,56,74,62,67,44,66,70,46,42,46,70,69,71,70,6,12,11,12,7,11,Copa del Mundo
S. Khalilzadeh,Tractor FC,Irán,4,"CB, CDM",Right,183,37,64,Irán,47,44,50,53,68,67,47,39,68,56,39,45,43,45,55,58,48,47,55,64,57,62,66,61,71,42,65,68,34,44,38,68,68,68,69,10,12,8,12,8,9,Copa del Mundo
M. Naderi,Tractor FC,Irán,28,LB,Left,188,30,67,Irán,72,54,61,62,65,66,63,49,63,64,47,62,57,57,62,60,71,72,68,64,67,60,64,72,63,60,66,64,56,55,51,66,65,66,66,9,10,10,6,15,12,Copa del Mundo
A. Nemati,Lusail SC,Irán,19,"LB, LM",Left,182,30,65,Irán,71,51,62,60,62,64,72,47,58,64,49,57,61,49,61,61,72,71,62,64,67,61,60,71,62,51,60,60,52,51,49,56,63,64,65,12,9,7,13,10,9,Copa del Mundo
E. Hajsafi,Sepahan FC,Irán,3,"LB, LM",Left,178,36,66,Irán,64,52,62,64,62,65,67,47,56,64,49,62,54,53,61,64,61,66,68,63,67,64,61,67,64,53,66,61,55,59,52,66,58,66,71,11,7,12,9,15,9,Copa del Mundo
A. Yousefi,Sepahan FC,Irán,17,"RB, LB",Right,181,24,68,Irán,71,53,61,68,63,68,63,49,62,61,54,70,59,57,65,66,69,72,68,63,68,62,72,76,63,56,67,67,52,57,50,63,63,61,61,10,13,14,10,12,10,Copa del Mundo
S. Hardani,Esteghlal FC,Irán,2,RB,Right,176,27,67,Irán,70,55,62,63,65,62,68,54,62,61,46,63,63,49,62,62,69,70,67,66,67,63,64,67,58,54,66,65,53,60,56,62,64,69,63,8,11,13,9,11,13,Copa del Mundo
R. Rezaeian,Foolad FC,Irán,23,RB,Right,184,36,66,Irán,61,53,62,63,64,63,62,52,62,64,51,62,53,54,64,64,63,60,63,69,62,58,63,69,60,50,62,59,56,59,48,58,66,64,66,8,12,10,13,10,11,Copa del Mundo
S. Ezatolahi,Shabab Al-Ahli Club,Irán,6,"CDM, CB",Right,189,30,71,Irán,62,60,69,64,72,80,61,53,67,71,53,63,64,59,76,62,63,62,65,73,60,73,76,78,84,65,72,75,62,70,60,73,74,71,72,12,12,13,7,14,7,Copa del Mundo
M. Ghorbani,Al-Wahda FC,Irán,16,"CDM, CB",Right,190,25,68,Irán,64,61,62,64,69,77,50,55,69,70,52,62,61,59,69,66,62,65,59,70,61,75,71,75,83,62,65,72,57,58,59,66,67,68,72,6,15,8,9,10,12,Copa del Mundo
A. Hajieydi,Sepahan FC,Irán,27,CDM,Right,186,27,65,Irán,59,56,61,63,67,70,57,51,65,64,46,67,55,57,62,59,58,59,61,68,60,68,59,65,72,61,72,65,55,62,52,65,70,67,64,12,9,11,6,15,11,Copa del Mundo
O. Noorafkan,Sepahan FC,Irán,21,CM,Left,184,29,65,Irán,63,60,65,63,58,65,67,54,61,62,58,59,64,57,72,65,66,61,62,67,63,65,68,66,65,65,63,59,68,64,60,70,58,57,53,12,6,14,14,10,10,Copa del Mundo
M. Limouchi,Sepahan FC,Irán,11,LW,Left,179,26,64,Irán,70,64,62,68,32,57,65,66,49,64,61,70,62,59,58,69,73,68,65,61,64,60,52,60,60,62,48,33,67,61,65,67,32,28,29,10,13,11,9,15,6,Copa del Mundo
M. Sourgi,Shams Azar Qazvin,Irán,26,LW,Left,182,24,61,Irán,67,58,59,63,32,55,57,56,52,59,59,67,60,59,54,57,68,67,69,64,64,61,58,60,56,58,47,24,58,65,57,58,34,30,29,7,14,10,11,6,10,Copa del Mundo
M. Mohebi,Persepolis FC,Irán,29,"RW, ST",Left,186,26,63,Irán,66,62,63,65,34,59,65,61,60,67,55,67,68,53,57,63,62,70,64,61,63,65,60,64,60,61,51,31,65,61,57,63,32,32,28,12,11,12,15,12,7,Copa del Mundo
A. Mahmoudi,Persepolis FC,Irán,25,RW,Right,172,20,60,Irán,71,57,57,62,30,53,58,56,46,60,56,56,62,53,55,69,71,71,65,57,66,59,47,63,52,56,45,33,66,54,55,58,31,22,28,6,9,14,15,9,9,Copa del Mundo
S. Azmoun,Shabab Al-Ahli Club,Irán,20,ST,Both,186,31,75,Irán,73,76,66,74,41,74,65,79,76,68,75,69,69,67,54,80,69,77,70,79,68,77,77,68,79,69,70,36,78,70,71,79,40,37,32,13,13,6,11,10,14,Copa del Mundo
M. Taremi,Al-Wasl SC,Irán,9,"ST, LW",Right,187,34,73,Irán,68,75,63,75,38,71,61,74,77,67,80,73,61,62,53,76,69,67,78,77,70,79,80,71,72,71,65,29,73,68,72,80,40,31,35,11,9,6,15,14,14,Copa del Mundo
D. Eckert Ayensa,Standard de Lieja,Irán,24,ST,Right,182,29,68,Irán,71,66,57,65,33,65,55,68,68,62,69,62,61,61,49,67,72,70,62,78,66,64,68,64,66,62,62,31,73,54,66,74,30,27,28,14,12,9,14,9,10,Copa del Mundo
S. Zahedi,Johor Darul Ta'zim,Irán,8,ST,Both,187,31,65,Irán,68,68,56,66,29,68,57,69,69,58,66,65,56,60,44,67,67,69,67,69,58,69,71,65,73,64,56,25,73,59,64,73,26,23,22,10,9,10,7,10,9,Copa del Mundo
K. Zeggen,AZ Alkmaar U21,Curazao,26,GK,Left,189,19,56,Curazao,32,17,26,21,13,40,12,10,18,37,10,10,16,11,24,25,34,31,26,50,36,37,44,38,45,16,28,18,10,30,18,32,10,13,10,57,54,50,54,62,35,Copa del Mundo
E. Room,Miami FC,Curazao,1,GK,Right,190,37,64,Curazao,28,21,31,32,21,44,19,12,27,36,18,21,16,19,32,36,28,28,39,58,46,43,45,42,48,18,36,28,18,41,24,46,21,15,18,67,66,56,64,67,39,Copa del Mundo
T. Bodak,Vitesse Arnhem,Curazao,25,GK,Right,190,24,52,Curazao,30,15,20,21,12,35,10,10,11,22,10,10,10,10,24,26,29,30,24,44,35,34,38,22,44,10,26,16,10,30,11,29,10,10,12,52,54,44,52,53,29,Copa del Mundo
A. Obispo,PSV Eindhoven,Curazao,18,"CB, CDM",Left,185,27,73,Curazao,70,54,61,63,75,74,53,49,78,74,50,56,60,52,65,69,64,75,64,66,67,69,75,68,78,52,71,74,50,48,48,68,70,79,77,10,12,9,8,13,11,Copa del Mundo
J. Carolina,FK Borac Banja Luka,Curazao,23,CB,Left,182,28,62,Curazao,58,42,50,51,65,61,48,36,57,59,36,42,40,40,51,58,53,62,47,64,53,61,63,59,59,41,67,66,36,43,34,61,64,70,61,6,15,8,8,9,11,Copa del Mundo
J. Gaari,Abha Club,Curazao,3,"CB, CDM",Right,183,32,66,Curazao,59,47,55,54,68,66,48,42,70,65,38,47,44,41,57,56,58,59,54,68,61,63,70,64,67,44,67,64,41,47,48,70,66,72,69,7,6,11,15,12,8,Copa del Mundo
S. Floranus,PEC Zwolle,Curazao,5,LB,Left,181,28,65,Curazao,68,49,58,61,62,64,66,42,55,57,54,64,56,49,56,57,69,68,62,58,65,61,64,68,62,52,64,65,51,57,50,60,59,67,62,8,10,9,15,6,14,Copa del Mundo
S. Sambo,Burnley FC,Curazao,2,RB,Right,174,25,67,Curazao,70,56,63,65,64,64,70,53,50,69,51,64,60,56,59,64,66,73,72,64,67,62,61,74,59,59,64,61,54,53,53,60,62,71,65,8,15,6,6,11,10,Copa del Mundo
L. Comenencia,FC Zúrich,Curazao,8,RB,Right,185,22,65,Curazao,69,50,59,62,65,67,63,46,63,58,45,59,54,48,61,64,68,70,62,63,65,60,64,72,66,52,64,67,53,57,50,63,67,62,65,13,9,7,11,9,13,Copa del Mundo
J. Brenet,Kayserispor,Curazao,20,"RB, LB",Right,181,32,68,Curazao,69,55,63,67,66,69,72,51,61,62,55,65,60,55,61,68,67,70,69,70,66,62,63,72,70,57,63,63,57,59,52,63,71,66,62,12,8,13,15,15,12,Copa del Mundo
K. Penso,PSV Eindhoven U21,Curazao,24,"RB, RM",Right,174,18,55,Curazao,58,39,49,53,51,53,54,36,46,52,38,51,44,43,45,56,59,58,54,51,59,48,50,63,51,37,48,54,40,45,44,50,50,51,54,10,9,15,15,7,13,Copa del Mundo
N. Souren,SC Cambuur Leeuwarden,Curazao,6,"CDM, CM",Right,173,26,63,Curazao,57,53,58,56,68,61,54,47,56,59,44,50,56,49,62,58,59,56,60,65,56,63,61,65,60,59,60,72,58,58,52,64,67,74,60,8,10,12,12,13,14,Copa del Mundo
J. Bacuna,Gaziantep FK,Curazao,7,"CM, CDM",Right,178,29,69,Curazao,64,66,70,68,60,68,67,65,62,72,57,68,68,60,69,69,66,63,63,74,66,68,56,72,68,69,65,62,70,72,65,71,62,59,52,11,11,7,10,6,14,Copa del Mundo
L. Bacuna,Igdir FK,Curazao,10,CM,Right,180,35,63,Curazao,57,58,64,61,54,61,59,56,51,68,51,56,57,60,64,64,59,56,64,65,65,61,51,62,66,62,49,58,64,63,58,66,55,50,53,8,6,10,11,12,6,Copa del Mundo
T. Noslin,Barnsley FC,Curazao,17,RM,Right,182,24,66,Curazao,71,60,67,64,48,65,71,56,56,67,62,67,68,62,64,62,73,70,66,62,64,65,59,73,64,60,59,47,67,65,60,62,45,51,38,12,11,7,13,9,8,Copa del Mundo
T. Chong,Sheffield United,Curazao,21,"CAM, CM",Left,185,26,70,Curazao,72,70,69,70,44,64,68,72,63,70,62,71,72,65,66,71,75,69,67,67,71,68,62,71,62,70,59,47,71,73,69,68,41,39,42,10,15,13,8,11,6,Copa del Mundo
J. Margaritha,SK Beveren,Curazao,16,LW,Left,181,26,64,Curazao,69,61,60,64,32,56,61,60,46,60,59,63,64,55,60,64,65,72,72,62,59,67,50,57,58,59,51,30,61,60,58,61,35,28,27,15,14,10,6,15,7,Copa del Mundo
J. Antonisse,Kifisia FC,Curazao,11,"LW, ST",Left,177,24,65,Curazao,76,64,64,69,35,59,66,66,53,66,60,72,66,60,55,68,78,75,67,71,70,63,56,70,57,62,51,37,67,64,56,62,36,29,24,14,6,14,13,6,11,Copa del Mundo
N. Thomas,ADO Den Haag,Curazao,,"LW, LM",Left,180,25,64,Curazao,75,65,60,69,32,59,62,65,49,59,60,73,61,60,55,65,77,73,71,66,66,67,54,67,58,61,52,34,71,65,64,63,30,30,24,7,10,12,8,7,7,Copa del Mundo
K. Gorré,Maccabi Haifa,Curazao,14,"LW, ST",Left,174,32,68,Curazao,72,66,64,73,38,56,64,66,52,63,60,73,70,60,60,72,71,72,76,75,67,68,55,58,57,63,50,39,71,67,61,72,38,33,32,15,13,11,7,12,9,Copa del Mundo
A. Martha,SC Telstar,Curazao,15,"RW, RM",Left,180,23,62,Curazao,66,59,58,66,31,56,54,59,54,65,57,65,68,56,50,67,64,67,69,64,63,63,50,64,54,57,50,33,64,56,57,59,26,29,22,11,13,9,6,10,10,Copa del Mundo
J. Paulina,Fortuna Düsseldorf,Curazao,19,ST,Right,191,22,62,Curazao,59,65,53,58,29,65,53,69,67,53,64,60,51,59,50,57,57,60,54,60,55,63,68,62,71,60,53,25,67,52,56,62,26,25,22,10,9,12,13,7,11,Copa del Mundo
J. Locadia,Tampa Bay Rowdies,Curazao,9,"ST, CF",Right,193,32,63,Curazao,64,64,54,63,30,65,49,64,71,58,64,61,57,54,48,66,67,62,58,64,61,66,66,60,71,61,57,26,67,54,61,65,27,24,21,7,10,12,8,15,7,Copa del Mundo
Y. Abulaila,Al-Hussein SC (Irbid),Jordania,1,GK,Right,188,33,67,Jordania,37,26,38,37,26,54,25,18,25,44,13,27,21,25,43,41,39,35,44,64,44,50,59,45,61,22,45,30,23,43,30,48,27,24,22,70,66,60,68,66,47,Copa del Mundo
A. Al-Fakhouri,Al-Faisaly SC,Jordania,22,GK,Right,190,26,60,Jordania,37,20,27,28,17,45,13,14,20,33,10,18,16,14,30,30,39,35,32,54,39,41,52,37,51,18,38,23,12,33,18,42,15,12,19,59,57,54,62,67,39,Copa del Mundo
A. Juaidi,Al-Salt SC,Jordania,,GK,Right,185,25,58,Jordania,31,18,27,27,17,44,17,10,18,32,10,16,14,10,32,33,30,32,28,54,40,39,48,32,51,17,41,22,10,32,16,36,17,15,11,55,56,54,57,65,37,Copa del Mundo
A. Smir,Minnesota United FC,Jordania,30,GK,Left,185,27,60,Jordania,36,17,28,26,18,42,15,10,17,31,10,15,14,23,32,28,36,36,33,55,40,40,45,30,50,15,34,28,10,35,16,41,10,21,15,64,59,51,61,66,37,Copa del Mundo
Y. Al-Arab,FC Seoul,Jordania,5,CB,Left,185,30,67,Jordania,61,45,54,55,71,71,52,38,70,56,40,54,46,45,62,53,60,62,54,63,56,67,67,66,75,42,69,70,40,49,45,65,73,70,74,15,15,7,10,8,13,Copa del Mundo
S. Al-Rousan,Al-Quwa Al-Jawiya,Jordania,19,"CB, CDM",Right,186,29,65,Jordania,61,44,55,53,69,67,49,35,64,67,38,49,46,45,56,54,62,60,55,63,57,64,69,58,73,48,63,73,43,46,42,59,69,67,69,9,15,14,7,8,10,Copa del Mundo
A. Nasib,Al-Hussein SC (Irbid),Jordania,3,"CB, RB",Right,184,32,66,Jordania,59,48,52,57,70,67,47,44,71,61,42,54,43,50,55,58,57,60,54,67,54,64,74,63,66,46,74,69,44,43,41,64,70,71,65,12,10,7,12,11,6,Copa del Mundo
H. Al-Hourani,ES Sétif,Jordania,,"CB, CDM",Right,186,26,61,Jordania,56,40,47,50,66,68,46,33,61,53,34,41,38,38,59,56,54,58,53,54,51,52,61,65,70,43,68,65,37,35,44,59,67,70,61,8,12,8,8,10,10,Copa del Mundo
M. Abualnadi,Corvinul Hunedoara,Jordania,16,CB,Left,185,25,64,Jordania,58,40,52,52,70,68,49,33,70,55,37,46,40,48,62,54,60,57,53,63,53,56,68,62,72,41,66,69,39,46,46,71,73,68,65,11,10,13,13,15,11,Copa del Mundo
M. Abu Taha,NEOM SC,Jordania,20,"LB, RB",Left,176,23,62,Jordania,66,51,56,57,58,61,62,49,54,60,42,50,54,51,56,63,65,67,62,60,65,57,58,68,60,51,57,56,49,47,49,59,56,61,64,14,13,11,14,9,7,Copa del Mundo
E. Haddad,Al-Faisaly SC,Jordania,23,"RB, LB",Right,181,32,65,Jordania,64,49,59,63,63,64,61,44,58,59,49,63,61,55,60,62,63,65,66,64,66,57,64,68,65,51,59,61,53,58,48,65,63,67,61,15,9,10,10,8,8,Copa del Mundo
A. Badawi,Al-Faisaly SC,Jordania,26,RB,Right,174,29,59,Jordania,66,42,53,56,56,56,60,38,51,52,39,59,54,44,55,48,68,65,61,54,71,50,59,65,53,40,53,55,47,47,42,58,56,58,55,14,11,12,13,14,11,Copa del Mundo
A. Assaf,Al-Hussein SC (Irbid),Jordania,,RB,Right,175,27,59,Jordania,68,44,55,56,58,61,58,38,50,58,42,58,56,46,52,52,62,72,60,54,65,55,52,69,59,45,57,57,45,49,43,53,60,59,64,14,14,15,8,11,6,Copa del Mundo
N. Al-Rashdan,Wydad Casablanca,Jordania,21,CDM,Right,184,27,66,Jordania,61,53,62,62,68,71,56,47,60,70,51,62,53,57,61,64,60,61,52,61,60,60,64,74,71,58,70,72,58,59,55,69,67,67,72,6,13,13,7,15,9,Copa del Mundo
A. Jamous,Erbil SC,Jordania,6,"CM, CDM",Right,177,24,62,Jordania,61,61,63,65,57,58,61,60,51,65,55,62,64,53,68,69,58,63,69,65,58,61,54,68,54,66,56,56,61,59,52,62,58,60,49,11,15,10,13,14,13,Copa del Mundo
N. Al-Rawabdeh,Al-Faisaly SC,Jordania,8,CM,Right,182,29,64,Jordania,59,60,64,65,55,64,57,59,52,65,56,65,63,59,67,68,61,58,59,67,63,67,60,65,65,58,60,62,62,66,59,62,49,57,55,7,7,7,8,12,8,Copa del Mundo
I. Saadeh,Al-Karma,Jordania,15,"CM, CDM",Right,180,26,64,Jordania,61,56,65,64,57,62,60,53,57,69,52,61,62,58,71,68,57,65,62,62,64,61,59,70,61,57,56,55,65,63,54,64,58,59,56,10,13,13,15,7,15,Copa del Mundo
Y. Qashi,Al-Hussein SC (Irbid),Jordania,,CM,Both,183,21,56,Jordania,55,49,56,58,50,55,49,45,53,60,41,55,52,49,58,63,57,53,54,55,55,59,44,61,52,47,58,44,53,56,53,58,51,54,43,14,8,10,13,14,14,Copa del Mundo
M. Shawkat,Al-Hussein SC (Irbid),Jordania,,"CM, CAM",Left,171,31,62,Jordania,56,60,64,64,54,61,59,60,50,68,51,64,59,55,66,62,55,56,70,66,57,60,52,63,62,65,59,59,58,66,57,63,51,55,55,7,15,13,6,13,15,Copa del Mundo
Sisa,ES Sétif,Jordania,,CAM,Left,172,28,63,Jordania,61,61,64,67,36,53,64,59,47,66,55,68,63,62,56,69,63,59,63,60,65,64,51,62,51,63,49,32,67,66,58,66,35,36,31,12,13,13,7,10,12,Copa del Mundo
A. Ersan,Al-Faisaly SC,Jordania,14,LW,Left,171,31,66,Jordania,77,64,68,71,34,59,74,62,49,71,62,71,67,59,58,72,80,74,71,70,67,61,53,69,56,72,54,39,69,65,62,75,32,28,32,6,8,7,13,11,14,Copa del Mundo
O. Fakhoury,Pyramids FC,Jordania,11,"LW, LM",Left,180,20,58,Jordania,68,54,57,62,29,53,60,54,45,60,51,64,60,51,48,63,66,70,59,59,59,54,48,60,54,50,43,28,59,54,59,53,27,28,22,11,7,8,8,15,6,Copa del Mundo
M. Al-Mardi,Al-Hussein SC (Irbid),Jordania,13,LW,Left,176,33,65,Jordania,71,64,64,68,34,56,70,65,55,62,62,68,65,54,58,66,69,72,76,65,68,64,60,62,56,65,47,32,65,66,61,72,29,35,33,12,10,11,9,11,13,Copa del Mundo
M. Al-Tamari,Stade Rennais FC,Jordania,10,"RW, ST",Left,176,29,74,Jordania,77,71,74,77,45,68,70,72,60,78,71,78,75,71,66,77,76,78,79,79,77,72,69,83,64,70,57,44,74,76,67,71,45,42,42,14,10,7,13,12,12,Copa del Mundo
M. Abu Zrayq,Raja Club Athletic,Jordania,7,"RW, RM",Left,170,28,66,Jordania,71,62,64,72,34,58,70,61,47,62,61,71,67,62,62,74,73,69,76,67,73,63,59,70,54,60,51,36,68,62,61,62,31,31,35,15,8,13,13,8,10,Copa del Mundo
A. Azaizeh,MC Alger,Jordania,24,RW,Left,178,22,59,Jordania,67,58,58,64,30,54,58,57,46,59,55,65,56,53,56,67,66,68,63,60,58,60,50,61,55,61,43,27,59,60,54,55,30,29,24,13,15,15,10,10,14,Copa del Mundo
A. Al-Awadat,Al-Faisaly SC,Jordania,28,"RW, ST",Right,169,28,62,Jordania,71,60,61,67,33,53,64,62,45,60,60,68,63,58,54,65,74,68,74,62,68,60,46,60,51,56,49,36,65,63,58,62,35,28,27,8,7,10,8,9,15,Copa del Mundo
A. Olwan,Al-Sailiya SC,Jordania,9,ST,Right,182,26,65,Jordania,69,68,56,65,32,62,56,70,68,60,68,64,60,56,49,67,67,70,61,70,61,66,70,66,61,65,57,28,65,54,64,70,30,27,22,11,6,8,7,12,11,Copa del Mundo
T. Bany,West Bromwich Albion,Jordania,,ST,Right,181,22,60,Jordania,65,62,48,61,28,58,49,63,65,49,63,65,51,53,43,57,62,67,58,67,57,67,54,53,62,53,56,23,64,48,57,64,28,23,20,12,8,11,11,12,9,Copa del Mundo
N. Al-Aqidi,Al-Nassr FC,Arabia Saudita,1,GK,Right,186,26,64,Arabia Saudita,38,23,33,30,22,44,21,17,20,40,10,18,16,20,33,34,40,36,34,60,43,45,52,35,51,19,34,31,15,39,25,45,20,20,16,67,64,56,64,62,41,Copa del Mundo
M. Al-Owais,Al-Hilal SFC,Arabia Saudita,21,GK,Left,185,34,65,Arabia Saudita,34,21,33,33,23,47,17,13,21,37,22,21,22,17,41,39,33,34,36,64,40,39,53,37,56,21,34,30,13,42,27,48,24,19,21,69,68,58,64,72,41,Copa del Mundo
A. Al-Kassar,Al-Qadsiah FC,Arabia Saudita,22,GK,Right,178,35,64,Arabia Saudita,32,23,32,27,24,47,17,17,28,38,12,18,20,23,35,27,29,35,33,61,46,43,53,38,54,19,40,33,17,38,23,43,17,23,22,64,62,59,63,66,42,Copa del Mundo
H. Tambakti,Al-Hilal SFC,Arabia Saudita,5,"CB, RB",Right,183,27,70,Arabia Saudita,67,48,57,61,76,75,56,42,78,65,42,59,49,51,58,64,69,65,53,72,57,60,80,62,81,52,75,73,44,48,50,69,78,76,79,14,9,12,9,12,15,Copa del Mundo
A. Al-Amri,Al-Nassr FC,Arabia Saudita,4,CB,Right,185,29,69,Arabia Saudita,64,49,56,61,71,71,57,45,69,62,45,60,50,52,62,63,65,63,51,67,57,66,68,65,76,45,69,69,42,45,49,71,75,70,72,9,7,11,15,7,15,Copa del Mundo
J. Thakri,Al-Qadsiah FC,Arabia Saudita,25,CB,Right,184,25,68,Arabia Saudita,61,47,55,57,71,70,43,41,71,61,45,54,53,49,61,58,65,57,59,63,60,61,75,61,73,48,71,72,39,52,51,64,69,73,69,7,10,10,14,6,15,Copa del Mundo
A. Lajami,Al-Hilal SFC,Arabia Saudita,3,"CB, CDM",Right,177,30,67,Arabia Saudita,57,46,55,57,69,67,52,39,64,64,43,48,45,45,63,62,55,58,58,64,69,62,66,61,70,48,65,72,43,43,49,66,71,67,69,8,12,6,15,15,9,Copa del Mundo
M. Al-Harbi,Al-Hilal SFC,Arabia Saudita,24,"LB, LM",Left,177,26,67,Arabia Saudita,74,50,63,66,64,70,68,45,59,65,44,66,58,53,65,65,72,76,67,66,70,61,68,74,67,50,71,63,53,55,53,64,66,65,65,15,14,7,10,9,14,Copa del Mundo
H. Kadesh,Al-Ittihad Club,Arabia Saudita,14,"LB, RB",Left,179,34,66,Arabia Saudita,69,52,65,64,64,65,70,49,59,70,50,64,58,49,64,63,70,68,70,68,63,60,61,69,64,49,63,66,57,57,49,64,65,63,67,8,14,11,13,12,6,Copa del Mundo
M. Abu Al-Shamat,Al-Qadsiah FC,Arabia Saudita,26,"RB, RM",Right,170,24,67,Arabia Saudita,71,51,63,66,66,63,67,46,64,61,47,64,62,58,69,67,69,73,74,62,73,64,59,71,61,52,61,67,56,60,47,65,65,65,67,14,6,14,8,13,7,Copa del Mundo
A. Majrashi,Al-Ahli SFC,Arabia Saudita,2,RB,Right,169,27,69,Arabia Saudita,72,55,64,67,68,66,67,50,56,65,54,63,62,54,63,69,73,71,73,71,71,59,63,71,65,59,65,62,60,64,55,64,69,72,76,9,6,15,6,15,12,Copa del Mundo
N. Boushal,Al-Nassr FC,Arabia Saudita,13,"RB, LB",Right,173,27,64,Arabia Saudita,68,50,62,60,63,61,67,46,57,67,46,58,55,48,57,59,67,68,66,65,66,54,65,69,55,56,63,66,54,55,49,58,61,64,63,15,12,12,11,15,12,Copa del Mundo
Z. Al-Johani,Al-Ahli SFC,Arabia Saudita,16,"CDM, CM",Left,180,24,65,Arabia Saudita,59,58,61,62,66,67,54,56,60,65,49,61,51,54,61,62,61,58,63,68,64,65,67,69,66,61,68,72,58,64,53,69,58,72,67,6,13,6,14,12,12,Copa del Mundo
A. Al-Khaibari,Al-Nassr FC,Arabia Saudita,15,CDM,Right,175,30,67,Arabia Saudita,61,58,64,64,68,69,51,55,60,68,50,65,58,57,71,61,59,63,63,70,66,67,65,70,68,60,69,73,58,67,51,63,66,70,63,12,10,14,14,7,9,Copa del Mundo
M. Ali,Al-Ittihad Club,Arabia Saudita,7,CDM,Right,185,28,64,Arabia Saudita,59,55,62,62,64,66,55,50,63,68,46,63,58,53,62,64,61,57,54,60,64,65,69,65,65,56,67,64,58,60,59,59,63,66,62,14,10,10,9,11,14,Copa del Mundo
N. Al-Dawsari,Al-Hilal SFC,Arabia Saudita,6,CM,Left,178,27,65,Arabia Saudita,67,60,66,65,57,65,63,57,53,73,55,62,63,56,63,68,70,64,59,62,65,64,58,67,65,62,65,58,63,62,61,76,56,60,54,7,8,13,6,11,15,Copa del Mundo
M. Kanno,Al-Hilal SFC,Arabia Saudita,23,"CM, CDM",Right,191,32,68,Arabia Saudita,61,61,70,66,61,66,62,59,63,75,51,61,62,59,72,70,61,61,65,72,64,67,62,59,72,63,63,65,64,75,58,70,57,62,58,8,11,15,6,8,8,Copa del Mundo
A. Hejji,NEOM SC,Arabia Saudita,18,CM,Right,178,30,65,Arabia Saudita,58,58,68,65,58,64,63,52,58,73,55,66,67,57,68,65,59,58,61,64,63,66,61,70,63,64,58,55,56,68,56,64,60,59,59,13,8,15,14,10,14,Copa del Mundo
S. Mandash,Al-Hilal SFC,Arabia Saudita,20,RW,Left,172,31,64,Arabia Saudita,68,62,64,67,32,54,69,62,51,67,61,69,60,61,53,66,67,69,68,60,64,59,48,62,54,66,48,31,68,66,60,69,33,26,27,6,12,7,7,9,6,Copa del Mundo
F. Al-Buraikan,Al-Ahli SFC,Arabia Saudita,9,ST,Left,185,26,70,Arabia Saudita,71,70,59,69,36,68,60,74,74,63,71,68,63,57,53,70,72,70,65,76,63,70,70,66,70,61,64,32,73,55,66,68,31,32,32,9,14,7,8,11,7,Copa del Mundo
S. Al-Shehri,Al-Ittihad Club,Arabia Saudita,11,"ST, CF",Right,184,32,70,Arabia Saudita,70,70,63,64,37,69,60,70,78,67,68,61,55,57,56,66,71,69,65,70,60,73,76,66,71,66,65,37,69,66,73,76,31,31,30,9,10,9,15,13,6,Copa del Mundo
A. Al-Hamdan,Al-Nassr FC,Arabia Saudita,19,"ST, LW",Right,186,27,61,Arabia Saudita,62,63,50,60,30,61,46,65,60,56,60,57,46,48,44,62,63,62,63,63,58,66,60,56,64,55,61,28,57,49,66,63,26,27,21,9,9,6,13,11,9,Copa del Mundo
M. Abunada,Al-Rayyan SC,Catar,1,GK,Left,185,26,63,Catar,41,21,31,29,18,48,17,13,21,38,14,19,17,19,35,33,39,42,30,54,44,43,48,41,53,20,42,26,14,38,29,47,16,12,21,66,61,55,60,68,43,Copa del Mundo
S. Zakaria,Al-Duhail SC,Catar,21,GK,Right,186,27,63,Catar,39,22,30,30,20,45,12,18,27,39,10,20,18,21,34,32,44,35,41,60,41,43,47,40,50,17,40,25,12,35,25,43,18,17,16,68,60,57,67,63,38,Copa del Mundo
S. Ellethy,Al-Shahania SC,Catar,22,GK,Left,183,26,62,Catar,34,20,30,26,19,44,16,10,25,37,12,15,11,18,32,27,35,34,37,57,39,44,50,37,49,19,37,29,14,37,24,41,20,11,16,58,65,56,59,68,42,Copa del Mundo
T. Salman,Al-Sadd SC,Catar,5,CB,Right,179,28,63,Catar,57,42,51,53,68,66,51,35,66,58,36,50,46,42,54,55,55,59,51,60,58,57,66,64,65,43,71,65,38,41,47,62,66,72,65,14,8,11,11,7,7,Copa del Mundo
I. Laye,Al-Arabi SC,Catar,4,CB,Right,188,28,59,Catar,53,40,48,47,64,62,47,32,63,55,39,41,43,33,49,49,52,54,48,60,47,55,62,53,65,43,64,62,31,39,40,59,66,65,62,15,6,15,12,11,11,Copa del Mundo
B. Khoukhi,Al-Sadd SC,Catar,16,CB,Right,185,36,67,Catar,57,46,53,57,73,71,54,38,71,55,42,52,44,48,60,60,55,58,54,65,59,63,69,64,75,47,69,76,45,48,45,66,72,73,74,9,6,13,8,9,13,Copa del Mundo
H. Al-Amin,Real Valladolid CF,Catar,14,LB,Left,188,27,62,Catar,67,47,59,58,60,59,63,42,64,64,50,57,54,50,59,60,66,68,61,56,59,54,64,71,52,51,61,59,52,49,46,55,58,61,65,13,11,9,10,15,11,Copa del Mundo
S. Al-Brake,Al-Duhail SC,Catar,18,LB,Left,178,30,62,Catar,67,48,55,60,59,60,59,45,58,58,44,55,51,43,59,62,66,67,69,58,64,53,59,63,59,50,61,61,49,47,44,64,58,58,66,9,15,15,10,7,8,Copa del Mundo
J. Gaber,Al-Rayyan SC,Catar,3,RB,Right,181,24,64,Catar,65,51,61,61,64,61,65,49,61,64,49,57,55,48,58,64,69,62,66,64,65,57,61,66,60,51,57,65,54,57,47,59,64,64,64,10,15,14,12,15,13,Copa del Mundo
A. Al-Oui,Al-Gharafa SC,Catar,13,"RB, RM",Right,181,21,58,Catar,62,41,53,58,56,56,57,36,55,60,37,58,49,46,53,58,60,64,58,59,62,49,48,63,52,44,59,59,48,41,38,51,55,55,58,7,8,9,10,6,7,Copa del Mundo
P. Miguel,Al-Sadd SC,Catar,2,RB,Right,180,36,64,Catar,59,53,60,63,61,62,63,49,57,65,52,59,51,50,57,67,58,60,69,61,61,59,65,72,57,57,59,57,52,57,54,63,63,64,61,12,14,15,15,15,8,Copa del Mundo
A. Madibo,Al-Duhail SC,Catar,23,"CDM, CM",Right,168,29,62,Catar,57,54,60,59,63,65,43,50,55,72,43,58,53,54,63,58,53,61,59,59,62,61,57,67,63,59,70,64,53,55,55,64,66,65,58,10,12,6,15,13,15,Copa del Mundo
A. Fathi,Al-Arabi SC,Catar,20,"CDM, CB",Right,171,33,66,Catar,57,54,65,65,67,68,63,48,54,65,48,59,59,62,68,72,54,59,62,72,66,61,64,70,66,61,69,68,57,65,53,69,65,73,68,6,9,12,11,9,13,Copa del Mundo
K. Boudiaf,Al-Duhail SC,Catar,12,"CDM, CB",Right,190,36,64,Catar,50,57,60,60,64,66,54,51,64,65,50,58,48,55,67,63,46,53,51,70,55,71,70,68,65,60,66,72,57,58,56,68,63,61,62,15,15,12,14,13,9,Copa del Mundo
A. Hatim,Al-Rayyan SC,Catar,6,CM,Left,179,35,65,Catar,52,63,65,66,58,68,59,62,58,67,57,65,60,58,70,67,52,52,65,67,63,64,61,67,70,66,66,58,65,67,58,70,54,59,63,9,15,14,14,6,10,Copa del Mundo
N. Al-Hadhrami,Lusail SC,Catar,25,"CM, CAM",Right,180,25,61,Catar,58,54,62,60,53,60,60,48,53,64,46,61,55,57,63,60,56,59,59,60,61,60,55,59,62,59,58,50,62,62,56,59,53,55,54,6,12,7,8,15,6,Copa del Mundo
A. Afif,Al-Sadd SC,Catar,11,LW,Left,176,29,74,Catar,81,70,74,76,42,66,77,69,61,77,77,77,70,66,66,76,79,82,78,66,76,72,63,74,65,69,59,49,71,74,73,68,34,42,34,10,13,15,14,13,7,Copa del Mundo
E. Junior,Al-Duhail SC,Catar,8,"LW, ST",Left,180,32,73,Catar,76,78,69,72,44,68,68,83,61,66,71,71,76,66,63,73,79,73,73,74,73,72,68,73,66,77,65,46,74,79,68,74,43,41,40,6,7,6,10,13,10,Copa del Mundo
A. Al-Ganehi,Al-Rayyan SC,Catar,17,"RW, ST",Right,175,26,64,Catar,71,64,63,67,33,55,64,67,52,67,58,64,64,60,58,70,68,73,68,71,67,65,51,67,53,60,48,36,63,61,57,66,28,31,30,6,14,13,6,11,15,Copa del Mundo
H. Al-Haydos,Al-Sadd SC,Catar,10,"RW, ST",Right,174,35,67,Catar,70,67,64,72,34,57,65,70,52,63,66,74,62,65,60,71,71,70,77,63,74,72,60,65,56,57,50,39,65,66,59,63,33,28,30,6,11,15,13,10,15,Copa del Mundo
T. Mohammed Jamshid,Al-Duhail SC,Catar,24,"RW, ST",Right,177,20,55,Catar,63,52,50,59,24,48,54,51,41,50,56,63,56,51,47,55,66,61,66,51,58,52,46,54,50,53,36,22,59,48,51,49,25,21,21,15,15,7,11,7,15,Copa del Mundo
H. Ali,Al-Sadd SC,Catar,9,RW,Right,166,26,59,Catar,66,60,56,67,27,49,65,60,39,57,59,70,58,56,48,66,68,65,64,60,69,59,44,59,44,60,51,24,66,53,56,56,28,24,24,10,9,8,15,11,10,Copa del Mundo
A. Ali,Al-Duhail SC,Catar,19,"ST, LW",Right,180,30,72,Catar,72,72,60,69,38,71,58,73,70,59,75,63,63,61,58,75,68,75,66,76,73,72,70,71,73,69,64,36,74,63,73,76,36,32,34,11,8,8,8,9,14,Copa del Mundo
M. Manai,Al-Sadd SC,Catar,26,ST,Right,180,23,62,Catar,58,61,52,62,28,61,51,62,60,56,65,62,55,47,45,62,60,57,63,63,60,62,65,58,66,55,53,22,65,53,67,63,26,25,18,11,6,13,14,8,9,Copa del Mundo
A. Alaaeldin,Al-Rayyan SC,Catar,7,"ST, LW",Right,179,33,65,Catar,62,65,55,65,32,65,50,67,62,58,67,66,61,53,49,65,60,63,62,67,61,63,66,61,70,61,57,29,72,58,64,66,31,27,21,12,12,13,7,8,7,Copa del Mundo
Y. Abdurisag,Al-Sadd SC,Catar,15,"ST, LW",Right,177,27,62,Catar,66,61,56,61,28,61,50,63,62,63,65,60,52,52,50,62,65,66,59,66,59,63,60,56,64,53,59,25,64,54,64,66,28,22,13,12,14,8,15,10,15,Copa del Mundo
A. Basil Fadhil,Al-Zawraa SC,Irak,22,GK,Both,186,30,63,Irak,39,21,31,30,21,46,17,14,25,38,18,18,16,19,32,30,40,38,45,63,49,43,51,41,50,16,39,34,12,38,24,38,15,19,15,62,62,54,65,66,38,Copa del Mundo
H. Hasan,Erbil SC,Irak,22,GK,Right,190,23,61,Irak,32,18,31,28,20,42,20,10,19,37,10,15,15,13,35,33,31,33,36,56,38,40,46,29,50,17,39,27,10,36,22,39,15,20,20,62,61,52,61,62,40,Copa del Mundo
M. Salih,Al-Quwa Al-Jawiya,Irak,1,GK,Right,191,32,64,Irak,35,22,34,32,21,44,19,12,16,41,17,20,20,24,36,37,35,35,37,68,40,45,55,40,46,24,42,33,15,43,30,44,18,21,15,66,66,61,64,61,42,Copa del Mundo
A. Hashem,Zakho SC,Irak,5,CB,Left,186,28,66,Irak,58,45,54,56,68,70,54,38,61,58,38,49,46,44,60,59,59,58,61,65,57,59,72,65,71,51,71,69,45,48,41,66,66,71,69,10,15,8,8,8,12,Copa del Mundo
Z. Tahseen,Pakhtakor Tashkent,Irak,4,CB,Right,193,25,64,Irak,58,46,52,52,67,67,45,42,65,56,39,49,38,46,61,54,60,57,53,65,47,58,65,59,71,46,67,67,37,49,47,59,68,67,63,12,13,7,6,14,15,Copa del Mundo
M. Jabbar,Al-Shorta SC,Irak,5,"CB, RB",Right,188,25,62,Irak,55,40,50,52,63,65,50,30,66,58,36,45,42,39,47,59,57,53,51,55,50,56,62,59,69,45,62,61,41,42,45,61,56,71,61,8,8,10,6,13,12,Copa del Mundo
J. Al-Imam,Duhok SC,Irak,,CB,Left,187,22,59,Irak,53,39,46,47,61,63,40,33,62,52,37,44,42,38,53,48,53,53,49,58,50,56,60,57,65,38,64,63,33,39,44,55,64,56,58,15,14,9,13,11,10,Copa del Mundo
M. Doski,FC Viktoria Plzen,Irak,23,LB,Left,173,26,68,Irak,71,54,64,66,68,66,71,50,59,71,47,64,58,52,59,68,69,72,66,65,73,60,67,73,62,61,67,64,53,54,54,61,69,71,70,6,7,14,14,6,6,Copa del Mundo
A. Yahya,Al-Shorta SC,Irak,15,"LB, LM",Left,187,31,64,Irak,67,50,62,60,61,62,66,45,60,66,43,59,56,52,64,60,65,68,61,66,66,58,62,65,63,51,58,60,55,56,54,61,57,64,65,14,6,14,6,14,9,Copa del Mundo
M. Dlawar,Newroz SC,Irak,,RB,Right,160,25,61,Irak,64,46,57,61,60,57,64,41,48,60,43,58,47,48,57,63,63,65,62,61,72,54,51,63,56,48,55,60,54,49,48,58,65,60,61,11,12,7,8,10,6,Copa del Mundo
M. Saadoon,Zakho SC,Irak,25,RB,Right,182,25,63,Irak,68,50,60,60,59,61,63,45,57,63,46,58,59,48,61,59,67,69,66,65,65,56,68,63,57,54,65,60,54,54,50,52,59,60,59,10,9,7,8,13,12,Copa del Mundo
A. Al-Ammari,Cracovia,Irak,16,"CDM, CB",Left,184,29,65,Irak,64,57,60,58,68,69,58,51,64,63,48,57,55,54,60,58,65,64,53,62,62,68,65,74,68,62,67,71,58,59,61,63,69,65,72,9,10,13,7,6,9,Copa del Mundo
Z. Ismail,Al-Talaba SC,Irak,24,CDM,Left,185,24,62,Irak,57,51,56,57,63,68,48,46,54,57,47,57,54,51,65,57,56,57,57,66,57,60,65,69,67,53,71,69,54,57,50,57,62,64,62,13,9,10,8,15,8,Copa del Mundo
A. Razaq Qassem,Al-Mina'a SC,Irak,13,"CDM, CM",Left,176,23,61,Irak,59,51,56,56,62,61,50,46,55,60,44,56,48,50,57,57,58,59,52,61,57,59,60,61,60,57,64,64,52,60,55,60,60,64,64,6,10,8,8,10,10,Copa del Mundo
Z. Iqbal,Dundee United FC,Irak,14,CM,Right,181,23,66,Irak,61,59,65,66,58,67,63,56,61,66,55,66,66,57,68,70,59,62,66,55,60,62,58,71,66,62,68,59,64,64,57,63,57,57,56,13,7,10,14,13,8,Copa del Mundo
H. Abdulkareem,Al-Nassr FC,Irak,,CM,Left,190,22,59,Irak,61,55,59,58,51,62,56,53,56,58,45,54,56,53,63,63,59,62,55,54,55,61,57,63,65,57,56,55,52,63,55,58,48,51,46,8,13,11,7,12,10,Copa del Mundo
J. Nasrawe,SV Ried,Irak,,"CAM, CF",Left,173,19,57,Irak,56,59,57,62,30,51,57,60,41,57,53,65,58,50,55,61,58,54,61,58,58,60,42,59,48,60,50,35,55,60,56,53,33,22,19,6,11,6,8,10,9,Copa del Mundo
M. Qasim,Al-Zawraa SC,Irak,19,"CAM, CF",Left,167,29,62,Irak,63,59,64,66,34,53,58,58,46,70,56,66,61,62,62,63,65,61,71,65,71,55,49,63,46,67,58,33,63,64,57,64,36,30,31,11,14,10,8,13,14,Copa del Mundo
K. Nabeel,Al-Talaba SC,Irak,18,CAM,Right,160,28,60,Irak,61,58,62,66,32,48,56,57,40,64,54,67,61,62,57,66,63,60,66,58,68,61,44,59,44,61,46,31,61,70,53,65,34,31,27,9,11,6,12,11,13,Copa del Mundo
A. Qasem,Nashville SC,Irak,11,LW,Left,183,23,69,Irak,77,64,64,71,36,61,66,64,58,63,64,75,70,57,61,69,80,75,71,69,68,66,62,66,59,61,58,38,73,65,61,66,34,32,33,11,8,11,12,13,15,Copa del Mundo
A. Jasim,Zakho SC,Irak,17,LW,Left,178,22,62,Irak,72,61,60,68,33,54,64,60,51,58,56,72,62,58,57,66,74,71,66,61,68,59,51,61,55,64,45,34,68,61,55,57,33,28,25,10,12,10,11,15,10,Copa del Mundo
I. Bayesh,Erbil SC,Irak,8,RW,Right,177,26,65,Irak,72,64,63,67,33,58,69,66,52,65,59,72,64,63,54,61,75,70,71,63,68,61,58,67,55,63,54,35,65,62,63,68,35,27,23,13,11,8,14,6,8,Copa del Mundo
H. Abdulkareem,Al-Zawraa SC,Irak,11,"RW, ST",Left,174,27,67,Irak,73,67,65,71,38,56,69,71,61,64,63,71,69,62,64,73,76,70,70,67,70,64,62,67,53,59,50,40,76,62,65,64,37,31,31,12,9,15,13,11,13,Copa del Mundo
M. Qabeel,Erbil SC,Irak,,"RW, ST",Right,182,21,58,Irak,63,57,57,63,26,51,59,57,46,61,57,63,65,51,49,65,64,63,61,61,58,57,54,56,51,58,44,24,62,52,52,54,26,25,18,11,8,14,11,15,7,Copa del Mundo
S. Rasheed Hameed,Al-Talaba SC,Irak,,ST,Right,185,26,64,Irak,65,68,56,63,32,65,54,70,66,62,72,66,60,55,47,62,64,66,60,60,60,73,60,63,67,57,63,25,68,52,66,61,32,27,25,12,12,11,12,14,11,Copa del Mundo
A. Hussein,Pakhtakor Tashkent,Irak,18,"ST, LW",Right,189,30,63,Irak,63,65,52,63,30,62,51,66,65,58,64,64,54,52,45,65,64,63,57,63,59,67,63,58,67,61,56,27,65,47,66,66,29,21,28,10,15,7,6,15,8,Copa del Mundo
G. Donnarumma,Manchester City,Italia,1,GK,Right,196,27,82,Italia,59,38,52,46,37,62,42,31,47,53,35,31,37,39,57,51,59,59,60,79,59,66,74,56,66,31,59,46,31,61,36,62,34,33,32,87,82,76,83,83,61,Copa del Mundo
M. Carnesecchi,Atalanta de Bérgamo,Italia,12,GK,Right,191,26,80,Italia,56,36,48,48,40,64,37,25,40,51,31,37,32,39,52,51,54,58,53,79,62,65,64,58,70,34,55,45,28,55,40,63,39,37,41,86,80,76,78,85,60,Copa del Mundo
G. Vicario,Juventus de Turín,Italia,14,GK,Right,194,29,75,Italia,50,30,43,42,31,55,28,19,32,49,26,30,26,27,48,47,49,51,50,70,57,57,60,50,62,26,44,36,27,50,34,52,30,29,31,74,79,63,74,78,51,Copa del Mundo
M. Pessina,Bolonia,Italia,,GK,Right,188,18,67,Italia,44,25,34,33,24,47,18,19,24,39,17,21,21,22,37,40,43,44,37,58,47,50,57,40,52,19,40,32,18,43,22,42,20,22,25,68,68,57,67,71,47,Copa del Mundo
A. Bastoni,Inter de Milán,Italia,,"CB, RB",Left,190,27,83,Italia,79,66,72,72,86,87,68,62,84,80,59,67,70,60,81,76,80,78,67,82,72,81,84,79,93,64,84,84,59,61,64,83,86,86,87,15,7,8,10,11,10,Copa del Mundo
G. Scalvini,Atalanta de Bérgamo,Italia,19,CB,Right,194,22,80,Italia,80,59,65,70,82,85,55,52,91,73,56,64,63,62,72,76,79,80,67,73,71,73,88,79,89,62,84,80,44,58,62,75,80,83,84,15,13,6,8,11,8,Copa del Mundo
D. Coppola,Paris FC,Italia,6,CB,Right,193,22,73,Italia,65,51,63,61,79,78,58,45,79,74,48,52,48,58,61,69,62,68,56,80,62,64,78,70,83,51,78,77,51,55,57,73,78,83,77,7,8,14,12,14,10,Copa del Mundo
D. Ghilardi,AS Roma,Italia,,CB,Right,189,23,78,Italia,72,59,65,67,80,82,60,55,81,73,61,63,50,61,72,69,65,77,63,77,71,73,86,72,85,58,84,81,53,56,56,76,82,76,85,8,9,14,10,15,10,Copa del Mundo
G. Mancini,AS Roma,Italia,23,"CB, RB",Right,190,30,78,Italia,73,59,65,64,80,85,67,54,82,68,49,56,56,60,73,70,70,76,61,80,69,76,85,80,88,57,83,82,53,54,56,78,78,80,80,14,15,15,11,14,8,Copa del Mundo
E. Kouadio,AC Monza,Italia,,CB,Right,191,20,68,Italia,61,49,54,56,70,71,51,43,72,63,42,46,48,41,60,64,64,59,56,65,58,67,76,63,75,48,71,68,43,43,46,61,72,69,68,8,8,9,14,7,6,Copa del Mundo
R. Calafiori,Arsenal FC,Italia,5,LB,Left,188,24,82,Italia,90,69,78,81,79,84,77,66,74,84,63,76,80,66,80,87,89,90,82,79,76,75,85,88,83,72,79,84,66,69,64,76,74,79,86,7,15,14,12,9,6,Copa del Mundo
M. Ruggeri,Aston Villa,Italia,,"LB, LM",Left,187,24,78,Italia,85,63,74,74,77,80,81,63,74,78,57,73,64,68,69,76,84,85,73,78,76,69,72,80,82,59,75,76,62,67,70,71,77,78,80,12,7,8,14,14,9,Copa del Mundo
M. Kayode,Brentford FC,Italia,2,RB,Right,179,22,79,Italia,88,66,75,76,78,76,79,64,72,78,62,74,67,66,73,76,86,89,77,77,84,74,76,87,72,66,73,78,65,70,66,74,80,78,78,10,11,7,8,15,15,Copa del Mundo
G. Di Lorenzo,SSC Nápoles,Italia,22,RB,Right,183,33,77,Italia,79,68,71,75,76,78,77,66,73,71,65,72,69,61,75,76,78,79,80,79,76,77,75,81,78,65,77,76,69,65,58,74,75,77,83,8,11,6,14,9,9,Copa del Mundo
S. Tonali,Tottenham Hotspur,Italia,8,CDM,Right,181,26,88,Italia,81,78,86,82,89,90,80,72,87,91,71,84,85,81,86,79,76,85,79,89,81,86,85,93,87,85,94,93,77,85,81,86,87,88,92,7,14,9,15,13,9,Copa del Mundo
S. Ricci,Como 1907,Italia,,CDM,Right,181,25,79,Italia,71,72,76,74,83,82,70,69,72,84,65,69,68,69,74,78,72,71,75,78,76,79,80,85,81,75,82,87,69,75,70,83,84,84,83,15,11,15,12,12,9,Copa del Mundo
A. Romano,Cagliari,Italia,4,"CDM, CM",Left,185,20,73,Italia,69,64,70,70,73,75,65,57,71,74,65,67,58,62,77,77,70,69,67,72,61,70,73,72,75,73,77,78,58,66,64,67,70,75,68,15,12,8,6,7,15,Copa del Mundo
R. Mandragora,Torino FC,Italia,13,"CDM, CM",Left,183,29,76,Italia,72,67,72,72,79,79,64,62,74,77,63,67,67,64,73,77,71,73,74,72,64,73,75,79,81,72,75,77,67,72,65,78,79,84,73,6,15,6,8,13,10,Copa del Mundo
N. Barella,Inter de Milán,Italia,18,CM,Right,175,29,83,Italia,84,78,84,84,77,82,84,77,74,85,74,83,79,78,86,87,82,85,79,77,86,79,75,87,81,79,82,76,85,81,76,77,80,76,76,12,10,9,14,6,12,Copa del Mundo
D. Frattesi,SS Lazio,Italia,16,"CM, CDM",Right,178,27,79,Italia,77,72,79,80,68,76,77,69,71,80,75,77,74,70,80,84,79,76,86,78,74,73,71,77,76,77,78,64,78,82,66,77,68,71,67,13,6,10,14,14,12,Copa del Mundo
I. Doumbia,Sporting de Lisboa,Italia,15,"CM, CAM",Right,187,22,78,Italia,73,73,78,78,69,82,72,69,70,80,65,80,78,70,81,77,74,73,75,81,68,83,74,87,82,76,79,71,74,78,73,80,65,72,67,13,6,14,11,6,9,Copa del Mundo
N. Fagioli,Fiorentina,Italia,,CM,Right,178,25,78,Italia,79,73,82,78,70,79,74,71,69,88,72,81,74,75,78,77,77,81,71,75,76,79,70,80,82,75,71,76,72,84,70,78,67,70,64,9,12,8,7,9,15,Copa del Mundo
A. Vergara,SSC Nápoles,Italia,,"CAM, CM",Left,182,23,76,Italia,74,77,76,76,49,72,79,78,63,75,74,77,76,69,75,73,80,70,78,79,77,77,65,79,75,78,60,56,75,78,74,78,45,46,41,8,14,15,14,13,14,Copa del Mundo
D. Maldini,Cagliari,Italia,20,"CAM, CM",Right,188,24,76,Italia,73,72,76,80,50,71,68,70,66,79,76,83,78,68,76,81,71,75,76,74,75,69,64,69,76,80,63,49,76,79,69,73,48,48,48,12,12,10,9,14,12,Copa del Mundo
N. Cambiaghi,Bolonia,Italia,21,"LW, LM",Left,176,25,76,Italia,82,74,76,76,44,66,75,70,65,79,66,75,74,71,69,77,85,80,77,70,82,78,66,78,63,78,61,45,77,80,80,73,46,38,37,9,15,6,8,10,11,Copa del Mundo
G. Raspadori,Atalanta de Bérgamo,Italia,10,CAM,Right,172,26,77,Italia,76,74,79,81,47,66,77,73,54,81,73,79,81,75,75,86,80,73,79,73,81,73,61,72,64,76,67,50,80,81,73,80,46,45,45,7,12,6,6,15,7,Copa del Mundo
S. Inácio,Borussia Dortmund,Italia,,CAM,Right,176,18,73,Italia,78,70,75,77,48,63,71,70,60,82,67,76,80,73,69,77,79,77,82,71,79,67,59,73,62,74,56,54,72,72,75,70,47,43,39,12,12,9,10,13,10,Copa del Mundo
M. Alì Zoma,1. FC Núremberg​,Italia,17,"CAM, CF",Right,174,22,77,Italia,78,77,79,81,48,68,73,79,58,83,72,79,75,75,76,85,77,78,79,74,83,74,62,76,64,77,68,55,81,80,71,77,48,41,42,13,13,8,9,13,13,Copa del Mundo
S. Esposito,US Sassuolo,Italia,,"CAM, CF",Right,183,24,75,Italia,76,76,77,79,48,68,75,75,63,77,65,77,79,74,75,82,76,76,79,82,80,77,68,72,69,80,59,51,75,79,77,69,47,46,41,11,13,8,6,12,13,Copa del Mundo
P. Esposito,Inter de Milán,Italia,7,"ST, CF",Right,191,21,81,Italia,84,83,70,76,48,82,70,89,92,76,82,73,75,71,64,77,83,84,81,76,72,80,81,71,91,74,75,44,81,62,83,78,44,43,38,7,8,8,7,9,7,Copa del Mundo
M. Kean,Como 1907,Italia,9,"ST, LW",Right,183,26,78,Italia,80,79,68,75,43,76,69,82,77,70,74,74,71,65,61,75,79,80,76,80,70,75,68,74,80,77,73,42,83,69,76,79,40,37,38,7,10,10,13,10,11,Copa del Mundo
G. Scamacca,Atalanta de Bérgamo,Italia,11,ST,Right,195,27,79,Italia,82,82,68,77,44,81,70,85,83,69,78,78,70,62,60,78,80,84,76,79,71,81,83,75,85,77,78,44,84,69,78,77,40,37,38,7,14,13,15,7,13,Copa del Mundo
M. Hermansen,West Ham United,Dinamarca,16,GK,Right,187,26,77,Dinamarca,53,33,46,44,36,57,32,25,33,51,24,33,28,35,50,46,51,54,52,72,58,54,64,51,63,33,50,44,25,53,39,53,31,36,35,83,73,73,77,75,57,Copa del Mundo
F. Jørgensen,Racing Club de Estrasburgo,Dinamarca,22,GK,Right,192,24,75,Dinamarca,50,30,44,40,31,54,30,25,29,48,26,26,26,37,51,42,49,51,54,71,56,50,65,49,59,27,43,33,20,54,26,59,32,28,31,77,77,70,74,80,53,Copa del Mundo
A. Jungdal,KVC Westerlo,Dinamarca,1,GK,Right,195,24,72,Dinamarca,46,32,40,40,31,55,27,29,35,48,20,28,23,29,44,42,44,48,52,67,47,53,63,48,61,26,45,41,21,44,32,56,27,27,29,70,68,65,72,78,47,Copa del Mundo
J. Andersen,Fulham FC,Dinamarca,2,CB,Right,192,30,82,Dinamarca,79,62,69,71,83,87,67,55,84,74,60,69,62,70,70,71,83,76,64,78,75,81,91,76,94,62,80,81,57,62,57,82,81,84,85,6,13,13,12,12,11,Copa del Mundo
O. Provstgaard,SS Lazio,Dinamarca,3,"CB, RB",Left,194,23,78,Dinamarca,70,58,66,66,78,82,66,52,88,77,52,64,60,54,67,66,67,72,66,74,66,73,79,79,86,56,78,75,54,52,61,74,80,77,76,12,9,11,11,10,15,Copa del Mundo
L. Høgsberg,Racing Club de Estrasburgo,Dinamarca,4,"CB, CDM",Right,187,20,73,Dinamarca,75,56,60,64,74,76,58,48,76,70,50,62,56,50,58,66,70,79,62,65,63,76,80,74,76,59,75,77,47,50,52,72,76,70,75,7,8,6,8,8,13,Copa del Mundo
V. Nelsson,FC Nordsjælland,Dinamarca,6,CB,Right,185,27,72,Dinamarca,67,55,62,61,75,77,55,49,76,72,42,57,47,55,67,63,66,68,56,72,66,70,73,73,80,56,75,78,52,54,54,69,72,78,70,15,9,14,13,14,7,Copa del Mundo
J. Maehle,VfL Wolfsburgo,Dinamarca,5,"LB, LM",Left,185,29,72,Dinamarca,77,56,65,68,70,74,67,51,72,72,54,68,64,55,63,67,79,76,71,73,68,67,70,78,74,57,72,67,57,57,56,65,69,71,73,6,12,12,7,9,6,Copa del Mundo
R. Nissen Kristensen,FC Midtjylland,Dinamarca,13,RB,Right,187,29,74,Dinamarca,75,60,69,70,71,71,74,60,68,73,56,70,67,61,63,68,77,74,74,71,76,63,71,72,70,58,73,75,66,62,58,73,69,70,74,8,9,12,10,9,10,Copa del Mundo
A. Gaaei,Ajax de Ámsterdam,Dinamarca,18,"RB, RM",Right,183,23,72,Dinamarca,78,58,65,71,71,73,71,56,67,69,54,69,66,58,63,73,75,80,73,71,70,65,72,74,73,56,70,72,63,56,54,66,74,68,69,15,6,10,12,13,14,Copa del Mundo
M. Hjulmand,Atlético de Madrid,Dinamarca,21,CDM,Right,185,27,82,Dinamarca,79,71,78,78,83,85,68,68,77,85,62,77,70,72,79,81,76,81,73,81,72,76,82,87,84,74,84,91,71,78,71,81,84,80,83,10,10,14,10,9,12,Copa del Mundo
P. Højbjerg,Olympique de Marsella,Dinamarca,23,CDM,Right,185,31,79,Dinamarca,67,68,77,75,82,88,69,63,83,82,63,70,75,68,86,81,67,67,73,81,73,78,77,86,91,73,84,79,69,72,67,80,83,83,78,9,10,7,10,7,7,Copa del Mundo
V. Froholdt,FC Oporto,Dinamarca,7,"CM, CDM",Right,187,20,81,Dinamarca,79,77,83,78,75,81,77,73,73,85,70,77,74,77,86,80,81,77,74,78,72,82,76,81,84,82,75,79,78,86,76,83,74,78,67,7,8,13,13,8,11,Copa del Mundo
M. Bidstrup,Olympique de Lyon,Dinamarca,12,CM,Right,175,25,79,Dinamarca,75,71,78,79,72,72,79,67,70,77,73,78,75,74,82,81,80,71,77,74,77,78,71,78,68,74,75,73,72,79,73,85,70,76,67,14,7,11,6,7,12,Copa del Mundo
T. Jørgensen,Toulouse FC,Dinamarca,10,"CM, CDM",Left,184,21,70,Dinamarca,69,63,68,73,64,65,59,59,61,73,59,71,68,59,72,76,67,71,75,72,63,67,69,73,63,66,59,66,66,69,63,72,63,65,64,9,8,14,13,10,9,Copa del Mundo
M. Daramy,Stade de Reims,Dinamarca,20,LW,Left,180,24,69,Dinamarca,73,65,67,71,40,60,70,64,58,68,63,76,65,63,61,64,74,72,71,73,74,69,58,62,61,64,54,40,64,67,60,67,37,37,36,8,11,8,7,14,14,Copa del Mundo
G. Isaksen,SS Lazio,Dinamarca,8,RW,Left,181,25,78,Dinamarca,81,75,77,80,49,71,84,74,65,73,74,84,82,76,70,74,84,79,84,77,84,82,70,74,74,70,62,49,77,80,73,75,52,43,40,6,6,15,8,8,9,Copa del Mundo
A. Daghim,TSG 1899 Hoffenheim,Dinamarca,17,"RW, RM",Left,189,21,73,Dinamarca,80,71,71,77,42,70,76,72,70,71,70,79,67,63,66,76,82,78,80,78,69,70,66,72,73,70,61,47,75,75,73,69,40,35,35,7,15,8,9,13,8,Copa del Mundo
A. Skov Olsen,Basaksehir FK,Dinamarca,11,"RW, ST",Left,187,26,70,Dinamarca,80,69,69,73,38,63,71,71,57,70,70,79,68,61,62,68,81,80,74,67,67,64,59,73,64,67,51,43,74,71,67,67,34,33,39,14,6,14,6,9,9,Copa del Mundo
R. Højlund,SSC Nápoles,Dinamarca,9,"ST, CF",Left,191,23,80,Dinamarca,83,82,68,82,46,79,62,83,86,74,83,80,72,70,60,86,81,84,78,84,74,82,84,77,81,78,74,41,92,66,84,80,42,43,42,9,13,6,15,6,7,Copa del Mundo
K. Høgh,Celtic FC,Dinamarca,19,"ST, CF",Right,186,25,77,Dinamarca,76,80,69,76,44,71,68,83,75,74,78,77,67,66,56,77,72,79,67,79,69,77,80,63,76,77,66,43,81,71,83,80,39,40,37,7,9,10,15,9,12,Copa del Mundo
M. Kvistgaarden,Norwich City,Dinamarca,15,"ST, LW",Right,174,24,72,Dinamarca,74,74,65,73,40,71,59,76,69,70,80,73,61,64,59,71,73,74,76,73,73,72,69,68,73,70,69,33,79,68,76,73,37,38,38,10,11,10,13,9,9,Copa del Mundo
K. Tzolakis,Hull City,Grecia,12,GK,Both,193,23,77,Grecia,52,37,46,41,37,62,36,28,44,53,27,25,33,32,46,46,48,55,54,74,57,62,62,54,71,37,49,45,28,52,45,57,32,37,31,80,78,68,74,77,57,Copa del Mundo
C. Mandas,SS Lazio,Grecia,13,GK,Right,189,25,74,Grecia,54,30,46,43,30,57,32,24,33,51,29,29,29,28,49,50,53,55,49,73,54,50,58,46,67,25,47,36,27,60,33,59,30,26,28,76,73,66,77,79,52,Copa del Mundo
O. Vlachodimos,Sevilla FC,Grecia,1,GK,Right,191,32,72,Grecia,45,29,42,38,30,57,24,21,35,50,16,26,26,33,43,40,44,46,51,68,53,51,59,50,64,28,48,31,23,49,33,58,34,27,23,75,70,65,73,75,46,Copa del Mundo
K. Koulierakis,AS Roma,Grecia,,CB,Left,188,22,78,Grecia,73,57,69,67,82,81,66,50,82,78,57,62,59,56,72,71,74,73,67,73,68,75,76,77,81,55,85,78,50,60,56,75,83,86,79,9,11,8,12,15,14,Copa del Mundo
K. Mavropanos,West Ham United,Grecia,4,CB,Right,194,28,79,Grecia,74,57,66,69,84,84,61,48,90,73,48,66,60,65,69,72,74,74,65,76,69,74,90,73,89,61,85,80,58,57,59,73,85,82,84,11,15,10,8,13,12,Copa del Mundo
P. Retsos,Olympiacos El Pireo,Grecia,5,"CB, RB",Right,186,28,74,Grecia,66,52,62,63,76,79,55,47,75,69,49,59,54,60,63,62,63,68,67,73,63,67,82,70,83,52,79,78,48,59,52,76,76,77,75,15,13,15,13,9,10,Copa del Mundo
A. Ntoi,Rio Ave FC,Grecia,3,"CB, CDM",Right,190,23,71,Grecia,68,51,60,60,75,77,59,48,74,67,44,57,49,48,60,63,69,68,57,66,58,64,73,65,85,48,73,76,47,54,50,70,77,74,74,14,8,7,9,13,11,Copa del Mundo
G. Michailidis,PAOK de Salónica FC,Grecia,18,"CB, RB",Left,188,26,74,Grecia,70,57,62,64,76,75,56,53,78,72,49,62,59,46,61,63,67,72,62,75,65,73,79,69,77,54,78,72,54,55,55,77,79,75,78,8,6,9,14,8,8,Copa del Mundo
K. Tsimikas,Liverpool FC,Grecia,21,"LB, RB",Left,179,30,74,Grecia,79,64,73,71,74,72,75,62,72,80,56,69,65,57,75,69,76,81,76,78,76,72,71,76,71,64,70,75,68,65,56,70,70,77,73,6,14,7,8,12,15,Copa del Mundo
G. Kyriakopoulos,Panathinaikos,Grecia,22,LB,Left,186,30,70,Grecia,74,57,65,70,67,69,68,55,63,70,55,68,62,49,65,71,75,74,77,69,67,64,66,77,68,54,62,66,58,60,52,63,68,68,70,11,11,10,6,13,15,Copa del Mundo
G. Vagiannidis,Sporting de Lisboa,Grecia,2,"RB, RM",Right,182,25,71,Grecia,77,55,65,66,69,70,74,55,69,63,54,65,66,55,65,65,78,76,70,66,73,59,72,73,69,54,66,68,57,63,49,72,72,65,74,10,8,14,7,15,14,Copa del Mundo
T. Tsapras,Panathinaikos,Grecia,,"RB, RM",Right,186,24,70,Grecia,79,53,66,66,67,73,70,51,61,67,53,62,61,50,70,68,80,78,65,69,73,57,72,75,74,55,69,67,51,63,56,66,68,68,69,12,12,7,15,11,15,Copa del Mundo
M. Saliakas,Olympiacos El Pireo,Grecia,17,"RB, LB",Right,177,30,70,Grecia,70,54,63,66,67,67,61,48,61,70,56,62,61,55,63,68,71,70,72,68,69,62,64,74,61,55,72,66,57,57,58,65,68,65,75,12,15,7,12,9,12,Copa del Mundo
D. Kourbelis,Asteras Aktor,Grecia,6,CDM,Right,181,32,68,Grecia,59,61,66,64,70,70,54,57,62,75,53,61,53,57,68,67,63,55,61,69,58,66,68,72,69,66,69,75,60,65,64,71,64,75,71,13,12,14,7,15,11,Copa del Mundo
C. Mouzakitis,Hull City,Grecia,23,CM,Left,180,19,74,Grecia,73,68,76,73,65,74,73,62,64,79,66,71,71,67,81,77,71,74,72,75,74,76,67,80,72,76,72,69,72,71,64,68,67,61,61,10,10,14,10,6,11,Copa del Mundo
C. Zafeiris,PAOK de Salónica FC,Grecia,20,CM,Right,173,23,75,Grecia,70,72,75,74,69,70,71,71,63,77,62,73,72,69,79,72,67,72,81,71,81,74,70,78,66,74,71,69,71,77,67,72,67,75,61,14,15,9,7,14,7,Copa del Mundo
N. Triantis,Minnesota United FC,Grecia,,"CM, CDM",Right,191,23,69,Grecia,61,64,70,69,60,70,68,62,61,70,62,71,67,62,71,69,60,62,66,70,64,69,61,73,71,60,67,60,70,73,71,68,63,57,57,7,11,15,11,10,13,Copa del Mundo
A. Androutsos,OFI Creta,Grecia,15,"CM, CDM",Right,182,29,67,Grecia,66,61,66,67,60,65,61,58,60,65,51,64,66,66,70,71,69,64,69,62,60,66,65,72,64,63,61,63,67,69,56,69,63,56,57,11,15,15,15,14,13,Copa del Mundo
K. Karetsas,Borussia Dortmund,Grecia,19,CAM,Left,173,18,75,Grecia,81,75,76,79,46,67,73,75,61,76,66,78,78,74,74,82,78,83,80,71,76,78,63,74,65,77,63,45,77,78,69,76,43,45,41,6,11,15,11,8,12,Copa del Mundo
D. Pelkas,PAOK de Salónica FC,Grecia,,"CAM, CF",Right,177,32,70,Grecia,63,69,70,72,40,62,65,68,58,74,65,71,72,66,63,72,64,63,76,74,73,69,59,69,62,73,56,45,74,72,70,72,33,37,40,10,14,14,13,8,10,Copa del Mundo
C. Tzolis,Arsenal FC,Grecia,10,"LW, LM",Left,179,24,82,Grecia,90,80,80,85,53,75,82,80,72,81,81,85,78,79,77,86,90,90,85,83,88,80,74,83,76,78,64,55,85,80,79,82,51,49,49,12,8,10,11,11,9,Copa del Mundo
A. Kyziridis,Corum FK,Grecia,,LW,Both,179,26,72,Grecia,80,72,71,75,46,65,74,75,63,77,77,74,73,62,58,75,79,81,80,74,73,71,64,71,67,68,55,46,69,69,68,71,47,42,38,10,12,7,7,9,11,Copa del Mundo
G. Masouras,NEOM SC,Grecia,7,LW,Left,184,32,71,Grecia,74,65,70,72,42,66,76,64,59,70,64,75,71,67,64,70,71,76,73,73,71,69,71,73,64,64,61,42,70,67,60,68,45,35,35,6,8,6,7,11,11,Copa del Mundo
V. Pavlidis,SL Benfica,Grecia,14,ST,Right,186,27,81,Grecia,83,82,70,81,48,81,66,83,81,74,78,80,71,69,63,84,81,85,78,85,77,81,81,78,84,80,78,42,86,72,80,80,47,44,42,12,15,10,8,11,11,Copa del Mundo
A. Douvikas,Como 1907,Grecia,9,"ST, CF",Right,186,27,79,Grecia,79,80,71,74,45,77,67,83,83,76,76,71,75,67,67,80,78,80,70,76,71,83,83,76,77,73,76,44,83,67,79,75,44,38,37,13,15,8,13,12,13,Copa del Mundo
C. Kostoulas,Brighton & Hove Albion,Grecia,11,"ST, CF",Right,185,19,76,Grecia,80,77,67,74,44,75,63,78,81,72,74,73,70,63,61,77,80,80,71,73,74,83,77,73,77,69,70,41,79,66,75,75,42,36,38,14,15,13,6,10,7,Copa del Mundo
F. Ioannidis,Sporting de Lisboa,Grecia,8,"ST, LW",Both,187,26,77,Grecia,81,80,68,77,44,80,61,83,79,71,75,77,71,69,62,78,77,84,77,81,75,80,80,76,84,73,73,42,82,72,76,77,41,39,41,7,15,6,12,10,6,Copa del Mundo
A. Tetteh,Panathinaikos,Grecia,16,ST,Right,188,25,71,Grecia,69,74,61,70,38,72,60,82,73,65,72,68,69,58,50,72,70,68,68,75,63,71,71,67,78,63,64,40,72,61,68,72,35,28,34,13,6,13,9,9,14,Copa del Mundo
M. Okoye,Udinese,Nigeria,,GK,Right,198,27,77,Nigeria,53,34,46,44,34,59,31,27,33,53,25,34,38,27,48,44,60,47,50,82,57,56,61,54,67,34,46,42,23,54,37,58,30,34,32,76,77,69,77,76,59,Copa del Mundo
A. Okonkwo,Charlton Athletic,Nigeria,,GK,Right,198,25,71,Nigeria,47,29,40,38,27,55,28,23,29,48,27,26,29,25,40,42,49,45,43,68,51,46,62,46,64,30,40,31,20,45,29,48,28,23,25,70,68,66,73,72,46,Copa del Mundo
S. Nwabali,Chippa United,Nigeria,,GK,Right,194,30,66,Nigeria,37,24,34,35,26,48,19,17,26,41,11,26,23,23,36,38,40,35,39,64,44,46,52,40,54,23,44,32,20,42,25,48,26,23,21,68,66,58,60,67,47,Copa del Mundo
C. Bassey,Fulham FC,Nigeria,,CB,Left,185,26,79,Nigeria,73,59,67,66,83,81,65,56,83,72,50,58,63,63,77,71,71,74,66,78,73,69,80,73,84,59,82,83,56,57,60,83,80,87,79,15,14,9,14,9,9,Copa del Mundo
C. Nwaiwu,Trabzonspor,Nigeria,,CB,Right,193,23,77,Nigeria,69,55,64,66,81,84,60,47,85,70,53,61,60,53,71,68,68,69,63,81,66,72,87,72,91,58,80,82,56,57,57,73,82,81,76,10,6,8,7,9,8,Copa del Mundo
E. Fernandez,Rangers FC,Nigeria,,CB,Right,198,24,77,Nigeria,75,57,62,68,82,80,57,51,89,66,47,65,55,56,75,73,72,77,60,75,62,70,84,70,84,63,81,78,47,56,62,75,83,82,80,10,14,11,6,12,13,Copa del Mundo
S. Ajayi,Hull City,Nigeria,,CB,Right,193,32,69,Nigeria,59,48,58,55,74,73,54,43,73,66,50,54,51,48,57,54,63,56,53,65,61,64,75,66,78,45,68,73,46,55,48,66,72,77,73,11,8,6,7,12,12,Copa del Mundo
B. Onyemaechi,Olympiacos El Pireo,Nigeria,,"LB, LM",Left,184,27,68,Nigeria,71,56,65,65,68,68,71,52,61,68,49,69,58,54,66,62,70,72,65,62,67,62,58,70,66,58,72,72,60,58,57,61,68,68,67,14,7,13,9,13,13,Copa del Mundo
I. James,FC Alverca,Nigeria,,"LB, RB",Left,175,22,65,Nigeria,70,51,62,63,65,66,65,48,58,62,50,62,54,52,66,63,66,74,66,64,67,60,63,74,63,51,65,64,51,59,47,58,69,64,62,12,15,9,10,8,11,Copa del Mundo
O. Aina,Nottingham Forest,Nigeria,,RB,Right,184,29,79,Nigeria,82,63,72,80,78,77,80,57,74,74,61,81,70,69,74,80,83,81,75,80,76,75,77,82,75,66,74,77,67,61,61,82,75,84,76,13,7,13,7,15,9,Copa del Mundo
B. Osayi-Samuel,Birmingham City,Nigeria,,"RB, RM",Right,175,28,71,Nigeria,79,57,67,67,68,71,75,55,63,68,49,64,59,55,70,69,81,77,74,67,73,62,71,76,68,56,70,67,62,62,53,63,66,70,73,15,8,15,7,9,11,Copa del Mundo
A. Iwobi,Fulham FC,Nigeria,,"CDM, CM",Right,183,30,82,Nigeria,75,73,79,77,83,84,72,69,80,85,64,75,71,70,79,77,76,74,83,83,76,82,81,80,86,73,86,87,78,78,71,83,84,81,80,7,11,7,12,7,7,Copa del Mundo
R. Onyedika,Eintracht Fráncfort​​,Nigeria,,"CDM, CM",Right,184,25,78,Nigeria,69,66,76,75,82,80,73,58,72,80,68,74,73,70,74,77,70,69,67,78,69,74,80,80,80,73,80,85,71,76,68,83,78,88,77,13,10,11,7,9,11,Copa del Mundo
W. Ndidi,Besiktas JK,Nigeria,,CDM,Right,181,29,76,Nigeria,71,67,74,71,75,76,70,64,76,75,62,69,70,66,80,72,69,72,70,73,69,71,76,80,75,70,76,76,67,77,64,76,73,79,69,11,8,12,13,14,14,Copa del Mundo
F. Onyeka,Coventry City,Nigeria,,CM,Right,183,28,74,Nigeria,71,66,74,72,66,68,74,61,68,74,58,70,68,70,73,75,73,69,74,73,72,74,65,69,66,72,72,68,68,76,66,69,68,66,59,8,10,15,14,7,7,Copa del Mundo
A. Lookman,Atlético de Madrid,Nigeria,,"LW, LM",Left,174,28,80,Nigeria,83,77,79,82,48,71,80,79,69,76,77,82,76,77,78,81,84,82,83,86,78,77,71,79,69,73,64,44,80,83,75,81,47,46,40,14,12,8,7,11,11,Copa del Mundo
M. Simon,Paris FC,Nigeria,,"LW, LM",Left,168,31,76,Nigeria,82,73,75,80,46,66,72,70,62,79,71,79,75,77,68,81,80,84,83,79,86,80,60,78,64,75,60,49,72,75,74,74,44,44,39,10,15,10,8,14,11,Copa del Mundo
S. Chukwueze,AC Milan,Nigeria,,RW,Left,172,27,78,Nigeria,85,76,75,81,47,67,75,74,65,78,76,84,80,70,67,78,82,88,82,71,81,77,65,74,66,80,61,49,82,75,78,81,41,48,42,6,9,12,9,10,7,Copa del Mundo
T. Arokodare,Ajax de Ámsterdam,Nigeria,,ST,Right,197,25,78,Nigeria,80,80,69,77,44,82,70,83,79,73,80,78,71,71,60,79,78,82,70,79,71,77,84,71,91,79,73,36,83,68,74,80,42,41,38,10,9,11,13,10,11,Copa del Mundo
A. Adams,Venezia FC,Nigeria,,"ST, CF",Right,190,26,75,Nigeria,76,75,66,73,46,77,60,75,75,72,75,73,69,69,62,74,75,76,70,73,68,79,75,73,82,69,71,41,86,64,76,79,42,46,34,6,14,12,6,12,12,Copa del Mundo
G. Ilenikhena,Al-Ittihad Club,Nigeria,,"ST, CF",Left,185,20,70,Nigeria,75,71,61,67,38,67,60,69,77,66,72,67,64,60,53,67,75,75,68,64,63,76,70,67,70,68,61,32,78,60,72,71,36,32,30,14,12,15,11,9,15,Copa del Mundo
T. Awoniyi,Coventry City,Nigeria,,"ST, LW",Right,183,29,74,Nigeria,77,75,64,72,39,74,64,75,71,69,79,71,65,63,56,72,74,80,70,74,69,74,75,71,77,73,70,35,81,60,73,79,35,34,39,12,12,15,6,11,8,Copa del Mundo
M. Usor,LASK,Nigeria,,ST,Left,181,24,76,Nigeria,73,79,68,75,39,74,66,82,75,71,74,73,69,67,60,78,70,76,77,78,69,74,76,74,75,78,71,35,85,69,72,74,37,35,32,6,9,15,7,10,7,Copa del Mundo
D. Petrović,AFC Bournemouth,Serbia,1,GK,Right,194,26,82,Serbia,55,40,53,52,39,65,36,34,37,63,29,40,38,36,58,55,57,54,60,81,64,65,69,58,72,34,54,51,29,56,42,66,31,38,41,82,81,76,80,84,59,Copa del Mundo
V. Milinković-Savić,SSC Nápoles,Serbia,23,GK,Right,202,29,79,Serbia,56,34,51,45,39,64,38,27,42,59,28,35,41,30,51,46,54,57,55,70,61,54,70,60,69,33,54,46,27,58,35,56,35,40,35,80,77,71,83,84,64,Copa del Mundo
F. Stanković,Venezia FC,Serbia,12,GK,Right,187,24,73,Serbia,44,30,40,39,29,58,19,22,34,51,24,23,26,29,49,47,46,43,43,69,52,51,62,51,66,28,48,39,24,43,33,53,25,24,28,75,74,72,72,76,51,Copa del Mundo
D. Rosic,FK Vojvodina Novi Sad,Serbia,12,GK,Left,194,30,73,Serbia,47,28,39,39,29,55,24,18,32,45,22,28,29,27,45,41,50,44,52,67,52,53,58,51,62,26,44,37,24,45,33,54,27,27,25,75,77,68,77,74,53,Copa del Mundo
S. Pavlović,AC Milan,Serbia,3,"CB, RB",Left,194,25,81,Serbia,75,61,69,70,84,83,68,53,85,78,56,68,58,63,73,69,71,79,69,82,68,74,88,75,88,66,81,85,56,54,63,79,84,83,89,6,7,10,15,12,6,Copa del Mundo
N. Simic,Partizán de Belgrado,Serbia,13,"CB, CDM",Right,192,19,67,Serbia,66,50,54,51,71,73,51,49,66,60,38,44,49,44,63,56,64,67,53,60,55,59,74,67,76,49,74,71,42,45,47,62,73,72,71,15,10,13,7,11,15,Copa del Mundo
S. Erakovic,Samsunspor,Serbia,16,"CB, CDM",Right,186,25,74,Serbia,66,52,62,65,78,78,63,45,79,67,48,59,48,51,64,70,65,67,62,72,68,68,81,71,77,54,87,77,49,55,46,73,73,82,79,13,8,9,8,7,10,Copa del Mundo
S. Babic,FC Spartak de Moscú,Serbia,15,"CB, RB",Left,194,30,72,Serbia,67,55,60,61,78,79,52,52,74,70,46,59,54,49,65,59,64,69,61,72,60,68,69,74,82,53,82,77,51,50,50,73,77,81,76,7,13,15,15,15,8,Copa del Mundo
S. Gudelj,Estrella Roja de Belgrado,Serbia,,CB,Right,194,20,64,Serbia,62,45,54,52,68,68,52,41,70,64,42,47,47,45,54,57,59,65,51,60,53,60,71,61,73,44,66,66,38,41,40,56,65,71,65,11,14,14,15,11,7,Copa del Mundo
A. Terzić,Frosinone Calcio,Serbia,17,"LB, RB",Left,184,27,68,Serbia,71,55,62,64,67,68,64,53,65,65,47,62,60,58,62,64,69,72,67,68,67,63,66,70,69,54,64,67,50,58,52,60,68,67,68,10,8,13,6,8,11,Copa del Mundo
F. Kostic,PSV Eindhoven,Serbia,11,"LB, RB",Left,184,33,73,Serbia,77,59,69,69,70,70,75,58,68,70,55,68,66,57,72,66,75,79,80,69,72,63,71,71,68,60,75,72,61,62,58,73,71,66,75,9,7,13,13,6,12,Copa del Mundo
K. Nedeljkovic,Rangers FC,Serbia,2,"RB, RM",Right,184,20,67,Serbia,73,52,62,63,67,68,65,47,58,68,49,63,55,45,61,62,72,74,70,58,69,60,66,68,71,55,60,70,55,54,51,64,70,65,70,9,13,8,7,9,13,Copa del Mundo
O. Mimović,Fenerbahce,Serbia,4,RB,Right,179,22,66,Serbia,72,54,59,65,63,64,63,52,53,59,44,63,59,54,63,65,74,71,68,65,70,61,59,78,59,53,62,65,54,54,51,63,65,64,61,11,15,8,10,8,6,Copa del Mundo
A. Stanković,Inter de Milán,Serbia,7,"CDM, CB",Right,185,21,76,Serbia,73,69,73,71,80,83,67,65,77,77,61,66,67,65,76,76,72,73,68,77,72,79,74,86,85,72,75,79,65,71,70,81,80,81,77,7,7,9,8,15,10,Copa del Mundo
V. Dragojevic,Rangers FC,Serbia,4,"CDM, CB",Right,184,20,70,Serbia,62,58,67,65,73,71,62,55,68,72,56,62,59,59,66,68,63,61,62,67,69,67,68,73,67,59,78,71,59,70,55,70,77,72,69,10,8,12,6,14,7,Copa del Mundo
N. Gudelj,Getafe CF,Serbia,6,CDM,Right,187,34,73,Serbia,59,63,73,68,78,76,68,60,74,77,51,70,62,64,78,66,59,59,65,74,68,68,69,77,75,69,78,77,63,72,63,75,76,82,76,8,8,7,7,15,6,Copa del Mundo
S. Dzodic,UD Almería,Serbia,19,"CM, CAM",Right,190,21,73,Serbia,74,66,75,74,66,74,74,59,72,79,65,78,71,70,74,70,71,77,71,75,65,75,66,75,76,71,69,66,72,70,65,75,65,63,70,11,11,13,9,12,14,Copa del Mundo
S. Milinković-Savić,Al-Hilal SFC,Serbia,20,CM,Right,192,31,79,Serbia,75,75,79,80,71,84,73,73,77,82,69,79,79,77,81,81,74,75,76,83,73,75,73,79,87,79,83,72,80,79,73,84,73,66,73,11,7,12,14,6,8,Copa del Mundo
S. Lukić,Ipswich Town,Serbia,22,CM,Right,182,30,76,Serbia,73,72,75,76,70,71,71,69,68,77,66,76,72,66,78,77,75,72,74,81,76,76,66,80,67,76,71,70,74,74,74,78,72,70,71,11,11,14,13,11,8,Copa del Mundo
N. Maksimovic,Shabab Al-Ahli Club,Serbia,5,CM,Right,189,31,73,Serbia,68,67,73,73,65,71,69,66,71,73,68,74,69,64,73,72,69,67,68,76,68,70,69,73,71,68,67,67,67,79,68,79,63,63,64,11,14,11,13,7,6,Copa del Mundo
V. Kostov,Estrella Roja de Belgrado,Serbia,20,CAM,Right,176,18,72,Serbia,76,72,74,73,46,62,67,70,57,79,66,73,79,65,69,74,82,71,74,70,70,76,62,69,59,75,62,48,74,75,67,67,46,43,42,8,12,10,13,10,9,Copa del Mundo
L. Samardžić,Atalanta de Bérgamo,Serbia,21,CAM,Left,184,24,76,Serbia,74,76,76,82,50,68,75,77,62,76,69,85,77,76,73,81,77,72,81,77,77,75,66,71,69,77,61,57,80,80,73,77,47,47,40,15,15,13,6,6,15,Copa del Mundo
D. Tadic,NEC Nijmegen,Serbia,10,CAM,Left,181,37,72,Serbia,64,71,74,75,45,64,72,70,56,75,65,73,74,70,64,77,64,64,72,76,77,71,61,72,60,73,64,45,72,82,74,75,48,40,37,14,14,14,13,9,15,Copa del Mundo
V. Lucic,Estrella Roja de Belgrado,Serbia,,"LW, LM",Left,185,24,69,Serbia,78,70,65,72,40,62,69,71,62,63,67,75,73,60,63,68,79,78,76,67,70,70,64,69,60,69,56,42,70,66,67,69,38,36,37,8,13,14,12,8,12,Copa del Mundo
P. Sukacev,FK Vojvodina Novi Sad,Serbia,2,LW,Left,180,21,62,Serbia,66,63,60,63,32,55,60,67,52,59,57,62,57,59,59,64,58,73,65,64,66,63,55,59,56,57,47,35,60,63,58,56,29,27,25,15,7,11,6,13,9,Copa del Mundo
A. Zivkovic,PAOK de Salónica FC,Serbia,14,"RW, RM",Left,169,30,77,Serbia,86,78,75,80,49,67,78,81,63,75,73,81,78,68,71,78,88,84,85,76,85,77,60,75,64,75,64,46,78,75,72,73,49,47,44,11,15,14,10,10,7,Copa del Mundo
M. Cvetkovic,RSC Anderlecht,Serbia,18,"ST, LW",Right,178,19,71,Serbia,73,76,63,71,39,70,66,79,73,65,75,70,62,62,56,73,75,72,70,63,67,76,71,66,74,68,63,35,76,60,75,71,37,34,33,8,15,13,11,12,6,Copa del Mundo
L. Jović,AEK Atenas FC,Serbia,8,ST,Right,182,28,73,Serbia,76,77,65,71,39,72,61,80,72,72,76,70,66,66,59,71,74,78,69,72,68,75,73,63,78,70,67,37,81,62,80,77,36,33,39,9,6,6,11,12,10,Copa del Mundo
D. Joveljić,Seattle Sounders FC,Serbia,9,"ST, CF",Right,183,27,72,Serbia,76,76,60,71,39,75,58,78,72,64,73,67,65,60,55,73,70,81,72,76,70,78,72,77,77,71,67,37,72,56,71,74,38,32,34,14,14,14,6,8,13,Copa del Mundo
G. Mamardashvili,Liverpool FC,Georgia,1,GK,Left,197,26,79,Georgia,56,38,48,46,40,61,27,31,37,56,26,33,33,41,54,49,57,56,56,76,59,59,72,57,64,38,54,44,28,54,40,59,40,38,36,79,78,71,78,78,56,Copa del Mundo
D. Kereselidze,FC Dila Gori,Georgia,12,GK,Right,191,27,66,Georgia,40,24,34,36,23,49,20,15,27,39,17,25,26,16,34,39,41,40,42,63,45,51,57,39,56,23,44,28,15,45,19,48,21,19,23,65,65,60,69,63,47,Copa del Mundo
L. Gugeshashvili,Göztepe,Georgia,23,GK,Left,196,27,63,Georgia,42,20,30,29,22,45,15,10,26,33,15,18,19,24,37,31,44,40,40,55,45,45,57,33,52,21,38,35,10,41,20,37,15,18,20,65,64,56,63,65,38,Copa del Mundo
L. Lochoshvili,FC Colonia,Georgia,4,CB,Left,192,28,71,Georgia,69,53,60,61,74,75,53,49,75,66,50,59,52,45,70,62,67,70,57,71,60,65,80,73,77,54,71,70,49,53,50,71,72,78,73,7,11,11,8,12,14,Copa del Mundo
S. Goglichidze,AC Monza,Georgia,5,CB,Right,192,22,69,Georgia,65,52,57,57,69,70,50,51,76,66,42,52,46,52,59,59,63,66,56,67,56,62,73,64,72,50,74,69,46,50,45,72,70,65,69,12,13,8,9,8,9,Copa del Mundo
L. Dvali,CSKA 1948,Georgia,3,"CB, CDM",Left,191,31,69,Georgia,62,49,55,58,73,71,52,42,75,64,47,55,53,51,55,57,60,64,57,68,57,65,70,68,74,51,69,78,46,46,48,74,69,73,71,6,11,14,13,14,6,Copa del Mundo
J. Tabidze,Kayserispor,Georgia,21,"CB, CDM",Left,187,30,64,Georgia,61,44,52,53,66,69,48,41,66,62,40,53,46,44,49,52,61,61,51,59,57,56,69,61,73,42,69,67,41,43,44,62,64,66,72,6,8,10,6,8,11,Copa del Mundo
S. Sazonov,Getafe CF,Georgia,24,"CB, CDM",Right,194,24,65,Georgia,57,47,52,52,70,69,48,44,77,60,42,49,46,43,55,54,52,61,50,62,50,56,72,65,71,48,69,66,38,43,44,65,70,70,67,13,14,8,11,11,7,Copa del Mundo
I. Beriashvili,MTK Budapest,Georgia,13,CB,Right,190,28,63,Georgia,58,45,51,50,69,66,51,43,69,57,34,46,40,42,53,54,56,59,44,65,51,53,72,62,69,46,63,68,34,46,41,58,71,69,67,12,7,11,10,15,9,Copa del Mundo
S. Kharebashvili,Basaksehir FK,Georgia,16,"LB, RB",Left,184,18,62,Georgia,66,50,59,59,59,60,56,48,58,67,47,61,60,53,59,57,65,67,58,57,62,60,60,68,57,49,60,62,51,49,43,55,57,59,64,15,9,12,6,13,10,Copa del Mundo
O. Kakabadze,Cracovia,Georgia,2,RB,Right,186,31,66,Georgia,68,50,63,65,64,65,64,46,60,67,43,66,61,51,62,64,66,69,67,69,64,55,65,68,64,53,66,60,51,59,53,66,65,67,68,6,8,8,6,14,8,Copa del Mundo
A. Mekvabishvili,Chicago Fire FC,Georgia,14,CDM,Right,174,25,68,Georgia,62,59,66,65,70,68,59,57,56,73,51,61,53,61,69,69,61,62,64,70,67,62,67,74,63,65,75,73,59,64,55,68,69,73,72,8,10,8,14,8,6,Copa del Mundo
V. Mamuchashvili,Torpedo Kutaisi,Georgia,27,CDM,Right,176,29,65,Georgia,61,58,64,60,65,68,59,52,57,68,45,56,58,54,72,62,61,61,60,72,61,68,63,69,69,63,65,63,57,58,61,64,71,66,60,7,6,13,7,12,15,Copa del Mundo
G. Kochorashvili,Sevilla FC,Georgia,6,CM,Right,178,27,71,Georgia,65,66,70,69,63,68,66,63,57,69,66,69,63,68,77,70,64,65,68,72,64,67,54,76,67,70,64,69,68,73,63,70,57,68,58,8,15,7,6,15,15,Copa del Mundo
N. Lominadze,Torpedo Kutaisi,Georgia,28,CM,Right,194,24,64,Georgia,60,59,64,65,57,68,57,53,58,64,54,69,60,58,69,65,59,61,59,62,50,65,66,71,70,70,61,58,56,69,59,61,56,60,52,15,11,11,14,6,8,Copa del Mundo
O. Kiteishvili,SK Sturm Graz,Georgia,8,"CAM, CF",Both,173,30,74,Georgia,73,74,74,75,47,68,76,74,56,75,70,72,76,76,67,78,75,72,73,75,73,75,62,75,68,75,59,50,71,77,73,78,44,46,42,13,10,13,15,14,9,Copa del Mundo
G. Chakvetadze,Udinese,Georgia,10,CAM,Right,183,27,71,Georgia,72,70,72,76,44,65,66,71,59,75,64,77,70,68,68,77,74,70,76,71,76,70,63,66,67,68,58,45,76,79,66,72,44,39,40,8,10,13,14,7,6,Copa del Mundo
I. Yegoian,Excelsior Rotterdam,Georgia,18,CAM,Right,173,22,67,Georgia,71,67,68,71,39,58,65,64,52,72,64,69,67,68,61,74,73,69,70,69,73,69,49,67,56,71,56,41,64,71,70,70,37,37,36,14,14,12,13,11,10,Copa del Mundo
G. Mamageishvili,SK Sturm Graz,Georgia,15,CAM,Right,180,23,66,Georgia,65,68,67,70,40,61,66,69,52,72,62,71,65,67,63,71,67,63,68,64,66,68,56,68,60,66,58,40,68,65,66,64,40,37,35,14,12,6,7,6,9,Copa del Mundo
K. Kvaratskhelia,París Saint-Germain,Georgia,7,"LW, ST",Both,183,25,89,Georgia,95,87,87,92,60,84,89,86,80,88,85,93,92,86,81,93,95,95,88,85,92,88,87,88,86,87,75,56,91,88,81,83,63,55,52,6,14,7,13,13,6,Copa del Mundo
Z. Davitashvili,AS Saint-Étienne,Georgia,9,LW,Left,175,25,76,Georgia,82,72,73,79,43,68,80,71,62,72,67,79,74,72,68,79,83,82,81,77,83,78,66,78,66,69,63,48,80,72,76,71,41,39,36,6,9,15,9,10,11,Copa del Mundo
G. Kvernadze,Frosinone Calcio,Georgia,17,"LW, ST",Left,188,23,75,Georgia,83,74,74,76,46,72,74,75,72,79,76,80,76,71,62,75,82,83,77,69,73,71,70,77,76,72,58,47,77,76,74,69,42,44,38,10,9,7,12,15,12,Copa del Mundo
S. Lobjanidze,Real Salt Lake City,Georgia,26,LW,Left,175,31,71,Georgia,79,67,69,74,40,63,69,68,63,75,65,75,71,65,60,72,81,77,83,74,74,71,57,73,61,61,56,40,69,68,66,64,37,35,39,15,10,15,8,10,11,Copa del Mundo
G. Abuashvili,FC Metz,Georgia,25,"LW, LM",Left,175,23,66,Georgia,72,66,62,69,35,60,64,68,51,63,67,72,65,59,60,65,73,72,73,62,76,63,56,70,60,64,50,34,65,60,63,67,31,34,34,6,7,13,15,12,9,Copa del Mundo
G. Tsitaishvili,Rayo Vallecano,Georgia,19,RW,Left,171,25,71,Georgia,76,71,70,77,38,63,73,71,58,71,68,76,71,63,68,78,78,75,81,70,81,72,66,76,58,71,58,40,80,67,65,73,37,33,31,7,11,10,9,11,7,Copa del Mundo
G. Mikautadze,Villarreal CF,Georgia,22,"ST, LW",Right,176,25,82,Georgia,82,85,72,83,48,80,68,87,84,76,80,84,75,67,68,82,79,84,79,85,82,84,76,82,81,81,75,50,87,75,86,80,43,39,45,7,15,7,8,13,10,Copa del Mundo
B. Zivzivadze,1.FC Heidenheim 1846,Georgia,11,ST,Both,189,32,72,Georgia,70,72,66,72,37,70,62,74,73,72,70,69,70,66,55,76,71,69,69,72,63,75,75,71,72,67,62,36,74,69,71,73,29,35,32,13,15,12,15,9,6,Copa del Mundo
G. Gagua,DAC Dunajska Streda,Georgia,20,ST,Right,193,24,66,Georgia,67,68,56,64,34,68,55,71,70,59,63,63,58,52,53,65,68,66,65,71,55,68,70,65,72,65,59,35,73,56,63,70,29,29,23,7,9,6,9,6,6,Copa del Mundo
M. Bulka,NEOM SC,Polonia,1,GK,Right,199,27,77,Polonia,54,35,44,44,34,59,31,26,36,50,32,33,37,30,49,46,51,56,53,73,59,54,63,50,66,37,51,40,30,48,40,59,35,30,34,78,73,73,77,78,53,Copa del Mundo
S. Abramowicz,Jagiellonia Białystok,Polonia,22,GK,Left,189,22,71,Polonia,47,29,40,36,30,54,24,21,34,47,22,23,26,28,46,41,46,47,46,66,47,49,61,45,61,30,46,33,22,48,31,51,34,23,26,69,71,61,75,68,47,Copa del Mundo
M. Kochalski,Wieczysta Krakow,Polonia,12,GK,Right,190,26,68,Polonia,44,23,37,35,25,50,19,15,29,43,21,23,15,28,47,38,41,46,48,67,47,47,53,41,58,20,38,29,17,47,26,47,27,18,27,69,68,65,67,69,49,Copa del Mundo
J. Kiwior,FC Oporto,Polonia,14,"CB, CDM",Left,189,26,82,Polonia,74,62,72,71,86,89,70,57,88,82,66,64,64,66,72,78,75,74,66,79,75,75,88,83,93,64,85,87,58,61,54,78,85,84,87,13,6,10,10,15,7,Copa del Mundo
K. Potulski,1.FSV Mainz 05,Polonia,23,CB,Right,195,18,73,Polonia,72,53,61,62,78,77,60,47,80,65,45,57,57,47,66,68,71,73,58,69,61,70,77,68,82,51,78,77,48,54,53,69,77,78,85,14,8,14,11,8,12,Copa del Mundo
J. Bednarek,FC Oporto,Polonia,5,"CB, RB",Right,189,30,76,Polonia,69,54,65,67,79,81,62,51,83,72,48,61,54,58,65,73,68,70,63,73,63,67,79,71,89,50,76,79,52,58,58,71,76,82,78,14,10,15,10,15,6,Copa del Mundo
P. Wiśniewski,RTS Widzew Łódź,Polonia,3,"CB, CDM",Right,195,28,70,Polonia,67,51,58,60,75,74,55,45,80,61,51,57,50,51,64,63,66,67,59,68,54,65,74,67,79,52,70,73,49,54,49,67,72,78,71,7,12,7,6,11,7,Copa del Mundo
T. Kędziora,FC Dinamo de Kiev,Polonia,4,CB,Right,184,32,72,Polonia,66,51,59,60,76,76,57,46,70,64,45,51,51,48,63,64,62,69,64,72,65,62,75,71,78,54,75,77,53,56,49,74,76,78,74,15,15,12,14,11,15,Copa del Mundo
T. Puchacz,Sabah FK,Polonia,15,"LB, RB",Left,183,27,70,Polonia,77,53,67,66,69,71,69,45,66,73,58,63,60,60,63,66,75,79,76,70,70,70,72,75,70,52,67,71,61,62,56,68,69,67,71,9,7,7,15,6,13,Copa del Mundo
M. Cash,Aston Villa,Polonia,2,"RB, LB",Right,185,29,80,Polonia,81,67,76,77,81,80,82,65,79,75,64,78,72,73,74,74,78,83,83,77,84,75,72,85,79,62,79,80,74,74,66,75,80,81,84,13,14,11,11,14,15,Copa del Mundo
P. Frankowski,Stade Rennais FC,Polonia,19,RB,Right,175,31,75,Polonia,76,60,73,74,74,71,76,54,63,78,58,73,73,62,72,74,77,76,73,73,81,68,72,77,67,65,73,70,61,63,59,75,76,79,71,12,8,6,9,15,10,Copa del Mundo
N. Wojtuszek,Jagiellonia Białystok,Polonia,,RB,Right,184,25,69,Polonia,75,55,63,65,68,67,72,52,65,64,46,66,59,51,62,63,74,75,71,63,64,67,68,69,66,51,66,70,52,58,56,64,70,67,66,8,15,11,6,15,10,Copa del Mundo
B. Slisz,Brøndby IF,Polonia,6,CDM,Right,179,27,69,Polonia,65,59,68,63,69,68,63,56,66,71,53,64,55,57,76,61,64,65,61,72,61,67,69,73,66,62,65,71,60,66,55,69,67,71,67,12,11,15,14,6,8,Copa del Mundo
P. Zielinski,Inter de Milán,Polonia,10,"CM, CDM",Both,180,32,81,Polonia,72,78,83,84,74,76,78,76,69,90,70,84,78,71,81,86,73,71,77,88,77,84,77,80,74,77,76,76,80,83,76,87,75,74,76,14,13,10,6,14,15,Copa del Mundo
W. Nowak,SK Slavia Praga,Polonia,16,"CM, CDM",Right,187,22,70,Polonia,68,65,70,71,63,69,63,62,64,70,64,71,63,68,74,73,68,68,70,70,63,69,65,71,68,67,69,65,67,77,63,66,64,60,62,8,11,12,15,10,15,Copa del Mundo
N. Zalewski,Atalanta de Bérgamo,Polonia,21,"LM, RM",Left,175,24,79,Polonia,88,73,79,81,59,74,82,72,66,79,69,77,84,75,77,84,93,84,85,75,85,74,73,87,69,75,70,64,77,78,72,78,60,52,59,15,15,9,12,6,13,Copa del Mundo
S. Szymański,Stade Rennais FC,Polonia,20,CAM,Left,174,27,74,Polonia,75,74,75,78,46,67,72,73,60,78,72,77,80,73,70,81,73,77,79,73,72,74,58,76,64,79,65,54,70,75,75,74,49,35,43,13,11,7,7,15,12,Copa del Mundo
M. Regula,Zagłębie Lubin,Polonia,18,CAM,Left,181,19,69,Polonia,71,69,70,71,44,62,67,69,61,73,66,72,72,73,59,72,74,69,70,66,72,69,62,65,62,70,60,47,66,75,65,65,41,41,42,12,6,12,10,8,7,Copa del Mundo
K. Urbański,Górnik Zabrze,Polonia,8,CAM,Right,183,22,68,Polonia,69,67,69,69,41,62,66,64,58,69,69,69,73,70,66,69,71,67,69,66,71,69,58,64,64,71,57,40,71,72,66,77,41,39,35,9,13,9,10,14,14,Copa del Mundo
O. Pietuszewski,FC Oporto,Polonia,,LW,Left,179,18,74,Polonia,83,72,72,79,41,64,71,71,61,76,68,80,73,76,65,80,81,84,82,69,75,73,67,73,61,72,62,38,77,69,66,72,39,38,38,15,13,13,13,9,15,Copa del Mundo
J. Kamiński,SL Benfica,Polonia,7,LW,Left,179,24,78,Polonia,85,76,76,82,45,73,76,78,64,79,69,83,79,73,69,81,82,88,83,81,81,77,69,75,75,71,67,44,82,74,76,74,47,38,42,9,7,9,10,9,11,Copa del Mundo
M. Skoras,RC Lens,Polonia,17,LW,Left,172,26,73,Polonia,79,69,73,77,38,65,78,69,56,74,70,78,75,65,65,77,76,81,79,74,76,67,64,70,65,70,60,39,81,75,65,74,35,34,37,8,14,7,7,9,8,Copa del Mundo
R. Lewandowski,Chicago Fire FC,Polonia,9,ST,Right,186,38,78,Polonia,69,81,66,75,45,80,67,85,81,66,79,76,66,64,62,75,67,71,70,76,74,77,81,79,84,75,71,47,82,67,85,82,41,40,36,11,7,12,8,10,11,Copa del Mundo
M. Zukowski,1.FC Magdeburg,Polonia,13,ST,Right,185,24,75,Polonia,77,76,64,72,42,75,58,80,79,69,70,70,64,71,61,73,79,76,73,78,69,72,76,72,79,70,68,41,80,64,72,76,37,37,37,14,9,12,10,8,8,Copa del Mundo
K. Swiderski,RTS Widzew Łódź,Polonia,11,ST,Left,184,29,70,Polonia,76,73,59,67,36,70,56,75,77,62,72,67,63,66,51,66,74,77,65,67,69,73,71,67,76,68,57,35,75,59,70,74,32,28,29,11,14,13,14,7,12,Copa del Mundo
A. Trubin,SL Benfica,Ucrania,12,GK,Right,199,25,80,Ucrania,55,38,48,45,38,65,35,30,33,53,32,34,34,36,56,47,59,52,52,75,61,58,65,53,74,37,59,43,30,52,44,60,39,38,31,82,82,74,78,87,63,Copa del Mundo
D. Riznyk,Shakhtar Donetsk,Ucrania,23,GK,Right,191,27,75,Ucrania,51,35,42,45,33,61,27,28,39,50,27,34,35,30,46,49,54,48,54,69,56,53,67,57,68,35,46,37,24,45,37,56,28,32,34,74,69,68,78,77,52,Copa del Mundo
G. Yermakov,FC Kharkiv,Ucrania,1,GK,Right,191,24,71,Ucrania,47,27,36,38,29,52,25,20,32,39,24,29,27,26,42,37,46,48,43,69,51,48,61,47,57,27,46,39,13,43,28,55,22,30,27,73,70,63,69,76,45,Copa del Mundo
I. Zabarnyi,París Saint-Germain,Ucrania,13,CB,Right,189,24,81,Ucrania,77,64,70,68,82,86,70,60,84,75,55,62,63,64,74,73,75,78,67,76,73,79,80,83,88,62,84,84,54,59,64,79,83,80,81,6,12,12,7,10,8,Copa del Mundo
M. Matvienko,Shakhtar Donetsk,Ucrania,22,CB,Left,182,30,79,Ucrania,72,62,66,68,83,82,63,58,84,74,49,62,61,61,72,74,70,74,66,73,68,80,78,76,85,59,82,80,53,51,56,75,84,85,78,14,13,6,13,15,7,Copa del Mundo
T. Mykhavko,FC Dinamo de Kiev,Ucrania,4,"CB, CDM",Left,188,21,75,Ucrania,68,56,62,63,76,78,61,51,77,69,51,62,55,59,67,63,67,69,60,73,60,71,80,71,83,55,75,80,55,52,52,73,78,71,77,11,11,13,10,6,7,Copa del Mundo
V. Bondar,Shakhtar Donetsk,Ucrania,5,"CB, RB",Right,185,27,73,Ucrania,67,53,62,63,77,80,54,48,75,71,45,58,47,51,68,67,65,69,60,72,62,68,72,75,84,52,76,78,46,54,50,69,82,73,76,11,10,10,15,11,8,Copa del Mundo
E. Sarapiy,Polissya Zhytomyr,Ucrania,3,CB,Right,186,27,68,Ucrania,62,49,56,57,74,69,52,47,71,61,40,56,50,45,61,55,60,64,56,65,60,64,69,62,71,40,73,78,45,50,50,63,70,76,70,6,11,6,11,15,11,Copa del Mundo
V. Mykolenko,Everton FC,Ucrania,16,"LB, LM",Left,180,27,79,Ucrania,81,66,74,75,78,76,78,62,72,76,65,73,68,64,76,72,80,81,84,79,75,71,73,83,73,70,75,81,66,70,66,82,81,75,76,14,8,8,12,6,8,Copa del Mundo
B. Mykhaylichenko,Polissya Zhytomyr,Ucrania,2,LB,Left,178,29,68,Ucrania,72,56,65,65,68,68,70,54,64,67,55,62,67,52,68,66,71,72,69,65,67,63,61,75,65,56,68,66,54,59,57,67,68,70,65,15,8,7,13,13,12,Copa del Mundo
O. Drambayev,LNZ Cherkasy,Ucrania,5,"LB, RB",Left,186,25,66,Ucrania,70,49,60,63,64,67,63,44,63,62,49,60,58,55,58,67,66,74,61,63,66,56,67,67,69,52,61,64,50,57,48,64,68,60,69,6,12,7,8,13,15,Copa del Mundo
I. Krupskyi,FC Kharkiv,Ucrania,2,RB,Both,180,22,66,Ucrania,75,52,66,64,66,67,67,51,64,72,49,68,59,52,69,60,75,75,64,65,70,59,54,69,68,50,63,69,54,56,50,61,63,66,68,13,11,15,9,10,6,Copa del Mundo
V. Brazhko,FC Dinamo de Kiev,Ucrania,6,"CDM, CM",Right,187,24,77,Ucrania,74,68,73,72,78,82,69,63,75,79,60,68,64,67,77,77,71,77,66,81,73,77,82,85,80,74,83,82,66,68,63,81,75,78,77,15,8,11,10,10,9,Copa del Mundo
I. Varfolomeev,Lincoln City,Ucrania,25,"CDM, CB",Right,183,22,64,Ucrania,58,54,59,58,67,66,53,49,62,65,46,55,48,60,59,61,56,60,54,59,58,62,64,66,66,60,64,65,57,58,52,60,70,67,63,15,15,9,6,10,11,Copa del Mundo
M. Shaparenko,FC Dinamo de Kiev,Ucrania,10,CM,Right,178,28,73,Ucrania,70,69,73,74,66,69,68,67,66,77,60,74,73,65,72,74,69,70,70,79,75,71,65,75,67,72,68,69,71,72,73,75,66,65,62,15,12,8,14,6,7,Copa del Mundo
O. Pikhalyonok,FC Dinamo de Kiev,Ucrania,17,"CM, CDM",Left,180,29,73,Ucrania,70,70,73,74,64,72,69,69,61,75,59,74,77,68,74,78,72,69,67,77,70,71,65,75,69,76,76,70,72,71,65,71,63,64,63,6,11,12,15,13,9,Copa del Mundo
Y. Nazaryna,Shakhtar Donetsk,Ucrania,19,"CM, CDM",Right,183,29,72,Ucrania,68,68,71,72,65,70,69,63,66,70,66,72,68,66,76,73,70,67,68,70,73,80,63,74,69,68,70,67,65,72,63,71,66,63,62,9,10,13,9,7,11,Copa del Mundo
G. Sudakov,SL Benfica,Ucrania,8,CAM,Both,177,24,79,Ucrania,79,79,79,83,52,68,81,78,67,77,75,80,83,74,76,86,79,79,87,84,84,80,71,75,66,82,64,57,82,85,75,77,51,46,52,14,7,13,10,13,8,Copa del Mundo
O. Ocheretko,Shakhtar Donetsk,Ucrania,18,CAM,Left,181,23,72,Ucrania,71,74,72,74,43,66,59,81,53,78,70,71,71,72,69,81,70,71,66,78,71,68,60,73,64,68,63,46,70,76,68,67,42,41,38,13,8,15,6,12,9,Copa del Mundo
M. Khlan,Górnik Zabrze,Ucrania,21,LW,Left,173,23,72,Ucrania,80,71,70,74,42,65,73,70,58,74,70,78,74,61,59,70,80,80,80,64,79,72,68,77,61,72,60,46,76,69,72,69,40,39,36,10,11,6,6,6,10,Copa del Mundo
O. Nazarenko,Polissya Zhytomyr,Ucrania,17,"LW, ST",Left,177,26,70,Ucrania,73,68,70,75,39,62,73,72,56,75,68,76,73,62,61,75,76,70,76,69,73,65,64,68,60,63,58,35,74,65,67,68,39,40,30,15,7,13,6,15,7,Copa del Mundo
V. Tsygankov,Ajax de Ámsterdam,Ucrania,15,RW,Left,178,28,78,Ucrania,88,78,76,82,48,69,79,80,66,76,68,81,77,74,71,83,89,88,84,79,78,75,75,80,65,82,64,47,78,77,75,76,44,49,41,15,6,11,11,10,10,Copa del Mundo
O. Zubkov,AEK Atenas FC,Ucrania,20,"RW, RM",Left,182,30,74,Ucrania,80,74,72,75,45,66,74,78,62,75,72,79,75,65,62,72,82,78,78,71,72,71,63,73,63,69,65,43,78,72,68,67,44,43,41,7,13,9,12,6,13,Copa del Mundo
V. Veleten,Polissya Zhytomyr,Ucrania,16,RW,Right,176,24,66,Ucrania,73,65,64,69,35,58,63,67,51,66,59,72,61,60,55,67,69,77,71,65,71,63,49,64,58,62,51,35,72,68,59,65,36,30,32,12,6,12,12,10,6,Copa del Mundo
A. Yarmolenko,FC Dinamo de Kiev,Ucrania,7,"RW, RM",Left,189,36,73,Ucrania,69,72,72,78,41,70,75,70,66,74,71,78,73,73,66,82,65,72,72,74,73,74,71,76,72,74,55,44,77,67,66,69,40,35,33,15,11,9,6,13,15,Copa del Mundo
M. Ponomarenko,FC Dinamo de Kiev,Ucrania,8,"ST, LW",Right,188,20,73,Ucrania,73,73,64,68,42,74,61,77,80,64,72,69,59,61,65,67,67,78,67,69,65,69,75,63,83,67,64,39,72,66,74,77,38,37,36,11,11,10,8,9,9,Copa del Mundo
V. Vanat,Girona FC,Ucrania,11,ST,Left,182,24,75,Ucrania,77,77,64,75,39,76,59,79,78,68,75,76,65,69,60,75,79,76,69,79,77,78,81,76,77,73,71,35,75,64,73,76,36,32,36,8,7,14,7,10,11,Copa del Mundo
D. Sikan,RSC Anderlecht,Ucrania,14,"ST, LW",Right,187,25,70,Ucrania,69,71,60,67,34,72,58,73,70,65,65,67,59,63,54,67,67,71,63,68,63,72,75,68,77,67,66,32,74,58,67,75,33,27,28,13,10,6,13,15,9,Copa del Mundo
R. Yaremchuk,Olympiacos El Pireo,Ucrania,9,"ST, LW",Right,191,30,71,Ucrania,69,70,62,67,39,73,56,74,74,68,65,64,60,65,56,71,70,68,63,77,58,67,78,64,79,64,70,36,79,64,68,68,36,33,36,11,9,7,11,7,14,Copa del Mundo
I. Krasnopir,Polissya Zhytomyr,Ucrania,10,"ST, CF",Right,187,23,66,Ucrania,68,68,56,62,30,65,56,66,65,58,70,58,55,58,50,66,64,72,67,68,59,71,70,59,69,69,62,29,69,57,71,60,28,23,23,6,13,15,10,14,8,Copa del Mundo
M. Safonov,París Saint-Germain,Rusia,39,GK,Right,192,27,78,Rusia,53,36,47,44,38,63,30,34,43,57,33,34,33,36,55,46,54,52,50,69,60,53,62,59,67,28,56,47,26,46,37,56,40,33,29,85,76,70,78,81,60,Copa del Mundo
S. Agkatsev,FK Krasnodar,Rusia,12,GK,Right,189,24,77,Rusia,51,37,46,42,38,57,32,28,40,54,25,31,33,26,50,42,56,47,53,70,59,60,66,47,64,37,52,41,29,53,40,57,36,39,28,77,78,70,78,84,55,Copa del Mundo
A. Maksimenko,FC Spartak de Moscú,Rusia,1,GK,Left,190,28,71,Rusia,48,30,39,38,30,54,29,21,29,41,17,24,32,26,41,45,46,50,43,64,52,56,62,45,63,28,42,38,22,49,32,56,28,26,33,71,67,68,73,73,56,Copa del Mundo
A. Mitryushkin,Lokomotiv Moscú,Rusia,16,GK,Right,189,30,72,Rusia,46,32,41,41,29,54,28,23,33,48,24,29,25,28,44,47,41,51,43,67,51,56,61,44,59,33,54,40,23,48,37,50,26,23,30,72,69,66,70,75,51,Copa del Mundo
I. Diveev,Zenit de San Petersburgo,Rusia,3,"CB, RB",Right,194,27,78,Rusia,78,56,67,66,83,82,64,49,87,74,49,60,64,55,67,70,76,80,64,78,65,75,78,72,87,57,81,85,51,61,56,75,82,81,80,14,9,8,7,14,7,Copa del Mundo
K. Danilov,CSKA Moscú,Rusia,6,"CB, RB",Left,197,19,69,Rusia,65,50,55,58,73,75,50,48,77,62,38,51,50,52,58,64,66,65,52,67,55,64,72,67,80,47,74,71,43,49,46,68,73,77,65,14,10,8,9,9,15,Copa del Mundo
V. Melekhin,FK Rostov,Rusia,14,"CB, RB",Right,189,22,66,Rusia,56,47,56,52,69,72,51,44,76,68,42,46,48,45,58,56,55,56,49,58,57,62,66,66,74,40,74,68,43,42,45,66,64,73,65,13,12,10,10,13,10,Copa del Mundo
M. Osipenko,Dinamo Moscú,Rusia,5,"CB, CDM",Right,190,32,74,Rusia,68,53,59,63,78,77,55,47,80,64,49,60,53,51,66,61,67,69,65,75,66,69,78,70,79,52,79,78,49,52,52,74,80,76,77,14,7,9,12,7,15,Copa del Mundo
T. Ibishev,Akhmat Grozny,Rusia,2,CB,Right,188,24,70,Rusia,65,50,57,61,75,74,52,45,77,66,43,57,50,50,61,65,66,64,58,67,60,66,78,64,80,46,70,74,48,47,47,66,76,76,71,10,15,10,13,9,7,Copa del Mundo
I. Vakhania,FK Krasnodar,Rusia,30,RB,Both,180,25,68,Rusia,75,57,64,65,68,67,64,51,60,67,51,66,62,57,66,61,74,76,74,68,70,74,65,72,63,57,72,71,53,61,53,66,67,67,72,14,8,14,14,6,11,Copa del Mundo
M. Beveev,Baltika Kaliningrad,Rusia,22,RB,Right,182,30,70,Rusia,74,53,65,67,70,68,69,49,69,69,49,66,58,57,62,64,71,76,75,69,74,60,69,73,65,57,71,70,55,58,56,70,72,69,71,9,13,9,10,11,14,Copa del Mundo
A. Adamov,Akhmat Grozny,Rusia,21,RB,Right,180,26,68,Rusia,72,53,64,65,65,70,73,51,63,64,50,63,60,53,63,67,72,72,68,62,64,61,66,75,69,51,68,68,57,60,53,68,62,67,67,10,9,13,12,15,7,Copa del Mundo
N. Umyarov,FC Spartak de Moscú,Rusia,8,CDM,Right,182,26,73,Rusia,67,63,71,69,76,76,67,60,71,76,58,64,57,61,72,74,67,67,65,72,67,69,69,78,74,64,79,78,68,73,63,74,79,72,76,14,15,12,7,15,10,Copa del Mundo
A. Karpukas,Zenit de San Petersburgo,Rusia,15,CDM,Right,184,24,74,Rusia,67,67,70,73,75,81,63,65,77,77,58,74,68,65,65,73,68,67,67,71,69,70,74,81,82,69,78,80,69,68,65,75,76,72,69,7,7,11,11,13,8,Copa del Mundo
M. Kislyak,CSKA Moscú,Rusia,31,"CM, CAM",Right,180,21,77,Rusia,73,71,77,77,67,76,70,68,69,82,68,78,75,67,77,74,73,73,79,78,77,73,76,79,74,77,77,74,76,78,70,78,60,69,66,8,7,15,8,12,8,Copa del Mundo
I. Oblyakov,CSKA Moscú,Rusia,27,"CM, CDM",Left,176,28,74,Rusia,74,69,77,72,64,74,72,66,65,81,62,67,74,68,77,75,75,74,76,76,76,75,69,82,71,73,74,66,72,76,64,78,62,66,57,12,15,10,9,13,7,Copa del Mundo
D. Prutsev,FC Spartak de Moscú,Rusia,25,"CM, CAM",Right,174,26,73,Rusia,70,67,74,77,64,70,67,62,62,79,60,79,70,66,77,74,70,70,80,75,72,70,62,79,65,76,72,66,70,75,64,75,62,66,64,9,7,6,9,8,14,Copa del Mundo
D. Krugovoy,CSKA Moscú,Rusia,4,LM,Left,176,28,74,Rusia,83,68,73,74,56,66,77,68,59,75,63,74,71,67,70,73,81,84,82,70,76,70,60,74,64,68,65,61,71,72,71,75,53,55,51,13,12,13,15,6,13,Copa del Mundo
A. Batrakov,Galatasaray,Rusia,11,"CAM, CM",Right,173,21,76,Rusia,76,76,79,80,50,66,80,75,63,79,74,83,76,74,75,79,77,75,80,72,75,77,70,76,64,79,59,52,69,81,75,79,51,45,41,11,8,15,15,10,9,Copa del Mundo
A. Golovin,AS Mónaco,Rusia,17,"CAM, CF",Right,178,30,81,Rusia,88,82,82,85,54,72,81,84,70,83,79,87,84,77,76,87,88,88,76,82,83,80,72,75,71,79,70,57,86,89,83,79,51,53,46,15,9,6,7,10,8,Copa del Mundo
A. Miranchuk,Atlanta United FC,Rusia,59,"CAM, CM",Left,182,30,74,Rusia,76,76,74,79,49,68,71,82,66,76,67,85,75,71,71,75,74,77,76,79,74,75,66,75,68,69,62,49,74,74,68,75,48,46,44,9,7,8,9,15,6,Copa del Mundo
M. Petrov,Baltika Kaliningrad,Rusia,23,CAM,Right,169,25,69,Rusia,67,69,68,75,40,60,68,67,50,68,71,78,71,68,66,72,64,70,74,73,74,72,49,65,59,70,59,42,73,67,64,73,34,41,40,7,15,9,15,15,11,Copa del Mundo
L. Sadulaev,Akhmat Grozny,Rusia,20,LW,Left,179,26,71,Rusia,77,68,71,73,42,63,70,69,63,73,70,74,79,64,63,73,76,78,74,71,74,71,64,69,62,61,57,39,72,72,68,73,37,41,40,9,6,13,11,10,9,Copa del Mundo
K. Glebov,CSKA Moscú,Rusia,19,"RW, RM",Right,174,20,69,Rusia,76,69,66,72,38,61,72,71,52,63,66,73,72,65,60,70,79,74,75,71,82,68,60,74,57,66,53,35,72,66,65,61,38,35,38,14,13,12,15,12,7,Copa del Mundo
M. Glushenkov,Zenit de San Petersburgo,Rusia,67,CAM,Left,179,27,78,Rusia,79,77,78,79,54,71,78,77,61,78,75,83,82,79,73,77,79,79,75,74,77,81,68,75,71,74,66,56,82,81,74,83,53,51,51,15,6,9,7,14,14,Copa del Mundo
K. Tyukavin,Dinamo Moscú,Rusia,10,ST,Right,180,24,76,Rusia,74,77,66,75,41,77,63,80,79,72,75,72,68,69,59,77,74,74,73,83,75,77,79,74,82,71,66,36,79,63,78,78,38,37,34,13,10,12,12,8,9,Copa del Mundo
A. Sobolev,Zenit de San Petersburgo,Rusia,7,ST,Right,195,29,76,Rusia,78,80,65,73,43,77,61,85,83,68,77,73,68,66,58,76,78,78,67,73,68,77,82,67,85,74,66,35,80,66,78,74,41,38,39,7,13,8,13,9,8,Copa del Mundo
S. Ngapandouetnbu,Montpellier HSC,Camerún,,GK,Right,186,23,68,Camerún,42,25,38,35,27,51,24,17,27,47,21,21,25,30,38,39,42,42,41,66,52,52,54,44,59,17,37,39,19,40,29,51,25,25,19,67,66,64,70,70,39,Copa del Mundo
B. Nna Noukeu,US Boulogne,Camerún,,GK,Right,196,25,65,Camerún,37,24,35,31,25,50,22,17,28,43,11,22,23,17,36,31,34,40,44,60,42,46,52,45,56,22,43,32,16,41,25,44,23,23,19,68,65,57,65,66,41,Copa del Mundo
E. Lako,Marumo Gallants FC,Camerún,,GK,Left,179,27,62,Camerún,38,21,30,27,20,44,16,16,20,34,14,17,12,13,36,27,38,38,42,57,43,45,54,32,51,14,38,25,15,42,19,37,21,16,15,60,62,57,63,66,40,Copa del Mundo
S. Kotto,Stade de Reims,Camerún,,"CB, CDM",Left,190,23,73,Camerún,68,54,62,62,76,74,60,50,82,70,45,57,52,54,65,65,66,70,57,71,64,69,77,67,76,50,78,75,49,50,53,76,77,76,72,11,11,6,11,15,15,Copa del Mundo
K. Keben,Watford FC,Camerún,,"CB, RB",Right,187,22,69,Camerún,66,49,60,57,71,73,59,42,74,65,43,55,51,51,61,57,64,67,58,66,58,65,72,66,78,51,71,77,48,55,40,64,70,69,69,8,11,13,7,14,7,Copa del Mundo
Tchamba,Clube do Remo (PA),Camerún,,"CB, RB",Left,191,28,65,Camerún,62,46,53,55,67,67,50,39,69,59,37,54,45,47,59,56,60,63,51,61,52,64,67,64,70,47,65,65,41,43,45,63,66,69,67,11,8,12,13,10,9,Copa del Mundo
C. Malone,USM Alger,Camerún,,"CB, CDM",Right,181,27,65,Camerún,61,45,53,55,66,68,51,41,66,59,39,50,51,37,59,57,62,60,54,62,57,59,62,67,70,42,65,63,36,43,44,67,67,67,69,8,8,10,7,7,12,Copa del Mundo
S. Keller,SK Beveren,Camerún,,"CB, CDM",Right,190,25,62,Camerún,57,41,51,52,64,64,51,33,68,57,40,48,41,44,53,54,52,61,52,59,49,58,61,56,69,44,61,65,33,45,42,61,66,61,65,10,11,7,7,8,9,Copa del Mundo
M. Nagida,Stade Rennais FC,Camerún,,"LB, LM",Left,176,21,73,Camerún,78,56,71,72,72,71,69,53,68,78,54,70,64,60,67,72,80,77,81,71,75,63,67,80,66,55,74,70,60,66,59,69,77,70,76,7,7,13,9,9,8,Copa del Mundo
D. Yongwa,Norwich City,Camerún,,LB,Left,177,26,75,Camerún,81,60,69,75,72,74,73,56,65,75,54,75,72,61,66,75,84,79,78,77,74,68,72,80,72,64,71,69,63,58,60,77,72,74,78,15,15,9,12,11,12,Copa del Mundo
L. Njoh,Servette FC,Camerún,,"LB, RB",Left,180,24,70,Camerún,72,55,65,64,67,69,72,55,66,69,50,64,66,56,63,61,70,73,71,61,69,65,64,72,69,47,65,65,57,56,59,66,68,69,66,8,10,11,9,10,10,Copa del Mundo
J. Tchatchoua,Wolverhampton Wanderers,Camerún,,"RB, RM",Right,180,25,75,Camerún,79,60,67,73,75,78,75,56,62,67,56,74,66,61,69,73,77,81,70,73,73,73,73,79,79,58,73,77,63,61,59,74,77,76,77,9,13,9,11,11,10,Copa del Mundo
J. Tchamadeu,Stoke City,Camerún,,"RB, RM",Right,180,22,70,Camerún,74,56,64,66,70,65,67,52,59,69,52,64,59,55,65,68,73,75,71,65,69,66,70,69,62,58,66,69,58,54,49,65,71,70,76,15,9,7,6,7,12,Copa del Mundo
R. Fosso,Standard de Lieja,Camerún,,"CDM, CM",Right,183,24,69,Camerún,65,59,67,64,72,74,63,52,61,70,52,62,61,63,69,66,65,65,61,71,62,69,69,74,74,67,77,71,63,66,59,70,73,76,70,14,6,7,11,10,12,Copa del Mundo
D. Nyengue,ES Zarzis,Camerún,,CDM,Right,186,24,61,Camerún,51,52,62,56,62,64,52,48,54,74,49,56,51,52,59,57,52,51,52,61,59,58,56,70,64,53,58,67,52,60,53,58,64,62,58,9,15,8,12,12,10,Copa del Mundo
A. Avom,FC Lorient,Camerún,,"CM, CDM",Right,173,21,75,Camerún,72,70,75,74,67,73,75,69,57,77,66,72,72,70,76,76,73,71,75,70,80,71,65,76,71,72,76,71,73,71,65,75,69,68,60,14,10,10,15,12,12,Copa del Mundo
D. Namaso,AJ Auxerre,Camerún,,LW,Left,182,26,73,Camerún,80,71,70,74,40,65,73,72,60,71,68,71,73,73,61,76,81,79,79,77,75,69,69,69,67,69,55,37,80,73,67,74,42,35,34,15,7,15,7,8,7,Copa del Mundo
B. Mbeumo,Manchester United,Camerún,,"RW, RM",Left,171,27,86,Camerún,92,86,82,91,56,80,83,90,74,82,82,89,84,84,77,95,93,92,95,82,92,83,78,90,77,81,73,58,92,82,84,83,53,52,51,10,8,15,12,13,8,Copa del Mundo
S. Alioum,FK Jablonec,Camerún,,"RW, ST",Right,176,23,64,Camerún,67,62,63,68,35,58,64,62,49,64,54,67,68,57,56,70,68,67,66,63,72,62,52,63,59,65,50,32,66,68,61,60,37,31,29,12,13,14,8,9,8,Copa del Mundo
M. Fernandez Monyebe,Esperance Tunis,Camerún,,RW,Left,178,19,61,Camerún,69,58,60,68,33,55,65,56,52,59,62,70,57,62,53,67,70,69,69,63,68,57,42,58,59,59,43,30,66,61,57,60,34,30,25,8,14,6,8,10,15,Copa del Mundo
C. Kofane,Bayer 04 Leverkusen,Camerún,,ST,Right,189,20,78,Camerún,82,77,70,73,45,78,72,81,81,74,81,70,68,66,56,77,80,84,73,76,69,73,80,76,83,71,70,40,79,72,78,77,43,42,38,6,8,15,8,14,12,Copa del Mundo
B. Nsongo,RC Deportivo A Coruña,Camerún,,ST,Right,182,22,68,Camerún,69,72,58,69,36,68,54,75,65,66,70,70,57,59,52,71,67,70,66,65,65,71,72,65,71,65,62,37,75,54,70,68,31,33,27,10,9,11,9,10,9,Copa del Mundo
I. Cédric,Alanyaspor,Camerún,,ST,Right,187,24,66,Camerún,71,69,55,65,35,64,57,73,69,56,67,63,53,56,50,69,70,71,66,66,59,64,63,63,66,61,59,31,76,57,71,62,31,31,33,9,6,10,7,12,9,Copa del Mundo
A. Yondjo Matah,LOSC Lille B,Camerún,,ST,Right,177,19,54,Camerún,60,54,43,53,20,52,40,58,58,43,55,54,44,44,39,54,60,60,51,53,55,51,52,50,56,48,47,14,57,50,56,49,19,15,10,12,8,10,10,10,11,Copa del Mundo
C. Kelleher,Brentford FC,Irlanda,1,GK,Right,188,27,79,Irlanda,53,34,46,49,38,61,32,24,42,55,26,37,31,34,51,53,52,54,57,73,59,59,69,50,71,36,50,42,29,47,38,61,32,39,38,80,76,72,81,79,58,Copa del Mundo
G. Bazunu,Bolton Wanderers,Irlanda,1,GK,Right,188,24,72,Irlanda,46,31,42,39,29,54,27,24,29,48,16,27,31,29,44,43,44,48,46,66,50,52,61,50,58,30,48,34,21,50,34,56,30,25,29,70,69,64,75,75,49,Copa del Mundo
M. O'Leary,West Bromwich Albion,Irlanda,16,GK,Right,189,29,71,Irlanda,48,29,39,35,27,51,24,23,30,43,20,23,20,26,45,37,52,45,44,67,47,52,54,43,58,24,43,33,24,49,33,48,26,25,21,71,68,66,76,74,53,Copa del Mundo
D. O'Shea,Ipswich Town,Irlanda,,"CB, RB",Right,189,27,76,Irlanda,73,54,63,66,80,79,57,47,80,66,53,62,59,54,67,66,73,73,66,75,71,71,78,69,84,55,77,78,47,62,58,77,85,75,83,8,11,12,9,13,12,Copa del Mundo
L. Kitching,Sheffield United,Irlanda,,"CB, RB",Left,186,27,77,Irlanda,70,59,62,67,78,80,67,57,77,63,50,62,56,53,64,72,69,71,66,76,64,71,82,73,82,57,85,77,51,60,62,76,76,82,79,12,11,11,13,15,7,Copa del Mundo
J. Abankwah,Udinese,Irlanda,20,CB,Right,188,22,74,Irlanda,70,55,63,61,77,76,57,50,77,71,47,57,54,50,66,62,65,74,56,76,66,74,75,69,78,50,80,78,51,58,55,69,76,75,80,11,13,11,14,14,6,Copa del Mundo
J. Dunne,Queens Park Rangers,Irlanda,12,"CB, CDM",Right,191,28,73,Irlanda,69,57,63,62,77,75,62,52,82,69,48,58,56,51,70,64,71,68,60,72,65,74,78,76,76,55,72,73,50,52,54,70,77,76,79,15,9,6,10,13,6,Copa del Mundo
L. Scales,Celtic FC,Irlanda,15,CB,Left,187,28,72,Irlanda,67,52,60,62,76,74,57,48,76,67,44,56,49,49,65,65,65,69,63,72,62,67,74,68,76,47,76,79,48,52,51,72,73,79,71,15,12,15,10,10,7,Copa del Mundo
B. Lawal,Stoke City,Irlanda,25,CB,Right,190,23,66,Irlanda,62,46,52,56,71,71,51,39,78,57,43,53,45,43,57,59,64,60,55,59,52,61,68,63,76,48,69,69,37,44,43,71,69,71,71,12,7,11,6,13,12,Copa del Mundo
J. Egan,Hull City,Irlanda,5,"CB, CDM",Right,185,33,71,Irlanda,61,52,60,60,74,75,56,47,76,68,47,55,46,51,62,61,62,61,62,69,72,63,74,69,76,53,78,68,49,55,56,67,77,76,71,13,10,12,13,14,15,Copa del Mundo
R. Manning,Southampton FC,Irlanda,3,"LB, RB",Left,173,30,75,Irlanda,78,64,71,71,74,70,82,59,68,71,64,71,68,61,69,71,78,78,74,71,76,74,73,78,67,65,69,73,69,63,60,69,70,79,74,8,7,15,6,10,9,Copa del Mundo
J. Bagan,Cardiff City,Irlanda,,"LB, LM",Left,188,25,65,Irlanda,67,53,59,64,63,66,62,48,61,60,43,64,59,52,59,63,68,67,66,66,63,65,62,63,68,51,64,60,58,55,54,57,62,66,67,7,8,11,11,8,13,Copa del Mundo
J. O'Brien,Everton FC,Irlanda,5,"RB, RM",Right,197,25,79,Irlanda,84,64,72,75,78,83,75,59,79,74,61,75,71,66,75,78,80,88,71,75,73,78,84,84,86,64,74,75,65,65,64,73,81,76,83,8,10,12,12,10,9,Copa del Mundo
C. Coventry,Charlton Athletic,Irlanda,14,CDM,Right,177,26,67,Irlanda,58,60,65,63,66,69,59,57,60,70,50,60,56,60,67,66,59,57,65,65,68,68,66,68,70,64,70,67,58,62,58,64,67,67,64,10,15,8,9,13,8,Copa del Mundo
J. Knight,Bristol City,Irlanda,8,"CM, CDM",Right,177,25,74,Irlanda,72,70,75,76,68,71,74,66,62,77,63,76,71,66,79,77,73,71,70,72,76,78,66,77,69,73,70,74,71,72,67,75,66,68,65,8,10,7,8,8,10,Copa del Mundo
J. Molumby,West Bromwich Albion,Irlanda,,"CM, CDM",Right,176,27,71,Irlanda,68,68,72,72,63,70,67,63,61,78,59,71,68,65,73,73,70,66,73,77,74,74,61,73,74,74,61,62,70,70,66,71,66,64,59,11,9,13,9,12,8,Copa del Mundo
K. Phillips,St. Mirren FC,Irlanda,24,"CM, CAM",Right,190,24,66,Irlanda,63,62,65,63,60,65,62,58,59,63,53,62,65,58,70,61,66,60,67,69,61,69,60,67,66,65,61,56,65,70,64,64,60,63,55,12,7,8,14,8,12,Copa del Mundo
F. Azaz,Southampton FC,Irlanda,14,CAM,Right,185,26,78,Irlanda,80,80,78,82,53,72,78,80,68,83,77,89,81,73,70,79,82,78,77,76,71,82,71,76,71,81,68,55,78,76,80,78,54,49,39,6,14,7,12,12,14,Copa del Mundo
J. Moylan,Cardiff City,Irlanda,,"CAM, CF",Right,186,25,69,Irlanda,72,68,72,71,43,63,70,71,59,74,65,74,75,66,69,68,74,71,69,70,66,65,62,66,65,66,54,40,68,76,67,70,41,43,36,13,10,14,13,7,14,Copa del Mundo
R. Vata,Watford FC,Irlanda,14,LW,Left,184,21,66,Irlanda,73,66,62,70,37,57,65,69,57,63,68,73,67,52,53,70,74,72,66,65,68,66,65,66,52,60,57,39,66,64,62,66,37,31,30,11,10,13,9,14,7,Copa del Mundo
C. Ogbene,Lincoln City,Irlanda,,RW,Right,181,29,73,Irlanda,79,70,70,76,42,64,75,71,65,73,66,75,73,64,61,80,79,79,81,71,70,69,69,75,62,69,56,43,78,69,73,67,36,39,44,8,8,15,15,15,12,Copa del Mundo
T. Parrott,Real Betis Balompié,Irlanda,7,"ST, CF",Right,185,24,78,Irlanda,80,79,69,74,44,78,63,79,81,73,78,74,80,64,67,74,76,83,74,73,69,83,81,73,85,76,66,42,81,68,72,84,35,42,41,9,15,8,8,11,13,Copa del Mundo
T. Cannon,Sheffield United,Irlanda,19,ST,Right,180,23,73,Irlanda,77,74,64,73,38,72,62,75,73,69,73,74,62,62,59,74,74,79,69,67,68,78,69,69,78,69,64,37,79,61,67,71,35,33,34,10,12,9,6,6,11,Copa del Mundo
A. Idah,Swansea City,Irlanda,10,"ST, LW",Right,190,25,71,Irlanda,71,70,61,68,40,73,57,72,81,67,69,69,59,67,56,68,74,68,62,71,60,71,76,64,81,63,63,31,76,59,76,72,35,40,33,6,11,13,8,7,9,Copa del Mundo
O. Elding,Hibernian FC,Irlanda,,"ST, CF",Left,187,20,60,Irlanda,62,61,50,59,27,58,51,65,61,51,59,58,49,50,44,61,61,62,55,59,55,60,61,54,62,56,50,25,62,50,59,57,22,23,20,10,10,8,9,6,11,Copa del Mundo
B. Tóth,Blackburn Rovers,Hungría,1,GK,Right,189,29,69,Hungría,44,26,40,34,25,53,27,19,31,49,22,21,27,17,42,39,46,42,46,63,47,50,57,45,60,22,44,30,19,45,24,45,24,22,24,70,67,62,69,71,47,Copa del Mundo
Á. Pécsi,TSV Hartberg,Hungría,,GK,Right,190,21,65,Hungría,40,24,32,34,23,49,18,19,32,39,14,24,19,14,37,37,38,42,40,55,50,42,58,39,57,20,39,32,15,36,24,43,23,15,19,67,63,59,67,67,47,Copa del Mundo
B. Gundel-Takács,Zalaegerszegi TE FC,Hungría,,GK,Left,200,28,64,Hungría,39,20,34,30,24,49,19,10,26,46,22,19,12,16,38,34,43,36,36,58,40,45,57,39,56,17,43,32,10,37,25,47,20,24,22,67,63,60,63,65,41,Copa del Mundo
W. Orbán,RB Leipzig,Hungría,6,"CB, RB",Right,186,33,80,Hungría,73,60,70,69,82,84,67,56,81,78,56,66,53,59,75,68,72,73,69,79,73,73,87,76,89,60,83,80,54,64,61,80,83,84,81,12,13,14,13,9,10,Copa del Mundo
Á. Markgráf,FC Copenhague,Hungría,,"CB, CDM",Left,186,21,65,Hungría,62,43,54,54,69,68,52,38,64,63,39,52,44,48,53,55,66,58,52,63,54,57,63,65,71,44,65,69,36,44,40,56,73,67,66,9,12,12,14,14,6,Copa del Mundo
K. Szűcs,FK Vojvodina Novi Sad,Hungría,2,"CB, CDM",Right,190,25,64,Hungría,58,46,53,52,67,67,50,40,68,61,41,47,46,45,53,55,54,62,55,61,53,67,69,62,70,42,65,66,42,48,41,59,65,69,66,8,15,10,7,14,13,Copa del Mundo
M. Csinger,FC Groningen,Hungría,,CB,Right,185,23,65,Hungría,58,46,53,55,68,67,52,41,70,57,43,50,49,46,57,60,52,63,52,61,55,60,67,61,69,47,71,61,43,45,44,61,69,69,69,9,15,14,13,9,9,Copa del Mundo
B. Várkonyi,Qarabağ FK,Hungría,,"CB, RB",Right,187,24,65,Hungría,62,46,54,54,67,67,51,40,65,59,43,47,46,46,58,60,59,65,51,65,57,60,68,66,69,49,62,69,40,50,44,63,66,68,69,9,8,12,8,14,15,Copa del Mundo
M. Kerkez,Liverpool FC,Hungría,11,"LB, LM",Left,180,22,78,Hungría,85,65,72,75,76,78,74,63,72,74,64,73,73,67,72,77,83,86,79,76,79,69,80,85,77,69,72,72,63,67,63,70,77,77,81,15,7,14,15,13,13,Copa del Mundo
C. Styles,West Bromwich Albion,Hungría,,"LB, LM",Left,167,26,71,Hungría,76,58,66,69,68,64,70,56,60,69,50,67,61,58,63,68,76,76,73,74,80,65,61,75,57,60,68,70,61,60,54,63,68,69,70,15,11,10,12,11,14,Copa del Mundo
B. Bolla,SK Rapid Viena,Hungría,14,RB,Right,180,26,69,Hungría,71,57,63,68,66,67,64,54,58,71,48,69,61,52,63,68,69,73,69,70,68,67,64,67,68,57,65,63,54,53,53,62,69,65,75,13,14,8,12,8,11,Copa del Mundo
A. Osváth,Ferencváros TC,Hungría,2,"RB, RM",Right,177,30,64,Hungría,69,52,60,60,64,62,64,49,56,61,51,58,57,51,63,59,72,67,68,62,63,57,62,66,61,52,62,63,56,53,46,63,66,64,66,8,15,12,15,8,15,Copa del Mundo
Á. Csongvai,AS Saint-Étienne,Hungría,25,CDM,Right,186,25,69,Hungría,63,61,67,64,69,76,58,53,66,73,54,60,59,56,70,68,64,62,62,70,64,69,74,75,80,69,68,71,68,70,65,65,68,72,65,13,10,10,14,11,15,Copa del Mundo
R. Tóth,Konyaspor,Hungría,,CDM,Right,182,22,69,Hungría,62,58,65,64,70,73,58,55,59,71,48,61,59,56,72,66,65,59,67,71,65,63,68,73,71,62,81,75,56,61,59,70,68,73,72,6,11,7,8,9,10,Copa del Mundo
A. Tóth,AFC Bournemouth,Hungría,21,CM,Right,181,20,76,Hungría,77,72,77,74,69,72,76,70,68,77,66,78,75,68,86,72,73,81,71,69,73,78,71,77,69,75,71,70,68,76,65,77,71,67,68,9,15,15,14,6,8,Copa del Mundo
A. Schäfer,1.FC Unión Berlín,Hungría,13,CM,Right,178,27,69,Hungría,64,65,68,70,63,70,63,63,66,74,60,74,67,64,66,69,62,66,61,71,69,70,61,74,72,68,64,62,64,67,65,67,64,63,58,10,7,11,8,7,10,Copa del Mundo
T. Szűcs,FC Famalicão,Hungría,7,"CM, CDM",Right,177,21,67,Hungría,67,61,68,66,59,64,66,59,56,70,54,64,59,60,71,68,67,67,64,65,67,66,60,64,64,61,63,58,65,67,66,65,55,65,58,12,13,9,14,7,12,Copa del Mundo
M. Vitális,AEK Atenas FC,Hungría,8,"CM, CDM",Right,179,24,69,Hungría,68,61,69,72,62,68,62,55,62,74,60,71,64,59,74,74,64,72,72,71,64,70,58,72,68,64,66,66,66,67,63,71,61,61,64,8,7,14,7,14,9,Copa del Mundo
Á. Doktorics,Vasas FC,Hungría,,LM,Left,172,24,62,Hungría,68,57,60,64,41,55,66,55,49,59,53,64,59,56,54,64,66,70,69,60,69,63,46,65,52,55,54,41,58,62,54,58,40,42,34,8,13,12,13,9,8,Copa del Mundo
D. Szoboszlai,Liverpool FC,Hungría,10,"CAM, CF",Right,187,25,87,Hungría,88,86,86,92,58,79,79,85,77,87,76,93,92,88,83,92,86,90,91,85,87,87,80,88,79,86,69,58,94,89,83,91,57,54,54,7,11,15,14,12,7,Copa del Mundo
D. Redzic,Red Bull Salzburgo,Hungría,23,"RW, ST",Left,179,23,71,Hungría,81,73,70,74,40,63,68,73,66,73,71,76,74,60,66,74,75,86,71,70,72,74,71,70,62,74,55,41,71,70,66,66,34,38,31,11,13,9,6,13,14,Copa del Mundo
G. Jurek,MTK Budapest,Hungría,,"RW, ST",Left,183,22,62,Hungría,68,61,61,64,32,59,62,62,55,61,54,64,68,59,52,62,70,66,67,69,66,61,59,65,62,61,45,33,66,67,60,58,31,26,29,11,13,13,15,12,10,Copa del Mundo
B. Varga,AEK Atenas FC,Hungría,19,"ST, CF",Right,185,31,76,Hungría,73,80,65,76,44,77,63,85,78,68,74,75,70,69,60,75,71,75,75,78,79,77,77,71,81,71,73,40,85,61,74,81,41,40,39,15,11,6,8,6,13,Copa del Mundo
D. Lukács,Puskás Akadémia FC,Hungría,16,ST,Both,182,30,66,Hungría,70,68,56,62,34,67,54,70,67,60,65,57,59,59,49,64,68,71,64,71,60,66,67,63,72,65,60,32,74,55,65,70,33,27,24,8,14,6,10,7,6,Copa del Mundo
D. Bárány,ADO Den Haag,Hungría,17,ST,Right,179,26,67,Hungría,69,70,55,68,35,67,52,72,61,56,71,68,60,56,57,69,66,71,65,74,66,70,65,64,71,67,59,30,75,54,68,67,33,31,34,15,7,13,10,12,10,Copa del Mundo
J. Szalai,Paksi FC,Hungría,,"ST, CF",Right,194,23,61,Hungría,63,60,51,58,28,63,49,60,66,56,67,58,55,51,41,59,64,62,54,61,57,61,66,57,66,56,61,25,65,51,59,62,24,23,26,11,9,6,12,11,13,Copa del Mundo
M. Tóth,Vasas FC,Hungría,20,ST,Right,179,24,60,Hungría,66,59,49,55,27,57,47,60,54,52,66,54,51,47,44,54,63,69,55,63,55,59,57,53,61,53,53,24,65,48,59,58,29,19,22,12,8,14,9,12,7,Copa del Mundo
J. Oblak,Atlético de Madrid,Eslovenia,1,GK,Right,188,33,83,Eslovenia,55,41,51,50,40,64,40,33,45,56,34,38,43,34,55,52,55,55,59,83,59,62,66,56,72,42,56,50,34,58,44,66,36,38,36,86,82,79,80,87,62,Copa del Mundo
M. Vidovsek,NK Olimpija Ljubljana,Eslovenia,12,GK,Right,199,26,66,Eslovenia,45,23,37,33,26,50,23,16,29,42,17,21,24,25,41,37,44,46,43,67,42,46,52,47,55,20,42,33,11,44,27,47,21,26,20,64,65,59,71,67,46,Copa del Mundo
Z. Leban,NK Celje,Eslovenia,16,GK,Right,188,23,67,Eslovenia,39,26,37,31,24,49,22,22,27,44,19,15,22,18,44,38,36,42,36,62,49,44,51,44,53,17,45,34,23,43,26,46,20,19,23,68,66,61,66,70,45,Copa del Mundo
I. Vekic,HNK Rijeka,Eslovenia,,GK,Right,192,28,64,Eslovenia,40,22,31,32,22,47,16,17,23,37,18,22,16,21,34,35,38,42,38,53,47,43,54,33,56,13,38,28,17,39,23,43,23,17,21,64,59,58,63,68,40,Copa del Mundo
J. Bijol,Leeds United,Eslovenia,6,"CB, CDM",Right,190,27,80,Eslovenia,77,60,68,71,83,85,61,57,87,76,61,68,57,57,77,72,76,77,67,81,71,77,86,79,88,51,84,81,57,58,60,79,78,86,85,14,14,15,15,6,12,Copa del Mundo
V. Drkusic,RCD Espanyol,Eslovenia,21,"CB, RB",Right,186,26,70,Eslovenia,67,51,56,62,71,71,51,48,73,63,44,57,49,48,63,67,66,68,61,71,60,62,72,66,73,50,74,73,39,49,49,67,73,68,69,7,13,14,14,14,15,Copa del Mundo
D. Brekalo,Orlando City SC,Eslovenia,23,"CB, CDM",Right,186,27,71,Eslovenia,64,51,58,58,72,76,53,45,68,68,49,51,50,51,61,63,63,64,60,65,57,67,73,67,80,49,79,75,45,48,50,66,71,72,78,8,8,15,12,13,15,Copa del Mundo
D. Zec,Holstein Kiel,Eslovenia,17,"CB, CDM",Right,190,26,68,Eslovenia,63,49,55,55,71,73,50,46,75,59,41,49,46,52,63,59,58,67,56,64,55,60,70,64,77,47,76,71,43,51,48,66,68,73,70,14,15,14,14,13,9,Copa del Mundo
S. Kuzmic,FC Lorient,Eslovenia,5,"LB, LM",Left,183,22,66,Eslovenia,67,52,59,65,64,67,61,49,57,62,44,65,61,50,61,64,66,67,67,62,70,61,74,68,68,52,60,66,51,54,51,67,64,65,67,9,6,12,7,6,13,Copa del Mundo
J. Balkovec,Omonia Nicosia,Eslovenia,3,LB,Left,185,32,68,Eslovenia,72,52,61,65,66,67,69,48,63,62,56,68,60,56,61,61,70,74,71,69,62,58,65,77,64,51,62,65,58,54,52,63,66,65,70,14,6,7,9,9,7,Copa del Mundo
J. Urbancic,NK Olimpija Ljubljana,Eslovenia,,"LB, LM",Left,177,25,65,Eslovenia,70,51,60,63,65,62,64,49,57,63,47,57,56,50,62,68,74,66,71,63,67,57,61,71,58,51,62,68,54,51,50,60,64,68,65,9,13,7,15,9,15,Copa del Mundo
E. Janza,Górnik Zabrze,Eslovenia,13,"LB, LM",Left,175,33,66,Eslovenia,67,52,62,63,66,63,64,46,60,66,52,65,58,56,62,59,63,71,66,68,71,62,65,67,60,53,65,70,56,58,50,63,67,63,68,6,7,10,7,6,14,Copa del Mundo
Z. Karnicnik,NK Maribor,Eslovenia,2,"RB, LB",Right,184,32,69,Eslovenia,69,51,63,67,66,68,64,46,65,66,46,67,63,56,64,66,71,67,68,72,62,62,72,72,65,50,71,62,58,58,58,74,68,66,68,11,12,14,13,10,13,Copa del Mundo
T. Svetlin,AS Saint-Étienne,Eslovenia,14,"CDM, CB",Right,177,25,70,Eslovenia,64,62,65,67,73,74,61,61,61,69,56,65,57,61,71,70,63,65,63,67,66,68,64,77,74,60,73,70,63,62,57,76,79,73,71,6,12,7,6,14,6,Copa del Mundo
M. Zabukovnik,NK Celje,Eslovenia,4,"CDM, CM",Right,185,25,60,Eslovenia,52,49,55,58,61,65,42,43,56,61,41,57,44,50,54,60,55,50,55,62,55,62,61,66,65,52,66,61,53,61,52,58,64,62,58,15,9,15,9,11,10,Copa del Mundo
T. Max Elsnik,Estrella Roja de Belgrado,Eslovenia,10,"CM, CAM",Left,182,28,71,Eslovenia,70,64,73,72,67,70,68,59,63,78,62,72,63,65,74,72,66,73,68,70,72,70,61,77,70,67,66,66,71,73,68,74,71,68,62,12,7,12,11,12,8,Copa del Mundo
A. Gnezda Cerin,Al-Wahda FC,Eslovenia,22,CM,Right,180,27,71,Eslovenia,68,66,69,73,64,71,65,65,61,69,61,74,67,66,72,72,69,67,70,71,72,69,66,74,71,66,67,67,64,70,70,72,60,66,63,6,14,12,8,12,14,Copa del Mundo
S. Lovrić,Udinese,Eslovenia,8,"CM, CDM",Right,180,28,71,Eslovenia,69,65,70,75,63,72,65,63,63,71,67,75,72,64,71,78,68,69,74,67,70,71,61,74,74,65,68,65,66,76,63,76,64,62,58,6,6,6,15,7,7,Copa del Mundo
T. Horvat,Bristol City,Eslovenia,19,RM,Left,176,27,71,Eslovenia,73,67,73,71,50,62,77,66,55,73,65,73,75,66,71,70,75,71,71,64,69,69,60,77,55,67,62,57,71,70,65,68,46,48,44,15,9,11,7,7,8,Copa del Mundo
D. Sturm,SK Slavia Praga,Eslovenia,15,"LW, ST",Left,182,27,71,Eslovenia,81,70,70,75,40,64,67,67,62,73,67,77,71,66,66,73,81,81,80,73,76,75,63,66,65,70,59,40,75,69,69,69,37,36,35,6,10,11,10,10,14,Copa del Mundo
T. Begic,UC Sampdoria,Eslovenia,7,LW,Left,175,23,68,Eslovenia,77,70,68,71,38,58,66,69,55,73,67,72,69,62,63,69,73,81,77,67,73,74,54,63,56,67,57,38,75,68,65,64,39,34,30,6,11,10,9,10,11,Copa del Mundo
B. Verbic,NK Celje,Eslovenia,,LW,Left,183,32,69,Eslovenia,74,69,67,74,39,63,64,71,59,68,66,72,68,61,62,76,71,76,70,78,76,68,61,71,64,67,51,46,71,72,62,71,37,32,34,13,6,11,6,13,14,Copa del Mundo
A. Matko,Újpest FC,Eslovenia,20,RW,Right,176,26,67,Eslovenia,74,65,65,70,37,64,68,69,59,65,62,71,71,69,58,68,74,74,73,66,73,60,61,75,61,60,56,41,69,63,64,61,35,31,28,13,8,11,6,12,15,Copa del Mundo
B. Šeško,Manchester United,Eslovenia,,ST,Right,195,23,85,Eslovenia,86,89,76,87,53,89,74,92,88,80,80,90,78,72,71,86,87,85,83,83,80,86,89,83,95,87,81,54,88,77,85,85,46,49,48,8,11,8,12,14,6,Copa del Mundo
Z. Vipotnik,Swansea City,Eslovenia,18,ST,Both,185,24,78,Eslovenia,79,79,66,77,43,81,64,82,77,67,73,77,73,69,63,78,74,83,79,80,72,78,81,72,87,73,76,44,83,68,79,75,36,41,38,11,7,7,6,12,14,Copa del Mundo
Z. Celar,FC Basilea,Eslovenia,11,"ST, LW",Right,186,27,68,Eslovenia,67,71,59,66,31,68,53,73,67,62,67,67,60,56,52,65,69,66,63,70,65,73,70,63,73,64,63,28,72,64,67,74,23,29,28,11,8,15,7,15,6,Copa del Mundo
A. Sporar,Slovan Bratislava,Eslovenia,9,"ST, CF",Right,186,32,71,Eslovenia,69,74,62,69,37,75,63,76,71,64,71,65,66,63,54,74,73,65,68,74,64,71,75,72,78,73,71,40,72,61,71,77,35,30,26,7,15,14,9,10,7,Copa del Mundo
D. Ward,Wrexham AFC,Gales,12,GK,Right,191,33,68,Gales,41,23,38,34,27,54,22,11,26,43,19,21,27,24,43,39,42,40,44,65,46,44,55,41,62,27,50,32,18,48,31,50,27,25,26,69,65,60,68,71,47,Copa del Mundo
T. King,Everton FC,Gales,21,GK,Right,194,31,60,Gales,34,17,31,27,19,44,18,10,20,37,10,16,16,11,34,30,36,32,38,56,38,38,55,37,49,13,37,26,14,41,15,41,18,15,15,62,57,54,56,65,39,Copa del Mundo
D. Cornell,Leicester City,Gales,1,GK,Right,186,35,59,Gales,28,19,30,27,16,46,13,10,18,39,13,16,17,14,31,29,27,29,33,58,39,43,48,34,52,17,44,26,12,39,17,43,10,13,16,55,60,53,61,59,33,Copa del Mundo
B. Cabango,Swansea City,Gales,6,"CB, CDM",Right,186,26,75,Gales,73,56,62,63,79,77,59,49,80,65,46,57,55,56,67,67,70,76,62,72,70,70,79,73,80,62,76,78,50,59,58,75,78,80,80,14,12,14,12,12,8,Copa del Mundo
C. Mepham,West Bromwich Albion,Gales,2,CB,Right,190,28,70,Gales,62,51,59,59,75,71,52,42,80,66,43,56,49,50,62,62,63,62,55,68,60,71,77,64,73,53,73,77,44,55,51,65,74,74,68,12,9,6,9,11,6,Copa del Mundo
B. Davies,Tottenham Hotspur,Gales,4,CB,Left,181,33,74,Gales,67,52,62,63,78,74,55,46,72,71,54,59,51,51,61,65,67,67,62,73,62,70,75,69,73,51,83,79,39,60,57,78,84,76,72,13,13,6,8,14,12,Copa del Mundo
N. Williams,Nottingham Forest,Gales,3,"LB, LM",Left,183,25,81,Gales,83,66,77,76,80,81,81,61,79,79,59,76,71,64,78,76,82,84,79,79,77,75,80,87,79,69,79,84,68,72,60,75,77,82,81,6,13,7,9,11,8,Copa del Mundo
J. Dasilva,Coventry City,Gales,15,LB,Left,170,28,74,Gales,77,61,69,70,73,72,76,59,61,71,56,69,62,55,67,67,78,76,82,66,84,68,71,79,67,58,74,70,62,65,64,68,73,78,79,11,10,13,6,7,8,Copa del Mundo
R. Norrington-Davies,Sheffield United,Gales,16,"LB, LM",Left,181,27,69,Gales,77,54,65,65,66,66,71,50,62,70,50,62,62,59,61,67,77,77,66,71,71,62,62,70,64,57,68,65,51,56,51,65,67,65,76,11,9,6,13,15,12,Copa del Mundo
J. Lienou,Leeds United U21,Gales,,LB,Left,182,18,60,Gales,66,46,54,54,59,61,58,42,56,57,43,52,46,41,52,54,65,66,57,53,60,51,60,68,57,50,64,63,47,49,43,59,57,58,63,7,14,8,13,14,15,Copa del Mundo
C. Roberts,Burnley FC,Gales,14,RB,Right,175,31,71,Gales,74,57,66,70,70,67,65,55,64,70,51,68,63,58,64,69,73,74,74,69,80,63,61,74,63,56,69,66,55,63,58,66,75,69,69,11,14,11,7,8,7,Copa del Mundo
E. Ampadu,Leeds United,Gales,5,CDM,Right,182,26,79,Gales,75,66,74,75,82,83,66,61,80,75,61,73,71,70,79,79,77,73,70,79,70,78,82,81,85,65,80,83,71,78,68,82,81,83,80,10,10,11,10,8,15,Copa del Mundo
J. James,Wolverhampton Wanderers,Gales,17,"CM, CAM",Right,182,22,74,Gales,73,68,75,70,67,72,66,66,72,80,66,66,71,66,78,71,72,74,79,75,74,76,72,72,72,64,71,68,73,78,71,75,63,69,65,15,14,6,15,10,13,Copa del Mundo
C. Savage,FC Reading,Gales,,CM,Left,182,23,66,Gales,60,59,65,64,58,69,58,54,55,68,57,65,59,55,73,63,58,62,65,69,62,68,61,73,69,61,65,57,62,66,59,64,60,58,57,14,12,13,14,9,15,Copa del Mundo
J. Sheehan,Bolton Wanderers,Gales,22,CM,Right,172,31,68,Gales,67,62,68,72,58,66,62,57,60,70,59,72,65,65,67,72,68,67,68,74,70,70,61,69,67,66,61,58,68,72,62,71,60,56,55,14,12,14,12,13,6,Copa del Mundo
L. Cullen,Leicester City,Gales,10,"CAM, CM",Left,178,27,69,Gales,71,68,69,71,43,63,69,69,59,71,67,74,71,68,64,69,69,72,68,62,72,70,59,70,64,65,55,44,69,68,71,74,42,41,36,9,15,6,10,7,13,Copa del Mundo
C. Ashford,Cardiff City,Gales,7,"CAM, CM",Both,179,22,66,Gales,66,66,65,68,39,59,63,64,53,67,60,74,67,63,62,63,70,63,67,62,67,72,54,64,60,65,51,36,68,68,63,65,42,36,33,14,13,13,6,9,6,Copa del Mundo
J. Colwill,Cardiff City,Gales,23,CAM,Right,178,21,63,Gales,64,65,64,64,37,54,57,63,47,67,56,62,63,63,60,66,65,64,69,59,66,69,47,63,54,67,47,36,62,71,62,69,39,36,28,8,10,10,9,6,8,Copa del Mundo
S. Thomas,Hull City,Gales,19,"LW, ST",Left,185,27,77,Gales,81,75,74,78,45,72,80,73,69,71,74,79,72,63,67,77,82,81,80,77,77,77,71,73,76,74,62,46,77,80,80,78,42,42,38,9,15,6,10,15,14,Copa del Mundo
B. Johnson,Everton FC,Gales,11,"RW, ST",Right,186,25,82,Gales,87,80,80,83,50,79,82,81,75,82,81,83,81,75,74,82,88,87,91,80,80,78,69,81,83,78,69,51,83,80,76,80,50,42,43,6,13,14,6,13,10,Copa del Mundo
D. James,Leeds United,Gales,20,RW,Right,171,28,75,Gales,83,73,71,78,44,62,74,75,59,70,70,79,76,73,68,76,82,83,85,72,84,72,69,68,60,69,59,47,77,71,69,73,44,39,36,6,6,11,13,7,15,Copa del Mundo
W. Burns,Leicester City,Gales,8,"RW, ST",Right,173,31,70,Gales,73,70,69,71,41,61,70,73,57,70,68,72,73,71,67,68,73,73,77,72,78,70,57,68,60,66,57,36,68,65,62,70,46,37,33,10,12,7,14,12,15,Copa del Mundo
C. Congreve,KVC Westerlo,Gales,,"RW, RM",Right,180,22,61,Gales,67,61,59,66,30,54,63,60,51,59,57,67,64,60,56,68,66,68,65,61,62,65,50,56,57,62,44,26,64,56,56,65,26,31,25,7,13,7,8,14,11,Copa del Mundo
L. Koumas,Liverpool FC,Gales,9,ST,Right,182,21,70,Gales,73,69,60,68,37,74,58,69,68,59,63,68,63,63,60,68,70,75,66,65,65,70,73,68,79,67,69,32,76,64,69,73,31,38,30,13,15,9,15,9,12,Copa del Mundo
K. Moore,Wrexham AFC,Gales,13,ST,Right,196,34,72,Gales,69,74,62,70,38,76,61,78,68,63,71,70,64,64,57,72,66,71,61,79,63,74,79,70,84,69,61,37,67,64,74,73,37,29,36,8,7,6,9,10,14,Copa del Mundo
J. Taylor,Huddersfield Town,Gales,,ST,Right,170,23,64,Gales,65,64,55,64,31,61,53,67,63,63,63,62,60,59,43,64,62,68,70,63,69,69,65,64,60,55,58,34,67,49,61,60,27,25,22,14,15,13,9,12,14,Copa del Mundo
M. Harris,Oxford United,Gales,18,"ST, CF",Right,182,27,63,Gales,64,65,54,61,30,62,56,70,57,54,65,62,57,54,48,60,64,64,57,64,61,60,59,58,66,59,56,26,65,56,61,65,30,29,17,10,7,15,9,14,11,Copa del Mundo
D. Diarra,Young Africans SC,Malí,,GK,Right,199,31,65,Malí,35,22,32,31,20,48,19,17,28,38,13,18,22,17,35,33,37,33,40,64,45,40,52,39,55,20,41,28,12,40,25,49,14,20,19,70,64,61,66,65,46,Copa del Mundo
E. Doucouré,KRC Genk,Malí,,GK,Right,189,19,60,Malí,37,19,27,25,18,45,12,10,25,34,10,16,14,16,27,26,39,35,31,51,44,43,49,36,53,20,35,26,14,38,17,35,14,16,16,59,61,52,59,61,38,Copa del Mundo
M. Samassa,Stade Lavallois,Malí,,GK,Right,198,36,65,Malí,36,21,35,32,22,44,20,14,23,42,18,22,25,21,41,33,36,36,41,61,44,41,54,42,47,17,38,29,14,37,25,51,18,22,20,67,65,56,62,66,43,Copa del Mundo
N. Traoré,Stade Malien,Malí,,GK,Right,186,26,63,Malí,37,22,31,30,21,47,19,13,23,37,14,16,18,15,40,33,36,38,45,57,47,44,52,42,51,23,41,31,14,33,28,46,13,22,20,61,65,57,62,68,43,Copa del Mundo
O. Camara,Angers SCO,Malí,,"CB, RB",Right,197,23,74,Malí,68,52,60,63,76,77,61,47,80,65,51,57,55,49,69,68,66,69,60,78,62,69,82,69,80,47,79,75,49,50,56,70,72,79,75,8,15,6,13,6,10,Copa del Mundo
C. Keita,R Charleroi SC,Malí,,CB,Right,185,23,70,Malí,67,46,58,59,72,73,53,37,72,65,47,54,52,48,63,63,71,63,56,71,61,61,69,68,77,47,72,73,44,50,55,68,70,75,71,8,10,10,12,10,10,Copa del Mundo
N. Gassama,Baltika Kaliningrad,Malí,,"CB, RB",Left,192,25,66,Malí,62,46,54,54,70,69,51,40,73,60,43,47,46,47,58,62,63,62,53,66,49,61,66,63,73,49,65,72,37,47,49,59,73,64,70,10,15,12,14,11,12,Copa del Mundo
M. Sagnan,Caykur Rizespor,Malí,,CB,Left,187,27,68,Malí,63,50,56,58,73,70,55,46,73,64,46,50,46,51,57,65,53,71,60,63,59,64,75,64,73,49,71,72,39,48,50,63,74,73,69,13,15,13,10,6,12,Copa del Mundo
D. Guindo,Stade de Reims,Malí,,LB,Left,183,23,71,Malí,77,57,66,67,69,71,70,51,64,67,55,64,58,58,65,68,74,79,74,70,70,65,71,77,67,61,73,66,60,63,58,72,69,72,73,6,15,15,6,10,14,Copa del Mundo
A. Dante,FC Zbrojovka Brno,Malí,,LB,Left,178,25,64,Malí,69,47,56,61,62,64,59,42,58,56,45,61,55,47,60,59,67,71,69,62,66,58,64,67,63,49,61,58,49,53,49,60,63,66,61,8,10,13,14,12,11,Copa del Mundo
A. Camara,Paris FC,Malí,,"RB, LB",Right,180,29,73,Malí,81,58,69,73,69,71,73,55,62,70,61,72,67,53,72,73,79,83,77,72,73,65,73,80,67,58,71,69,58,64,57,66,69,69,72,15,9,6,11,10,8,Copa del Mundo
H. Traoré,Paris FC,Malí,,RB,Right,175,34,71,Malí,70,60,66,70,69,69,66,60,61,69,52,72,63,58,69,66,72,68,75,72,73,64,66,71,65,59,77,69,57,62,57,67,67,72,74,7,8,7,7,14,9,Copa del Mundo
A. Dieng,Valencia CF,Malí,,CDM,Right,184,28,70,Malí,59,60,66,65,69,75,61,55,67,69,51,61,59,62,70,68,62,57,63,67,67,68,68,77,76,63,74,74,61,67,60,74,68,69,64,13,10,9,7,10,14,Copa del Mundo
O. Diakité,West Bromwich Albion,Malí,,CDM,Right,189,26,70,Malí,63,61,66,67,68,75,58,58,65,72,52,64,59,64,69,73,67,59,61,68,65,68,72,76,75,62,76,74,63,64,60,67,63,72,65,8,9,7,7,14,13,Copa del Mundo
M. Sangaré,Brentford FC,Malí,,"CM, CAM",Left,181,24,82,Malí,77,77,81,80,71,80,77,73,68,85,70,79,83,72,81,82,78,76,80,82,77,83,73,78,80,79,84,74,82,81,78,82,71,70,72,12,15,9,12,15,11,Copa del Mundo
A. Haidara,RC Lens,Malí,,"CM, CDM",Right,178,28,73,Malí,71,70,74,76,63,71,73,69,64,74,62,74,73,67,75,81,71,71,73,69,75,72,69,75,70,71,67,71,74,78,68,70,58,63,63,14,12,15,11,8,10,Copa del Mundo
L. Coulibaly,US Lecce,Malí,,CM,Right,183,30,68,Malí,65,64,71,69,60,67,64,59,62,76,52,71,65,59,67,66,64,65,69,69,69,70,64,68,67,72,67,62,64,75,63,66,60,60,54,10,13,9,12,14,6,Copa del Mundo
K. Doumbia,Stade Brestois 29,Malí,,"CAM, CM",Right,170,23,74,Malí,73,73,75,75,44,65,70,72,59,77,67,73,74,68,69,76,72,73,78,75,80,77,63,70,64,72,63,44,72,81,75,73,43,42,37,12,7,15,8,10,15,Copa del Mundo
M. Tia,Stade de Reims,Malí,,CAM,Right,178,19,69,Malí,74,69,73,73,43,60,70,66,62,75,67,74,73,70,69,73,76,72,75,67,72,68,59,67,57,75,58,47,74,74,67,67,40,39,37,9,9,8,15,7,13,Copa del Mundo
I. Djiguiba,Rayon Sports FC,Malí,,CAM,Right,176,22,60,Malí,60,58,62,66,33,55,58,58,40,64,55,69,64,59,58,64,62,59,68,63,68,60,47,65,52,57,50,37,62,65,57,62,33,30,26,15,12,14,14,15,10,Copa del Mundo
G. Diarra,Feyenoord,Malí,,"LW, LM",Left,183,23,66,Malí,71,66,63,70,37,60,58,67,53,65,59,70,66,64,58,72,72,71,68,71,65,65,61,69,58,67,51,35,69,65,64,63,39,34,30,10,8,7,11,9,8,Copa del Mundo
D. Nene,Fenerbahce,Malí,,"RW, ST",Right,174,23,77,Malí,84,76,74,81,45,70,76,77,64,76,82,84,84,68,65,78,87,82,80,74,83,75,68,75,71,72,62,42,79,72,73,77,42,46,39,15,7,11,13,14,10,Copa del Mundo
L. Sinayoko,Paris FC,Malí,,"ST, LW",Right,186,26,76,Malí,80,80,67,73,43,74,66,84,78,74,77,74,68,62,56,73,79,81,71,76,71,81,82,74,74,70,72,40,82,65,81,75,43,34,40,7,12,10,12,15,8,Copa del Mundo
M. Doumbia,Watford FC,Malí,,"ST, CF",Left,192,20,67,Malí,69,66,58,68,38,65,58,64,72,64,71,73,62,56,47,67,71,68,58,71,55,69,67,59,69,62,62,33,76,56,64,62,36,33,30,15,8,9,7,8,9,Copa del Mundo
S. Koïta,Genclerbirligi Ankara,Malí,,ST,Left,173,26,70,Malí,69,71,59,69,35,65,59,74,70,63,68,67,63,61,52,71,71,68,72,69,75,69,69,69,63,67,64,30,74,57,71,66,30,33,31,15,7,14,14,10,8,Copa del Mundo
A. Murić,US Sassuolo,Kosovo,1,GK,Right,198,27,74,Kosovo,51,32,43,39,32,60,34,25,30,47,31,26,29,26,44,42,51,51,47,65,58,55,63,50,67,28,53,43,23,51,34,56,28,31,29,79,75,66,73,78,54,Copa del Mundo
A. Saipi,CD Castellón,Kosovo,16,GK,Right,194,26,66,Kosovo,39,25,33,34,24,50,18,21,24,42,14,23,23,18,38,37,41,38,40,59,46,46,53,37,59,19,41,31,13,36,28,48,21,25,21,65,65,58,67,72,47,Copa del Mundo
V. Bekaj,KF Tirana,Kosovo,12,GK,Right,191,29,65,Kosovo,41,22,32,32,24,47,17,15,27,37,15,18,18,21,36,38,44,39,41,62,47,43,54,40,55,16,35,27,17,39,28,44,20,26,17,67,64,61,63,64,44,Copa del Mundo
A. Hajdari,TSG 1899 Hoffenheim,Kosovo,21,"CB, CDM",Left,189,23,80,Kosovo,71,60,68,67,83,85,66,52,84,74,55,59,62,59,70,71,72,70,70,83,66,81,82,80,90,55,81,82,61,62,62,79,82,84,82,12,8,7,14,14,8,Copa del Mundo
L. Dellova,Amed SK,Kosovo,,CB,Right,187,27,69,Kosovo,67,48,59,59,69,73,57,43,67,67,41,56,49,53,62,62,66,67,57,67,55,63,70,68,76,43,71,69,47,47,51,68,68,71,66,10,8,12,14,14,8,Copa del Mundo
L. Sadriu,ACSC FC Arges,Kosovo,,"CB, RB",Left,188,25,66,Kosovo,62,45,56,57,70,68,52,38,69,65,44,50,47,50,61,62,60,63,59,62,53,59,69,64,70,49,66,69,34,46,47,64,68,72,73,15,12,14,8,13,15,Copa del Mundo
I. Krasniqi,Polissya Zhytomyr,Kosovo,,CB,Right,189,26,65,Kosovo,59,46,57,56,70,66,57,40,69,65,42,54,47,46,53,59,57,61,51,68,52,64,69,56,72,42,64,70,45,51,43,62,70,73,65,9,9,12,14,15,7,Copa del Mundo
R. Raci,HNK Hajduk Split,Kosovo,6,"CB, CDM",Left,189,24,65,Kosovo,58,45,55,53,68,69,49,41,71,65,40,47,44,47,61,57,60,57,49,65,54,54,71,59,74,48,67,70,36,42,44,64,69,68,61,6,15,8,15,14,9,Copa del Mundo
M. Vojvoda,Udinese,Kosovo,15,RB,Right,187,31,71,Kosovo,76,59,65,71,69,72,74,56,61,65,54,67,60,58,65,75,79,74,72,73,66,65,68,74,73,62,67,71,58,61,51,67,75,67,65,8,9,6,9,11,11,Copa del Mundo
L. Avdullahu,TSG 1899 Hoffenheim,Kosovo,10,CDM,Right,185,22,77,Kosovo,73,68,74,76,78,83,69,63,74,82,61,76,63,61,75,76,70,76,70,76,76,79,77,88,83,70,80,76,73,72,69,79,81,76,80,9,10,12,6,12,12,Copa del Mundo
V. Hodza,Rubin Kazan,Kosovo,20,CDM,Right,183,23,70,Kosovo,62,64,66,68,69,71,62,63,69,69,54,65,61,62,70,72,59,64,66,65,69,68,73,74,72,63,66,72,65,65,61,67,65,71,67,13,13,13,6,9,12,Copa del Mundo
E. Osmani,FC Bayern Múnich Sub-19,Kosovo,,CDM,Left,191,17,62,Kosovo,59,53,59,55,64,65,48,48,63,68,48,54,54,52,58,57,58,60,54,57,49,64,67,62,70,54,56,57,51,56,49,58,63,70,63,13,15,6,14,9,12,Copa del Mundo
D. Kacuri,SC Austria Lustenau,Kosovo,,"CDM, CB",Left,190,22,61,Kosovo,52,52,57,56,60,67,50,49,58,62,45,56,57,46,61,56,56,49,53,62,56,58,61,69,68,54,65,63,51,55,49,63,62,56,63,9,12,9,14,14,13,Copa del Mundo
V. Demaku,SCR Altach,Kosovo,20,"CDM, CM",Right,180,26,63,Kosovo,56,56,60,62,62,68,54,58,63,65,52,66,57,51,60,59,55,56,58,64,54,57,58,70,71,54,62,61,50,59,59,62,60,64,62,6,13,7,12,9,14,Copa del Mundo
L. Emërllahu,Polissya Zhytomyr,Kosovo,22,CM,Both,183,23,66,Kosovo,64,60,65,66,56,64,65,54,53,68,55,62,63,59,64,72,68,60,64,70,65,65,61,65,66,65,58,61,69,63,60,67,53,56,60,8,15,14,10,14,8,Copa del Mundo
V. Matoshi,SK Sturm Graz,Kosovo,,CM,Right,184,23,68,Kosovo,66,62,69,68,60,65,65,62,55,71,56,61,66,67,70,76,66,66,67,70,62,66,60,70,65,60,61,65,61,70,67,75,60,57,60,12,8,10,15,12,12,Copa del Mundo
D. Rrudhani,FC Sion,Kosovo,,RM,Left,188,27,68,Kosovo,72,63,66,63,49,65,71,61,56,66,62,63,68,59,66,63,74,70,65,64,69,65,60,69,67,64,57,50,66,63,64,59,47,48,45,15,13,9,13,7,10,Copa del Mundo
D. Gallapeni,Wisła Płock,Kosovo,19,"LM, LW",Left,182,21,68,Kosovo,74,64,68,71,49,67,74,61,58,68,59,75,69,62,61,71,77,71,69,64,67,68,60,72,66,65,63,49,67,67,64,63,49,47,44,7,6,10,10,9,8,Copa del Mundo
M. Jashari,LNZ Cherkasy,Kosovo,22,"CAM, CF",Both,182,28,68,Kosovo,65,68,68,72,39,60,67,68,52,69,66,73,67,61,66,71,64,65,75,67,66,68,52,62,63,71,53,42,70,70,65,69,41,34,26,14,9,15,14,9,11,Copa del Mundo
M. Korenica,FCSB,Kosovo,7,LW,Left,175,29,70,Kosovo,79,68,69,72,41,65,75,68,54,70,67,73,70,61,64,71,82,77,73,69,78,71,65,72,64,69,57,41,64,67,64,67,45,32,40,15,11,6,6,10,9,Copa del Mundo
E. Krasniqi,Amed SK,Kosovo,17,"LW, ST",Left,188,28,67,Kosovo,73,69,63,72,37,60,67,70,58,64,69,71,68,62,58,74,71,74,73,68,65,74,63,70,58,62,53,36,69,62,59,68,34,35,31,15,9,12,9,9,15,Copa del Mundo
E. Zhegrova,Juventus de Turín,Kosovo,10,"RW, RM",Left,180,27,74,Kosovo,78,73,70,78,40,68,75,71,60,67,75,82,73,71,64,75,79,77,85,70,76,71,67,75,69,78,59,43,75,74,71,72,38,36,34,8,12,7,11,11,11,Copa del Mundo
M. Rashica,Besiktas JK,Kosovo,,"RW, RM",Right,178,30,71,Kosovo,76,71,68,74,41,64,64,72,55,70,65,74,74,62,66,75,76,76,77,70,75,73,61,71,62,68,60,41,74,72,62,70,40,40,35,11,13,11,11,10,6,Copa del Mundo
B. Zabergja,FC Kharkiv,Kosovo,23,"RW, RM",Right,185,25,69,Kosovo,77,69,67,69,36,65,68,71,61,69,64,69,67,67,60,68,79,75,75,69,66,73,59,70,67,60,57,39,69,68,69,62,30,34,32,7,12,14,12,15,6,Copa del Mundo
M. Avdyli,NK Celje,Kosovo,,"RW, RM",Left,180,24,64,Kosovo,71,60,64,69,35,57,68,60,54,65,58,73,65,54,56,66,73,69,70,66,66,62,56,63,57,59,50,30,62,64,61,62,35,34,31,13,7,9,6,9,10,Copa del Mundo
F. Asllani,TSG 1899 Hoffenheim,Kosovo,11,ST,Both,191,24,82,Kosovo,81,83,72,78,49,82,71,83,84,74,87,74,75,68,69,84,85,77,74,85,77,84,80,82,84,81,79,47,86,70,80,80,47,44,41,7,10,11,11,7,6,Copa del Mundo
V. Muriqi,Fenerbahce,Kosovo,,ST,Left,194,32,78,Kosovo,79,81,70,77,47,81,66,85,84,75,75,77,68,64,64,76,82,76,78,81,68,82,87,73,88,74,70,44,83,72,79,78,41,46,40,12,15,6,11,10,10,Copa del Mundo
P. Charles,Queens Park Rangers,Irlanda del Norte,1,GK,Right,186,21,66,Irlanda del Norte,40,23,36,34,25,48,27,13,25,39,20,18,25,21,36,43,38,41,43,64,46,48,51,39,56,24,36,32,18,47,24,41,19,28,17,64,66,63,63,64,44,Copa del Mundo
B. Peacock-Farrell,Blackpool FC,Irlanda del Norte,23,GK,Left,194,29,68,Irlanda del Norte,45,25,37,37,28,48,24,17,27,41,18,24,21,22,42,41,45,45,45,69,52,50,53,40,53,20,44,33,13,48,29,51,27,27,20,72,68,61,64,72,46,Copa del Mundo
C. Hazard,Wycombe Wanderers,Irlanda del Norte,12,GK,Left,198,28,64,Irlanda del Norte,35,24,33,32,23,45,18,15,19,40,15,22,16,22,30,33,34,35,42,66,40,50,53,35,51,23,42,31,16,43,23,41,26,16,20,63,68,61,62,69,44,Copa del Mundo
D. Ballard,Sunderland AFC,Irlanda del Norte,4,CB,Right,187,27,78,Irlanda del Norte,71,61,68,69,80,79,65,61,80,79,51,61,56,59,74,75,73,70,68,79,66,75,75,76,81,51,78,78,56,53,52,77,78,82,82,6,13,6,8,15,12,Copa del Mundo
T. Atcheson,Blackburn Rovers,Irlanda del Norte,18,CB,Right,182,20,64,Irlanda del Norte,57,43,51,52,68,65,47,38,67,58,34,50,39,42,53,53,60,54,52,58,53,59,69,63,67,43,63,67,36,45,45,56,71,66,67,8,10,12,10,11,8,Copa del Mundo
R. McConville,Norwich City,Irlanda del Norte,15,"CB, CDM",Right,193,21,68,Irlanda del Norte,66,47,56,59,71,70,54,43,80,64,44,55,50,48,58,62,65,67,57,68,54,60,73,66,73,45,66,70,43,46,47,65,70,68,72,15,7,13,13,6,15,Copa del Mundo
P. McNair,Hull City,Irlanda del Norte,17,"CB, CDM",Right,189,31,73,Irlanda del Norte,67,53,63,58,77,75,59,49,77,72,51,53,55,52,65,60,66,67,59,69,57,65,81,68,78,50,76,74,49,54,53,77,81,74,76,14,14,15,11,10,12,Copa del Mundo
C. Brown,Oxford United,Irlanda del Norte,22,CB,Left,185,28,66,Irlanda del Norte,60,45,55,52,70,68,53,40,71,63,39,49,44,47,58,50,57,63,53,63,63,63,68,63,72,41,63,70,46,44,42,62,70,71,66,11,14,8,10,13,11,Copa del Mundo
T. Hume,Sunderland AFC,Irlanda del Norte,5,"RB, LB",Right,180,24,80,Irlanda del Norte,85,66,77,76,78,78,83,60,69,81,59,76,69,64,79,73,84,85,78,77,79,80,78,86,75,66,77,76,67,69,66,81,78,80,81,9,11,7,15,12,13,Copa del Mundo
T. Devlin,Portsmouth FC,Irlanda del Norte,2,RB,Right,180,22,70,Irlanda del Norte,75,57,65,68,67,70,72,54,64,70,50,70,58,55,63,66,69,80,68,64,76,65,69,76,67,58,68,67,57,56,57,61,69,66,71,6,7,14,13,14,14,Copa del Mundo
B. Spencer,Oxford United,Irlanda del Norte,20,"RB, RM",Right,182,22,66,Irlanda del Norte,72,52,61,63,64,64,63,50,55,64,52,62,63,50,59,64,73,72,68,67,61,62,62,66,63,48,62,62,51,56,53,54,62,69,66,14,15,12,13,15,14,Copa del Mundo
S. Charles,Fulham FC,Irlanda del Norte,19,"CDM, CB",Right,189,22,74,Irlanda del Norte,68,63,70,72,77,83,63,61,77,76,62,70,64,63,69,74,64,71,72,76,72,67,75,82,85,64,83,80,66,68,64,71,78,75,74,9,7,8,15,12,13,Copa del Mundo
P. Kelly,Barnsley FC,Irlanda del Norte,16,CDM,Right,183,22,59,Irlanda del Norte,54,52,56,56,60,61,54,47,58,59,43,55,53,53,58,57,52,56,55,56,57,62,59,58,64,59,59,62,51,54,46,61,59,60,56,15,7,8,11,12,6,Copa del Mundo
I. Price,West Bromwich Albion,Irlanda del Norte,14,CM,Right,188,23,75,Irlanda del Norte,74,69,75,74,72,74,70,68,71,77,63,76,73,72,75,73,72,76,68,77,72,71,70,82,75,70,64,75,70,78,69,76,74,69,65,7,8,15,9,8,6,Copa del Mundo
E. Galbraith,Stoke City,Irlanda del Norte,7,CM,Right,175,25,76,Irlanda del Norte,77,71,78,80,67,71,72,65,65,84,63,76,71,70,81,85,74,79,82,73,77,79,68,76,69,76,69,70,73,75,70,78,66,65,69,15,8,13,15,12,14,Copa del Mundo
J. Thompson,Preston North End,Irlanda del Norte,6,"CM, CAM",Left,180,29,64,Irlanda del Norte,60,62,63,65,57,63,59,64,57,67,55,69,61,59,60,63,62,59,56,68,66,64,52,60,66,58,64,57,62,64,59,66,58,57,56,8,13,8,6,14,13,Copa del Mundo
J. Devenny,Stoke City,Irlanda del Norte,3,"CAM, CM",Left,184,22,73,Irlanda del Norte,73,74,77,77,46,67,74,76,67,74,66,77,75,73,73,81,78,69,76,66,71,74,64,70,69,74,59,47,78,90,70,74,40,44,43,14,6,7,14,13,13,Copa del Mundo
J. Donley,Luton Town,Irlanda del Norte,10,"CAM, CF",Left,183,21,64,Irlanda del Norte,64,66,65,66,37,57,61,67,51,67,60,67,72,59,60,67,68,61,64,64,66,66,56,58,58,66,53,39,70,69,60,62,33,38,26,6,10,13,14,10,7,Copa del Mundo
P. Smyth,Queens Park Rangers,Irlanda del Norte,11,RW,Right,175,29,68,Irlanda del Norte,77,68,67,72,37,58,68,68,51,74,65,74,71,65,54,70,78,76,70,68,74,70,56,67,56,68,53,38,71,63,64,67,35,35,35,10,8,13,12,14,8,Copa del Mundo
K. Morrison,Sheffield Wednesday,Irlanda del Norte,13,"RW, ST",Left,173,19,62,Irlanda del Norte,70,59,60,62,31,55,66,60,43,60,55,65,63,56,55,59,69,71,65,60,65,58,51,64,53,55,49,37,70,59,54,53,34,23,20,15,6,14,14,11,6,Copa del Mundo
C. Marshall,Luton Town,Irlanda del Norte,8,ST,Left,172,21,66,Irlanda del Norte,68,68,57,66,32,62,55,73,65,61,67,68,63,50,48,64,66,69,70,70,59,71,62,65,63,57,57,33,70,61,64,64,27,28,22,11,15,12,6,10,12,Copa del Mundo
J. Magennis,FC Stevenage,Irlanda del Norte,21,ST,Right,188,36,59,Irlanda del Norte,54,62,47,57,26,60,42,64,65,48,58,57,53,45,45,57,58,50,59,61,50,62,60,53,65,60,54,23,61,51,56,62,19,26,19,14,7,12,6,8,15,Copa del Mundo
C. O'Neill,Arsenal FC U21,Irlanda del Norte,9,"ST, LW",Left,187,18,58,Irlanda del Norte,58,61,46,58,24,61,43,64,55,52,56,57,52,44,38,60,63,54,62,54,51,60,61,58,65,54,53,23,66,44,65,57,26,17,15,15,15,15,12,6,15,Copa del Mundo
I. Radu,RC Celta de Vigo,Rumanía,1,GK,Right,188,29,75,Rumanía,48,34,43,43,31,61,34,29,33,47,23,33,24,31,50,46,45,51,51,67,56,53,70,59,66,31,47,36,23,48,38,55,29,29,29,80,68,70,74,78,52,Copa del Mundo
O. Hindrich,Legia de Varsovia,Rumanía,12,GK,Right,193,24,70,Rumanía,43,26,38,37,28,54,22,22,28,46,21,22,28,23,41,43,43,43,52,63,50,43,59,49,59,21,48,36,20,44,27,50,26,24,26,72,68,61,71,73,50,Copa del Mundo
V. Cojocaru,Pogon Szczecin,Rumanía,16,GK,Right,195,31,66,Rumanía,39,22,35,34,24,50,20,13,28,40,10,21,18,21,38,38,38,39,41,68,47,42,55,40,57,23,43,29,21,47,28,46,21,23,17,68,65,60,64,69,42,Copa del Mundo
R. Drăgușin,Fiorentina,Rumanía,,"CB, CDM",Right,192,24,78,Rumanía,73,57,63,67,81,85,61,54,81,68,50,62,56,59,68,71,74,72,64,80,65,72,84,76,89,53,86,77,54,53,58,71,80,86,77,8,13,9,11,12,15,Copa del Mundo
A. Coubiș,Lincoln City,Rumanía,4,"CB, RB",Right,193,23,68,Rumanía,57,48,57,56,72,69,57,44,76,63,36,53,44,46,60,59,58,57,53,64,55,61,77,62,72,48,69,73,51,49,48,64,67,75,70,14,7,13,10,14,11,Copa del Mundo
B. Racovițan,Raków Częstochowa,Rumanía,,"CB, CDM",Right,187,26,69,Rumanía,66,48,58,59,73,75,54,40,69,69,47,56,50,49,59,62,69,64,53,70,61,64,75,69,78,51,73,72,45,46,51,69,71,78,68,10,14,14,6,7,9,Copa del Mundo
V. Ghiță,Hannover 96,Rumanía,5,CB,Right,186,28,70,Rumanía,68,54,59,60,74,73,59,53,72,65,47,56,49,51,61,60,65,70,63,71,61,68,71,63,77,48,74,69,47,53,49,68,77,76,70,6,14,8,14,12,9,Copa del Mundo
A. Borza,Corum FK,Rumanía,7,LB,Left,180,20,68,Rumanía,78,54,63,66,64,64,64,51,57,67,48,65,61,50,61,67,76,79,68,66,70,63,67,69,60,54,67,68,61,58,54,59,61,69,62,12,13,13,11,15,15,Copa del Mundo
N. Bancu,CS Universitatea Craiova,Rumanía,,"LB, LM",Left,178,34,72,Rumanía,74,59,66,69,67,72,78,59,64,65,56,69,69,62,65,68,70,78,72,75,72,61,69,76,73,56,66,69,63,59,55,70,64,68,72,9,6,14,9,13,7,Copa del Mundo
A. Rațiu,Rayo Vallecano,Rumanía,,"RB, RM",Right,183,28,78,Rumanía,81,64,74,76,76,77,79,63,74,78,57,74,75,66,75,78,85,78,78,74,76,72,71,75,78,64,77,77,63,64,59,76,77,75,76,8,11,10,6,9,8,Copa del Mundo
T. Strata,Vitória Guimarães SC,Rumanía,,"RB, LB",Right,177,22,69,Rumanía,75,55,63,67,67,68,69,56,60,67,49,68,60,53,62,65,74,76,76,62,69,59,66,74,67,51,66,68,55,56,52,65,66,69,69,6,12,6,8,10,7,Copa del Mundo
M. Marin,Al-Nasr SC (UAE),Rumanía,,CDM,Right,180,28,69,Rumanía,62,61,65,62,71,71,56,59,63,67,52,61,65,60,68,61,61,63,65,65,66,65,70,67,72,63,73,73,62,68,56,71,71,74,67,7,9,12,14,14,15,Copa del Mundo
T. Băluță,CS Universitatea Craiova,Rumanía,6,CDM,Right,192,27,69,Rumanía,62,58,68,66,69,78,57,51,71,72,47,65,63,56,73,67,63,61,59,74,61,66,74,75,83,68,71,71,64,75,62,76,67,72,64,11,9,10,15,11,14,Copa del Mundo
R. Marin,AEK Atenas FC,Rumanía,,CM,Right,178,30,73,Rumanía,70,70,73,73,63,74,74,66,63,72,65,73,70,64,76,74,75,66,72,73,72,74,64,75,77,75,69,68,69,74,72,71,61,62,60,6,8,6,6,14,11,Copa del Mundo
C. Cîrjan,FC Dinamo 1948,Rumanía,,CM,Right,174,23,67,Rumanía,64,62,67,69,61,66,61,56,55,71,54,68,68,61,71,69,62,66,74,69,65,74,62,81,60,65,65,67,60,65,63,66,61,60,62,11,14,13,6,6,12,Copa del Mundo
A. Cicâldău,CS Universitatea Craiova,Rumanía,,CM,Right,178,29,69,Rumanía,67,64,71,68,61,67,65,63,60,78,64,67,67,62,68,69,66,67,70,71,67,68,55,73,68,64,61,62,67,71,64,64,66,57,56,13,8,14,13,14,15,Copa del Mundo
V. Dragomir,Pafos FC,Rumanía,22,CAM,Left,178,27,68,Rumanía,75,69,69,74,43,59,63,68,55,72,67,78,70,66,71,74,73,76,68,66,69,68,57,64,60,71,53,44,69,71,67,65,44,38,38,14,15,8,15,10,13,Copa del Mundo
I. Hagi,Alanyaspor,Rumanía,,CAM,Both,182,27,69,Rumanía,69,69,70,72,43,59,67,69,58,71,65,74,71,68,70,72,70,69,66,69,75,67,58,65,59,72,54,44,73,73,69,65,41,41,35,14,10,9,9,11,8,Copa del Mundo
N. Stanciu,Dalian Yingbo,Rumanía,10,CAM,Right,170,33,75,Rumanía,73,72,78,78,45,66,72,71,60,81,68,76,76,72,73,80,76,70,78,78,80,71,60,72,64,76,67,42,74,86,74,78,45,45,40,9,14,13,11,9,13,Copa del Mundo
F. Tănase,Omonia Nicosia,Rumanía,19,"CAM, CM",Right,185,31,70,Rumanía,70,68,72,70,44,62,67,67,65,72,62,67,69,68,68,73,67,73,72,71,71,70,60,63,63,70,59,47,76,84,67,71,40,41,38,11,10,8,11,10,6,Copa del Mundo
V. Mihăilă,Caykur Rizespor,Rumanía,13,"LW, ST",Left,180,26,70,Rumanía,77,71,70,71,40,65,70,71,55,76,69,70,73,58,64,73,82,73,74,70,74,71,63,64,67,73,61,39,73,64,68,64,39,37,35,11,7,10,8,7,15,Copa del Mundo
D. Man,PSV Eindhoven,Rumanía,,"RW, RM",Left,183,28,76,Rumanía,83,72,73,78,43,70,82,70,68,74,75,80,79,60,60,75,84,83,87,77,70,76,68,78,69,69,63,41,76,74,70,72,40,40,41,9,15,15,6,14,10,Copa del Mundo
O. Moruțan,FC Rapid 1923,Rumanía,,RW,Left,173,27,68,Rumanía,74,67,67,70,39,58,69,68,53,72,65,73,67,63,57,68,72,75,76,58,70,71,59,66,55,62,56,42,66,67,66,65,42,31,30,11,12,15,11,12,7,Copa del Mundo
D. Bîrligea,Frosinone Calcio,Rumanía,,ST,Right,184,26,70,Rumanía,72,71,60,68,37,68,50,70,73,64,73,66,69,65,54,69,69,74,68,71,66,68,71,67,73,75,58,35,75,62,70,72,33,34,29,13,14,13,11,13,6,Copa del Mundo
D. Peretz,Southampton FC,Israel,1,GK,Right,190,26,74,Israel,49,29,42,42,28,57,35,21,37,49,20,30,25,25,45,46,46,52,49,70,52,54,60,53,63,26,44,36,23,45,34,52,23,25,27,73,77,65,73,77,51,Copa del Mundo
O. Glazer,Maccabi Haifa,Israel,18,GK,Right,191,30,68,Israel,44,24,36,37,28,51,24,17,22,37,19,26,26,27,43,40,40,47,45,68,49,45,53,38,58,23,47,35,12,44,32,40,28,25,24,70,70,62,69,69,49,Copa del Mundo
A. Tzur,Hapoel Tel Aviv,Israel,23,GK,Right,195,28,61,Israel,33,18,32,28,18,47,17,10,17,40,10,20,14,18,36,25,33,33,34,61,41,39,50,32,59,17,33,31,11,39,16,46,16,10,19,62,56,54,62,62,42,Copa del Mundo
N. Stoinov,FC Dinamo 1948,Israel,13,CB,Left,192,21,64,Israel,58,42,52,54,68,65,47,33,76,56,35,53,49,46,55,55,58,58,51,60,51,59,69,57,68,46,65,61,41,49,38,65,70,70,63,14,13,6,13,12,14,Copa del Mundo
R. Shlomo,Maccabi Tel Aviv,Israel,4,CB,Right,188,27,64,Israel,58,43,51,55,68,70,48,37,67,57,26,50,44,44,52,60,58,58,52,61,59,64,65,64,75,42,67,66,33,45,45,59,68,67,73,15,9,7,9,6,15,Copa del Mundo
E. Dasa,Sin equipoSin equipo,Israel,2,"CB, CDM",Right,177,33,69,Israel,60,50,58,58,71,71,53,47,62,64,43,54,53,49,61,61,59,60,56,67,62,65,74,66,73,49,70,68,37,52,50,69,70,75,73,14,10,13,8,13,8,Copa del Mundo
I. Nachmias,Hapoel Beer Sheva,Israel,5,CB,Right,190,29,66,Israel,62,47,54,55,69,69,51,44,73,58,39,46,44,44,61,60,61,63,55,68,55,60,69,63,73,43,67,70,39,49,49,70,68,69,69,7,8,7,14,6,11,Copa del Mundo
N. Sztejfman,Maccabi Haifa,Israel,12,"CB, RB",Right,195,18,53,Israel,50,35,43,39,54,60,40,29,61,54,27,35,30,37,42,42,46,54,39,46,41,52,62,53,64,36,57,57,28,31,36,42,52,52,53,15,10,12,11,7,9,Copa del Mundo
R. Revivo,Elche CF,Israel,3,LB,Left,185,23,71,Israel,74,59,67,67,67,72,68,58,64,71,50,66,69,55,71,67,78,71,75,68,69,68,70,76,72,53,70,69,62,59,56,64,65,68,65,7,12,14,10,11,9,Copa del Mundo
A. Khalaili,Crystal Palace,Israel,17,RB,Right,183,22,78,Israel,80,64,76,75,76,77,79,58,74,77,64,75,71,64,76,73,80,80,78,81,78,74,73,83,73,65,81,82,64,73,66,76,75,72,80,11,7,9,6,8,14,Copa del Mundo
I. Feingold,New England Revolution,Israel,16,"RB, RM",Right,178,22,67,Israel,74,53,61,69,66,68,71,50,63,63,48,69,62,54,54,70,77,72,70,61,69,62,61,69,70,55,65,65,54,55,49,67,67,65,69,9,15,8,7,13,9,Copa del Mundo
G. Mizrahi,Hapoel Beer Sheva,Israel,14,RB,Right,177,25,66,Israel,69,51,64,62,64,61,70,48,60,67,48,63,53,53,62,59,71,68,66,67,63,57,58,68,56,52,67,67,54,61,49,62,68,60,63,11,9,14,11,9,13,Copa del Mundo
G. Kanichowsky,Maccabi Tel Aviv,Israel,16,CM,Right,165,29,69,Israel,66,63,69,72,60,64,68,61,55,68,62,70,62,65,76,72,67,65,73,68,79,62,56,70,60,68,69,63,69,69,60,75,60,62,55,13,10,9,6,8,7,Copa del Mundo
M. Abu Fani,Estrella Roja de Belgrado,Israel,,"CM, CDM",Right,164,28,68,Israel,70,64,66,70,60,64,60,60,48,71,60,66,62,64,71,73,70,70,75,66,76,72,56,75,58,64,66,62,65,63,65,67,59,62,60,12,8,13,9,7,6,Copa del Mundo
Y. Levi,Maccabi Haifa,Israel,6,CM,Right,176,21,65,Israel,60,58,63,68,58,62,58,55,55,64,54,65,63,63,69,73,64,56,63,63,63,61,59,62,61,61,63,60,64,64,64,69,57,58,58,6,14,12,6,15,11,Copa del Mundo
E. Peretz,Hapoel Beer Sheva,Israel,15,"CM, CDM",Right,189,29,68,Israel,67,63,66,68,60,69,59,61,59,70,57,66,66,61,67,73,67,67,67,65,65,66,68,70,70,65,64,60,69,67,60,65,56,65,56,13,8,8,8,12,10,Copa del Mundo
E. Azoulay,Maccabi Haifa,Israel,22,"CM, CAM",Right,175,24,69,Israel,66,62,71,72,60,64,65,56,59,74,61,74,65,62,73,72,63,69,71,67,73,68,66,70,60,69,66,62,66,72,66,72,61,59,55,12,10,14,12,11,12,Copa del Mundo
O. Gloukh,Ajax de Ámsterdam,Israel,11,"CAM, CF",Right,171,22,73,Israel,74,68,76,77,43,63,69,67,52,80,68,77,74,73,76,78,73,74,73,76,81,63,61,72,60,73,62,47,73,75,72,79,43,39,40,15,15,7,9,7,7,Copa del Mundo
O. Gandelman,US Lecce,Israel,,CAM,Left,188,26,74,Israel,68,73,77,75,46,70,75,73,63,79,69,74,77,70,76,78,70,67,73,69,76,70,67,73,73,74,58,49,75,77,74,76,44,41,45,7,9,8,11,6,7,Copa del Mundo
D. Peretz,Maccabi Tel Aviv,Israel,8,"CAM, CM",Right,185,31,71,Israel,69,75,71,74,47,61,67,75,63,70,75,72,77,72,70,74,71,67,76,72,70,77,63,67,59,77,60,47,70,77,71,82,47,43,46,9,14,12,8,10,13,Copa del Mundo
M. Solomon,West Ham United,Israel,10,"LW, ST",Left,170,27,76,Israel,82,74,72,77,46,66,77,76,66,73,75,73,77,71,65,80,79,85,83,76,79,70,67,76,62,74,63,44,78,70,74,70,43,43,44,12,8,10,11,14,8,Copa del Mundo
Y. Shua,Beitar Jerusalem,Israel,7,LW,Both,185,27,67,Israel,73,66,66,69,38,62,67,66,64,68,60,71,64,63,54,67,75,72,69,71,61,68,57,72,62,66,52,39,70,74,62,67,35,35,33,14,11,15,10,12,9,Copa del Mundo
L. Abada,Charlotte FC,Israel,20,RW,Right,172,25,72,Israel,78,70,69,77,40,65,75,68,53,67,66,80,76,67,62,74,75,80,76,73,77,72,61,74,64,74,59,39,73,72,67,77,39,38,38,7,10,9,14,14,6,Copa del Mundo
T. Baribo,D.C. United,Israel,9,ST,Right,181,28,75,Israel,79,79,64,76,42,72,62,84,76,67,73,77,70,68,60,77,76,81,70,80,75,72,75,69,75,74,69,43,85,60,73,77,36,39,36,6,12,15,7,13,15,Copa del Mundo
D. Turgeman,New England Revolution,Israel,19,ST,Both,186,22,69,Israel,69,73,57,70,38,71,56,78,76,59,72,73,62,58,54,68,73,66,67,67,66,69,71,70,73,66,65,36,76,57,73,66,30,35,34,14,12,11,8,15,15,Copa del Mundo
I. Toklomati,Charlotte FC,Israel,21,"ST, LW",Right,183,22,68,Israel,70,71,59,67,35,68,58,74,68,64,68,68,59,55,49,67,69,70,61,70,65,69,68,64,73,66,61,33,76,58,71,67,33,31,25,7,6,15,10,14,8,Copa del Mundo
S. Abu Farkhi,Colorado Rapids,Israel,22,"ST, LW",Both,184,20,68,Israel,70,68,56,68,37,72,53,72,69,59,66,64,61,58,49,73,70,70,71,66,61,65,73,72,73,59,67,36,76,58,68,69,33,36,25,12,12,8,6,15,14,Copa del Mundo
A. Sherri,Cagliari,Albania,,GK,Right,197,28,66,Albania,38,26,35,31,26,49,21,19,31,40,15,21,31,20,36,32,39,38,39,62,39,45,53,40,57,27,41,36,14,45,27,45,20,24,20,68,65,63,69,64,45,Copa del Mundo
M. Dajsinani,KF Egnatia,Albania,23,GK,Right,193,27,63,Albania,39,20,31,31,20,47,15,11,21,35,11,22,20,21,38,33,37,41,37,56,41,45,57,41,54,18,34,24,14,40,24,46,20,19,17,65,64,59,60,62,43,Copa del Mundo
S. Simoni,FC Lucerna,Albania,1,GK,Right,195,22,59,Albania,38,17,27,25,18,41,15,10,18,34,10,10,15,16,29,32,38,38,32,56,38,44,51,28,47,11,40,22,10,32,19,40,17,16,14,57,56,53,60,61,34,Copa del Mundo
A. Taho,Inter U23,Albania,12,GK,Left,193,19,57,Albania,30,16,26,21,14,39,13,10,15,33,10,10,11,12,31,23,31,30,32,46,38,37,43,34,44,10,33,18,10,29,22,36,12,15,11,59,58,49,60,55,46,Copa del Mundo
E. Berisha,BK Häcken,Albania,,GK,Left,195,37,66,Albania,31,22,34,33,23,49,21,10,29,37,20,22,25,21,39,35,33,29,40,65,44,48,53,40,55,25,42,34,18,41,29,48,19,21,17,69,61,63,64,66,40,Copa del Mundo
A. Ismajli,Torino FC,Albania,18,CB,Right,187,30,76,Albania,69,55,65,64,82,78,66,48,85,74,51,59,55,54,65,66,68,70,66,76,64,72,74,74,80,58,79,81,50,53,54,71,82,82,80,15,10,6,8,6,8,Copa del Mundo
B. Djimsiti,Al-Diriyah FC,Albania,6,CB,Right,190,33,75,Albania,67,55,64,64,80,80,59,49,82,72,55,57,53,57,66,69,63,70,61,74,61,72,83,76,82,53,77,85,51,59,59,78,83,74,79,8,6,9,6,6,7,Copa del Mundo
M. Kumbulla,Rayo Vallecano,Albania,15,"CB, RB",Right,191,26,71,Albania,67,53,60,60,74,76,58,50,78,67,45,54,54,53,64,65,66,67,57,69,58,65,78,70,81,52,71,72,46,52,56,69,76,73,72,15,13,10,11,7,15,Copa del Mundo
K. Cake,Akhmat Grozny,Albania,2,CB,Right,185,27,69,Albania,59,52,57,58,72,71,49,49,73,66,47,54,53,45,57,59,57,60,63,65,55,62,74,65,72,52,73,74,40,52,52,73,71,73,71,10,12,7,14,11,11,Copa del Mundo
N. Aliji,FC Dinamo City,Albania,13,"CB, CDM",Left,177,32,65,Albania,58,47,56,52,68,64,53,39,64,64,45,45,46,39,58,52,57,59,62,65,64,62,60,62,65,52,64,74,39,49,49,69,66,67,68,12,7,13,15,12,6,Copa del Mundo
M. Mitaj,Genoa CFC,Albania,3,"LB, LM",Left,180,23,73,Albania,75,56,70,73,71,70,70,53,61,75,58,73,68,58,72,73,73,77,75,71,73,63,70,74,68,52,71,73,62,65,60,65,72,72,69,10,14,15,14,8,12,Copa del Mundo
S. Pilo,AEK Atenas FC,Albania,22,LB,Left,175,25,68,Albania,74,54,64,63,66,66,74,50,55,68,43,59,63,58,58,64,74,74,71,61,74,63,63,68,65,57,66,64,58,51,51,66,66,68,71,8,13,8,10,6,15,Copa del Mundo
E. Hysaj,Sin equipoSin equipo,Albania,4,"RB, LB",Right,182,32,71,Albania,73,56,66,69,70,72,73,53,67,68,53,68,65,56,69,70,68,77,69,71,71,66,69,76,71,52,70,72,61,58,53,71,70,70,72,8,10,14,8,7,6,Copa del Mundo
K. Asllani,Al-Jazira Club,Albania,8,"CDM, CM",Right,179,24,76,Albania,70,68,72,72,75,76,65,68,69,77,59,72,69,69,76,71,69,71,71,77,77,73,70,78,77,68,75,76,64,69,61,78,75,75,80,14,13,10,14,11,7,Copa del Mundo
J. Shehu,RTS Widzew Łódź,Albania,16,"CDM, CB",Right,187,28,72,Albania,68,64,68,68,74,78,62,61,72,74,58,67,64,63,71,72,70,67,57,70,69,72,69,76,81,62,76,75,64,66,65,72,75,75,72,14,12,14,14,12,15,Copa del Mundo
Y. Ramadani,Corum FK,Albania,20,CDM,Right,185,30,70,Albania,66,60,66,64,68,76,60,56,68,68,55,60,60,62,73,68,67,66,64,69,63,65,73,75,77,66,77,72,58,65,62,67,69,65,70,12,8,13,9,13,11,Copa del Mundo
F. Fetai,NK Lokomotiva Zagreb,Albania,,"CDM, CM",Right,172,21,60,Albania,54,52,57,56,62,61,43,48,54,70,41,49,48,55,61,60,52,56,59,61,61,63,53,59,62,52,62,72,53,47,48,59,59,62,63,12,14,12,8,10,11,Copa del Mundo
L. Hasa,Frosinone Calcio,Albania,5,"CM, CDM",Right,172,22,68,Albania,68,64,68,72,59,66,61,60,57,72,56,71,67,59,74,74,68,68,68,72,66,69,55,75,63,69,64,64,66,66,62,71,57,58,63,14,11,11,15,14,12,Copa del Mundo
K. Qefalija,FC Dinamo City,Albania,,CM,Left,175,22,59,Albania,55,52,60,60,50,54,55,48,46,62,50,58,59,52,61,63,56,54,57,58,63,58,46,56,52,54,57,50,59,64,50,58,49,53,53,13,11,7,6,14,13,Copa del Mundo
A. Mehmeti,Ipswich Town,Albania,9,"CAM, CF",Right,180,25,76,Albania,79,76,77,80,47,69,76,75,58,77,67,79,75,81,76,83,82,76,80,75,76,73,69,75,68,81,62,48,78,79,74,79,45,47,42,12,13,7,9,11,6,Copa del Mundo
E. Muci,Trabzonspor,Albania,10,CAM,Both,180,25,78,Albania,82,77,81,82,53,69,83,76,68,82,75,84,81,82,75,84,85,79,78,73,74,78,69,76,67,80,66,53,79,80,76,80,55,47,50,13,7,14,7,7,13,Copa del Mundo
M. Uzuni,Austin FC,Albania,11,"LW, LM",Left,178,31,76,Albania,78,74,76,79,45,67,73,75,68,80,75,78,76,66,73,78,76,79,84,76,80,72,63,76,66,75,58,43,77,76,70,79,43,40,43,11,12,14,7,11,9,Copa del Mundo
A. Hoxha,GNK Dinamo Zagreb,Albania,21,LW,Left,185,28,70,Albania,80,67,66,70,39,68,71,65,63,64,67,73,74,66,60,71,80,80,67,64,64,73,64,74,69,65,58,39,69,69,60,65,37,33,35,10,10,7,14,11,12,Copa del Mundo
S. Kerjota,Heart of Midlothian FC,Albania,,"RW, ST",Left,176,25,62,Albania,69,59,61,62,33,57,61,61,52,64,60,59,64,55,57,65,69,69,68,65,63,61,47,63,57,52,51,31,64,58,58,58,30,33,25,13,14,11,6,15,6,Copa del Mundo
M. Daku,FC Spartak de Moscú,Albania,19,ST,Right,192,28,73,Albania,71,74,64,72,42,75,58,77,70,70,66,71,67,62,61,76,66,75,64,67,62,74,74,71,78,68,71,43,79,63,73,74,41,34,40,8,13,9,14,10,6,Copa del Mundo
C. Shpendi,Cesena FC,Albania,14,"ST, CF",Right,181,23,69,Albania,68,70,59,68,34,68,57,74,68,64,68,67,66,57,55,68,67,68,69,71,62,67,71,64,70,61,65,29,74,55,70,70,34,28,28,12,7,7,10,7,10,Copa del Mundo
R. Manaj,Sivasspor,Albania,7,"ST, CF",Right,182,29,70,Albania,74,74,60,66,37,64,60,77,70,65,71,64,60,60,53,68,73,75,65,72,64,73,68,65,66,67,59,35,72,55,74,68,35,30,31,9,7,6,13,7,10,Copa del Mundo
T. Seferi,Kayserispor,Albania,17,"ST, LW",Right,186,29,69,Albania,70,71,59,68,36,68,57,75,70,61,64,66,63,63,60,71,73,68,65,69,63,67,71,67,68,70,66,34,70,56,66,72,38,28,26,12,7,10,8,13,13,Copa del Mundo
J. Contreras,Barcelona SC Guayaquil,Venezuela,,GK,Right,189,31,69,Venezuela,42,27,38,38,28,53,28,19,29,42,18,24,24,19,46,41,46,39,51,69,52,52,56,49,57,22,46,36,19,45,28,55,31,21,20,70,69,63,65,68,46,Copa del Mundo
F. Benítez,Caracas FC,Venezuela,,GK,Right,188,22,63,Venezuela,39,21,34,29,21,43,20,11,25,42,14,19,22,15,31,32,36,41,37,56,38,45,52,40,48,23,34,34,14,42,28,44,14,20,17,61,57,58,66,69,45,Copa del Mundo
C. Varela,Deportivo La Guaira,Venezuela,,GK,Left,189,26,63,Venezuela,34,18,32,29,20,47,19,10,22,39,17,21,18,13,37,27,38,31,35,64,41,37,51,35,59,17,33,22,10,38,18,39,15,22,22,66,64,54,60,65,42,Copa del Mundo
J. Graterol,Academia Puerto Cabello,Venezuela,1,GK,Right,182,29,64,Venezuela,40,22,33,29,21,47,21,18,23,38,12,15,17,18,39,35,41,39,28,62,46,41,42,41,51,19,45,29,15,39,16,46,20,15,24,67,60,56,61,67,45,Copa del Mundo
N. Ferraresi,Botafogo de Futebol e Regatas,Venezuela,2,CB,Right,190,27,72,Venezuela,63,50,62,63,74,74,58,43,83,69,46,57,55,53,68,67,64,63,58,75,64,65,80,67,77,51,73,73,51,52,50,75,75,73,72,7,10,11,7,14,14,Copa del Mundo
C. Makoun,Levski Sofia,Venezuela,5,CB,Left,185,26,72,Venezuela,67,54,61,63,75,76,56,52,77,68,48,58,55,54,67,68,66,68,59,68,58,66,76,74,76,51,79,74,49,51,54,71,73,78,74,13,12,15,14,13,14,Copa del Mundo
T. Quintero,Sparta Rotterdam,Venezuela,,CB,Left,188,27,66,Venezuela,57,45,53,57,70,66,48,40,67,58,44,55,41,47,62,58,54,59,54,66,58,57,73,60,69,45,65,67,41,47,47,64,71,71,71,6,11,12,15,6,10,Copa del Mundo
C. Vivas,Internacional de Bogotá,Venezuela,,CB,Right,182,24,67,Venezuela,66,45,54,59,68,68,47,40,64,62,45,57,46,50,63,63,64,68,54,58,54,60,66,58,72,44,70,69,43,43,44,72,70,67,67,8,11,14,7,9,6,Copa del Mundo
Y. Osorio,Deportes Tolima,Venezuela,,"CB, CDM",Right,189,32,67,Venezuela,57,48,59,56,70,71,57,45,69,66,43,53,43,47,64,56,55,59,57,67,58,59,70,64,76,46,69,70,39,53,45,69,73,70,64,9,7,10,6,6,15,Copa del Mundo
B. Tamayo,Universidad de Chile,Venezuela,,"CB, RB",Left,184,21,60,Venezuela,54,39,49,49,61,61,44,34,60,57,31,45,44,46,55,48,55,54,53,64,52,53,64,53,65,38,59,59,31,37,40,63,64,59,65,6,11,9,7,15,6,Copa del Mundo
L. Balbo,SK Sturm Graz,Venezuela,,LB,Left,177,20,65,Venezuela,69,51,60,63,62,65,66,48,55,63,50,61,55,54,63,64,73,66,64,64,71,59,65,71,64,49,58,65,54,49,47,59,62,61,65,15,10,13,11,7,15,Copa del Mundo
J. David Sánchez,Deportivo Táchira,Venezuela,,LB,Left,187,21,60,Venezuela,67,46,57,56,60,58,63,41,62,59,45,50,54,46,58,61,69,65,57,60,61,58,57,64,55,43,58,61,53,49,50,56,61,59,58,11,8,6,11,9,7,Copa del Mundo
J. Aramburu,Real Sociedad,Venezuela,4,RB,Right,176,24,77,Venezuela,73,61,72,72,74,74,76,56,66,77,55,71,63,61,69,70,70,76,81,76,77,73,73,81,72,62,73,74,63,64,61,72,75,75,75,12,13,12,15,12,8,Copa del Mundo
D. Alfonzo,Deportivo Táchira,Venezuela,,"RB, LB",Right,178,26,64,Venezuela,69,51,62,62,63,63,68,48,63,65,47,59,55,52,61,63,67,70,68,64,74,59,60,71,59,54,64,63,49,55,48,60,63,64,59,15,12,8,13,14,8,Copa del Mundo
R. Davis,Valencia CF Juvenil A,Venezuela,,RB,Right,178,18,61,Venezuela,65,50,53,58,56,60,60,44,49,56,41,57,51,45,55,56,64,65,62,59,68,66,60,69,57,51,57,56,50,44,45,53,56,55,66,6,13,12,13,15,14,Copa del Mundo
A. Araujo,Polissya Zhytomyr,Venezuela,,CDM,Right,183,23,67,Venezuela,57,59,63,61,66,69,55,55,65,67,53,58,54,56,70,65,60,55,60,60,56,67,62,69,68,61,72,63,58,61,60,66,68,67,69,15,15,15,11,6,10,Copa del Mundo
N. Profeta,Santos FC U20,Venezuela,,"CDM, CM",Left,179,20,60,Venezuela,56,50,56,56,61,61,51,43,53,59,46,54,53,47,56,57,60,52,61,59,51,64,57,66,59,54,62,65,47,57,57,60,60,64,58,9,14,13,15,10,7,Copa del Mundo
C. Cásseres Jr.,Toulouse FC,Venezuela,18,"CM, CDM",Right,176,26,77,Venezuela,73,72,78,77,70,75,73,67,65,82,73,79,73,74,80,76,75,72,75,79,79,71,70,85,72,82,72,74,73,79,70,72,71,70,69,14,14,15,11,7,9,Copa del Mundo
Y. Herrera,Real Sociedad,Venezuela,6,CM,Right,184,28,70,Venezuela,66,63,68,72,62,73,60,58,65,74,64,75,67,68,68,70,61,70,66,69,67,67,62,76,74,69,68,60,65,67,64,74,64,61,55,13,8,15,9,6,8,Copa del Mundo
T. Segovia,Inter Miami CF,Venezuela,16,CM,Right,180,23,71,Venezuela,69,65,71,71,66,66,70,62,61,69,59,73,70,69,77,71,70,69,70,70,63,71,65,72,65,65,60,61,66,74,67,75,63,75,64,7,10,8,15,15,15,Copa del Mundo
D. Pereira,CF Montréal,Venezuela,5,"CM, CDM",Right,175,26,69,Venezuela,69,63,68,69,61,65,66,58,59,69,55,66,68,69,75,72,70,69,70,73,64,68,58,75,60,71,65,64,62,65,66,72,59,64,57,6,7,6,8,14,8,Copa del Mundo
M. Libra,Bolonia,Venezuela,,"CM, CDM",Right,182,18,60,Venezuela,58,53,62,61,54,62,59,51,56,67,48,60,64,52,59,63,59,58,62,59,56,56,54,63,63,57,59,51,57,60,53,59,51,59,54,9,14,8,10,13,14,Copa del Mundo
S. Mendoza,Carabobo FC,Venezuela,,CM,Right,173,20,56,Venezuela,53,48,54,58,49,55,49,45,38,61,46,60,51,51,53,59,57,50,55,56,57,50,49,60,51,52,58,55,56,50,54,52,52,47,43,9,7,6,11,13,7,Copa del Mundo
W. Carmona,CF Montréal,Venezuela,,CAM,Left,173,23,69,Venezuela,72,67,70,73,41,59,66,65,54,73,60,71,71,67,67,75,68,75,75,73,68,71,61,68,55,72,55,42,71,72,60,71,43,35,40,13,14,13,14,12,8,Copa del Mundo
G. Mendoza,Shakhtar Donetsk,Venezuela,,"LW, LM",Left,184,24,71,Venezuela,81,71,68,76,40,66,72,72,57,71,66,78,68,66,59,77,79,82,77,72,69,74,62,74,66,65,57,42,76,67,70,67,39,38,31,10,13,15,15,6,15,Copa del Mundo
E. Tortolero,CD América de Cali,Venezuela,,LW,Left,174,28,66,Venezuela,71,64,62,71,38,58,66,68,55,61,63,75,69,60,56,66,73,70,75,63,68,63,55,67,56,56,50,41,71,61,61,68,36,35,30,7,15,13,13,15,13,Copa del Mundo
D. Martínez,FC Midtjylland,Venezuela,,"RW, RM",Left,178,20,69,Venezuela,78,66,67,71,39,65,71,63,58,66,65,74,62,58,63,68,77,78,77,64,67,71,60,69,65,67,59,44,70,69,66,68,39,33,32,6,11,15,10,12,10,Copa del Mundo
E. Echenique,FC Cincinnati,Venezuela,,RW,Right,170,22,67,Venezuela,72,65,65,71,34,56,73,65,48,63,62,70,69,62,59,71,76,69,74,68,73,70,55,70,51,62,52,34,69,66,55,70,33,31,32,8,11,8,10,8,12,Copa del Mundo
Y. Sulbarán,FC Liefering,Venezuela,,"RW, ST",Left,177,18,62,Venezuela,75,62,60,63,31,52,58,59,48,63,56,65,59,54,53,58,71,78,67,60,67,67,52,66,50,66,42,29,61,62,60,64,30,31,24,9,14,13,9,15,14,Copa del Mundo
K. Kelsy,Rangers FC,Venezuela,19,"ST, CF",Left,193,22,74,Venezuela,76,77,62,74,39,75,59,84,80,66,74,71,64,63,57,77,75,76,74,79,67,72,79,68,82,67,66,31,78,62,68,72,37,35,31,15,12,10,15,9,7,Copa del Mundo
J. Ramírez,Corum FK,Venezuela,,ST,Left,187,28,71,Venezuela,72,75,58,69,37,71,57,80,69,60,66,70,58,51,56,68,73,71,69,74,66,74,71,65,76,72,67,33,69,61,68,74,34,35,30,13,10,7,14,10,14,Copa del Mundo
J. Cádiz,Wuhan Three Towns,Venezuela,,"ST, CF",Right,190,31,72,Venezuela,68,70,62,71,38,70,56,70,76,64,69,69,61,62,61,72,66,69,68,77,66,72,74,67,73,67,63,41,77,64,69,80,33,31,33,13,11,11,15,6,15,Copa del Mundo
J. Bolívar,Kalamata FC,Venezuela,,ST,Right,176,24,65,Venezuela,64,67,54,65,27,63,49,68,62,62,70,61,58,58,45,69,65,64,70,68,58,66,65,64,64,62,59,21,71,50,69,71,25,22,23,13,11,8,14,13,10,Copa del Mundo
B. Castillo,Carabobo FC,Venezuela,,"ST, CF",Right,186,25,60,Venezuela,59,62,50,58,23,59,49,65,58,53,61,54,52,48,44,61,58,59,59,57,57,60,65,57,65,57,46,21,67,52,58,64,19,20,16,12,11,15,9,14,7,Copa del Mundo
H. Koffi,Union Saint-Gilloise,Burkina Faso,,GK,Right,186,29,74,Burkina Faso,48,33,41,41,31,60,29,26,31,46,21,29,30,27,46,44,44,51,47,73,56,54,64,51,69,32,48,35,25,49,37,56,30,27,38,73,71,65,72,77,53,Copa del Mundo
K. Nikièma,ADO Den Haag,Burkina Faso,,GK,Left,188,23,67,Burkina Faso,39,24,36,32,22,51,18,11,26,42,16,17,19,23,44,37,38,40,41,62,51,52,58,40,59,27,44,28,16,45,26,48,20,19,17,68,68,59,73,69,44,Copa del Mundo
F. Ouédraogo,Al-Hilal Club (Omdurman),Burkina Faso,,GK,Right,185,29,60,Burkina Faso,35,18,28,24,16,40,11,11,24,33,10,11,13,16,33,27,36,35,32,56,42,41,43,29,47,17,33,22,10,37,13,41,12,13,17,61,59,54,58,65,38,Copa del Mundo
E. Tapsoba,Bayer 04 Leverkusen,Burkina Faso,,"CB, RB",Right,194,27,80,Burkina Faso,75,58,67,68,83,86,67,51,87,72,54,62,58,56,73,72,74,75,63,86,68,71,84,80,89,61,84,85,57,59,61,76,82,83,81,15,6,6,12,9,9,Copa del Mundo
N. Djiga,Wolverhampton Wanderers,Burkina Faso,,CB,Right,192,23,71,Burkina Faso,66,51,58,58,75,75,55,43,80,66,46,49,49,50,59,66,63,69,60,68,56,66,79,70,76,58,79,73,43,50,48,66,72,79,73,7,15,9,12,7,8,Copa del Mundo
I. Maiga,FK Cukaricki,Burkina Faso,,"CB, RB",Right,187,22,60,Burkina Faso,56,40,48,50,66,63,41,34,65,55,32,44,37,38,54,56,55,57,49,52,50,54,58,57,67,40,62,63,37,43,40,56,71,66,63,14,7,7,8,15,13,Copa del Mundo
R. Gnanou,IF Gnistan,Burkina Faso,,"CB, RB",Both,186,21,59,Burkina Faso,59,40,49,51,63,61,44,34,62,57,33,48,37,38,52,54,60,59,47,61,50,57,63,51,65,39,61,64,39,44,38,58,65,62,56,14,6,6,7,13,13,Copa del Mundo
A. Kouassi,FC Lorient,Burkina Faso,,LB,Left,178,22,73,Burkina Faso,82,59,70,71,69,69,72,57,68,75,52,67,68,56,68,74,80,83,74,72,78,62,68,75,66,59,68,66,61,63,62,72,74,64,77,9,12,10,10,8,7,Copa del Mundo
M. Ouédraogo,Olympique de Lyon,Burkina Faso,,"LB, LM",Left,183,23,66,Burkina Faso,71,54,63,65,65,66,65,51,61,66,49,64,59,55,64,65,73,69,70,64,68,57,63,68,65,58,65,60,54,56,50,64,64,70,69,13,8,8,12,6,6,Copa del Mundo
I. Kaboré,Wrexham AFC,Burkina Faso,,RB,Right,180,25,70,Burkina Faso,72,54,64,64,69,71,66,48,66,67,52,59,64,53,63,65,71,72,73,62,66,67,65,79,68,52,68,69,61,60,54,70,68,69,73,8,7,14,12,14,15,Copa del Mundo
I. Ouédraogo,Odense Boldklub,Burkina Faso,,CDM,Right,169,26,65,Burkina Faso,59,54,60,60,66,68,54,45,61,63,50,57,55,57,62,60,60,59,64,70,66,71,58,72,67,57,70,70,53,62,55,63,67,65,66,9,14,12,15,6,14,Copa del Mundo
J. Bationo,DAC Dunajska Streda,Burkina Faso,,"CDM, CB",Right,191,20,62,Burkina Faso,57,52,58,58,64,65,53,46,65,63,47,55,56,50,59,60,58,56,57,60,57,62,64,62,68,54,61,71,55,54,53,60,61,64,56,8,14,12,13,15,8,Copa del Mundo
L. Doucet,Vitória Guimarães SC,Burkina Faso,,CDM,Right,180,24,66,Burkina Faso,61,55,62,66,67,67,55,51,65,67,53,70,57,59,63,64,61,61,61,66,63,65,62,70,68,54,64,67,55,62,57,68,66,69,65,13,6,10,8,10,6,Copa del Mundo
R. Kouda,Mantova 1911,Burkina Faso,,"CM, CAM",Right,188,24,70,Burkina Faso,66,64,74,70,64,73,70,62,68,77,60,70,69,65,75,71,69,63,63,73,70,68,69,75,75,63,65,67,66,74,65,75,63,62,58,14,15,7,9,14,7,Copa del Mundo
C. Bebel Doumbia,FC Rapid 1923,Burkina Faso,,CM,Right,193,18,57,Burkina Faso,55,55,54,52,49,60,48,55,54,55,51,47,50,47,59,57,57,53,55,52,50,59,53,63,62,56,53,48,51,57,52,52,50,46,56,9,14,8,6,8,13,Copa del Mundo
A. Zagré,FC Utrecht,Burkina Faso,,LM,Left,168,25,67,Burkina Faso,75,62,65,70,48,61,67,60,47,68,56,69,68,63,59,70,75,75,72,70,78,66,54,69,58,65,58,52,62,64,63,68,47,48,43,12,12,11,14,10,15,Copa del Mundo
A. Sountonoma Taonsa,Västerås SK,Burkina Faso,,"CAM, CM",Right,184,22,62,Burkina Faso,61,62,62,66,34,55,59,63,51,61,53,67,64,59,55,66,65,58,61,64,65,62,53,55,57,59,51,39,68,71,60,61,31,32,27,15,10,10,7,7,6,Copa del Mundo
A. Camara,Red Bull Salzburgo,Burkina Faso,,LW,Left,174,20,67,Burkina Faso,76,60,65,70,36,57,69,59,53,63,63,68,70,60,61,73,75,76,77,66,72,60,55,65,54,61,56,42,69,67,60,56,39,26,30,7,15,9,15,14,11,Copa del Mundo
O. Bouda,San José Earthquakes,Burkina Faso,,"RW, ST",Right,180,26,68,Burkina Faso,74,66,68,69,37,60,74,65,55,69,65,68,65,57,58,68,74,74,71,73,70,69,54,70,57,65,56,36,71,70,64,68,36,33,33,14,11,9,11,8,10,Copa del Mundo
G. Minoungou,Colorado Rapids,Burkina Faso,,RW,Right,178,24,68,Burkina Faso,74,66,65,72,37,64,64,66,54,66,64,74,65,63,61,71,71,76,72,65,64,71,58,69,65,63,56,35,66,68,68,70,32,40,34,13,7,14,11,11,15,Copa del Mundo
L. Traoré,Shakhtar Donetsk,Burkina Faso,,ST,Right,183,25,72,Burkina Faso,77,73,60,70,40,73,57,76,75,66,75,69,63,58,55,70,74,80,69,76,68,71,73,69,77,70,67,37,72,58,72,73,36,36,34,8,12,7,7,6,8,Copa del Mundo
E. Kaboré,SK Beveren,Burkina Faso,,"ST, LW",Right,180,19,61,Burkina Faso,64,63,53,59,30,59,51,67,68,57,54,61,53,52,43,58,61,66,55,58,57,61,60,60,59,57,57,28,67,54,56,61,24,28,23,13,10,6,9,14,13,Copa del Mundo
A. Tapsoba,Radomiak Radom,Burkina Faso,,"ST, LW",Right,180,25,64,Burkina Faso,64,69,51,63,29,63,47,75,67,55,62,62,61,53,46,65,66,63,65,65,56,68,62,62,64,61,60,25,66,50,67,63,26,24,23,11,11,9,9,12,8,Copa del Mundo
P. Landry Kaboré,Heart of Midlothian FC,Burkina Faso,,"ST, LW",Left,188,25,60,Burkina Faso,65,60,53,59,26,59,43,62,60,62,62,60,47,51,46,58,63,66,55,65,59,60,64,54,63,57,54,27,65,55,52,61,25,19,15,10,9,8,6,8,15,Copa del Mundo
E. Ólafsson,FC Midtjylland,Islandia,1,GK,Right,201,26,71,Islandia,44,28,40,36,28,54,29,17,30,44,20,26,25,30,47,39,45,44,43,62,49,53,63,50,57,32,49,27,21,46,35,49,32,25,28,73,65,65,70,77,47,Copa del Mundo
H. Valdimarsson,Brentford FC,Islandia,12,GK,Right,195,24,69,Islandia,40,25,37,35,28,51,21,15,35,43,21,24,27,27,42,36,42,38,45,67,50,45,59,47,55,27,44,35,17,42,30,53,24,27,27,74,70,65,68,71,51,Copa del Mundo
A. Ingi Benediktsson,Akademisk Boldklub,Islandia,,GK,Left,196,23,62,Islandia,39,17,29,30,20,46,20,10,23,33,12,17,12,15,32,36,37,41,34,57,38,41,48,35,54,11,38,26,10,35,21,45,13,21,18,62,57,53,59,63,41,Copa del Mundo
A. Ari Einarsson,Breidablik Kópavogur,Islandia,13,GK,Right,192,32,65,Islandia,37,23,35,36,22,48,18,18,27,42,11,25,19,24,36,39,35,38,40,61,49,44,56,40,54,20,42,31,15,47,24,52,15,20,21,65,66,60,64,70,41,Copa del Mundo
S. Ingi Ingason,Panathinaikos,Islandia,5,CB,Right,188,33,72,Islandia,64,49,60,61,76,78,57,42,76,66,50,60,48,49,65,60,61,66,61,68,59,64,73,75,82,50,75,78,46,53,49,72,78,75,69,13,12,6,15,15,12,Copa del Mundo
H. Magnússon,Atromitos FC,Islandia,23,CB,Left,191,33,68,Islandia,60,49,58,56,72,72,51,45,74,67,42,54,50,44,59,55,56,64,53,74,59,66,75,67,76,46,69,75,40,52,48,69,74,69,70,12,11,11,14,6,14,Copa del Mundo
H. Hermannsson,IFK Göteborg,Islandia,3,CB,Right,190,31,65,Islandia,56,45,53,52,69,68,50,40,70,61,40,47,43,45,59,54,53,59,50,68,52,61,68,66,68,46,70,73,34,44,45,63,63,74,65,9,7,15,12,13,9,Copa del Mundo
V. Pálsson,AC Horsens,Islandia,4,"CB, RB",Right,186,35,62,Islandia,53,45,52,51,64,63,53,41,70,59,42,47,38,44,53,51,50,55,54,61,57,56,63,59,62,45,70,67,39,43,43,63,57,69,63,7,10,12,6,10,11,Copa del Mundo
L. Tómasson,Samsunspor,Islandia,2,"LB, RB",Left,188,26,70,Islandia,73,56,69,68,66,68,72,52,67,70,57,69,62,57,68,67,75,71,71,64,67,61,65,76,65,58,65,68,55,70,59,65,65,64,71,9,15,13,12,15,12,Copa del Mundo
D. Dan Thórhallsson,San Diego FC,Islandia,15,"RB, LB",Right,178,26,64,Islandia,67,50,61,64,61,69,60,45,59,67,50,62,51,54,61,65,65,68,68,63,65,56,60,73,69,54,67,57,54,54,46,60,64,59,66,11,12,9,13,11,13,Copa del Mundo
A. Fannar Baldursson,Kasimpasa,Islandia,6,CDM,Right,187,24,71,Islandia,66,61,70,69,71,74,59,61,72,81,51,65,60,59,69,75,65,67,63,68,64,61,74,71,77,62,72,67,63,69,71,70,68,74,78,15,14,13,14,10,12,Copa del Mundo
A. Gunnarsson,Qatar SC,Islandia,17,CDM,Right,177,37,65,Islandia,53,56,63,63,67,66,59,52,59,68,47,63,64,46,64,64,54,52,60,62,66,60,61,67,62,61,76,70,58,60,57,64,65,68,69,13,7,12,12,9,14,Copa del Mundo
Í. Jóhannesson,FC Colonia,Islandia,8,"CM, CDM",Left,184,23,74,Islandia,72,70,75,73,70,73,71,66,72,75,66,73,74,68,83,75,72,72,69,75,72,77,63,84,71,72,69,72,73,75,64,69,68,70,68,7,15,14,7,7,6,Copa del Mundo
M. Egill Ellertsson,Genoa CFC,Islandia,19,"CM, CDM",Left,182,24,70,Islandia,69,63,71,70,62,70,66,56,64,74,59,71,70,66,71,73,64,73,63,68,68,73,66,73,70,69,66,67,63,70,63,67,63,58,56,12,7,13,14,14,10,Copa del Mundo
S. Teitur Thórdarson,Hannover 96,Islandia,16,CM,Right,189,27,67,Islandia,67,63,67,67,58,67,63,63,61,72,57,64,61,56,64,73,68,66,61,70,65,68,62,71,69,60,58,60,66,70,54,60,58,57,55,15,11,8,15,11,15,Copa del Mundo
H. Arnar Haraldsson,LOSC Lille,Islandia,7,"CAM, CM",Right,178,23,80,Islandia,85,79,84,86,52,74,83,77,64,89,77,91,82,76,79,85,85,85,81,76,79,84,70,80,74,77,66,55,82,85,78,72,52,49,44,6,7,10,15,6,12,Copa del Mundo
K. Hlynsson,FC Twente Enschede,Islandia,20,"CAM, CF",Right,179,22,70,Islandia,68,67,73,75,44,63,66,65,56,80,64,76,74,66,63,76,67,69,70,72,74,70,56,67,63,69,58,48,68,77,69,73,43,38,40,10,10,14,9,11,10,Copa del Mundo
K. Máni Ingason,SK Brann,Islandia,14,CAM,Right,178,24,71,Islandia,72,73,71,73,43,66,72,76,56,72,68,73,67,66,63,75,70,73,70,70,75,72,61,68,67,72,63,43,68,76,72,67,45,39,39,11,6,9,11,14,14,Copa del Mundo
G. Sigurdsson,Víkingur Reykjavík,Islandia,10,"CAM, CM",Right,186,37,66,Islandia,59,63,68,68,39,59,63,60,58,73,64,66,67,58,66,71,60,59,70,68,68,63,55,60,61,68,56,38,70,71,62,65,42,31,33,13,7,8,15,12,11,Copa del Mundo
M. Anderson,Aarhus GF,Islandia,18,LW,Left,180,28,66,Islandia,72,66,64,68,36,57,65,66,57,67,64,71,65,68,60,65,70,73,70,63,68,69,59,64,53,66,56,35,66,57,62,62,33,34,34,15,13,13,7,13,6,Copa del Mundo
A. Sigurdsson,Kalamata FC,Islandia,21,"LW, ST",Left,177,27,66,Islandia,69,64,65,69,35,58,66,64,45,67,59,74,64,58,60,66,71,68,69,65,68,67,57,67,57,65,50,37,62,64,64,64,36,33,23,15,12,8,13,10,9,Copa del Mundo
J. Dagur Thorsteinsson,Hertha Berlín,Islandia,11,"LW, LM",Left,177,27,64,Islandia,71,59,64,68,33,56,63,57,48,68,62,67,71,59,57,69,69,72,72,59,71,59,50,66,54,59,49,30,65,64,60,63,31,34,27,14,6,15,12,12,13,Copa del Mundo
O. Óskarsson,Real Sociedad,Islandia,9,ST,Right,186,22,76,Islandia,75,78,65,76,44,75,56,81,83,74,73,77,66,68,58,76,72,78,73,74,66,80,84,70,80,71,68,38,79,61,75,84,41,39,38,6,15,14,14,6,6,Copa del Mundo
B. Willumsson,FC Groningen,Islandia,22,"ST, LW",Right,185,26,68,Islandia,69,72,57,67,34,67,55,74,72,59,66,66,61,59,52,71,67,71,63,64,59,71,75,65,69,68,62,32,75,57,68,74,32,27,26,10,10,6,15,8,10,Copa del Mundo
B. Popovic,Olympiacos El Pireo,Montenegro,1,GK,Right,194,26,67,Montenegro,42,25,35,33,25,53,21,17,27,42,15,16,19,16,40,41,44,40,39,65,51,46,62,41,62,23,43,34,18,42,32,51,25,21,16,70,66,60,72,66,42,Copa del Mundo
I. Nikic,ACSC FC Arges,Montenegro,13,GK,Right,195,26,64,Montenegro,41,22,32,30,22,47,23,14,29,34,14,19,18,24,36,31,39,43,43,60,44,43,49,37,55,21,41,30,15,39,30,46,22,16,17,63,64,58,61,64,41,Copa del Mundo
D. Petkovic,FK Liepaja,Montenegro,12,GK,Right,196,33,69,Montenegro,41,26,38,38,25,54,23,19,27,43,16,26,26,20,45,41,41,41,48,66,48,49,56,47,60,21,46,36,16,44,28,52,17,23,27,73,63,62,65,73,50,Copa del Mundo
B. Tomasevic,Mantova 1911,Montenegro,,"CB, CDM",Right,191,20,69,Montenegro,65,50,55,56,74,73,50,43,71,61,49,52,42,52,59,60,67,63,55,59,55,65,76,66,74,49,77,75,52,52,49,70,71,78,70,12,10,9,14,13,10,Copa del Mundo
I. Vujacic,Rubin Kazan,Montenegro,5,"CB, CDM",Right,189,32,74,Montenegro,65,52,64,64,75,74,59,45,76,72,42,59,56,52,66,69,67,64,62,74,58,71,79,68,76,53,75,80,49,58,56,75,70,76,77,8,12,14,7,11,6,Copa del Mundo
S. Milic,Partizán de Belgrado,Montenegro,,"CB, CDM",Right,187,26,64,Montenegro,60,43,51,53,67,69,47,37,66,57,36,49,40,42,58,55,57,62,50,62,58,55,67,63,71,47,72,74,40,46,44,60,63,68,65,11,11,7,12,9,14,Copa del Mundo
S. Rubežić,Korona Kielce,Montenegro,6,CB,Right,194,26,63,Montenegro,59,45,49,54,64,71,43,41,69,59,31,50,38,36,52,60,59,59,51,61,45,59,70,63,78,44,63,61,37,41,43,55,62,68,63,8,9,14,8,10,15,Copa del Mundo
A. Djuric,Malmoe FF,Montenegro,4,"CB, CDM",Right,192,23,63,Montenegro,58,42,52,53,69,71,46,36,68,59,35,51,45,39,59,55,58,58,50,66,52,58,73,58,80,44,66,70,36,46,45,58,72,65,70,6,15,10,15,10,7,Copa del Mundo
S. Savić,Trabzonspor,Montenegro,15,CB,Right,187,35,67,Montenegro,55,47,56,58,70,69,53,40,68,61,46,50,47,48,59,64,56,55,57,67,61,63,69,61,73,50,70,76,42,50,40,67,68,71,67,8,15,14,11,11,8,Copa del Mundo
O. Gasevic,CSKA 1948,Montenegro,16,"LB, LM",Left,181,24,66,Montenegro,70,51,63,63,64,65,67,49,53,66,46,64,61,52,59,59,69,70,70,65,68,58,63,68,64,51,66,64,49,60,48,66,67,63,67,11,12,10,10,7,13,Copa del Mundo
R. Radunovic,FCSB,Montenegro,3,LB,Left,184,34,68,Montenegro,68,50,65,65,65,71,69,40,59,68,53,65,55,54,65,62,66,70,70,70,66,63,71,77,67,56,72,65,55,60,56,64,66,65,68,10,11,14,11,12,8,Copa del Mundo
M. Roganovic,KRC Genk,Montenegro,2,"RB, RM",Right,182,20,64,Montenegro,73,49,59,59,61,65,62,46,55,63,47,58,59,52,59,59,72,73,63,61,61,59,65,71,63,45,64,60,50,50,49,57,58,68,61,14,11,8,15,10,15,Copa del Mundo
J. Dresaj,FK Decic Tuzi,Montenegro,14,"RB, RM",Right,182,26,66,Montenegro,67,54,62,63,64,64,60,49,59,66,48,63,57,53,65,59,63,71,66,66,70,63,59,71,64,57,59,62,56,58,46,67,62,67,75,11,15,13,12,11,14,Copa del Mundo
M. Vesovic,NK Lokomotiva Zagreb,Montenegro,7,"RB, LB",Right,180,35,64,Montenegro,64,48,59,60,62,63,65,44,60,61,45,57,58,47,56,61,62,66,69,62,64,56,63,71,61,52,59,57,49,57,45,63,64,64,62,8,15,9,7,10,12,Copa del Mundo
A. Bulatovic,RC Lens,Montenegro,21,"CM, CDM",Right,180,19,69,Montenegro,68,62,67,69,63,66,65,58,61,68,58,69,63,62,69,72,70,67,66,64,66,63,61,64,69,69,63,60,69,70,60,69,66,63,60,14,8,10,7,8,15,Copa del Mundo
S. Loncar,Akron Togliatti,Montenegro,22,CM,Both,190,30,68,Montenegro,66,60,69,69,60,70,62,55,64,71,56,65,68,66,71,77,70,63,59,68,62,67,66,70,70,67,70,61,65,70,57,66,60,60,57,6,15,14,13,15,14,Copa del Mundo
M. Jankovic,Qarabağ FK,Montenegro,8,"CM, CAM",Left,172,31,68,Montenegro,64,62,68,69,62,67,63,58,57,68,57,65,64,62,69,71,68,60,73,73,71,66,58,72,66,69,65,62,60,75,59,74,62,67,53,7,13,14,11,15,8,Copa del Mundo
D. Vukanić,Buducnost Podgorica,Montenegro,18,CM,Right,181,20,59,Montenegro,58,53,57,57,51,56,52,50,49,57,52,56,55,56,62,57,62,55,63,52,57,59,50,59,54,53,58,57,53,61,53,55,53,47,49,13,9,9,9,12,12,Copa del Mundo
M. Brnovic,Arsenal Tula,Montenegro,,"CM, CDM",Right,182,26,60,Montenegro,55,52,62,62,52,59,56,48,49,67,49,64,63,53,62,65,58,52,53,57,57,59,58,64,59,55,54,51,60,59,51,59,53,54,47,7,7,6,9,7,8,Copa del Mundo
M. Perovic,Raków Częstochowa,Montenegro,,LM,Left,179,20,59,Montenegro,67,55,58,58,43,53,57,52,43,61,48,54,56,48,53,61,65,68,67,50,65,63,49,59,53,56,46,42,56,59,51,51,41,47,37,10,6,6,13,9,10,Copa del Mundo
V. Adžić,US Sassuolo,Montenegro,17,"CAM, CM",Right,185,20,70,Montenegro,73,69,72,73,44,66,65,67,56,76,66,74,74,68,69,74,76,71,73,68,69,75,58,67,69,72,58,46,67,76,63,69,41,44,38,15,6,15,11,7,11,Copa del Mundo
M. Vukotic,Partizán de Belgrado,Montenegro,,CAM,Right,178,24,70,Montenegro,74,72,71,71,44,62,70,75,58,70,62,71,71,69,72,70,71,77,75,63,72,70,61,66,60,71,60,46,69,74,68,71,43,42,34,10,6,14,9,10,10,Copa del Mundo
A. Latkovic,NK Varazdin,Montenegro,,"CAM, CF",Right,182,25,68,Montenegro,67,70,66,68,38,62,61,72,57,63,64,69,67,67,69,65,65,69,73,72,65,64,56,61,66,72,55,41,71,73,70,63,30,38,34,7,9,6,14,13,8,Copa del Mundo
M. Simun,FK Sutjeska Niksic,Montenegro,11,"CAM, CM",Right,180,25,65,Montenegro,65,63,65,68,41,59,59,58,48,66,62,67,67,62,66,69,67,64,70,64,67,64,55,61,61,73,51,43,65,69,64,69,43,37,32,12,8,8,13,6,7,Copa del Mundo
S. Haksabanovic,Malmoe FF,Montenegro,,LW,Left,174,27,71,Montenegro,80,69,69,74,42,60,74,70,57,72,64,79,71,66,59,68,81,80,81,70,76,65,62,67,56,73,61,45,73,68,70,70,43,39,32,8,7,10,12,15,13,Copa del Mundo
V. Djukanovic,ETO FC,Montenegro,19,LW,Left,184,22,67,Montenegro,76,65,66,70,38,62,71,68,59,67,60,75,70,59,58,66,79,74,72,69,65,63,56,72,61,61,56,37,67,68,64,65,36,35,32,15,12,7,9,10,14,Copa del Mundo
D. Vukovic,NK Lokomotiva Zagreb,Montenegro,23,"LW, ST",Left,188,24,64,Montenegro,72,63,63,68,33,56,62,62,58,66,61,70,60,59,57,68,73,72,68,62,61,64,57,59,56,62,52,32,69,65,60,64,29,33,26,14,15,6,10,14,14,Copa del Mundo
S. Jovetić,AEL Limassol,Montenegro,10,"CAM, CM",Right,183,36,66,Montenegro,53,65,68,68,40,58,70,63,53,68,62,68,66,67,58,69,56,51,65,67,62,66,56,60,58,68,55,38,65,74,65,66,43,38,33,10,12,14,14,12,10,Copa del Mundo
N. Krstović,Atalanta de Bérgamo,Montenegro,9,ST,Right,185,26,80,Montenegro,80,78,71,78,48,79,69,79,81,73,78,75,71,71,64,82,82,78,79,82,76,78,85,74,82,75,75,44,87,76,81,80,49,38,48,8,6,13,8,13,6,Copa del Mundo
M. Osmajic,Genoa CFC,Montenegro,20,ST,Right,186,27,70,Montenegro,71,72,63,70,36,70,61,73,69,66,69,67,62,63,64,72,73,70,70,71,67,72,69,69,71,70,70,35,77,58,71,72,32,32,30,13,12,15,7,6,9,Copa del Mundo
M. Diallo,Etoile Carouge FC,Guinea,,GK,Right,193,26,59,Guinea,34,17,27,24,16,41,15,10,25,32,10,11,13,12,29,30,32,36,33,53,37,39,47,26,51,13,33,25,10,34,18,33,12,14,12,61,55,50,58,60,40,Copa del Mundo
S. Sylla,Nîmes Olympique,Guinea,,GK,Right,191,22,54,Guinea,29,15,21,24,13,39,11,10,19,27,10,10,10,13,25,30,34,25,33,52,35,34,45,24,48,10,33,17,10,24,17,33,13,10,10,55,52,46,56,52,32,Copa del Mundo
M. Keita,Hafia FC,Guinea,22,GK,Right,191,21,53,Guinea,29,15,21,18,12,37,10,10,17,23,10,10,10,10,30,19,33,25,26,40,29,35,40,30,41,10,36,17,10,27,15,33,10,10,11,53,54,51,49,55,31,Copa del Mundo
S. Sow,FC Nantes,Guinea,,"CB, RB",Right,187,24,70,Guinea,63,49,60,62,73,74,57,47,73,68,48,56,53,50,66,68,61,65,59,71,63,63,69,67,80,42,68,75,43,51,52,73,76,70,70,13,9,13,10,7,14,Copa del Mundo
M. Camara,Maccabi Tel Aviv,Guinea,,"CB, CDM",Right,193,29,70,Guinea,63,52,57,60,74,76,57,45,78,65,50,57,47,48,59,64,60,66,56,70,59,64,78,70,80,55,74,74,47,48,52,65,70,77,71,15,6,7,14,15,6,Copa del Mundo
I. Fofana,Hammarby IF,Guinea,,CB,Right,182,24,67,Guinea,58,44,54,52,71,69,49,37,69,62,41,44,45,49,61,54,55,61,57,67,57,55,70,63,71,49,71,79,43,41,43,68,73,67,65,10,15,6,11,13,14,Copa del Mundo
M. Soumah,IK Sirius,Guinea,,"CB, RB",Right,188,23,63,Guinea,59,46,47,53,64,62,47,39,66,53,42,50,42,45,54,56,61,58,52,58,58,58,68,50,66,52,65,67,37,35,44,57,60,66,67,14,7,13,12,14,10,Copa del Mundo
A. Keita,Kalmar FF,Guinea,,CB,Left,188,26,64,Guinea,56,47,49,52,66,67,53,42,63,52,44,45,44,41,50,58,53,58,51,60,50,62,64,62,70,46,67,67,40,43,42,63,64,69,65,14,11,6,8,7,15,Copa del Mundo
M. Keita,Västerås SK,Guinea,18,CB,Left,189,22,61,Guinea,58,41,48,51,65,66,47,36,64,54,34,51,46,39,50,49,57,59,50,64,51,54,68,55,72,40,65,63,37,42,40,56,64,69,63,6,8,7,15,8,14,Copa del Mundo
S. Sylla,ADO Den Haag,Guinea,,LB,Left,180,27,62,Guinea,68,48,59,57,60,63,66,42,61,62,45,56,50,45,58,55,66,69,64,59,64,58,59,67,62,50,63,58,50,51,46,62,62,59,61,9,14,13,8,12,7,Copa del Mundo
I. Diakité,Círculo de Brujas,Guinea,,"RB, LB",Right,180,22,64,Guinea,67,52,60,60,60,63,66,50,61,59,43,61,51,47,61,57,67,67,64,64,71,58,60,69,62,54,60,58,48,60,48,60,57,62,67,7,13,7,13,12,9,Copa del Mundo
I. Sory Bangoura,KRC Genk,Guinea,,"CDM, CM",Right,190,22,71,Guinea,66,62,70,69,71,76,63,61,72,79,53,71,58,66,73,70,64,67,58,76,58,69,74,75,76,60,80,73,66,63,59,78,71,68,72,7,13,14,6,8,10,Copa del Mundo
O. Diabate,Genclerbirligi Ankara,Guinea,,CDM,Right,186,19,67,Guinea,59,57,66,61,68,67,59,52,64,67,52,60,60,63,73,62,55,63,59,65,57,67,70,66,68,58,65,69,62,69,56,59,69,67,66,11,15,7,12,6,13,Copa del Mundo
M. Konaté,Al-Hazem SC,Guinea,,"CDM, CM",Right,191,32,67,Guinea,58,57,62,65,67,73,57,53,64,65,45,63,63,52,64,68,56,59,58,71,55,65,64,68,79,58,67,68,65,63,58,73,69,67,63,6,12,10,10,9,7,Copa del Mundo
I. Moriba,RC Celta de Vigo,Guinea,,CM,Right,185,23,79,Guinea,77,73,80,78,72,75,75,69,74,84,71,80,81,71,79,78,81,74,74,81,76,76,72,82,71,77,75,76,79,81,80,79,70,70,69,14,13,6,14,15,13,Copa del Mundo
S. Cissé,Al-Kholood Club,Guinea,,"CM, CDM",Right,177,25,71,Guinea,65,66,68,72,63,69,65,63,55,69,56,69,66,67,75,75,66,65,69,75,74,75,67,76,68,65,63,62,72,67,65,69,65,67,57,14,13,6,10,11,9,Copa del Mundo
M. Sylla,Damac FC,Guinea,,"CM, CDM",Right,170,28,68,Guinea,68,65,68,69,61,61,61,63,50,73,66,69,62,58,69,68,64,72,69,69,70,67,57,70,56,66,63,67,70,71,60,71,60,63,57,7,8,13,10,6,7,Copa del Mundo
L. Kourouma,Girona FC,Guinea,,CM,Right,180,22,63,Guinea,63,56,63,64,57,63,60,47,54,62,53,67,63,59,69,62,67,60,60,60,58,67,58,67,62,64,63,62,60,64,57,68,54,59,54,13,13,9,7,15,10,Copa del Mundo
L. Diaby-Fadiga,Raków Częstochowa,Guinea,,"CAM, CM",Left,188,25,72,Guinea,76,73,74,73,47,68,70,72,59,76,68,72,73,72,74,77,73,78,70,74,70,75,66,70,70,78,61,45,70,75,65,68,45,49,37,8,6,9,13,8,9,Copa del Mundo
A. Camara,Ludogorets Razgrad,Guinea,18,"CAM, CF",Right,169,25,68,Guinea,71,67,69,71,42,58,68,68,52,69,64,72,69,63,67,69,72,71,72,71,74,68,57,66,55,64,54,48,66,73,72,69,41,39,36,12,15,7,8,8,12,Copa del Mundo
O. Camara,Guangdong GZ-Power,Guinea,,LW,Left,167,27,65,Guinea,73,64,64,69,35,57,68,63,45,64,63,70,61,63,54,67,70,76,72,68,75,68,51,68,57,63,47,35,66,66,65,67,34,34,28,11,14,10,10,12,11,Copa del Mundo
S. Guirassy,Borussia Dortmund,Guinea,,"ST, LW",Right,187,30,84,Guinea,85,86,75,83,48,84,70,89,84,78,84,82,72,72,66,85,84,86,79,88,74,86,86,82,87,81,78,40,89,84,81,80,47,45,38,6,10,12,15,10,15,Copa del Mundo
A. Baldé,FC St. Gallen 1879,Guinea,,ST,Right,170,23,68,Guinea,71,69,62,68,32,64,62,73,66,67,69,70,65,57,51,66,69,72,64,69,71,68,65,65,63,62,64,28,72,61,69,60,31,25,30,14,8,11,7,14,11,Copa del Mundo
Y. Diaby,Vancouver Whitecaps FC,Guinea,,ST,Right,186,26,67,Guinea,70,66,57,70,32,64,55,64,67,61,68,69,61,52,51,73,71,69,64,67,63,72,64,59,68,62,60,34,75,57,70,71,29,27,21,10,9,11,12,10,10,Copa del Mundo
M. Saliou Bangoura,MC Alger,Guinea,,ST,Right,182,22,66,Guinea,67,69,56,65,32,66,56,73,64,59,66,63,62,57,48,68,67,67,68,67,57,68,69,64,69,61,61,28,73,56,65,69,34,24,28,11,15,12,9,8,12,Copa del Mundo
A. Karim Traoré,Oud-Heverlee Leuven,Guinea,18,ST,Right,178,19,61,Guinea,61,65,52,62,28,60,49,69,63,56,60,59,55,50,47,65,63,60,63,60,59,63,63,61,61,60,56,28,68,50,55,58,23,21,26,6,13,12,15,14,14,Copa del Mundo
